update_seq,update_kind,instance,digest,coverage_after,pre_delivery_visible_cov,delivered_at_unix,signaling_delay_s,writer_seq,future_use_count,seq,t_send_unix,point_id,cell_id,rep,zipf_alpha,overlap,concurrency,rho,policy,send_ts_unix,coverage_before_source,source_coverage_delta,update_age_s,advertised_before,dispatcher_visible_before,best_visible_cov,second_visible_cov,visible_cov_gap,replica_visible_count,source_best_cov,digest_req_count_recent,in_flight_frames,ewma_delivery_delay_s,dispatcher_loads,dispatcher_rr,supersedes_in_flight,use_index,use_request_id,use_dispatch_time_unix,use_discard,superseded_before_use,decision_without_update,decision_with_update,decision_flip,native_instance_without,selected_instance_without,selected_instance_with,selected_load_without,selected_load_with,reusable_coverage_without,reusable_coverage_with,reusable_coverage_gain,estimated_prefill_gain_ms,estimated_queue_delta_ms,estimated_net_gain_ms,signaling_cost_ms,oracle_value_ms,oracle_value_net_of_cost_ms,realized_ttft_ms,realized_cached_tokens,world1_expected_net_ms
2,upsert,1,L0014,2048,0,1787896004.5422974,0.0036780834197998047,3,1,2,1787896004.5386193,ov0,agg_static@rho0.8,0,0.55,0.0,4,0.8,agg_static,1787896004.5386071,0,2048,,0,0,0,0,0,0,0,1,3,,0;0;0;1,4,0,1,57,1787896042.1975708,,1,1,1,0,,1,1,0,0,0,0,0,0.0,0.0,0.0,3.6780834197998047,0.0,-3.6780834197998047,1063.535527,2608.0,51.2
3,upsert,3,L0023,2048,0,1787896004.5424087,0.0036973953247070312,4,3,3,1787896004.5387113,ov0,agg_static@rho0.8,0,0.55,0.0,4,0.8,agg_static,1787896004.538701,0,2048,,0,0,0,0,0,0,0,1,4,,0;0;0;0,4,0,1,35,1787896023.6217258,,0,0,3,1,0,0,3,0,1,0,2048,2048,40.96,2.0,38.96,3.6973953247070312,38.96,35.26260467529297,3287.082853,2608.0,38.96
3,upsert,3,L0023,2048,0,1787896004.5424087,0.0036973953247070312,4,3,3,1787896004.5387113,ov0,agg_static@rho0.8,0,0.55,0.0,4,0.8,agg_static,1787896004.538701,0,2048,,0,0,0,0,0,0,0,1,4,,0;0;0;0,4,0,2,46,1787896034.4058616,,1,3,3,0,,3,3,0,0,0,0,0,0.0,0.0,0.0,3.6973953247070312,0.0,-3.6973953247070312,125.280568,2080.0,51.2
3,upsert,3,L0023,2048,0,1787896004.5424087,0.0036973953247070312,4,3,3,1787896004.5387113,ov0,agg_static@rho0.8,0,0.55,0.0,4,0.8,agg_static,1787896004.538701,0,2048,,0,0,0,0,0,0,0,1,4,,0;0;0;0,4,0,3,63,1787896045.1877232,,1,3,3,0,,3,3,1,1,0,0,0,0.0,0.0,0.0,3.6973953247070312,0.0,-3.6973953247070312,400.907986,2608.0,59.44
4,upsert,0,L0000,2048,0,1787896007.9865756,0.0042724609375,5,2,4,1787896007.9823031,ov0,agg_static@rho0.8,0,0.55,0.0,4,0.8,agg_static,1787896007.9822788,0,2048,,0,0,0,0,0,0,0,2,1,0.003659963607788086,0;1;1;1,8,0,1,42,1787896031.3226962,,0,3,3,0,2,3,3,1,1,3072,3072,0,0.0,0.0,0.0,4.2724609375,0.0,-4.2724609375,2447.122597,2080.0,59.44
4,upsert,0,L0000,2048,0,1787896007.9865756,0.0042724609375,5,2,4,1787896007.9823031,ov0,agg_static@rho0.8,0,0.55,0.0,4,0.8,agg_static,1787896007.9822788,0,2048,,0,0,0,0,0,0,0,2,1,0.003659963607788086,0;1;1;1,8,0,2,60,1787896045.187579,,0,3,3,0,0,3,3,0,0,1024,1024,0,0.0,0.0,0.0,4.2724609375,0.0,-4.2724609375,176.055657,2608.0,20.48
5,upsert,3,L0000,2560,0,1787896007.9867277,0.004170417785644531,6,2,5,1787896007.9825573,ov0,agg_static@rho0.8,0,0.55,0.0,4,0.8,agg_static,1787896007.9825423,0,2560,,0,0,0,0,0,0,0,2,2,0.003659963607788086,0;1;1;0,8,0,1,42,1787896031.3226962,,1,3,3,0,,3,3,1,1,0,0,0,0.0,0.0,0.0,4.170417785644531,0.0,-4.170417785644531,2447.122597,2080.0,59.44
5,upsert,3,L0000,2560,0,1787896007.9867277,0.004170417785644531,6,2,5,1787896007.9825573,ov0,agg_static@rho0.8,0,0.55,0.0,4,0.8,agg_static,1787896007.9825423,0,2560,,0,0,0,0,0,0,0,2,2,0.003659963607788086,0;1;1;0,8,0,2,60,1787896045.187579,,1,3,3,0,,3,3,0,0,0,0,0,0.0,0.0,0.0,4.170417785644531,0.0,-4.170417785644531,176.055657,2608.0,20.48
7,upsert,2,L0028,2048,0,1787896007.9869459,0.004077911376953125,8,1,7,1787896007.982868,ov0,agg_static@rho0.8,0,0.55,0.0,4,0.8,agg_static,1787896007.9828563,0,2048,,0,0,0,0,0,0,0,1,4,0.003659963607788086,0;0;0;0,8,0,1,55,1787896039.6311452,,0,2,2,0,2,2,2,0,0,0,0,0,0.0,0.0,0.0,4.077911376953125,0.0,-4.077911376953125,922.594925,2080.0,0.0
11,upsert,3,L0000,3072,2560,1787896010.1233232,0.003587484359741211,12,2,11,1787896010.1197357,ov0,agg_static@rho0.8,0,0.55,0.0,4,0.8,agg_static,1787896010.1197186,2560,512,2.137176275253296,0,2560,2560,2048,512,2,0,3,4,0.0039098262786865234,0;0;0;0,12,0,1,42,1787896031.3226962,,1,3,3,0,,3,3,1,1,0,0,0,0.0,0.0,0.0,3.587484359741211,0.0,-3.587484359741211,2447.122597,2080.0,59.44
11,upsert,3,L0000,3072,2560,1787896010.1233232,0.003587484359741211,12,2,11,1787896010.1197357,ov0,agg_static@rho0.8,0,0.55,0.0,4,0.8,agg_static,1787896010.1197186,2560,512,2.137176275253296,0,2560,2560,2048,512,2,0,3,4,0.0039098262786865234,0;0;0;0,12,0,2,60,1787896045.187579,,1,3,3,0,,3,3,0,0,0,0,0,0.0,0.0,0.0,3.587484359741211,0.0,-3.587484359741211,176.055657,2608.0,20.48
14,upsert,1,L0058,2048,0,1787896017.8966625,5.4333696365356445,15,1,14,1787896012.4632928,ov0,agg_static@rho0.8,0,0.55,0.0,4,0.8,agg_static,1787896012.4632802,0,2048,,0,0,0,0,0,0,0,1,3,0.0038488109906514487,0;0;0;1,16,0,1,38,1787896027.5704765,,0,2,1,1,2,2,1,0,1,0,2048,2048,40.96,2.0,38.96,5433.3696365356445,38.96,-5394.4096365356445,3063.878703,2080.0,38.96
15,upsert,3,L0034,2048,0,1787896019.9386258,7.4751505851745605,16,1,15,1787896012.4634752,ov0,agg_static@rho0.8,0,0.55,0.0,4,0.8,agg_static,1787896012.463463,0,2048,,0,0,0,0,0,0,0,1,4,0.0038488109906514487,0;0;0;0,16,0,1,50,1787896036.7910297,,0,1,3,1,1,1,3,0,0,0,2048,2048,40.96,0.0,40.96,7475.150585174561,40.96,-7434.1905851745605,1042.249867,2080.0,40.96
16,upsert,3,L0023,2560,2048,1787896026.2333455,11.217399597167969,17,2,16,1787896015.015946,ov0,agg_static@rho0.8,0,0.55,0.0,4,0.8,agg_static,1787896015.0159166,2048,512,10.47721552848816,0,2048,2048,0,2048,1,0,2,5,0.0038488109906514487,0;1;0;2,23,0,1,46,1787896034.4058616,,0,3,3,0,0,3,3,0,0,2048,2560,512,10.24,0.0,10.24,11217.399597167969,10.24,-11207.159597167969,125.280568,2080.0,51.2
16,upsert,3,L0023,2560,2048,1787896026.2333455,11.217399597167969,17,2,16,1787896015.015946,ov0,agg_static@rho0.8,0,0.55,0.0,4,0.8,agg_static,1787896015.0159166,2048,512,10.47721552848816,0,2048,2048,0,2048,1,0,2,5,0.0038488109906514487,0;1;0;2,23,0,2,63,1787896045.1877232,,1,3,3,0,,3,3,1,1,0,0,0,0.0,0.0,0.0,11217.399597167969,0.0,-11217.399597167969,400.907986,2608.0,59.44
18,upsert,3,L0000,2560,3072,1787896026.2334635,11.216981172561646,18,2,18,1787896015.0164824,ov0,agg_static@rho0.8,0,0.55,0.0,4,0.8,agg_static,1787896015.0164685,2048,512,0.00020503997802734375,0,3072,3072,2048,1024,2,0,5,7,0.0038488109906514487,0;1;0;0,23,1,1,42,1787896031.3226962,,1,3,3,0,,3,3,1,1,0,0,0,0.0,0.0,0.0,11216.981172561646,0.0,-11216.981172561646,2447.122597,2080.0,59.44
18,upsert,3,L0000,2560,3072,1787896026.2334635,11.216981172561646,18,2,18,1787896015.0164824,ov0,agg_static@rho0.8,0,0.55,0.0,4,0.8,agg_static,1787896015.0164685,2048,512,0.00020503997802734375,0,3072,3072,2048,1024,2,0,5,7,0.0038488109906514487,0;1;0;0,23,1,2,60,1787896045.187579,,1,3,3,0,,3,3,0,0,0,0,0,0.0,0.0,0.0,11216.981172561646,0.0,-11216.981172561646,176.055657,2608.0,20.48
19,upsert,1,L0046,2048,0,1787896026.233527,11.216869354248047,19,1,19,1787896015.0166576,ov0,agg_static@rho0.8,0,0.55,0.0,4,0.8,agg_static,1787896015.0166433,0,2048,,0,0,0,0,0,0,0,1,8,0.0038488109906514487,0;0;0;0,23,0,1,58,1787896042.1976233,,0,3,1,1,3,3,1,0,1,0,2048,2048,40.96,2.0,38.96,11216.869354248047,38.96,-11177.909354248048,2359.221188,2080.0,38.96
22,upsert,3,L0000,3072,2560,1787896030.8332791,13.536760807037354,22,2,22,1787896017.2965183,ov0,agg_static@rho0.8,0,0.55,0.0,4,0.8,agg_static,1787896017.2965024,2560,512,2.280033826828003,0,3072,3072,2048,1024,2,0,6,10,0.31627357923067534,1;0;0;0,29,1,1,42,1787896031.3226962,,0,3,3,0,2,3,3,1,1,2560,3072,512,10.24,0.0,10.24,13536.760807037354,10.24,-13526.520807037354,2447.122597,2080.0,59.44
22,upsert,3,L0000,3072,2560,1787896030.8332791,13.536760807037354,22,2,22,1787896017.2965183,ov0,agg_static@rho0.8,0,0.55,0.0,4,0.8,agg_static,1787896017.2965024,2560,512,2.280033826828003,0,3072,3072,2048,1024,2,0,6,10,0.31627357923067534,1;0;0;0,29,1,2,60,1787896045.187579,,0,3,3,0,0,3,3,0,0,512,1024,512,10.24,0.0,10.24,13536.760807037354,10.24,-13526.520807037354,176.055657,2608.0,20.48
24,upsert,1,L0014,2560,2048,1787896033.0754967,12.334983825683594,24,1,24,1787896020.7405128,ov0,agg_static@rho0.8,0,0.55,0.0,4,0.8,agg_static,1787896020.7404854,2048,512,16.201878309249878,0,2048,2048,0,2048,1,0,2,9,1.4033479392528534,2;0;1;0,35,0,1,57,1787896042.1975708,,0,1,1,0,3,1,1,0,0,2048,2560,512,10.24,0.0,10.24,12334.983825683594,10.24,-12324.743825683594,1063.535527,2608.0,51.2
29,upsert,0,L0010,2048,0,1787896033.0757573,9.454805135726929,29,1,29,1787896023.6209521,ov0,agg_static@rho0.8,0,0.55,0.0,4,0.8,agg_static,1787896023.620936,0,2048,,0,0,0,0,0,0,0,1,14,1.4033479392528534,0;1;1;0,39,0,1,48,1787896036.7909245,,0,3,0,1,3,3,0,0,0,0,2048,2048,40.96,0.0,40.96,9454.805135726929,40.96,-9413.84513572693,818.093653,2080.0,40.96
35,upsert,3,L0023,3072,2560,1787896042.3810372,14.811155080795288,35,1,35,1787896027.5698822,ov0,agg_static@rho0.8,0,0.55,0.0,4,0.8,agg_static,1787896027.5698655,2560,512,12.553948879241943,0,2560,2560,0,2560,1,0,3,17,2.952885113264385,0;0;0;0,44,0,1,63,1787896045.1877232,,0,3,3,0,1,3,3,1,1,2560,3072,512,10.24,0.0,10.24,14811.155080795288,10.24,-14800.915080795288,400.907986,2608.0,59.44
65,upsert,3,L0072,2048,0,1787896082.949298,32.45032095909119,65,1,65,1787896050.498977,ov0,agg_static@rho0.8,0,0.55,0.0,4,0.8,agg_static,1787896050.49896,0,2048,,0,0,0,0,0,0,0,1,27,10.582353584468365,1;1;0;0,86,0,1,124,1787896092.4933631,,0,1,3,1,1,1,3,0,0,0,2048,2048,40.96,0.0,40.96,32450.320959091187,40.96,-32409.360959091187,1916.484364,2080.0,40.96
75,upsert,3,L0094,2048,0,1787896082.9497328,27.197935104370117,75,1,75,1787896055.7517977,ov0,agg_static@rho0.8,0,0.55,0.0,4,0.8,agg_static,1787896055.7517838,0,2048,,0,0,0,0,0,0,0,1,30,14.712071977555752,0;0;0;0,94,0,1,120,1787896089.6695373,,0,0,3,1,0,0,3,0,0,0,2048,2048,40.96,0.0,40.96,27197.935104370117,40.96,-27156.975104370118,2010.299446,2080.0,40.96
76,upsert,2,L0075,2048,0,1787896082.9497695,24.68883442878723,76,1,76,1787896058.260935,ov0,agg_static@rho0.8,0,0.55,0.0,4,0.8,agg_static,1787896058.260909,0,2048,,0,0,0,0,0,0,0,1,31,14.712071977555752,1;1;0;1,98,0,1,126,1787896092.4934764,,0,2,2,0,2,2,2,0,0,0,0,0,0.0,0.0,0.0,24688.83442878723,0.0,-24688.83442878723,2221.0606,2080.0,0.0
77,upsert,3,L0069,2048,0,1787896082.9498076,24.688326358795166,77,2,77,1787896058.2614813,ov0,agg_static@rho0.8,0,0.55,0.0,4,0.8,agg_static,1787896058.2614639,0,2048,,0,0,0,0,0,0,0,1,32,14.712071977555752,1;1;0;0,98,0,1,119,1787896085.6076696,,0,1,3,1,1,1,3,0,1,0,2048,2048,40.96,2.0,38.96,24688.326358795166,38.96,-24649.366358795167,3282.533101,2608.0,38.96
77,upsert,3,L0069,2048,0,1787896082.9498076,24.688326358795166,77,2,77,1787896058.2614813,ov0,agg_static@rho0.8,0,0.55,0.0,4,0.8,agg_static,1787896058.2614639,0,2048,,0,0,0,0,0,0,0,1,32,14.712071977555752,1;1;0;0,98,0,2,125,1787896092.493427,,0,0,3,1,0,0,3,0,1,0,2048,2048,40.96,2.0,38.96,24688.326358795166,38.96,-24649.366358795167,2157.417974,2080.0,38.96
78,upsert,0,L0068,2048,0,1787896082.9498472,24.687960386276245,78,1,78,1787896058.2618868,ov0,agg_static@rho0.8,0,0.55,0.0,4,0.8,agg_static,1787896058.2618725,0,2048,,0,0,0,0,0,0,0,1,33,14.712071977555752,0;1;0;0,98,0,1,116,1787896085.6075234,,0,2,0,1,2,2,0,0,0,0,2048,2048,40.96,0.0,40.96,24687.960386276245,40.96,-24647.000386276246,1094.281939,2080.0,40.96
22,upsert,2,L0000,3072,0,1787896147.2228198,20.593083381652832,1,1,22,1787896126.6297364,ov0,agg_full@rho0.8,0,0.55,0.0,4,0.8,agg_full,1787896126.6297252,0,3072,,0,0,0,0,0,0,0,6,23,,0;0;0;1,24,0,1,60,1787896154.4507551,,0,1,2,1,1,1,2,0,0,0,1024,1024,20.48,0.0,20.48,20593.083381652832,20.48,-20572.603381652832,299.947631,2608.0,20.48
24,upsert,0,L0014,2560,0,1787896148.5912468,18.58459210395813,2,1,24,1787896130.0066547,ov0,agg_full@rho0.8,0,0.55,0.0,4,0.8,agg_full,1787896130.0066316,0,2560,,0,0,0,0,0,0,0,2,25,,0;1;1;1,28,0,1,57,1787896150.3732834,,0,1,0,1,1,1,0,0,1,0,2560,2560,51.2,2.0,49.2,18584.59210395813,49.2,-18535.39210395813,3313.505026,2608.0,49.2
35,upsert,3,L0023,3072,0,1787896148.5913792,13.395007371902466,3,1,35,1787896135.1963718,ov0,agg_full@rho0.8,0,0.55,0.0,4,0.8,agg_full,1787896135.1963563,2048,1024,24.168979167938232,0,0,0,0,0,0,0,3,36,,0;0;0;0,36,1,1,63,1787896154.4508994,,0,2,3,1,3,2,3,1,0,0,0,0,0.0,-2.0,2.0,13395.007371902466,2.0,-13393.007371902466,136.098296,2608.0,0.0
42,upsert,1,L0000,2048,0,1787896151.3282635,9.299388408660889,5,1,42,1787896142.028875,ov0,agg_full@rho0.8,0,0.55,0.0,4,0.8,agg_full,1787896142.0288672,2560,-512,19.745866060256958,0,0,0,0,0,0,0,7,43,,0;0;1;0,44,1,1,60,1787896154.4507551,,0,2,2,0,1,2,2,0,0,1024,1024,0,0.0,0.0,0.0,9299.388408660889,0.0,-9299.388408660889,299.947631,2608.0,20.48
46,upsert,2,L0023,2048,0,1787896151.3283331,6.936580181121826,6,1,46,1787896144.391753,ov0,agg_full@rho0.8,0,0.55,0.0,4,0.8,agg_full,1787896144.391741,0,2048,,0,0,0,0,0,0,0,4,47,,0;0;0;1,48,0,1,63,1787896154.4508994,,0,3,3,0,3,3,3,0,0,0,0,0,0.0,0.0,0.0,6936.580181121826,0.0,-6936.580181121826,136.098296,2608.0,0.0
65,upsert,2,L0072,2048,0,1787896174.044255,14.028645277023315,25,1,65,1787896160.0156097,ov0,agg_full@rho0.8,0,0.55,0.0,4,0.8,agg_full,1787896160.0155935,0,2048,,0,0,0,0,0,0,0,1,55,10.775239077481357,1;1;0;0,71,0,1,124,1787896202.9919925,,0,1,1,0,2,1,1,0,0,512,512,0,0.0,0.0,0.0,14028.645277023315,0.0,-14028.645277023315,1091.979707,2608.0,10.24
75,upsert,0,L0094,2048,0,1787896186.1281388,20.387017250061035,35,1,75,1787896165.7411215,ov0,agg_full@rho0.8,0,0.55,0.0,4,0.8,agg_full,1787896165.7411087,0,2048,,0,0,0,0,0,0,0,1,61,10.520283381144205,0;0;0;0,79,0,1,120,1787896200.006034,,0,3,3,0,1,3,3,0,0,2560,2560,0,0.0,0.0,0.0,20387.017250061035,0.0,-20387.017250061035,1174.495561,2608.0,51.2
76,upsert,3,L0075,2048,0,1787896186.1282759,18.00829577445984,36,2,76,1787896168.11998,ov0,agg_full@rho0.8,0,0.55,0.0,4,0.8,agg_full,1787896168.1199563,0,2048,,0,0,0,0,0,0,0,1,58,10.81287972550643,1;1;1;0,83,0,1,110,1787896189.876674,,0,1,3,1,1,1,3,0,1,0,2048,2048,40.96,2.0,38.96,18008.29577445984,38.96,-17969.33577445984,4701.207468,2080.0,38.96
76,upsert,3,L0075,2048,0,1787896186.1282759,18.00829577445984,36,2,76,1787896168.11998,ov0,agg_full@rho0.8,0,0.55,0.0,4,0.8,agg_full,1787896168.1199563,0,2048,,0,0,0,0,0,0,0,1,58,10.81287972550643,1;1;1;0,83,0,2,126,1787896202.9921086,,0,0,3,1,0,0,3,0,0,0,2048,2048,40.96,0.0,40.96,18008.29577445984,40.96,-17967.33577445984,1340.924747,2608.0,40.96
77,upsert,2,L0069,2048,0,1787896186.1283686,18.00789475440979,37,3,77,1787896168.1204739,ov0,agg_full@rho0.8,0,0.55,0.0,4,0.8,agg_full,1787896168.1204567,0,2048,,0,0,0,0,0,0,0,1,59,10.81287972550643,1;1;0;0,83,0,1,113,1787896195.3500464,,0,2,2,0,2,2,2,0,0,0,0,0,0.0,0.0,0.0,18007.89475440979,0.0,-18007.89475440979,1159.229027,2080.0,0.0
77,upsert,2,L0069,2048,0,1787896186.1283686,18.00789475440979,37,3,77,1787896168.1204739,ov0,agg_full@rho0.8,0,0.55,0.0,4,0.8,agg_full,1787896168.1204567,0,2048,,0,0,0,0,0,0,0,1,59,10.81287972550643,1;1;0;0,83,0,2,119,1787896197.6816237,,0,2,2,0,2,2,2,0,0,0,0,0,0.0,0.0,0.0,18007.89475440979,0.0,-18007.89475440979,1237.543932,2608.0,0.0
77,upsert,2,L0069,2048,0,1787896186.1283686,18.00789475440979,37,3,77,1787896168.1204739,ov0,agg_full@rho0.8,0,0.55,0.0,4,0.8,agg_full,1787896168.1204567,0,2048,,0,0,0,0,0,0,0,1,59,10.81287972550643,1;1;0;0,83,0,3,125,1787896202.992057,,0,2,2,0,2,2,2,0,0,0,0,0,0.0,0.0,0.0,18007.89475440979,0.0,-18007.89475440979,148.098845,2080.0,0.0
78,upsert,1,L0068,2048,0,1787896186.128417,18.0075523853302,38,2,78,1787896168.1208646,ov0,agg_full@rho0.8,0,0.55,0.0,4,0.8,agg_full,1787896168.1208491,0,2048,,0,0,0,0,0,0,0,1,60,10.81287972550643,1;0;0;0,83,0,1,105,1787896186.700329,,0,0,1,1,0,0,1,0,0,0,2048,2048,40.96,0.0,40.96,18007.5523853302,40.96,-17966.5923853302,131.324434,2080.0,40.96
78,upsert,1,L0068,2048,0,1787896186.128417,18.0075523853302,38,2,78,1787896168.1208646,ov0,agg_full@rho0.8,0,0.55,0.0,4,0.8,agg_full,1787896168.1208491,0,2048,,0,0,0,0,0,0,0,1,60,10.81287972550643,1;0;0;0,83,0,2,116,1787896197.6814814,,1,1,1,0,,1,1,0,0,0,0,0,0.0,0.0,0.0,18007.5523853302,0.0,-18007.5523853302,162.816464,2608.0,51.2
79,upsert,0,L0065,2048,0,1787896186.1284583,18.007233381271362,39,1,79,1787896168.1212249,ov0,agg_full@rho0.8,0,0.55,0.0,4,0.8,agg_full,1787896168.121212,0,2048,,0,0,0,0,0,0,0,1,61,10.81287972550643,0;0;0;0,83,0,1,114,1787896195.3501,,0,0,0,0,0,0,0,0,0,0,0,0,0.0,0.0,0.0,18007.233381271362,0.0,-18007.233381271362,1023.149729,2080.0,0.0
83,upsert,1,L0068,2560,2048,1787896197.517652,26.56891632080078,43,1,83,1787896170.9487357,ov0,agg_full@rho0.8,0,0.55,0.0,4,0.8,agg_full,1787896170.9487174,2048,512,2.8278682231903076,0,0,0,0,0,0,0,2,65,10.81287972550643,0;0;0;0,87,1,1,116,1787896197.6814814,,0,1,1,0,3,1,1,0,0,2048,2560,512,10.24,0.0,10.24,26568.91632080078,10.24,-26558.67632080078,162.816464,2608.0,51.2
84,upsert,3,L0094,2560,0,1787896197.517716,23.27304172515869,44,1,84,1787896174.2446742,ov0,agg_full@rho0.8,0,0.55,0.0,4,0.8,agg_full,1787896174.24465,0,2560,,0,0,0,0,0,0,0,2,59,12.074705793307377,1;1;1;0,91,0,1,120,1787896200.006034,,0,0,3,1,1,0,3,0,0,2048,2560,512,10.24,0.0,10.24,23273.04172515869,10.24,-23262.80172515869,1174.495561,2608.0,51.2
85,upsert,1,L0072,2560,0,1787896197.5177667,23.27255153656006,45,1,85,1787896174.2452152,ov0,agg_full@rho0.8,0,0.55,0.0,4,0.8,agg_full,1787896174.2451985,0,2560,,0,0,2048,0,2048,1,0,2,60,12.074705793307377,1;0;1;0,91,0,1,124,1787896202.9919925,,0,2,1,1,2,2,1,0,0,0,512,512,10.24,0.0,10.24,23272.55153656006,10.24,-23262.311536560057,1091.979707,2608.0,10.24
7,upsert,2,L0001,2048,0,1787896239.2859764,22.012259244918823,1,3,7,1787896217.2737172,ov0,agg_full@rho0.8,1,0.55,0.0,4,0.8,agg_full,1787896217.2737086,0,2048,,0,0,0,0,0,0,0,1,8,,0;0;0;0,8,0,1,40,1787896240.919208,,0,3,3,0,0,3,3,0,0,2560,2560,0,0.0,0.0,0.0,22012.259244918823,0.0,-22012.259244918823,1323.779413,2608.0,51.2
7,upsert,2,L0001,2048,0,1787896239.2859764,22.012259244918823,1,3,7,1787896217.2737172,ov0,agg_full@rho0.8,1,0.55,0.0,4,0.8,agg_full,1787896217.2737086,0,2048,,0,0,0,0,0,0,0,1,8,,0;0;0;0,8,0,2,41,1787896240.9192731,,0,3,3,0,0,3,3,1,1,2560,2560,0,0.0,0.0,0.0,22012.259244918823,0.0,-22012.259244918823,1504.70218,2080.0,49.2
7,upsert,2,L0001,2048,0,1787896239.2859764,22.012259244918823,1,3,7,1787896217.2737172,ov0,agg_full@rho0.8,1,0.55,0.0,4,0.8,agg_full,1787896217.2737086,0,2048,,0,0,0,0,0,0,0,1,8,,0;0;0;0,8,0,3,56,1787896256.9908285,,0,3,3,0,2,3,3,0,0,512,512,0,0.0,0.0,0.0,22012.259244918823,0.0,-22012.259244918823,174.15987,2608.0,10.24
15,upsert,3,L0001,2560,0,1787896240.6544204,17.12443494796753,3,3,15,1787896223.5299854,ov0,agg_full@rho0.8,1,0.55,0.0,4,0.8,agg_full,1787896223.5299761,0,2560,,0,0,0,0,0,0,0,2,16,,0;0;0;0,16,0,1,40,1787896240.919208,,0,2,3,1,0,2,3,0,0,2048,2560,512,10.24,0.0,10.24,17124.43494796753,10.24,-17114.194947967528,1323.779413,2608.0,51.2
15,upsert,3,L0001,2560,0,1787896240.6544204,17.12443494796753,3,3,15,1787896223.5299854,ov0,agg_full@rho0.8,1,0.55,0.0,4,0.8,agg_full,1787896223.5299761,0,2560,,0,0,0,0,0,0,0,2,16,,0;0;0;0,16,0,2,41,1787896240.9192731,,0,2,3,1,0,2,3,0,1,2048,2560,512,10.24,2.0,8.24,17124.43494796753,8.24,-17116.194947967528,1504.70218,2080.0,49.2
15,upsert,3,L0001,2560,0,1787896240.6544204,17.12443494796753,3,3,15,1787896223.5299854,ov0,agg_full@rho0.8,1,0.55,0.0,4,0.8,agg_full,1787896223.5299761,0,2560,,0,0,0,0,0,0,0,2,16,,0;0;0;0,16,0,3,56,1787896256.9908285,,0,2,3,1,2,2,3,0,0,0,512,512,10.24,0.0,10.24,17124.43494796753,10.24,-17114.194947967528,174.15987,2608.0,10.24
17,upsert,3,L0007,2560,0,1787896244.086144,17.376362800598145,5,1,17,1787896226.7097812,ov0,agg_full@rho0.8,1,0.55,0.0,4,0.8,agg_full,1787896226.7097654,0,2560,,0,0,0,0,0,0,0,2,18,,0;1;1;0,20,0,1,63,1787896261.5485857,,0,0,3,1,0,0,3,0,1,0,2560,2560,51.2,2.0,49.2,17376.362800598145,49.2,-17327.162800598144,3030.232457,2608.0,49.2
27,upsert,3,L0000,2048,0,1787896244.0863008,12.598766326904297,7,2,27,1787896231.4875345,ov0,agg_full@rho0.8,1,0.55,0.0,4,0.8,agg_full,1787896231.4875245,0,2048,,0,0,0,0,0,0,0,1,28,,0;0;0;0,28,0,1,50,1787896249.1803226,,0,2,3,1,2,2,3,0,1,0,2048,2048,40.96,2.0,38.96,12598.766326904297,38.96,-12559.806326904298,3900.498567,2080.0,38.96
27,upsert,3,L0000,2048,0,1787896244.0863008,12.598766326904297,7,2,27,1787896231.4875345,ov0,agg_full@rho0.8,1,0.55,0.0,4,0.8,agg_full,1787896231.4875245,0,2048,,0,0,0,0,0,0,0,1,28,,0;0;0;0,28,0,2,51,1787896249.1803694,,0,2,3,1,2,2,3,0,2,0,2048,2048,40.96,4.0,36.96,12598.766326904297,36.96,-12561.806326904298,3899.519709,2080.0,36.96
28,upsert,0,L0034,2560,0,1787896244.0863495,9.639766216278076,8,1,28,1787896234.4465833,ov0,agg_full@rho0.8,1,0.55,0.0,4,0.8,agg_full,1787896234.4465556,0,2560,,0,0,0,0,0,0,0,2,29,,0;1;1;1,32,0,1,47,1787896245.347991,,0,1,0,1,1,1,0,0,1,0,2560,2560,51.2,2.0,49.2,9639.766216278076,49.2,-9590.566216278075,3133.565504,2608.0,49.2
34,upsert,2,L0006,2048,0,1787896250.612287,13.010931730270386,14,1,34,1787896237.6013553,ov0,agg_full@rho0.8,1,0.55,0.0,4,0.8,agg_full,1787896237.6013505,0,2048,,0,0,0,0,0,0,0,1,35,,0;0;0;1,36,0,1,53,1787896253.7539203,,0,2,2,0,2,2,2,0,0,0,0,0,0.0,0.0,0.0,13010.931730270386,0.0,-13010.931730270386,1096.947268,2080.0,0.0
64,upsert,0,L0070,2048,0,1787896286.5702577,18.537965774536133,44,1,64,1787896268.032292,ov0,agg_full@rho0.8,1,0.55,0.0,4,0.8,agg_full,1787896268.0322738,0,2048,,0,0,0,0,0,0,0,1,31,12.852896325290203,0;1;1;1,76,0,1,120,1787896313.4222298,,0,2,2,0,1,2,2,0,0,2560,2560,0,0.0,0.0,0.0,18537.965774536133,0.0,-18537.965774536133,149.136375,2080.0,51.2
70,upsert,1,L0068,2048,0,1787896286.570626,15.9650137424469,50,3,70,1787896270.6056123,ov0,agg_full@rho0.8,1,0.55,0.0,4,0.8,agg_full,1787896270.6055977,0,2048,,0,0,0,0,0,0,0,1,37,12.852896325290203,0;0;1;0,80,0,1,104,1787896297.8456857,,0,0,1,1,0,0,1,0,0,0,2048,2048,40.96,0.0,40.96,15965.0137424469,40.96,-15924.0537424469,920.577657,2080.0,40.96
70,upsert,1,L0068,2048,0,1787896286.570626,15.9650137424469,50,3,70,1787896270.6056123,ov0,agg_full@rho0.8,1,0.55,0.0,4,0.8,agg_full,1787896270.6055977,0,2048,,0,0,0,0,0,0,0,1,37,12.852896325290203,0;0;1;0,80,0,2,111,1787896300.8146498,,0,0,1,1,0,0,1,0,1,0,2048,2048,40.96,2.0,38.96,15965.0137424469,38.96,-15926.0537424469,3039.836452,2608.0,38.96
70,upsert,1,L0068,2048,0,1787896286.570626,15.9650137424469,50,3,70,1787896270.6056123,ov0,agg_full@rho0.8,1,0.55,0.0,4,0.8,agg_full,1787896270.6055977,0,2048,,0,0,0,0,0,0,0,1,37,12.852896325290203,0;0;1;0,80,0,3,121,1787896313.4222968,,0,0,1,1,0,0,1,0,0,0,2048,2048,40.96,0.0,40.96,15965.0137424469,40.96,-15924.0537424469,234.736151,2080.0,40.96
71,upsert,2,L0109,2048,0,1787896294.4860058,23.88001251220703,51,1,71,1787896270.6059933,ov0,agg_full@rho0.8,1,0.55,0.0,4,0.8,agg_full,1787896270.60598,0,2048,,0,0,0,0,0,0,0,1,38,12.852896325290203,0;0;0;0,80,0,1,119,1787896307.208182,,0,3,2,1,3,3,2,0,1,0,2048,2048,40.96,2.0,38.96,23880.01251220703,38.96,-23841.052512207032,5431.367365,2080.0,38.96
74,upsert,2,L0070,2560,0,1787896294.4862573,20.53749680519104,54,1,74,1787896273.9487605,ov0,agg_full@rho0.8,1,0.55,0.0,4,0.8,agg_full,1787896273.9487457,0,2560,,0,0,0,0,0,0,0,2,41,12.852896325290203,0;0;0;1,84,0,1,120,1787896313.4222298,,0,0,2,1,1,0,2,0,0,2048,2560,512,10.24,0.0,10.24,20537.49680519104,10.24,-20527.25680519104,149.136375,2080.0,51.2
75,upsert,3,L0064,2048,0,1787896294.4863026,20.53711199760437,55,3,75,1787896273.9491906,ov0,agg_full@rho0.8,1,0.55,0.0,4,0.8,agg_full,1787896273.9491756,0,2048,,0,0,0,0,0,0,0,1,42,12.852896325290203,0;0;0;0,84,0,1,113,1787896305.0013902,,0,0,3,1,0,0,3,0,0,0,2048,2048,40.96,0.0,40.96,20537.11199760437,40.96,-20496.15199760437,135.33435,2080.0,40.96
75,upsert,3,L0064,2048,0,1787896294.4863026,20.53711199760437,55,3,75,1787896273.9491906,ov0,agg_full@rho0.8,1,0.55,0.0,4,0.8,agg_full,1787896273.9491756,0,2048,,0,0,0,0,0,0,0,1,42,12.852896325290203,0;0;0;0,84,0,2,115,1787896305.001484,,0,0,3,1,0,0,3,0,1,0,2048,2048,40.96,2.0,38.96,20537.11199760437,38.96,-20498.15199760437,270.660021,2608.0,38.96
75,upsert,3,L0064,2048,0,1787896294.4863026,20.53711199760437,55,3,75,1787896273.9491906,ov0,agg_full@rho0.8,1,0.55,0.0,4,0.8,agg_full,1787896273.9491756,0,2048,,0,0,0,0,0,0,0,1,42,12.852896325290203,0;0;0;0,84,0,3,125,1787896315.9317243,,1,3,3,0,,3,3,0,0,0,0,0,0.0,0.0,0.0,20537.11199760437,0.0,-20537.11199760437,186.99539,3136.0,61.44
91,upsert,3,L0064,2560,2048,1787896309.6231065,22.545188426971436,70,1,91,1787896287.077918,ov0,agg_full@rho0.8,1,0.55,0.0,4,0.8,agg_full,1787896287.0778997,2048,512,13.128724098205566,0,0,0,0,0,0,0,2,42,14.376918479800224,0;0;0;0,100,1,1,125,1787896315.9317243,,1,3,3,0,,3,3,0,0,0,0,0,0.0,0.0,0.0,22545.188426971436,0.0,-22545.188426971436,186.99539,3136.0,61.44
94,upsert,1,L0066,2048,0,1787896309.6232653,19.22632098197937,73,2,94,1787896290.3969443,ov0,agg_full@rho0.8,1,0.55,0.0,4,0.8,agg_full,1787896290.3969288,0,2048,,0,0,0,0,0,0,0,1,45,14.376918479800224,0;0;1;0,104,0,1,122,1787896313.4223475,,0,3,1,1,3,3,1,0,1,0,2048,2048,40.96,2.0,38.96,19226.32098197937,38.96,-19187.36098197937,449.529482,2080.0,38.96
94,upsert,1,L0066,2048,0,1787896309.6232653,19.22632098197937,73,2,94,1787896290.3969443,ov0,agg_full@rho0.8,1,0.55,0.0,4,0.8,agg_full,1787896290.3969288,0,2048,,0,0,0,0,0,0,0,1,45,14.376918479800224,0;0;1;0,104,0,2,126,1787896315.9317782,,0,2,1,1,2,2,1,0,0,0,2048,2048,40.96,0.0,40.96,19226.32098197937,40.96,-19185.36098197937,156.583241,2608.0,40.96
99,upsert,3,L0064,3072,2560,1787896315.21232,21.23936367034912,78,1,99,1787896293.9729564,ov0,agg_full@rho0.8,1,0.55,0.0,4,0.8,agg_full,1787896293.9729378,2560,512,6.89503812789917,0,0,0,0,0,0,0,3,50,14.376918479800224,0;0;0;0,108,1,1,125,1787896315.9317243,,0,3,3,0,1,3,3,0,0,2560,3072,512,10.24,0.0,10.24,21239.36367034912,10.24,-21229.12367034912,186.99539,3136.0,61.44
1,upsert,2,L0007,2048,0,1787896427.8437467,0.0013937950134277344,3,1,1,1787896427.8423529,ov0,agg_static@rho0.8,1,0.55,0.0,4,0.8,agg_static,1787896427.8423471,0,2048,,0,0,0,0,0,0,0,1,2,,0;1;0;1,4,0,1,63,1787896471.6888392,,1,2,2,0,,2,2,0,0,0,0,0,0.0,0.0,0.0,1.3937950134277344,0.0,-1.3937950134277344,1188.8523,2608.0,0.0
5,upsert,3,L0021,2048,0,1787896430.1777534,0.0013828277587890625,6,2,5,1787896430.1763706,ov0,agg_static@rho0.8,1,0.55,0.0,4,0.8,agg_static,1787896430.1763637,0,2048,,0,0,0,0,0,0,0,1,2,0.0013637542724609375,0;1;1;0,8,0,1,58,1787896470.101722,,0,3,3,0,3,3,3,0,0,0,0,0,0.0,0.0,0.0,1.3828277587890625,0.0,-1.3828277587890625,1127.461695,2080.0,0.0
5,upsert,3,L0021,2048,0,1787896430.1777534,0.0013828277587890625,6,2,5,1787896430.1763706,ov0,agg_static@rho0.8,1,0.55,0.0,4,0.8,agg_static,1787896430.1763637,0,2048,,0,0,0,0,0,0,0,1,2,0.0013637542724609375,0;1;1;0,8,0,2,61,1787896471.6887484,,0,3,3,0,3,3,3,0,0,0,0,0,0.0,0.0,0.0,1.3828277587890625,0.0,-1.3828277587890625,1180.427133,2608.0,0.0
7,upsert,2,L0001,2048,0,1787896430.1777956,0.001306295394897461,8,3,7,1787896430.1764894,ov0,agg_static@rho0.8,1,0.55,0.0,4,0.8,agg_static,1787896430.176485,0,2048,,0,0,0,0,0,0,0,1,4,0.0013637542724609375,0;0;0;0,8,0,1,40,1787896452.182848,,1,2,2,0,,2,2,0,0,0,0,0,0.0,0.0,0.0,1.306295394897461,0.0,-1.306295394897461,1170.552207,2608.0,51.2
7,upsert,2,L0001,2048,0,1787896430.1777956,0.001306295394897461,8,3,7,1787896430.1764894,ov0,agg_static@rho0.8,1,0.55,0.0,4,0.8,agg_static,1787896430.176485,0,2048,,0,0,0,0,0,0,0,1,4,0.0013637542724609375,0;0;0;0,8,0,2,41,1787896452.1828725,,1,2,2,0,,2,2,1,1,0,0,0,0.0,0.0,0.0,1.306295394897461,0.0,-1.306295394897461,1333.803285,2080.0,49.2
7,upsert,2,L0001,2048,0,1787896430.1777956,0.001306295394897461,8,3,7,1787896430.1764894,ov0,agg_static@rho0.8,1,0.55,0.0,4,0.8,agg_static,1787896430.176485,0,2048,,0,0,0,0,0,0,0,1,4,0.0013637542724609375,0;0;0;0,8,0,3,56,1787896470.101608,,1,2,2,0,,2,2,0,0,0,0,0,0.0,0.0,0.0,1.306295394897461,0.0,-1.306295394897461,282.623454,2608.0,51.2
12,upsert,0,L0022,2048,0,1787896441.0599616,4.681499242782593,13,2,12,1787896436.3784623,ov0,agg_static@rho0.8,1,0.55,0.0,4,0.8,agg_static,1787896436.378446,0,2048,,0,0,0,0,0,0,0,1,1,0.0014112790425618489,0;1;2;0,18,0,1,55,1787896464.4537458,,0,2,0,1,2,2,0,0,2,0,2048,2048,40.96,4.0,36.96,4681.499242782593,36.96,-4644.539242782593,4740.661591,2080.0,36.96
12,upsert,0,L0022,2048,0,1787896441.0599616,4.681499242782593,13,2,12,1787896436.3784623,ov0,agg_static@rho0.8,1,0.55,0.0,4,0.8,agg_static,1787896436.378446,0,2048,,0,0,0,0,0,0,0,1,1,0.0014112790425618489,0;1;2;0,18,0,2,57,1787896470.1016717,,0,1,0,1,1,1,0,0,0,0,2048,2048,40.96,0.0,40.96,4681.499242782593,40.96,-4640.539242782593,993.049566,2608.0,40.96
15,upsert,2,L0001,2560,2048,1787896442.6263385,6.247595548629761,15,3,15,1787896436.378743,ov0,agg_static@rho0.8,1,0.55,0.0,4,0.8,agg_static,1787896436.3787382,2048,512,6.202253103256226,0,2048,2048,0,2048,1,0,2,4,0.0014112790425618489,0;0;0;0,18,0,1,40,1787896452.182848,,0,2,2,0,0,2,2,0,0,2048,2560,512,10.24,0.0,10.24,6247.595548629761,10.24,-6237.355548629761,1170.552207,2608.0,51.2
15,upsert,2,L0001,2560,2048,1787896442.6263385,6.247595548629761,15,3,15,1787896436.378743,ov0,agg_static@rho0.8,1,0.55,0.0,4,0.8,agg_static,1787896436.3787382,2048,512,6.202253103256226,0,2048,2048,0,2048,1,0,2,4,0.0014112790425618489,0;0;0;0,18,0,2,41,1787896452.1828725,,0,2,2,0,1,2,2,1,1,2048,2560,512,10.24,0.0,10.24,6247.595548629761,10.24,-6237.355548629761,1333.803285,2080.0,49.2
15,upsert,2,L0001,2560,2048,1787896442.6263385,6.247595548629761,15,3,15,1787896436.378743,ov0,agg_static@rho0.8,1,0.55,0.0,4,0.8,agg_static,1787896436.3787382,2048,512,6.202253103256226,0,2048,2048,0,2048,1,0,2,4,0.0014112790425618489,0;0;0;0,18,0,3,56,1787896470.101608,,0,2,2,0,1,2,2,0,0,2048,2560,512,10.24,0.0,10.24,6247.595548629761,10.24,-6237.355548629761,282.623454,2608.0,51.2
17,upsert,2,L0007,2560,2048,1787896451.2288213,12.513528823852539,18,1,17,1787896438.7152925,ov0,agg_static@rho0.8,1,0.55,0.0,4,0.8,agg_static,1787896438.715272,2048,512,10.8729248046875,0,2048,2048,0,2048,1,0,2,6,0.0014112790425618489,0;1;0;1,24,0,1,63,1787896471.6888392,,0,2,2,0,2,2,2,0,0,0,0,0,0.0,0.0,0.0,12513.528823852539,0.0,-12513.528823852539,1188.8523,2608.0,0.0
18,upsert,1,L0013,2048,0,1787896451.2289133,12.513427019119263,19,2,18,1787896438.7154863,ov0,agg_static@rho0.8,1,0.55,0.0,4,0.8,agg_static,1787896438.7154715,0,2048,,0,0,0,0,0,0,0,1,7,0.0014112790425618489,0;0;0;1,24,0,1,49,1787896459.7718658,,0,1,1,0,1,1,1,0,0,0,0,0,0.0,0.0,0.0,12513.427019119263,0.0,-12513.427019119263,856.260781,2080.0,0.0
18,upsert,1,L0013,2048,0,1787896451.2289133,12.513427019119263,19,2,18,1787896438.7154863,ov0,agg_static@rho0.8,1,0.55,0.0,4,0.8,agg_static,1787896438.7154715,0,2048,,0,0,0,0,0,0,0,1,7,0.0014112790425618489,0;0;0;1,24,0,2,59,1787896470.101767,,0,1,1,0,1,1,1,0,0,0,0,0,0.0,0.0,0.0,12513.427019119263,0.0,-12513.427019119263,1182.54635,2608.0,0.0
20,upsert,0,L0024,2048,0,1787896458.2650185,17.17652440071106,21,1,20,1787896441.088494,ov0,agg_static@rho0.8,1,0.55,0.0,4,0.8,agg_static,1787896441.0884774,0,2048,,0,0,0,0,0,0,0,1,8,0.36141804548410267,0;1;1;1,28,0,1,54,1787896464.4536989,,0,2,0,1,2,2,0,0,1,0,2048,2048,40.96,2.0,38.96,17176.52440071106,38.96,-17137.56440071106,4741.175908,2080.0,38.96
64,upsert,3,L0070,2048,0,1787896510.915768,34.29489254951477,63,1,64,1787896476.6208754,ov0,agg_static@rho0.8,1,0.55,0.0,4,0.8,agg_static,1787896476.6208477,0,2048,,0,0,0,0,0,0,0,1,27,14.951969891786575,1;1;1;0,83,0,1,120,1787896521.1792693,,0,2,2,0,0,2,2,0,0,2560,2560,0,0.0,0.0,0.0,34294.89254951477,0.0,-34294.89254951477,132.367928,2080.0,51.2
70,upsert,2,L0068,2048,0,1787896510.9159703,31.718300104141235,69,1,70,1787896479.1976702,ov0,agg_static@rho0.8,1,0.55,0.0,4,0.8,agg_static,1787896479.1976554,0,2048,,0,0,0,0,0,0,0,1,33,14.951969891786575,0;1;0;0,87,0,1,121,1787896521.179334,,0,0,2,1,0,0,2,0,1,0,2048,2048,40.96,2.0,38.96,31718.300104141235,38.96,-31679.340104141236,326.064702,2080.0,38.96
71,upsert,1,L0109,2048,0,1787896510.9160075,31.71798086166382,70,1,71,1787896479.1980267,ov0,agg_static@rho0.8,1,0.55,0.0,4,0.8,agg_static,1787896479.1980135,0,2048,,0,0,0,0,0,0,0,1,34,14.951969891786575,0;0;0;0,87,0,1,119,1787896518.499855,,0,1,1,0,1,1,1,0,0,0,0,0,0.0,0.0,0.0,31717.98086166382,0.0,-31717.98086166382,900.165117,2080.0,0.0
74,upsert,2,L0070,2560,0,1787896510.9160798,28.367871522903442,73,1,74,1787896482.5482082,ov0,agg_static@rho0.8,1,0.55,0.0,4,0.8,agg_static,1787896482.5481935,0,2560,,0,0,0,0,0,0,0,2,37,14.951969891786575,1;0;0;0,91,0,1,120,1787896521.1792693,,0,3,2,1,0,3,2,0,0,2048,2560,512,10.24,0.0,10.24,28367.871522903442,10.24,-28357.63152290344,132.367928,2080.0,51.2
0,upsert,0,L0000,2048,0,1787896670.2587545,0.00305938720703125,1,2,0,1787896670.255695,ov25,agg_full@rho0.8,0,0.55,0.25,4,0.8,agg_full,1787896670.2556722,0,2048,,0,0,0,0,0,0,0,0,1,,0;0;0;0,0,0,1,42,1787896734.6155891,,1,0,0,0,,0,0,1,1,0,0,0,0.0,0.0,0.0,3.05938720703125,0.0,-3.05938720703125,2169.114435,2080.0,59.44
0,upsert,0,L0000,2048,0,1787896670.2587545,0.00305938720703125,1,2,0,1787896670.255695,ov25,agg_full@rho0.8,0,0.55,0.25,4,0.8,agg_full,1787896670.2556722,0,2048,,0,0,0,0,0,0,0,0,1,,0;0;0;0,0,0,2,60,1787896748.920376,,1,0,0,0,,0,0,0,0,0,0,0,0.0,0.0,0.0,3.05938720703125,0.0,-3.05938720703125,152.06416,2608.0,61.44
1,upsert,1,L0000,2048,0,1787896670.258876,0.003031492233276367,2,2,1,1787896670.2558446,ov25,agg_full@rho0.8,0,0.55,0.25,4,0.8,agg_full,1787896670.255831,0,2048,,0,0,0,0,0,0,0,0,2,,0;0;0;0,0,0,1,42,1787896734.6155891,,1,0,0,0,,0,0,1,1,0,0,0,0.0,0.0,0.0,3.031492233276367,0.0,-3.031492233276367,2169.114435,2080.0,59.44
1,upsert,1,L0000,2048,0,1787896670.258876,0.003031492233276367,2,2,1,1787896670.2558446,ov25,agg_full@rho0.8,0,0.55,0.25,4,0.8,agg_full,1787896670.255831,0,2048,,0,0,0,0,0,0,0,0,2,,0;0;0;0,0,0,2,60,1787896748.920376,,1,0,0,0,,0,0,0,0,0,0,0,0.0,0.0,0.0,3.031492233276367,0.0,-3.031492233276367,152.06416,2608.0,61.44
12,upsert,0,L0003,2048,0,1787896677.7473133,0.003382444381713867,7,1,12,1787896677.7439308,ov25,agg_full@rho0.8,0,0.55,0.25,4,0.8,agg_full,1787896677.743903,0,2048,,0,0,0,0,0,0,0,0,7,0.0032030344009399414,0;0;0;0,0,0,1,32,1787896728.1812081,,0,1,1,0,1,1,1,0,0,0,0,0,0.0,0.0,0.0,3.382444381713867,0.0,-3.382444381713867,251.029935,2080.0,0.0
13,upsert,1,L0003,2048,0,1787896677.7474256,0.0032002925872802734,8,1,13,1787896677.7442253,ov25,agg_full@rho0.8,0,0.55,0.25,4,0.8,agg_full,1787896677.7442105,0,2048,,0,0,0,0,0,0,0,0,8,0.0032030344009399414,0;0;0;0,0,0,1,32,1787896728.1812081,,0,0,1,1,1,0,1,0,0,0,0,0,0.0,0.0,0.0,3.2002925872802734,0.0,-3.2002925872802734,251.029935,2080.0,0.0
16,upsert,0,L0004,2048,0,1787896680.1789331,0.0033752918243408203,9,1,16,1787896680.1755579,ov25,agg_full@rho0.8,0,0.55,0.25,4,0.8,agg_full,1787896680.1755297,0,2048,,0,0,0,0,0,0,0,0,9,0.0032251179218292236,0;0;0;0,0,0,1,44,1787896737.7191057,,0,1,1,0,2,1,1,0,0,2048,2048,0,0.0,0.0,0.0,3.3752918243408203,0.0,-3.3752918243408203,266.006836,2080.0,40.96
17,upsert,1,L0004,2048,0,1787896680.1790512,0.0032193660736083984,10,1,17,1787896680.1758318,ov25,agg_full@rho0.8,0,0.55,0.25,4,0.8,agg_full,1787896680.175817,0,2048,,0,0,0,0,0,0,0,0,10,0.0032251179218292236,0;0;0;0,0,0,1,44,1787896737.7191057,,0,0,1,1,2,0,1,0,0,2048,2048,0,0.0,0.0,0.0,3.2193660736083984,0.0,-3.2193660736083984,266.006836,2080.0,40.96
20,upsert,0,L0005,2048,0,1787896682.5455575,0.0014328956604003906,11,2,20,1787896682.5441246,ov25,agg_full@rho0.8,0,0.55,0.25,4,0.8,agg_full,1787896682.544105,0,2048,,0,0,0,0,0,0,0,0,11,0.003239560127258301,0;0;0;0,0,0,1,33,1787896728.1812716,,0,1,0,1,0,1,0,1,0,0,0,0,0.0,-2.0,2.0,1.4328956604003906,2.0,0.5671043395996094,229.208127,2080.0,0.0
20,upsert,0,L0005,2048,0,1787896682.5455575,0.0014328956604003906,11,2,20,1787896682.5441246,ov25,agg_full@rho0.8,0,0.55,0.25,4,0.8,agg_full,1787896682.544105,0,2048,,0,0,0,0,0,0,0,0,11,0.003239560127258301,0;0;0;0,0,0,2,49,1787896740.0956023,,0,1,1,0,3,1,1,0,0,2048,2048,0,0.0,0.0,0.0,1.4328956604003906,0.0,-1.4328956604003906,952.079482,2080.0,40.96
21,upsert,1,L0005,2048,0,1787896682.54561,0.0013399124145507812,12,2,21,1787896682.54427,ov25,agg_full@rho0.8,0,0.55,0.25,4,0.8,agg_full,1787896682.5442631,0,2048,,0,0,0,0,0,0,0,0,12,0.003239560127258301,0;0;0;0,0,0,1,33,1787896728.1812716,,0,0,0,0,0,0,0,0,0,0,0,0,0.0,0.0,0.0,1.3399124145507812,0.0,-1.3399124145507812,229.208127,2080.0,0.0
21,upsert,1,L0005,2048,0,1787896682.54561,0.0013399124145507812,12,2,21,1787896682.54427,ov25,agg_full@rho0.8,0,0.55,0.25,4,0.8,agg_full,1787896682.5442631,0,2048,,0,0,0,0,0,0,0,0,12,0.003239560127258301,0;0;0;0,0,0,2,49,1787896740.0956023,,0,0,1,1,3,0,1,1,0,2048,2048,0,0.0,-2.0,2.0,1.3399124145507812,2.0,0.6600875854492188,952.079482,2080.0,40.96
40,upsert,0,L0010,2048,0,1787896700.834349,5.939631938934326,21,1,40,1787896694.894717,ov25,agg_full@rho0.8,0,0.55,0.25,4,0.8,agg_full,1787896694.8946984,0,2048,,0,0,0,0,0,0,0,0,21,0.12058578729629517,0;0;0;0,0,0,1,48,1787896740.0955327,,0,1,0,1,0,1,0,0,0,0,0,0,0.0,0.0,0.0,5939.631938934326,0.0,-5939.631938934326,1029.685202,2080.0,0.0
41,upsert,1,L0010,2048,0,1787896702.2172544,7.3223865032196045,22,1,41,1787896694.894868,ov25,agg_full@rho0.8,0,0.55,0.25,4,0.8,agg_full,1787896694.8948596,0,2048,,0,0,0,0,0,0,0,0,22,0.12058578729629517,0;0;0;0,0,0,1,48,1787896740.0955327,,0,0,0,0,0,0,0,0,0,0,0,0,0.0,0.0,0.0,7322.3865032196045,0.0,-7322.3865032196045,1029.685202,2080.0,0.0
44,upsert,0,L0011,2048,0,1787896705.25986,7.966493368148804,23,2,44,1787896697.2933667,ov25,agg_full@rho0.8,0,0.55,0.25,4,0.8,agg_full,1787896697.2933512,0,2048,,0,0,0,0,0,0,0,0,25,0.12058578729629517,0;0;0;0,0,0,1,41,1787896734.615534,,0,1,1,0,2,1,1,0,0,2048,2048,0,0.0,0.0,0.0,7966.493368148804,0.0,-7966.493368148804,123.922618,2080.0,40.96
44,upsert,0,L0011,2048,0,1787896705.25986,7.966493368148804,23,2,44,1787896697.2933667,ov25,agg_full@rho0.8,0,0.55,0.25,4,0.8,agg_full,1787896697.2933512,0,2048,,0,0,0,0,0,0,0,0,25,0.12058578729629517,0;0;0;0,0,0,2,53,1787896742.4013963,,0,1,1,0,2,1,1,0,0,2048,2048,0,0.0,0.0,0.0,7966.493368148804,0.0,-7966.493368148804,873.138793,2080.0,40.96
45,upsert,1,L0011,2048,0,1787896705.2599883,7.966471195220947,24,2,45,1787896697.293517,ov25,agg_full@rho0.8,0,0.55,0.25,4,0.8,agg_full,1787896697.2935107,0,2048,,0,0,0,0,0,0,0,0,26,0.12058578729629517,0;0;0;0,0,0,1,41,1787896734.615534,,0,0,1,1,2,0,1,1,0,2048,2048,0,0.0,-2.0,2.0,7966.471195220947,2.0,-7964.471195220947,123.922618,2080.0,40.96
45,upsert,1,L0011,2048,0,1787896705.2599883,7.966471195220947,24,2,45,1787896697.293517,ov25,agg_full@rho0.8,0,0.55,0.25,4,0.8,agg_full,1787896697.2935107,0,2048,,0,0,0,0,0,0,0,0,26,0.12058578729629517,0;0;0;0,0,0,2,53,1787896742.4013963,,0,0,1,1,2,0,1,0,0,2048,2048,0,0.0,0.0,0.0,7966.471195220947,0.0,-7966.471195220947,873.138793,2080.0,40.96
56,upsert,0,L0014,2048,0,1787896710.0896645,5.2136852741241455,29,1,56,1787896704.8759792,ov25,agg_full@rho0.8,0,0.55,0.25,4,0.8,agg_full,1787896704.8759513,0,2048,,0,0,0,0,0,0,0,0,35,0.712442463094538,0;0;0;0,0,0,1,57,1787896746.4797726,,1,0,0,0,,0,0,0,0,0,0,0,0.0,0.0,0.0,5213.6852741241455,0.0,-5213.6852741241455,1162.353847,2608.0,51.2
57,upsert,1,L0014,2048,0,1787896714.0897012,9.213375806808472,30,1,57,1787896704.8763254,ov25,agg_full@rho0.8,0,0.55,0.25,4,0.8,agg_full,1787896704.8763092,0,2048,,0,0,0,0,0,0,0,0,36,0.712442463094538,0;0;0;0,0,0,1,57,1787896746.4797726,,0,0,0,0,3,0,0,0,0,2560,2560,0,0.0,0.0,0.0,9213.375806808472,0.0,-9213.375806808472,1162.353847,2608.0,51.2
67,upsert,2,L0023,2048,0,1787896716.9833326,7.067818880081177,35,3,67,1787896709.9155138,ov25,agg_full@rho0.8,0,0.55,0.25,4,0.8,agg_full,1787896709.9155085,0,2048,,0,0,0,0,0,0,0,1,42,1.845106601715088,0;0;0;0,5,0,1,35,1787896728.181362,,0,2,2,0,2,2,2,0,0,0,0,0,0.0,0.0,0.0,7067.818880081177,0.0,-7067.818880081177,1237.38265,2608.0,0.0
67,upsert,2,L0023,2048,0,1787896716.9833326,7.067818880081177,35,3,67,1787896709.9155138,ov25,agg_full@rho0.8,0,0.55,0.25,4,0.8,agg_full,1787896709.9155085,0,2048,,0,0,0,0,0,0,0,1,42,1.845106601715088,0;0;0;0,5,0,2,46,1787896737.719227,,0,2,2,0,2,2,2,0,0,0,0,0,0.0,0.0,0.0,7067.818880081177,0.0,-7067.818880081177,263.192485,2080.0,0.0
67,upsert,2,L0023,2048,0,1787896716.9833326,7.067818880081177,35,3,67,1787896709.9155138,ov25,agg_full@rho0.8,0,0.55,0.25,4,0.8,agg_full,1787896709.9155085,0,2048,,0,0,0,0,0,0,0,1,42,1.845106601715088,0;0;0;0,5,0,3,63,1787896748.92054,,1,2,2,0,,2,2,1,1,0,0,0,0.0,0.0,0.0,7067.818880081177,0.0,-7067.818880081177,2448.375733,2608.0,49.2
68,upsert,1,L0000,2048,2048,1787896720.4301136,8.1899995803833,36,2,68,1787896712.240114,ov25,agg_full@rho0.8,0,0.55,0.25,4,0.8,agg_full,1787896712.2400837,2048,0,41.98425269126892,0,2048,2048,2048,0,2,0,2,40,2.3730990722261627,2;0;0;1,12,0,1,42,1787896734.6155891,,0,0,0,0,3,0,0,1,1,3072,3072,0,0.0,0.0,0.0,8189.999580383301,0.0,-8189.999580383301,2169.114435,2080.0,59.44
68,upsert,1,L0000,2048,2048,1787896720.4301136,8.1899995803833,36,2,68,1787896712.240114,ov25,agg_full@rho0.8,0,0.55,0.25,4,0.8,agg_full,1787896712.2400837,2048,0,41.98425269126892,0,2048,2048,2048,0,2,0,2,40,2.3730990722261627,2;0;0;1,12,0,2,60,1787896748.920376,,1,0,0,0,,0,0,0,0,0,0,0,0.0,0.0,0.0,8189.999580383301,0.0,-8189.999580383301,152.06416,2608.0,61.44
69,upsert,0,L0000,2560,2048,1787896720.4302442,8.189775705337524,37,2,69,1787896712.2404685,ov25,agg_full@rho0.8,0,0.55,0.25,4,0.8,agg_full,1787896712.2404492,2048,512,41.984776973724365,0,2048,2048,2048,0,2,0,2,41,2.3730990722261627,1;0;0;1,12,0,1,42,1787896734.6155891,,1,0,0,0,,0,0,1,1,0,0,0,0.0,0.0,0.0,8189.775705337524,0.0,-8189.775705337524,2169.114435,2080.0,59.44
69,upsert,0,L0000,2560,2048,1787896720.4302442,8.189775705337524,37,2,69,1787896712.2404685,ov25,agg_full@rho0.8,0,0.55,0.25,4,0.8,agg_full,1787896712.2404492,2048,512,41.984776973724365,0,2048,2048,2048,0,2,0,2,41,2.3730990722261627,1;0;0;1,12,0,2,60,1787896748.920376,,1,0,0,0,,0,0,0,0,0,0,0,0.0,0.0,0.0,8189.775705337524,0.0,-8189.775705337524,152.06416,2608.0,61.44
71,upsert,3,L0028,2048,0,1787896720.4303722,8.189465999603271,39,1,71,1787896712.2409062,ov25,agg_full@rho0.8,0,0.55,0.25,4,0.8,agg_full,1787896712.2408931,0,2048,,0,0,0,0,0,0,0,1,43,2.3730990722261627,0;0;0;0,12,0,1,55,1787896742.4014904,,0,2,3,1,2,2,3,0,1,0,2048,2048,40.96,2.0,38.96,8189.4659996032715,38.96,-8150.505999603271,3373.256338,2080.0,38.96
75,upsert,0,L0000,3072,2560,1787896725.9622915,9.969696760177612,43,2,75,1787896715.9925947,ov25,agg_full@rho0.8,0,0.55,0.25,4,0.8,agg_full,1787896715.9925776,2560,512,3.7521283626556396,0,2048,2048,2048,0,2,0,3,44,2.8547355756163597,0;0;0;0,17,1,1,42,1787896734.6155891,,0,0,0,0,3,0,0,1,1,2560,3072,512,10.24,0.0,10.24,9969.696760177612,10.24,-9959.456760177613,2169.114435,2080.0,59.44
75,upsert,0,L0000,3072,2560,1787896725.9622915,9.969696760177612,43,2,75,1787896715.9925947,ov25,agg_full@rho0.8,0,0.55,0.25,4,0.8,agg_full,1787896715.9925776,2560,512,3.7521283626556396,0,2048,2048,2048,0,2,0,3,44,2.8547355756163597,0;0;0;0,17,1,2,60,1787896748.920376,,1,0,0,0,,0,0,0,0,0,0,0,0.0,0.0,0.0,9969.696760177612,0.0,-9969.696760177612,152.06416,2608.0,61.44
79,upsert,3,L0034,2048,0,1787896732.1963167,13.693852186203003,47,1,79,1787896718.5024645,ov25,agg_full@rho0.8,0,0.55,0.25,4,0.8,agg_full,1787896718.5024529,0,2048,,0,0,0,0,0,0,0,1,45,3.517057813704014,0;0;0;0,22,0,1,50,1787896740.0956547,,0,2,3,1,2,2,3,0,0,0,2048,2048,40.96,0.0,40.96,13693.852186203003,40.96,-13652.892186203004,949.867952,2080.0,40.96
80,upsert,2,L0023,2560,2048,1787896739.1322677,18.601970672607422,48,1,80,1787896720.530297,ov25,agg_full@rho0.8,0,0.55,0.25,4,0.8,agg_full,1787896720.530265,2048,512,10.61475658416748,0,2048,2048,0,2048,1,0,2,42,4.540361352264881,1;1;0;1,29,0,1,63,1787896748.92054,,0,2,2,0,3,2,2,1,1,2048,2560,512,10.24,0.0,10.24,18601.970672607422,10.24,-18591.73067260742,2448.375733,2608.0,49.2
81,upsert,0,L0000,2048,3072,1787896739.132374,18.601754188537598,49,1,81,1787896720.5306199,ov25,agg_full@rho0.8,0,0.55,0.25,4,0.8,agg_full,1787896720.530602,3072,-1024,4.538024425506592,0,2560,2560,2048,512,2,0,5,43,4.540361352264881,0;1;0;1,29,1,1,60,1787896748.920376,,1,0,0,0,,0,0,0,0,0,0,0,0.0,0.0,0.0,18601.754188537598,0.0,-18601.754188537598,152.06416,2608.0,61.44
82,upsert,1,L0000,2560,2048,1787896739.132436,18.60159468650818,50,1,82,1787896720.5308414,ov25,agg_full@rho0.8,0,0.55,0.25,4,0.8,agg_full,1787896720.5308247,2048,512,8.290740966796875,0,2048,2560,2048,512,2,0,5,44,4.540361352264881,0;0;0;1,29,0,1,60,1787896748.920376,,0,0,0,0,3,0,0,0,0,3072,3072,0,0.0,0.0,0.0,18601.59468650818,0.0,-18601.59468650818,152.06416,2608.0,61.44
83,upsert,3,L0046,2048,0,1787896739.1324823,18.60144019126892,51,1,83,1787896720.531042,ov25,agg_full@rho0.8,0,0.55,0.25,4,0.8,agg_full,1787896720.5310285,0,2048,,0,0,0,0,0,0,0,1,45,4.540361352264881,0;0;0;0,29,0,1,58,1787896746.4798274,,0,2,3,1,2,2,3,0,0,0,2048,2048,40.96,0.0,40.96,18601.44019126892,40.96,-18560.48019126892,865.795679,2080.0,40.96
86,upsert,0,L0000,3072,2048,1787896739.1326194,16.09892749786377,54,1,86,1787896723.033692,ov25,agg_full@rho0.8,0,0.55,0.25,4,0.8,agg_full,1787896723.033677,2048,1024,2.503075122833252,0,2560,2560,2048,512,2,0,6,48,4.540361352264881,0;0;0;1,36,1,1,60,1787896748.920376,,0,1,0,1,3,1,0,0,0,2560,3072,512,10.24,0.0,10.24,16098.92749786377,10.24,-16088.68749786377,152.06416,2608.0,61.44
88,upsert,0,L0014,2560,2048,1787896739.1327007,13.59169602394104,56,1,88,1787896725.5410047,ov25,agg_full@rho0.8,0,0.55,0.25,4,0.8,agg_full,1787896725.540973,2048,512,20.665021657943726,0,2048,2048,2048,0,2,0,2,50,4.540361352264881,1;1;1;0,43,0,1,57,1787896746.4797726,,0,0,0,0,3,0,0,0,0,2048,2560,512,10.24,0.0,10.24,13591.69602394104,10.24,-13581.45602394104,1162.353847,2608.0,51.2
129,upsert,3,L0072,2048,0,1787896783.5369956,29.003170251846313,97,1,129,1787896754.5338254,ov25,agg_full@rho0.8,0,0.55,0.25,4,0.8,agg_full,1787896754.5338087,0,2048,,0,0,0,0,0,0,0,1,63,15.600038759410381,1;0;1;0,101,0,1,124,1787896800.195851,,0,1,3,1,1,1,3,0,0,0,2048,2048,40.96,0.0,40.96,29003.170251846313,40.96,-28962.210251846314,2297.269902,2080.0,40.96
0,upsert,0,L0000,2048,0,1787896824.7279317,10.525359630584717,1,2,0,1787896814.202572,ov25,agg_static@rho0.8,0,0.55,0.25,4,0.8,agg_static,1787896814.202548,0,2048,,0,0,0,0,0,0,0,0,1,,0;0;0;0,0,0,1,42,1787896880.2369788,,1,0,0,0,,0,0,1,1,0,0,0,0.0,0.0,0.0,10525.359630584717,0.0,-10525.359630584717,343.088072,2080.0,18.48
0,upsert,0,L0000,2048,0,1787896824.7279317,10.525359630584717,1,2,0,1787896814.202572,ov25,agg_static@rho0.8,0,0.55,0.25,4,0.8,agg_static,1787896814.202548,0,2048,,0,0,0,0,0,0,0,0,1,,0;0;0;0,0,0,2,60,1787896894.8061812,,1,1,1,0,,1,1,0,0,0,0,0,0.0,0.0,0.0,10525.359630584717,0.0,-10525.359630584717,184.955432,2608.0,0.0
1,upsert,1,L0000,2048,0,1787896826.1109076,11.908195972442627,2,2,1,1787896814.2027116,ov25,agg_static@rho0.8,0,0.55,0.25,4,0.8,agg_static,1787896814.2026987,0,2048,,0,0,0,0,0,0,0,0,2,,0;0;0;0,0,0,1,42,1787896880.2369788,,1,0,0,0,,0,0,1,1,0,0,0,0.0,0.0,0.0,11908.195972442627,0.0,-11908.195972442627,343.088072,2080.0,18.48
1,upsert,1,L0000,2048,0,1787896826.1109076,11.908195972442627,2,2,1,1787896814.2027116,ov25,agg_static@rho0.8,0,0.55,0.25,4,0.8,agg_static,1787896814.2026987,0,2048,,0,0,0,0,0,0,0,0,2,,0;0;0;0,0,0,2,60,1787896894.8061812,,1,1,1,0,,1,1,0,0,0,0,0,0.0,0.0,0.0,11908.195972442627,0.0,-11908.195972442627,184.955432,2608.0,0.0
12,upsert,0,L0003,2048,0,1787896829.5792983,8.020700931549072,7,1,12,1787896821.5585973,ov25,agg_static@rho0.8,0,0.55,0.25,4,0.8,agg_static,1787896821.5585735,0,2048,,0,0,0,0,0,0,0,0,13,,0;0;0;0,0,0,1,32,1787896872.8766835,,0,1,0,1,0,1,0,0,0,0,0,0,0.0,0.0,0.0,8020.700931549072,0.0,-8020.700931549072,238.874635,2080.0,0.0
13,upsert,1,L0003,2048,0,1787896829.579346,8.020595788955688,8,1,13,1787896821.5587502,ov25,agg_static@rho0.8,0,0.55,0.25,4,0.8,agg_static,1787896821.558736,0,2048,,0,0,0,0,0,0,0,0,14,,0;0;0;0,0,0,1,32,1787896872.8766835,,0,0,0,0,0,0,0,0,0,0,0,0,0.0,0.0,0.0,8020.5957889556885,0.0,-8020.5957889556885,238.874635,2080.0,0.0
16,upsert,0,L0004,2048,0,1787896829.5793898,5.788065195083618,9,1,16,1787896823.7913246,ov25,agg_static@rho0.8,0,0.55,0.25,4,0.8,agg_static,1787896823.7913005,0,2048,,0,0,0,0,0,0,0,0,17,,0;0;0;0,0,0,1,44,1787896883.3614197,,0,1,1,0,1,1,1,0,0,0,0,0,0.0,0.0,0.0,5788.065195083618,0.0,-5788.065195083618,138.080094,2080.0,0.0
17,upsert,1,L0004,2048,0,1787896829.579434,5.787959337234497,10,1,17,1787896823.7914746,ov25,agg_static@rho0.8,0,0.55,0.25,4,0.8,agg_static,1787896823.7914603,0,2048,,0,0,0,0,0,0,0,0,18,,0;0;0;0,0,0,1,44,1787896883.3614197,,0,0,1,1,1,0,1,0,0,0,0,0,0.0,0.0,0.0,5787.959337234497,0.0,-5787.959337234497,138.080094,2080.0,0.0
20,upsert,0,L0005,2048,0,1787896837.855634,11.601499795913696,11,2,20,1787896826.2541342,ov25,agg_static@rho0.8,0,0.55,0.25,4,0.8,agg_static,1787896826.2541082,0,2048,,0,0,0,0,0,0,0,0,18,10.621835629145304,0;0;0;0,0,0,1,33,1787896872.8767087,,0,1,1,0,3,1,1,0,0,2048,2048,0,0.0,0.0,0.0,11601.499795913696,0.0,-11601.499795913696,296.563999,2080.0,40.96
20,upsert,0,L0005,2048,0,1787896837.855634,11.601499795913696,11,2,20,1787896826.2541342,ov25,agg_static@rho0.8,0,0.55,0.25,4,0.8,agg_static,1787896826.2541082,0,2048,,0,0,0,0,0,0,0,0,18,10.621835629145304,0;0;0;0,0,0,2,49,1787896886.2065403,,0,1,1,0,2,1,1,0,0,2048,2048,0,0.0,0.0,0.0,11601.499795913696,0.0,-11601.499795913696,1257.101335,2080.0,40.96
21,upsert,1,L0005,2048,0,1787896837.8557446,11.601306915283203,12,2,21,1787896826.2544377,ov25,agg_static@rho0.8,0,0.55,0.25,4,0.8,agg_static,1787896826.2544196,0,2048,,0,0,0,0,0,0,0,0,19,10.621835629145304,0;0;0;0,0,0,1,33,1787896872.8767087,,0,0,1,1,3,0,1,1,0,2048,2048,0,0.0,-2.0,2.0,11601.306915283203,2.0,-11599.306915283203,296.563999,2080.0,40.96
21,upsert,1,L0005,2048,0,1787896837.8557446,11.601306915283203,12,2,21,1787896826.2544377,ov25,agg_static@rho0.8,0,0.55,0.25,4,0.8,agg_static,1787896826.2544196,0,2048,,0,0,0,0,0,0,0,0,19,10.621835629145304,0;0;0;0,0,0,2,49,1787896886.2065403,,0,0,1,1,2,0,1,1,0,2048,2048,0,0.0,-2.0,2.0,11601.306915283203,2.0,-11599.306915283203,1257.101335,2080.0,40.96
40,upsert,0,L0010,2048,0,1787896856.1534822,17.201045274734497,21,1,40,1787896838.952437,ov25,agg_static@rho0.8,0,0.55,0.25,4,0.8,agg_static,1787896838.952412,0,2048,,0,0,0,0,0,0,0,0,27,9.670161315373011,0;0;0;0,0,0,1,48,1787896886.206473,,0,1,0,1,3,1,0,0,0,2048,2048,0,0.0,0.0,0.0,17201.045274734497,0.0,-17201.045274734497,989.166516,2080.0,40.96
41,upsert,1,L0010,2048,0,1787896856.153595,17.200889587402344,22,1,41,1787896838.9527054,ov25,agg_static@rho0.8,0,0.55,0.25,4,0.8,agg_static,1787896838.9526901,0,2048,,0,0,0,0,0,0,0,0,28,9.670161315373011,0;0;0;0,0,0,1,48,1787896886.206473,,0,0,0,0,3,0,0,0,0,2048,2048,0,0.0,0.0,0.0,17200.889587402344,0.0,-17200.889587402344,989.166516,2080.0,40.96
44,upsert,0,L0011,2048,0,1787896856.1536536,14.719706535339355,23,2,44,1787896841.433947,ov25,agg_static@rho0.8,0,0.55,0.25,4,0.8,agg_static,1787896841.4339244,0,2048,,0,0,0,0,0,0,0,0,31,9.670161315373011,0;0;0;0,0,0,1,41,1787896880.2369237,,0,1,0,1,0,1,0,0,0,0,0,0,0.0,0.0,0.0,14719.706535339355,0.0,-14719.706535339355,146.728992,2080.0,0.0
44,upsert,0,L0011,2048,0,1787896856.1536536,14.719706535339355,23,2,44,1787896841.433947,ov25,agg_static@rho0.8,0,0.55,0.25,4,0.8,agg_static,1787896841.4339244,0,2048,,0,0,0,0,0,0,0,0,31,9.670161315373011,0;0;0;0,0,0,2,53,1787896888.4625487,,0,1,0,1,0,1,0,1,0,0,0,0,0.0,-2.0,2.0,14719.706535339355,2.0,-14717.706535339355,1030.176151,2080.0,0.0
45,upsert,1,L0011,2048,0,1787896856.1537082,14.719472885131836,24,2,45,1787896841.4342353,ov25,agg_static@rho0.8,0,0.55,0.25,4,0.8,agg_static,1787896841.43422,0,2048,,0,0,0,0,0,0,0,0,32,9.670161315373011,0;0;0;0,0,0,1,41,1787896880.2369237,,0,0,0,0,0,0,0,0,0,0,0,0,0.0,0.0,0.0,14719.472885131836,0.0,-14719.472885131836,146.728992,2080.0,0.0
45,upsert,1,L0011,2048,0,1787896856.1537082,14.719472885131836,24,2,45,1787896841.4342353,ov25,agg_static@rho0.8,0,0.55,0.25,4,0.8,agg_static,1787896841.43422,0,2048,,0,0,0,0,0,0,0,0,32,9.670161315373011,0;0;0;0,0,0,2,53,1787896888.4625487,,0,0,0,0,0,0,0,0,0,0,0,0,0.0,0.0,0.0,14719.472885131836,0.0,-14719.472885131836,1030.176151,2080.0,0.0
56,upsert,0,L0014,2048,0,1787896866.259962,17.17634105682373,29,1,56,1787896849.083621,ov25,agg_static@rho0.8,0,0.55,0.25,4,0.8,agg_static,1787896849.0835984,0,2048,,0,0,0,0,0,0,0,0,38,10.798177869696366,0;0;0;0,0,0,1,57,1787896890.9210422,,0,1,0,1,0,1,0,0,0,0,0,0,0.0,0.0,0.0,17176.34105682373,0.0,-17176.34105682373,1138.059502,2608.0,0.0
57,upsert,1,L0014,2048,0,1787896866.2600229,17.17613387107849,30,1,57,1787896849.083889,ov25,agg_static@rho0.8,0,0.55,0.25,4,0.8,agg_static,1787896849.0838745,0,2048,,0,0,0,0,0,0,0,0,39,10.798177869696366,0;0;0;0,0,0,1,57,1787896890.9210422,,0,0,0,0,0,0,0,0,0,0,0,0,0.0,0.0,0.0,17176.13387107849,0.0,-17176.13387107849,1138.059502,2608.0,0.0
67,upsert,2,L0023,2048,0,1787896871.345117,17.617101669311523,35,3,67,1787896853.7280154,ov25,agg_static@rho0.8,0,0.55,0.25,4,0.8,agg_static,1787896853.7280023,0,2048,,0,0,0,0,0,0,0,1,48,11.04143123626709,0;0;0;0,5,0,1,35,1787896872.876742,,0,3,2,1,3,3,2,0,1,0,2048,2048,40.96,2.0,38.96,17617.101669311523,38.96,-17578.141669311524,3191.803039,2608.0,38.96
67,upsert,2,L0023,2048,0,1787896871.345117,17.617101669311523,35,3,67,1787896853.7280154,ov25,agg_static@rho0.8,0,0.55,0.25,4,0.8,agg_static,1787896853.7280023,0,2048,,0,0,0,0,0,0,0,1,48,11.04143123626709,0;0;0;0,5,0,2,46,1787896883.3615284,,0,0,2,1,0,0,2,0,1,0,2048,2048,40.96,2.0,38.96,17617.101669311523,38.96,-17578.141669311524,2201.839823,2080.0,38.96
67,upsert,2,L0023,2048,0,1787896871.345117,17.617101669311523,35,3,67,1787896853.7280154,ov25,agg_static@rho0.8,0,0.55,0.25,4,0.8,agg_static,1787896853.7280023,0,2048,,0,0,0,0,0,0,0,1,48,11.04143123626709,0;0;0;0,5,0,3,63,1787896894.806331,,1,2,2,0,,2,2,1,1,0,0,0,0.0,0.0,0.0,17617.101669311523,0.0,-17617.101669311523,1385.590052,2608.0,49.2
68,upsert,1,L0000,2048,2048,1787896871.34519,15.210278272628784,36,2,68,1787896856.1349118,ov25,agg_static@rho0.8,0,0.55,0.25,4,0.8,agg_static,1787896856.134886,2048,0,41.93218731880188,0,2048,2048,2048,0,2,0,2,49,11.04143123626709,2;0;0;1,12,0,1,42,1787896880.2369788,,0,0,0,0,1,0,0,1,1,1024,1024,0,0.0,0.0,0.0,15210.278272628784,0.0,-15210.278272628784,343.088072,2080.0,18.48
68,upsert,1,L0000,2048,2048,1787896871.34519,15.210278272628784,36,2,68,1787896856.1349118,ov25,agg_static@rho0.8,0,0.55,0.25,4,0.8,agg_static,1787896856.134886,2048,0,41.93218731880188,0,2048,2048,2048,0,2,0,2,49,11.04143123626709,2;0;0;1,12,0,2,60,1787896894.8061812,,1,1,1,0,,1,1,0,0,0,0,0,0.0,0.0,0.0,15210.278272628784,0.0,-15210.278272628784,184.955432,2608.0,0.0
69,upsert,0,L0000,2560,2048,1787896871.3452365,15.21000051498413,37,2,69,1787896856.135236,ov25,agg_static@rho0.8,0,0.55,0.25,4,0.8,agg_static,1787896856.1352167,2048,512,41.932668685913086,0,2048,2048,2048,0,2,0,2,50,11.04143123626709,1;0;0;1,12,0,1,42,1787896880.2369788,,1,0,0,0,,0,0,1,1,0,0,0,0.0,0.0,0.0,15210.00051498413,0.0,-15210.00051498413,343.088072,2080.0,18.48
69,upsert,0,L0000,2560,2048,1787896871.3452365,15.21000051498413,37,2,69,1787896856.135236,ov25,agg_static@rho0.8,0,0.55,0.25,4,0.8,agg_static,1787896856.1352167,2048,512,41.932668685913086,0,2048,2048,2048,0,2,0,2,50,11.04143123626709,1;0;0;1,12,0,2,60,1787896894.8061812,,1,1,1,0,,1,1,0,0,0,0,0,0.0,0.0,0.0,15210.00051498413,0.0,-15210.00051498413,184.955432,2608.0,0.0
71,upsert,3,L0028,2048,0,1787896871.3453157,15.20969820022583,39,1,71,1787896856.1356175,ov25,agg_static@rho0.8,0,0.55,0.25,4,0.8,agg_static,1787896856.1356044,0,2048,,0,0,0,0,0,0,0,1,52,11.04143123626709,0;0;0;0,12,0,1,55,1787896888.4626434,,0,3,3,0,3,3,3,0,0,0,0,0,0.0,0.0,0.0,15209.69820022583,0.0,-15209.69820022583,1024.454852,2080.0,0.0
75,upsert,0,L0000,3072,2560,1787896879.621799,19.45962357521057,43,2,75,1787896860.1621754,ov25,agg_static@rho0.8,0,0.55,0.25,4,0.8,agg_static,1787896860.1621478,2560,512,4.026931047439575,0,2048,2048,2048,0,2,0,3,49,11.799715315854108,0;0;0;0,17,1,1,42,1787896880.2369788,,0,0,0,0,1,0,0,1,1,512,1024,512,10.24,0.0,10.24,19459.62357521057,10.24,-19449.38357521057,343.088072,2080.0,18.48
75,upsert,0,L0000,3072,2560,1787896879.621799,19.45962357521057,43,2,75,1787896860.1621754,ov25,agg_static@rho0.8,0,0.55,0.25,4,0.8,agg_static,1787896860.1621478,2560,512,4.026931047439575,0,2048,2048,2048,0,2,0,3,49,11.799715315854108,0;0;0;0,17,1,2,60,1787896894.8061812,,1,1,1,0,,1,1,0,0,0,0,0,0.0,0.0,0.0,19459.62357521057,0.0,-19459.62357521057,184.955432,2608.0,0.0
80,upsert,2,L0023,2560,2048,1787896887.621665,22.53327965736389,48,1,80,1787896865.0883853,ov25,agg_static@rho0.8,0,0.55,0.25,4,0.8,agg_static,1787896865.0883586,2048,512,11.360356330871582,0,0,0,0,0,0,0,2,54,11.799715315854108,1;1;0;1,28,1,1,63,1787896894.806331,,0,2,2,0,3,2,2,1,1,2048,2560,512,10.24,0.0,10.24,22533.27965736389,10.24,-22523.03965736389,1385.590052,2608.0,49.2
81,upsert,0,L0000,2048,3072,1787896887.6217263,22.533024787902832,49,1,81,1787896865.0887015,ov25,agg_static@rho0.8,0,0.55,0.25,4,0.8,agg_static,1787896865.0886834,3072,-1024,4.926535606384277,0,2048,2048,2048,0,2,0,5,55,11.799715315854108,0;1;0;1,28,1,1,60,1787896894.8061812,,0,1,1,0,1,1,1,0,0,0,0,0,0.0,0.0,0.0,22533.024787902832,0.0,-22533.024787902832,184.955432,2608.0,0.0
82,upsert,1,L0000,2560,2048,1787896887.621782,22.532859325408936,50,1,82,1787896865.0889227,ov25,agg_static@rho0.8,0,0.55,0.25,4,0.8,agg_static,1787896865.088907,2048,512,8.954020977020264,0,2048,2048,2048,0,2,0,5,56,11.799715315854108,0;0;0;1,28,1,1,60,1787896894.8061812,,1,1,1,0,,1,1,0,0,0,0,0,0.0,0.0,0.0,22532.859325408936,0.0,-22532.859325408936,184.955432,2608.0,0.0
83,upsert,3,L0046,2048,0,1787896887.6218276,22.532705307006836,51,1,83,1787896865.0891223,ov25,agg_static@rho0.8,0,0.55,0.25,4,0.8,agg_static,1787896865.0891094,0,2048,,0,0,0,0,0,0,0,1,57,11.799715315854108,0;0;0;0,28,0,1,58,1787896890.9210978,,0,1,3,1,1,1,3,0,1,0,2048,2048,40.96,2.0,38.96,22532.705307006836,38.96,-22493.745307006837,3227.501905,2080.0,38.96
86,upsert,1,L0000,3072,2560,1787896887.6219542,20.22763705253601,54,1,86,1787896867.3943172,ov25,agg_static@rho0.8,0,0.55,0.25,4,0.8,agg_static,1787896867.394312,2560,512,2.3054049015045166,0,2048,2048,2048,0,2,0,6,55,12.559396512806416,0;0;1;0,35,1,1,60,1787896894.8061812,,0,1,1,0,1,1,1,0,0,0,0,0,0.0,0.0,0.0,20227.63705253601,0.0,-20227.63705253601,184.955432,2608.0,0.0
129,upsert,0,L0072,2048,0,1787896936.3239703,36.76374411582947,97,1,129,1787896899.5602262,ov25,agg_static@rho0.8,0,0.55,0.25,4,0.8,agg_static,1787896899.5602095,0,2048,,0,0,0,0,0,0,0,1,69,20.103943213820457,0;1;1;0,99,0,1,124,1787896944.4435005,,0,3,0,1,3,3,0,0,0,0,2048,2048,40.96,0.0,40.96,36763.74411582947,40.96,-36722.78411582947,2308.688942,2080.0,40.96
0,upsert,0,L0000,2048,0,1787897095.7648401,0.002927541732788086,1,3,0,1787897095.7619126,ov25,agg_full@rho0.8,1,0.55,0.25,4,0.8,agg_full,1787897095.7618895,0,2048,,0,0,0,0,0,0,0,0,1,,0;0;0;0,0,0,1,36,1787897162.043466,,0,1,1,0,1,1,1,0,0,0,0,0,0.0,0.0,0.0,2.927541732788086,0.0,-2.927541732788086,954.440359,2080.0,0.0
0,upsert,0,L0000,2048,0,1787897095.7648401,0.002927541732788086,1,3,0,1787897095.7619126,ov25,agg_full@rho0.8,1,0.55,0.25,4,0.8,agg_full,1787897095.7618895,0,2048,,0,0,0,0,0,0,0,0,1,,0;0;0;0,0,0,2,50,1787897172.5976722,,0,1,1,0,2,1,1,1,1,2048,2048,0,0.0,0.0,0.0,2.927541732788086,0.0,-2.927541732788086,3119.081495,2608.0,38.96
0,upsert,0,L0000,2048,0,1787897095.7648401,0.002927541732788086,1,3,0,1787897095.7619126,ov25,agg_full@rho0.8,1,0.55,0.25,4,0.8,agg_full,1787897095.7618895,0,2048,,0,0,0,0,0,0,0,0,1,,0;0;0;0,0,0,3,51,1787897172.597719,,0,1,0,1,2,1,0,2,1,2048,2048,0,0.0,-2.0,2.0,2.927541732788086,2.0,-0.9275417327880859,1173.644621,2080.0,38.96
1,upsert,1,L0000,2048,0,1787897095.7649627,0.0029113292694091797,2,3,1,1787897095.7620513,ov25,agg_full@rho0.8,1,0.55,0.25,4,0.8,agg_full,1787897095.7620382,0,2048,,0,0,0,0,0,0,0,0,2,,0;0;0;0,0,0,1,36,1787897162.043466,,0,0,1,1,1,0,1,0,0,0,0,0,0.0,0.0,0.0,2.9113292694091797,0.0,-2.9113292694091797,954.440359,2080.0,0.0
1,upsert,1,L0000,2048,0,1787897095.7649627,0.0029113292694091797,2,3,1,1787897095.7620513,ov25,agg_full@rho0.8,1,0.55,0.25,4,0.8,agg_full,1787897095.7620382,0,2048,,0,0,0,0,0,0,0,0,2,,0;0;0;0,0,0,2,50,1787897172.5976722,,0,0,1,1,2,0,1,1,1,2048,2048,0,0.0,0.0,0.0,2.9113292694091797,0.0,-2.9113292694091797,3119.081495,2608.0,38.96
1,upsert,1,L0000,2048,0,1787897095.7649627,0.0029113292694091797,2,3,1,1787897095.7620513,ov25,agg_full@rho0.8,1,0.55,0.25,4,0.8,agg_full,1787897095.7620382,0,2048,,0,0,0,0,0,0,0,0,2,,0;0;0;0,0,0,3,51,1787897172.597719,,0,0,0,0,2,0,0,1,1,2048,2048,0,0.0,0.0,0.0,2.9113292694091797,0.0,-2.9113292694091797,1173.644621,2080.0,38.96
4,upsert,0,L0001,2048,0,1787897098.2926753,0.003969430923461914,3,3,4,1787897098.2887058,ov25,agg_full@rho0.8,1,0.55,0.25,4,0.8,agg_full,1787897098.2886848,0,2048,,0,0,0,0,0,0,0,0,3,0.002919435501098633,0;0;0;0,0,0,1,40,1787897164.6070936,,1,0,0,0,,0,0,0,0,0,0,0,0.0,0.0,0.0,3.969430923461914,0.0,-3.969430923461914,1312.253574,2608.0,51.2
4,upsert,0,L0001,2048,0,1787897098.2926753,0.003969430923461914,3,3,4,1787897098.2887058,ov25,agg_full@rho0.8,1,0.55,0.25,4,0.8,agg_full,1787897098.2886848,0,2048,,0,0,0,0,0,0,0,0,3,0.002919435501098633,0;0;0;0,0,0,2,41,1787897164.6071732,,1,0,0,0,,0,0,1,1,0,0,0,0.0,0.0,0.0,3.969430923461914,0.0,-3.969430923461914,1481.589274,2080.0,8.24
4,upsert,0,L0001,2048,0,1787897098.2926753,0.003969430923461914,3,3,4,1787897098.2887058,ov25,agg_full@rho0.8,1,0.55,0.25,4,0.8,agg_full,1787897098.2886848,0,2048,,0,0,0,0,0,0,0,0,3,0.002919435501098633,0;0;0;0,0,0,3,56,1787897179.416962,,1,0,0,0,,0,0,0,0,0,0,0,0.0,0.0,0.0,3.969430923461914,0.0,-3.969430923461914,280.340845,2608.0,0.0
5,upsert,1,L0001,2048,0,1787897098.2928236,0.0038886070251464844,4,3,5,1787897098.288935,ov25,agg_full@rho0.8,1,0.55,0.25,4,0.8,agg_full,1787897098.2889209,0,2048,,0,0,0,0,0,0,0,0,4,0.002919435501098633,0;0;0;0,0,0,1,40,1787897164.6070936,,1,0,0,0,,0,0,0,0,0,0,0,0.0,0.0,0.0,3.8886070251464844,0.0,-3.8886070251464844,1312.253574,2608.0,51.2
5,upsert,1,L0001,2048,0,1787897098.2928236,0.0038886070251464844,4,3,5,1787897098.288935,ov25,agg_full@rho0.8,1,0.55,0.25,4,0.8,agg_full,1787897098.2889209,0,2048,,0,0,0,0,0,0,0,0,4,0.002919435501098633,0;0;0;0,0,0,2,41,1787897164.6071732,,1,0,0,0,,0,0,1,1,0,0,0,0.0,0.0,0.0,3.8886070251464844,0.0,-3.8886070251464844,1481.589274,2080.0,8.24
5,upsert,1,L0001,2048,0,1787897098.2928236,0.0038886070251464844,4,3,5,1787897098.288935,ov25,agg_full@rho0.8,1,0.55,0.25,4,0.8,agg_full,1787897098.2889209,0,2048,,0,0,0,0,0,0,0,0,4,0.002919435501098633,0;0;0;0,0,0,3,56,1787897179.416962,,1,0,0,0,,0,0,0,0,0,0,0,0.0,0.0,0.0,3.8886070251464844,0.0,-3.8886070251464844,280.340845,2608.0,0.0
20,upsert,0,L0005,2048,0,1787897108.5278988,0.0033931732177734375,11,1,20,1787897108.5245056,ov25,agg_full@rho0.8,1,0.55,0.25,4,0.8,agg_full,1787897108.524481,0,2048,,0,0,0,0,0,0,0,0,11,0.0037256717681884766,0;0;0;0,0,0,1,32,1787897157.7663496,,0,1,0,1,3,1,0,0,0,2048,2048,0,0.0,0.0,0.0,3.3931732177734375,0.0,-3.3931732177734375,1243.66876,2080.0,40.96
21,upsert,1,L0005,2048,0,1787897108.5280106,0.0032417774200439453,12,1,21,1787897108.5247688,ov25,agg_full@rho0.8,1,0.55,0.25,4,0.8,agg_full,1787897108.5247536,0,2048,,0,0,0,0,0,0,0,0,12,0.0037256717681884766,0;0;0;0,0,0,1,32,1787897157.7663496,,0,0,0,0,3,0,0,0,0,2048,2048,0,0.0,0.0,0.0,3.2417774200439453,0.0,-3.2417774200439453,1243.66876,2080.0,40.96
24,upsert,0,L0006,2048,0,1787897111.3108873,0.0040700435638427734,13,2,24,1787897111.3068173,ov25,agg_full@rho0.8,1,0.55,0.25,4,0.8,agg_full,1787897111.3067925,0,2048,,0,0,0,0,0,0,0,0,13,0.0036576390266418457,0;0;0;0,0,0,1,34,1787897157.7664576,,0,1,1,0,2,1,1,1,1,2048,2048,0,0.0,0.0,0.0,4.070043563842773,0.0,-4.070043563842773,3583.926495,2080.0,38.96
24,upsert,0,L0006,2048,0,1787897111.3108873,0.0040700435638427734,13,2,24,1787897111.3068173,ov25,agg_full@rho0.8,1,0.55,0.25,4,0.8,agg_full,1787897111.3067925,0,2048,,0,0,0,0,0,0,0,0,13,0.0036576390266418457,0;0;0;0,0,0,2,53,1787897176.4166503,,0,1,1,0,3,1,1,0,0,2048,2048,0,0.0,0.0,0.0,4.070043563842773,0.0,-4.070043563842773,968.652785,2080.0,40.96
25,upsert,1,L0006,2048,0,1787897111.3110392,0.003954172134399414,14,2,25,1787897111.307085,ov25,agg_full@rho0.8,1,0.55,0.25,4,0.8,agg_full,1787897111.3070707,0,2048,,0,0,0,0,0,0,0,0,14,0.0036576390266418457,0;0;0;0,0,0,1,34,1787897157.7664576,,0,0,1,1,2,0,1,1,1,2048,2048,0,0.0,0.0,0.0,3.954172134399414,0.0,-3.954172134399414,3583.926495,2080.0,38.96
25,upsert,1,L0006,2048,0,1787897111.3110392,0.003954172134399414,14,2,25,1787897111.307085,ov25,agg_full@rho0.8,1,0.55,0.25,4,0.8,agg_full,1787897111.3070707,0,2048,,0,0,0,0,0,0,0,0,14,0.0036576390266418457,0;0;0;0,0,0,2,53,1787897176.4166503,,0,0,1,1,3,0,1,1,0,2048,2048,0,0.0,-2.0,2.0,3.954172134399414,2.0,-1.954172134399414,968.652785,2080.0,40.96
28,upsert,0,L0007,2048,0,1787897113.9233932,0.0040552616119384766,15,1,28,1787897113.919338,ov25,agg_full@rho0.8,1,0.55,0.25,4,0.8,agg_full,1787897113.9193146,0,2048,,0,0,0,0,0,0,0,0,15,0.003708277429853167,0;0;0;0,0,0,1,63,1787897182.1173754,,1,0,0,0,,0,0,2,2,0,0,0,0.0,0.0,0.0,4.055261611938477,0.0,-4.055261611938477,4564.053932,2608.0,6.24
29,upsert,1,L0007,2048,0,1787897113.9235477,0.003937959671020508,16,1,29,1787897113.9196098,ov25,agg_full@rho0.8,1,0.55,0.25,4,0.8,agg_full,1787897113.919595,0,2048,,0,0,0,0,0,0,0,0,16,0.003708277429853167,0;0;0;0,0,0,1,63,1787897182.1173754,,1,0,0,0,,0,0,2,2,0,0,0,0.0,0.0,0.0,3.937959671020508,0.0,-3.937959671020508,4564.053932,2608.0,6.24
36,upsert,0,L0009,2048,0,1787897120.5955024,1.5855555534362793,19,1,36,1787897119.0099468,ov25,agg_full@rho0.8,1,0.55,0.25,4,0.8,agg_full,1787897119.009921,0,2048,,0,0,0,0,0,0,0,0,19,0.003774563471476237,0;0;0;0,0,0,1,37,1787897162.04353,,0,1,0,1,0,1,0,1,0,0,0,0,0.0,-2.0,2.0,1585.5555534362793,2.0,-1583.5555534362793,254.648596,2080.0,0.0
37,upsert,1,L0009,2048,0,1787897122.056179,3.045940399169922,20,1,37,1787897119.0102386,ov25,agg_full@rho0.8,1,0.55,0.25,4,0.8,agg_full,1787897119.0102234,0,2048,,0,0,0,0,0,0,0,0,20,0.003774563471476237,0;0;0;0,0,0,1,37,1787897162.04353,,0,0,0,0,0,0,0,0,0,0,0,0,0.0,0.0,0.0,3045.940399169922,0.0,-3045.940399169922,254.648596,2080.0,0.0
52,upsert,0,L0013,2048,0,1787897137.9662902,8.293210506439209,27,2,52,1787897129.6730797,ov25,agg_full@rho0.8,1,0.55,0.25,4,0.8,agg_full,1787897129.6730564,0,2048,,0,0,0,0,0,0,0,0,31,0.6553798372095282,0;0;0;0,0,0,1,49,1787897172.5976145,,0,1,0,1,0,1,0,1,0,0,0,0,0.0,-2.0,2.0,8293.210506439209,2.0,-8291.210506439209,939.010896,2080.0,0.0
52,upsert,0,L0013,2048,0,1787897137.9662902,8.293210506439209,27,2,52,1787897129.6730797,ov25,agg_full@rho0.8,1,0.55,0.25,4,0.8,agg_full,1787897129.6730564,0,2048,,0,0,0,0,0,0,0,0,31,0.6553798372095282,0;0;0;0,0,0,2,59,1787897179.4171245,,0,1,1,0,1,1,1,0,0,0,0,0,0.0,0.0,0.0,8293.210506439209,0.0,-8293.210506439209,2233.580803,2080.0,0.0
53,upsert,1,L0013,2048,0,1787897137.9664013,8.293028831481934,28,2,53,1787897129.6733725,ov25,agg_full@rho0.8,1,0.55,0.25,4,0.8,agg_full,1787897129.6733575,0,2048,,0,0,0,0,0,0,0,0,32,0.6553798372095282,0;0;0;0,0,0,1,49,1787897172.5976145,,1,0,0,0,,0,0,0,0,0,0,0,0.0,0.0,0.0,8293.028831481934,0.0,-8293.028831481934,939.010896,2080.0,0.0
53,upsert,1,L0013,2048,0,1787897137.9664013,8.293028831481934,28,2,53,1787897129.6733725,ov25,agg_full@rho0.8,1,0.55,0.25,4,0.8,agg_full,1787897129.6733575,0,2048,,0,0,0,0,0,0,0,0,32,0.6553798372095282,0;0;0;0,0,0,2,59,1787897179.4171245,,1,1,1,0,,1,1,0,0,0,0,0,0.0,0.0,0.0,8293.028831481934,0.0,-8293.028831481934,2233.580803,2080.0,0.0
56,upsert,0,L0014,2048,0,1787897141.6292357,9.291083097457886,29,1,56,1787897132.3381526,ov25,agg_full@rho0.8,1,0.55,0.25,4,0.8,agg_full,1787897132.3381298,0,2048,,0,0,0,0,0,0,0,0,33,1.2236659129460652,0;0;0;0,0,0,1,52,1787897176.416582,,0,1,0,1,0,1,0,0,0,0,0,0,0.0,0.0,0.0,9291.083097457886,0.0,-9291.083097457886,237.531168,2080.0,0.0
57,upsert,1,L0014,2048,0,1787897141.6293406,9.290876865386963,30,1,57,1787897132.3384638,ov25,agg_full@rho0.8,1,0.55,0.25,4,0.8,agg_full,1787897132.3384483,0,2048,,0,0,0,0,0,0,0,0,34,1.2236659129460652,0;0;0;0,0,0,1,52,1787897176.416582,,0,0,0,0,0,0,0,0,0,0,0,0,0.0,0.0,0.0,9290.876865386963,0.0,-9290.876865386963,237.531168,2080.0,0.0
65,upsert,1,L0007,2048,2048,1787897147.4720166,9.825256109237671,34,1,65,1787897137.6467605,ov25,agg_full@rho0.8,1,0.55,0.25,4,0.8,agg_full,1787897137.6467433,2048,0,23.727148294448853,0,2048,2048,2048,0,2,0,1,40,1.791008004775414,0;0;1;1,5,0,1,63,1787897182.1173754,,0,0,0,0,1,0,0,2,2,512,512,0,0.0,0.0,0.0,9825.25610923767,0.0,-9825.25610923767,4564.053932,2608.0,6.24
69,upsert,0,L0021,2048,0,1787897153.3147056,12.766306400299072,38,2,69,1787897140.5483992,ov25,agg_full@rho0.8,1,0.55,0.25,4,0.8,agg_full,1787897140.548384,0,2048,,0,0,0,0,0,0,0,1,42,2.255444552217211,1;1;0;0,11,0,1,58,1787897179.4170766,,0,1,0,1,1,1,0,0,1,0,2048,2048,40.96,2.0,38.96,12766.306400299072,38.96,-12727.346400299073,1589.749847,2080.0,38.96
69,upsert,0,L0021,2048,0,1787897153.3147056,12.766306400299072,38,2,69,1787897140.5483992,ov25,agg_full@rho0.8,1,0.55,0.25,4,0.8,agg_full,1787897140.548384,0,2048,,0,0,0,0,0,0,0,1,42,2.255444552217211,1;1;0;0,11,0,2,61,1787897182.117276,,0,3,0,1,3,3,0,0,1,0,2048,2048,40.96,2.0,38.96,12766.306400299072,38.96,-12727.346400299073,4565.69604,2608.0,38.96
71,upsert,1,L0001,2048,2048,1787897153.3148153,12.76602029800415,40,3,71,1787897140.548795,ov25,agg_full@rho0.8,1,0.55,0.25,4,0.8,agg_full,1787897140.5487804,2048,0,42.259859561920166,0,2048,2048,2048,0,2,0,1,44,2.255444552217211,0;0;0;0,11,0,1,40,1787897164.6070936,,0,0,0,0,3,0,0,0,0,2560,2560,0,0.0,0.0,0.0,12766.02029800415,0.0,-12766.02029800415,1312.253574,2608.0,51.2
71,upsert,1,L0001,2048,2048,1787897153.3148153,12.76602029800415,40,3,71,1787897140.548795,ov25,agg_full@rho0.8,1,0.55,0.25,4,0.8,agg_full,1787897140.5487804,2048,0,42.259859561920166,0,2048,2048,2048,0,2,0,1,44,2.255444552217211,0;0;0;0,11,0,2,41,1787897164.6071732,,0,0,0,0,1,0,0,1,1,512,512,0,0.0,0.0,0.0,12766.02029800415,0.0,-12766.02029800415,1481.589274,2080.0,8.24
71,upsert,1,L0001,2048,2048,1787897153.3148153,12.76602029800415,40,3,71,1787897140.548795,ov25,agg_full@rho0.8,1,0.55,0.25,4,0.8,agg_full,1787897140.5487804,2048,0,42.259859561920166,0,2048,2048,2048,0,2,0,1,44,2.255444552217211,0;0;0;0,11,0,3,56,1787897179.416962,,0,0,0,0,0,0,0,0,0,0,0,0,0.0,0.0,0.0,12766.02029800415,0.0,-12766.02029800415,280.340845,2608.0,0.0
76,upsert,3,L0022,2048,0,1787897160.6407049,14.428560256958008,45,2,76,1787897146.2121446,ov25,agg_full@rho0.8,1,0.55,0.25,4,0.8,agg_full,1787897146.2121198,0,2048,,0,0,0,0,0,0,0,1,45,2.971684016287327,2;1;0;0,21,0,1,55,1787897176.416745,,0,2,3,1,2,2,3,0,1,0,2048,2048,40.96,2.0,38.96,14428.560256958008,38.96,-14389.600256958009,2373.518912,2080.0,38.96
76,upsert,3,L0022,2048,0,1787897160.6407049,14.428560256958008,45,2,76,1787897146.2121446,ov25,agg_full@rho0.8,1,0.55,0.25,4,0.8,agg_full,1787897146.2121198,0,2048,,0,0,0,0,0,0,0,1,45,2.971684016287327,2;1;0;0,21,0,2,57,1787897179.4170263,,0,2,3,1,2,2,3,0,0,0,2048,2048,40.96,0.0,40.96,14428.560256958008,40.96,-14387.600256958009,1257.537109,2608.0,40.96
79,upsert,0,L0001,2560,2048,1787897160.6408312,14.427929639816284,48,3,79,1787897146.2129016,ov25,agg_full@rho0.8,1,0.55,0.25,4,0.8,agg_full,1787897146.212886,2048,512,47.924201250076294,0,2048,2048,2048,0,2,0,2,48,2.971684016287327,0;0;0;0,21,0,1,40,1787897164.6070936,,0,0,0,0,3,0,0,0,0,2048,2560,512,10.24,0.0,10.24,14427.929639816284,10.24,-14417.689639816284,1312.253574,2608.0,51.2
79,upsert,0,L0001,2560,2048,1787897160.6408312,14.427929639816284,48,3,79,1787897146.2129016,ov25,agg_full@rho0.8,1,0.55,0.25,4,0.8,agg_full,1787897146.212886,2048,512,47.924201250076294,0,2048,2048,2048,0,2,0,2,48,2.971684016287327,0;0;0;0,21,0,2,41,1787897164.6071732,,0,1,0,1,1,1,0,0,1,0,512,512,10.24,2.0,8.24,14427.929639816284,8.24,-14419.689639816284,1481.589274,2080.0,8.24
79,upsert,0,L0001,2560,2048,1787897160.6408312,14.427929639816284,48,3,79,1787897146.2129016,ov25,agg_full@rho0.8,1,0.55,0.25,4,0.8,agg_full,1787897146.212886,2048,512,47.924201250076294,0,2048,2048,2048,0,2,0,2,48,2.971684016287327,0;0;0;0,21,0,3,56,1787897179.416962,,0,0,0,0,0,0,0,0,0,0,0,0,0.0,0.0,0.0,14427.929639816284,0.0,-14427.929639816284,280.340845,2608.0,0.0
81,upsert,0,L0007,2560,2048,1787897171.5843756,22.809242486953735,50,1,81,1787897148.7751331,ov25,agg_full@rho0.8,1,0.55,0.25,4,0.8,agg_full,1787897148.7751143,2048,512,34.85579967498779,0,2048,2048,2048,0,2,0,2,46,4.199405446648598,0;1;1;0,27,0,1,63,1787897182.1173754,,0,1,0,1,1,1,0,0,2,0,512,512,10.24,4.0,6.24,22809.242486953735,6.24,-22803.002486953734,4564.053932,2608.0,6.24
82,upsert,1,L0013,2048,2048,1787897171.5844345,22.80905270576477,51,2,82,1787897148.7753818,ov25,agg_full@rho0.8,1,0.55,0.25,4,0.8,agg_full,1787897148.7753663,2048,0,19.102008819580078,0,2048,2048,2048,0,2,0,1,47,4.199405446648598,0;0;1;0,27,0,1,49,1787897172.5976145,,0,0,0,0,0,0,0,0,0,0,0,0,0.0,0.0,0.0,22809.05270576477,0.0,-22809.05270576477,939.010896,2080.0,0.0
82,upsert,1,L0013,2048,2048,1787897171.5844345,22.80905270576477,51,2,82,1787897148.7753818,ov25,agg_full@rho0.8,1,0.55,0.25,4,0.8,agg_full,1787897148.7753663,2048,0,19.102008819580078,0,2048,2048,2048,0,2,0,1,47,4.199405446648598,0;0;1;0,27,0,2,59,1787897179.4171245,,0,1,1,0,1,1,1,0,0,0,0,0,0.0,0.0,0.0,22809.05270576477,0.0,-22809.05270576477,2233.580803,2080.0,0.0
84,upsert,3,L0024,2048,0,1787897171.5845287,20.280097007751465,53,1,84,1787897151.3044317,ov25,agg_full@rho0.8,1,0.55,0.25,4,0.8,agg_full,1787897151.3044086,0,2048,,0,0,0,0,0,0,0,1,49,4.199405446648598,1;1;1;0,31,0,1,54,1787897176.4167018,,0,2,3,1,2,2,3,0,0,0,2048,2048,40.96,0.0,40.96,20280.097007751465,40.96,-20239.137007751466,1079.060069,2080.0,40.96
138,upsert,0,L0070,2560,0,1787897221.7192426,25.55728769302368,96,1,138,1787897196.1619549,ov25,agg_full@rho0.8,1,0.55,0.25,4,0.8,agg_full,1787897196.1619406,0,2560,,0,0,0,0,0,0,0,2,64,22.536297045648098,0;0;0;1,106,0,1,120,1787897234.5477848,,1,0,0,0,,0,0,0,0,0,0,0,0.0,0.0,0.0,25557.28769302368,0.0,-25557.28769302368,120.534462,2080.0,0.0
154,upsert,0,L0070,3072,2560,1787897226.6674232,18.156922101974487,99,1,154,1787897208.5105011,ov25,agg_full@rho0.8,1,0.55,0.25,4,0.8,agg_full,1787897208.5104833,2560,512,12.3485426902771,0,0,0,0,0,0,0,3,69,25.52269246429205,0;1;0;0,122,1,1,120,1787897234.5477848,,0,0,0,0,0,0,0,0,0,0,0,0,0.0,0.0,0.0,18156.922101974487,0.0,-18156.922101974487,120.534462,2080.0,0.0
155,upsert,1,L0064,2560,0,1787897226.66749,18.15654683113098,100,3,155,1787897208.5109432,ov25,agg_full@rho0.8,1,0.55,0.25,4,0.8,agg_full,1787897208.5109298,0,2560,,0,0,0,0,0,0,0,2,70,25.52269246429205,0;0;0;0,122,0,1,113,1787897228.746941,,0,3,3,0,3,3,3,0,0,0,0,0,0.0,0.0,0.0,18156.54683113098,0.0,-18156.54683113098,152.080126,2080.0,0.0
155,upsert,1,L0064,2560,0,1787897226.66749,18.15654683113098,100,3,155,1787897208.5109432,ov25,agg_full@rho0.8,1,0.55,0.25,4,0.8,agg_full,1787897208.5109298,0,2560,,0,0,0,0,0,0,0,2,70,25.52269246429205,0;0;0;0,122,0,2,115,1787897228.7470393,,0,3,3,0,0,3,3,1,1,3072,3072,0,0.0,0.0,0.0,18156.54683113098,0.0,-18156.54683113098,310.210668,2608.0,59.44
155,upsert,1,L0064,2560,0,1787897226.66749,18.15654683113098,100,3,155,1787897208.5109432,ov25,agg_full@rho0.8,1,0.55,0.25,4,0.8,agg_full,1787897208.5109298,0,2560,,0,0,0,0,0,0,0,2,70,25.52269246429205,0;0;0;0,122,0,3,125,1787897237.3554833,,0,3,3,0,0,3,3,0,0,3072,3072,0,0.0,0.0,0.0,18156.54683113098,0.0,-18156.54683113098,205.111641,3136.0,61.44
163,upsert,3,L0064,3072,0,1787897228.3257716,12.908529043197632,103,3,163,1787897215.4172425,ov25,agg_full@rho0.8,1,0.55,0.25,4,0.8,agg_full,1787897215.4172254,2048,1024,19.25487446784973,0,0,0,0,0,0,0,3,70,27.2684193700552,0;0;0;0,130,1,1,113,1787897228.746941,,0,1,3,1,3,1,3,0,0,0,0,0,0.0,0.0,0.0,12908.529043197632,0.0,-12908.529043197632,152.080126,2080.0,0.0
163,upsert,3,L0064,3072,0,1787897228.3257716,12.908529043197632,103,3,163,1787897215.4172425,ov25,agg_full@rho0.8,1,0.55,0.25,4,0.8,agg_full,1787897215.4172254,2048,1024,19.25487446784973,0,0,0,0,0,0,0,3,70,27.2684193700552,0;0;0;0,130,1,2,115,1787897228.7470393,,0,1,3,1,0,1,3,1,1,2560,3072,512,10.24,0.0,10.24,12908.529043197632,10.24,-12898.289043197632,310.210668,2608.0,59.44
163,upsert,3,L0064,3072,0,1787897228.3257716,12.908529043197632,103,3,163,1787897215.4172425,ov25,agg_full@rho0.8,1,0.55,0.25,4,0.8,agg_full,1787897215.4172254,2048,1024,19.25487446784973,0,0,0,0,0,0,0,3,70,27.2684193700552,0;0;0;0,130,1,3,125,1787897237.3554833,,0,1,3,1,0,1,3,0,0,2560,3072,512,10.24,0.0,10.24,12908.529043197632,10.24,-12898.289043197632,205.111641,3136.0,61.44
168,upsert,2,L0068,2560,0,1787897231.9887214,7.967996120452881,105,1,168,1787897224.0207253,ov25,agg_full@rho0.8,1,0.55,0.25,4,0.8,agg_full,1787897224.0207002,0,2560,,0,0,0,0,0,0,0,2,72,27.155778899788857,1;1;0;1,138,0,1,121,1787897234.5478473,,0,2,2,0,2,2,2,0,0,0,0,0,0.0,0.0,0.0,7967.996120452881,0.0,-7967.996120452881,145.361062,2080.0,0.0
0,upsert,0,L0000,2048,0,1787897259.9137585,0.0036492347717285156,1,3,0,1787897259.9101093,ov25,agg_static@rho0.8,1,0.55,0.25,4,0.8,agg_static,1787897259.9100873,0,2048,,0,0,0,0,0,0,0,0,1,,0;0;0;0,0,0,1,36,1787897325.5081868,,0,1,1,0,2,1,1,0,0,2048,2048,0,0.0,0.0,0.0,3.6492347717285156,0.0,-3.6492347717285156,1117.889139,2080.0,40.96
0,upsert,0,L0000,2048,0,1787897259.9137585,0.0036492347717285156,1,3,0,1787897259.9101093,ov25,agg_static@rho0.8,1,0.55,0.25,4,0.8,agg_static,1787897259.9100873,0,2048,,0,0,0,0,0,0,0,0,1,,0;0;0;0,0,0,2,50,1787897337.7800531,,0,1,0,1,3,1,0,1,1,2048,2048,0,0.0,0.0,0.0,3.6492347717285156,0.0,-3.6492347717285156,4157.822958,2080.0,38.96
0,upsert,0,L0000,2048,0,1787897259.9137585,0.0036492347717285156,1,3,0,1787897259.9101093,ov25,agg_static@rho0.8,1,0.55,0.25,4,0.8,agg_static,1787897259.9100873,0,2048,,0,0,0,0,0,0,0,0,1,,0;0;0;0,0,0,3,51,1787897337.7800994,,0,1,1,0,3,1,1,1,1,2048,2048,0,0.0,0.0,0.0,3.6492347717285156,0.0,-3.6492347717285156,1288.97167,2080.0,38.96
1,upsert,1,L0000,2048,0,1787897261.3145845,1.4043197631835938,2,3,1,1787897259.9102647,ov25,agg_static@rho0.8,1,0.55,0.25,4,0.8,agg_static,1787897259.9102504,0,2048,,0,0,0,0,0,0,0,0,2,,0;0;0;0,0,0,1,36,1787897325.5081868,,0,0,1,1,2,0,1,0,0,2048,2048,0,0.0,0.0,0.0,1404.3197631835938,0.0,-1404.3197631835938,1117.889139,2080.0,40.96
1,upsert,1,L0000,2048,0,1787897261.3145845,1.4043197631835938,2,3,1,1787897259.9102647,ov25,agg_static@rho0.8,1,0.55,0.25,4,0.8,agg_static,1787897259.9102504,0,2048,,0,0,0,0,0,0,0,0,2,,0;0;0;0,0,0,2,50,1787897337.7800531,,0,0,0,0,3,0,0,1,1,2048,2048,0,0.0,0.0,0.0,1404.3197631835938,0.0,-1404.3197631835938,4157.822958,2080.0,38.96
1,upsert,1,L0000,2048,0,1787897261.3145845,1.4043197631835938,2,3,1,1787897259.9102647,ov25,agg_static@rho0.8,1,0.55,0.25,4,0.8,agg_static,1787897259.9102504,0,2048,,0,0,0,0,0,0,0,0,2,,0;0;0;0,0,0,3,51,1787897337.7800994,,0,0,1,1,3,0,1,2,1,2048,2048,0,0.0,-2.0,2.0,1404.3197631835938,2.0,-1402.3197631835938,1288.97167,2080.0,38.96
4,upsert,0,L0001,2048,0,1787897264.2584066,1.830712080001831,3,3,4,1787897262.4276946,ov25,agg_static@rho0.8,1,0.55,0.25,4,0.8,agg_static,1787897262.4276652,0,2048,,0,0,0,0,0,0,0,0,3,0.7039844989776611,0;0;0;0,0,0,1,40,1787897328.930065,,0,1,1,0,0,1,1,0,0,512,512,0,0.0,0.0,0.0,1830.712080001831,0.0,-1830.712080001831,1546.496642,2608.0,10.24
4,upsert,0,L0001,2048,0,1787897264.2584066,1.830712080001831,3,3,4,1787897262.4276946,ov25,agg_static@rho0.8,1,0.55,0.25,4,0.8,agg_static,1787897262.4276652,0,2048,,0,0,0,0,0,0,0,0,3,0.7039844989776611,0;0;0;0,0,0,2,41,1787897328.9301302,,0,1,1,0,2,1,1,1,1,2560,2560,0,0.0,0.0,0.0,1830.712080001831,0.0,-1830.712080001831,3906.087805,2080.0,49.2
4,upsert,0,L0001,2048,0,1787897264.2584066,1.830712080001831,3,3,4,1787897262.4276946,ov25,agg_static@rho0.8,1,0.55,0.25,4,0.8,agg_static,1787897262.4276652,0,2048,,0,0,0,0,0,0,0,0,3,0.7039844989776611,0;0;0;0,0,0,3,56,1787897346.001592,,0,1,1,0,3,1,1,0,0,2560,2560,0,0.0,0.0,0.0,1830.712080001831,0.0,-1830.712080001831,312.658054,2608.0,51.2
5,upsert,1,L0001,2048,0,1787897265.7190723,3.2911205291748047,4,3,5,1787897262.4279518,ov25,agg_static@rho0.8,1,0.55,0.25,4,0.8,agg_static,1787897262.427936,0,2048,,0,0,0,0,0,0,0,0,4,0.7039844989776611,0;0;0;0,0,0,1,40,1787897328.930065,,1,1,1,0,,1,1,0,0,0,0,0,0.0,0.0,0.0,3291.1205291748047,0.0,-3291.1205291748047,1546.496642,2608.0,10.24
5,upsert,1,L0001,2048,0,1787897265.7190723,3.2911205291748047,4,3,5,1787897262.4279518,ov25,agg_static@rho0.8,1,0.55,0.25,4,0.8,agg_static,1787897262.427936,0,2048,,0,0,0,0,0,0,0,0,4,0.7039844989776611,0;0;0;0,0,0,2,41,1787897328.9301302,,1,1,1,0,,1,1,1,1,0,0,0,0.0,0.0,0.0,3291.1205291748047,0.0,-3291.1205291748047,3906.087805,2080.0,49.2
5,upsert,1,L0001,2048,0,1787897265.7190723,3.2911205291748047,4,3,5,1787897262.4279518,ov25,agg_static@rho0.8,1,0.55,0.25,4,0.8,agg_static,1787897262.427936,0,2048,,0,0,0,0,0,0,0,0,4,0.7039844989776611,0;0;0;0,0,0,3,56,1787897346.001592,,1,1,1,0,,1,1,0,0,0,0,0,0.0,0.0,0.0,3291.1205291748047,0.0,-3291.1205291748047,312.658054,2608.0,51.2
20,upsert,0,L0005,2048,0,1787897278.1684942,5.267157793045044,11,1,20,1787897272.9013364,ov25,agg_static@rho0.8,1,0.55,0.25,4,0.8,agg_static,1787897272.9013114,0,2048,,0,0,0,0,0,0,0,0,13,2.4472265243530273,0;0;0;0,0,0,1,32,1787897321.7080104,,0,1,0,1,0,1,0,0,0,0,0,0,0.0,0.0,0.0,5267.157793045044,0.0,-5267.157793045044,1037.821071,2080.0,0.0
21,upsert,1,L0005,2048,0,1787897278.1686232,5.267015695571899,12,1,21,1787897272.9016075,ov25,agg_static@rho0.8,1,0.55,0.25,4,0.8,agg_static,1787897272.9015918,0,2048,,0,0,0,0,0,0,0,0,14,2.4472265243530273,0;0;0;0,0,0,1,32,1787897321.7080104,,0,0,0,0,0,0,0,0,0,0,0,0,0.0,0.0,0.0,5267.015695571899,0.0,-5267.015695571899,1037.821071,2080.0,0.0
24,upsert,0,L0006,2048,0,1787897281.8314235,6.378717422485352,13,2,24,1787897275.452706,ov25,agg_static@rho0.8,1,0.55,0.25,4,0.8,agg_static,1787897275.4526823,0,2048,,0,0,0,0,0,0,0,0,15,2.8267242193222044,0;0;0;0,0,0,1,34,1787897321.708121,,0,1,1,0,3,1,1,0,0,2048,2048,0,0.0,0.0,0.0,6378.717422485352,0.0,-6378.717422485352,244.25036,2080.0,40.96
24,upsert,0,L0006,2048,0,1787897281.8314235,6.378717422485352,13,2,24,1787897275.452706,ov25,agg_static@rho0.8,1,0.55,0.25,4,0.8,agg_static,1787897275.4526823,0,2048,,0,0,0,0,0,0,0,0,15,2.8267242193222044,0;0;0;0,0,0,2,53,1787897342.6721005,,0,1,1,0,3,1,1,0,0,2048,2048,0,0.0,0.0,0.0,6378.717422485352,0.0,-6378.717422485352,1081.010274,2080.0,40.96
25,upsert,1,L0006,2048,0,1787897281.8315513,6.378566026687622,14,2,25,1787897275.4529853,ov25,agg_static@rho0.8,1,0.55,0.25,4,0.8,agg_static,1787897275.4529698,0,2048,,0,0,0,0,0,0,0,0,16,2.8267242193222044,0;0;0;0,0,0,1,34,1787897321.708121,,0,0,1,1,3,0,1,1,0,2048,2048,0,0.0,-2.0,2.0,6378.566026687622,2.0,-6376.566026687622,244.25036,2080.0,40.96
25,upsert,1,L0006,2048,0,1787897281.8315513,6.378566026687622,14,2,25,1787897275.4529853,ov25,agg_static@rho0.8,1,0.55,0.25,4,0.8,agg_static,1787897275.4529698,0,2048,,0,0,0,0,0,0,0,0,16,2.8267242193222044,0;0;0;0,0,0,2,53,1787897342.6721005,,0,0,1,1,3,0,1,1,0,2048,2048,0,0.0,-2.0,2.0,6378.566026687622,2.0,-6376.566026687622,1081.010274,2080.0,40.96
28,upsert,0,L0007,2048,0,1787897281.83162,3.7721450328826904,15,1,28,1787897278.059475,ov25,agg_static@rho0.8,1,0.55,0.25,4,0.8,agg_static,1787897278.059444,0,2048,,0,0,0,0,0,0,0,0,19,2.8267242193222044,0;0;0;0,0,0,1,63,1787897350.0952396,,1,0,0,0,,0,0,1,1,0,0,0,0.0,0.0,0.0,3772.1450328826904,0.0,-3772.1450328826904,3423.810932,2608.0,49.2
29,upsert,1,L0007,2048,0,1787897284.7303135,6.67055082321167,16,1,29,1787897278.0597627,ov25,agg_static@rho0.8,1,0.55,0.25,4,0.8,agg_static,1787897278.059747,0,2048,,0,0,0,0,0,0,0,0,20,2.8267242193222044,0;0;0;0,0,0,1,63,1787897350.0952396,,1,0,0,0,,0,0,1,1,0,0,0,0.0,0.0,0.0,6670.55082321167,0.0,-6670.55082321167,3423.810932,2608.0,49.2
36,upsert,0,L0009,2048,0,1787897292.0786164,8.690076112747192,19,1,36,1787897283.3885403,ov25,agg_static@rho0.8,1,0.55,0.25,4,0.8,agg_static,1787897283.3885095,0,2048,,0,0,0,0,0,0,0,0,22,3.6887229442596436,0;0;0;0,0,0,1,37,1787897325.508254,,0,1,0,1,2,1,0,1,0,2048,2048,0,0.0,-2.0,2.0,8690.076112747192,2.0,-8688.076112747192,257.710645,2080.0,40.96
37,upsert,1,L0009,2048,0,1787897292.0787382,8.689898252487183,20,1,37,1787897283.38884,ov25,agg_static@rho0.8,1,0.55,0.25,4,0.8,agg_static,1787897283.3888226,0,2048,,0,0,0,0,0,0,0,0,23,3.6887229442596436,0;0;0;0,0,0,1,37,1787897325.508254,,0,0,0,0,2,0,0,0,0,2048,2048,0,0.0,0.0,0.0,8689.898252487183,0.0,-8689.898252487183,257.710645,2080.0,40.96
52,upsert,0,L0013,2048,0,1787897303.7639787,9.709315538406372,27,2,52,1787897294.0546632,ov25,agg_static@rho0.8,1,0.55,0.25,4,0.8,agg_static,1787897294.054639,0,2048,,0,0,0,0,0,0,0,0,33,4.639753532409668,0;0;0;0,0,0,1,49,1787897337.7799962,,0,1,1,0,1,1,1,0,0,0,0,0,0.0,0.0,0.0,9709.315538406372,0.0,-9709.315538406372,1064.810506,2080.0,0.0
52,upsert,0,L0013,2048,0,1787897303.7639787,9.709315538406372,27,2,52,1787897294.0546632,ov25,agg_static@rho0.8,1,0.55,0.25,4,0.8,agg_static,1787897294.054639,0,2048,,0,0,0,0,0,0,0,0,33,4.639753532409668,0;0;0;0,0,0,2,59,1787897346.0017626,,0,1,0,1,3,1,0,2,1,2048,2048,0,0.0,-2.0,2.0,9709.315538406372,2.0,-9707.315538406372,3391.048221,2080.0,38.96
53,upsert,1,L0013,2048,0,1787897303.7640998,9.70914888381958,28,2,53,1787897294.054951,ov25,agg_static@rho0.8,1,0.55,0.25,4,0.8,agg_static,1787897294.0549366,0,2048,,0,0,0,0,0,0,0,0,34,4.639753532409668,0;0;0;0,0,0,1,49,1787897337.7799962,,1,1,1,0,,1,1,0,0,0,0,0,0.0,0.0,0.0,9709.14888381958,0.0,-9709.14888381958,1064.810506,2080.0,0.0
53,upsert,1,L0013,2048,0,1787897303.7640998,9.70914888381958,28,2,53,1787897294.054951,ov25,agg_static@rho0.8,1,0.55,0.25,4,0.8,agg_static,1787897294.0549366,0,2048,,0,0,0,0,0,0,0,0,34,4.639753532409668,0;0;0;0,0,0,2,59,1787897346.0017626,,1,0,0,0,,0,0,1,1,0,0,0,0.0,0.0,0.0,9709.14888381958,0.0,-9709.14888381958,3391.048221,2080.0,38.96
56,upsert,0,L0014,2048,0,1787897306.6853411,10.148361921310425,29,1,56,1787897296.5369792,ov25,agg_static@rho0.8,1,0.55,0.25,4,0.8,agg_static,1787897296.536956,0,2048,,0,0,0,0,0,0,0,0,35,5.022805744951421,0;0;0;0,0,0,1,52,1787897342.6720326,,0,1,0,1,3,1,0,0,0,2048,2048,0,0.0,0.0,0.0,10148.361921310425,0.0,-10148.361921310425,130.334816,2080.0,40.96
57,upsert,1,L0014,2048,0,1787897306.6854613,10.14818811416626,30,1,57,1787897296.5372732,ov25,agg_static@rho0.8,1,0.55,0.25,4,0.8,agg_static,1787897296.5372584,0,2048,,0,0,0,0,0,0,0,0,36,5.022805744951421,0;0;0;0,0,0,1,52,1787897342.6720326,,0,0,0,0,3,0,0,0,0,2048,2048,0,0.0,0.0,0.0,10148.18811416626,0.0,-10148.18811416626,130.334816,2080.0,40.96
65,upsert,1,L0007,2048,2048,1787897310.348506,8.6963951587677,34,1,65,1787897301.6521108,ov25,agg_static@rho0.8,1,0.55,0.25,4,0.8,agg_static,1787897301.6520936,2048,0,23.592346668243408,0,2048,2048,2048,0,2,0,1,40,5.534697633523208,0;0;1;1,6,0,1,63,1787897350.0952396,,0,0,0,0,2,0,0,1,1,2560,2560,0,0.0,0.0,0.0,8696.3951587677,0.0,-8696.3951587677,3423.810932,2608.0,49.2
69,upsert,1,L0021,2048,0,1787897316.8877459,12.51356554031372,38,2,69,1787897304.3741803,ov25,agg_static@rho0.8,1,0.55,0.25,4,0.8,agg_static,1787897304.3741512,0,2048,,0,0,0,0,0,0,0,1,42,5.83287867477962,1;1;0;0,12,0,1,58,1787897346.0017126,,0,3,1,1,3,3,1,0,1,0,2048,2048,40.96,2.0,38.96,12513.56554031372,38.96,-12474.605540313722,1577.114079,2080.0,38.96
69,upsert,1,L0021,2048,0,1787897316.8877459,12.51356554031372,38,2,69,1787897304.3741803,ov25,agg_static@rho0.8,1,0.55,0.25,4,0.8,agg_static,1787897304.3741512,0,2048,,0,0,0,0,0,0,0,1,42,5.83287867477962,1;1;0;0,12,0,2,61,1787897350.0951338,,0,2,1,1,2,2,1,0,0,0,2048,2048,40.96,0.0,40.96,12513.56554031372,40.96,-12472.605540313722,1268.330127,2608.0,40.96
71,upsert,1,L0001,2048,2048,1787897316.887864,12.513268947601318,40,3,71,1787897304.3745952,ov25,agg_static@rho0.8,1,0.55,0.25,4,0.8,agg_static,1787897304.3745816,2048,0,41.94664549827576,0,2048,2048,2048,0,2,0,1,44,5.83287867477962,0;0;0;0,12,0,1,40,1787897328.930065,,1,1,1,0,,1,1,0,0,0,0,0,0.0,0.0,0.0,12513.268947601318,0.0,-12513.268947601318,1546.496642,2608.0,10.24
71,upsert,1,L0001,2048,2048,1787897316.887864,12.513268947601318,40,3,71,1787897304.3745952,ov25,agg_static@rho0.8,1,0.55,0.25,4,0.8,agg_static,1787897304.3745816,2048,0,41.94664549827576,0,2048,2048,2048,0,2,0,1,44,5.83287867477962,0;0;0;0,12,0,2,41,1787897328.9301302,,1,1,1,0,,1,1,1,1,0,0,0,0.0,0.0,0.0,12513.268947601318,0.0,-12513.268947601318,3906.087805,2080.0,49.2
71,upsert,1,L0001,2048,2048,1787897316.887864,12.513268947601318,40,3,71,1787897304.3745952,ov25,agg_static@rho0.8,1,0.55,0.25,4,0.8,agg_static,1787897304.3745816,2048,0,41.94664549827576,0,2048,2048,2048,0,2,0,1,44,5.83287867477962,0;0;0;0,12,0,3,56,1787897346.001592,,1,1,1,0,,1,1,0,0,0,0,0,0.0,0.0,0.0,12513.268947601318,0.0,-12513.268947601318,312.658054,2608.0,51.2
76,upsert,0,L0022,2048,0,1787897327.8314168,17.39168095588684,45,2,76,1787897310.439736,ov25,agg_static@rho0.8,1,0.55,0.25,4,0.8,agg_static,1787897310.4397056,0,2048,,0,0,0,0,0,0,0,1,41,7.323559120297432,0;2;0;1,22,0,1,55,1787897342.672215,,0,3,0,1,3,3,0,0,2,0,2048,2048,40.96,4.0,36.96,17391.68095588684,36.96,-17354.72095588684,2414.28048,2080.0,36.96
76,upsert,0,L0022,2048,0,1787897327.8314168,17.39168095588684,45,2,76,1787897310.439736,ov25,agg_static@rho0.8,1,0.55,0.25,4,0.8,agg_static,1787897310.4397056,0,2048,,0,0,0,0,0,0,0,1,41,7.323559120297432,0;2;0;1,22,0,2,57,1787897346.0016592,,0,2,0,1,2,2,0,0,0,0,2048,2048,40.96,0.0,40.96,17391.68095588684,40.96,-17350.72095588684,1060.274642,2608.0,40.96
79,upsert,1,L0001,2560,2048,1787897327.83165,17.39113998413086,48,3,79,1787897310.44051,ov25,agg_static@rho0.8,1,0.55,0.25,4,0.8,agg_static,1787897310.4404945,2048,512,6.065912961959839,0,2048,2048,2048,0,2,0,2,44,7.323559120297432,0;0;0;0,22,1,1,40,1787897328.930065,,0,0,1,1,0,0,1,0,0,0,512,512,10.24,0.0,10.24,17391.13998413086,10.24,-17380.899984130858,1546.496642,2608.0,10.24
79,upsert,1,L0001,2560,2048,1787897327.83165,17.39113998413086,48,3,79,1787897310.44051,ov25,agg_static@rho0.8,1,0.55,0.25,4,0.8,agg_static,1787897310.4404945,2048,512,6.065912961959839,0,2048,2048,2048,0,2,0,2,44,7.323559120297432,0;0;0;0,22,1,2,41,1787897328.9301302,,0,0,1,1,2,0,1,0,1,2048,2560,512,10.24,2.0,8.24,17391.13998413086,8.24,-17382.899984130858,3906.087805,2080.0,49.2
79,upsert,1,L0001,2560,2048,1787897327.83165,17.39113998413086,48,3,79,1787897310.44051,ov25,agg_static@rho0.8,1,0.55,0.25,4,0.8,agg_static,1787897310.4404945,2048,512,6.065912961959839,0,2048,2048,2048,0,2,0,2,44,7.323559120297432,0;0;0;0,22,1,3,56,1787897346.001592,,0,0,1,1,3,0,1,0,0,2048,2560,512,10.24,0.0,10.24,17391.13998413086,10.24,-17380.899984130858,312.658054,2608.0,51.2
81,upsert,0,L0007,2560,2048,1787897327.8317397,14.959964275360107,50,1,81,1787897312.8717754,ov25,agg_static@rho0.8,1,0.55,0.25,4,0.8,agg_static,1787897312.871756,2048,512,34.81231212615967,0,2048,2048,2048,0,2,0,2,46,7.323559120297432,0;1;0;1,28,0,1,63,1787897350.0952396,,0,0,0,0,2,0,0,1,1,2048,2560,512,10.24,0.0,10.24,14959.964275360107,10.24,-14949.724275360108,3423.810932,2608.0,49.2
82,upsert,1,L0013,2048,2048,1787897327.8317788,14.959779262542725,51,2,82,1787897312.8719995,ov25,agg_static@rho0.8,1,0.55,0.25,4,0.8,agg_static,1787897312.8719845,2048,0,18.817047834396362,0,2048,2048,2048,0,2,0,1,47,7.323559120297432,0;0;0;1,28,0,1,49,1787897337.7799962,,0,1,1,0,1,1,1,0,0,0,0,0,0.0,0.0,0.0,14959.779262542725,0.0,-14959.779262542725,1064.810506,2080.0,0.0
82,upsert,1,L0013,2048,2048,1787897327.8317788,14.959779262542725,51,2,82,1787897312.8719995,ov25,agg_static@rho0.8,1,0.55,0.25,4,0.8,agg_static,1787897312.8719845,2048,0,18.817047834396362,0,2048,2048,2048,0,2,0,1,47,7.323559120297432,0;0;0;1,28,0,2,59,1787897346.0017626,,0,0,0,0,3,0,0,1,1,2048,2048,0,0.0,0.0,0.0,14959.779262542725,0.0,-14959.779262542725,3391.048221,2080.0,38.96
84,upsert,0,L0024,2048,0,1787897327.8318589,12.186495304107666,53,1,84,1787897315.6453636,ov25,agg_static@rho0.8,1,0.55,0.25,4,0.8,agg_static,1787897315.645338,0,2048,,0,0,0,0,0,0,0,1,49,7.323559120297432,0;1;1;1,32,0,1,54,1787897342.672154,,0,3,0,1,3,3,0,0,1,0,2048,2048,40.96,2.0,38.96,12186.495304107666,38.96,-12147.535304107667,2415.092448,2080.0,38.96
86,upsert,1,L0033,2048,0,1787897327.8319364,12.186033725738525,55,1,86,1787897315.6459026,ov25,agg_static@rho0.8,1,0.55,0.25,4,0.8,agg_static,1787897315.6458898,0,2048,,0,0,0,0,0,0,0,1,51,7.323559120297432,0;0;1;0,32,0,1,43,1787897328.9302328,,0,3,1,1,3,3,1,0,2,0,2048,2048,40.96,4.0,36.96,12186.033725738525,36.96,-12149.073725738526,3903.958864,2080.0,36.96
87,upsert,2,L0034,2048,0,1787897327.831975,12.185877799987793,56,1,87,1787897315.6460972,ov25,agg_static@rho0.8,1,0.55,0.25,4,0.8,agg_static,1787897315.6460862,0,2048,,0,0,0,0,0,0,0,1,52,7.323559120297432,0;0;0;0,32,0,1,47,1787897333.657096,,0,0,2,1,0,0,2,0,1,0,2048,2048,40.96,2.0,38.96,12185.877799987793,38.96,-12146.917799987794,3383.808094,2608.0,38.96
128,upsert,1,L0070,2048,0,1787897383.1124527,26.15071153640747,97,1,128,1787897356.9617412,ov25,agg_static@rho0.8,1,0.55,0.25,4,0.8,agg_static,1787897356.9617167,0,2048,,0,0,0,0,0,0,0,1,61,17.262434981763363,1;0;1;1,101,0,1,120,1787897404.0342944,,0,3,3,0,0,3,3,0,0,2560,2560,0,0.0,0.0,0.0,26150.71153640747,0.0,-26150.71153640747,278.630903,2080.0,51.2
134,upsert,3,L0068,2048,0,1787897391.8315167,32.07128310203552,103,1,134,1787897359.7602336,ov25,agg_static@rho0.8,1,0.55,0.25,4,0.8,agg_static,1787897359.7602193,0,2048,,0,0,0,0,0,0,0,1,55,20.765855081379414,0;0;1;0,105,0,1,121,1787897404.0343192,,0,2,3,1,2,2,3,0,1,0,2048,2048,40.96,2.0,38.96,32071.283102035522,38.96,-32032.323102035523,507.749948,2080.0,38.96
135,upsert,2,L0109,2048,0,1787897391.8315423,32.070942401885986,104,1,135,1787897359.7605999,ov25,agg_static@rho0.8,1,0.55,0.25,4,0.8,agg_static,1787897359.760587,0,2048,,0,0,0,0,0,0,0,1,56,20.765855081379414,0;0;0;0,105,0,1,119,1787897399.3257434,,0,0,2,1,0,0,2,0,1,0,2048,2048,40.96,2.0,38.96,32070.942401885986,38.96,-32031.982401885987,3198.385244,2080.0,38.96
138,upsert,3,L0070,2560,0,1787897391.8316112,28.27369451522827,107,1,138,1787897363.5579166,ov25,agg_static@rho0.8,1,0.55,0.25,4,0.8,agg_static,1787897363.5579016,0,2560,,0,0,0,0,0,0,0,2,59,20.765855081379414,1;0;0;0,109,0,1,120,1787897404.0342944,,0,1,3,1,0,1,3,0,0,2048,2560,512,10.24,0.0,10.24,28273.69451522827,10.24,-28263.45451522827,278.630903,2080.0,51.2
139,upsert,0,L0064,2048,0,1787897391.8316343,28.273297786712646,108,3,139,1787897363.5583365,ov25,agg_static@rho0.8,1,0.55,0.25,4,0.8,agg_static,1787897363.5583227,0,2048,,0,0,0,0,0,0,0,1,60,20.765855081379414,0;0;0;0,109,0,1,113,1787897396.342627,,0,3,0,1,3,3,0,0,0,0,2048,2048,40.96,0.0,40.96,28273.297786712646,40.96,-28232.337786712647,140.569415,2080.0,40.96
139,upsert,0,L0064,2048,0,1787897391.8316343,28.273297786712646,108,3,139,1787897363.5583365,ov25,agg_static@rho0.8,1,0.55,0.25,4,0.8,agg_static,1787897363.5583227,0,2048,,0,0,0,0,0,0,0,1,60,20.765855081379414,0;0;0;0,109,0,2,115,1787897396.3426595,,0,3,0,1,3,3,0,0,1,0,2048,2048,40.96,2.0,38.96,28273.297786712646,38.96,-28234.337786712647,275.342483,2608.0,38.96
139,upsert,0,L0064,2048,0,1787897391.8316343,28.273297786712646,108,3,139,1787897363.5583365,ov25,agg_static@rho0.8,1,0.55,0.25,4,0.8,agg_static,1787897363.5583227,0,2048,,0,0,0,0,0,0,0,1,60,20.765855081379414,0;0;0;0,109,0,3,125,1787897406.412011,,1,0,0,0,,0,0,0,0,0,0,0,0.0,0.0,0.0,28273.297786712646,0.0,-28273.297786712646,327.034438,3136.0,51.2
155,upsert,0,L0064,2560,2048,1787897405.7403266,28.663947820663452,123,1,155,1787897377.0763788,ov25,agg_static@rho0.8,1,0.55,0.25,4,0.8,agg_static,1787897377.076361,2048,512,13.518038272857666,0,0,0,0,0,0,0,2,64,24.07245036959648,0;0;0;0,125,1,1,125,1787897406.412011,,0,0,0,0,1,0,0,0,0,2048,2560,512,10.24,0.0,10.24,28663.947820663452,10.24,-28653.70782066345,327.034438,3136.0,51.2
158,upsert,3,L0066,2048,0,1787897405.7404542,25.139524936676025,126,1,158,1787897380.6009293,ov25,agg_static@rho0.8,1,0.55,0.25,4,0.8,agg_static,1787897380.600924,0,2048,,0,0,0,0,0,0,0,1,67,24.07245036959648,0;0;1;0,129,0,1,126,1787897406.4120655,,0,3,3,0,3,3,3,0,0,0,0,0,0.0,0.0,0.0,25139.524936676025,0.0,-25139.524936676025,932.637831,2080.0,0.0
0,upsert,0,L0000,2048,0,1787897590.495012,0.002954244613647461,1,2,0,1787897590.4920578,ov50,agg_static@rho0.8,0,0.55,0.5,4,0.8,agg_static,1787897590.492035,0,2048,,0,0,0,0,0,0,0,0,1,,0;0;0;0,0,0,1,42,1787897700.7555852,,1,0,0,0,,0,0,1,1,0,0,0,0.0,0.0,0.0,2.954244613647461,0.0,-2.954244613647461,331.833397,2080.0,8.24
0,upsert,0,L0000,2048,0,1787897590.495012,0.002954244613647461,1,2,0,1787897590.4920578,ov50,agg_static@rho0.8,0,0.55,0.5,4,0.8,agg_static,1787897590.492035,0,2048,,0,0,0,0,0,0,0,0,1,,0;0;0;0,0,0,2,60,1787897715.1942968,,1,0,0,0,,0,0,0,0,0,0,0,0.0,0.0,0.0,2.954244613647461,0.0,-2.954244613647461,188.118086,2608.0,10.24
1,upsert,1,L0000,2048,0,1787897590.495135,0.002912759780883789,2,2,1,1787897590.4922223,ov50,agg_static@rho0.8,0,0.55,0.5,4,0.8,agg_static,1787897590.4922082,0,2048,,0,0,0,0,0,0,0,0,2,,0;0;0;0,0,0,1,42,1787897700.7555852,,1,0,0,0,,0,0,1,1,0,0,0,0.0,0.0,0.0,2.912759780883789,0.0,-2.912759780883789,331.833397,2080.0,8.24
1,upsert,1,L0000,2048,0,1787897590.495135,0.002912759780883789,2,2,1,1787897590.4922223,ov50,agg_static@rho0.8,0,0.55,0.5,4,0.8,agg_static,1787897590.4922082,0,2048,,0,0,0,0,0,0,0,0,2,,0;0;0;0,0,0,2,60,1787897715.1942968,,1,0,0,0,,0,0,0,0,0,0,0,0.0,0.0,0.0,2.912759780883789,0.0,-2.912759780883789,188.118086,2608.0,10.24
12,upsert,0,L0003,2048,0,1787897597.869646,0.0032536983489990234,7,1,12,1787897597.8663924,ov50,agg_static@rho0.8,0,0.55,0.5,4,0.8,agg_static,1787897597.8663685,0,2048,,0,0,0,0,0,0,0,0,7,0.003113865852355957,0;0;0;0,0,0,1,32,1787897693.7600608,,0,1,0,1,0,1,0,0,0,0,0,0,0.0,0.0,0.0,3.2536983489990234,0.0,-3.2536983489990234,126.904782,2080.0,0.0
13,upsert,1,L0003,2048,0,1787897597.869753,0.0031020641326904297,8,1,13,1787897597.8666508,ov50,agg_static@rho0.8,0,0.55,0.5,4,0.8,agg_static,1787897597.8666348,0,2048,,0,0,0,0,0,0,0,0,8,0.003113865852355957,0;0;0;0,0,0,1,32,1787897693.7600608,,0,0,0,0,0,0,0,0,0,0,0,0,0.0,0.0,0.0,3.1020641326904297,0.0,-3.1020641326904297,126.904782,2080.0,0.0
16,upsert,0,L0004,2048,0,1787897600.7701957,0.0033562183380126953,9,1,16,1787897600.7668395,ov50,agg_static@rho0.8,0,0.55,0.5,4,0.8,agg_static,1787897600.7668166,0,2048,,0,0,0,0,0,0,0,0,9,0.0031298696994781494,0;0;0;0,0,0,1,44,1787897704.1370065,,0,1,1,0,1,1,1,0,0,0,0,0,0.0,0.0,0.0,3.3562183380126953,0.0,-3.3562183380126953,138.213157,2080.0,0.0
17,upsert,1,L0004,2048,0,1787897600.770306,0.0031905174255371094,10,1,17,1787897600.7671156,ov50,agg_static@rho0.8,0,0.55,0.5,4,0.8,agg_static,1787897600.7671006,0,2048,,0,0,0,0,0,0,0,0,10,0.0031298696994781494,0;0;0;0,0,0,1,44,1787897704.1370065,,0,0,1,1,1,0,1,0,0,0,0,0,0.0,0.0,0.0,3.1905174255371094,0.0,-3.1905174255371094,138.213157,2080.0,0.0
20,upsert,0,L0005,2048,0,1787897603.2890046,0.003353595733642578,11,2,20,1787897603.285651,ov50,agg_static@rho0.8,0,0.55,0.5,4,0.8,agg_static,1787897603.285627,0,2048,,0,0,0,0,0,0,0,0,11,0.0031585693359375,0;0;0;0,0,0,1,33,1787897693.7601285,,0,1,1,0,2,1,1,0,0,2048,2048,0,0.0,0.0,0.0,3.353595733642578,0.0,-3.353595733642578,140.029933,2080.0,40.96
20,upsert,0,L0005,2048,0,1787897603.2890046,0.003353595733642578,11,2,20,1787897603.285651,ov50,agg_static@rho0.8,0,0.55,0.5,4,0.8,agg_static,1787897603.285627,0,2048,,0,0,0,0,0,0,0,0,11,0.0031585693359375,0;0;0;0,0,0,2,49,1787897706.5150743,,0,1,1,0,3,1,1,0,0,2048,2048,0,0.0,0.0,0.0,3.353595733642578,0.0,-3.353595733642578,995.220842,2080.0,40.96
21,upsert,1,L0005,2048,0,1787897603.2891166,0.0031960010528564453,12,2,21,1787897603.2859206,ov50,agg_static@rho0.8,0,0.55,0.5,4,0.8,agg_static,1787897603.285905,0,2048,,0,0,0,0,0,0,0,0,12,0.0031585693359375,0;0;0;0,0,0,1,33,1787897693.7601285,,0,0,1,1,2,0,1,1,0,2048,2048,0,0.0,-2.0,2.0,3.1960010528564453,2.0,-1.1960010528564453,140.029933,2080.0,40.96
21,upsert,1,L0005,2048,0,1787897603.2891166,0.0031960010528564453,12,2,21,1787897603.2859206,ov50,agg_static@rho0.8,0,0.55,0.5,4,0.8,agg_static,1787897603.285905,0,2048,,0,0,0,0,0,0,0,0,12,0.0031585693359375,0;0;0;0,0,0,2,49,1787897706.5150743,,0,0,1,1,3,0,1,1,0,2048,2048,0,0.0,-2.0,2.0,3.1960010528564453,2.0,-1.1960010528564453,995.220842,2080.0,40.96
40,upsert,0,L0010,2048,0,1787897616.4684389,0.0036373138427734375,21,1,40,1787897616.4648015,ov50,agg_static@rho0.8,0,0.55,0.5,4,0.8,agg_static,1787897616.4647756,0,2048,,0,0,0,0,0,0,0,0,21,0.003235006332397461,0;0;0;0,0,0,1,48,1787897706.515006,,0,1,0,1,0,1,0,0,0,0,0,0,0.0,0.0,0.0,3.6373138427734375,0.0,-3.6373138427734375,943.090585,2080.0,0.0
41,upsert,1,L0010,2048,0,1787897616.9983127,0.533191442489624,22,1,41,1787897616.4651213,ov50,agg_static@rho0.8,0,0.55,0.5,4,0.8,agg_static,1787897616.4651034,0,2048,,0,0,0,0,0,0,0,0,22,0.003235006332397461,0;0;0;0,0,0,1,48,1787897706.515006,,0,0,0,0,0,0,0,0,0,0,0,0,0.0,0.0,0.0,533.191442489624,0.0,-533.191442489624,943.090585,2080.0,0.0
44,upsert,0,L0011,2048,0,1787897624.3316264,5.089667081832886,23,2,44,1787897619.2419593,ov50,agg_static@rho0.8,0,0.55,0.5,4,0.8,agg_static,1787897619.2419357,0,2048,,0,0,0,0,0,0,0,0,23,0.027342221953652122,0;0;0;0,0,0,1,41,1787897700.755528,,0,1,0,1,0,1,0,0,0,0,0,0,0.0,0.0,0.0,5089.667081832886,0.0,-5089.667081832886,127.714373,2080.0,0.0
44,upsert,0,L0011,2048,0,1787897624.3316264,5.089667081832886,23,2,44,1787897619.2419593,ov50,agg_static@rho0.8,0,0.55,0.5,4,0.8,agg_static,1787897619.2419357,0,2048,,0,0,0,0,0,0,0,0,23,0.027342221953652122,0;0;0;0,0,0,2,53,1787897709.2145886,,0,1,1,0,2,1,1,0,0,2048,2048,0,0.0,0.0,0.0,5089.667081832886,0.0,-5089.667081832886,1123.182575,2080.0,40.96
45,upsert,1,L0011,2048,0,1787897625.6858125,6.443475723266602,24,2,45,1787897619.2423368,ov50,agg_static@rho0.8,0,0.55,0.5,4,0.8,agg_static,1787897619.2423193,0,2048,,0,0,0,0,0,0,0,0,24,0.027342221953652122,0;0;0;0,0,0,1,41,1787897700.755528,,0,0,0,0,0,0,0,0,0,0,0,0,0.0,0.0,0.0,6443.475723266602,0.0,-6443.475723266602,127.714373,2080.0,0.0
45,upsert,1,L0011,2048,0,1787897625.6858125,6.443475723266602,24,2,45,1787897619.2423368,ov50,agg_static@rho0.8,0,0.55,0.5,4,0.8,agg_static,1787897619.2423193,0,2048,,0,0,0,0,0,0,0,0,24,0.027342221953652122,0;0;0;0,0,0,2,53,1787897709.2145886,,0,0,1,1,2,0,1,0,0,2048,2048,0,0.0,0.0,0.0,6443.475723266602,0.0,-6443.475723266602,1123.182575,2080.0,40.96
56,upsert,0,L0014,2048,0,1787897634.0816348,6.790658950805664,29,1,56,1787897627.2909758,ov50,agg_static@rho0.8,0,0.55,0.5,4,0.8,agg_static,1787897627.2909517,0,2048,,0,0,0,0,0,0,0,0,33,0.5056113203366598,0;0;0;0,0,0,1,57,1787897712.368599,,1,0,0,0,,0,0,0,0,0,0,0,0.0,0.0,0.0,6790.658950805664,0.0,-6790.658950805664,1322.897125,2608.0,51.2
57,upsert,1,L0014,2048,0,1787897634.081763,6.790419816970825,30,1,57,1787897627.2913432,ov50,agg_static@rho0.8,0,0.55,0.5,4,0.8,agg_static,1787897627.2913258,0,2048,,0,0,0,0,0,0,0,0,34,0.5056113203366598,0;0;0;0,0,0,1,57,1787897712.368599,,0,0,0,0,2,0,0,0,0,2560,2560,0,0.0,0.0,0.0,6790.419816970825,0.0,-6790.419816970825,1322.897125,2608.0,51.2
64,upsert,0,L0016,2048,0,1787897640.8733194,8.388456583023071,33,1,64,1787897632.4848628,ov50,agg_static@rho0.8,0,0.55,0.5,4,0.8,agg_static,1787897632.4848392,0,2048,,0,0,0,0,0,0,0,0,37,1.3048483559063502,0;0;0;0,0,0,1,56,1787897712.3685348,,0,1,1,0,2,1,1,0,0,2048,2048,0,0.0,0.0,0.0,8388.456583023071,0.0,-8388.456583023071,150.983157,2080.0,40.96
65,upsert,1,L0016,2048,0,1787897640.8734496,8.3882474899292,34,1,65,1787897632.485202,ov50,agg_static@rho0.8,0,0.55,0.5,4,0.8,agg_static,1787897632.4851854,0,2048,,0,0,0,0,0,0,0,0,38,1.3048483559063502,0;0;0;0,0,0,1,56,1787897712.3685348,,0,0,1,1,2,0,1,0,0,2048,2048,0,0.0,0.0,0.0,8388.2474899292,0.0,-8388.2474899292,150.983157,2080.0,40.96
72,upsert,0,L0018,2048,0,1787897647.6649566,10.094727754592896,37,1,72,1787897637.5702288,ov50,agg_static@rho0.8,0,0.55,0.5,4,0.8,agg_static,1787897637.5702069,0,2048,,0,0,0,0,0,0,0,0,41,2.037239022552967,0;0;0;0,0,0,1,47,1787897704.1371737,,0,1,1,0,3,1,1,1,1,2048,2048,0,0.0,0.0,0.0,10094.727754592896,0.0,-10094.727754592896,321.109868,2080.0,38.96
73,upsert,1,L0018,2048,0,1787897647.6650796,10.094523429870605,38,1,73,1787897637.5705562,ov50,agg_static@rho0.8,0,0.55,0.5,4,0.8,agg_static,1787897637.5705395,0,2048,,0,0,0,0,0,0,0,0,42,2.037239022552967,0;0;0;0,0,0,1,47,1787897704.1371737,,0,0,1,1,3,0,1,1,1,2048,2048,0,0.0,0.0,0.0,10094.523429870605,0.0,-10094.523429870605,321.109868,2080.0,38.96
92,upsert,0,L0023,2048,0,1787897661.2484715,10.473711729049683,47,3,92,1787897650.7747598,ov50,agg_static@rho0.8,0,0.55,0.5,4,0.8,agg_static,1787897650.774736,0,2048,,0,0,0,0,0,0,0,0,53,4.230010084807873,0;0;0;0,0,0,1,35,1787897693.760238,,0,1,0,1,2,1,0,2,1,2048,2048,0,0.0,-2.0,2.0,10473.711729049683,2.0,-10471.711729049683,2376.308409,2080.0,38.96
92,upsert,0,L0023,2048,0,1787897661.2484715,10.473711729049683,47,3,92,1787897650.7747598,ov50,agg_static@rho0.8,0,0.55,0.5,4,0.8,agg_static,1787897650.774736,0,2048,,0,0,0,0,0,0,0,0,53,4.230010084807873,0;0;0;0,0,0,2,46,1787897704.1371138,,0,1,0,1,0,1,0,1,0,0,0,0,0.0,-2.0,2.0,10473.711729049683,2.0,-10471.711729049683,262.410341,2080.0,0.0
92,upsert,0,L0023,2048,0,1787897661.2484715,10.473711729049683,47,3,92,1787897650.7747598,ov50,agg_static@rho0.8,0,0.55,0.5,4,0.8,agg_static,1787897650.774736,0,2048,,0,0,0,0,0,0,0,0,53,4.230010084807873,0;0;0;0,0,0,3,63,1787897715.1944451,,0,1,1,0,2,1,1,1,1,2560,2560,0,0.0,0.0,0.0,10473.711729049683,0.0,-10473.711729049683,2355.594935,2608.0,49.2
93,upsert,1,L0023,2048,0,1787897661.2485235,10.473419666290283,48,3,93,1787897650.7751038,ov50,agg_static@rho0.8,0,0.55,0.5,4,0.8,agg_static,1787897650.775087,0,2048,,0,0,0,0,0,0,0,0,54,4.230010084807873,0;0;0;0,0,0,1,35,1787897693.760238,,1,0,0,0,,0,0,1,1,0,0,0,0.0,0.0,0.0,10473.419666290283,0.0,-10473.419666290283,2376.308409,2080.0,38.96
93,upsert,1,L0023,2048,0,1787897661.2485235,10.473419666290283,48,3,93,1787897650.7751038,ov50,agg_static@rho0.8,0,0.55,0.5,4,0.8,agg_static,1787897650.775087,0,2048,,0,0,0,0,0,0,0,0,54,4.230010084807873,0;0;0;0,0,0,2,46,1787897704.1371138,,1,0,0,0,,0,0,0,0,0,0,0,0.0,0.0,0.0,10473.419666290283,0.0,-10473.419666290283,262.410341,2080.0,0.0
93,upsert,1,L0023,2048,0,1787897661.2485235,10.473419666290283,48,3,93,1787897650.7751038,ov50,agg_static@rho0.8,0,0.55,0.5,4,0.8,agg_static,1787897650.775087,0,2048,,0,0,0,0,0,0,0,0,54,4.230010084807873,0;0;0;0,0,0,3,63,1787897715.1944451,,1,1,1,0,,1,1,1,1,0,0,0,0.0,0.0,0.0,10473.419666290283,0.0,-10473.419666290283,2355.594935,2608.0,49.2
108,upsert,0,L0027,2048,0,1787897674.1024683,12.730038404464722,55,1,108,1787897661.3724298,ov50,agg_static@rho0.8,0,0.55,0.5,4,0.8,agg_static,1787897661.372408,0,2048,,0,0,0,0,0,0,0,0,61,7.027176812291145,0;0;0;0,0,0,1,34,1787897693.7601936,,0,1,1,0,2,1,1,1,1,2048,2048,0,0.0,0.0,0.0,12730.038404464722,0.0,-12730.038404464722,351.282802,2080.0,38.96
109,upsert,1,L0027,2048,0,1787897674.1025834,12.729815006256104,56,1,109,1787897661.3727684,ov50,agg_static@rho0.8,0,0.55,0.5,4,0.8,agg_static,1787897661.3727481,0,2048,,0,0,0,0,0,0,0,0,62,7.027176812291145,0;0;0;0,0,0,1,34,1787897693.7601936,,0,0,1,1,2,0,1,1,1,2048,2048,0,0.0,0.0,0.0,12729.815006256104,0.0,-12729.815006256104,351.282802,2080.0,38.96
112,upsert,0,L0028,2048,0,1787897674.1026473,10.17028522491455,57,1,112,1787897663.932362,ov50,agg_static@rho0.8,0,0.55,0.5,4,0.8,agg_static,1787897663.932337,0,2048,,0,0,0,0,0,0,0,0,65,7.027176812291145,0;0;0;0,0,0,1,55,1787897709.2146957,,0,1,1,0,2,1,1,1,1,2048,2048,0,0.0,0.0,0.0,10170.28522491455,0.0,-10170.28522491455,2473.260249,2080.0,38.96
113,upsert,1,L0028,2048,0,1787897674.1026998,10.170000076293945,58,1,113,1787897663.9326997,ov50,agg_static@rho0.8,0,0.55,0.5,4,0.8,agg_static,1787897663.9326823,0,2048,,0,0,0,0,0,0,0,0,66,7.027176812291145,0;0;0;0,0,0,1,55,1787897709.2146957,,1,1,1,0,,1,1,1,1,0,0,0,0.0,0.0,0.0,10170.000076293945,0.0,-10170.000076293945,2473.260249,2080.0,38.96
116,upsert,0,L0029,2048,0,1787897679.5191429,13.032574653625488,59,1,116,1787897666.4865682,ov50,agg_static@rho0.8,0,0.55,0.5,4,0.8,agg_static,1787897666.486544,0,2048,,0,0,0,0,0,0,0,0,65,8.409168347716331,0;0;0;0,0,0,1,36,1787897696.7697582,,0,1,0,1,0,1,0,0,0,0,0,0,0.0,0.0,0.0,13032.574653625488,0.0,-13032.574653625488,1248.649198,2608.0,0.0
117,upsert,1,L0029,2048,0,1787897679.5192764,13.032366752624512,60,1,117,1787897666.4869096,ov50,agg_static@rho0.8,0,0.55,0.5,4,0.8,agg_static,1787897666.4868934,0,2048,,0,0,0,0,0,0,0,0,66,8.409168347716331,0;0;0;0,0,0,1,36,1787897696.7697582,,0,0,0,0,0,0,0,0,0,0,0,0,0.0,0.0,0.0,13032.366752624512,0.0,-13032.366752624512,1248.649198,2608.0,0.0
120,upsert,0,L0030,2048,0,1787897679.519337,10.35264253616333,61,1,120,1787897669.1666944,ov50,agg_static@rho0.8,0,0.55,0.5,4,0.8,agg_static,1787897669.1666708,0,2048,,0,0,0,0,0,0,0,0,69,8.409168347716331,0;0;0;0,0,0,1,39,1787897696.7699156,,0,1,1,0,3,1,1,1,1,2048,2048,0,0.0,0.0,0.0,10352.64253616333,0.0,-10352.64253616333,3273.608208,2080.0,38.96
121,upsert,1,L0030,2048,0,1787897679.5193858,10.352336883544922,62,1,121,1787897669.167049,ov50,agg_static@rho0.8,0,0.55,0.5,4,0.8,agg_static,1787897669.1670313,0,2048,,0,0,0,0,0,0,0,0,70,8.409168347716331,0;0;0;0,0,0,1,39,1787897696.7699156,,0,0,1,1,3,0,1,2,1,2048,2048,0,0.0,-2.0,2.0,10352.336883544922,2.0,-10350.336883544922,3273.608208,2080.0,38.96
124,upsert,0,L0031,2048,0,1787897684.2482998,12.355578184127808,63,1,124,1787897671.8927217,ov50,agg_static@rho0.8,0,0.55,0.5,4,0.8,agg_static,1787897671.8926976,0,2048,,0,0,0,0,0,0,0,0,71,9.135064631700516,0;0;0;0,0,0,1,54,1787897709.2146454,,0,1,0,1,0,1,0,1,0,0,0,0,0.0,-2.0,2.0,12355.578184127808,2.0,-12353.578184127808,143.041651,2080.0,0.0
125,upsert,1,L0031,2048,0,1787897684.248425,12.355353832244873,64,1,125,1787897671.8930712,ov50,agg_static@rho0.8,0,0.55,0.5,4,0.8,agg_static,1787897671.893054,0,2048,,0,0,0,0,0,0,0,0,72,9.135064631700516,0;0;0;0,0,0,1,54,1787897709.2146454,,0,0,0,0,0,0,0,0,0,0,0,0,0.0,0.0,0.0,12355.353832244873,0.0,-12355.353832244873,143.041651,2080.0,0.0
130,upsert,0,L0014,2048,2048,1787897687.6443448,13.411312103271484,67,1,130,1787897674.2330327,ov50,agg_static@rho0.8,0,0.55,0.5,4,0.8,agg_static,1787897674.2330163,2048,0,46.9420645236969,0,2048,2048,2048,0,2,0,1,73,9.821960307657719,0;1;0;0,7,0,1,57,1787897712.368599,,1,0,0,0,,0,0,0,0,0,0,0,0.0,0.0,0.0,13411.312103271484,0.0,-13411.312103271484,1322.897125,2608.0,51.2
131,upsert,1,L0023,2048,2048,1787897687.644396,13.411096334457397,68,3,131,1787897674.2332997,ov50,agg_static@rho0.8,0,0.55,0.5,4,0.8,agg_static,1787897674.2332842,2048,0,23.458197116851807,0,2048,2048,2048,0,2,0,1,74,9.821960307657719,0;0;0;0,7,0,1,35,1787897693.760238,,0,0,0,0,2,0,0,1,1,2048,2048,0,0.0,0.0,0.0,13411.096334457397,0.0,-13411.096334457397,2376.308409,2080.0,38.96
131,upsert,1,L0023,2048,2048,1787897687.644396,13.411096334457397,68,3,131,1787897674.2332997,ov50,agg_static@rho0.8,0,0.55,0.5,4,0.8,agg_static,1787897674.2332842,2048,0,23.458197116851807,0,2048,2048,2048,0,2,0,1,74,9.821960307657719,0;0;0;0,7,0,2,46,1787897704.1371138,,0,0,0,0,0,0,0,0,0,0,0,0,0.0,0.0,0.0,13411.096334457397,0.0,-13411.096334457397,262.410341,2080.0,0.0
131,upsert,1,L0023,2048,2048,1787897687.644396,13.411096334457397,68,3,131,1787897674.2332997,ov50,agg_static@rho0.8,0,0.55,0.5,4,0.8,agg_static,1787897674.2332842,2048,0,23.458197116851807,0,2048,2048,2048,0,2,0,1,74,9.821960307657719,0;0;0;0,7,0,3,63,1787897715.1944451,,1,1,1,0,,1,1,1,1,0,0,0,0.0,0.0,0.0,13411.096334457397,0.0,-13411.096334457397,2355.594935,2608.0,49.2
132,upsert,0,L0000,2048,2048,1787897687.6444402,11.482495069503784,69,2,132,1787897676.161945,ov50,agg_static@rho0.8,0,0.55,0.5,4,0.8,agg_static,1787897676.1619189,2048,0,85.66988396644592,0,2048,2048,2048,0,2,0,2,75,9.821960307657719,1;2;0;0,15,0,1,42,1787897700.7555852,,1,0,0,0,,0,0,1,1,0,0,0,0.0,0.0,0.0,11482.495069503784,0.0,-11482.495069503784,331.833397,2080.0,8.24
132,upsert,0,L0000,2048,2048,1787897687.6444402,11.482495069503784,69,2,132,1787897676.161945,ov50,agg_static@rho0.8,0,0.55,0.5,4,0.8,agg_static,1787897676.1619189,2048,0,85.66988396644592,0,2048,2048,2048,0,2,0,2,75,9.821960307657719,1;2;0;0,15,0,2,60,1787897715.1942968,,1,0,0,0,,0,0,0,0,0,0,0,0.0,0.0,0.0,11482.495069503784,0.0,-11482.495069503784,188.118086,2608.0,10.24
133,upsert,1,L0000,2560,2048,1787897687.644481,11.482142210006714,70,2,133,1787897676.1623387,ov50,agg_static@rho0.8,0,0.55,0.5,4,0.8,agg_static,1787897676.1623187,2048,512,85.67011046409607,0,2048,2048,2048,0,2,0,2,76,9.821960307657719,1;1;0;0,15,0,1,42,1787897700.7555852,,0,0,0,0,1,0,0,1,1,512,512,0,0.0,0.0,0.0,11482.142210006714,0.0,-11482.142210006714,331.833397,2080.0,8.24
133,upsert,1,L0000,2560,2048,1787897687.644481,11.482142210006714,70,2,133,1787897676.1623387,ov50,agg_static@rho0.8,0,0.55,0.5,4,0.8,agg_static,1787897676.1623187,2048,512,85.67011046409607,0,2048,2048,2048,0,2,0,2,76,9.821960307657719,1;1;0;0,15,0,2,60,1787897715.1942968,,1,0,0,0,,0,0,0,0,0,0,0,0.0,0.0,0.0,11482.142210006714,0.0,-11482.142210006714,188.118086,2608.0,10.24
135,upsert,1,L0028,2048,2048,1787897687.644561,11.481694221496582,72,1,135,1787897676.1628668,ov50,agg_static@rho0.8,0,0.55,0.5,4,0.8,agg_static,1787897676.1628501,2048,0,12.230167865753174,0,2048,2048,2048,0,2,0,1,78,9.821960307657719,0;0;0;0,15,0,1,55,1787897709.2146957,,0,1,1,0,2,1,1,1,1,2048,2048,0,0.0,0.0,0.0,11481.694221496582,0.0,-11481.694221496582,2473.260249,2080.0,38.96
139,upsert,0,L0000,3072,2048,1787897696.4152262,14.980613946914673,76,2,139,1787897681.4346123,ov50,agg_static@rho0.8,0,0.55,0.5,4,0.8,agg_static,1787897681.4345949,2048,1024,5.27267599105835,0,2048,2048,2048,0,2,0,3,78,10.480525746941566,0;0;0;0,21,1,1,42,1787897700.7555852,,0,1,0,1,1,1,0,0,1,0,512,512,10.24,2.0,8.24,14980.613946914673,8.24,-14972.373946914673,331.833397,2080.0,8.24
139,upsert,0,L0000,3072,2048,1787897696.4152262,14.980613946914673,76,2,139,1787897681.4346123,ov50,agg_static@rho0.8,0,0.55,0.5,4,0.8,agg_static,1787897681.4345949,2048,1024,5.27267599105835,0,2048,2048,2048,0,2,0,3,78,10.480525746941566,0;0;0;0,21,1,2,60,1787897715.1942968,,1,0,0,0,,0,0,0,0,0,0,0,0.0,0.0,0.0,14980.613946914673,0.0,-14980.613946914673,188.118086,2608.0,10.24
142,upsert,0,L0058,2048,0,1787897696.4153595,12.367353439331055,79,1,142,1787897684.048006,ov50,agg_static@rho0.8,0,0.55,0.5,4,0.8,agg_static,1787897684.0479934,0,2048,,0,0,0,0,0,0,0,1,81,10.480525746941566,0;0;1;0,26,0,1,38,1787897696.769865,,0,3,0,1,3,3,0,0,1,0,2048,2048,40.96,2.0,38.96,12367.353439331055,38.96,-12328.393439331056,2446.071967,2080.0,38.96
143,upsert,2,L0034,2048,0,1787897696.4154017,12.367188692092896,80,1,143,1787897684.048213,ov50,agg_static@rho0.8,0,0.55,0.5,4,0.8,agg_static,1787897684.048202,0,2048,,0,0,0,0,0,0,0,1,82,10.480525746941566,0;0;0;0,26,0,1,50,1787897706.515126,,0,2,2,0,2,2,2,0,0,0,0,0,0.0,0.0,0.0,12367.188692092896,0.0,-12367.188692092896,1091.813137,2080.0,0.0
144,upsert,1,L0023,2560,2048,1787897704.498323,17.964487075805664,81,1,144,1787897686.533836,ov50,agg_static@rho0.8,0,0.55,0.5,4,0.8,agg_static,1787897686.533809,2048,512,12.300524711608887,0,2048,2048,2048,0,2,0,2,81,10.781654372811317,1;1;1;0,33,1,1,63,1787897715.1944451,,0,0,1,1,2,0,1,1,1,2048,2560,512,10.24,0.0,10.24,17964.487075805664,10.24,-17954.247075805662,2355.594935,2608.0,49.2
145,upsert,0,L0000,2048,3072,1787897704.4984424,17.964290142059326,82,1,145,1787897686.5341523,ov50,agg_static@rho0.8,0,0.55,0.5,4,0.8,agg_static,1787897686.5341322,3072,-1024,5.099537372589111,0,2048,2048,2048,0,2,0,5,82,10.781654372811317,0;1;1;0,33,1,1,60,1787897715.1942968,,1,0,0,0,,0,0,0,0,0,0,0,0.0,0.0,0.0,17964.290142059326,0.0,-17964.290142059326,188.118086,2608.0,10.24
146,upsert,1,L0000,2560,2560,1787897704.4985042,17.964101314544678,83,1,146,1787897686.5344028,ov50,agg_static@rho0.8,0,0.55,0.5,4,0.8,agg_static,1787897686.5343878,2560,0,10.372069120407104,0,2048,2048,2048,0,2,0,5,83,10.781654372811317,0;0;1;0,33,1,1,60,1787897715.1942968,,0,0,0,0,1,0,0,0,0,512,512,0,0.0,0.0,0.0,17964.101314544678,0.0,-17964.101314544678,188.118086,2608.0,10.24
147,upsert,2,L0046,2048,0,1787897704.4985728,17.96397590637207,84,1,147,1787897686.534597,ov50,agg_static@rho0.8,0,0.55,0.5,4,0.8,agg_static,1787897686.5345845,0,2048,,0,0,0,0,0,0,0,1,84,10.781654372811317,0;0;0;0,33,0,1,58,1787897712.36865,,0,2,2,0,2,2,2,0,0,0,0,0,0.0,0.0,0.0,17963.97590637207,0.0,-17963.97590637207,1176.712891,2080.0,0.0
150,upsert,0,L0000,3072,2048,1787897710.6026652,21.65418291091919,87,1,150,1787897688.9484823,ov50,agg_static@rho0.8,0,0.55,0.5,4,0.8,agg_static,1787897688.9484675,2048,1024,2.414335250854492,0,2048,2560,2048,512,2,0,6,79,11.699784249067307,0;0;0;1,40,1,1,60,1787897715.1942968,,0,1,0,1,1,1,0,0,0,0,512,512,10.24,0.0,10.24,21654.18291091919,10.24,-21643.942910919188,188.118086,2608.0,10.24
152,upsert,0,L0014,2560,2048,1787897710.6027582,18.919618606567383,89,1,152,1787897691.6831396,ov50,agg_static@rho0.8,0,0.55,0.5,4,0.8,agg_static,1787897691.6831083,2048,512,17.45009207725525,0,2048,2048,2048,0,2,0,2,81,11.699784249067307,1;2;0;0,48,0,1,57,1787897712.368599,,0,0,0,0,2,0,0,0,0,2048,2560,512,10.24,0.0,10.24,18919.618606567383,10.24,-18909.37860656738,1322.897125,2608.0,51.2
193,upsert,1,L0072,2048,0,1787897743.5189626,22.330652713775635,130,1,193,1787897721.18831,ov50,agg_static@rho0.8,0,0.55,0.5,4,0.8,agg_static,1787897721.1882923,0,2048,,0,0,0,0,0,0,0,1,98,15.95289771258831,1;0;1;0,115,0,1,124,1787897765.876782,,0,0,0,0,3,0,0,0,0,2560,2560,0,0.0,0.0,0.0,22330.652713775635,0.0,-22330.652713775635,1177.03542,2608.0,51.2
195,upsert,0,L0091,2048,0,1787897743.5190423,22.32983374595642,132,1,195,1787897721.1892085,ov50,agg_static@rho0.8,0,0.55,0.5,4,0.8,agg_static,1787897721.1891944,0,2048,,0,0,0,0,0,0,0,1,100,15.95289771258831,0;0;0;0,115,0,1,96,1787897743.6855621,,0,3,0,1,3,3,0,0,0,0,2048,2048,40.96,0.0,40.96,22329.83374595642,40.96,-22288.87374595642,998.427104,2080.0,40.96
203,upsert,1,L0094,2048,0,1787897746.3737211,18.848464250564575,140,1,203,1787897727.5252569,ov50,agg_static@rho0.8,0,0.55,0.5,4,0.8,agg_static,1787897727.5252423,0,2048,,0,0,0,0,0,0,0,1,96,19.541983604431152,0;0;0;0,123,0,1,120,1787897762.519929,,0,2,1,1,2,2,1,0,0,0,2048,2048,40.96,0.0,40.96,18848.464250564575,40.96,-18807.504250564576,2685.834786,2080.0,40.96
204,upsert,3,L0075,2048,0,1787897746.3737617,16.28805661201477,141,2,204,1787897730.085705,ov50,agg_static@rho0.8,0,0.55,0.5,4,0.8,agg_static,1787897730.0856822,0,2048,,0,0,0,0,0,0,0,1,97,19.541983604431152,1;1;1;0,127,0,1,110,1787897753.6300256,,0,2,3,1,2,2,3,0,1,0,2048,2048,40.96,2.0,38.96,16288.05661201477,38.96,-16249.096612014771,2568.015862,2080.0,38.96
204,upsert,3,L0075,2048,0,1787897746.3737617,16.28805661201477,141,2,204,1787897730.085705,ov50,agg_static@rho0.8,0,0.55,0.5,4,0.8,agg_static,1787897730.0856822,0,2048,,0,0,0,0,0,0,0,1,97,19.541983604431152,1;1;1;0,127,0,2,126,1787897765.8769,,0,3,3,0,3,3,3,0,0,0,0,0,0.0,0.0,0.0,16288.05661201477,0.0,-16288.05661201477,1172.032936,2608.0,0.0
205,upsert,1,L0069,2048,0,1787897746.3738005,16.287524461746216,142,3,205,1787897730.086276,ov50,agg_static@rho0.8,0,0.55,0.5,4,0.8,agg_static,1787897730.086259,0,2048,,0,0,0,0,0,0,0,1,98,19.541983604431152,1;0;1;0,127,0,1,113,1787897756.8495698,,0,1,1,0,1,1,1,0,0,0,0,0,0.0,0.0,0.0,16287.524461746216,0.0,-16287.524461746216,1097.022426,2080.0,0.0
205,upsert,1,L0069,2048,0,1787897746.3738005,16.287524461746216,142,3,205,1787897730.086276,ov50,agg_static@rho0.8,0,0.55,0.5,4,0.8,agg_static,1787897730.086259,0,2048,,0,0,0,0,0,0,0,1,98,19.541983604431152,1;0;1;0,127,0,2,119,1787897759.716148,,0,1,1,0,1,1,1,0,0,0,0,0,0.0,0.0,0.0,16287.524461746216,0.0,-16287.524461746216,1321.446334,2608.0,0.0
205,upsert,1,L0069,2048,0,1787897746.3738005,16.287524461746216,142,3,205,1787897730.086276,ov50,agg_static@rho0.8,0,0.55,0.5,4,0.8,agg_static,1787897730.086259,0,2048,,0,0,0,0,0,0,0,1,98,19.541983604431152,1;0;1;0,127,0,3,125,1787897765.8768482,,0,2,1,1,2,2,1,0,0,0,2048,2048,40.96,0.0,40.96,16287.524461746216,40.96,-16246.564461746217,141.763785,2080.0,40.96
206,upsert,2,L0068,2048,0,1787897746.3738365,16.287107467651367,143,2,206,1787897730.086729,ov50,agg_static@rho0.8,0,0.55,0.5,4,0.8,agg_static,1787897730.086713,0,2048,,0,0,0,0,0,0,0,1,99,19.541983604431152,1;0;0;0,127,0,1,105,1787897750.4044218,,0,0,0,0,1,0,0,1,1,2560,2560,0,0.0,0.0,0.0,16287.107467651367,0.0,-16287.107467651367,1958.006868,2080.0,49.2
206,upsert,2,L0068,2048,0,1787897746.3738365,16.287107467651367,143,2,206,1787897730.086729,ov50,agg_static@rho0.8,0,0.55,0.5,4,0.8,agg_static,1787897730.086713,0,2048,,0,0,0,0,0,0,0,1,99,19.541983604431152,1;0;0;0,127,0,2,116,1787897759.716002,,0,0,0,0,0,0,0,0,0,0,0,0,0.0,0.0,0.0,16287.107467651367,0.0,-16287.107467651367,181.565995,2608.0,0.0
207,upsert,0,L0065,2048,0,1787897746.3738713,16.286720275878906,144,1,207,1787897730.087151,ov50,agg_static@rho0.8,0,0.55,0.5,4,0.8,agg_static,1787897730.0871372,0,2048,,0,0,0,0,0,0,0,1,100,19.541983604431152,0;0;0;0,127,0,1,114,1787897756.849623,,0,3,0,1,3,3,0,0,0,0,2048,2048,40.96,0.0,40.96,16286.720275878906,40.96,-16245.760275878907,1057.31878,2080.0,40.96
211,upsert,0,L0068,2560,0,1787897746.374026,12.525656938552856,148,2,211,1787897733.8483691,ov50,agg_static@rho0.8,0,0.55,0.5,4,0.8,agg_static,1787897733.848354,0,2560,,0,0,0,0,0,0,0,2,104,19.541983604431152,0;0;0;0,131,0,1,105,1787897750.4044218,,0,2,0,1,1,2,0,0,1,2048,2560,512,10.24,2.0,8.24,12525.656938552856,8.24,-12517.416938552857,1958.006868,2080.0,49.2
211,upsert,0,L0068,2560,0,1787897746.374026,12.525656938552856,148,2,211,1787897733.8483691,ov50,agg_static@rho0.8,0,0.55,0.5,4,0.8,agg_static,1787897733.848354,0,2560,,0,0,0,0,0,0,0,2,104,19.541983604431152,0;0;0;0,131,0,2,116,1787897759.716002,,0,2,0,1,0,2,0,0,0,0,0,0,0.0,0.0,0.0,12525.656938552856,0.0,-12525.656938552856,181.565995,2608.0,0.0
213,upsert,0,L0072,2560,0,1787897762.5401168,24.929468631744385,150,1,213,1787897737.6106482,ov50,agg_static@rho0.8,0,0.55,0.5,4,0.8,agg_static,1787897737.6106296,0,2560,,0,0,0,0,0,0,0,2,98,22.3259074985981,0;1;1;0,135,0,1,124,1787897765.876782,,0,1,0,1,3,1,0,0,0,2048,2560,512,10.24,0.0,10.24,24929.468631744385,10.24,-24919.228631744383,1177.03542,2608.0,51.2
20,upsert,0,L0005,2048,0,1787897818.6858184,28.336153507232666,1,2,20,1787897790.349665,ov50,agg_full@rho0.8,0,0.55,0.5,4,0.8,agg_full,1787897790.3496416,0,2048,,0,0,0,0,0,0,0,0,21,,0;0;0;0,0,0,1,33,1787897878.284209,,0,1,1,0,1,1,1,0,0,0,0,0,0.0,0.0,0.0,28336.153507232666,0.0,-28336.153507232666,151.124438,2080.0,0.0
20,upsert,0,L0005,2048,0,1787897818.6858184,28.336153507232666,1,2,20,1787897790.349665,ov50,agg_full@rho0.8,0,0.55,0.5,4,0.8,agg_full,1787897790.3496416,0,2048,,0,0,0,0,0,0,0,0,21,,0;0;0;0,0,0,2,49,1787897891.0164275,,0,1,0,1,3,1,0,1,0,2048,2048,0,0.0,-2.0,2.0,28336.153507232666,2.0,-28334.153507232666,1140.712938,2080.0,40.96
21,upsert,1,L0005,2048,0,1787897820.0400023,29.690184116363525,2,2,21,1787897790.3498182,ov50,agg_full@rho0.8,0,0.55,0.5,4,0.8,agg_full,1787897790.349804,0,2048,,0,0,0,0,0,0,0,0,22,,0;0;0;0,0,0,1,33,1787897878.284209,,0,0,1,1,1,0,1,0,0,0,0,0,0.0,0.0,0.0,29690.184116363525,0.0,-29690.184116363525,151.124438,2080.0,0.0
21,upsert,1,L0005,2048,0,1787897820.0400023,29.690184116363525,2,2,21,1787897790.3498182,ov50,agg_full@rho0.8,0,0.55,0.5,4,0.8,agg_full,1787897790.349804,0,2048,,0,0,0,0,0,0,0,0,22,,0;0;0;0,0,0,2,49,1787897891.0164275,,0,0,0,0,3,0,0,0,0,2048,2048,0,0.0,0.0,0.0,29690.184116363525,0.0,-29690.184116363525,1140.712938,2080.0,40.96
40,upsert,0,L0010,2048,0,1787897823.435978,19.828397750854492,5,1,40,1787897803.6075802,ov50,agg_full@rho0.8,0,0.55,0.5,4,0.8,agg_full,1787897803.6075559,0,2048,,0,0,0,0,0,0,0,0,41,,0;0;0;0,0,0,1,48,1787897891.0163593,,0,1,1,0,2,1,1,0,0,2048,2048,0,0.0,0.0,0.0,19828.397750854492,0.0,-19828.397750854492,1164.150758,2080.0,40.96
41,upsert,1,L0010,2048,0,1787897823.4360464,19.828310251235962,6,1,41,1787897803.607736,ov50,agg_full@rho0.8,0,0.55,0.5,4,0.8,agg_full,1787897803.6077206,0,2048,,0,0,0,0,0,0,0,0,42,,0;0;0;0,0,0,1,48,1787897891.0163593,,0,0,1,1,2,0,1,0,0,2048,2048,0,0.0,0.0,0.0,19828.310251235962,0.0,-19828.310251235962,1164.150758,2080.0,40.96
56,upsert,0,L0014,2048,0,1787897823.4360993,9.359366416931152,7,1,56,1787897814.0767329,ov50,agg_full@rho0.8,0,0.55,0.5,4,0.8,agg_full,1787897814.0767102,0,2048,,0,0,0,0,0,0,0,0,57,,0;0;0;0,0,0,1,57,1787897896.4272394,,1,0,0,0,,0,0,1,1,0,0,0,0.0,0.0,0.0,9359.366416931152,0.0,-9359.366416931152,1572.502112,2608.0,8.24
57,upsert,1,L0014,2048,0,1787897823.4361444,9.359260082244873,8,1,57,1787897814.0768843,ov50,agg_full@rho0.8,0,0.55,0.5,4,0.8,agg_full,1787897814.0768712,0,2048,,0,0,0,0,0,0,0,0,58,,0;0;0;0,0,0,1,57,1787897896.4272394,,1,0,0,0,,0,0,1,1,0,0,0,0.0,0.0,0.0,9359.260082244873,0.0,-9359.260082244873,1572.502112,2608.0,8.24
64,upsert,0,L0016,2048,0,1787897830.1649973,10.842751502990723,11,1,64,1787897819.3222458,ov50,agg_full@rho0.8,0,0.55,0.5,4,0.8,agg_full,1787897819.3222165,0,2048,,0,0,0,0,0,0,0,0,64,28.336153507232666,0;0;0;0,0,0,1,56,1787897896.4271724,,0,1,0,1,3,1,0,0,0,2048,2048,0,0.0,0.0,0.0,10842.751502990723,0.0,-10842.751502990723,148.975589,2080.0,40.96
65,upsert,1,L0016,2048,0,1787897830.1651332,10.842625617980957,12,1,65,1787897819.3225076,ov50,agg_full@rho0.8,0,0.55,0.5,4,0.8,agg_full,1787897819.3224928,0,2048,,0,0,0,0,0,0,0,0,65,28.336153507232666,0;0;0;0,0,0,1,56,1787897896.4271724,,0,0,0,0,3,0,0,0,0,2048,2048,0,0.0,0.0,0.0,10842.625617980957,0.0,-10842.625617980957,148.975589,2080.0,40.96
72,upsert,0,L0018,2048,0,1787897841.2066808,16.744691133499146,15,1,72,1787897824.4619896,ov50,agg_full@rho0.8,0,0.55,0.5,4,0.8,agg_full,1787897824.46196,0,2048,,0,0,0,0,0,0,0,0,63,17.112595868110656,0;0;0;0,0,0,1,47,1787897888.268621,,0,1,1,0,3,1,1,1,1,2048,2048,0,0.0,0.0,0.0,16744.691133499146,0.0,-16744.691133499146,511.184882,2080.0,38.96
73,upsert,1,L0018,2048,0,1787897841.2067876,16.744477033615112,16,1,73,1787897824.4623106,ov50,agg_full@rho0.8,0,0.55,0.5,4,0.8,agg_full,1787897824.462294,0,2048,,0,0,0,0,0,0,0,0,64,17.112595868110656,0;0;0;0,0,0,1,47,1787897888.268621,,0,0,1,1,3,0,1,1,1,2048,2048,0,0.0,0.0,0.0,16744.477033615112,0.0,-16744.477033615112,511.184882,2080.0,38.96
92,upsert,0,L0023,2048,0,1787897851.352662,13.030599355697632,25,3,92,1787897838.3220627,ov50,agg_full@rho0.8,0,0.55,0.5,4,0.8,agg_full,1787897838.3220327,0,2048,,0,0,0,0,0,0,0,0,79,15.571149451392037,0;0;0;0,0,0,1,35,1787897878.2843122,,0,1,0,1,3,1,0,1,1,2048,2048,0,0.0,0.0,0.0,13030.599355697632,0.0,-13030.599355697632,1611.483745,2608.0,38.96
92,upsert,0,L0023,2048,0,1787897851.352662,13.030599355697632,25,3,92,1787897838.3220627,ov50,agg_full@rho0.8,0,0.55,0.5,4,0.8,agg_full,1787897838.3220327,0,2048,,0,0,0,0,0,0,0,0,79,15.571149451392037,0;0;0;0,0,0,2,46,1787897888.2685685,,0,1,1,0,1,1,1,0,0,0,0,0,0.0,0.0,0.0,13030.599355697632,0.0,-13030.599355697632,264.751757,2080.0,0.0
92,upsert,0,L0023,2048,0,1787897851.352662,13.030599355697632,25,3,92,1787897838.3220627,ov50,agg_full@rho0.8,0,0.55,0.5,4,0.8,agg_full,1787897838.3220327,0,2048,,0,0,0,0,0,0,0,0,79,15.571149451392037,0;0;0;0,0,0,3,63,1787897899.1087148,,1,0,0,0,,0,0,0,0,0,0,0,0.0,0.0,0.0,13030.599355697632,0.0,-13030.599355697632,191.699731,2608.0,0.0
93,upsert,1,L0023,2048,0,1787897851.3527143,13.030310869216919,26,3,93,1787897838.3224034,ov50,agg_full@rho0.8,0,0.55,0.5,4,0.8,agg_full,1787897838.3223875,0,2048,,0,0,0,0,0,0,0,0,80,15.571149451392037,0;0;0;0,0,0,1,35,1787897878.2843122,,1,0,0,0,,0,0,1,1,0,0,0,0.0,0.0,0.0,13030.310869216919,0.0,-13030.310869216919,1611.483745,2608.0,38.96
93,upsert,1,L0023,2048,0,1787897851.3527143,13.030310869216919,26,3,93,1787897838.3224034,ov50,agg_full@rho0.8,0,0.55,0.5,4,0.8,agg_full,1787897838.3223875,0,2048,,0,0,0,0,0,0,0,0,80,15.571149451392037,0;0;0;0,0,0,2,46,1787897888.2685685,,1,1,1,0,,1,1,0,0,0,0,0,0.0,0.0,0.0,13030.310869216919,0.0,-13030.310869216919,264.751757,2080.0,0.0
93,upsert,1,L0023,2048,0,1787897851.3527143,13.030310869216919,26,3,93,1787897838.3224034,ov50,agg_full@rho0.8,0,0.55,0.5,4,0.8,agg_full,1787897838.3223875,0,2048,,0,0,0,0,0,0,0,0,80,15.571149451392037,0;0;0;0,0,0,3,63,1787897899.1087148,,1,0,0,0,,0,0,0,0,0,0,0,0.0,0.0,0.0,13030.310869216919,0.0,-13030.310869216919,191.699731,2608.0,0.0
108,upsert,0,L0027,2048,0,1787897864.894148,15.49949860572815,33,1,108,1787897849.3946495,ov50,agg_full@rho0.8,0,0.55,0.5,4,0.8,agg_full,1787897849.394626,0,2048,,0,0,0,0,0,0,0,0,87,15.050192258574747,0;0;0;0,0,0,1,34,1787897878.2842653,,0,1,0,1,3,1,0,1,0,2048,2048,0,0.0,-2.0,2.0,15499.49860572815,2.0,-15497.49860572815,146.561447,2080.0,40.96
109,upsert,1,L0027,2048,0,1787897864.894287,15.499343395233154,34,1,109,1787897849.3949437,ov50,agg_full@rho0.8,0,0.55,0.5,4,0.8,agg_full,1787897849.3949287,0,2048,,0,0,0,0,0,0,0,0,88,15.050192258574747,0;0;0;0,0,0,1,34,1787897878.2842653,,0,0,0,0,3,0,0,0,0,2048,2048,0,0.0,0.0,0.0,15499.343395233154,0.0,-15499.343395233154,146.561447,2080.0,40.96
112,upsert,0,L0028,2048,0,1787897868.9774868,16.986086130142212,35,1,112,1787897851.9914007,ov50,agg_full@rho0.8,0,0.55,0.5,4,0.8,agg_full,1787897851.9913683,0,2048,,0,0,0,0,0,0,0,0,85,14.60754656791687,0;0;0;0,0,0,1,55,1787897893.9835713,,0,1,0,1,2,1,0,1,1,2048,2048,0,0.0,0.0,0.0,16986.086130142212,0.0,-16986.086130142212,1446.593713,2080.0,38.96
113,upsert,1,L0028,2048,0,1787897868.9776208,16.985897064208984,36,1,113,1787897851.9917238,ov50,agg_full@rho0.8,0,0.55,0.5,4,0.8,agg_full,1787897851.9917076,0,2048,,0,0,0,0,0,0,0,0,86,14.60754656791687,0;0;0;0,0,0,1,55,1787897893.9835713,,0,0,0,0,2,0,0,1,1,2048,2048,0,0.0,0.0,0.0,16985.897064208984,0.0,-16985.897064208984,1446.593713,2080.0,38.96
116,upsert,0,L0029,2048,0,1787897868.9776905,14.376039743423462,37,1,116,1787897854.6016507,ov50,agg_full@rho0.8,0,0.55,0.5,4,0.8,agg_full,1787897854.6016264,0,2048,,0,0,0,0,0,0,0,0,89,14.60754656791687,0;0;0;0,0,0,1,36,1787897880.5746295,,0,1,1,0,1,1,1,0,0,0,0,0,0.0,0.0,0.0,14376.039743423462,0.0,-14376.039743423462,2326.824355,2080.0,0.0
117,upsert,1,L0029,2048,0,1787897868.977741,14.375782489776611,38,1,117,1787897854.6019585,ov50,agg_full@rho0.8,0,0.55,0.5,4,0.8,agg_full,1787897854.6019435,0,2048,,0,0,0,0,0,0,0,0,90,14.60754656791687,0;0;0;0,0,0,1,36,1787897880.5746295,,0,0,1,1,1,0,1,0,0,0,0,0,0.0,0.0,0.0,14375.782489776611,0.0,-14375.782489776611,2326.824355,2080.0,0.0
120,upsert,0,L0030,2048,0,1787897868.9777863,11.900356769561768,39,1,120,1787897857.0774295,ov50,agg_full@rho0.8,0,0.55,0.5,4,0.8,agg_full,1787897857.0774047,0,2048,,0,0,0,0,0,0,0,0,93,14.60754656791687,0;0;0;0,0,0,1,39,1787897880.5747783,,0,1,0,1,3,1,0,1,1,2048,2048,0,0.0,0.0,0.0,11900.356769561768,0.0,-11900.356769561768,3156.98215,2080.0,38.96
121,upsert,1,L0030,2048,0,1787897868.9778311,11.900088787078857,40,1,121,1787897857.0777423,ov50,agg_full@rho0.8,0,0.55,0.5,4,0.8,agg_full,1787897857.0777261,0,2048,,0,0,0,0,0,0,0,0,94,14.60754656791687,0;0;0;0,0,0,1,39,1787897880.5747783,,0,0,0,0,3,0,0,1,1,2048,2048,0,0.0,0.0,0.0,11900.088787078857,0.0,-11900.088787078857,3156.98215,2080.0,38.96
124,upsert,0,L0031,2048,0,1787897868.9778717,9.062182188034058,41,1,124,1787897859.9156895,ov50,agg_full@rho0.8,0,0.55,0.5,4,0.8,agg_full,1787897859.9156642,0,2048,,0,0,0,0,0,0,0,0,97,14.60754656791687,0;0;0;0,0,0,1,54,1787897893.9835193,,0,1,0,1,2,1,0,1,0,2048,2048,0,0.0,-2.0,2.0,9062.182188034058,2.0,-9060.182188034058,152.467469,2080.0,40.96
125,upsert,1,L0031,2048,0,1787897876.8108158,16.89481496810913,42,1,125,1787897859.9160008,ov50,agg_full@rho0.8,0,0.55,0.5,4,0.8,agg_full,1787897859.915985,0,2048,,0,0,0,0,0,0,0,0,98,14.60754656791687,0;0;0;0,0,0,1,54,1787897893.9835193,,0,0,0,0,2,0,0,0,0,2048,2048,0,0.0,0.0,0.0,16894.81496810913,0.0,-16894.81496810913,152.467469,2080.0,40.96
130,upsert,1,L0014,2048,2048,1787897876.8110452,14.532856941223145,45,1,130,1787897862.2781882,ov50,agg_full@rho0.8,0,0.55,0.5,4,0.8,agg_full,1787897862.278154,2048,0,48.20128273963928,0,2048,2048,2048,0,2,0,1,99,14.635478839278221,0;1;0;0,6,0,1,57,1787897896.4272394,,0,0,0,0,1,0,0,1,1,512,512,0,0.0,0.0,0.0,14532.856941223145,0.0,-14532.856941223145,1572.502112,2608.0,8.24
131,upsert,1,L0023,2048,2048,1787897876.8110912,14.532691240310669,46,3,131,1787897862.2784,ov50,agg_full@rho0.8,0,0.55,0.5,4,0.8,agg_full,1787897862.2783864,2048,0,23.95599889755249,0,2048,2048,2048,0,2,0,1,100,14.635478839278221,0;0;0;0,6,0,1,35,1787897878.2843122,,0,0,0,0,3,0,0,1,1,2048,2048,0,0.0,0.0,0.0,14532.691240310669,0.0,-14532.691240310669,1611.483745,2608.0,38.96
131,upsert,1,L0023,2048,2048,1787897876.8110912,14.532691240310669,46,3,131,1787897862.2784,ov50,agg_full@rho0.8,0,0.55,0.5,4,0.8,agg_full,1787897862.2783864,2048,0,23.95599889755249,0,2048,2048,2048,0,2,0,1,100,14.635478839278221,0;0;0;0,6,0,2,46,1787897888.2685685,,0,1,1,0,1,1,1,0,0,0,0,0,0.0,0.0,0.0,14532.691240310669,0.0,-14532.691240310669,264.751757,2080.0,0.0
131,upsert,1,L0023,2048,2048,1787897876.8110912,14.532691240310669,46,3,131,1787897862.2784,ov50,agg_full@rho0.8,0,0.55,0.5,4,0.8,agg_full,1787897862.2783864,2048,0,23.95599889755249,0,2048,2048,2048,0,2,0,1,100,14.635478839278221,0;0;0;0,6,0,3,63,1787897899.1087148,,0,0,0,0,0,0,0,0,0,0,0,0,0.0,0.0,0.0,14532.691240310669,0.0,-14532.691240310669,191.699731,2608.0,0.0
132,upsert,2,L0000,2048,0,1787897876.8111308,12.928097009658813,47,2,132,1787897863.8830338,ov50,agg_full@rho0.8,0,0.55,0.5,4,0.8,agg_full,1787897863.8830075,2048,0,86.9148964881897,0,0,0,0,0,0,0,2,101,14.635478839278221,1;1;0;1,10,1,1,42,1787897884.4132726,,0,1,1,0,1,1,1,0,0,0,0,0,0.0,0.0,0.0,12928.097009658813,0.0,-12928.097009658813,160.805265,2080.0,0.0
132,upsert,2,L0000,2048,0,1787897876.8111308,12.928097009658813,47,2,132,1787897863.8830338,ov50,agg_full@rho0.8,0,0.55,0.5,4,0.8,agg_full,1787897863.8830075,2048,0,86.9148964881897,0,0,0,0,0,0,0,2,101,14.635478839278221,1;1;0;1,10,1,2,60,1787897899.1085634,,1,1,1,0,,1,1,0,0,0,0,0,0.0,0.0,0.0,12928.097009658813,0.0,-12928.097009658813,359.442349,2608.0,10.24
133,upsert,1,L0000,2560,0,1787897876.8111959,12.927819013595581,48,2,133,1787897863.8833768,ov50,agg_full@rho0.8,0,0.55,0.5,4,0.8,agg_full,1787897863.8833592,2048,512,86.91534757614136,0,0,0,0,0,0,0,2,102,14.635478839278221,1;0;0;1,10,1,1,42,1787897884.4132726,,0,2,1,1,1,2,1,1,0,0,0,0,0.0,-2.0,2.0,12927.819013595581,2.0,-12925.819013595581,160.805265,2080.0,0.0
133,upsert,1,L0000,2560,0,1787897876.8111959,12.927819013595581,48,2,133,1787897863.8833768,ov50,agg_full@rho0.8,0,0.55,0.5,4,0.8,agg_full,1787897863.8833592,2048,512,86.91534757614136,0,0,0,0,0,0,0,2,102,14.635478839278221,1;0;0;1,10,1,2,60,1787897899.1085634,,1,1,1,0,,1,1,0,0,0,0,0,0.0,0.0,0.0,12927.819013595581,0.0,-12927.819013595581,359.442349,2608.0,10.24
139,upsert,1,L0000,3072,2560,1787897884.477693,17.687805652618408,53,1,139,1787897866.7898874,ov50,agg_full@rho0.8,0,0.55,0.5,4,0.8,agg_full,1787897866.7898712,2560,512,2.9065120220184326,0,0,0,0,0,0,0,3,106,13.790869601070881,0;0;0;0,15,1,1,60,1787897899.1085634,,1,1,1,0,,1,1,0,0,0,0,0,0.0,0.0,0.0,17687.80565261841,0.0,-17687.80565261841,359.442349,2608.0,10.24
143,upsert,0,L0034,2048,0,1787897889.8943884,20.58350419998169,57,1,143,1787897869.3108842,ov50,agg_full@rho0.8,0,0.55,0.5,4,0.8,agg_full,1787897869.310873,0,2048,,0,0,0,0,0,0,0,1,103,13.45199715346098,0;0;0;0,19,0,1,50,1787897891.0164802,,0,2,0,1,2,2,0,0,1,0,2048,2048,40.96,2.0,38.96,20583.50419998169,38.96,-20544.54419998169,2336.667404,2080.0,38.96
144,upsert,0,L0023,2560,2048,1787897889.8944304,17.736424922943115,58,1,144,1787897872.1580055,ov50,agg_full@rho0.8,0,0.55,0.5,4,0.8,agg_full,1787897872.1579862,2048,512,33.8359534740448,0,2048,2048,2048,0,2,0,2,104,13.45199715346098,0;1;1;1,24,0,1,63,1787897899.1087148,,0,0,0,0,0,0,0,0,0,0,0,0,0.0,0.0,0.0,17736.424922943115,0.0,-17736.424922943115,191.699731,2608.0,0.0
145,upsert,1,L0000,2048,3072,1787897889.894478,17.736194372177124,59,1,145,1787897872.1582837,ov50,agg_full@rho0.8,0,0.55,0.5,4,0.8,agg_full,1787897872.1582646,3072,-1024,5.368393421173096,0,0,0,0,0,0,0,5,105,13.45199715346098,0;0;1;1,24,1,1,60,1787897899.1085634,,1,1,1,0,,1,1,0,0,0,0,0,0.0,0.0,0.0,17736.194372177124,0.0,-17736.194372177124,359.442349,2608.0,10.24
146,upsert,2,L0000,2560,2048,1787897889.8945174,17.735990047454834,60,1,146,1787897872.1585274,ov50,agg_full@rho0.8,0,0.55,0.5,4,0.8,agg_full,1787897872.1585107,2048,512,8.275503158569336,0,0,0,0,0,0,0,5,106,13.45199715346098,0;0;0;1,24,1,1,60,1787897899.1085634,,0,1,1,0,2,1,1,0,0,512,512,0,0.0,0.0,0.0,17735.990047454834,0.0,-17735.990047454834,359.442349,2608.0,10.24
147,upsert,3,L0046,2048,0,1787897896.3524666,24.193730354309082,61,1,147,1787897872.1587362,ov50,agg_full@rho0.8,0,0.55,0.5,4,0.8,agg_full,1787897872.158723,0,2048,,0,0,0,0,0,0,0,1,107,13.45199715346098,0;0;0;0,24,0,1,58,1787897896.4272919,,0,3,3,0,3,3,3,0,0,0,0,0,0.0,0.0,0.0,24193.730354309082,0.0,-24193.730354309082,1098.128657,2080.0,0.0
150,upsert,1,L0000,3072,2048,1787897896.3527033,21.728564500808716,64,1,150,1787897874.6241388,ov50,agg_full@rho0.8,0,0.55,0.5,4,0.8,agg_full,1787897874.624122,2048,1024,2.4658572673797607,0,0,0,0,0,0,0,6,110,13.45199715346098,0;0;0;1,28,1,1,60,1787897899.1085634,,0,2,1,1,2,2,1,0,0,0,512,512,10.24,0.0,10.24,21728.564500808716,10.24,-21718.324500808714,359.442349,2608.0,10.24
152,upsert,0,L0014,2560,2048,1787897896.3527975,19.94900107383728,66,1,152,1787897876.4037964,ov50,agg_full@rho0.8,0,0.55,0.5,4,0.8,agg_full,1787897876.4037704,2048,512,62.32706022262573,0,2048,2048,2048,0,2,0,2,112,13.45199715346098,1;1;0;1,34,0,1,57,1787897896.4272394,,0,1,0,1,1,1,0,0,1,0,512,512,10.24,2.0,8.24,19949.00107383728,8.24,-19940.76107383728,1572.502112,2608.0,8.24
193,upsert,1,L0072,2048,0,1787897949.539969,43.86774921417236,107,1,193,1787897905.6722198,ov50,agg_full@rho0.8,0,0.55,0.5,4,0.8,agg_full,1787897905.6722026,0,2048,,0,0,0,0,0,0,0,1,126,17.271104864776134,0;0;1;1,96,0,1,124,1787897954.5989828,,0,0,1,1,0,0,1,0,0,0,2048,2048,40.96,0.0,40.96,43867.74921417236,40.96,-43826.789214172364,2506.479261,2080.0,40.96
0,upsert,0,L0000,2048,0,1787898159.7832355,0.0012543201446533203,1,3,0,1787898159.7819812,ov50,agg_full@rho0.8,1,0.55,0.5,4,0.8,agg_full,1787898159.7819655,0,2048,,0,0,0,0,0,0,0,0,1,,0;0;0;0,0,0,1,36,1787898263.637741,,0,3,3,0,3,3,3,0,0,0,0,0,0.0,0.0,0.0,1.2543201446533203,0.0,-1.2543201446533203,974.967512,2080.0,0.0
0,upsert,0,L0000,2048,0,1787898159.7832355,0.0012543201446533203,1,3,0,1787898159.7819812,ov50,agg_full@rho0.8,1,0.55,0.5,4,0.8,agg_full,1787898159.7819655,0,2048,,0,0,0,0,0,0,0,0,1,,0;0;0;0,0,0,2,50,1787898276.5721374,,0,3,3,0,2,3,3,0,0,2048,2048,0,0.0,0.0,0.0,1.2543201446533203,0.0,-1.2543201446533203,1117.791217,2608.0,40.96
0,upsert,0,L0000,2048,0,1787898159.7832355,0.0012543201446533203,1,3,0,1787898159.7819812,ov50,agg_full@rho0.8,1,0.55,0.5,4,0.8,agg_full,1787898159.7819655,0,2048,,0,0,0,0,0,0,0,0,1,,0;0;0;0,0,0,3,51,1787898276.5722003,,0,3,3,0,2,3,3,1,1,2048,2048,0,0.0,0.0,0.0,1.2543201446533203,0.0,-1.2543201446533203,1278.325235,2080.0,38.96
3,upsert,3,L0000,2048,0,1787898159.7832909,0.001169443130493164,2,3,3,1787898159.7821214,ov50,agg_full@rho0.8,1,0.55,0.5,4,0.8,agg_full,1787898159.7821178,0,2048,,0,0,0,0,0,0,0,0,4,,0;0;0;0,0,0,1,36,1787898263.637741,,0,0,3,1,3,0,3,0,0,0,0,0,0.0,0.0,0.0,1.169443130493164,0.0,-1.169443130493164,974.967512,2080.0,0.0
3,upsert,3,L0000,2048,0,1787898159.7832909,0.001169443130493164,2,3,3,1787898159.7821214,ov50,agg_full@rho0.8,1,0.55,0.5,4,0.8,agg_full,1787898159.7821178,0,2048,,0,0,0,0,0,0,0,0,4,,0;0;0;0,0,0,2,50,1787898276.5721374,,0,0,3,1,2,0,3,1,0,2048,2048,0,0.0,-2.0,2.0,1.169443130493164,2.0,0.8305568695068359,1117.791217,2608.0,40.96
3,upsert,3,L0000,2048,0,1787898159.7832909,0.001169443130493164,2,3,3,1787898159.7821214,ov50,agg_full@rho0.8,1,0.55,0.5,4,0.8,agg_full,1787898159.7821178,0,2048,,0,0,0,0,0,0,0,0,4,,0;0;0;0,0,0,3,51,1787898276.5722003,,0,0,3,1,2,0,3,1,1,2048,2048,0,0.0,0.0,0.0,1.169443130493164,0.0,-1.169443130493164,1278.325235,2080.0,38.96
4,upsert,0,L0001,2048,0,1787898162.486249,0.003263711929321289,3,3,4,1787898162.4829853,ov50,agg_full@rho0.8,1,0.55,0.5,4,0.8,agg_full,1787898162.4829593,0,2048,,0,0,0,0,0,0,0,0,3,0.0012118816375732422,0;0;0;0,0,0,1,40,1787898267.536313,,0,1,1,0,1,1,1,0,0,0,0,0,0.0,0.0,0.0,3.263711929321289,0.0,-3.263711929321289,1466.451926,2608.0,0.0
4,upsert,0,L0001,2048,0,1787898162.486249,0.003263711929321289,3,3,4,1787898162.4829853,ov50,agg_full@rho0.8,1,0.55,0.5,4,0.8,agg_full,1787898162.4829593,0,2048,,0,0,0,0,0,0,0,0,3,0.0012118816375732422,0;0;0;0,0,0,2,41,1787898267.5363789,,0,1,0,1,2,1,0,1,0,2048,2048,0,0.0,-2.0,2.0,3.263711929321289,2.0,-1.263711929321289,140.590905,2080.0,40.96
4,upsert,0,L0001,2048,0,1787898162.486249,0.003263711929321289,3,3,4,1787898162.4829853,ov50,agg_full@rho0.8,1,0.55,0.5,4,0.8,agg_full,1787898162.4829593,0,2048,,0,0,0,0,0,0,0,0,3,0.0012118816375732422,0;0;0;0,0,0,3,56,1787898282.2058432,,0,1,1,0,0,1,1,0,0,512,512,0,0.0,0.0,0.0,3.263711929321289,0.0,-3.263711929321289,181.606374,2608.0,10.24
5,upsert,1,L0001,2048,0,1787898162.4863627,0.0031151771545410156,4,3,5,1787898162.4832475,ov50,agg_full@rho0.8,1,0.55,0.5,4,0.8,agg_full,1787898162.4832323,0,2048,,0,0,0,0,0,0,0,0,4,0.0012118816375732422,0;0;0;0,0,0,1,40,1787898267.536313,,1,1,1,0,,1,1,0,0,0,0,0,0.0,0.0,0.0,3.1151771545410156,0.0,-3.1151771545410156,1466.451926,2608.0,0.0
5,upsert,1,L0001,2048,0,1787898162.4863627,0.0031151771545410156,4,3,5,1787898162.4832475,ov50,agg_full@rho0.8,1,0.55,0.5,4,0.8,agg_full,1787898162.4832323,0,2048,,0,0,0,0,0,0,0,0,4,0.0012118816375732422,0;0;0;0,0,0,2,41,1787898267.5363789,,1,0,0,0,,0,0,0,0,0,0,0,0.0,0.0,0.0,3.1151771545410156,0.0,-3.1151771545410156,140.590905,2080.0,40.96
5,upsert,1,L0001,2048,0,1787898162.4863627,0.0031151771545410156,4,3,5,1787898162.4832475,ov50,agg_full@rho0.8,1,0.55,0.5,4,0.8,agg_full,1787898162.4832323,0,2048,,0,0,0,0,0,0,0,0,4,0.0012118816375732422,0;0;0;0,0,0,3,56,1787898282.2058432,,1,1,1,0,,1,1,0,0,0,0,0,0.0,0.0,0.0,3.1151771545410156,0.0,-3.1151771545410156,181.606374,2608.0,10.24
20,upsert,0,L0005,2048,0,1787898172.948776,0.0034034252166748047,11,1,20,1787898172.9453726,ov50,agg_full@rho0.8,1,0.55,0.5,4,0.8,agg_full,1787898172.9453428,0,2048,,0,0,0,0,0,0,0,0,11,0.0028226375579833984,0;0;0;0,0,0,1,32,1787898260.5168185,,0,1,1,0,1,1,1,0,0,0,0,0,0.0,0.0,0.0,3.4034252166748047,0.0,-3.4034252166748047,1042.796057,2080.0,0.0
21,upsert,1,L0005,2048,0,1787898172.9488912,0.0032444000244140625,12,1,21,1787898172.9456468,ov50,agg_full@rho0.8,1,0.55,0.5,4,0.8,agg_full,1787898172.9456294,0,2048,,0,0,0,0,0,0,0,0,12,0.0028226375579833984,0;0;0;0,0,0,1,32,1787898260.5168185,,0,0,1,1,1,0,1,0,0,0,0,0,0.0,0.0,0.0,3.2444000244140625,0.0,-3.2444000244140625,1042.796057,2080.0,0.0
24,upsert,0,L0006,2048,0,1787898175.533679,0.0034325122833251953,13,2,24,1787898175.5302465,ov50,agg_full@rho0.8,1,0.55,0.5,4,0.8,agg_full,1787898175.5302186,0,2048,,0,0,0,0,0,0,0,0,13,0.002906183401743571,0;0;0;0,0,0,1,34,1787898260.5169303,,0,1,0,1,0,1,0,1,0,0,0,0,0.0,-2.0,2.0,3.4325122833251953,2.0,-1.4325122833251953,148.497045,2080.0,0.0
24,upsert,0,L0006,2048,0,1787898175.533679,0.0034325122833251953,13,2,24,1787898175.5302465,ov50,agg_full@rho0.8,1,0.55,0.5,4,0.8,agg_full,1787898175.5302186,0,2048,,0,0,0,0,0,0,0,0,13,0.002906183401743571,0;0;0;0,0,0,2,53,1787898279.3316052,,0,1,1,0,3,1,1,0,0,2048,2048,0,0.0,0.0,0.0,3.4325122833251953,0.0,-3.4325122833251953,977.305594,2080.0,40.96
25,upsert,1,L0006,2048,0,1787898175.5337908,0.0032639503479003906,14,2,25,1787898175.5305269,ov50,agg_full@rho0.8,1,0.55,0.5,4,0.8,agg_full,1787898175.5305111,0,2048,,0,0,0,0,0,0,0,0,14,0.002906183401743571,0;0;0;0,0,0,1,34,1787898260.5169303,,0,0,0,0,0,0,0,0,0,0,0,0,0.0,0.0,0.0,3.2639503479003906,0.0,-3.2639503479003906,148.497045,2080.0,0.0
25,upsert,1,L0006,2048,0,1787898175.5337908,0.0032639503479003906,14,2,25,1787898175.5305269,ov50,agg_full@rho0.8,1,0.55,0.5,4,0.8,agg_full,1787898175.5305111,0,2048,,0,0,0,0,0,0,0,0,14,0.002906183401743571,0;0;0;0,0,0,2,53,1787898279.3316052,,0,0,1,1,3,0,1,1,0,2048,2048,0,0.0,-2.0,2.0,3.2639503479003906,2.0,-1.2639503479003906,977.305594,2080.0,40.96
28,upsert,0,L0007,2048,0,1787898178.0261037,0.003436565399169922,15,1,28,1787898178.0226672,ov50,agg_full@rho0.8,1,0.55,0.5,4,0.8,agg_full,1787898178.0226388,0,2048,,0,0,0,0,0,0,0,0,15,0.0029693331037248883,0;0;0;0,0,0,1,63,1787898285.8016546,,0,1,1,0,2,1,1,1,1,2560,2560,0,0.0,0.0,0.0,3.436565399169922,0.0,-3.436565399169922,2666.30223,2608.0,49.2
29,upsert,1,L0007,2048,0,1787898178.0262313,0.0032796859741210938,16,1,29,1787898178.0229516,ov50,agg_full@rho0.8,1,0.55,0.5,4,0.8,agg_full,1787898178.0229356,0,2048,,0,0,0,0,0,0,0,0,16,0.0029693331037248883,0;0;0;0,0,0,1,63,1787898285.8016546,,1,1,1,0,,1,1,1,1,0,0,0,0.0,0.0,0.0,3.2796859741210938,0.0,-3.2796859741210938,2666.30223,2608.0,49.2
36,upsert,0,L0009,2048,0,1787898183.2552552,0.0034995079040527344,19,1,36,1787898183.2517557,ov50,agg_full@rho0.8,1,0.55,0.5,4,0.8,agg_full,1787898183.2517252,0,2048,,0,0,0,0,0,0,0,0,19,0.003052446577284071,0;0;0;0,0,0,1,37,1787898263.6378098,,0,1,1,0,1,1,1,0,0,0,0,0,0.0,0.0,0.0,3.4995079040527344,0.0,-3.4995079040527344,170.993799,2080.0,0.0
37,upsert,1,L0009,2048,0,1787898183.2553575,0.003310680389404297,20,1,37,1787898183.2520468,ov50,agg_full@rho0.8,1,0.55,0.5,4,0.8,agg_full,1787898183.2520306,0,2048,,0,0,0,0,0,0,0,0,20,0.003052446577284071,0;0;0;0,0,0,1,37,1787898263.6378098,,0,0,1,1,1,0,1,0,0,0,0,0,0.0,0.0,0.0,3.310680389404297,0.0,-3.310680389404297,170.993799,2080.0,0.0
52,upsert,0,L0013,2048,0,1787898203.18344,9.34667706489563,27,2,52,1787898193.836763,ov50,agg_full@rho0.8,1,0.55,0.5,4,0.8,agg_full,1787898193.8367352,0,2048,,0,0,0,0,0,0,0,0,29,0.7389222184816996,0;0;0;0,0,0,1,49,1787898276.5720787,,1,0,0,0,,0,0,0,0,0,0,0,0.0,0.0,0.0,9346.67706489563,0.0,-9346.67706489563,1089.587546,2080.0,0.0
52,upsert,0,L0013,2048,0,1787898203.18344,9.34667706489563,27,2,52,1787898193.836763,ov50,agg_full@rho0.8,1,0.55,0.5,4,0.8,agg_full,1787898193.8367352,0,2048,,0,0,0,0,0,0,0,0,29,0.7389222184816996,0;0;0;0,0,0,2,59,1787898282.206009,,1,0,0,0,,0,0,1,1,0,0,0,0.0,0.0,0.0,9346.67706489563,0.0,-9346.67706489563,2672.607335,2608.0,38.96
53,upsert,1,L0013,2048,0,1787898203.1835525,9.346492052078247,28,2,53,1787898193.8370605,ov50,agg_full@rho0.8,1,0.55,0.5,4,0.8,agg_full,1787898193.837045,0,2048,,0,0,0,0,0,0,0,0,30,0.7389222184816996,0;0;0;0,0,0,1,49,1787898276.5720787,,0,0,0,0,0,0,0,0,0,0,0,0,0.0,0.0,0.0,9346.492052078247,0.0,-9346.492052078247,1089.587546,2080.0,0.0
53,upsert,1,L0013,2048,0,1787898203.1835525,9.346492052078247,28,2,53,1787898193.8370605,ov50,agg_full@rho0.8,1,0.55,0.5,4,0.8,agg_full,1787898193.837045,0,2048,,0,0,0,0,0,0,0,0,30,0.7389222184816996,0;0;0;0,0,0,2,59,1787898282.206009,,0,0,0,0,2,0,0,1,1,2048,2048,0,0.0,0.0,0.0,9346.492052078247,0.0,-9346.492052078247,2672.607335,2608.0,38.96
56,upsert,0,L0014,2048,0,1787898205.3153396,8.833786725997925,29,1,56,1787898196.4815528,ov50,agg_full@rho0.8,1,0.55,0.5,4,0.8,agg_full,1787898196.4815276,0,2048,,0,0,0,0,0,0,0,0,33,0.7389222184816996,0;0;0;0,0,0,1,52,1787898279.3315384,,0,1,0,1,0,1,0,0,0,0,0,0,0.0,0.0,0.0,8833.786725997925,0.0,-8833.786725997925,150.214033,2080.0,0.0
57,upsert,1,L0014,2048,0,1787898205.315443,8.83360505104065,30,1,57,1787898196.481838,ov50,agg_full@rho0.8,1,0.55,0.5,4,0.8,agg_full,1787898196.4818232,0,2048,,0,0,0,0,0,0,0,0,34,0.7389222184816996,0;0;0;0,0,0,1,52,1787898279.3315384,,0,0,0,0,0,0,0,0,0,0,0,0,0.0,0.0,0.0,8833.60505104065,0.0,-8833.60505104065,150.214033,2080.0,0.0
84,upsert,0,L0021,2048,0,1787898228.941651,13.523865222930908,43,2,84,1787898215.417786,ov50,agg_full@rho0.8,1,0.55,0.5,4,0.8,agg_full,1787898215.417754,0,2048,,0,0,0,0,0,0,0,0,49,3.8137862235307693,0;0;0;0,0,0,1,58,1787898282.2059622,,0,1,1,0,2,1,1,1,1,2048,2048,0,0.0,0.0,0.0,13523.865222930908,0.0,-13523.865222930908,1429.314348,2080.0,38.96
84,upsert,0,L0021,2048,0,1787898228.941651,13.523865222930908,43,2,84,1787898215.417786,ov50,agg_full@rho0.8,1,0.55,0.5,4,0.8,agg_full,1787898215.417754,0,2048,,0,0,0,0,0,0,0,0,49,3.8137862235307693,0;0;0;0,0,0,2,61,1787898285.8015532,,0,1,1,0,3,1,1,0,0,2048,2048,0,0.0,0.0,0.0,13523.865222930908,0.0,-13523.865222930908,1140.564021,2608.0,40.96
85,upsert,1,L0021,2048,0,1787898228.9417808,13.523679256439209,44,2,85,1787898215.4181015,ov50,agg_full@rho0.8,1,0.55,0.5,4,0.8,agg_full,1787898215.4180834,0,2048,,0,0,0,0,0,0,0,0,50,3.8137862235307693,0;0;0;0,0,0,1,58,1787898282.2059622,,1,1,1,0,,1,1,1,1,0,0,0,0.0,0.0,0.0,13523.679256439209,0.0,-13523.679256439209,1429.314348,2080.0,38.96
85,upsert,1,L0021,2048,0,1787898228.9417808,13.523679256439209,44,2,85,1787898215.4181015,ov50,agg_full@rho0.8,1,0.55,0.5,4,0.8,agg_full,1787898215.4180834,0,2048,,0,0,0,0,0,0,0,0,50,3.8137862235307693,0;0;0;0,0,0,2,61,1787898285.8015532,,1,1,1,0,,1,1,0,0,0,0,0,0.0,0.0,0.0,13523.679256439209,0.0,-13523.679256439209,1140.564021,2608.0,40.96
88,upsert,0,L0022,2048,0,1787898228.9418488,10.898268699645996,45,2,88,1787898218.04358,ov50,agg_full@rho0.8,1,0.55,0.5,4,0.8,agg_full,1787898218.043546,0,2048,,0,0,0,0,0,0,0,0,53,3.8137862235307693,0;0;0;0,0,0,1,55,1787898279.3317025,,1,0,0,0,,0,0,1,1,0,0,0,0.0,0.0,0.0,10898.268699645996,0.0,-10898.268699645996,1384.491336,2080.0,38.96
88,upsert,0,L0022,2048,0,1787898228.9418488,10.898268699645996,45,2,88,1787898218.04358,ov50,agg_full@rho0.8,1,0.55,0.5,4,0.8,agg_full,1787898218.043546,0,2048,,0,0,0,0,0,0,0,0,53,3.8137862235307693,0;0;0;0,0,0,2,57,1787898282.2059093,,1,0,0,0,,0,0,0,0,0,0,0,0.0,0.0,0.0,10898.268699645996,0.0,-10898.268699645996,2673.726537,2608.0,40.96
89,upsert,1,L0022,2048,0,1787898228.9418998,10.897999048233032,46,2,89,1787898218.0439007,ov50,agg_full@rho0.8,1,0.55,0.5,4,0.8,agg_full,1787898218.0438838,0,2048,,0,0,0,0,0,0,0,0,54,3.8137862235307693,0;0;0;0,0,0,1,55,1787898279.3317025,,0,0,0,0,2,0,0,1,1,2048,2048,0,0.0,0.0,0.0,10897.999048233032,0.0,-10897.999048233032,1384.491336,2080.0,38.96
89,upsert,1,L0022,2048,0,1787898228.9418998,10.897999048233032,46,2,89,1787898218.0439007,ov50,agg_full@rho0.8,1,0.55,0.5,4,0.8,agg_full,1787898218.0438838,0,2048,,0,0,0,0,0,0,0,0,54,3.8137862235307693,0;0;0;0,0,0,2,57,1787898282.2059093,,0,0,0,0,2,0,0,0,0,2048,2048,0,0.0,0.0,0.0,10897.999048233032,0.0,-10897.999048233032,2673.726537,2608.0,40.96
96,upsert,0,L0024,2048,0,1787898236.1067019,12.437175035476685,49,1,96,1787898223.6695268,ov50,agg_full@rho0.8,1,0.55,0.5,4,0.8,agg_full,1787898223.6694975,0,2048,,0,0,0,0,0,0,0,0,57,5.197349786758423,0;0;0;0,0,0,1,54,1787898279.3316586,,0,1,1,0,2,1,1,1,1,2048,2048,0,0.0,0.0,0.0,12437.175035476685,0.0,-12437.175035476685,2236.819789,2080.0,38.96
97,upsert,1,L0024,2048,0,1787898236.1067543,12.43691372871399,50,1,97,1787898223.6698406,ov50,agg_full@rho0.8,1,0.55,0.5,4,0.8,agg_full,1787898223.6698248,0,2048,,0,0,0,0,0,0,0,0,58,5.197349786758423,0;0;0;0,0,0,1,54,1787898279.3316586,,1,1,1,0,,1,1,1,1,0,0,0,0.0,0.0,0.0,12436.91372871399,0.0,-12436.91372871399,2236.819789,2080.0,38.96
100,upsert,0,L0025,2048,0,1787898241.0955234,14.616742134094238,51,1,100,1787898226.4787812,ov50,agg_full@rho0.8,1,0.55,0.5,4,0.8,agg_full,1787898226.4787507,0,2048,,0,0,0,0,0,0,0,0,59,5.98437412083149,0;0;0;0,0,0,1,46,1787898272.0439434,,0,1,1,0,1,1,1,0,0,0,0,0,0.0,0.0,0.0,14616.742134094238,0.0,-14616.742134094238,316.933765,2080.0,0.0
101,upsert,1,L0025,2048,0,1787898241.095651,14.61656665802002,52,1,101,1787898226.4790843,ov50,agg_full@rho0.8,1,0.55,0.5,4,0.8,agg_full,1787898226.4790685,0,2048,,0,0,0,0,0,0,0,0,60,5.98437412083149,0;0;0;0,0,0,1,46,1787898272.0439434,,0,0,1,1,1,0,1,1,0,0,0,0,0.0,-2.0,2.0,14616.56665802002,2.0,-14614.56665802002,316.933765,2080.0,0.0
108,upsert,0,L0027,2048,0,1787898244.678189,12.830759048461914,55,1,108,1787898231.84743,ov50,agg_full@rho0.8,1,0.55,0.5,4,0.8,agg_full,1787898231.8474057,0,2048,,0,0,0,0,0,0,0,0,63,7.5103262439370155,0;0;0;0,0,0,1,44,1787898272.0438285,,0,1,0,1,3,1,0,0,0,2048,2048,0,0.0,0.0,0.0,12830.759048461914,0.0,-12830.759048461914,237.786909,2080.0,40.96
109,upsert,1,L0027,2048,0,1787898244.6782455,12.830514669418335,56,1,109,1787898231.8477309,ov50,agg_full@rho0.8,1,0.55,0.5,4,0.8,agg_full,1787898231.8477156,0,2048,,0,0,0,0,0,0,0,0,64,7.5103262439370155,0;0;0;0,0,0,1,44,1787898272.0438285,,0,0,0,0,3,0,0,0,0,2048,2048,0,0.0,0.0,0.0,12830.514669418335,0.0,-12830.514669418335,237.786909,2080.0,40.96
129,upsert,1,L0007,2048,2048,1787898261.0956244,15.981292486190796,66,1,129,1787898245.114332,ov50,agg_full@rho0.8,1,0.55,0.5,4,0.8,agg_full,1787898245.1143122,2048,0,67.09137654304504,0,2048,2048,2048,0,2,0,1,72,11.516938470304012,1;0;1;0,7,0,1,63,1787898285.8016546,,1,1,1,0,,1,1,1,1,0,0,0,0.0,0.0,0.0,15981.292486190796,0.0,-15981.292486190796,2666.30223,2608.0,49.2
133,upsert,1,L0021,2048,2048,1787898261.0957835,14.90181303024292,69,2,133,1787898246.1939704,ov50,agg_full@rho0.8,1,0.55,0.5,4,0.8,agg_full,1787898246.1939507,2048,0,30.775867223739624,0,2048,2048,2048,0,2,0,1,76,11.516938470304012,1;1;0;0,14,0,1,58,1787898282.2059622,,0,1,1,0,2,1,1,1,1,2048,2048,0,0.0,0.0,0.0,14901.81303024292,0.0,-14901.81303024292,1429.314348,2080.0,38.96
133,upsert,1,L0021,2048,2048,1787898261.0957835,14.90181303024292,69,2,133,1787898246.1939704,ov50,agg_full@rho0.8,1,0.55,0.5,4,0.8,agg_full,1787898246.1939507,2048,0,30.775867223739624,0,2048,2048,2048,0,2,0,1,76,11.516938470304012,1;1;0;0,14,0,2,61,1787898285.8015532,,0,1,1,0,3,1,1,0,0,2048,2048,0,0.0,0.0,0.0,14901.81303024292,0.0,-14901.81303024292,1140.564021,2608.0,40.96
135,upsert,1,L0001,2048,2048,1787898261.0958672,14.901458978652954,71,3,135,1787898246.1944082,ov50,agg_full@rho0.8,1,0.55,0.5,4,0.8,agg_full,1787898246.1943944,2048,0,83.71116209030151,0,2048,2048,2048,0,2,0,1,78,11.516938470304012,0;0;0;0,14,0,1,40,1787898267.536313,,0,1,1,0,1,1,1,0,0,0,0,0,0.0,0.0,0.0,14901.458978652954,0.0,-14901.458978652954,1466.451926,2608.0,0.0
135,upsert,1,L0001,2048,2048,1787898261.0958672,14.901458978652954,71,3,135,1787898246.1944082,ov50,agg_full@rho0.8,1,0.55,0.5,4,0.8,agg_full,1787898246.1943944,2048,0,83.71116209030151,0,2048,2048,2048,0,2,0,1,78,11.516938470304012,0;0;0;0,14,0,2,41,1787898267.5363789,,0,0,0,0,2,0,0,0,0,2048,2048,0,0.0,0.0,0.0,14901.458978652954,0.0,-14901.458978652954,140.590905,2080.0,40.96
135,upsert,1,L0001,2048,2048,1787898261.0958672,14.901458978652954,71,3,135,1787898246.1944082,ov50,agg_full@rho0.8,1,0.55,0.5,4,0.8,agg_full,1787898246.1943944,2048,0,83.71116209030151,0,2048,2048,2048,0,2,0,1,78,11.516938470304012,0;0;0;0,14,0,3,56,1787898282.2058432,,1,1,1,0,,1,1,0,0,0,0,0,0.0,0.0,0.0,14901.458978652954,0.0,-14901.458978652954,181.606374,2608.0,10.24
140,upsert,0,L0022,2048,2048,1787898272.7658246,21.565823078155518,76,2,140,1787898251.2000015,ov50,agg_full@rho0.8,1,0.55,0.5,4,0.8,agg_full,1787898251.1999733,2048,0,33.15642738342285,0,2048,2048,2048,0,2,0,1,83,11.516938470304012,1;2;0;0,27,0,1,55,1787898279.3317025,,0,0,0,0,2,0,0,1,1,2048,2048,0,0.0,0.0,0.0,21565.823078155518,0.0,-21565.823078155518,1384.491336,2080.0,38.96
140,upsert,0,L0022,2048,2048,1787898272.7658246,21.565823078155518,76,2,140,1787898251.2000015,ov50,agg_full@rho0.8,1,0.55,0.5,4,0.8,agg_full,1787898251.1999733,2048,0,33.15642738342285,0,2048,2048,2048,0,2,0,1,83,11.516938470304012,1;2;0;0,27,0,2,57,1787898282.2059093,,0,0,0,0,2,0,0,0,0,2048,2048,0,0.0,0.0,0.0,21565.823078155518,0.0,-21565.823078155518,2673.726537,2608.0,40.96
143,upsert,1,L0001,2560,2048,1787898272.7660575,21.565317630767822,79,1,143,1787898251.2007399,ov50,agg_full@rho0.8,1,0.55,0.5,4,0.8,agg_full,1787898251.2007253,2048,512,5.006330966949463,0,2048,2048,2048,0,2,0,2,86,11.516938470304012,0;0;0;0,27,1,1,56,1787898282.2058432,,0,0,1,1,0,0,1,0,0,0,512,512,10.24,0.0,10.24,21565.317630767822,10.24,-21555.07763076782,181.606374,2608.0,10.24
145,upsert,1,L0007,2560,2048,1787898272.7661002,19.631093978881836,80,1,145,1787898253.1350062,ov50,agg_full@rho0.8,1,0.55,0.5,4,0.8,agg_full,1787898253.1349866,2048,512,8.020674467086792,0,2048,2048,2048,0,2,0,2,84,12.051451541483402,1;1;0;0,34,1,1,63,1787898285.8016546,,0,1,1,0,2,1,1,1,1,2048,2560,512,10.24,0.0,10.24,19631.093978881836,10.24,-19620.853978881834,2666.30223,2608.0,49.2
146,upsert,0,L0013,2048,2048,1787898272.7661421,19.63089942932129,81,2,146,1787898253.1352427,ov50,agg_full@rho0.8,1,0.55,0.5,4,0.8,agg_full,1787898253.1352272,2048,0,59.29849195480347,0,2048,2048,2048,0,2,0,1,85,12.051451541483402,0;1;0;0,34,0,1,49,1787898276.5720787,,0,0,0,0,0,0,0,0,0,0,0,0,0.0,0.0,0.0,19630.89942932129,0.0,-19630.89942932129,1089.587546,2080.0,0.0
146,upsert,0,L0013,2048,2048,1787898272.7661421,19.63089942932129,81,2,146,1787898253.1352427,ov50,agg_full@rho0.8,1,0.55,0.5,4,0.8,agg_full,1787898253.1352272,2048,0,59.29849195480347,0,2048,2048,2048,0,2,0,1,85,12.051451541483402,0;1;0;0,34,0,2,59,1787898282.206009,,0,0,0,0,2,0,0,1,1,2048,2048,0,0.0,0.0,0.0,19630.89942932129,0.0,-19630.89942932129,2672.607335,2608.0,38.96
148,upsert,1,L0024,2048,2048,1787898272.7662477,16.818348169326782,83,1,148,1787898255.9478996,ov50,agg_full@rho0.8,1,0.55,0.5,4,0.8,agg_full,1787898255.947873,2048,0,32.278048276901245,0,2048,2048,2048,0,2,0,1,87,12.051451541483402,1;0;1;1,39,0,1,54,1787898279.3316586,,0,1,1,0,2,1,1,1,1,2048,2048,0,0.0,0.0,0.0,16818.348169326782,0.0,-16818.348169326782,2236.819789,2080.0,38.96
202,upsert,0,L0070,2560,0,1787898327.9748058,29.762845516204834,125,1,202,1787898298.2119603,ov50,agg_full@rho0.8,1,0.55,0.5,4,0.8,agg_full,1787898298.2119458,0,2560,,0,0,0,0,0,0,0,2,98,22.103172563016415,0;0;0;1,118,0,1,120,1787898338.0506558,,1,0,0,0,,0,0,0,0,0,0,0,0.0,0.0,0.0,29762.845516204834,0.0,-29762.845516204834,132.313933,2080.0,61.44
218,upsert,0,L0070,3072,2560,1787898334.436324,23.05258870124817,128,1,218,1787898311.3837352,ov50,agg_full@rho0.8,1,0.55,0.5,4,0.8,agg_full,1787898311.383717,2560,512,13.17177128791809,0,0,0,0,0,0,0,3,102,24.89739418029785,0;1;0;0,134,1,1,120,1787898338.0506558,,0,0,0,0,2,0,0,0,0,2560,3072,512,10.24,0.0,10.24,23052.58870124817,10.24,-23042.348701248167,132.313933,2080.0,61.44
219,upsert,1,L0064,2560,0,1787898334.4363885,23.052194356918335,129,1,219,1787898311.3841941,ov50,agg_full@rho0.8,1,0.55,0.5,4,0.8,agg_full,1787898311.38418,0,2560,,0,0,0,0,0,0,0,2,103,24.89739418029785,0;0;0;0,134,0,1,125,1787898340.770759,,0,0,1,1,0,0,1,0,0,0,2560,2560,51.2,0.0,51.2,23052.194356918335,51.2,-23000.994356918334,1288.690583,2608.0,51.2
0,upsert,0,L0000,2048,0,1787898374.5240421,18.131131172180176,1,3,0,1787898356.392911,ov50,agg_static@rho0.8,1,0.55,0.5,4,0.8,agg_static,1787898356.3928878,0,2048,,0,0,0,0,0,0,0,0,1,,0;0;0;0,0,0,1,36,1787898462.0004692,,0,1,0,1,3,1,0,0,0,2048,2048,0,0.0,0.0,0.0,18131.131172180176,0.0,-18131.131172180176,1149.080999,2080.0,40.96
0,upsert,0,L0000,2048,0,1787898374.5240421,18.131131172180176,1,3,0,1787898356.392911,ov50,agg_static@rho0.8,1,0.55,0.5,4,0.8,agg_static,1787898356.3928878,0,2048,,0,0,0,0,0,0,0,0,1,,0;0;0;0,0,0,2,50,1787898473.0635421,,0,1,1,0,2,1,1,1,1,2048,2048,0,0.0,0.0,0.0,18131.131172180176,0.0,-18131.131172180176,4597.82204,2080.0,38.96
0,upsert,0,L0000,2048,0,1787898374.5240421,18.131131172180176,1,3,0,1787898356.392911,ov50,agg_static@rho0.8,1,0.55,0.5,4,0.8,agg_static,1787898356.3928878,0,2048,,0,0,0,0,0,0,0,0,1,,0;0;0;0,0,0,3,51,1787898473.0635886,,0,1,0,1,2,1,0,2,1,2048,2048,0,0.0,-2.0,2.0,18131.131172180176,2.0,-18129.131172180176,1321.937419,2080.0,38.96
1,upsert,1,L0000,2048,0,1787898375.9526396,19.55957293510437,2,3,1,1787898356.3930666,ov50,agg_static@rho0.8,1,0.55,0.5,4,0.8,agg_static,1787898356.3930528,0,2048,,0,0,0,0,0,0,0,0,2,,0;0;0;0,0,0,1,36,1787898462.0004692,,0,0,0,0,3,0,0,0,0,2048,2048,0,0.0,0.0,0.0,19559.57293510437,0.0,-19559.57293510437,1149.080999,2080.0,40.96
1,upsert,1,L0000,2048,0,1787898375.9526396,19.55957293510437,2,3,1,1787898356.3930666,ov50,agg_static@rho0.8,1,0.55,0.5,4,0.8,agg_static,1787898356.3930528,0,2048,,0,0,0,0,0,0,0,0,2,,0;0;0;0,0,0,2,50,1787898473.0635421,,0,0,1,1,2,0,1,1,1,2048,2048,0,0.0,0.0,0.0,19559.57293510437,0.0,-19559.57293510437,4597.82204,2080.0,38.96
1,upsert,1,L0000,2048,0,1787898375.9526396,19.55957293510437,2,3,1,1787898356.3930666,ov50,agg_static@rho0.8,1,0.55,0.5,4,0.8,agg_static,1787898356.3930528,0,2048,,0,0,0,0,0,0,0,0,2,,0;0;0;0,0,0,3,51,1787898473.0635886,,0,0,0,0,2,0,0,1,1,2048,2048,0,0.0,0.0,0.0,19559.57293510437,0.0,-19559.57293510437,1321.937419,2080.0,38.96
4,upsert,0,L0001,2048,0,1787898375.9527733,17.084099054336548,3,3,4,1787898358.8686743,ov50,agg_static@rho0.8,1,0.55,0.5,4,0.8,agg_static,1787898358.8686502,0,2048,,0,0,0,0,0,0,0,0,5,,0;0;0;0,0,0,1,40,1787898465.5391464,,0,1,1,0,1,1,1,0,0,0,0,0,0.0,0.0,0.0,17084.099054336548,0.0,-17084.099054336548,1330.715783,2608.0,0.0
4,upsert,0,L0001,2048,0,1787898375.9527733,17.084099054336548,3,3,4,1787898358.8686743,ov50,agg_static@rho0.8,1,0.55,0.5,4,0.8,agg_static,1787898358.8686502,0,2048,,0,0,0,0,0,0,0,0,5,,0;0;0;0,0,0,2,41,1787898465.5392194,,0,1,0,1,2,1,0,1,0,2048,2048,0,0.0,-2.0,2.0,17084.099054336548,2.0,-17082.099054336548,262.809774,2080.0,40.96
4,upsert,0,L0001,2048,0,1787898375.9527733,17.084099054336548,3,3,4,1787898358.8686743,ov50,agg_static@rho0.8,1,0.55,0.5,4,0.8,agg_static,1787898358.8686502,0,2048,,0,0,0,0,0,0,0,0,5,,0;0;0;0,0,0,3,56,1787898481.563034,,0,1,1,0,0,1,1,0,0,512,512,0,0.0,0.0,0.0,17084.099054336548,0.0,-17084.099054336548,168.92918,2608.0,10.24
5,upsert,1,L0001,2048,0,1787898378.8097792,19.940945863723755,4,3,5,1787898358.8688333,ov50,agg_static@rho0.8,1,0.55,0.5,4,0.8,agg_static,1787898358.8688192,0,2048,,0,0,0,0,0,0,0,0,6,,0;0;0;0,0,0,1,40,1787898465.5391464,,0,0,1,1,1,0,1,0,0,0,0,0,0.0,0.0,0.0,19940.945863723755,0.0,-19940.945863723755,1330.715783,2608.0,0.0
5,upsert,1,L0001,2048,0,1787898378.8097792,19.940945863723755,4,3,5,1787898358.8688333,ov50,agg_static@rho0.8,1,0.55,0.5,4,0.8,agg_static,1787898358.8688192,0,2048,,0,0,0,0,0,0,0,0,6,,0;0;0;0,0,0,2,41,1787898465.5392194,,0,0,0,0,2,0,0,0,0,2048,2048,0,0.0,0.0,0.0,19940.945863723755,0.0,-19940.945863723755,262.809774,2080.0,40.96
5,upsert,1,L0001,2048,0,1787898378.8097792,19.940945863723755,4,3,5,1787898358.8688333,ov50,agg_static@rho0.8,1,0.55,0.5,4,0.8,agg_static,1787898358.8688192,0,2048,,0,0,0,0,0,0,0,0,6,,0;0;0;0,0,0,3,56,1787898481.563034,,1,1,1,0,,1,1,0,0,0,0,0,0.0,0.0,0.0,19940.945863723755,0.0,-19940.945863723755,168.92918,2608.0,10.24
20,upsert,0,L0005,2048,0,1787898386.348309,16.75307059288025,11,1,20,1787898369.5952384,ov50,agg_static@rho0.8,1,0.55,0.5,4,0.8,agg_static,1787898369.5952125,0,2048,,0,0,0,0,0,0,0,0,21,,0;0;0;0,0,0,1,32,1787898458.293368,,0,1,1,0,1,1,1,0,0,0,0,0,0.0,0.0,0.0,16753.07059288025,0.0,-16753.07059288025,1058.400239,2080.0,0.0
21,upsert,1,L0005,2048,0,1787898386.3484216,16.753027200698853,12,1,21,1787898369.5953944,ov50,agg_static@rho0.8,1,0.55,0.5,4,0.8,agg_static,1787898369.595379,0,2048,,0,0,0,0,0,0,0,0,22,,0;0;0;0,0,0,1,32,1787898458.293368,,0,0,1,1,1,0,1,0,0,0,0,0,0.0,0.0,0.0,16753.027200698853,0.0,-16753.027200698853,1058.400239,2080.0,0.0
24,upsert,0,L0006,2048,0,1787898386.3484826,14.08348560333252,13,2,24,1787898372.264997,ov50,agg_static@rho0.8,1,0.55,0.5,4,0.8,agg_static,1787898372.2649739,0,2048,,0,0,0,0,0,0,0,0,25,,0;0;0;0,0,0,1,34,1787898458.2934773,,0,1,0,1,0,1,0,1,0,0,0,0,0.0,-2.0,2.0,14083.48560333252,2.0,-14081.48560333252,166.233432,2080.0,0.0
24,upsert,0,L0006,2048,0,1787898386.3484826,14.08348560333252,13,2,24,1787898372.264997,ov50,agg_static@rho0.8,1,0.55,0.5,4,0.8,agg_static,1787898372.2649739,0,2048,,0,0,0,0,0,0,0,0,25,,0;0;0;0,0,0,2,53,1787898478.4561517,,0,1,1,0,3,1,1,0,0,2048,2048,0,0.0,0.0,0.0,14083.48560333252,0.0,-14083.48560333252,1093.733647,2080.0,40.96
25,upsert,1,L0006,2048,0,1787898386.348518,14.083372116088867,14,2,25,1787898372.2651458,ov50,agg_static@rho0.8,1,0.55,0.5,4,0.8,agg_static,1787898372.2651322,0,2048,,0,0,0,0,0,0,0,0,26,,0;0;0;0,0,0,1,34,1787898458.2934773,,0,0,0,0,0,0,0,0,0,0,0,0,0.0,0.0,0.0,14083.372116088867,0.0,-14083.372116088867,166.233432,2080.0,0.0
25,upsert,1,L0006,2048,0,1787898386.348518,14.083372116088867,14,2,25,1787898372.2651458,ov50,agg_static@rho0.8,1,0.55,0.5,4,0.8,agg_static,1787898372.2651322,0,2048,,0,0,0,0,0,0,0,0,26,,0;0;0;0,0,0,2,53,1787898478.4561517,,0,0,1,1,3,0,1,1,0,2048,2048,0,0.0,-2.0,2.0,14083.372116088867,2.0,-14081.372116088867,1093.733647,2080.0,40.96
28,upsert,0,L0007,2048,0,1787898386.348547,11.148496866226196,15,1,28,1787898375.20005,ov50,agg_static@rho0.8,1,0.55,0.5,4,0.8,agg_static,1787898375.2000272,0,2048,,0,0,0,0,0,0,0,0,28,18.131131172180176,0;0;0;0,0,0,1,63,1787898485.1177194,,0,1,1,0,2,1,1,1,1,2560,2560,0,0.0,0.0,0.0,11148.496866226196,0.0,-11148.496866226196,3114.437762,2608.0,49.2
29,upsert,1,L0007,2048,0,1787898386.3485758,11.1482834815979,16,1,29,1787898375.2002923,ov50,agg_static@rho0.8,1,0.55,0.5,4,0.8,agg_static,1787898375.2002776,0,2048,,0,0,0,0,0,0,0,0,29,18.131131172180176,0;0;0;0,0,0,1,63,1787898485.1177194,,1,1,1,0,,1,1,1,1,0,0,0,0.0,0.0,0.0,11148.2834815979,0.0,-11148.2834815979,3114.437762,2608.0,49.2
36,upsert,0,L0009,2048,0,1787898401.095489,20.614082098007202,19,1,36,1787898380.481407,ov50,agg_static@rho0.8,1,0.55,0.5,4,0.8,agg_static,1787898380.4813821,0,2048,,0,0,0,0,0,0,0,0,27,16.24638795852661,0;0;0;0,0,0,1,37,1787898462.000534,,0,1,1,0,2,1,1,0,0,2048,2048,0,0.0,0.0,0.0,20614.082098007202,0.0,-20614.082098007202,249.525765,2080.0,40.96
37,upsert,1,L0009,2048,0,1787898401.0956233,20.61394190788269,20,1,37,1787898380.4816813,ov50,agg_static@rho0.8,1,0.55,0.5,4,0.8,agg_static,1787898380.481666,0,2048,,0,0,0,0,0,0,0,0,28,16.24638795852661,0;0;0;0,0,0,1,37,1787898462.000534,,0,0,1,1,2,0,1,1,0,2048,2048,0,0.0,-2.0,2.0,20613.94190788269,2.0,-20611.94190788269,249.525765,2080.0,40.96
52,upsert,0,L0013,2048,0,1787898409.7989833,18.768747091293335,27,2,52,1787898391.0302362,ov50,agg_static@rho0.8,1,0.55,0.5,4,0.8,agg_static,1787898391.0302074,0,2048,,0,0,0,0,0,0,0,0,37,15.402100965380669,0;0;0;0,0,0,1,49,1787898473.063486,,0,1,0,1,0,1,0,1,0,0,0,0,0.0,-2.0,2.0,18768.747091293335,2.0,-18766.747091293335,1081.95462,2080.0,0.0
52,upsert,0,L0013,2048,0,1787898409.7989833,18.768747091293335,27,2,52,1787898391.0302362,ov50,agg_static@rho0.8,1,0.55,0.5,4,0.8,agg_static,1787898391.0302074,0,2048,,0,0,0,0,0,0,0,0,37,15.402100965380669,0;0;0;0,0,0,2,59,1787898481.5632129,,1,0,0,0,,0,0,1,1,0,0,0,0.0,0.0,0.0,18768.747091293335,0.0,-18768.747091293335,2781.553427,2608.0,38.96
53,upsert,1,L0013,2048,0,1787898409.7990384,18.768484592437744,28,2,53,1787898391.0305538,ov50,agg_static@rho0.8,1,0.55,0.5,4,0.8,agg_static,1787898391.0305386,0,2048,,0,0,0,0,0,0,0,0,38,15.402100965380669,0;0;0;0,0,0,1,49,1787898473.063486,,0,0,0,0,0,0,0,0,0,0,0,0,0.0,0.0,0.0,18768.484592437744,0.0,-18768.484592437744,1081.95462,2080.0,0.0
53,upsert,1,L0013,2048,0,1787898409.7990384,18.768484592437744,28,2,53,1787898391.0305538,ov50,agg_static@rho0.8,1,0.55,0.5,4,0.8,agg_static,1787898391.0305386,0,2048,,0,0,0,0,0,0,0,0,38,15.402100965380669,0;0;0;0,0,0,2,59,1787898481.5632129,,0,0,0,0,2,0,0,1,1,2048,2048,0,0.0,0.0,0.0,18768.484592437744,0.0,-18768.484592437744,2781.553427,2608.0,38.96
56,upsert,0,L0014,2048,0,1787898414.787803,21.174234867095947,29,1,56,1787898393.613568,ov50,agg_static@rho0.8,1,0.55,0.5,4,0.8,agg_static,1787898393.61354,0,2048,,0,0,0,0,0,0,0,0,39,15.378948105706108,0;0;0;0,0,0,1,52,1787898478.456085,,0,1,0,1,0,1,0,0,0,0,0,0,0.0,0.0,0.0,21174.234867095947,0.0,-21174.234867095947,288.426873,2080.0,0.0
57,upsert,1,L0014,2048,0,1787898414.7879364,21.174067735671997,30,1,57,1787898393.6138687,ov50,agg_static@rho0.8,1,0.55,0.5,4,0.8,agg_static,1787898393.6138532,0,2048,,0,0,0,0,0,0,0,0,40,15.378948105706108,0;0;0;0,0,0,1,52,1787898478.456085,,0,0,0,0,0,0,0,0,0,0,0,0,0.0,0.0,0.0,21174.067735671997,0.0,-21174.067735671997,288.426873,2080.0,0.0
84,upsert,0,L0021,2048,0,1787898433.3814154,20.020542860031128,43,2,84,1787898413.3608725,ov50,agg_static@rho0.8,1,0.55,0.5,4,0.8,agg_static,1787898413.360845,0,2048,,0,0,0,0,0,0,0,0,57,16.649128343377793,0;0;0;0,0,0,1,58,1787898481.5631535,,0,1,1,0,2,1,1,1,1,2048,2048,0,0.0,0.0,0.0,20020.542860031128,0.0,-20020.542860031128,1511.413655,2080.0,38.96
84,upsert,0,L0021,2048,0,1787898433.3814154,20.020542860031128,43,2,84,1787898413.3608725,ov50,agg_static@rho0.8,1,0.55,0.5,4,0.8,agg_static,1787898413.360845,0,2048,,0,0,0,0,0,0,0,0,57,16.649128343377793,0;0;0;0,0,0,2,61,1787898485.1176245,,0,1,1,0,3,1,1,0,0,2048,2048,0,0.0,0.0,0.0,20020.542860031128,0.0,-20020.542860031128,1308.648049,2608.0,40.96
85,upsert,1,L0021,2048,0,1787898433.3814712,20.02027463912964,44,2,85,1787898413.3611965,ov50,agg_static@rho0.8,1,0.55,0.5,4,0.8,agg_static,1787898413.3611789,0,2048,,0,0,0,0,0,0,0,0,58,16.649128343377793,0;0;0;0,0,0,1,58,1787898481.5631535,,1,1,1,0,,1,1,1,1,0,0,0,0.0,0.0,0.0,20020.27463912964,0.0,-20020.27463912964,1511.413655,2080.0,38.96
85,upsert,1,L0021,2048,0,1787898433.3814712,20.02027463912964,44,2,85,1787898413.3611965,ov50,agg_static@rho0.8,1,0.55,0.5,4,0.8,agg_static,1787898413.3611789,0,2048,,0,0,0,0,0,0,0,0,58,16.649128343377793,0;0;0;0,0,0,2,61,1787898485.1176245,,1,1,1,0,,1,1,0,0,0,0,0,0.0,0.0,0.0,20020.27463912964,0.0,-20020.27463912964,1308.648049,2608.0,40.96
88,upsert,0,L0022,2048,0,1787898441.2713132,24.977124452590942,45,2,88,1787898416.2941887,ov50,agg_static@rho0.8,1,0.55,0.5,4,0.8,agg_static,1787898416.2941644,0,2048,,0,0,0,0,0,0,0,0,55,16.833608858287334,0;0;0;0,0,0,1,55,1787898478.45627,,1,0,0,0,,0,0,1,1,0,0,0,0.0,0.0,0.0,24977.124452590942,0.0,-24977.124452590942,1683.248395,2080.0,38.96
88,upsert,0,L0022,2048,0,1787898441.2713132,24.977124452590942,45,2,88,1787898416.2941887,ov50,agg_static@rho0.8,1,0.55,0.5,4,0.8,agg_static,1787898416.2941644,0,2048,,0,0,0,0,0,0,0,0,55,16.833608858287334,0;0;0;0,0,0,2,57,1787898481.5631018,,1,0,0,0,,0,0,0,0,0,0,0,0.0,0.0,0.0,24977.124452590942,0.0,-24977.124452590942,1335.10519,2608.0,40.96
89,upsert,1,L0022,2048,0,1787898441.2714372,24.97695016860962,46,2,89,1787898416.294487,ov50,agg_static@rho0.8,1,0.55,0.5,4,0.8,agg_static,1787898416.2944717,0,2048,,0,0,0,0,0,0,0,0,56,16.833608858287334,0;0;0;0,0,0,1,55,1787898478.45627,,0,0,0,0,2,0,0,1,1,2048,2048,0,0.0,0.0,0.0,24976.95016860962,0.0,-24976.95016860962,1683.248395,2080.0,38.96
89,upsert,1,L0022,2048,0,1787898441.2714372,24.97695016860962,46,2,89,1787898416.294487,ov50,agg_static@rho0.8,1,0.55,0.5,4,0.8,agg_static,1787898416.2944717,0,2048,,0,0,0,0,0,0,0,0,56,16.833608858287334,0;0;0;0,0,0,2,57,1787898481.5631018,,0,0,0,0,2,0,0,0,0,2048,2048,0,0.0,0.0,0.0,24976.95016860962,0.0,-24976.95016860962,1335.10519,2608.0,40.96
96,upsert,0,L0024,2048,0,1787898441.2715986,19.580408096313477,49,1,96,1787898421.6911905,ov50,agg_static@rho0.8,1,0.55,0.5,4,0.8,agg_static,1787898421.6911652,0,2048,,0,0,0,0,0,0,0,0,63,16.833608858287334,0;0;0;0,0,0,1,54,1787898478.456223,,0,1,1,0,2,1,1,1,1,2048,2048,0,0.0,0.0,0.0,19580.408096313477,0.0,-19580.408096313477,2430.695015,2080.0,38.96
97,upsert,1,L0024,2048,0,1787898441.2716398,19.58012819290161,50,1,97,1787898421.6915116,ov50,agg_static@rho0.8,1,0.55,0.5,4,0.8,agg_static,1787898421.691496,0,2048,,0,0,0,0,0,0,0,0,64,16.833608858287334,0;0;0;0,0,0,1,54,1787898478.456223,,0,0,1,1,2,0,1,1,1,2048,2048,0,0.0,0.0,0.0,19580.12819290161,0.0,-19580.12819290161,2430.695015,2080.0,38.96
100,upsert,0,L0025,2048,0,1787898441.271678,16.779417991638184,51,1,100,1787898424.49226,ov50,agg_static@rho0.8,1,0.55,0.5,4,0.8,agg_static,1787898424.492235,0,2048,,0,0,0,0,0,0,0,0,67,16.833608858287334,0;0;0;0,0,0,1,46,1787898468.3676276,,0,1,1,0,1,1,1,0,0,0,0,0,0.0,0.0,0.0,16779.417991638184,0.0,-16779.417991638184,145.967571,2080.0,0.0
101,upsert,1,L0025,2048,0,1787898449.535049,25.042481899261475,52,1,101,1787898424.492567,ov50,agg_static@rho0.8,1,0.55,0.5,4,0.8,agg_static,1787898424.4925516,0,2048,,0,0,0,0,0,0,0,0,68,16.833608858287334,0;0;0;0,0,0,1,46,1787898468.3676276,,0,0,1,1,1,0,1,1,0,0,0,0,0.0,-2.0,2.0,25042.481899261475,2.0,-25040.481899261475,145.967571,2080.0,0.0
108,upsert,0,L0027,2048,0,1787898449.5353172,19.30582284927368,55,1,108,1787898430.2294943,ov50,agg_static@rho0.8,1,0.55,0.5,4,0.8,agg_static,1787898430.2294705,0,2048,,0,0,0,0,0,0,0,0,69,17.413743533194065,0;0;0;0,0,0,1,44,1787898468.367518,,0,1,0,1,3,1,0,0,0,2048,2048,0,0.0,0.0,0.0,19305.82284927368,0.0,-19305.82284927368,302.726637,2080.0,40.96
109,upsert,1,L0027,2048,0,1787898449.5353594,19.305570602416992,56,1,109,1787898430.2297888,ov50,agg_static@rho0.8,1,0.55,0.5,4,0.8,agg_static,1787898430.2297735,0,2048,,0,0,0,0,0,0,0,0,70,17.413743533194065,0;0;0;0,0,0,1,44,1787898468.367518,,0,0,0,0,3,0,0,0,0,2048,2048,0,0.0,0.0,0.0,19305.570602416992,0.0,-19305.570602416992,302.726637,2080.0,40.96
129,upsert,1,L0007,2048,2048,1787898463.3594754,19.54767155647278,66,1,129,1787898443.8118038,ov50,agg_static@rho0.8,1,0.55,0.5,4,0.8,agg_static,1787898443.8117855,2048,0,68.61150789260864,0,2048,2048,2048,0,2,0,1,79,19.817198775708675,1;0;1;0,7,0,1,63,1787898485.1177194,,1,1,1,0,,1,1,1,1,0,0,0,0.0,0.0,0.0,19547.67155647278,0.0,-19547.67155647278,3114.437762,2608.0,49.2
133,upsert,1,L0021,2048,2048,1787898463.3596027,18.557859659194946,69,2,133,1787898444.801743,ov50,agg_static@rho0.8,1,0.55,0.5,4,0.8,agg_static,1787898444.801725,2048,0,31.4405460357666,0,2048,2048,2048,0,2,0,1,83,19.817198775708675,1;1;0;0,14,0,1,58,1787898481.5631535,,0,1,1,0,2,1,1,1,1,2048,2048,0,0.0,0.0,0.0,18557.859659194946,0.0,-18557.859659194946,1511.413655,2080.0,38.96
133,upsert,1,L0021,2048,2048,1787898463.3596027,18.557859659194946,69,2,133,1787898444.801743,ov50,agg_static@rho0.8,1,0.55,0.5,4,0.8,agg_static,1787898444.801725,2048,0,31.4405460357666,0,2048,2048,2048,0,2,0,1,83,19.817198775708675,1;1;0;0,14,0,2,61,1787898485.1176245,,0,1,1,0,3,1,1,0,0,2048,2048,0,0.0,0.0,0.0,18557.859659194946,0.0,-18557.859659194946,1308.648049,2608.0,40.96
135,upsert,1,L0001,2048,2048,1787898472.348365,27.546183109283447,71,1,135,1787898444.802182,ov50,agg_static@rho0.8,1,0.55,0.5,4,0.8,agg_static,1787898444.802167,2048,0,85.93334770202637,0,2048,2048,2048,0,2,0,1,85,19.817198775708675,0;0;0;0,14,0,1,56,1787898481.563034,,1,1,1,0,,1,1,0,0,0,0,0,0.0,0.0,0.0,27546.183109283447,0.0,-27546.183109283447,168.92918,2608.0,10.24
140,upsert,0,L0022,2048,2048,1787898472.3486044,22.784477472305298,76,2,140,1787898449.564127,ov50,agg_static@rho0.8,1,0.55,0.5,4,0.8,agg_static,1787898449.5641022,2048,0,33.26993775367737,0,2048,2048,2048,0,2,0,1,83,20.131035454571247,1;2;0;0,27,0,1,55,1787898478.45627,,0,0,0,0,2,0,0,1,1,2048,2048,0,0.0,0.0,0.0,22784.477472305298,0.0,-22784.477472305298,1683.248395,2080.0,38.96
140,upsert,0,L0022,2048,2048,1787898472.3486044,22.784477472305298,76,2,140,1787898449.564127,ov50,agg_static@rho0.8,1,0.55,0.5,4,0.8,agg_static,1787898449.5641022,2048,0,33.26993775367737,0,2048,2048,2048,0,2,0,1,83,20.131035454571247,1;2;0;0,27,0,2,57,1787898481.5631018,,0,0,0,0,2,0,0,0,0,2048,2048,0,0.0,0.0,0.0,22784.477472305298,0.0,-22784.477472305298,1335.10519,2608.0,40.96
143,upsert,1,L0001,2560,2048,1787898480.6120822,31.047219276428223,79,1,143,1787898449.564863,ov50,agg_static@rho0.8,1,0.55,0.5,4,0.8,agg_static,1787898449.5648491,2048,512,4.762682199478149,0,2048,2048,2048,0,2,0,2,86,20.131035454571247,0;0;0;0,27,1,1,56,1787898481.563034,,0,0,1,1,0,0,1,0,0,0,512,512,10.24,0.0,10.24,31047.219276428223,10.24,-31036.97927642822,168.92918,2608.0,10.24
145,upsert,1,L0007,2560,2048,1787898480.612142,28.931168794631958,80,1,145,1787898451.6809733,ov50,agg_static@rho0.8,1,0.55,0.5,4,0.8,agg_static,1787898451.6809554,2048,512,7.8691699504852295,0,2048,2048,2048,0,2,0,2,88,20.131035454571247,1;1;0;0,34,1,1,63,1787898485.1177194,,0,1,1,0,2,1,1,1,1,2048,2560,512,10.24,0.0,10.24,28931.168794631958,10.24,-28920.928794631956,3114.437762,2608.0,49.2
146,upsert,0,L0013,2048,2048,1787898480.612216,28.930999994277954,81,1,146,1787898451.681216,ov50,agg_static@rho0.8,1,0.55,0.5,4,0.8,agg_static,1787898451.6812007,2048,0,60.65099334716797,0,2048,2048,2048,0,2,0,1,89,20.131035454571247,0;1;0;0,34,0,1,59,1787898481.5632129,,0,0,0,0,2,0,0,1,1,2048,2048,0,0.0,0.0,0.0,28930.999994277954,0.0,-28930.999994277954,2781.553427,2608.0,38.96
192,upsert,2,L0070,2048,0,1787898531.307629,39.5589542388916,127,1,192,1787898491.7486749,ov50,agg_static@rho0.8,1,0.55,0.5,4,0.8,agg_static,1787898491.7486503,0,2048,,0,0,0,0,0,0,0,1,101,26.19224964082241,1;1;0;1,110,0,1,120,1787898539.2691073,,0,0,0,0,3,0,0,0,0,2560,2560,0,0.0,0.0,0.0,39558.9542388916,0.0,-39558.9542388916,147.872356,2080.0,51.2
198,upsert,1,L0068,2048,0,1787898533.0956628,38.378657579422,133,1,198,1787898494.7170053,ov50,agg_static@rho0.8,1,0.55,0.5,4,0.8,agg_static,1787898494.7169907,0,2048,,0,0,0,0,0,0,0,1,107,26.19224964082241,0;0;0;1,114,0,1,121,1787898539.2691956,,0,1,1,0,1,1,1,0,0,0,0,0,0.0,0.0,0.0,38378.657579422,0.0,-38378.657579422,128.681915,2080.0,0.0
199,upsert,3,L0109,2048,0,1787898533.0957177,38.37833595275879,134,1,199,1787898494.7173817,ov50,agg_static@rho0.8,1,0.55,0.5,4,0.8,agg_static,1787898494.7173688,0,2048,,0,0,0,0,0,0,0,1,108,26.19224964082241,0;0;0;0,114,0,1,119,1787898536.342338,,0,3,3,0,3,3,3,0,0,0,0,0,0.0,0.0,0.0,38378.33595275879,0.0,-38378.33595275879,1408.524688,2080.0,0.0
202,upsert,0,L0070,2560,0,1787898533.0958455,34.818763256073,137,1,202,1787898498.2770822,ov50,agg_static@rho0.8,1,0.55,0.5,4,0.8,agg_static,1787898498.2770674,0,2560,,0,0,0,0,0,0,0,2,103,30.201083406805992,0;0;0;1,118,0,1,120,1787898539.2691073,,0,2,0,1,3,2,0,0,0,2048,2560,512,10.24,0.0,10.24,34818.763256073,10.24,-34808.523256073,147.872356,2080.0,51.2
203,upsert,3,L0064,2048,0,1787898533.0958848,34.818392515182495,138,1,203,1787898498.2774923,ov50,agg_static@rho0.8,1,0.55,0.5,4,0.8,agg_static,1787898498.2774768,0,2048,,0,0,0,0,0,0,0,1,104,30.201083406805992,0;0;0;0,118,0,1,125,1787898541.8530529,,0,3,3,0,3,3,3,0,0,0,0,0,0.0,0.0,0.0,34818.392515182495,0.0,-34818.392515182495,192.718792,3136.0,0.0
0,upsert,0,L0000,2048,0,1787898768.246193,0.003107786178588867,1,2,0,1787898768.2430851,ov75,agg_full@rho0.8,0,0.55,0.75,4,0.8,agg_full,1787898768.243061,0,2048,,0,0,0,0,0,0,0,0,1,,0;0;0;0,0,0,1,42,1787898926.4396605,,1,1,1,0,,1,1,1,1,0,0,0,0.0,0.0,0.0,3.107786178588867,0.0,-3.107786178588867,521.3259,2080.0,59.44
0,upsert,0,L0000,2048,0,1787898768.246193,0.003107786178588867,1,2,0,1787898768.2430851,ov75,agg_full@rho0.8,0,0.55,0.75,4,0.8,agg_full,1787898768.243061,0,2048,,0,0,0,0,0,0,0,0,1,,0;0;0;0,0,0,2,60,1787898939.638452,,1,1,1,0,,1,1,0,0,0,0,0,0.0,0.0,0.0,3.107786178588867,0.0,-3.107786178588867,397.437362,2608.0,61.44
1,upsert,1,L0000,2048,0,1787898768.2463222,0.0030710697174072266,2,2,1,1787898768.243251,ov75,agg_full@rho0.8,0,0.55,0.75,4,0.8,agg_full,1787898768.2432377,0,2048,,0,0,0,0,0,0,0,0,2,,0;0;0;0,0,0,1,42,1787898926.4396605,,1,1,1,0,,1,1,1,1,0,0,0,0.0,0.0,0.0,3.0710697174072266,0.0,-3.0710697174072266,521.3259,2080.0,59.44
1,upsert,1,L0000,2048,0,1787898768.2463222,0.0030710697174072266,2,2,1,1787898768.243251,ov75,agg_full@rho0.8,0,0.55,0.75,4,0.8,agg_full,1787898768.2432377,0,2048,,0,0,0,0,0,0,0,0,2,,0;0;0;0,0,0,2,60,1787898939.638452,,1,1,1,0,,1,1,0,0,0,0,0,0.0,0.0,0.0,3.0710697174072266,0.0,-3.0710697174072266,397.437362,2608.0,61.44
12,upsert,0,L0003,2048,0,1787898776.3456807,0.003275156021118164,7,1,12,1787898776.3424056,ov75,agg_full@rho0.8,0,0.55,0.75,4,0.8,agg_full,1787898776.3423836,0,2048,,0,0,0,0,0,0,0,0,7,0.0031574169794718423,0;0;0;0,0,0,1,32,1787898918.4319701,,0,1,0,1,0,1,0,0,0,0,0,0,0.0,0.0,0.0,3.275156021118164,0.0,-3.275156021118164,735.387135,1664.0,0.0
13,upsert,1,L0003,2048,0,1787898776.345788,0.0031371116638183594,8,1,13,1787898776.342651,ov75,agg_full@rho0.8,0,0.55,0.75,4,0.8,agg_full,1787898776.3426363,0,2048,,0,0,0,0,0,0,0,0,8,0.0031574169794718423,0;0;0;0,0,0,1,32,1787898918.4319701,,0,0,0,0,0,0,0,0,0,0,0,0,0.0,0.0,0.0,3.1371116638183594,0.0,-3.1371116638183594,735.387135,1664.0,0.0
16,upsert,0,L0004,2048,0,1787898778.9609606,0.003339052200317383,9,1,16,1787898778.9576216,ov75,agg_full@rho0.8,0,0.55,0.75,4,0.8,agg_full,1787898778.9575984,0,2048,,0,0,0,0,0,0,0,0,9,0.0031695961952209473,0;0;0;0,0,0,1,44,1787898928.2202604,,0,1,0,1,3,1,0,0,0,2048,2048,0,0.0,0.0,0.0,3.339052200317383,0.0,-3.339052200317383,2187.524901,32.0,40.96
17,upsert,1,L0004,2048,0,1787898778.9610674,0.003195047378540039,10,1,17,1787898778.9578724,ov75,agg_full@rho0.8,0,0.55,0.75,4,0.8,agg_full,1787898778.9578576,0,2048,,0,0,0,0,0,0,0,0,10,0.0031695961952209473,0;0;0;0,0,0,1,44,1787898928.2202604,,0,0,0,0,3,0,0,0,0,2048,2048,0,0.0,0.0,0.0,3.195047378540039,0.0,-3.195047378540039,2187.524901,32.0,40.96
20,upsert,0,L0005,2048,0,1787898781.555334,0.003332376480102539,11,2,20,1787898781.5520017,ov75,agg_full@rho0.8,0,0.55,0.75,4,0.8,agg_full,1787898781.551977,0,2048,,0,0,0,0,0,0,0,0,11,0.0031890869140625,0;0;0;0,0,0,1,33,1787898918.4320374,,0,1,1,0,3,1,1,0,0,2048,2048,0,0.0,0.0,0.0,3.332376480102539,0.0,-3.332376480102539,148.526031,2080.0,40.96
20,upsert,0,L0005,2048,0,1787898781.555334,0.003332376480102539,11,2,20,1787898781.5520017,ov75,agg_full@rho0.8,0,0.55,0.75,4,0.8,agg_full,1787898781.551977,0,2048,,0,0,0,0,0,0,0,0,11,0.0031890869140625,0;0;0;0,0,0,2,49,1787898931.0292435,,0,1,1,0,1,1,1,0,0,0,0,0,0.0,0.0,0.0,3.332376480102539,0.0,-3.332376480102539,1179.510586,2080.0,0.0
21,upsert,1,L0005,2048,0,1787898781.5554457,0.0031561851501464844,12,2,21,1787898781.5522895,ov75,agg_full@rho0.8,0,0.55,0.75,4,0.8,agg_full,1787898781.552273,0,2048,,0,0,0,0,0,0,0,0,12,0.0031890869140625,0;0;0;0,0,0,1,33,1787898918.4320374,,0,0,1,1,3,0,1,1,0,2048,2048,0,0.0,-2.0,2.0,3.1561851501464844,2.0,-1.1561851501464844,148.526031,2080.0,40.96
21,upsert,1,L0005,2048,0,1787898781.5554457,0.0031561851501464844,12,2,21,1787898781.5522895,ov75,agg_full@rho0.8,0,0.55,0.75,4,0.8,agg_full,1787898781.552273,0,2048,,0,0,0,0,0,0,0,0,12,0.0031890869140625,0;0;0;0,0,0,2,49,1787898931.0292435,,0,0,1,1,1,0,1,1,0,0,0,0,0.0,-2.0,2.0,3.1561851501464844,2.0,-1.1561851501464844,1179.510586,2080.0,0.0
40,upsert,0,L0010,2048,0,1787898794.6986296,0.0034067630767822266,21,1,40,1787898794.6952229,ov75,agg_full@rho0.8,0,0.55,0.75,4,0.8,agg_full,1787898794.6951973,0,2048,,0,0,0,0,0,0,0,0,21,0.003043866157531738,0;0;0;0,0,0,1,48,1787898931.0291743,,0,1,0,1,3,1,0,0,0,2048,2048,0,0.0,0.0,0.0,3.4067630767822266,0.0,-3.4067630767822266,1077.705666,2080.0,40.96
41,upsert,1,L0010,2048,0,1787898794.6987264,0.00321197509765625,22,1,41,1787898794.6955144,ov75,agg_full@rho0.8,0,0.55,0.75,4,0.8,agg_full,1787898794.6954985,0,2048,,0,0,0,0,0,0,0,0,22,0.003043866157531738,0;0;0;0,0,0,1,48,1787898931.0291743,,0,0,0,0,3,0,0,0,0,2048,2048,0,0.0,0.0,0.0,3.21197509765625,0.0,-3.21197509765625,1077.705666,2080.0,40.96
44,upsert,0,L0011,2048,0,1787898798.701699,1.217693567276001,23,2,44,1787898797.4840055,ov75,agg_full@rho0.8,0,0.55,0.75,4,0.8,agg_full,1787898797.4839818,0,2048,,0,0,0,0,0,0,0,0,23,0.0030680027875033293,0;0;0;0,0,0,1,41,1787898926.4396107,,0,1,1,0,3,1,1,0,0,2048,2048,0,0.0,0.0,0.0,1217.693567276001,0.0,-1217.693567276001,267.394946,2080.0,40.96
44,upsert,0,L0011,2048,0,1787898798.701699,1.217693567276001,23,2,44,1787898797.4840055,ov75,agg_full@rho0.8,0,0.55,0.75,4,0.8,agg_full,1787898797.4839818,0,2048,,0,0,0,0,0,0,0,0,23,0.0030680027875033293,0;0;0;0,0,0,2,53,1787898934.1056504,,0,1,1,0,1,1,1,0,0,0,0,0,0.0,0.0,0.0,1217.693567276001,0.0,-1217.693567276001,1165.731335,2080.0,0.0
45,upsert,1,L0011,2048,0,1787898800.0418968,2.5575788021087646,24,2,45,1787898797.484318,ov75,agg_full@rho0.8,0,0.55,0.75,4,0.8,agg_full,1787898797.4843025,0,2048,,0,0,0,0,0,0,0,0,24,0.0030680027875033293,0;0;0;0,0,0,1,41,1787898926.4396107,,0,0,1,1,3,0,1,1,0,2048,2048,0,0.0,-2.0,2.0,2557.5788021087646,2.0,-2555.5788021087646,267.394946,2080.0,40.96
45,upsert,1,L0011,2048,0,1787898800.0418968,2.5575788021087646,24,2,45,1787898797.484318,ov75,agg_full@rho0.8,0,0.55,0.75,4,0.8,agg_full,1787898797.4843025,0,2048,,0,0,0,0,0,0,0,0,24,0.0030680027875033293,0;0;0;0,0,0,2,53,1787898934.1056504,,0,0,1,1,1,0,1,0,0,0,0,0,0.0,0.0,0.0,2557.5788021087646,0.0,-2557.5788021087646,1165.731335,2080.0,0.0
56,upsert,0,L0014,2048,0,1787898812.5161257,6.429711818695068,29,1,56,1787898806.0864139,ov75,agg_full@rho0.8,0,0.55,0.75,4,0.8,agg_full,1787898806.086389,0,2048,,0,0,0,0,0,0,0,0,33,0.16011535127957663,0;0;0;0,0,0,1,57,1787898937.3822823,,1,0,0,0,,0,0,0,0,0,0,0,0.0,0.0,0.0,6429.711818695068,0.0,-6429.711818695068,1286.275312,2608.0,0.0
57,upsert,1,L0014,2048,0,1787898812.5162828,6.429574251174927,30,1,57,1787898806.0867085,ov75,agg_full@rho0.8,0,0.55,0.75,4,0.8,agg_full,1787898806.0866935,0,2048,,0,0,0,0,0,0,0,0,34,0.16011535127957663,0;0;0;0,0,0,1,57,1787898937.3822823,,0,0,0,0,0,0,0,0,0,0,0,0,0.0,0.0,0.0,6429.574251174927,0.0,-6429.574251174927,1286.275312,2608.0,0.0
64,upsert,0,L0016,2048,0,1787898819.3614225,7.5379698276519775,33,1,64,1787898811.8234527,ov75,agg_full@rho0.8,0,0.55,0.75,4,0.8,agg_full,1787898811.8234255,0,2048,,0,0,0,0,0,0,0,0,37,1.1532587834766932,0;0;0;0,0,0,1,56,1787898937.382216,,0,1,1,0,2,1,1,0,0,2048,2048,0,0.0,0.0,0.0,7537.9698276519775,0.0,-7537.9698276519775,159.316416,2080.0,40.96
65,upsert,1,L0016,2048,0,1787898819.3614824,7.537715911865234,34,1,65,1787898811.8237665,ov75,agg_full@rho0.8,0,0.55,0.75,4,0.8,agg_full,1787898811.8237503,0,2048,,0,0,0,0,0,0,0,0,38,1.1532587834766932,0;0;0;0,0,0,1,56,1787898937.382216,,0,0,1,1,2,0,1,0,0,2048,2048,0,0.0,0.0,0.0,7537.715911865234,0.0,-7537.715911865234,159.316416,2080.0,40.96
72,upsert,0,L0018,2048,0,1787898824.887297,7.273376226425171,37,1,72,1787898817.6139207,ov75,agg_full@rho0.8,0,0.55,0.75,4,0.8,agg_full,1787898817.6139061,0,2048,,0,0,0,0,0,0,0,0,41,1.8555170968174934,0;0;0;0,0,0,1,47,1787898928.2204208,,0,1,1,0,3,1,1,1,1,2048,2048,0,0.0,0.0,0.0,7273.376226425171,0.0,-7273.376226425171,380.671434,2080.0,38.96
73,upsert,1,L0018,2048,0,1787898824.8874078,7.273334264755249,38,1,73,1787898817.6140735,ov75,agg_full@rho0.8,0,0.55,0.75,4,0.8,agg_full,1787898817.6140666,0,2048,,0,0,0,0,0,0,0,0,42,1.8555170968174934,0;0;0;0,0,0,1,47,1787898928.2204208,,0,0,1,1,3,0,1,2,1,2048,2048,0,0.0,-2.0,2.0,7273.334264755249,2.0,-7271.334264755249,380.671434,2080.0,38.96
92,upsert,0,L0023,2048,0,1787898838.3307607,6.931290149688721,47,3,92,1787898831.3994706,ov75,agg_full@rho0.8,0,0.55,0.75,4,0.8,agg_full,1787898831.3994472,0,2048,,0,0,0,0,0,0,0,0,53,3.7908580526709557,0;0;0;0,0,0,1,35,1787898918.432133,,0,1,0,1,2,1,0,2,1,2048,2048,0,0.0,-2.0,2.0,6931.290149688721,2.0,-6929.290149688721,3011.918709,2080.0,38.96
92,upsert,0,L0023,2048,0,1787898838.3307607,6.931290149688721,47,3,92,1787898831.3994706,ov75,agg_full@rho0.8,0,0.55,0.75,4,0.8,agg_full,1787898831.3994472,0,2048,,0,0,0,0,0,0,0,0,53,3.7908580526709557,0;0;0;0,0,0,2,46,1787898928.2203784,,0,1,0,1,3,1,0,1,1,2048,2048,0,0.0,0.0,0.0,6931.290149688721,0.0,-6931.290149688721,2186.329341,2080.0,38.96
92,upsert,0,L0023,2048,0,1787898838.3307607,6.931290149688721,47,3,92,1787898831.3994706,ov75,agg_full@rho0.8,0,0.55,0.75,4,0.8,agg_full,1787898831.3994472,0,2048,,0,0,0,0,0,0,0,0,53,3.7908580526709557,0;0;0;0,0,0,3,63,1787898939.6386242,,0,1,1,0,0,1,1,1,1,512,512,0,0.0,0.0,0.0,6931.290149688721,0.0,-6931.290149688721,395.5025,2608.0,8.24
93,upsert,1,L0023,2048,0,1787898838.3308096,6.931006193161011,48,3,93,1787898831.3998034,ov75,agg_full@rho0.8,0,0.55,0.75,4,0.8,agg_full,1787898831.3997877,0,2048,,0,0,0,0,0,0,0,0,54,3.7908580526709557,0;0;0;0,0,0,1,35,1787898918.432133,,1,0,0,0,,0,0,1,1,0,0,0,0.0,0.0,0.0,6931.006193161011,0.0,-6931.006193161011,3011.918709,2080.0,38.96
93,upsert,1,L0023,2048,0,1787898838.3308096,6.931006193161011,48,3,93,1787898831.3998034,ov75,agg_full@rho0.8,0,0.55,0.75,4,0.8,agg_full,1787898831.3997877,0,2048,,0,0,0,0,0,0,0,0,54,3.7908580526709557,0;0;0;0,0,0,2,46,1787898928.2203784,,1,0,0,0,,0,0,1,1,0,0,0,0.0,0.0,0.0,6931.006193161011,0.0,-6931.006193161011,2186.329341,2080.0,38.96
93,upsert,1,L0023,2048,0,1787898838.3308096,6.931006193161011,48,3,93,1787898831.3998034,ov75,agg_full@rho0.8,0,0.55,0.75,4,0.8,agg_full,1787898831.3997877,0,2048,,0,0,0,0,0,0,0,0,54,3.7908580526709557,0;0;0;0,0,0,3,63,1787898939.6386242,,1,1,1,0,,1,1,1,1,0,0,0,0.0,0.0,0.0,6931.006193161011,0.0,-6931.006193161011,395.5025,2608.0,8.24
108,upsert,0,L0027,2048,0,1787898851.0936375,8.284024715423584,55,1,108,1787898842.8096128,ov75,agg_full@rho0.8,0,0.55,0.75,4,0.8,agg_full,1787898842.809589,0,2048,,0,0,0,0,0,0,0,0,61,5.899884901940823,0;0;0;0,0,0,1,34,1787898918.4320886,,0,1,1,0,2,1,1,1,1,2048,2048,0,0.0,0.0,0.0,8284.024715423584,0.0,-8284.024715423584,359.144122,2080.0,38.96
109,upsert,1,L0027,2048,0,1787898851.093685,8.28374719619751,56,1,109,1787898842.8099377,ov75,agg_full@rho0.8,0,0.55,0.75,4,0.8,agg_full,1787898842.809922,0,2048,,0,0,0,0,0,0,0,0,62,5.899884901940823,0;0;0;0,0,0,1,34,1787898918.4320886,,0,0,1,1,2,0,1,1,1,2048,2048,0,0.0,0.0,0.0,8283.74719619751,0.0,-8283.74719619751,359.144122,2080.0,38.96
112,upsert,0,L0028,2048,0,1787898855.7738633,9.91183352470398,57,1,112,1787898845.8620298,ov75,agg_full@rho0.8,0,0.55,0.75,4,0.8,agg_full,1787898845.8620045,0,2048,,0,0,0,0,0,0,0,0,63,6.492523685097694,0;0;0;0,0,0,1,55,1787898934.105755,,0,1,1,0,2,1,1,1,1,2048,2048,0,0.0,0.0,0.0,9911.83352470398,0.0,-9911.83352470398,2558.697011,2080.0,38.96
113,upsert,1,L0028,2048,0,1787898855.7739704,9.91158652305603,58,1,113,1787898845.8623838,ov75,agg_full@rho0.8,0,0.55,0.75,4,0.8,agg_full,1787898845.8623676,0,2048,,0,0,0,0,0,0,0,0,64,6.492523685097694,0;0;0;0,0,0,1,55,1787898934.105755,,1,1,1,0,,1,1,1,1,0,0,0,0.0,0.0,0.0,9911.58652305603,0.0,-9911.58652305603,2558.697011,2080.0,38.96
116,upsert,0,L0029,2048,0,1787898858.454312,9.856325387954712,59,1,116,1787898848.5979867,ov75,agg_full@rho0.8,0,0.55,0.75,4,0.8,agg_full,1787898848.5979612,0,2048,,0,0,0,0,0,0,0,0,65,7.09470771253109,0;0;0;0,0,0,1,36,1787898922.1100168,,0,1,0,1,0,1,0,0,0,0,0,0,0.0,0.0,0.0,9856.325387954712,0.0,-9856.325387954712,1173.007258,2608.0,0.0
117,upsert,1,L0029,2048,0,1787898858.4544358,9.856096744537354,60,1,117,1787898848.598339,ov75,agg_full@rho0.8,0,0.55,0.75,4,0.8,agg_full,1787898848.5983233,0,2048,,0,0,0,0,0,0,0,0,66,7.09470771253109,0;0;0;0,0,0,1,36,1787898922.1100168,,0,0,0,0,0,0,0,0,0,0,0,0,0.0,0.0,0.0,9856.096744537354,0.0,-9856.096744537354,1173.007258,2608.0,0.0
120,upsert,0,L0030,2048,0,1787898861.815069,10.435435771942139,61,1,120,1787898851.3796332,ov75,agg_full@rho0.8,0,0.55,0.75,4,0.8,agg_full,1787898851.379608,0,2048,,0,0,0,0,0,0,0,0,65,8.184703469276428,0;0;0;0,0,0,1,39,1787898922.1101909,,0,1,1,0,3,1,1,0,0,2048,2048,0,0.0,0.0,0.0,10435.435771942139,0.0,-10435.435771942139,1248.92882,2080.0,40.96
121,upsert,1,L0030,2048,0,1787898861.8151906,10.435245275497437,62,1,121,1787898851.3799453,ov75,agg_full@rho0.8,0,0.55,0.75,4,0.8,agg_full,1787898851.3799293,0,2048,,0,0,0,0,0,0,0,0,66,8.184703469276428,0;0;0;0,0,0,1,39,1787898922.1101909,,0,0,1,1,3,0,1,1,0,2048,2048,0,0.0,-2.0,2.0,10435.245275497437,2.0,-10433.245275497437,1248.92882,2080.0,40.96
124,upsert,0,L0031,2048,0,1787898861.8152554,7.590865850448608,63,1,124,1787898854.2243896,ov75,agg_full@rho0.8,0,0.55,0.75,4,0.8,agg_full,1787898854.2243648,0,2048,,0,0,0,0,0,0,0,0,69,8.184703469276428,0;0;0;0,0,0,1,54,1787898934.1057067,,0,1,0,1,0,1,0,1,0,0,0,0,0.0,-2.0,2.0,7590.865850448608,2.0,-7588.865850448608,149.71922,2080.0,0.0
125,upsert,1,L0031,2048,0,1787898861.8153043,7.590591907501221,64,1,125,1787898854.2247124,ov75,agg_full@rho0.8,0,0.55,0.75,4,0.8,agg_full,1787898854.2246962,0,2048,,0,0,0,0,0,0,0,0,70,8.184703469276428,0;0;0;0,0,0,1,54,1787898934.1057067,,0,0,0,0,0,0,0,0,0,0,0,0,0.0,0.0,0.0,7590.591907501221,0.0,-7590.591907501221,149.71922,2080.0,0.0
136,upsert,0,L0034,2048,0,1787898872.5367277,9.904996156692505,69,1,136,1787898862.6317315,ov75,agg_full@rho0.8,0,0.55,0.75,4,0.8,agg_full,1787898862.631707,0,2048,,0,0,0,0,0,0,0,0,73,8.811397291719913,0;0;0;0,0,0,1,50,1787898931.0292974,,1,0,0,0,,0,0,1,1,0,0,0,0.0,0.0,0.0,9904.996156692505,0.0,-9904.996156692505,2396.434887,2080.0,38.96
137,upsert,1,L0034,2048,0,1787898872.5368357,9.904799938201904,70,1,137,1787898862.6320357,ov75,agg_full@rho0.8,0,0.55,0.75,4,0.8,agg_full,1787898862.6320198,0,2048,,0,0,0,0,0,0,0,0,74,8.811397291719913,0;0;0;0,0,0,1,50,1787898931.0292974,,0,0,0,0,3,0,0,1,1,2048,2048,0,0.0,0.0,0.0,9904.799938201904,0.0,-9904.799938201904,2396.434887,2080.0,38.96
144,upsert,0,L0036,2048,0,1787898877.2171793,9.097355842590332,73,2,144,1787898868.1198235,ov75,agg_full@rho0.8,0,0.55,0.75,4,0.8,agg_full,1787898868.1197996,0,2048,,0,0,0,0,0,0,0,0,79,8.932976603507996,0;0;0;0,0,0,1,40,1787898926.439541,,0,1,0,1,3,1,0,0,0,2048,2048,0,0.0,0.0,0.0,9097.355842590332,0.0,-9097.355842590332,303.82506,2080.0,40.96
144,upsert,0,L0036,2048,0,1787898877.2171793,9.097355842590332,73,2,144,1787898868.1198235,ov75,agg_full@rho0.8,0,0.55,0.75,4,0.8,agg_full,1787898868.1197996,0,2048,,0,0,0,0,0,0,0,0,79,8.932976603507996,0;0;0;0,0,0,2,43,1787898926.4397032,,0,1,0,1,3,1,0,2,1,2048,2048,0,0.0,-2.0,2.0,9097.355842590332,2.0,-9095.355842590332,1337.120824,2080.0,38.96
145,upsert,1,L0036,2048,0,1787898877.2172968,9.097177505493164,74,2,145,1787898868.1201193,ov75,agg_full@rho0.8,0,0.55,0.75,4,0.8,agg_full,1787898868.1201031,0,2048,,0,0,0,0,0,0,0,0,80,8.932976603507996,0;0;0;0,0,0,1,40,1787898926.439541,,0,0,0,0,3,0,0,0,0,2048,2048,0,0.0,0.0,0.0,9097.177505493164,0.0,-9097.177505493164,303.82506,2080.0,40.96
145,upsert,1,L0036,2048,0,1787898877.2172968,9.097177505493164,74,2,145,1787898868.1201193,ov75,agg_full@rho0.8,0,0.55,0.75,4,0.8,agg_full,1787898868.1201031,0,2048,,0,0,0,0,0,0,0,0,80,8.932976603507996,0;0;0;0,0,0,2,43,1787898926.4397032,,0,0,0,0,3,0,0,1,1,2048,2048,0,0.0,0.0,0.0,9097.177505493164,0.0,-9097.177505493164,1337.120824,2080.0,38.96
152,upsert,0,L0038,2048,0,1787898883.2583673,9.859456062316895,77,1,152,1787898873.3989112,ov75,agg_full@rho0.8,0,0.55,0.75,4,0.8,agg_full,1787898873.3988867,0,2048,,0,0,0,0,0,0,0,0,81,9.13451910763979,0;0;0;0,0,0,1,45,1787898928.2203267,,0,1,1,0,2,1,1,0,0,2048,2048,0,0.0,0.0,0.0,9859.456062316895,0.0,-9859.456062316895,143.683252,2080.0,40.96
153,upsert,1,L0038,2048,0,1787898883.2584767,9.859248638153076,78,1,153,1787898873.399228,ov75,agg_full@rho0.8,0,0.55,0.75,4,0.8,agg_full,1787898873.399213,0,2048,,0,0,0,0,0,0,0,0,82,9.13451910763979,0;0;0;0,0,0,1,45,1787898928.2203267,,0,0,1,1,2,0,1,1,0,2048,2048,0,0.0,-2.0,2.0,9859.248638153076,2.0,-9857.248638153076,143.683252,2080.0,40.96
168,upsert,0,L0042,2048,0,1787898893.9800553,9.375561714172363,85,1,168,1787898884.6044936,ov75,agg_full@rho0.8,0,0.55,0.75,4,0.8,agg_full,1787898884.6044629,0,2048,,0,0,0,0,0,0,0,0,89,9.235932230949402,0;0;0;0,0,0,1,59,1787898937.3823802,,0,1,0,1,2,1,0,2,1,2048,2048,0,0.0,-2.0,2.0,9375.561714172363,2.0,-9373.561714172363,1549.064842,2080.0,38.96
169,upsert,1,L0042,2048,0,1787898893.9802132,9.375413417816162,86,1,169,1787898884.6047997,ov75,agg_full@rho0.8,0,0.55,0.75,4,0.8,agg_full,1787898884.604779,0,2048,,0,0,0,0,0,0,0,0,90,9.235932230949402,0;0;0;0,0,0,1,59,1787898937.3823802,,0,0,0,0,2,0,0,1,1,2048,2048,0,0.0,0.0,0.0,9375.413417816162,0.0,-9375.413417816162,1549.064842,2080.0,38.96
176,upsert,0,L0044,2048,0,1787898898.6604285,8.288457155227661,89,1,176,1787898890.3719714,ov75,agg_full@rho0.8,0,0.55,0.75,4,0.8,agg_full,1787898890.3719401,0,2048,,0,0,0,0,0,0,0,0,95,9.201037168502808,0;0;0;0,0,0,1,51,1787898931.0293455,,0,1,1,0,3,1,1,1,1,2048,2048,0,0.0,0.0,0.0,8288.457155227661,0.0,-8288.457155227661,1441.898991,2080.0,38.96
177,upsert,1,L0044,2048,0,1787898898.6605344,8.288217782974243,90,1,177,1787898890.3723166,ov75,agg_full@rho0.8,0,0.55,0.75,4,0.8,agg_full,1787898890.3723004,0,2048,,0,0,0,0,0,0,0,0,96,9.201037168502808,0;0;0;0,0,0,1,51,1787898931.0293455,,0,0,1,1,3,0,1,2,1,2048,2048,0,0.0,-2.0,2.0,8288.217782974243,2.0,-8286.217782974243,1441.898991,2080.0,38.96
184,upsert,0,L0046,2048,0,1787898904.7017186,8.835712909698486,93,1,184,1787898895.8660057,ov75,agg_full@rho0.8,0,0.55,0.75,4,0.8,agg_full,1787898895.8659778,0,2048,,0,0,0,0,0,0,0,0,97,8.942647390067577,0;0;0;0,0,0,1,58,1787898937.3823345,,0,1,1,0,2,1,1,1,1,2048,2048,0,0.0,0.0,0.0,8835.712909698486,0.0,-8835.712909698486,1553.741704,2080.0,38.96
185,upsert,1,L0046,2048,0,1787898904.7018385,8.835503578186035,94,1,185,1787898895.866335,ov75,agg_full@rho0.8,0,0.55,0.75,4,0.8,agg_full,1787898895.8663197,0,2048,,0,0,0,0,0,0,0,0,98,8.942647390067577,0;0;0;0,0,0,1,58,1787898937.3823345,,1,1,1,0,,1,1,1,1,0,0,0,0.0,0.0,0.0,8835.503578186035,0.0,-8835.503578186035,1553.741704,2080.0,38.96
194,upsert,0,L0014,2048,2048,1787898910.0626826,8.742377758026123,99,1,194,1787898901.3203049,ov75,agg_full@rho0.8,0,0.55,0.75,4,0.8,agg_full,1787898901.3202903,2048,0,95.23390126228333,0,2048,2048,2048,0,2,0,1,105,8.841186605393887,0;1;0;0,7,0,1,57,1787898937.3822823,,0,0,0,0,0,0,0,0,0,0,0,0,0.0,0.0,0.0,8742.377758026123,0.0,-8742.377758026123,1286.275312,2608.0,0.0
195,upsert,1,L0023,2048,2048,1787898910.0627453,8.74225378036499,100,3,195,1787898901.3204916,ov75,agg_full@rho0.8,0,0.55,0.75,4,0.8,agg_full,1787898901.320478,2048,0,69.92069029808044,0,2048,2048,2048,0,2,0,1,106,8.841186605393887,0;0;0;0,7,0,1,35,1787898918.432133,,0,0,0,0,2,0,0,1,1,2048,2048,0,0.0,0.0,0.0,8742.25378036499,0.0,-8742.25378036499,3011.918709,2080.0,38.96
195,upsert,1,L0023,2048,2048,1787898910.0627453,8.74225378036499,100,3,195,1787898901.3204916,ov75,agg_full@rho0.8,0,0.55,0.75,4,0.8,agg_full,1787898901.320478,2048,0,69.92069029808044,0,2048,2048,2048,0,2,0,1,106,8.841186605393887,0;0;0;0,7,0,2,46,1787898928.2203784,,0,0,0,0,3,0,0,1,1,2048,2048,0,0.0,0.0,0.0,8742.25378036499,0.0,-8742.25378036499,2186.329341,2080.0,38.96
195,upsert,1,L0023,2048,2048,1787898910.0627453,8.74225378036499,100,3,195,1787898901.3204916,ov75,agg_full@rho0.8,0,0.55,0.75,4,0.8,agg_full,1787898901.320478,2048,0,69.92069029808044,0,2048,2048,2048,0,2,0,1,106,8.841186605393887,0;0;0;0,7,0,3,63,1787898939.6386242,,1,1,1,0,,1,1,1,1,0,0,0,0.0,0.0,0.0,8742.25378036499,0.0,-8742.25378036499,395.5025,2608.0,8.24
196,upsert,0,L0000,2048,2048,1787898914.7429028,11.501551389694214,101,2,196,1787898903.2413514,ov75,agg_full@rho0.8,0,0.55,0.75,4,0.8,agg_full,1787898903.2413235,2048,0,134.9982624053955,0,2048,2048,2048,0,2,0,2,105,8.73691325634718,1;2;0;0,15,0,1,42,1787898926.4396605,,0,1,1,0,3,1,1,1,1,3072,3072,0,0.0,0.0,0.0,11501.551389694214,0.0,-11501.551389694214,521.3259,2080.0,59.44
196,upsert,0,L0000,2048,2048,1787898914.7429028,11.501551389694214,101,2,196,1787898903.2413514,ov75,agg_full@rho0.8,0,0.55,0.75,4,0.8,agg_full,1787898903.2413235,2048,0,134.9982624053955,0,2048,2048,2048,0,2,0,2,105,8.73691325634718,1;2;0;0,15,0,2,60,1787898939.638452,,1,1,1,0,,1,1,0,0,0,0,0,0.0,0.0,0.0,11501.551389694214,0.0,-11501.551389694214,397.437362,2608.0,61.44
197,upsert,1,L0000,2560,2048,1787898914.743015,11.501361846923828,102,2,197,1787898903.2416532,ov75,agg_full@rho0.8,0,0.55,0.75,4,0.8,agg_full,1787898903.2416346,2048,512,134.99839687347412,0,2048,2048,2048,0,2,0,2,106,8.73691325634718,1;1;0;0,15,0,1,42,1787898926.4396605,,1,1,1,0,,1,1,1,1,0,0,0,0.0,0.0,0.0,11501.361846923828,0.0,-11501.361846923828,521.3259,2080.0,59.44
197,upsert,1,L0000,2560,2048,1787898914.743015,11.501361846923828,102,2,197,1787898903.2416532,ov75,agg_full@rho0.8,0,0.55,0.75,4,0.8,agg_full,1787898903.2416346,2048,512,134.99839687347412,0,2048,2048,2048,0,2,0,2,106,8.73691325634718,1;1;0;0,15,0,2,60,1787898939.638452,,1,1,1,0,,1,1,0,0,0,0,0,0.0,0.0,0.0,11501.361846923828,0.0,-11501.361846923828,397.437362,2608.0,61.44
199,upsert,1,L0028,2048,2048,1787898914.7431285,11.501080989837646,104,1,199,1787898903.2420475,ov75,agg_full@rho0.8,0,0.55,0.75,4,0.8,agg_full,1787898903.2420337,2048,0,57.3796660900116,0,2048,2048,2048,0,2,0,1,108,8.73691325634718,0;0;0;0,15,0,1,55,1787898934.105755,,0,1,1,0,2,1,1,1,1,2048,2048,0,0.0,0.0,0.0,11501.080989837646,0.0,-11501.080989837646,2558.697011,2080.0,38.96
203,upsert,1,L0000,3072,2560,1787898920.1039736,14.289195775985718,108,2,203,1787898905.8147779,ov75,agg_full@rho0.8,0,0.55,0.75,4,0.8,agg_full,1787898905.8147614,2560,512,2.573126792907715,0,2048,2048,2048,0,2,0,3,108,8.540511757135391,0;0;0;0,22,1,1,42,1787898926.4396605,,0,1,1,0,3,1,1,1,1,2560,3072,512,10.24,0.0,10.24,14289.195775985718,10.24,-14278.955775985718,521.3259,2080.0,59.44
203,upsert,1,L0000,3072,2560,1787898920.1039736,14.289195775985718,108,2,203,1787898905.8147779,ov75,agg_full@rho0.8,0,0.55,0.75,4,0.8,agg_full,1787898905.8147614,2560,512,2.573126792907715,0,2048,2048,2048,0,2,0,3,108,8.540511757135391,0;0;0;0,22,1,2,60,1787898939.638452,,0,0,1,1,2,0,1,0,0,3072,3072,0,0.0,0.0,0.0,14289.195775985718,0.0,-14289.195775985718,397.437362,2608.0,61.44
206,upsert,2,L0058,2048,0,1787898920.1041026,11.3497633934021,111,1,206,1787898908.7543392,ov75,agg_full@rho0.8,0,0.55,0.75,4,0.8,agg_full,1787898908.7543254,0,2048,,0,0,0,0,0,0,0,1,111,8.540511757135391,1;0;0;0,29,0,1,38,1787898922.110128,,0,3,2,1,3,3,2,0,1,0,2048,2048,40.96,2.0,38.96,11349.7633934021,38.96,-11310.8033934021,3547.617687,2080.0,38.96
207,upsert,0,L0034,2048,2048,1787898920.1041446,11.349615097045898,112,1,207,1787898908.7545295,ov75,agg_full@rho0.8,0,0.55,0.75,4,0.8,agg_full,1787898908.7545147,2048,0,46.12280774116516,0,2048,2048,2048,0,2,0,1,112,8.540511757135391,0;0;0;0,29,0,1,50,1787898931.0292974,,0,0,0,0,3,0,0,1,1,2048,2048,0,0.0,0.0,0.0,11349.615097045898,0.0,-11349.615097045898,2396.434887,2080.0,38.96
208,upsert,1,L0023,2560,2048,1787898928.7841527,17.88035297393799,113,1,208,1787898910.9037998,ov75,agg_full@rho0.8,0,0.55,0.75,4,0.8,agg_full,1787898910.9037724,2048,512,9.58329439163208,0,2048,2048,2048,0,2,0,2,109,8.44794849306345,2;1;0;0,37,0,1,63,1787898939.6386242,,0,0,1,1,0,0,1,0,1,0,512,512,10.24,2.0,8.24,17880.35297393799,8.24,-17872.112973937987,395.5025,2608.0,8.24
209,upsert,0,L0000,2048,2048,1787898928.7842908,17.880188941955566,114,1,209,1787898910.9041018,ov75,agg_full@rho0.8,0,0.55,0.75,4,0.8,agg_full,1787898910.9040835,2048,0,7.662760019302368,0,2048,2048,2048,0,2,0,5,110,8.44794849306345,1;1;0;0,37,1,1,60,1787898939.638452,,1,1,1,0,,1,1,0,0,0,0,0,0.0,0.0,0.0,17880.188941955566,0.0,-17880.188941955566,397.437362,2608.0,61.44
210,upsert,0,L0000,2560,2048,1787898928.7843523,17.880011796951294,115,1,210,1787898910.9043405,ov75,agg_full@rho0.8,0,0.55,0.75,4,0.8,agg_full,1787898910.9043257,2048,512,0.0002422332763671875,0,2048,2048,2048,0,2,0,5,111,8.44794849306345,0;1;0;0,37,1,1,60,1787898939.638452,,1,1,1,0,,1,1,0,0,0,0,0,0.0,0.0,0.0,17880.011796951294,0.0,-17880.011796951294,397.437362,2608.0,61.44
211,upsert,1,L0046,2048,2048,1787898928.7843974,17.87986445426941,116,1,211,1787898910.904533,ov75,agg_full@rho0.8,0,0.55,0.75,4,0.8,agg_full,1787898910.9045193,2048,0,15.038199663162231,0,2048,2048,2048,0,2,0,1,112,8.44794849306345,0;0;0;0,37,0,1,58,1787898937.3823345,,0,1,1,0,2,1,1,1,1,2048,2048,0,0.0,0.0,0.0,17879.86445426941,0.0,-17879.86445426941,1553.741704,2080.0,38.96
214,upsert,0,L0000,3072,2560,1787898928.784524,15.234498023986816,119,1,214,1787898913.550026,ov75,agg_full@rho0.8,0,0.55,0.75,4,0.8,agg_full,1787898913.550011,2560,512,2.6456851959228516,0,2048,2048,2048,0,2,0,6,115,8.44794849306345,0;0;0;1,44,1,1,60,1787898939.638452,,0,1,1,0,2,1,1,0,0,3072,3072,0,0.0,0.0,0.0,15234.498023986816,0.0,-15234.498023986816,397.437362,2608.0,61.44
262,upsert,2,L0072,2048,0,1787898985.5883093,39.50709939002991,167,1,262,1787898946.08121,ov75,agg_full@rho0.8,0,0.55,0.75,4,0.8,agg_full,1787898946.0811903,0,2048,,0,0,0,0,0,0,0,1,135,14.881821356713772,0;1;0;1,124,0,1,124,1787898993.1096816,,0,0,2,1,0,0,2,0,0,0,2048,2048,40.96,0.0,40.96,39507.09939002991,40.96,-39466.13939002991,2439.033362,2080.0,40.96
12,upsert,0,L0003,2048,0,1787899082.3925724,66.93774342536926,5,1,12,1787899015.454829,ov75,agg_static@rho0.8,0,0.55,0.75,4,0.8,agg_static,1787899015.454806,0,2048,,0,0,0,0,0,0,0,0,13,,0;0;0;0,0,0,1,32,1787899162.2801805,,0,1,1,0,1,1,1,0,0,0,0,0,0.0,0.0,0.0,66937.74342536926,0.0,-66937.74342536926,140.589024,2080.0,0.0
13,upsert,1,L0003,2048,0,1787899082.3926373,66.93766140937805,6,1,13,1787899015.4549758,ov75,agg_static@rho0.8,0,0.55,0.75,4,0.8,agg_static,1787899015.4549623,0,2048,,0,0,0,0,0,0,0,0,14,,0;0;0;0,0,0,1,32,1787899162.2801805,,0,0,1,1,1,0,1,0,0,0,0,0,0.0,0.0,0.0,66937.66140937805,0.0,-66937.66140937805,140.589024,2080.0,0.0
16,upsert,0,L0004,2048,0,1787899082.392695,64.19049549102783,7,1,16,1787899018.2021995,ov75,agg_static@rho0.8,0,0.55,0.75,4,0.8,agg_static,1787899018.2021759,0,2048,,0,0,0,0,0,0,0,0,17,,0;0;0;0,0,0,1,44,1787899173.586496,,0,1,1,0,1,1,1,0,0,0,0,0,0.0,0.0,0.0,64190.49549102783,0.0,-64190.49549102783,150.736236,2080.0,0.0
17,upsert,1,L0004,2048,0,1787899082.3927438,64.19039392471313,8,1,17,1787899018.20235,ov75,agg_static@rho0.8,0,0.55,0.75,4,0.8,agg_static,1787899018.2023368,0,2048,,0,0,0,0,0,0,0,0,18,,0;0;0;0,0,0,1,44,1787899173.586496,,0,0,1,1,1,0,1,0,0,0,0,0,0.0,0.0,0.0,64190.393924713135,0.0,-64190.393924713135,150.736236,2080.0,0.0
20,upsert,0,L0005,2048,0,1787899082.3927882,61.38333010673523,9,2,20,1787899021.009458,ov75,agg_static@rho0.8,0,0.55,0.75,4,0.8,agg_static,1787899021.009433,0,2048,,0,0,0,0,0,0,0,0,21,,0;0;0;0,0,0,1,33,1787899162.2802472,,0,1,0,1,0,1,0,1,0,0,0,0,0.0,-2.0,2.0,61383.33010673523,2.0,-61381.33010673523,153.245579,2080.0,0.0
20,upsert,0,L0005,2048,0,1787899082.3927882,61.38333010673523,9,2,20,1787899021.009458,ov75,agg_static@rho0.8,0,0.55,0.75,4,0.8,agg_static,1787899021.009433,0,2048,,0,0,0,0,0,0,0,0,21,,0;0;0;0,0,0,2,49,1787899174.5844584,,0,1,0,1,2,1,0,1,0,2048,2048,0,0.0,-2.0,2.0,61383.33010673523,2.0,-61381.33010673523,1113.133069,2080.0,40.96
21,upsert,1,L0005,2048,0,1787899082.3928368,61.38322353363037,10,2,21,1787899021.0096133,ov75,agg_static@rho0.8,0,0.55,0.75,4,0.8,agg_static,1787899021.0095994,0,2048,,0,0,0,0,0,0,0,0,22,,0;0;0;0,0,0,1,33,1787899162.2802472,,0,0,0,0,0,0,0,0,0,0,0,0,0.0,0.0,0.0,61383.22353363037,0.0,-61383.22353363037,153.245579,2080.0,0.0
21,upsert,1,L0005,2048,0,1787899082.3928368,61.38322353363037,10,2,21,1787899021.0096133,ov75,agg_static@rho0.8,0,0.55,0.75,4,0.8,agg_static,1787899021.0095994,0,2048,,0,0,0,0,0,0,0,0,22,,0;0;0;0,0,0,2,49,1787899174.5844584,,0,0,0,0,2,0,0,0,0,2048,2048,0,0.0,0.0,0.0,61383.22353363037,0.0,-61383.22353363037,1113.133069,2080.0,40.96
40,upsert,0,L0010,2048,0,1787899091.5061076,55.810993671417236,17,1,40,1787899035.695114,ov75,agg_static@rho0.8,0,0.55,0.75,4,0.8,agg_static,1787899035.695088,0,2048,,0,0,0,0,0,0,0,0,41,,0;0;0;0,0,0,1,48,1787899174.5844252,,0,1,1,0,1,1,1,0,0,0,0,0,0.0,0.0,0.0,55810.993671417236,0.0,-55810.993671417236,1039.894586,2080.0,0.0
41,upsert,1,L0010,2048,0,1787899091.5061376,55.81084656715393,18,1,41,1787899035.695291,ov75,agg_static@rho0.8,0,0.55,0.75,4,0.8,agg_static,1787899035.6952765,0,2048,,0,0,0,0,0,0,0,0,42,,0;0;0;0,0,0,1,48,1787899174.5844252,,0,0,1,1,1,0,1,0,0,0,0,0,0.0,0.0,0.0,55810.84656715393,0.0,-55810.84656715393,1039.894586,2080.0,0.0
56,upsert,0,L0014,2048,0,1787899099.9390204,52.79945468902588,21,1,56,1787899047.1395657,ov75,agg_static@rho0.8,0,0.55,0.75,4,0.8,agg_static,1787899047.1395423,0,2048,,0,0,0,0,0,0,0,0,57,,0;0;0;0,0,0,1,57,1787899180.5375545,,1,1,1,0,,1,1,0,0,0,0,0,0.0,0.0,0.0,52799.45468902588,0.0,-52799.45468902588,1186.237107,2608.0,0.0
57,upsert,1,L0014,2048,0,1787899099.9390774,52.79935932159424,22,1,57,1787899047.139718,ov75,agg_static@rho0.8,0,0.55,0.75,4,0.8,agg_static,1787899047.1397045,0,2048,,0,0,0,0,0,0,0,0,58,,0;0;0;0,0,0,1,57,1787899180.5375545,,0,0,1,1,1,0,1,1,0,0,0,0,0.0,-2.0,2.0,52799.35932159424,2.0,-52797.35932159424,1186.237107,2608.0,0.0
64,upsert,0,L0016,2048,0,1787899099.939192,47.002153158187866,25,1,64,1787899052.937039,ov75,agg_static@rho0.8,0,0.55,0.75,4,0.8,agg_static,1787899052.9370143,0,2048,,0,0,0,0,0,0,0,0,65,,0;0;0;0,0,0,1,56,1787899180.5374866,,0,1,0,1,3,1,0,0,0,2048,2048,0,0.0,0.0,0.0,47002.153158187866,0.0,-47002.153158187866,156.40877,2080.0,40.96
65,upsert,1,L0016,2048,0,1787899111.0934684,58.15626001358032,26,1,65,1787899052.9372084,ov75,agg_static@rho0.8,0,0.55,0.75,4,0.8,agg_static,1787899052.9371946,0,2048,,0,0,0,0,0,0,0,0,66,,0;0;0;0,0,0,1,56,1787899180.5374866,,0,0,0,0,3,0,0,0,0,2048,2048,0,0.0,0.0,0.0,58156.26001358032,0.0,-58156.26001358032,156.40877,2080.0,40.96
72,upsert,0,L0018,2048,0,1787899111.0937068,52.28636169433594,29,1,72,1787899058.8073452,ov75,agg_static@rho0.8,0,0.55,0.75,4,0.8,agg_static,1787899058.807321,0,2048,,0,0,0,0,0,0,0,0,73,,0;0;0;0,0,0,1,47,1787899173.58666,,0,1,1,0,3,1,1,1,1,2048,2048,0,0.0,0.0,0.0,52286.36169433594,0.0,-52286.36169433594,373.058487,2080.0,38.96
73,upsert,1,L0018,2048,0,1787899111.093749,52.28625440597534,30,1,73,1787899058.8074946,ov75,agg_static@rho0.8,0,0.55,0.75,4,0.8,agg_static,1787899058.8074806,0,2048,,0,0,0,0,0,0,0,0,74,,0;0;0;0,0,0,1,47,1787899173.58666,,0,0,1,1,3,0,1,2,1,2048,2048,0,0.0,-2.0,2.0,52286.25440597534,2.0,-52284.25440597534,373.058487,2080.0,38.96
92,upsert,0,L0023,2048,0,1787899118.8462644,45.93762707710266,37,3,92,1787899072.9086373,ov75,agg_static@rho0.8,0,0.55,0.75,4,0.8,agg_static,1787899072.9086132,0,2048,,0,0,0,0,0,0,0,0,93,,0;0;0;0,0,0,1,35,1787899162.280348,,0,1,1,0,3,1,1,1,1,2048,2048,0,0.0,0.0,0.0,45937.62707710266,0.0,-45937.62707710266,3029.47219,2080.0,38.96
92,upsert,0,L0023,2048,0,1787899118.8462644,45.93762707710266,37,3,92,1787899072.9086373,ov75,agg_static@rho0.8,0,0.55,0.75,4,0.8,agg_static,1787899072.9086132,0,2048,,0,0,0,0,0,0,0,0,93,,0;0;0;0,0,0,2,46,1787899173.5866153,,0,1,0,1,3,1,0,1,1,2048,2048,0,0.0,0.0,0.0,45937.62707710266,0.0,-45937.62707710266,399.571352,2080.0,38.96
92,upsert,0,L0023,2048,0,1787899118.8462644,45.93762707710266,37,3,92,1787899072.9086373,ov75,agg_static@rho0.8,0,0.55,0.75,4,0.8,agg_static,1787899072.9086132,0,2048,,0,0,0,0,0,0,0,0,93,,0;0;0;0,0,0,3,63,1787899182.6875122,,0,1,1,0,1,1,1,0,0,0,0,0,0.0,0.0,0.0,45937.62707710266,0.0,-45937.62707710266,190.885434,2608.0,0.0
93,upsert,1,L0023,2048,0,1787899118.846309,45.93751907348633,38,3,93,1787899072.9087899,ov75,agg_static@rho0.8,0,0.55,0.75,4,0.8,agg_static,1787899072.908775,0,2048,,0,0,0,0,0,0,0,0,94,,0;0;0;0,0,0,1,35,1787899162.280348,,0,0,1,1,3,0,1,2,1,2048,2048,0,0.0,-2.0,2.0,45937.51907348633,2.0,-45935.51907348633,3029.47219,2080.0,38.96
93,upsert,1,L0023,2048,0,1787899118.846309,45.93751907348633,38,3,93,1787899072.9087899,ov75,agg_static@rho0.8,0,0.55,0.75,4,0.8,agg_static,1787899072.908775,0,2048,,0,0,0,0,0,0,0,0,94,,0;0;0;0,0,0,2,46,1787899173.5866153,,0,0,0,0,3,0,0,1,1,2048,2048,0,0.0,0.0,0.0,45937.51907348633,0.0,-45937.51907348633,399.571352,2080.0,38.96
93,upsert,1,L0023,2048,0,1787899118.846309,45.93751907348633,38,3,93,1787899072.9087899,ov75,agg_static@rho0.8,0,0.55,0.75,4,0.8,agg_static,1787899072.908775,0,2048,,0,0,0,0,0,0,0,0,94,,0;0;0;0,0,0,3,63,1787899182.6875122,,1,1,1,0,,1,1,0,0,0,0,0,0.0,0.0,0.0,45937.51907348633,0.0,-45937.51907348633,190.885434,2608.0,0.0
108,upsert,0,L0027,2048,0,1787899127.959647,44.27175521850586,45,1,108,1787899083.6878917,ov75,agg_static@rho0.8,0,0.55,0.75,4,0.8,agg_static,1787899083.6878676,0,2048,,0,0,0,0,0,0,0,0,99,66.0547285079956,0;0;0;0,0,0,1,34,1787899162.2803013,,0,1,0,1,3,1,0,1,1,2048,2048,0,0.0,0.0,0.0,44271.75521850586,0.0,-44271.75521850586,365.613958,2080.0,38.96
109,upsert,1,L0027,2048,0,1787899127.9596937,44.271538496017456,46,1,109,1787899083.6881552,ov75,agg_static@rho0.8,0,0.55,0.75,4,0.8,agg_static,1787899083.6881397,0,2048,,0,0,0,0,0,0,0,0,100,66.0547285079956,0;0;0;0,0,0,1,34,1787899162.2803013,,0,0,0,0,3,0,0,1,1,2048,2048,0,0.0,0.0,0.0,44271.538496017456,0.0,-44271.538496017456,365.613958,2080.0,38.96
112,upsert,0,L0028,2048,0,1787899127.9597344,41.22285056114197,47,1,112,1787899086.7368839,ov75,agg_static@rho0.8,0,0.55,0.75,4,0.8,agg_static,1787899086.7368588,0,2048,,0,0,0,0,0,0,0,0,103,66.0547285079956,0;0;0;0,0,0,1,55,1787899177.7216756,,1,0,0,0,,0,0,1,1,0,0,0,0.0,0.0,0.0,41222.85056114197,0.0,-41222.85056114197,1489.661711,2080.0,38.96
113,upsert,1,L0028,2048,0,1787899127.9597785,41.22262716293335,48,1,113,1787899086.7371514,ov75,agg_static@rho0.8,0,0.55,0.75,4,0.8,agg_static,1787899086.737136,0,2048,,0,0,0,0,0,0,0,0,104,66.0547285079956,0;0;0;0,0,0,1,55,1787899177.7216756,,0,0,0,0,2,0,0,1,1,2048,2048,0,0.0,0.0,0.0,41222.62716293335,0.0,-41222.62716293335,1489.661711,2080.0,38.96
116,upsert,0,L0029,2048,0,1787899136.3924096,46.60540437698364,49,1,116,1787899089.7870052,ov75,agg_static@rho0.8,0,0.55,0.75,4,0.8,agg_static,1787899089.786979,0,2048,,0,0,0,0,0,0,0,0,107,66.0547285079956,0;0;0;0,0,0,1,36,1787899166.0469186,,0,1,1,0,1,1,1,0,0,0,0,0,0.0,0.0,0.0,46605.40437698364,0.0,-46605.40437698364,1515.760183,2608.0,0.0
117,upsert,1,L0029,2048,0,1787899136.3925395,46.60524535179138,50,1,117,1787899089.7872941,ov75,agg_static@rho0.8,0,0.55,0.75,4,0.8,agg_static,1787899089.7872791,0,2048,,0,0,0,0,0,0,0,0,108,66.0547285079956,0;0;0;0,0,0,1,36,1787899166.0469186,,0,0,1,1,1,0,1,0,0,0,0,0,0.0,0.0,0.0,46605.24535179138,0.0,-46605.24535179138,1515.760183,2608.0,0.0
120,upsert,0,L0030,2048,0,1787899136.3926008,43.83129334449768,51,1,120,1787899092.5613074,ov75,agg_static@rho0.8,0,0.55,0.75,4,0.8,agg_static,1787899092.561281,0,2048,,0,0,0,0,0,0,0,0,103,63.815366334385345,0;0;0;0,0,0,1,39,1787899166.0470684,,0,1,0,1,2,1,0,1,1,2048,2048,0,0.0,0.0,0.0,43831.29334449768,0.0,-43831.29334449768,4887.631444,2080.0,38.96
121,upsert,1,L0030,2048,0,1787899136.3926535,43.831045389175415,52,1,121,1787899092.561608,ov75,agg_static@rho0.8,0,0.55,0.75,4,0.8,agg_static,1787899092.561593,0,2048,,0,0,0,0,0,0,0,0,104,63.815366334385345,0;0;0;0,0,0,1,39,1787899166.0470684,,0,0,0,0,2,0,0,1,1,2048,2048,0,0.0,0.0,0.0,43831.045389175415,0.0,-43831.045389175415,4887.631444,2080.0,38.96
124,upsert,0,L0031,2048,0,1787899136.3926961,40.99673414230347,53,1,124,1787899095.395962,ov75,agg_static@rho0.8,0,0.55,0.75,4,0.8,agg_static,1787899095.3959324,0,2048,,0,0,0,0,0,0,0,0,107,63.815366334385345,0;0;0;0,0,0,1,54,1787899177.7216249,,0,1,0,1,2,1,0,1,0,2048,2048,0,0.0,-2.0,2.0,40996.73414230347,2.0,-40994.73414230347,157.08161,2080.0,40.96
125,upsert,1,L0031,2048,0,1787899136.3927379,40.996426820755005,54,1,125,1787899095.396311,ov75,agg_static@rho0.8,0,0.55,0.75,4,0.8,agg_static,1787899095.3962939,0,2048,,0,0,0,0,0,0,0,0,108,63.815366334385345,0;0;0;0,0,0,1,54,1787899177.7216249,,0,0,0,0,2,0,0,0,0,2048,2048,0,0.0,0.0,0.0,40996.426820755005,0.0,-40996.426820755005,157.08161,2080.0,40.96
136,upsert,0,L0034,2048,0,1787899144.8255942,41.003713846206665,59,1,136,1787899103.8218803,ov75,agg_static@rho0.8,0,0.55,0.75,4,0.8,agg_static,1787899103.8218532,0,2048,,0,0,0,0,0,0,0,0,112,60.471657829284666,0;0;0;0,0,0,1,50,1787899174.584483,,0,1,0,1,3,1,0,1,1,2048,2048,0,0.0,0.0,0.0,41003.713846206665,0.0,-41003.713846206665,2442.908095,2080.0,38.96
137,upsert,1,L0034,2048,0,1787899144.8256485,41.003424406051636,60,1,137,1787899103.8222241,ov75,agg_static@rho0.8,0,0.55,0.75,4,0.8,agg_static,1787899103.822207,0,2048,,0,0,0,0,0,0,0,0,113,60.471657829284666,0;0;0;0,0,0,1,50,1787899174.584483,,0,0,0,0,3,0,0,1,1,2048,2048,0,0.0,0.0,0.0,41003.424406051636,0.0,-41003.424406051636,2442.908095,2080.0,38.96
144,upsert,0,L0036,2048,0,1787899144.825773,35.384278297424316,63,2,144,1787899109.4414947,ov75,agg_static@rho0.8,0,0.55,0.75,4,0.8,agg_static,1787899109.4414647,0,2048,,0,0,0,0,0,0,0,0,120,60.471657829284666,0;0;0;0,0,0,1,40,1787899171.8003902,,0,1,0,1,3,1,0,0,0,2048,2048,0,0.0,0.0,0.0,35384.27829742432,0.0,-35384.27829742432,165.830506,2080.0,40.96
144,upsert,0,L0036,2048,0,1787899144.825773,35.384278297424316,63,2,144,1787899109.4414947,ov75,agg_static@rho0.8,0,0.55,0.75,4,0.8,agg_static,1787899109.4414647,0,2048,,0,0,0,0,0,0,0,0,120,60.471657829284666,0;0;0;0,0,0,2,43,1787899171.8005388,,0,1,0,1,2,1,0,1,1,2048,2048,0,0.0,0.0,0.0,35384.27829742432,0.0,-35384.27829742432,1306.226198,2080.0,38.96
145,upsert,1,L0036,2048,0,1787899144.825815,35.383991956710815,64,2,145,1787899109.441823,ov75,agg_static@rho0.8,0,0.55,0.75,4,0.8,agg_static,1787899109.4418051,0,2048,,0,0,0,0,0,0,0,0,121,60.471657829284666,0;0;0;0,0,0,1,40,1787899171.8003902,,0,0,0,0,3,0,0,0,0,2048,2048,0,0.0,0.0,0.0,35383.991956710815,0.0,-35383.991956710815,165.830506,2080.0,40.96
145,upsert,1,L0036,2048,0,1787899144.825815,35.383991956710815,64,2,145,1787899109.441823,ov75,agg_static@rho0.8,0,0.55,0.75,4,0.8,agg_static,1787899109.4418051,0,2048,,0,0,0,0,0,0,0,0,121,60.471657829284666,0;0;0;0,0,0,2,43,1787899171.8005388,,0,0,0,0,2,0,0,1,1,2048,2048,0,0.0,0.0,0.0,35383.991956710815,0.0,-35383.991956710815,1306.226198,2080.0,38.96
152,upsert,0,L0038,2048,0,1787899152.5781512,37.43181610107422,67,1,152,1787899115.1463351,ov75,agg_static@rho0.8,0,0.55,0.75,4,0.8,agg_static,1787899115.1463091,0,2048,,0,0,0,0,0,0,0,0,120,57.93511613458395,0;0;0;0,0,0,1,45,1787899173.5865633,,0,1,0,1,3,1,0,1,0,2048,2048,0,0.0,-2.0,2.0,37431.81610107422,2.0,-37429.81610107422,162.485337,2080.0,40.96
153,upsert,1,L0038,2048,0,1787899152.57822,37.43154549598694,68,1,153,1787899115.1466744,ov75,agg_static@rho0.8,0,0.55,0.75,4,0.8,agg_static,1787899115.1466575,0,2048,,0,0,0,0,0,0,0,0,121,57.93511613458395,0;0;0;0,0,0,1,45,1787899173.5865633,,0,0,0,0,3,0,0,0,0,2048,2048,0,0.0,0.0,0.0,37431.54549598694,0.0,-37431.54549598694,162.485337,2080.0,40.96
168,upsert,0,L0042,2048,0,1787899160.3307822,33.415263414382935,75,1,168,1787899126.9155188,ov75,agg_static@rho0.8,0,0.55,0.75,4,0.8,agg_static,1787899126.9154832,0,2048,,0,0,0,0,0,0,0,0,128,52.883159063756466,0;0;0;0,0,0,1,59,1787899180.5376518,,0,1,1,0,3,1,1,1,1,2048,2048,0,0.0,0.0,0.0,33415.263414382935,0.0,-33415.263414382935,1465.145001,2080.0,38.96
169,upsert,1,L0042,2048,0,1787899160.330828,33.41496539115906,76,1,169,1787899126.9158626,ov75,agg_static@rho0.8,0,0.55,0.75,4,0.8,agg_static,1787899126.915843,0,2048,,0,0,0,0,0,0,0,0,129,52.883159063756466,0;0;0;0,0,0,1,59,1787899180.5376518,,0,0,1,1,3,0,1,2,1,2048,2048,0,0.0,-2.0,2.0,33414.96539115906,2.0,-33412.96539115906,1465.145001,2080.0,38.96
176,upsert,0,L0044,2048,0,1787899160.3309617,27.468899965286255,79,1,176,1787899132.8620617,ov75,agg_static@rho0.8,0,0.55,0.75,4,0.8,agg_static,1787899132.862034,0,2048,,0,0,0,0,0,0,0,0,129,49.035803809762,0;0;0;0,0,0,1,51,1787899174.5845044,,0,1,1,0,3,1,1,1,1,2048,2048,0,0.0,0.0,0.0,27468.899965286255,0.0,-27468.899965286255,1305.978846,2080.0,38.96
177,upsert,1,L0044,2048,0,1787899168.0831125,35.22070837020874,80,1,177,1787899132.862404,ov75,agg_static@rho0.8,0,0.55,0.75,4,0.8,agg_static,1787899132.8623877,0,2048,,0,0,0,0,0,0,0,0,130,49.035803809762,0;0;0;0,0,0,1,51,1787899174.5845044,,0,0,1,1,3,0,1,2,1,2048,2048,0,0.0,-2.0,2.0,35220.70837020874,2.0,-35218.70837020874,1305.978846,2080.0,38.96
184,upsert,0,L0046,2048,0,1787899168.083359,29.720584630966187,83,1,184,1787899138.3627744,ov75,agg_static@rho0.8,0,0.55,0.75,4,0.8,agg_static,1787899138.3627472,0,2048,,0,0,0,0,0,0,0,0,129,46.27189353853464,0;0;0;0,0,0,1,58,1787899180.5376067,,0,1,0,1,3,1,0,1,1,2048,2048,0,0.0,0.0,0.0,29720.584630966187,0.0,-29720.584630966187,1441.824009,2080.0,38.96
185,upsert,1,L0046,2048,0,1787899168.0834038,29.72029209136963,84,1,185,1787899138.3631117,ov75,agg_static@rho0.8,0,0.55,0.75,4,0.8,agg_static,1787899138.3630958,0,2048,,0,0,0,0,0,0,0,0,130,46.27189353853464,0;0;0;0,0,0,1,58,1787899180.5376067,,0,0,0,0,3,0,0,1,1,2048,2048,0,0.0,0.0,0.0,29720.29209136963,0.0,-29720.29209136963,1441.824009,2080.0,38.96
194,upsert,0,L0014,2048,2048,1787899176.5163178,32.19408869743347,89,1,194,1787899144.3222291,ov75,agg_static@rho0.8,0,0.55,0.75,4,0.8,agg_static,1787899144.322214,2048,0,97.18267154693604,0,2048,2048,2048,0,2,0,1,139,46.27189353853464,0;1;0;0,7,0,1,57,1787899180.5375545,,0,1,1,0,1,1,1,0,0,0,0,0,0.0,0.0,0.0,32194.08869743347,0.0,-32194.08869743347,1186.237107,2608.0,0.0
195,upsert,1,L0023,2048,2048,1787899176.516369,32.19393253326416,90,1,195,1787899144.3224366,ov75,agg_static@rho0.8,0,0.55,0.75,4,0.8,agg_static,1787899144.3224232,2048,0,71.41364812850952,0,2048,2048,2048,0,2,0,1,140,46.27189353853464,0;0;0;0,7,0,1,63,1787899182.6875122,,0,1,1,0,1,1,1,0,0,0,0,0,0.0,0.0,0.0,32193.93253326416,0.0,-32193.93253326416,190.885434,2608.0,0.0
196,upsert,3,L0000,2048,0,1787899176.5164156,30.40943479537964,91,1,196,1787899146.1069808,ov75,agg_static@rho0.8,0,0.55,0.75,4,0.8,agg_static,1787899146.1069531,2048,0,138.49955248832703,0,0,0,0,0,0,0,2,133,43.24471818655729,1;1;1;0,13,1,1,60,1787899182.68736,,0,2,2,0,3,2,2,0,0,512,512,0,0.0,0.0,0.0,30409.43479537964,0.0,-30409.43479537964,317.580154,2608.0,10.24
197,upsert,2,L0000,2560,0,1787899176.5164587,30.409130096435547,92,1,197,1787899146.1073287,ov75,agg_static@rho0.8,0,0.55,0.75,4,0.8,agg_static,1787899146.1073096,2048,512,138.49998784065247,0,0,0,0,0,0,0,2,134,43.24471818655729,1;1;0;0,13,1,1,60,1787899182.68736,,0,3,2,1,3,3,2,0,0,0,512,512,10.24,0.0,10.24,30409.130096435547,10.24,-30398.890096435545,317.580154,2608.0,10.24
199,upsert,0,L0028,2048,2048,1787899176.5165465,30.408793210983276,94,1,199,1787899146.1077533,ov75,agg_static@rho0.8,0,0.55,0.75,4,0.8,agg_static,1787899146.1077378,2048,0,59.37087893486023,0,2048,2048,2048,0,2,0,1,136,43.24471818655729,0;0;0;0,13,0,1,55,1787899177.7216756,,0,0,0,0,2,0,0,1,1,2048,2048,0,0.0,0.0,0.0,30408.793210983276,0.0,-30408.793210983276,1489.661711,2080.0,38.96
262,upsert,2,L0072,2048,0,1787899241.2587636,52.72114586830139,154,1,262,1787899188.5376177,ov75,agg_static@rho0.8,0,0.55,0.75,4,0.8,agg_static,1787899188.5375972,0,2048,,0,0,0,0,0,0,0,1,161,32.32026621699333,1;0;0;1,109,0,1,124,1787899241.7357333,,0,1,2,1,1,1,2,0,0,0,2048,2048,40.96,0.0,40.96,52721.14586830139,40.96,-52680.18586830139,2467.382455,2080.0,40.96
0,upsert,0,L0000,2048,0,1787899489.131976,0.003060579299926758,1,3,0,1787899489.1289153,ov75,agg_full@rho0.8,1,0.55,0.75,4,0.8,agg_full,1787899489.1288881,0,2048,,0,0,0,0,0,0,0,0,1,,0;0;0;0,0,0,1,36,1787899642.813148,,0,1,0,1,3,1,0,0,0,2048,2048,0,0.0,0.0,0.0,3.060579299926758,0.0,-3.060579299926758,959.031414,2080.0,40.96
0,upsert,0,L0000,2048,0,1787899489.131976,0.003060579299926758,1,3,0,1787899489.1289153,ov75,agg_full@rho0.8,1,0.55,0.75,4,0.8,agg_full,1787899489.1288881,0,2048,,0,0,0,0,0,0,0,0,1,,0;0;0;0,0,0,2,50,1787899651.277363,,0,1,1,0,2,1,1,1,1,2048,2048,0,0.0,0.0,0.0,3.060579299926758,0.0,-3.060579299926758,2623.590966,2080.0,38.96
0,upsert,0,L0000,2048,0,1787899489.131976,0.003060579299926758,1,3,0,1787899489.1289153,ov75,agg_full@rho0.8,1,0.55,0.75,4,0.8,agg_full,1787899489.1288881,0,2048,,0,0,0,0,0,0,0,0,1,,0;0;0;0,0,0,3,51,1787899651.277406,,0,1,0,1,2,1,0,2,1,2048,2048,0,0.0,-2.0,2.0,3.060579299926758,2.0,-1.0605792999267578,1481.55025,2080.0,38.96
1,upsert,1,L0000,2048,0,1787899489.1321025,0.0030374526977539062,2,3,1,1787899489.129065,ov75,agg_full@rho0.8,1,0.55,0.75,4,0.8,agg_full,1787899489.1290514,0,2048,,0,0,0,0,0,0,0,0,2,,0;0;0;0,0,0,1,36,1787899642.813148,,0,0,0,0,3,0,0,0,0,2048,2048,0,0.0,0.0,0.0,3.0374526977539062,0.0,-3.0374526977539062,959.031414,2080.0,40.96
1,upsert,1,L0000,2048,0,1787899489.1321025,0.0030374526977539062,2,3,1,1787899489.129065,ov75,agg_full@rho0.8,1,0.55,0.75,4,0.8,agg_full,1787899489.1290514,0,2048,,0,0,0,0,0,0,0,0,2,,0;0;0;0,0,0,2,50,1787899651.277363,,0,0,1,1,2,0,1,1,1,2048,2048,0,0.0,0.0,0.0,3.0374526977539062,0.0,-3.0374526977539062,2623.590966,2080.0,38.96
1,upsert,1,L0000,2048,0,1787899489.1321025,0.0030374526977539062,2,3,1,1787899489.129065,ov75,agg_full@rho0.8,1,0.55,0.75,4,0.8,agg_full,1787899489.1290514,0,2048,,0,0,0,0,0,0,0,0,2,,0;0;0;0,0,0,3,51,1787899651.277406,,0,0,0,0,2,0,0,1,1,2048,2048,0,0.0,0.0,0.0,3.0374526977539062,0.0,-3.0374526977539062,1481.55025,2080.0,38.96
4,upsert,0,L0001,2048,0,1787899491.9004824,0.003359079360961914,3,3,4,1787899491.8971233,ov75,agg_full@rho0.8,1,0.55,0.75,4,0.8,agg_full,1787899491.8970962,0,2048,,0,0,0,0,0,0,0,0,3,0.003049015998840332,0;0;0;0,0,0,1,40,1787899644.9363105,,0,1,0,1,3,1,0,0,0,2048,2048,0,0.0,0.0,0.0,3.359079360961914,0.0,-3.359079360961914,3391.612155,1504.0,40.96
4,upsert,0,L0001,2048,0,1787899491.9004824,0.003359079360961914,3,3,4,1787899491.8971233,ov75,agg_full@rho0.8,1,0.55,0.75,4,0.8,agg_full,1787899491.8970962,0,2048,,0,0,0,0,0,0,0,0,3,0.003049015998840332,0;0;0;0,0,0,2,41,1787899644.9363759,,0,1,1,0,3,1,1,0,0,2048,2048,0,0.0,0.0,0.0,3.359079360961914,0.0,-3.359079360961914,158.77767,2080.0,40.96
4,upsert,0,L0001,2048,0,1787899491.9004824,0.003359079360961914,3,3,4,1787899491.8971233,ov75,agg_full@rho0.8,1,0.55,0.75,4,0.8,agg_full,1787899491.8970962,0,2048,,0,0,0,0,0,0,0,0,3,0.003049015998840332,0;0;0;0,0,0,3,56,1787899657.7964048,,0,1,1,0,2,1,1,0,0,2560,2560,0,0.0,0.0,0.0,3.359079360961914,0.0,-3.359079360961914,206.089594,2608.0,51.2
5,upsert,1,L0001,2048,0,1787899491.9005945,0.003192424774169922,4,3,5,1787899491.897402,ov75,agg_full@rho0.8,1,0.55,0.75,4,0.8,agg_full,1787899491.8973866,0,2048,,0,0,0,0,0,0,0,0,4,0.003049015998840332,0;0;0;0,0,0,1,40,1787899644.9363105,,1,0,0,0,,0,0,0,0,0,0,0,0.0,0.0,0.0,3.192424774169922,0.0,-3.192424774169922,3391.612155,1504.0,40.96
5,upsert,1,L0001,2048,0,1787899491.9005945,0.003192424774169922,4,3,5,1787899491.897402,ov75,agg_full@rho0.8,1,0.55,0.75,4,0.8,agg_full,1787899491.8973866,0,2048,,0,0,0,0,0,0,0,0,4,0.003049015998840332,0;0;0;0,0,0,2,41,1787899644.9363759,,1,1,1,0,,1,1,0,0,0,0,0,0.0,0.0,0.0,3.192424774169922,0.0,-3.192424774169922,158.77767,2080.0,40.96
5,upsert,1,L0001,2048,0,1787899491.9005945,0.003192424774169922,4,3,5,1787899491.897402,ov75,agg_full@rho0.8,1,0.55,0.75,4,0.8,agg_full,1787899491.8973866,0,2048,,0,0,0,0,0,0,0,0,4,0.003049015998840332,0;0;0;0,0,0,3,56,1787899657.7964048,,1,1,1,0,,1,1,0,0,0,0,0,0.0,0.0,0.0,3.192424774169922,0.0,-3.192424774169922,206.089594,2608.0,51.2
20,upsert,0,L0005,2048,0,1787899503.1423564,0.0013585090637207031,11,1,20,1787899503.140998,ov75,agg_full@rho0.8,1,0.55,0.75,4,0.8,agg_full,1787899503.1409836,0,2048,,0,0,0,0,0,0,0,0,11,0.002858567237854004,0;0;0;0,0,0,1,32,1787899640.1679204,,0,1,0,1,0,1,0,0,0,0,0,0,0.0,0.0,0.0,1.3585090637207031,0.0,-1.3585090637207031,1030.897829,2080.0,0.0
21,upsert,1,L0005,2048,0,1787899503.142405,0.0012843608856201172,12,1,21,1787899503.1411207,ov75,agg_full@rho0.8,1,0.55,0.75,4,0.8,agg_full,1787899503.141115,0,2048,,0,0,0,0,0,0,0,0,12,0.002858567237854004,0;0;0;0,0,0,1,32,1787899640.1679204,,0,0,0,0,0,0,0,0,0,0,0,0,0.0,0.0,0.0,1.2843608856201172,0.0,-1.2843608856201172,1030.897829,2080.0,0.0
24,upsert,0,L0006,2048,0,1787899505.929415,0.0034978389739990234,13,2,24,1787899505.9259171,ov75,agg_full@rho0.8,1,0.55,0.75,4,0.8,agg_full,1787899505.9258893,0,2048,,0,0,0,0,0,0,0,0,13,0.002602378527323405,0;0;0;0,0,0,1,34,1787899640.1680453,,0,1,1,0,2,1,1,1,1,2048,2048,0,0.0,0.0,0.0,3.4978389739990234,0.0,-3.4978389739990234,1422.927654,2080.0,38.96
24,upsert,0,L0006,2048,0,1787899505.929415,0.0034978389739990234,13,2,24,1787899505.9259171,ov75,agg_full@rho0.8,1,0.55,0.75,4,0.8,agg_full,1787899505.9258893,0,2048,,0,0,0,0,0,0,0,0,13,0.002602378527323405,0;0;0;0,0,0,2,53,1787899654.618192,,0,1,0,1,2,1,0,1,0,2048,2048,0,0.0,-2.0,2.0,3.4978389739990234,2.0,-1.4978389739990234,2366.430211,2080.0,40.96
25,upsert,1,L0006,2048,0,1787899505.929531,0.0033011436462402344,14,2,25,1787899505.92623,ov75,agg_full@rho0.8,1,0.55,0.75,4,0.8,agg_full,1787899505.926214,0,2048,,0,0,0,0,0,0,0,0,14,0.002602378527323405,0;0;0;0,0,0,1,34,1787899640.1680453,,0,0,1,1,2,0,1,1,1,2048,2048,0,0.0,0.0,0.0,3.3011436462402344,0.0,-3.3011436462402344,1422.927654,2080.0,38.96
25,upsert,1,L0006,2048,0,1787899505.929531,0.0033011436462402344,14,2,25,1787899505.92623,ov75,agg_full@rho0.8,1,0.55,0.75,4,0.8,agg_full,1787899505.926214,0,2048,,0,0,0,0,0,0,0,0,14,0.002602378527323405,0;0;0;0,0,0,2,53,1787899654.618192,,0,0,0,0,2,0,0,0,0,2048,2048,0,0.0,0.0,0.0,3.3011436462402344,0.0,-3.3011436462402344,2366.430211,2080.0,40.96
28,upsert,0,L0007,2048,0,1787899508.6564567,0.003443002700805664,15,1,28,1787899508.6530137,ov75,agg_full@rho0.8,1,0.55,0.75,4,0.8,agg_full,1787899508.652984,0,2048,,0,0,0,0,0,0,0,0,15,0.0027162517820085797,0;0;0;0,0,0,1,63,1787899661.7238908,,1,0,0,0,,0,0,1,1,0,0,0,0.0,0.0,0.0,3.443002700805664,0.0,-3.443002700805664,1723.125835,2608.0,49.2
29,upsert,1,L0007,2048,0,1787899508.6565764,0.0032558441162109375,16,1,29,1787899508.6533206,ov75,agg_full@rho0.8,1,0.55,0.75,4,0.8,agg_full,1787899508.653305,0,2048,,0,0,0,0,0,0,0,0,16,0.0027162517820085797,0;0;0;0,0,0,1,63,1787899661.7238908,,1,0,0,0,,0,0,1,1,0,0,0,0.0,0.0,0.0,3.2558441162109375,0.0,-3.2558441162109375,1723.125835,2608.0,49.2
36,upsert,0,L0009,2048,0,1787899514.655444,0.0034189224243164062,19,1,36,1787899514.652025,ov75,agg_full@rho0.8,1,0.55,0.75,4,0.8,agg_full,1787899514.6520004,0,2048,,0,0,0,0,0,0,0,0,19,0.0028577778074476454,0;0;0;0,0,0,1,37,1787899642.8132288,,0,1,1,0,1,1,1,0,0,0,0,0,0.0,0.0,0.0,3.4189224243164062,0.0,-3.4189224243164062,159.792966,2080.0,0.0
37,upsert,1,L0009,2048,0,1787899514.6555548,0.0032279491424560547,20,1,37,1787899514.6523268,ov75,agg_full@rho0.8,1,0.55,0.75,4,0.8,agg_full,1787899514.6523118,0,2048,,0,0,0,0,0,0,0,0,20,0.0028577778074476454,0;0;0;0,0,0,1,37,1787899642.8132288,,0,0,1,1,1,0,1,1,0,0,0,0,0.0,-2.0,2.0,3.2279491424560547,2.0,-1.2279491424560547,159.792966,2080.0,0.0
52,upsert,0,L0013,2048,0,1787899533.2490842,7.084336042404175,27,2,52,1787899526.1647482,ov75,agg_full@rho0.8,1,0.55,0.75,4,0.8,agg_full,1787899526.1647298,0,2048,,0,0,0,0,0,0,0,0,29,0.1947363317012787,0;0;0;0,0,0,1,49,1787899651.2773104,,0,1,0,1,3,1,0,1,0,2048,2048,0,0.0,-2.0,2.0,7084.336042404175,2.0,-7082.336042404175,1217.570595,2080.0,40.96
52,upsert,0,L0013,2048,0,1787899533.2490842,7.084336042404175,27,2,52,1787899526.1647482,ov75,agg_full@rho0.8,1,0.55,0.75,4,0.8,agg_full,1787899526.1647298,0,2048,,0,0,0,0,0,0,0,0,29,0.1947363317012787,0;0;0;0,0,0,2,59,1787899657.7965732,,1,0,0,0,,0,0,1,1,0,0,0,0.0,0.0,0.0,7084.336042404175,0.0,-7084.336042404175,3056.830778,2608.0,38.96
53,upsert,1,L0013,2048,0,1787899533.2491753,7.084279775619507,28,2,53,1787899526.1648955,ov75,agg_full@rho0.8,1,0.55,0.75,4,0.8,agg_full,1787899526.1648886,0,2048,,0,0,0,0,0,0,0,0,30,0.1947363317012787,0;0;0;0,0,0,1,49,1787899651.2773104,,0,0,0,0,3,0,0,0,0,2048,2048,0,0.0,0.0,0.0,7084.279775619507,0.0,-7084.279775619507,1217.570595,2080.0,40.96
53,upsert,1,L0013,2048,0,1787899533.2491753,7.084279775619507,28,2,53,1787899526.1648955,ov75,agg_full@rho0.8,1,0.55,0.75,4,0.8,agg_full,1787899526.1648886,0,2048,,0,0,0,0,0,0,0,0,30,0.1947363317012787,0;0;0;0,0,0,2,59,1787899657.7965732,,0,0,0,0,2,0,0,1,1,2048,2048,0,0.0,0.0,0.0,7084.279775619507,0.0,-7084.279775619507,3056.830778,2608.0,38.96
56,upsert,0,L0014,2048,0,1787899535.537988,6.7879719734191895,29,1,56,1787899528.750016,ov75,agg_full@rho0.8,1,0.55,0.75,4,0.8,agg_full,1787899528.7499971,0,2048,,0,0,0,0,0,0,0,0,33,0.1947363317012787,0;0;0;0,0,0,1,52,1787899654.6181135,,0,1,1,0,2,1,1,0,0,2048,2048,0,0.0,0.0,0.0,6787.971973419189,0.0,-6787.971973419189,151.357802,2080.0,40.96
57,upsert,1,L0014,2048,0,1787899535.5380645,6.787885665893555,30,1,57,1787899528.7501788,ov75,agg_full@rho0.8,1,0.55,0.75,4,0.8,agg_full,1787899528.7501712,0,2048,,0,0,0,0,0,0,0,0,34,0.1947363317012787,0;0;0;0,0,0,1,52,1787899654.6181135,,0,0,1,1,2,0,1,0,0,2048,2048,0,0.0,0.0,0.0,6787.885665893555,0.0,-6787.885665893555,151.357802,2080.0,40.96
84,upsert,0,L0021,2048,0,1787899557.2714827,7.930534601211548,43,2,84,1787899549.340948,ov75,agg_full@rho0.8,1,0.55,0.75,4,0.8,agg_full,1787899549.340927,0,2048,,0,0,0,0,0,0,0,0,49,2.934118300676346,0;0;0;0,0,0,1,58,1787899657.7965267,,0,1,1,0,2,1,1,1,1,2048,2048,0,0.0,0.0,0.0,7930.534601211548,0.0,-7930.534601211548,1641.481468,2080.0,38.96
84,upsert,0,L0021,2048,0,1787899557.2714827,7.930534601211548,43,2,84,1787899549.340948,ov75,agg_full@rho0.8,1,0.55,0.75,4,0.8,agg_full,1787899549.340927,0,2048,,0,0,0,0,0,0,0,0,49,2.934118300676346,0;0;0;0,0,0,2,61,1787899661.7237825,,0,1,1,0,1,1,1,0,0,0,0,0,0.0,0.0,0.0,7930.534601211548,0.0,-7930.534601211548,1265.048781,2608.0,0.0
85,upsert,1,L0021,2048,0,1787899557.2715387,7.930435657501221,44,2,85,1787899549.341103,ov75,agg_full@rho0.8,1,0.55,0.75,4,0.8,agg_full,1787899549.3410952,0,2048,,0,0,0,0,0,0,0,0,50,2.934118300676346,0;0;0;0,0,0,1,58,1787899657.7965267,,1,1,1,0,,1,1,1,1,0,0,0,0.0,0.0,0.0,7930.435657501221,0.0,-7930.435657501221,1641.481468,2080.0,38.96
85,upsert,1,L0021,2048,0,1787899557.2715387,7.930435657501221,44,2,85,1787899549.341103,ov75,agg_full@rho0.8,1,0.55,0.75,4,0.8,agg_full,1787899549.3410952,0,2048,,0,0,0,0,0,0,0,0,50,2.934118300676346,0;0;0;0,0,0,2,61,1787899661.7237825,,1,1,1,0,,1,1,0,0,0,0,0,0.0,0.0,0.0,7930.435657501221,0.0,-7930.435657501221,1265.048781,2608.0,0.0
88,upsert,0,L0022,2048,0,1787899563.0490663,10.853171110153198,45,2,88,1787899552.1958952,ov75,agg_full@rho0.8,1,0.55,0.75,4,0.8,agg_full,1787899552.1958675,0,2048,,0,0,0,0,0,0,0,0,51,3.5164108499884605,0;0;0;0,0,0,1,55,1787899654.6182904,,0,1,0,1,2,1,0,2,1,2048,2048,0,0.0,-2.0,2.0,10853.171110153198,2.0,-10851.171110153198,2365.357294,2080.0,38.96
88,upsert,0,L0022,2048,0,1787899563.0490663,10.853171110153198,45,2,88,1787899552.1958952,ov75,agg_full@rho0.8,1,0.55,0.75,4,0.8,agg_full,1787899552.1958675,0,2048,,0,0,0,0,0,0,0,0,51,3.5164108499884605,0;0;0;0,0,0,2,57,1787899657.7964742,,0,1,0,1,0,1,0,1,0,0,0,0,0.0,-2.0,2.0,10853.171110153198,2.0,-10851.171110153198,1286.627621,2608.0,0.0
89,upsert,1,L0022,2048,0,1787899563.0492141,10.852981328964233,46,2,89,1787899552.1962328,ov75,agg_full@rho0.8,1,0.55,0.75,4,0.8,agg_full,1787899552.196216,0,2048,,0,0,0,0,0,0,0,0,52,3.5164108499884605,0;0;0;0,0,0,1,55,1787899654.6182904,,1,0,0,0,,0,0,1,1,0,0,0,0.0,0.0,0.0,10852.981328964233,0.0,-10852.981328964233,2365.357294,2080.0,38.96
89,upsert,1,L0022,2048,0,1787899563.0492141,10.852981328964233,46,2,89,1787899552.1962328,ov75,agg_full@rho0.8,1,0.55,0.75,4,0.8,agg_full,1787899552.196216,0,2048,,0,0,0,0,0,0,0,0,52,3.5164108499884605,0;0;0;0,0,0,2,57,1787899657.7964742,,1,0,0,0,,0,0,0,0,0,0,0,0.0,0.0,0.0,10852.981328964233,0.0,-10852.981328964233,1286.627621,2608.0,0.0
96,upsert,0,L0024,2048,0,1787899570.2935367,12.434115648269653,49,1,96,1787899557.859421,ov75,agg_full@rho0.8,1,0.55,0.75,4,0.8,agg_full,1787899557.8593943,0,2048,,0,0,0,0,0,0,0,0,53,5.312441445887089,0;0;0;0,0,0,1,54,1787899654.618244,,0,1,1,0,2,1,1,1,1,2048,2048,0,0.0,0.0,0.0,12434.115648269653,0.0,-12434.115648269653,1581.385934,2080.0,38.96
97,upsert,1,L0024,2048,0,1787899570.2936606,12.433933019638062,50,1,97,1787899557.8597276,ov75,agg_full@rho0.8,1,0.55,0.75,4,0.8,agg_full,1787899557.8597126,0,2048,,0,0,0,0,0,0,0,0,54,5.312441445887089,0;0;0;0,0,0,1,54,1787899654.618244,,0,0,1,1,2,0,1,1,1,2048,2048,0,0.0,0.0,0.0,12433.933019638062,0.0,-12433.933019638062,1581.385934,2080.0,38.96
100,upsert,0,L0025,2048,0,1787899570.2937229,9.637978315353394,51,1,100,1787899560.6557446,ov75,agg_full@rho0.8,1,0.55,0.75,4,0.8,agg_full,1787899560.655717,0,2048,,0,0,0,0,0,0,0,0,57,5.312441445887089,0;0;0;0,0,0,1,46,1787899648.8699117,,0,1,1,0,2,1,1,1,1,2048,2048,0,0.0,0.0,0.0,9637.978315353394,0.0,-9637.978315353394,376.870251,2080.0,38.96
101,upsert,1,L0025,2048,0,1787899570.2937706,9.637712001800537,52,1,101,1787899560.6560585,ov75,agg_full@rho0.8,1,0.55,0.75,4,0.8,agg_full,1787899560.6560428,0,2048,,0,0,0,0,0,0,0,0,58,5.312441445887089,0;0;0;0,0,0,1,46,1787899648.8699117,,0,0,1,1,2,0,1,1,1,2048,2048,0,0.0,0.0,0.0,9637.712001800537,0.0,-9637.712001800537,376.870251,2080.0,38.96
108,upsert,0,L0027,2048,0,1787899575.3381863,9.17751407623291,55,1,108,1787899566.1606722,ov75,agg_full@rho0.8,1,0.55,0.75,4,0.8,agg_full,1787899566.1606443,0,2048,,0,0,0,0,0,0,0,0,63,5.990546241402626,0;0;0;0,0,0,1,44,1787899648.8697896,,0,1,1,0,2,1,1,0,0,2048,2048,0,0.0,0.0,0.0,9177.51407623291,0.0,-9177.51407623291,149.58836,2080.0,40.96
109,upsert,1,L0027,2048,0,1787899575.338241,9.177258729934692,56,1,109,1787899566.1609824,ov75,agg_full@rho0.8,1,0.55,0.75,4,0.8,agg_full,1787899566.1609666,0,2048,,0,0,0,0,0,0,0,0,64,5.990546241402626,0;0;0;0,0,0,1,44,1787899648.8697896,,0,0,1,1,2,0,1,0,0,2048,2048,0,0.0,0.0,0.0,9177.258729934692,0.0,-9177.258729934692,149.58836,2080.0,40.96
132,upsert,0,L0033,2048,0,1787899594.8268497,12.090648174285889,67,2,132,1787899582.7362015,ov75,agg_full@rho0.8,1,0.55,0.75,4,0.8,agg_full,1787899582.7361534,0,2048,,0,0,0,0,0,0,0,0,75,9.596088871359825,0;0;0;0,0,0,1,39,1787899642.8133304,,0,1,1,0,3,1,1,1,1,2048,2048,0,0.0,0.0,0.0,12090.648174285889,0.0,-12090.648174285889,1464.534903,2080.0,38.96
132,upsert,0,L0033,2048,0,1787899594.8268497,12.090648174285889,67,2,132,1787899582.7362015,ov75,agg_full@rho0.8,1,0.55,0.75,4,0.8,agg_full,1787899582.7361534,0,2048,,0,0,0,0,0,0,0,0,75,9.596088871359825,0;0;0;0,0,0,2,43,1787899644.9364681,,0,1,1,0,2,1,1,1,1,2048,2048,0,0.0,0.0,0.0,12090.648174285889,0.0,-12090.648174285889,1666.84866,2608.0,38.96
133,upsert,1,L0033,2048,0,1787899594.8269758,12.090457677841187,68,2,133,1787899582.7365181,ov75,agg_full@rho0.8,1,0.55,0.75,4,0.8,agg_full,1787899582.736502,0,2048,,0,0,0,0,0,0,0,0,76,9.596088871359825,0;0;0;0,0,0,1,39,1787899642.8133304,,0,0,1,1,3,0,1,2,1,2048,2048,0,0.0,-2.0,2.0,12090.457677841187,2.0,-12088.457677841187,1464.534903,2080.0,38.96
133,upsert,1,L0033,2048,0,1787899594.8269758,12.090457677841187,68,2,133,1787899582.7365181,ov75,agg_full@rho0.8,1,0.55,0.75,4,0.8,agg_full,1787899582.736502,0,2048,,0,0,0,0,0,0,0,0,76,9.596088871359825,0;0;0;0,0,0,2,43,1787899644.9364681,,0,0,1,1,2,0,1,1,1,2048,2048,0,0.0,0.0,0.0,12090.457677841187,0.0,-12090.457677841187,1666.84866,2608.0,38.96
136,upsert,0,L0034,2048,0,1787899598.449085,12.926301956176758,69,1,136,1787899585.522783,ov75,agg_full@rho0.8,1,0.55,0.75,4,0.8,agg_full,1787899585.5227554,0,2048,,0,0,0,0,0,0,0,0,75,10.101472586393356,0;0;0;0,0,0,1,47,1787899648.869956,,0,1,0,1,2,1,0,2,1,2048,2048,0,0.0,-2.0,2.0,12926.301956176758,2.0,-12924.301956176758,1689.928165,2608.0,38.96
137,upsert,1,L0034,2048,0,1787899598.4492304,12.926137685775757,70,1,137,1787899585.5230927,ov75,agg_full@rho0.8,1,0.55,0.75,4,0.8,agg_full,1787899585.523077,0,2048,,0,0,0,0,0,0,0,0,76,10.101472586393356,0;0;0;0,0,0,1,47,1787899648.869956,,0,0,0,0,2,0,0,1,1,2048,2048,0,0.0,0.0,0.0,12926.137685775757,0.0,-12926.137685775757,1689.928165,2608.0,38.96
140,upsert,0,L0035,2048,0,1787899598.449297,10.109495639801025,71,1,140,1787899588.3398013,ov75,agg_full@rho0.8,1,0.55,0.75,4,0.8,agg_full,1787899588.339774,0,2048,,0,0,0,0,0,0,0,0,79,10.101472586393356,0;0;0;0,0,0,1,45,1787899648.8698578,,0,1,0,1,0,1,0,1,0,0,0,0,0.0,-2.0,2.0,10109.495639801025,2.0,-10107.495639801025,156.97632,2080.0,0.0
141,upsert,1,L0035,2048,0,1787899598.4493465,10.109230995178223,72,1,141,1787899588.3401155,ov75,agg_full@rho0.8,1,0.55,0.75,4,0.8,agg_full,1787899588.3400998,0,2048,,0,0,0,0,0,0,0,0,80,10.101472586393356,0;0;0;0,0,0,1,45,1787899648.8698578,,0,0,0,0,0,0,0,0,0,0,0,0,0.0,0.0,0.0,10109.230995178223,0.0,-10109.230995178223,156.97632,2080.0,0.0
156,upsert,0,L0039,2048,0,1787899612.8935387,13.01063323020935,79,1,156,1787899599.8829055,ov75,agg_full@rho0.8,1,0.55,0.75,4,0.8,agg_full,1787899599.8828773,0,2048,,0,0,0,0,0,0,0,0,85,10.950102172791958,0;0;0;0,0,0,1,48,1787899651.2772431,,0,1,1,0,2,1,1,0,0,2048,2048,0,0.0,0.0,0.0,13010.63323020935,0.0,-13010.63323020935,153.605354,2080.0,40.96
157,upsert,1,L0039,2048,0,1787899612.8936565,13.010411024093628,80,1,157,1787899599.8832455,ov75,agg_full@rho0.8,1,0.55,0.75,4,0.8,agg_full,1787899599.8832288,0,2048,,0,0,0,0,0,0,0,0,86,10.950102172791958,0;0;0;0,0,0,1,48,1787899651.2772431,,0,0,1,1,2,0,1,0,0,2048,2048,0,0.0,0.0,0.0,13010.411024093628,0.0,-13010.411024093628,153.605354,2080.0,40.96
160,upsert,0,L0040,2048,0,1787899612.8937206,10.043096542358398,81,1,160,1787899602.850624,ov75,agg_full@rho0.8,1,0.55,0.75,4,0.8,agg_full,1787899602.850595,0,2048,,0,0,0,0,0,0,0,0,89,10.950102172791958,0;0;0;0,0,0,1,62,1787899661.72384,,0,1,0,1,3,1,0,1,0,2048,2048,0,0.0,-2.0,2.0,10043.096542358398,2.0,-10041.096542358398,153.491118,2080.0,40.96
161,upsert,1,L0040,2048,0,1787899612.893771,10.042830467224121,82,1,161,1787899602.8509405,ov75,agg_full@rho0.8,1,0.55,0.75,4,0.8,agg_full,1787899602.850925,0,2048,,0,0,0,0,0,0,0,0,90,10.950102172791958,0;0;0;0,0,0,1,62,1787899661.72384,,0,0,0,0,3,0,0,0,0,2048,2048,0,0.0,0.0,0.0,10042.830467224121,0.0,-10042.830467224121,153.491118,2080.0,40.96
168,upsert,0,L0042,2048,0,1787899618.671502,9.955451965332031,85,1,168,1787899608.7160501,ov75,agg_full@rho0.8,1,0.55,0.75,4,0.8,agg_full,1787899608.7160177,0,2048,,0,0,0,0,0,0,0,0,93,11.208850853145123,0;0;0;0,0,0,1,33,1787899640.1679924,,0,1,1,0,3,1,1,0,0,2048,2048,0,0.0,0.0,0.0,9955.451965332031,0.0,-9955.451965332031,1164.154394,2080.0,40.96
169,upsert,1,L0042,2048,0,1787899618.671561,9.955191850662231,86,1,169,1787899608.7163692,ov75,agg_full@rho0.8,1,0.55,0.75,4,0.8,agg_full,1787899608.7163513,0,2048,,0,0,0,0,0,0,0,0,94,11.208850853145123,0;0;0;0,0,0,1,33,1787899640.1679924,,0,0,1,1,3,0,1,1,0,2048,2048,0,0.0,-2.0,2.0,9955.191850662231,2.0,-9953.191850662231,1164.154394,2080.0,40.96
188,upsert,0,L0047,2048,0,1787899633.1159139,10.600114822387695,95,1,188,1787899622.515799,ov75,agg_full@rho0.8,1,0.55,0.75,4,0.8,agg_full,1787899622.5157707,0,2048,,0,0,0,0,0,0,0,0,103,11.307330690324306,0;0;0;0,0,0,1,38,1787899642.8132842,,0,1,0,1,3,1,0,1,1,2048,2048,0,0.0,0.0,0.0,10600.114822387695,0.0,-10600.114822387695,1207.506525,2080.0,38.96
189,upsert,1,L0047,2048,0,1787899633.1159654,10.59984278678894,96,1,189,1787899622.5161226,ov75,agg_full@rho0.8,1,0.55,0.75,4,0.8,agg_full,1787899622.516107,0,2048,,0,0,0,0,0,0,0,0,104,11.307330690324306,0;0;0;0,0,0,1,38,1787899642.8132842,,0,0,0,0,3,0,0,1,1,2048,2048,0,0.0,0.0,0.0,10599.84278678894,0.0,-10599.84278678894,1207.506525,2080.0,38.96
193,upsert,1,L0007,2048,2048,1787899638.1603231,12.967192888259888,98,1,193,1787899625.1931303,ov75,agg_full@rho0.8,1,0.55,0.75,4,0.8,agg_full,1787899625.193112,2048,0,116.53980684280396,0,2048,2048,2048,0,2,0,1,106,11.5048136562109,1;0;1;0,7,0,1,63,1787899661.7238908,,0,0,0,0,3,0,0,1,1,2560,2560,0,0.0,0.0,0.0,12967.192888259888,0.0,-12967.192888259888,1723.125835,2608.0,49.2
197,upsert,1,L0021,2048,2048,1787899638.160521,11.849623441696167,102,2,197,1787899626.3108976,ov75,agg_full@rho0.8,1,0.55,0.75,4,0.8,agg_full,1787899626.310879,2048,0,76.96978378295898,0,2048,2048,2048,0,2,0,1,110,11.5048136562109,1;1;0;0,15,0,1,58,1787899657.7965267,,0,1,1,0,2,1,1,1,1,2048,2048,0,0.0,0.0,0.0,11849.623441696167,0.0,-11849.623441696167,1641.481468,2080.0,38.96
197,upsert,1,L0021,2048,2048,1787899638.160521,11.849623441696167,102,2,197,1787899626.3108976,ov75,agg_full@rho0.8,1,0.55,0.75,4,0.8,agg_full,1787899626.310879,2048,0,76.96978378295898,0,2048,2048,2048,0,2,0,1,110,11.5048136562109,1;1;0;0,15,0,2,61,1787899661.7237825,,0,1,1,0,1,1,1,0,0,0,0,0,0.0,0.0,0.0,11849.623441696167,0.0,-11849.623441696167,1265.048781,2608.0,0.0
199,upsert,1,L0001,2048,2048,1787899638.160603,11.84926962852478,104,3,199,1787899626.3113334,ov75,agg_full@rho0.8,1,0.55,0.75,4,0.8,agg_full,1787899626.3113196,2048,0,134.41393303871155,0,2048,2048,2048,0,2,0,1,112,11.5048136562109,0;0;0;0,15,0,1,40,1787899644.9363105,,0,0,0,0,3,0,0,0,0,2048,2048,0,0.0,0.0,0.0,11849.26962852478,0.0,-11849.26962852478,3391.612155,1504.0,40.96
199,upsert,1,L0001,2048,2048,1787899638.160603,11.84926962852478,104,3,199,1787899626.3113334,ov75,agg_full@rho0.8,1,0.55,0.75,4,0.8,agg_full,1787899626.3113196,2048,0,134.41393303871155,0,2048,2048,2048,0,2,0,1,112,11.5048136562109,0;0;0;0,15,0,2,41,1787899644.9363759,,0,1,1,0,3,1,1,0,0,2048,2048,0,0.0,0.0,0.0,11849.26962852478,0.0,-11849.26962852478,158.77767,2080.0,40.96
199,upsert,1,L0001,2048,2048,1787899638.160603,11.84926962852478,104,3,199,1787899626.3113334,ov75,agg_full@rho0.8,1,0.55,0.75,4,0.8,agg_full,1787899626.3113196,2048,0,134.41393303871155,0,2048,2048,2048,0,2,0,1,112,11.5048136562109,0;0;0;0,15,0,3,56,1787899657.7964048,,1,1,1,0,,1,1,0,0,0,0,0,0.0,0.0,0.0,11849.26962852478,0.0,-11849.26962852478,206.089594,2608.0,51.2
204,upsert,1,L0022,2048,2048,1787899647.5159702,15.935702800750732,108,2,204,1787899631.5802674,ov75,agg_full@rho0.8,1,0.55,0.75,4,0.8,agg_full,1787899631.5802407,2048,0,79.38402462005615,0,2048,2048,2048,0,2,0,1,113,11.487672507762909,2;1;0;0,29,0,1,55,1787899654.6182904,,0,0,0,0,2,0,0,1,1,2048,2048,0,0.0,0.0,0.0,15935.702800750732,0.0,-15935.702800750732,2365.357294,2080.0,38.96
204,upsert,1,L0022,2048,2048,1787899647.5159702,15.935702800750732,108,2,204,1787899631.5802674,ov75,agg_full@rho0.8,1,0.55,0.75,4,0.8,agg_full,1787899631.5802407,2048,0,79.38402462005615,0,2048,2048,2048,0,2,0,1,113,11.487672507762909,2;1;0;0,29,0,2,57,1787899657.7964742,,0,0,0,0,0,0,0,0,0,0,0,0,0.0,0.0,0.0,15935.702800750732,0.0,-15935.702800750732,1286.627621,2608.0,0.0
207,upsert,1,L0001,2560,2048,1787899647.5160997,15.93511700630188,111,1,207,1787899631.5809827,ov75,agg_full@rho0.8,1,0.55,0.75,4,0.8,agg_full,1787899631.5809684,2048,512,5.269648790359497,0,2048,2048,2048,0,2,0,2,116,11.487672507762909,0;0;0;0,29,1,1,56,1787899657.7964048,,0,1,1,0,2,1,1,0,0,2048,2560,512,10.24,0.0,10.24,15935.11700630188,10.24,-15924.87700630188,206.089594,2608.0,51.2
209,upsert,0,L0007,2560,2048,1787899655.4269905,21.746841430664062,113,1,209,1787899633.680149,ov75,agg_full@rho0.8,1,0.55,0.75,4,0.8,agg_full,1787899633.680129,2048,512,125.02714514732361,0,2048,2048,2048,0,2,0,2,114,11.602330192923546,1;1;0;0,37,0,1,63,1787899661.7238908,,0,0,0,0,3,0,0,1,1,2048,2560,512,10.24,0.0,10.24,21746.841430664062,10.24,-21736.60143066406,1723.125835,2608.0,49.2
210,upsert,0,L0013,2048,2048,1787899655.4270518,21.74665880203247,114,1,210,1787899633.680393,ov75,agg_full@rho0.8,1,0.55,0.75,4,0.8,agg_full,1787899633.6803768,2048,0,107.51564693450928,0,2048,2048,2048,0,2,0,1,115,11.602330192923546,0;1;0;0,37,0,1,59,1787899657.7965732,,0,0,0,0,2,0,0,1,1,2048,2048,0,0.0,0.0,0.0,21746.65880203247,0.0,-21746.65880203247,3056.830778,2608.0,38.96
256,upsert,1,L0070,2048,0,1787899706.2937605,38.80191421508789,160,1,256,1787899667.4918463,ov75,agg_full@rho0.8,1,0.55,0.75,4,0.8,agg_full,1787899667.4918106,0,2048,,0,0,0,0,0,0,0,1,135,15.618420414626598,1;0;1;1,125,0,1,120,1787899720.373115,,0,1,1,0,1,1,1,0,0,0,0,0,0.0,0.0,0.0,38801.91421508789,0.0,-38801.91421508789,154.94315,2080.0,0.0
4,upsert,0,L0001,2048,0,1787899788.6046174,48.64238429069519,1,3,4,1787899739.962233,ov75,agg_static@rho0.8,1,0.55,0.75,4,0.8,agg_static,1787899739.9622183,0,2048,,0,0,0,0,0,0,0,0,5,,0;0;0;0,0,0,1,40,1787899894.0008016,,0,2,0,1,0,2,0,0,0,0,0,0,0.0,0.0,0.0,48642.38429069519,0.0,-48642.38429069519,2634.701084,2080.0,0.0
4,upsert,0,L0001,2048,0,1787899788.6046174,48.64238429069519,1,3,4,1787899739.962233,ov75,agg_static@rho0.8,1,0.55,0.75,4,0.8,agg_static,1787899739.9622183,0,2048,,0,0,0,0,0,0,0,0,5,,0;0;0;0,0,0,2,41,1787899894.0008717,,0,2,2,0,2,2,2,0,0,0,0,0,0.0,0.0,0.0,48642.38429069519,0.0,-48642.38429069519,150.760678,2080.0,0.0
4,upsert,0,L0001,2048,0,1787899788.6046174,48.64238429069519,1,3,4,1787899739.962233,ov75,agg_static@rho0.8,1,0.55,0.75,4,0.8,agg_static,1787899739.9622183,0,2048,,0,0,0,0,0,0,0,0,5,,0;0;0;0,0,0,3,56,1787899910.9264953,,0,2,0,1,1,2,0,0,0,2048,2048,0,0.0,0.0,0.0,48642.38429069519,0.0,-48642.38429069519,188.783493,2608.0,40.96
6,upsert,2,L0001,2048,0,1787899790.0491142,50.08671522140503,2,3,6,1787899739.962399,ov75,agg_static@rho0.8,1,0.55,0.75,4,0.8,agg_static,1787899739.9623892,0,2048,,0,0,0,0,0,0,0,0,7,,0;0;0;0,0,0,1,40,1787899894.0008016,,0,0,0,0,0,0,0,0,0,0,0,0,0.0,0.0,0.0,50086.71522140503,0.0,-50086.71522140503,2634.701084,2080.0,0.0
6,upsert,2,L0001,2048,0,1787899790.0491142,50.08671522140503,2,3,6,1787899739.962399,ov75,agg_static@rho0.8,1,0.55,0.75,4,0.8,agg_static,1787899739.9623892,0,2048,,0,0,0,0,0,0,0,0,7,,0;0;0;0,0,0,2,41,1787899894.0008717,,0,0,2,1,2,0,2,1,0,0,0,0,0.0,-2.0,2.0,50086.71522140503,2.0,-50084.71522140503,150.760678,2080.0,0.0
6,upsert,2,L0001,2048,0,1787899790.0491142,50.08671522140503,2,3,6,1787899739.962399,ov75,agg_static@rho0.8,1,0.55,0.75,4,0.8,agg_static,1787899739.9623892,0,2048,,0,0,0,0,0,0,0,0,7,,0;0;0;0,0,0,3,56,1787899910.9264953,,1,0,0,0,,0,0,0,0,0,0,0,0.0,0.0,0.0,50086.71522140503,0.0,-50086.71522140503,188.783493,2608.0,40.96
20,upsert,0,L0005,2048,0,1787899792.2050354,40.96545147895813,9,1,20,1787899751.239584,ov75,agg_static@rho0.8,1,0.55,0.75,4,0.8,agg_static,1787899751.239565,0,2048,,0,0,0,0,0,0,0,0,21,,0;0;0;0,0,0,1,32,1787899888.8076148,,0,3,0,1,0,3,0,0,0,0,0,0,0.0,0.0,0.0,40965.45147895813,0.0,-40965.45147895813,1037.309157,2080.0,0.0
23,upsert,3,L0005,2048,0,1787899792.2050817,40.96534872055054,10,1,23,1787899751.239733,ov75,agg_static@rho0.8,1,0.55,0.75,4,0.8,agg_static,1787899751.2397285,0,2048,,0,0,0,0,0,0,0,0,24,,0;0;0;0,0,0,1,32,1787899888.8076148,,0,0,0,0,0,0,0,0,0,0,0,0,0.0,0.0,0.0,40965.34872055054,0.0,-40965.34872055054,1037.309157,2080.0,0.0
24,upsert,0,L0006,2048,0,1787899800.5602736,46.544376850128174,11,2,24,1787899754.0158968,ov75,agg_static@rho0.8,1,0.55,0.75,4,0.8,agg_static,1787899754.0158675,0,2048,,0,0,0,0,0,0,0,0,25,,0;0;0;0,0,0,1,34,1787899888.807733,,0,1,1,0,3,1,1,0,0,2048,2048,0,0.0,0.0,0.0,46544.376850128174,0.0,-46544.376850128174,135.345206,2080.0,40.96
24,upsert,0,L0006,2048,0,1787899800.5602736,46.544376850128174,11,2,24,1787899754.0158968,ov75,agg_static@rho0.8,1,0.55,0.75,4,0.8,agg_static,1787899754.0158675,0,2048,,0,0,0,0,0,0,0,0,25,,0;0;0;0,0,0,2,53,1787899907.565507,,0,1,0,1,2,1,0,1,0,2048,2048,0,0.0,-2.0,2.0,46544.376850128174,2.0,-46542.376850128174,1203.912754,2080.0,40.96
25,upsert,1,L0006,2048,0,1787899800.560354,46.54429578781128,12,2,25,1787899754.0160582,ov75,agg_static@rho0.8,1,0.55,0.75,4,0.8,agg_static,1787899754.016043,0,2048,,0,0,0,0,0,0,0,0,26,,0;0;0;0,0,0,1,34,1787899888.807733,,0,0,1,1,3,0,1,1,0,2048,2048,0,0.0,-2.0,2.0,46544.29578781128,2.0,-46542.29578781128,135.345206,2080.0,40.96
25,upsert,1,L0006,2048,0,1787899800.560354,46.54429578781128,12,2,25,1787899754.0160582,ov75,agg_static@rho0.8,1,0.55,0.75,4,0.8,agg_static,1787899754.016043,0,2048,,0,0,0,0,0,0,0,0,26,,0;0;0;0,0,0,2,53,1787899907.565507,,0,0,0,0,2,0,0,0,0,2048,2048,0,0.0,0.0,0.0,46544.29578781128,0.0,-46544.29578781128,1203.912754,2080.0,40.96
28,upsert,0,L0007,2048,0,1787899800.5603943,43.75965666770935,13,1,28,1787899756.8007376,ov75,agg_static@rho0.8,1,0.55,0.75,4,0.8,agg_static,1787899756.8007069,0,2048,,0,0,0,0,0,0,0,0,29,,0;0;0;0,0,0,1,63,1787899915.0208871,,0,1,0,1,2,1,0,2,1,2048,2048,0,0.0,-2.0,2.0,43759.65666770935,2.0,-43757.65666770935,4386.422209,2080.0,38.96
29,upsert,1,L0007,2048,0,1787899800.560427,43.75950527191162,14,1,29,1787899756.8009217,ov75,agg_static@rho0.8,1,0.55,0.75,4,0.8,agg_static,1787899756.8009021,0,2048,,0,0,0,0,0,0,0,0,30,,0;0;0;0,0,0,1,63,1787899915.0208871,,1,0,0,0,,0,0,1,1,0,0,0,0.0,0.0,0.0,43759.50527191162,0.0,-43759.50527191162,4386.422209,2080.0,38.96
36,upsert,0,L0009,2048,0,1787899800.5605063,37.90228843688965,17,1,36,1787899762.658218,ov75,agg_static@rho0.8,1,0.55,0.75,4,0.8,agg_static,1787899762.6581876,0,2048,,0,0,0,0,0,0,0,0,37,,0;0;0;0,0,0,1,37,1787899891.4402764,,0,1,0,1,0,1,0,0,0,0,0,0,0.0,0.0,0.0,37902.28843688965,0.0,-37902.28843688965,160.645934,2080.0,0.0
37,upsert,1,L0009,2048,0,1787899800.5605335,37.902124643325806,18,1,37,1787899762.6584089,ov75,agg_static@rho0.8,1,0.55,0.75,4,0.8,agg_static,1787899762.6583889,0,2048,,0,0,0,0,0,0,0,0,38,,0;0;0;0,0,0,1,37,1787899891.4402764,,0,0,0,0,0,0,0,0,0,0,0,0,0.0,0.0,0.0,37902.124643325806,0.0,-37902.124643325806,160.645934,2080.0,0.0
52,upsert,0,L0013,2048,0,1787899809.6494386,35.423089265823364,23,2,52,1787899774.2263494,ov75,agg_static@rho0.8,1,0.55,0.75,4,0.8,agg_static,1787899774.2263217,0,2048,,0,0,0,0,0,0,0,0,53,,0;0;0;0,0,0,1,49,1787899903.9338946,,0,1,1,0,2,1,1,0,0,2048,2048,0,0.0,0.0,0.0,35423.089265823364,0.0,-35423.089265823364,1064.859586,2080.0,40.96
52,upsert,0,L0013,2048,0,1787899809.6494386,35.423089265823364,23,2,52,1787899774.2263494,ov75,agg_static@rho0.8,1,0.55,0.75,4,0.8,agg_static,1787899774.2263217,0,2048,,0,0,0,0,0,0,0,0,53,,0;0;0;0,0,0,2,59,1787899910.9266653,,0,1,1,0,3,1,1,1,1,2048,2048,0,0.0,0.0,0.0,35423.089265823364,0.0,-35423.089265823364,3234.380085,2608.0,38.96
53,upsert,1,L0013,2048,0,1787899809.649466,35.42294383049011,24,2,53,1787899774.2265222,ov75,agg_static@rho0.8,1,0.55,0.75,4,0.8,agg_static,1787899774.2265077,0,2048,,0,0,0,0,0,0,0,0,54,,0;0;0;0,0,0,1,49,1787899903.9338946,,0,0,1,1,2,0,1,1,0,2048,2048,0,0.0,-2.0,2.0,35422.94383049011,2.0,-35420.94383049011,1064.859586,2080.0,40.96
53,upsert,1,L0013,2048,0,1787899809.649466,35.42294383049011,24,2,53,1787899774.2265222,ov75,agg_static@rho0.8,1,0.55,0.75,4,0.8,agg_static,1787899774.2265077,0,2048,,0,0,0,0,0,0,0,0,54,,0;0;0;0,0,0,2,59,1787899910.9266653,,0,0,1,1,3,0,1,2,1,2048,2048,0,0.0,-2.0,2.0,35422.94383049011,2.0,-35420.94383049011,3234.380085,2608.0,38.96
56,upsert,0,L0014,2048,0,1787899809.6494899,32.39891791343689,25,1,56,1787899777.250572,ov75,agg_static@rho0.8,1,0.55,0.75,4,0.8,agg_static,1787899777.2505436,0,2048,,0,0,0,0,0,0,0,0,57,,0;0;0;0,0,0,1,52,1787899907.5654416,,0,1,1,0,1,1,1,0,0,0,0,0,0.0,0.0,0.0,32398.91791343689,0.0,-32398.91791343689,301.672106,2080.0,0.0
57,upsert,1,L0014,2048,0,1787899822.5379927,45.28726649284363,26,1,57,1787899777.2507262,ov75,agg_static@rho0.8,1,0.55,0.75,4,0.8,agg_static,1787899777.2507122,0,2048,,0,0,0,0,0,0,0,0,58,,0;0;0;0,0,0,1,52,1787899907.5654416,,0,0,1,1,1,0,1,0,0,0,0,0,0.0,0.0,0.0,45287.26649284363,0.0,-45287.26649284363,301.672106,2080.0,0.0
84,upsert,0,L0021,2048,0,1787899831.6272027,34.1212215423584,39,2,84,1787899797.5059812,ov75,agg_static@rho0.8,1,0.55,0.75,4,0.8,agg_static,1787899797.5059493,0,2048,,0,0,0,0,0,0,0,0,75,45.87648599147796,0;0;0;0,0,0,1,58,1787899910.9266186,,1,0,0,0,,0,0,1,1,0,0,0,0.0,0.0,0.0,34121.2215423584,0.0,-34121.2215423584,1784.231713,2080.0,38.96
84,upsert,0,L0021,2048,0,1787899831.6272027,34.1212215423584,39,2,84,1787899797.5059812,ov75,agg_static@rho0.8,1,0.55,0.75,4,0.8,agg_static,1787899797.5059493,0,2048,,0,0,0,0,0,0,0,0,75,45.87648599147796,0;0;0;0,0,0,2,61,1787899915.0207813,,1,0,0,0,,0,0,0,0,0,0,0,0.0,0.0,0.0,34121.2215423584,0.0,-34121.2215423584,1463.665875,2608.0,40.96
85,upsert,1,L0021,2048,0,1787899831.6272433,34.12095355987549,40,2,85,1787899797.5062897,ov75,agg_static@rho0.8,1,0.55,0.75,4,0.8,agg_static,1787899797.5062716,0,2048,,0,0,0,0,0,0,0,0,76,45.87648599147796,0;0;0;0,0,0,1,58,1787899910.9266186,,0,0,0,0,3,0,0,1,1,2048,2048,0,0.0,0.0,0.0,34120.95355987549,0.0,-34120.95355987549,1784.231713,2080.0,38.96
85,upsert,1,L0021,2048,0,1787899831.6272433,34.12095355987549,40,2,85,1787899797.5062897,ov75,agg_static@rho0.8,1,0.55,0.75,4,0.8,agg_static,1787899797.5062716,0,2048,,0,0,0,0,0,0,0,0,76,45.87648599147796,0;0;0;0,0,0,2,61,1787899915.0207813,,0,0,0,0,2,0,0,0,0,2048,2048,0,0.0,0.0,0.0,34120.95355987549,0.0,-34120.95355987549,1463.665875,2608.0,40.96
88,upsert,0,L0022,2048,0,1787899831.6272898,31.304463863372803,41,2,88,1787899800.322826,ov75,agg_static@rho0.8,1,0.55,0.75,4,0.8,agg_static,1787899800.3227987,0,2048,,0,0,0,0,0,0,0,0,79,45.87648599147796,0;0;0;0,0,0,1,55,1787899907.5656044,,0,1,1,0,3,1,1,1,1,2048,2048,0,0.0,0.0,0.0,31304.463863372803,0.0,-31304.463863372803,1783.812872,2080.0,38.96
88,upsert,0,L0022,2048,0,1787899831.6272898,31.304463863372803,41,2,88,1787899800.322826,ov75,agg_static@rho0.8,1,0.55,0.75,4,0.8,agg_static,1787899800.3227987,0,2048,,0,0,0,0,0,0,0,0,79,45.87648599147796,0;0;0;0,0,0,2,57,1787899910.9265637,,0,1,1,0,1,1,1,0,0,0,0,0,0.0,0.0,0.0,31304.463863372803,0.0,-31304.463863372803,1513.649183,2608.0,0.0
89,upsert,1,L0022,2048,0,1787899841.4490862,41.125983238220215,42,2,89,1787899800.323103,ov75,agg_static@rho0.8,1,0.55,0.75,4,0.8,agg_static,1787899800.3230872,0,2048,,0,0,0,0,0,0,0,0,80,45.87648599147796,0;0;0;0,0,0,1,55,1787899907.5656044,,0,0,1,1,3,0,1,2,1,2048,2048,0,0.0,-2.0,2.0,41125.983238220215,2.0,-41123.983238220215,1783.812872,2080.0,38.96
89,upsert,1,L0022,2048,0,1787899841.4490862,41.125983238220215,42,2,89,1787899800.323103,ov75,agg_static@rho0.8,1,0.55,0.75,4,0.8,agg_static,1787899800.3230872,0,2048,,0,0,0,0,0,0,0,0,80,45.87648599147796,0;0;0;0,0,0,2,57,1787899910.9265637,,0,0,1,1,1,0,1,1,0,0,0,0,0.0,-2.0,2.0,41125.983238220215,2.0,-41123.983238220215,1513.649183,2608.0,0.0
96,upsert,0,L0024,2048,0,1787899841.4493458,35.386192083358765,45,1,96,1787899806.0631537,ov75,agg_static@rho0.8,1,0.55,0.75,4,0.8,agg_static,1787899806.0631258,0,2048,,0,0,0,0,0,0,0,0,79,44.27998022238413,0;0;0;0,0,0,1,54,1787899907.5655591,,0,1,0,1,3,1,0,1,1,2048,2048,0,0.0,0.0,0.0,35386.192083358765,0.0,-35386.192083358765,2633.10014,2080.0,38.96
97,upsert,1,L0024,2048,0,1787899841.449388,35.38591933250427,46,1,97,1787899806.0634687,ov75,agg_static@rho0.8,1,0.55,0.75,4,0.8,agg_static,1787899806.0634532,0,2048,,0,0,0,0,0,0,0,0,80,44.27998022238413,0;0;0;0,0,0,1,54,1787899907.5655591,,0,0,0,0,3,0,0,1,1,2048,2048,0,0.0,0.0,0.0,35385.91933250427,0.0,-35385.91933250427,2633.10014,2080.0,38.96
100,upsert,0,L0025,2048,0,1787899841.449427,32.29413652420044,47,1,100,1787899809.1552904,ov75,agg_static@rho0.8,1,0.55,0.75,4,0.8,agg_static,1787899809.155261,0,2048,,0,0,0,0,0,0,0,0,83,44.27998022238413,0;0;0;0,0,0,1,46,1787899900.0505254,,0,1,0,1,3,1,0,1,1,2048,2048,0,0.0,0.0,0.0,32294.13652420044,0.0,-32294.13652420044,387.600653,2080.0,38.96
101,upsert,1,L0025,2048,0,1787899841.449472,32.29388403892517,48,1,101,1787899809.155588,ov75,agg_static@rho0.8,1,0.55,0.75,4,0.8,agg_static,1787899809.155572,0,2048,,0,0,0,0,0,0,0,0,84,44.27998022238413,0;0;0;0,0,0,1,46,1787899900.0505254,,0,0,0,0,3,0,0,1,1,2048,2048,0,0.0,0.0,0.0,32293.88403892517,0.0,-32293.88403892517,387.600653,2080.0,38.96
108,upsert,0,L0027,2048,0,1787899854.2048051,39.434260845184326,51,1,108,1787899814.7705443,ov75,agg_static@rho0.8,1,0.55,0.75,4,0.8,agg_static,1787899814.770516,0,2048,,0,0,0,0,0,0,0,0,84,42.836099786758425,0;0;0;0,0,0,1,44,1787899900.0504026,,0,1,0,1,3,1,0,0,0,2048,2048,0,0.0,0.0,0.0,39434.260845184326,0.0,-39434.260845184326,161.075358,2080.0,40.96
109,upsert,1,L0027,2048,0,1787899854.2048535,39.43400263786316,52,1,109,1787899814.770851,ov75,agg_static@rho0.8,1,0.55,0.75,4,0.8,agg_static,1787899814.7708352,0,2048,,0,0,0,0,0,0,0,0,85,42.836099786758425,0;0;0;0,0,0,1,44,1787899900.0504026,,0,0,0,0,3,0,0,0,0,2048,2048,0,0.0,0.0,0.0,39434.00263786316,0.0,-39434.00263786316,161.075358,2080.0,40.96
132,upsert,0,L0033,2048,0,1787899863.2938778,31.630366325378418,63,2,132,1787899831.6635115,ov75,agg_static@rho0.8,1,0.55,0.75,4,0.8,agg_static,1787899831.663484,0,2048,,0,0,0,0,0,0,0,0,92,39.59434958547354,0;0;0;0,0,0,1,39,1787899891.4403744,,0,1,1,0,1,1,1,0,0,0,0,0,0.0,0.0,0.0,31630.366325378418,0.0,-31630.366325378418,1325.115845,2080.0,0.0
132,upsert,0,L0033,2048,0,1787899863.2938778,31.630366325378418,63,2,132,1787899831.6635115,ov75,agg_static@rho0.8,1,0.55,0.75,4,0.8,agg_static,1787899831.663484,0,2048,,0,0,0,0,0,0,0,0,92,39.59434958547354,0;0;0;0,0,0,2,43,1787899894.0009663,,0,1,0,1,3,1,0,1,1,2048,2048,0,0.0,0.0,0.0,31630.366325378418,0.0,-31630.366325378418,5223.680146,2080.0,38.96
133,upsert,1,L0033,2048,0,1787899863.2939196,31.63005495071411,64,2,133,1787899831.6638646,ov75,agg_static@rho0.8,1,0.55,0.75,4,0.8,agg_static,1787899831.6638474,0,2048,,0,0,0,0,0,0,0,0,93,39.59434958547354,0;0;0;0,0,0,1,39,1787899891.4403744,,0,0,1,1,1,0,1,1,0,0,0,0,0.0,-2.0,2.0,31630.05495071411,2.0,-31628.05495071411,1325.115845,2080.0,0.0
133,upsert,1,L0033,2048,0,1787899863.2939196,31.63005495071411,64,2,133,1787899831.6638646,ov75,agg_static@rho0.8,1,0.55,0.75,4,0.8,agg_static,1787899831.6638474,0,2048,,0,0,0,0,0,0,0,0,93,39.59434958547354,0;0;0;0,0,0,2,43,1787899894.0009663,,0,0,0,0,3,0,0,1,1,2048,2048,0,0.0,0.0,0.0,31630.05495071411,0.0,-31630.05495071411,5223.680146,2080.0,38.96
136,upsert,0,L0034,2048,0,1787899872.3823981,37.56995511054993,65,1,136,1787899834.812443,ov75,agg_static@rho0.8,1,0.55,0.75,4,0.8,agg_static,1787899834.8124158,0,2048,,0,0,0,0,0,0,0,0,96,39.59434958547354,0;0;0;0,0,0,1,47,1787899900.0505736,,0,1,1,0,3,1,1,1,1,2048,2048,0,0.0,0.0,0.0,37569.95511054993,0.0,-37569.95511054993,3113.347783,2080.0,38.96
137,upsert,1,L0034,2048,0,1787899872.3825257,37.569703817367554,66,1,137,1787899834.8128219,ov75,agg_static@rho0.8,1,0.55,0.75,4,0.8,agg_static,1787899834.8128037,0,2048,,0,0,0,0,0,0,0,0,97,39.59434958547354,0;0;0;0,0,0,1,47,1787899900.0505736,,0,0,1,1,3,0,1,2,1,2048,2048,0,0.0,-2.0,2.0,37569.703817367554,2.0,-37567.703817367554,3113.347783,2080.0,38.96
140,upsert,0,L0035,2048,0,1787899872.3825881,34.52285957336426,67,1,140,1787899837.8597286,ov75,agg_static@rho0.8,1,0.55,0.75,4,0.8,agg_static,1787899837.8596997,0,2048,,0,0,0,0,0,0,0,0,100,39.59434958547354,0;0;0;0,0,0,1,45,1787899900.050472,,0,1,1,0,3,1,1,0,0,2048,2048,0,0.0,0.0,0.0,34522.85957336426,0.0,-34522.85957336426,305.145902,2080.0,40.96
141,upsert,1,L0035,2048,0,1787899872.3826404,34.522534132003784,68,1,141,1787899837.8601062,ov75,agg_static@rho0.8,1,0.55,0.75,4,0.8,agg_static,1787899837.860088,0,2048,,0,0,0,0,0,0,0,0,101,39.59434958547354,0;0;0;0,0,0,1,45,1787899900.050472,,0,0,1,1,3,0,1,1,0,2048,2048,0,0.0,-2.0,2.0,34522.534132003784,2.0,-34520.534132003784,305.145902,2080.0,40.96
156,upsert,0,L0039,2048,0,1787899881.4715705,32.06434726715088,75,1,156,1787899849.4072232,ov75,agg_static@rho0.8,1,0.55,0.75,4,0.8,agg_static,1787899849.407196,0,2048,,0,0,0,0,0,0,0,0,109,38.02166950702667,0;0;0;0,0,0,1,48,1787899903.9338257,,0,1,0,1,3,1,0,0,0,2048,2048,0,0.0,0.0,0.0,32064.34726715088,0.0,-32064.34726715088,270.172245,2080.0,40.96
157,upsert,1,L0039,2048,0,1787899881.4716165,32.064016819000244,76,1,157,1787899849.4075997,ov75,agg_static@rho0.8,1,0.55,0.75,4,0.8,agg_static,1787899849.4075804,0,2048,,0,0,0,0,0,0,0,0,110,38.02166950702667,0;0;0;0,0,0,1,48,1787899903.9338257,,0,0,0,0,3,0,0,0,0,2048,2048,0,0.0,0.0,0.0,32064.016819000244,0.0,-32064.016819000244,270.172245,2080.0,40.96
160,upsert,0,L0040,2048,0,1787899881.4716573,28.946415424346924,77,1,160,1787899852.5252419,ov75,agg_static@rho0.8,1,0.55,0.75,4,0.8,agg_static,1787899852.5252132,0,2048,,0,0,0,0,0,0,0,0,113,38.02166950702667,0;0;0;0,0,0,1,62,1787899915.020839,,0,1,1,0,2,1,1,1,1,2048,2048,0,0.0,0.0,0.0,28946.415424346924,0.0,-28946.415424346924,2859.129345,2080.0,38.96
161,upsert,1,L0040,2048,0,1787899881.471706,28.946088790893555,78,1,161,1787899852.5256171,ov75,agg_static@rho0.8,1,0.55,0.75,4,0.8,agg_static,1787899852.5255992,0,2048,,0,0,0,0,0,0,0,0,114,38.02166950702667,0;0;0;0,0,0,1,62,1787899915.020839,,0,0,1,1,2,0,1,1,1,2048,2048,0,0.0,0.0,0.0,28946.088790893555,0.0,-28946.088790893555,2859.129345,2080.0,38.96
193,upsert,1,L0007,2048,2048,1787899899.6495042,23.842827081680298,94,1,193,1787899875.806677,ov75,agg_static@rho0.8,1,0.55,0.75,4,0.8,agg_static,1787899875.806655,2048,0,119.00575280189514,0,2048,2048,2048,0,2,0,1,123,35.79645884037018,0;1;0;1,6,0,1,63,1787899915.0208871,,0,0,0,0,2,0,0,1,1,2048,2048,0,0.0,0.0,0.0,23842.827081680298,0.0,-23842.827081680298,4386.422209,2080.0,38.96
197,upsert,0,L0021,2048,2048,1787899908.00486,31.446934461593628,98,2,197,1787899876.5579255,ov75,agg_static@rho0.8,1,0.55,0.75,4,0.8,agg_static,1787899876.5579045,2048,0,79.0519552230835,0,2048,2048,2048,0,2,0,1,127,35.79645884037018,0;0;1;1,14,0,1,58,1787899910.9266186,,0,0,0,0,3,0,0,1,1,2048,2048,0,0.0,0.0,0.0,31446.934461593628,0.0,-31446.934461593628,1784.231713,2080.0,38.96
197,upsert,0,L0021,2048,2048,1787899908.00486,31.446934461593628,98,2,197,1787899876.5579255,ov75,agg_static@rho0.8,1,0.55,0.75,4,0.8,agg_static,1787899876.5579045,2048,0,79.0519552230835,0,2048,2048,2048,0,2,0,1,127,35.79645884037018,0;0;1;1,14,0,2,61,1787899915.0207813,,0,0,0,0,2,0,0,0,0,2048,2048,0,0.0,0.0,0.0,31446.934461593628,0.0,-31446.934461593628,1463.665875,2608.0,40.96
199,upsert,2,L0001,2048,2048,1787899908.0049465,31.446444749832153,100,1,199,1787899876.5585017,ov75,agg_static@rho0.8,1,0.55,0.75,4,0.8,agg_static,1787899876.558486,2048,0,136.5960967540741,0,2048,2048,2048,0,2,0,1,129,35.79645884037018,0;0;0;0,14,0,1,56,1787899910.9264953,,0,0,0,0,1,0,0,0,0,2048,2048,0,0.0,0.0,0.0,31446.444749832153,0.0,-31446.444749832153,188.783493,2608.0,40.96
257,upsert,0,L0070,2048,0,1787899971.6273727,48.44881272315979,153,1,257,1787899923.17856,ov75,agg_static@rho0.8,1,0.55,0.75,4,0.8,agg_static,1787899923.1785216,0,2048,,0,0,0,0,0,0,0,1,149,30.83562534302473,0;1;1;1,116,0,1,120,1787899972.877155,,0,0,0,0,0,0,0,0,0,0,0,0,0.0,0.0,0.0,48448.81272315979,0.0,-48448.81272315979,138.642869,2080.0,0.0
