update_seq,update_kind,instance,digest,coverage_after,pre_delivery_visible_cov,delivered_at_unix,signaling_delay_s,writer_seq,future_use_count,seq,t_send_unix,point_id,cell_id,rep,zipf_alpha,overlap,concurrency,rho,policy,send_ts_unix,coverage_before_source,source_coverage_delta,update_age_s,advertised_before,dispatcher_visible_before,best_visible_cov,second_visible_cov,visible_cov_gap,replica_visible_count,source_best_cov,digest_req_count_recent,in_flight_frames,ewma_delivery_delay_s,dispatcher_loads,dispatcher_rr,supersedes_in_flight,evaluated,superseded_before_use,decision_flip,decision_irrelevant,is_tombstone,dispatcher_load_sum,next_use_request_id,next_use_distance_requests,next_use_time_distance_s,next_use_discard,decision_without_update,decision_with_update,selected_instance_without,selected_instance_with,selected_load_without,selected_load_with,reusable_coverage_without,reusable_coverage_with,reusable_coverage_gain,estimated_prefill_gain_ms,estimated_queue_delta_ms,estimated_net_gain_ms,signaling_cost_ms,oracle_value_ms,realized_ttft_ms,realized_cached_tokens,impact_count_h1,impact_count_h4,impact_count_h8,cumulative_value_h1,cumulative_value_h4,cumulative_value_h8
0,upsert,0,L0048,2048,0,1787890262.2481248,0.003883838653564453,1,0,0,1787890262.244241,base,exact_fifo@rho1.0,0,0.55,0.0,4,1.0,exact_fifo,1787890262.244205,0,2048,,0,0,0,0,0,0,0,1,1,,0;1;1;1,4,0,0,,,,0,3,,,,,,,,,,,,,,,,,,,,,,,,,,
1,upsert,2,L0006,2048,0,1787890262.24831,0.0038683414459228516,2,0,1,1787890262.2444417,base,exact_fifo@rho1.0,0,0.55,0.0,4,1.0,exact_fifo,1787890262.2444186,0,2048,,0,0,0,0,0,0,0,1,2,,0;1;0;1,4,0,0,,,,0,2,,,,,,,,,,,,,,,,,,,,,,,,,,
2,upsert,1,L0014,2048,0,1787890262.2484467,0.003833770751953125,3,1,2,1787890262.244613,base,exact_fifo@rho1.0,0,0.55,0.0,4,1.0,exact_fifo,1787890262.244595,0,2048,,0,0,0,0,0,0,0,1,3,,0;0;0;1,4,0,1,1,0,1,0,1,57,57,19.241767644882202,,1,1,1,1,0,0,0,0,0,0.0,0.0,0.0,3.833770751953125,0.0,593.215562,2608.0,0,0,0,0,0,0
3,upsert,3,L0023,2048,0,1787890262.2485561,0.003805875778198242,4,3,3,1787890262.2447503,base,exact_fifo@rho1.0,0,0.55,0.0,4,1.0,exact_fifo,1787890262.2447348,0,2048,,0,0,0,0,0,0,0,1,4,,0;0;0;0,4,0,1,0,0,1,0,0,35,35,8.924924612045288,,3,3,3,3,0,0,0,0,0,0.0,0.0,0.0,3.805875778198242,0.0,491.453393,2608.0,0,0,0,0,0,0
4,upsert,0,L0000,2048,0,1787890263.79864,0.0042150020599365234,5,2,4,1787890263.794425,base,exact_fifo@rho1.0,0,0.55,0.0,4,1.0,exact_fifo,1787890263.7943964,0,2048,,0,0,0,0,0,0,0,2,1,0.003847956657409668,0;1;1;1,8,0,1,0,0,1,0,3,42,42,10.599717855453491,,3,3,3,3,0,0,2560,2560,0,0.0,0.0,0.0,4.215002059936523,0.0,93.850454,2080.0,0,0,0,0,0,0
5,upsert,3,L0000,2560,0,1787890263.798761,0.0040130615234375,6,2,5,1787890263.7947478,base,exact_fifo@rho1.0,0,0.55,0.0,4,1.0,exact_fifo,1787890263.794725,0,2560,,0,0,0,0,0,0,0,2,2,0.003847956657409668,0;1;1;0,8,0,1,1,0,1,0,2,42,42,10.599596977233887,,3,3,3,3,0,0,0,0,0,0.0,0.0,0.0,4.0130615234375,0.0,93.850454,2080.0,0,0,0,0,0,0
6,upsert,1,L0002,2048,0,1787890263.7988489,0.0038285255432128906,7,0,6,1787890263.7950203,base,exact_fifo@rho1.0,0,0.55,0.0,4,1.0,exact_fifo,1787890263.7950008,0,2048,,0,0,0,0,0,0,0,1,3,0.003847956657409668,0;0;1;0,8,0,0,,,,0,1,,,,,,,,,,,,,,,,,,,,,,,,,,
7,upsert,2,L0028,2048,0,1787890263.798948,0.003662109375,8,1,7,1787890263.795286,base,exact_fifo@rho1.0,0,0.55,0.0,4,1.0,exact_fifo,1787890263.7952657,0,2048,,0,0,0,0,0,0,0,1,4,0.003847956657409668,0;0;0;0,8,0,1,0,1,0,0,0,55,55,15.66767954826355,,0,2,0,2,0,1,0,2048,2048,40.96,2.0,38.96,3.662109375,38.96,1722.086877,2080.0,1,1,1,38.96,38.96,38.96
8,upsert,0,L0040,2048,0,1787890264.862001,0.004199981689453125,9,0,8,1787890264.857801,base,exact_fifo@rho1.0,0,0.55,0.0,4,1.0,exact_fifo,1787890264.8577743,0,2048,,0,0,0,0,0,0,0,1,1,0.0038888156414031982,0;1;1;1,12,0,0,,,,0,3,,,,,,,,,,,,,,,,,,,,,,,,,,
9,upsert,1,L0017,2048,0,1787890264.8620987,0.003950357437133789,10,0,9,1787890264.8581483,base,exact_fifo@rho1.0,0,0.55,0.0,4,1.0,exact_fifo,1787890264.8581266,0,2048,,0,0,0,0,0,0,0,1,2,0.0038888156414031982,0;0;1;1,12,0,0,,,,0,2,,,,,,,,,,,,,,,,,,,,,,,,,,
10,upsert,2,L0055,2048,0,1787890264.862202,0.0037298202514648438,11,0,10,1787890264.858472,base,exact_fifo@rho1.0,0,0.55,0.0,4,1.0,exact_fifo,1787890264.8584526,0,2048,,0,0,0,0,0,0,0,1,3,0.0038888156414031982,0;0;0;1,12,0,0,,,,0,1,,,,,,,,,,,,,,,,,,,,,,,,,,
11,upsert,3,L0000,3072,2560,1787890265.4217188,0.5629632472991943,12,2,11,1787890264.8587556,base,exact_fifo@rho1.0,0,0.55,0.0,4,1.0,exact_fifo,1787890264.8587294,2560,512,1.0640044212341309,0,2560,2560,2048,512,2,0,3,4,0.0038888156414031982,0;0;0;0,12,0,1,1,0,1,0,0,42,42,8.976639032363892,,3,3,3,3,0,0,0,0,0,0.0,0.0,0.0,562.9632472991943,0.0,93.850454,2080.0,0,0,0,0,0,0
12,upsert,0,L0001,2048,0,1787890270.1292367,4.172399282455444,13,0,12,1787890265.9568374,base,exact_fifo@rho1.0,0,0.55,0.0,4,1.0,exact_fifo,1787890265.9568107,0,2048,,0,0,0,0,0,0,0,1,1,0.05049616098403931,0;1;1;1,16,0,0,,,,0,3,,,,,,,,,,,,,,,,,,,,,,,,,,
13,upsert,2,L0047,2048,0,1787890271.0135493,5.056330919265747,14,0,13,1787890265.9572184,base,exact_fifo@rho1.0,0,0.55,0.0,4,1.0,exact_fifo,1787890265.9571955,0,2048,,0,0,0,0,0,0,0,1,2,0.05049616098403931,0;1;0;1,16,0,0,,,,0,2,,,,,,,,,,,,,,,,,,,,,,,,,,
14,upsert,1,L0058,2048,0,1787890271.0136259,5.056092977523804,15,1,14,1787890265.957533,base,exact_fifo@rho1.0,0,0.55,0.0,4,1.0,exact_fifo,1787890265.9575121,0,2048,,0,0,0,0,0,0,0,1,3,0.05049616098403931,0;0;0;1,16,0,1,0,0,1,0,1,38,38,1.2638623714447021,,1,1,1,1,0,0,0,0,0,0.0,0.0,0.0,5056.092977523804,0.0,411.703452,2080.0,0,0,0,0,0,0
15,upsert,3,L0034,2048,0,1787890271.0136678,5.055832386016846,16,1,15,1787890265.9578354,base,exact_fifo@rho1.0,0,0.55,0.0,4,1.0,exact_fifo,1787890265.9578154,0,2048,,0,0,0,0,0,0,0,1,4,0.05049616098403931,0;0;0;0,16,0,1,0,1,0,0,0,50,50,5.909432411193848,,0,3,0,3,0,1,0,2048,2048,40.96,2.0,38.96,5055.832386016846,38.96,2230.319667,2080.0,1,1,1,38.96,38.96,38.96
16,upsert,3,L0023,2560,2048,1787890273.8298852,6.809077024459839,17,2,16,1787890267.0208082,base,exact_fifo@rho1.0,0,0.55,0.0,4,1.0,exact_fifo,1787890267.0207784,2048,512,4.776043653488159,0,2048,2048,0,2048,1,0,2,5,0.05049616098403931,0;1;0;2,23,0,1,0,0,1,0,3,46,46,2.0473666191101074,,3,3,3,3,0,0,0,0,0,0.0,0.0,0.0,6809.077024459839,0.0,90.876192,2080.0,0,0,0,0,0,0
17,upsert,3,L0000,2048,3072,1787890273.8300126,6.808790683746338,18,2,17,1787890267.0212219,base,exact_fifo@rho1.0,0,0.55,0.0,4,1.0,exact_fifo,1787890267.0211916,3072,-1024,2.1624622344970703,0,3072,3072,2048,1024,2,0,5,6,0.05049616098403931,0;1;0;1,23,0,1,1,0,1,0,2,42,42,0.568345308303833,,3,3,3,3,0,0,0,0,0,0.0,0.0,0.0,6808.790683746338,0.0,93.850454,2080.0,0,0,0,0,0,0
18,upsert,3,L0000,2560,2048,1787890273.8301015,6.808536767959595,19,2,18,1787890267.0215647,base,exact_fifo@rho1.0,0,0.55,0.0,4,1.0,exact_fifo,1787890267.0215404,2048,512,0.00034880638122558594,0,3072,3072,2048,1024,2,0,5,7,0.05049616098403931,0;1;0;0,23,1,1,0,0,1,0,1,42,42,0.5682563781738281,,3,3,3,3,0,0,2048,2560,512,10.24,0.0,10.24,6808.536767959595,10.24,93.850454,2080.0,0,0,0,0,0,0
19,upsert,1,L0046,2048,0,1787890275.8570921,8.835220575332642,20,1,19,1787890267.0218716,base,exact_fifo@rho1.0,0,0.55,0.0,4,1.0,exact_fifo,1787890267.0218496,0,2048,,0,0,0,0,0,0,0,1,8,0.05049616098403931,0;0;0;0,23,0,1,0,1,0,0,0,58,58,5.633175849914551,,3,1,3,1,0,1,0,2048,2048,40.96,2.0,38.96,8835.220575332642,38.96,1291.915463,2080.0,1,1,1,38.96,38.96,38.96
20,upsert,2,L0006,2560,2048,1787890275.8572416,7.814941644668579,21,0,20,1787890268.0423,base,exact_fifo@rho1.0,0,0.55,0.0,4,1.0,exact_fifo,1787890268.0422678,2048,512,5.797849178314209,0,2048,2048,0,2048,1,0,2,9,0.05049616098403931,1;1;0;1,29,0,0,,,,0,3,,,,,,,,,,,,,,,,,,,,,,,,,,
21,upsert,1,L0012,2048,0,1787890275.8573296,7.814664602279663,22,0,21,1787890268.042665,base,exact_fifo@rho1.0,0,0.55,0.0,4,1.0,exact_fifo,1787890268.042641,0,2048,,0,0,0,0,0,0,0,1,10,0.05049616098403931,1;0;0;1,29,0,0,,,,0,2,,,,,,,,,,,,,,,,,,,,,,,,,,
22,upsert,3,L0000,3072,2560,1787890275.8574142,7.814435720443726,23,1,22,1787890268.0429785,base,exact_fifo@rho1.0,0,0.55,0.0,4,1.0,exact_fifo,1787890268.042954,2560,512,1.0214135646820068,0,3072,3072,2048,1024,2,0,6,11,0.05049616098403931,1;0;0;0,29,1,1,0,0,1,0,1,60,60,7.207902193069458,,3,3,3,3,0,0,2560,3072,512,10.24,0.0,10.24,7814.435720443726,10.24,109.959071,2608.0,0,0,0,0,0,0
23,upsert,0,L0059,2048,0,1787890278.9455965,10.90229344367981,24,0,23,1787890268.043303,base,exact_fifo@rho1.0,0,0.55,0.0,4,1.0,exact_fifo,1787890268.0432816,0,2048,,0,0,0,0,0,0,0,1,12,0.05049616098403931,0;0;0;0,29,0,0,,,,0,0,,,,,,,,,,,,,,,,,,,,,,,,,,
24,upsert,1,L0014,2560,2048,1787890278.9457004,9.24247670173645,25,1,24,1787890269.7032237,base,exact_fifo@rho1.0,0,0.55,0.0,4,1.0,exact_fifo,1787890269.7031941,2048,512,7.458599090576172,0,2048,2048,0,2048,1,0,2,13,0.05049616098403931,1;0;1;1,34,0,1,0,0,1,0,3,57,57,2.5445139408111572,,1,1,1,1,0,0,0,0,0,0.0,0.0,0.0,9242.47670173645,0.0,593.215562,2608.0,0,0,0,0,0,0
25,upsert,2,L0012,2560,0,1787890278.9457881,9.242191076278687,26,0,25,1787890269.703597,base,exact_fifo@rho1.0,0,0.55,0.0,4,1.0,exact_fifo,1787890269.703573,0,2560,,0,0,0,0,0,0,0,2,14,0.05049616098403931,1;0;0;1,34,0,0,,,,0,2,,,,,,,,,,,,,,,,,,,,,,,,,,
26,upsert,0,L0029,2048,0,1787890278.9458644,9.241951704025269,27,0,26,1787890269.7039127,base,exact_fifo@rho1.0,0,0.55,0.0,4,1.0,exact_fifo,1787890269.703891,0,2048,,0,0,0,0,0,0,0,1,15,0.05049616098403931,0;0;0;1,34,0,0,,,,0,1,,,,,,,,,,,,,,,,,,,,,,,,,,
27,upsert,3,L0001,2560,0,1787890278.9459405,9.241703510284424,28,0,27,1787890269.704237,base,exact_fifo@rho1.0,0,0.55,0.0,4,1.0,exact_fifo,1787890269.704216,0,2560,,0,0,0,0,0,0,0,2,16,0.05049616098403931,0;0;0;0,34,0,0,,,,0,0,,,,,,,,,,,,,,,,,,,,,,,,,,
28,upsert,2,L0030,2048,0,1787890283.6257954,12.453908681869507,29,0,28,1787890271.1718867,base,exact_fifo@rho1.0,0,0.55,0.0,4,1.0,exact_fifo,1787890271.171859,0,2048,,0,0,0,0,0,0,0,1,13,1.2466630935668945,1;1;0;1,38,0,0,,,,0,3,,,,,,,,,,,,,,,,,,,,,,,,,,
29,upsert,3,L0010,2048,0,1787890283.6259234,12.453624486923218,30,0,29,1787890271.172299,base,exact_fifo@rho1.0,0,0.55,0.0,4,1.0,exact_fifo,1787890271.1722739,0,2048,,0,0,0,0,0,0,0,1,14,1.2466630935668945,1;1;0;0,38,0,0,,,,0,2,,,,,,,,,,,,,,,,,,,,,,,,,,
30,upsert,0,L0009,2048,0,1787890283.626002,12.453370094299316,31,0,30,1787890271.172632,base,exact_fifo@rho1.0,0,0.55,0.0,4,1.0,exact_fifo,1787890271.1726098,0,2048,,0,0,0,0,0,0,0,1,15,1.2466630935668945,0;1;0;0,38,0,0,,,,0,1,,,,,,,,,,,,,,,,,,,,,,,,,,
31,upsert,1,L0029,2560,0,1787890285.7346587,14.561713457107544,32,0,31,1787890271.1729453,base,exact_fifo@rho1.0,0,0.55,0.0,4,1.0,exact_fifo,1787890271.172925,0,2560,,0,0,0,0,0,0,0,2,16,1.2466630935668945,0;0;0;0,38,0,0,,,,0,0,,,,,,,,,,,,,,,,,,,,,,,,,,
32,upsert,2,L0003,2048,0,1787890285.7347734,13.459778547286987,33,0,32,1787890272.2749949,base,exact_fifo@rho1.0,0,0.55,0.0,4,1.0,exact_fifo,1787890272.2749681,0,2048,,0,0,0,0,0,0,0,1,17,1.2466630935668945,1;1;0;1,43,0,0,,,,0,3,,,,,,,,,,,,,,,,,,,,,,,,,,
33,upsert,0,L0005,2048,0,1787890285.734856,13.45918607711792,34,0,33,1787890272.2756698,base,exact_fifo@rho1.0,0,0.55,0.0,4,1.0,exact_fifo,1787890272.2756498,0,2048,,0,0,0,0,0,0,0,1,18,1.2466630935668945,0;1;0;1,43,0,0,,,,0,2,,,,,,,,,,,,,,,,,,,,,,,,,,
34,upsert,1,L0027,2048,0,1787890285.7349293,13.458699703216553,35,0,34,1787890272.2762296,base,exact_fifo@rho1.0,0,0.55,0.0,4,1.0,exact_fifo,1787890272.2762115,0,2048,,0,0,0,0,0,0,0,1,19,1.2466630935668945,0;0;0;1,43,0,0,,,,0,1,,,,,,,,,,,,,,,,,,,,,,,,,,
35,upsert,3,L0023,3072,2560,1787890285.7349977,13.458255529403687,36,0,35,1787890272.2767422,base,exact_fifo@rho1.0,0,0.55,0.0,4,1.0,exact_fifo,1787890272.2767212,2560,512,5.2559428215026855,0,2048,2048,0,2048,1,0,3,20,1.2466630935668945,0;0;0;0,43,1,0,,,,0,0,,,,,,,,,,,,,,,,,,,,,,,,,,
36,upsert,3,L0029,3072,0,1787890285.7350671,11.339272022247314,37,0,36,1787890274.395795,base,exact_fifo@rho1.0,0,0.55,0.0,4,1.0,exact_fifo,1787890274.3957672,0,3072,,0,0,0,0,0,0,0,3,18,2.1248954722755835,1;1;1;0,48,0,0,,,,0,3,,,,,,,,,,,,,,,,,,,,,,,,,,
37,upsert,2,L0056,2048,0,1787890285.7351387,11.338596105575562,38,0,37,1787890274.3965425,base,exact_fifo@rho1.0,0,0.55,0.0,4,1.0,exact_fifo,1787890274.39652,0,2048,,0,0,0,0,0,0,0,1,19,2.1248954722755835,1;1;0;0,48,0,0,,,,0,2,,,,,,,,,,,,,,,,,,,,,,,,,,
38,upsert,1,L0058,2560,2048,1787890285.7352655,11.338181495666504,39,0,38,1787890274.397084,base,exact_fifo@rho1.0,0,0.55,0.0,4,1.0,exact_fifo,1787890274.3970635,2048,512,8.43955135345459,0,2048,2048,0,2048,1,0,2,20,2.1248954722755835,1;0;0;0,48,0,0,,,,0,1,,,,,,,,,,,,,,,,,,,,,,,,,,
39,upsert,0,L0030,2560,0,1787890285.7353215,11.337673902511597,40,0,39,1787890274.3976476,base,exact_fifo@rho1.0,0,0.55,0.0,4,1.0,exact_fifo,1787890274.3976302,0,2560,,0,0,0,0,0,0,0,2,21,2.1248954722755835,0;0;0;0,48,0,0,,,,0,0,,,,,,,,,,,,,,,,,,,,,,,,,,
40,upsert,0,L0036,2048,0,1787890291.0952108,15.220420122146606,41,0,40,1787890275.8747907,base,exact_fifo@rho1.0,0,0.55,0.0,4,1.0,exact_fifo,1787890275.8747633,0,2048,,0,0,0,0,0,0,0,2,18,3.1587946311287256,0;1;1;1,53,0,0,,,,0,3,,,,,,,,,,,,,,,,,,,,,,,,,,
41,upsert,2,L0011,2048,0,1787890291.095331,15.219890117645264,42,0,41,1787890275.8754408,base,exact_fifo@rho1.0,0,0.55,0.0,4,1.0,exact_fifo,1787890275.8754199,0,2048,,0,0,0,0,0,0,0,1,19,3.1587946311287256,0;1;0;1,53,0,0,,,,0,2,,,,,,,,,,,,,,,,,,,,,,,,,,
42,upsert,3,L0000,2048,3072,1787890291.095424,15.219441890716553,43,0,42,1787890275.875982,base,exact_fifo@rho1.0,0,0.55,0.0,4,1.0,exact_fifo,1787890275.8759613,3072,-1024,7.833007335662842,0,3072,3072,2048,1024,2,0,7,20,3.1587946311287256,0;1;0;0,53,0,0,,,,0,1,,,,,,,,,,,,,,,,,,,,,,,,,,
43,upsert,1,L0036,2560,0,1787890291.09551,15.218990564346313,44,0,43,1787890275.8765194,base,exact_fifo@rho1.0,0,0.55,0.0,4,1.0,exact_fifo,1787890275.8765013,0,2560,,0,0,0,0,0,0,0,2,21,3.1587946311287256,0;0;0;0,53,0,0,,,,0,0,,,,,,,,,,,,,,,,,,,,,,,,,,
44,upsert,1,L0004,2048,0,1787890291.0955863,14.174890041351318,45,0,44,1787890276.9206963,base,exact_fifo@rho1.0,0,0.55,0.0,4,1.0,exact_fifo,1787890276.920669,0,2048,,0,0,0,0,0,0,0,1,22,3.1587946311287256,1;0;1;1,58,0,0,,,,0,3,,,,,,,,,,,,,,,,,,,,,,,,,,
45,upsert,0,L0038,2048,0,1787890291.095658,14.17429804801941,46,0,45,1787890276.92136,base,exact_fifo@rho1.0,0,0.55,0.0,4,1.0,exact_fifo,1787890276.9213376,0,2048,,0,0,0,0,0,0,0,1,23,3.1587946311287256,0;0;1;1,58,0,0,,,,0,2,,,,,,,,,,,,,,,,,,,,,,,,,,
46,upsert,3,L0023,2048,3072,1787890291.0957136,14.173808574676514,47,0,46,1787890276.921905,base,exact_fifo@rho1.0,0,0.55,0.0,4,1.0,exact_fifo,1787890276.921884,3072,-1024,4.64516282081604,0,2560,2560,0,2560,1,0,4,24,3.1587946311287256,0;0;1;0,58,1,0,,,,0,1,,,,,,,,,,,,,,,,,,,,,,,,,,
47,upsert,2,L0018,2048,0,1787890291.0957634,14.173317432403564,48,0,47,1787890276.922446,base,exact_fifo@rho1.0,0,0.55,0.0,4,1.0,exact_fifo,1787890276.9224286,0,2048,,0,0,0,0,0,0,0,1,25,3.1587946311287256,0;0;0;0,58,0,0,,,,0,0,,,,,,,,,,,,,,,,,,,,,,,,,,
48,upsert,2,L0010,2560,0,1787890297.2720616,17.808013439178467,49,0,48,1787890279.4640481,base,exact_fifo@rho1.0,0,0.55,0.0,4,1.0,exact_fifo,1787890279.46402,0,2560,,0,0,0,0,0,0,0,2,21,4.304389033998762,1;0;0;2,63,0,0,,,,0,3,,,,,,,,,,,,,,,,,,,,,,,,,,
49,upsert,3,L0005,2560,0,1787890297.2721949,17.807442903518677,50,0,49,1787890279.464752,base,exact_fifo@rho1.0,0,0.55,0.0,4,1.0,exact_fifo,1787890279.4647324,0,2560,,0,0,0,0,0,0,0,2,22,4.304389033998762,1;0;0;1,63,0,0,,,,0,2,,,,,,,,,,,,,,,,,,,,,,,,,,
50,upsert,3,L0034,2560,2048,1787890297.272281,17.80692219734192,51,0,50,1787890279.4653587,base,exact_fifo@rho1.0,0,0.55,0.0,4,1.0,exact_fifo,1787890279.4653382,2048,512,13.507522821426392,0,2048,2048,0,2048,1,0,2,23,4.304389033998762,1;0;0;0,63,0,0,,,,0,1,,,,,,,,,,,,,,,,,,,,,,,,,,
51,upsert,0,L0044,2048,0,1787890297.272368,17.806456804275513,52,0,51,1787890279.4659111,base,exact_fifo@rho1.0,0,0.55,0.0,4,1.0,exact_fifo,1787890279.465894,0,2048,,0,0,0,0,0,0,0,1,24,4.304389033998762,0;0;0;0,63,0,0,,,,0,0,,,,,,,,,,,,,,,,,,,,,,,,,,
52,upsert,3,L0062,2048,0,1787890297.2724366,15.784739971160889,53,0,52,1787890281.4876966,base,exact_fifo@rho1.0,0,0.55,0.0,4,1.0,exact_fifo,1787890281.4876688,0,2048,,0,0,0,0,0,0,0,1,25,4.304389033998762,0;1;2;0,68,0,0,,,,0,3,,,,,,,,,,,,,,,,,,,,,,,,,,
53,upsert,1,L0011,2560,0,1787890297.2725048,15.784111261367798,54,0,53,1787890281.4883935,base,exact_fifo@rho1.0,0,0.55,0.0,4,1.0,exact_fifo,1787890281.4883647,0,2560,,0,0,0,0,0,0,0,2,26,4.304389033998762,0;0;2;0,68,0,0,,,,0,2,,,,,,,,,,,,,,,,,,,,,,,,,,
54,upsert,2,L0031,2048,0,1787890297.2725737,15.783586263656616,55,0,54,1787890281.4889874,base,exact_fifo@rho1.0,0,0.55,0.0,4,1.0,exact_fifo,1787890281.48897,0,2048,,0,0,0,0,0,0,0,1,27,4.304389033998762,0;0;1;0,68,0,0,,,,0,1,,,,,,,,,,,,,,,,,,,,,,,,,,
55,upsert,2,L0028,2560,2048,1787890301.4897666,20.000235557556152,56,0,55,1787890281.489531,base,exact_fifo@rho1.0,0,0.55,0.0,4,1.0,exact_fifo,1787890281.4895113,2048,512,17.69424557685852,0,2048,2048,0,2048,1,0,2,28,4.304389033998762,0;0;0;0,68,0,0,,,,0,0,,,,,,,,,,,,,,,,,,,,,,,,,,
56,upsert,0,L0016,2048,0,1787890301.4898975,18.42709732055664,57,0,56,1787890283.0628002,base,exact_fifo@rho1.0,0,0.55,0.0,4,1.0,exact_fifo,1787890283.0627742,0,2048,,0,0,0,0,0,0,0,1,29,4.304389033998762,0;2;0;1,74,0,0,,,,0,3,,,,,,,,,,,,,,,,,,,,,,,,,,
57,upsert,1,L0014,3072,2560,1787890301.489982,18.426488161087036,58,0,57,1787890283.0634937,base,exact_fifo@rho1.0,0,0.55,0.0,4,1.0,exact_fifo,1787890283.0634692,2560,512,13.360275030136108,0,2560,2560,0,2560,1,0,3,30,4.304389033998762,0;1;0;1,74,0,0,,,,0,2,,,,,,,,,,,,,,,,,,,,,,,,,,
58,upsert,1,L0046,2560,2048,1787890301.490069,18.425952672958374,59,0,58,1787890283.0641162,base,exact_fifo@rho1.0,0,0.55,0.0,4,1.0,exact_fifo,1787890283.0640967,2048,512,16.04224705696106,0,2048,2048,0,2048,1,0,2,31,4.304389033998762,0;0;0;1,74,0,0,,,,0,1,,,,,,,,,,,,,,,,,,,,,,,,,,
59,upsert,3,L0042,2048,0,1787890301.4901485,18.425447702407837,60,0,59,1787890283.0647008,base,exact_fifo@rho1.0,0,0.55,0.0,4,1.0,exact_fifo,1787890283.064683,0,2048,,0,0,0,0,0,0,0,1,32,4.304389033998762,0;0;0;0,74,0,0,,,,0,0,,,,,,,,,,,,,,,,,,,,,,,,,,
60,upsert,3,L0000,2560,2048,1787890301.4902413,16.943121194839478,61,0,60,1787890284.54712,base,exact_fifo@rho1.0,0,0.55,0.0,4,1.0,exact_fifo,1787890284.5470886,2048,512,8.671127319335938,0,3072,3072,2048,1024,2,0,8,30,5.0930256843566895,0;1;1;1,80,1,0,,,,0,3,,,,,,,,,,,,,,,,,,,,,,,,,,
61,upsert,1,L0056,2560,0,1787890301.4903145,16.942444801330566,62,0,61,1787890284.5478697,base,exact_fifo@rho1.0,0,0.55,0.0,4,1.0,exact_fifo,1787890284.5478492,0,2560,,0,0,0,0,0,0,0,2,31,5.0930256843566895,0;0;1;1,80,0,0,,,,0,2,,,,,,,,,,,,,,,,,,,,,,,,,,
62,upsert,2,L0063,2048,0,1787890301.4903839,16.94189453125,63,0,62,1787890284.5484893,base,exact_fifo@rho1.0,0,0.55,0.0,4,1.0,exact_fifo,1787890284.548471,0,2048,,0,0,0,0,0,0,0,1,32,5.0930256843566895,0;0;0;1,80,0,0,,,,0,1,,,,,,,,,,,,,,,,,,,,,,,,,,
63,upsert,3,L0023,2560,2048,1787890301.4904692,16.941452026367188,64,0,63,1787890284.5490172,base,exact_fifo@rho1.0,0,0.55,0.0,4,1.0,exact_fifo,1787890284.5489964,2048,512,7.62711238861084,0,2560,2560,0,2560,1,0,5,33,5.0930256843566895,0;0;0;0,80,1,0,,,,0,0,,,,,,,,,,,,,,,,,,,,,,,,,,
64,upsert,0,L0067,2048,0,1787890308.27886,22.48108673095703,65,0,64,1787890285.7977734,base,exact_fifo@rho1.0,0,0.55,0.0,4,1.0,exact_fifo,1787890285.7977452,0,2048,,0,0,0,0,0,0,0,1,25,8.48762632906437,0;1;1;1,84,0,0,,,,0,3,,,,,,,,,,,,,,,,,,,,,,,,,,
65,upsert,1,L0072,2048,0,1787890308.2789757,22.480565309524536,66,0,65,1787890285.7984104,base,exact_fifo@rho1.0,0,0.55,0.0,4,1.0,exact_fifo,1787890285.798391,0,2048,,0,0,0,0,0,0,0,1,26,8.48762632906437,0;0;1;1,84,0,0,,,,0,2,,,,,,,,,,,,,,,,,,,,,,,,,,
66,upsert,2,L0121,2048,0,1787890308.279051,22.480085134506226,67,0,66,1787890285.798966,base,exact_fifo@rho1.0,0,0.55,0.0,4,1.0,exact_fifo,1787890285.7989476,0,2048,,0,0,0,0,0,0,0,1,27,8.48762632906437,0;0;0;1,84,0,0,,,,0,1,,,,,,,,,,,,,,,,,,,,,,,,,,
67,upsert,3,L0091,2048,0,1787890308.2791293,22.479639291763306,68,0,67,1787890285.79949,base,exact_fifo@rho1.0,0,0.55,0.0,4,1.0,exact_fifo,1787890285.7994728,0,2048,,0,0,0,0,0,0,0,1,28,8.48762632906437,0;0;0;0,84,0,0,,,,0,0,,,,,,,,,,,,,,,,,,,,,,,,,,
68,upsert,0,L0083,2048,0,1787890308.2792296,21.328165769577026,69,0,68,1787890286.9510639,base,exact_fifo@rho1.0,0,0.55,0.0,4,1.0,exact_fifo,1787890286.951036,0,2048,,0,0,0,0,0,0,0,1,29,8.48762632906437,0;1;1;1,88,0,0,,,,0,3,,,,,,,,,,,,,,,,,,,,,,,,,,
69,upsert,2,L0124,2048,0,1787890308.2792933,21.327552795410156,70,0,69,1787890286.9517405,base,exact_fifo@rho1.0,0,0.55,0.0,4,1.0,exact_fifo,1787890286.9517188,0,2048,,0,0,0,0,0,0,0,1,30,8.48762632906437,0;1;0;1,88,0,0,,,,0,2,,,,,,,,,,,,,,,,,,,,,,,,,,
70,upsert,1,L0076,2048,0,1787890308.2793603,21.327036142349243,71,0,70,1787890286.9523242,base,exact_fifo@rho1.0,0,0.55,0.0,4,1.0,exact_fifo,1787890286.9523053,0,2048,,0,0,0,0,0,0,0,1,31,8.48762632906437,0;0;0;1,88,0,0,,,,0,1,,,,,,,,,,,,,,,,,,,,,,,,,,
71,upsert,3,L0077,2048,0,1787890308.2794304,21.32657289505005,72,0,71,1787890286.9528575,base,exact_fifo@rho1.0,0,0.55,0.0,4,1.0,exact_fifo,1787890286.9528399,0,2048,,0,0,0,0,0,0,0,1,32,8.48762632906437,0;0;0;0,88,0,0,,,,0,0,,,,,,,,,,,,,,,,,,,,,,,,,,
72,upsert,0,L0081,2048,0,1787890308.2795057,19.77770709991455,73,0,72,1787890288.5017986,base,exact_fifo@rho1.0,0,0.55,0.0,4,1.0,exact_fifo,1787890288.50177,0,2048,,0,0,0,0,0,0,0,2,33,8.48762632906437,0;1;1;1,92,0,0,,,,0,3,,,,,,,,,,,,,,,,,,,,,,,,,,
73,upsert,3,L0106,2048,0,1787890308.2795718,19.7770733833313,74,0,73,1787890288.5024984,base,exact_fifo@rho1.0,0,0.55,0.0,4,1.0,exact_fifo,1787890288.5024762,0,2048,,0,0,0,0,0,0,0,1,34,8.48762632906437,0;1;1;0,92,0,0,,,,0,2,,,,,,,,,,,,,,,,,,,,,,,,,,
74,upsert,1,L0081,2560,0,1787890308.2796457,19.77657413482666,75,0,74,1787890288.5030715,base,exact_fifo@rho1.0,0,0.55,0.0,4,1.0,exact_fifo,1787890288.5030537,0,2560,,0,0,0,0,0,0,0,2,35,8.48762632906437,0;0;1;0,92,0,0,,,,0,1,,,,,,,,,,,,,,,,,,,,,,,,,,
75,upsert,2,L0094,2048,0,1787890308.2797136,19.776055335998535,76,0,75,1787890288.5036583,base,exact_fifo@rho1.0,0,0.55,0.0,4,1.0,exact_fifo,1787890288.503641,0,2048,,0,0,0,0,0,0,0,1,36,8.48762632906437,0;0;0;0,92,0,0,,,,0,0,,,,,,,,,,,,,,,,,,,,,,,,,,
76,upsert,0,L0075,2048,0,1787890308.2797823,18.621270418167114,77,0,76,1787890289.6585119,base,exact_fifo@rho1.0,0,0.55,0.0,4,1.0,exact_fifo,1787890289.6584842,0,2048,,0,0,0,0,0,0,0,1,37,8.48762632906437,0;1;1;1,96,0,0,,,,0,3,,,,,,,,,,,,,,,,,,,,,,,,,,
77,upsert,1,L0069,2048,0,1787890308.2798586,18.620651245117188,78,0,77,1787890289.6592073,base,exact_fifo@rho1.0,0,0.55,0.0,4,1.0,exact_fifo,1787890289.659186,0,2048,,0,0,0,0,0,0,0,1,38,8.48762632906437,0;0;1;1,96,0,0,,,,0,2,,,,,,,,,,,,,,,,,,,,,,,,,,
78,upsert,2,L0068,2048,0,1787890308.2799277,18.62014412879944,79,0,78,1787890289.6597836,base,exact_fifo@rho1.0,0,0.55,0.0,4,1.0,exact_fifo,1787890289.6597657,0,2048,,0,0,0,0,0,0,0,1,39,8.48762632906437,0;0;0;1,96,0,0,,,,0,1,,,,,,,,,,,,,,,,,,,,,,,,,,
79,upsert,3,L0065,2048,0,1787890308.279998,18.619663953781128,80,0,79,1787890289.660334,base,exact_fifo@rho1.0,0,0.55,0.0,4,1.0,exact_fifo,1787890289.6603158,0,2048,,0,0,0,0,0,0,0,1,40,8.48762632906437,0;0;0;0,96,0,0,,,,0,0,,,,,,,,,,,,,,,,,,,,,,,,,,
22,upsert,2,L0000,3072,0,1787890357.3273196,33.85857033729553,1,0,22,1787890323.4687493,base,agg_full@rho1.2,0,0.55,0.0,4,1.2,agg_full,1787890323.4687378,0,3072,,0,0,0,0,0,0,0,6,23,,0;0;0;1,24,0,0,,,,0,1,,,,,,,,,,,,,,,,,,,,,,,,,,
24,upsert,0,L0014,2560,0,1787890358.3840528,33.42109704017639,2,0,24,1787890324.9629557,base,agg_full@rho1.2,0,0.55,0.0,4,1.2,agg_full,1787890324.962929,0,2560,,0,0,0,0,0,0,0,2,25,,0;1;1;1,28,0,0,,,,0,3,,,,,,,,,,,,,,,,,,,,,,,,,,
42,upsert,1,L0000,2048,0,1787890358.384303,27.362691640853882,3,0,42,1787890331.0216115,base,agg_full@rho1.2,0,0.55,0.0,4,1.2,agg_full,1787890331.0215948,2560,-512,9.418086290359497,0,0,0,0,0,0,0,7,43,,0;0;1;0,44,1,0,,,,0,1,,,,,,,,,,,,,,,,,,,,,,,,,,
57,upsert,1,L0014,3072,0,1787890360.4979355,24.25914430618286,4,0,57,1787890336.2387912,base,agg_full@rho1.2,0,0.55,0.0,4,1.2,agg_full,1787890336.2387712,2048,1024,20.011707305908203,0,0,0,0,0,0,0,3,58,,0;0;1;1,60,1,0,,,,0,2,,,,,,,,,,,,,,,,,,,,,,,,,,
99,upsert,3,L0068,3072,0,1787890360.4980683,10.104846954345703,5,0,99,1787890350.3932214,base,agg_full@rho1.2,0,0.55,0.0,4,1.2,agg_full,1787890350.3932042,2560,512,5.902862787246704,0,0,0,0,0,0,0,3,100,,0;0;0;0,100,1,0,,,,0,0,,,,,,,,,,,,,,,,,,,,,,,,,,
105,upsert,1,L0068,2048,0,1787890360.49814,6.806750059127808,6,0,105,1787890353.69139,base,agg_full@rho1.2,0,0.55,0.0,4,1.2,agg_full,1787890353.6913693,2048,0,10.791286706924438,0,0,0,0,0,0,0,4,106,,0;0;1;1,108,1,0,,,,0,2,,,,,,,,,,,,,,,,,,,,,,,,,,
107,upsert,3,L0100,3072,0,1787890360.4982283,6.806250333786011,7,0,107,1787890353.691978,base,agg_full@rho1.2,0,0.55,0.0,4,1.2,agg_full,1787890353.6919663,0,3072,,0,0,0,0,0,0,0,3,108,,0;0;0;0,108,0,0,,,,0,0,,,,,,,,,,,,,,,,,,,,,,,,,,
108,upsert,0,L0097,2048,0,1787890360.4982822,5.2138895988464355,8,0,108,1787890355.2843926,base,agg_full@rho1.2,0,0.55,0.0,4,1.2,agg_full,1787890355.284365,0,2048,,0,0,0,0,0,0,0,1,109,,0;1;1;1,112,0,0,,,,0,3,,,,,,,,,,,,,,,,,,,,,,,,,,
109,upsert,2,L0074,3072,0,1787890360.4983277,5.213547706604004,9,0,109,1787890355.28478,base,agg_full@rho1.2,0,0.55,0.0,4,1.2,agg_full,1787890355.2847612,2560,512,1.5930955410003662,0,0,0,0,0,0,0,3,110,,0;1;0;1,112,1,0,,,,0,2,,,,,,,,,,,,,,,,,,,,,,,,,,
110,upsert,1,L0075,2560,0,1787890360.4983783,5.213244676589966,10,0,110,1787890355.2851336,base,agg_full@rho1.2,0,0.55,0.0,4,1.2,agg_full,1787890355.285119,0,2560,,0,0,0,0,0,0,0,2,111,,0;0;0;1,112,0,0,,,,0,1,,,,,,,,,,,,,,,,,,,,,,,,,,
111,upsert,3,L0096,2048,0,1787890366.0752163,10.789769411087036,11,0,111,1787890355.285447,base,agg_full@rho1.2,0,0.55,0.0,4,1.2,agg_full,1787890355.2854335,0,2048,,0,0,0,0,0,0,0,1,112,,0;0;0;0,112,0,0,,,,0,0,,,,,,,,,,,,,,,,,,,,,,,,,,
112,upsert,0,L0078,2560,0,1787890366.0753562,9.198657512664795,12,0,112,1787890356.8766987,base,agg_full@rho1.2,0,0.55,0.0,4,1.2,agg_full,1787890356.87667,0,2560,,0,0,0,0,0,0,0,2,113,,0;1;1;1,116,0,0,,,,0,3,,,,,,,,,,,,,,,,,,,,,,,,,,
113,upsert,3,L0069,2560,0,1787890366.0754304,9.198297023773193,13,0,113,1787890356.8771334,base,agg_full@rho1.2,0,0.55,0.0,4,1.2,agg_full,1787890356.8771122,2048,512,13.977331399917603,0,0,0,0,0,0,0,2,114,,0;1;1;0,116,1,0,,,,0,2,,,,,,,,,,,,,,,,,,,,,,,,,,
114,upsert,1,L0065,2560,0,1787890366.0754716,9.197996616363525,14,0,114,1787890356.877475,base,agg_full@rho1.2,0,0.55,0.0,4,1.2,agg_full,1787890356.8774612,0,2560,,0,0,0,0,0,0,0,2,115,,0;0;1;0,116,0,0,,,,0,1,,,,,,,,,,,,,,,,,,,,,,,,,,
115,upsert,2,L0066,2048,0,1787890366.075506,9.19773530960083,15,0,115,1787890356.8777707,base,agg_full@rho1.2,0,0.55,0.0,4,1.2,agg_full,1787890356.8777592,0,2048,,0,0,0,0,0,0,0,1,116,,0;0;0;0,116,0,0,,,,0,0,,,,,,,,,,,,,,,,,,,,,,,,,,
117,upsert,1,L0118,2048,0,1787890366.0755348,7.864161729812622,16,0,117,1787890358.211373,base,agg_full@rho1.2,0,0.55,0.0,4,1.2,agg_full,1787890358.2113543,0,2048,,0,0,0,0,0,0,0,1,117,33.85857033729553,0;0;1;1,120,0,0,,,,0,2,,,,,,,,,,,,,,,,,,,,,,,,,,
118,upsert,2,L0113,2048,0,1787890366.0755627,7.863828897476196,17,0,118,1787890358.2117338,base,agg_full@rho1.2,0,0.55,0.0,4,1.2,agg_full,1787890358.2117193,0,2048,,0,0,0,0,0,0,0,1,118,33.85857033729553,0;0;0;1,120,0,0,,,,0,1,,,,,,,,,,,,,,,,,,,,,,,,,,
119,upsert,3,L0069,3072,2560,1787890366.075592,7.863540172576904,18,0,119,1787890358.2120519,base,agg_full@rho1.2,0,0.55,0.0,4,1.2,agg_full,1787890358.2120342,2560,512,1.3349220752716064,0,0,0,0,0,0,0,3,119,33.85857033729553,0;0;0;0,120,1,0,,,,0,0,,,,,,,,,,,,,,,,,,,,,,,,,,
0,upsert,0,L0048,2048,0,1787890383.7567732,10.037503719329834,1,0,0,1787890373.7192695,base,exact_fifo@rho0.8,0,0.55,0.0,4,0.8,exact_fifo,1787890373.7192426,0,2048,,0,0,0,0,0,0,0,1,1,,0;1;1;1,4,0,0,,,,0,3,,,,,,,,,,,,,,,,,,,,,,,,,,
1,upsert,2,L0006,2048,0,1787890384.4633102,10.743884563446045,2,0,1,1787890373.7194257,base,exact_fifo@rho0.8,0,0.55,0.0,4,0.8,exact_fifo,1787890373.7194118,0,2048,,0,0,0,0,0,0,0,1,2,,0;1;0;1,4,0,0,,,,0,2,,,,,,,,,,,,,,,,,,,,,,,,,,
2,upsert,1,L0014,2048,0,1787890384.4634469,10.743916034698486,3,1,2,1787890373.7195308,base,exact_fifo@rho0.8,0,0.55,0.0,4,0.8,exact_fifo,1787890373.7195208,0,2048,,0,0,0,0,0,0,0,1,3,,0;0;0;1,4,0,1,0,0,1,0,1,57,57,10.041142463684082,,0,0,0,0,1,1,2560,2560,0,0.0,0.0,0.0,10743.916034698486,0.0,1834.281529,2608.0,0,0,0,0,0,0
3,upsert,3,L0023,2048,0,1787890385.5176995,11.798084735870361,4,2,3,1787890373.7196147,base,exact_fifo@rho0.8,0,0.55,0.0,4,0.8,exact_fifo,1787890373.719606,0,2048,,0,0,0,0,0,0,0,1,4,,0;0;0;0,4,0,1,0,0,1,0,0,46,46,3.678891897201538,,3,3,3,3,0,0,0,0,0,0.0,0.0,0.0,11798.084735870361,0.0,85.855527,2080.0,0,0,0,0,0,0
4,upsert,0,L0000,2048,0,1787890385.5178022,10.334134340286255,5,2,4,1787890375.183668,base,exact_fifo@rho0.8,0,0.55,0.0,4,0.8,exact_fifo,1787890375.1836421,0,2048,,0,0,0,0,0,0,0,2,5,,0;1;1;1,8,0,1,0,0,1,0,3,42,42,2.066192150115967,,3,3,3,3,1,1,2560,2560,0,0.0,0.0,0.0,10334.134340286255,0.0,1186.276118,2080.0,0,0,0,0,0,0
5,upsert,3,L0000,2560,0,1787890385.5178673,10.334031820297241,6,2,5,1787890375.1838355,base,exact_fifo@rho0.8,0,0.55,0.0,4,0.8,exact_fifo,1787890375.1838198,0,2560,,0,0,0,0,0,0,0,2,6,,0;1;1;0,8,0,1,0,1,0,0,2,42,42,2.066127061843872,,0,3,0,3,1,1,2048,2560,512,10.24,0.0,10.24,10334.031820297241,10.24,1186.276118,2080.0,1,1,1,10.24,10.24,10.24
6,upsert,1,L0002,2048,0,1787890385.5179193,10.33398151397705,7,0,6,1787890375.1839378,base,exact_fifo@rho0.8,0,0.55,0.0,4,0.8,exact_fifo,1787890375.1839268,0,2048,,0,0,0,0,0,0,0,1,7,,0;0;1;0,8,0,0,,,,0,1,,,,,,,,,,,,,,,,,,,,,,,,,,
7,upsert,2,L0028,2048,0,1787890385.517966,10.333946228027344,8,1,7,1787890375.1840198,base,exact_fifo@rho0.8,0,0.55,0.0,4,0.8,exact_fifo,1787890375.1840103,0,2048,,0,0,0,0,0,0,0,1,8,,0;0;0;0,8,0,1,0,1,0,0,0,55,55,6.522976636886597,,0,2,0,2,0,1,0,2048,2048,40.96,2.0,38.96,10333.946228027344,38.96,2151.402113,2080.0,1,1,1,38.96,38.96,38.96
8,upsert,0,L0040,2048,0,1787890385.51801,9.078213930130005,9,0,8,1787890376.439796,base,exact_fifo@rho0.8,0,0.55,0.0,4,0.8,exact_fifo,1787890376.439768,0,2048,,0,0,0,0,0,0,0,1,9,,0;1;1;1,12,0,0,,,,0,3,,,,,,,,,,,,,,,,,,,,,,,,,,
9,upsert,1,L0017,2048,0,1787890385.5180542,9.078075647354126,10,0,9,1787890376.4399786,base,exact_fifo@rho0.8,0,0.55,0.0,4,0.8,exact_fifo,1787890376.4399633,0,2048,,0,0,0,0,0,0,0,1,10,,0;0;1;1,12,0,0,,,,0,2,,,,,,,,,,,,,,,,,,,,,,,,,,
10,upsert,2,L0055,2048,0,1787890389.2459583,12.805878400802612,11,0,10,1787890376.44008,base,exact_fifo@rho0.8,0,0.55,0.0,4,0.8,exact_fifo,1787890376.4400678,0,2048,,0,0,0,0,0,0,0,1,11,,0;0;0;1,12,0,0,,,,0,1,,,,,,,,,,,,,,,,,,,,,,,,,,
11,upsert,3,L0000,3072,2560,1787890389.246036,12.805847644805908,12,1,11,1787890376.4401884,base,exact_fifo@rho0.8,0,0.55,0.0,4,0.8,exact_fifo,1787890376.4401731,2560,512,1.2563533782958984,0,0,0,0,0,0,0,3,12,,0;0;0;0,12,1,1,1,0,1,0,0,60,60,7.4148335456848145,,2,2,2,2,0,0,0,0,0,0.0,0.0,0.0,12805.847644805908,0.0,96.190926,2608.0,0,0,0,0,0,0
12,upsert,0,L0001,2048,0,1787890389.2460792,11.508645296096802,13,0,12,1787890377.737434,base,exact_fifo@rho0.8,0,0.55,0.0,4,0.8,exact_fifo,1787890377.7374077,0,2048,,0,0,0,0,0,0,0,1,13,,0;1;1;1,16,0,0,,,,0,3,,,,,,,,,,,,,,,,,,,,,,,,,,
13,upsert,2,L0047,2048,0,1787890389.246114,11.508508920669556,14,0,13,1787890377.737605,base,exact_fifo@rho0.8,0,0.55,0.0,4,0.8,exact_fifo,1787890377.7375903,0,2048,,0,0,0,0,0,0,0,1,14,,0;1;0;1,16,0,0,,,,0,2,,,,,,,,,,,,,,,,,,,,,,,,,,
14,upsert,1,L0058,2048,0,1787890389.2461429,11.508442163467407,15,0,14,1787890377.7377007,base,exact_fifo@rho0.8,0,0.55,0.0,4,0.8,exact_fifo,1787890377.73769,0,2048,,0,0,0,0,0,0,0,1,15,,0;0;0;1,16,0,0,,,,0,1,,,,,,,,,,,,,,,,,,,,,,,,,,
15,upsert,3,L0034,2048,0,1787890389.2461843,11.508400201797485,16,1,15,1787890377.7377841,base,exact_fifo@rho0.8,0,0.55,0.0,4,0.8,exact_fifo,1787890377.7377746,0,2048,,0,0,0,0,0,0,0,1,16,,0;0;0;0,16,0,1,0,1,0,0,0,50,50,1.0912015438079834,,1,3,1,3,0,0,0,2048,2048,40.96,0.0,40.96,11508.400201797485,40.96,481.568695,2080.0,1,1,1,40.96,40.96,40.96
16,upsert,0,L0023,2560,0,1787890389.2462099,9.976481199264526,17,1,16,1787890379.2697287,base,exact_fifo@rho0.8,0,0.55,0.0,4,0.8,exact_fifo,1787890379.2697005,0,2560,,0,0,0,0,0,0,0,2,17,,0;1;1;1,20,0,1,0,1,0,0,3,63,63,7.414803504943848,,3,0,3,0,1,0,0,0,0,0.0,-2.0,2.0,9976.481199264526,2.0,174.652395,2608.0,1,1,1,2.0,2.0,2.0
17,upsert,3,L0000,2048,3072,1787890389.246235,9.976333856582642,18,1,17,1787890379.269901,base,exact_fifo@rho0.8,0,0.55,0.0,4,0.8,exact_fifo,1787890379.269883,3072,-1024,2.829709768295288,0,0,0,0,0,0,0,5,18,,0;1;1;0,20,1,1,0,0,1,0,2,60,60,7.414634704589844,,2,2,2,2,0,0,0,0,0,0.0,0.0,0.0,9976.333856582642,0.0,96.190926,2608.0,0,0,0,0,0,0
18,upsert,1,L0000,2560,0,1787890393.6916108,14.421604871749878,19,1,18,1787890379.270006,base,exact_fifo@rho0.8,0,0.55,0.0,4,0.8,exact_fifo,1787890379.2699938,0,2560,,0,0,0,0,0,0,0,5,19,,0;0;1;0,20,0,1,0,0,1,0,1,60,60,2.9692587852478027,,2,2,2,2,0,0,0,0,0,0.0,0.0,0.0,14421.604871749878,0.0,96.190926,2608.0,0,0,0,0,0,0
19,upsert,2,L0046,2048,0,1787890393.6917198,14.421627759933472,20,1,19,1787890379.270092,base,exact_fifo@rho0.8,0,0.55,0.0,4,0.8,exact_fifo,1787890379.270082,0,2048,,0,0,0,0,0,0,0,1,20,,0;0;0;0,20,0,1,0,1,0,0,0,58,58,0.8129217624664307,,1,2,1,2,0,0,0,2048,2048,40.96,0.0,40.96,14421.627759933472,40.96,457.190176,2080.0,1,1,1,40.96,40.96,40.96
20,upsert,0,L0006,2560,0,1787890393.6917841,12.445976972579956,21,0,20,1787890381.2458072,base,exact_fifo@rho0.8,0,0.55,0.0,4,0.8,exact_fifo,1787890381.245779,0,2560,,0,0,0,0,0,0,0,2,21,,0;1;1;1,24,0,0,,,,0,3,,,,,,,,,,,,,,,,,,,,,,,,,,
21,upsert,1,L0012,2048,0,1787890393.6918445,12.445867776870728,22,0,21,1787890381.2459767,base,exact_fifo@rho0.8,0,0.55,0.0,4,0.8,exact_fifo,1787890381.2459612,0,2048,,0,0,0,0,0,0,0,1,22,,0;0;1;1,24,0,0,,,,0,2,,,,,,,,,,,,,,,,,,,,,,,,,,
22,upsert,2,L0000,3072,0,1787890393.6918793,12.44580364227295,23,1,22,1787890381.2460756,base,exact_fifo@rho0.8,0,0.55,0.0,4,0.8,exact_fifo,1787890381.246063,0,3072,,0,0,0,0,0,0,0,6,23,,0;0;0;1,24,0,1,0,1,0,0,1,60,60,2.9689903259277344,,1,2,1,2,0,0,0,0,0,0.0,0.0,0.0,12445.80364227295,0.0,96.190926,2608.0,1,1,1,0.0,0.0,0.0
23,upsert,3,L0059,2048,0,1787890393.6919086,12.445717573165894,24,0,23,1787890381.246191,base,exact_fifo@rho0.8,0,0.55,0.0,4,0.8,exact_fifo,1787890381.2461538,0,2048,,0,0,0,0,0,0,0,1,24,,0;0;0;0,24,0,0,,,,0,0,,,,,,,,,,,,,,,,,,,,,,,,,,
24,upsert,0,L0014,2560,0,1787890393.691937,10.854954481124878,25,1,24,1787890382.8369825,base,exact_fifo@rho0.8,0,0.55,0.0,4,0.8,exact_fifo,1787890382.836953,0,2560,,0,0,0,0,0,0,0,2,25,,0;1;1;1,28,0,1,0,1,0,0,3,57,57,0.8126523494720459,,1,0,1,0,0,1,2048,2560,512,10.24,2.0,8.24,10854.954481124878,8.24,1834.281529,2608.0,1,1,1,8.24,8.24,8.24
25,upsert,2,L0012,2560,0,1787890399.9959183,17.158770322799683,26,0,25,1787890382.837148,base,exact_fifo@rho0.8,0,0.55,0.0,4,0.8,exact_fifo,1787890382.8371346,0,2560,,0,0,0,0,0,0,0,2,26,,0;1;0;1,28,0,0,,,,0,2,,,,,,,,,,,,,,,,,,,,,,,,,,
26,upsert,1,L0029,2048,0,1787890399.9960444,17.158776998519897,27,0,26,1787890382.8372674,base,exact_fifo@rho0.8,0,0.55,0.0,4,0.8,exact_fifo,1787890382.8372555,0,2048,,0,0,0,0,0,0,0,1,27,,0;0;0;1,28,0,0,,,,0,1,,,,,,,,,,,,,,,,,,,,,,,,,,
27,upsert,3,L0001,2560,0,1787890399.9961116,17.15875744819641,28,0,27,1787890382.8373542,base,exact_fifo@rho0.8,0,0.55,0.0,4,0.8,exact_fifo,1787890382.8373442,0,2560,,0,0,0,0,0,0,0,2,28,,0;0;0;0,28,0,0,,,,0,0,,,,,,,,,,,,,,,,,,,,,,,,,,
28,upsert,0,L0030,2048,0,1787890399.996192,15.640803098678589,29,0,28,1787890384.3553889,base,exact_fifo@rho0.8,0,0.55,0.0,4,0.8,exact_fifo,1787890384.3553617,0,2048,,0,0,0,0,0,0,0,1,28,10.037503719329834,0;1;1;1,32,0,0,,,,0,3,,,,,,,,,,,,,,,,,,,,,,,,,,
29,upsert,3,L0010,2048,0,1787890399.9962435,15.640601873397827,30,0,29,1787890384.3556416,base,exact_fifo@rho0.8,0,0.55,0.0,4,0.8,exact_fifo,1787890384.355625,0,2048,,0,0,0,0,0,0,0,1,29,10.037503719329834,0;1;1;0,32,0,0,,,,0,2,,,,,,,,,,,,,,,,,,,,,,,,,,
30,upsert,1,L0009,2048,0,1787890399.9962902,15.640495777130127,31,0,30,1787890384.3557944,base,exact_fifo@rho0.8,0,0.55,0.0,4,0.8,exact_fifo,1787890384.3557818,0,2048,,0,0,0,0,0,0,0,1,30,10.037503719329834,0;0;1;0,32,0,0,,,,0,1,,,,,,,,,,,,,,,,,,,,,,,,,,
31,upsert,2,L0029,2560,0,1787890399.996338,15.640414476394653,32,0,31,1787890384.3559234,base,exact_fifo@rho0.8,0,0.55,0.0,4,0.8,exact_fifo,1787890384.355912,0,2560,,0,0,0,0,0,0,0,2,31,10.037503719329834,0;0;0;0,32,0,0,,,,0,0,,,,,,,,,,,,,,,,,,,,,,,,,,
32,upsert,0,L0003,2048,0,1787890399.9963815,14.406063556671143,33,0,32,1787890385.590318,base,exact_fifo@rho0.8,0,0.55,0.0,4,0.8,exact_fifo,1787890385.590293,0,2048,,0,0,0,0,0,0,0,1,23,10.281577253341675,0;1;1;1,36,0,0,,,,0,3,,,,,,,,,,,,,,,,,,,,,,,,,,
33,upsert,1,L0005,2048,0,1787890403.2350743,17.64428997039795,34,0,33,1787890385.5907843,base,exact_fifo@rho0.8,0,0.55,0.0,4,0.8,exact_fifo,1787890385.5907676,0,2048,,0,0,0,0,0,0,0,1,24,10.281577253341675,0;0;1;1,36,0,0,,,,0,2,,,,,,,,,,,,,,,,,,,,,,,,,,
34,upsert,2,L0027,2048,0,1787890403.2352293,17.644092798233032,35,0,34,1787890385.5911365,base,exact_fifo@rho0.8,0,0.55,0.0,4,0.8,exact_fifo,1787890385.5911226,0,2048,,0,0,0,0,0,0,0,1,25,10.281577253341675,0;0;0;1,36,0,0,,,,0,1,,,,,,,,,,,,,,,,,,,,,,,,,,
35,upsert,3,L0023,3072,2048,1787890403.235295,17.643813133239746,36,0,35,1787890385.591482,base,exact_fifo@rho0.8,0,0.55,0.0,4,0.8,exact_fifo,1787890385.5914652,2048,1024,11.871859312057495,0,2048,2048,0,2048,1,0,3,26,10.281577253341675,0;0;0;0,36,0,0,,,,0,0,,,,,,,,,,,,,,,,,,,,,,,,,,
36,upsert,0,L0029,3072,0,1787890403.2353473,15.653223276138306,37,0,36,1787890387.582124,base,exact_fifo@rho0.8,0,0.55,0.0,4,0.8,exact_fifo,1787890387.582096,0,3072,,0,0,0,0,0,0,0,3,27,10.281577253341675,0;1;1;1,40,0,0,,,,0,3,,,,,,,,,,,,,,,,,,,,,,,,,,
37,upsert,2,L0056,2048,0,1787890403.235391,15.652671098709106,38,0,37,1787890387.5827198,base,exact_fifo@rho0.8,0,0.55,0.0,4,0.8,exact_fifo,1787890387.5827029,0,2048,,0,0,0,0,0,0,0,1,28,10.281577253341675,0;1;0;1,40,0,0,,,,0,2,,,,,,,,,,,,,,,,,,,,,,,,,,
38,upsert,1,L0058,2560,2048,1787890403.2354212,15.652328491210938,39,0,38,1787890387.5830927,base,exact_fifo@rho0.8,0,0.55,0.0,4,0.8,exact_fifo,1787890387.5830753,2048,512,9.845385313034058,0,0,0,0,0,0,0,2,29,10.281577253341675,0;0;0;1,40,1,0,,,,0,1,,,,,,,,,,,,,,,,,,,,,,,,,,
39,upsert,3,L0030,2560,0,1787890403.2354481,15.65196681022644,40,0,39,1787890387.5834813,base,exact_fifo@rho0.8,0,0.55,0.0,4,0.8,exact_fifo,1787890387.5834677,0,2560,,0,0,0,0,0,0,0,2,30,10.281577253341675,0;0;0;0,40,0,0,,,,0,0,,,,,,,,,,,,,,,,,,,,,,,,,,
40,upsert,0,L0036,2048,0,1787890407.3220115,18.127234935760498,41,0,40,1787890389.1947765,base,exact_fifo@rho0.8,0,0.55,0.0,4,0.8,exact_fifo,1787890389.1947484,0,2048,,0,0,0,0,0,0,0,2,31,10.281577253341675,0;1;0;2,45,0,0,,,,0,3,,,,,,,,,,,,,,,,,,,,,,,,,,
41,upsert,3,L0011,2048,0,1787890407.3221378,18.12681484222412,42,0,41,1787890389.195323,base,exact_fifo@rho0.8,0,0.55,0.0,4,0.8,exact_fifo,1787890389.1953044,0,2048,,0,0,0,0,0,0,0,1,32,10.281577253341675,0;1;0;1,45,0,0,,,,0,2,,,,,,,,,,,,,,,,,,,,,,,,,,
42,upsert,3,L0000,2048,2048,1787890407.3222268,18.126516819000244,43,0,42,1787890389.19571,base,exact_fifo@rho0.8,0,0.55,0.0,4,0.8,exact_fifo,1787890389.195693,2048,0,9.925810098648071,0,2560,2560,2048,512,2,0,7,33,10.281577253341675,0;1;0;0,45,1,0,,,,0,1,,,,,,,,,,,,,,,,,,,,,,,,,,
43,upsert,1,L0036,2560,0,1787890407.3222795,18.126218557357788,44,0,43,1787890389.196061,base,exact_fifo@rho0.8,0,0.55,0.0,4,0.8,exact_fifo,1787890389.1960464,0,2560,,0,0,0,0,0,0,0,2,34,10.281577253341675,0;0;0;0,45,0,0,,,,0,0,,,,,,,,,,,,,,,,,,,,,,,,,,
44,upsert,1,L0004,2048,0,1787890407.322325,16.986692905426025,45,0,44,1787890390.335632,base,exact_fifo@rho0.8,0,0.55,0.0,4,0.8,exact_fifo,1787890390.3356042,0,2048,,0,0,0,0,0,0,0,1,27,10.800795012050205,1;0;1;1,50,0,0,,,,0,3,,,,,,,,,,,,,,,,,,,,,,,,,,
45,upsert,2,L0038,2048,0,1787890407.3223698,16.98625349998474,46,0,45,1787890390.3361163,base,exact_fifo@rho0.8,0,0.55,0.0,4,0.8,exact_fifo,1787890390.3360987,0,2048,,0,0,0,0,0,0,0,1,28,10.800795012050205,1;0;0;1,50,0,0,,,,0,2,,,,,,,,,,,,,,,,,,,,,,,,,,
46,upsert,3,L0023,2048,3072,1787890407.3224008,16.98586368560791,47,0,46,1787890390.3365371,base,exact_fifo@rho0.8,0,0.55,0.0,4,0.8,exact_fifo,1787890390.3365192,3072,-1024,4.745054006576538,0,2048,2560,2048,512,2,0,4,29,10.800795012050205,1;0;0;0,50,1,0,,,,0,1,,,,,,,,,,,,,,,,,,,,,,,,,,
47,upsert,0,L0018,2048,0,1787890407.3224282,16.985539197921753,48,0,47,1787890390.336889,base,exact_fifo@rho0.8,0,0.55,0.0,4,0.8,exact_fifo,1787890390.3368766,0,2048,,0,0,0,0,0,0,0,1,30,10.800795012050205,0;0;0;0,50,0,0,,,,0,0,,,,,,,,,,,,,,,,,,,,,,,,,,
48,upsert,2,L0010,2560,0,1787890414.9959078,22.956872701644897,49,0,48,1787890392.039035,base,exact_fifo@rho0.8,0,0.55,0.0,4,0.8,exact_fifo,1787890392.0390067,0,2560,,0,0,0,0,0,0,0,2,31,10.800795012050205,1;1;0;1,55,0,0,,,,0,3,,,,,,,,,,,,,,,,,,,,,,,,,,
49,upsert,0,L0005,2560,0,1787890414.996026,22.956409215927124,50,0,49,1787890392.0396168,base,exact_fifo@rho0.8,0,0.55,0.0,4,0.8,exact_fifo,1787890392.0396001,0,2560,,0,0,0,0,0,0,0,2,32,10.800795012050205,0;1;0;1,55,0,0,,,,0,2,,,,,,,,,,,,,,,,,,,,,,,,,,
50,upsert,3,L0034,2560,2048,1787890414.9960918,22.95606565475464,51,0,50,1787890392.0400262,base,exact_fifo@rho0.8,0,0.55,0.0,4,0.8,exact_fifo,1787890392.0400093,2048,512,14.302234649658203,0,2048,2048,0,2048,1,0,2,33,10.800795012050205,0;1;0;0,55,0,0,,,,0,1,,,,,,,,,,,,,,,,,,,,,,,,,,
51,upsert,1,L0044,2048,0,1787890414.9961443,22.955724000930786,52,0,51,1787890392.0404203,base,exact_fifo@rho0.8,0,0.55,0.0,4,0.8,exact_fifo,1787890392.040407,0,2048,,0,0,0,0,0,0,0,1,34,10.800795012050205,0;0;0;0,55,0,0,,,,0,0,,,,,,,,,,,,,,,,,,,,,,,,,,
52,upsert,3,L0062,2048,0,1787890414.9962153,20.4934344291687,53,0,52,1787890394.502781,base,exact_fifo@rho0.8,0,0.55,0.0,4,0.8,exact_fifo,1787890394.5027573,0,2048,,0,0,0,0,0,0,0,1,28,11.355834531784058,0;1;2;0,60,0,0,,,,0,3,,,,,,,,,,,,,,,,,,,,,,,,,,
53,upsert,2,L0011,2560,0,1787890414.9962592,20.492963552474976,54,0,53,1787890394.5032957,base,exact_fifo@rho0.8,0,0.55,0.0,4,0.8,exact_fifo,1787890394.5032792,0,2560,,0,0,0,0,0,0,0,2,29,11.355834531784058,0;1;1;0,60,0,0,,,,0,2,,,,,,,,,,,,,,,,,,,,,,,,,,
54,upsert,1,L0031,2048,0,1787890414.9962971,20.492579698562622,55,0,54,1787890394.5037174,base,exact_fifo@rho0.8,0,0.55,0.0,4,0.8,exact_fifo,1787890394.5037029,0,2048,,0,0,0,0,0,0,0,1,30,11.355834531784058,0;0;1;0,60,0,0,,,,0,1,,,,,,,,,,,,,,,,,,,,,,,,,,
55,upsert,2,L0028,2560,2048,1787890414.9963355,20.492258548736572,56,0,55,1787890394.504077,base,exact_fifo@rho0.8,0,0.55,0.0,4,0.8,exact_fifo,1787890394.5040607,2048,512,19.320050477981567,0,2048,2048,0,2048,1,0,2,31,11.355834531784058,0;0;0;0,60,0,0,,,,0,0,,,,,,,,,,,,,,,,,,,,,,,,,,
56,upsert,0,L0016,2048,0,1787890419.8002677,23.141252279281616,57,0,56,1787890396.6590154,base,exact_fifo@rho0.8,0,0.55,0.0,4,0.8,exact_fifo,1787890396.658992,0,2048,,0,0,0,0,0,0,0,1,32,11.355834531784058,1;0;1;1,66,0,0,,,,0,3,,,,,,,,,,,,,,,,,,,,,,,,,,
57,upsert,0,L0014,3072,2560,1787890419.8004014,23.14082407951355,58,0,57,1787890396.6595774,base,exact_fifo@rho0.8,0,0.55,0.0,4,0.8,exact_fifo,1787890396.6595573,2560,512,13.822604417800903,0,2560,2560,2048,512,2,0,3,33,11.355834531784058,0;0;1;1,66,0,0,,,,0,2,,,,,,,,,,,,,,,,,,,,,,,,,,
58,upsert,2,L0046,2560,2048,1787890419.800467,23.140422821044922,59,0,58,1787890396.6600442,base,exact_fifo@rho0.8,0,0.55,0.0,4,0.8,exact_fifo,1787890396.660028,2048,512,17.38994598388672,0,2048,2048,0,2048,1,0,2,34,11.355834531784058,0;0;0;1,66,0,0,,,,0,1,,,,,,,,,,,,,,,,,,,,,,,,,,
59,upsert,3,L0042,2048,0,1787890419.800516,23.140061378479004,60,0,59,1787890396.6604545,base,exact_fifo@rho0.8,0,0.55,0.0,4,0.8,exact_fifo,1787890396.6604395,0,2048,,0,0,0,0,0,0,0,1,35,11.355834531784058,0;0;0;0,66,0,0,,,,0,0,,,,,,,,,,,,,,,,,,,,,,,,,,
60,upsert,2,L0000,2560,3072,1787890419.8005743,21.66811990737915,61,0,60,1787890398.1324544,base,exact_fifo@rho0.8,0,0.55,0.0,4,0.8,exact_fifo,1787890398.1324234,3072,-512,16.88636040687561,0,3072,3072,2560,512,4,0,8,36,11.355834531784058,1;1;0;1,72,0,0,,,,0,3,,,,,,,,,,,,,,,,,,,,,,,,,,
61,upsert,3,L0056,2560,0,1787890419.8006184,21.66758704185486,62,0,61,1787890398.1330314,base,exact_fifo@rho0.8,0,0.55,0.0,4,0.8,exact_fifo,1787890398.1330123,0,2560,,0,0,0,0,0,0,0,2,37,11.355834531784058,1;1;0;0,72,0,0,,,,0,2,,,,,,,,,,,,,,,,,,,,,,,,,,
62,upsert,1,L0063,2048,0,1787890419.8006585,21.667191982269287,63,0,62,1787890398.1334665,base,exact_fifo@rho0.8,0,0.55,0.0,4,0.8,exact_fifo,1787890398.1334515,0,2048,,0,0,0,0,0,0,0,1,38,11.355834531784058,1;0;0;0,72,0,0,,,,0,1,,,,,,,,,,,,,,,,,,,,,,,,,,
63,upsert,0,L0023,2560,2560,1787890424.2459142,26.11208415031433,64,0,63,1787890398.13383,base,exact_fifo@rho0.8,0,0.55,0.0,4,0.8,exact_fifo,1787890398.1338139,2560,0,18.864113330841064,0,2560,2560,2048,512,2,0,5,39,11.355834531784058,0;0;0;0,72,0,0,,,,0,0,,,,,,,,,,,,,,,,,,,,,,,,,,
64,upsert,0,L0067,2048,0,1787890424.2460327,24.742616415023804,65,0,64,1787890399.5034163,base,exact_fifo@rho0.8,0,0.55,0.0,4,0.8,exact_fifo,1787890399.5033872,0,2048,,0,0,0,0,0,0,0,1,40,11.355834531784058,0;1;1;1,76,0,0,,,,0,3,,,,,,,,,,,,,,,,,,,,,,,,,,
65,upsert,2,L0072,2048,0,1787890424.2460961,24.74216938018799,66,0,65,1787890399.5039268,base,exact_fifo@rho0.8,0,0.55,0.0,4,0.8,exact_fifo,1787890399.5039093,0,2048,,0,0,0,0,0,0,0,1,41,11.355834531784058,0;1;0;1,76,0,0,,,,0,2,,,,,,,,,,,,,,,,,,,,,,,,,,
66,upsert,1,L0121,2048,0,1787890424.2461462,24.741827964782715,67,0,66,1787890399.5043182,base,exact_fifo@rho0.8,0,0.55,0.0,4,0.8,exact_fifo,1787890399.5043037,0,2048,,0,0,0,0,0,0,0,1,42,11.355834531784058,0;0;0;1,76,0,0,,,,0,1,,,,,,,,,,,,,,,,,,,,,,,,,,
67,upsert,3,L0091,2048,0,1787890424.2462413,24.741570472717285,68,0,67,1787890399.5046709,base,exact_fifo@rho0.8,0,0.55,0.0,4,0.8,exact_fifo,1787890399.5046587,0,2048,,0,0,0,0,0,0,0,1,43,11.355834531784058,0;0;0;0,76,0,0,,,,0,0,,,,,,,,,,,,,,,,,,,,,,,,,,
68,upsert,0,L0083,2048,0,1787890424.2462826,23.37606716156006,69,0,68,1787890400.8702154,base,exact_fifo@rho0.8,0,0.55,0.0,4,0.8,exact_fifo,1787890400.8701897,0,2048,,0,0,0,0,0,0,0,1,36,12.571970097720623,0;1;1;1,80,0,0,,,,0,3,,,,,,,,,,,,,,,,,,,,,,,,,,
69,upsert,3,L0124,2048,0,1787890424.246325,23.37558650970459,70,0,69,1787890400.8707385,base,exact_fifo@rho0.8,0,0.55,0.0,4,0.8,exact_fifo,1787890400.870721,0,2048,,0,0,0,0,0,0,0,1,37,12.571970097720623,0;1;1;0,80,0,0,,,,0,2,,,,,,,,,,,,,,,,,,,,,,,,,,
70,upsert,1,L0076,2048,0,1787890424.2463634,23.3752384185791,71,0,70,1787890400.871125,base,exact_fifo@rho0.8,0,0.55,0.0,4,0.8,exact_fifo,1787890400.871109,0,2048,,0,0,0,0,0,0,0,1,38,12.571970097720623,0;0;1;0,80,0,0,,,,0,1,,,,,,,,,,,,,,,,,,,,,,,,,,
71,upsert,2,L0077,2048,0,1787890428.6915567,27.8200581073761,72,0,71,1787890400.8714986,base,exact_fifo@rho0.8,0,0.55,0.0,4,0.8,exact_fifo,1787890400.8714855,0,2048,,0,0,0,0,0,0,0,1,39,12.571970097720623,0;0;0;0,80,0,0,,,,0,0,,,,,,,,,,,,,,,,,,,,,,,,,,
72,upsert,0,L0081,2048,0,1787890428.6916597,26.323522806167603,73,0,72,1787890402.368137,base,exact_fifo@rho0.8,0,0.55,0.0,4,0.8,exact_fifo,1787890402.3681104,0,2048,,0,0,0,0,0,0,0,2,40,12.571970097720623,0;1;1;1,84,0,0,,,,0,3,,,,,,,,,,,,,,,,,,,,,,,,,,
73,upsert,1,L0106,2048,0,1787890428.6917238,26.32305932044983,74,0,73,1787890402.3686645,base,exact_fifo@rho0.8,0,0.55,0.0,4,0.8,exact_fifo,1787890402.3686464,0,2048,,0,0,0,0,0,0,0,1,41,12.571970097720623,0;0;1;1,84,0,0,,,,0,2,,,,,,,,,,,,,,,,,,,,,,,,,,
74,upsert,2,L0081,2560,0,1787890428.6917722,26.32272219657898,75,0,74,1787890402.36905,base,exact_fifo@rho0.8,0,0.55,0.0,4,0.8,exact_fifo,1787890402.3690372,0,2560,,0,0,0,0,0,0,0,2,42,12.571970097720623,0;0;0;1,84,0,0,,,,0,1,,,,,,,,,,,,,,,,,,,,,,,,,,
75,upsert,3,L0094,2048,0,1787890428.6918175,26.3223614692688,76,0,75,1787890402.369456,base,exact_fifo@rho0.8,0,0.55,0.0,4,0.8,exact_fifo,1787890402.3694437,0,2048,,0,0,0,0,0,0,0,1,43,12.571970097720623,0;0;0;0,84,0,0,,,,0,0,,,,,,,,,,,,,,,,,,,,,,,,,,
76,upsert,0,L0075,2048,0,1787890428.6918595,25.082592248916626,77,0,76,1787890403.6092672,base,exact_fifo@rho0.8,0,0.55,0.0,4,0.8,exact_fifo,1787890403.6092398,0,2048,,0,0,0,0,0,0,0,1,37,13.850732795894146,0;1;1;1,88,0,0,,,,0,3,,,,,,,,,,,,,,,,,,,,,,,,,,
77,upsert,2,L0069,2048,0,1787890428.691906,25.082094430923462,78,0,77,1787890403.6098115,base,exact_fifo@rho0.8,0,0.55,0.0,4,0.8,exact_fifo,1787890403.6097944,0,2048,,0,0,0,0,0,0,0,1,38,13.850732795894146,0;1;0;1,88,0,0,,,,0,2,,,,,,,,,,,,,,,,,,,,,,,,,,
78,upsert,1,L0068,2048,0,1787890432.7785106,29.168299674987793,79,0,78,1787890403.610211,base,exact_fifo@rho0.8,0,0.55,0.0,4,0.8,exact_fifo,1787890403.6101968,0,2048,,0,0,0,0,0,0,0,1,39,13.850732795894146,0;0;0;1,88,0,0,,,,0,1,,,,,,,,,,,,,,,,,,,,,,,,,,
79,upsert,3,L0065,2048,0,1787890432.778612,29.16803765296936,80,0,79,1787890403.6105742,base,exact_fifo@rho0.8,0,0.55,0.0,4,0.8,exact_fifo,1787890403.6105614,0,2048,,0,0,0,0,0,0,0,1,40,13.850732795894146,0;0;0;0,88,0,0,,,,0,0,,,,,,,,,,,,,,,,,,,,,,,,,,
80,upsert,0,L0104,2048,0,1787890432.778674,27.59397315979004,81,0,80,1787890405.1847007,base,exact_fifo@rho0.8,0,0.55,0.0,4,0.8,exact_fifo,1787890405.1846766,0,2048,,0,0,0,0,0,0,0,1,41,13.850732795894146,0;1;1;1,92,0,0,,,,0,3,,,,,,,,,,,,,,,,,,,,,,,,,,
81,upsert,3,L0121,2560,0,1787890432.778721,27.593481063842773,82,0,81,1787890405.18524,base,exact_fifo@rho0.8,0,0.55,0.0,4,0.8,exact_fifo,1787890405.1852233,0,2560,,0,0,0,0,0,0,0,2,42,13.850732795894146,0;1;1;0,92,0,0,,,,0,2,,,,,,,,,,,,,,,,,,,,,,,,,,
82,upsert,1,L0086,2048,0,1787890432.7787647,27.59305715560913,83,0,82,1787890405.1857076,base,exact_fifo@rho0.8,0,0.55,0.0,4,0.8,exact_fifo,1787890405.1856916,0,2048,,0,0,0,0,0,0,0,1,43,13.850732795894146,0;0;1;0,92,0,0,,,,0,1,,,,,,,,,,,,,,,,,,,,,,,,,,
83,upsert,2,L0068,2560,0,1787890432.778804,27.592716455459595,84,0,83,1787890405.1860876,base,exact_fifo@rho0.8,0,0.55,0.0,4,0.8,exact_fifo,1787890405.1860743,0,2560,,0,0,0,0,0,0,0,2,44,13.850732795894146,0;0;0;0,92,0,0,,,,0,0,,,,,,,,,,,,,,,,,,,,,,,,,,
84,upsert,0,L0094,2560,0,1787890432.7788415,25.98103141784668,85,0,84,1787890406.79781,base,exact_fifo@rho0.8,0,0.55,0.0,4,0.8,exact_fifo,1787890406.797783,0,2560,,0,0,0,0,0,0,0,2,45,13.850732795894146,0;1;1;1,96,0,0,,,,0,3,,,,,,,,,,,,,,,,,,,,,,,,,,
85,upsert,1,L0072,2560,0,1787890432.7788823,25.980481386184692,86,0,85,1787890406.7984009,base,exact_fifo@rho0.8,0,0.55,0.0,4,0.8,exact_fifo,1787890406.7983835,0,2560,,0,0,0,0,0,0,0,2,46,13.850732795894146,0;0;1;1,96,0,0,,,,0,2,,,,,,,,,,,,,,,,,,,,,,,,,,
86,upsert,2,L0103,2048,0,1787890437.2242138,30.4253830909729,87,0,86,1787890406.7988307,base,exact_fifo@rho0.8,0,0.55,0.0,4,0.8,exact_fifo,1787890406.7988145,0,2048,,0,0,0,0,0,0,0,1,47,13.850732795894146,0;0;0;1,96,0,0,,,,0,1,,,,,,,,,,,,,,,,,,,,,,,,,,
87,upsert,3,L0067,2560,0,1787890437.2243385,30.425129175186157,88,0,87,1787890406.7992094,base,exact_fifo@rho0.8,0,0.55,0.0,4,0.8,exact_fifo,1787890406.799196,0,2560,,0,0,0,0,0,0,0,2,48,13.850732795894146,0;0;0;0,96,0,0,,,,0,0,,,,,,,,,,,,,,,,,,,,,,,,,,
88,upsert,0,L0064,2048,0,1787890437.2244012,28.856375455856323,89,0,88,1787890408.3680258,base,exact_fifo@rho0.8,0,0.55,0.0,4,0.8,exact_fifo,1787890408.3679984,0,2048,,0,0,0,0,0,0,0,1,41,15.43351786583662,0;1;1;1,100,0,0,,,,0,3,,,,,,,,,,,,,,,,,,,,,,,,,,
89,upsert,2,L0088,2048,0,1787890437.2244525,28.855868816375732,90,0,89,1787890408.3685837,base,exact_fifo@rho0.8,0,0.55,0.0,4,0.8,exact_fifo,1787890408.3685665,0,2048,,0,0,0,0,0,0,0,1,42,15.43351786583662,0;1;0;1,100,0,0,,,,0,2,,,,,,,,,,,,,,,,,,,,,,,,,,
90,upsert,1,L0100,2048,0,1787890437.2244956,28.855520725250244,91,0,90,1787890408.368975,base,exact_fifo@rho0.8,0,0.55,0.0,4,0.8,exact_fifo,1787890408.368961,0,2048,,0,0,0,0,0,0,0,1,43,15.43351786583662,0;0;0;1,100,0,0,,,,0,1,,,,,,,,,,,,,,,,,,,,,,,,,,
91,upsert,3,L0076,2560,0,1787890437.224545,28.85519790649414,92,0,91,1787890408.369347,base,exact_fifo@rho0.8,0,0.55,0.0,4,0.8,exact_fifo,1787890408.3693342,0,2560,,0,0,0,0,0,0,0,2,44,15.43351786583662,0;0;0;0,100,0,0,,,,0,0,,,,,,,,,,,,,,,,,,,,,,,,,,
92,upsert,0,L0105,2048,0,1787890437.2245884,27.675908088684082,93,0,92,1787890409.5486803,base,exact_fifo@rho0.8,0,0.55,0.0,4,0.8,exact_fifo,1787890409.5486507,0,2048,,0,0,0,0,0,0,0,1,45,15.43351786583662,0;1;1;1,104,0,0,,,,0,3,,,,,,,,,,,,,,,,,,,,,,,,,,
93,upsert,3,L0125,2048,0,1787890437.2246337,27.675406455993652,94,0,93,1787890409.5492272,base,exact_fifo@rho0.8,0,0.55,0.0,4,0.8,exact_fifo,1787890409.5492096,0,2048,,0,0,0,0,0,0,0,1,46,15.43351786583662,0;1;1;0,104,0,0,,,,0,2,,,,,,,,,,,,,,,,,,,,,,,,,,
94,upsert,1,L0115,2048,0,1787890441.669821,32.1201958656311,95,0,94,1787890409.5496252,base,exact_fifo@rho0.8,0,0.55,0.0,4,0.8,exact_fifo,1787890409.5496094,0,2048,,0,0,0,0,0,0,0,1,47,15.43351786583662,0;0;1;0,104,0,0,,,,0,1,,,,,,,,,,,,,,,,,,,,,,,,,,
95,upsert,2,L0074,2048,0,1787890441.669933,32.1199426651001,96,0,95,1787890409.5499904,base,exact_fifo@rho0.8,0,0.55,0.0,4,0.8,exact_fifo,1787890409.549978,0,2048,,0,0,0,0,0,0,0,1,48,15.43351786583662,0;0;0;0,104,0,0,,,,0,0,,,,,,,,,,,,,,,,,,,,,,,,,,
96,upsert,0,L0091,2560,0,1787890441.6699893,30.078141450881958,97,0,96,1787890411.591848,base,exact_fifo@rho0.8,0,0.55,0.0,4,0.8,exact_fifo,1787890411.5918198,0,2560,,0,0,0,0,0,0,0,2,49,15.43351786583662,0;1;1;1,108,0,0,,,,0,3,,,,,,,,,,,,,,,,,,,,,,,,,,
97,upsert,1,L0064,2560,0,1787890441.670036,30.077592134475708,98,0,97,1787890411.592444,base,exact_fifo@rho0.8,0,0.55,0.0,4,0.8,exact_fifo,1787890411.592427,0,2560,,0,0,0,0,0,0,0,2,50,15.43351786583662,0;0;1;1,108,0,0,,,,0,2,,,,,,,,,,,,,,,,,,,,,,,,,,
98,upsert,2,L0100,2560,0,1787890441.6700935,30.077208757400513,99,0,98,1787890411.5928848,base,exact_fifo@rho0.8,0,0.55,0.0,4,0.8,exact_fifo,1787890411.592869,0,2560,,0,0,0,0,0,0,0,2,51,15.43351786583662,0;0;0;1,108,0,0,,,,0,1,,,,,,,,,,,,,,,,,,,,,,,,,,
99,upsert,3,L0068,3072,0,1787890441.670145,30.076838970184326,100,0,99,1787890411.593306,base,exact_fifo@rho0.8,0,0.55,0.0,4,0.8,exact_fifo,1787890411.5932927,0,3072,,0,0,0,0,0,0,0,3,52,15.43351786583662,0;0;0;0,108,0,0,,,,0,0,,,,,,,,,,,,,,,,,,,,,,,,,,
100,upsert,0,L0120,2048,0,1787890441.6702356,28.800156831741333,101,0,100,1787890412.8700788,base,exact_fifo@rho0.8,0,0.55,0.0,4,0.8,exact_fifo,1787890412.8700516,0,2048,,0,0,0,0,0,0,0,1,53,15.43351786583662,0;1;1;1,112,0,0,,,,0,3,,,,,,,,,,,,,,,,,,,,,,,,,,
101,upsert,2,L0116,2048,0,1787890445.039376,32.168750286102295,102,0,101,1787890412.8706257,base,exact_fifo@rho0.8,0,0.55,0.0,4,0.8,exact_fifo,1787890412.8706088,0,2048,,0,0,0,0,0,0,0,1,54,15.43351786583662,0;1;0;1,112,0,0,,,,0,2,,,,,,,,,,,,,,,,,,,,,,,,,,
102,upsert,1,L0078,2048,0,1787890445.0394812,32.16846418380737,103,0,102,1787890412.871017,base,exact_fifo@rho0.8,0,0.55,0.0,4,0.8,exact_fifo,1787890412.871003,0,2048,,0,0,0,0,0,0,0,1,55,15.43351786583662,0;0;0;1,112,0,0,,,,0,1,,,,,,,,,,,,,,,,,,,,,,,,,,
103,upsert,3,L0087,2048,0,1787890445.0395389,32.16814589500427,104,0,103,1787890412.871393,base,exact_fifo@rho0.8,0,0.55,0.0,4,0.8,exact_fifo,1787890412.8713787,0,2048,,0,0,0,0,0,0,0,1,56,15.43351786583662,0;0;0;0,112,0,0,,,,0,0,,,,,,,,,,,,,,,,,,,,,,,,,,
104,upsert,0,L0108,2048,0,1787890445.0395858,30.722890853881836,105,0,104,1787890414.316695,base,exact_fifo@rho0.8,0,0.55,0.0,4,0.8,exact_fifo,1787890414.3166661,0,2048,,0,0,0,0,0,0,0,1,57,15.43351786583662,0;1;1;1,116,0,0,,,,0,3,,,,,,,,,,,,,,,,,,,,,,,,,,
105,upsert,3,L0068,2048,3072,1787890445.0396287,30.722370147705078,106,0,105,1787890414.3172586,base,exact_fifo@rho0.8,0,0.55,0.0,4,0.8,exact_fifo,1787890414.317238,3072,-1024,2.723945379257202,0,0,0,0,0,0,0,4,58,15.43351786583662,0;1;1;0,116,1,0,,,,0,2,,,,,,,,,,,,,,,,,,,,,,,,,,
106,upsert,1,L0074,2560,0,1787890445.0396721,30.722007513046265,107,0,106,1787890414.3176646,base,exact_fifo@rho0.8,0,0.55,0.0,4,0.8,exact_fifo,1787890414.3176498,0,2560,,0,0,0,0,0,0,0,2,59,15.43351786583662,0;0;1;0,116,0,0,,,,0,1,,,,,,,,,,,,,,,,,,,,,,,,,,
107,upsert,2,L0100,3072,2560,1787890445.039716,30.72164487838745,108,0,107,1787890414.3180711,base,exact_fifo@rho0.8,0,0.55,0.0,4,0.8,exact_fifo,1787890414.3180542,2560,512,2.7251851558685303,0,0,0,0,0,0,0,3,60,15.43351786583662,0;0;0;0,116,1,0,,,,0,0,,,,,,,,,,,,,,,,,,,,,,,,,,
108,upsert,0,L0097,2048,0,1787890445.0397553,29.234684705734253,109,0,108,1787890415.8050706,base,exact_fifo@rho0.8,0,0.55,0.0,4,0.8,exact_fifo,1787890415.8050423,0,2048,,0,0,0,0,0,0,0,1,53,17.784045808017254,0;1;1;1,120,0,0,,,,0,3,,,,,,,,,,,,,,,,,,,,,,,,,,
109,upsert,1,L0074,3072,2560,1787890447.4016037,31.595956325531006,110,0,109,1787890415.8056474,base,exact_fifo@rho0.8,0,0.55,0.0,4,0.8,exact_fifo,1787890415.8056262,2560,512,1.487976312637329,0,0,0,0,0,0,0,3,54,17.784045808017254,0;0;1;1,120,1,0,,,,0,2,,,,,,,,,,,,,,,,,,,,,,,,,,
110,upsert,2,L0075,2560,0,1787890447.4017067,31.59559178352356,111,0,110,1787890415.806115,base,exact_fifo@rho0.8,0,0.55,0.0,4,0.8,exact_fifo,1787890415.8061004,0,2560,,0,0,0,0,0,0,0,2,55,17.784045808017254,0;0;0;1,120,0,0,,,,0,1,,,,,,,,,,,,,,,,,,,,,,,,,,
111,upsert,3,L0096,2048,0,1787890447.4017718,31.59523844718933,112,0,111,1787890415.8065333,base,exact_fifo@rho0.8,0,0.55,0.0,4,0.8,exact_fifo,1787890415.8065186,0,2048,,0,0,0,0,0,0,0,1,56,17.784045808017254,0;0;0;0,120,0,0,,,,0,0,,,,,,,,,,,,,,,,,,,,,,,,,,
112,upsert,0,L0078,2560,0,1787890447.4018226,30.066045999526978,113,0,112,1787890417.3357766,base,exact_fifo@rho0.8,0,0.55,0.0,4,0.8,exact_fifo,1787890417.3357472,0,2560,,0,0,0,0,0,0,0,2,57,17.784045808017254,0;1;1;1,124,0,0,,,,0,3,,,,,,,,,,,,,,,,,,,,,,,,,,
113,upsert,2,L0069,2560,2048,1787890447.4018688,30.065494298934937,114,0,113,1787890417.3363745,base,exact_fifo@rho0.8,0,0.55,0.0,4,0.8,exact_fifo,1787890417.3363543,2048,512,13.72655987739563,0,0,0,0,0,0,0,2,58,17.784045808017254,0;1;0;1,124,1,0,,,,0,2,,,,,,,,,,,,,,,,,,,,,,,,,,
114,upsert,1,L0065,2560,0,1787890447.4019108,30.06510090827942,115,0,114,1787890417.3368099,base,exact_fifo@rho0.8,0,0.55,0.0,4,0.8,exact_fifo,1787890417.336795,0,2560,,0,0,0,0,0,0,0,2,59,17.784045808017254,0;0;0;1,124,0,0,,,,0,1,,,,,,,,,,,,,,,,,,,,,,,,,,
115,upsert,3,L0066,2048,0,1787890447.401953,30.064723014831543,116,0,115,1787890417.33723,base,exact_fifo@rho0.8,0,0.55,0.0,4,0.8,exact_fifo,1787890417.3372169,0,2048,,0,0,0,0,0,0,0,1,60,17.784045808017254,0;0;0;0,124,0,0,,,,0,0,,,,,,,,,,,,,,,,,,,,,,,,,,
116,upsert,0,L0068,2560,0,1787890447.4019952,28.422226190567017,117,0,116,1787890418.979769,base,exact_fifo@rho0.8,0,0.55,0.0,4,0.8,exact_fifo,1787890418.9797404,0,2560,,0,0,0,0,0,0,0,5,61,17.784045808017254,0;1;1;1,128,0,0,,,,0,3,,,,,,,,,,,,,,,,,,,,,,,,,,
117,upsert,3,L0118,2048,0,1787890449.485041,30.5046443939209,118,0,117,1787890418.9803965,base,exact_fifo@rho0.8,0,0.55,0.0,4,0.8,exact_fifo,1787890418.9803777,0,2048,,0,0,0,0,0,0,0,1,62,17.784045808017254,0;1;1;0,128,0,0,,,,0,2,,,,,,,,,,,,,,,,,,,,,,,,,,
118,upsert,1,L0113,2048,0,1787890449.485138,30.50432801246643,119,0,118,1787890418.98081,base,exact_fifo@rho0.8,0,0.55,0.0,4,0.8,exact_fifo,1787890418.9807954,0,2048,,0,0,0,0,0,0,0,1,63,17.784045808017254,0;0;1;0,128,0,0,,,,0,1,,,,,,,,,,,,,,,,,,,,,,,,,,
119,upsert,2,L0069,3072,2560,1787890449.485218,30.504020929336548,120,0,119,1787890418.981197,base,exact_fifo@rho0.8,0,0.55,0.0,4,0.8,exact_fifo,1787890418.9811795,2560,512,1.6448252201080322,0,0,0,0,0,0,0,3,64,17.784045808017254,0;0;0;0,128,1,0,,,,0,0,,,,,,,,,,,,,,,,,,,,,,,,,,
120,upsert,0,L0094,3072,2560,1787890449.4852693,29.1511492729187,121,0,120,1787890420.33412,base,exact_fifo@rho0.8,0,0.55,0.0,4,0.8,exact_fifo,1787890420.33409,2560,512,13.536307096481323,0,0,0,0,0,0,0,3,58,19.293805167078972,0;1;1;1,132,1,0,,,,0,3,,,,,,,,,,,,,,,,,,,,,,,,,,
121,upsert,1,L0084,2048,0,1787890449.4853144,29.150519609451294,122,0,121,1787890420.3347948,base,exact_fifo@rho0.8,0,0.55,0.0,4,0.8,exact_fifo,1787890420.334777,0,2048,,0,0,0,0,0,0,0,1,59,19.293805167078972,0;0;1;1,132,0,0,,,,0,2,,,,,,,,,,,,,,,,,,,,,,,,,,
122,upsert,2,L0098,2048,0,1787890449.4853604,29.150123834609985,123,0,122,1787890420.3352365,base,exact_fifo@rho0.8,0,0.55,0.0,4,0.8,exact_fifo,1787890420.3352222,0,2048,,0,0,0,0,0,0,0,1,60,19.293805167078972,0;0;0;1,132,0,0,,,,0,1,,,,,,,,,,,,,,,,,,,,,,,,,,
123,upsert,3,L0066,2560,2048,1787890449.4854,29.14977741241455,124,0,123,1787890420.3356225,base,exact_fifo@rho0.8,0,0.55,0.0,4,0.8,exact_fifo,1787890420.3356056,2048,512,2.9983887672424316,0,0,0,0,0,0,0,2,61,19.293805167078972,0;0;0;0,132,1,0,,,,0,0,,,,,,,,,,,,,,,,,,,,,,,,,,
124,upsert,0,L0072,3072,0,1787890451.8351989,29.56230092048645,125,0,124,1787890422.272898,base,exact_fifo@rho0.8,0,0.55,0.0,4,0.8,exact_fifo,1787890422.2728724,0,3072,,0,0,0,0,0,0,0,3,62,19.293805167078972,0;1;1;1,136,0,0,,,,0,3,,,,,,,,,,,,,,,,,,,,,,,,,,
125,upsert,2,L0069,2048,3072,1787890451.8353076,29.561758041381836,126,0,125,1787890422.2735496,base,exact_fifo@rho0.8,0,0.55,0.0,4,0.8,exact_fifo,1787890422.2735286,3072,-1024,3.292349100112915,0,0,0,0,0,0,0,4,63,19.293805167078972,0;1;0;1,136,1,0,,,,0,2,,,,,,,,,,,,,,,,,,,,,,,,,,
126,upsert,1,L0075,3072,0,1787890451.8353698,29.561403274536133,127,0,126,1787890422.2739666,base,exact_fifo@rho0.8,0,0.55,0.0,4,0.8,exact_fifo,1787890422.2739513,0,3072,,0,0,0,0,0,0,0,3,64,19.293805167078972,0;0;0;1,136,0,0,,,,0,1,,,,,,,,,,,,,,,,,,,,,,,,,,
127,upsert,3,L0071,2048,0,1787890451.8354223,29.56099820137024,128,0,127,1787890422.274424,base,exact_fifo@rho0.8,0,0.55,0.0,4,0.8,exact_fifo,1787890422.2744102,0,2048,,0,0,0,0,0,0,0,1,65,19.293805167078972,0;0;0;0,136,0,0,,,,0,0,,,,,,,,,,,,,,,,,,,,,,,,,,
0,upsert,0,L0048,2048,0,1787890459.5317652,0.003270864486694336,1,0,0,1787890459.5284944,base,exact_fifo@rho1.2,0,0.55,0.0,4,1.2,exact_fifo,1787890459.5284672,0,2048,,0,0,0,0,0,0,0,1,1,,0;1;1;1,4,0,0,,,,0,3,,,,,,,,,,,,,,,,,,,,,,,,,,
1,upsert,2,L0006,2048,0,1787890459.531876,0.003232717514038086,2,0,1,1787890459.5286434,base,exact_fifo@rho1.2,0,0.55,0.0,4,1.2,exact_fifo,1787890459.5286295,0,2048,,0,0,0,0,0,0,0,1,2,,0;1;0;1,4,0,0,,,,0,2,,,,,,,,,,,,,,,,,,,,,,,,,,
2,upsert,1,L0014,2048,0,1787890459.5319474,0.003200531005859375,3,1,2,1787890459.5287468,base,exact_fifo@rho1.2,0,0.55,0.0,4,1.2,exact_fifo,1787890459.528736,0,2048,,0,0,0,0,0,0,0,1,3,,0;0;0;1,4,0,1,0,1,0,0,1,57,57,21.425886392593384,,0,1,0,1,0,1,0,2048,2048,40.96,2.0,38.96,3.200531005859375,38.96,1716.420214,2608.0,1,1,1,38.96,38.96,38.96
3,upsert,3,L0023,2048,0,1787890459.837933,0.30910444259643555,4,3,3,1787890459.5288286,base,exact_fifo@rho1.2,0,0.55,0.0,4,1.2,exact_fifo,1787890459.5288203,0,2048,,0,0,0,0,0,0,0,1,4,,0;0;0;0,4,0,1,0,0,1,0,0,35,35,9.533206939697266,,3,3,3,3,0,0,0,0,0,0.0,0.0,0.0,309.10444259643555,0.0,525.413565,2608.0,0,1,1,0,38.96,38.96
4,upsert,0,L0000,2048,0,1787890463.965184,2.990156888961792,5,2,4,1787890460.975027,base,exact_fifo@rho1.2,0,0.55,0.0,4,1.2,exact_fifo,1787890460.9750006,0,2048,,0,0,0,0,0,0,0,2,1,0.07970213890075684,0;1;1;1,8,0,1,0,0,1,0,3,42,42,9.944387197494507,,3,3,3,3,1,1,1024,1024,0,0.0,0.0,0.0,2990.156888961792,0.0,1245.881074,2080.0,0,0,0,0,0,0
5,upsert,3,L0000,2560,0,1787890465.0220819,4.046765327453613,6,2,5,1787890460.9753165,base,exact_fifo@rho1.2,0,0.55,0.0,4,1.2,exact_fifo,1787890460.9753003,0,2560,,0,0,0,0,0,0,0,2,2,0.07970213890075684,0;1;1;0,8,0,1,1,0,1,0,2,42,42,8.887489318847656,,3,3,3,3,1,1,0,0,0,0.0,0.0,0.0,4046.7653274536133,0.0,1245.881074,2080.0,0,0,0,0,0,0
6,upsert,1,L0002,2048,0,1787890465.0222292,4.046739101409912,7,0,6,1787890460.97549,base,exact_fifo@rho1.2,0,0.55,0.0,4,1.2,exact_fifo,1787890460.9754772,0,2048,,0,0,0,0,0,0,0,1,3,0.07970213890075684,0;0;1;0,8,0,0,,,,0,1,,,,,,,,,,,,,,,,,,,,,,,,,,
7,upsert,2,L0028,2048,0,1787890465.0222952,4.0466578006744385,8,1,7,1787890460.9756374,base,exact_fifo@rho1.2,0,0.55,0.0,4,1.2,exact_fifo,1787890460.9756267,0,2048,,0,0,0,0,0,0,0,1,4,0.07970213890075684,0;0;0;0,8,0,1,0,1,0,0,0,55,55,13.262927055358887,,3,2,3,2,0,1,0,2048,2048,40.96,2.0,38.96,4046.6578006744385,38.96,2319.490241,2080.0,1,1,1,38.96,38.96,38.96
8,upsert,0,L0040,2048,0,1787890467.7537978,5.5754828453063965,9,0,8,1787890462.178315,base,exact_fifo@rho1.2,0,0.55,0.0,4,1.2,exact_fifo,1787890462.1782887,0,2048,,0,0,0,0,0,0,0,1,5,0.07970213890075684,0;1;1;1,12,0,0,,,,0,3,,,,,,,,,,,,,,,,,,,,,,,,,,
9,upsert,1,L0017,2048,0,1787890467.7539399,5.575360059738159,10,0,9,1787890462.1785798,base,exact_fifo@rho1.2,0,0.55,0.0,4,1.2,exact_fifo,1787890462.1785638,0,2048,,0,0,0,0,0,0,0,1,6,0.07970213890075684,0;0;1;1,12,0,0,,,,0,2,,,,,,,,,,,,,,,,,,,,,,,,,,
10,upsert,2,L0055,2048,0,1787890467.7540095,5.575263977050781,11,0,10,1787890462.1787455,base,exact_fifo@rho1.2,0,0.55,0.0,4,1.2,exact_fifo,1787890462.1787333,0,2048,,0,0,0,0,0,0,0,1,7,0.07970213890075684,0;0;0;1,12,0,0,,,,0,1,,,,,,,,,,,,,,,,,,,,,,,,,,
11,upsert,3,L0000,3072,2560,1787890470.2741153,8.095218420028687,12,2,11,1787890462.178897,base,exact_fifo@rho1.2,0,0.55,0.0,4,1.2,exact_fifo,1787890462.1788807,2560,512,1.203580379486084,0,0,0,0,0,0,0,3,8,0.07970213890075684,0;0;0;0,12,1,1,0,0,1,0,0,42,42,3.635455846786499,,3,3,3,3,1,1,512,1024,512,10.24,0.0,10.24,8095.2184200286865,10.24,1245.881074,2080.0,0,1,1,0,10.24,10.24
12,upsert,0,L0001,2048,0,1787890470.2742019,6.899016857147217,13,0,12,1787890463.375185,base,exact_fifo@rho1.2,0,0.55,0.0,4,1.2,exact_fifo,1787890463.375141,0,2048,,0,0,0,0,0,0,0,1,9,0.07970213890075684,0;1;1;1,16,0,0,,,,0,3,,,,,,,,,,,,,,,,,,,,,,,,,,
13,upsert,2,L0047,2048,0,1787890470.2742422,6.898796081542969,14,0,13,1787890463.375446,base,exact_fifo@rho1.2,0,0.55,0.0,4,1.2,exact_fifo,1787890463.3754303,0,2048,,0,0,0,0,0,0,0,1,10,0.07970213890075684,0;1;0;1,16,0,0,,,,0,2,,,,,,,,,,,,,,,,,,,,,,,,,,
14,upsert,1,L0058,2048,0,1787890470.2742734,6.898663759231567,15,1,14,1787890463.3756096,base,exact_fifo@rho1.2,0,0.55,0.0,4,1.2,exact_fifo,1787890463.3755965,0,2048,,0,0,0,0,0,0,0,1,11,0.07970213890075684,0;0;0;1,16,0,1,0,1,0,0,1,38,38,0.16776275634765625,,3,1,3,1,0,1,0,2048,2048,40.96,2.0,38.96,6898.663759231567,38.96,3099.181435,2080.0,1,1,1,38.96,38.96,38.96
15,upsert,3,L0034,2048,0,1787890477.6725056,14.296748399734497,16,0,15,1787890463.3757572,base,exact_fifo@rho1.2,0,0.55,0.0,4,1.2,exact_fifo,1787890463.3757453,0,2048,,0,0,0,0,0,0,0,1,12,0.07970213890075684,0;0;0;0,16,0,0,,,,0,0,,,,,,,,,,,,,,,,,,,,,,,,,,
16,upsert,3,L0023,2560,2048,1787890477.6726234,12.718959331512451,17,1,16,1787890464.953664,base,exact_fifo@rho1.2,0,0.55,0.0,4,1.2,exact_fifo,1787890464.953635,2048,512,5.424814701080322,0,2048,2048,0,2048,1,0,2,12,0.6617930889129638,1;1;1;0,21,0,1,0,0,1,0,3,63,63,5.304723739624023,,3,3,3,3,1,1,2048,2560,512,10.24,0.0,10.24,12718.959331512451,10.24,285.376954,2608.0,0,0,0,0,0,0
17,upsert,0,L0000,2048,2048,1787890477.6726906,12.718756198883057,18,1,17,1787890464.9539344,base,exact_fifo@rho1.2,0,0.55,0.0,4,1.2,exact_fifo,1787890464.9539163,2048,0,3.9789156913757324,0,2048,2048,0,2048,1,0,5,13,0.6617930889129638,0;1;1;0,21,0,1,0,0,1,0,2,60,60,5.304509401321411,,3,3,3,3,0,0,512,512,0,0.0,0.0,0.0,12718.756198883057,0.0,90.297098,2608.0,0,0,0,0,0,0
18,upsert,2,L0000,2560,0,1787890477.6727438,12.718635559082031,19,1,18,1787890464.9541082,base,exact_fifo@rho1.2,0,0.55,0.0,4,1.2,exact_fifo,1787890464.9540944,0,2560,,0,0,2048,0,2048,1,0,5,14,0.6617930889129638,0;1;0;0,21,0,1,0,0,1,0,1,60,60,5.3044562339782715,,3,3,3,3,0,0,512,512,0,0.0,0.0,0.0,12718.635559082031,0.0,90.297098,2608.0,0,0,0,0,0,0
19,upsert,1,L0046,2048,0,1787890483.509892,18.555603504180908,20,0,19,1787890464.9542885,base,exact_fifo@rho1.2,0,0.55,0.0,4,1.2,exact_fifo,1787890464.9542763,0,2048,,0,0,0,0,0,0,0,1,15,0.6617930889129638,0;0;0;0,21,0,0,,,,0,0,,,,,,,,,,,,,,,,,,,,,,,,,,
20,upsert,2,L0006,2560,2048,1787890483.510032,17.35305094718933,21,0,20,1787890466.156981,base,exact_fifo@rho1.2,0,0.55,0.0,4,1.2,exact_fifo,1787890466.1569512,2048,512,6.628321647644043,0,2048,2048,0,2048,1,0,2,13,1.931140959262848,1;1;0;1,27,0,0,,,,0,3,,,,,,,,,,,,,,,,,,,,,,,,,,
21,upsert,3,L0012,2048,0,1787890483.5101242,17.352837324142456,22,0,21,1787890466.157287,base,exact_fifo@rho1.2,0,0.55,0.0,4,1.2,exact_fifo,1787890466.1572707,0,2048,,0,0,0,0,0,0,0,1,14,1.931140959262848,1;1;0;0,27,0,0,,,,0,2,,,,,,,,,,,,,,,,,,,,,,,,,,
22,upsert,0,L0000,3072,2048,1787890483.5102422,17.35277032852173,23,0,22,1787890466.157472,base,exact_fifo@rho1.2,0,0.55,0.0,4,1.2,exact_fifo,1787890466.1574547,2048,1024,1.203538417816162,0,2048,2560,2048,512,2,0,6,15,1.931140959262848,0;1;0;0,27,1,0,,,,0,1,,,,,,,,,,,,,,,,,,,,,,,,,,
23,upsert,1,L0059,2048,0,1787890483.510326,17.352690935134888,24,0,23,1787890466.157635,base,exact_fifo@rho1.2,0,0.55,0.0,4,1.2,exact_fifo,1787890466.157622,0,2048,,0,0,0,0,0,0,0,1,16,1.931140959262848,0;0;0;0,27,0,0,,,,0,0,,,,,,,,,,,,,,,,,,,,,,,,,,
24,upsert,1,L0014,2560,2048,1787890483.510412,15.8730628490448,25,0,24,1787890467.6373491,base,exact_fifo@rho1.2,0,0.55,0.0,4,1.2,exact_fifo,1787890467.6373188,2048,512,8.108582735061646,0,2048,2048,0,2048,1,0,2,17,1.931140959262848,1;0;1;1,32,0,0,,,,0,3,,,,,,,,,,,,,,,,,,,,,,,,,,
25,upsert,3,L0012,2560,2048,1787890483.5104957,15.872850179672241,26,0,25,1787890467.6376455,base,exact_fifo@rho1.2,0,0.55,0.0,4,1.2,exact_fifo,1787890467.6376262,2048,512,1.4803555011749268,0,0,0,0,0,0,0,2,18,1.931140959262848,1;0;1;0,32,1,0,,,,0,2,,,,,,,,,,,,,,,,,,,,,,,,,,
26,upsert,0,L0029,2048,0,1787890483.510576,15.872741460800171,27,0,26,1787890467.6378345,base,exact_fifo@rho1.2,0,0.55,0.0,4,1.2,exact_fifo,1787890467.6378207,0,2048,,0,0,0,0,0,0,0,1,19,1.931140959262848,0;0;1;0,32,0,0,,,,0,1,,,,,,,,,,,,,,,,,,,,,,,,,,
27,upsert,2,L0001,2560,0,1787890490.696896,23.058900117874146,28,0,27,1787890467.637996,base,exact_fifo@rho1.2,0,0.55,0.0,4,1.2,exact_fifo,1787890467.6379824,0,2560,,0,0,0,0,0,0,0,2,20,1.931140959262848,0;0;0;0,32,0,0,,,,0,0,,,,,,,,,,,,,,,,,,,,,,,,,,
28,upsert,0,L0030,2048,0,1787890490.697038,21.326892375946045,29,0,28,1787890469.3701456,base,exact_fifo@rho1.2,0,0.55,0.0,4,1.2,exact_fifo,1787890469.370115,0,2048,,0,0,0,0,0,0,0,1,18,2.9250213232907383,0;1;1;1,36,0,0,,,,0,3,,,,,,,,,,,,,,,,,,,,,,,,,,
29,upsert,1,L0010,2048,0,1787890490.6971133,21.326659679412842,30,0,29,1787890469.3704536,base,exact_fifo@rho1.2,0,0.55,0.0,4,1.2,exact_fifo,1787890469.370438,0,2048,,0,0,0,0,0,0,0,1,19,2.9250213232907383,0;0;1;1,36,0,0,,,,0,2,,,,,,,,,,,,,,,,,,,,,,,,,,
30,upsert,2,L0009,2048,0,1787890493.2172396,23.846598863601685,31,0,30,1787890469.3706408,base,exact_fifo@rho1.2,0,0.55,0.0,4,1.2,exact_fifo,1787890469.3706279,0,2048,,0,0,0,0,0,0,0,1,20,2.9250213232907383,0;0;0;1,36,0,0,,,,0,1,,,,,,,,,,,,,,,,,,,,,,,,,,
31,upsert,3,L0029,2560,0,1787890493.2173586,23.84655499458313,32,0,31,1787890469.3708036,base,exact_fifo@rho1.2,0,0.55,0.0,4,1.2,exact_fifo,1787890469.3707922,0,2560,,0,0,0,0,0,0,0,2,21,2.9250213232907383,0;0;0;0,36,0,0,,,,0,0,,,,,,,,,,,,,,,,,,,,,,,,,,
32,upsert,0,L0003,2048,0,1787890493.217426,22.77717423439026,33,0,32,1787890470.4402518,base,exact_fifo@rho1.2,0,0.55,0.0,4,1.2,exact_fifo,1787890470.4402263,0,2048,,0,0,0,0,0,0,0,1,18,4.0644619782765705,0;1;1;1,41,0,0,,,,0,3,,,,,,,,,,,,,,,,,,,,,,,,,,
33,upsert,2,L0005,2048,0,1787890493.2174776,22.776751041412354,34,0,33,1787890470.4407265,base,exact_fifo@rho1.2,0,0.55,0.0,4,1.2,exact_fifo,1787890470.440711,0,2048,,0,0,0,0,0,0,0,1,19,4.0644619782765705,0;1;0;1,41,0,0,,,,0,2,,,,,,,,,,,,,,,,,,,,,,,,,,
34,upsert,1,L0027,2048,0,1787890493.2175217,22.776438236236572,35,0,34,1787890470.4410834,base,exact_fifo@rho1.2,0,0.55,0.0,4,1.2,exact_fifo,1787890470.4410696,0,2048,,0,0,0,0,0,0,0,1,20,4.0644619782765705,0;0;0;1,41,0,0,,,,0,1,,,,,,,,,,,,,,,,,,,,,,,,,,
35,upsert,3,L0023,3072,2560,1787890493.2175632,22.77609419822693,36,0,35,1787890470.441469,base,exact_fifo@rho1.2,0,0.55,0.0,4,1.2,exact_fifo,1787890470.4414515,2560,512,5.487816572189331,0,2048,2048,0,2048,1,0,3,21,4.0644619782765705,0;0;0;0,41,1,0,,,,0,0,,,,,,,,,,,,,,,,,,,,,,,,,,
36,upsert,1,L0029,3072,0,1787890493.2176073,19.309932231903076,37,0,36,1787890473.907675,base,exact_fifo@rho1.2,0,0.55,0.0,4,1.2,exact_fifo,1787890473.9076474,0,3072,,0,0,0,0,0,0,0,3,22,4.0644619782765705,1;1;0;1,46,0,0,,,,0,3,,,,,,,,,,,,,,,,,,,,,,,,,,
37,upsert,0,L0056,2048,0,1787890493.2176497,19.309381008148193,38,0,37,1787890473.9082687,base,exact_fifo@rho1.2,0,0.55,0.0,4,1.2,exact_fifo,1787890473.908251,0,2048,,0,0,0,0,0,0,0,1,23,4.0644619782765705,0;1;0;1,46,0,0,,,,0,2,,,,,,,,,,,,,,,,,,,,,,,,,,
38,upsert,1,L0058,2560,2048,1787890498.2578697,24.349217176437378,39,0,38,1787890473.9086525,base,exact_fifo@rho1.2,0,0.55,0.0,4,1.2,exact_fifo,1787890473.9086337,2048,512,10.533037185668945,0,2048,2048,0,2048,1,0,2,24,4.0644619782765705,0;0;0;1,46,0,0,,,,0,1,,,,,,,,,,,,,,,,,,,,,,,,,,
39,upsert,3,L0030,2560,0,1787890498.2579994,24.348962545394897,40,0,39,1787890473.9090369,base,exact_fifo@rho1.2,0,0.55,0.0,4,1.2,exact_fifo,1787890473.9090219,0,2560,,0,0,0,0,0,0,0,2,25,4.0644619782765705,0;0;0;0,46,0,0,,,,0,0,,,,,,,,,,,,,,,,,,,,,,,,,,
40,upsert,2,L0036,2048,0,1787890498.258064,22.75366449356079,41,0,40,1787890475.5043995,base,exact_fifo@rho1.2,0,0.55,0.0,4,1.2,exact_fifo,1787890475.5043762,0,2048,,0,0,0,0,0,0,0,2,26,4.0644619782765705,1;0;0;2,51,0,0,,,,0,3,,,,,,,,,,,,,,,,,,,,,,,,,,
41,upsert,3,L0011,2048,0,1787890498.2581017,22.753214120864868,42,0,41,1787890475.5048876,base,exact_fifo@rho1.2,0,0.55,0.0,4,1.2,exact_fifo,1787890475.5048711,0,2048,,0,0,0,0,0,0,0,1,27,4.0644619782765705,1;0;0;1,51,0,0,,,,0,2,,,,,,,,,,,,,,,,,,,,,,,,,,
42,upsert,3,L0000,2048,3072,1787890498.2581317,22.75286316871643,43,0,42,1787890475.5052686,base,exact_fifo@rho1.2,0,0.55,0.0,4,1.2,exact_fifo,1787890475.505252,3072,-1024,13.326371192932129,0,3072,3072,2048,1024,2,0,7,28,4.0644619782765705,1;0;0;0,51,0,0,,,,0,1,,,,,,,,,,,,,,,,,,,,,,,,,,
43,upsert,0,L0036,2560,0,1787890498.2581837,22.75256085395813,44,0,43,1787890475.5056229,base,exact_fifo@rho1.2,0,0.55,0.0,4,1.2,exact_fifo,1787890475.5056095,0,2560,,0,0,0,0,0,0,0,2,29,4.0644619782765705,0;0;0;0,51,0,0,,,,0,0,,,,,,,,,,,,,,,,,,,,,,,,,,
44,upsert,3,L0004,2048,0,1787890498.2582116,21.474866151809692,45,0,44,1787890476.7833455,base,exact_fifo@rho1.2,0,0.55,0.0,4,1.2,exact_fifo,1787890476.7833178,0,2048,,0,0,0,0,0,0,0,1,30,4.0644619782765705,0;1;1;1,56,0,0,,,,0,3,,,,,,,,,,,,,,,,,,,,,,,,,,
45,upsert,1,L0038,2048,0,1787890498.2582357,21.47436022758484,46,0,45,1787890476.7838755,base,exact_fifo@rho1.2,0,0.55,0.0,4,1.2,exact_fifo,1787890476.7838576,0,2048,,0,0,0,0,0,0,0,1,31,4.0644619782765705,0;0;1;1,56,0,0,,,,0,2,,,,,,,,,,,,,,,,,,,,,,,,,,
46,upsert,3,L0023,2048,3072,1787890498.258259,21.47399616241455,47,0,46,1787890476.784263,base,exact_fifo@rho1.2,0,0.55,0.0,4,1.2,exact_fifo,1787890476.7842457,3072,-1024,6.342794179916382,0,2048,2048,0,2048,1,0,4,32,4.0644619782765705,0;0;1;0,56,1,0,,,,0,1,,,,,,,,,,,,,,,,,,,,,,,,,,
47,upsert,2,L0018,2048,0,1787890498.2582827,21.473665952682495,48,0,47,1787890476.7846167,base,exact_fifo@rho1.2,0,0.55,0.0,4,1.2,exact_fifo,1787890476.7846034,0,2048,,0,0,0,0,0,0,0,1,33,4.0644619782765705,0;0;0;0,56,0,0,,,,0,0,,,,,,,,,,,,,,,,,,,,,,,,,,
48,upsert,0,L0010,2560,0,1787890498.2583048,19.97518539428711,49,0,48,1787890478.2831194,base,exact_fifo@rho1.2,0,0.55,0.0,4,1.2,exact_fifo,1787890478.2830927,0,2560,,0,0,0,0,0,0,0,2,30,5.9694752191242415,0;1;1;1,60,0,0,,,,0,3,,,,,,,,,,,,,,,,,,,,,,,,,,
49,upsert,1,L0005,2560,0,1787890511.721266,33.43755483627319,50,0,49,1787890478.2837112,base,exact_fifo@rho1.2,0,0.55,0.0,4,1.2,exact_fifo,1787890478.2836928,0,2560,,0,0,0,0,0,0,0,2,31,5.9694752191242415,0;0;1;1,60,0,0,,,,0,2,,,,,,,,,,,,,,,,,,,,,,,,,,
50,upsert,2,L0034,2560,0,1787890511.721374,33.43724727630615,51,0,50,1787890478.2841268,base,exact_fifo@rho1.2,0,0.55,0.0,4,1.2,exact_fifo,1787890478.284112,0,2560,,0,0,2048,0,2048,1,0,2,32,5.9694752191242415,0;0;0;1,60,0,0,,,,0,1,,,,,,,,,,,,,,,,,,,,,,,,,,
51,upsert,3,L0044,2048,0,1787890511.7214365,33.43690609931946,52,0,51,1787890478.2845304,base,exact_fifo@rho1.2,0,0.55,0.0,4,1.2,exact_fifo,1787890478.2845173,0,2048,,0,0,0,0,0,0,0,1,33,5.9694752191242415,0;0;0;0,60,0,0,,,,0,0,,,,,,,,,,,,,,,,,,,,,,,,,,
52,upsert,0,L0062,2048,0,1787890511.7214856,30.765482187271118,53,0,52,1787890480.9560034,base,exact_fifo@rho1.2,0,0.55,0.0,4,1.2,exact_fifo,1787890480.9559731,0,2048,,0,0,0,0,0,0,0,1,34,5.9694752191242415,0;1;2;0,65,0,0,,,,0,3,,,,,,,,,,,,,,,,,,,,,,,,,,
53,upsert,2,L0011,2560,0,1787890511.7215347,30.7649827003479,54,0,53,1787890480.956552,base,exact_fifo@rho1.2,0,0.55,0.0,4,1.2,exact_fifo,1787890480.956535,0,2560,,0,0,0,0,0,0,0,2,35,5.9694752191242415,0;1;1;0,65,0,0,,,,0,2,,,,,,,,,,,,,,,,,,,,,,,,,,
54,upsert,1,L0031,2048,0,1787890511.7215786,30.764605283737183,55,0,54,1787890480.9569733,base,exact_fifo@rho1.2,0,0.55,0.0,4,1.2,exact_fifo,1787890480.9569588,0,2048,,0,0,0,0,0,0,0,1,36,5.9694752191242415,0;0;1;0,65,0,0,,,,0,1,,,,,,,,,,,,,,,,,,,,,,,,,,
55,upsert,2,L0028,2560,2048,1787890511.721624,30.764275312423706,56,0,55,1787890480.9573486,base,exact_fifo@rho1.2,0,0.55,0.0,4,1.2,exact_fifo,1787890480.9573321,2048,512,19.9817054271698,0,2048,2048,0,2048,1,0,2,37,5.9694752191242415,0;0;0;0,65,0,0,,,,0,0,,,,,,,,,,,,,,,,,,,,,,,,,,
56,upsert,1,L0016,2048,0,1787890511.721669,28.746588230133057,57,0,56,1787890482.9750807,base,exact_fifo@rho1.2,0,0.55,0.0,4,1.2,exact_fifo,1787890482.9750488,0,2048,,0,0,0,0,0,0,0,1,38,5.9694752191242415,0;1;1;1,70,0,0,,,,0,3,,,,,,,,,,,,,,,,,,,,,,,,,,
57,upsert,1,L0014,3072,2560,1787890516.7619195,33.78622317314148,58,0,57,1787890482.9756963,base,exact_fifo@rho1.2,0,0.55,0.0,4,1.2,exact_fifo,1787890482.9756742,2560,512,15.338355302810669,0,2048,2048,0,2048,1,0,3,39,5.9694752191242415,0;0;1;1,70,1,0,,,,0,2,,,,,,,,,,,,,,,,,,,,,,,,,,
58,upsert,3,L0046,2560,0,1787890516.762033,33.7857940196991,59,0,58,1787890482.976239,base,exact_fifo@rho1.2,0,0.55,0.0,4,1.2,exact_fifo,1787890482.9762218,0,2560,,0,0,0,0,0,0,0,2,40,5.9694752191242415,0;0;1;0,70,0,0,,,,0,1,,,,,,,,,,,,,,,,,,,,,,,,,,
59,upsert,2,L0042,2048,0,1787890516.762094,33.78539037704468,60,0,59,1787890482.9767036,base,exact_fifo@rho1.2,0,0.55,0.0,4,1.2,exact_fifo,1787890482.976688,0,2048,,0,0,0,0,0,0,0,1,41,5.9694752191242415,0;0;0;0,70,0,0,,,,0,0,,,,,,,,,,,,,,,,,,,,,,,,,,
60,upsert,3,L0000,2560,2048,1787890516.7621493,32.67164921760559,61,0,60,1787890484.0905,base,exact_fifo@rho1.2,0,0.55,0.0,4,1.2,exact_fifo,1787890484.0904706,2048,512,8.585218667984009,0,3072,3072,3072,0,3,0,8,34,9.222430988594338,1;0;1;1,76,1,0,,,,0,3,,,,,,,,,,,,,,,,,,,,,,,,,,
61,upsert,0,L0056,2560,2048,1787890516.7622273,32.671005725860596,62,0,61,1787890484.0912216,base,exact_fifo@rho1.2,0,0.55,0.0,4,1.2,exact_fifo,1787890484.0911956,2048,512,10.182944536209106,0,0,0,0,0,0,0,2,35,9.222430988594338,0;0;1;1,76,1,0,,,,0,2,,,,,,,,,,,,,,,,,,,,,,,,,,
62,upsert,2,L0063,2048,0,1787890516.7622712,32.670469999313354,63,0,62,1787890484.0918012,base,exact_fifo@rho1.2,0,0.55,0.0,4,1.2,exact_fifo,1787890484.0917833,0,2048,,0,0,0,0,0,0,0,1,36,9.222430988594338,0;0;0;1,76,0,0,,,,0,1,,,,,,,,,,,,,,,,,,,,,,,,,,
63,upsert,3,L0023,2560,2048,1787890516.762317,32.6699857711792,64,0,63,1787890484.0923312,base,exact_fifo@rho1.2,0,0.55,0.0,4,1.2,exact_fifo,1787890484.0923111,2048,512,7.308065414428711,0,2560,2560,0,2560,1,0,5,37,9.222430988594338,0;0;0;0,76,1,0,,,,0,0,,,,,,,,,,,,,,,,,,,,,,,,,,
64,upsert,0,L0067,2048,0,1787890516.7623572,31.179553270339966,65,0,64,1787890485.582804,base,exact_fifo@rho1.2,0,0.55,0.0,4,1.2,exact_fifo,1787890485.5827754,0,2048,,0,0,0,0,0,0,0,1,38,9.222430988594338,0;1;1;1,80,0,0,,,,0,3,,,,,,,,,,,,,,,,,,,,,,,,,,
65,upsert,3,L0072,2048,0,1787890516.7624009,31.178903341293335,66,0,65,1787890485.5834975,base,exact_fifo@rho1.2,0,0.55,0.0,4,1.2,exact_fifo,1787890485.5834734,0,2048,,0,0,0,0,0,0,0,1,39,9.222430988594338,0;1;1;0,80,0,0,,,,0,2,,,,,,,,,,,,,,,,,,,,,,,,,,
66,upsert,1,L0121,2048,0,1787890516.7624407,31.17837643623352,67,0,66,1787890485.5840642,base,exact_fifo@rho1.2,0,0.55,0.0,4,1.2,exact_fifo,1787890485.5840466,0,2048,,0,0,0,0,0,0,0,1,40,9.222430988594338,0;0;1;0,80,0,0,,,,0,1,,,,,,,,,,,,,,,,,,,,,,,,,,
67,upsert,2,L0091,2048,0,1787890516.7624695,31.177859783172607,68,0,67,1787890485.5846097,base,exact_fifo@rho1.2,0,0.55,0.0,4,1.2,exact_fifo,1787890485.584592,0,2048,,0,0,0,0,0,0,0,1,41,9.222430988594338,0;0;0;0,80,0,0,,,,0,0,,,,,,,,,,,,,,,,,,,,,,,,,,
68,upsert,0,L0083,2048,0,1787890516.762495,29.98140239715576,69,0,68,1787890486.7810926,base,exact_fifo@rho1.2,0,0.55,0.0,4,1.2,exact_fifo,1787890486.7810674,0,2048,,0,0,0,0,0,0,0,1,42,9.222430988594338,0;1;1;1,84,0,0,,,,0,3,,,,,,,,,,,,,,,,,,,,,,,,,,
22,upsert,2,L0000,3072,0,1787890557.8875258,25.859794855117798,1,0,22,1787890532.027731,base,agg_full@rho1.0,0,0.55,0.0,4,1.0,agg_full,1787890532.027719,0,3072,,0,0,0,0,0,0,0,6,23,,0;0;0;1,24,0,0,,,,0,1,,,,,,,,,,,,,,,,,,,,,,,,,,
24,upsert,0,L0014,2560,0,1787890558.771854,25.03262448310852,2,0,24,1787890533.7392294,base,agg_full@rho1.0,0,0.55,0.0,4,1.0,agg_full,1787890533.7392037,0,2560,,0,0,0,0,0,0,0,2,25,,0;1;1;1,28,0,0,,,,0,3,,,,,,,,,,,,,,,,,,,,,,,,,,
36,upsert,0,L0029,3072,0,1787890558.77198,20.668497562408447,3,0,36,1787890538.1034825,base,agg_full@rho1.0,0,0.55,0.0,4,1.0,agg_full,1787890538.1034553,0,3072,,0,0,0,0,0,0,0,3,37,,0;1;1;1,40,0,0,,,,0,3,,,,,,,,,,,,,,,,,,,,,,,,,,
42,upsert,1,L0000,2048,0,1787890560.5406084,20.71756911277771,4,0,42,1787890539.8230393,base,agg_full@rho1.0,0,0.55,0.0,4,1.0,agg_full,1787890539.8230214,2560,-512,9.767264366149902,0,0,0,0,0,0,0,7,43,,0;0;1;0,44,1,0,,,,0,1,,,,,,,,,,,,,,,,,,,,,,,,,,
57,upsert,1,L0014,3072,0,1787890560.5407157,15.415722846984863,5,0,57,1787890545.1249928,base,agg_full@rho1.0,0,0.55,0.0,4,1.0,agg_full,1787890545.1249743,2048,1024,20.43417525291443,0,0,0,0,0,0,0,3,58,,0;0;1;1,60,1,0,,,,0,2,,,,,,,,,,,,,,,,,,,,,,,,,,
81,upsert,1,L0121,2560,0,1787890560.5407882,7.185031890869141,6,0,81,1787890553.3557563,base,agg_full@rho1.0,0,0.55,0.0,4,1.0,agg_full,1787890553.3557374,2048,512,5.988084554672241,0,0,0,0,0,0,0,2,82,,0;0;1;1,84,1,0,,,,0,2,,,,,,,,,,,,,,,,,,,,,,,,,,
88,upsert,0,L0064,2048,0,1787890560.540848,4.130106687545776,7,0,88,1787890556.4107413,base,agg_full@rho1.0,0,0.55,0.0,4,1.0,agg_full,1787890556.4107113,0,2048,,0,0,0,0,0,0,0,1,89,,0;1;1;1,92,0,0,,,,0,3,,,,,,,,,,,,,,,,,,,,,,,,,,
89,upsert,3,L0088,2048,0,1787890560.5409017,4.129777193069458,8,0,89,1787890556.4111245,base,agg_full@rho1.0,0,0.55,0.0,4,1.0,agg_full,1787890556.411109,0,2048,,0,0,0,0,0,0,0,1,90,,0;1;1;0,92,0,0,,,,0,2,,,,,,,,,,,,,,,,,,,,,,,,,,
90,upsert,1,L0100,2048,0,1787890560.5409486,4.129532814025879,9,1,90,1787890556.4114158,base,agg_full@rho1.0,0,0.55,0.0,4,1.0,agg_full,1787890556.4114032,0,2048,,0,0,0,0,0,0,0,1,91,,0;0;1;0,92,0,1,0,1,0,0,1,107,107,0.1977224349975586,,3,1,3,1,0,1,0,2048,2048,40.96,2.0,38.96,4129.532814025879,38.96,845.900999,2608.0,1,1,1,38.96,38.96,38.96
91,upsert,2,L0076,2560,0,1787890560.5409985,4.129322528839111,10,0,91,1787890556.411676,base,agg_full@rho1.0,0,0.55,0.0,4,1.0,agg_full,1787890556.411659,2048,512,7.647408962249756,0,0,0,0,0,0,0,2,92,,0;0;0;0,92,1,0,,,,0,0,,,,,,,,,,,,,,,,,,,,,,,,,,
92,upsert,0,L0105,2048,0,1787890565.2072437,7.479358196258545,11,0,92,1787890557.7278855,base,agg_full@rho1.0,0,0.55,0.0,4,1.0,agg_full,1787890557.7278616,0,2048,,0,0,0,0,0,0,0,1,93,,0;1;1;1,96,0,0,,,,0,3,,,,,,,,,,,,,,,,,,,,,,,,,,
93,upsert,1,L0125,2048,0,1787890565.207395,7.479112148284912,12,0,93,1787890557.728283,base,agg_full@rho1.0,0,0.55,0.0,4,1.0,agg_full,1787890557.7282653,0,2048,,0,0,0,0,0,0,0,1,94,,0;0;1;1,96,0,0,,,,0,2,,,,,,,,,,,,,,,,,,,,,,,,,,
94,upsert,2,L0115,2048,0,1787890565.2074652,7.478902339935303,13,0,94,1787890557.7285628,base,agg_full@rho1.0,0,0.55,0.0,4,1.0,agg_full,1787890557.7285507,0,2048,,0,0,0,0,0,0,0,1,95,,0;0;0;1,96,0,0,,,,0,1,,,,,,,,,,,,,,,,,,,,,,,,,,
95,upsert,3,L0074,2048,0,1787890565.2075024,7.478683233261108,14,0,95,1787890557.7288191,base,agg_full@rho1.0,0,0.55,0.0,4,1.0,agg_full,1787890557.7288074,0,2048,,0,0,0,0,0,0,0,1,96,,0;0;0;0,96,0,0,,,,0,0,,,,,,,,,,,,,,,,,,,,,,,,,,
96,upsert,0,L0091,2560,0,1787890568.0236013,8.695024967193604,15,0,96,1787890559.3285763,base,agg_full@rho1.0,0,0.55,0.0,4,1.0,agg_full,1787890559.328552,0,2560,,0,0,0,0,0,0,0,2,94,23.853638966878254,0;1;1;1,100,0,0,,,,0,3,,,,,,,,,,,,,,,,,,,,,,,,,,
97,upsert,2,L0064,2560,0,1787890568.0237145,8.694628477096558,16,0,97,1787890559.329086,base,agg_full@rho1.0,0,0.55,0.0,4,1.0,agg_full,1787890559.329068,0,2560,,0,0,0,0,0,0,0,2,95,23.853638966878254,0;1;0;1,100,0,0,,,,0,2,,,,,,,,,,,,,,,,,,,,,,,,,,
98,upsert,1,L0100,2560,2048,1787890568.023779,8.694275140762329,17,0,98,1787890559.3295038,base,agg_full@rho1.0,0,0.55,0.0,4,1.0,agg_full,1787890559.3294845,2048,512,2.918081283569336,0,0,0,0,0,0,0,2,96,23.853638966878254,0;0;0;1,100,1,0,,,,0,1,,,,,,,,,,,,,,,,,,,,,,,,,,
99,upsert,3,L0068,3072,0,1787890568.0238311,8.693961381912231,18,0,99,1787890559.3298697,base,agg_full@rho1.0,0,0.55,0.0,4,1.0,agg_full,1787890559.3298523,2560,512,5.973527908325195,0,0,0,0,0,0,0,3,97,23.853638966878254,0;0;0;0,100,1,0,,,,0,0,,,,,,,,,,,,,,,,,,,,,,,,,,
100,upsert,0,L0120,2048,0,1787890573.8059232,13.069003343582153,19,0,100,1787890560.7369199,base,agg_full@rho1.0,0,0.55,0.0,4,1.0,agg_full,1787890560.7368958,0,2048,,0,0,0,0,0,0,0,1,91,13.13979799747467,0;1;1;1,104,0,0,,,,0,3,,,,,,,,,,,,,,,,,,,,,,,,,,
101,upsert,3,L0116,2048,0,1787890573.8060343,13.068604707717896,20,0,101,1787890560.7374296,base,agg_full@rho1.0,0,0.55,0.0,4,1.0,agg_full,1787890560.737413,0,2048,,0,0,0,0,0,0,0,1,92,13.13979799747467,0;1;1;0,104,0,0,,,,0,2,,,,,,,,,,,,,,,,,,,,,,,,,,
102,upsert,1,L0078,2048,0,1787890573.8060997,13.068296194076538,21,0,102,1787890560.7378035,base,agg_full@rho1.0,0,0.55,0.0,4,1.0,agg_full,1787890560.7377899,0,2048,,0,0,0,0,0,0,0,1,93,13.13979799747467,0;0;1;0,104,0,0,,,,0,1,,,,,,,,,,,,,,,,,,,,,,,,,,
103,upsert,2,L0087,2048,0,1787890573.8061872,13.068045616149902,22,0,103,1787890560.7381415,base,agg_full@rho1.0,0,0.55,0.0,4,1.0,agg_full,1787890560.7381275,0,2048,,0,0,0,0,0,0,0,1,94,13.13979799747467,0;0;0;0,104,0,0,,,,0,0,,,,,,,,,,,,,,,,,,,,,,,,,,
104,upsert,0,L0108,2048,0,1787890573.8062418,11.413452386856079,23,0,104,1787890562.3927894,base,agg_full@rho1.0,0,0.55,0.0,4,1.0,agg_full,1787890562.3927643,0,2048,,0,0,0,0,0,0,0,1,95,13.13979799747467,0;2;1;0,109,0,0,,,,0,3,,,,,,,,,,,,,,,,,,,,,,,,,,
105,upsert,1,L0068,2048,0,1787890573.8062901,11.412968873977661,24,0,105,1787890562.3933213,base,agg_full@rho1.0,0,0.55,0.0,4,1.0,agg_full,1787890562.393301,2048,0,10.888091325759888,0,0,0,0,0,0,0,4,96,13.13979799747467,0;1;1;0,109,1,0,,,,0,2,,,,,,,,,,,,,,,,,,,,,,,,,,
106,upsert,2,L0074,2560,0,1787890573.806336,11.412628650665283,25,0,106,1787890562.3937073,base,agg_full@rho1.0,0,0.55,0.0,4,1.0,agg_full,1787890562.3936923,0,2560,,0,0,0,0,0,0,0,2,97,13.13979799747467,0;1;0;0,109,0,0,,,,0,1,,,,,,,,,,,,,,,,,,,,,,,,,,
1,upsert,2,L0006,2048,0,1787890601.7507734,20.195724964141846,1,0,1,1787890581.5550485,base,agg_static@rho1.2,0,0.55,0.0,4,1.2,agg_static,1787890581.5550342,0,2048,,0,0,0,0,0,0,0,1,2,,0;1;0;1,4,0,0,,,,0,2,,,,,,,,,,,,,,,,,,,,,,,,,,
2,upsert,1,L0014,2048,0,1787890602.8077083,21.252554416656494,2,0,2,1787890581.5551538,base,agg_static@rho1.2,0,0.55,0.0,4,1.2,agg_static,1787890581.555143,0,2048,,0,0,0,0,0,0,0,1,3,,0;0;0;1,4,0,0,,,,0,1,,,,,,,,,,,,,,,,,,,,,,,,,,
9,upsert,1,L0017,2048,0,1787890602.8078384,18.77580213546753,3,0,9,1787890584.0320363,base,agg_static@rho1.2,0,0.55,0.0,4,1.2,agg_static,1787890584.0320306,0,2048,,0,0,0,0,0,0,0,1,10,,0;0;1;1,12,0,0,,,,0,2,,,,,,,,,,,,,,,,,,,,,,,,,,
12,upsert,0,L0001,2048,0,1787890604.3849924,19.022605180740356,4,0,12,1787890585.3623872,base,agg_static@rho1.2,0,0.55,0.0,4,1.2,agg_static,1787890585.3623703,0,2048,,0,0,0,0,0,0,0,1,13,,0;1;1;1,16,0,0,,,,0,3,,,,,,,,,,,,,,,,,,,,,,,,,,
16,upsert,0,L0023,2560,0,1787890604.3851001,17.38062858581543,5,0,16,1787890587.0044715,base,agg_static@rho1.2,0,0.55,0.0,4,1.2,agg_static,1787890587.004456,0,2560,,0,0,0,0,0,0,0,2,17,,0;1;1;1,20,0,0,,,,0,3,,,,,,,,,,,,,,,,,,,,,,,,,,
20,upsert,0,L0006,2560,0,1787890604.385182,15.197510957717896,6,0,20,1787890589.187671,base,agg_static@rho1.2,0,0.55,0.0,4,1.2,agg_static,1787890589.1876416,0,2560,,0,0,0,0,0,0,0,2,21,,0;1;1;1,24,0,0,,,,0,3,,,,,,,,,,,,,,,,,,,,,,,,,,
21,upsert,1,L0012,2048,0,1787890604.3852432,15.197398662567139,7,0,21,1787890589.1878445,base,agg_static@rho1.2,0,0.55,0.0,4,1.2,agg_static,1787890589.1878297,0,2048,,0,0,0,0,0,0,0,1,22,,0;0;1;1,24,0,0,,,,0,2,,,,,,,,,,,,,,,,,,,,,,,,,,
24,upsert,0,L0014,2560,0,1787890604.3852925,13.568001508712769,8,0,24,1787890590.817291,base,agg_static@rho1.2,0,0.55,0.0,4,1.2,agg_static,1787890590.8172727,0,2560,,0,0,0,0,0,0,0,2,25,,0;1;1;1,28,0,0,,,,0,3,,,,,,,,,,,,,,,,,,,,,,,,,,
27,upsert,3,L0001,2560,0,1787890604.3853366,13.567891836166382,9,0,27,1787890590.8174448,base,agg_static@rho1.2,0,0.55,0.0,4,1.2,agg_static,1787890590.8174412,0,2560,,0,0,0,0,0,0,0,2,28,,0;0;0;0,28,0,0,,,,0,0,,,,,,,,,,,,,,,,,,,,,,,,,,
25,upsert,2,L0012,2560,0,1787890604.3853838,13.56800627708435,10,0,25,1787890590.8173776,base,agg_static@rho1.2,0,0.55,0.0,4,1.2,agg_static,1787890590.8173716,0,2560,,0,0,0,0,0,0,0,2,26,,0;1;0;1,28,0,0,,,,0,2,,,,,,,,,,,,,,,,,,,,,,,,,,
31,upsert,2,L0029,2560,0,1787890610.4987886,18.03354048728943,11,0,31,1787890592.465248,base,agg_static@rho1.2,0,0.55,0.0,4,1.2,agg_static,1787890592.465244,0,2560,,0,0,0,0,0,0,0,2,32,,0;0;0;0,32,0,0,,,,0,0,,,,,,,,,,,,,,,,,,,,,,,,,,
30,upsert,1,L0009,2048,0,1787890610.4988644,18.033647298812866,12,0,30,1787890592.465217,base,agg_static@rho1.2,0,0.55,0.0,4,1.2,agg_static,1787890592.4652126,0,2048,,0,0,0,0,0,0,0,1,31,,0;0;1;0,32,0,0,,,,0,1,,,,,,,,,,,,,,,,,,,,,,,,,,
29,upsert,3,L0010,2048,0,1787890610.4989054,18.03372812271118,13,0,29,1787890592.4651773,base,agg_static@rho1.2,0,0.55,0.0,4,1.2,agg_static,1787890592.4651706,0,2048,,0,0,0,0,0,0,0,1,30,,0;1;1;0,32,0,0,,,,0,2,,,,,,,,,,,,,,,,,,,,,,,,,,
33,upsert,1,L0005,2048,0,1787890610.4989383,16.81940460205078,14,0,33,1787890593.6795337,base,agg_static@rho1.2,0,0.55,0.0,4,1.2,agg_static,1787890593.6795275,0,2048,,0,0,0,0,0,0,0,1,34,,0;0;1;1,36,0,0,,,,0,2,,,,,,,,,,,,,,,,,,,,,,,,,,
35,upsert,3,L0023,3072,0,1787890610.4989665,16.819249153137207,15,0,35,1787890593.6797173,base,agg_static@rho1.2,0,0.55,0.0,4,1.2,agg_static,1787890593.679712,2048,1024,12.124436378479004,0,0,0,0,0,0,0,3,36,,0;0;0;0,36,1,0,,,,0,0,,,,,,,,,,,,,,,,,,,,,,,,,,
36,upsert,0,L0029,3072,0,1787890610.4989936,14.921149969100952,16,0,36,1787890595.5778437,base,agg_static@rho1.2,0,0.55,0.0,4,1.2,agg_static,1787890595.5778143,0,3072,,0,0,0,0,0,0,0,3,37,,0;1;1;1,40,0,0,,,,0,3,,,,,,,,,,,,,,,,,,,,,,,,,,
37,upsert,2,L0056,2048,0,1787890610.49902,14.920715093612671,17,0,37,1787890595.578305,base,agg_static@rho1.2,0,0.55,0.0,4,1.2,agg_static,1787890595.5782883,0,2048,,0,0,0,0,0,0,0,1,38,,0;1;0;1,40,0,0,,,,0,2,,,,,,,,,,,,,,,,,,,,,,,,,,
38,upsert,1,L0058,2560,0,1787890610.4990473,14.920457363128662,18,0,38,1787890595.57859,base,agg_static@rho1.2,0,0.55,0.0,4,1.2,agg_static,1787890595.5785728,2048,512,10.216074466705322,0,0,0,0,0,0,0,2,39,,0;0;0;1,40,1,0,,,,0,1,,,,,,,,,,,,,,,,,,,,,,,,,,
39,upsert,3,L0030,2560,0,1787890617.14926,21.57037901878357,19,0,39,1787890595.578881,base,agg_static@rho1.2,0,0.55,0.0,4,1.2,agg_static,1787890595.5788693,0,2560,,0,0,0,0,0,0,0,2,40,,0;0;0;0,40,0,0,,,,0,0,,,,,,,,,,,,,,,,,,,,,,,,,,
43,upsert,2,L0036,2560,0,1787890617.1493802,19.989694595336914,20,0,43,1787890597.1596856,base,agg_static@rho1.2,0,0.55,0.0,4,1.2,agg_static,1787890597.1596725,0,2560,,0,0,0,0,0,0,0,2,44,,0;0;0;0,44,0,0,,,,0,0,,,,,,,,,,,,,,,,,,,,,,,,,,
47,upsert,3,L0018,2048,0,1787890617.1494453,18.80275058746338,21,0,47,1787890598.3466947,base,agg_static@rho1.2,0,0.55,0.0,4,1.2,agg_static,1787890598.346683,0,2048,,0,0,0,0,0,0,0,1,48,,0;0;0;0,48,0,0,,,,0,0,,,,,,,,,,,,,,,,,,,,,,,,,,
48,upsert,0,L0010,2560,0,1787890617.1495063,17.179624319076538,22,0,48,1787890599.969882,base,agg_static@rho1.2,0,0.55,0.0,4,1.2,agg_static,1787890599.9698572,0,2560,,0,0,0,0,0,0,0,2,49,,0;1;1;1,52,0,0,,,,0,3,,,,,,,,,,,,,,,,,,,,,,,,,,
49,upsert,2,L0005,2560,0,1787890617.1495423,17.179243564605713,23,0,49,1787890599.9702988,base,agg_static@rho1.2,0,0.55,0.0,4,1.2,agg_static,1787890599.9702833,0,2560,,0,0,0,0,0,0,0,2,50,,0;1;0;1,52,0,0,,,,0,2,,,,,,,,,,,,,,,,,,,,,,,,,,
50,upsert,1,L0034,2560,0,1787890617.1495695,17.1789608001709,24,0,50,1787890599.9706087,base,agg_static@rho1.2,0,0.55,0.0,4,1.2,agg_static,1787890599.9705958,0,2560,,0,0,0,0,0,0,0,2,51,,0;0;0;1,52,0,0,,,,0,1,,,,,,,,,,,,,,,,,,,,,,,,,,
52,upsert,0,L0062,2048,0,1787890617.149597,16.011609315872192,25,0,52,1787890601.1379876,base,agg_static@rho1.2,0,0.55,0.0,4,1.2,agg_static,1787890601.1379616,0,2048,,0,0,0,0,0,0,0,1,53,,0;1;1;1,56,0,0,,,,0,3,,,,,,,,,,,,,,,,,,,,,,,,,,
53,upsert,3,L0011,2560,0,1787890626.5800774,25.44169330596924,26,0,53,1787890601.138384,base,agg_static@rho1.2,0,0.55,0.0,4,1.2,agg_static,1787890601.1383646,2048,512,3.979278802871704,0,0,0,0,0,0,0,2,54,,0;1;1;0,56,1,0,,,,0,2,,,,,,,,,,,,,,,,,,,,,,,,,,
54,upsert,1,L0031,2048,0,1787890626.580241,25.44153070449829,27,0,54,1787890601.1387103,base,agg_static@rho1.2,0,0.55,0.0,4,1.2,agg_static,1787890601.1386967,0,2048,,0,0,0,0,0,0,0,1,55,,0;0;1;0,56,0,0,,,,0,1,,,,,,,,,,,,,,,,,,,,,,,,,,
55,upsert,2,L0028,2560,0,1787890626.5803092,25.44133710861206,28,0,55,1787890601.138972,base,agg_static@rho1.2,0,0.55,0.0,4,1.2,agg_static,1787890601.1389577,2048,512,18.206554651260376,0,0,0,0,0,0,0,2,56,,0;0;0;0,56,1,0,,,,0,0,,,,,,,,,,,,,,,,,,,,,,,,,,
56,upsert,0,L0016,2048,0,1787890626.5803611,24.129782676696777,29,0,56,1787890602.4505785,base,agg_static@rho1.2,0,0.55,0.0,4,1.2,agg_static,1787890602.4505544,0,2048,,0,0,0,0,0,0,0,1,56,20.195724964141846,0;1;1;1,60,0,0,,,,0,3,,,,,,,,,,,,,,,,,,,,,,,,,,
57,upsert,1,L0014,3072,2048,1787890626.580411,24.129377365112305,30,0,57,1787890602.4510336,base,agg_static@rho1.2,0,0.55,0.0,4,1.2,agg_static,1787890602.451014,2048,1024,20.89587092399597,0,0,0,0,0,0,0,3,57,20.195724964141846,0;0;1;1,60,1,0,,,,0,2,,,,,,,,,,,,,,,,,,,,,,,,,,
58,upsert,2,L0046,2560,0,1787890626.5804598,24.128986358642578,31,0,58,1787890602.4514735,base,agg_static@rho1.2,0,0.55,0.0,4,1.2,agg_static,1787890602.4514573,2048,512,15.446838855743408,0,0,0,0,0,0,0,2,58,20.195724964141846,0;0;0;1,60,1,0,,,,0,1,,,,,,,,,,,,,,,,,,,,,,,,,,
59,upsert,3,L0042,2048,0,1787890626.5805063,24.12868571281433,32,0,59,1787890602.4518206,base,agg_static@rho1.2,0,0.55,0.0,4,1.2,agg_static,1787890602.451806,0,2048,,0,0,0,0,0,0,0,1,59,20.195724964141846,0;0;0;0,60,0,0,,,,0,0,,,,,,,,,,,,,,,,,,,,,,,,,,
60,upsert,0,L0000,2560,0,1787890626.5805519,22.82755184173584,33,0,60,1787890603.753,base,agg_static@rho1.2,0,0.55,0.0,4,1.2,agg_static,1787890603.752973,2048,512,20.820730447769165,0,0,0,0,0,0,0,8,58,20.07469383875529,0;1;1;1,64,1,0,,,,0,3,,,,,,,,,,,,,,,,,,,,,,,,,,
61,upsert,2,L0056,2560,2048,1787890633.2304637,29.476956605911255,34,0,61,1787890603.7535071,base,agg_static@rho1.2,0,0.55,0.0,4,1.2,agg_static,1787890603.7534876,2048,512,8.175199270248413,0,0,0,0,0,0,0,2,59,20.07469383875529,0;1;0;1,64,1,0,,,,0,2,,,,,,,,,,,,,,,,,,,,,,,,,,
62,upsert,1,L0063,2048,0,1787890633.2305806,29.47670340538025,35,0,62,1787890603.7538772,base,agg_static@rho1.2,0,0.55,0.0,4,1.2,agg_static,1787890603.7538626,0,2048,,0,0,0,0,0,0,0,1,60,20.07469383875529,0;0;0;1,64,0,0,,,,0,1,,,,,,,,,,,,,,,,,,,,,,,,,,
63,upsert,3,L0023,2560,3072,1787890633.23064,29.47643780708313,36,0,63,1787890603.7542021,base,agg_static@rho1.2,0,0.55,0.0,4,1.2,agg_static,1787890603.7541862,3072,-512,10.074474096298218,0,0,0,0,0,0,0,5,61,20.07469383875529,0;0;0;0,64,1,0,,,,0,0,,,,,,,,,,,,,,,,,,,,,,,,,,
64,upsert,0,L0067,2048,0,1787890633.2306907,28.220617055892944,37,0,64,1787890605.0100737,base,agg_static@rho1.2,0,0.55,0.0,4,1.2,agg_static,1787890605.0100498,0,2048,,0,0,0,0,0,0,0,1,55,16.77261245250702,0;1;1;1,68,0,0,,,,0,3,,,,,,,,,,,,,,,,,,,,,,,,,,
65,upsert,3,L0072,2048,0,1787890633.2307382,28.220160484313965,38,0,65,1787890605.0105777,base,agg_static@rho1.2,0,0.55,0.0,4,1.2,agg_static,1787890605.0105612,0,2048,,0,0,0,0,0,0,0,1,56,16.77261245250702,0;1;1;0,68,0,0,,,,0,2,,,,,,,,,,,,,,,,,,,,,,,,,,
66,upsert,1,L0121,2048,0,1787890633.2307775,28.21984314918518,39,0,66,1787890605.0109344,base,agg_static@rho1.2,0,0.55,0.0,4,1.2,agg_static,1787890605.0109196,0,2048,,0,0,0,0,0,0,0,1,57,16.77261245250702,0;0;1;0,68,0,0,,,,0,1,,,,,,,,,,,,,,,,,,,,,,,,,,
67,upsert,2,L0091,2048,0,1787890633.2308185,28.21954655647278,40,0,67,1787890605.011272,base,agg_static@rho1.2,0,0.55,0.0,4,1.2,agg_static,1787890605.0112588,0,2048,,0,0,0,0,0,0,0,1,58,16.77261245250702,0;0;0;0,68,0,0,,,,0,0,,,,,,,,,,,,,,,,,,,,,,,,,,
68,upsert,0,L0083,2048,0,1787890633.2308557,26.9858558177948,41,0,68,1787890606.245,base,agg_static@rho1.2,0,0.55,0.0,4,1.2,agg_static,1787890606.2449753,0,2048,,0,0,0,0,0,0,0,1,59,16.77261245250702,0;1;1;1,72,0,0,,,,0,3,,,,,,,,,,,,,,,,,,,,,,,,,,
0,upsert,0,L0048,2048,0,1787890658.424375,17.527360200881958,1,0,0,1787890640.8970149,base,agg_static@rho0.8,0,0.55,0.0,4,0.8,agg_static,1787890640.8970006,0,2048,,0,0,0,0,0,0,0,1,1,,0;1;1;1,4,0,0,,,,0,3,,,,,,,,,,,,,,,,,,,,,,,,,,
2,upsert,1,L0014,2048,0,1787890659.1308544,18.23371982574463,2,1,2,1787890640.8971345,base,agg_static@rho0.8,0,0.55,0.0,4,0.8,agg_static,1787890640.89713,0,2048,,0,0,0,0,0,0,0,1,3,,0;0;0;1,4,0,1,0,0,1,0,1,57,57,1.90169358253479,,1,1,1,1,0,0,0,0,0,0.0,0.0,0.0,18233.71982574463,0.0,985.601247,2080.0,0,0,0,0,0,0
1,upsert,2,L0006,2048,0,1787890659.1309624,18.23387098312378,3,0,1,1787890640.8970914,base,agg_static@rho0.8,0,0.55,0.0,4,0.8,agg_static,1787890640.897086,0,2048,,0,0,0,0,0,0,0,1,2,,0;1;0;1,4,0,0,,,,0,2,,,,,,,,,,,,,,,,,,,,,,,,,,
3,upsert,3,L0023,2048,0,1787890660.185293,19.288114547729492,4,1,3,1787890640.8971784,base,agg_static@rho0.8,0,0.55,0.0,4,0.8,agg_static,1787890640.8971744,0,2048,,0,0,0,0,0,0,0,1,4,,0;0;0;0,4,0,1,0,0,1,0,0,63,63,2.668426275253296,,3,3,3,3,0,0,0,0,0,0.0,0.0,0.0,19288.114547729492,0.0,96.923159,2608.0,0,0,0,0,0,0
4,upsert,0,L0000,2048,0,1787890660.1854086,17.719637870788574,5,1,4,1787890642.4657707,base,agg_static@rho0.8,0,0.55,0.0,4,0.8,agg_static,1787890642.4657426,0,2048,,0,0,0,0,0,0,0,2,5,,0;1;1;1,8,0,1,0,1,0,0,3,60,60,2.6681675910949707,,1,0,1,0,0,0,0,2048,2048,40.96,0.0,40.96,17719.637870788574,40.96,526.058149,2080.0,1,1,1,40.96,40.96,40.96
6,upsert,1,L0002,2048,0,1787890660.1854768,17.71943497657776,6,0,6,1787890642.4660418,base,agg_static@rho0.8,0,0.55,0.0,4,0.8,agg_static,1787890642.466031,0,2048,,0,0,0,0,0,0,0,1,7,,0;0;1;0,8,0,0,,,,0,1,,,,,,,,,,,,,,,,,,,,,,,,,,
7,upsert,2,L0028,2048,0,1787890660.1855335,17.71941065788269,7,0,7,1787890642.4661229,base,agg_static@rho0.8,0,0.55,0.0,4,0.8,agg_static,1787890642.466113,0,2048,,0,0,0,0,0,0,0,1,8,,0;0;0;0,8,0,0,,,,0,0,,,,,,,,,,,,,,,,,,,,,,,,,,
8,upsert,0,L0040,2048,0,1787890660.1855834,16.56826949119568,8,0,8,1787890643.6173139,base,agg_static@rho0.8,0,0.55,0.0,4,0.8,agg_static,1787890643.6172876,0,2048,,0,0,0,0,0,0,0,1,9,,0;1;1;1,12,0,0,,,,0,3,,,,,,,,,,,,,,,,,,,,,,,,,,
9,upsert,1,L0017,2048,0,1787890660.1856341,16.56815481185913,9,0,9,1787890643.6174793,base,agg_static@rho0.8,0,0.55,0.0,4,0.8,agg_static,1787890643.6174655,0,2048,,0,0,0,0,0,0,0,1,10,,0;0;1;1,12,0,0,,,,0,2,,,,,,,,,,,,,,,,,,,,,,,,,,
10,upsert,2,L0055,2048,0,1787890660.1856809,16.56810188293457,10,0,10,1787890643.617579,base,agg_static@rho0.8,0,0.55,0.0,4,0.8,agg_static,1787890643.6175675,0,2048,,0,0,0,0,0,0,0,1,11,,0;0;0;1,12,0,0,,,,0,1,,,,,,,,,,,,,,,,,,,,,,,,,,
12,upsert,0,L0001,2048,0,1787890671.370063,26.42730951309204,11,0,12,1787890644.9427536,base,agg_static@rho0.8,0,0.55,0.0,4,0.8,agg_static,1787890644.9427261,0,2048,,0,0,0,0,0,0,0,1,13,,0;1;1;1,16,0,0,,,,0,3,,,,,,,,,,,,,,,,,,,,,,,,,,
13,upsert,2,L0047,2048,0,1787890671.3701437,26.427225828170776,12,0,13,1787890644.9429178,base,agg_static@rho0.8,0,0.55,0.0,4,0.8,agg_static,1787890644.9429033,0,2048,,0,0,0,0,0,0,0,1,14,,0;1;0;1,16,0,0,,,,0,2,,,,,,,,,,,,,,,,,,,,,,,,,,
14,upsert,1,L0058,2048,0,1787890671.3701985,26.427183389663696,13,0,14,1787890644.943015,base,agg_static@rho0.8,0,0.55,0.0,4,0.8,agg_static,1787890644.943004,0,2048,,0,0,0,0,0,0,0,1,15,,0;0;0;1,16,0,0,,,,0,1,,,,,,,,,,,,,,,,,,,,,,,,,,
16,upsert,0,L0023,2560,0,1787890671.370232,24.827409029006958,14,0,16,1787890646.542823,base,agg_static@rho0.8,0,0.55,0.0,4,0.8,agg_static,1787890646.5427969,0,2560,,0,0,0,0,0,0,0,2,17,,0;1;1;1,20,0,0,,,,0,3,,,,,,,,,,,,,,,,,,,,,,,,,,
17,upsert,3,L0000,2048,0,1787890671.370261,24.827274799346924,15,0,17,1787890646.5429862,base,agg_static@rho0.8,0,0.55,0.0,4,0.8,agg_static,1787890646.5429683,3072,-1024,2.9253146648406982,0,0,0,0,0,0,0,5,18,,0;1;1;0,20,1,0,,,,0,2,,,,,,,,,,,,,,,,,,,,,,,,,,
20,upsert,0,L0006,2560,0,1787890671.3702877,22.79690456390381,16,0,20,1787890648.573383,base,agg_static@rho0.8,0,0.55,0.0,4,0.8,agg_static,1787890648.5733542,0,2560,,0,0,0,0,0,0,0,2,21,,0;1;1;1,24,0,0,,,,0,3,,,,,,,,,,,,,,,,,,,,,,,,,,
21,upsert,1,L0012,2048,0,1787890671.370313,22.7967586517334,17,0,21,1787890648.5735543,base,agg_static@rho0.8,0,0.55,0.0,4,0.8,agg_static,1787890648.5735388,0,2048,,0,0,0,0,0,0,0,1,22,,0;0;1;1,24,0,0,,,,0,2,,,,,,,,,,,,,,,,,,,,,,,,,,
23,upsert,3,L0059,2048,0,1787890671.3703392,22.796595096588135,18,0,23,1787890648.573744,base,agg_static@rho0.8,0,0.55,0.0,4,0.8,agg_static,1787890648.5737336,0,2048,,0,0,0,0,0,0,0,1,24,,0;0;0;0,24,0,0,,,,0,0,,,,,,,,,,,,,,,,,,,,,,,,,,
24,upsert,0,L0014,2560,0,1787890675.8157096,25.279627323150635,19,0,24,1787890650.5360823,base,agg_static@rho0.8,0,0.55,0.0,4,0.8,agg_static,1787890650.5360553,0,2560,,0,0,0,0,0,0,0,2,25,,0;1;1;1,28,0,0,,,,0,3,,,,,,,,,,,,,,,,,,,,,,,,,,
25,upsert,2,L0012,2560,0,1787890675.8158295,25.279557943344116,20,0,25,1787890650.5362716,base,agg_static@rho0.8,0,0.55,0.0,4,0.8,agg_static,1787890650.5362573,0,2560,,0,0,0,0,0,0,0,2,26,,0;1;0;1,28,0,0,,,,0,2,,,,,,,,,,,,,,,,,,,,,,,,,,
26,upsert,1,L0029,2048,0,1787890675.8158967,25.279526710510254,21,0,26,1787890650.53637,base,agg_static@rho0.8,0,0.55,0.0,4,0.8,agg_static,1787890650.536358,0,2048,,0,0,0,0,0,0,0,1,27,,0;0;0;1,28,0,0,,,,0,1,,,,,,,,,,,,,,,,,,,,,,,,,,
27,upsert,3,L0001,2560,0,1787890675.815959,25.279502630233765,22,0,27,1787890650.5364563,base,agg_static@rho0.8,0,0.55,0.0,4,0.8,agg_static,1787890650.5364468,0,2560,,0,0,0,0,0,0,0,2,28,,0;0;0;0,28,0,0,,,,0,0,,,,,,,,,,,,,,,,,,,,,,,,,,
28,upsert,0,L0030,2048,0,1787890675.8159943,23.567909479141235,23,0,28,1787890652.2480848,base,agg_static@rho0.8,0,0.55,0.0,4,0.8,agg_static,1787890652.2480571,0,2048,,0,0,0,0,0,0,0,1,29,,0;1;1;1,32,0,0,,,,0,3,,,,,,,,,,,,,,,,,,,,,,,,,,
29,upsert,3,L0010,2048,0,1787890675.816023,23.567742347717285,24,0,29,1787890652.2482808,base,agg_static@rho0.8,0,0.55,0.0,4,0.8,agg_static,1787890652.2482657,0,2048,,0,0,0,0,0,0,0,1,30,,0;1;1;0,32,0,0,,,,0,2,,,,,,,,,,,,,,,,,,,,,,,,,,
30,upsert,1,L0009,2048,0,1787890675.8160493,23.567665815353394,25,0,30,1787890652.2483835,base,agg_static@rho0.8,0,0.55,0.0,4,0.8,agg_static,1787890652.2483723,0,2048,,0,0,0,0,0,0,0,1,31,,0;0;1;0,32,0,0,,,,0,1,,,,,,,,,,,,,,,,,,,,,,,,,,
31,upsert,2,L0029,2560,0,1787890686.6417456,34.39327669143677,26,0,31,1787890652.2484689,base,agg_static@rho0.8,0,0.55,0.0,4,0.8,agg_static,1787890652.248459,0,2560,,0,0,0,0,0,0,0,2,32,,0;0;0;0,32,0,0,,,,0,0,,,,,,,,,,,,,,,,,,,,,,,,,,
32,upsert,0,L0003,2048,0,1787890686.6418633,33.22001028060913,27,0,32,1787890653.421853,base,agg_static@rho0.8,0,0.55,0.0,4,0.8,agg_static,1787890653.4218256,0,2048,,0,0,0,0,0,0,0,1,33,,0;1;1;1,36,0,0,,,,0,3,,,,,,,,,,,,,,,,,,,,,,,,,,
33,upsert,1,L0005,2048,0,1787890686.6419256,33.21969532966614,28,0,33,1787890653.4222302,base,agg_static@rho0.8,0,0.55,0.0,4,0.8,agg_static,1787890653.422215,0,2048,,0,0,0,0,0,0,0,1,34,,0;0;1;1,36,0,0,,,,0,2,,,,,,,,,,,,,,,,,,,,,,,,,,
34,upsert,2,L0027,2048,0,1787890686.6419735,33.21946883201599,29,0,34,1787890653.4225047,base,agg_static@rho0.8,0,0.55,0.0,4,0.8,agg_static,1787890653.4224916,0,2048,,0,0,0,0,0,0,0,1,35,,0;0;0;1,36,0,0,,,,0,1,,,,,,,,,,,,,,,,,,,,,,,,,,
35,upsert,3,L0023,3072,2048,1787890686.6420264,33.219263553619385,30,0,35,1787890653.4227629,base,agg_static@rho0.8,0,0.55,0.0,4,0.8,agg_static,1787890653.4227476,2048,1024,12.525573253631592,0,0,0,0,0,0,0,3,36,,0;0;0;0,36,1,0,,,,0,0,,,,,,,,,,,,,,,,,,,,,,,,,,
37,upsert,2,L0056,2048,0,1787890686.6420846,31.235405206680298,31,0,37,1787890655.4066794,base,agg_static@rho0.8,0,0.55,0.0,4,0.8,agg_static,1787890655.406664,0,2048,,0,0,0,0,0,0,0,1,38,,0;1;0;1,40,0,0,,,,0,2,,,,,,,,,,,,,,,,,,,,,,,,,,
38,upsert,1,L0058,2560,2048,1787890686.642124,31.23516535758972,32,0,38,1787890655.4069586,base,agg_static@rho0.8,0,0.55,0.0,4,0.8,agg_static,1787890655.4069417,2048,512,10.463937759399414,0,0,0,0,0,0,0,2,39,,0;0;0;1,40,1,0,,,,0,1,,,,,,,,,,,,,,,,,,,,,,,,,,
39,upsert,3,L0030,2560,0,1787890686.642194,31.234931230545044,33,0,39,1787890655.4072628,base,agg_static@rho0.8,0,0.55,0.0,4,0.8,agg_static,1787890655.4072504,0,2560,,0,0,0,0,0,0,0,2,40,,0;0;0;0,40,0,0,,,,0,0,,,,,,,,,,,,,,,,,,,,,,,,,,
40,upsert,0,L0036,2048,0,1787890691.0873926,34.23761177062988,34,0,40,1787890656.8497808,base,agg_static@rho0.8,0,0.55,0.0,4,0.8,agg_static,1787890656.8497539,0,2048,,0,0,0,0,0,0,0,2,41,,0;1;1;1,44,0,0,,,,0,3,,,,,,,,,,,,,,,,,,,,,,,,,,
41,upsert,3,L0011,2048,0,1787890691.0874994,34.23735332489014,35,0,41,1787890656.850146,base,agg_static@rho0.8,0,0.55,0.0,4,0.8,agg_static,1787890656.8501298,0,2048,,0,0,0,0,0,0,0,1,42,,0;1;1;0,44,0,0,,,,0,2,,,,,,,,,,,,,,,,,,,,,,,,,,
43,upsert,2,L0036,2560,0,1787890691.0875568,34.236844539642334,36,0,43,1787890656.8507123,base,agg_static@rho0.8,0,0.55,0.0,4,0.8,agg_static,1787890656.8507001,0,2560,,0,0,0,0,0,0,0,2,44,,0;0;0;0,44,0,0,,,,0,0,,,,,,,,,,,,,,,,,,,,,,,,,,
44,upsert,0,L0004,2048,0,1787890691.0876038,32.897459983825684,37,0,44,1787890658.1901438,base,agg_static@rho0.8,0,0.55,0.0,4,0.8,agg_static,1787890658.1901186,0,2048,,0,0,0,0,0,0,0,1,45,,0;1;1;1,48,0,0,,,,0,3,,,,,,,,,,,,,,,,,,,,,,,,,,
45,upsert,1,L0038,2048,0,1787890691.087649,32.897122383117676,38,0,45,1787890658.1905267,base,agg_static@rho0.8,0,0.55,0.0,4,0.8,agg_static,1787890658.1905103,0,2048,,0,0,0,0,0,0,0,1,46,,0;0;1;1,48,0,0,,,,0,2,,,,,,,,,,,,,,,,,,,,,,,,,,
47,upsert,3,L0018,2048,0,1787890691.0876894,32.89663767814636,39,0,47,1787890658.1910517,base,agg_static@rho0.8,0,0.55,0.0,4,0.8,agg_static,1787890658.1910398,0,2048,,0,0,0,0,0,0,0,1,48,,0;0;0;0,48,0,0,,,,0,0,,,,,,,,,,,,,,,,,,,,,,,,,,
48,upsert,0,L0010,2560,0,1787890691.0877342,31.261728048324585,40,0,48,1787890659.8260062,base,agg_static@rho0.8,0,0.55,0.0,4,0.8,agg_static,1787890659.8259826,0,2560,,0,0,0,0,0,0,0,2,46,17.998317003250122,0;1;1;1,52,0,0,,,,0,3,,,,,,,,,,,,,,,,,,,,,,,,,,
49,upsert,2,L0005,2560,0,1787890691.0877752,31.261239767074585,41,0,49,1787890659.8265355,base,agg_static@rho0.8,0,0.55,0.0,4,0.8,agg_static,1787890659.826519,0,2560,,0,0,0,0,0,0,0,2,47,17.998317003250122,0;1;0;1,52,0,0,,,,0,2,,,,,,,,,,,,,,,,,,,,,,,,,,
0,upsert,0,L0048,2048,0,1787890720.5859957,21.61387610435486,1,0,0,1787890698.9721196,base,agg_static@rho1.0,0,0.55,0.0,4,1.0,agg_static,1787890698.9720948,0,2048,,0,0,0,0,0,0,0,1,1,,0;1;1;1,4,0,0,,,,0,3,,,,,,,,,,,,,,,,,,,,,,,,,,
1,upsert,2,L0006,2048,0,1787890721.470355,22.49807357788086,2,0,1,1787890698.9722815,base,agg_static@rho1.0,0,0.55,0.0,4,1.0,agg_static,1787890698.972268,0,2048,,0,0,0,0,0,0,0,1,2,,0;1;0;1,4,0,0,,,,0,2,,,,,,,,,,,,,,,,,,,,,,,,,,
2,upsert,1,L0014,2048,0,1787890721.4704926,22.49810552597046,3,0,2,1787890698.972387,base,agg_static@rho1.0,0,0.55,0.0,4,1.0,agg_static,1787890698.9723763,0,2048,,0,0,0,0,0,0,0,1,3,,0;0;0;1,4,0,0,,,,0,1,,,,,,,,,,,,,,,,,,,,,,,,,,
3,upsert,3,L0023,2048,0,1787890727.007787,28.035316705703735,4,0,3,1787890698.9724703,base,agg_static@rho1.0,0,0.55,0.0,4,1.0,agg_static,1787890698.9724615,0,2048,,0,0,0,0,0,0,0,1,4,,0;0;0;0,4,0,0,,,,0,0,,,,,,,,,,,,,,,,,,,,,,,,,,
7,upsert,2,L0028,2048,0,1787890727.0078537,26.47333860397339,5,0,7,1787890700.5345151,base,agg_static@rho1.0,0,0.55,0.0,4,1.0,agg_static,1787890700.5345063,0,2048,,0,0,0,0,0,0,0,1,8,,0;0;0;0,8,0,0,,,,0,0,,,,,,,,,,,,,,,,,,,,,,,,,,
8,upsert,0,L0040,2048,0,1787890727.0078917,25.27153182029724,6,0,8,1787890701.7363598,base,agg_static@rho1.0,0,0.55,0.0,4,1.0,agg_static,1787890701.7363327,0,2048,,0,0,0,0,0,0,0,1,9,,0;1;1;1,12,0,0,,,,0,3,,,,,,,,,,,,,,,,,,,,,,,,,,
9,upsert,1,L0017,2048,0,1787890727.0079231,25.27139902114868,7,0,9,1787890701.736524,base,agg_static@rho1.0,0,0.55,0.0,4,1.0,agg_static,1787890701.7365093,0,2048,,0,0,0,0,0,0,0,1,10,,0;0;1;1,12,0,0,,,,0,2,,,,,,,,,,,,,,,,,,,,,,,,,,
10,upsert,2,L0055,2048,0,1787890727.0079503,25.271321058273315,8,0,10,1787890701.7366292,base,agg_static@rho1.0,0,0.55,0.0,4,1.0,agg_static,1787890701.7366188,0,2048,,0,0,0,0,0,0,0,1,11,,0;0;0;1,12,0,0,,,,0,1,,,,,,,,,,,,,,,,,,,,,,,,,,
12,upsert,0,L0001,2048,0,1787890727.0079744,23.67458438873291,9,0,12,1787890703.33339,base,agg_static@rho1.0,0,0.55,0.0,4,1.0,agg_static,1787890703.333364,0,2048,,0,0,0,0,0,0,0,1,13,,0;1;1;1,16,0,0,,,,0,3,,,,,,,,,,,,,,,,,,,,,,,,,,
13,upsert,2,L0047,2048,0,1787890727.0080006,23.674445867538452,10,0,13,1787890703.3335547,base,agg_static@rho1.0,0,0.55,0.0,4,1.0,agg_static,1787890703.3335404,0,2048,,0,0,0,0,0,0,0,1,14,,0;1;0;1,16,0,0,,,,0,2,,,,,,,,,,,,,,,,,,,,,,,,,,
16,upsert,0,L0023,2560,0,1787890736.7901506,31.821930170059204,11,0,16,1787890704.9682205,base,agg_static@rho1.0,0,0.55,0.0,4,1.0,agg_static,1787890704.968193,0,2560,,0,0,0,0,0,0,0,2,17,,0;1;1;1,20,0,0,,,,0,3,,,,,,,,,,,,,,,,,,,,,,,,,,
20,upsert,0,L0006,2560,0,1787890736.7902484,29.827876806259155,12,0,20,1787890706.9623716,base,agg_static@rho1.0,0,0.55,0.0,4,1.0,agg_static,1787890706.9623446,0,2560,,0,0,0,0,0,0,0,2,21,,0;1;1;1,24,0,0,,,,0,3,,,,,,,,,,,,,,,,,,,,,,,,,,
21,upsert,1,L0012,2048,0,1787890736.7902884,29.82774829864502,13,0,21,1787890706.9625401,base,agg_static@rho1.0,0,0.55,0.0,4,1.0,agg_static,1787890706.962524,0,2048,,0,0,0,0,0,0,0,1,22,,0;0;1;1,24,0,0,,,,0,2,,,,,,,,,,,,,,,,,,,,,,,,,,
23,upsert,3,L0059,2048,0,1787890736.7903192,29.827585458755493,14,0,23,1787890706.9627337,base,agg_static@rho1.0,0,0.55,0.0,4,1.0,agg_static,1787890706.9627235,0,2048,,0,0,0,0,0,0,0,1,24,,0;0;0;0,24,0,0,,,,0,0,,,,,,,,,,,,,,,,,,,,,,,,,,
24,upsert,0,L0014,2560,0,1787890736.790347,27.916884660720825,15,0,24,1787890708.8734624,base,agg_static@rho1.0,0,0.55,0.0,4,1.0,agg_static,1787890708.8734338,0,2560,,0,0,0,0,0,0,0,2,25,,0;1;1;1,28,0,0,,,,0,3,,,,,,,,,,,,,,,,,,,,,,,,,,
25,upsert,2,L0012,2560,0,1787890736.7903738,27.916732788085938,16,0,25,1787890708.873641,base,agg_static@rho1.0,0,0.55,0.0,4,1.0,agg_static,1787890708.8736272,0,2560,,0,0,0,0,0,0,0,2,26,,0;1;0;1,28,0,0,,,,0,2,,,,,,,,,,,,,,,,,,,,,,,,,,
27,upsert,3,L0001,2560,0,1787890736.7903981,27.916573762893677,17,0,27,1787890708.8738244,base,agg_static@rho1.0,0,0.55,0.0,4,1.0,agg_static,1787890708.873814,0,2560,,0,0,0,0,0,0,0,2,28,,0;0;0;0,28,0,0,,,,0,0,,,,,,,,,,,,,,,,,,,,,,,,,,
28,upsert,0,L0030,2048,0,1787890736.7904239,26.132765293121338,18,0,28,1787890710.6576586,base,agg_static@rho1.0,0,0.55,0.0,4,1.0,agg_static,1787890710.657632,0,2048,,0,0,0,0,0,0,0,1,29,,0;1;1;1,32,0,0,,,,0,3,,,,,,,,,,,,,,,,,,,,,,,,,,
29,upsert,3,L0010,2048,0,1787890746.57244,35.914615631103516,19,0,29,1787890710.6578243,base,agg_static@rho1.0,0,0.55,0.0,4,1.0,agg_static,1787890710.6578102,0,2048,,0,0,0,0,0,0,0,1,30,,0;1;1;0,32,0,0,,,,0,2,,,,,,,,,,,,,,,,,,,,,,,,,,
30,upsert,1,L0009,2048,0,1787890746.5725594,35.914639472961426,20,0,30,1787890710.65792,base,agg_static@rho1.0,0,0.55,0.0,4,1.0,agg_static,1787890710.6579092,0,2048,,0,0,0,0,0,0,0,1,31,,0;0;1;0,32,0,0,,,,0,1,,,,,,,,,,,,,,,,,,,,,,,,,,
31,upsert,2,L0029,2560,0,1787890746.5726254,35.91462278366089,21,0,31,1787890710.6580026,base,agg_static@rho1.0,0,0.55,0.0,4,1.0,agg_static,1787890710.6579938,0,2560,,0,0,0,0,0,0,0,2,32,,0;0;0;0,32,0,0,,,,0,0,,,,,,,,,,,,,,,,,,,,,,,,,,
32,upsert,0,L0003,2048,0,1787890746.5726836,34.614290952682495,22,0,32,1787890711.9583926,base,agg_static@rho1.0,0,0.55,0.0,4,1.0,agg_static,1787890711.9583657,0,2048,,0,0,0,0,0,0,0,1,33,,0;1;1;1,36,0,0,,,,0,3,,,,,,,,,,,,,,,,,,,,,,,,,,
33,upsert,1,L0005,2048,0,1787890746.5727193,34.61397099494934,23,0,33,1787890711.9587483,base,agg_static@rho1.0,0,0.55,0.0,4,1.0,agg_static,1787890711.9587324,0,2048,,0,0,0,0,0,0,0,1,34,,0;0;1;1,36,0,0,,,,0,2,,,,,,,,,,,,,,,,,,,,,,,,,,
34,upsert,2,L0027,2048,0,1787890746.572747,34.61372947692871,24,0,34,1787890711.9590175,base,agg_static@rho1.0,0,0.55,0.0,4,1.0,agg_static,1787890711.9590046,0,2048,,0,0,0,0,0,0,0,1,35,,0;0;0;1,36,0,0,,,,0,1,,,,,,,,,,,,,,,,,,,,,,,,,,
35,upsert,3,L0023,3072,2048,1787890746.572774,34.61349081993103,25,0,35,1787890711.959283,base,agg_static@rho1.0,0,0.55,0.0,4,1.0,agg_static,1787890711.9592676,2048,1024,12.986806154251099,0,0,0,0,0,0,0,3,36,,0;0;0;0,36,1,0,,,,0,0,,,,,,,,,,,,,,,,,,,,,,,,,,
9,upsert,1,L0017,2048,0,1787890770.4014692,10.736167192459106,1,0,9,1787890759.665302,base,agg_full@rho0.5,0,0.55,0.0,4,0.5,agg_full,1787890759.665287,0,2048,,0,0,0,0,0,0,0,1,10,,0;0;1;1,12,0,0,,,,0,2,,,,,,,,,,,,,,,,,,,,,,,,,,
16,upsert,0,L0023,2560,0,1787890770.8421392,8.123377084732056,2,2,16,1787890762.7187622,base,agg_full@rho0.5,0,0.55,0.0,4,0.5,agg_full,1787890762.718734,0,2560,,0,0,0,0,0,0,0,2,17,,0;1;1;1,20,0,1,0,1,0,0,3,46,46,2.568371057510376,,2,0,2,0,0,1,0,2560,2560,51.2,2.0,49.2,8123.377084732056,49.2,1312.413915,2080.0,1,1,1,49.2,49.2,49.2
20,upsert,0,L0006,2560,0,1787890770.8422887,6.013317108154297,3,0,20,1787890764.8289716,base,agg_full@rho0.5,0,0.55,0.0,4,0.5,agg_full,1787890764.8289433,0,2560,,0,0,0,0,0,0,0,2,21,,0;1;1;1,24,0,0,,,,0,3,,,,,,,,,,,,,,,,,,,,,,,,,,
22,upsert,2,L0000,3072,0,1787890776.1506698,11.321404933929443,4,1,22,1787890764.8292649,base,agg_full@rho0.5,0,0.55,0.0,4,0.5,agg_full,1787890764.8292532,0,3072,,0,0,0,0,0,0,0,6,23,,0;0;0;1,24,0,1,0,0,1,0,1,60,60,4.141891241073608,,2,2,2,2,0,0,0,0,0,0.0,0.0,0.0,11321.404933929443,0.0,204.461303,2608.0,0,0,0,0,0,0
24,upsert,0,L0014,2560,0,1787890776.1507833,9.447935581207275,5,1,24,1787890766.7028477,base,agg_full@rho0.5,0,0.55,0.0,4,0.5,agg_full,1787890766.7028205,0,2560,,0,0,0,0,0,0,0,2,25,,0;1;1;1,28,0,1,0,1,0,0,3,57,57,2.7170705795288086,,2,0,2,0,0,0,0,2560,2560,51.2,0.0,51.2,9447.935581207275,51.2,568.27912,2608.0,1,1,1,51.2,51.2,51.2
25,upsert,2,L0012,2560,0,1787890776.1508546,9.447837591171265,6,0,25,1787890766.703017,base,agg_full@rho0.5,0,0.55,0.0,4,0.5,agg_full,1787890766.7030022,0,2560,,0,0,0,0,0,0,0,2,26,,0;1;0;1,28,0,0,,,,0,2,,,,,,,,,,,,,,,,,,,,,,,,,,
26,upsert,1,L0029,2048,0,1787890776.150911,9.44779658317566,7,0,26,1787890766.7031145,base,agg_full@rho0.5,0,0.55,0.0,4,0.5,agg_full,1787890766.7031035,0,2048,,0,0,0,0,0,0,0,1,27,,0;0;0;1,28,0,0,,,,0,1,,,,,,,,,,,,,,,,,,,,,,,,,,
27,upsert,3,L0001,2560,0,1787890776.150962,9.447749853134155,8,0,27,1787890766.7032123,base,agg_full@rho0.5,0,0.55,0.0,4,0.5,agg_full,1787890766.7032025,0,2560,,0,0,0,0,0,0,0,2,28,,0;0;0;0,28,0,0,,,,0,0,,,,,,,,,,,,,,,,,,,,,,,,,,
28,upsert,0,L0030,2048,0,1787890776.1510086,7.877962827682495,9,0,28,1787890768.2730458,base,agg_full@rho0.5,0,0.55,0.0,4,0.5,agg_full,1787890768.273019,0,2048,,0,0,0,0,0,0,0,1,29,,0;1;1;1,32,0,0,,,,0,3,,,,,,,,,,,,,,,,,,,,,,,,,,
29,upsert,3,L0010,2048,0,1787890776.1510599,7.87781834602356,10,0,29,1787890768.2732415,base,agg_full@rho0.5,0,0.55,0.0,4,0.5,agg_full,1787890768.273226,0,2048,,0,0,0,0,0,0,0,1,30,,0;1;1;0,32,0,0,,,,0,2,,,,,,,,,,,,,,,,,,,,,,,,,,
30,upsert,1,L0009,2048,0,1787890778.252367,9.979012489318848,11,0,30,1787890768.2733545,base,agg_full@rho0.5,0,0.55,0.0,4,0.5,agg_full,1787890768.2733426,0,2048,,0,0,0,0,0,0,0,1,31,,0;0;1;0,32,0,0,,,,0,1,,,,,,,,,,,,,,,,,,,,,,,,,,
31,upsert,2,L0029,2560,0,1787890778.2524436,9.979001760482788,12,0,31,1787890768.2734418,base,agg_full@rho0.5,0,0.55,0.0,4,0.5,agg_full,1787890768.2734323,0,2560,,0,0,0,0,0,0,0,2,32,,0;0;0;0,32,0,0,,,,0,0,,,,,,,,,,,,,,,,,,,,,,,,,,
32,upsert,0,L0003,2048,0,1787890778.252486,8.694500923156738,13,0,32,1787890769.557985,base,agg_full@rho0.5,0,0.55,0.0,4,0.5,agg_full,1787890769.557958,0,2048,,0,0,0,0,0,0,0,1,33,,0;1;1;1,36,0,0,,,,0,3,,,,,,,,,,,,,,,,,,,,,,,,,,
33,upsert,1,L0005,2048,0,1787890778.2525184,8.694151878356934,14,0,33,1787890769.5583665,base,agg_full@rho0.5,0,0.55,0.0,4,0.5,agg_full,1787890769.55835,0,2048,,0,0,0,0,0,0,0,1,34,,0;0;1;1,36,0,0,,,,0,2,,,,,,,,,,,,,,,,,,,,,,,,,,
34,upsert,2,L0027,2048,0,1787890778.2525458,8.693908214569092,15,0,34,1787890769.5586376,base,agg_full@rho0.5,0,0.55,0.0,4,0.5,agg_full,1787890769.5586247,0,2048,,0,0,0,0,0,0,0,1,35,,0;0;0;1,36,0,0,,,,0,1,,,,,,,,,,,,,,,,,,,,,,,,,,
35,upsert,3,L0023,3072,0,1787890778.2525723,8.693684101104736,16,1,35,1787890769.5588882,base,agg_full@rho0.5,0,0.55,0.0,4,0.5,agg_full,1787890769.5588734,2048,1024,12.81720781326294,0,0,0,0,0,0,0,3,36,,0;0;0;0,36,1,1,0,1,0,0,0,63,63,2.0401389598846436,,0,3,0,3,0,1,0,512,512,10.24,2.0,8.24,8693.684101104736,8.24,1279.740035,2608.0,1,1,1,8.24,8.24,8.24
37,upsert,2,L0056,2048,0,1787890784.5678868,12.737195014953613,17,0,37,1787890771.8306918,base,agg_full@rho0.5,0,0.55,0.0,4,0.5,agg_full,1787890771.8306744,0,2048,,0,0,0,0,0,0,0,1,35,8.290953795115152,0;1;0;1,40,0,0,,,,0,2,,,,,,,,,,,,,,,,,,,,,,,,,,
38,upsert,1,L0058,2560,0,1787890784.567998,12.736956119537354,18,0,38,1787890771.8310418,base,agg_full@rho0.5,0,0.55,0.0,4,0.5,agg_full,1787890771.8310246,2048,512,10.833983659744263,0,0,0,0,0,0,0,2,36,8.290953795115152,0;0;0;1,40,1,0,,,,0,1,,,,,,,,,,,,,,,,,,,,,,,,,,
39,upsert,3,L0030,2560,0,1787890784.5680604,12.736654281616211,19,0,39,1787890771.831406,base,agg_full@rho0.5,0,0.55,0.0,4,0.5,agg_full,1787890771.8313925,0,2560,,0,0,0,0,0,0,0,2,37,8.290953795115152,0;0;0;0,40,0,0,,,,0,0,,,,,,,,,,,,,,,,,,,,,,,,,,
40,upsert,0,L0036,2048,0,1787890784.5681121,11.159306764602661,20,0,40,1787890773.4088054,base,agg_full@rho0.5,0,0.55,0.0,4,0.5,agg_full,1787890773.408781,0,2048,,0,0,0,0,0,0,0,2,38,8.290953795115152,0;1;1;1,44,0,0,,,,0,3,,,,,,,,,,,,,,,,,,,,,,,,,,
41,upsert,3,L0011,2048,0,1787890784.568184,11.158868789672852,21,0,41,1787890773.409315,base,agg_full@rho0.5,0,0.55,0.0,4,0.5,agg_full,1787890773.4092963,0,2048,,0,0,0,0,0,0,0,1,39,8.290953795115152,0;1;1;0,44,0,0,,,,0,2,,,,,,,,,,,,,,,,,,,,,,,,,,
42,upsert,1,L0000,2048,0,1787890784.5682154,11.158533096313477,22,0,42,1787890773.4096823,base,agg_full@rho0.5,0,0.55,0.0,4,0.5,agg_full,1787890773.4096632,2560,-512,10.690632581710815,0,0,0,0,0,0,0,7,40,8.290953795115152,0;0;1;0,44,1,0,,,,0,1,,,,,,,,,,,,,,,,,,,,,,,,,,
43,upsert,2,L0036,2560,0,1787890784.5682442,11.158233404159546,23,0,43,1787890773.4100108,base,agg_full@rho0.5,0,0.55,0.0,4,0.5,agg_full,1787890773.4099967,0,2560,,0,0,0,0,0,0,0,2,41,8.290953795115152,0;0;0;0,44,0,0,,,,0,0,,,,,,,,,,,,,,,,,,,,,,,,,,
44,upsert,0,L0004,2048,0,1787890786.306557,11.28537631034851,24,0,44,1787890775.0211806,base,agg_full@rho0.5,0,0.55,0.0,4,0.5,agg_full,1787890775.0211382,0,2048,,0,0,0,0,0,0,0,1,42,8.290953795115152,1;1;1;0,49,0,0,,,,0,3,,,,,,,,,,,,,,,,,,,,,,,,,,
45,upsert,1,L0038,2048,0,1787890786.3066761,11.28502631187439,25,0,45,1787890775.0216498,base,agg_full@rho0.5,0,0.55,0.0,4,0.5,agg_full,1787890775.0216336,0,2048,,0,0,0,0,0,0,0,1,43,8.290953795115152,1;0;1;0,49,0,0,,,,0,2,,,,,,,,,,,,,,,,,,,,,,,,,,
46,upsert,0,L0023,2048,2560,1787890786.3067374,11.28474473953247,26,0,46,1787890775.0219927,base,agg_full@rho0.5,0,0.55,0.0,4,0.5,agg_full,1787890775.0219753,2560,-512,12.30324125289917,0,2560,2560,0,2560,1,0,4,44,8.290953795115152,0;0;1;0,49,0,0,,,,0,1,,,,,,,,,,,,,,,,,,,,,,,,,,
47,upsert,2,L0018,2048,0,1787890786.3067884,11.28446364402771,27,0,47,1787890775.0223248,base,agg_full@rho0.5,0,0.55,0.0,4,0.5,agg_full,1787890775.0223114,0,2048,,0,0,0,0,0,0,0,1,45,8.290953795115152,0;0;0;0,49,0,0,,,,0,0,,,,,,,,,,,,,,,,,,,,,,,,,,
48,upsert,1,L0010,2560,0,1787890786.306834,9.313811302185059,28,0,48,1787890776.9930227,base,agg_full@rho0.5,0,0.55,0.0,4,0.5,agg_full,1787890776.9929988,0,2560,,0,0,2048,0,2048,1,0,2,39,8.974136710166931,1;0;1;1,53,0,0,,,,0,3,,,,,,,,,,,,,,,,,,,,,,,,,,
49,upsert,3,L0005,2560,0,1787890786.306875,9.313297748565674,29,0,49,1787890776.9935772,base,agg_full@rho0.5,0,0.55,0.0,4,0.5,agg_full,1787890776.99356,0,2560,,0,0,0,0,0,0,0,2,40,8.974136710166931,1;0;1;0,53,0,0,,,,0,2,,,,,,,,,,,,,,,,,,,,,,,,,,
50,upsert,2,L0034,2560,0,1787890786.3069189,9.312948226928711,30,0,50,1787890776.9939706,base,agg_full@rho0.5,0,0.55,0.0,4,0.5,agg_full,1787890776.9939563,0,2560,,0,0,0,0,0,0,0,2,41,8.974136710166931,1;0;0;0,53,0,0,,,,0,1,,,,,,,,,,,,,,,,,,,,,,,,,,
51,upsert,0,L0044,2048,0,1787890786.3069613,9.31261658668518,31,0,51,1787890776.9943447,base,agg_full@rho0.5,0,0.55,0.0,4,0.5,agg_full,1787890776.9943314,0,2048,,0,0,0,0,0,0,0,1,42,8.974136710166931,0;0;0;0,53,0,0,,,,0,0,,,,,,,,,,,,,,,,,,,,,,,,,,
52,upsert,1,L0062,2048,0,1787890790.4557168,11.589595317840576,32,0,52,1787890778.8661215,base,agg_full@rho0.5,0,0.55,0.0,4,0.5,agg_full,1787890778.8660989,0,2048,,0,0,0,0,0,0,0,1,37,9.029726654291153,1;0;1;1,57,0,0,,,,0,3,,,,,,,,,,,,,,,,,,,,,,,,,,
53,upsert,0,L0011,2560,0,1787890790.455846,11.589231014251709,33,0,53,1787890778.866615,base,agg_full@rho0.5,0,0.55,0.0,4,0.5,agg_full,1787890778.8665984,0,2560,,0,0,0,0,0,0,0,2,38,9.029726654291153,0;0;1;1,57,0,0,,,,0,2,,,,,,,,,,,,,,,,,,,,,,,,,,
54,upsert,3,L0031,2048,0,1787890790.4559062,11.588886022567749,34,0,54,1787890778.8670201,base,agg_full@rho0.5,0,0.55,0.0,4,0.5,agg_full,1787890778.8670053,0,2048,,0,0,0,0,0,0,0,1,39,9.029726654291153,0;0;1;0,57,0,0,,,,0,1,,,,,,,,,,,,,,,,,,,,,,,,,,
55,upsert,2,L0028,2560,0,1787890790.4559612,11.588584661483765,35,0,55,1787890778.8673766,base,agg_full@rho0.5,0,0.55,0.0,4,0.5,agg_full,1787890778.8673596,2048,512,20.50714659690857,0,0,0,0,0,0,0,2,40,9.029726654291153,0;0;0;0,57,1,0,,,,0,0,,,,,,,,,,,,,,,,,,,,,,,,,,
56,upsert,1,L0016,2048,0,1787890790.4560099,10.165284633636475,36,0,56,1787890780.2907252,base,agg_full@rho0.5,0,0.55,0.0,4,0.5,agg_full,1787890780.2907004,0,2048,,0,0,0,0,0,0,0,1,41,9.029726654291153,1;0;1;1,62,0,0,,,,0,3,,,,,,,,,,,,,,,,,,,,,,,,,,
57,upsert,0,L0014,3072,2560,1787890790.4560506,10.164779901504517,37,0,57,1787890780.2912707,base,agg_full@rho0.5,0,0.55,0.0,4,0.5,agg_full,1787890780.291249,2560,512,13.588428497314453,0,2560,2560,0,2560,1,0,3,42,9.029726654291153,0;0;1;1,62,0,0,,,,0,2,,,,,,,,,,,,,,,,,,,,,,,,,,
58,upsert,2,L0046,2560,0,1787890790.4560945,10.164342641830444,38,0,58,1787890780.2917519,base,agg_full@rho0.5,0,0.55,0.0,4,0.5,agg_full,1787890780.2917345,2048,512,17.572616577148438,0,0,0,0,0,0,0,2,43,9.029726654291153,0;0;0;1,62,1,0,,,,0,1,,,,,,,,,,,,,,,,,,,,,,,,,,
59,upsert,3,L0042,2048,0,1787890793.4522934,13.16014313697815,39,0,59,1787890780.2921503,base,agg_full@rho0.5,0,0.55,0.0,4,0.5,agg_full,1787890780.2921355,0,2048,,0,0,0,0,0,0,0,1,44,9.029726654291153,0;0;0;0,62,0,0,,,,0,0,,,,,,,,,,,,,,,,,,,,,,,,,,
60,upsert,2,L0000,2560,3072,1787890793.4524143,11.21837592124939,40,0,60,1787890782.2340384,base,agg_full@rho0.5,0,0.55,0.0,4,0.5,agg_full,1787890782.2340114,3072,-512,17.40475821495056,0,3072,3072,0,3072,1,0,8,45,9.029726654291153,0;1;0;2,68,0,0,,,,0,3,,,,,,,,,,,,,,,,,,,,,,,,,,
61,upsert,1,L0056,2560,0,1787890793.45248,11.217883825302124,41,0,61,1787890782.2345963,base,agg_full@rho0.5,0,0.55,0.0,4,0.5,agg_full,1787890782.234579,0,2560,,0,0,0,0,0,0,0,2,46,9.029726654291153,0;0;0;2,68,0,0,,,,0,2,,,,,,,,,,,,,,,,,,,,,,,,,,
62,upsert,3,L0063,2048,0,1787890793.4525332,11.217527389526367,42,0,62,1787890782.2350059,base,agg_full@rho0.5,0,0.55,0.0,4,0.5,agg_full,1787890782.2349916,0,2048,,0,0,0,0,0,0,0,1,47,9.029726654291153,0;0;0;1,68,0,0,,,,0,1,,,,,,,,,,,,,,,,,,,,,,,,,,
63,upsert,3,L0023,2560,3072,1787890793.452576,11.217214107513428,43,0,63,1787890782.2353618,base,agg_full@rho0.5,0,0.55,0.0,4,0.5,agg_full,1787890782.235346,3072,-512,12.676472663879395,0,3072,3072,2560,512,2,0,5,48,9.029726654291153,0;0;0;0,68,1,0,,,,0,0,,,,,,,,,,,,,,,,,,,,,,,,,,
64,upsert,0,L0067,2048,0,1787890793.452619,9.806579351425171,44,0,64,1787890783.6460397,base,agg_full@rho0.5,0,0.55,0.0,4,0.5,agg_full,1787890783.646016,0,2048,,0,0,0,0,0,0,0,1,49,9.029726654291153,0;1;1;1,72,0,0,,,,0,3,,,,,,,,,,,,,,,,,,,,,,,,,,
65,upsert,1,L0072,2048,0,1787890793.4526675,9.806109189987183,45,1,65,1787890783.6465583,base,agg_full@rho0.5,0,0.55,0.0,4,0.5,agg_full,1787890783.646542,0,2048,,0,0,0,0,0,0,0,1,50,9.029726654291153,0;0;1;1,72,0,1,0,0,1,0,2,124,124,15.652390480041504,,3,3,3,3,0,0,2560,2560,0,0.0,0.0,0.0,9806.109189987183,0.0,627.961916,2608.0,0,0,0,0,0,0
66,upsert,2,L0121,2048,0,1787890793.452706,9.805779218673706,46,0,66,1787890783.6469269,base,agg_full@rho0.5,0,0.55,0.0,4,0.5,agg_full,1787890783.6469128,0,2048,,0,0,0,0,0,0,0,1,51,9.029726654291153,0;0;0;1,72,0,0,,,,0,1,,,,,,,,,,,,,,,,,,,,,,,,,,
67,upsert,3,L0091,2048,0,1787890797.1472673,13.49998950958252,47,0,67,1787890783.6472778,base,agg_full@rho0.5,0,0.55,0.0,4,0.5,agg_full,1787890783.6472645,0,2048,,0,0,0,0,0,0,0,1,52,9.029726654291153,0;0;0;0,72,0,0,,,,0,0,,,,,,,,,,,,,,,,,,,,,,,,,,
68,upsert,0,L0083,2048,0,1787890797.1473832,11.722556352615356,48,0,68,1787890785.4248269,base,agg_full@rho0.5,0,0.55,0.0,4,0.5,agg_full,1787890785.4248028,0,2048,,0,0,0,0,0,0,0,1,46,9.883537997370182,0;1;1;1,76,0,0,,,,0,3,,,,,,,,,,,,,,,,,,,,,,,,,,
69,upsert,2,L0124,2048,0,1787890797.1474447,11.722085952758789,49,0,69,1787890785.4253588,base,agg_full@rho0.5,0,0.55,0.0,4,0.5,agg_full,1787890785.4253418,0,2048,,0,0,0,0,0,0,0,1,47,9.883537997370182,0;1;0;1,76,0,0,,,,0,2,,,,,,,,,,,,,,,,,,,,,,,,,,
70,upsert,1,L0076,2048,0,1787890797.1475093,11.721768140792847,50,0,70,1787890785.4257412,base,agg_full@rho0.5,0,0.55,0.0,4,0.5,agg_full,1787890785.425727,0,2048,,0,0,0,0,0,0,0,1,48,9.883537997370182,0;0;0;1,76,0,0,,,,0,1,,,,,,,,,,,,,,,,,,,,,,,,,,
71,upsert,3,L0077,2048,0,1787890797.147575,11.721481084823608,51,0,71,1787890785.4260938,base,agg_full@rho0.5,0,0.55,0.0,4,0.5,agg_full,1787890785.4260812,0,2048,,0,0,0,0,0,0,0,1,49,9.883537997370182,0;0;0;0,76,0,0,,,,0,0,,,,,,,,,,,,,,,,,,,,,,,,,,
72,upsert,0,L0081,2048,0,1787890797.1476204,10.105766773223877,52,0,72,1787890787.0418537,base,agg_full@rho0.5,0,0.55,0.0,4,0.5,agg_full,1787890787.0418303,0,2048,,0,0,0,0,0,0,0,2,42,9.990763187408447,0;1;1;1,80,0,0,,,,0,3,,,,,,,,,,,,,,,,,,,,,,,,,,
73,upsert,3,L0106,2048,0,1787890797.147666,10.105271339416504,53,0,73,1787890787.0423946,base,agg_full@rho0.5,0,0.55,0.0,4,0.5,agg_full,1787890787.042378,0,2048,,0,0,0,0,0,0,0,1,43,9.990763187408447,0;1;1;0,80,0,0,,,,0,2,,,,,,,,,,,,,,,,,,,,,,,,,,
74,upsert,1,L0081,2560,0,1787890799.67293,12.630144357681274,54,0,74,1787890787.0427856,base,agg_full@rho0.5,0,0.55,0.0,4,0.5,agg_full,1787890787.042772,0,2560,,0,0,0,0,0,0,0,2,44,9.990763187408447,0;0;1;0,80,0,0,,,,0,1,,,,,,,,,,,,,,,,,,,,,,,,,,
75,upsert,2,L0094,2048,0,1787890799.6730413,12.6298189163208,55,1,75,1787890787.0432224,base,agg_full@rho0.5,0,0.55,0.0,4,0.5,agg_full,1787890787.0432076,0,2048,,0,0,0,0,0,0,0,1,45,9.990763187408447,0;0;0;0,80,0,1,0,0,1,0,0,120,120,7.667886257171631,,0,0,0,0,0,0,2560,2560,0,0.0,0.0,0.0,12629.8189163208,0.0,618.424173,2608.0,0,0,0,0,0,0
76,upsert,0,L0075,2048,0,1787890799.6731043,11.266186714172363,56,2,76,1787890788.4069176,base,agg_full@rho0.5,0,0.55,0.0,4,0.5,agg_full,1787890788.4068913,0,2048,,0,0,0,0,0,0,0,1,46,9.990763187408447,0;1;1;1,84,0,1,0,1,0,0,3,110,110,1.4233274459838867,,1,0,1,0,0,1,0,2048,2048,40.96,2.0,38.96,11266.186714172363,38.96,1844.2881,2080.0,1,1,1,38.96,38.96,38.96
77,upsert,1,L0069,2048,0,1787890799.6731791,11.265698671340942,57,3,77,1787890788.4074805,base,agg_full@rho0.5,0,0.55,0.0,4,0.5,agg_full,1787890788.407462,0,2048,,0,0,0,0,0,0,0,1,47,9.990763187408447,0;0;1;1,84,0,1,0,1,0,0,2,113,113,3.6088814735412598,,2,1,2,1,0,1,0,2048,2048,40.96,2.0,38.96,11265.698671340942,38.96,2181.698575,2080.0,1,1,1,38.96,38.96,38.96
78,upsert,2,L0068,2048,0,1787890799.673229,11.265351057052612,58,1,78,1787890788.407878,base,agg_full@rho0.5,0,0.55,0.0,4,0.5,agg_full,1787890788.4078636,0,2048,,0,0,0,0,0,0,0,1,48,9.990763187408447,0;0;0;1,84,0,1,1,0,1,0,1,116,116,6.14578914642334,,2,2,2,2,0,0,0,0,0,0.0,0.0,0.0,11265.351057052612,0.0,184.543474,2608.0,0,0,0,0,0,0
79,upsert,3,L0065,2048,0,1787890799.6732702,11.265018463134766,59,1,79,1787890788.4082518,base,agg_full@rho0.5,0,0.55,0.0,4,0.5,agg_full,1787890788.4082391,0,2048,,0,0,0,0,0,0,0,1,49,9.990763187408447,0;0;0;0,84,0,1,0,1,0,0,0,114,114,3.60884428024292,,0,3,0,3,0,0,0,2048,2048,40.96,0.0,40.96,11265.018463134766,40.96,528.091904,2080.0,1,1,1,40.96,40.96,40.96
80,upsert,0,L0104,2048,0,1787890799.6733174,9.567396402359009,60,0,80,1787890790.105921,base,agg_full@rho0.5,0,0.55,0.0,4,0.5,agg_full,1787890790.1058972,0,2048,,0,0,0,0,0,0,0,1,50,9.990763187408447,0;1;1;1,88,0,0,,,,0,3,,,,,,,,,,,,,,,,,,,,,,,,,,
81,upsert,2,L0121,2560,2048,1787890799.67336,9.56687331199646,61,0,81,1787890790.1064868,base,agg_full@rho0.5,0,0.55,0.0,4,0.5,agg_full,1787890790.1064653,2048,512,6.459552526473999,0,0,0,0,0,0,0,2,51,9.990763187408447,0;1;0;1,88,1,0,,,,0,2,,,,,,,,,,,,,,,,,,,,,,,,,,
82,upsert,1,L0086,2048,0,1787890800.5913274,10.484399557113647,62,0,82,1787890790.1069279,base,agg_full@rho0.5,0,0.55,0.0,4,0.5,agg_full,1787890790.106913,0,2048,,0,0,0,0,0,0,0,1,52,9.990763187408447,0;0;0;1,88,0,0,,,,0,1,,,,,,,,,,,,,,,,,,,,,,,,,,
83,upsert,3,L0068,2560,0,1787890800.5914283,10.484119415283203,63,1,83,1787890790.1073089,base,agg_full@rho0.5,0,0.55,0.0,4,0.5,agg_full,1787890790.107295,0,2560,,0,0,0,0,0,0,0,2,53,9.990763187408447,0;0;0;0,88,0,1,0,0,1,0,0,116,116,5.227589845657349,,2,2,2,2,0,0,512,512,0,0.0,0.0,0.0,10484.119415283203,0.0,184.543474,2608.0,0,0,0,0,0,0
84,upsert,0,L0094,2560,0,1787890800.5914924,8.700745105743408,64,1,84,1787890791.8907473,base,agg_full@rho0.5,0,0.55,0.0,4,0.5,agg_full,1787890791.8907192,0,2560,,0,0,0,0,0,0,0,2,47,10.358572609722614,0;1;1;1,92,0,1,0,1,0,0,3,120,120,6.749435186386108,,2,0,2,0,0,0,2048,2560,512,10.24,0.0,10.24,8700.745105743408,10.24,618.424173,2608.0,1,1,1,10.24,10.24,10.24
85,upsert,3,L0072,2560,0,1787890800.5915415,8.700216293334961,65,1,85,1787890791.8913252,base,agg_full@rho0.5,0,0.55,0.0,4,0.5,agg_full,1787890791.891308,0,2560,,0,0,0,0,0,0,0,2,48,10.358572609722614,0;1;1;0,92,0,1,0,1,0,0,2,124,124,8.513516426086426,,1,3,1,3,0,0,2048,2560,512,10.24,0.0,10.24,8700.216293334961,10.24,627.961916,2608.0,1,1,1,10.24,10.24,10.24
86,upsert,1,L0103,2048,0,1787890800.5915895,8.699835777282715,66,0,86,1787890791.8917537,base,agg_full@rho0.5,0,0.55,0.0,4,0.5,agg_full,1787890791.8917391,0,2048,,0,0,0,0,0,0,0,1,49,10.358572609722614,0;0;1;0,92,0,0,,,,0,1,,,,,,,,,,,,,,,,,,,,,,,,,,
87,upsert,2,L0067,2560,0,1787890800.5916307,8.699509859085083,67,0,87,1787890791.8921208,base,agg_full@rho0.5,0,0.55,0.0,4,0.5,agg_full,1787890791.892105,0,2560,,0,0,0,0,0,0,0,2,50,10.358572609722614,0;0;0;0,92,0,0,,,,0,0,,,,,,,,,,,,,,,,,,,,,,,,,,
88,upsert,0,L0064,2048,0,1787890800.5916736,6.989843368530273,68,0,88,1787890793.6018302,base,agg_full@rho0.5,0,0.55,0.0,4,0.5,agg_full,1787890793.6018052,0,2048,,0,0,0,0,0,0,0,1,43,10.8414356559515,0;1;1;1,96,0,0,,,,0,3,,,,,,,,,,,,,,,,,,,,,,,,,,
89,upsert,1,L0088,2048,0,1787890800.591713,6.989335536956787,69,0,89,1787890793.6023774,base,agg_full@rho0.5,0,0.55,0.0,4,0.5,agg_full,1787890793.60236,0,2048,,0,0,0,0,0,0,0,1,44,10.8414356559515,0;0;1;1,96,0,0,,,,0,2,,,,,,,,,,,,,,,,,,,,,,,,,,
90,upsert,2,L0100,2048,0,1787890802.893282,9.290509700775146,70,0,90,1787890793.6027722,base,agg_full@rho0.5,0,0.55,0.0,4,0.5,agg_full,1787890793.6027577,0,2048,,0,0,0,0,0,0,0,1,45,10.8414356559515,0;0;0;1,96,0,0,,,,0,1,,,,,,,,,,,,,,,,,,,,,,,,,,
91,upsert,3,L0076,2560,0,1787890802.8933918,9.290263175964355,71,0,91,1787890793.6031287,base,agg_full@rho0.5,0,0.55,0.0,4,0.5,agg_full,1787890793.6031156,0,2560,,0,0,0,0,0,0,0,2,46,10.8414356559515,0;0;0;0,96,0,0,,,,0,0,,,,,,,,,,,,,,,,,,,,,,,,,,
92,upsert,0,L0105,2048,0,1787890802.8934567,7.871610164642334,72,0,92,1787890795.0218465,base,agg_full@rho0.5,0,0.55,0.0,4,0.5,agg_full,1787890795.0218203,0,2048,,0,0,0,0,0,0,0,1,47,10.8414356559515,0;1;1;1,100,0,0,,,,0,3,,,,,,,,,,,,,,,,,,,,,,,,,,
93,upsert,2,L0125,2048,0,1787890802.8935075,7.871105909347534,73,0,93,1787890795.0224016,base,agg_full@rho0.5,0,0.55,0.0,4,0.5,agg_full,1787890795.0223842,0,2048,,0,0,0,0,0,0,0,1,48,10.8414356559515,0;1;0;1,100,0,0,,,,0,2,,,,,,,,,,,,,,,,,,,,,,,,,,
94,upsert,1,L0115,2048,0,1787890802.893552,7.870753765106201,74,0,94,1787890795.0227983,base,agg_full@rho0.5,0,0.55,0.0,4,0.5,agg_full,1787890795.0227828,0,2048,,0,0,0,0,0,0,0,1,49,10.8414356559515,0;0;0;1,100,0,0,,,,0,1,,,,,,,,,,,,,,,,,,,,,,,,,,
95,upsert,3,L0074,2048,0,1787890802.8935962,7.8704164028167725,75,0,95,1787890795.0231798,base,agg_full@rho0.5,0,0.55,0.0,4,0.5,agg_full,1787890795.0231545,0,2048,,0,0,0,0,0,0,0,1,50,10.8414356559515,0;0;0;0,100,0,0,,,,0,0,,,,,,,,,,,,,,,,,,,,,,,,,,
96,upsert,0,L0091,2560,0,1787890802.8936405,5.939603805541992,76,0,96,1787890796.9540367,base,agg_full@rho0.5,0,0.55,0.0,4,0.5,agg_full,1787890796.9540086,0,2560,,0,0,0,0,0,0,0,2,51,10.8414356559515,0;1;1;1,104,0,0,,,,0,3,,,,,,,,,,,,,,,,,,,,,,,,,,
97,upsert,3,L0064,2560,0,1787890803.5878992,6.633250951766968,77,0,97,1787890796.9546483,base,agg_full@rho0.5,0,0.55,0.0,4,0.5,agg_full,1787890796.9546294,0,2560,,0,0,0,0,0,0,0,2,52,10.8414356559515,0;1;1;0,104,0,0,,,,0,2,,,,,,,,,,,,,,,,,,,,,,,,,,
98,upsert,1,L0100,2560,0,1787890803.5880244,6.632933855056763,78,0,98,1787890796.9550905,base,agg_full@rho0.5,0,0.55,0.0,4,0.5,agg_full,1787890796.9550755,0,2560,,0,0,0,0,0,0,0,2,53,10.8414356559515,0;0;1;0,104,0,0,,,,0,1,,,,,,,,,,,,,,,,,,,,,,,,,,
99,upsert,2,L0068,3072,2048,1787890803.5880957,6.632580280303955,79,1,99,1787890796.9555154,base,agg_full@rho0.5,0,0.55,0.0,4,0.5,agg_full,1787890796.9554975,2048,1024,8.54763388633728,0,0,0,0,0,0,0,3,54,10.8414356559515,0;0;0;0,104,1,1,0,1,0,0,0,116,116,2.2309224605560303,,3,2,3,2,0,0,0,512,512,10.24,0.0,10.24,6632.580280303955,10.24,184.543474,2608.0,1,1,1,10.24,10.24,10.24
100,upsert,0,L0120,2048,0,1787890803.5881515,4.9748148918151855,80,0,100,1787890798.6133366,base,agg_full@rho0.5,0,0.55,0.0,4,0.5,agg_full,1787890798.6133077,0,2048,,0,0,0,0,0,0,0,1,48,10.925258964300156,0;1;1;1,108,0,0,,,,0,3,,,,,,,,,,,,,,,,,,,,,,,,,,
101,upsert,1,L0116,2048,0,1787890803.5882235,4.974345445632935,81,0,101,1787890798.613878,base,agg_full@rho0.5,0,0.55,0.0,4,0.5,agg_full,1787890798.6138604,0,2048,,0,0,0,0,0,0,0,1,49,10.925258964300156,0;0;1;1,108,0,0,,,,0,2,,,,,,,,,,,,,,,,,,,,,,,,,,
102,upsert,2,L0078,2048,0,1787890803.588266,4.973984718322754,82,0,102,1787890798.6142812,base,agg_full@rho0.5,0,0.55,0.0,4,0.5,agg_full,1787890798.6142662,0,2048,,0,0,0,0,0,0,0,1,50,10.925258964300156,0;0;0;1,108,0,0,,,,0,1,,,,,,,,,,,,,,,,,,,,,,,,,,
103,upsert,3,L0087,2048,0,1787890803.5883095,4.973660707473755,83,0,103,1787890798.6146488,base,agg_full@rho0.5,0,0.55,0.0,4,0.5,agg_full,1787890798.6146348,0,2048,,0,0,0,0,0,0,0,1,51,10.925258964300156,0;0;0;0,108,0,0,,,,0,0,,,,,,,,,,,,,,,,,,,,,,,,,,
104,upsert,0,L0108,2048,0,1787890806.0624967,4.968026399612427,84,0,104,1787890801.0944703,base,agg_full@rho0.5,0,0.55,0.0,4,0.5,agg_full,1787890801.0944412,0,2048,,0,0,0,0,0,0,0,1,36,10.544292710721493,0;1;1;1,112,0,0,,,,0,3,,,,,,,,,,,,,,,,,,,,,,,,,,
105,upsert,2,L0068,2048,3072,1787890806.06262,4.967615604400635,85,0,105,1787890801.0950043,base,agg_full@rho0.5,0,0.55,0.0,4,0.5,agg_full,1787890801.0949843,3072,-1024,4.139486789703369,0,2048,2560,2048,512,2,0,4,37,10.544292710721493,0;1;0;1,112,1,0,,,,0,2,,,,,,,,,,,,,,,,,,,,,,,,,,
106,upsert,1,L0074,2560,0,1787890806.0626924,4.9672698974609375,86,0,106,1787890801.0954225,base,agg_full@rho0.5,0,0.55,0.0,4,0.5,agg_full,1787890801.095408,0,2560,,0,0,0,0,0,0,0,2,38,10.544292710721493,0;0;0;1,112,0,0,,,,0,1,,,,,,,,,,,,,,,,,,,,,,,,,,
108,upsert,0,L0097,2048,0,1787890807.384484,4.10440731048584,87,0,108,1787890803.2800767,base,agg_full@rho0.5,0,0.55,0.0,4,0.5,agg_full,1787890803.2800505,0,2048,,0,0,0,0,0,0,0,1,33,9.856861352920532,1;1;0;1,117,0,0,,,,0,3,,,,,,,,,,,,,,,,,,,,,,,,,,
109,upsert,3,L0074,3072,2048,1787890807.3845391,4.103878736495972,88,0,109,1787890803.2806604,base,agg_full@rho0.5,0,0.55,0.0,4,0.5,agg_full,1787890803.2806385,2048,1024,8.257483959197998,0,2048,2048,0,2048,1,0,3,34,9.856861352920532,1;1;0;0,117,0,0,,,,0,2,,,,,,,,,,,,,,,,,,,,,,,,,,
110,upsert,0,L0075,2560,2048,1787890807.384567,4.103412389755249,89,1,110,1787890803.2811546,base,agg_full@rho0.5,0,0.55,0.0,4,0.5,agg_full,1787890803.281137,2048,512,14.874245643615723,0,2048,2048,0,2048,1,0,2,35,9.856861352920532,0;1;0;0,117,0,1,0,0,1,0,1,126,126,1.7206149101257324,,0,0,0,0,0,0,0,0,0,0.0,0.0,0.0,4103.412389755249,0.0,620.308006,2608.0,0,0,0,0,0,0
111,upsert,1,L0096,2048,0,1787890807.3845882,4.10300612449646,90,0,111,1787890803.281582,base,agg_full@rho0.5,0,0.55,0.0,4,0.5,agg_full,1787890803.281568,0,2048,,0,0,0,0,0,0,0,1,36,9.856861352920532,0;0;0;0,117,0,0,,,,0,0,,,,,,,,,,,,,,,,,,,,,,,,,,
112,upsert,1,L0078,2560,0,1787890808.699741,2.882631301879883,91,0,112,1787890805.8171096,base,agg_full@rho0.5,0,0.55,0.0,4,0.5,agg_full,1787890805.8170843,0,2560,,0,0,2048,0,2048,1,0,2,30,8.600480146706104,1;1;0;1,123,0,0,,,,0,3,,,,,,,,,,,,,,,,,,,,,,,,,,
113,upsert,1,L0069,2560,2048,1787890808.699842,2.8821210861206055,92,1,113,1787890805.817721,base,agg_full@rho0.5,0,0.55,0.0,4,0.5,agg_full,1787890805.8177006,2048,512,17.41023874282837,0,2048,2048,0,2048,1,0,2,31,8.600480146706104,1;0;0;1,123,0,1,0,0,1,0,2,125,125,0.40527987480163574,,1,1,1,1,0,0,0,0,0,0.0,0.0,0.0,2882.1210861206055,0.0,101.671585,2080.0,0,0,0,0,0,0
114,upsert,3,L0065,2560,2048,1787890808.6999013,2.8817262649536133,93,0,114,1787890805.818175,base,agg_full@rho0.5,0,0.55,0.0,4,0.5,agg_full,1787890805.8181453,2048,512,17.409906148910522,0,2048,2048,0,2048,1,0,2,32,8.600480146706104,1;0;0;0,123,0,0,,,,0,1,,,,,,,,,,,,,,,,,,,,,,,,,,
115,upsert,0,L0066,2048,0,1787890808.6999595,2.8813672065734863,94,0,115,1787890805.8185923,base,agg_full@rho0.5,0,0.55,0.0,4,0.5,agg_full,1787890805.8185778,0,2048,,0,0,0,0,0,0,0,1,33,8.600480146706104,0;0;0;0,123,0,0,,,,0,0,,,,,,,,,,,,,,,,,,,,,,,,,,
116,upsert,2,L0068,2560,2048,1787890810.0150042,2.674886703491211,95,0,116,1787890807.3401175,base,agg_full@rho0.5,0,0.55,0.0,4,0.5,agg_full,1787890807.3400981,2048,512,6.245113849639893,0,2048,2560,2048,512,2,0,5,31,8.039909191429615,1;1;0;1,129,0,0,,,,0,3,,,,,,,,,,,,,,,,,,,,,,,,,,
117,upsert,3,L0118,2048,0,1787890810.0151186,2.6746935844421387,96,0,117,1787890807.340425,base,agg_full@rho0.5,0,0.55,0.0,4,0.5,agg_full,1787890807.3404167,0,2048,,0,0,0,0,0,0,0,1,32,8.039909191429615,1;1;0;0,129,0,0,,,,0,2,,,,,,,,,,,,,,,,,,,,,,,,,,
118,upsert,0,L0113,2048,0,1787890810.015198,2.674611806869507,97,0,118,1787890807.3405862,base,agg_full@rho0.5,0,0.55,0.0,4,0.5,agg_full,1787890807.3405795,0,2048,,0,0,0,0,0,0,0,1,33,8.039909191429615,0;1;0;0,129,0,0,,,,0,1,,,,,,,,,,,,,,,,,,,,,,,,,,
119,upsert,1,L0069,3072,2560,1787890810.0152552,2.6745314598083496,98,0,119,1787890807.3407238,base,agg_full@rho0.5,0,0.55,0.0,4,0.5,agg_full,1787890807.3407173,2560,512,1.5230166912078857,0,2048,2048,0,2048,1,0,3,34,8.039909191429615,0;0;0;0,129,1,0,,,,0,0,,,,,,,,,,,,,,,,,,,,,,,,,,
120,upsert,0,L0094,3072,2560,1787890811.506789,2.403609275817871,99,0,120,1787890809.1031797,base,agg_full@rho0.5,0,0.55,0.0,4,0.5,agg_full,1787890809.1031308,2560,512,17.212411642074585,0,2560,2560,2048,512,2,0,3,27,6.184653170406818,0;1;1;1,134,0,0,,,,0,3,,,,,,,,,,,,,,,,,,,,,,,,,,
121,upsert,3,L0084,2048,0,1787890811.5068922,2.4030942916870117,100,0,121,1787890809.103798,base,agg_full@rho0.5,0,0.55,0.0,4,0.5,agg_full,1787890809.1037796,0,2048,,0,0,0,0,0,0,0,1,28,6.184653170406818,0;1;1;0,134,0,0,,,,0,2,,,,,,,,,,,,,,,,,,,,,,,,,,
122,upsert,1,L0098,2048,0,1787890811.5069582,2.402742385864258,101,0,122,1787890809.1042159,base,agg_full@rho0.5,0,0.55,0.0,4,0.5,agg_full,1787890809.1042016,0,2048,,0,0,0,0,0,0,0,1,29,6.184653170406818,0;0;1;0,134,0,0,,,,0,1,,,,,,,,,,,,,,,,,,,,,,,,,,
123,upsert,2,L0066,2560,0,1787890811.5070083,2.4024131298065186,102,0,123,1787890809.1045952,base,agg_full@rho0.5,0,0.55,0.0,4,0.5,agg_full,1787890809.1045804,0,2560,,0,0,2048,0,2048,1,0,2,30,6.184653170406818,0;0;0;0,134,0,0,,,,0,0,,,,,,,,,,,,,,,,,,,,,,,,,,
124,upsert,3,L0072,3072,2560,1787890812.0014246,1.6135952472686768,103,0,124,1787890810.3878293,base,agg_full@rho0.5,0,0.55,0.0,4,0.5,agg_full,1787890810.3878007,2560,512,18.496492624282837,0,2560,2560,2048,512,2,0,3,27,5.375709637999535,1;1;1;0,141,0,0,,,,0,3,,,,,,,,,,,,,,,,,,,,,,,,,,
125,upsert,1,L0069,2048,3072,1787890812.0014963,1.6130423545837402,104,0,125,1787890810.388454,base,agg_full@rho0.5,0,0.55,0.0,4,0.5,agg_full,1787890810.3884342,3072,-1024,3.0477168560028076,0,3072,3072,0,3072,1,0,4,28,5.375709637999535,1;0;1;0,141,0,0,,,,0,2,,,,,,,,,,,,,,,,,,,,,,,,,,
126,upsert,0,L0075,3072,2560,1787890812.0015423,1.612675666809082,105,0,126,1787890810.3888667,base,agg_full@rho0.5,0,0.55,0.0,4,0.5,agg_full,1787890810.3888488,2560,512,7.1077117919921875,0,2560,2560,0,2560,1,0,3,29,5.375709637999535,0;0;1;0,141,0,0,,,,0,1,,,,,,,,,,,,,,,,,,,,,,,,,,
127,upsert,2,L0071,2048,0,1787890812.0015852,1.6122636795043945,106,0,127,1787890810.3893216,base,agg_full@rho0.5,0,0.55,0.0,4,0.5,agg_full,1787890810.3893065,0,2048,,0,0,0,0,0,0,0,1,30,5.375709637999535,0;0;0;0,141,0,0,,,,0,0,,,,,,,,,,,,,,,,,,,,,,,,,,
0,upsert,0,L0048,2048,0,1787890819.6705139,0.0032799243927001953,1,0,0,1787890819.667234,base,agg_static@rho0.5,0,0.55,0.0,4,0.5,agg_static,1787890819.6672063,0,2048,,0,0,0,0,0,0,0,1,1,,0;1;1;1,4,0,0,,,,0,3,,,,,,,,,,,,,,,,,,,,,,,,,,
1,upsert,2,L0006,2048,0,1787890819.670641,0.0032536983489990234,2,0,1,1787890819.6673872,base,agg_static@rho0.5,0,0.55,0.0,4,0.5,agg_static,1787890819.667374,0,2048,,0,0,0,0,0,0,0,1,2,,0;1;0;1,4,0,0,,,,0,2,,,,,,,,,,,,,,,,,,,,,,,,,,
2,upsert,1,L0014,2048,0,1787890819.6707177,0.003223419189453125,3,1,2,1787890819.6674943,base,agg_static@rho0.5,0,0.55,0.0,4,0.5,agg_static,1787890819.6674824,0,2048,,0,0,0,0,0,0,0,1,3,,0;0;0;1,4,0,1,1,0,1,0,1,57,57,20.38436245918274,,1,1,1,1,0,0,0,0,0,0.0,0.0,0.0,3.223419189453125,0.0,528.43847,2608.0,0,0,0,0,0,0
3,upsert,3,L0023,2048,0,1787890819.6707804,0.0032012462615966797,4,3,3,1787890819.6675792,base,agg_static@rho0.5,0,0.55,0.0,4,0.5,agg_static,1787890819.6675696,0,2048,,0,0,0,0,0,0,0,1,4,,0;0;0;0,4,0,1,1,0,1,0,0,35,35,10.75727105140686,,3,3,3,3,1,1,0,0,0,0.0,0.0,0.0,3.2012462615966797,0.0,1714.854585,2608.0,0,0,0,0,0,0
4,upsert,0,L0000,2048,0,1787890821.554145,0.0036821365356445312,5,2,4,1787890821.550463,base,agg_static@rho0.5,0,0.55,0.0,4,0.5,agg_static,1787890821.550435,0,2048,,0,0,0,0,0,0,0,2,1,0.003239572048187256,0;1;1;1,8,0,1,0,0,1,0,3,42,42,12.51454758644104,,3,3,3,3,1,1,3072,3072,0,0.0,0.0,0.0,3.6821365356445312,0.0,1208.999499,2080.0,0,1,1,0,0.0,0.0
5,upsert,3,L0000,2560,0,1787890821.5542774,0.0035452842712402344,6,2,5,1787890821.5507321,base,agg_static@rho0.5,0,0.55,0.0,4,0.5,agg_static,1787890821.5507164,0,2560,,0,0,0,0,0,0,0,2,2,0.003239572048187256,0;1;1;0,8,0,1,1,0,1,0,2,42,42,12.514415264129639,,3,3,3,3,1,1,0,0,0,0.0,0.0,0.0,3.5452842712402344,0.0,1208.999499,2080.0,0,0,0,0,0,0
6,upsert,1,L0002,2048,0,1787890821.5543535,0.003449678421020508,7,0,6,1787890821.5509038,base,agg_static@rho0.5,0,0.55,0.0,4,0.5,agg_static,1787890821.5508902,0,2048,,0,0,0,0,0,0,0,1,3,0.003239572048187256,0;0;1;0,8,0,0,,,,0,1,,,,,,,,,,,,,,,,,,,,,,,,,,
7,upsert,2,L0028,2048,0,1787890821.5544145,0.00336456298828125,8,1,7,1787890821.55105,base,agg_static@rho0.5,0,0.55,0.0,4,0.5,agg_static,1787890821.5510383,0,2048,,0,0,0,0,0,0,0,1,4,0.003239572048187256,0;0;0;0,8,0,1,0,0,1,0,0,55,55,17.06959629058838,,2,2,2,2,0,0,0,0,0,0.0,0.0,0.0,3.36456298828125,0.0,508.822253,2080.0,0,0,0,0,0,0
8,upsert,0,L0040,2048,0,1787890822.868636,0.0036661624908447266,9,0,8,1787890822.8649697,base,agg_static@rho0.5,0,0.55,0.0,4,0.5,agg_static,1787890822.8649418,0,2048,,0,0,0,0,0,0,0,1,1,0.0033749938011169434,0;1;1;1,12,0,0,,,,0,3,,,,,,,,,,,,,,,,,,,,,,,,,,
9,upsert,1,L0017,2048,0,1787890822.8687475,0.0034673213958740234,10,0,9,1787890822.8652802,base,agg_static@rho0.5,0,0.55,0.0,4,0.5,agg_static,1787890822.8652642,0,2048,,0,0,0,0,0,0,0,1,2,0.0033749938011169434,0;0;1;1,12,0,0,,,,0,2,,,,,,,,,,,,,,,,,,,,,,,,,,
10,upsert,2,L0055,2048,0,1787890822.8688219,0.0033490657806396484,11,0,10,1787890822.8654728,base,agg_static@rho0.5,0,0.55,0.0,4,0.5,agg_static,1787890822.8654594,0,2048,,0,0,0,0,0,0,0,1,3,0.0033749938011169434,0;0;0;1,12,0,0,,,,0,1,,,,,,,,,,,,,,,,,,,,,,,,,,
11,upsert,3,L0000,3072,2560,1787890822.8688848,0.0032367706298828125,12,2,11,1787890822.865648,base,agg_static@rho0.5,0,0.55,0.0,4,0.5,agg_static,1787890822.8656313,2560,512,1.3149149417877197,0,2560,2560,2048,512,2,0,3,4,0.0033749938011169434,0;0;0;0,12,0,1,1,0,1,0,0,42,42,11.19980788230896,,3,3,3,3,1,1,0,0,0,0.0,0.0,0.0,3.2367706298828125,0.0,1208.999499,2080.0,0,0,0,0,0,0
12,upsert,0,L0001,2048,0,1787890824.3032649,0.004283428192138672,13,0,12,1787890824.2989814,base,agg_static@rho0.5,0,0.55,0.0,4,0.5,agg_static,1787890824.2989538,0,2048,,0,0,0,0,0,0,0,1,1,0.003393272558848063,0;1;1;1,16,0,0,,,,0,3,,,,,,,,,,,,,,,,,,,,,,,,,,
13,upsert,2,L0047,2048,0,1787890824.3033772,0.00401616096496582,14,0,13,1787890824.299361,base,agg_static@rho0.5,0,0.55,0.0,4,0.5,agg_static,1787890824.2993436,0,2048,,0,0,0,0,0,0,0,1,2,0.003393272558848063,0;1;0;1,16,0,0,,,,0,2,,,,,,,,,,,,,,,,,,,,,,,,,,
14,upsert,1,L0058,2048,0,1787890824.3034525,0.00388336181640625,15,1,14,1787890824.2995691,base,agg_static@rho0.5,0,0.55,0.0,4,0.5,agg_static,1787890824.2995553,0,2048,,0,0,0,0,0,0,0,1,3,0.003393272558848063,0;0;0;1,16,0,1,0,1,0,0,1,38,38,8.160163879394531,,3,1,3,1,0,1,0,2048,2048,40.96,2.0,38.96,3.88336181640625,38.96,1261.961698,2080.0,1,1,1,38.96,38.96,38.96
15,upsert,3,L0034,2048,0,1787890824.3035188,0.003772258758544922,16,1,15,1787890824.2997465,base,agg_static@rho0.5,0,0.55,0.0,4,0.5,agg_static,1787890824.2997353,0,2048,,0,0,0,0,0,0,0,1,4,0.003393272558848063,0;0;0;0,16,0,1,0,0,1,0,0,50,50,13.184836149215698,,3,3,3,3,0,0,0,0,0,0.0,0.0,0.0,3.772258758544922,0.0,485.76702,2080.0,0,0,0,0,0,0
16,upsert,3,L0023,2560,2048,1787890825.482432,0.0038955211639404297,17,3,16,1787890825.4785364,base,agg_static@rho0.5,0,0.55,0.0,4,0.5,agg_static,1787890825.4785051,2048,512,5.8109354972839355,0,2048,2048,0,2048,1,0,2,1,0.0035421550273895264,0;1;0;2,23,0,1,0,0,1,0,3,35,35,4.945619583129883,,3,3,3,3,1,1,2048,2560,512,10.24,0.0,10.24,3.8955211639404297,10.24,1714.854585,2608.0,0,0,0,0,0,0
18,upsert,3,L0000,2560,3072,1787890825.482547,0.0034949779510498047,18,2,18,1787890825.479052,base,agg_static@rho0.5,0,0.55,0.0,4,0.5,agg_static,1787890825.4790363,2048,512,0.00020885467529296875,0,3072,3072,2048,1024,2,0,5,3,0.0035421550273895264,0;1;0;0,23,1,1,1,0,1,0,1,42,42,8.586145639419556,,3,3,3,3,1,1,0,0,0,0.0,0.0,0.0,3.4949779510498047,0.0,1208.999499,2080.0,0,0,0,0,0,0
19,upsert,1,L0046,2048,0,1787890825.4826238,0.0033605098724365234,19,1,19,1787890825.4792633,base,agg_static@rho0.5,0,0.55,0.0,4,0.5,agg_static,1787890825.479249,0,2048,,0,0,0,0,0,0,0,1,4,0.0035421550273895264,0;0;0;0,23,0,1,0,1,0,0,0,58,58,14.572508573532104,,3,1,3,1,0,1,0,2048,2048,40.96,2.0,38.96,3.3605098724365234,38.96,1226.545665,2080.0,1,1,1,38.96,38.96,38.96
20,upsert,2,L0006,2560,2048,1787890826.8414583,0.004129171371459961,20,0,20,1787890826.8373291,base,agg_static@rho0.5,0,0.55,0.0,4,0.5,agg_static,1787890826.8372972,2048,512,7.169923305511475,0,2048,2048,0,2048,1,0,2,2,0.003548709969771536,1;1;0;1,29,0,0,,,,0,3,,,,,,,,,,,,,,,,,,,,,,,,,,
21,upsert,1,L0012,2048,0,1787890826.8415737,0.003929853439331055,21,0,21,1787890826.8376439,base,agg_static@rho0.5,0,0.55,0.0,4,0.5,agg_static,1787890826.8376265,0,2048,,0,0,0,0,0,0,0,1,3,0.003548709969771536,1;0;0;1,29,0,0,,,,0,2,,,,,,,,,,,,,,,,,,,,,,,,,,
22,upsert,3,L0000,3072,2560,1787890826.8416421,0.003792285919189453,22,2,22,1787890826.8378499,base,agg_static@rho0.5,0,0.55,0.0,4,0.5,agg_static,1787890826.8378332,2560,512,1.3587968349456787,0,2560,2560,2048,512,2,0,6,4,0.003548709969771536,1;0;0;0,29,1,1,0,0,1,0,1,42,42,7.227050542831421,,3,3,3,3,1,1,2560,3072,512,10.24,0.0,10.24,3.792285919189453,10.24,1208.999499,2080.0,0,0,0,0,0,0
23,upsert,0,L0059,2048,0,1787890826.8416958,0.003657817840576172,23,0,23,1787890826.838038,base,agg_static@rho0.5,0,0.55,0.0,4,0.5,agg_static,1787890826.8380244,0,2048,,0,0,0,0,0,0,0,1,5,0.003548709969771536,0;0;0;0,29,0,0,,,,0,0,,,,,,,,,,,,,,,,,,,,,,,,,,
24,upsert,1,L0014,2560,2048,1787890828.9538758,0.003912687301635742,24,1,24,1787890828.949963,base,agg_static@rho0.5,0,0.55,0.0,4,0.5,agg_static,1787890828.9499328,2048,512,9.282450437545776,0,2048,2048,0,2048,1,0,2,2,0.0036058529563572097,2;0;1;0,35,0,1,0,0,1,0,3,57,57,11.10120439529419,,1,1,1,1,0,0,2048,2560,512,10.24,0.0,10.24,3.912687301635742,10.24,528.43847,2608.0,0,0,0,0,0,0
25,upsert,2,L0012,2560,0,1787890828.9539936,0.003675699234008789,25,0,25,1787890828.9503179,base,agg_static@rho0.5,0,0.55,0.0,4,0.5,agg_static,1787890828.9503005,0,2560,,0,0,2048,0,2048,1,0,2,3,0.0036058529563572097,2;0;0;0,35,0,0,,,,0,2,,,,,,,,,,,,,,,,,,,,,,,,,,
26,upsert,0,L0029,2048,0,1787890828.9540706,0.0035369396209716797,26,1,26,1787890828.9505336,base,agg_static@rho0.5,0,0.55,0.0,4,0.5,agg_static,1787890828.9505198,0,2048,,0,0,0,0,0,0,0,1,4,0.0036058529563572097,1;0;0;0,35,0,1,0,0,1,0,1,36,36,3.5094358921051025,,1,1,1,1,0,0,512,512,0,0.0,0.0,0.0,3.5369396209716797,0.0,489.914799,2608.0,0,0,0,0,0,0
27,upsert,0,L0001,2560,2048,1787890828.954129,0.0034046173095703125,27,0,27,1787890828.9507244,base,agg_static@rho0.5,0,0.55,0.0,4,0.5,agg_static,1787890828.950709,2048,512,4.651755332946777,0,2048,2048,0,2048,1,0,2,5,0.0036058529563572097,0;0;0;0,35,0,0,,,,0,0,,,,,,,,,,,,,,,,,,,,,,,,,,
28,upsert,3,L0030,2048,0,1787890830.430846,0.00392460823059082,28,1,28,1787890830.4269214,base,agg_static@rho0.5,0,0.55,0.0,4,0.5,agg_static,1787890830.4268978,0,2048,,0,0,0,0,0,0,0,1,2,0.0036097985726815684,1;1;1;0,39,0,1,0,0,1,0,3,39,39,2.032818555831909,,3,3,3,3,0,0,0,0,0,0.0,0.0,0.0,3.9246082305908203,0.0,483.276378,2080.0,0,0,0,0,0,0
29,upsert,0,L0010,2048,0,1787890830.430948,0.0036754608154296875,29,1,29,1787890830.4272726,base,agg_static@rho0.5,0,0.55,0.0,4,0.5,agg_static,1787890830.4272554,0,2048,,0,0,0,0,0,0,0,1,3,0.0036097985726815684,0;1;1;0,39,0,1,0,1,0,0,2,48,48,7.057292699813843,,1,0,1,0,0,0,0,2048,2048,40.96,0.0,40.96,3.6754608154296875,40.96,496.482127,2080.0,1,1,1,40.96,40.96,40.96
30,upsert,2,L0009,2048,0,1787890830.4310143,0.003521442413330078,30,0,30,1787890830.4274929,base,agg_static@rho0.5,0,0.55,0.0,4,0.5,agg_static,1787890830.4274793,0,2048,,0,0,0,0,0,0,0,1,4,0.0036097985726815684,0;1;0;0,39,0,0,,,,0,1,,,,,,,,,,,,,,,,,,,,,,,,,,
31,upsert,1,L0029,2560,0,1787890830.431068,0.0033850669860839844,31,1,31,1787890830.4276829,base,agg_static@rho0.5,0,0.55,0.0,4,0.5,agg_static,1787890830.427671,0,2560,,0,0,2048,0,2048,1,0,2,5,0.0036097985726815684,0;0;0;0,39,0,1,0,1,0,0,0,36,36,2.0324385166168213,,0,1,0,1,0,0,0,512,512,10.24,0.0,10.24,3.3850669860839844,10.24,489.914799,2608.0,1,1,1,10.24,10.24,10.24
32,upsert,3,L0003,2048,0,1787890832.4668527,0.005195140838623047,32,0,32,1787890832.4616575,base,agg_static@rho0.5,0,0.55,0.0,4,0.5,agg_static,1787890832.4616287,0,2048,,0,0,0,0,0,0,0,1,2,0.003611972255091513,0;1;1;1,44,0,0,,,,0,3,,,,,,,,,,,,,,,,,,,,,,,,,,
33,upsert,1,L0005,2048,0,1787890832.4669669,0.004759073257446289,33,1,33,1787890832.4622078,base,agg_static@rho0.5,0,0.55,0.0,4,0.5,agg_static,1787890832.4621904,0,2048,,0,0,0,0,0,0,0,1,3,0.003611972255091513,0;0;1;1,44,0,1,0,0,1,0,2,49,49,5.021337509155273,,1,1,1,1,0,0,0,0,0,0.0,0.0,0.0,4.759073257446289,0.0,481.79917,2080.0,0,0,0,0,0,0
34,upsert,2,L0027,2048,0,1787890832.4670372,0.004429817199707031,34,0,34,1787890832.4626074,base,agg_static@rho0.5,0,0.55,0.0,4,0.5,agg_static,1787890832.4625928,0,2048,,0,0,0,0,0,0,0,1,4,0.003611972255091513,0;0;0;1,44,0,0,,,,0,1,,,,,,,,,,,,,,,,,,,,,,,,,,
35,upsert,3,L0023,3072,2560,1787890832.4670954,0.00411677360534668,35,2,35,1787890832.4629786,base,agg_static@rho0.5,0,0.55,0.0,4,0.5,agg_static,1787890832.462962,2560,512,6.984456777572632,0,2560,2560,0,2560,1,0,3,5,0.003611972255091513,0;0;0;0,44,0,1,0,0,1,0,0,46,46,3.535296678543091,,3,3,3,3,0,0,2560,3072,512,10.24,0.0,10.24,4.11677360534668,10.24,80.665945,2080.0,0,0,0,0,0,0
36,upsert,1,L0029,3072,2560,1787890834.0714114,0.004703998565673828,36,0,36,1787890834.0667074,base,agg_static@rho0.5,0,0.55,0.0,4,0.5,agg_static,1787890834.0666778,2560,512,3.6390068531036377,0,2560,2560,2048,512,2,0,3,2,0.003772340714931488,0;1;1;1,51,0,0,,,,0,3,,,,,,,,,,,,,,,,,,,,,,,,,,
37,upsert,2,L0056,2048,0,1787890834.071513,0.00417637825012207,37,1,37,1787890834.0673366,base,agg_static@rho0.5,0,0.55,0.0,4,0.5,agg_static,1787890834.0673182,0,2048,,0,0,0,0,0,0,0,1,3,0.003772340714931488,0;1;0;1,51,0,1,0,0,1,0,2,61,61,7.530661582946777,,2,2,2,2,0,0,0,0,0,0.0,0.0,0.0,4.17637825012207,0.0,524.180863,2080.0,0,0,0,0,0,0
38,upsert,1,L0058,2560,2048,1787890834.0715766,0.003838777542114258,38,0,38,1787890834.0677378,base,agg_static@rho0.5,0,0.55,0.0,4,0.5,agg_static,1787890834.0677202,2048,512,9.768164873123169,0,2048,2048,0,2048,1,0,2,4,0.003772340714931488,0;0;0;1,51,0,0,,,,0,1,,,,,,,,,,,,,,,,,,,,,,,,,,
39,upsert,3,L0030,2560,2048,1787890834.071629,0.003489971160888672,39,0,39,1787890834.068139,base,agg_static@rho0.5,0,0.55,0.0,4,0.5,agg_static,1787890834.068123,2048,512,3.6412253379821777,0,2048,2048,0,2048,1,0,2,5,0.003772340714931488,0;0;0;0,51,0,0,,,,0,0,,,,,,,,,,,,,,,,,,,,,,,,,,
40,upsert,3,L0036,2048,0,1787890836.0053663,0.004837512969970703,40,0,40,1787890836.0005288,base,agg_static@rho0.5,0,0.55,0.0,4,0.5,agg_static,1787890836.0005043,0,2048,,0,0,0,0,0,0,0,2,2,0.0038451775908470154,0;1;1;1,56,0,0,,,,0,3,,,,,,,,,,,,,,,,,,,,,,,,,,
41,upsert,1,L0011,2048,0,1787890836.005481,0.004446268081665039,41,1,41,1787890836.0010347,base,agg_static@rho0.5,0,0.55,0.0,4,0.5,agg_static,1787890836.0010176,0,2048,,0,0,0,0,0,0,0,1,3,0.0038451775908470154,0;0;1;1,56,0,1,0,0,1,0,2,53,53,2.6184399127960205,,1,1,1,1,0,0,0,0,0,0.0,0.0,0.0,4.446268081665039,0.0,538.186233,2080.0,0,0,0,0,0,0
42,upsert,3,L0000,2048,3072,1787890836.0055497,0.004093170166015625,42,1,42,1787890836.0014565,base,agg_static@rho0.5,0,0.55,0.0,4,0.5,agg_static,1787890836.001438,3072,-1024,9.163604736328125,0,3072,3072,2048,1024,2,0,7,4,0.0038451775908470154,0;0;1;0,56,1,1,0,1,0,0,1,60,60,5.5965492725372314,,3,0,3,0,0,0,1024,0,-1024,-20.48,0.0,-20.48,4.093170166015625,-20.48,527.821366,2080.0,1,1,1,-20.48,-20.48,-20.48
43,upsert,2,L0036,2560,0,1787890836.0056052,0.0037746429443359375,43,0,43,1787890836.0018306,base,agg_static@rho0.5,0,0.55,0.0,4,0.5,agg_static,1787890836.0018172,0,2560,,0,0,0,0,0,0,0,2,5,0.0038451775908470154,0;0;0;0,56,0,0,,,,0,0,,,,,,,,,,,,,,,,,,,,,,,,,,
44,upsert,0,L0004,2048,0,1787890837.4911876,0.004679203033447266,44,0,44,1787890837.4865084,base,agg_static@rho0.5,0,0.55,0.0,4,0.5,agg_static,1787890837.4864836,0,2048,,0,0,0,0,0,0,0,1,2,0.00394844263792038,0;1;1;1,61,0,0,,,,0,3,,,,,,,,,,,,,,,,,,,,,,,,,,
45,upsert,1,L0038,2048,0,1787890837.4912925,0.004266023635864258,45,0,45,1787890837.4870265,base,agg_static@rho0.5,0,0.55,0.0,4,0.5,agg_static,1787890837.4870105,0,2048,,0,0,0,0,0,0,0,1,3,0.00394844263792038,0;0;1;1,61,0,0,,,,0,2,,,,,,,,,,,,,,,,,,,,,,,,,,
46,upsert,3,L0023,2048,3072,1787890837.4913564,0.003918647766113281,46,1,46,1787890837.4874377,base,agg_static@rho0.5,0,0.55,0.0,4,0.5,agg_static,1787890837.48742,3072,-1024,5.024458169937134,0,3072,3072,0,3072,1,0,4,4,0.00394844263792038,0;0;1;0,61,0,1,0,0,1,0,1,63,63,4.1109092235565186,,3,3,3,3,0,0,0,0,0,0.0,0.0,0.0,3.9186477661132812,0.0,93.232474,2608.0,0,0,0,0,0,0
47,upsert,2,L0018,2048,0,1787890837.5303857,0.042569875717163086,47,0,47,1787890837.4878159,base,agg_static@rho0.5,0,0.55,0.0,4,0.5,agg_static,1787890837.487803,0,2048,,0,0,0,0,0,0,0,1,5,0.00394844263792038,0;0;0;0,61,0,0,,,,0,0,,,,,,,,,,,,,,,,,,,,,,,,,,
48,upsert,0,L0010,2560,2048,1787890838.6268165,0.004795551300048828,48,0,48,1787890838.622021,base,agg_static@rho0.5,0,0.55,0.0,4,0.5,agg_static,1787890838.6219923,2048,512,8.194736957550049,0,2048,2048,0,2048,1,0,2,2,0.005198881030082703,0;1;1;1,68,0,0,,,,0,3,,,,,,,,,,,,,,,,,,,,,,,,,,
49,upsert,1,L0005,2560,2048,1787890838.6269095,0.004296779632568359,49,0,49,1787890838.6226127,base,agg_static@rho0.5,0,0.55,0.0,4,0.5,agg_static,1787890838.6225927,2048,512,6.160402297973633,0,2048,2048,0,2048,1,0,2,3,0.005198881030082703,0;0;1;1,68,0,0,,,,0,2,,,,,,,,,,,,,,,,,,,,,,,,,,
50,upsert,3,L0034,2560,2048,1787890838.9912848,0.3682422637939453,50,0,50,1787890838.6230426,base,agg_static@rho0.5,0,0.55,0.0,4,0.5,agg_static,1787890838.6230264,2048,512,14.323291063308716,0,2048,2048,0,2048,1,0,2,4,0.005198881030082703,0;0;1;0,68,0,0,,,,0,1,,,,,,,,,,,,,,,,,,,,,,,,,,
51,upsert,2,L0044,2048,0,1787890839.3066418,0.6831843852996826,51,0,51,1787890838.6234574,base,agg_static@rho0.5,0,0.55,0.0,4,0.5,agg_static,1787890838.6234422,0,2048,,0,0,0,0,0,0,0,1,5,0.005198881030082703,0;0;0;0,68,0,0,,,,0,0,,,,,,,,,,,,,,,,,,,,,,,,,,
52,upsert,0,L0062,2048,0,1787890840.7607756,0.7075285911560059,52,0,52,1787890840.053247,base,agg_static@rho0.5,0,0.55,0.0,4,0.5,agg_static,1787890840.0532203,0,2048,,0,0,0,0,0,0,0,1,2,0.03788624703884125,0;1;1;1,74,0,0,,,,0,3,,,,,,,,,,,,,,,,,,,,,,,,,,
53,upsert,1,L0011,2560,2048,1787890841.0828803,1.0291187763214111,53,0,53,1787890840.0537615,base,agg_static@rho0.5,0,0.55,0.0,4,0.5,agg_static,1787890840.0537412,2048,512,4.05272364616394,0,2048,2048,0,2048,1,0,2,3,0.03788624703884125,0;0;1;1,74,0,0,,,,0,2,,,,,,,,,,,,,,,,,,,,,,,,,,
54,upsert,3,L0031,2048,0,1787890841.082931,1.0287196636199951,54,0,54,1787890840.0542114,base,agg_static@rho0.5,0,0.55,0.0,4,0.5,agg_static,1787890840.0541966,0,2048,,0,0,0,0,0,0,0,1,4,0.03788624703884125,0;0;1;0,74,0,0,,,,0,1,,,,,,,,,,,,,,,,,,,,,,,,,,
55,upsert,2,L0028,2560,2048,1787890841.08296,1.0283777713775635,55,0,55,1787890840.054582,base,agg_static@rho0.5,0,0.55,0.0,4,0.5,agg_static,1787890840.0545661,2048,512,18.503527879714966,0,2048,2048,0,2048,1,0,2,5,0.03788624703884125,0;0;0;0,74,0,0,,,,0,0,,,,,,,,,,,,,,,,,,,,,,,,,,
56,upsert,2,L0016,2048,0,1787890842.0963693,0.49610400199890137,56,0,56,1787890841.6002653,base,agg_static@rho0.5,0,0.55,0.0,4,0.5,agg_static,1787890841.6002405,0,2048,,0,0,0,0,0,0,0,1,2,0.15595611184835434,0;2;0;1,80,0,0,,,,0,3,,,,,,,,,,,,,,,,,,,,,,,,,,
57,upsert,1,L0014,3072,2560,1787890842.5370407,0.9362590312957764,57,0,57,1787890841.6007817,base,agg_static@rho0.5,0,0.55,0.0,4,0.5,agg_static,1787890841.6007612,2560,512,12.65082836151123,0,2560,2560,0,2560,1,0,3,3,0.15595611184835434,0;1;0;1,80,0,0,,,,0,2,,,,,,,,,,,,,,,,,,,,,,,,,,
58,upsert,1,L0046,2560,2048,1787890842.537195,0.9359195232391357,58,0,58,1787890841.6012754,base,agg_static@rho0.5,0,0.55,0.0,4,0.5,agg_static,1787890841.6012595,2048,512,16.122010469436646,0,2048,2048,0,2048,1,0,2,4,0.15595611184835434,0;0;0;1,80,0,0,,,,0,1,,,,,,,,,,,,,,,,,,,,,,,,,,
59,upsert,3,L0042,2048,0,1787890843.1946802,1.5929982662200928,59,0,59,1787890841.601682,base,agg_static@rho0.5,0,0.55,0.0,4,0.5,agg_static,1787890841.6016674,0,2048,,0,0,0,0,0,0,0,1,5,0.15595611184835434,0;0;0;0,80,0,0,,,,0,0,,,,,,,,,,,,,,,,,,,,,,,,,,
60,upsert,0,L0000,2560,2048,1787890843.8590605,1.1192421913146973,60,0,60,1787890842.7398183,base,agg_static@rho0.5,0,0.55,0.0,4,0.5,agg_static,1787890842.739791,2048,512,21.189355850219727,0,2048,2048,2048,0,2,0,8,3,0.22961727529764175,0;1;1;1,87,0,0,,,,0,3,,,,,,,,,,,,,,,,,,,,,,,,,,
61,upsert,2,L0056,2560,2048,1787890843.8592012,1.1188037395477295,61,0,61,1787890842.7403975,base,agg_static@rho0.5,0,0.55,0.0,4,0.5,agg_static,1787890842.7403784,2048,512,8.673060178756714,0,2048,2048,0,2048,1,0,2,4,0.22961727529764175,0;1;0;1,87,0,0,,,,0,2,,,,,,,,,,,,,,,,,,,,,,,,,,
62,upsert,1,L0063,2048,0,1787890844.51672,1.7758841514587402,62,0,62,1787890842.740836,base,agg_static@rho0.5,0,0.55,0.0,4,0.5,agg_static,1787890842.7408202,0,2048,,0,0,0,0,0,0,0,1,5,0.22961727529764175,0;0;0;1,87,0,0,,,,0,1,,,,,,,,,,,,,,,,,,,,,,,,,,
63,upsert,3,L0023,2560,2048,1787890844.5168502,1.7756223678588867,63,0,63,1787890842.7412279,base,agg_static@rho0.5,0,0.55,0.0,4,0.5,agg_static,1787890842.7412097,2048,512,5.253789663314819,0,2048,2048,0,2048,1,0,5,6,0.22961727529764175,0;0;0;0,87,0,0,,,,0,0,,,,,,,,,,,,,,,,,,,,,,,,,,
64,upsert,3,L0067,2048,0,1787890845.3980536,1.2375359535217285,64,1,64,1787890844.1605177,base,agg_static@rho0.5,0,0.55,0.0,4,0.5,agg_static,1787890844.160494,0,2048,,0,0,0,0,0,0,0,1,4,0.3489935100078583,1;1;1;0,91,0,1,0,0,1,0,3,87,87,5.459305286407471,,3,3,3,3,0,0,0,0,0,0.0,0.0,0.0,1237.5359535217285,0.0,554.057276,2080.0,0,0,0,0,0,0
65,upsert,1,L0072,2048,0,1787890845.3981884,1.2371575832366943,65,2,65,1787890844.1610308,base,agg_static@rho0.5,0,0.55,0.0,4,0.5,agg_static,1787890844.161014,0,2048,,0,0,0,0,0,0,0,1,5,0.3489935100078583,1;0;1;0,91,0,1,0,1,0,0,2,85,85,5.459080219268799,,3,1,3,1,0,1,0,2048,2048,40.96,2.0,38.96,1237.1575832366943,38.96,1251.361541,2080.0,1,1,1,38.96,38.96,38.96
66,upsert,2,L0121,2048,0,1787890845.3982544,1.2368049621582031,66,1,66,1787890844.1614494,base,agg_static@rho0.5,0,0.55,0.0,4,0.5,agg_static,1787890844.1614351,0,2048,,0,0,0,0,0,0,0,1,6,0.3489935100078583,1;0;0;0,91,0,1,0,0,1,0,1,81,81,3.7263360023498535,,2,2,2,2,0,0,0,0,0,0.0,0.0,0.0,1236.8049621582031,0.0,536.709183,2080.0,0,0,0,0,0,0
67,upsert,0,L0091,2048,0,1787890846.272656,2.110835313796997,67,1,67,1787890844.1618207,base,agg_static@rho0.5,0,0.55,0.0,4,0.5,agg_static,1787890844.1618075,0,2048,,0,0,0,0,0,0,0,1,7,0.3489935100078583,0;0;0;0,91,0,1,0,0,1,0,0,96,96,9.611014127731323,,0,0,0,0,0,0,0,0,0,0.0,0.0,0.0,2110.835313796997,0.0,519.711599,2080.0,0,0,0,0,0,0
68,upsert,3,L0083,2048,0,1787890846.9370432,1.3797087669372559,68,0,68,1787890845.5573344,base,agg_static@rho0.5,0,0.55,0.0,4,0.5,agg_static,1787890845.5573106,0,2048,,0,0,0,0,0,0,0,1,3,0.575297087430954,1;1;1;0,95,0,0,,,,0,3,,,,,,,,,,,,,,,,,,,,,,,,,,
69,upsert,2,L0124,2048,0,1787890846.9371989,1.3793590068817139,69,0,69,1787890845.5578399,base,agg_static@rho0.5,0,0.55,0.0,4,0.5,agg_static,1787890845.5578232,0,2048,,0,0,0,0,0,0,0,1,4,0.575297087430954,1;1;0;0,95,0,0,,,,0,2,,,,,,,,,,,,,,,,,,,,,,,,,,
70,upsert,1,L0076,2048,0,1787890847.2897108,1.7314722537994385,70,1,70,1787890845.5582385,base,agg_static@rho0.5,0,0.55,0.0,4,0.5,agg_static,1787890845.5582242,0,2048,,0,0,0,0,0,0,0,1,5,0.575297087430954,1;0;0;0,95,0,1,0,1,0,0,1,91,91,5.148362636566162,,0,1,0,1,0,1,0,2048,2048,40.96,2.0,38.96,1731.4722537994385,38.96,1690.493091,2080.0,1,1,1,38.96,38.96,38.96
71,upsert,0,L0077,2048,0,1787890847.2897906,1.731189489364624,71,0,71,1787890845.5586011,base,agg_static@rho0.5,0,0.55,0.0,4,0.5,agg_static,1787890845.5585876,0,2048,,0,0,0,0,0,0,0,1,6,0.575297087430954,0;0;0;0,95,0,0,,,,0,0,,,,,,,,,,,,,,,,,,,,,,,,,,
72,upsert,3,L0081,2048,0,1787890848.2658603,0.5988996028900146,72,0,72,1787890847.6669607,base,agg_static@rho0.5,0,0.55,0.0,4,0.5,agg_static,1787890847.6669343,0,2048,,0,0,0,0,0,0,0,2,2,0.8350545540452003,1;1;1;0,99,0,0,,,,0,3,,,,,,,,,,,,,,,,,,,,,,,,,,
73,upsert,0,L0106,2048,0,1787890848.621911,0.9544000625610352,73,0,73,1787890847.667511,base,agg_static@rho0.5,0,0.55,0.0,4,0.5,agg_static,1787890847.667494,0,2048,,0,0,0,0,0,0,0,1,3,0.8350545540452003,0;1;1;0,99,0,0,,,,0,2,,,,,,,,,,,,,,,,,,,,,,,,,,
74,upsert,2,L0081,2560,0,1787890848.6219988,0.9540970325469971,74,0,74,1787890847.6679018,base,agg_static@rho0.5,0,0.55,0.0,4,0.5,agg_static,1787890847.667888,0,2560,,0,0,0,0,0,0,0,2,4,0.8350545540452003,0;1;0;0,99,0,0,,,,0,1,,,,,,,,,,,,,,,,,,,,,,,,,,
75,upsert,1,L0094,2048,0,1787890848.7065125,1.0381934642791748,75,2,75,1787890847.668319,base,agg_static@rho0.5,0,0.55,0.0,4,0.5,agg_static,1787890847.6683047,0,2048,,0,0,0,0,0,0,0,1,5,0.8350545540452003,0;0;0;0,99,0,1,0,1,0,0,0,84,84,2.1506900787353516,,0,1,0,1,0,0,0,2048,2048,40.96,0.0,40.96,1038.1934642791748,40.96,542.308187,2080.0,1,1,1,40.96,40.96,40.96
76,upsert,3,L0075,2048,0,1787890849.8183815,0.69460129737854,76,2,76,1787890849.1237803,base,agg_static@rho0.5,0,0.55,0.0,4,0.5,agg_static,1787890849.123766,0,2048,,0,0,0,0,0,0,0,1,2,0.9453182592988014,1;1;1;0,103,0,1,0,1,0,0,3,110,110,10.657497644424438,,2,3,2,3,0,2,0,2048,2048,40.96,4.0,36.96,694.60129737854,36.96,2721.103313,2080.0,1,1,1,36.96,36.96,36.96
77,upsert,1,L0069,2048,0,1787890850.1744537,1.0504076480865479,77,3,77,1787890849.124046,base,agg_static@rho0.5,0,0.55,0.0,4,0.5,agg_static,1787890849.1240373,0,2048,,0,0,0,0,0,0,0,1,3,0.9453182592988014,1;0;1;0,103,0,1,0,1,0,0,2,113,113,13.547273397445679,,2,1,2,1,0,1,0,2048,2048,40.96,2.0,38.96,1050.4076480865479,38.96,1348.987323,2080.0,1,2,2,38.96,77.92,77.92
78,upsert,2,L0068,2048,0,1787890850.1745613,1.0503284931182861,78,3,78,1787890849.1242328,base,agg_static@rho0.5,0,0.55,0.0,4,0.5,agg_static,1787890849.1242259,0,2048,,0,0,0,0,0,0,0,1,4,0.9453182592988014,1;0;0;0,103,0,1,0,0,1,0,1,99,99,5.709283828735352,,1,1,1,1,1,1,512,512,0,0.0,0.0,0.0,1050.3284931182861,0.0,1457.008865,2608.0,0,1,1,0,0.0,0.0
79,upsert,0,L0065,2048,0,1787890850.2590518,1.1346592903137207,79,1,79,1787890849.1243925,base,agg_static@rho0.5,0,0.55,0.0,4,0.5,agg_static,1787890849.1243865,0,2048,,0,0,0,0,0,0,0,1,5,0.9453182592988014,0;0;0;0,103,0,1,0,0,1,0,0,114,114,13.462725400924683,,0,0,0,0,0,0,0,0,0,0.0,0.0,0.0,1134.6592903137207,0.0,638.094417,2080.0,0,0,0,0,0,0
80,upsert,3,L0104,2048,0,1787890851.147226,0.29191017150878906,80,0,80,1787890850.855316,base,agg_static@rho0.5,0,0.55,0.0,4,0.5,agg_static,1787890850.8552809,0,2048,,0,0,0,0,0,0,0,1,2,1.0663983523845673,1;1;1;0,108,0,0,,,,0,3,,,,,,,,,,,,,,,,,,,,,,,,,,
81,upsert,2,L0121,2560,2048,1787890851.5879135,0.7320208549499512,81,0,81,1787890850.8558927,base,agg_static@rho0.5,0,0.55,0.0,4,0.5,agg_static,1787890850.8558714,2048,512,6.694436311721802,0,2048,2048,0,2048,1,0,2,3,1.0663983523845673,1;1;0;0,108,0,0,,,,0,2,,,,,,,,,,,,,,,,,,,,,,,,,,
82,upsert,0,L0086,2048,0,1787890851.58805,0.7317020893096924,82,0,82,1787890850.8563478,base,agg_static@rho0.5,0,0.55,0.0,4,0.5,agg_static,1787890850.8563323,0,2048,,0,0,0,0,0,0,0,1,4,1.0663983523845673,0;1;0;0,108,0,0,,,,0,1,,,,,,,,,,,,,,,,,,,,,,,,,,
83,upsert,1,L0068,2560,0,1787890852.055824,1.1990947723388672,83,3,83,1787890850.8567293,base,agg_static@rho0.5,0,0.55,0.0,4,0.5,agg_static,1787890850.856715,0,2560,,0,0,2048,0,2048,1,0,2,5,1.0663983523845673,0;0;0;0,108,0,1,0,1,0,0,0,99,99,3.8280210494995117,,2,1,2,1,0,1,0,512,512,10.24,2.0,8.24,1199.0947723388672,8.24,1457.008865,2608.0,1,1,1,8.24,8.24,8.24
84,upsert,1,L0094,2560,2048,1787890852.69297,0.25694799423217773,84,1,84,1787890852.436022,base,agg_static@rho0.5,0,0.55,0.0,4,0.5,agg_static,1787890852.4359925,2048,512,4.767687797546387,0,2048,2048,0,2048,1,0,2,2,1.1255923807621002,0;1;1;1,115,0,1,0,0,1,0,3,120,120,15.040083408355713,,1,1,1,1,0,0,2048,2560,512,10.24,0.0,10.24,256.94799423217773,10.24,640.265822,2608.0,0,0,0,0,0,0
85,upsert,1,L0072,2560,2048,1787890853.1336036,0.6969592571258545,85,1,85,1787890852.4366443,base,agg_static@rho0.5,0,0.55,0.0,4,0.5,agg_static,1787890852.4366229,2048,512,8.275608777999878,0,2048,2048,0,2048,1,0,2,3,1.1255923807621002,0;0;1;1,115,0,1,0,0,1,0,2,124,124,16.675049781799316,,1,1,1,1,0,0,2048,2560,512,10.24,0.0,10.24,696.9592571258545,10.24,602.764232,2608.0,0,0,0,0,0,0
86,upsert,2,L0103,2048,0,1787890853.1336472,0.696561336517334,86,0,86,1787890852.4370859,base,agg_static@rho0.5,0,0.55,0.0,4,0.5,agg_static,1787890852.437071,0,2048,,0,0,0,0,0,0,0,1,4,1.1255923807621002,0;0;0;1,115,0,0,,,,0,1,,,,,,,,,,,,,,,,,,,,,,,,,,
87,upsert,3,L0067,2560,2048,1787890853.608365,1.1708893775939941,87,0,87,1787890852.4374757,base,agg_static@rho0.5,0,0.55,0.0,4,0.5,agg_static,1787890852.4374592,2048,512,8.276965141296387,0,2048,2048,0,2048,1,0,2,5,1.1255923807621002,0;0;0;0,115,0,0,,,,0,0,,,,,,,,,,,,,,,,,,,,,,,,,,
88,upsert,3,L0064,2048,0,1787890854.4795327,0.004485368728637695,88,1,88,1787890854.4750473,base,agg_static@rho0.5,0,0.55,0.0,4,0.5,agg_static,1787890854.475024,0,2048,,0,0,0,0,0,0,0,1,2,1.0952052921056747,0;2;1;0,120,0,1,0,1,0,0,3,97,97,1.4042084217071533,,1,3,1,3,0,0,0,2048,2048,40.96,0.0,40.96,4.485368728637695,40.96,468.382009,2080.0,1,1,1,40.96,40.96,40.96
89,upsert,2,L0088,2048,0,1787890854.6794183,0.20381855964660645,89,0,89,1787890854.4755998,base,agg_static@rho0.5,0,0.55,0.0,4,0.5,agg_static,1787890854.475583,0,2048,,0,0,0,0,0,0,0,1,3,1.0952052921056747,0;2;0;0,120,0,0,,,,0,2,,,,,,,,,,,,,,,,,,,,,,,,,,
90,upsert,1,L0100,2048,0,1787890855.0524147,0.5764250755310059,90,2,90,1787890854.4759896,base,agg_static@rho0.5,0,0.55,0.0,4,0.5,agg_static,1787890854.4759753,0,2048,,0,0,0,0,0,0,0,1,4,1.0952052921056747,0;1;0;0,120,0,1,0,0,1,0,1,98,98,0.8313808441162109,,1,1,1,1,0,0,0,0,0,0.0,0.0,0.0,576.4250755310059,0.0,503.317756,2080.0,0,0,0,0,0,0
91,upsert,1,L0076,2560,2048,1787890855.0524995,0.5761315822601318,91,0,91,1787890854.476368,base,agg_static@rho0.5,0,0.55,0.0,4,0.5,agg_static,1787890854.4763515,2048,512,8.918127298355103,0,2048,2048,0,2048,1,0,2,5,1.0952052921056747,0;0;0;0,120,0,0,,,,0,0,,,,,,,,,,,,,,,,,,,,,,,,,,
92,upsert,0,L0105,2048,0,1787890855.8870428,0.08253097534179688,92,0,92,1787890855.8045118,base,agg_static@rho0.5,0,0.55,0.0,4,0.5,agg_static,1787890855.8044868,0,2048,,0,0,0,0,0,0,0,1,2,1.0139421597123146,0;1;1;1,124,0,0,,,,0,3,,,,,,,,,,,,,,,,,,,,,,,,,,
93,upsert,2,L0125,2048,0,1787890856.232032,0.42699146270751953,93,0,93,1787890855.8050406,base,agg_static@rho0.5,0,0.55,0.0,4,0.5,agg_static,1787890855.8050227,0,2048,,0,0,0,0,0,0,0,1,3,1.0139421597123146,0;1;0;1,124,0,0,,,,0,2,,,,,,,,,,,,,,,,,,,,,,,,,,
94,upsert,1,L0115,2048,0,1787890856.6049733,0.7995121479034424,94,0,94,1787890855.8054612,base,agg_static@rho0.5,0,0.55,0.0,4,0.5,agg_static,1787890855.805447,0,2048,,0,0,0,0,0,0,0,1,4,1.0139421597123146,0;0;0;1,124,0,0,,,,0,1,,,,,,,,,,,,,,,,,,,,,,,,,,
95,upsert,3,L0074,2048,0,1787890856.6050787,0.7992501258850098,95,2,95,1787890855.8058286,base,agg_static@rho0.5,0,0.55,0.0,4,0.5,agg_static,1787890855.8058164,0,2048,,0,0,0,0,0,0,0,1,5,1.0139421597123146,0;0;0;0,124,0,1,0,0,1,0,0,106,106,2.5236642360687256,,3,3,3,3,0,0,0,0,0,0.0,0.0,0.0,799.2501258850098,0.0,493.020746,2080.0,0,1,1,0,38.96,38.96
96,upsert,0,L0091,2560,2048,1787890857.7021413,0.0046727657318115234,96,0,96,1787890857.6974685,base,agg_static@rho0.5,0,0.55,0.0,4,0.5,agg_static,1787890857.6974406,2048,512,13.535633087158203,0,2048,2048,0,2048,1,0,2,2,0.8989025428891182,0;2;0;1,132,0,0,,,,0,3,,,,,,,,,,,,,,,,,,,,,,,,,,
97,upsert,3,L0064,2560,2048,1787890857.7845044,0.08643722534179688,97,0,97,1787890857.6980672,base,agg_static@rho0.5,0,0.55,0.0,4,0.5,agg_static,1787890857.6980476,2048,512,3.2230236530303955,0,2048,2048,0,2048,1,0,2,3,0.8989025428891182,0;2;0;0,132,0,0,,,,0,2,,,,,,,,,,,,,,,,,,,,,,,,,,
98,upsert,1,L0100,2560,2048,1787890858.1574597,0.45894503593444824,98,1,98,1787890857.6985147,base,agg_static@rho0.5,0,0.55,0.0,4,0.5,agg_static,1787890857.6984978,2048,512,3.222522497177124,0,2048,2048,0,2048,1,0,2,4,0.8989025428891182,0;1;0;0,132,0,1,0,0,1,0,1,107,107,0.9713311195373535,,1,1,1,1,1,1,2048,2560,512,10.24,0.0,10.24,458.94503593444824,10.24,914.529239,2608.0,0,0,0,0,0,0
99,upsert,1,L0068,3072,2560,1787890858.1575012,0.4585738182067871,99,2,99,1787890857.6989274,base,agg_static@rho0.5,0,0.55,0.0,4,0.5,agg_static,1787890857.6989121,2560,512,6.8421971797943115,0,2560,2560,2048,512,2,0,3,5,0.8989025428891182,0;0;0;0,132,0,1,0,0,1,0,0,105,105,0.971186637878418,,1,1,1,1,0,0,2560,3072,512,10.24,0.0,10.24,458.5738182067871,10.24,102.849821,2080.0,0,0,0,0,0,0
100,upsert,0,L0120,2048,0,1787890859.1315413,0.004632472991943359,100,0,100,1787890859.1269088,base,agg_static@rho0.5,0,0.55,0.0,4,0.5,agg_static,1787890859.1268835,0,2048,,0,0,0,0,0,0,0,1,2,0.7484742626547813,0;1;1;1,136,0,0,,,,0,3,,,,,,,,,,,,,,,,,,,,,,,,,,
101,upsert,2,L0116,2048,0,1787890859.337062,0.20961213111877441,101,0,101,1787890859.1274498,base,agg_static@rho0.5,0,0.55,0.0,4,0.5,agg_static,1787890859.127433,0,2048,,0,0,0,0,0,0,0,1,3,0.7484742626547813,0;1;0;1,136,0,0,,,,0,2,,,,,,,,,,,,,,,,,,,,,,,,,,
102,upsert,1,L0078,2048,0,1787890859.7100341,0.5821900367736816,102,1,102,1787890859.127844,base,agg_static@rho0.5,0,0.55,0.0,4,0.5,agg_static,1787890859.1278303,0,2048,,0,0,0,0,0,0,0,1,4,0.7484742626547813,0;0;0;1,136,0,1,0,0,1,0,1,112,112,4.011630535125732,,1,1,1,1,0,0,0,0,0,0.0,0.0,0.0,582.1900367736816,0.0,653.617622,2080.0,0,0,0,0,0,0
103,upsert,3,L0087,2048,0,1787890859.7101297,0.5819084644317627,103,0,103,1787890859.1282213,base,agg_static@rho0.5,0,0.55,0.0,4,0.5,agg_static,1787890859.128208,0,2048,,0,0,0,0,0,0,0,1,5,0.7484742626547813,0;0;0;0,136,0,0,,,,0,0,,,,,,,,,,,,,,,,,,,,,,,,,,
104,upsert,0,L0108,2048,0,1787890860.478952,0.005052328109741211,104,0,104,1787890860.4738996,base,agg_static@rho0.5,0,0.55,0.0,4,0.5,agg_static,1787890860.4738739,0,2048,,0,0,0,0,0,0,0,1,2,0.5971184372901917,0;2;0;1,143,0,0,,,,0,3,,,,,,,,,,,,,,,,,,,,,,,,,,
105,upsert,1,L0068,2048,3072,1787890860.8896067,0.41515660285949707,105,1,105,1787890860.47445,base,agg_static@rho0.5,0,0.55,0.0,4,0.5,agg_static,1787890860.4744298,3072,-1024,2.775517702102661,0,3072,3072,2048,1024,2,0,4,3,0.5971184372901917,0;1;0;1,143,0,1,0,1,0,0,2,116,116,4.502131700515747,,1,2,1,2,0,0,3072,2048,-1024,-20.48,0.0,-20.48,415.15660285949707,-20.48,612.860845,2080.0,1,1,1,-20.48,-20.48,-20.48
106,upsert,3,L0074,2560,2048,1787890861.330279,0.855421781539917,106,0,106,1787890860.4748573,base,agg_static@rho0.5,0,0.55,0.0,4,0.5,agg_static,1787890860.4748409,2048,512,4.669024467468262,0,2048,2048,0,2048,1,0,2,4,0.5971184372901917,0;1;0;0,143,0,0,,,,0,1,,,,,,,,,,,,,,,,,,,,,,,,,,
107,upsert,1,L0100,3072,2560,1787890861.3303819,0.8550918102264404,107,0,107,1787890860.47529,base,agg_static@rho0.5,0,0.55,0.0,4,0.5,agg_static,1787890860.4752736,2560,512,2.77677583694458,0,2560,2560,0,2560,1,0,3,5,0.5971184372901917,0;0;0;0,143,0,0,,,,0,0,,,,,,,,,,,,,,,,,,,,,,,,,,
108,upsert,3,L0097,2048,0,1787890863.7246025,0.004830837249755859,108,0,108,1787890863.7197716,base,agg_static@rho0.5,0,0.55,0.0,4,0.5,agg_static,1787890863.7197454,0,2048,,0,0,0,0,0,0,0,1,2,0.5529038235545158,0;1;0;2,149,0,0,,,,0,3,,,,,,,,,,,,,,,,,,,,,,,,,,
109,upsert,3,L0074,3072,2560,1787890863.7247136,0.004385232925415039,109,0,109,1787890863.7203283,base,agg_static@rho0.5,0,0.55,0.0,4,0.5,agg_static,1787890863.720308,2560,512,3.245467185974121,0,2560,2560,0,2560,1,0,3,3,0.5529038235545158,0;1;0;1,149,0,0,,,,0,2,,,,,,,,,,,,,,,,,,,,,,,,,,
110,upsert,3,L0075,2560,2048,1787890863.7247922,0.003979921340942383,110,1,110,1787890863.7208123,base,agg_static@rho0.5,0,0.55,0.0,4,0.5,agg_static,1787890863.7207947,2048,512,14.597028732299805,0,2048,2048,0,2048,1,0,2,4,0.5529038235545158,0;1;0;0,149,0,1,0,0,1,0,1,126,126,6.083970546722412,,3,3,3,3,0,0,2048,2560,512,10.24,0.0,10.24,3.979921340942383,10.24,737.03662,2608.0,0,0,0,0,0,0
111,upsert,1,L0096,2048,0,1787890863.7248576,0.0036172866821289062,111,0,111,1787890863.7212403,base,agg_static@rho0.5,0,0.55,0.0,4,0.5,agg_static,1787890863.7212255,0,2048,,0,0,0,0,0,0,0,1,5,0.5529038235545158,0;0;0;0,149,0,0,,,,0,0,,,,,,,,,,,,,,,,,,,,,,,,,,
112,upsert,1,L0078,2560,2048,1787890865.3949165,0.005068063735961914,112,0,112,1787890865.3898485,base,agg_static@rho0.5,0,0.55,0.0,4,0.5,agg_static,1787890865.38982,2048,512,6.2619898319244385,0,2048,2048,0,2048,1,0,2,2,0.4306168407201767,1;1;0;1,156,0,0,,,,0,3,,,,,,,,,,,,,,,,,,,,,,,,,,
113,upsert,1,L0069,2560,2048,1787890865.3950305,0.004570484161376953,113,1,113,1787890865.39046,base,agg_static@rho0.5,0,0.55,0.0,4,0.5,agg_static,1787890865.3904405,2048,512,16.266403198242188,0,2048,2048,0,2048,1,0,2,3,0.4306168407201767,1;0;0;1,156,0,1,1,0,1,0,2,125,125,4.413684368133545,,1,1,1,1,1,1,0,0,0,0.0,0.0,0.0,4.570484161376953,0.0,812.196843,2080.0,0,0,0,0,0,0
114,upsert,0,L0065,2560,2048,1787890865.3951092,0.004214048385620117,114,0,114,1787890865.3908951,base,agg_static@rho0.5,0,0.55,0.0,4,0.5,agg_static,1787890865.390879,2048,512,16.26649236679077,0,2048,2048,0,2048,1,0,2,4,0.4306168407201767,0;0;0;1,156,0,0,,,,0,1,,,,,,,,,,,,,,,,,,,,,,,,,,
115,upsert,3,L0066,2048,0,1787890865.3951852,0.0038728713989257812,115,1,115,1787890865.3913124,base,agg_static@rho0.5,0,0.55,0.0,4,0.5,agg_static,1787890865.3912985,0,2048,,0,0,0,0,0,0,0,1,5,0.4306168407201767,0;0;0;0,156,0,1,0,1,0,0,0,123,123,2.338043451309204,,0,3,0,3,0,1,0,2048,2048,40.96,2.0,38.96,3.8728713989257812,38.96,1737.710324,2080.0,1,1,1,38.96,38.96,38.96
116,upsert,2,L0068,2560,2048,1787890867.7359672,0.004742860794067383,116,0,116,1787890867.7312243,base,agg_static@rho0.5,0,0.55,0.0,4,0.5,agg_static,1787890867.731194,2048,512,18.60696816444397,0,2048,2048,2048,0,2,0,5,2,0.3388355150818825,0;2;0;1,162,0,0,,,,0,3,,,,,,,,,,,,,,,,,,,,,,,,,,
117,upsert,3,L0118,2048,0,1787890867.7360802,0.004280805587768555,117,0,117,1787890867.7317994,base,agg_static@rho0.5,0,0.55,0.0,4,0.5,agg_static,1787890867.7317822,0,2048,,0,0,0,0,0,0,0,1,3,0.3388355150818825,0;2;0;0,162,0,0,,,,0,2,,,,,,,,,,,,,,,,,,,,,,,,,,
118,upsert,1,L0113,2048,0,1787890867.7361522,0.003945112228393555,118,0,118,1787890867.732207,base,agg_static@rho0.5,0,0.55,0.0,4,0.5,agg_static,1787890867.7321916,0,2048,,0,0,0,0,0,0,0,1,4,0.3388355150818825,0;1;0;0,162,0,0,,,,0,1,,,,,,,,,,,,,,,,,,,,,,,,,,
119,upsert,1,L0069,3072,2560,1787890867.7362313,0.0036568641662597656,119,1,119,1787890867.7325745,base,agg_static@rho0.5,0,0.55,0.0,4,0.5,agg_static,1787890867.7325583,2560,512,2.3421177864074707,0,2560,2560,0,2560,1,0,3,5,0.3388355150818825,0;0;0;0,162,0,1,0,0,1,0,0,125,125,2.072483539581299,,1,1,1,1,1,1,2560,3072,512,10.24,0.0,10.24,3.6568641662597656,10.24,812.196843,2080.0,0,0,0,0,0,0
120,upsert,1,L0094,3072,2560,1787890869.8118505,0.00507807731628418,120,0,120,1787890869.8067725,base,agg_static@rho0.5,0,0.55,0.0,4,0.5,agg_static,1787890869.806742,2560,512,17.370749473571777,0,2560,2560,0,2560,1,0,3,2,0.25118762999773026,0;0;1;2,168,0,0,,,,0,3,,,,,,,,,,,,,,,,,,,,,,,,,,
121,upsert,3,L0084,2048,0,1787890869.811973,0.004561662673950195,121,0,121,1787890869.8074114,base,agg_static@rho0.5,0,0.55,0.0,4,0.5,agg_static,1787890869.807394,0,2048,,0,0,0,0,0,0,0,1,3,0.25118762999773026,0;0;1;1,168,0,0,,,,0,2,,,,,,,,,,,,,,,,,,,,,,,,,,
122,upsert,2,L0098,2048,0,1787890869.8120522,0.004235506057739258,122,0,122,1787890869.8078167,base,agg_static@rho0.5,0,0.55,0.0,4,0.5,agg_static,1787890869.8078024,0,2048,,0,0,0,0,0,0,0,1,4,0.25118762999773026,0;0;0;1,168,0,0,,,,0,1,,,,,,,,,,,,,,,,,,,,,,,,,,
123,upsert,3,L0066,2560,2048,1787890869.812118,0.003918886184692383,123,0,123,1787890869.8081992,base,agg_static@rho0.5,0,0.55,0.0,4,0.5,agg_static,1787890869.808183,2048,512,4.416884422302246,0,2048,2048,0,2048,1,0,2,5,0.25118762999773026,0;0;0;0,168,0,0,,,,0,0,,,,,,,,,,,,,,,,,,,,,,,,,,
124,upsert,1,L0072,3072,2560,1787890871.022773,0.0028367042541503906,124,0,124,1787890871.0199363,base,agg_static@rho0.5,0,0.55,0.0,4,0.5,agg_static,1787890871.0199072,2560,512,18.583284378051758,0,2560,2560,0,2560,1,0,3,2,0.20921680331230164,1;1;0;1,175,0,0,,,,0,3,,,,,,,,,,,,,,,,,,,,,,,,,,
125,upsert,1,L0069,2048,3072,1787890871.0228834,0.002325296401977539,125,0,125,1787890871.020558,base,agg_static@rho0.5,0,0.55,0.0,4,0.5,agg_static,1787890871.0205388,3072,-1024,3.287980556488037,0,3072,3072,0,3072,1,0,4,3,0.20921680331230164,1;0;0;1,175,0,0,,,,0,2,,,,,,,,,,,,,,,,,,,,,,,,,,
126,upsert,3,L0075,3072,2560,1787890871.0229602,0.002004384994506836,126,0,126,1787890871.0209558,base,agg_static@rho0.5,0,0.55,0.0,4,0.5,agg_static,1787890871.020939,2560,512,7.30014443397522,0,2560,2560,0,2560,1,0,3,4,0.20921680331230164,1;0;0;0,175,0,0,,,,0,1,,,,,,,,,,,,,,,,,,,,,,,,,,
127,upsert,0,L0071,2048,0,1787890871.0230265,0.0016188621520996094,127,0,127,1787890871.0214076,base,agg_static@rho0.5,0,0.55,0.0,4,0.5,agg_static,1787890871.0213938,0,2048,,0,0,0,0,0,0,0,1,5,0.20921680331230164,0;0;0;0,175,0,0,,,,0,0,,,,,,,,,,,,,,,,,,,,,,,,,,
0,upsert,0,L0048,2048,0,1787890878.6682878,0.0032401084899902344,1,0,0,1787890878.6650476,base,exact_fifo@rho0.5,0,0.55,0.0,4,0.5,exact_fifo,1787890878.665022,0,2048,,0,0,0,0,0,0,0,1,1,,0;1;1;1,4,0,0,,,,0,3,,,,,,,,,,,,,,,,,,,,,,,,,,
1,upsert,2,L0006,2048,0,1787890878.6684103,0.003190755844116211,2,0,1,1787890878.6652195,base,exact_fifo@rho0.5,0,0.55,0.0,4,0.5,exact_fifo,1787890878.6652057,0,2048,,0,0,0,0,0,0,0,1,2,,0;1;0;1,4,0,0,,,,0,2,,,,,,,,,,,,,,,,,,,,,,,,,,
2,upsert,1,L0014,2048,0,1787890878.6684852,0.0031549930572509766,3,1,2,1787890878.6653302,base,exact_fifo@rho0.5,0,0.55,0.0,4,0.5,exact_fifo,1787890878.6653197,0,2048,,0,0,0,0,0,0,0,1,3,,0;0;0;1,4,0,1,1,0,1,0,1,57,57,20.79712152481079,,1,1,1,1,0,0,0,0,0,0.0,0.0,0.0,3.1549930572509766,0.0,552.652082,2608.0,0,0,0,0,0,0
3,upsert,3,L0023,2048,0,1787890878.6685467,0.0031325817108154297,4,3,3,1787890878.665414,base,exact_fifo@rho0.5,0,0.55,0.0,4,0.5,exact_fifo,1787890878.6654058,0,2048,,0,0,0,0,0,0,0,1,4,,0;0;0;0,4,0,1,1,0,1,0,0,35,35,11.199808835983276,,3,3,3,3,1,1,0,0,0,0.0,0.0,0.0,3.1325817108154297,0.0,1946.696959,2608.0,0,0,0,0,0,0
4,upsert,0,L0000,2048,0,1787890880.5947533,0.0036416053771972656,5,2,4,1787890880.5911117,base,exact_fifo@rho0.5,0,0.55,0.0,4,0.5,exact_fifo,1787890880.5910869,0,2048,,0,0,0,0,0,0,0,2,1,0.003179609775543213,0;1;1;1,8,0,1,0,0,1,0,3,42,42,13.34861969947815,,3,3,3,3,1,1,3072,3072,0,0.0,0.0,0.0,3.6416053771972656,0.0,1337.018673,2080.0,0,1,1,0,0.0,0.0
5,upsert,3,L0000,2560,0,1787890880.5948665,0.003464221954345703,6,2,5,1787890880.5914023,base,exact_fifo@rho0.5,0,0.55,0.0,4,0.5,exact_fifo,1787890880.591386,0,2560,,0,0,0,0,0,0,0,2,2,0.003179609775543213,0;1;1;0,8,0,1,1,0,1,0,2,42,42,13.348506450653076,,3,3,3,3,1,1,0,0,0,0.0,0.0,0.0,3.464221954345703,0.0,1337.018673,2080.0,0,0,0,0,0,0
6,upsert,1,L0002,2048,0,1787890880.5949397,0.0033676624298095703,7,0,6,1787890880.591572,base,exact_fifo@rho0.5,0,0.55,0.0,4,0.5,exact_fifo,1787890880.5915587,0,2048,,0,0,0,0,0,0,0,1,3,0.003179609775543213,0;0;1;0,8,0,0,,,,0,1,,,,,,,,,,,,,,,,,,,,,,,,,,
7,upsert,2,L0028,2048,0,1787890880.5950007,0.003283977508544922,8,1,7,1787890880.5917168,base,exact_fifo@rho0.5,0,0.55,0.0,4,0.5,exact_fifo,1787890880.5917053,0,2048,,0,0,0,0,0,0,0,1,4,0.003179609775543213,0;0;0;0,8,0,1,0,0,1,0,0,55,55,17.6234233379364,,2,2,2,2,0,0,0,0,0,0.0,0.0,0.0,3.283977508544922,0.0,504.150124,2080.0,0,0,0,0,0,0
8,upsert,0,L0040,2048,0,1787890881.9365187,0.0035238265991210938,9,0,8,1787890881.9329948,base,exact_fifo@rho0.5,0,0.55,0.0,4,0.5,exact_fifo,1787890881.93297,0,2048,,0,0,0,0,0,0,0,1,1,0.003309488296508789,0;1;1;1,12,0,0,,,,0,3,,,,,,,,,,,,,,,,,,,,,,,,,,
9,upsert,1,L0017,2048,0,1787890881.9366307,0.0033566951751708984,10,0,9,1787890881.933274,base,exact_fifo@rho0.5,0,0.55,0.0,4,0.5,exact_fifo,1787890881.9332583,0,2048,,0,0,0,0,0,0,0,1,2,0.003309488296508789,0;0;1;1,12,0,0,,,,0,2,,,,,,,,,,,,,,,,,,,,,,,,,,
10,upsert,2,L0055,2048,0,1787890881.936704,0.0032608509063720703,11,0,10,1787890881.933443,base,exact_fifo@rho0.5,0,0.55,0.0,4,0.5,exact_fifo,1787890881.9334297,0,2048,,0,0,0,0,0,0,0,1,3,0.003309488296508789,0;0;0;1,12,0,0,,,,0,1,,,,,,,,,,,,,,,,,,,,,,,,,,
11,upsert,3,L0000,3072,2560,1787890881.9367685,0.003174304962158203,12,2,11,1787890881.9335942,base,exact_fifo@rho0.5,0,0.55,0.0,4,0.5,exact_fifo,1787890881.9335775,2560,512,1.342191457748413,0,2560,2560,2048,512,2,0,3,4,0.003309488296508789,0;0;0;0,12,0,1,1,0,1,0,0,42,42,12.006604433059692,,3,3,3,3,1,1,0,0,0,0.0,0.0,0.0,3.174304962158203,0.0,1337.018673,2080.0,0,0,0,0,0,0
12,upsert,0,L0001,2048,0,1787890883.2966392,0.004067897796630859,13,0,12,1787890883.2925713,base,exact_fifo@rho0.5,0,0.55,0.0,4,0.5,exact_fifo,1787890883.2925477,0,2048,,0,0,0,0,0,0,0,1,1,0.0033159653345743814,0;1;1;1,16,0,0,,,,0,3,,,,,,,,,,,,,,,,,,,,,,,,,,
13,upsert,2,L0047,2048,0,1787890883.2967498,0.0038962364196777344,14,0,13,1787890883.2928536,base,exact_fifo@rho0.5,0,0.55,0.0,4,0.5,exact_fifo,1787890883.2928376,0,2048,,0,0,0,0,0,0,0,1,2,0.0033159653345743814,0;1;0;1,16,0,0,,,,0,2,,,,,,,,,,,,,,,,,,,,,,,,,,
14,upsert,1,L0058,2048,0,1787890883.2968209,0.0037882328033447266,15,1,14,1787890883.2930326,base,exact_fifo@rho0.5,0,0.55,0.0,4,0.5,exact_fifo,1787890883.2930193,0,2048,,0,0,0,0,0,0,0,1,3,0.0033159653345743814,0;0;0;1,16,0,1,0,1,0,0,1,38,38,8.865207433700562,,3,1,3,1,0,1,0,2048,2048,40.96,2.0,38.96,3.7882328033447266,38.96,1421.53023,2080.0,1,1,1,38.96,38.96,38.96
15,upsert,3,L0034,2048,0,1787890883.296886,0.0036687850952148438,16,1,15,1787890883.2932172,base,exact_fifo@rho0.5,0,0.55,0.0,4,0.5,exact_fifo,1787890883.2932055,0,2048,,0,0,0,0,0,0,0,1,4,0.0033159653345743814,0;0;0;0,16,0,1,0,0,1,0,0,50,50,13.678687334060669,,3,3,3,3,0,0,0,0,0,0.0,0.0,0.0,3.6687850952148438,0.0,604.448057,2080.0,0,0,0,0,0,0
16,upsert,3,L0023,2560,2048,1787890884.5203109,0.0038199424743652344,17,3,16,1787890884.516491,base,exact_fifo@rho0.5,0,0.55,0.0,4,0.5,exact_fifo,1787890884.5164635,2048,512,5.851057767868042,0,2048,2048,0,2048,1,0,2,1,0.0034507960081100464,0;1;0;2,23,0,1,0,0,1,0,3,35,35,5.3480446338653564,,3,3,3,3,1,1,2048,2560,512,10.24,0.0,10.24,3.8199424743652344,10.24,1946.696959,2608.0,0,0,0,0,0,0
17,upsert,3,L0000,2048,3072,1787890884.5204124,0.0036253929138183594,18,2,17,1787890884.516787,base,exact_fifo@rho0.5,0,0.55,0.0,4,0.5,exact_fifo,1787890884.5167682,3072,-1024,2.583190679550171,0,3072,3072,2048,1024,2,0,5,2,0.0034507960081100464,0;1;0;1,23,0,1,1,0,1,0,2,42,42,9.42296051979065,,3,3,3,3,1,1,0,0,0,0.0,0.0,0.0,3.6253929138183594,0.0,1337.018673,2080.0,0,0,0,0,0,0
18,upsert,3,L0000,2560,2048,1787890884.5204768,0.003497600555419922,19,2,18,1787890884.5169792,base,exact_fifo@rho0.5,0,0.55,0.0,4,0.5,exact_fifo,1787890884.5169601,2048,512,0.0001919269561767578,0,3072,3072,2048,1024,2,0,5,3,0.0034507960081100464,0;1;0;0,23,1,1,1,0,1,0,1,42,42,9.422896146774292,,3,3,3,3,1,1,0,0,0,0.0,0.0,0.0,3.497600555419922,0.0,1337.018673,2080.0,0,0,0,0,0,0
19,upsert,1,L0046,2048,0,1787890884.520528,0.0033540725708007812,20,1,19,1787890884.517174,base,exact_fifo@rho0.5,0,0.55,0.0,4,0.5,exact_fifo,1787890884.5171475,0,2048,,0,0,0,0,0,0,0,1,4,0.0034507960081100464,0;0;0;0,23,0,1,0,1,0,0,0,58,58,14.945131063461304,,3,1,3,1,0,1,0,2048,2048,40.96,2.0,38.96,3.3540725708007812,38.96,1263.238979,2080.0,1,1,1,38.96,38.96,38.96
20,upsert,2,L0006,2560,2048,1787890886.0065045,0.0040454864501953125,21,0,20,1787890886.002459,base,exact_fifo@rho0.5,0,0.55,0.0,4,0.5,exact_fifo,1787890886.002431,2048,512,7.3372251987457275,0,2048,2048,0,2048,1,0,2,1,0.003475487232208252,1;1;0;1,29,0,0,,,,0,3,,,,,,,,,,,,,,,,,,,,,,,,,,
21,upsert,1,L0012,2048,0,1787890886.0066001,0.0038423538208007812,22,0,21,1787890886.0027578,base,exact_fifo@rho0.5,0,0.55,0.0,4,0.5,exact_fifo,1787890886.0027413,0,2048,,0,0,0,0,0,0,0,1,2,0.003475487232208252,1;0;0;1,29,0,0,,,,0,2,,,,,,,,,,,,,,,,,,,,,,,,,,
22,upsert,3,L0000,3072,2560,1787890886.1162846,0.11333250999450684,23,2,22,1787890886.002952,base,exact_fifo@rho0.5,0,0.55,0.0,4,0.5,exact_fifo,1787890886.0029347,2560,512,1.4859745502471924,0,2560,2560,2048,512,2,0,6,3,0.003475487232208252,1;0;0;0,29,0,1,0,0,1,0,1,42,42,7.827088356018066,,3,3,3,3,1,1,2560,3072,512,10.24,0.0,10.24,113.33250999450684,10.24,1337.018673,2080.0,0,0,0,0,0,0
23,upsert,0,L0059,2048,0,1787890886.3574455,0.35431957244873047,24,0,23,1787890886.003126,base,exact_fifo@rho0.5,0,0.55,0.0,4,0.5,exact_fifo,1787890886.0031118,0,2048,,0,0,0,0,0,0,0,1,4,0.003475487232208252,0;0;0;0,29,0,0,,,,0,0,,,,,,,,,,,,,,,,,,,,,,,,,,
24,upsert,1,L0014,2560,2048,1787890888.01986,0.003741025924682617,25,1,24,1787890888.016119,base,exact_fifo@rho0.5,0,0.55,0.0,4,0.5,exact_fifo,1787890888.0160918,2048,512,9.350772142410278,0,2048,2048,0,2048,1,0,2,1,0.022710402806599934,2;0;1;0,35,0,1,0,0,1,0,3,57,57,11.445746660232544,,1,1,1,1,0,0,2048,2560,512,10.24,0.0,10.24,3.741025924682617,10.24,552.652082,2608.0,0,0,0,0,0,0
25,upsert,2,L0012,2560,0,1787890888.1501884,0.1337447166442871,26,0,25,1787890888.0164437,base,exact_fifo@rho0.5,0,0.55,0.0,4,0.5,exact_fifo,1787890888.0164273,0,2560,,0,0,2048,0,2048,1,0,2,2,0.022710402806599934,2;0;0;0,35,0,0,,,,0,2,,,,,,,,,,,,,,,,,,,,,,,,,,
26,upsert,0,L0029,2048,0,1787890888.530321,0.5136723518371582,27,1,26,1787890888.0166485,base,exact_fifo@rho0.5,0,0.55,0.0,4,0.5,exact_fifo,1787890888.0166337,0,2048,,0,0,0,0,0,0,0,1,3,0.022710402806599934,1;0;0;0,35,0,1,0,0,1,0,1,36,36,3.631601095199585,,1,1,1,1,0,0,512,512,0,0.0,0.0,0.0,513.6723518371582,0.0,641.622557,2608.0,0,0,0,0,0,0
27,upsert,0,L0001,2560,2048,1787890888.5304189,0.5135865211486816,28,0,27,1787890888.0168324,base,exact_fifo@rho0.5,0,0.55,0.0,4,0.5,exact_fifo,1787890888.0168164,2048,512,4.724268674850464,0,2048,2048,0,2048,1,0,2,4,0.022710402806599934,0;0;0;0,35,0,0,,,,0,0,,,,,,,,,,,,,,,,,,,,,,,,,,
28,upsert,3,L0030,2048,0,1787890889.8712687,0.003962278366088867,29,1,28,1787890889.8673065,base,exact_fifo@rho0.5,0,0.55,0.0,4,0.5,exact_fifo,1787890889.8672824,0,2048,,0,0,0,0,0,0,0,1,1,0.06106408153261457,1;1;1;0,39,0,1,0,0,1,0,3,39,39,2.290806531906128,,3,3,3,3,0,0,0,0,0,0.0,0.0,0.0,3.962278366088867,0.0,530.832241,2080.0,0,0,0,0,0,0
29,upsert,0,L0010,2048,0,1787890890.1366286,0.269026517868042,30,1,29,1787890889.867602,base,exact_fifo@rho0.5,0,0.55,0.0,4,0.5,exact_fifo,1787890889.8675864,0,2048,,0,0,0,0,0,0,0,1,2,0.06106408153261457,0;1;1;0,39,0,1,0,1,0,0,2,48,48,6.838831424713135,,1,0,1,0,0,0,0,2048,2048,40.96,0.0,40.96,269.026517868042,40.96,465.96906,2080.0,1,1,1,40.96,40.96,40.96
30,upsert,2,L0009,2048,0,1787890890.52355,0.6557447910308838,31,0,30,1787890889.8678052,base,exact_fifo@rho0.5,0,0.55,0.0,4,0.5,exact_fifo,1787890889.8677917,0,2048,,0,0,0,0,0,0,0,1,3,0.06106408153261457,0;1;0;0,39,0,0,,,,0,1,,,,,,,,,,,,,,,,,,,,,,,,,,
31,upsert,1,L0029,2560,0,1787890890.523647,0.6556618213653564,32,1,31,1787890889.8679852,base,exact_fifo@rho0.5,0,0.55,0.0,4,0.5,exact_fifo,1787890889.8679738,0,2560,,0,0,2048,0,2048,1,0,2,4,0.06106408153261457,0;0;0;0,39,0,1,0,1,0,0,0,36,36,1.638274908065796,,0,1,0,1,0,0,0,512,512,10.24,0.0,10.24,655.6618213653564,10.24,641.622557,2608.0,1,1,1,10.24,10.24,10.24
32,upsert,3,L0003,2048,0,1787890892.1653004,0.005178928375244141,33,0,32,1787890892.1601214,base,exact_fifo@rho0.5,0,0.55,0.0,4,0.5,exact_fifo,1787890892.160095,0,2048,,0,0,0,0,0,0,0,1,1,0.10294342786073685,0;1;1;1,44,0,0,,,,0,3,,,,,,,,,,,,,,,,,,,,,,,,,,
33,upsert,1,L0005,2048,0,1787890892.1653955,0.004732370376586914,34,1,33,1787890892.1606631,base,exact_fifo@rho0.5,0,0.55,0.0,4,0.5,exact_fifo,1787890892.1606462,0,2048,,0,0,0,0,0,0,0,1,2,0.10294342786073685,0;0;1;1,44,0,1,0,0,1,0,2,49,49,4.810127258300781,,1,1,1,1,0,0,0,0,0,0.0,0.0,0.0,4.732370376586914,0.0,550.051976,2080.0,0,0,0,0,0,0
34,upsert,2,L0027,2048,0,1787890892.1655362,0.004487514495849609,35,0,34,1787890892.1610487,base,exact_fifo@rho0.5,0,0.55,0.0,4,0.5,exact_fifo,1787890892.1610353,0,2048,,0,0,0,0,0,0,0,1,3,0.10294342786073685,0;0;0;1,44,0,0,,,,0,1,,,,,,,,,,,,,,,,,,,,,,,,,,
35,upsert,3,L0023,3072,2560,1787890892.165598,0.004177093505859375,36,2,35,1787890892.1614208,base,exact_fifo@rho0.5,0,0.55,0.0,4,0.5,exact_fifo,1787890892.161404,2560,512,7.644940376281738,0,2560,2560,0,2560,1,0,3,4,0.10294342786073685,0;0;0;0,44,0,1,0,0,1,0,0,46,46,3.4625229835510254,,3,3,3,3,0,0,2560,3072,512,10.24,0.0,10.24,4.177093505859375,10.24,82.750826,2080.0,0,0,0,0,0,0
36,upsert,1,L0029,3072,2560,1787890893.9460957,0.0046770572662353516,37,0,36,1787890893.9414186,base,exact_fifo@rho0.5,0,0.55,0.0,4,0.5,exact_fifo,1787890893.9413881,2560,512,4.073414325714111,0,2560,2560,2048,512,2,0,3,1,0.10312647372484207,0;1;1;1,51,0,0,,,,0,3,,,,,,,,,,,,,,,,,,,,,,,,,,
37,upsert,2,L0056,2048,0,1787890893.9462044,0.004189968109130859,38,1,37,1787890893.9420145,base,exact_fifo@rho0.5,0,0.55,0.0,4,0.5,exact_fifo,1787890893.9419978,0,2048,,0,0,0,0,0,0,0,1,2,0.10312647372484207,0;1;0;1,51,0,1,0,0,1,0,2,61,61,7.10346531867981,,2,2,2,2,0,0,0,0,0,0.0,0.0,0.0,4.189968109130859,0.0,460.780919,2080.0,0,0,0,0,0,0
38,upsert,1,L0058,2560,2048,1787890893.9462674,0.003850221633911133,39,0,38,1787890893.9424171,base,exact_fifo@rho0.5,0,0.55,0.0,4,0.5,exact_fifo,1787890893.9423997,2048,512,10.649380445480347,0,2048,2048,0,2048,1,0,2,3,0.10312647372484207,0;0;0;1,51,0,0,,,,0,1,,,,,,,,,,,,,,,,,,,,,,,,,,
39,upsert,3,L0030,2560,2048,1787890894.0727181,0.129899263381958,40,0,39,1787890893.9428189,base,exact_fifo@rho0.5,0,0.55,0.0,4,0.5,exact_fifo,1787890893.9428036,2048,512,4.075521230697632,0,2048,2048,0,2048,1,0,2,4,0.10312647372484207,0;0;0;0,51,0,0,,,,0,0,,,,,,,,,,,,,,,,,,,,,,,,,,
40,upsert,3,L0036,2048,0,1787890895.631024,0.004725933074951172,41,0,40,1787890895.626298,base,exact_fifo@rho0.5,0,0.55,0.0,4,0.5,exact_fifo,1787890895.6262715,0,2048,,0,0,0,0,0,0,0,2,1,0.10715331882238388,0;1;1;1,56,0,0,,,,0,3,,,,,,,,,,,,,,,,,,,,,,,,,,
41,upsert,1,L0011,2048,0,1787890895.6311216,0.004315614700317383,42,1,41,1787890895.626806,base,exact_fifo@rho0.5,0,0.55,0.0,4,0.5,exact_fifo,1787890895.6267886,0,2048,,0,0,0,0,0,0,0,1,2,0.10715331882238388,0;0;1;1,56,0,1,0,0,1,0,2,53,53,2.5872130393981934,,1,1,1,1,0,0,0,0,0,0.0,0.0,0.0,4.315614700317383,0.0,468.323257,2080.0,0,0,0,0,0,0
42,upsert,3,L0000,2048,3072,1787890895.6311975,0.003991127014160156,43,1,42,1787890895.6272063,base,exact_fifo@rho0.5,0,0.55,0.0,4,0.5,exact_fifo,1787890895.6271882,3072,-1024,9.624253511428833,0,3072,3072,2048,1024,2,0,7,3,0.10715331882238388,0;0;1;0,56,0,1,0,1,0,0,1,60,60,5.418407201766968,,3,0,3,0,0,0,1024,0,-1024,-20.48,0.0,-20.48,3.9911270141601562,-20.48,561.418849,2080.0,1,1,1,-20.48,-20.48,-20.48
43,upsert,2,L0036,2560,0,1787890895.662046,0.034468889236450195,44,0,43,1787890895.627577,base,exact_fifo@rho0.5,0,0.55,0.0,4,0.5,exact_fifo,1787890895.627564,0,2560,,0,0,0,0,0,0,0,2,4,0.10715331882238388,0;0;0;0,56,0,0,,,,0,0,,,,,,,,,,,,,,,,,,,,,,,,,,
44,upsert,0,L0004,2048,0,1787890896.978424,0.004681825637817383,45,0,44,1787890896.9737422,base,exact_fifo@rho0.5,0,0.55,0.0,4,0.5,exact_fifo,1787890896.9737153,0,2048,,0,0,0,0,0,0,0,1,1,0.1082216277718544,0;1;1;1,61,0,0,,,,0,3,,,,,,,,,,,,,,,,,,,,,,,,,,
45,upsert,1,L0038,2048,0,1787890896.978513,0.004233360290527344,46,0,45,1787890896.9742796,base,exact_fifo@rho0.5,0,0.55,0.0,4,0.5,exact_fifo,1787890896.9742627,0,2048,,0,0,0,0,0,0,0,1,2,0.1082216277718544,0;0;1;1,61,0,0,,,,0,2,,,,,,,,,,,,,,,,,,,,,,,,,,
46,upsert,3,L0023,2048,3072,1787890896.9909053,0.01623368263244629,47,1,46,1787890896.9746716,base,exact_fifo@rho0.5,0,0.55,0.0,4,0.5,exact_fifo,1787890896.974654,3072,-1024,4.8132500648498535,0,3072,3072,0,3072,1,0,4,3,0.1082216277718544,0;0;1;0,61,0,1,0,0,1,0,1,63,63,4.058856964111328,,3,3,3,3,0,0,0,0,0,0.0,0.0,0.0,16.23368263244629,0.0,93.962729,2608.0,0,0,0,0,0,0
47,upsert,2,L0018,2048,0,1787890897.4315796,0.4565389156341553,48,0,47,1787890896.9750407,base,exact_fifo@rho0.5,0,0.55,0.0,4,0.5,exact_fifo,1787890896.9750278,0,2048,,0,0,0,0,0,0,0,1,4,0.1082216277718544,0;0;0;0,61,0,0,,,,0,0,,,,,,,,,,,,,,,,,,,,,,,,,,
48,upsert,0,L0010,2560,2048,1787890898.3196855,0.10325312614440918,49,0,48,1787890898.2164323,base,exact_fifo@rho0.5,0,0.55,0.0,4,0.5,exact_fifo,1787890898.2164004,2048,512,8.348814010620117,0,2048,2048,0,2048,1,0,2,1,0.12279246002435684,0;1;1;1,68,0,0,,,,0,3,,,,,,,,,,,,,,,,,,,,,,,,,,
49,upsert,1,L0005,2560,2048,1787890898.7603257,0.5433170795440674,50,0,49,1787890898.2170086,base,exact_fifo@rho0.5,0,0.55,0.0,4,0.5,exact_fifo,1787890898.2169871,2048,512,6.056340932846069,0,2048,2048,0,2048,1,0,2,2,0.12279246002435684,0;0;1;1,68,0,0,,,,0,2,,,,,,,,,,,,,,,,,,,,,,,,,,
50,upsert,3,L0034,2560,2048,1787890898.7604423,0.542985200881958,51,0,50,1787890898.217457,base,exact_fifo@rho0.5,0,0.55,0.0,4,0.5,exact_fifo,1787890898.21744,2048,512,14.924234390258789,0,2048,2048,0,2048,1,0,2,3,0.12279246002435684,0;0;1;0,68,0,0,,,,0,1,,,,,,,,,,,,,,,,,,,,,,,,,,
51,upsert,2,L0044,2048,0,1787890899.2896507,1.071791648864746,52,0,51,1787890898.217859,base,exact_fifo@rho0.5,0,0.55,0.0,4,0.5,exact_fifo,1787890898.217844,0,2048,,0,0,0,0,0,0,0,1,4,0.12279246002435684,0;0;0;0,68,0,0,,,,0,0,,,,,,,,,,,,,,,,,,,,,,,,,,
52,upsert,0,L0062,2048,0,1787890900.3128781,0.8491284847259521,53,0,52,1787890899.4637496,base,exact_fifo@rho0.5,0,0.55,0.0,4,0.5,exact_fifo,1787890899.4637225,0,2048,,0,0,0,0,0,0,0,1,1,0.1930127739906311,0;1;1;1,74,0,0,,,,0,3,,,,,,,,,,,,,,,,,,,,,,,,,,
53,upsert,1,L0011,2560,2048,1787890900.625243,1.1609611511230469,54,0,53,1787890899.4642818,base,exact_fifo@rho0.5,0,0.55,0.0,4,0.5,exact_fifo,1787890899.4642608,2048,512,3.8374722003936768,0,2048,2048,0,2048,1,0,2,2,0.1930127739906311,0;0;1;1,74,0,0,,,,0,2,,,,,,,,,,,,,,,,,,,,,,,,,,
54,upsert,3,L0031,2048,0,1787890900.6253798,1.160653829574585,55,0,54,1787890899.464726,base,exact_fifo@rho0.5,0,0.55,0.0,4,0.5,exact_fifo,1787890899.4647114,0,2048,,0,0,0,0,0,0,0,1,3,0.1930127739906311,0;0;1;0,74,0,0,,,,0,1,,,,,,,,,,,,,,,,,,,,,,,,,,
55,upsert,2,L0028,2560,2048,1787890900.7535408,1.2884483337402344,56,0,55,1787890899.4650924,base,exact_fifo@rho0.5,0,0.55,0.0,4,0.5,exact_fifo,1787890899.465077,2048,512,18.873371601104736,0,2048,2048,0,2048,1,0,2,4,0.1930127739906311,0;0;0;0,74,0,0,,,,0,0,,,,,,,,,,,,,,,,,,,,,,,,,,
56,upsert,2,L0016,2048,0,1787890902.0693076,1.0215744972229004,57,0,56,1787890901.047733,base,exact_fifo@rho0.5,0,0.55,0.0,4,0.5,exact_fifo,1787890901.0477002,0,2048,,0,0,0,0,0,0,0,1,1,0.31750189512968063,0;2;0;1,80,0,0,,,,0,3,,,,,,,,,,,,,,,,,,,,,,,,,,
57,upsert,1,L0014,3072,2560,1787890902.089148,1.0408575534820557,58,0,57,1787890901.0482905,base,exact_fifo@rho0.5,0,0.55,0.0,4,0.5,exact_fifo,1787890901.0482693,2560,512,13.032177448272705,0,2560,2560,0,2560,1,0,3,2,0.31750189512968063,0;1;0;1,80,0,0,,,,0,2,,,,,,,,,,,,,,,,,,,,,,,,,,
58,upsert,1,L0046,2560,2048,1787890902.0892727,1.0404996871948242,59,0,58,1787890901.048773,base,exact_fifo@rho0.5,0,0.55,0.0,4,0.5,exact_fifo,1787890901.0487561,2048,512,16.53160858154297,0,2048,2048,0,2048,1,0,2,3,0.31750189512968063,0;0;0;1,80,0,0,,,,0,1,,,,,,,,,,,,,,,,,,,,,,,,,,
59,upsert,3,L0042,2048,0,1787890902.7468145,1.697627305984497,60,0,59,1787890901.0491872,base,exact_fifo@rho0.5,0,0.55,0.0,4,0.5,exact_fifo,1787890901.0491714,0,2048,,0,0,0,0,0,0,0,1,4,0.31750189512968063,0;0;0;0,80,0,0,,,,0,0,,,,,,,,,,,,,,,,,,,,,,,,,,
60,upsert,0,L0000,2560,2048,1787890903.6218367,1.400782823562622,61,0,60,1787890902.2210538,base,exact_fifo@rho0.5,0,0.55,0.0,4,0.5,exact_fifo,1787890902.221023,2048,512,21.62993621826172,0,2048,2048,2048,0,2,0,8,2,0.39411982148885727,0;1;1;1,87,0,0,,,,0,3,,,,,,,,,,,,,,,,,,,,,,,,,,
61,upsert,2,L0056,2560,2048,1787890903.6219647,1.400327205657959,62,0,61,1787890902.2216375,base,exact_fifo@rho0.5,0,0.55,0.0,4,0.5,exact_fifo,1787890902.2216172,2048,512,8.279619455337524,0,2048,2048,0,2048,1,0,2,3,0.39411982148885727,0;1;0;1,87,0,0,,,,0,2,,,,,,,,,,,,,,,,,,,,,,,,,,
62,upsert,1,L0063,2048,0,1787890903.6349084,1.412843942642212,63,0,62,1787890902.2220645,base,exact_fifo@rho0.5,0,0.55,0.0,4,0.5,exact_fifo,1787890902.2220495,0,2048,,0,0,0,0,0,0,0,1,4,0.39411982148885727,0;0;0;1,87,0,0,,,,0,1,,,,,,,,,,,,,,,,,,,,,,,,,,
63,upsert,3,L0023,2560,2048,1787890903.6349885,1.4125421047210693,64,0,63,1787890902.2224464,base,exact_fifo@rho0.5,0,0.55,0.0,4,0.5,exact_fifo,1787890902.222428,2048,512,5.247774124145508,0,2048,2048,0,2048,1,0,5,5,0.39411982148885727,0;0;0;0,87,0,0,,,,0,0,,,,,,,,,,,,,,,,,,,,,,,,,,
64,upsert,3,L0067,2048,0,1787890905.4112349,1.727414846420288,65,1,64,1787890903.68382,base,exact_fifo@rho0.5,0,0.55,0.0,4,0.5,exact_fifo,1787890903.6837928,0,2048,,0,0,0,0,0,0,0,1,1,0.5574367418885231,1;1;1;0,91,0,1,0,0,1,0,3,87,87,5.036505699157715,,3,3,3,3,0,0,0,0,0,0.0,0.0,0.0,1727.414846420288,0.0,566.076163,2080.0,0,0,0,0,0,0
65,upsert,1,L0072,2048,0,1787890905.851864,2.167490243911743,66,2,65,1787890903.6843739,base,exact_fifo@rho0.5,0,0.55,0.0,4,0.5,exact_fifo,1787890903.6843555,0,2048,,0,0,0,0,0,0,0,1,2,0.5574367418885231,1;0;1;0,91,0,1,0,1,0,0,2,85,85,4.595787763595581,,3,1,3,1,0,1,0,2048,2048,40.96,2.0,38.96,2167.490243911743,38.96,1256.525812,2080.0,1,1,1,38.96,38.96,38.96
66,upsert,2,L0121,2048,0,1787890905.851951,2.1671760082244873,67,1,66,1787890903.6847749,base,exact_fifo@rho0.5,0,0.55,0.0,4,0.5,exact_fifo,1787890903.6847606,0,2048,,0,0,0,0,0,0,0,1,3,0.5574367418885231,1;0;0;0,91,0,1,0,0,1,0,1,81,81,2.6947498321533203,,2,2,2,2,0,0,0,0,0,0.0,0.0,0.0,2167.1760082244873,0.0,530.573596,2080.0,0,0,0,0,0,0
67,upsert,0,L0091,2048,0,1787890906.2828715,2.597731828689575,68,1,67,1787890903.6851397,base,exact_fifo@rho0.5,0,0.55,0.0,4,0.5,exact_fifo,1787890903.6851263,0,2048,,0,0,0,0,0,0,0,1,4,0.5574367418885231,0;0;0;0,91,0,1,0,0,1,0,0,96,96,9.208040237426758,,0,0,0,0,0,0,0,0,0,0.0,0.0,0.0,2597.731828689575,0.0,500.589488,2080.0,0,0,0,0,0,0
68,upsert,3,L0083,2048,0,1787890906.2829757,1.1951406002044678,69,0,68,1787890905.087835,base,exact_fifo@rho0.5,0,0.55,0.0,4,0.5,exact_fifo,1787890905.0878065,0,2048,,0,0,0,0,0,0,0,1,5,0.5574367418885231,1;1;1;0,95,0,0,,,,0,3,,,,,,,,,,,,,,,,,,,,,,,,,,
69,upsert,2,L0124,2048,0,1787890906.2830338,1.194657325744629,70,0,69,1787890905.0883765,base,exact_fifo@rho0.5,0,0.55,0.0,4,0.5,exact_fifo,1787890905.0883582,0,2048,,0,0,0,0,0,0,0,1,6,0.5574367418885231,1;1;0;0,95,0,0,,,,0,2,,,,,,,,,,,,,,,,,,,,,,,,,,
70,upsert,1,L0076,2048,0,1787890906.2830813,1.1943106651306152,71,1,70,1787890905.0887706,base,exact_fifo@rho0.5,0,0.55,0.0,4,0.5,exact_fifo,1787890905.0887551,0,2048,,0,0,0,0,0,0,0,1,7,0.5574367418885231,1;0;0;0,95,0,1,0,1,0,0,1,91,91,5.7584874629974365,,0,1,0,1,0,1,0,2048,2048,40.96,2.0,38.96,1194.3106651306152,38.96,1671.750115,2080.0,1,1,1,38.96,38.96,38.96
71,upsert,0,L0077,2048,0,1787890906.2831368,1.1940011978149414,72,0,71,1787890905.0891356,base,exact_fifo@rho0.5,0,0.55,0.0,4,0.5,exact_fifo,1787890905.0891216,0,2048,,0,0,0,0,0,0,0,1,8,0.5574367418885231,0;0;0;0,95,0,0,,,,0,0,,,,,,,,,,,,,,,,,,,,,,,,,,
72,upsert,3,L0081,2048,0,1787890907.404422,0.492138147354126,73,0,72,1787890906.912284,base,exact_fifo@rho0.5,0,0.55,0.0,4,0.5,exact_fifo,1787890906.9122555,0,2048,,0,0,0,0,0,0,0,2,1,0.9723345637321472,1;1;1;0,99,0,0,,,,0,3,,,,,,,,,,,,,,,,,,,,,,,,,,
73,upsert,0,L0106,2048,0,1787890907.845085,0.9322869777679443,74,0,73,1787890906.912798,base,exact_fifo@rho0.5,0,0.55,0.0,4,0.5,exact_fifo,1787890906.9127812,0,2048,,0,0,0,0,0,0,0,1,2,0.9723345637321472,0;1;1;0,99,0,0,,,,0,2,,,,,,,,,,,,,,,,,,,,,,,,,,
74,upsert,2,L0081,2560,0,1787890907.8451912,0.9319958686828613,75,0,74,1787890906.9131954,base,exact_fifo@rho0.5,0,0.55,0.0,4,0.5,exact_fifo,1787890906.913181,0,2560,,0,0,0,0,0,0,0,2,3,0.9723345637321472,0;1;0;0,99,0,0,,,,0,1,,,,,,,,,,,,,,,,,,,,,,,,,,
75,upsert,1,L0094,2048,0,1787890908.493035,1.5794322490692139,76,2,75,1787890906.9136028,base,exact_fifo@rho0.5,0,0.55,0.0,4,0.5,exact_fifo,1787890906.9135892,0,2048,,0,0,0,0,0,0,0,1,4,0.9723345637321472,0;0;0;0,99,0,1,0,1,0,0,0,84,84,1.9545540809631348,,0,1,0,1,0,0,0,2048,2048,40.96,0.0,40.96,1579.4322490692139,40.96,515.260733,2080.0,1,1,1,40.96,40.96,40.96
76,upsert,3,L0075,2048,0,1787890909.1739001,0.6289193630218506,77,2,76,1787890908.5449808,base,exact_fifo@rho0.5,0,0.55,0.0,4,0.5,exact_fifo,1787890908.544953,0,2048,,0,0,0,0,0,0,0,1,1,1.0938455536961555,1;1;1;0,103,0,1,0,1,0,0,3,110,110,10.721145153045654,,2,3,2,3,0,2,0,2048,2048,40.96,4.0,36.96,628.9193630218506,36.96,3086.69655,2080.0,1,1,1,36.96,36.96,36.96
77,upsert,1,L0069,2048,0,1787890909.614581,1.0690836906433105,78,3,77,1787890908.5454974,base,exact_fifo@rho0.5,0,0.55,0.0,4,0.5,exact_fifo,1787890908.5454805,0,2048,,0,0,0,0,0,0,0,1,2,1.0938455536961555,1;0;1;0,103,0,1,0,1,0,0,2,113,113,13.933851480484009,,2,1,2,1,0,1,0,2048,2048,40.96,2.0,38.96,1069.0836906433105,38.96,1398.611166,2080.0,1,2,2,38.96,77.92,77.92
78,upsert,2,L0068,2048,0,1787890909.614691,1.0688128471374512,79,3,78,1787890908.5458782,base,exact_fifo@rho0.5,0,0.55,0.0,4,0.5,exact_fifo,1787890908.545865,0,2048,,0,0,0,0,0,0,0,1,3,1.0938455536961555,1;0;0;0,103,0,1,0,0,1,0,1,99,99,5.876399040222168,,1,1,1,1,1,1,512,512,0,0.0,0.0,0.0,1068.8128471374512,0.0,1296.43566,2608.0,0,1,1,0,0.0,0.0
79,upsert,0,L0065,2048,0,1787890910.0455801,1.4993338584899902,80,1,79,1787890908.5462463,base,exact_fifo@rho0.5,0,0.55,0.0,4,0.5,exact_fifo,1787890908.5462332,0,2048,,0,0,0,0,0,0,0,1,4,1.0938455536961555,0;0;0;0,103,0,1,0,0,1,0,0,114,114,13.502902269363403,,0,0,0,0,0,0,0,0,0,0.0,0.0,0.0,1499.3338584899902,0.0,617.698102,2080.0,0,0,0,0,0,0
80,upsert,3,L0104,2048,0,1787890910.7196822,0.2738924026489258,81,0,80,1787890910.4457898,base,exact_fifo@rho0.5,0,0.55,0.0,4,0.5,exact_fifo,1787890910.4457626,0,2048,,0,0,0,0,0,0,0,1,1,1.2121099904179573,1;1;1;0,108,0,0,,,,0,3,,,,,,,,,,,,,,,,,,,,,,,,,,
81,upsert,2,L0121,2560,2048,1787890911.1603413,0.7140147686004639,82,0,81,1787890910.4463265,base,exact_fifo@rho0.5,0,0.55,0.0,4,0.5,exact_fifo,1787890910.4463065,2048,512,6.761545896530151,0,2048,2048,0,2048,1,0,2,2,1.2121099904179573,1;1;0;0,108,0,0,,,,0,2,,,,,,,,,,,,,,,,,,,,,,,,,,
82,upsert,0,L0086,2048,0,1787890911.1604664,0.7137000560760498,83,0,82,1787890910.4467664,base,exact_fifo@rho0.5,0,0.55,0.0,4,0.5,exact_fifo,1787890910.4467509,0,2048,,0,0,0,0,0,0,0,1,3,1.2121099904179573,0;1;0;0,108,0,0,,,,0,1,,,,,,,,,,,,,,,,,,,,,,,,,,
83,upsert,1,L0068,2560,0,1787890911.598122,1.150991439819336,84,3,83,1787890910.4471304,base,exact_fifo@rho0.5,0,0.55,0.0,4,0.5,exact_fifo,1787890910.4471169,0,2560,,0,0,2048,0,2048,1,0,2,4,1.2121099904179573,0;0;0;0,108,0,1,0,1,0,0,0,99,99,3.89296817779541,,2,1,2,1,0,1,0,512,512,10.24,2.0,8.24,1150.991439819336,8.24,1296.43566,2608.0,1,1,1,8.24,8.24,8.24
84,upsert,1,L0094,2560,2048,1787890912.2654407,0.2259058952331543,85,1,84,1787890912.0395348,base,exact_fifo@rho0.5,0,0.55,0.0,4,0.5,exact_fifo,1787890912.039503,2048,512,5.125913858413696,0,2048,2048,0,2048,1,0,2,1,1.2305866032838821,0;1;1;1,115,0,1,0,0,1,0,3,120,120,15.250932455062866,,1,1,1,1,0,0,2048,2560,512,10.24,0.0,10.24,225.9058952331543,10.24,610.946687,2608.0,0,0,0,0,0,0
85,upsert,1,L0072,2560,2048,1787890912.7061296,0.6659896373748779,86,1,85,1787890912.04014,base,exact_fifo@rho0.5,0,0.55,0.0,4,0.5,exact_fifo,1787890912.0401196,2048,512,8.355764150619507,0,2048,2048,0,2048,1,0,2,2,1.2305866032838821,0;0;1;1,115,0,1,0,0,1,0,2,124,124,17.206530332565308,,1,1,1,1,0,0,2048,2560,512,10.24,0.0,10.24,665.9896373748779,10.24,693.105847,2608.0,0,0,0,0,0,0
86,upsert,2,L0103,2048,0,1787890912.7062564,0.6656646728515625,87,0,86,1787890912.0405917,base,exact_fifo@rho0.5,0,0.55,0.0,4,0.5,exact_fifo,1787890912.0405765,0,2048,,0,0,0,0,0,0,0,1,3,1.2305866032838821,0;0;0;1,115,0,0,,,,0,1,,,,,,,,,,,,,,,,,,,,,,,,,,
87,upsert,3,L0067,2560,2048,1787890913.1506925,1.1097233295440674,88,0,87,1787890912.0409691,base,exact_fifo@rho0.5,0,0.55,0.0,4,0.5,exact_fifo,1787890912.0409527,2048,512,8.357159852981567,0,2048,2048,0,2048,1,0,2,4,1.2305866032838821,0;0;0;0,115,0,0,,,,0,0,,,,,,,,,,,,,,,,,,,,,,,,,,
88,upsert,3,L0064,2048,0,1787890914.0664496,0.004524707794189453,89,1,88,1787890914.061925,base,exact_fifo@rho0.5,0,0.55,0.0,4,0.5,exact_fifo,1787890914.061901,0,2048,,0,0,0,0,0,0,0,1,1,1.1745894700288773,0;2;1;0,120,0,1,0,1,0,0,3,97,97,1.4245314598083496,,1,3,1,3,0,0,0,2048,2048,40.96,0.0,40.96,4.524707794189453,40.96,542.10915,2080.0,1,1,1,40.96,40.96,40.96
89,upsert,2,L0088,2048,0,1787890914.2518973,0.1894245147705078,90,0,89,1787890914.0624728,base,exact_fifo@rho0.5,0,0.55,0.0,4,0.5,exact_fifo,1787890914.062456,0,2048,,0,0,0,0,0,0,0,1,2,1.1745894700288773,0;2;0;0,120,0,0,,,,0,2,,,,,,,,,,,,,,,,,,,,,,,,,,
90,upsert,1,L0100,2048,0,1787890914.6925397,0.6296708583831787,91,2,90,1787890914.0628688,base,exact_fifo@rho0.5,0,0.55,0.0,4,0.5,exact_fifo,1787890914.062854,0,2048,,0,0,0,0,0,0,0,1,3,1.1745894700288773,0;1;0;0,120,0,1,0,0,1,0,1,98,98,0.798497200012207,,1,1,1,1,0,0,0,0,0,0.0,0.0,0.0,629.6708583831787,0.0,476.528336,2080.0,0,0,0,0,0,0
91,upsert,1,L0076,2560,2048,1787890914.6926267,0.6293587684631348,92,0,91,1787890914.063268,base,exact_fifo@rho0.5,0,0.55,0.0,4,0.5,exact_fifo,1787890914.06325,2048,512,8.974494934082031,0,2048,2048,0,2048,1,0,2,4,1.1745894700288773,0;0;0;0,120,0,0,,,,0,0,,,,,,,,,,,,,,,,,,,,,,,,,,
92,upsert,0,L0105,2048,0,1787890915.494242,0.07837677001953125,93,0,92,1787890915.4158652,base,exact_fifo@rho0.5,0,0.55,0.0,4,0.5,exact_fifo,1787890915.41584,0,2048,,0,0,0,0,0,0,0,1,1,1.0699775889515877,0;1;1;1,124,0,0,,,,0,3,,,,,,,,,,,,,,,,,,,,,,,,,,
93,upsert,2,L0125,2048,0,1787890915.7909262,0.3745143413543701,94,0,93,1787890915.4164119,base,exact_fifo@rho0.5,0,0.55,0.0,4,0.5,exact_fifo,1787890915.416393,0,2048,,0,0,0,0,0,0,0,1,2,1.0699775889515877,0;1;0;1,124,0,0,,,,0,2,,,,,,,,,,,,,,,,,,,,,,,,,,
94,upsert,1,L0115,2048,0,1787890916.231533,0.814723014831543,95,0,94,1787890915.41681,base,exact_fifo@rho0.5,0,0.55,0.0,4,0.5,exact_fifo,1787890915.416796,0,2048,,0,0,0,0,0,0,0,1,3,1.0699775889515877,0;0;0;1,124,0,0,,,,0,1,,,,,,,,,,,,,,,,,,,,,,,,,,
95,upsert,3,L0074,2048,0,1787890916.231643,0.8144476413726807,96,2,95,1787890915.4171953,base,exact_fifo@rho0.5,0,0.55,0.0,4,0.5,exact_fifo,1787890915.417182,0,2048,,0,0,0,0,0,0,0,1,4,1.0699775889515877,0;0;0;0,124,0,1,0,0,1,0,0,106,106,2.384549617767334,,3,3,3,3,0,0,0,0,0,0.0,0.0,0.0,814.4476413726807,0.0,564.67802,2080.0,0,1,1,0,38.96,38.96
96,upsert,0,L0091,2560,2048,1787890917.1343637,0.004721879959106445,97,0,96,1787890917.1296418,base,exact_fifo@rho0.5,0,0.55,0.0,4,0.5,exact_fifo,1787890917.1296139,2048,512,13.444487571716309,0,2048,2048,0,2048,1,0,2,1,0.9592140167951584,0;2;0;1,132,0,0,,,,0,3,,,,,,,,,,,,,,,,,,,,,,,,,,
97,upsert,3,L0064,2560,2048,1787890917.3298602,0.1995999813079834,98,0,97,1787890917.1302602,base,exact_fifo@rho0.5,0,0.55,0.0,4,0.5,exact_fifo,1787890917.1302395,2048,512,3.068338394165039,0,2048,2048,0,2048,1,0,2,2,0.9592140167951584,0;2;0;0,132,0,0,,,,0,2,,,,,,,,,,,,,,,,,,,,,,,,,,
98,upsert,1,L0100,2560,2048,1787890917.7705295,0.639817476272583,99,1,98,1787890917.130712,base,exact_fifo@rho0.5,0,0.55,0.0,4,0.5,exact_fifo,1787890917.1306944,2048,512,3.067840337753296,0,2048,2048,0,2048,1,0,2,3,0.9592140167951584,0;1;0;0,132,0,1,0,0,1,0,1,107,107,0.8457119464874268,,1,1,1,1,1,1,2048,2560,512,10.24,0.0,10.24,639.817476272583,10.24,941.138075,2608.0,0,0,0,0,0,0
99,upsert,1,L0068,3072,2560,1787890917.7706242,0.6394946575164795,100,2,99,1787890917.1311295,base,exact_fifo@rho0.5,0,0.55,0.0,4,0.5,exact_fifo,1787890917.1311147,2560,512,6.683997869491577,0,2560,2560,2048,512,2,0,3,4,0.9592140167951584,0;0;0;0,132,0,1,0,0,1,0,0,105,105,0.8454997539520264,,1,1,1,1,0,0,2560,3072,512,10.24,0.0,10.24,639.4946575164795,10.24,105.482311,2080.0,0,0,0,0,0,0
100,upsert,0,L0120,2048,0,1787890918.6189644,0.004645109176635742,101,0,100,1787890918.6143193,base,exact_fifo@rho0.5,0,0.55,0.0,4,0.5,exact_fifo,1787890918.6142936,0,2048,,0,0,0,0,0,0,0,1,1,0.7349584251642227,0;1;1;1,136,0,0,,,,0,3,,,,,,,,,,,,,,,,,,,,,,,,,,
101,upsert,2,L0116,2048,0,1787890918.8688173,0.2539646625518799,102,0,101,1787890918.6148527,base,exact_fifo@rho0.5,0,0.55,0.0,4,0.5,exact_fifo,1787890918.614836,0,2048,,0,0,0,0,0,0,0,1,2,0.7349584251642227,0;1;0;1,136,0,0,,,,0,2,,,,,,,,,,,,,,,,,,,,,,,,,,
102,upsert,1,L0078,2048,0,1787890919.309481,0.6942100524902344,103,1,102,1787890918.6152709,base,exact_fifo@rho0.5,0,0.55,0.0,4,0.5,exact_fifo,1787890918.6152563,0,2048,,0,0,0,0,0,0,0,1,3,0.7349584251642227,0;0;0;1,136,0,1,0,0,1,0,1,112,112,4.238888502120972,,1,1,1,1,0,0,0,0,0,0.0,0.0,0.0,694.2100524902344,0.0,655.63232,2080.0,0,0,0,0,0,0
103,upsert,3,L0087,2048,0,1787890919.3095815,0.693932056427002,104,0,103,1787890918.6156495,base,exact_fifo@rho0.5,0,0.55,0.0,4,0.5,exact_fifo,1787890918.6156356,0,2048,,0,0,0,0,0,0,0,1,4,0.7349584251642227,0;0;0;0,136,0,0,,,,0,0,,,,,,,,,,,,,,,,,,,,,,,,,,
104,upsert,0,L0108,2048,0,1787890920.19084,0.29783034324645996,105,0,104,1787890919.8930097,base,exact_fifo@rho0.5,0,0.55,0.0,4,0.5,exact_fifo,1787890919.8929853,0,2048,,0,0,0,0,0,0,0,1,1,0.6371034905314445,0;2;0;1,143,0,0,,,,0,3,,,,,,,,,,,,,,,,,,,,,,,,,,
105,upsert,1,L0068,2048,3072,1787890920.6315174,0.7379412651062012,106,1,105,1787890919.8935761,base,exact_fifo@rho0.5,0,0.55,0.0,4,0.5,exact_fifo,1787890919.8935554,3072,-1024,2.7624406814575195,0,3072,3072,2048,1024,2,0,4,2,0.6371034905314445,0;1;0;1,143,0,1,0,1,0,0,2,116,116,4.646199464797974,,1,2,1,2,0,0,3072,2048,-1024,-20.48,0.0,-20.48,737.9412651062012,-20.48,682.790699,2080.0,1,1,1,-20.48,-20.48,-20.48
106,upsert,3,L0074,2560,2048,1787890920.631612,0.737617015838623,107,0,106,1787890919.893995,base,exact_fifo@rho0.5,0,0.55,0.0,4,0.5,exact_fifo,1787890919.893978,2048,512,4.4767961502075195,0,2048,2048,0,2048,1,0,2,3,0.6371034905314445,0;1;0;0,143,0,0,,,,0,1,,,,,,,,,,,,,,,,,,,,,,,,,,
107,upsert,1,L0100,3072,2560,1787890921.0252368,1.1307966709136963,108,0,107,1787890919.8944402,base,exact_fifo@rho0.5,0,0.55,0.0,4,0.5,exact_fifo,1787890919.8944237,2560,512,2.7637293338775635,0,2560,2560,0,2560,1,0,3,4,0.6371034905314445,0;0;0;0,143,0,0,,,,0,0,,,,,,,,,,,,,,,,,,,,,,,,,,
108,upsert,3,L0097,2048,0,1787890923.551341,0.004926443099975586,109,0,108,1787890923.5464146,base,exact_fifo@rho0.5,0,0.55,0.0,4,0.5,exact_fifo,1787890923.546388,0,2048,,0,0,0,0,0,0,0,1,1,0.6048638671636581,0;1;0;2,149,0,0,,,,0,3,,,,,,,,,,,,,,,,,,,,,,,,,,
109,upsert,3,L0074,3072,2560,1787890923.55146,0.0044858455657958984,110,0,109,1787890923.5469742,base,exact_fifo@rho0.5,0,0.55,0.0,4,0.5,exact_fifo,1787890923.546955,2560,512,3.6529769897460938,0,2560,2560,0,2560,1,0,3,2,0.6048638671636581,0;1;0;1,149,0,0,,,,0,2,,,,,,,,,,,,,,,,,,,,,,,,,,
110,upsert,3,L0075,2560,2048,1787890923.5515347,0.004039287567138672,111,1,110,1787890923.5474954,base,exact_fifo@rho0.5,0,0.55,0.0,4,0.5,exact_fifo,1787890923.5474768,2048,512,15.00252366065979,0,2048,2048,0,2048,1,0,2,3,0.6048638671636581,0;1;0;0,149,0,1,0,0,1,0,1,126,126,6.36124062538147,,3,3,3,3,0,0,2048,2560,512,10.24,0.0,10.24,4.039287567138672,10.24,714.398715,2608.0,0,0,0,0,0,0
111,upsert,1,L0096,2048,0,1787890923.5516,0.003678560256958008,112,0,111,1787890923.5479214,base,exact_fifo@rho0.5,0,0.55,0.0,4,0.5,exact_fifo,1787890923.547907,0,2048,,0,0,0,0,0,0,0,1,4,0.6048638671636581,0;0;0;0,149,0,0,,,,0,0,,,,,,,,,,,,,,,,,,,,,,,,,,
112,upsert,1,L0078,2560,2048,1787890925.280895,0.005145549774169922,113,0,112,1787890925.2757494,base,exact_fifo@rho0.5,0,0.55,0.0,4,0.5,exact_fifo,1787890925.2757213,2048,512,6.6604650020599365,0,2048,2048,0,2048,1,0,2,1,0.4720820039510727,1;1;0;1,156,0,0,,,,0,3,,,,,,,,,,,,,,,,,,,,,,,,,,
113,upsert,1,L0069,2560,2048,1787890925.2810082,0.004628181457519531,114,1,113,1787890925.27638,base,exact_fifo@rho0.5,0,0.55,0.0,4,0.5,exact_fifo,1787890925.2763586,2048,512,16.730878114700317,0,2048,2048,0,2048,1,0,2,2,0.4720820039510727,1;0;0;1,156,0,1,1,0,1,0,2,125,125,4.63171648979187,,1,1,1,1,1,1,0,0,0,0.0,0.0,0.0,4.628181457519531,0.0,836.049161,2080.0,0,0,0,0,0,0
114,upsert,0,L0065,2560,2048,1787890925.2810817,0.004240512847900391,115,0,114,1787890925.2768412,base,exact_fifo@rho0.5,0,0.55,0.0,4,0.5,exact_fifo,1787890925.276824,2048,512,16.7305908203125,0,2048,2048,0,2048,1,0,2,3,0.4720820039510727,0;0;0;1,156,0,0,,,,0,1,,,,,,,,,,,,,,,,,,,,,,,,,,
115,upsert,3,L0066,2048,0,1787890925.2811456,0.003867626190185547,116,1,115,1787890925.277278,base,exact_fifo@rho0.5,0,0.55,0.0,4,0.5,exact_fifo,1787890925.277263,0,2048,,0,0,0,0,0,0,0,1,4,0.4720820039510727,0;0;0;0,156,0,1,0,1,0,0,0,123,123,2.23537015914917,,0,3,0,3,0,1,0,2048,2048,40.96,2.0,38.96,3.867626190185547,38.96,2021.006825,2080.0,1,1,1,38.96,38.96,38.96
116,upsert,2,L0068,2560,2048,1787890927.519291,0.0048825740814208984,117,0,116,1787890927.5144083,base,exact_fifo@rho0.5,0,0.55,0.0,4,0.5,exact_fifo,1787890927.5143785,2048,512,18.96851348876953,0,2048,2048,2048,0,2,0,5,1,0.38349710404872894,0;2;0;1,162,0,0,,,,0,3,,,,,,,,,,,,,,,,,,,,,,,,,,
117,upsert,3,L0118,2048,0,1787890927.5194085,0.004398822784423828,118,0,117,1787890927.5150096,base,exact_fifo@rho0.5,0,0.55,0.0,4,0.5,exact_fifo,1787890927.5149915,0,2048,,0,0,0,0,0,0,0,1,2,0.38349710404872894,0;2;0;0,162,0,0,,,,0,2,,,,,,,,,,,,,,,,,,,,,,,,,,
118,upsert,1,L0113,2048,0,1787890927.5194836,0.004049062728881836,119,0,118,1787890927.5154345,base,exact_fifo@rho0.5,0,0.55,0.0,4,0.5,exact_fifo,1787890927.51542,0,2048,,0,0,0,0,0,0,0,1,3,0.38349710404872894,0;1;0;0,162,0,0,,,,0,1,,,,,,,,,,,,,,,,,,,,,,,,,,
119,upsert,1,L0069,3072,2560,1787890927.5195484,0.0037283897399902344,120,1,119,1787890927.51582,base,exact_fifo@rho0.5,0,0.55,0.0,4,0.5,exact_fifo,1787890927.5158038,2560,512,2.239445209503174,0,2560,2560,0,2560,1,0,3,4,0.38349710404872894,0;0;0;0,162,0,1,0,0,1,0,0,125,125,2.393176317214966,,1,1,1,1,1,1,2560,3072,512,10.24,0.0,10.24,3.7283897399902344,10.24,836.049161,2080.0,0,0,0,0,0,0
120,upsert,1,L0094,3072,2560,1787890929.9158425,0.00511479377746582,121,0,120,1787890929.9107277,base,exact_fifo@rho0.5,0,0.55,0.0,4,0.5,exact_fifo,1787890929.9106965,2560,512,17.871193408966064,0,2560,2560,0,2560,1,0,3,1,0.3006775826215744,0;0;1;2,168,0,0,,,,0,3,,,,,,,,,,,,,,,,,,,,,,,,,,
121,upsert,3,L0084,2048,0,1787890929.9159582,0.00458073616027832,122,0,121,1787890929.9113774,base,exact_fifo@rho0.5,0,0.55,0.0,4,0.5,exact_fifo,1787890929.911359,0,2048,,0,0,0,0,0,0,0,1,2,0.3006775826215744,0;0;1;1,168,0,0,,,,0,2,,,,,,,,,,,,,,,,,,,,,,,,,,
122,upsert,2,L0098,2048,0,1787890929.9160328,0.0042345523834228516,123,0,122,1787890929.9117982,base,exact_fifo@rho0.5,0,0.55,0.0,4,0.5,exact_fifo,1787890929.9117837,0,2048,,0,0,0,0,0,0,0,1,3,0.3006775826215744,0;0;0;1,168,0,0,,,,0,1,,,,,,,,,,,,,,,,,,,,,,,,,,
123,upsert,3,L0066,2560,2048,1787890929.9160955,0.0039052963256835938,124,0,123,1787890929.9121902,base,exact_fifo@rho0.5,0,0.55,0.0,4,0.5,exact_fifo,1787890929.9121733,2048,512,4.634910345077515,0,2048,2048,0,2048,1,0,2,4,0.3006775826215744,0;0;0;0,168,0,0,,,,0,0,,,,,,,,,,,,,,,,,,,,,,,,,,
124,upsert,1,L0072,3072,2560,1787890931.3472817,0.0028214454650878906,125,0,124,1787890931.3444602,base,exact_fifo@rho0.5,0,0.55,0.0,4,0.5,exact_fifo,1787890931.3444314,2560,512,19.304311752319336,0,2560,2560,0,2560,1,0,3,1,0.2558293491601944,1;1;0;1,175,0,0,,,,0,3,,,,,,,,,,,,,,,,,,,,,,,,,,
125,upsert,1,L0069,2048,3072,1787890931.347396,0.0023217201232910156,126,0,125,1787890931.3450742,base,exact_fifo@rho0.5,0,0.55,0.0,4,0.5,exact_fifo,1787890931.3450549,3072,-1024,3.8292510509490967,0,3072,3072,0,3072,1,0,4,2,0.2558293491601944,1;0;0;1,175,0,0,,,,0,2,,,,,,,,,,,,,,,,,,,,,,,,,,
126,upsert,3,L0075,3072,2560,1787890931.347471,0.0019769668579101562,127,0,126,1787890931.345494,base,exact_fifo@rho0.5,0,0.55,0.0,4,0.5,exact_fifo,1787890931.3454769,2560,512,7.79800009727478,0,2560,2560,0,2560,1,0,3,3,0.2558293491601944,1;0;0;0,175,0,0,,,,0,1,,,,,,,,,,,,,,,,,,,,,,,,,,
127,upsert,0,L0071,2048,0,1787890931.3475347,0.0015964508056640625,128,0,127,1787890931.3459382,base,exact_fifo@rho0.5,0,0.55,0.0,4,0.5,exact_fifo,1787890931.3459244,0,2048,,0,0,0,0,0,0,0,1,4,0.2558293491601944,0;0;0;0,175,0,0,,,,0,0,,,,,,,,,,,,,,,,,,,,,,,,,,
0,upsert,0,L0048,2048,0,1787890939.068307,0.0032699108123779297,1,0,0,1787890939.065037,base,agg_full@rho0.8,0,0.55,0.0,4,0.8,agg_full,1787890939.0650117,0,2048,,0,0,0,0,0,0,0,1,1,,0;1;1;1,4,0,0,,,,0,3,,,,,,,,,,,,,,,,,,,,,,,,,,
1,upsert,2,L0006,2048,0,1787890939.0684328,0.0032095909118652344,2,0,1,1787890939.0652232,base,agg_full@rho0.8,0,0.55,0.0,4,0.8,agg_full,1787890939.0652092,0,2048,,0,0,0,0,0,0,0,1,2,,0;1;0;1,4,0,0,,,,0,2,,,,,,,,,,,,,,,,,,,,,,,,,,
2,upsert,1,L0014,2048,0,1787890939.068507,0.003171682357788086,3,1,2,1787890939.0653353,base,agg_full@rho0.8,0,0.55,0.0,4,0.8,agg_full,1787890939.0653248,0,2048,,0,0,0,0,0,0,0,1,3,,0;0;0;1,4,0,1,1,0,1,0,1,57,57,22.349047660827637,,1,1,1,1,0,0,0,0,0,0.0,0.0,0.0,3.171682357788086,0.0,690.960831,2608.0,0,0,0,0,0,0
3,upsert,3,L0023,2048,0,1787890939.0685678,0.003148317337036133,4,3,3,1787890939.0654194,base,agg_full@rho0.8,0,0.55,0.0,4,0.8,agg_full,1787890939.0654109,0,2048,,0,0,0,0,0,0,0,1,4,,0;0;0;0,4,0,1,1,0,1,0,0,35,35,11.10715389251709,,3,3,3,3,1,1,0,0,0,0.0,0.0,0.0,3.148317337036133,0.0,1841.735299,2608.0,0,0,0,0,0,0
4,upsert,0,L0000,2048,0,1787890941.126145,0.003581523895263672,5,2,4,1787890941.1225634,base,agg_full@rho0.8,0,0.55,0.0,4,0.8,agg_full,1787890941.1225388,0,2048,,0,0,0,0,0,0,0,2,1,0.0031998753547668457,0;1;1;1,8,0,1,0,0,1,0,3,42,42,13.460105895996094,,3,3,3,3,1,1,3072,3072,0,0.0,0.0,0.0,3.581523895263672,0.0,1217.247621,2080.0,0,0,0,0,0,0
5,upsert,3,L0000,2560,0,1787890941.1262746,0.003453493118286133,6,2,5,1787890941.122821,base,agg_full@rho0.8,0,0.55,0.0,4,0.8,agg_full,1787890941.122806,0,2560,,0,0,0,0,0,0,0,2,2,0.0031998753547668457,0;1;1;0,8,0,1,1,0,1,0,2,42,42,13.459976196289062,,3,3,3,3,1,1,0,0,0,0.0,0.0,0.0,3.453493118286133,0.0,1217.247621,2080.0,0,0,0,0,0,0
6,upsert,1,L0002,2048,0,1787890941.126348,0.0033636093139648438,7,0,6,1787890941.1229844,base,agg_full@rho0.8,0,0.55,0.0,4,0.8,agg_full,1787890941.122972,0,2048,,0,0,0,0,0,0,0,1,3,0.0031998753547668457,0;0;1;0,8,0,0,,,,0,1,,,,,,,,,,,,,,,,,,,,,,,,,,
7,upsert,2,L0028,2048,0,1787890941.1264095,0.0032875537872314453,8,1,7,1787890941.123122,base,agg_full@rho0.8,0,0.55,0.0,4,0.8,agg_full,1787890941.123111,0,2048,,0,0,0,0,0,0,0,1,4,0.0031998753547668457,0;0;0;0,8,0,1,0,1,0,0,0,55,55,18.18741488456726,,3,2,3,2,0,1,0,2048,2048,40.96,2.0,38.96,3.2875537872314453,38.96,1753.025212,2080.0,1,1,1,38.96,38.96,38.96
8,upsert,0,L0040,2048,0,1787890942.5796885,0.0035486221313476562,9,0,8,1787890942.57614,base,agg_full@rho0.8,0,0.55,0.0,4,0.8,agg_full,1787890942.576117,0,2048,,0,0,0,0,0,0,0,1,1,0.0033107101917266846,0;1;1;1,12,0,0,,,,0,3,,,,,,,,,,,,,,,,,,,,,,,,,,
9,upsert,1,L0017,2048,0,1787890942.5797875,0.0033681392669677734,10,0,9,1787890942.5764194,base,agg_full@rho0.8,0,0.55,0.0,4,0.8,agg_full,1787890942.5764034,0,2048,,0,0,0,0,0,0,0,1,2,0.0033107101917266846,0;0;1;1,12,0,0,,,,0,2,,,,,,,,,,,,,,,,,,,,,,,,,,
10,upsert,2,L0055,2048,0,1787890942.5798497,0.0032591819763183594,11,0,10,1787890942.5765905,base,agg_full@rho0.8,0,0.55,0.0,4,0.8,agg_full,1787890942.5765774,0,2048,,0,0,0,0,0,0,0,1,3,0.0033107101917266846,0;0;0;1,12,0,0,,,,0,1,,,,,,,,,,,,,,,,,,,,,,,,,,
11,upsert,3,L0000,3072,2560,1787890942.5799024,0.0031578540802001953,12,2,11,1787890942.5767446,base,agg_full@rho0.8,0,0.55,0.0,4,0.8,agg_full,1787890942.576728,2560,512,1.4539220333099365,0,2560,2560,2048,512,2,0,3,4,0.0033107101917266846,0;0;0;0,12,0,1,1,0,1,0,0,42,42,12.006348371505737,,3,3,3,3,1,1,0,0,0,0.0,0.0,0.0,3.1578540802001953,0.0,1217.247621,2080.0,0,0,0,0,0,0
12,upsert,0,L0001,2048,0,1787890944.4301322,0.39453935623168945,13,0,12,1787890944.0355928,base,agg_full@rho0.8,0,0.55,0.0,4,0.8,agg_full,1787890944.0355675,0,2048,,0,0,0,0,0,0,0,1,1,0.0033182899157206216,0;1;1;1,16,0,0,,,,0,3,,,,,,,,,,,,,,,,,,,,,,,,,,
13,upsert,2,L0047,2048,0,1787890945.1366525,1.100787878036499,14,0,13,1787890944.0358646,base,agg_full@rho0.8,0,0.55,0.0,4,0.8,agg_full,1787890944.0358486,0,2048,,0,0,0,0,0,0,0,1,2,0.0033182899157206216,0;1;0;1,16,0,0,,,,0,2,,,,,,,,,,,,,,,,,,,,,,,,,,
14,upsert,1,L0058,2048,0,1787890945.1367853,1.1007449626922607,15,1,14,1787890944.0360403,base,agg_full@rho0.8,0,0.55,0.0,4,0.8,agg_full,1787890944.036028,0,2048,,0,0,0,0,0,0,0,1,3,0.0033182899157206216,0;0;0;1,16,0,1,0,1,0,0,1,38,38,7.251634836196899,,2,1,2,1,0,1,0,2048,2048,40.96,2.0,38.96,1100.7449626922607,38.96,1827.544201,2080.0,1,1,1,38.96,38.96,38.96
15,upsert,3,L0034,2048,0,1787890946.1909945,2.1547629833221436,16,1,15,1787890944.0362315,base,agg_full@rho0.8,0,0.55,0.0,4,0.8,agg_full,1787890944.0362191,0,2048,,0,0,0,0,0,0,0,1,4,0.0033182899157206216,0;0;0;0,16,0,1,0,0,1,0,0,50,50,11.744555234909058,,3,3,3,3,0,0,0,0,0,0.0,0.0,0.0,2154.7629833221436,0.0,597.536149,2080.0,0,0,0,0,0,0
16,upsert,3,L0023,2560,2048,1787890949.1040678,3.962172269821167,17,3,16,1787890945.1418955,base,agg_full@rho0.8,0,0.55,0.0,4,0.8,agg_full,1787890945.1418676,2048,512,6.076456785202026,0,2048,2048,0,2048,1,0,2,2,0.17572611172993977,0;1;0;2,23,0,1,0,0,1,0,3,35,35,1.0716538429260254,,3,3,3,3,1,1,2048,2560,512,10.24,0.0,10.24,3962.172269821167,10.24,1841.735299,2608.0,0,0,0,0,0,0
17,upsert,3,L0000,2048,3072,1787890949.1042144,3.962027072906494,18,2,17,1787890945.1421874,base,agg_full@rho0.8,0,0.55,0.0,4,0.8,agg_full,1787890945.1421525,3072,-1024,2.5654244422912598,0,3072,3072,2048,1024,2,0,5,3,0.17572611172993977,0;1;0;1,23,0,1,1,0,1,0,2,42,42,5.482036352157593,,3,3,3,3,1,1,0,0,0,0.0,0.0,0.0,3962.027072906494,0.0,1217.247621,2080.0,0,0,0,0,0,0
18,upsert,3,L0000,2560,2048,1787890949.1042802,3.9619085788726807,19,2,18,1787890945.1423717,base,agg_full@rho0.8,0,0.55,0.0,4,0.8,agg_full,1787890945.142358,2048,512,0.00020551681518554688,0,3072,3072,2048,1024,2,0,5,4,0.17572611172993977,0;1;0;0,23,1,1,1,0,1,0,1,42,42,5.481970548629761,,3,3,3,3,1,1,0,0,0,0.0,0.0,0.0,3961.9085788726807,0.0,1217.247621,2080.0,0,0,0,0,0,0
19,upsert,1,L0046,2048,0,1787890951.495351,6.352819204330444,20,1,19,1787890945.1425319,base,agg_full@rho0.8,0,0.55,0.0,4,0.8,agg_full,1787890945.1425185,0,2048,,0,0,0,0,0,0,0,1,5,0.17572611172993977,0;0;0;0,23,0,1,0,1,0,0,0,58,58,9.92225432395935,,0,1,0,1,0,1,0,2048,2048,40.96,2.0,38.96,6352.819204330444,38.96,1461.189621,2080.0,1,1,1,38.96,38.96,38.96
20,upsert,2,L0006,2560,2048,1787890952.343155,5.999915838241577,21,0,20,1787890946.343239,base,agg_full@rho0.8,0,0.55,0.0,4,0.8,agg_full,1787890946.3432114,2048,512,7.2780022621154785,0,2048,2048,0,2048,1,0,2,5,0.2994159162044525,1;1;0;1,29,0,0,,,,0,3,,,,,,,,,,,,,,,,,,,,,,,,,,
21,upsert,1,L0012,2048,0,1787890952.3433156,5.999786853790283,22,0,21,1787890946.3435287,base,agg_full@rho0.8,0,0.55,0.0,4,0.8,agg_full,1787890946.3435118,0,2048,,0,0,0,0,0,0,0,1,6,0.2994159162044525,1;0;0;1,29,0,0,,,,0,2,,,,,,,,,,,,,,,,,,,,,,,,,,
22,upsert,3,L0000,3072,2560,1787890952.3433862,5.999669075012207,23,2,22,1787890946.343717,base,agg_full@rho0.8,0,0.55,0.0,4,0.8,agg_full,1787890946.3437016,2560,512,1.2013435363769531,0,3072,3072,2048,1024,2,0,6,7,0.2994159162044525,1;0;0;0,29,1,1,0,0,1,0,1,42,42,2.2428646087646484,,3,3,3,3,1,1,2560,3072,512,10.24,0.0,10.24,5999.669075012207,10.24,1217.247621,2080.0,0,0,0,0,0,0
23,upsert,0,L0059,2048,0,1787890954.570609,8.226721048355103,24,0,23,1787890946.343888,base,agg_full@rho0.8,0,0.55,0.0,4,0.8,agg_full,1787890946.3438752,0,2048,,0,0,0,0,0,0,0,1,8,0.2994159162044525,0;0;0;0,29,0,0,,,,0,0,,,,,,,,,,,,,,,,,,,,,,,,,,
24,upsert,1,L0014,2560,2048,1787890954.570747,6.121906518936157,25,1,24,1787890948.4488404,base,agg_full@rho0.8,0,0.55,0.0,4,0.8,agg_full,1787890948.4488113,2048,512,9.38348650932312,0,2048,2048,0,2048,1,0,2,9,0.2994159162044525,2;0;1;0,35,0,1,0,0,1,0,3,57,57,6.8468077182769775,,1,1,1,1,0,0,2048,2560,512,10.24,0.0,10.24,6121.906518936157,10.24,690.960831,2608.0,0,0,0,0,0,0
25,upsert,2,L0012,2560,0,1787890954.570825,6.121692657470703,26,0,25,1787890948.4491324,base,agg_full@rho0.8,0,0.55,0.0,4,0.8,agg_full,1787890948.4491158,0,2560,,0,0,0,0,0,0,0,2,10,0.2994159162044525,2;0;0;0,35,0,0,,,,0,2,,,,,,,,,,,,,,,,,,,,,,,,,,
26,upsert,0,L0029,2048,0,1787890954.5708816,6.121527433395386,27,0,26,1787890948.4493542,base,agg_full@rho0.8,0,0.55,0.0,4,0.8,agg_full,1787890948.449339,0,2048,,0,0,0,0,0,0,0,1,11,0.2994159162044525,1;0;0;0,35,0,0,,,,0,1,,,,,,,,,,,,,,,,,,,,,,,,,,
27,upsert,0,L0001,2560,2048,1787890955.1040375,6.6545093059539795,28,0,27,1787890948.4495282,base,agg_full@rho0.8,0,0.55,0.0,4,0.8,agg_full,1787890948.449512,2048,512,4.413944482803345,0,2048,2048,0,2048,1,0,2,12,0.2994159162044525,0;0;0;0,35,0,0,,,,0,0,,,,,,,,,,,,,,,,,,,,,,,,,,
28,upsert,3,L0030,2048,0,1787890955.1041834,4.929465293884277,29,0,28,1787890950.1747181,base,agg_full@rho0.8,0,0.55,0.0,4,0.8,agg_full,1787890950.1746936,0,2048,,0,0,0,0,0,0,0,1,10,0.8777243463616622,1;1;1;0,39,0,0,,,,0,3,,,,,,,,,,,,,,,,,,,,,,,,,,
29,upsert,0,L0010,2048,0,1787890955.1042533,4.929240465164185,30,1,29,1787890950.1750128,base,agg_full@rho0.8,0,0.55,0.0,4,0.8,agg_full,1787890950.174998,0,2048,,0,0,0,0,0,0,0,1,11,0.8777243463616622,0;1;1;0,39,0,1,0,1,0,0,2,48,48,2.8311798572540283,,3,0,3,0,0,0,0,2048,2048,40.96,0.0,40.96,4929.240465164185,40.96,555.212501,2080.0,1,1,1,40.96,40.96,40.96
30,upsert,2,L0009,2048,0,1787890955.1043088,4.929092645645142,31,0,30,1787890950.1752162,base,agg_full@rho0.8,0,0.55,0.0,4,0.8,agg_full,1787890950.1752024,0,2048,,0,0,0,0,0,0,0,1,12,0.8777243463616622,0;1;0;0,39,0,0,,,,0,1,,,,,,,,,,,,,,,,,,,,,,,,,,
31,upsert,1,L0029,2560,0,1787890957.864981,7.6895973682403564,32,0,31,1787890950.1753836,base,agg_full@rho0.8,0,0.55,0.0,4,0.8,agg_full,1787890950.1753714,0,2560,,0,0,0,0,0,0,0,2,13,0.8777243463616622,0;0;0;0,39,0,0,,,,0,0,,,,,,,,,,,,,,,,,,,,,,,,,,
32,upsert,3,L0003,2048,0,1787890957.8651161,5.47849702835083,33,0,32,1787890952.386619,base,agg_full@rho0.8,0,0.55,0.0,4,0.8,agg_full,1787890952.386593,0,2048,,0,0,0,0,0,0,0,1,10,1.78386754574983,0;1;1;1,44,0,0,,,,0,3,,,,,,,,,,,,,,,,,,,,,,,,,,
33,upsert,1,L0005,2048,0,1787890957.865207,5.478104591369629,34,1,33,1787890952.3871024,base,agg_full@rho0.8,0,0.55,0.0,4,0.8,agg_full,1787890952.3870857,0,2048,,0,0,0,0,0,0,0,1,11,1.78386754574983,0;0;1;1,44,0,1,0,1,0,0,2,49,49,0.07029175758361816,,2,1,2,1,0,0,0,2048,2048,40.96,0.0,40.96,5478.104591369629,40.96,500.093204,2080.0,1,1,1,40.96,40.96,40.96
34,upsert,2,L0027,2048,0,1787890957.8652585,5.4777655601501465,35,0,34,1787890952.387493,base,agg_full@rho0.8,0,0.55,0.0,4,0.8,agg_full,1787890952.387479,0,2048,,0,0,0,0,0,0,0,1,12,1.78386754574983,0;0;0;1,44,0,0,,,,0,1,,,,,,,,,,,,,,,,,,,,,,,,,,
35,upsert,3,L0023,3072,2560,1787890957.8653023,5.477464199066162,36,1,35,1787890952.3878381,base,agg_full@rho0.8,0,0.55,0.0,4,0.8,agg_full,1787890952.3878212,2560,512,7.245953559875488,0,2560,2560,0,2560,1,0,3,13,1.78386754574983,0;0;0;0,44,0,1,0,0,1,0,0,63,63,5.368075609207153,,3,3,3,3,1,1,2560,3072,512,10.24,0.0,10.24,5477.464199066162,10.24,247.003055,2608.0,0,0,0,0,0,0
36,upsert,0,L0029,3072,2048,1787890961.6040514,7.019686222076416,37,0,36,1787890954.5843651,base,agg_full@rho0.8,0,0.55,0.0,4,0.8,agg_full,1787890954.5843358,2048,1024,6.1349968910217285,0,2048,2048,0,2048,1,0,3,10,2.5044741189038313,0;2;1;0,49,0,0,,,,0,3,,,,,,,,,,,,,,,,,,,,,,,,,,
37,upsert,1,L0056,2048,0,1787890961.6042006,7.019270896911621,38,1,37,1787890954.5849297,base,agg_full@rho0.8,0,0.55,0.0,4,0.8,agg_full,1787890954.5849133,0,2048,,0,0,0,0,0,0,0,1,11,2.5044741189038313,0;1;1;0,49,0,1,0,0,1,0,2,61,61,1.6290884017944336,,1,1,1,1,0,0,0,0,0,0.0,0.0,0.0,7019.270896911621,0.0,506.60308,2080.0,0,0,0,0,0,0
38,upsert,1,L0058,2560,2048,1787890961.6042671,7.0189430713653564,39,0,38,1787890954.585324,base,agg_full@rho0.8,0,0.55,0.0,4,0.8,agg_full,1787890954.5853071,2048,512,10.54927921295166,0,2048,2048,0,2048,1,0,2,12,2.5044741189038313,0;0;1;0,49,0,0,,,,0,1,,,,,,,,,,,,,,,,,,,,,,,,,,
39,upsert,2,L0030,2560,0,1787890964.723626,10.137911558151245,40,0,39,1787890954.5857143,base,agg_full@rho0.8,0,0.55,0.0,4,0.8,agg_full,1787890954.5857012,0,2560,,0,0,0,0,0,0,0,2,13,2.5044741189038313,0;0;0;0,49,0,0,,,,0,0,,,,,,,,,,,,,,,,,,,,,,,,,,
40,upsert,1,L0036,2048,0,1787890964.7237532,8.214460134506226,41,0,40,1787890956.509293,base,agg_full@rho0.8,0,0.55,0.0,4,0.8,agg_full,1787890956.5092647,0,2048,,0,0,0,0,0,0,0,2,10,2.873003513582291,0;0;1;2,54,0,0,,,,0,3,,,,,,,,,,,,,,,,,,,,,,,,,,
41,upsert,3,L0011,2048,0,1787890964.7238147,8.214012145996094,42,0,41,1787890956.5098026,base,agg_full@rho0.8,0,0.55,0.0,4,0.8,agg_full,1787890956.5097845,0,2048,,0,0,0,0,0,0,0,1,11,2.873003513582291,0;0;1;1,54,0,0,,,,0,2,,,,,,,,,,,,,,,,,,,,,,,,,,
42,upsert,3,L0000,2048,3072,1787890964.7238605,8.213656902313232,43,0,42,1787890956.5102036,base,agg_full@rho0.8,0,0.55,0.0,4,0.8,agg_full,1787890956.5101864,3072,-1024,10.166484832763672,0,3072,3072,2048,1024,2,0,7,12,2.873003513582291,0;0;1;0,54,0,0,,,,0,1,,,,,,,,,,,,,,,,,,,,,,,,,,
43,upsert,2,L0036,2560,0,1787890964.723909,8.213333368301392,44,0,43,1787890956.5105755,base,agg_full@rho0.8,0,0.55,0.0,4,0.8,agg_full,1787890956.5105627,0,2560,,0,0,0,0,0,0,0,2,13,2.873003513582291,0;0;0;0,54,0,0,,,,0,0,,,,,,,,,,,,,,,,,,,,,,,,,,
44,upsert,2,L0004,2048,0,1787890967.973608,10.039839506149292,45,0,44,1787890957.9337685,base,agg_full@rho0.8,0,0.55,0.0,4,0.8,agg_full,1787890957.933742,0,2048,,0,0,0,0,0,0,0,1,9,3.707866817712784,1;1;0;1,59,0,0,,,,0,3,,,,,,,,,,,,,,,,,,,,,,,,,,
45,upsert,1,L0038,2048,0,1787890967.973727,10.039458751678467,46,0,45,1787890957.9342682,base,agg_full@rho0.8,0,0.55,0.0,4,0.8,agg_full,1787890957.9342508,0,2048,,0,0,0,0,0,0,0,1,10,3.707866817712784,1;0;0;1,59,0,0,,,,0,2,,,,,,,,,,,,,,,,,,,,,,,,,,
46,upsert,3,L0023,2048,3072,1787890967.9737918,10.039140462875366,47,0,46,1787890957.9346514,base,agg_full@rho0.8,0,0.55,0.0,4,0.8,agg_full,1787890957.934634,3072,-1024,5.5468127727508545,0,3072,3072,0,3072,1,0,4,11,3.707866817712784,1;0;0;0,59,0,0,,,,0,1,,,,,,,,,,,,,,,,,,,,,,,,,,
47,upsert,0,L0018,2048,0,1787890967.9738429,10.038827180862427,48,0,47,1787890957.9350157,base,agg_full@rho0.8,0,0.55,0.0,4,0.8,agg_full,1787890957.935002,0,2048,,0,0,0,0,0,0,0,1,12,3.707866817712784,0;0;0;0,59,0,0,,,,0,0,,,,,,,,,,,,,,,,,,,,,,,,,,
48,upsert,0,L0010,2560,2048,1787890967.9738872,8.662033557891846,49,0,48,1787890959.3118536,base,agg_full@rho0.8,0,0.55,0.0,4,0.8,agg_full,1787890959.311822,2048,512,9.136823892593384,0,2048,2048,0,2048,1,0,2,13,3.707866817712784,0;1;1;1,66,0,0,,,,0,3,,,,,,,,,,,,,,,,,,,,,,,,,,
49,upsert,1,L0005,2560,2048,1787890967.9739318,8.66149353981018,50,0,49,1787890959.3124382,base,agg_full@rho0.8,0,0.55,0.0,4,0.8,agg_full,1787890959.312418,2048,512,6.925332307815552,0,2048,2048,0,2048,1,0,2,14,3.707866817712784,0;0;1;1,66,0,0,,,,0,2,,,,,,,,,,,,,,,,,,,,,,,,,,
50,upsert,3,L0034,2560,2048,1787890967.9739704,8.661097049713135,51,0,50,1787890959.3128734,base,agg_full@rho0.8,0,0.55,0.0,4,0.8,agg_full,1787890959.3128572,2048,512,15.27663803100586,0,2048,2048,0,2048,1,0,2,15,3.707866817712784,0;0;1;0,66,0,0,,,,0,1,,,,,,,,,,,,,,,,,,,,,,,,,,
51,upsert,2,L0044,2048,0,1787890967.974011,8.66072678565979,52,0,51,1787890959.3132842,base,agg_full@rho0.8,0,0.55,0.0,4,0.8,agg_full,1787890959.3132687,0,2048,,0,0,0,0,0,0,0,1,16,3.707866817712784,0;0;0;0,66,0,0,,,,0,0,,,,,,,,,,,,,,,,,,,,,,,,,,
52,upsert,2,L0062,2048,0,1787890967.9740536,6.558339595794678,53,0,52,1787890961.415714,base,agg_full@rho0.8,0,0.55,0.0,4,0.8,agg_full,1787890961.4156864,0,2048,,0,0,0,0,0,0,0,1,17,3.707866817712784,1;1;1;0,71,0,0,,,,0,3,,,,,,,,,,,,,,,,,,,,,,,,,,
53,upsert,1,L0011,2560,0,1787890967.9740953,6.557844161987305,54,0,53,1787890961.4162512,base,agg_full@rho0.8,0,0.55,0.0,4,0.8,agg_full,1787890961.416234,0,2560,,0,0,0,0,0,0,0,2,18,3.707866817712784,1;0;1;0,71,0,0,,,,0,2,,,,,,,,,,,,,,,,,,,,,,,,,,
54,upsert,0,L0031,2048,0,1787890967.974132,6.557449102401733,55,0,54,1787890961.416683,base,agg_full@rho0.8,0,0.55,0.0,4,0.8,agg_full,1787890961.4166687,0,2048,,0,0,0,0,0,0,0,1,19,3.707866817712784,0;0;1;0,71,0,0,,,,0,1,,,,,,,,,,,,,,,,,,,,,,,,,,
55,upsert,2,L0028,2560,2048,1787890972.5760372,11.158992290496826,56,0,55,1787890961.4170449,base,agg_full@rho0.8,0,0.55,0.0,4,0.8,agg_full,1787890961.4170282,2048,512,20.293917179107666,0,2048,2048,0,2048,1,0,2,20,3.707866817712784,0;0;0;0,71,0,0,,,,0,0,,,,,,,,,,,,,,,,,,,,,,,,,,
56,upsert,3,L0016,2048,0,1787890972.5761838,9.344862222671509,57,0,56,1787890963.2313216,base,agg_full@rho0.8,0,0.55,0.0,4,0.8,agg_full,1787890963.2312953,0,2048,,0,0,0,0,0,0,0,1,18,4.3656012415885925,1;2;0;0,77,0,0,,,,0,3,,,,,,,,,,,,,,,,,,,,,,,,,,
57,upsert,1,L0014,3072,2560,1787890972.576254,9.344401597976685,58,0,57,1787890963.2318523,base,agg_full@rho0.8,0,0.55,0.0,4,0.8,agg_full,1787890963.231832,2560,512,14.783020734786987,0,2560,2560,0,2560,1,0,3,19,4.3656012415885925,1;1;0;0,77,0,0,,,,0,2,,,,,,,,,,,,,,,,,,,,,,,,,,
58,upsert,1,L0046,2560,2048,1787890972.576303,9.343940258026123,59,0,58,1787890963.2323627,base,agg_full@rho0.8,0,0.55,0.0,4,0.8,agg_full,1787890963.2323453,2048,512,18.089826822280884,0,2048,2048,0,2048,1,0,2,20,4.3656012415885925,1;0;0;0,77,0,0,,,,0,1,,,,,,,,,,,,,,,,,,,,,,,,,,
59,upsert,0,L0042,2048,0,1787890972.57635,9.343565225601196,60,0,59,1787890963.2327847,base,agg_full@rho0.8,0,0.55,0.0,4,0.8,agg_full,1787890963.2327704,0,2048,,0,0,0,0,0,0,0,1,21,4.3656012415885925,0;0;0;0,77,0,0,,,,0,0,,,,,,,,,,,,,,,,,,,,,,,,,,
60,upsert,3,L0000,2560,2048,1787890972.5763967,8.001042127609253,61,0,60,1787890964.5753546,base,agg_full@rho0.8,0,0.55,0.0,4,0.8,agg_full,1787890964.5753248,2048,512,8.065138339996338,0,3072,3072,2048,1024,2,0,8,22,4.3656012415885925,0;1;1;1,84,1,0,,,,0,3,,,,,,,,,,,,,,,,,,,,,,,,,,
61,upsert,1,L0056,2560,2048,1787890972.5764349,8.000488519668579,62,0,61,1787890964.5759463,base,agg_full@rho0.8,0,0.55,0.0,4,0.8,agg_full,1787890964.5759263,2048,512,9.991013050079346,0,2048,2048,0,2048,1,0,2,23,4.3656012415885925,0;0;1;1,84,0,0,,,,0,2,,,,,,,,,,,,,,,,,,,,,,,,,,
62,upsert,2,L0063,2048,0,1787890972.5764742,8.000081300735474,63,0,62,1787890964.576393,base,agg_full@rho0.8,0,0.55,0.0,4,0.8,agg_full,1787890964.576378,0,2048,,0,0,0,0,0,0,0,1,24,4.3656012415885925,0;0;0;1,84,0,0,,,,0,1,,,,,,,,,,,,,,,,,,,,,,,,,,
63,upsert,3,L0023,2560,2048,1787890972.5765126,7.999746799468994,64,0,63,1787890964.5767658,base,agg_full@rho0.8,0,0.55,0.0,4,0.8,agg_full,1787890964.5767457,2048,512,6.642111778259277,0,3072,3072,0,3072,1,0,5,25,4.3656012415885925,0;0;0;0,84,1,0,,,,0,0,,,,,,,,,,,,,,,,,,,,,,,,,,
64,upsert,0,L0067,2048,0,1787890973.7453465,7.754171848297119,65,0,64,1787890965.9911747,base,agg_full@rho0.8,0,0.55,0.0,4,0.8,agg_full,1787890965.9911325,0,2048,,0,0,0,0,0,0,0,1,21,5.708624765276909,0;1;1;1,88,0,0,,,,0,3,,,,,,,,,,,,,,,,,,,,,,,,,,
65,upsert,2,L0072,2048,0,1787890973.7454755,7.753777027130127,66,1,65,1787890965.9916985,base,agg_full@rho0.8,0,0.55,0.0,4,0.8,agg_full,1787890965.9916816,0,2048,,0,0,0,0,0,0,0,1,22,5.708624765276909,0;1;0;1,88,0,1,0,0,1,0,2,124,124,18.004220008850098,,1,1,1,1,0,0,0,0,0,0.0,0.0,0.0,7753.777027130127,0.0,688.25948,2608.0,0,0,0,0,0,0
66,upsert,1,L0121,2048,0,1787890973.7455392,7.75345516204834,67,0,66,1787890965.992084,base,agg_full@rho0.8,0,0.55,0.0,4,0.8,agg_full,1787890965.9920697,0,2048,,0,0,0,0,0,0,0,1,23,5.708624765276909,0;0;0;1,88,0,0,,,,0,1,,,,,,,,,,,,,,,,,,,,,,,,,,
67,upsert,3,L0091,2048,0,1787890973.745587,7.753129482269287,68,1,67,1787890965.9924576,base,agg_full@rho0.8,0,0.55,0.0,4,0.8,agg_full,1787890965.9924443,0,2048,,0,0,0,0,0,0,0,1,24,5.708624765276909,0;0;0;0,88,0,1,0,1,0,0,0,96,96,4.842974901199341,,1,3,1,3,0,0,0,2048,2048,40.96,0.0,40.96,7753.129482269287,40.96,553.759284,2080.0,1,1,1,40.96,40.96,40.96
68,upsert,0,L0083,2048,0,1787890973.74563,6.386624097824097,69,0,68,1787890967.359006,base,agg_full@rho0.8,0,0.55,0.0,4,0.8,agg_full,1787890967.3589778,0,2048,,0,0,0,0,0,0,0,1,25,5.708624765276909,0;1;1;1,92,0,0,,,,0,3,,,,,,,,,,,,,,,,,,,,,,,,,,
69,upsert,3,L0124,2048,0,1787890973.745674,6.3861000537872314,70,0,69,1787890967.3595738,base,agg_full@rho0.8,0,0.55,0.0,4,0.8,agg_full,1787890967.3595567,0,2048,,0,0,0,0,0,0,0,1,26,5.708624765276909,0;1;1;0,92,0,0,,,,0,2,,,,,,,,,,,,,,,,,,,,,,,,,,
70,upsert,1,L0076,2048,0,1787890973.745713,6.385745048522949,71,1,70,1787890967.359968,base,agg_full@rho0.8,0,0.55,0.0,4,0.8,agg_full,1787890967.3599527,0,2048,,0,0,0,0,0,0,0,1,27,5.708624765276909,0;0;1;0,92,0,1,0,1,0,0,1,91,91,0.8501226902008057,,3,1,3,1,0,1,0,2048,2048,40.96,2.0,38.96,6385.745048522949,38.96,2047.199498,2080.0,1,1,1,38.96,38.96,38.96
71,upsert,2,L0077,2048,0,1787890973.7457554,6.385414123535156,72,0,71,1787890967.3603413,base,agg_full@rho0.8,0,0.55,0.0,4,0.8,agg_full,1787890967.360328,0,2048,,0,0,0,0,0,0,0,1,28,5.708624765276909,0;0;0;0,92,0,0,,,,0,0,,,,,,,,,,,,,,,,,,,,,,,,,,
72,upsert,0,L0081,2048,0,1787890979.038849,9.935949325561523,73,0,72,1787890969.1028998,base,agg_full@rho0.8,0,0.55,0.0,4,0.8,agg_full,1787890969.102874,0,2048,,0,0,0,0,0,0,0,2,18,7.3800971284508705,0;1;1;1,96,0,0,,,,0,3,,,,,,,,,,,,,,,,,,,,,,,,,,
73,upsert,1,L0106,2048,0,1787890979.0389779,9.9355309009552,74,0,73,1787890969.103447,base,agg_full@rho0.8,0,0.55,0.0,4,0.8,agg_full,1787890969.1034307,0,2048,,0,0,0,0,0,0,0,1,19,7.3800971284508705,0;0;1;1,96,0,0,,,,0,2,,,,,,,,,,,,,,,,,,,,,,,,,,
74,upsert,2,L0081,2560,0,1787890979.0390449,9.935203790664673,75,0,74,1787890969.103841,base,agg_full@rho0.8,0,0.55,0.0,4,0.8,agg_full,1787890969.103827,0,2560,,0,0,0,0,0,0,0,2,20,7.3800971284508705,0;0;0;1,96,0,0,,,,0,1,,,,,,,,,,,,,,,,,,,,,,,,,,
75,upsert,3,L0094,2048,0,1787890979.039093,9.93482756614685,76,1,75,1787890969.1042655,base,agg_full@rho0.8,0,0.55,0.0,4,0.8,agg_full,1787890969.104252,0,2048,,0,0,0,0,0,0,0,1,21,7.3800971284508705,0;0;0;0,96,0,1,0,0,1,0,0,120,120,10.80814242362976,,0,0,0,0,0,0,0,0,0,0.0,0.0,0.0,9934.82756614685,0.0,559.480368,2608.0,0,0,0,0,0,0
76,upsert,0,L0075,2048,0,1787890979.0391405,8.520857095718384,77,2,76,1787890970.5182834,base,agg_full@rho0.8,0,0.55,0.0,4,0.8,agg_full,1787890970.5182557,0,2048,,0,0,0,0,0,0,0,1,22,7.3800971284508705,0;1;1;1,100,0,1,0,1,0,0,3,110,110,4.492319345474243,,2,0,2,0,0,1,0,2048,2048,40.96,2.0,38.96,8520.857095718384,38.96,2845.089563,2080.0,1,2,2,38.96,79.92,79.92
77,upsert,2,L0069,2048,0,1787890979.0392122,8.520399808883667,78,3,77,1787890970.5188124,base,agg_full@rho0.8,0,0.55,0.0,4,0.8,agg_full,1787890970.518796,0,2048,,0,0,0,0,0,0,0,1,23,7.3800971284508705,0;1;0;1,100,0,1,0,1,0,0,2,113,113,7.746196508407593,,3,2,3,2,0,0,0,2048,2048,40.96,0.0,40.96,8520.399808883667,40.96,678.38309,2080.0,1,3,3,40.96,120.88,120.88
78,upsert,1,L0068,2048,0,1787890979.0392551,8.52000880241394,79,2,78,1787890970.5192463,base,agg_full@rho0.8,0,0.55,0.0,4,0.8,agg_full,1787890970.5192318,0,2048,,0,0,0,0,0,0,0,1,24,7.3800971284508705,0;0;0;1,100,0,1,0,0,1,0,1,105,105,2.7078123092651367,,1,1,1,1,0,0,0,0,0,0.0,0.0,0.0,8520.00880241394,0.0,86.632982,2080.0,0,0,0,0,0,0
79,upsert,3,L0065,2048,0,1787890979.0392957,8.519667148590088,80,1,79,1787890970.5196285,base,agg_full@rho0.8,0,0.55,0.0,4,0.8,agg_full,1787890970.5196147,0,2048,,0,0,0,0,0,0,0,1,25,7.3800971284508705,0;0;0;0,100,0,1,0,0,1,0,0,114,114,7.7461676597595215,,3,3,3,3,0,0,0,0,0,0.0,0.0,0.0,8519.667148590088,0.0,524.38411,2080.0,0,0,0,0,0,0
80,upsert,0,L0104,2048,0,1787890983.9735973,11.355593204498291,81,0,80,1787890972.618004,base,agg_full@rho0.8,0,0.55,0.0,4,0.8,agg_full,1787890972.6179788,0,2048,,0,0,0,0,0,0,0,1,17,8.155514866113663,0;1;1;1,104,0,0,,,,0,3,,,,,,,,,,,,,,,,,,,,,,,,,,
81,upsert,3,L0121,2560,0,1787890983.973728,11.355212211608887,82,0,81,1787890972.6185157,base,agg_full@rho0.8,0,0.55,0.0,4,0.8,agg_full,1787890972.6184988,0,2560,,0,0,0,0,0,0,0,2,18,8.155514866113663,0;1;1;0,104,0,0,,,,0,2,,,,,,,,,,,,,,,,,,,,,,,,,,
82,upsert,1,L0086,2048,0,1787890983.9737945,11.354843616485596,83,0,82,1787890972.6189508,base,agg_full@rho0.8,0,0.55,0.0,4,0.8,agg_full,1787890972.6189368,0,2048,,0,0,0,0,0,0,0,1,19,8.155514866113663,0;0;1;0,104,0,0,,,,0,1,,,,,,,,,,,,,,,,,,,,,,,,,,
83,upsert,2,L0068,2560,0,1787890983.973845,11.35452151298523,84,1,83,1787890972.6193235,base,agg_full@rho0.8,0,0.55,0.0,4,0.8,agg_full,1787890972.6193104,0,2560,,0,0,0,0,0,0,0,2,20,8.155514866113663,0;0;0;0,104,0,1,0,1,0,0,0,116,116,4.4594268798828125,,1,2,1,2,0,0,0,0,0,0.0,0.0,0.0,11354.52151298523,0.0,103.401541,2608.0,1,1,1,0.0,0.0,0.0
84,upsert,0,L0094,2560,0,1787890986.7997222,12.20590090751648,85,1,84,1787890974.5938213,base,agg_full@rho0.8,0,0.55,0.0,4,0.8,agg_full,1787890974.5937946,0,2560,,0,0,0,0,0,0,0,2,13,8.263351544737816,0;1;1;1,108,0,1,0,1,0,0,3,120,120,3.047513246536255,,3,0,3,0,0,0,0,0,0,0.0,0.0,0.0,12205.90090751648,0.0,559.480368,2608.0,1,1,1,0.0,0.0,0.0
85,upsert,1,L0072,2560,0,1787890986.799825,12.205409049987793,86,1,85,1787890974.594416,base,agg_full@rho0.8,0,0.55,0.0,4,0.8,agg_full,1787890974.594397,0,2560,,0,0,2048,0,2048,1,0,2,14,8.263351544737816,0;0;1;1,108,0,1,0,1,0,0,2,124,124,4.949870586395264,,2,1,2,1,0,0,0,0,0,0.0,0.0,0.0,12205.409049987793,0.0,688.25948,2608.0,1,1,1,0.0,0.0,0.0
86,upsert,2,L0103,2048,0,1787890986.7998877,12.205035924911499,87,0,86,1787890974.5948517,base,agg_full@rho0.8,0,0.55,0.0,4,0.8,agg_full,1787890974.5948367,0,2048,,0,0,0,0,0,0,0,1,15,8.263351544737816,0;0;0;1,108,0,0,,,,0,1,,,,,,,,,,,,,,,,,,,,,,,,,,
87,upsert,3,L0067,2560,0,1787890986.7999365,12.2046799659729,88,0,87,1787890974.5952566,base,agg_full@rho0.8,0,0.55,0.0,4,0.8,agg_full,1787890974.5952423,0,2560,,0,0,2048,0,2048,1,0,2,16,8.263351544737816,0;0;0;0,108,0,0,,,,0,0,,,,,,,,,,,,,,,,,,,,,,,,,,
88,upsert,0,L0064,2048,0,1787890986.7999818,9.783390283584595,89,0,88,1787890977.0165915,base,agg_full@rho0.8,0,0.55,0.0,4,0.8,agg_full,1787890977.016566,0,2048,,0,0,0,0,0,0,0,1,17,8.263351544737816,0;2;1;0,113,0,0,,,,0,3,,,,,,,,,,,,,,,,,,,,,,,,,,
89,upsert,2,L0088,2048,0,1787890986.8000245,9.782914638519287,90,0,89,1787890977.0171099,base,agg_full@rho0.8,0,0.55,0.0,4,0.8,agg_full,1787890977.0170932,0,2048,,0,0,0,0,0,0,0,1,18,8.263351544737816,0;2;0;0,113,0,0,,,,0,2,,,,,,,,,,,,,,,,,,,,,,,,,,
90,upsert,1,L0100,2048,0,1787890986.8000634,9.782547235488892,91,0,90,1787890977.0175161,base,agg_full@rho0.8,0,0.55,0.0,4,0.8,agg_full,1787890977.017502,0,2048,,0,0,0,0,0,0,0,1,19,8.263351544737816,0;1;0;0,113,0,0,,,,0,1,,,,,,,,,,,,,,,,,,,,,,,,,,
91,upsert,1,L0076,2560,2048,1787890986.8001013,9.782208681106567,92,0,91,1787890977.0178926,base,agg_full@rho0.8,0,0.55,0.0,4,0.8,agg_full,1787890977.0178761,2048,512,9.657923460006714,0,2048,2048,0,2048,1,0,2,20,8.263351544737816,0;0;0;0,113,0,0,,,,0,0,,,,,,,,,,,,,,,,,,,,,,,,,,
92,upsert,1,L0105,2048,0,1787890986.800145,8.299272537231445,93,0,92,1787890978.5008724,base,agg_full@rho0.8,0,0.55,0.0,4,0.8,agg_full,1787890978.5008447,0,2048,,0,0,0,0,0,0,0,1,21,8.263351544737816,1;0;1;1,117,0,0,,,,0,3,,,,,,,,,,,,,,,,,,,,,,,,,,
93,upsert,0,L0125,2048,0,1787890986.8002,8.298774480819702,94,0,93,1787890978.5014255,base,agg_full@rho0.8,0,0.55,0.0,4,0.8,agg_full,1787890978.501408,0,2048,,0,0,0,0,0,0,0,1,22,8.263351544737816,0;0;1;1,117,0,0,,,,0,2,,,,,,,,,,,,,,,,,,,,,,,,,,
94,upsert,3,L0115,2048,0,1787890986.8002398,8.29841947555542,95,0,94,1787890978.5018203,base,agg_full@rho0.8,0,0.55,0.0,4,0.8,agg_full,1787890978.5018072,0,2048,,0,0,0,0,0,0,0,1,23,8.263351544737816,0;0;1;0,117,0,0,,,,0,1,,,,,,,,,,,,,,,,,,,,,,,,,,
95,upsert,2,L0074,2048,0,1787890986.800281,8.298084497451782,96,0,95,1787890978.5021966,base,agg_full@rho0.8,0,0.55,0.0,4,0.8,agg_full,1787890978.5021815,0,2048,,0,0,0,0,0,0,0,1,24,8.263351544737816,0;0;0;0,117,0,0,,,,0,0,,,,,,,,,,,,,,,,,,,,,,,,,,
96,upsert,3,L0091,2560,2048,1787890992.7670884,12.295424699783325,97,0,96,1787890980.4716637,base,agg_full@rho0.8,0,0.55,0.0,4,0.8,agg_full,1787890980.471633,2048,512,14.479188680648804,0,2048,2048,0,2048,1,0,2,17,8.288655169308186,1;1;1;0,122,0,0,,,,0,3,,,,,,,,,,,,,,,,,,,,,,,,,,
97,upsert,2,L0064,2560,0,1787890992.7672286,12.294908046722412,98,0,97,1787890980.4723206,base,agg_full@rho0.8,0,0.55,0.0,4,0.8,agg_full,1787890980.4723003,0,2560,,0,0,0,0,0,0,0,2,18,8.288655169308186,1;1;0;0,122,0,0,,,,0,2,,,,,,,,,,,,,,,,,,,,,,,,,,
98,upsert,0,L0100,2560,0,1787890992.7672992,12.29451870918274,99,0,98,1787890980.4727805,base,agg_full@rho0.8,0,0.55,0.0,4,0.8,agg_full,1787890980.4727654,0,2560,,0,0,0,0,0,0,0,2,19,8.288655169308186,0;1;0;0,122,0,0,,,,0,1,,,,,,,,,,,,,,,,,,,,,,,,,,
99,upsert,1,L0068,3072,2048,1787890992.7673495,12.294140338897705,100,0,99,1787890980.4732091,base,agg_full@rho0.8,0,0.55,0.0,4,0.8,agg_full,1787890980.4731903,2048,1024,9.953958511352539,0,2048,2048,0,2048,1,0,3,20,8.288655169308186,0;0;0;0,122,0,0,,,,0,0,,,,,,,,,,,,,,,,,,,,,,,,,,
100,upsert,2,L0120,2048,0,1787890992.7673979,11.022102117538452,101,0,100,1787890981.7452958,base,agg_full@rho0.8,0,0.55,0.0,4,0.8,agg_full,1787890981.7452679,0,2048,,0,0,0,0,0,0,0,1,21,8.288655169308186,1;1;0;1,126,0,0,,,,0,3,,,,,,,,,,,,,,,,,,,,,,,,,,
101,upsert,0,L0116,2048,0,1787890992.7674415,11.021611452102661,102,0,101,1787890981.74583,base,agg_full@rho0.8,0,0.55,0.0,4,0.8,agg_full,1787890981.7458124,0,2048,,0,0,0,0,0,0,0,1,22,8.288655169308186,0;1;0;1,126,0,0,,,,0,2,,,,,,,,,,,,,,,,,,,,,,,,,,
102,upsert,1,L0078,2048,0,1787890992.7674797,11.021244287490845,103,0,102,1787890981.7462354,base,agg_full@rho0.8,0,0.55,0.0,4,0.8,agg_full,1787890981.7462213,0,2048,,0,0,0,0,0,0,0,1,23,8.288655169308186,0;0;0;1,126,0,0,,,,0,1,,,,,,,,,,,,,,,,,,,,,,,,,,
103,upsert,3,L0087,2048,0,1787890992.767517,11.02091097831726,104,0,103,1787890981.746606,base,agg_full@rho0.8,0,0.55,0.0,4,0.8,agg_full,1787890981.7465928,0,2048,,0,0,0,0,0,0,0,1,24,8.288655169308186,0;0;0;0,126,0,0,,,,0,0,,,,,,,,,,,,,,,,,,,,,,,,,,
104,upsert,2,L0108,2048,0,1787890992.7675562,9.23816466331482,105,0,104,1787890983.5293915,base,agg_full@rho0.8,0,0.55,0.0,4,0.8,agg_full,1787890983.5293632,0,2048,,0,0,0,0,0,0,0,1,25,8.288655169308186,1;1;0;1,131,0,0,,,,0,3,,,,,,,,,,,,,,,,,,,,,,,,,,
105,upsert,1,L0068,2048,3072,1787890992.767597,9.23766016960144,106,0,105,1787890983.5299368,base,agg_full@rho0.8,0,0.55,0.0,4,0.8,agg_full,1787890983.529916,3072,-1024,3.0567257404327393,0,2048,2048,0,2048,1,0,4,26,8.288655169308186,1;0;0;1,131,1,0,,,,0,2,,,,,,,,,,,,,,,,,,,,,,,,,,
106,upsert,3,L0074,2560,0,1787890992.7676334,9.237198114395142,107,0,106,1787890983.5304353,base,agg_full@rho0.8,0,0.55,0.0,4,0.8,agg_full,1787890983.5304208,0,2560,,0,0,0,0,0,0,0,2,27,8.288655169308186,1;0;0;0,131,0,0,,,,0,1,,,,,,,,,,,,,,,,,,,,,,,,,,
107,upsert,0,L0100,3072,2560,1787890992.7676713,9.236815214157104,108,0,107,1787890983.5308561,base,agg_full@rho0.8,0,0.55,0.0,4,0.8,agg_full,1787890983.5308394,2560,512,3.0580739974975586,0,0,0,0,0,0,0,3,28,8.288655169308186,0;0;0;0,131,1,0,,,,0,0,,,,,,,,,,,,,,,,,,,,,,,,,,
108,upsert,3,L0097,2048,0,1787890996.7169907,9.933526754379272,109,0,108,1787890986.783464,base,agg_full@rho0.8,0,0.55,0.0,4,0.8,agg_full,1787890986.7834375,0,2048,,0,0,0,0,0,0,0,1,25,8.625368282198906,2;0;1;0,136,0,0,,,,0,3,,,,,,,,,,,,,,,,,,,,,,,,,,
110,upsert,0,L0075,2560,2048,1787890996.7171147,9.932612180709839,110,0,110,1787890986.7845025,base,agg_full@rho0.8,0,0.55,0.0,4,0.8,agg_full,1787890986.7844841,2048,512,16.266228437423706,0,2048,2048,0,2048,1,0,2,27,8.625368282198906,0;0;1;0,136,0,0,,,,0,1,,,,,,,,,,,,,,,,,,,,,,,,,,
111,upsert,2,L0096,2048,0,1787890996.7172003,9.932284116744995,111,0,111,1787890986.7849162,base,agg_full@rho0.8,0,0.55,0.0,4,0.8,agg_full,1787890986.7849026,0,2048,,0,0,0,0,0,0,0,1,28,8.625368282198906,0;0;0;0,136,0,0,,,,0,0,,,,,,,,,,,,,,,,,,,,,,,,,,
112,upsert,0,L0078,2560,0,1787890998.13157,9.700185537338257,112,0,112,1787890988.4313846,base,agg_full@rho0.8,0,0.55,0.0,4,0.8,agg_full,1787890988.431359,0,2560,,0,0,0,0,0,0,0,2,17,9.279614672064781,0;1;1;1,142,0,0,,,,0,3,,,,,,,,,,,,,,,,,,,,,,,,,,
113,upsert,2,L0069,2560,2048,1787890998.1316233,9.699658870697021,113,0,113,1787890988.4319644,base,agg_full@rho0.8,0,0.55,0.0,4,0.8,agg_full,1787890988.4319434,2048,512,17.913147449493408,0,2048,2048,0,2048,1,0,2,18,9.279614672064781,0;1;0;1,142,0,0,,,,0,2,,,,,,,,,,,,,,,,,,,,,,,,,,
114,upsert,3,L0065,2560,2048,1787890998.1316519,9.69923210144043,114,0,114,1787890988.4324198,base,agg_full@rho0.8,0,0.55,0.0,4,0.8,agg_full,1787890988.4324021,2048,512,17.912787437438965,0,2048,2048,0,2048,1,0,2,19,9.279614672064781,0;1;0;0,142,0,0,,,,0,1,,,,,,,,,,,,,,,,,,,,,,,,,,
115,upsert,1,L0066,2048,0,1787890998.1316764,9.698843717575073,115,0,115,1787890988.4328327,base,agg_full@rho0.8,0,0.55,0.0,4,0.8,agg_full,1787890988.4328167,0,2048,,0,0,0,0,0,0,0,1,20,9.279614672064781,0;0;0;0,142,0,0,,,,0,0,,,,,,,,,,,,,,,,,,,,,,,,,,
116,upsert,2,L0068,2560,2560,1787890998.131699,8.286341190338135,116,0,116,1787890989.845358,base,agg_full@rho0.8,0,0.55,0.0,4,0.8,agg_full,1787890989.8453305,2560,0,17.226020097732544,0,2560,2560,2048,512,2,0,5,21,9.279614672064781,1;0;1;1,148,0,0,,,,0,3,,,,,,,,,,,,,,,,,,,,,,,,,,
117,upsert,0,L0118,2048,0,1787890998.1317194,8.285788297653198,117,0,117,1787890989.845931,base,agg_full@rho0.8,0,0.55,0.0,4,0.8,agg_full,1787890989.845914,0,2048,,0,0,0,0,0,0,0,1,22,9.279614672064781,0;0;1;1,148,0,0,,,,0,2,,,,,,,,,,,,,,,,,,,,,,,,,,
118,upsert,3,L0113,2048,0,1787890998.1317437,8.28539228439331,118,0,118,1787890989.8463514,base,agg_full@rho0.8,0,0.55,0.0,4,0.8,agg_full,1787890989.846336,0,2048,,0,0,0,0,0,0,0,1,23,9.279614672064781,0;0;1;0,148,0,0,,,,0,1,,,,,,,,,,,,,,,,,,,,,,,,,,
119,upsert,2,L0069,3072,2560,1787890998.131763,8.28503680229187,119,0,119,1787890989.8467262,base,agg_full@rho0.8,0,0.55,0.0,4,0.8,agg_full,1787890989.8467104,2560,512,1.4147670269012451,0,2048,2048,0,2048,1,0,3,24,9.279614672064781,0;0;0;0,148,1,0,,,,0,0,,,,,,,,,,,,,,,,,,,,,,,,,,
120,upsert,0,L0094,3072,2560,1787890998.13178,6.3839662075042725,120,0,120,1787890991.7478137,base,agg_full@rho0.8,0,0.55,0.0,4,0.8,agg_full,1787890991.7477856,2560,512,17.153990983963013,0,2560,2560,2048,512,2,0,3,25,9.279614672064781,0;1;1;1,153,0,0,,,,0,3,,,,,,,,,,,,,,,,,,,,,,,,,,
121,upsert,1,L0084,2048,0,1787890998.1317976,6.383344650268555,121,0,121,1787890991.748453,base,agg_full@rho0.8,0,0.55,0.0,4,0.8,agg_full,1787890991.748436,0,2048,,0,0,0,0,0,0,0,1,26,9.279614672064781,0;0;1;1,153,0,0,,,,0,2,,,,,,,,,,,,,,,,,,,,,,,,,,
122,upsert,3,L0098,2048,0,1787890998.1318142,6.382950782775879,122,0,122,1787890991.7488635,base,agg_full@rho0.8,0,0.55,0.0,4,0.8,agg_full,1787890991.7488496,0,2048,,0,0,0,0,0,0,0,1,27,9.279614672064781,0;0;1;0,153,0,0,,,,0,1,,,,,,,,,,,,,,,,,,,,,,,,,,
123,upsert,2,L0066,2560,0,1787890998.1318324,6.382588624954224,123,0,123,1787890991.7492437,base,agg_full@rho0.8,0,0.55,0.0,4,0.8,agg_full,1787890991.74923,0,2560,,0,0,0,0,0,0,0,2,28,9.279614672064781,0;0;0;0,153,0,0,,,,0,0,,,,,,,,,,,,,,,,,,,,,,,,,,
124,upsert,1,L0072,3072,2560,1787890999.8105602,6.644761085510254,124,0,124,1787890993.1657991,base,agg_full@rho0.8,0,0.55,0.0,4,0.8,agg_full,1787890993.1657722,2560,512,18.571375131607056,0,2560,2560,2048,512,2,0,3,17,10.339451245963573,1;0;1;1,160,0,0,,,,0,3,,,,,,,,,,,,,,,,,,,,,,,,,,
125,upsert,2,L0069,2048,3072,1787890999.8106616,6.6442224979400635,125,0,125,1787890993.166439,base,agg_full@rho0.8,0,0.55,0.0,4,0.8,agg_full,1787890993.1664195,3072,-1024,3.319709062576294,0,2048,2048,0,2048,1,0,4,18,10.339451245963573,1;0;0;1,160,1,0,,,,0,2,,,,,,,,,,,,,,,,,,,,,,,,,,
126,upsert,0,L0075,3072,2560,1787890999.8107195,6.643872022628784,126,0,126,1787890993.1668475,base,agg_full@rho0.8,0,0.55,0.0,4,0.8,agg_full,1787890993.1668305,2560,512,6.3823463916778564,0,2048,2048,0,2048,1,0,3,19,10.339451245963573,0;0;0;1,160,1,0,,,,0,1,,,,,,,,,,,,,,,,,,,,,,,,,,
127,upsert,3,L0071,2048,0,1787890999.8107696,6.6434736251831055,127,0,127,1787890993.167296,base,agg_full@rho0.8,0,0.55,0.0,4,0.8,agg_full,1787890993.1672802,0,2048,,0,0,0,0,0,0,0,1,20,10.339451245963573,0;0;0;0,160,0,0,,,,0,0,,,,,,,,,,,,,,,,,,,,,,,,,,
0,upsert,0,L0012,2048,0,1787891007.7767255,0.0032672882080078125,1,0,0,1787891007.7734582,base,exact_fifo@rho1.2,1,0.55,0.0,4,1.2,exact_fifo,1787891007.7734313,0,2048,,0,0,0,0,0,0,0,1,1,,0;1;1;1,4,0,0,,,,0,3,,,,,,,,,,,,,,,,,,,,,,,,,,
1,upsert,2,L0007,2048,0,1787891007.7768316,0.003220081329345703,2,1,1,1787891007.7736115,base,exact_fifo@rho1.2,1,0.55,0.0,4,1.2,exact_fifo,1787891007.773598,0,2048,,0,0,0,0,0,0,0,1,2,,0;1;0;1,4,0,1,1,0,1,0,2,63,63,25.472930908203125,,2,2,2,2,0,0,0,0,0,0.0,0.0,0.0,3.220081329345703,0.0,796.426898,2608.0,0,0,0,0,0,0
2,upsert,1,L0059,2048,0,1787891007.795527,0.02180933952331543,3,0,2,1787891007.7737176,base,exact_fifo@rho1.2,1,0.55,0.0,4,1.2,exact_fifo,1787891007.7737064,0,2048,,0,0,0,0,0,0,0,1,3,,0;0;0;1,4,0,0,,,,0,1,,,,,,,,,,,,,,,,,,,,,,,,,,
3,upsert,3,L0016,2048,0,1787891009.11109,1.3372876644134521,4,0,3,1787891007.7738023,base,exact_fifo@rho1.2,1,0.55,0.0,4,1.2,exact_fifo,1787891007.7737927,0,2048,,0,0,0,0,0,0,0,1,4,,0;0;0;0,4,0,0,,,,0,0,,,,,,,,,,,,,,,,,,,,,,,,,,
4,upsert,0,L0029,2048,0,1787891013.1273897,3.982619047164917,5,0,4,1787891009.1447706,base,exact_fifo@rho1.2,1,0.55,0.0,4,1.2,exact_fifo,1787891009.1447444,0,2048,,0,0,0,0,0,0,0,1,1,0.3413960933685303,0;1;1;1,8,0,0,,,,0,3,,,,,,,,,,,,,,,,,,,,,,,,,,
5,upsert,3,L0021,2048,0,1787891013.1275175,3.9824798107147217,6,2,5,1787891009.1450377,base,exact_fifo@rho1.2,1,0.55,0.0,4,1.2,exact_fifo,1787891009.145022,0,2048,,0,0,0,0,0,0,0,1,2,0.3413960933685303,0;1;1;0,8,0,1,0,1,0,0,2,58,58,17.740097045898438,,2,3,2,3,0,1,0,2048,2048,40.96,2.0,38.96,3982.4798107147217,38.96,1838.754736,2080.0,1,2,2,38.96,79.92,79.92
6,upsert,1,L0004,2048,0,1787891013.1275835,3.9823553562164307,7,0,6,1787891009.1452281,base,exact_fifo@rho1.2,1,0.55,0.0,4,1.2,exact_fifo,1787891009.145215,0,2048,,0,0,0,0,0,0,0,1,3,0.3413960933685303,0;0;1;0,8,0,0,,,,0,1,,,,,,,,,,,,,,,,,,,,,,,,,,
7,upsert,2,L0001,2048,0,1787891015.6476896,6.502307415008545,8,3,7,1787891009.1453822,base,exact_fifo@rho1.2,1,0.55,0.0,4,1.2,exact_fifo,1787891009.14537,0,2048,,0,0,0,0,0,0,0,1,4,0.3413960933685303,0;0;0;0,8,0,1,0,1,0,0,0,40,40,6.854246139526367,,1,2,1,2,0,0,0,2048,2048,40.96,0.0,40.96,6502.307415008545,40.96,1067.282387,2080.0,1,2,2,40.96,79.92,79.92
8,upsert,0,L0063,2048,0,1787891018.0867364,7.401301622390747,9,0,8,1787891010.6854348,base,exact_fifo@rho1.2,1,0.55,0.0,4,1.2,exact_fifo,1787891010.685407,0,2048,,0,0,0,0,0,0,0,1,5,0.3413960933685303,0;1;1;1,12,0,0,,,,0,3,,,,,,,,,,,,,,,,,,,,,,,,,,
9,upsert,1,L0041,2048,0,1787891018.086863,7.4011616706848145,10,0,9,1787891010.6857014,base,exact_fifo@rho1.2,1,0.55,0.0,4,1.2,exact_fifo,1787891010.685686,0,2048,,0,0,0,0,0,0,0,1,6,0.3413960933685303,0;0;1;1,12,0,0,,,,0,2,,,,,,,,,,,,,,,,,,,,,,,,,,
10,upsert,2,L0023,2048,0,1787891018.0869272,7.401056289672852,11,0,10,1787891010.685871,base,exact_fifo@rho1.2,1,0.55,0.0,4,1.2,exact_fifo,1787891010.6858578,0,2048,,0,0,0,0,0,0,0,1,7,0.3413960933685303,0;0;0;1,12,0,0,,,,0,1,,,,,,,,,,,,,,,,,,,,,,,,,,
11,upsert,3,L0046,2048,0,1787891020.5094922,9.823471069335938,12,0,11,1787891010.686021,base,exact_fifo@rho1.2,1,0.55,0.0,4,1.2,exact_fifo,1787891010.68601,0,2048,,0,0,0,0,0,0,0,1,8,0.3413960933685303,0;0;0;0,12,0,0,,,,0,0,,,,,,,,,,,,,,,,,,,,,,,,,,
12,upsert,0,L0022,2048,0,1787891020.5096202,7.555819988250732,13,2,12,1787891012.9538002,base,exact_fifo@rho1.2,1,0.55,0.0,4,1.2,exact_fifo,1787891012.9537716,0,2048,,0,0,0,0,0,0,0,1,9,0.3413960933685303,0;1;1;1,16,0,1,0,1,0,0,3,55,55,8.347418069839478,,3,0,3,0,0,1,0,2048,2048,40.96,2.0,38.96,7555.819988250732,38.96,1662.15709,2080.0,1,1,1,38.96,38.96,38.96
13,upsert,2,L0019,2048,0,1787891020.5096872,7.555611610412598,14,0,13,1787891012.9540756,base,exact_fifo@rho1.2,1,0.55,0.0,4,1.2,exact_fifo,1787891012.9540591,0,2048,,0,0,0,0,0,0,0,1,10,0.3413960933685303,0;1;0;1,16,0,0,,,,0,2,,,,,,,,,,,,,,,,,,,,,,,,,,
14,upsert,1,L0004,2560,2048,1787891020.5097404,7.555466890335083,15,0,14,1787891012.9542735,base,exact_fifo@rho1.2,1,0.55,0.0,4,1.2,exact_fifo,1787891012.9542558,2048,512,3.8090407848358154,0,0,0,0,0,0,0,2,11,0.3413960933685303,0;0;0;1,16,1,0,,,,0,1,,,,,,,,,,,,,,,,,,,,,,,,,,
15,upsert,3,L0001,2560,0,1787891026.4444652,13.490034341812134,16,1,15,1787891012.9544308,base,exact_fifo@rho1.2,1,0.55,0.0,4,1.2,exact_fifo,1787891012.9544184,0,2560,,0,0,0,0,0,0,0,2,12,0.3413960933685303,0;0;0;0,16,0,1,0,1,0,0,0,56,56,4.423032283782959,,2,3,2,3,0,0,2048,2560,512,10.24,0.0,10.24,13490.034341812134,10.24,210.795949,2608.0,1,1,1,10.24,10.24,10.24
16,upsert,0,L0029,2560,2048,1787891026.4445949,12.083273887634277,17,0,16,1787891014.361321,base,exact_fifo@rho1.2,1,0.55,0.0,4,1.2,exact_fifo,1787891014.3612912,2048,512,5.2165467739105225,0,2048,2048,0,2048,1,0,2,10,1.90186265536717,0;1;1;1,21,0,0,,,,0,3,,,,,,,,,,,,,,,,,,,,,,,,,,
17,upsert,2,L0007,2560,2048,1787891026.4446635,12.083064317703247,18,1,17,1787891014.3615992,base,exact_fifo@rho1.2,1,0.55,0.0,4,1.2,exact_fifo,1787891014.3615806,2048,512,6.587982654571533,0,2048,2048,0,2048,1,0,2,11,1.90186265536717,0;1;0;1,21,0,1,0,0,1,0,2,63,63,6.805099010467529,,2,2,2,2,0,0,0,0,0,0.0,0.0,0.0,12083.064317703247,0.0,796.426898,2608.0,0,0,0,0,0,0
18,upsert,3,L0013,2048,0,1787891026.4447188,12.082943439483643,19,2,18,1787891014.3617754,base,exact_fifo@rho1.2,1,0.55,0.0,4,1.2,exact_fifo,1787891014.3617623,0,2048,,0,0,0,0,0,0,0,1,12,1.90186265536717,0;1;0;0,21,0,1,0,1,0,0,1,49,49,0.38014650344848633,,1,3,1,3,0,1,0,2048,2048,40.96,2.0,38.96,12082.943439483643,38.96,1696.110293,2080.0,1,2,2,38.96,75.92,75.92
19,upsert,1,L0017,2048,0,1787891031.208764,16.84683632850647,20,0,19,1787891014.3619277,base,exact_fifo@rho1.2,1,0.55,0.0,4,1.2,exact_fifo,1787891014.361915,0,2048,,0,0,0,0,0,0,0,1,13,1.90186265536717,0;0;0;0,21,0,0,,,,0,0,,,,,,,,,,,,,,,,,,,,,,,,,,
20,upsert,1,L0024,2048,0,1787891031.208876,15.489428043365479,21,0,20,1787891015.7194479,base,exact_fifo@rho1.2,1,0.55,0.0,4,1.2,exact_fifo,1787891015.7194211,0,2048,,0,0,0,0,0,0,0,1,13,2.476918250322342,1;0;1;1,25,0,0,,,,0,3,,,,,,,,,,,,,,,,,,,,,,,,,,
21,upsert,2,L0053,2048,0,1787891031.20894,15.489221334457397,22,0,21,1787891015.7197187,base,exact_fifo@rho1.2,1,0.55,0.0,4,1.2,exact_fifo,1787891015.719702,0,2048,,0,0,0,0,0,0,0,1,14,2.476918250322342,1;0;0;1,25,0,0,,,,0,2,,,,,,,,,,,,,,,,,,,,,,,,,,
22,upsert,3,L0033,2048,0,1787891031.2089968,15.489102602005005,23,0,22,1787891015.7198942,base,exact_fifo@rho1.2,1,0.55,0.0,4,1.2,exact_fifo,1787891015.719881,0,2048,,0,0,0,0,0,0,0,1,15,2.476918250322342,1;0;0;0,25,0,0,,,,0,1,,,,,,,,,,,,,,,,,,,,,,,,,,
23,upsert,0,L0034,2048,0,1787891031.2090476,15.489000797271729,24,0,23,1787891015.7200468,base,exact_fifo@rho1.2,1,0.55,0.0,4,1.2,exact_fifo,1787891015.7200346,0,2048,,0,0,0,0,0,0,0,1,16,2.476918250322342,0;0;0;0,25,0,0,,,,0,0,,,,,,,,,,,,,,,,,,,,,,,,,,
24,upsert,1,L0042,2048,0,1787891031.2090971,14.066535711288452,25,0,24,1787891017.1425614,base,exact_fifo@rho1.2,1,0.55,0.0,4,1.2,exact_fifo,1787891017.1425343,0,2048,,0,0,0,0,0,0,0,1,17,2.476918250322342,1;0;1;1,29,0,0,,,,0,3,,,,,,,,,,,,,,,,,,,,,,,,,,
25,upsert,3,L0026,2048,0,1787891031.2091486,14.066303253173828,26,0,25,1787891017.1428454,base,exact_fifo@rho1.2,1,0.55,0.0,4,1.2,exact_fifo,1787891017.1428287,0,2048,,0,0,0,0,0,0,0,1,18,2.476918250322342,1;0;1;0,29,0,0,,,,0,2,,,,,,,,,,,,,,,,,,,,,,,,,,
26,upsert,2,L0005,2048,0,1787891039.5664167,22.42339038848877,27,0,26,1787891017.1430264,base,exact_fifo@rho1.2,1,0.55,0.0,4,1.2,exact_fifo,1787891017.1430132,0,2048,,0,0,0,0,0,0,0,1,19,2.476918250322342,1;0;0;0,29,0,0,,,,0,1,,,,,,,,,,,,,,,,,,,,,,,,,,
27,upsert,0,L0000,2048,0,1787891039.5665615,22.423364639282227,28,0,27,1787891017.1431968,base,exact_fifo@rho1.2,1,0.55,0.0,4,1.2,exact_fifo,1787891017.1431842,0,2048,,0,0,0,0,0,0,0,1,20,2.476918250322342,0;0;0;0,29,0,0,,,,0,0,,,,,,,,,,,,,,,,,,,,,,,,,,
28,upsert,1,L0034,2560,0,1787891039.566641,20.69063115119934,29,0,28,1787891018.87601,base,exact_fifo@rho1.2,1,0.55,0.0,4,1.2,exact_fifo,1787891018.8759823,0,2560,,0,0,0,0,0,0,0,2,18,3.819896871393377,1;0;1;1,33,0,0,,,,0,3,,,,,,,,,,,,,,,,,,,,,,,,,,
29,upsert,0,L0002,2048,0,1787891039.5666945,20.690374612808228,30,0,29,1787891018.87632,base,exact_fifo@rho1.2,1,0.55,0.0,4,1.2,exact_fifo,1787891018.8763049,0,2048,,0,0,0,0,0,0,0,1,19,3.819896871393377,0;0;1;1,33,0,0,,,,0,2,,,,,,,,,,,,,,,,,,,,,,,,,,
30,upsert,3,L0011,2048,0,1787891039.566743,20.690234422683716,31,0,30,1787891018.8765085,base,exact_fifo@rho1.2,1,0.55,0.0,4,1.2,exact_fifo,1787891018.8764951,0,2048,,0,0,0,0,0,0,0,1,20,3.819896871393377,0;0;1;0,33,0,0,,,,0,1,,,,,,,,,,,,,,,,,,,,,,,,,,
31,upsert,2,L0018,2048,0,1787891039.566792,20.690120697021484,32,0,31,1787891018.8766713,base,exact_fifo@rho1.2,1,0.55,0.0,4,1.2,exact_fifo,1787891018.8766596,0,2048,,0,0,0,0,0,0,0,1,21,3.819896871393377,0;0;0;0,33,0,0,,,,0,0,,,,,,,,,,,,,,,,,,,,,,,,,,
32,upsert,1,L0005,2560,0,1787891039.5668347,18.880292654037476,33,0,32,1787891020.686542,base,exact_fifo@rho1.2,1,0.55,0.0,4,1.2,exact_fifo,1787891020.6865158,0,2560,,0,0,0,0,0,0,0,2,18,4.967282342910766,1;0;1;1,37,0,0,,,,0,3,,,,,,,,,,,,,,,,,,,,,,,,,,
33,upsert,2,L0042,2560,0,1787891039.5668755,18.87981104850769,34,0,33,1787891020.6870644,base,exact_fifo@rho1.2,1,0.55,0.0,4,1.2,exact_fifo,1787891020.6870468,0,2560,,0,0,0,0,0,0,0,2,19,4.967282342910766,1;0;0;1,37,0,0,,,,0,2,,,,,,,,,,,,,,,,,,,,,,,,,,
34,upsert,3,L0006,2048,0,1787891046.7534175,26.0659339427948,35,0,34,1787891020.6874835,base,exact_fifo@rho1.2,1,0.55,0.0,4,1.2,exact_fifo,1787891020.6874697,0,2048,,0,0,0,0,0,0,0,1,20,4.967282342910766,1;0;0;0,37,0,0,,,,0,1,,,,,,,,,,,,,,,,,,,,,,,,,,
35,upsert,0,L0055,2048,0,1787891046.7535477,26.065717697143555,36,0,35,1787891020.68783,base,exact_fifo@rho1.2,1,0.55,0.0,4,1.2,exact_fifo,1787891020.6878176,0,2048,,0,0,0,0,0,0,0,1,21,4.967282342910766,0;0;0;0,37,0,0,,,,0,0,,,,,,,,,,,,,,,,,,,,,,,,,,
36,upsert,1,L0000,2560,0,1787891046.7536125,24.253376960754395,37,0,36,1787891022.5002356,base,exact_fifo@rho1.2,1,0.55,0.0,4,1.2,exact_fifo,1787891022.5002077,0,2560,,0,0,0,0,0,0,0,2,22,4.967282342910766,1;0;1;1,41,0,0,,,,0,3,,,,,,,,,,,,,,,,,,,,,,,,,,
37,upsert,3,L0009,2048,0,1787891046.753664,24.252887964248657,38,0,37,1787891022.500776,base,exact_fifo@rho1.2,1,0.55,0.0,4,1.2,exact_fifo,1787891022.500759,0,2048,,0,0,0,0,0,0,0,1,23,4.967282342910766,1;0;1;0,41,0,0,,,,0,2,,,,,,,,,,,,,,,,,,,,,,,,,,
38,upsert,2,L0047,2048,0,1787891046.7537088,24.252557516098022,39,0,38,1787891022.5011513,base,exact_fifo@rho1.2,1,0.55,0.0,4,1.2,exact_fifo,1787891022.5011368,0,2048,,0,0,0,0,0,0,0,1,24,4.967282342910766,1;0;0;0,41,0,0,,,,0,1,,,,,,,,,,,,,,,,,,,,,,,,,,
39,upsert,0,L0033,2560,0,1787891046.7537496,24.252241611480713,40,0,39,1787891022.501508,base,exact_fifo@rho1.2,1,0.55,0.0,4,1.2,exact_fifo,1787891022.5014946,0,2560,,0,0,0,0,0,0,0,2,25,4.967282342910766,0;0;0;0,41,0,0,,,,0,0,,,,,,,,,,,,,,,,,,,,,,,,,,
40,upsert,2,L0001,3072,2048,1787891046.7537906,21.650736570358276,41,0,40,1787891025.103054,base,exact_fifo@rho1.2,1,0.55,0.0,4,1.2,exact_fifo,1787891025.1030238,2048,1024,15.957653760910034,0,2048,2048,0,2048,1,0,4,26,4.967282342910766,1;1;1;0,47,0,0,,,,0,3,,,,,,,,,,,,,,,,,,,,,,,,,,
41,upsert,2,L0001,2048,3072,1787891046.7538393,21.65019154548645,42,0,41,1787891025.1036477,base,exact_fifo@rho1.2,1,0.55,0.0,4,1.2,exact_fifo,1787891025.1036289,3072,-1024,0.0006051063537597656,0,2048,2048,0,2048,1,0,4,27,4.967282342910766,1;1;0;0,47,1,0,,,,0,2,,,,,,,,,,,,,,,,,,,,,,,,,,
42,upsert,0,L0050,2048,0,1787891046.7538826,21.649852752685547,43,0,42,1787891025.10403,base,exact_fifo@rho1.2,1,0.55,0.0,4,1.2,exact_fifo,1787891025.1040156,0,2048,,0,0,0,0,0,0,0,1,28,4.967282342910766,0;1;0;0,47,0,0,,,,0,1,,,,,,,,,,,,,,,,,,,,,,,,,,
43,upsert,1,L0033,3072,0,1787891046.7539215,21.649530172348022,44,0,43,1787891025.1043913,base,exact_fifo@rho1.2,1,0.55,0.0,4,1.2,exact_fifo,1787891025.1043785,0,3072,,0,0,0,0,0,0,0,3,29,4.967282342910766,0;0;0;0,47,0,0,,,,0,0,,,,,,,,,,,,,,,,,,,,,,,,,,
44,upsert,3,L0027,2048,0,1787891046.7539608,19.930875301361084,45,0,44,1787891026.8230855,base,exact_fifo@rho1.2,1,0.55,0.0,4,1.2,exact_fifo,1787891026.8230553,0,2048,,0,0,0,0,0,0,0,1,26,6.539397427910252,1;1;1;0,51,0,0,,,,0,3,,,,,,,,,,,,,,,,,,,,,,,,,,
45,upsert,0,L0035,2048,0,1787891058.07048,31.246880769729614,46,0,45,1787891026.8235993,base,exact_fifo@rho1.2,1,0.55,0.0,4,1.2,exact_fifo,1787891026.8235815,0,2048,,0,0,0,0,0,0,0,1,27,6.539397427910252,0;1;1;0,51,0,0,,,,0,2,,,,,,,,,,,,,,,,,,,,,,,,,,
46,upsert,2,L0025,2048,0,1787891058.0706089,31.24663496017456,47,0,46,1787891026.823974,base,exact_fifo@rho1.2,1,0.55,0.0,4,1.2,exact_fifo,1787891026.8239598,0,2048,,0,0,0,0,0,0,0,1,28,6.539397427910252,0;1;0;0,51,0,0,,,,0,1,,,,,,,,,,,,,,,,,,,,,,,,,,
47,upsert,1,L0034,3072,2560,1787891058.070673,31.246334314346313,48,0,47,1787891026.8243387,base,exact_fifo@rho1.2,1,0.55,0.0,4,1.2,exact_fifo,1787891026.8243217,2560,512,7.948339462280273,0,0,0,0,0,0,0,3,29,6.539397427910252,0;0;0;0,51,1,0,,,,0,0,,,,,,,,,,,,,,,,,,,,,,,,,,
48,upsert,3,L0039,2048,0,1787891058.070734,29.215635538101196,49,0,48,1787891028.8550985,base,exact_fifo@rho1.2,1,0.55,0.0,4,1.2,exact_fifo,1787891028.8550725,0,2048,,0,0,0,0,0,0,0,1,30,6.539397427910252,1;0;1;1,56,0,0,,,,0,3,,,,,,,,,,,,,,,,,,,,,,,,,,
49,upsert,3,L0013,2560,2048,1787891060.5908034,31.735169649124146,50,0,49,1787891028.8556337,base,exact_fifo@rho1.2,1,0.55,0.0,4,1.2,exact_fifo,1787891028.8556125,2048,512,14.493850231170654,0,2048,2048,0,2048,1,0,2,31,6.539397427910252,1;0;1;0,56,0,0,,,,0,2,,,,,,,,,,,,,,,,,,,,,,,,,,
50,upsert,0,L0000,3072,2048,1787891060.590933,31.734877347946167,51,0,50,1787891028.8560557,base,exact_fifo@rho1.2,1,0.55,0.0,4,1.2,exact_fifo,1787891028.8560393,2048,1024,11.712855100631714,0,0,0,0,0,0,0,4,32,6.539397427910252,0;0;1;0,56,1,0,,,,0,1,,,,,,,,,,,,,,,,,,,,,,,,,,
51,upsert,2,L0000,2048,0,1787891060.5909991,31.7344970703125,52,0,51,1787891028.856502,base,exact_fifo@rho1.2,1,0.55,0.0,4,1.2,exact_fifo,1787891028.8564873,0,2048,,0,0,0,0,0,0,0,4,33,6.539397427910252,0;0;0;0,56,0,0,,,,0,0,,,,,,,,,,,,,,,,,,,,,,,,,,
52,upsert,0,L0014,2048,0,1787891060.5910494,29.72537112236023,53,0,52,1787891030.8656783,base,exact_fifo@rho1.2,1,0.55,0.0,4,1.2,exact_fifo,1787891030.8656514,0,2048,,0,0,0,0,0,0,0,1,34,6.539397427910252,1;1;1;0,61,0,0,,,,0,3,,,,,,,,,,,,,,,,,,,,,,,,,,
53,upsert,1,L0006,2560,0,1787891060.5910995,29.724873542785645,54,0,53,1787891030.866226,base,exact_fifo@rho1.2,1,0.55,0.0,4,1.2,exact_fifo,1787891030.8662071,0,2560,,0,0,0,0,0,0,0,2,35,6.539397427910252,1;0;1;0,61,0,0,,,,0,2,,,,,,,,,,,,,,,,,,,,,,,,,,
54,upsert,2,L0024,2560,0,1787891060.5911424,29.724489212036133,55,0,54,1787891030.8666532,base,exact_fifo@rho1.2,1,0.55,0.0,4,1.2,exact_fifo,1787891030.866639,0,2560,,0,0,0,0,0,0,0,2,36,6.539397427910252,1;0;0;0,61,0,0,,,,0,1,,,,,,,,,,,,,,,,,,,,,,,,,,
55,upsert,0,L0022,2560,2048,1787891060.591211,29.724168300628662,56,0,55,1787891030.8670428,base,exact_fifo@rho1.2,1,0.55,0.0,4,1.2,exact_fifo,1787891030.8670256,2048,512,17.913254022598267,0,2048,2048,0,2048,1,0,2,37,6.539397427910252,0;0;0;0,61,0,0,,,,0,0,,,,,,,,,,,,,,,,,,,,,,,,,,
56,upsert,3,L0001,2560,2560,1787891060.5912535,27.34359908103943,57,0,56,1787891033.2476544,base,exact_fifo@rho1.2,1,0.55,0.0,4,1.2,exact_fifo,1787891033.2476244,2560,0,20.293205976486206,0,2560,2560,2048,512,2,0,5,31,8.891729969244738,1;0;0;2,69,0,0,,,,0,3,,,,,,,,,,,,,,,,,,,,,,,,,,
57,upsert,0,L0022,3072,2560,1787891060.591281,27.3430438041687,58,0,57,1787891033.2482371,base,exact_fifo@rho1.2,1,0.55,0.0,4,1.2,exact_fifo,1787891033.2482178,2560,512,2.381192207336426,0,2048,2048,0,2048,1,0,3,32,8.891729969244738,0;0;0;2,69,1,0,,,,0,2,,,,,,,,,,,,,,,,,,,,,,,,,,
58,upsert,3,L0021,2560,2048,1787891060.5913053,27.342590808868408,59,0,58,1787891033.2487144,base,exact_fifo@rho1.2,1,0.55,0.0,4,1.2,exact_fifo,1787891033.248698,2048,512,24.103676080703735,0,2048,2048,0,2048,1,0,2,33,8.891729969244738,0;0;0;1,69,0,0,,,,0,1,,,,,,,,,,,,,,,,,,,,,,,,,,
59,upsert,3,L0013,3072,2560,1787891060.5913296,27.342211723327637,60,0,59,1787891033.2491179,base,exact_fifo@rho1.2,1,0.55,0.0,4,1.2,exact_fifo,1787891033.2491033,2560,512,4.393490791320801,0,2048,2048,0,2048,1,0,3,34,8.891729969244738,0;0;0;0,69,1,0,,,,0,0,,,,,,,,,,,,,,,,,,,,,,,,,,
60,upsert,1,L0052,2048,0,1787891060.5913534,25.82886052131653,61,0,60,1787891034.762493,base,exact_fifo@rho1.2,1,0.55,0.0,4,1.2,exact_fifo,1787891034.762466,0,2048,,0,0,0,0,0,0,0,1,35,8.891729969244738,1;0;1;1,75,0,0,,,,0,3,,,,,,,,,,,,,,,,,,,,,,,,,,
1,upsert,2,L0007,2048,0,1787891085.5438457,13.567024230957031,1,1,1,1787891071.9768214,base,agg_static@rho0.5,1,0.55,0.0,4,0.5,agg_static,1787891071.9768078,0,2048,,0,0,0,0,0,0,0,1,2,,0;1;0;1,4,0,1,0,0,1,0,2,63,63,11.798365116119385,,3,3,3,3,1,1,2560,2560,0,0.0,0.0,0.0,13567.024230957031,0.0,1485.704838,2608.0,0,0,0,0,0,0
2,upsert,1,L0059,2048,0,1787891085.7702794,13.793320178985596,2,0,2,1787891071.9769592,base,agg_static@rho0.5,1,0.55,0.0,4,0.5,agg_static,1787891071.9769437,0,2048,,0,0,0,0,0,0,0,1,3,,0;0;0;1,4,0,0,,,,0,1,,,,,,,,,,,,,,,,,,,,,,,,,,
5,upsert,3,L0021,2048,0,1787891085.7704136,12.516397476196289,3,2,5,1787891073.2540162,base,agg_static@rho0.5,1,0.55,0.0,4,0.5,agg_static,1787891073.254001,0,2048,,0,0,0,0,0,0,0,1,6,,0;1;1;0,8,0,1,0,1,0,0,2,58,58,10.322896242141724,,1,3,1,3,0,1,0,2048,2048,40.96,2.0,38.96,12516.397476196289,38.96,926.452671,2080.0,1,1,1,38.96,38.96,38.96
7,upsert,2,L0001,2048,0,1787891087.3092873,14.055066585540771,4,3,7,1787891073.2542207,base,agg_static@rho0.5,1,0.55,0.0,4,0.5,agg_static,1787891073.2542114,0,2048,,0,0,0,0,0,0,0,1,8,,0;0;0;0,8,0,1,0,0,1,0,0,40,40,0.2130875587463379,,3,3,3,3,0,0,2560,2560,0,0.0,0.0,0.0,14055.066585540771,0.0,711.702899,2608.0,0,0,0,0,0,0
12,upsert,0,L0022,2048,0,1787891087.3093898,10.474262475967407,5,2,12,1787891076.8351274,base,agg_static@rho0.5,1,0.55,0.0,4,0.5,agg_static,1787891076.8351026,0,2048,,0,0,0,0,0,0,0,1,13,,0;1;1;1,16,0,1,0,1,0,0,3,55,55,6.690204381942749,,1,0,1,0,0,1,0,2048,2048,40.96,2.0,38.96,10474.262475967407,38.96,1629.224578,2080.0,1,2,2,38.96,79.92,79.92
14,upsert,1,L0004,2560,0,1787891087.30946,10.474034309387207,6,0,14,1787891076.8354256,base,agg_static@rho0.5,1,0.55,0.0,4,0.5,agg_static,1787891076.8354092,2048,512,3.5813050270080566,0,0,0,0,0,0,0,2,15,,0;0;0;1,16,1,0,,,,0,1,,,,,,,,,,,,,,,,,,,,,,,,,,
15,upsert,3,L0001,2560,0,1787891087.3095174,10.474001407623291,7,3,15,1787891076.835516,base,agg_static@rho0.5,1,0.55,0.0,4,0.5,agg_static,1787891076.835505,0,2560,,0,0,0,0,0,0,0,2,16,,0;0;0;0,16,0,1,0,1,0,0,0,40,40,0.21285748481750488,,2,3,2,3,0,0,2048,2560,512,10.24,0.0,10.24,10474.001407623291,10.24,711.702899,2608.0,1,3,3,10.24,28.72,28.72
16,upsert,0,L0029,2560,0,1787891087.3095675,8.305472373962402,8,0,16,1787891079.004095,base,agg_static@rho0.5,1,0.55,0.0,4,0.5,agg_static,1787891079.0040646,2048,512,5.750238656997681,0,0,0,0,0,0,0,2,17,,0;1;1;1,20,1,0,,,,0,3,,,,,,,,,,,,,,,,,,,,,,,,,,
17,upsert,3,L0007,2560,0,1787891087.3096154,8.30531120300293,9,1,17,1787891079.0043042,base,agg_static@rho0.5,1,0.55,0.0,4,0.5,agg_static,1787891079.0042868,0,2560,,0,0,0,0,0,0,0,2,18,,0;1;1;0,20,0,1,0,1,0,0,2,63,63,10.03259539604187,,2,3,2,3,1,1,2048,2560,512,10.24,0.0,10.24,8305.31120300293,10.24,1485.704838,2608.0,1,1,1,10.24,10.24,10.24
18,upsert,1,L0013,2048,0,1787891087.3096645,8.305256366729736,10,2,18,1787891079.0044081,base,agg_static@rho0.5,1,0.55,0.0,4,0.5,agg_static,1787891079.0043964,0,2048,,0,0,0,0,0,0,0,1,19,,0;0;1;0,20,0,1,0,0,1,0,1,49,49,5.092424631118774,,1,1,1,1,0,0,0,0,0,0.0,0.0,0.0,8305.256366729736,0.0,673.901284,2080.0,0,0,0,0,0,0
19,upsert,2,L0017,2048,0,1787891089.4110072,10.406516551971436,11,0,19,1787891079.0044906,base,agg_static@rho0.5,1,0.55,0.0,4,0.5,agg_static,1787891079.0044806,0,2048,,0,0,0,0,0,0,0,1,20,,0;0;0;0,20,0,0,,,,0,0,,,,,,,,,,,,,,,,,,,,,,,,,,
21,upsert,1,L0053,2048,0,1787891089.4110806,8.973056316375732,12,0,21,1787891080.4380243,base,agg_static@rho0.5,1,0.55,0.0,4,0.5,agg_static,1787891080.4380093,0,2048,,0,0,0,0,0,0,0,1,22,,0;0;1;1,24,0,0,,,,0,2,,,,,,,,,,,,,,,,,,,,,,,,,,
24,upsert,0,L0042,2048,0,1787891089.411123,7.550131559371948,13,0,24,1787891081.8609915,base,agg_static@rho0.5,1,0.55,0.0,4,0.5,agg_static,1787891081.8609624,0,2048,,0,0,0,0,0,0,0,1,25,,0;1;1;1,28,0,0,,,,0,3,,,,,,,,,,,,,,,,,,,,,,,,,,
25,upsert,2,L0026,2048,0,1787891089.411156,7.549973249435425,14,0,25,1787891081.8611827,base,agg_static@rho0.5,1,0.55,0.0,4,0.5,agg_static,1787891081.8611467,0,2048,,0,0,0,0,0,0,0,1,26,,0;1;0;1,28,0,0,,,,0,2,,,,,,,,,,,,,,,,,,,,,,,,,,
26,upsert,1,L0005,2048,0,1787891089.4112098,7.549925327301025,15,0,26,1787891081.8612845,base,agg_static@rho0.5,1,0.55,0.0,4,0.5,agg_static,1787891081.8612728,0,2048,,0,0,0,0,0,0,0,1,27,,0;0;0;1,28,0,0,,,,0,1,,,,,,,,,,,,,,,,,,,,,,,,,,
28,upsert,0,L0034,2560,0,1787891089.4112356,5.740391254425049,16,1,28,1787891083.6708443,base,agg_static@rho0.5,1,0.55,0.0,4,0.5,agg_static,1787891083.6708179,0,2560,,0,0,0,0,0,0,0,2,29,,0;1;1;1,32,0,1,0,1,0,0,3,47,47,0.700859546661377,,1,0,1,0,0,1,0,2560,2560,51.2,2.0,49.2,5740.391254425049,49.2,1906.789609,2608.0,1,1,1,49.2,49.2,49.2
29,upsert,3,L0002,2048,0,1787891089.4112616,5.74024224281311,17,0,29,1787891083.6710193,base,agg_static@rho0.5,1,0.55,0.0,4,0.5,agg_static,1787891083.6710052,0,2048,,0,0,0,0,0,0,0,1,30,,0;1;1;0,32,0,0,,,,0,2,,,,,,,,,,,,,,,,,,,,,,,,,,
31,upsert,2,L0018,2048,0,1787891089.4112885,5.740062952041626,18,0,31,1787891083.6712255,base,agg_static@rho0.5,1,0.55,0.0,4,0.5,agg_static,1787891083.6712155,0,2048,,0,0,0,0,0,0,0,1,32,,0;0;0;0,32,0,0,,,,0,0,,,,,,,,,,,,,,,,,,,,,,,,,,
32,upsert,0,L0005,2560,0,1787891092.353356,6.779391288757324,19,0,32,1787891085.5739646,base,agg_static@rho0.5,1,0.55,0.0,4,0.5,agg_static,1787891085.573939,0,2560,,0,0,0,0,0,0,0,2,32,13.567024230957031,0;1;1;1,36,0,0,,,,0,3,,,,,,,,,,,,,,,,,,,,,,,,,,
33,upsert,1,L0042,2560,0,1787891092.3534665,6.778986215591431,20,0,33,1787891085.5744803,base,agg_static@rho0.5,1,0.55,0.0,4,0.5,agg_static,1787891085.574463,0,2560,,0,0,0,0,0,0,0,2,33,13.567024230957031,0;0;1;1,36,0,0,,,,0,2,,,,,,,,,,,,,,,,,,,,,,,,,,
34,upsert,2,L0006,2048,0,1787891092.3535357,6.778680324554443,21,1,34,1787891085.5748553,base,agg_static@rho0.5,1,0.55,0.0,4,0.5,agg_static,1787891085.5748415,0,2048,,0,0,0,0,0,0,0,1,34,13.567024230957031,0;0;0;1,36,0,1,0,1,0,0,1,53,53,1.6459629535675049,,1,2,1,2,0,0,0,2048,2048,40.96,0.0,40.96,6778.680324554443,40.96,500.078798,2080.0,1,1,1,40.96,40.96,40.96
35,upsert,3,L0055,2048,0,1787891092.3535933,6.778422594070435,22,0,35,1787891085.5751708,base,agg_static@rho0.5,1,0.55,0.0,4,0.5,agg_static,1787891085.5751455,0,2048,,0,0,0,0,0,0,0,1,35,13.567024230957031,0;0;0;0,36,0,0,,,,0,0,,,,,,,,,,,,,,,,,,,,,,,,,,
36,upsert,0,L0000,2560,0,1787891095.2346864,7.7139904499053955,23,0,36,1787891087.520696,base,agg_static@rho0.5,1,0.55,0.0,4,0.5,agg_static,1787891087.5206728,0,2560,,0,0,0,0,0,0,0,2,27,11.027014660835267,0;1;1;1,40,0,0,,,,0,3,,,,,,,,,,,,,,,,,,,,,,,,,,
37,upsert,2,L0009,2048,0,1787891095.2348146,7.713581323623657,24,0,37,1787891087.5212333,base,agg_static@rho0.5,1,0.55,0.0,4,0.5,agg_static,1787891087.5212166,0,2048,,0,0,0,0,0,0,0,1,28,11.027014660835267,0;1;0;1,40,0,0,,,,0,2,,,,,,,,,,,,,,,,,,,,,,,,,,
38,upsert,1,L0047,2048,0,1787891095.2348747,7.713273525238037,25,0,38,1787891087.5216012,base,agg_static@rho0.5,1,0.55,0.0,4,0.5,agg_static,1787891087.5215871,0,2048,,0,0,0,0,0,0,0,1,29,11.027014660835267,0;0;0;1,40,0,0,,,,0,1,,,,,,,,,,,,,,,,,,,,,,,,,,
39,upsert,3,L0033,2560,0,1787891095.2349267,7.712987422943115,26,0,39,1787891087.5219393,base,agg_static@rho0.5,1,0.55,0.0,4,0.5,agg_static,1787891087.5219264,0,2560,,0,0,0,0,0,0,0,2,30,11.027014660835267,0;0;0;0,40,0,0,,,,0,0,,,,,,,,,,,,,,,,,,,,,,,,,,
40,upsert,3,L0001,3072,2560,1787891096.8862345,6.77603006362915,27,0,40,1787891090.1102045,base,agg_static@rho0.5,1,0.55,0.0,4,0.5,agg_static,1787891090.110177,2560,512,13.274672031402588,0,2560,2560,2048,512,2,0,4,23,9.41780255900489,0;1;1;1,46,0,0,,,,0,3,,,,,,,,,,,,,,,,,,,,,,,,,,
41,upsert,3,L0001,2048,3072,1787891096.8863554,6.775589227676392,28,0,41,1787891090.1107662,base,agg_static@rho0.5,1,0.55,0.0,4,0.5,agg_static,1787891090.1107473,3072,-1024,0.0005702972412109375,0,2560,2560,2048,512,2,0,4,24,9.41780255900489,0;1;1;0,46,1,0,,,,0,2,,,,,,,,,,,,,,,,,,,,,,,,,,
42,upsert,2,L0050,2048,0,1787891096.8864217,6.775277376174927,29,0,42,1787891090.1111443,base,agg_static@rho0.5,1,0.55,0.0,4,0.5,agg_static,1787891090.1111286,0,2048,,0,0,0,0,0,0,0,1,25,9.41780255900489,0;1;0;0,46,0,0,,,,0,1,,,,,,,,,,,,,,,,,,,,,,,,,,
43,upsert,1,L0033,3072,0,1787891096.8864746,6.774965047836304,30,0,43,1787891090.1115096,base,agg_static@rho0.5,1,0.55,0.0,4,0.5,agg_static,1787891090.111496,0,3072,,0,0,0,0,0,0,0,3,26,9.41780255900489,0;0;0;0,46,0,0,,,,0,0,,,,,,,,,,,,,,,,,,,,,,,,,,
44,upsert,2,L0027,2048,0,1787891097.8923097,5.491989374160767,31,0,44,1787891092.4003203,base,agg_static@rho0.5,1,0.55,0.0,4,0.5,agg_static,1787891092.4002972,0,2048,,0,0,0,0,0,0,0,1,23,8.937996658411892,2;0;0;1,51,0,0,,,,0,3,,,,,,,,,,,,,,,,,,,,,,,,,,
45,upsert,3,L0035,2048,0,1787891097.892436,5.491623878479004,32,0,45,1787891092.4008121,base,agg_static@rho0.5,1,0.55,0.0,4,0.5,agg_static,1787891092.4007952,0,2048,,0,0,0,0,0,0,0,1,24,8.937996658411892,2;0;0;0,51,0,0,,,,0,2,,,,,,,,,,,,,,,,,,,,,,,,,,
46,upsert,0,L0025,2048,0,1787891097.8925042,5.491302490234375,33,0,46,1787891092.4012017,base,agg_static@rho0.5,1,0.55,0.0,4,0.5,agg_static,1787891092.4011877,0,2048,,0,0,0,0,0,0,0,1,25,8.937996658411892,1;0;0;0,51,0,0,,,,0,1,,,,,,,,,,,,,,,,,,,,,,,,,,
47,upsert,0,L0034,3072,2560,1787891097.8925555,5.490991830825806,34,0,47,1787891092.4015636,base,agg_static@rho0.5,1,0.55,0.0,4,0.5,agg_static,1787891092.4015465,2560,512,8.73072862625122,0,2560,2560,0,2560,1,0,3,26,8.937996658411892,0;0;0;0,51,0,0,,,,0,0,,,,,,,,,,,,,,,,,,,,,,,,,,
48,upsert,3,L0039,2048,0,1787891097.892603,3.8949978351593018,35,0,48,1787891093.997605,base,agg_static@rho0.5,1,0.55,0.0,4,0.5,agg_static,1787891093.997579,0,2048,,0,0,0,0,0,0,0,1,27,8.937996658411892,1;1;1;0,56,0,0,,,,0,3,,,,,,,,,,,,,,,,,,,,,,,,,,
49,upsert,1,L0013,2560,2048,1787891097.8926475,3.894517421722412,36,0,49,1787891093.99813,base,agg_static@rho0.5,1,0.55,0.0,4,0.5,agg_static,1787891093.9981089,2048,512,14.993712425231934,0,2048,2048,0,2048,1,0,2,28,8.937996658411892,1;0;1;0,56,0,0,,,,0,2,,,,,,,,,,,,,,,,,,,,,,,,,,
50,upsert,0,L0000,3072,2560,1787891097.8926897,3.894094467163086,37,0,50,1787891093.9985952,base,agg_static@rho0.5,1,0.55,0.0,4,0.5,agg_static,1787891093.9985778,2560,512,6.477905035018921,0,0,0,0,0,0,0,4,29,8.937996658411892,0;0;1;0,56,1,0,,,,0,1,,,,,,,,,,,,,,,,,,,,,,,,,,
51,upsert,2,L0000,2048,0,1787891100.1609266,6.16189980506897,38,0,51,1787891093.9990268,base,agg_static@rho0.5,1,0.55,0.0,4,0.5,agg_static,1787891093.9990127,0,2048,,0,0,0,0,0,0,0,4,30,8.937996658411892,0;0;0;0,56,0,0,,,,0,0,,,,,,,,,,,,,,,,,,,,,,,,,,
52,upsert,0,L0014,2048,0,1787891100.1610332,4.069653034210205,39,0,52,1787891096.0913801,base,agg_static@rho0.5,1,0.55,0.0,4,0.5,agg_static,1787891096.0913544,0,2048,,0,0,0,0,0,0,0,1,27,8.74960612333738,1;0;1;1,62,0,0,,,,0,3,,,,,,,,,,,,,,,,,,,,,,,,,,
53,upsert,2,L0006,2560,2048,1787891100.1610954,4.069207191467285,40,0,53,1787891096.0918882,base,agg_static@rho0.5,1,0.55,0.0,4,0.5,agg_static,1787891096.0918684,2048,512,10.517026901245117,0,2048,2048,0,2048,1,0,2,28,8.74960612333738,1;0;0;1,62,0,0,,,,0,2,,,,,,,,,,,,,,,,,,,,,,,,,,
54,upsert,3,L0024,2560,0,1787891100.1611469,4.068814039230347,41,0,54,1787891096.0923328,base,agg_static@rho0.5,1,0.55,0.0,4,0.5,agg_static,1787891096.092318,0,2560,,0,0,0,0,0,0,0,2,29,8.74960612333738,1;0;0;0,62,0,0,,,,0,1,,,,,,,,,,,,,,,,,,,,,,,,,,
55,upsert,0,L0022,2560,2048,1787891100.1612208,4.068483829498291,42,0,55,1787891096.092737,base,agg_static@rho0.5,1,0.55,0.0,4,0.5,agg_static,1787891096.0927212,2048,512,19.25761866569519,0,2048,2048,0,2048,1,0,2,30,8.74960612333738,0;0;0;0,62,0,0,,,,0,0,,,,,,,,,,,,,,,,,,,,,,,,,,
56,upsert,3,L0001,2560,2048,1787891100.665261,3.3251566886901855,43,0,56,1787891097.3401043,base,agg_static@rho0.5,1,0.55,0.0,4,0.5,agg_static,1787891097.340078,2048,512,7.229330778121948,0,2048,2048,2048,0,2,0,5,27,8.486387364069621,1;1;0;1,70,0,0,,,,0,3,,,,,,,,,,,,,,,,,,,,,,,,,,
57,upsert,0,L0022,3072,2560,1787891100.6653678,3.3246867656707764,44,0,57,1787891097.340681,base,agg_static@rho0.5,1,0.55,0.0,4,0.5,agg_static,1787891097.3406613,2560,512,1.2479400634765625,0,2048,2048,0,2048,1,0,3,28,8.486387364069621,0;1;0;1,70,1,0,,,,0,2,,,,,,,,,,,,,,,,,,,,,,,,,,
58,upsert,3,L0021,2560,2048,1787891100.6654253,3.324272632598877,45,0,58,1787891097.3411527,base,agg_static@rho0.5,1,0.55,0.0,4,0.5,agg_static,1787891097.3411362,2048,512,24.087135314941406,0,2048,2048,0,2048,1,0,2,29,8.486387364069621,0;1;0;0,70,0,0,,,,0,1,,,,,,,,,,,,,,,,,,,,,,,,,,
59,upsert,1,L0013,3072,2560,1787891100.665476,3.323903799057007,46,0,59,1787891097.3415723,base,agg_static@rho0.5,1,0.55,0.0,4,0.5,agg_static,1787891097.341557,2560,512,3.3434481620788574,0,2048,2048,0,2048,1,0,3,30,8.486387364069621,0;0;0;0,70,1,0,,,,0,0,,,,,,,,,,,,,,,,,,,,,,,,,,
60,upsert,2,L0052,2048,0,1787891102.427929,3.214595317840576,47,0,60,1787891099.2133336,base,agg_static@rho0.5,1,0.55,0.0,4,0.5,agg_static,1787891099.213307,0,2048,,0,0,0,0,0,0,0,1,24,6.994845852255821,0;1;0;2,76,0,0,,,,0,3,,,,,,,,,,,,,,,,,,,,,,,,,,
61,upsert,3,L0021,3072,2560,1787891102.4280457,3.2141706943511963,48,0,61,1787891099.213875,base,agg_static@rho0.5,1,0.55,0.0,4,0.5,agg_static,1787891099.2138543,2560,512,1.872718095779419,0,2048,2048,0,2048,1,0,3,25,6.994845852255821,0;1;0;1,76,1,0,,,,0,2,,,,,,,,,,,,,,,,,,,,,,,,,,
62,upsert,1,L0040,2048,0,1787891102.4281116,3.213749647140503,49,0,62,1787891099.214362,base,agg_static@rho0.5,1,0.55,0.0,4,0.5,agg_static,1787891099.214346,0,2048,,0,0,0,0,0,0,0,1,26,6.994845852255821,0;0;0;1,76,0,0,,,,0,1,,,,,,,,,,,,,,,,,,,,,,,,,,
63,upsert,3,L0007,3072,2560,1787891102.428184,3.213425636291504,50,0,63,1787891099.2147584,base,agg_static@rho0.5,1,0.55,0.0,4,0.5,agg_static,1787891099.2147377,2560,512,20.210450887680054,0,2560,2560,2048,512,2,0,3,27,6.994845852255821,0;0;0;0,76,0,0,,,,0,0,,,,,,,,,,,,,,,,,,,,,,,,,,
64,upsert,0,L0070,2048,0,1787891103.740456,3.093808889389038,51,2,64,1787891100.6466472,base,agg_static@rho0.5,1,0.55,0.0,4,0.5,agg_static,1787891100.6466198,0,2048,,0,0,0,0,0,0,0,1,23,6.262782797217369,0;1;1;1,80,0,1,0,0,1,0,3,90,90,6.507894039154053,,1,1,1,1,1,1,2560,2560,0,0.0,0.0,0.0,3093.808889389038,0.0,2091.711939,2608.0,0,0,0,0,0,0
65,upsert,3,L0077,2048,0,1787891103.7405627,3.093352794647217,52,0,65,1787891100.64721,base,agg_static@rho0.5,1,0.55,0.0,4,0.5,agg_static,1787891100.6471913,0,2048,,0,0,0,0,0,0,0,1,24,6.262782797217369,0;1;1;0,80,0,0,,,,0,2,,,,,,,,,,,,,,,,,,,,,,,,,,
66,upsert,1,L0086,2048,0,1787891103.7406197,3.0930111408233643,53,0,66,1787891100.6476085,base,agg_static@rho0.5,1,0.55,0.0,4,0.5,agg_static,1787891100.6475942,0,2048,,0,0,0,0,0,0,0,1,25,6.262782797217369,0;0;1;0,80,0,0,,,,0,1,,,,,,,,,,,,,,,,,,,,,,,,,,
67,upsert,2,L0095,2048,0,1787891103.7406678,3.092695713043213,54,0,67,1787891100.647972,base,agg_static@rho0.5,1,0.55,0.0,4,0.5,agg_static,1787891100.6479588,0,2048,,0,0,0,0,0,0,0,1,26,6.262782797217369,0;0;0;0,80,0,0,,,,0,0,,,,,,,,,,,,,,,,,,,,,,,,,,
68,upsert,0,L0125,2048,0,1787891104.6380885,2.4312448501586914,55,0,68,1787891102.2068436,base,agg_static@rho0.5,1,0.55,0.0,4,0.5,agg_static,1787891102.2068167,0,2048,,0,0,0,0,0,0,0,1,23,5.600855991244316,0;1;1;1,84,0,0,,,,0,3,,,,,,,,,,,,,,,,,,,,,,,,,,
69,upsert,1,L0069,2048,0,1787891104.638224,2.4308342933654785,56,1,69,1787891102.2073896,base,agg_static@rho0.5,1,0.55,0.0,4,0.5,agg_static,1787891102.2073724,0,2048,,0,0,0,0,0,0,0,1,24,5.600855991244316,0;0;1;1,84,0,1,0,1,0,0,2,83,83,1.4245991706848145,,3,1,3,1,0,1,0,2048,2048,40.96,2.0,38.96,2430.8342933654785,38.96,1890.540218,2080.0,1,1,1,38.96,38.96,38.96
70,upsert,2,L0068,2048,0,1787891104.6382926,2.430516004562378,57,3,70,1787891102.2077765,base,agg_static@rho0.5,1,0.55,0.0,4,0.5,agg_static,1787891102.2077627,0,2048,,0,0,0,0,0,0,0,1,25,5.600855991244316,0;0;0;1,84,0,1,0,0,1,0,1,104,104,13.55876898765564,,2,2,2,2,0,0,0,0,0,0.0,0.0,0.0,2430.516004562378,0.0,529.191078,2080.0,0,0,0,0,0,0
71,upsert,3,L0109,2048,0,1787891104.6383457,2.4302096366882324,58,1,71,1787891102.208136,base,agg_static@rho0.5,1,0.55,0.0,4,0.5,agg_static,1787891102.2081237,0,2048,,0,0,0,0,0,0,0,1,26,5.600855991244316,0;0;0;0,84,0,1,0,1,0,0,0,119,119,18.045495986938477,,1,3,1,3,0,1,0,2048,2048,40.96,2.0,38.96,2430.2096366882324,38.96,1608.122001,2080.0,1,1,1,38.96,38.96,38.96
72,upsert,0,L0106,2048,0,1787891106.6245294,2.1329545974731445,59,0,72,1787891104.4915748,base,agg_static@rho0.5,1,0.55,0.0,4,0.5,agg_static,1787891104.4915476,0,2048,,0,0,0,0,0,0,0,1,19,4.767815604805946,0;1;1;1,88,0,0,,,,0,3,,,,,,,,,,,,,,,,,,,,,,,,,,
73,upsert,2,L0077,2560,0,1787891106.6246521,2.1325628757476807,60,0,73,1787891104.4920893,base,agg_static@rho0.5,1,0.55,0.0,4,0.5,agg_static,1787891104.492073,0,2560,,0,0,2048,0,2048,1,0,2,20,4.767815604805946,0;1;0;1,88,0,0,,,,0,2,,,,,,,,,,,,,,,,,,,,,,,,,,
74,upsert,1,L0070,2560,0,1787891106.6247137,2.1321611404418945,61,2,74,1787891104.4925525,base,agg_static@rho0.5,1,0.55,0.0,4,0.5,agg_static,1787891104.4925382,0,2560,,0,0,2048,0,2048,1,0,2,21,4.767815604805946,0;0;0;1,88,0,1,0,1,0,0,1,90,90,3.623636484146118,,0,1,0,1,1,1,2048,2560,512,10.24,0.0,10.24,2132.1611404418945,10.24,2091.711939,2608.0,1,1,1,10.24,10.24,10.24
75,upsert,3,L0064,2048,0,1787891106.6247685,2.1318113803863525,62,5,75,1787891104.492957,base,agg_static@rho0.5,1,0.55,0.0,4,0.5,agg_static,1787891104.4929438,0,2048,,0,0,0,0,0,0,0,1,22,4.767815604805946,0;0;0;0,88,0,1,0,0,1,0,0,91,91,3.623633861541748,,3,3,3,3,0,0,0,0,0,0.0,0.0,0.0,2131.8113803863525,0.0,598.738824,2080.0,0,0,0,0,0,0
76,upsert,0,L0099,2048,0,1787891107.7268987,1.6659350395202637,63,1,76,1787891106.0609636,base,agg_static@rho0.5,1,0.55,0.0,4,0.5,agg_static,1787891106.0609362,0,2048,,0,0,0,0,0,0,0,1,19,4.107470981776714,0;1;1;1,92,0,1,0,0,1,0,3,97,97,6.698827028274536,,0,0,0,0,0,0,0,0,0,0.0,0.0,0.0,1665.9350395202637,0.0,558.755184,2080.0,0,0,0,0,0,0
77,upsert,3,L0122,2048,0,1787891107.7270203,1.6655032634735107,64,0,77,1787891106.061517,base,agg_static@rho0.5,1,0.55,0.0,4,0.5,agg_static,1787891106.061499,0,2048,,0,0,0,0,0,0,0,1,20,4.107470981776714,0;1;1;0,92,0,0,,,,0,2,,,,,,,,,,,,,,,,,,,,,,,,,,
78,upsert,1,L0090,2048,0,1787891107.7270815,1.6651690006256104,65,0,78,1787891106.0619125,base,agg_static@rho0.5,1,0.55,0.0,4,0.5,agg_static,1787891106.0618987,0,2048,,0,0,0,0,0,0,0,1,21,4.107470981776714,0;0;1;0,92,0,0,,,,0,1,,,,,,,,,,,,,,,,,,,,,,,,,,
79,upsert,2,L0093,2048,0,1787891107.7271342,1.664846658706665,66,0,79,1787891106.0622876,base,agg_static@rho0.5,1,0.55,0.0,4,0.5,agg_static,1787891106.062274,0,2048,,0,0,0,0,0,0,0,1,22,4.107470981776714,0;0;0;0,92,0,0,,,,0,0,,,,,,,,,,,,,,,,,,,,,,,,,,
80,upsert,0,L0076,2048,0,1787891108.834685,0.50473952293396,67,1,80,1787891108.3299456,base,agg_static@rho0.5,1,0.55,0.0,4,0.5,agg_static,1787891108.32992,0,2048,,0,0,0,0,0,0,0,1,15,3.0488201901316643,0;2;1;0,97,0,1,0,1,0,0,3,98,98,5.59107518196106,,2,0,2,0,0,1,0,2048,2048,40.96,2.0,38.96,504.73952293395996,38.96,1406.852087,2080.0,1,1,1,38.96,38.96,38.96
81,upsert,1,L0072,2048,0,1787891109.2753615,0.9448485374450684,68,2,81,1787891108.330513,base,agg_static@rho0.5,1,0.55,0.0,4,0.5,agg_static,1787891108.3304956,0,2048,,0,0,0,0,0,0,0,1,16,3.0488201901316643,0;1;1;0,97,0,1,0,1,0,0,2,93,93,3.48209810256958,,2,1,2,1,0,0,0,2048,2048,40.96,0.0,40.96,944.8485374450684,40.96,557.239173,2080.0,1,1,1,40.96,40.96,40.96
82,upsert,2,L0096,2048,0,1787891109.2754548,0.9445526599884033,69,1,82,1787891108.330902,base,agg_static@rho0.5,1,0.55,0.0,4,0.5,agg_static,1787891108.3308878,0,2048,,0,0,0,0,0,0,0,1,17,3.0488201901316643,0;1;0;0,97,0,1,0,1,0,0,1,101,101,7.322109222412109,,3,2,3,2,0,0,0,2048,2048,40.96,0.0,40.96,944.5526599884033,40.96,729.202117,2080.0,1,1,1,40.96,40.96,40.96
83,upsert,1,L0069,2560,2048,1787891109.8285878,1.4973104000091553,70,0,83,1787891108.3312774,base,agg_static@rho0.5,1,0.55,0.0,4,0.5,agg_static,1787891108.3312607,2048,512,6.123888254165649,0,2048,2048,0,2048,1,0,2,18,3.0488201901316643,0;0;0;0,97,0,0,,,,0,0,,,,,,,,,,,,,,,,,,,,,,,,,,
84,upsert,1,L0085,2048,0,1787891110.6041954,0.3576960563659668,71,0,84,1787891110.2464993,base,agg_static@rho0.5,1,0.55,0.0,4,0.5,agg_static,1787891110.2464745,0,2048,,0,0,0,0,0,0,0,2,15,2.6127558648586273,1;0;1;1,101,0,0,,,,0,3,,,,,,,,,,,,,,,,,,,,,,,,,,
85,upsert,3,L0078,2048,0,1787891111.0448325,0.7978005409240723,72,0,85,1787891110.247032,base,agg_static@rho0.5,1,0.55,0.0,4,0.5,agg_static,1787891110.2470138,0,2048,,0,0,0,0,0,0,0,1,16,2.6127558648586273,1;0;1;0,101,0,0,,,,0,2,,,,,,,,,,,,,,,,,,,,,,,,,,
86,upsert,2,L0085,2560,0,1787891111.044934,0.7974951267242432,73,0,86,1787891110.247439,base,agg_static@rho0.5,1,0.55,0.0,4,0.5,agg_static,1787891110.247424,0,2560,,0,0,0,0,0,0,0,2,17,2.6127558648586273,1;0;0;0,101,0,0,,,,0,1,,,,,,,,,,,,,,,,,,,,,,,,,,
87,upsert,0,L0116,2048,0,1787891111.3811266,1.133284568786621,74,1,87,1787891110.247842,base,agg_static@rho0.5,1,0.55,0.0,4,0.5,agg_static,1787891110.2478282,0,2048,,0,0,0,0,0,0,0,1,18,2.6127558648586273,0;0;0;0,101,0,1,0,1,0,0,0,92,92,1.3762683868408203,,3,0,3,0,0,0,0,2048,2048,40.96,0.0,40.96,1133.284568786621,40.96,541.712002,2080.0,1,1,1,40.96,40.96,40.96
88,upsert,1,L0118,2048,0,1787891112.7602766,0.004698514938354492,75,0,88,1787891112.755578,base,agg_static@rho0.5,1,0.55,0.0,4,0.5,agg_static,1787891112.755555,0,2048,,0,0,0,0,0,0,0,1,15,2.200572058558464,1;1;0;1,107,0,0,,,,0,3,,,,,,,,,,,,,,,,,,,,,,,,,,
89,upsert,0,L0071,2048,0,1787891112.7603624,0.004262447357177734,76,0,89,1787891112.7561,base,agg_static@rho0.5,1,0.55,0.0,4,0.5,agg_static,1787891112.7560828,0,2048,,0,0,0,0,0,0,0,1,16,2.200572058558464,0;1;0;1,107,0,0,,,,0,2,,,,,,,,,,,,,,,,,,,,,,,,,,
90,upsert,1,L0070,3072,2560,1787891112.9370813,0.18058538436889648,77,1,90,1787891112.756496,base,agg_static@rho0.5,1,0.55,0.0,4,0.5,agg_static,1787891112.7564778,2560,512,8.263939619064331,0,2560,2560,2048,512,2,0,3,17,2.200572058558464,0;0;0;1,107,0,1,0,0,1,0,1,120,120,11.798807621002197,,1,1,1,1,0,0,2560,3072,512,10.24,0.0,10.24,180.58538436889648,10.24,190.360345,2080.0,0,0,0,0,0,0
91,upsert,3,L0064,2560,2048,1787891113.03128,0.27434492111206055,78,4,91,1787891112.7569351,base,agg_static@rho0.5,1,0.55,0.0,4,0.5,agg_static,1787891112.7569184,2048,512,8.263974666595459,0,2048,2048,0,2048,1,0,2,18,2.200572058558464,0;0;0;0,107,0,1,0,0,1,0,0,99,99,1.3945105075836182,,3,3,3,3,0,0,2048,2560,512,10.24,0.0,10.24,274.34492111206055,10.24,693.204895,2608.0,0,0,0,0,0,0
92,upsert,0,L0116,2560,2048,1787891114.4279504,0.0901343822479248,79,0,92,1787891114.337816,base,agg_static@rho0.5,1,0.55,0.0,4,0.5,agg_static,1787891114.3377852,2048,512,4.089956998825073,0,2048,2048,0,2048,1,0,2,15,1.799505539238453,0;1;1;1,113,0,0,,,,0,3,,,,,,,,,,,,,,,,,,,,,,,,,,
93,upsert,1,L0072,2560,2048,1787891114.4280334,0.08962655067443848,80,1,93,1787891114.3384068,base,agg_static@rho0.5,1,0.55,0.0,4,0.5,agg_static,1787891114.3383868,2048,512,6.0078911781311035,0,2048,2048,0,2048,1,0,2,16,1.799505539238453,0;0;1;1,113,0,1,0,0,1,0,2,100,100,2.1694676876068115,,1,1,1,1,0,0,2048,2560,512,10.24,0.0,10.24,89.62655067443848,10.24,677.234875,2608.0,0,0,0,0,0,0
94,upsert,3,L0066,2048,0,1787891114.4280741,0.08922982215881348,81,4,94,1787891114.3388443,base,agg_static@rho0.5,1,0.55,0.0,4,0.5,agg_static,1787891114.3388293,0,2048,,0,0,0,0,0,0,0,1,17,1.799505539238453,0;0;1;0,113,0,1,0,1,0,0,1,114,114,6.594414710998535,,0,3,0,3,0,1,0,2048,2048,40.96,2.0,38.96,89.22982215881348,38.96,954.327508,2080.0,1,2,2,38.96,79.92,79.92
95,upsert,2,L0120,2048,0,1787891114.800833,0.4616129398345947,82,1,95,1787891114.33922,base,agg_static@rho0.5,1,0.55,0.0,4,0.5,agg_static,1787891114.339204,0,2048,,0,0,0,0,0,0,0,1,18,1.799505539238453,0;0;0;0,113,0,1,0,0,1,0,0,110,110,4.693124532699585,,1,1,1,1,0,0,512,512,0,0.0,0.0,0.0,461.6129398345947,0.0,694.555271,2608.0,0,0,0,0,0,0
96,upsert,1,L0120,2560,0,1787891116.600545,0.004998445510864258,83,1,96,1787891116.5955465,base,agg_static@rho0.5,1,0.55,0.0,4,0.5,agg_static,1787891116.595517,0,2560,,0,0,2048,0,2048,1,0,2,15,1.4205887392163277,2;0;0;1,120,0,1,0,1,0,0,3,110,110,2.8934125900268555,,2,1,2,1,0,0,0,512,512,10.24,0.0,10.24,4.998445510864258,10.24,694.555271,2608.0,1,1,1,10.24,10.24,10.24
97,upsert,0,L0099,2560,2048,1787891116.600642,0.00450444221496582,84,0,97,1787891116.5961375,base,agg_static@rho0.5,1,0.55,0.0,4,0.5,agg_static,1787891116.5961173,2048,512,10.535181045532227,0,2048,2048,0,2048,1,0,2,16,1.4205887392163277,1;0;0;1,120,0,0,,,,0,2,,,,,,,,,,,,,,,,,,,,,,,,,,
98,upsert,0,L0076,2560,2048,1787891116.600702,0.0041065216064453125,85,0,98,1787891116.5965955,base,agg_static@rho0.5,1,0.55,0.0,4,0.5,agg_static,1787891116.5965781,2048,512,8.266658067703247,0,2048,2048,0,2048,1,0,2,17,1.4205887392163277,0;0;0;1,120,0,0,,,,0,1,,,,,,,,,,,,,,,,,,,,,,,,,,
99,upsert,3,L0064,3072,2560,1787891116.6007514,0.003750324249267578,86,3,99,1787891116.597001,base,agg_static@rho0.5,1,0.55,0.0,4,0.5,agg_static,1787891116.5969846,2560,512,3.8400661945343018,0,2560,2560,0,2560,1,0,3,18,1.4205887392163277,0;0;0;0,120,0,1,0,0,1,0,0,113,113,4.421684503555298,,3,3,3,3,0,0,2560,3072,512,10.24,0.0,10.24,3.750324249267578,10.24,98.644219,2080.0,0,0,0,0,0,0
100,upsert,1,L0072,3072,2560,1787891118.1999567,0.004767417907714844,87,0,100,1787891118.1951892,base,agg_static@rho0.5,1,0.55,0.0,4,0.5,agg_static,1787891118.195149,2560,512,3.856762170791626,0,2560,2560,0,2560,1,0,3,15,1.0344790890812874,1;0;1;1,126,0,0,,,,0,3,,,,,,,,,,,,,,,,,,,,,,,,,,
101,upsert,2,L0096,2560,2048,1787891118.2000515,0.004243135452270508,88,0,101,1787891118.1958084,base,agg_static@rho0.5,1,0.55,0.0,4,0.5,agg_static,1787891118.1957881,2048,512,9.864900350570679,0,2048,2048,0,2048,1,0,2,16,1.0344790890812874,1;0;0;1,126,0,0,,,,0,2,,,,,,,,,,,,,,,,,,,,,,,,,,
102,upsert,0,L0092,2048,0,1787891118.200111,0.003845691680908203,89,0,102,1787891118.1962652,base,agg_static@rho0.5,1,0.55,0.0,4,0.5,agg_static,1787891118.1962495,0,2048,,0,0,0,0,0,0,0,1,17,1.0344790890812874,0;0;0;1,126,0,0,,,,0,1,,,,,,,,,,,,,,,,,,,,,,,,,,
103,upsert,3,L0102,2048,0,1787891118.2001765,0.003529787063598633,90,0,103,1787891118.1966467,base,agg_static@rho0.5,1,0.55,0.0,4,0.5,agg_static,1787891118.1966326,0,2048,,0,0,0,0,0,0,0,1,18,1.0344790890812874,0;0;0;0,126,0,0,,,,0,0,,,,,,,,,,,,,,,,,,,,,,,,,,
104,upsert,2,L0068,2560,2048,1787891119.496908,0.004880666732788086,91,1,104,1787891119.4920273,base,agg_static@rho0.5,1,0.55,0.0,4,0.5,agg_static,1787891119.4919977,2048,512,17.28423500061035,0,2048,2048,0,2048,1,0,2,15,0.7311535030603409,1;1;0;1,131,0,1,1,0,1,0,3,121,121,5.239046335220337,,2,2,2,2,0,0,0,0,0,0.0,0.0,0.0,4.880666732788086,0.0,89.136213,2080.0,0,0,0,0,0,0
105,upsert,3,L0102,2560,2048,1787891119.4970005,0.004377841949462891,92,0,105,1787891119.4926226,base,agg_static@rho0.5,1,0.55,0.0,4,0.5,agg_static,1787891119.4926023,2048,512,1.2959697246551514,0,2048,2048,0,2048,1,0,2,16,0.7311535030603409,1;1;0;0,131,0,0,,,,0,2,,,,,,,,,,,,,,,,,,,,,,,,,,
106,upsert,1,L0087,2048,0,1787891119.4970589,0.0040035247802734375,93,0,106,1787891119.4930553,base,agg_static@rho0.5,1,0.55,0.0,4,0.5,agg_static,1787891119.4930406,0,2048,,0,0,0,0,0,0,0,1,17,0.7311535030603409,1;0;0;0,131,0,0,,,,0,1,,,,,,,,,,,,,,,,,,,,,,,,,,
107,upsert,0,L0083,2048,0,1787891119.5913174,0.0978841781616211,94,0,107,1787891119.4934332,base,agg_static@rho0.5,1,0.55,0.0,4,0.5,agg_static,1787891119.4934192,0,2048,,0,0,0,0,0,0,0,1,18,0.7311535030603409,0;0;0;0,131,0,0,,,,0,0,,,,,,,,,,,,,,,,,,,,,,,,,,
108,upsert,3,L0079,2048,0,1787891121.0254598,0.004964590072631836,95,0,108,1787891121.0204952,base,agg_static@rho0.5,1,0.55,0.0,4,0.5,agg_static,1787891121.0204704,0,2048,,0,0,0,0,0,0,0,1,15,0.4680802598595619,1;1;1;0,137,0,0,,,,0,3,,,,,,,,,,,,,,,,,,,,,,,,,,
109,upsert,0,L0121,2048,0,1787891121.0255482,0.00452423095703125,96,0,109,1787891121.021024,base,agg_static@rho0.5,1,0.55,0.0,4,0.5,agg_static,1787891121.0210068,0,2048,,0,0,0,0,0,0,0,1,16,0.4680802598595619,0;1;1;0,137,0,0,,,,0,2,,,,,,,,,,,,,,,,,,,,,,,,,,
110,upsert,1,L0120,3072,2560,1787891121.0256042,0.004163265228271484,97,0,110,1787891121.021441,base,agg_static@rho0.5,1,0.55,0.0,4,0.5,agg_static,1787891121.0214226,2560,512,4.425905704498291,0,2560,2560,2048,512,2,0,3,17,0.4680802598595619,0;0;1;0,137,0,0,,,,0,1,,,,,,,,,,,,,,,,,,,,,,,,,,
111,upsert,2,L0068,3072,2560,1787891121.2557309,0.2338395118713379,98,1,111,1787891121.0218914,base,agg_static@rho0.5,1,0.55,0.0,4,0.5,agg_static,1787891121.021875,2560,512,1.5298771858215332,0,2560,2560,0,2560,1,0,3,18,0.4680802598595619,0;0;0;0,137,0,1,0,0,1,0,0,121,121,3.4802234172821045,,2,2,2,2,0,0,2560,3072,512,10.24,0.0,10.24,233.8395118713379,10.24,89.136213,2080.0,0,0,0,0,0,0
112,upsert,1,L0080,2048,0,1787891122.6865816,0.004740238189697266,99,0,112,1787891122.6818414,base,agg_static@rho0.5,1,0.55,0.0,4,0.5,agg_static,1787891122.6818175,0,2048,,0,0,0,0,0,0,0,1,15,0.26764393597841263,0;0;0;3,144,0,0,,,,0,3,,,,,,,,,,,,,,,,,,,,,,,,,,
113,upsert,3,L0064,2048,3072,1787891122.6866703,0.004276275634765625,100,1,113,1787891122.682394,base,agg_static@rho0.5,1,0.55,0.0,4,0.5,agg_static,1787891122.682375,3072,-1024,6.085390329360962,0,3072,3072,0,3072,1,0,5,16,0.26764393597841263,0;0;0;2,144,0,1,1,0,1,0,2,125,125,3.1609861850738525,,3,3,3,3,0,0,0,0,0,0.0,0.0,0.0,4.276275634765625,0.0,181.4475,3136.0,0,0,0,0,0,0
114,upsert,3,L0066,2560,2048,1787891122.7533267,0.07052206993103027,101,2,114,1787891122.6828046,base,agg_static@rho0.5,1,0.55,0.0,4,0.5,agg_static,1787891122.682788,2048,512,8.343958616256714,0,2048,2048,0,2048,1,0,2,17,0.26764393597841263,0;0;0;1,144,0,1,0,0,1,0,1,122,122,1.9826786518096924,,3,3,3,3,0,0,2048,2560,512,10.24,0.0,10.24,70.52206993103027,10.24,90.032672,2080.0,0,0,0,0,0,0
115,upsert,3,L0064,2560,2048,1787891123.031986,0.3487560749053955,102,1,115,1787891122.68323,base,agg_static@rho0.5,1,0.55,0.0,4,0.5,agg_static,1787891122.6832144,2048,512,0.0008394718170166016,0,3072,3072,0,3072,1,0,5,18,0.26764393597841263,0;0;0;0,144,1,1,0,0,1,0,0,125,125,2.8156704902648926,,3,3,3,3,0,0,0,0,0,0.0,0.0,0.0,348.7560749053955,0.0,181.4475,3136.0,0,0,0,0,0,0
116,upsert,0,L0067,2048,0,1787891124.7387538,0.004793643951416016,103,0,116,1787891124.7339602,base,agg_static@rho0.5,1,0.55,0.0,4,0.5,agg_static,1787891124.7339299,0,2048,,0,0,0,0,0,0,0,1,15,0.15942029654979706,0;0;1;2,150,0,0,,,,0,3,,,,,,,,,,,,,,,,,,,,,,,,,,
117,upsert,2,L0074,2048,0,1787891124.7388391,0.004297733306884766,104,0,117,1787891124.7345414,base,agg_static@rho0.5,1,0.55,0.0,4,0.5,agg_static,1787891124.7345223,0,2048,,0,0,0,0,0,0,0,1,16,0.15942029654979706,0;0;0;2,150,0,0,,,,0,2,,,,,,,,,,,,,,,,,,,,,,,,,,
118,upsert,3,L0066,3072,2560,1787891124.738896,0.003937244415283203,105,1,118,1787891124.7349586,base,agg_static@rho0.5,1,0.55,0.0,4,0.5,agg_static,1787891124.7349398,2560,512,2.052151918411255,0,2560,2560,0,2560,1,0,3,17,0.15942029654979706,0;0;0;1,150,0,1,0,0,1,0,1,126,126,1.1088132858276367,,3,3,3,3,1,1,2560,3072,512,10.24,0.0,10.24,3.937244415283203,10.24,180.966479,2608.0,0,0,0,0,0,0
119,upsert,3,L0109,2560,2048,1787891124.8082867,0.0728600025177002,106,0,119,1787891124.7354267,base,agg_static@rho0.5,1,0.55,0.0,4,0.5,agg_static,1787891124.7354112,2048,512,22.527287483215332,0,2048,2048,0,2048,1,0,2,18,0.15942029654979706,0;0;0;0,150,0,0,,,,0,0,,,,,,,,,,,,,,,,,,,,,,,,,,
120,upsert,1,L0070,2048,3072,1787891125.8505502,0.0047681331634521484,107,0,120,1787891125.845782,base,agg_static@rho0.5,1,0.55,0.0,4,0.5,agg_static,1787891125.8457534,3072,-1024,13.089275598526001,0,3072,3072,2048,1024,2,0,4,15,0.06565818190574646,1;0;1;1,157,0,0,,,,0,3,,,,,,,,,,,,,,,,,,,,,,,,,,
121,upsert,2,L0068,2048,3072,1787891125.8506422,0.0042803287506103516,108,0,121,1787891125.8463619,base,agg_static@rho0.5,1,0.55,0.0,4,0.5,agg_static,1787891125.8463418,3072,-1024,4.824466943740845,0,3072,3072,0,3072,1,0,4,16,0.06565818190574646,1;0;0;1,157,0,0,,,,0,2,,,,,,,,,,,,,,,,,,,,,,,,,,
122,upsert,3,L0066,2048,3072,1787891125.8516283,0.004844188690185547,109,0,122,1787891125.846784,base,agg_static@rho0.5,1,0.55,0.0,4,0.5,agg_static,1787891125.846767,3072,-1024,1.1118271350860596,0,3072,3072,0,3072,1,0,4,17,0.06565818190574646,1;0;0;0,157,0,0,,,,0,1,,,,,,,,,,,,,,,,,,,,,,,,,,
123,upsert,0,L0100,2048,0,1787891126.2923205,0.4451444149017334,110,0,123,1787891125.847176,base,agg_static@rho0.5,1,0.55,0.0,4,0.5,agg_static,1787891125.84715,0,2048,,0,0,0,0,0,0,0,1,18,0.06565818190574646,0;0;0;0,157,0,0,,,,0,0,,,,,,,,,,,,,,,,,,,,,,,,,,
124,upsert,1,L0089,2048,0,1787891127.4143794,0.002943277359008789,111,0,124,1787891127.411436,base,agg_static@rho0.5,1,0.55,0.0,4,0.5,agg_static,1787891127.4114096,0,2048,,0,0,0,0,0,0,0,1,15,0.06550648808479309,1;0;0;2,163,0,0,,,,0,3,,,,,,,,,,,,,,,,,,,,,,,,,,
125,upsert,3,L0064,3072,2560,1787891127.6211267,0.20913934707641602,112,0,125,1787891127.4119873,base,agg_static@rho0.5,1,0.55,0.0,4,0.5,agg_static,1787891127.4119678,2560,512,4.728753328323364,0,2560,2560,0,2560,1,0,6,16,0.06550648808479309,1;0;0;1,163,0,0,,,,0,2,,,,,,,,,,,,,,,,,,,,,,,,,,
126,upsert,3,L0066,2560,2048,1787891128.0285976,0.6161093711853027,113,0,126,1787891127.4124882,base,agg_static@rho0.5,1,0.55,0.0,4,0.5,agg_static,1787891127.4124718,2048,512,1.5657048225402832,0,2048,2048,0,2048,1,0,5,17,0.06550648808479309,1;0;0;0,163,0,0,,,,0,1,,,,,,,,,,,,,,,,,,,,,,,,,,
127,upsert,0,L0113,2048,0,1787891128.028691,0.6157717704772949,114,0,127,1787891127.4129193,base,agg_static@rho0.5,1,0.55,0.0,4,0.5,agg_static,1787891127.4129045,0,2048,,0,0,0,0,0,0,0,1,18,0.06550648808479309,0;0;0;0,163,0,0,,,,0,0,,,,,,,,,,,,,,,,,,,,,,,,,,
0,upsert,0,L0012,2048,0,1787891199.0596423,0.003226041793823242,1,0,0,1787891199.0564163,base,exact_fifo@rho0.5,1,0.55,0.0,4,0.5,exact_fifo,1787891199.0563889,0,2048,,0,0,0,0,0,0,0,1,1,,0;1;1;1,4,0,0,,,,0,3,,,,,,,,,,,,,,,,,,,,,,,,,,
1,upsert,2,L0007,2048,0,1787891199.0597663,0.0031974315643310547,2,1,1,1787891199.0565689,base,exact_fifo@rho0.5,1,0.55,0.0,4,0.5,exact_fifo,1787891199.056556,0,2048,,0,0,0,0,0,0,0,1,2,,0;1;0;1,4,0,1,1,0,1,0,2,63,63,23.25904679298401,,2,2,2,2,1,1,0,0,0,0.0,0.0,0.0,3.1974315643310547,0.0,1778.650191,2608.0,0,0,0,0,0,0
2,upsert,1,L0059,2048,0,1787891199.0598426,0.003163576126098633,3,0,2,1787891199.056679,base,exact_fifo@rho0.5,1,0.55,0.0,4,0.5,exact_fifo,1787891199.056668,0,2048,,0,0,0,0,0,0,0,1,3,,0;0;0;1,4,0,0,,,,0,1,,,,,,,,,,,,,,,,,,,,,,,,,,
3,upsert,3,L0016,2048,0,1787891199.0599043,0.003142833709716797,4,0,3,1787891199.0567615,base,exact_fifo@rho0.5,1,0.55,0.0,4,0.5,exact_fifo,1787891199.0567527,0,2048,,0,0,0,0,0,0,0,1,4,,0;0;0;0,4,0,0,,,,0,0,,,,,,,,,,,,,,,,,,,,,,,,,,
4,upsert,0,L0029,2048,0,1787891200.4963262,0.0035881996154785156,5,0,4,1787891200.492738,base,exact_fifo@rho0.5,1,0.55,0.0,4,0.5,exact_fifo,1787891200.492712,0,2048,,0,0,0,0,0,0,0,1,1,0.0031824707984924316,0;1;1;1,8,0,0,,,,0,3,,,,,,,,,,,,,,,,,,,,,,,,,,
5,upsert,3,L0021,2048,0,1787891200.4964347,0.003443002700805664,6,2,5,1787891200.4929917,base,exact_fifo@rho0.5,1,0.55,0.0,4,0.5,exact_fifo,1787891200.4929757,0,2048,,0,0,0,0,0,0,0,1,2,0.0031824707984924316,0;1;1;0,8,0,1,0,1,0,0,2,58,58,20.751903533935547,,1,3,1,3,0,0,0,2048,2048,40.96,0.0,40.96,3.443002700805664,40.96,616.849023,2080.0,1,1,1,40.96,40.96,40.96
6,upsert,1,L0004,2048,0,1787891200.4965084,0.003323793411254883,7,0,6,1787891200.4931846,base,exact_fifo@rho0.5,1,0.55,0.0,4,0.5,exact_fifo,1787891200.4931457,0,2048,,0,0,0,0,0,0,0,1,3,0.0031824707984924316,0;0;1;0,8,0,0,,,,0,1,,,,,,,,,,,,,,,,,,,,,,,,,,
7,upsert,2,L0001,2048,0,1787891200.4965708,0.003228902816772461,8,3,7,1787891200.493342,base,exact_fifo@rho0.5,1,0.55,0.0,4,0.5,exact_fifo,1787891200.4933302,0,2048,,0,0,0,0,0,0,0,1,4,0.0031824707984924316,0;0;0;0,8,0,1,1,0,1,0,0,40,40,13.899765014648438,,2,2,2,2,0,0,0,0,0,0.0,0.0,0.0,3.228902816772461,0.0,604.875723,2608.0,0,0,0,0,0,0
8,upsert,0,L0063,2048,0,1787891201.9278245,0.0039043426513671875,9,0,8,1787891201.9239202,base,exact_fifo@rho0.5,1,0.55,0.0,4,0.5,exact_fifo,1787891201.9238932,0,2048,,0,0,0,0,0,0,0,1,1,0.0032892227172851562,0;1;1;1,12,0,0,,,,0,3,,,,,,,,,,,,,,,,,,,,,,,,,,
9,upsert,1,L0041,2048,0,1787891201.927937,0.003735780715942383,10,0,9,1787891201.9242013,base,exact_fifo@rho0.5,1,0.55,0.0,4,0.5,exact_fifo,1787891201.924185,0,2048,,0,0,0,0,0,0,0,1,2,0.0032892227172851562,0;0;1;1,12,0,0,,,,0,2,,,,,,,,,,,,,,,,,,,,,,,,,,
10,upsert,2,L0023,2048,0,1787891201.928009,0.0036377906799316406,11,0,10,1787891201.9243712,base,exact_fifo@rho0.5,1,0.55,0.0,4,0.5,exact_fifo,1787891201.924359,0,2048,,0,0,0,0,0,0,0,1,3,0.0032892227172851562,0;0;0;1,12,0,0,,,,0,1,,,,,,,,,,,,,,,,,,,,,,,,,,
11,upsert,3,L0046,2048,0,1787891201.928066,0.003548145294189453,12,0,11,1787891201.9245179,base,exact_fifo@rho0.5,1,0.55,0.0,4,0.5,exact_fifo,1787891201.9245071,0,2048,,0,0,0,0,0,0,0,1,4,0.0032892227172851562,0;0;0;0,12,0,0,,,,0,0,,,,,,,,,,,,,,,,,,,,,,,,,,
12,upsert,0,L0022,2048,0,1787891204.1186204,0.0037355422973632812,13,2,12,1787891204.1148849,base,exact_fifo@rho0.5,1,0.55,0.0,4,0.5,exact_fifo,1787891204.1148582,0,2048,,0,0,0,0,0,0,0,1,1,0.0034283200899759927,0;1;2;0,18,0,1,0,1,0,0,3,55,55,15.441995620727539,,1,0,1,0,0,1,0,2048,2048,40.96,2.0,38.96,3.7355422973632812,38.96,1317.31303,2080.0,1,2,2,38.96,79.92,79.92
13,upsert,2,L0019,2048,0,1787891204.1187103,0.003531217575073242,14,0,13,1787891204.115179,base,exact_fifo@rho0.5,1,0.55,0.0,4,0.5,exact_fifo,1787891204.1151423,0,2048,,0,0,0,0,0,0,0,1,2,0.0034283200899759927,0;1;1;0,18,0,0,,,,0,2,,,,,,,,,,,,,,,,,,,,,,,,,,
14,upsert,1,L0004,2560,2048,1787891204.126684,0.011317968368530273,15,0,14,1787891204.115366,base,exact_fifo@rho0.5,1,0.55,0.0,4,0.5,exact_fifo,1787891204.1153486,2048,512,3.6222028732299805,0,2048,2048,0,2048,1,0,2,3,0.0034283200899759927,0;0;1;0,18,0,0,,,,0,1,,,,,,,,,,,,,,,,,,,,,,,,,,
15,upsert,2,L0001,2560,2048,1787891204.518478,0.40294790267944336,16,3,15,1787891204.11553,base,exact_fifo@rho0.5,1,0.55,0.0,4,0.5,exact_fifo,1787891204.115516,2048,512,3.622185707092285,0,2048,2048,0,2048,1,0,2,4,0.0034283200899759927,0;0;0;0,18,0,1,0,0,1,0,0,40,40,9.87785792350769,,2,2,2,2,0,0,2048,2560,512,10.24,0.0,10.24,402.94790267944336,10.24,604.875723,2608.0,0,0,0,0,0,0
16,upsert,0,L0029,2560,2048,1787891206.889705,1.207770824432373,17,0,16,1787891205.681934,base,exact_fifo@rho0.5,1,0.55,0.0,4,0.5,exact_fifo,1787891205.6819055,2048,512,5.189193487167358,0,2048,2048,0,2048,1,0,2,1,0.02891702950000763,0;1;1;1,24,0,0,,,,0,3,,,,,,,,,,,,,,,,,,,,,,,,,,
17,upsert,2,L0007,2560,2048,1787891206.9824789,1.3001465797424316,18,1,17,1787891205.6823323,base,exact_fifo@rho0.5,1,0.55,0.0,4,0.5,exact_fifo,1787891205.6823125,2048,512,6.625756502151489,0,2048,2048,0,2048,1,0,2,2,0.02891702950000763,0;1;0;1,24,0,1,0,0,1,0,2,63,63,15.336334228515625,,2,2,2,2,1,1,2048,2560,512,10.24,0.0,10.24,1300.1465797424316,10.24,1778.650191,2608.0,0,0,0,0,0,0
18,upsert,1,L0013,2048,0,1787891206.98259,1.3000588417053223,19,2,18,1787891205.682531,base,exact_fifo@rho0.5,1,0.55,0.0,4,0.5,exact_fifo,1787891205.6825173,0,2048,,0,0,0,0,0,0,0,1,3,0.02891702950000763,0;0;0;1,24,0,1,0,1,0,0,1,49,49,11.304600715637207,,2,1,2,1,0,0,0,2048,2048,40.96,0.0,40.96,1300.0588417053223,40.96,571.146196,2080.0,1,1,1,40.96,40.96,40.96
19,upsert,3,L0017,2048,0,1787891207.8848233,2.202122211456299,20,0,19,1787891205.682701,base,exact_fifo@rho0.5,1,0.55,0.0,4,0.5,exact_fifo,1787891205.6826885,0,2048,,0,0,0,0,0,0,0,1,4,0.02891702950000763,0;0;0;0,24,0,0,,,,0,0,,,,,,,,,,,,,,,,,,,,,,,,,,
20,upsert,0,L0024,2048,0,1787891209.1034248,1.9947290420532227,21,1,20,1787891207.1086957,base,exact_fifo@rho0.5,1,0.55,0.0,4,0.5,exact_fifo,1787891207.1086676,0,2048,,0,0,0,0,0,0,0,1,2,0.22477098515159205,0;1;1;1,28,0,1,0,0,1,0,3,54,54,10.457144021987915,,0,0,0,0,0,0,0,0,0,0.0,0.0,0.0,1994.7290420532227,0.0,497.618823,2080.0,0,0,0,0,0,0
21,upsert,2,L0053,2048,0,1787891209.1035528,1.9945721626281738,22,0,21,1787891207.1089807,base,exact_fifo@rho0.5,1,0.55,0.0,4,0.5,exact_fifo,1787891207.1089652,0,2048,,0,0,0,0,0,0,0,1,3,0.22477098515159205,0;1;0;1,28,0,0,,,,0,2,,,,,,,,,,,,,,,,,,,,,,,,,,
22,upsert,1,L0033,2048,0,1787891210.0057354,2.8965487480163574,23,2,22,1787891207.1091866,base,exact_fifo@rho0.5,1,0.55,0.0,4,0.5,exact_fifo,1787891207.109172,0,2048,,0,0,0,0,0,0,0,1,4,0.22477098515159205,0;0;0;1,28,0,1,0,1,0,0,1,39,39,2.1544055938720703,,0,1,0,1,0,1,0,2048,2048,40.96,2.0,38.96,2896.5487480163574,38.96,1839.731888,2080.0,1,2,2,38.96,77.92,77.92
23,upsert,3,L0034,2048,0,1787891210.0058222,2.89646315574646,24,1,23,1787891207.109359,base,exact_fifo@rho0.5,1,0.55,0.0,4,0.5,exact_fifo,1787891207.1093476,0,2048,,0,0,0,0,0,0,0,1,5,0.22477098515159205,0;0;0;0,28,0,1,0,0,1,0,0,47,47,6.74151086807251,,0,0,0,0,0,0,0,0,0,0.0,0.0,0.0,2896.46315574646,0.0,777.11255,2608.0,0,0,0,0,0,0
24,upsert,0,L0042,2048,0,1787891210.7087233,1.9069435596466064,25,1,24,1787891208.8017797,base,exact_fifo@rho0.5,1,0.55,0.0,4,0.5,exact_fifo,1787891208.8017519,0,2048,,0,0,0,0,0,0,0,1,5,0.3236385464668274,0;1;1;1,32,0,1,0,1,0,0,3,33,33,0.009768247604370117,,3,0,3,0,0,0,0,2048,2048,40.96,0.0,40.96,1906.9435596466064,40.96,493.932515,2080.0,1,1,1,40.96,40.96,40.96
25,upsert,3,L0026,2048,0,1787891210.7088435,1.9067728519439697,26,0,25,1787891208.8020706,base,exact_fifo@rho0.5,1,0.55,0.0,4,0.5,exact_fifo,1787891208.802054,0,2048,,0,0,0,0,0,0,0,1,6,0.3236385464668274,0;1;1;0,32,0,0,,,,0,2,,,,,,,,,,,,,,,,,,,,,,,,,,
26,upsert,1,L0005,2048,0,1787891210.7089138,1.9066228866577148,27,1,26,1787891208.802291,base,exact_fifo@rho0.5,1,0.55,0.0,4,0.5,exact_fifo,1787891208.8022773,0,2048,,0,0,0,0,0,0,0,1,7,0.3236385464668274,0;0;1;0,32,0,1,0,1,0,0,1,32,32,0.009513616561889648,,0,1,0,1,0,0,0,2048,2048,40.96,0.0,40.96,1906.6228866577148,40.96,562.555867,2080.0,1,1,1,40.96,40.96,40.96
27,upsert,2,L0000,2048,0,1787891210.7089727,1.9065032005310059,28,3,27,1787891208.8024695,base,exact_fifo@rho0.5,1,0.55,0.0,4,0.5,exact_fifo,1787891208.8024564,0,2048,,0,0,0,0,0,0,0,1,8,0.3236385464668274,0;0;0;0,32,0,1,0,0,1,0,0,36,36,1.451024055480957,,2,2,2,2,0,0,0,0,0,0.0,0.0,0.0,1906.5032005310059,0.0,649.707151,2080.0,0,0,0,0,0,0
28,upsert,0,L0034,2560,0,1787891213.4196944,2.702230453491211,29,1,28,1787891210.717464,base,exact_fifo@rho0.5,1,0.55,0.0,4,0.5,exact_fifo,1787891210.7174377,0,2560,,0,0,2048,0,2048,1,0,2,1,0.8529259477342878,0;1;1;1,36,0,1,0,1,0,0,3,47,47,3.327638626098633,,3,0,3,0,1,0,0,0,0,0.0,-2.0,2.0,2702.230453491211,2.0,777.11255,2608.0,1,1,1,2.0,2.0,2.0
29,upsert,1,L0002,2048,0,1787891214.0243497,3.3065929412841797,30,0,29,1787891210.7177567,base,exact_fifo@rho0.5,1,0.55,0.0,4,0.5,exact_fifo,1787891210.7177417,0,2048,,0,0,0,0,0,0,0,1,2,0.8529259477342878,0;0;1;1,36,0,0,,,,0,2,,,,,,,,,,,,,,,,,,,,,,,,,,
30,upsert,2,L0011,2048,0,1787891214.0244646,3.3065061569213867,31,0,30,1787891210.7179585,base,exact_fifo@rho0.5,1,0.55,0.0,4,0.5,exact_fifo,1787891210.7179465,0,2048,,0,0,0,0,0,0,0,1,3,0.8529259477342878,0;0;0;1,36,0,0,,,,0,1,,,,,,,,,,,,,,,,,,,,,,,,,,
31,upsert,3,L0018,2048,0,1787891214.9267035,4.208552598953247,32,0,31,1787891210.7181509,base,exact_fifo@rho0.5,1,0.55,0.0,4,0.5,exact_fifo,1787891210.7181349,0,2048,,0,0,0,0,0,0,0,1,4,0.8529259477342878,0;0;0;0,36,0,0,,,,0,0,,,,,,,,,,,,,,,,,,,,,,,,,,
32,upsert,1,L0005,2560,2048,1787891214.9268234,2.768609046936035,33,0,32,1787891212.1582143,base,exact_fifo@rho0.5,1,0.55,0.0,4,0.5,exact_fifo,1787891212.1581843,2048,512,3.3559069633483887,0,2048,2048,0,2048,1,0,2,5,0.8529259477342878,1;0;1;1,42,0,0,,,,0,3,,,,,,,,,,,,,,,,,,,,,,,,,,
33,upsert,0,L0042,2560,2048,1787891214.9268925,2.7681186199188232,34,0,33,1787891212.158774,base,exact_fifo@rho0.5,1,0.55,0.0,4,0.5,exact_fifo,1787891212.1587539,2048,512,3.357002019882202,0,2048,2048,0,2048,1,0,2,6,0.8529259477342878,0;0;1;1,42,0,0,,,,0,2,,,,,,,,,,,,,,,,,,,,,,,,,,
34,upsert,2,L0006,2048,0,1787891214.9269478,2.767726421356201,35,1,34,1787891212.1592214,base,exact_fifo@rho0.5,1,0.55,0.0,4,0.5,exact_fifo,1787891212.159206,0,2048,,0,0,0,0,0,0,0,1,7,0.8529259477342878,0;0;0;1,42,0,1,0,0,1,0,1,53,53,4.6335673332214355,,2,2,2,2,0,0,0,0,0,0.0,0.0,0.0,2767.726421356201,0.0,557.632901,2080.0,0,0,0,0,0,0
35,upsert,3,L0055,2048,0,1787891214.926994,2.767401695251465,36,0,35,1787891212.1595924,base,exact_fifo@rho0.5,1,0.55,0.0,4,0.5,exact_fifo,1787891212.1595783,0,2048,,0,0,0,0,0,0,0,1,8,0.8529259477342878,0;0;0;0,42,0,0,,,,0,0,,,,,,,,,,,,,,,,,,,,,,,,,,
36,upsert,2,L0000,2560,2048,1787891217.3359728,2.9414048194885254,37,2,36,1787891214.394568,base,exact_fifo@rho0.5,1,0.55,0.0,4,0.5,exact_fifo,1787891214.3945377,2048,512,5.592081308364868,0,2048,2048,0,2048,1,0,2,6,1.0708792286534463,0;2;0;1,48,0,1,0,0,1,0,3,50,50,0.9512724876403809,,2,2,2,2,0,0,2048,2560,512,10.24,0.0,10.24,2941.4048194885254,10.24,742.092524,2608.0,0,0,0,0,0,0
37,upsert,3,L0009,2048,0,1787891217.3360913,2.9409947395324707,38,0,37,1787891214.3950965,base,exact_fifo@rho0.5,1,0.55,0.0,4,0.5,exact_fifo,1787891214.3950794,0,2048,,0,0,0,0,0,0,0,1,7,1.0708792286534463,0;2;0;0,48,0,0,,,,0,2,,,,,,,,,,,,,,,,,,,,,,,,,,
38,upsert,1,L0047,2048,0,1787891217.3361514,2.940643787384033,39,0,38,1787891214.3955076,base,exact_fifo@rho0.5,1,0.55,0.0,4,0.5,exact_fifo,1787891214.3954926,0,2048,,0,0,0,0,0,0,0,1,8,1.0708792286534463,0;1;0;0,48,0,0,,,,0,1,,,,,,,,,,,,,,,,,,,,,,,,,,
39,upsert,1,L0033,2560,2048,1787891217.3362324,2.9403586387634277,40,0,39,1787891214.3958738,base,exact_fifo@rho0.5,1,0.55,0.0,4,0.5,exact_fifo,1787891214.3958576,2048,512,7.286685466766357,0,2048,2048,0,2048,1,0,2,9,1.0708792286534463,0;0;0;0,48,0,0,,,,0,0,,,,,,,,,,,,,,,,,,,,,,,,,,
40,upsert,2,L0001,3072,2560,1787891219.7546108,3.009289026260376,41,1,40,1787891216.7453218,base,exact_fifo@rho0.5,1,0.55,0.0,4,0.5,exact_fifo,1787891216.7452936,2560,512,12.629777669906616,0,2560,2560,0,2560,1,0,4,5,1.5145292058587074,0;2;1;0,55,0,1,1,0,1,0,3,56,56,1.4936120510101318,,2,2,2,2,0,0,0,0,0,0.0,0.0,0.0,3009.289026260376,0.0,101.365526,2608.0,0,0,0,0,0,0
41,upsert,2,L0001,2048,3072,1787891219.7547486,3.0088326930999756,42,1,41,1787891216.745916,base,exact_fifo@rho0.5,1,0.55,0.0,4,0.5,exact_fifo,1787891216.7458956,3072,-1024,0.0006020069122314453,0,2560,2560,0,2560,1,0,4,6,1.5145292058587074,0;2;0;0,55,1,1,0,0,1,0,2,56,56,1.4934742450714111,,2,2,2,2,0,0,0,0,0,0.0,0.0,0.0,3008.8326930999756,0.0,101.365526,2608.0,0,0,0,0,0,0
42,upsert,1,L0050,2048,0,1787891219.7548199,3.008479118347168,43,0,42,1787891216.7463408,base,exact_fifo@rho0.5,1,0.55,0.0,4,0.5,exact_fifo,1787891216.7463248,0,2048,,0,0,0,0,0,0,0,1,7,1.5145292058587074,0;1;0;0,55,0,0,,,,0,1,,,,,,,,,,,,,,,,,,,,,,,,,,
43,upsert,1,L0033,3072,2560,1787891219.75487,3.008155345916748,44,0,43,1787891216.7467146,base,exact_fifo@rho0.5,1,0.55,0.0,4,0.5,exact_fifo,1787891216.7466993,2560,512,2.350841760635376,0,2048,2048,0,2048,1,0,3,8,1.5145292058587074,0;0;0;0,55,1,0,,,,0,0,,,,,,,,,,,,,,,,,,,,,,,,,,
44,upsert,3,L0027,2048,0,1787891221.866288,3.5809812545776367,45,0,44,1787891218.2853067,base,exact_fifo@rho0.5,1,0.55,0.0,4,0.5,exact_fifo,1787891218.2852807,0,2048,,0,0,0,0,0,0,0,1,5,1.881711021065712,1;1;1;0,60,0,0,,,,0,3,,,,,,,,,,,,,,,,,,,,,,,,,,
45,upsert,2,L0035,2048,0,1787891221.8663876,3.580557346343994,46,0,45,1787891218.2858303,base,exact_fifo@rho0.5,1,0.55,0.0,4,0.5,exact_fifo,1787891218.285812,0,2048,,0,0,0,0,0,0,0,1,6,1.881711021065712,1;1;0;0,60,0,0,,,,0,2,,,,,,,,,,,,,,,,,,,,,,,,,,
46,upsert,1,L0025,2048,0,1787891221.8664482,3.580195665359497,47,0,46,1787891218.2862525,base,exact_fifo@rho0.5,1,0.55,0.0,4,0.5,exact_fifo,1787891218.2862375,0,2048,,0,0,0,0,0,0,0,1,7,1.881711021065712,1;0;0;0,60,0,0,,,,0,1,,,,,,,,,,,,,,,,,,,,,,,,,,
47,upsert,0,L0034,3072,2560,1787891221.866495,3.579866886138916,48,0,47,1787891218.286628,base,exact_fifo@rho0.5,1,0.55,0.0,4,0.5,exact_fifo,1787891218.2866108,2560,512,7.569173097610474,0,2560,2560,2048,512,2,0,3,8,1.881711021065712,0;0;0;0,60,0,0,,,,0,0,,,,,,,,,,,,,,,,,,,,,,,,,,
48,upsert,0,L0039,2048,0,1787891221.8665445,2.3079848289489746,49,0,48,1787891219.5585597,base,exact_fifo@rho0.5,1,0.55,0.0,4,0.5,exact_fifo,1787891219.5585332,0,2048,,0,0,0,0,0,0,0,1,9,1.881711021065712,0;1;2;0,67,0,0,,,,0,3,,,,,,,,,,,,,,,,,,,,,,,,,,
49,upsert,1,L0013,2560,2048,1787891223.762127,4.203019142150879,50,0,49,1787891219.5591078,base,exact_fifo@rho0.5,1,0.55,0.0,4,0.5,exact_fifo,1787891219.5590863,2048,512,13.876569032669067,0,2048,2048,0,2048,1,0,2,10,1.881711021065712,0;0;2;0,67,0,0,,,,0,2,,,,,,,,,,,,,,,,,,,,,,,,,,
50,upsert,2,L0000,3072,2560,1787891223.762291,4.202704429626465,51,0,50,1787891219.5595865,base,exact_fifo@rho0.5,1,0.55,0.0,4,0.5,exact_fifo,1787891219.559568,2560,512,5.165030241012573,0,2560,2560,0,2560,1,0,4,11,1.881711021065712,0;0;1;0,67,0,0,,,,0,1,,,,,,,,,,,,,,,,,,,,,,,,,,
51,upsert,2,L0000,2048,3072,1787891223.7623591,4.20232892036438,52,0,51,1787891219.5600302,base,exact_fifo@rho0.5,1,0.55,0.0,4,0.5,exact_fifo,1787891219.560015,3072,-1024,0.0004470348358154297,0,2560,2560,0,2560,1,0,4,12,1.881711021065712,0;0;0;0,67,1,0,,,,0,0,,,,,,,,,,,,,,,,,,,,,,,,,,
52,upsert,3,L0014,2048,0,1787891224.5824912,3.336120367050171,53,0,52,1787891221.2463708,base,exact_fifo@rho0.5,1,0.55,0.0,4,0.5,exact_fifo,1787891221.2463431,0,2048,,0,0,0,0,0,0,0,1,9,2.2573338374495506,2;0;1;0,74,0,0,,,,0,3,,,,,,,,,,,,,,,,,,,,,,,,,,
53,upsert,2,L0006,2560,2048,1787891224.5826094,3.335707664489746,54,0,53,1787891221.2469018,base,exact_fifo@rho0.5,1,0.55,0.0,4,0.5,exact_fifo,1787891221.246881,2048,512,9.087675094604492,0,2048,2048,0,2048,1,0,2,10,2.2573338374495506,2;0;0;0,74,0,0,,,,0,2,,,,,,,,,,,,,,,,,,,,,,,,,,
54,upsert,0,L0024,2560,2048,1787891224.582681,3.335322380065918,55,0,54,1787891221.2473586,base,exact_fifo@rho0.5,1,0.55,0.0,4,0.5,exact_fifo,1787891221.2473404,2048,512,14.138672828674316,0,2048,2048,0,2048,1,0,2,11,2.2573338374495506,1;0;0;0,74,0,0,,,,0,1,,,,,,,,,,,,,,,,,,,,,,,,,,
55,upsert,0,L0022,2560,2048,1787891224.582734,3.334968090057373,56,0,55,1787891221.247766,base,exact_fifo@rho0.5,1,0.55,0.0,4,0.5,exact_fifo,1787891221.2477512,2048,512,17.132893085479736,0,2048,2048,0,2048,1,0,2,12,2.2573338374495506,0;0;0;0,74,0,0,,,,0,0,,,,,,,,,,,,,,,,,,,,,,,,,,
56,upsert,2,L0001,2560,2048,1787891227.0010915,4.68442964553833,57,0,56,1787891222.3166618,base,exact_fifo@rho0.5,1,0.55,0.0,4,0.5,exact_fifo,1787891222.316633,2048,512,5.570737361907959,0,2048,2048,0,2048,1,0,5,8,2.726092666387558,1;1;0;1,82,0,0,,,,0,3,,,,,,,,,,,,,,,,,,,,,,,,,,
57,upsert,0,L0022,3072,2560,1787891227.0012329,4.68395209312439,58,0,57,1787891222.3172808,base,exact_fifo@rho0.5,1,0.55,0.0,4,0.5,exact_fifo,1787891222.3172603,2560,512,1.0695090293884277,0,2048,2048,0,2048,1,0,3,9,2.726092666387558,0;1;0;1,82,1,0,,,,0,2,,,,,,,,,,,,,,,,,,,,,,,,,,
58,upsert,3,L0021,2560,2048,1787891227.0013022,4.6835339069366455,59,0,58,1787891222.3177683,base,exact_fifo@rho0.5,1,0.55,0.0,4,0.5,exact_fifo,1787891222.3177514,2048,512,21.82477569580078,0,2048,2048,0,2048,1,0,2,10,2.726092666387558,0;1;0;0,82,0,0,,,,0,1,,,,,,,,,,,,,,,,,,,,,,,,,,
59,upsert,1,L0013,3072,2560,1787891227.0013514,4.683166027069092,60,0,59,1787891222.3181853,base,exact_fifo@rho0.5,1,0.55,0.0,4,0.5,exact_fifo,1787891222.3181705,2560,512,2.7590842247009277,0,2048,2048,0,2048,1,0,3,11,2.726092666387558,0;0;0;0,82,1,0,,,,0,0,,,,,,,,,,,,,,,,,,,,,,,,,,
60,upsert,2,L0052,2048,0,1787891228.8057492,4.345010757446289,61,0,60,1787891224.4607384,base,exact_fifo@rho0.5,1,0.55,0.0,4,0.5,exact_fifo,1787891224.4607122,0,2048,,0,0,0,0,0,0,0,1,9,2.970021568238735,0;1;1;1,88,0,0,,,,0,3,,,,,,,,,,,,,,,,,,,,,,,,,,
61,upsert,3,L0021,3072,2560,1787891228.8058655,4.344566106796265,62,0,61,1787891224.4612994,base,exact_fifo@rho0.5,1,0.55,0.0,4,0.5,exact_fifo,1787891224.4612775,2560,512,2.143526077270508,0,2048,2048,0,2048,1,0,3,10,2.970021568238735,0;1;1;0,88,1,0,,,,0,2,,,,,,,,,,,,,,,,,,,,,,,,,,
62,upsert,1,L0040,2048,0,1787891228.805932,4.344146251678467,63,0,62,1787891224.4617858,base,exact_fifo@rho0.5,1,0.55,0.0,4,0.5,exact_fifo,1787891224.46177,0,2048,,0,0,0,0,0,0,0,1,11,2.970021568238735,0;0;1;0,88,0,0,,,,0,1,,,,,,,,,,,,,,,,,,,,,,,,,,
63,upsert,2,L0007,3072,2560,1787891228.8059835,4.343827486038208,64,0,63,1787891224.462156,base,exact_fifo@rho0.5,1,0.55,0.0,4,0.5,exact_fifo,1787891224.4621398,2560,512,18.7798273563385,0,2560,2560,0,2560,1,0,3,12,2.970021568238735,0;0;0;0,88,0,0,,,,0,0,,,,,,,,,,,,,,,,,,,,,,,,,,
64,upsert,0,L0070,2048,0,1787891230.6103883,4.712209939956665,65,2,64,1787891225.8981783,base,exact_fifo@rho0.5,1,0.55,0.0,4,0.5,exact_fifo,1787891225.8981435,0,2048,,0,0,0,0,0,0,0,1,9,3.0812654867768288,0;1;1;1,92,0,1,0,0,1,0,3,90,90,4.4607579708099365,,1,1,1,1,0,0,0,0,0,0.0,0.0,0.0,4712.209939956665,0.0,596.784088,2608.0,0,0,0,0,0,0
65,upsert,3,L0077,2048,0,1787891230.6105065,4.7118144035339355,66,0,65,1787891225.8986921,base,exact_fifo@rho0.5,1,0.55,0.0,4,0.5,exact_fifo,1787891225.8986754,0,2048,,0,0,0,0,0,0,0,1,10,3.0812654867768288,0;1;1;0,92,0,0,,,,0,2,,,,,,,,,,,,,,,,,,,,,,,,,,
66,upsert,1,L0086,2048,0,1787891230.610575,4.711495876312256,67,0,66,1787891225.899079,base,exact_fifo@rho0.5,1,0.55,0.0,4,0.5,exact_fifo,1787891225.899065,0,2048,,0,0,0,0,0,0,0,1,11,3.0812654867768288,0;0;1;0,92,0,0,,,,0,1,,,,,,,,,,,,,,,,,,,,,,,,,,
67,upsert,2,L0095,2048,0,1787891230.6106284,4.711154937744141,68,0,67,1787891225.8994734,base,exact_fifo@rho0.5,1,0.55,0.0,4,0.5,exact_fifo,1787891225.8994598,0,2048,,0,0,0,0,0,0,0,1,12,3.0812654867768288,0;0;0;0,92,0,0,,,,0,0,,,,,,,,,,,,,,,,,,,,,,,,,,
68,upsert,0,L0125,2048,0,1787891232.4150453,5.082802057266235,69,0,68,1787891227.3322432,base,exact_fifo@rho0.5,1,0.55,0.0,4,0.5,exact_fifo,1787891227.3322155,0,2048,,0,0,0,0,0,0,0,1,9,3.428397960960865,0;1;1;1,96,0,0,,,,0,3,,,,,,,,,,,,,,,,,,,,,,,,,,
69,upsert,1,L0069,2048,0,1787891232.4151871,5.082411527633667,70,0,69,1787891227.3327756,base,exact_fifo@rho0.5,1,0.55,0.0,4,0.5,exact_fifo,1787891227.3327587,0,2048,,0,0,0,0,0,0,0,1,10,3.428397960960865,0;0;1;1,96,0,0,,,,0,2,,,,,,,,,,,,,,,,,,,,,,,,,,
70,upsert,2,L0068,2048,0,1787891232.4152567,5.082062244415283,71,3,70,1787891227.3331945,base,exact_fifo@rho0.5,1,0.55,0.0,4,0.5,exact_fifo,1787891227.3331752,0,2048,,0,0,0,0,0,0,0,1,11,3.428397960960865,0;0;0;1,96,0,1,0,1,0,0,1,104,104,12.13545560836792,,0,2,0,2,0,0,0,2048,2048,40.96,0.0,40.96,5082.062244415283,40.96,562.116398,2080.0,1,2,2,40.96,79.92,79.92
71,upsert,3,L0109,2048,0,1787891232.415306,5.081735134124756,72,1,71,1787891227.333571,base,exact_fifo@rho0.5,1,0.55,0.0,4,0.5,exact_fifo,1787891227.3335578,0,2048,,0,0,0,0,0,0,0,1,12,3.428397960960865,0;0;0;0,96,0,1,0,1,0,0,0,119,119,19.5179922580719,,0,3,0,3,0,2,0,2048,2048,40.96,4.0,36.96,5081.735134124756,36.96,2654.846576,2080.0,1,1,1,36.96,36.96,36.96
72,upsert,0,L0106,2048,0,1787891234.374629,5.100110292434692,73,0,72,1787891229.2745187,base,exact_fifo@rho0.5,1,0.55,0.0,4,0.5,exact_fifo,1787891229.274491,0,2048,,0,0,0,0,0,0,0,1,9,3.5488251000642776,0;1;1;1,100,0,0,,,,0,3,,,,,,,,,,,,,,,,,,,,,,,,,,
73,upsert,2,L0077,2560,0,1787891234.3747501,5.099695682525635,74,0,73,1787891229.2750545,base,exact_fifo@rho0.5,1,0.55,0.0,4,0.5,exact_fifo,1787891229.2750363,0,2560,,0,0,0,0,0,0,0,2,10,3.5488251000642776,0;1;0;1,100,0,0,,,,0,2,,,,,,,,,,,,,,,,,,,,,,,,,,
74,upsert,1,L0070,2560,0,1787891234.3748164,5.099281549453735,75,2,74,1787891229.2755349,base,exact_fifo@rho0.5,1,0.55,0.0,4,0.5,exact_fifo,1787891229.2755194,0,2560,,0,0,0,0,0,0,0,2,11,3.5488251000642776,0;0;0;1,100,0,1,0,1,0,0,1,90,90,0.6963298320770264,,0,1,0,1,1,0,0,0,0,0.0,-2.0,2.0,5099.281549453735,2.0,596.784088,2608.0,1,1,1,2.0,2.0,2.0
75,upsert,3,L0064,2048,0,1787891234.3748684,5.098924160003662,76,5,75,1787891229.2759442,base,exact_fifo@rho0.5,1,0.55,0.0,4,0.5,exact_fifo,1787891229.275931,0,2048,,0,0,0,0,0,0,0,1,12,3.5488251000642776,0;0;0;0,100,0,1,0,1,0,0,0,91,91,0.696340799331665,,2,3,2,3,0,1,0,2048,2048,40.96,2.0,38.96,5098.924160003662,38.96,1931.277447,2080.0,1,2,2,38.96,77.92,77.92
76,upsert,0,L0099,2048,0,1787891235.1406384,4.157041311264038,77,1,76,1787891230.983597,base,exact_fifo@rho0.5,1,0.55,0.0,4,0.5,exact_fifo,1787891230.98357,0,2048,,0,0,0,0,0,0,0,1,9,3.7917882055044174,0;1;1;1,104,0,1,0,1,0,0,3,97,97,4.332043409347534,,1,0,1,0,0,0,0,2048,2048,40.96,0.0,40.96,4157.041311264038,40.96,578.229145,2080.0,1,1,1,40.96,40.96,40.96
77,upsert,3,L0122,2048,0,1787891235.140754,4.156637191772461,78,0,77,1787891230.9841168,base,exact_fifo@rho0.5,1,0.55,0.0,4,0.5,exact_fifo,1787891230.9841,0,2048,,0,0,0,0,0,0,0,1,10,3.7917882055044174,0;1;1;0,104,0,0,,,,0,2,,,,,,,,,,,,,,,,,,,,,,,,,,
78,upsert,1,L0090,2048,0,1787891235.140818,4.1562652587890625,79,0,78,1787891230.9845529,base,exact_fifo@rho0.5,1,0.55,0.0,4,0.5,exact_fifo,1787891230.9845383,0,2048,,0,0,0,0,0,0,0,1,11,3.7917882055044174,0;0;1;0,104,0,0,,,,0,1,,,,,,,,,,,,,,,,,,,,,,,,,,
79,upsert,2,L0093,2048,0,1787891235.140868,4.155943393707275,80,0,79,1787891230.9849246,base,exact_fifo@rho0.5,1,0.55,0.0,4,0.5,exact_fifo,1787891230.9849112,0,2048,,0,0,0,0,0,0,0,1,12,3.7917882055044174,0;0;0;0,104,0,0,,,,0,0,,,,,,,,,,,,,,,,,,,,,,,,,,
80,upsert,0,L0076,2048,0,1787891237.2522554,4.332450866699219,81,1,80,1787891232.9198046,base,exact_fifo@rho0.5,1,0.55,0.0,4,0.5,exact_fifo,1787891232.9197776,0,2048,,0,0,0,0,0,0,0,1,9,4.059463486075401,0;1;1;1,108,0,1,0,1,0,0,3,98,98,2.2204887866973877,,1,0,1,0,0,1,0,2048,2048,40.96,2.0,38.96,4332.450866699219,38.96,1309.288326,2080.0,1,1,1,38.96,38.96,38.96
81,upsert,1,L0072,2048,0,1787891237.2523632,4.331990957260132,82,2,81,1787891232.9203722,base,exact_fifo@rho0.5,1,0.55,0.0,4,0.5,exact_fifo,1787891232.9203548,0,2048,,0,0,0,0,0,0,0,1,10,4.059463486075401,0;0;1;1,108,0,1,0,1,0,0,2,93,93,0.12237119674682617,,3,1,3,1,0,0,0,2048,2048,40.96,0.0,40.96,4331.990957260132,40.96,596.598872,2080.0,1,1,1,40.96,40.96,40.96
82,upsert,2,L0096,2048,0,1787891237.2524226,4.3316497802734375,83,1,82,1787891232.9207728,base,exact_fifo@rho0.5,1,0.55,0.0,4,0.5,exact_fifo,1787891232.9207585,0,2048,,0,0,0,0,0,0,0,1,11,4.059463486075401,0;0;0;1,108,0,1,0,1,0,0,1,101,101,5.659539699554443,,0,2,0,2,0,0,0,2048,2048,40.96,0.0,40.96,4331.6497802734375,40.96,698.188196,2080.0,1,1,1,40.96,40.96,40.96
83,upsert,3,L0069,2560,0,1787891237.252475,4.331338405609131,84,0,83,1787891232.9211366,base,exact_fifo@rho0.5,1,0.55,0.0,4,0.5,exact_fifo,1787891232.921124,0,2560,,0,0,2048,0,2048,1,0,2,12,4.059463486075401,0;0;0;0,108,0,0,,,,0,0,,,,,,,,,,,,,,,,,,,,,,,,,,
84,upsert,0,L0085,2048,0,1787891239.219196,4.149896860122681,85,0,84,1787891235.0692992,base,exact_fifo@rho0.5,1,0.55,0.0,4,0.5,exact_fifo,1787891235.0692725,0,2048,,0,0,0,0,0,0,0,2,9,4.320815220475197,0;1;1;1,112,0,0,,,,0,3,,,,,,,,,,,,,,,,,,,,,,,,,,
85,upsert,2,L0078,2048,0,1787891239.2193155,4.14949369430542,86,0,85,1787891235.0698218,base,exact_fifo@rho0.5,1,0.55,0.0,4,0.5,exact_fifo,1787891235.0698059,0,2048,,0,0,0,0,0,0,0,1,10,4.320815220475197,0;1;0;1,112,0,0,,,,0,2,,,,,,,,,,,,,,,,,,,,,,,,,,
86,upsert,1,L0085,2560,0,1787891239.2193763,4.149148941040039,87,0,86,1787891235.0702274,base,exact_fifo@rho0.5,1,0.55,0.0,4,0.5,exact_fifo,1787891235.0702136,0,2560,,0,0,0,0,0,0,0,2,11,4.320815220475197,0;0;0;1,112,0,0,,,,0,1,,,,,,,,,,,,,,,,,,,,,,,,,,
87,upsert,3,L0116,2048,0,1787891239.2194283,4.148786544799805,88,0,87,1787891235.0706418,base,exact_fifo@rho0.5,1,0.55,0.0,4,0.5,exact_fifo,1787891235.0706284,0,2048,,0,0,0,0,0,0,0,1,12,4.320815220475197,0;0;0;0,112,0,0,,,,0,0,,,,,,,,,,,,,,,,,,,,,,,,,,
88,upsert,0,L0118,2048,0,1787891240.5918489,3.219069004058838,89,0,88,1787891237.3727798,base,exact_fifo@rho0.5,1,0.55,0.0,4,0.5,exact_fifo,1787891237.3727531,0,2048,,0,0,0,0,0,0,0,1,5,4.468180179595947,0;1;0;2,118,0,0,,,,0,3,,,,,,,,,,,,,,,,,,,,,,,,,,
89,upsert,3,L0071,2048,0,1787891240.5919688,3.218641519546509,90,0,89,1787891237.3733273,base,exact_fifo@rho0.5,1,0.55,0.0,4,0.5,exact_fifo,1787891237.3733099,0,2048,,0,0,0,0,0,0,0,1,6,4.468180179595947,0;1;0;1,118,0,0,,,,0,2,,,,,,,,,,,,,,,,,,,,,,,,,,
90,upsert,1,L0070,3072,2560,1787891240.5920298,3.2182936668395996,91,1,90,1787891237.3737361,base,exact_fifo@rho0.5,1,0.55,0.0,4,0.5,exact_fifo,1787891237.373719,2560,512,8.098199605941772,0,2560,2560,2048,512,2,0,3,7,4.468180179595947,0;0;0;1,118,0,1,0,0,1,0,1,120,120,14.584998607635498,,1,1,1,1,0,0,512,1024,512,10.24,0.0,10.24,3218.2936668395996,10.24,162.312865,2080.0,0,0,0,0,0,0
91,upsert,3,L0064,2560,2048,1787891240.5920842,3.2178707122802734,92,3,91,1787891237.3742135,base,exact_fifo@rho0.5,1,0.55,0.0,4,0.5,exact_fifo,1787891237.3741975,2048,512,8.0982666015625,0,2048,2048,0,2048,1,0,2,8,4.468180179595947,0;0;0;0,118,0,1,1,0,1,0,0,113,113,8.491023302078247,,3,3,3,3,1,1,0,0,0,0.0,0.0,0.0,3217.8707122802734,0.0,2178.570646,2080.0,0,0,0,0,0,0
92,upsert,2,L0116,2560,0,1787891242.5509808,3.166477918624878,93,0,92,1787891239.384503,base,exact_fifo@rho0.5,1,0.55,0.0,4,0.5,exact_fifo,1787891239.3844733,0,2560,,0,0,2048,0,2048,1,0,2,5,4.569905415177345,1;1;0;1,123,0,0,,,,0,3,,,,,,,,,,,,,,,,,,,,,,,,,,
93,upsert,1,L0072,2560,2048,1787891242.5511022,3.1660313606262207,94,1,93,1787891239.3850708,base,exact_fifo@rho0.5,1,0.55,0.0,4,0.5,exact_fifo,1787891239.3850496,2048,512,6.4646947383880615,0,2048,2048,0,2048,1,0,2,6,4.569905415177345,1;0;0;1,123,0,1,0,0,1,0,2,100,100,0.3607959747314453,,1,1,1,1,0,0,2048,2560,512,10.24,0.0,10.24,3166.0313606262207,10.24,787.058887,2608.0,0,0,0,0,0,0
94,upsert,3,L0066,2048,0,1787891242.551181,3.1656534671783447,95,4,94,1787891239.3855276,base,exact_fifo@rho0.5,1,0.55,0.0,4,0.5,exact_fifo,1787891239.3855112,0,2048,,0,0,0,0,0,0,0,1,7,4.569905415177345,1;0;0;0,123,0,1,0,1,0,0,1,114,114,6.53199315071106,,0,3,0,3,0,2,0,2048,2048,40.96,4.0,36.96,3165.6534671783447,36.96,2178.075728,2080.0,1,2,2,36.96,75.92,75.92
95,upsert,0,L0120,2048,0,1787891242.5512378,3.165327310562134,96,1,95,1787891239.3859105,base,exact_fifo@rho0.5,1,0.55,0.0,4,0.5,exact_fifo,1787891239.3858964,0,2048,,0,0,0,0,0,0,0,1,8,4.569905415177345,0;0;0;0,123,0,1,0,0,1,0,0,110,110,3.9622998237609863,,3,3,3,3,0,0,0,0,0,0.0,0.0,0.0,3165.327310562134,0.0,688.582875,2608.0,0,0,0,0,0,0
96,upsert,3,L0120,2560,0,1787891243.9313142,1.0214149951934814,97,1,96,1787891242.9098992,base,exact_fifo@rho0.5,1,0.55,0.0,4,0.5,exact_fifo,1787891242.9098725,0,2560,,0,0,2048,0,2048,1,0,2,1,4.23942831158638,2;0;0;1,130,0,1,0,1,0,0,3,110,110,2.582223415374756,,0,3,0,3,0,0,0,0,0,0.0,0.0,0.0,1021.4149951934814,0.0,688.582875,2608.0,1,1,1,0.0,0.0,0.0
97,upsert,0,L0099,2560,2048,1787891244.5359716,1.6254608631134033,98,0,97,1787891242.9105108,base,exact_fifo@rho0.5,1,0.55,0.0,4,0.5,exact_fifo,1787891242.9104903,2048,512,11.926920175552368,0,2048,2048,0,2048,1,0,2,2,4.23942831158638,1;0;0;1,130,0,0,,,,0,2,,,,,,,,,,,,,,,,,,,,,,,,,,
98,upsert,0,L0076,2560,2048,1787891244.5360868,1.6251220703125,99,0,98,1787891242.9109647,base,exact_fifo@rho0.5,1,0.55,0.0,4,0.5,exact_fifo,1787891242.910947,2048,512,9.991169452667236,0,2048,2048,0,2048,1,0,2,3,4.23942831158638,0;0;0;1,130,0,0,,,,0,1,,,,,,,,,,,,,,,,,,,,,,,,,,
99,upsert,3,L0064,3072,2560,1787891245.4383256,2.526930093765259,100,3,99,1787891242.9113955,base,exact_fifo@rho0.5,1,0.55,0.0,4,0.5,exact_fifo,1787891242.9113784,2560,512,5.5371809005737305,0,2560,2560,0,2560,1,0,3,4,4.23942831158638,0;0;0;0,130,0,1,0,0,1,0,0,113,113,3.6447818279266357,,3,3,3,3,1,1,2560,3072,512,10.24,0.0,10.24,2526.930093765259,10.24,2178.570646,2080.0,0,0,0,0,0,0
100,upsert,1,L0072,3072,2560,1787891246.6569252,2.108156681060791,101,0,100,1787891244.5487685,base,exact_fifo@rho0.5,1,0.55,0.0,4,0.5,exact_fifo,1787891244.5487363,2560,512,5.163686752319336,0,2560,2560,0,2560,1,0,3,2,3.9311932399868965,1;0;1;1,136,0,0,,,,0,3,,,,,,,,,,,,,,,,,,,,,,,,,,
101,upsert,2,L0096,2560,2048,1787891246.6570547,2.1076369285583496,102,0,101,1787891244.5494177,base,exact_fifo@rho0.5,1,0.55,0.0,4,0.5,exact_fifo,1787891244.5493972,2048,512,11.628638744354248,0,2048,2048,0,2048,1,0,2,3,3.9311932399868965,1;0;0;1,136,0,0,,,,0,2,,,,,,,,,,,,,,,,,,,,,,,,,,
102,upsert,0,L0092,2048,0,1787891247.5592408,3.00936222076416,103,0,102,1787891244.5498786,base,exact_fifo@rho0.5,1,0.55,0.0,4,0.5,exact_fifo,1787891244.5498636,0,2048,,0,0,0,0,0,0,0,1,4,3.9311932399868965,0;0;0;1,136,0,0,,,,0,1,,,,,,,,,,,,,,,,,,,,,,,,,,
103,upsert,3,L0102,2048,0,1787891247.5593665,3.009084701538086,104,0,103,1787891244.5502818,base,exact_fifo@rho0.5,1,0.55,0.0,4,0.5,exact_fifo,1787891244.5502677,0,2048,,0,0,0,0,0,0,0,1,5,3.9311932399868965,0;0;0;0,136,0,0,,,,0,0,,,,,,,,,,,,,,,,,,,,,,,,,,
104,upsert,2,L0068,2560,2048,1787891248.3143237,1.8027839660644531,105,1,104,1787891246.5115397,base,exact_fifo@rho0.5,1,0.55,0.0,4,0.5,exact_fifo,1787891246.5115101,2048,512,19.178334951400757,0,2048,2048,0,2048,1,0,2,5,3.8629362136125565,1;1;0;1,141,0,1,1,0,1,0,3,121,121,6.862769365310669,,2,2,2,2,0,0,0,0,0,0.0,0.0,0.0,1802.7839660644531,0.0,96.917615,2080.0,0,0,0,0,0,0
105,upsert,0,L0102,2560,0,1787891248.3144436,1.80228853225708,106,0,105,1787891246.512155,base,exact_fifo@rho0.5,1,0.55,0.0,4,0.5,exact_fifo,1787891246.5121353,0,2560,,0,0,0,0,0,0,0,2,6,3.8629362136125565,0;1;0;1,141,0,0,,,,0,2,,,,,,,,,,,,,,,,,,,,,,,,,,
106,upsert,3,L0087,2048,0,1787891248.3145046,1.8018758296966553,107,0,106,1787891246.5126288,base,exact_fifo@rho0.5,1,0.55,0.0,4,0.5,exact_fifo,1787891246.5126128,0,2048,,0,0,0,0,0,0,0,1,7,3.8629362136125565,0;1;0;0,141,0,0,,,,0,1,,,,,,,,,,,,,,,,,,,,,,,,,,
107,upsert,1,L0083,2048,0,1787891248.3145561,1.8015482425689697,108,0,107,1787891246.5130079,base,exact_fifo@rho0.5,1,0.55,0.0,4,0.5,exact_fifo,1787891246.5129945,0,2048,,0,0,0,0,0,0,0,1,8,3.8629362136125565,0;0;0;0,141,0,0,,,,0,0,,,,,,,,,,,,,,,,,,,,,,,,,,
108,upsert,1,L0079,2048,0,1787891249.6894712,0.6084516048431396,109,0,108,1787891249.0810196,base,exact_fifo@rho0.5,1,0.55,0.0,4,0.5,exact_fifo,1787891249.0809913,0,2048,,0,0,0,0,0,0,0,1,1,3.1353022903203964,0;0;2;1,147,0,0,,,,0,3,,,,,,,,,,,,,,,,,,,,,,,,,,
109,upsert,2,L0121,2048,0,1787891250.2941134,1.2124879360198975,110,0,109,1787891249.0816255,base,exact_fifo@rho0.5,1,0.55,0.0,4,0.5,exact_fifo,1787891249.0816083,0,2048,,0,0,0,0,0,0,0,1,2,3.1353022903203964,0;0;1;1,147,0,0,,,,0,2,,,,,,,,,,,,,,,,,,,,,,,,,,
110,upsert,3,L0120,3072,2560,1787891250.2942262,1.2121753692626953,111,0,110,1787891249.0820508,base,exact_fifo@rho0.5,1,0.55,0.0,4,0.5,exact_fifo,1787891249.0820324,2560,512,6.172159910202026,0,2560,2560,2048,512,2,0,3,3,3.1353022903203964,0;0;1;0,147,0,0,,,,0,1,,,,,,,,,,,,,,,,,,,,,,,,,,
111,upsert,2,L0068,3072,2560,1787891251.1913211,2.1087841987609863,112,1,111,1787891249.082537,base,exact_fifo@rho0.5,1,0.55,0.0,4,0.5,exact_fifo,1787891249.0825212,2560,512,2.5710110664367676,0,2560,2560,0,2560,1,0,3,4,3.1353022903203964,0;0;0;0,147,0,1,0,0,1,0,0,121,121,3.985771894454956,,2,2,2,2,0,0,2560,3072,512,10.24,0.0,10.24,2108.7841987609863,10.24,96.917615,2080.0,0,0,0,0,0,0
112,upsert,3,L0080,2048,0,1787891251.9360564,0.004812717437744141,113,0,112,1787891251.9312437,base,exact_fifo@rho0.5,1,0.55,0.0,4,0.5,exact_fifo,1787891251.9312177,0,2048,,0,0,0,0,0,0,0,1,1,2.7764276638627052,0;0;0;3,154,0,0,,,,0,3,,,,,,,,,,,,,,,,,,,,,,,,,,
113,upsert,3,L0064,2048,3072,1787891252.4150748,0.4832730293273926,114,1,113,1787891251.9318018,base,exact_fifo@rho0.5,1,0.55,0.0,4,0.5,exact_fifo,1787891251.9317825,3072,-1024,9.02040410041809,0,3072,3072,0,3072,1,0,5,2,2.7764276638627052,0;0;0;2,154,0,1,1,0,1,0,2,125,125,4.098682880401611,,3,3,3,3,1,1,0,0,0,0.0,0.0,0.0,483.2730293273926,0.0,1379.537324,3136.0,0,0,0,0,0,0
114,upsert,3,L0066,2560,2048,1787891253.019738,1.0875043869018555,115,2,114,1787891251.9322336,base,exact_fifo@rho0.5,1,0.55,0.0,4,0.5,exact_fifo,1787891251.932217,2048,512,12.546705722808838,0,2048,2048,0,2048,1,0,2,3,2.7764276638627052,0;0;0;1,154,0,1,0,0,1,0,1,122,122,2.1574058532714844,,3,3,3,3,0,0,2048,2560,512,10.24,0.0,10.24,1087.5043869018555,10.24,93.398798,2080.0,0,0,0,0,0,0
115,upsert,3,L0064,2560,2048,1787891253.0198472,1.0871727466583252,116,1,115,1787891251.9326744,base,exact_fifo@rho0.5,1,0.55,0.0,4,0.5,exact_fifo,1787891251.932658,2048,512,0.0008754730224609375,0,3072,3072,0,3072,1,0,5,4,2.7764276638627052,0;0;0;0,154,1,1,0,0,1,0,0,125,125,3.493910551071167,,3,3,3,3,1,1,2048,2560,512,10.24,0.0,10.24,1087.1727466583252,10.24,1379.537324,3136.0,0,0,0,0,0,0
116,upsert,2,L0067,2048,0,1787891255.18022,0.005120038986206055,117,0,116,1787891255.1750998,base,exact_fifo@rho0.5,1,0.55,0.0,4,0.5,exact_fifo,1787891255.175073,0,2048,,0,0,0,0,0,0,0,1,1,2.3181568160653114,0;0;0;3,160,0,0,,,,0,3,,,,,,,,,,,,,,,,,,,,,,,,,,
117,upsert,3,L0074,2048,0,1787891255.1803136,0.004656076431274414,118,0,117,1787891255.1756575,base,exact_fifo@rho0.5,1,0.55,0.0,4,0.5,exact_fifo,1787891255.1756399,0,2048,,0,0,0,0,0,0,0,1,2,2.3181568160653114,0;0;0;2,160,0,0,,,,0,2,,,,,,,,,,,,,,,,,,,,,,,,,,
118,upsert,3,L0066,3072,2560,1787891255.1803699,0.004306316375732422,119,1,118,1787891255.1760635,base,exact_fifo@rho0.5,1,0.55,0.0,4,0.5,exact_fifo,1787891255.1760466,2560,512,3.2438297271728516,0,2560,2560,0,2560,1,0,3,3,2.3181568160653114,0;0;0;1,160,0,1,0,0,1,0,1,126,126,1.3334393501281738,,3,3,3,3,2,2,2560,3072,512,10.24,0.0,10.24,4.306316375732422,10.24,1378.927653,2608.0,0,0,0,0,0,0
119,upsert,3,L0109,2560,2048,1787891255.4383087,0.26175689697265625,120,0,119,1787891255.1765518,base,exact_fifo@rho0.5,1,0.55,0.0,4,0.5,exact_fifo,1787891255.176536,2048,512,27.84297823905945,0,2048,2048,0,2048,1,0,2,4,2.3181568160653114,0;0;0;0,160,0,0,,,,0,0,,,,,,,,,,,,,,,,,,,,,,,,,,
120,upsert,1,L0070,2048,3072,1787891256.5166936,0.004859209060668945,121,0,120,1787891256.5118344,base,exact_fifo@rho0.5,1,0.55,0.0,4,0.5,exact_fifo,1787891256.5118055,3072,-1024,19.138086557388306,0,3072,3072,2048,1024,2,0,4,1,1.8081103563308716,1;0;1;1,167,0,0,,,,0,3,,,,,,,,,,,,,,,,,,,,,,,,,,
121,upsert,2,L0068,2048,3072,1787891256.9546063,0.44217467308044434,122,0,121,1787891256.5124316,base,exact_fifo@rho0.5,1,0.55,0.0,4,0.5,exact_fifo,1787891256.5124116,3072,-1024,7.429890394210815,0,3072,3072,0,3072,1,0,4,2,1.8081103563308716,1;0;0;1,167,0,0,,,,0,2,,,,,,,,,,,,,,,,,,,,,,,,,,
122,upsert,3,L0066,2048,3072,1787891257.5592463,1.0463931560516357,123,0,122,1787891256.5128531,base,exact_fifo@rho0.5,1,0.55,0.0,4,0.5,exact_fifo,1787891256.5128357,3072,-1024,1.3367891311645508,0,3072,3072,0,3072,1,0,4,3,1.8081103563308716,1;0;0;0,167,0,0,,,,0,1,,,,,,,,,,,,,,,,,,,,,,,,,,
123,upsert,0,L0100,2048,0,1787891257.5593355,1.046083688735962,124,0,123,1787891256.5132518,base,exact_fifo@rho0.5,1,0.55,0.0,4,0.5,exact_fifo,1787891256.513237,0,2048,,0,0,0,0,0,0,0,1,4,1.8081103563308716,0;0;0;0,167,0,0,,,,0,0,,,,,,,,,,,,,,,,,,,,,,,,,,
124,upsert,3,L0089,2048,0,1787891258.489839,0.003194093704223633,125,0,124,1787891258.486645,base,exact_fifo@rho0.5,1,0.55,0.0,4,0.5,exact_fifo,1787891258.4866211,0,2048,,0,0,0,0,0,0,0,1,1,1.4851614758372307,0;1;0;2,173,0,0,,,,0,3,,,,,,,,,,,,,,,,,,,,,,,,,,
125,upsert,3,L0064,3072,2560,1787891259.066242,0.5788509845733643,126,0,125,1787891258.487391,base,exact_fifo@rho0.5,1,0.55,0.0,4,0.5,exact_fifo,1787891258.4873607,2560,512,6.5547027587890625,0,2560,2560,0,2560,1,0,6,2,1.4851614758372307,0;1;0;1,173,0,0,,,,0,2,,,,,,,,,,,,,,,,,,,,,,,,,,
126,upsert,3,L0066,2560,2048,1787891259.6708705,1.1829206943511963,127,0,126,1787891258.4879498,base,exact_fifo@rho0.5,1,0.55,0.0,4,0.5,exact_fifo,1787891258.487932,2048,512,1.9750962257385254,0,2048,2048,0,2048,1,0,5,3,1.4851614758372307,0;1;0;0,173,0,0,,,,0,1,,,,,,,,,,,,,,,,,,,,,,,,,,
127,upsert,1,L0113,2048,0,1787891259.670963,1.1825659275054932,128,0,127,1787891258.4883971,base,exact_fifo@rho0.5,1,0.55,0.0,4,0.5,exact_fifo,1787891258.4883816,0,2048,,0,0,0,0,0,0,0,1,4,1.4851614758372307,0;0;0;0,173,0,0,,,,0,0,,,,,,,,,,,,,,,,,,,,,,,,,,
0,upsert,0,L0012,2048,0,1787891267.5378568,0.0031952857971191406,1,0,0,1787891267.5346615,base,agg_static@rho0.8,1,0.55,0.0,4,0.8,agg_static,1787891267.5346367,0,2048,,0,0,0,0,0,0,0,1,1,,0;1;1;1,4,0,0,,,,0,3,,,,,,,,,,,,,,,,,,,,,,,,,,
1,upsert,2,L0007,2048,0,1787891267.5379794,0.0031723976135253906,2,1,1,1787891267.534807,base,agg_static@rho0.8,1,0.55,0.0,4,0.8,agg_static,1787891267.5347934,0,2048,,0,0,0,0,0,0,0,1,2,,0;1;0;1,4,0,1,1,0,1,0,2,63,63,28.85795307159424,,2,2,2,2,0,0,0,0,0,0.0,0.0,0.0,3.1723976135253906,0.0,678.753581,2608.0,0,0,0,0,0,0
2,upsert,1,L0059,2048,0,1787891267.538056,0.0031468868255615234,3,0,2,1787891267.534909,base,agg_static@rho0.8,1,0.55,0.0,4,0.8,agg_static,1787891267.5348988,0,2048,,0,0,0,0,0,0,0,1,3,,0;0;0;1,4,0,0,,,,0,1,,,,,,,,,,,,,,,,,,,,,,,,,,
3,upsert,3,L0016,2048,0,1787891267.5381172,0.0031261444091796875,4,0,3,1787891267.534991,base,agg_static@rho0.8,1,0.55,0.0,4,0.8,agg_static,1787891267.5349822,0,2048,,0,0,0,0,0,0,0,1,4,,0;0;0;0,4,0,0,,,,0,0,,,,,,,,,,,,,,,,,,,,,,,,,,
4,upsert,0,L0029,2048,0,1787891269.2966568,0.003480672836303711,5,0,4,1787891269.2931762,base,agg_static@rho0.8,1,0.55,0.0,4,0.8,agg_static,1787891269.2931428,0,2048,,0,0,0,0,0,0,0,1,1,0.0031601786613464355,0;1;1;1,8,0,0,,,,0,3,,,,,,,,,,,,,,,,,,,,,,,,,,
5,upsert,3,L0021,2048,0,1787891269.296756,0.0033097267150878906,6,2,5,1787891269.2934463,base,agg_static@rho0.8,1,0.55,0.0,4,0.8,agg_static,1787891269.2934313,0,2048,,0,0,0,0,0,0,0,1,2,0.0031601786613464355,0;1;1;0,8,0,1,0,0,1,0,2,58,58,25.948922634124756,,3,3,3,3,0,0,0,0,0,0.0,0.0,0.0,3.3097267150878906,0.0,775.719305,2080.0,0,0,0,0,0,0
6,upsert,1,L0004,2048,0,1787891269.2968204,0.0032019615173339844,7,0,6,1787891269.2936184,base,agg_static@rho0.8,1,0.55,0.0,4,0.8,agg_static,1787891269.293605,0,2048,,0,0,0,0,0,0,0,1,3,0.0031601786613464355,0;0;1;0,8,0,0,,,,0,1,,,,,,,,,,,,,,,,,,,,,,,,,,
7,upsert,2,L0001,2048,0,1787891269.3150764,0.021311521530151367,8,3,7,1787891269.2937648,base,agg_static@rho0.8,1,0.55,0.0,4,0.8,agg_static,1787891269.2937534,0,2048,,0,0,0,0,0,0,0,1,4,0.0031601786613464355,0;0;0;0,8,0,1,1,0,1,0,0,40,40,14.35704255104065,,2,2,2,2,0,0,0,0,0,0.0,0.0,0.0,21.311521530151367,0.0,670.151568,2608.0,0,0,0,0,0,0
8,upsert,0,L0063,2048,0,1787891272.722447,1.7687029838562012,9,0,8,1787891270.953744,base,agg_static@rho0.8,1,0.55,0.0,4,0.8,agg_static,1787891270.9537196,0,2048,,0,0,0,0,0,0,0,1,1,0.005493074655532837,0;1;1;1,12,0,0,,,,0,3,,,,,,,,,,,,,,,,,,,,,,,,,,
9,upsert,1,L0041,2048,0,1787891273.6925719,2.738560199737549,10,0,9,1787891270.9540117,base,agg_static@rho0.8,1,0.55,0.0,4,0.8,agg_static,1787891270.9539967,0,2048,,0,0,0,0,0,0,0,1,2,0.005493074655532837,0;0;1;1,12,0,0,,,,0,2,,,,,,,,,,,,,,,,,,,,,,,,,,
10,upsert,2,L0023,2048,0,1787891273.692699,2.7384917736053467,11,0,10,1787891270.9542072,base,agg_static@rho0.8,1,0.55,0.0,4,0.8,agg_static,1787891270.9541938,0,2048,,0,0,0,0,0,0,0,1,3,0.005493074655532837,0;0;0;1,12,0,0,,,,0,1,,,,,,,,,,,,,,,,,,,,,,,,,,
11,upsert,3,L0046,2048,0,1787891276.1105206,5.1561548709869385,12,0,11,1787891270.9543657,base,agg_static@rho0.8,1,0.55,0.0,4,0.8,agg_static,1787891270.9543545,0,2048,,0,0,0,0,0,0,0,1,4,0.005493074655532837,0;0;0;0,12,0,0,,,,0,0,,,,,,,,,,,,,,,,,,,,,,,,,,
12,upsert,0,L0022,2048,0,1787891279.6030662,6.593008279800415,13,2,12,1787891273.010058,base,agg_static@rho0.8,1,0.55,0.0,4,0.8,agg_static,1787891273.0100336,0,2048,,0,0,0,0,0,0,0,1,4,0.20140528678894043,0;1;2;0,18,0,1,0,1,0,0,3,55,55,11.867069005966187,,2,0,2,0,0,2,0,2048,2048,40.96,4.0,36.96,6593.008279800415,36.96,3206.83006,2080.0,1,2,2,36.96,77.92,77.92
13,upsert,2,L0019,2048,0,1787891279.6032124,6.592857360839844,14,0,13,1787891273.010355,base,agg_static@rho0.8,1,0.55,0.0,4,0.8,agg_static,1787891273.0103388,0,2048,,0,0,0,0,0,0,0,1,5,0.20140528678894043,0;1;1;0,18,0,0,,,,0,2,,,,,,,,,,,,,,,,,,,,,,,,,,
14,upsert,1,L0004,2560,2048,1787891279.6032832,6.592746257781982,15,0,14,1787891273.010537,base,agg_static@rho0.8,1,0.55,0.0,4,0.8,agg_static,1787891273.01052,2048,512,3.7169148921966553,0,2048,2048,0,2048,1,0,2,6,0.20140528678894043,0;0;1;0,18,0,0,,,,0,1,,,,,,,,,,,,,,,,,,,,,,,,,,
15,upsert,2,L0001,2560,2048,1787891282.90156,9.890860557556152,16,3,15,1787891273.0106995,base,agg_static@rho0.8,1,0.55,0.0,4,0.8,agg_static,1787891273.010686,2048,512,3.716932535171509,0,2048,2048,0,2048,1,0,2,7,0.20140528678894043,0;0;0;0,18,0,1,0,0,1,0,0,40,40,0.7705588340759277,,2,2,2,2,0,0,2048,2560,512,10.24,0.0,10.24,9890.860557556152,10.24,670.151568,2608.0,0,0,0,0,0,0
16,upsert,0,L0029,2560,2048,1787891282.9016974,8.233474969863892,17,0,16,1787891274.6682224,base,agg_static@rho0.8,1,0.55,0.0,4,0.8,agg_static,1787891274.6681952,2048,512,5.375052452087402,0,2048,2048,0,2048,1,0,2,6,0.6626999594948508,0;1;1;1,24,0,0,,,,0,3,,,,,,,,,,,,,,,,,,,,,,,,,,
17,upsert,2,L0007,2560,2048,1787891282.9017653,8.233262062072754,18,1,17,1787891274.6685033,base,agg_static@rho0.8,1,0.55,0.0,4,0.8,agg_static,1787891274.6684844,2048,512,7.133691072463989,0,2048,2048,0,2048,1,0,2,7,0.6626999594948508,0;1;0;1,24,0,1,0,0,1,0,2,63,63,13.49416708946228,,2,2,2,2,0,0,0,0,0,0.0,0.0,0.0,8233.262062072754,0.0,678.753581,2608.0,0,0,0,0,0,0
18,upsert,1,L0013,2048,0,1787891282.9018185,8.233130931854248,19,2,18,1787891274.6686876,base,agg_static@rho0.8,1,0.55,0.0,4,0.8,agg_static,1787891274.668674,0,2048,,0,0,0,0,0,0,0,1,8,0.6626999594948508,0;0;0;1,24,0,1,0,0,1,0,1,49,49,5.3292622566223145,,1,1,1,1,0,0,0,0,0,0.0,0.0,0.0,8233.130931854248,0.0,660.704676,2080.0,0,0,0,0,0,0
19,upsert,3,L0017,2048,0,1787891286.7821922,12.113344430923462,20,0,19,1787891274.6688478,base,agg_static@rho0.8,1,0.55,0.0,4,0.8,agg_static,1787891274.6688359,0,2048,,0,0,0,0,0,0,0,1,9,0.6626999594948508,0;0;0;0,24,0,0,,,,0,0,,,,,,,,,,,,,,,,,,,,,,,,,,
20,upsert,0,L0024,2048,0,1787891286.7823312,10.459394693374634,21,1,20,1787891276.3229365,base,agg_static@rho0.8,1,0.55,0.0,4,0.8,agg_static,1787891276.3229115,0,2048,,0,0,0,0,0,0,0,1,9,1.037154535452525,0;1;1;1,28,0,1,0,1,0,0,3,54,54,4.687758207321167,,2,0,2,0,0,1,0,2048,2048,40.96,2.0,38.96,10459.394693374634,38.96,3207.317574,2080.0,1,1,1,38.96,38.96,38.96
21,upsert,2,L0053,2048,0,1787891286.7823977,10.459158897399902,22,0,21,1787891276.3232388,base,agg_static@rho0.8,1,0.55,0.0,4,0.8,agg_static,1787891276.323223,0,2048,,0,0,0,0,0,0,0,1,10,1.037154535452525,0;1;0;1,28,0,0,,,,0,2,,,,,,,,,,,,,,,,,,,,,,,,,,
22,upsert,1,L0033,2048,0,1787891286.782447,10.459022760391235,23,0,22,1787891276.3234243,base,agg_static@rho0.8,1,0.55,0.0,4,0.8,agg_static,1787891276.323411,0,2048,,0,0,0,0,0,0,0,1,11,1.037154535452525,0;0;0;1,28,0,0,,,,0,1,,,,,,,,,,,,,,,,,,,,,,,,,,
23,upsert,3,L0034,2048,0,1787891286.7824967,10.45891284942627,24,0,23,1787891276.3235838,base,agg_static@rho0.8,1,0.55,0.0,4,0.8,agg_static,1787891276.323572,0,2048,,0,0,0,0,0,0,0,1,12,1.037154535452525,0;0;0;0,28,0,0,,,,0,0,,,,,,,,,,,,,,,,,,,,,,,,,,
24,upsert,0,L0042,2048,0,1787891286.7825253,8.806726455688477,25,0,24,1787891277.9757988,base,agg_static@rho0.8,1,0.55,0.0,4,0.8,agg_static,1787891277.9757683,0,2048,,0,0,0,0,0,0,0,1,13,1.037154535452525,0;1;1;1,32,0,0,,,,0,3,,,,,,,,,,,,,,,,,,,,,,,,,,
25,upsert,3,L0026,2048,0,1787891286.7825546,8.806445360183716,26,0,25,1787891277.9761093,base,agg_static@rho0.8,1,0.55,0.0,4,0.8,agg_static,1787891277.9760923,0,2048,,0,0,0,0,0,0,0,1,14,1.037154535452525,0;1;1;0,32,0,0,,,,0,2,,,,,,,,,,,,,,,,,,,,,,,,,,
26,upsert,1,L0005,2048,0,1787891286.782583,8.806259632110596,27,0,26,1787891277.9763234,base,agg_static@rho0.8,1,0.55,0.0,4,0.8,agg_static,1787891277.9763095,0,2048,,0,0,0,0,0,0,0,1,15,1.037154535452525,0;0;1;0,32,0,0,,,,0,1,,,,,,,,,,,,,,,,,,,,,,,,,,
27,upsert,2,L0000,2048,0,1787891293.7611184,15.784632682800293,28,0,27,1787891277.9764857,base,agg_static@rho0.8,1,0.55,0.0,4,0.8,agg_static,1787891277.9764736,0,2048,,0,0,0,0,0,0,0,1,16,1.037154535452525,0;0;0;0,32,0,0,,,,0,0,,,,,,,,,,,,,,,,,,,,,,,,,,
28,upsert,0,L0034,2560,0,1787891293.76129,14.15759539604187,29,0,28,1787891279.6036947,base,agg_static@rho0.8,1,0.55,0.0,4,0.8,agg_static,1787891279.6036687,0,2560,,0,0,0,0,0,0,0,2,14,2.1482977549235027,0;1;1;1,36,0,0,,,,0,3,,,,,,,,,,,,,,,,,,,,,,,,,,
29,upsert,1,L0002,2048,0,1787891293.7613611,14.157400846481323,30,0,29,1787891279.6039603,base,agg_static@rho0.8,1,0.55,0.0,4,0.8,agg_static,1787891279.603946,0,2048,,0,0,0,0,0,0,0,1,15,2.1482977549235027,0;0;1;1,36,0,0,,,,0,2,,,,,,,,,,,,,,,,,,,,,,,,,,
30,upsert,2,L0011,2048,0,1787891293.8717287,14.267584323883057,31,0,30,1787891279.6041443,base,agg_static@rho0.8,1,0.55,0.0,4,0.8,agg_static,1787891279.604132,0,2048,,0,0,0,0,0,0,0,1,16,2.1482977549235027,0;0;0;1,36,0,0,,,,0,1,,,,,,,,,,,,,,,,,,,,,,,,,,
31,upsert,3,L0018,2048,0,1787891293.8717978,14.267473220825195,32,0,31,1787891279.6043246,base,agg_static@rho0.8,1,0.55,0.0,4,0.8,agg_static,1787891279.604313,0,2048,,0,0,0,0,0,0,0,1,17,2.1482977549235027,0;0;0;0,36,0,0,,,,0,0,,,,,,,,,,,,,,,,,,,,,,,,,,
32,upsert,0,L0005,2560,0,1787891293.8718448,12.373233556747437,33,0,32,1787891281.4986112,base,agg_static@rho0.8,1,0.55,0.0,4,0.8,agg_static,1787891281.498584,0,2560,,0,0,0,0,0,0,0,2,18,2.1482977549235027,0;1;1;1,40,0,0,,,,0,3,,,,,,,,,,,,,,,,,,,,,,,,,,
33,upsert,2,L0042,2560,0,1787891293.8718872,12.372740507125854,34,0,33,1787891281.4991467,base,agg_static@rho0.8,1,0.55,0.0,4,0.8,agg_static,1787891281.4991302,0,2560,,0,0,0,0,0,0,0,2,19,2.1482977549235027,0;1;0;1,40,0,0,,,,0,2,,,,,,,,,,,,,,,,,,,,,,,,,,
34,upsert,1,L0006,2048,0,1787891293.8719275,12.372339248657227,35,0,34,1787891281.4995883,base,agg_static@rho0.8,1,0.55,0.0,4,0.8,agg_static,1787891281.499574,0,2048,,0,0,0,0,0,0,0,1,20,2.1482977549235027,0;0;0;1,40,0,0,,,,0,1,,,,,,,,,,,,,,,,,,,,,,,,,,
35,upsert,3,L0055,2048,0,1787891293.8719707,12.37203311920166,36,0,35,1787891281.4999375,base,agg_static@rho0.8,1,0.55,0.0,4,0.8,agg_static,1787891281.4999242,0,2048,,0,0,0,0,0,0,0,1,21,2.1482977549235027,0;0;0;0,40,0,0,,,,0,0,,,,,,,,,,,,,,,,,,,,,,,,,,
36,upsert,0,L0000,2560,0,1787891293.8720102,10.2015962600708,37,0,36,1787891283.670414,base,agg_static@rho0.8,1,0.55,0.0,4,0.8,agg_static,1787891283.670388,0,2560,,0,0,0,0,0,0,0,2,18,3.5165892023789254,0;1;1;1,44,0,0,,,,0,3,,,,,,,,,,,,,,,,,,,,,,,,,,
37,upsert,3,L0009,2048,0,1787891293.8720472,10.201094150543213,38,0,37,1787891283.670953,base,agg_static@rho0.8,1,0.55,0.0,4,0.8,agg_static,1787891283.6709356,0,2048,,0,0,0,0,0,0,0,1,19,3.5165892023789254,0;1;1;0,44,0,0,,,,0,2,,,,,,,,,,,,,,,,,,,,,,,,,,
38,upsert,1,L0047,2048,0,1787891293.872086,10.200743436813354,39,0,38,1787891283.6713426,base,agg_static@rho0.8,1,0.55,0.0,4,0.8,agg_static,1787891283.6713278,0,2048,,0,0,0,0,0,0,0,1,20,3.5165892023789254,0;0;1;0,44,0,0,,,,0,1,,,,,,,,,,,,,,,,,,,,,,,,,,
39,upsert,2,L0033,2560,0,1787891293.872122,10.200432538986206,40,0,39,1787891283.6716895,base,agg_static@rho0.8,1,0.55,0.0,4,0.8,agg_static,1787891283.6716764,0,2560,,0,0,0,0,0,0,0,2,21,3.5165892023789254,0;0;0;0,44,0,0,,,,0,0,,,,,,,,,,,,,,,,,,,,,,,,,,
40,upsert,2,L0001,3072,2560,1787891302.1703212,15.647428274154663,41,0,40,1787891286.522893,base,agg_static@rho0.8,1,0.55,0.0,4,0.8,agg_static,1787891286.5228622,2560,512,13.512176275253296,0,2560,2560,0,2560,1,0,4,22,3.5165892023789254,1;0;1;1,50,0,0,,,,0,3,,,,,,,,,,,,,,,,,,,,,,,,,,
41,upsert,2,L0001,2048,3072,1787891302.170429,15.646928310394287,42,0,41,1787891286.5235007,base,agg_static@rho0.8,1,0.55,0.0,4,0.8,agg_static,1787891286.5234811,3072,-1024,0.0006189346313476562,0,2560,2560,0,2560,1,0,4,23,3.5165892023789254,1;0;0;1,50,1,0,,,,0,2,,,,,,,,,,,,,,,,,,,,,,,,,,
42,upsert,0,L0050,2048,0,1787891302.1704853,15.646601915359497,43,0,42,1787891286.5238833,base,agg_static@rho0.8,1,0.55,0.0,4,0.8,agg_static,1787891286.5238683,0,2048,,0,0,0,0,0,0,0,1,24,3.5165892023789254,0;0;0;1,50,0,0,,,,0,1,,,,,,,,,,,,,,,,,,,,,,,,,,
44,upsert,2,L0027,2048,0,1787891302.1705327,13.94126296043396,44,0,44,1787891288.2292697,base,agg_static@rho0.8,1,0.55,0.0,4,0.8,agg_static,1787891288.2292416,0,2048,,0,0,0,0,0,0,0,1,18,5.451276293507329,1;1;0;1,54,0,0,,,,0,3,,,,,,,,,,,,,,,,,,,,,,,,,,
45,upsert,0,L0035,2048,0,1787891302.1705806,13.940802097320557,45,0,45,1787891288.2297785,base,agg_static@rho0.8,1,0.55,0.0,4,0.8,agg_static,1787891288.2297604,0,2048,,0,0,0,0,0,0,0,1,19,5.451276293507329,0;1;0;1,54,0,0,,,,0,2,,,,,,,,,,,,,,,,,,,,,,,,,,
46,upsert,1,L0025,2048,0,1787891302.1706228,13.94044804573059,46,0,46,1787891288.2301748,base,agg_static@rho0.8,1,0.55,0.0,4,0.8,agg_static,1787891288.23015,0,2048,,0,0,0,0,0,0,0,1,20,5.451276293507329,0;0;0;1,54,0,0,,,,0,1,,,,,,,,,,,,,,,,,,,,,,,,,,
47,upsert,3,L0034,3072,2048,1787891302.1706617,13.940122127532959,47,0,47,1787891288.2305396,base,agg_static@rho0.8,1,0.55,0.0,4,0.8,agg_static,1787891288.2305217,2048,1024,11.906949758529663,0,2048,2048,0,2048,1,0,3,21,5.451276293507329,0;0;0;0,54,0,0,,,,0,0,,,,,,,,,,,,,,,,,,,,,,,,,,
48,upsert,2,L0039,2048,0,1787891302.1707017,10.702518939971924,48,0,48,1787891291.4681828,base,agg_static@rho0.8,1,0.55,0.0,4,0.8,agg_static,1787891291.4681373,0,2048,,0,0,0,0,0,0,0,1,22,5.451276293507329,1;1;0;1,59,0,0,,,,0,3,,,,,,,,,,,,,,,,,,,,,,,,,,
49,upsert,1,L0013,2560,2048,1787891302.1707463,10.70204472541809,49,0,49,1787891291.4687016,base,agg_static@rho0.8,1,0.55,0.0,4,0.8,agg_static,1787891291.468681,2048,512,16.800007104873657,0,2048,2048,0,2048,1,0,2,23,5.451276293507329,1;0;0;1,59,0,0,,,,0,2,,,,,,,,,,,,,,,,,,,,,,,,,,
51,upsert,0,L0000,2048,2560,1787891302.170789,10.701200008392334,50,0,51,1787891291.469589,base,agg_static@rho0.8,1,0.55,0.0,4,0.8,agg_static,1787891291.4695723,2560,-512,7.799184322357178,0,0,0,0,0,0,0,4,25,5.451276293507329,0;0;0;0,59,1,0,,,,0,0,,,,,,,,,,,,,,,,,,,,,,,,,,
52,upsert,3,L0014,2048,0,1787891312.3642943,17.12060046195984,51,0,52,1787891295.2436938,base,agg_static@rho0.8,1,0.55,0.0,4,0.8,agg_static,1787891295.2436683,0,2048,,0,0,0,0,0,0,0,1,13,9.689669206738472,3;0;0;0,65,0,0,,,,0,3,,,,,,,,,,,,,,,,,,,,,,,,,,
53,upsert,0,L0006,2560,0,1787891312.3643959,17.12015151977539,52,0,53,1787891295.2442443,base,agg_static@rho0.8,1,0.55,0.0,4,0.8,agg_static,1787891295.244226,0,2560,,0,0,2048,0,2048,1,0,2,14,9.689669206738472,2;0;0;0,65,0,0,,,,0,2,,,,,,,,,,,,,,,,,,,,,,,,,,
54,upsert,0,L0024,2560,2048,1787891312.3644624,17.119771718978882,53,0,54,1787891295.2446907,base,agg_static@rho0.8,1,0.55,0.0,4,0.8,agg_static,1787891295.2446733,2048,512,18.921761751174927,0,2048,2048,0,2048,1,0,2,15,9.689669206738472,1;0;0;0,65,0,0,,,,0,1,,,,,,,,,,,,,,,,,,,,,,,,,,
55,upsert,0,L0022,2560,2048,1787891312.3645148,17.11941432952881,54,0,55,1787891295.2451005,base,agg_static@rho0.8,1,0.55,0.0,4,0.8,agg_static,1787891295.245085,2048,512,22.23505139350891,0,2048,2048,0,2048,1,0,2,16,9.689669206738472,0;0;0;0,65,0,0,,,,0,0,,,,,,,,,,,,,,,,,,,,,,,,,,
56,upsert,2,L0001,2560,2048,1787891312.3645594,15.970772981643677,55,0,56,1787891296.3937864,base,agg_static@rho0.8,1,0.55,0.0,4,0.8,agg_static,1787891296.393758,2048,512,9.870276927947998,0,2560,2560,0,2560,1,0,5,17,9.689669206738472,1;1;0;1,73,1,0,,,,0,3,,,,,,,,,,,,,,,,,,,,,,,,,,
57,upsert,0,L0022,3072,2560,1787891312.3646019,15.970193147659302,56,0,57,1787891296.3944087,base,agg_static@rho0.8,1,0.55,0.0,4,0.8,agg_static,1787891296.3943887,2560,512,1.149303674697876,0,2048,2048,0,2048,1,0,3,18,9.689669206738472,0;1;0;1,73,1,0,,,,0,2,,,,,,,,,,,,,,,,,,,,,,,,,,
58,upsert,3,L0021,2560,2048,1787891312.3646395,15.969752073287964,57,0,58,1787891296.3948874,base,agg_static@rho0.8,1,0.55,0.0,4,0.8,agg_static,1787891296.3948705,2048,512,27.101439237594604,0,2048,2048,0,2048,1,0,2,19,9.689669206738472,0;1;0;0,73,0,0,,,,0,1,,,,,,,,,,,,,,,,,,,,,,,,,,
59,upsert,1,L0013,3072,2560,1787891312.3646812,15.969373941421509,58,0,59,1787891296.3953073,base,agg_static@rho0.8,1,0.55,0.0,4,0.8,agg_static,1787891296.3952916,2560,512,4.926610469818115,0,2048,2048,0,2048,1,0,3,20,9.689669206738472,0;0;0;0,73,1,0,,,,0,0,,,,,,,,,,,,,,,,,,,,,,,,,,
60,upsert,1,L0052,2048,0,1787891312.3647203,14.410062789916992,59,0,60,1787891297.9546576,base,agg_static@rho0.8,1,0.55,0.0,4,0.8,agg_static,1787891297.95463,0,2048,,0,0,0,0,0,0,0,1,21,9.689669206738472,1;0;1;1,79,0,0,,,,0,3,,,,,,,,,,,,,,,,,,,,,,,,,,
61,upsert,3,L0021,3072,2560,1787891312.364763,14.409553289413452,60,0,61,1787891297.9552097,base,agg_static@rho0.8,1,0.55,0.0,4,0.8,agg_static,1787891297.9551892,2560,512,1.5603187084197998,0,2048,2048,0,2048,1,0,3,22,9.689669206738472,1;0;1;0,79,1,0,,,,0,2,,,,,,,,,,,,,,,,,,,,,,,,,,
62,upsert,0,L0040,2048,0,1787891312.3648021,14.409106969833374,61,0,62,1787891297.9556952,base,agg_static@rho0.8,1,0.55,0.0,4,0.8,agg_static,1787891297.9556804,0,2048,,0,0,0,0,0,0,0,1,23,9.689669206738472,0;0;1;0,79,0,0,,,,0,1,,,,,,,,,,,,,,,,,,,,,,,,,,
63,upsert,2,L0007,3072,2560,1787891319.5882154,21.632145166397095,62,0,63,1787891297.9560702,base,agg_static@rho0.8,1,0.55,0.0,4,0.8,agg_static,1787891297.9560533,2560,512,23.28756880760193,0,2560,2560,0,2560,1,0,3,24,9.689669206738472,0;0;0;0,79,0,0,,,,0,0,,,,,,,,,,,,,,,,,,,,,,,,,,
64,upsert,3,L0070,2048,0,1787891319.5883257,19.984230518341064,63,1,64,1787891299.6040952,base,agg_static@rho0.8,1,0.55,0.0,4,0.8,agg_static,1787891299.6040707,0,2048,,0,0,0,0,0,0,0,1,25,9.689669206738472,1;1;1;0,83,0,1,0,0,1,0,3,120,120,11.043250322341919,,2,2,2,2,0,0,2560,2560,0,0.0,0.0,0.0,19984.230518341064,0.0,163.875021,2080.0,0,0,0,0,0,0
65,upsert,2,L0077,2048,0,1787891319.5883858,19.98374319076538,64,0,65,1787891299.6046426,base,agg_static@rho0.8,1,0.55,0.0,4,0.8,agg_static,1787891299.6046252,0,2048,,0,0,0,0,0,0,0,1,26,9.689669206738472,1;1;0;0,83,0,0,,,,0,2,,,,,,,,,,,,,,,,,,,,,,,,,,
66,upsert,1,L0086,2048,0,1787891319.5884323,19.9833927154541,65,0,66,1787891299.6050396,base,agg_static@rho0.8,1,0.55,0.0,4,0.8,agg_static,1787891299.6050253,0,2048,,0,0,0,0,0,0,0,1,27,9.689669206738472,1;0;0;0,83,0,0,,,,0,1,,,,,,,,,,,,,,,,,,,,,,,,,,
67,upsert,0,L0095,2048,0,1787891319.5884843,19.98306703567505,66,0,67,1787891299.6054173,base,agg_static@rho0.8,1,0.55,0.0,4,0.8,agg_static,1787891299.6054041,0,2048,,0,0,0,0,0,0,0,1,28,9.689669206738472,0;0;0;0,83,0,0,,,,0,0,,,,,,,,,,,,,,,,,,,,,,,,,,
68,upsert,3,L0125,2048,0,1787891319.5885253,18.54214882850647,67,0,68,1787891301.0463765,base,agg_static@rho0.8,1,0.55,0.0,4,0.8,agg_static,1787891301.046352,0,2048,,0,0,0,0,0,0,0,1,29,9.689669206738472,1;1;1;0,87,0,0,,,,0,3,,,,,,,,,,,,,,,,,,,,,,,,,,
69,upsert,0,L0069,2048,0,1787891319.5885642,18.541664361953735,68,0,69,1787891301.0468998,base,agg_static@rho0.8,1,0.55,0.0,4,0.8,agg_static,1787891301.0468836,0,2048,,0,0,0,0,0,0,0,1,30,9.689669206738472,0;1;1;0,87,0,0,,,,0,2,,,,,,,,,,,,,,,,,,,,,,,,,,
70,upsert,2,L0068,2048,0,1787891319.5886028,18.541298389434814,69,2,70,1787891301.0473044,base,agg_static@rho0.8,1,0.55,0.0,4,0.8,agg_static,1787891301.04729,0,2048,,0,0,0,0,0,0,0,1,31,9.689669206738472,0;1;0;0,87,0,1,0,1,0,0,1,111,111,0.6898999214172363,,0,2,0,2,0,1,0,2048,2048,40.96,2.0,38.96,18541.298389434814,38.96,4084.970184,2080.0,1,2,2,38.96,77.92,77.92
71,upsert,1,L0109,2048,0,1787891319.5886436,18.540974855422974,70,1,71,1787891301.0476687,base,agg_static@rho0.8,1,0.55,0.0,4,0.8,agg_static,1787891301.0476563,0,2048,,0,0,0,0,0,0,0,1,32,9.689669206738472,0;0;0;0,87,0,1,0,1,0,0,0,119,119,7.294074058532715,,3,1,3,1,0,1,0,2048,2048,40.96,2.0,38.96,18540.974855422974,38.96,3284.440087,2080.0,1,1,1,38.96,38.96,38.96
72,upsert,3,L0106,2048,0,1787891325.8568394,23.003142833709717,71,0,72,1787891302.8536966,base,agg_static@rho0.8,1,0.55,0.0,4,0.8,agg_static,1787891302.853672,0,2048,,0,0,0,0,0,0,0,1,23,12.073145397007465,1;1;1;0,91,0,0,,,,0,3,,,,,,,,,,,,,,,,,,,,,,,,,,
73,upsert,1,L0077,2560,0,1787891325.8569477,23.00271201133728,72,0,73,1787891302.8542356,base,agg_static@rho0.8,1,0.55,0.0,4,0.8,agg_static,1787891302.8542178,0,2560,,0,0,0,0,0,0,0,2,24,12.073145397007465,1;0;1;0,91,0,0,,,,0,2,,,,,,,,,,,,,,,,,,,,,,,,,,
74,upsert,2,L0070,2560,0,1787891325.857008,23.00233483314514,73,1,74,1787891302.8546731,base,agg_static@rho0.8,1,0.55,0.0,4,0.8,agg_static,1787891302.8546593,0,2560,,0,0,0,0,0,0,0,2,25,12.073145397007465,1;0;0;0,91,0,1,0,1,0,0,1,120,120,4.7745680809021,,3,2,3,2,0,0,2048,2560,512,10.24,0.0,10.24,23002.33483314514,10.24,163.875021,2080.0,1,1,1,10.24,10.24,10.24
75,upsert,0,L0064,2048,0,1787891325.8570604,23.00198793411255,74,1,75,1787891302.8550725,base,agg_static@rho0.8,1,0.55,0.0,4,0.8,agg_static,1787891302.8550594,0,2048,,0,0,0,0,0,0,0,1,26,12.073145397007465,0;0;0;0,91,0,1,1,0,1,0,0,125,125,6.233724355697632,,0,0,0,0,0,0,0,0,0,0.0,0.0,0.0,23001.98793411255,0.0,129.16043,3136.0,0,0,0,0,0,0
76,upsert,3,L0099,2048,0,1787891325.8571064,21.560023546218872,75,0,76,1787891304.297083,base,agg_static@rho0.8,1,0.55,0.0,4,0.8,agg_static,1787891304.297059,0,2048,,0,0,0,0,0,0,0,1,27,12.073145397007465,1;1;1;0,95,0,0,,,,0,3,,,,,,,,,,,,,,,,,,,,,,,,,,
77,upsert,2,L0122,2048,0,1787891325.8571503,21.559514045715332,76,0,77,1787891304.2976363,base,agg_static@rho0.8,1,0.55,0.0,4,0.8,agg_static,1787891304.2976189,0,2048,,0,0,0,0,0,0,0,1,28,12.073145397007465,1;1;0;0,95,0,0,,,,0,2,,,,,,,,,,,,,,,,,,,,,,,,,,
78,upsert,1,L0090,2048,0,1787891325.8572168,21.559184551239014,77,0,78,1787891304.2980323,base,agg_static@rho0.8,1,0.55,0.0,4,0.8,agg_static,1787891304.2980185,0,2048,,0,0,0,0,0,0,0,1,29,12.073145397007465,1;0;0;0,95,0,0,,,,0,1,,,,,,,,,,,,,,,,,,,,,,,,,,
79,upsert,0,L0093,2048,0,1787891325.8572662,21.55883264541626,78,0,79,1787891304.2984335,base,agg_static@rho0.8,1,0.55,0.0,4,0.8,agg_static,1787891304.2984195,0,2048,,0,0,0,0,0,0,0,1,30,12.073145397007465,0;0;0;0,95,0,0,,,,0,0,,,,,,,,,,,,,,,,,,,,,,,,,,
80,upsert,3,L0076,2048,0,1787891325.8573089,19.630011320114136,79,0,80,1787891306.2272975,base,agg_static@rho0.8,1,0.55,0.0,4,0.8,agg_static,1787891306.227272,0,2048,,0,0,0,0,0,0,0,1,31,12.073145397007465,1;1;1;0,99,0,0,,,,0,3,,,,,,,,,,,,,,,,,,,,,,,,,,
81,upsert,0,L0072,2048,0,1787891325.857351,19.62951922416687,80,0,81,1787891306.2278318,base,agg_static@rho0.8,1,0.55,0.0,4,0.8,agg_static,1787891306.227813,0,2048,,0,0,0,0,0,0,0,1,32,12.073145397007465,0;1;1;0,99,0,0,,,,0,2,,,,,,,,,,,,,,,,,,,,,,,,,,
82,upsert,2,L0096,2048,0,1787891325.8573933,19.629161596298218,81,0,82,1787891306.2282317,base,agg_static@rho0.8,1,0.55,0.0,4,0.8,agg_static,1787891306.2282178,0,2048,,0,0,0,0,0,0,0,1,33,12.073145397007465,0;1;0;0,99,0,0,,,,0,1,,,,,,,,,,,,,,,,,,,,,,,,,,
83,upsert,1,L0069,2560,0,1787891325.8574488,19.62884497642517,82,0,83,1787891306.2286038,base,agg_static@rho0.8,1,0.55,0.0,4,0.8,agg_static,1787891306.228591,0,2560,,0,0,0,0,0,0,0,2,34,12.073145397007465,0;0;0;0,99,0,0,,,,0,0,,,,,,,,,,,,,,,,,,,,,,,,,,
84,upsert,3,L0085,2048,0,1787891325.8574908,17.719452142715454,83,0,84,1787891308.1380386,base,agg_static@rho0.8,1,0.55,0.0,4,0.8,agg_static,1787891308.1380134,0,2048,,0,0,0,0,0,0,0,2,35,12.073145397007465,1;1;1;0,103,0,0,,,,0,3,,,,,,,,,,,,,,,,,,,,,,,,,,
85,upsert,1,L0078,2048,0,1787891325.8575313,17.718924522399902,84,0,85,1787891308.1386068,base,agg_static@rho0.8,1,0.55,0.0,4,0.8,agg_static,1787891308.1385906,0,2048,,0,0,0,0,0,0,0,1,36,12.073145397007465,1;0;1;0,103,0,0,,,,0,2,,,,,,,,,,,,,,,,,,,,,,,,,,
86,upsert,2,L0085,2560,0,1787891325.8575685,17.71854829788208,85,0,86,1787891308.1390202,base,agg_static@rho0.8,1,0.55,0.0,4,0.8,agg_static,1787891308.1390054,0,2560,,0,0,0,0,0,0,0,2,37,12.073145397007465,1;0;0;0,103,0,0,,,,0,1,,,,,,,,,,,,,,,,,,,,,,,,,,
87,upsert,0,L0116,2048,0,1787891325.8576078,17.71816086769104,86,0,87,1787891308.139447,base,agg_static@rho0.8,1,0.55,0.0,4,0.8,agg_static,1787891308.1394331,0,2048,,0,0,0,0,0,0,0,1,38,12.073145397007465,0;0;0;0,103,0,0,,,,0,0,,,,,,,,,,,,,,,,,,,,,,,,,,
88,upsert,3,L0118,2048,0,1787891325.8576362,14.940099954605103,87,0,88,1787891310.9175363,base,agg_static@rho0.8,1,0.55,0.0,4,0.8,agg_static,1787891310.917512,0,2048,,0,0,0,0,0,0,0,1,39,12.073145397007465,1;1;1;0,107,0,0,,,,0,3,,,,,,,,,,,,,,,,,,,,,,,,,,
89,upsert,2,L0071,2048,0,1787891325.8576624,14.939590692520142,88,0,89,1787891310.9180717,base,agg_static@rho0.8,1,0.55,0.0,4,0.8,agg_static,1787891310.9180546,0,2048,,0,0,0,0,0,0,0,1,40,12.073145397007465,1;1;0;0,107,0,0,,,,0,2,,,,,,,,,,,,,,,,,,,,,,,,,,
91,upsert,0,L0064,2560,2048,1787891325.8576884,14.938761234283447,89,1,91,1787891310.9189272,base,agg_static@rho0.8,1,0.55,0.0,4,0.8,agg_static,1787891310.9189098,2048,512,8.063850402832031,0,0,0,0,0,0,0,2,42,12.073145397007465,0;0;0;0,107,1,1,0,0,1,0,0,125,125,6.233096361160278,,0,0,0,0,0,0,0,0,0,0.0,0.0,0.0,14938.761234283447,0.0,129.16043,3136.0,0,0,0,0,0,0
92,upsert,3,L0116,2560,0,1787891336.4674811,23.675798654556274,90,0,92,1787891312.7916825,base,agg_static@rho0.8,1,0.55,0.0,4,0.8,agg_static,1787891312.7916548,0,2560,,0,0,0,0,0,0,0,2,32,13.85577443242073,1;1;1;0,111,0,0,,,,0,3,,,,,,,,,,,,,,,,,,,,,,,,,,
93,upsert,0,L0072,2560,2048,1787891336.4675817,23.67531156539917,91,0,93,1787891312.7922702,base,agg_static@rho0.8,1,0.55,0.0,4,0.8,agg_static,1787891312.7922482,2048,512,6.564435243606567,0,0,0,0,0,0,0,2,33,13.85577443242073,0;1;1;0,111,1,0,,,,0,2,,,,,,,,,,,,,,,,,,,,,,,,,,
94,upsert,2,L0066,2048,0,1787891336.4676409,23.67492914199829,92,0,94,1787891312.7927117,base,agg_static@rho0.8,1,0.55,0.0,4,0.8,agg_static,1787891312.7926965,0,2048,,0,0,0,0,0,0,0,1,34,13.85577443242073,0;1;0;0,111,0,0,,,,0,1,,,,,,,,,,,,,,,,,,,,,,,,,,
95,upsert,1,L0120,2048,0,1787891336.4676948,23.674612045288086,93,0,95,1787891312.7930827,base,agg_static@rho0.8,1,0.55,0.0,4,0.8,agg_static,1787891312.7930686,0,2048,,0,0,0,0,0,0,0,1,35,13.85577443242073,0;0;0;0,111,0,0,,,,0,0,,,,,,,,,,,,,,,,,,,,,,,,,,
96,upsert,3,L0120,2560,0,1787891336.4677444,20.914090156555176,94,0,96,1787891315.5536542,base,agg_static@rho0.8,1,0.55,0.0,4,0.8,agg_static,1787891315.553624,0,2560,,0,0,0,0,0,0,0,2,36,13.85577443242073,1;1;1;0,115,0,0,,,,0,3,,,,,,,,,,,,,,,,,,,,,,,,,,
97,upsert,1,L0099,2560,0,1787891336.4677913,20.91350507736206,95,0,97,1787891315.5542862,base,agg_static@rho0.8,1,0.55,0.0,4,0.8,agg_static,1787891315.5542667,0,2560,,0,0,0,0,0,0,0,2,37,13.85577443242073,1;0;1;0,115,0,0,,,,0,2,,,,,,,,,,,,,,,,,,,,,,,,,,
98,upsert,2,L0076,2560,0,1787891336.4678338,20.913090229034424,96,0,98,1787891315.5547435,base,agg_static@rho0.8,1,0.55,0.0,4,0.8,agg_static,1787891315.554726,0,2560,,0,0,0,0,0,0,0,2,38,13.85577443242073,1;0;0;0,115,0,0,,,,0,1,,,,,,,,,,,,,,,,,,,,,,,,,,
99,upsert,0,L0064,3072,2560,1787891336.4678774,20.912700414657593,97,0,99,1787891315.555177,base,agg_static@rho0.8,1,0.55,0.0,4,0.8,agg_static,1787891315.5551448,2560,512,4.636234998703003,0,0,0,0,0,0,0,3,39,13.85577443242073,0;0;0;0,115,1,0,,,,0,0,,,,,,,,,,,,,,,,,,,,,,,,,,
100,upsert,3,L0072,3072,0,1787891336.467919,18.127418518066406,98,0,100,1787891318.3405006,base,agg_static@rho0.8,1,0.55,0.0,4,0.8,agg_static,1787891318.3404703,0,3072,,0,0,0,0,0,0,0,3,40,13.85577443242073,1;1;1;0,119,0,0,,,,0,3,,,,,,,,,,,,,,,,,,,,,,,,,,
101,upsert,2,L0096,2560,2048,1787891336.467958,18.126830339431763,99,0,101,1787891318.3411276,base,agg_static@rho0.8,1,0.55,0.0,4,0.8,agg_static,1787891318.3411064,2048,512,12.11288857460022,0,0,0,0,0,0,0,2,41,13.85577443242073,1;1;0;0,119,1,0,,,,0,2,,,,,,,,,,,,,,,,,,,,,,,,,,
102,upsert,1,L0092,2048,0,1787891336.4679976,18.126405477523804,100,0,102,1787891318.341592,base,agg_static@rho0.8,1,0.55,0.0,4,0.8,agg_static,1787891318.3415747,0,2048,,0,0,0,0,0,0,0,1,42,13.85577443242073,1;0;0;0,119,0,0,,,,0,1,,,,,,,,,,,,,,,,,,,,,,,,,,
103,upsert,0,L0102,2048,0,1787891336.4680378,18.126066207885742,101,0,103,1787891318.3419716,base,agg_static@rho0.8,1,0.55,0.0,4,0.8,agg_static,1787891318.3419578,0,2048,,0,0,0,0,0,0,0,1,43,13.85577443242073,0;0;0;0,119,0,0,,,,0,0,,,,,,,,,,,,,,,,,,,,,,,,,,
104,upsert,3,L0068,2560,0,1787891338.8717299,18.595248222351074,102,0,104,1787891320.2764816,base,agg_static@rho0.8,1,0.55,0.0,4,0.8,agg_static,1787891320.2764535,0,2560,,0,0,2048,0,2048,1,0,2,35,15.829123489558697,1;1;1;0,123,0,0,,,,0,3,,,,,,,,,,,,,,,,,,,,,,,,,,
105,upsert,0,L0102,2560,2048,1787891338.8718073,18.594727277755737,103,0,105,1787891320.27708,base,agg_static@rho0.8,1,0.55,0.0,4,0.8,agg_static,1787891320.277058,2048,512,1.9351000785827637,0,0,0,0,0,0,0,2,36,15.829123489558697,0;1;1;0,123,1,0,,,,0,2,,,,,,,,,,,,,,,,,,,,,,,,,,
106,upsert,2,L0087,2048,0,1787891338.8718586,18.594319105148315,104,0,106,1787891320.2775395,base,agg_static@rho0.8,1,0.55,0.0,4,0.8,agg_static,1787891320.2775247,0,2048,,0,0,0,0,0,0,0,1,37,15.829123489558697,0;1;0;0,123,0,0,,,,0,1,,,,,,,,,,,,,,,,,,,,,,,,,,
107,upsert,1,L0083,2048,0,1787891338.871905,18.593981742858887,105,0,107,1787891320.2779233,base,agg_static@rho0.8,1,0.55,0.0,4,0.8,agg_static,1787891320.2779076,0,2048,,0,0,0,0,0,0,0,1,38,15.829123489558697,0;0;0;0,123,0,0,,,,0,0,,,,,,,,,,,,,,,,,,,,,,,,,,
108,upsert,3,L0079,2048,0,1787891338.871953,14.090651512145996,106,0,108,1787891324.7813015,base,agg_static@rho0.8,1,0.55,0.0,4,0.8,agg_static,1787891324.7812738,0,2048,,0,0,0,0,0,0,0,1,39,15.829123489558697,0;1;2;0,128,0,0,,,,0,3,,,,,,,,,,,,,,,,,,,,,,,,,,
109,upsert,1,L0121,2048,0,1787891338.8719997,14.090152502059937,107,0,109,1787891324.7818472,base,agg_static@rho0.8,1,0.55,0.0,4,0.8,agg_static,1787891324.7818294,0,2048,,0,0,0,0,0,0,0,1,40,15.829123489558697,0;0;2;0,128,0,0,,,,0,2,,,,,,,,,,,,,,,,,,,,,,,,,,
111,upsert,2,L0068,3072,2048,1787891338.8720446,14.089321851730347,108,0,111,1787891324.7827227,base,agg_static@rho0.8,1,0.55,0.0,4,0.8,agg_static,1787891324.7827055,2048,1024,23.7354154586792,0,2048,2048,0,2048,1,0,3,42,15.829123489558697,0;0;0;0,128,0,0,,,,0,0,,,,,,,,,,,,,,,,,,,,,,,,,,
1,upsert,2,L0007,2048,0,1787891364.5973375,17.635501861572266,1,1,1,1787891346.9618356,base,agg_static@rho1.0,1,0.55,0.0,4,1.0,agg_static,1787891346.9618223,0,2048,,0,0,0,0,0,0,0,1,2,,0;1;0;1,4,0,1,0,0,1,0,2,63,63,9.32040524482727,,3,3,3,3,1,1,512,512,0,0.0,0.0,0.0,17635.501861572266,0.0,2263.04238,2608.0,0,0,0,0,0,0
2,upsert,1,L0059,2048,0,1787891365.8123443,18.850406169891357,2,0,2,1787891346.9619381,base,agg_static@rho1.0,1,0.55,0.0,4,1.0,agg_static,1787891346.9619274,0,2048,,0,0,0,0,0,0,0,1,3,,0;0;0;1,4,0,0,,,,0,1,,,,,,,,,,,,,,,,,,,,,,,,,,
7,upsert,2,L0001,2048,0,1787891365.8124819,17.37991237640381,3,1,7,1787891348.4325695,base,agg_static@rho1.0,1,0.55,0.0,4,1.0,agg_static,1787891348.43256,0,2048,,0,0,0,0,0,0,0,1,8,,0;0;0;0,8,0,1,0,0,1,0,0,56,56,6.088889837265015,,3,3,3,3,0,0,2560,2560,0,0.0,0.0,0.0,17379.91237640381,0.0,106.591795,2608.0,0,0,0,0,0,0
12,upsert,0,L0022,2048,0,1787891367.6254418,15.785686492919922,4,2,12,1787891351.8397553,base,agg_static@rho1.0,1,0.55,0.0,4,1.0,agg_static,1787891351.8397307,0,2048,,0,0,0,0,0,0,0,1,13,,0;1;1;1,16,0,1,0,1,0,0,3,55,55,1.870544195175171,,2,0,2,0,0,1,0,2048,2048,40.96,2.0,38.96,15785.686492919922,38.96,1889.280098,2080.0,1,2,2,38.96,79.92,79.92
14,upsert,1,L0004,2560,0,1787891367.6255543,15.785534620285034,5,0,14,1787891351.8400197,base,agg_static@rho1.0,1,0.55,0.0,4,1.0,agg_static,1787891351.8400025,2048,512,3.407529354095459,0,0,0,0,0,0,0,2,15,,0;0;0;1,16,1,0,,,,0,1,,,,,,,,,,,,,,,,,,,,,,,,,,
15,upsert,3,L0001,2560,0,1787891367.625621,15.785511493682861,6,1,15,1787891351.8401096,base,agg_static@rho1.0,1,0.55,0.0,4,1.0,agg_static,1787891351.8400984,0,2560,,0,0,0,0,0,0,0,2,16,,0;0;0;0,16,0,1,0,1,0,0,0,56,56,4.275750637054443,,2,3,2,3,0,0,2048,2560,512,10.24,0.0,10.24,15785.511493682861,10.24,106.591795,2608.0,1,1,1,10.24,10.24,10.24
16,upsert,0,L0029,2560,0,1787891367.625677,13.763345956802368,7,0,16,1787891353.8623312,base,agg_static@rho1.0,1,0.55,0.0,4,1.0,agg_static,1787891353.8623002,2048,512,5.430121898651123,0,0,0,0,0,0,0,2,17,,0;1;1;1,20,1,0,,,,0,3,,,,,,,,,,,,,,,,,,,,,,,,,,
17,upsert,3,L0007,2560,0,1787891367.6257284,13.763226985931396,8,1,17,1787891353.8625014,base,agg_static@rho1.0,1,0.55,0.0,4,1.0,agg_static,1787891353.8624864,0,2560,,0,0,0,0,0,0,0,2,18,,0;1;1;0,20,0,1,0,1,0,0,2,63,63,6.2920143604278564,,2,3,2,3,0,1,0,512,512,10.24,2.0,8.24,13763.226985931396,8.24,2263.04238,2608.0,1,1,1,8.24,8.24,8.24
18,upsert,1,L0013,2048,0,1787891367.6257753,13.763171672821045,9,1,18,1787891353.8626037,base,agg_static@rho1.0,1,0.55,0.0,4,1.0,agg_static,1787891353.862592,0,2048,,0,0,0,0,0,0,0,1,19,,0;0;1;0,20,0,1,0,0,1,0,1,59,59,4.27575421333313,,1,1,1,1,0,0,0,0,0,0.0,0.0,0.0,13763.171672821045,0.0,1416.164189,2080.0,0,0,0,0,0,0
19,upsert,2,L0017,2048,0,1787891367.6258247,13.763136625289917,10,0,19,1787891353.862688,base,agg_static@rho1.0,1,0.55,0.0,4,1.0,agg_static,1787891353.862678,0,2048,,0,0,0,0,0,0,0,1,20,,0;0;0;0,20,0,0,,,,0,0,,,,,,,,,,,,,,,,,,,,,,,,,,
21,upsert,1,L0053,2048,0,1787891374.0366392,18.591743230819702,11,0,21,1787891355.444896,base,agg_static@rho1.0,1,0.55,0.0,4,1.0,agg_static,1787891355.4448802,0,2048,,0,0,0,0,0,0,0,1,22,,0;0;1;1,24,0,0,,,,0,2,,,,,,,,,,,,,,,,,,,,,,,,,,
24,upsert,0,L0042,2048,0,1787891374.0367184,16.973171949386597,12,0,24,1787891357.0635464,base,agg_static@rho1.0,1,0.55,0.0,4,1.0,agg_static,1787891357.0635173,0,2048,,0,0,0,0,0,0,0,1,25,,0;1;1;1,28,0,0,,,,0,3,,,,,,,,,,,,,,,,,,,,,,,,,,
26,upsert,1,L0005,2048,0,1787891374.0367615,16.97293472290039,13,0,26,1787891357.0638268,base,agg_static@rho1.0,1,0.55,0.0,4,1.0,agg_static,1787891357.0638149,0,2048,,0,0,0,0,0,0,0,1,27,,0;0;0;1,28,0,0,,,,0,1,,,,,,,,,,,,,,,,,,,,,,,,,,
28,upsert,0,L0034,2560,0,1787891374.0367954,15.180460929870605,14,0,28,1787891358.8563344,base,agg_static@rho1.0,1,0.55,0.0,4,1.0,agg_static,1787891358.8563058,0,2560,,0,0,0,0,0,0,0,2,29,,0;1;1;1,32,0,0,,,,0,3,,,,,,,,,,,,,,,,,,,,,,,,,,
29,upsert,3,L0002,2048,0,1787891374.0368233,15.1803138256073,15,0,29,1787891358.8565094,base,agg_static@rho1.0,1,0.55,0.0,4,1.0,agg_static,1787891358.856495,0,2048,,0,0,0,0,0,0,0,1,30,,0;1;1;0,32,0,0,,,,0,2,,,,,,,,,,,,,,,,,,,,,,,,,,
31,upsert,2,L0018,2048,0,1787891374.0368514,15.180157899856567,16,0,31,1787891358.8566935,base,agg_static@rho1.0,1,0.55,0.0,4,1.0,agg_static,1787891358.856684,0,2048,,0,0,0,0,0,0,0,1,32,,0;0;0;0,32,0,0,,,,0,0,,,,,,,,,,,,,,,,,,,,,,,,,,
32,upsert,0,L0005,2560,0,1787891374.036876,13.308881759643555,17,0,32,1787891360.7279942,base,agg_static@rho1.0,1,0.55,0.0,4,1.0,agg_static,1787891360.7279654,0,2560,,0,0,0,0,0,0,0,2,33,,0;1;1;1,36,0,0,,,,0,3,,,,,,,,,,,,,,,,,,,,,,,,,,
33,upsert,1,L0042,2560,0,1787891374.0369027,13.30846643447876,18,0,33,1787891360.7284362,base,agg_static@rho1.0,1,0.55,0.0,4,1.0,agg_static,1787891360.7284193,0,2560,,0,0,0,0,0,0,0,2,34,,0;0;1;1,36,0,0,,,,0,2,,,,,,,,,,,,,,,,,,,,,,,,,,
34,upsert,2,L0006,2048,0,1787891381.681495,20.952743530273438,19,0,34,1787891360.7287514,base,agg_static@rho1.0,1,0.55,0.0,4,1.0,agg_static,1787891360.7287383,0,2048,,0,0,0,0,0,0,0,1,35,,0;0;0;1,36,0,0,,,,0,1,,,,,,,,,,,,,,,,,,,,,,,,,,
35,upsert,3,L0055,2048,0,1787891381.6816108,20.95260214805603,20,0,35,1787891360.7290087,base,agg_static@rho1.0,1,0.55,0.0,4,1.0,agg_static,1787891360.728998,0,2048,,0,0,0,0,0,0,0,1,36,,0;0;0;0,36,0,0,,,,0,0,,,,,,,,,,,,,,,,,,,,,,,,,,
36,upsert,0,L0000,2560,0,1787891381.681677,18.711638927459717,21,0,36,1787891362.9700382,base,agg_static@rho1.0,1,0.55,0.0,4,1.0,agg_static,1787891362.9700093,0,2560,,0,0,0,0,0,0,0,2,37,,0;1;1;1,40,0,0,,,,0,3,,,,,,,,,,,,,,,,,,,,,,,,,,
37,upsert,2,L0009,2048,0,1787891381.6817377,18.711267471313477,22,0,37,1787891362.9704702,base,agg_static@rho1.0,1,0.55,0.0,4,1.0,agg_static,1787891362.9704535,0,2048,,0,0,0,0,0,0,0,1,38,,0;1;0;1,40,0,0,,,,0,2,,,,,,,,,,,,,,,,,,,,,,,,,,
38,upsert,1,L0047,2048,0,1787891381.6817741,18.711025953292847,23,0,38,1787891362.9707482,base,agg_static@rho1.0,1,0.55,0.0,4,1.0,agg_static,1787891362.9707355,0,2048,,0,0,0,0,0,0,0,1,39,,0;0;0;1,40,0,0,,,,0,1,,,,,,,,,,,,,,,,,,,,,,,,,,
39,upsert,3,L0033,2560,0,1787891381.681804,18.710798263549805,24,0,39,1787891362.9710057,base,agg_static@rho1.0,1,0.55,0.0,4,1.0,agg_static,1787891362.970994,0,2560,,0,0,0,0,0,0,0,2,40,,0;0;0;0,40,0,0,,,,0,0,,,,,,,,,,,,,,,,,,,,,,,,,,
41,upsert,3,L0001,2048,2560,1787891381.6818318,16.313746690750122,25,0,41,1787891365.3680851,base,agg_static@rho1.0,1,0.55,0.0,4,1.0,agg_static,1787891365.368064,2560,-512,13.527965545654297,0,0,0,0,0,0,0,4,41,17.635501861572266,0;1;1;0,44,1,0,,,,0,2,,,,,,,,,,,,,,,,,,,,,,,,,,
42,upsert,1,L0050,2048,0,1787891392.5226138,27.15415072441101,26,0,42,1787891365.368463,base,agg_static@rho1.0,1,0.55,0.0,4,1.0,agg_static,1787891365.3684475,0,2048,,0,0,0,0,0,0,0,1,42,17.635501861572266,0;0;1;0,44,0,0,,,,0,1,,,,,,,,,,,,,,,,,,,,,,,,,,
43,upsert,2,L0033,3072,0,1787891392.522754,27.15396285057068,27,0,43,1787891365.368791,base,agg_static@rho1.0,1,0.55,0.0,4,1.0,agg_static,1787891365.3687725,2048,1024,9.923782110214233,0,0,0,0,0,0,0,3,43,17.635501861572266,0;0;0;0,44,1,0,,,,0,0,,,,,,,,,,,,,,,,,,,,,,,,,,
44,upsert,0,L0027,2048,0,1787891392.5228312,25.279703378677368,28,0,44,1787891367.2431278,base,agg_static@rho1.0,1,0.55,0.0,4,1.0,agg_static,1787891367.2430995,0,2048,,0,0,0,0,0,0,0,1,42,17.955273469289143,0;1;1;1,48,0,0,,,,0,3,,,,,,,,,,,,,,,,,,,,,,,,,,
45,upsert,1,L0035,2048,0,1787891392.5228837,25.279250383377075,29,0,45,1787891367.2436333,base,agg_static@rho1.0,1,0.55,0.0,4,1.0,agg_static,1787891367.243615,0,2048,,0,0,0,0,0,0,0,1,43,17.955273469289143,0;0;1;1,48,0,0,,,,0,2,,,,,,,,,,,,,,,,,,,,,,,,,,
46,upsert,2,L0025,2048,0,1787891392.5229344,25.278950929641724,30,0,46,1787891367.2439835,base,agg_static@rho1.0,1,0.55,0.0,4,1.0,agg_static,1787891367.2439685,0,2048,,0,0,0,0,0,0,0,1,44,17.955273469289143,0;0;0;1,48,0,0,,,,0,1,,,,,,,,,,,,,,,,,,,,,,,,,,
47,upsert,3,L0034,3072,0,1787891392.522982,25.278632879257202,31,0,47,1787891367.244349,base,agg_static@rho1.0,1,0.55,0.0,4,1.0,agg_static,1787891367.244329,2048,1024,11.799247741699219,0,0,0,0,0,0,0,3,45,17.955273469289143,0;0;0;0,48,1,0,,,,0,0,,,,,,,,,,,,,,,,,,,,,,,,,,
48,upsert,0,L0039,2048,0,1787891392.5230312,23.02894902229309,32,0,48,1787891369.4940822,base,agg_static@rho1.0,1,0.55,0.0,4,1.0,agg_static,1787891369.494053,0,2048,,0,0,0,0,0,0,0,1,39,15.627543425559997,0;1;1;1,52,0,0,,,,0,3,,,,,,,,,,,,,,,,,,,,,,,,,,
49,upsert,2,L0013,2560,0,1787891392.523076,23.02847146987915,33,0,49,1787891369.4946046,base,agg_static@rho1.0,1,0.55,0.0,4,1.0,agg_static,1787891369.4945858,0,2560,,0,0,2048,0,2048,1,0,2,40,15.627543425559997,0;1;0;1,52,0,0,,,,0,2,,,,,,,,,,,,,,,,,,,,,,,,,,
50,upsert,1,L0000,3072,0,1787891398.0927145,28.597699403762817,34,0,50,1787891369.4950151,base,agg_static@rho1.0,1,0.55,0.0,4,1.0,agg_static,1787891369.4950004,0,3072,,0,0,0,0,0,0,0,4,41,15.627543425559997,0;0;0;1,52,0,0,,,,0,1,,,,,,,,,,,,,,,,,,,,,,,,,,
52,upsert,0,L0014,2048,0,1787891398.0928514,26.193262100219727,35,0,52,1787891371.8995893,base,agg_static@rho1.0,1,0.55,0.0,4,1.0,agg_static,1787891371.8995614,0,2048,,0,0,0,0,0,0,0,1,43,15.627543425559997,1;1;0;1,57,0,0,,,,0,3,,,,,,,,,,,,,,,,,,,,,,,,,,
53,upsert,3,L0006,2560,0,1787891398.0929248,26.192840814590454,36,0,53,1787891371.900084,base,agg_static@rho1.0,1,0.55,0.0,4,1.0,agg_static,1787891371.9000654,0,2560,,0,0,0,0,0,0,0,2,44,15.627543425559997,1;1;0;0,57,0,0,,,,0,2,,,,,,,,,,,,,,,,,,,,,,,,,,
54,upsert,1,L0024,2560,0,1787891398.0929763,26.192440509796143,37,0,54,1787891371.9005358,base,agg_static@rho1.0,1,0.55,0.0,4,1.0,agg_static,1787891371.9005206,0,2560,,0,0,0,0,0,0,0,2,45,15.627543425559997,1;0;0;0,57,0,0,,,,0,1,,,,,,,,,,,,,,,,,,,,,,,,,,
55,upsert,0,L0022,2560,2048,1787891398.093025,26.19209861755371,38,0,55,1787891371.9009264,base,agg_static@rho1.0,1,0.55,0.0,4,1.0,agg_static,1787891371.9009097,2048,512,20.0611789226532,0,2048,2048,0,2048,1,0,2,46,15.627543425559997,0;0;0;0,57,0,0,,,,0,0,,,,,,,,,,,,,,,,,,,,,,,,,,
56,upsert,3,L0001,2560,2048,1787891398.0930598,24.17733120918274,39,0,56,1787891373.9157286,base,agg_static@rho1.0,1,0.55,0.0,4,1.0,agg_static,1787891373.9156961,2048,512,8.547632217407227,0,2560,2560,2048,512,2,0,5,47,15.627543425559997,1;1;1;0,64,1,0,,,,0,3,,,,,,,,,,,,,,,,,,,,,,,,,,
57,upsert,0,L0022,3072,2560,1787891398.0930903,24.1767897605896,40,0,57,1787891373.9163005,base,agg_static@rho1.0,1,0.55,0.0,4,1.0,agg_static,1787891373.9162805,2560,512,2.0153708457946777,0,2048,2048,0,2048,1,0,3,48,15.627543425559997,0;1;1;0,64,1,0,,,,0,2,,,,,,,,,,,,,,,,,,,,,,,,,,
58,upsert,2,L0021,2560,0,1787891405.1207223,31.203972816467285,41,0,58,1787891373.9167495,base,agg_static@rho1.0,1,0.55,0.0,4,1.0,agg_static,1787891373.9167345,0,2560,,0,0,0,0,0,0,0,2,49,15.627543425559997,0;1;0;0,64,0,0,,,,0,1,,,,,,,,,,,,,,,,,,,,,,,,,,
59,upsert,1,L0013,3072,2048,1787891405.120853,31.2037193775177,42,0,59,1787891373.9171336,base,agg_static@rho1.0,1,0.55,0.0,4,1.0,agg_static,1787891373.9171164,2048,1024,20.054524421691895,0,2048,2048,0,2048,1,0,3,50,15.627543425559997,0;0;0;0,64,0,0,,,,0,0,,,,,,,,,,,,,,,,,,,,,,,,,,
60,upsert,0,L0052,2048,0,1787891405.1209245,28.504533529281616,43,0,60,1787891376.616391,base,agg_static@rho1.0,1,0.55,0.0,4,1.0,agg_static,1787891376.6163638,0,2048,,0,0,0,0,0,0,0,1,43,15.609531389342415,0;1;0;2,69,0,0,,,,0,3,,,,,,,,,,,,,,,,,,,,,,,,,,
61,upsert,3,L0021,3072,0,1787891405.1209764,28.504067182540894,44,0,61,1787891376.6169093,base,agg_static@rho1.0,1,0.55,0.0,4,1.0,agg_static,1787891376.6168885,2048,1024,28.184534788131714,0,0,0,0,0,0,0,3,44,15.609531389342415,0;1;0;1,69,1,0,,,,0,2,,,,,,,,,,,,,,,,,,,,,,,,,,
62,upsert,1,L0040,2048,0,1787891405.1210222,28.50364899635315,45,0,62,1787891376.6173732,base,agg_static@rho1.0,1,0.55,0.0,4,1.0,agg_static,1787891376.617358,0,2048,,0,0,0,0,0,0,0,1,45,15.609531389342415,0;0;0;1,69,0,0,,,,0,1,,,,,,,,,,,,,,,,,,,,,,,,,,
63,upsert,3,L0007,3072,2560,1787891405.1210668,28.50333333015442,46,0,63,1787891376.6177335,base,agg_static@rho1.0,1,0.55,0.0,4,1.0,agg_static,1787891376.6177177,2560,512,22.755231380462646,0,2560,2560,2048,512,2,0,3,46,15.609531389342415,0;0;0;0,69,0,0,,,,0,0,,,,,,,,,,,,,,,,,,,,,,,,,,
64,upsert,1,L0070,2048,0,1787891405.1210976,26.91753649711609,47,1,64,1787891378.203561,base,agg_static@rho1.0,1,0.55,0.0,4,1.0,agg_static,1787891378.2035322,0,2048,,0,0,0,0,0,0,0,1,47,15.609531389342415,1;0;1;1,73,0,1,0,0,1,0,3,120,120,0.5812156200408936,,1,1,1,1,0,0,0,0,0,0.0,0.0,0.0,26917.53649711609,0.0,86.141695,2080.0,0,0,0,0,0,0
65,upsert,2,L0077,2048,0,1787891405.121124,26.917039394378662,48,0,65,1787891378.2040846,base,agg_static@rho1.0,1,0.55,0.0,4,1.0,agg_static,1787891378.2040668,0,2048,,0,0,0,0,0,0,0,1,48,15.609531389342415,1;0;0;1,73,0,0,,,,0,2,,,,,,,,,,,,,,,,,,,,,,,,,,
0,upsert,0,L0012,2048,0,1787891441.0684488,22.949079036712646,1,0,0,1787891418.1193697,base,exact_fifo@rho0.8,1,0.55,0.0,4,0.8,exact_fifo,1787891418.1193452,0,2048,,0,0,0,0,0,0,0,1,1,,0;1;1;1,4,0,0,,,,0,3,,,,,,,,,,,,,,,,,,,,,,,,,,
1,upsert,2,L0007,2048,0,1787891442.038546,23.91903066635132,2,1,1,1787891418.1195154,base,exact_fifo@rho0.8,1,0.55,0.0,4,0.8,exact_fifo,1787891418.119502,0,2048,,0,0,0,0,0,0,0,1,2,,0;1;0;1,4,0,1,0,1,0,0,2,63,63,5.593360662460327,,0,2,0,2,0,1,0,2048,2048,40.96,2.0,38.96,23919.03066635132,38.96,2748.11586,2080.0,1,1,1,38.96,38.96,38.96
2,upsert,1,L0059,2048,0,1787891442.038666,23.919042587280273,3,0,2,1787891418.1196234,base,exact_fifo@rho0.8,1,0.55,0.0,4,0.8,exact_fifo,1787891418.1196125,0,2048,,0,0,0,0,0,0,0,1,3,,0;0;0;1,4,0,0,,,,0,1,,,,,,,,,,,,,,,,,,,,,,,,,,
3,upsert,3,L0016,2048,0,1787891443.4863873,25.366679191589355,4,0,3,1787891418.119708,base,exact_fifo@rho0.8,1,0.55,0.0,4,0.8,exact_fifo,1787891418.1196988,0,2048,,0,0,0,0,0,0,0,1,4,,0;0;0;0,4,0,0,,,,0,0,,,,,,,,,,,,,,,,,,,,,,,,,,
4,upsert,0,L0029,2048,0,1787891443.486497,23.597638607025146,5,0,4,1787891419.8888583,base,exact_fifo@rho0.8,1,0.55,0.0,4,0.8,exact_fifo,1787891419.8888342,0,2048,,0,0,0,0,0,0,0,1,5,,0;1;1;1,8,0,0,,,,0,3,,,,,,,,,,,,,,,,,,,,,,,,,,
5,upsert,3,L0021,2048,0,1787891443.4865584,23.597540140151978,6,2,5,1787891419.8890183,base,exact_fifo@rho0.8,1,0.55,0.0,4,0.8,exact_fifo,1787891419.8890047,0,2048,,0,0,0,0,0,0,0,1,6,,0;1;1;0,8,0,1,0,0,1,0,2,58,58,1.4119951725006104,,3,3,3,3,0,0,0,0,0,0.0,0.0,0.0,23597.540140151978,0.0,717.116056,2080.0,0,1,1,0,40.96,40.96
6,upsert,1,L0004,2048,0,1787891443.4866202,23.597500801086426,7,0,6,1787891419.8891194,base,exact_fifo@rho0.8,1,0.55,0.0,4,0.8,exact_fifo,1787891419.8891087,0,2048,,0,0,0,0,0,0,0,1,7,,0;0;1;0,8,0,0,,,,0,1,,,,,,,,,,,,,,,,,,,,,,,,,,
7,upsert,2,L0001,2048,0,1787891443.4866707,23.597448348999023,8,1,7,1787891419.8892224,base,exact_fifo@rho0.8,1,0.55,0.0,4,0.8,exact_fifo,1787891419.8892126,0,2048,,0,0,0,0,0,0,0,1,8,,0;0;0;0,8,0,1,0,1,0,0,0,56,56,1.4117724895477295,,0,2,0,2,0,0,0,2048,2048,40.96,0.0,40.96,23597.448348999023,40.96,524.320091,2080.0,1,1,1,40.96,40.96,40.96
8,upsert,0,L0063,2048,0,1787891443.486719,22.121066093444824,9,0,8,1787891421.3656528,base,exact_fifo@rho0.8,1,0.55,0.0,4,0.8,exact_fifo,1787891421.3656282,0,2048,,0,0,0,0,0,0,0,1,9,,0;1;1;1,12,0,0,,,,0,3,,,,,,,,,,,,,,,,,,,,,,,,,,
9,upsert,1,L0041,2048,0,1787891443.4867668,22.120951175689697,10,0,9,1787891421.3658156,base,exact_fifo@rho0.8,1,0.55,0.0,4,0.8,exact_fifo,1787891421.3658013,0,2048,,0,0,0,0,0,0,0,1,10,,0;0;1;1,12,0,0,,,,0,2,,,,,,,,,,,,,,,,,,,,,,,,,,
10,upsert,2,L0023,2048,0,1787891458.8445697,37.47863745689392,11,0,10,1787891421.3659322,base,exact_fifo@rho0.8,1,0.55,0.0,4,0.8,exact_fifo,1787891421.3659203,0,2048,,0,0,0,0,0,0,0,1,11,,0;0;0;1,12,0,0,,,,0,1,,,,,,,,,,,,,,,,,,,,,,,,,,
11,upsert,3,L0046,2048,0,1787891458.8446457,37.47862505912781,12,0,11,1787891421.3660207,base,exact_fifo@rho0.8,1,0.55,0.0,4,0.8,exact_fifo,1787891421.3660104,0,2048,,0,0,0,0,0,0,0,1,12,,0;0;0;0,12,0,0,,,,0,0,,,,,,,,,,,,,,,,,,,,,,,,,,
12,upsert,0,L0022,2048,0,1787891458.8446858,35.314661741256714,13,0,12,1787891423.530024,base,exact_fifo@rho0.8,1,0.55,0.0,4,0.8,exact_fifo,1787891423.5299993,0,2048,,0,0,0,0,0,0,0,1,13,,0;1;1;1,16,0,0,,,,0,3,,,,,,,,,,,,,,,,,,,,,,,,,,
13,upsert,2,L0019,2048,0,1787891458.84472,35.31450080871582,14,0,13,1787891423.530219,base,exact_fifo@rho0.8,1,0.55,0.0,4,0.8,exact_fifo,1787891423.5302033,0,2048,,0,0,0,0,0,0,0,1,14,,0;1;0;1,16,0,0,,,,0,2,,,,,,,,,,,,,,,,,,,,,,,,,,
14,upsert,1,L0004,2560,2048,1787891458.8447485,35.314420223236084,15,0,14,1787891423.5303283,base,exact_fifo@rho0.8,1,0.55,0.0,4,0.8,exact_fifo,1787891423.5303123,2048,512,3.6412036418914795,0,0,0,0,0,0,0,2,15,,0;0;0;1,16,1,0,,,,0,1,,,,,,,,,,,,,,,,,,,,,,,,,,
15,upsert,3,L0001,2560,0,1787891458.844779,35.31436061859131,16,0,15,1787891423.5304184,base,exact_fifo@rho0.8,1,0.55,0.0,4,0.8,exact_fifo,1787891423.5304074,0,2560,,0,0,0,0,0,0,0,2,16,,0;0;0;0,16,0,0,,,,0,0,,,,,,,,,,,,,,,,,,,,,,,,,,
16,upsert,0,L0029,2560,2048,1787891458.844805,32.984272956848145,17,0,16,1787891425.860532,base,exact_fifo@rho0.8,1,0.55,0.0,4,0.8,exact_fifo,1787891425.8605032,2048,512,5.97166895866394,0,0,0,0,0,0,0,2,17,,0;1;1;1,20,1,0,,,,0,3,,,,,,,,,,,,,,,,,,,,,,,,,,
17,upsert,3,L0007,2560,0,1787891458.8448327,32.98413419723511,18,0,17,1787891425.8606985,base,exact_fifo@rho0.8,1,0.55,0.0,4,0.8,exact_fifo,1787891425.8606825,0,2560,,0,0,0,0,0,0,0,2,18,,0;1;1;0,20,0,0,,,,0,2,,,,,,,,,,,,,,,,,,,,,,,,,,
18,upsert,1,L0013,2048,0,1787891464.9490657,39.0882682800293,19,0,18,1787891425.8607974,base,exact_fifo@rho0.8,1,0.55,0.0,4,0.8,exact_fifo,1787891425.8607862,0,2048,,0,0,0,0,0,0,0,1,19,,0;0;1;0,20,0,0,,,,0,1,,,,,,,,,,,,,,,,,,,,,,,,,,
19,upsert,2,L0017,2048,0,1787891464.9492037,39.08832097053528,20,0,19,1787891425.8608828,base,exact_fifo@rho0.8,1,0.55,0.0,4,0.8,exact_fifo,1787891425.8608727,0,2048,,0,0,0,0,0,0,0,1,20,,0;0;0;0,20,0,0,,,,0,0,,,,,,,,,,,,,,,,,,,,,,,,,,
20,upsert,0,L0024,2048,0,1787891464.949269,37.630728006362915,21,0,20,1787891427.318541,base,exact_fifo@rho0.8,1,0.55,0.0,4,0.8,exact_fifo,1787891427.318516,0,2048,,0,0,0,0,0,0,0,1,21,,0;1;1;1,24,0,0,,,,0,3,,,,,,,,,,,,,,,,,,,,,,,,,,
21,upsert,1,L0053,2048,0,1787891464.9493291,37.63062381744385,22,0,21,1787891427.3187053,base,exact_fifo@rho0.8,1,0.55,0.0,4,0.8,exact_fifo,1787891427.3186903,0,2048,,0,0,0,0,0,0,0,1,22,,0;0;1;1,24,0,0,,,,0,2,,,,,,,,,,,,,,,,,,,,,,,,,,
22,upsert,2,L0033,2048,0,1787891464.9493635,37.630555629730225,23,0,22,1787891427.3188078,base,exact_fifo@rho0.8,1,0.55,0.0,4,0.8,exact_fifo,1787891427.3187952,0,2048,,0,0,0,0,0,0,0,1,23,,0;0;0;1,24,0,0,,,,0,1,,,,,,,,,,,,,,,,,,,,,,,,,,
23,upsert,3,L0034,2048,0,1787891464.9493942,37.63050150871277,24,0,23,1787891427.3188927,base,exact_fifo@rho0.8,1,0.55,0.0,4,0.8,exact_fifo,1787891427.3188825,0,2048,,0,0,0,0,0,0,0,1,24,,0;0;0;0,24,0,0,,,,0,0,,,,,,,,,,,,,,,,,,,,,,,,,,
24,upsert,0,L0042,2048,0,1787891464.949426,36.02979040145874,25,0,24,1787891428.9196355,base,exact_fifo@rho0.8,1,0.55,0.0,4,0.8,exact_fifo,1787891428.9196017,0,2048,,0,0,0,0,0,0,0,1,25,,0;1;1;1,28,0,0,,,,0,3,,,,,,,,,,,,,,,,,,,,,,,,,,
25,upsert,2,L0026,2048,0,1787891480.6654181,51.74560046195984,26,0,25,1787891428.9198177,base,exact_fifo@rho0.8,1,0.55,0.0,4,0.8,exact_fifo,1787891428.9198024,0,2048,,0,0,0,0,0,0,0,1,26,,0;1;0;1,28,0,0,,,,0,2,,,,,,,,,,,,,,,,,,,,,,,,,,
26,upsert,1,L0005,2048,0,1787891480.6655352,51.745617151260376,27,0,26,1787891428.919918,base,exact_fifo@rho0.8,1,0.55,0.0,4,0.8,exact_fifo,1787891428.9199069,0,2048,,0,0,0,0,0,0,0,1,27,,0;0;0;1,28,0,0,,,,0,1,,,,,,,,,,,,,,,,,,,,,,,,,,
27,upsert,3,L0000,2048,0,1787891480.6655996,51.745601177215576,28,0,27,1787891428.9199984,base,exact_fifo@rho0.8,1,0.55,0.0,4,0.8,exact_fifo,1787891428.9199886,0,2048,,0,0,0,0,0,0,0,1,28,,0;0;0;0,28,0,0,,,,0,0,,,,,,,,,,,,,,,,,,,,,,,,,,
28,upsert,0,L0034,2560,0,1787891480.6656482,49.96788215637207,29,0,28,1787891430.697766,base,exact_fifo@rho0.8,1,0.55,0.0,4,0.8,exact_fifo,1787891430.6977422,0,2560,,0,0,0,0,0,0,0,2,29,,0;1;1;1,32,0,0,,,,0,3,,,,,,,,,,,,,,,,,,,,,,,,,,
29,upsert,3,L0002,2048,0,1787891480.665693,49.96775197982788,30,0,29,1787891430.697941,base,exact_fifo@rho0.8,1,0.55,0.0,4,0.8,exact_fifo,1787891430.6979277,0,2048,,0,0,0,0,0,0,0,1,30,,0;1;1;0,32,0,0,,,,0,2,,,,,,,,,,,,,,,,,,,,,,,,,,
30,upsert,1,L0011,2048,0,1787891480.665733,49.967690229415894,31,0,30,1787891430.6980429,base,exact_fifo@rho0.8,1,0.55,0.0,4,0.8,exact_fifo,1787891430.698031,0,2048,,0,0,0,0,0,0,0,1,31,,0;0;1;0,32,0,0,,,,0,1,,,,,,,,,,,,,,,,,,,,,,,,,,
31,upsert,2,L0018,2048,0,1787891480.6657715,49.96764302253723,32,0,31,1787891430.6981285,base,exact_fifo@rho0.8,1,0.55,0.0,4,0.8,exact_fifo,1787891430.698119,0,2048,,0,0,0,0,0,0,0,1,32,,0;0;0;0,32,0,0,,,,0,0,,,,,,,,,,,,,,,,,,,,,,,,,,
32,upsert,0,L0005,2560,0,1787891480.6658156,47.590877294540405,33,0,32,1787891433.0749383,base,exact_fifo@rho0.8,1,0.55,0.0,4,0.8,exact_fifo,1787891433.0749063,0,2560,,0,0,0,0,0,0,0,2,33,,0;1;1;1,36,0,0,,,,0,3,,,,,,,,,,,,,,,,,,,,,,,,,,
33,upsert,1,L0042,2560,0,1787891486.2773728,53.20199227333069,34,0,33,1787891433.0753806,base,exact_fifo@rho0.8,1,0.55,0.0,4,0.8,exact_fifo,1787891433.0753639,0,2560,,0,0,0,0,0,0,0,2,34,,0;0;1;1,36,0,0,,,,0,2,,,,,,,,,,,,,,,,,,,,,,,,,,
34,upsert,2,L0006,2048,0,1787891486.2774942,53.201804876327515,35,0,34,1787891433.0756893,base,exact_fifo@rho0.8,1,0.55,0.0,4,0.8,exact_fifo,1787891433.0756767,0,2048,,0,0,0,0,0,0,0,1,35,,0;0;0;1,36,0,0,,,,0,1,,,,,,,,,,,,,,,,,,,,,,,,,,
35,upsert,3,L0055,2048,0,1787891486.2775586,53.20161700248718,36,0,35,1787891433.0759416,base,exact_fifo@rho0.8,1,0.55,0.0,4,0.8,exact_fifo,1787891433.0759308,0,2048,,0,0,0,0,0,0,0,1,36,,0;0;0;0,36,0,0,,,,0,0,,,,,,,,,,,,,,,,,,,,,,,,,,
36,upsert,0,L0000,2560,0,1787891486.2776065,50.75911903381348,37,0,36,1787891435.5184875,base,exact_fifo@rho0.8,1,0.55,0.0,4,0.8,exact_fifo,1787891435.518463,0,2560,,0,0,0,0,0,0,0,2,37,,0;1;1;1,40,0,0,,,,0,3,,,,,,,,,,,,,,,,,,,,,,,,,,
37,upsert,2,L0009,2048,0,1787891486.277653,50.75875949859619,38,0,37,1787891435.5188935,base,exact_fifo@rho0.8,1,0.55,0.0,4,0.8,exact_fifo,1787891435.518878,0,2048,,0,0,0,0,0,0,0,1,38,,0;1;0;1,40,0,0,,,,0,2,,,,,,,,,,,,,,,,,,,,,,,,,,
38,upsert,1,L0047,2048,0,1787891486.2776988,50.75851821899414,39,0,38,1787891435.5191805,base,exact_fifo@rho0.8,1,0.55,0.0,4,0.8,exact_fifo,1787891435.519154,0,2048,,0,0,0,0,0,0,0,1,39,,0;0;0;1,40,0,0,,,,0,1,,,,,,,,,,,,,,,,,,,,,,,,,,
39,upsert,3,L0033,2560,0,1787891486.277737,50.75830006599426,40,0,39,1787891435.5194368,base,exact_fifo@rho0.8,1,0.55,0.0,4,0.8,exact_fifo,1787891435.5194254,0,2560,,0,0,0,0,0,0,0,2,40,,0;0;0;0,40,0,0,,,,0,0,,,,,,,,,,,,,,,,,,,,,,,,,,
40,upsert,0,L0001,3072,0,1787891486.2777743,48.3200409412384,41,0,40,1787891437.9577334,base,exact_fifo@rho0.8,1,0.55,0.0,4,0.8,exact_fifo,1787891437.957709,0,3072,,0,0,0,0,0,0,0,4,41,,0;1;1;1,44,0,0,,,,0,3,,,,,,,,,,,,,,,,,,,,,,,,,,
7,upsert,2,L0001,2048,0,1787891526.7620351,30.896525859832764,1,0,7,1787891495.8655093,base,agg_full@rho1.2,1,0.55,0.0,4,1.2,agg_full,1787891495.8654997,0,2048,,0,0,0,0,0,0,0,1,8,,0;0;0;0,8,0,0,,,,0,0,,,,,,,,,,,,,,,,,,,,,,,,,,
14,upsert,1,L0004,2560,0,1787891528.2226865,28.4854838848114,2,0,14,1787891499.7372026,base,agg_full@rho1.2,1,0.55,0.0,4,1.2,agg_full,1787891499.7371857,2048,512,3.8717713356018066,0,0,0,0,0,0,0,2,15,,0;0;0;1,16,1,0,,,,0,1,,,,,,,,,,,,,,,,,,,,,,,,,,
15,upsert,3,L0001,2560,0,1787891528.2228231,28.485525131225586,3,0,15,1787891499.737298,base,agg_full@rho1.2,1,0.55,0.0,4,1.2,agg_full,1787891499.7372866,0,2560,,0,0,0,0,0,0,0,2,16,,0;0;0;0,16,0,0,,,,0,0,,,,,,,,,,,,,,,,,,,,,,,,,,
32,upsert,0,L0005,2560,0,1787891546.5600305,37.64708638191223,4,0,32,1787891508.912944,base,agg_full@rho1.2,1,0.55,0.0,4,1.2,agg_full,1787891508.912917,0,2560,,0,0,0,0,0,0,0,2,33,,0;1;1;1,36,0,0,,,,0,3,,,,,,,,,,,,,,,,,,,,,,,,,,
33,upsert,1,L0042,2560,0,1787891546.560152,37.646777868270874,5,0,33,1787891508.9133742,base,agg_full@rho1.2,1,0.55,0.0,4,1.2,agg_full,1787891508.9133573,0,2560,,0,0,0,0,0,0,0,2,34,,0;0;1;1,36,0,0,,,,0,2,,,,,,,,,,,,,,,,,,,,,,,,,,
38,upsert,1,L0047,2048,0,1787891546.5602422,35.50404930114746,6,0,38,1787891511.0561929,base,agg_full@rho1.2,1,0.55,0.0,4,1.2,agg_full,1787891511.05618,0,2048,,0,0,0,0,0,0,0,1,39,,0;0;0;1,40,0,0,,,,0,1,,,,,,,,,,,,,,,,,,,,,,,,,,
39,upsert,3,L0033,2560,0,1787891546.5603018,35.503856897354126,7,0,39,1787891511.056445,base,agg_full@rho1.2,1,0.55,0.0,4,1.2,agg_full,1787891511.0564342,0,2560,,0,0,0,0,0,0,0,2,40,,0;0;0;0,40,0,0,,,,0,0,,,,,,,,,,,,,,,,,,,,,,,,,,
41,upsert,3,L0001,2048,2560,1787891546.560351,33.13115382194519,8,0,41,1787891513.429197,base,agg_full@rho1.2,1,0.55,0.0,4,1.2,agg_full,1787891513.42915,2560,-512,13.691863536834717,0,0,0,0,0,0,0,4,42,,0;1;1;0,44,1,0,,,,0,2,,,,,,,,,,,,,,,,,,,,,,,,,,
42,upsert,1,L0050,2048,0,1787891546.560398,33.13090515136719,9,0,42,1787891513.429493,base,agg_full@rho1.2,1,0.55,0.0,4,1.2,agg_full,1787891513.4294796,0,2048,,0,0,0,0,0,0,0,1,43,,0;0;1;0,44,0,0,,,,0,1,,,,,,,,,,,,,,,,,,,,,,,,,,
43,upsert,2,L0033,3072,0,1787891546.5604463,33.13068747520447,10,0,43,1787891513.4297588,base,agg_full@rho1.2,1,0.55,0.0,4,1.2,agg_full,1787891513.429743,2048,1024,9.986196994781494,0,0,0,0,0,0,0,3,44,,0;0;0;0,44,1,0,,,,0,0,,,,,,,,,,,,,,,,,,,,,,,,,,
44,upsert,0,L0027,2048,0,1787891553.5260437,38.46736693382263,11,0,44,1787891515.0586767,base,agg_full@rho1.2,1,0.55,0.0,4,1.2,agg_full,1787891515.0586457,0,2048,,0,0,0,0,0,0,0,1,45,,0;1;1;1,48,0,0,,,,0,3,,,,,,,,,,,,,,,,,,,,,,,,,,
45,upsert,1,L0035,2048,0,1787891553.5260892,38.467037200927734,12,0,45,1787891515.059052,base,agg_full@rho1.2,1,0.55,0.0,4,1.2,agg_full,1787891515.0590346,0,2048,,0,0,0,0,0,0,0,1,46,,0;0;1;1,48,0,0,,,,0,2,,,,,,,,,,,,,,,,,,,,,,,,,,
46,upsert,2,L0025,2048,0,1787891553.5261123,38.46677350997925,13,0,46,1787891515.0593388,base,agg_full@rho1.2,1,0.55,0.0,4,1.2,agg_full,1787891515.059326,0,2048,,0,0,0,0,0,0,0,1,47,,0;0;0;1,48,0,0,,,,0,1,,,,,,,,,,,,,,,,,,,,,,,,,,
47,upsert,3,L0034,3072,0,1787891553.5261312,38.46653127670288,14,0,47,1787891515.0595999,base,agg_full@rho1.2,1,0.55,0.0,4,1.2,agg_full,1787891515.0595841,2048,1024,11.615950584411621,0,0,0,0,0,0,0,3,48,,0;0;0;0,48,1,0,,,,0,0,,,,,,,,,,,,,,,,,,,,,,,,,,
48,upsert,0,L0039,2048,0,1787891553.52615,35.74152064323425,15,0,48,1787891517.7846293,base,agg_full@rho1.2,1,0.55,0.0,4,1.2,agg_full,1787891517.7846029,0,2048,,0,0,0,0,0,0,0,1,49,,0;1;1;1,52,0,0,,,,0,3,,,,,,,,,,,,,,,,,,,,,,,,,,
49,upsert,2,L0013,2560,0,1787891553.5261831,35.74118375778198,16,0,49,1787891517.7849994,base,agg_full@rho1.2,1,0.55,0.0,4,1.2,agg_full,1787891517.7849846,0,2560,,0,0,0,0,0,0,0,2,50,,0;1;0;1,52,0,0,,,,0,2,,,,,,,,,,,,,,,,,,,,,,,,,,
50,upsert,1,L0000,3072,0,1787891553.5261996,35.74086141586304,17,0,50,1787891517.7853382,base,agg_full@rho1.2,1,0.55,0.0,4,1.2,agg_full,1787891517.785325,0,3072,,0,0,0,0,0,0,0,4,51,,0;0;0;1,52,0,0,,,,0,1,,,,,,,,,,,,,,,,,,,,,,,,,,
51,upsert,3,L0000,2048,0,1787891553.5262172,35.740554332733154,18,0,51,1787891517.785663,base,agg_full@rho1.2,1,0.55,0.0,4,1.2,agg_full,1787891517.7856472,2048,0,12.877234935760498,0,0,0,0,0,0,0,4,52,,0;0;0;0,52,1,0,,,,0,0,,,,,,,,,,,,,,,,,,,,,,,,,,
33,upsert,1,L0042,2560,0,1787891612.175886,32.00310683250427,1,0,33,1787891580.172779,base,agg_full@rho0.8,1,0.55,0.0,4,0.8,agg_full,1787891580.1727626,0,2560,,0,0,0,0,0,0,0,2,34,,0;0;1;1,36,0,0,,,,0,2,,,,,,,,,,,,,,,,,,,,,,,,,,
39,upsert,3,L0033,2560,0,1787891613.1459982,30.76866364479065,2,0,39,1787891582.3773346,base,agg_full@rho0.8,1,0.55,0.0,4,0.8,agg_full,1787891582.3773224,0,2560,,0,0,0,0,0,0,0,2,40,,0;0;0;0,40,0,0,,,,0,0,,,,,,,,,,,,,,,,,,,,,,,,,,
43,upsert,2,L0033,3072,0,1787891613.1460614,27.947834014892578,3,0,43,1787891585.1982274,base,agg_full@rho0.8,1,0.55,0.0,4,0.8,agg_full,1787891585.198211,2048,1024,10.599072933197021,0,0,0,0,0,0,0,3,44,,0;0;0;0,44,1,0,,,,0,0,,,,,,,,,,,,,,,,,,,,,,,,,,
47,upsert,3,L0034,3072,0,1787891622.1311345,35.04402184486389,4,0,47,1787891587.0871127,base,agg_full@rho0.8,1,0.55,0.0,4,0.8,agg_full,1787891587.087097,2048,1024,12.487833976745605,0,0,0,0,0,0,0,3,48,,0;0;0;0,48,1,0,,,,0,0,,,,,,,,,,,,,,,,,,,,,,,,,,
50,upsert,1,L0000,3072,0,1787891622.131218,32.57370471954346,5,0,50,1787891589.5575132,base,agg_full@rho0.8,1,0.55,0.0,4,0.8,agg_full,1787891589.557492,0,3072,,0,0,0,0,0,0,0,4,51,,0;0;0;1,52,0,0,,,,0,1,,,,,,,,,,,,,,,,,,,,,,,,,,
51,upsert,3,L0000,2048,0,1787891622.1312551,32.57323598861694,6,0,51,1787891589.5580192,base,agg_full@rho0.8,1,0.55,0.0,4,0.8,agg_full,1787891589.557997,2048,0,13.12581753730774,0,0,0,0,0,0,0,4,52,,0;0;0;0,52,1,0,,,,0,0,,,,,,,,,,,,,,,,,,,,,,,,,,
55,upsert,2,L0022,2560,0,1787891622.1312835,30.174137115478516,7,0,55,1787891591.9571464,base,agg_full@rho0.8,1,0.55,0.0,4,0.8,agg_full,1787891591.9571283,0,2560,,0,0,0,0,0,0,0,2,56,,0;0;0;0,56,0,0,,,,0,0,,,,,,,,,,,,,,,,,,,,,,,,,,
56,upsert,0,L0001,2560,0,1787891622.1313107,27.330575704574585,8,0,56,1787891594.800735,base,agg_full@rho0.8,1,0.55,0.0,4,0.8,agg_full,1787891594.8007047,3072,-512,9.603518962860107,0,0,0,0,0,0,0,5,57,,0;1;1;1,60,1,0,,,,0,3,,,,,,,,,,,,,,,,,,,,,,,,,,
57,upsert,1,L0022,3072,0,1787891622.131338,27.330055475234985,9,0,57,1787891594.8012824,base,agg_full@rho0.8,1,0.55,0.0,4,0.8,agg_full,1787891594.8012571,0,3072,,0,0,0,0,0,0,0,3,58,,0;0;1;1,60,0,0,,,,0,2,,,,,,,,,,,,,,,,,,,,,,,,,,
58,upsert,2,L0021,2560,0,1787891622.1313648,27.329540252685547,10,0,58,1787891594.8018246,base,agg_full@rho0.8,1,0.55,0.0,4,0.8,agg_full,1787891594.801806,0,2560,,0,0,0,0,0,0,0,2,59,,0;0;0;1,60,0,0,,,,0,1,,,,,,,,,,,,,,,,,,,,,,,,,,
59,upsert,3,L0013,3072,0,1787891632.3698895,37.56758499145508,11,0,59,1787891594.8023045,base,agg_full@rho0.8,1,0.55,0.0,4,0.8,agg_full,1787891594.8022869,0,3072,,0,0,0,0,0,0,0,3,60,,0;0;0;0,60,0,0,,,,0,0,,,,,,,,,,,,,,,,,,,,,,,,,,
60,upsert,0,L0052,2048,0,1787891632.3699222,36.05699443817139,12,0,60,1787891596.3129277,base,agg_full@rho0.8,1,0.55,0.0,4,0.8,agg_full,1787891596.3128984,0,2048,,0,0,0,0,0,0,0,1,61,,0;1;1;1,64,0,0,,,,0,3,,,,,,,,,,,,,,,,,,,,,,,,,,
61,upsert,2,L0021,3072,2560,1787891632.3699372,36.05660700798035,13,0,61,1787891596.3133302,base,agg_full@rho0.8,1,0.55,0.0,4,0.8,agg_full,1787891596.3133085,2560,512,1.5115025043487549,0,0,0,0,0,0,0,3,62,,0;1;0;1,64,1,0,,,,0,2,,,,,,,,,,,,,,,,,,,,,,,,,,
62,upsert,1,L0040,2048,0,1787891632.369951,36.05626583099365,14,0,62,1787891596.3136852,base,agg_full@rho0.8,1,0.55,0.0,4,0.8,agg_full,1787891596.3136718,0,2048,,0,0,0,0,0,0,0,1,63,,0;0;0;1,64,0,0,,,,0,1,,,,,,,,,,,,,,,,,,,,,,,,,,
63,upsert,3,L0007,3072,0,1787891632.3699617,36.056010723114014,15,0,63,1787891596.313951,base,agg_full@rho0.8,1,0.55,0.0,4,0.8,agg_full,1787891596.3139355,2560,512,23.475039958953857,0,0,0,0,0,0,0,3,64,,0;0;0;0,64,1,0,,,,0,0,,,,,,,,,,,,,,,,,,,,,,,,,,
64,upsert,0,L0070,2048,0,1787891632.3699715,34.49965739250183,16,0,64,1787891597.8703141,base,agg_full@rho0.8,1,0.55,0.0,4,0.8,agg_full,1787891597.8702872,0,2048,,0,0,0,0,0,0,0,1,65,,0;1;1;1,68,0,0,,,,0,3,,,,,,,,,,,,,,,,,,,,,,,,,,
65,upsert,3,L0077,2048,0,1787891632.3699818,34.49921417236328,17,0,65,1787891597.8707676,base,agg_full@rho0.8,1,0.55,0.0,4,0.8,agg_full,1787891597.8707445,0,2048,,0,0,0,0,0,0,0,1,66,,0;1;1;0,68,0,0,,,,0,2,,,,,,,,,,,,,,,,,,,,,,,,,,
66,upsert,1,L0086,2048,0,1787891632.3699923,34.49874973297119,18,0,66,1787891597.8712425,base,agg_full@rho0.8,1,0.55,0.0,4,0.8,agg_full,1787891597.8712184,0,2048,,0,0,0,0,0,0,0,1,67,,0;0;1;0,68,0,0,,,,0,1,,,,,,,,,,,,,,,,,,,,,,,,,,
14,upsert,1,L0004,2560,0,1787891676.2566547,30.674075603485107,1,0,14,1787891645.5825791,base,agg_full@rho1.0,1,0.55,0.0,4,1.0,agg_full,1787891645.5825634,2048,512,3.5480294227600098,0,0,0,0,0,0,0,2,15,,0;0;0;1,16,1,0,,,,0,1,,,,,,,,,,,,,,,,,,,,,,,,,,
32,upsert,0,L0005,2560,0,1787891677.4716127,22.71392059326172,2,0,32,1787891654.757692,base,agg_full@rho1.0,1,0.55,0.0,4,1.0,agg_full,1787891654.757664,0,2560,,0,0,0,0,0,0,0,2,33,,0;1;1;1,36,0,0,,,,0,3,,,,,,,,,,,,,,,,,,,,,,,,,,
33,upsert,1,L0042,2560,0,1787891677.471748,22.713645219802856,3,0,33,1787891654.758103,base,agg_full@rho1.0,1,0.55,0.0,4,1.0,agg_full,1787891654.7580862,0,2560,,0,0,0,0,0,0,0,2,34,,0;0;1;1,36,0,0,,,,0,2,,,,,,,,,,,,,,,,,,,,,,,,,,
39,upsert,3,L0033,2560,0,1787891692.7239892,36.012184858322144,4,0,39,1787891656.7118044,base,agg_full@rho1.0,1,0.55,0.0,4,1.0,agg_full,1787891656.7117927,0,2560,,0,0,0,0,0,0,0,2,40,,0;0;0;0,40,0,0,,,,0,0,,,,,,,,,,,,,,,,,,,,,,,,,,
43,upsert,2,L0033,3072,0,1787891692.724101,33.09621834754944,5,0,43,1787891659.6278827,base,agg_full@rho1.0,1,0.55,0.0,4,1.0,agg_full,1787891659.6278663,2048,1024,10.164247989654541,0,0,0,0,0,0,0,3,44,,0;0;0;0,44,1,0,,,,0,0,,,,,,,,,,,,,,,,,,,,,,,,,,
47,upsert,3,L0034,3072,0,1787891692.7241988,31.24910068511963,6,0,47,1787891661.4750981,base,agg_full@rho1.0,1,0.55,0.0,4,1.0,agg_full,1787891661.4750817,2048,1024,12.011374473571777,0,0,0,0,0,0,0,3,48,,0;0;0;0,48,1,0,,,,0,0,,,,,,,,,,,,,,,,,,,,,,,,,,
48,upsert,0,L0039,2048,0,1787891692.7242517,28.54551601409912,7,0,48,1787891664.1787357,base,agg_full@rho1.0,1,0.55,0.0,4,1.0,agg_full,1787891664.1787074,0,2048,,0,0,0,0,0,0,0,1,49,,0;1;1;1,52,0,0,,,,0,3,,,,,,,,,,,,,,,,,,,,,,,,,,
49,upsert,2,L0013,2560,0,1787891692.7243032,28.545188665390015,8,0,49,1787891664.1791146,base,agg_full@rho1.0,1,0.55,0.0,4,1.0,agg_full,1787891664.1790988,0,2560,,0,0,0,0,0,0,0,2,50,,0;1;0;1,52,0,0,,,,0,2,,,,,,,,,,,,,,,,,,,,,,,,,,
50,upsert,1,L0000,3072,0,1787891692.7243483,28.54489779472351,9,0,50,1787891664.1794505,base,agg_full@rho1.0,1,0.55,0.0,4,1.0,agg_full,1787891664.1794376,0,3072,,0,0,0,0,0,0,0,4,51,,0;0;0;1,52,0,0,,,,0,1,,,,,,,,,,,,,,,,,,,,,,,,,,
51,upsert,3,L0000,2048,0,1787891692.7243958,28.544612646102905,10,0,51,1787891664.179783,base,agg_full@rho1.0,1,0.55,0.0,4,1.0,agg_full,1787891664.1797664,2048,0,13.255901336669922,0,0,0,0,0,0,0,4,52,,0;0;0;0,52,1,0,,,,0,0,,,,,,,,,,,,,,,,,,,,,,,,,,
52,upsert,0,L0014,2048,0,1787891698.51839,31.87350344657898,11,0,52,1787891666.6448865,base,agg_full@rho1.0,1,0.55,0.0,4,1.0,agg_full,1787891666.6448567,0,2048,,0,0,0,0,0,0,0,1,53,,0;1;1;1,56,0,0,,,,0,3,,,,,,,,,,,,,,,,,,,,,,,,,,
53,upsert,3,L0006,2560,0,1787891698.5184684,31.8731746673584,12,0,53,1787891666.6452937,base,agg_full@rho1.0,1,0.55,0.0,4,1.0,agg_full,1787891666.6452768,0,2560,,0,0,0,0,0,0,0,2,54,,0;1;1;0,56,0,0,,,,0,2,,,,,,,,,,,,,,,,,,,,,,,,,,
54,upsert,1,L0024,2560,0,1787891698.5185096,31.872895002365112,13,0,54,1787891666.6456146,base,agg_full@rho1.0,1,0.55,0.0,4,1.0,agg_full,1787891666.6456013,0,2560,,0,0,0,0,0,0,0,2,55,,0;0;1;0,56,0,0,,,,0,1,,,,,,,,,,,,,,,,,,,,,,,,,,
55,upsert,2,L0022,2560,0,1787891698.518541,31.872631311416626,14,0,55,1787891666.6459098,base,agg_full@rho1.0,1,0.55,0.0,4,1.0,agg_full,1787891666.6458976,0,2560,,0,0,0,0,0,0,0,2,56,,0;0;0;0,56,0,0,,,,0,0,,,,,,,,,,,,,,,,,,,,,,,,,,
56,upsert,0,L0001,2560,0,1787891698.5185716,28.998200178146362,15,0,56,1787891669.5203714,base,agg_full@rho1.0,1,0.55,0.0,4,1.0,agg_full,1787891669.5203404,3072,-512,9.893552303314209,0,0,0,0,0,0,0,5,57,,0;1;1;1,60,1,0,,,,0,3,,,,,,,,,,,,,,,,,,,,,,,,,,
57,upsert,1,L0022,3072,0,1787891698.518598,28.997802019119263,16,0,57,1787891669.520796,base,agg_full@rho1.0,1,0.55,0.0,4,1.0,agg_full,1787891669.520779,0,3072,,0,0,0,0,0,0,0,3,58,,0;0;1;1,60,0,0,,,,0,2,,,,,,,,,,,,,,,,,,,,,,,,,,
58,upsert,2,L0021,2560,0,1787891698.5186226,28.99747586250305,17,0,58,1787891669.5211468,base,agg_full@rho1.0,1,0.55,0.0,4,1.0,agg_full,1787891669.521134,0,2560,,0,0,0,0,0,0,0,2,59,,0;0;0;1,60,0,0,,,,0,1,,,,,,,,,,,,,,,,,,,,,,,,,,
59,upsert,3,L0013,3072,0,1787891698.5186481,28.9971981048584,18,0,59,1787891669.52145,base,agg_full@rho1.0,1,0.55,0.0,4,1.0,agg_full,1787891669.5214381,0,3072,,0,0,0,0,0,0,0,3,60,,0;0;0;0,60,0,0,,,,0,0,,,,,,,,,,,,,,,,,,,,,,,,,,
60,upsert,0,L0052,2048,0,1787891707.3782027,36.28326749801636,19,0,60,1787891671.0949352,base,agg_full@rho1.0,1,0.55,0.0,4,1.0,agg_full,1787891671.094908,0,2048,,0,0,0,0,0,0,0,1,61,,0;1;1;1,64,0,0,,,,0,3,,,,,,,,,,,,,,,,,,,,,,,,,,
61,upsert,2,L0021,3072,2560,1787891707.3783097,36.28296661376953,20,0,61,1787891671.095343,base,agg_full@rho1.0,1,0.55,0.0,4,1.0,agg_full,1787891671.0953221,2560,512,1.574188232421875,0,0,0,0,0,0,0,3,62,,0;1;0;1,64,1,0,,,,0,2,,,,,,,,,,,,,,,,,,,,,,,,,,
62,upsert,1,L0040,2048,0,1787891707.37838,36.28267478942871,21,0,62,1787891671.0957053,base,agg_full@rho1.0,1,0.55,0.0,4,1.0,agg_full,1787891671.0956917,0,2048,,0,0,0,0,0,0,0,1,63,,0;0;0;1,64,0,0,,,,0,1,,,,,,,,,,,,,,,,,,,,,,,,,,
63,upsert,3,L0007,3072,0,1787891707.3784363,36.28246545791626,22,0,63,1787891671.0959709,base,agg_full@rho1.0,1,0.55,0.0,4,1.0,agg_full,1787891671.095956,2560,512,23.250216245651245,0,0,0,0,0,0,0,3,64,,0;0;0;0,64,1,0,,,,0,0,,,,,,,,,,,,,,,,,,,,,,,,,,
64,upsert,0,L0070,2048,0,1787891707.3784716,34.51096296310425,23,0,64,1787891672.8675086,base,agg_full@rho1.0,1,0.55,0.0,4,1.0,agg_full,1787891672.8674817,0,2048,,0,0,0,0,0,0,0,1,65,,0;1;1;1,68,0,0,,,,0,3,,,,,,,,,,,,,,,,,,,,,,,,,,
65,upsert,3,L0077,2048,0,1787891707.3785012,34.51061725616455,24,0,65,1787891672.867884,base,agg_full@rho1.0,1,0.55,0.0,4,1.0,agg_full,1787891672.867868,0,2048,,0,0,0,0,0,0,0,1,66,,0;1;1;0,68,0,0,,,,0,2,,,,,,,,,,,,,,,,,,,,,,,,,,
66,upsert,1,L0086,2048,0,1787891707.3785284,34.51035690307617,25,0,66,1787891672.8681715,base,agg_full@rho1.0,1,0.55,0.0,4,1.0,agg_full,1787891672.8681448,0,2048,,0,0,0,0,0,0,0,1,67,,0;0;1;0,68,0,0,,,,0,1,,,,,,,,,,,,,,,,,,,,,,,,,,
2,upsert,1,L0059,2048,0,1787891729.9661078,14.555694341659546,1,0,2,1787891715.4104135,base,agg_full@rho0.5,1,0.55,0.0,4,0.5,agg_full,1787891715.4104028,0,2048,,0,0,0,0,0,0,0,1,3,,0;0;0;1,4,0,0,,,,0,1,,,,,,,,,,,,,,,,,,,,,,,,,,
5,upsert,3,L0021,2048,0,1787891730.5707667,13.414941310882568,2,2,5,1787891717.1558254,base,agg_full@rho0.5,1,0.55,0.0,4,0.5,agg_full,1787891717.1558108,0,2048,,0,0,0,0,0,0,0,1,6,,0;1;1;0,8,0,1,0,1,0,0,2,58,58,13.34485125541687,,2,3,2,3,0,1,0,2048,2048,40.96,2.0,38.96,13414.941310882568,38.96,977.199139,2080.0,1,2,2,38.96,79.92,79.92
7,upsert,2,L0001,2048,0,1787891730.5708804,13.414872646331787,3,3,7,1787891717.1560078,base,agg_full@rho0.5,1,0.55,0.0,4,0.5,agg_full,1787891717.1559985,0,2048,,0,0,0,0,0,0,0,1,8,,0;0;0;0,8,0,1,0,1,0,0,0,40,40,3.6677000522613525,,0,2,0,2,0,0,0,2048,2048,40.96,0.0,40.96,13414.872646331787,40.96,1425.421193,2080.0,1,2,2,40.96,79.92,79.92
12,upsert,0,L0022,2048,0,1787891736.1708124,14.423382759094238,4,2,12,1787891721.7474296,base,agg_full@rho0.5,1,0.55,0.0,4,0.5,agg_full,1787891721.7474022,0,2048,,0,0,0,0,0,0,0,1,13,,0;1;1;1,16,0,1,0,1,0,0,3,55,55,5.874799489974976,,1,0,1,0,0,1,0,2048,2048,40.96,2.0,38.96,14423.382759094238,38.96,1455.8736,2080.0,1,1,1,38.96,38.96,38.96
13,upsert,2,L0019,2048,0,1787891736.1709263,14.42332649230957,5,0,13,1787891721.7475998,base,agg_full@rho0.5,1,0.55,0.0,4,0.5,agg_full,1787891721.747585,0,2048,,0,0,0,0,0,0,0,1,14,,0;1;0;1,16,0,0,,,,0,2,,,,,,,,,,,,,,,,,,,,,,,,,,
14,upsert,1,L0004,2560,0,1787891736.1709929,14.423289060592651,6,0,14,1787891721.7477038,base,agg_full@rho0.5,1,0.55,0.0,4,0.5,agg_full,1787891721.7476873,2048,512,4.59177303314209,0,0,0,0,0,0,0,2,15,,0;0;0;1,16,1,0,,,,0,1,,,,,,,,,,,,,,,,,,,,,,,,,,
15,upsert,3,L0001,2560,0,1787891736.171052,14.423255920410156,7,1,15,1787891721.747796,base,agg_full@rho0.5,1,0.55,0.0,4,0.5,agg_full,1787891721.7477849,0,2560,,0,0,0,0,0,0,0,2,16,,0;0;0;0,16,0,1,0,1,0,0,0,56,56,7.744458436965942,,2,3,2,3,0,0,2048,2560,512,10.24,0.0,10.24,14423.255920410156,10.24,131.225906,2608.0,1,1,1,10.24,10.24,10.24
16,upsert,0,L0029,2560,0,1787891736.1711025,12.402722358703613,8,0,16,1787891723.7683802,base,agg_full@rho0.5,1,0.55,0.0,4,0.5,agg_full,1787891723.7683496,2048,512,6.612727642059326,0,0,0,0,0,0,0,2,17,,0;1;1;1,20,1,0,,,,0,3,,,,,,,,,,,,,,,,,,,,,,,,,,
17,upsert,3,L0007,2560,0,1787891736.1711514,12.402602195739746,9,1,17,1787891723.7685492,base,agg_full@rho0.5,1,0.55,0.0,4,0.5,agg_full,1787891723.7685337,0,2560,,0,0,0,0,0,0,0,2,18,,0;1;1;0,20,0,1,0,1,0,0,2,63,63,9.137673616409302,,2,3,2,3,0,1,0,2560,2560,51.2,2.0,49.2,12402.602195739746,49.2,1635.686098,2608.0,1,1,1,49.2,49.2,49.2
18,upsert,1,L0013,2048,0,1787891736.1712337,12.402586698532104,10,2,18,1787891723.768647,base,agg_full@rho0.5,1,0.55,0.0,4,0.5,agg_full,1787891723.768635,0,2048,,0,0,0,0,0,0,0,1,19,,0;0;1;0,20,0,1,0,1,0,0,1,49,49,3.910447359085083,,0,1,0,1,0,0,0,2048,2048,40.96,0.0,40.96,12402.586698532104,40.96,626.327453,2080.0,1,2,2,40.96,81.92,81.92
19,upsert,2,L0017,2048,0,1787891739.0545328,15.285802364349365,11,0,19,1787891723.7687304,base,agg_full@rho0.5,1,0.55,0.0,4,0.5,agg_full,1787891723.7687201,0,2048,,0,0,0,0,0,0,0,1,20,,0;0;0;0,20,0,0,,,,0,0,,,,,,,,,,,,,,,,,,,,,,,,,,
20,upsert,0,L0024,2048,0,1787891739.054612,13.533478498458862,12,1,20,1787891725.5211334,base,agg_full@rho0.5,1,0.55,0.0,4,0.5,agg_full,1787891725.521105,0,2048,,0,0,0,0,0,0,0,1,21,,0;1;1;1,24,0,1,0,1,0,0,3,54,54,2.990950107574463,,1,0,1,0,0,0,0,2048,2048,40.96,0.0,40.96,13533.478498458862,40.96,609.46799,2080.0,1,1,1,40.96,40.96,40.96
21,upsert,1,L0053,2048,0,1787891739.0546556,13.533303022384644,13,0,21,1787891725.5213525,base,agg_full@rho0.5,1,0.55,0.0,4,0.5,agg_full,1787891725.5213368,0,2048,,0,0,0,0,0,0,0,1,22,,0;0;1;1,24,0,0,,,,0,2,,,,,,,,,,,,,,,,,,,,,,,,,,
22,upsert,2,L0033,2048,0,1787891739.054689,13.53322982788086,14,0,22,1787891725.521459,base,agg_full@rho0.5,1,0.55,0.0,4,0.5,agg_full,1787891725.5214467,0,2048,,0,0,0,0,0,0,0,1,23,,0;0;0;1,24,0,0,,,,0,1,,,,,,,,,,,,,,,,,,,,,,,,,,
23,upsert,3,L0034,2048,0,1787891739.054719,13.533169746398926,15,0,23,1787891725.5215492,base,agg_full@rho0.5,1,0.55,0.0,4,0.5,agg_full,1787891725.5215378,0,2048,,0,0,0,0,0,0,0,1,24,,0;0;0;0,24,0,0,,,,0,0,,,,,,,,,,,,,,,,,,,,,,,,,,
24,upsert,0,L0042,2048,0,1787891739.054746,11.658369541168213,16,0,24,1787891727.3963764,base,agg_full@rho0.5,1,0.55,0.0,4,0.5,agg_full,1787891727.3963466,0,2048,,0,0,0,0,0,0,0,1,25,,0;1;1;1,28,0,0,,,,0,3,,,,,,,,,,,,,,,,,,,,,,,,,,
25,upsert,2,L0026,2048,0,1787891739.0547717,11.658222913742065,17,0,25,1787891727.3965487,base,agg_full@rho0.5,1,0.55,0.0,4,0.5,agg_full,1787891727.3965352,0,2048,,0,0,0,0,0,0,0,1,26,,0;1;0;1,28,0,0,,,,0,2,,,,,,,,,,,,,,,,,,,,,,,,,,
26,upsert,1,L0005,2048,0,1787891739.0547981,11.658152341842651,18,0,26,1787891727.3966458,base,agg_full@rho0.5,1,0.55,0.0,4,0.5,agg_full,1787891727.396634,0,2048,,0,0,0,0,0,0,0,1,27,,0;0;0;1,28,0,0,,,,0,1,,,,,,,,,,,,,,,,,,,,,,,,,,
27,upsert,3,L0000,2048,0,1787891743.1661518,15.769419431686401,19,0,27,1787891727.3967323,base,agg_full@rho0.5,1,0.55,0.0,4,0.5,agg_full,1787891727.3967216,0,2048,,0,0,0,0,0,0,0,1,28,,0;0;0;0,28,0,0,,,,0,0,,,,,,,,,,,,,,,,,,,,,,,,,,
28,upsert,0,L0034,2560,0,1787891743.1662924,13.603468179702759,20,0,28,1787891729.5628242,base,agg_full@rho0.5,1,0.55,0.0,4,0.5,agg_full,1787891729.5627968,0,2560,,0,0,0,0,0,0,0,2,29,,0;1;1;1,32,0,0,,,,0,3,,,,,,,,,,,,,,,,,,,,,,,,,,
29,upsert,3,L0002,2048,0,1787891743.166362,13.603211879730225,21,0,29,1787891729.5631502,base,agg_full@rho0.5,1,0.55,0.0,4,0.5,agg_full,1787891729.563135,0,2048,,0,0,0,0,0,0,0,1,30,,0;1;1;0,32,0,0,,,,0,2,,,,,,,,,,,,,,,,,,,,,,,,,,
30,upsert,1,L0011,2048,0,1787891743.1664212,13.603140592575073,22,0,30,1787891729.5632806,base,agg_full@rho0.5,1,0.55,0.0,4,0.5,agg_full,1787891729.5632684,0,2048,,0,0,0,0,0,0,0,1,31,,0;0;1;0,32,0,0,,,,0,1,,,,,,,,,,,,,,,,,,,,,,,,,,
31,upsert,2,L0018,2048,0,1787891743.1664565,13.603086233139038,23,0,31,1787891729.5633702,base,agg_full@rho0.5,1,0.55,0.0,4,0.5,agg_full,1787891729.5633597,0,2048,,0,0,0,0,0,0,0,1,32,,0;0;0;0,32,0,0,,,,0,0,,,,,,,,,,,,,,,,,,,,,,,,,,
32,upsert,0,L0005,2560,0,1787891743.1664848,11.243758201599121,24,0,32,1787891731.9227266,base,agg_full@rho0.5,1,0.55,0.0,4,0.5,agg_full,1787891731.9226987,0,2560,,0,0,0,0,0,0,0,2,30,13.795169432957968,0;1;1;1,36,0,0,,,,0,3,,,,,,,,,,,,,,,,,,,,,,,,,,
33,upsert,1,L0042,2560,0,1787891743.1665144,11.243252038955688,25,0,33,1787891731.9232624,base,agg_full@rho0.5,1,0.55,0.0,4,0.5,agg_full,1787891731.9232445,0,2560,,0,0,0,0,0,0,0,2,31,13.795169432957968,0;0;1;1,36,0,0,,,,0,2,,,,,,,,,,,,,,,,,,,,,,,,,,
34,upsert,2,L0006,2048,0,1787891748.1986685,16.275022983551025,26,0,34,1787891731.9236455,base,agg_full@rho0.5,1,0.55,0.0,4,0.5,agg_full,1787891731.9236312,0,2048,,0,0,0,0,0,0,0,1,32,13.795169432957968,0;0;0;1,36,0,0,,,,0,1,,,,,,,,,,,,,,,,,,,,,,,,,,
35,upsert,3,L0055,2048,0,1787891748.1987836,16.274816513061523,27,0,35,1787891731.9239671,base,agg_full@rho0.5,1,0.55,0.0,4,0.5,agg_full,1787891731.9239542,0,2048,,0,0,0,0,0,0,0,1,33,13.795169432957968,0;0;0;0,36,0,0,,,,0,0,,,,,,,,,,,,,,,,,,,,,,,,,,
36,upsert,0,L0000,2560,0,1787891748.1988435,13.961876392364502,28,0,36,1787891734.236967,base,agg_full@rho0.5,1,0.55,0.0,4,0.5,agg_full,1787891734.2369401,0,2560,,0,0,0,0,0,0,0,2,34,13.795169432957968,0;1;1;1,40,0,0,,,,0,3,,,,,,,,,,,,,,,,,,,,,,,,,,
37,upsert,2,L0009,2048,0,1787891748.1988912,13.961387157440186,29,0,37,1787891734.237504,base,agg_full@rho0.5,1,0.55,0.0,4,0.5,agg_full,1787891734.2374873,0,2048,,0,0,0,0,0,0,0,1,35,13.795169432957968,0;1;0;1,40,0,0,,,,0,2,,,,,,,,,,,,,,,,,,,,,,,,,,
38,upsert,1,L0047,2048,0,1787891748.1989336,13.961083889007568,30,0,38,1787891734.2378497,base,agg_full@rho0.5,1,0.55,0.0,4,0.5,agg_full,1787891734.237835,0,2048,,0,0,0,0,0,0,0,1,36,13.795169432957968,0;0;0;1,40,0,0,,,,0,1,,,,,,,,,,,,,,,,,,,,,,,,,,
39,upsert,3,L0033,2560,0,1787891748.1989744,13.960794687271118,31,0,39,1787891734.2381797,base,agg_full@rho0.5,1,0.55,0.0,4,0.5,agg_full,1787891734.2381532,0,2560,,0,0,0,0,0,0,0,2,37,13.795169432957968,0;0;0;0,40,0,0,,,,0,0,,,,,,,,,,,,,,,,,,,,,,,,,,
40,upsert,2,L0001,3072,2048,1787891748.1990216,10.560579538345337,32,0,40,1787891737.638442,base,agg_full@rho0.5,1,0.55,0.0,4,0.5,agg_full,1787891737.6384108,2048,1024,20.482412338256836,0,2048,2560,2048,512,2,0,4,31,13.628667378425598,0;1;1;1,46,0,0,,,,0,3,,,,,,,,,,,,,,,,,,,,,,,,,,
41,upsert,2,L0001,2048,3072,1787891748.1990643,10.56003189086914,33,0,41,1787891737.6390324,base,agg_full@rho0.5,1,0.55,0.0,4,0.5,agg_full,1787891737.639013,3072,-1024,0.0006022453308105469,0,2048,2560,2048,512,2,0,4,32,13.628667378425598,0;1;0;1,46,1,0,,,,0,2,,,,,,,,,,,,,,,,,,,,,,,,,,
42,upsert,3,L0050,2048,0,1787891751.6963332,14.056913375854492,34,0,42,1787891737.6394198,base,agg_full@rho0.5,1,0.55,0.0,4,0.5,agg_full,1787891737.6394038,0,2048,,0,0,0,0,0,0,0,1,33,13.628667378425598,0;1;0;0,46,0,0,,,,0,1,,,,,,,,,,,,,,,,,,,,,,,,,,
44,upsert,2,L0027,2048,0,1787891751.696448,11.616610050201416,35,0,44,1787891740.079838,base,agg_full@rho0.5,1,0.55,0.0,4,0.5,agg_full,1787891740.0798109,0,2048,,0,0,0,0,0,0,0,1,27,13.37113344669342,1;1;0;1,50,0,0,,,,0,3,,,,,,,,,,,,,,,,,,,,,,,,,,
45,upsert,3,L0035,2048,0,1787891751.6965072,11.616121530532837,36,0,45,1787891740.0803857,base,agg_full@rho0.5,1,0.55,0.0,4,0.5,agg_full,1787891740.0803692,0,2048,,0,0,0,0,0,0,0,1,28,13.37113344669342,1;1;0;0,50,0,0,,,,0,2,,,,,,,,,,,,,,,,,,,,,,,,,,
46,upsert,0,L0025,2048,0,1787891751.696554,11.615775108337402,37,0,46,1787891740.0807788,base,agg_full@rho0.5,1,0.55,0.0,4,0.5,agg_full,1787891740.0807645,0,2048,,0,0,0,0,0,0,0,1,29,13.37113344669342,0;1;0;0,50,0,0,,,,0,1,,,,,,,,,,,,,,,,,,,,,,,,,,
48,upsert,2,L0039,2048,0,1787891751.6966012,9.652988910675049,38,0,48,1787891742.0436122,base,agg_full@rho0.5,1,0.55,0.0,4,0.5,agg_full,1787891742.0435882,0,2048,,0,0,0,0,0,0,0,1,31,13.37113344669342,1;1;0;1,55,0,0,,,,0,3,,,,,,,,,,,,,,,,,,,,,,,,,,
49,upsert,1,L0013,2560,2048,1787891751.6966412,9.652499675750732,39,0,49,1787891742.0441415,base,agg_full@rho0.5,1,0.55,0.0,4,0.5,agg_full,1787891742.0441208,2048,512,18.27548575401306,0,2048,2048,0,2048,1,0,2,32,13.37113344669342,1;0;0;1,55,0,0,,,,0,2,,,,,,,,,,,,,,,,,,,,,,,,,,
50,upsert,3,L0000,3072,2048,1787891751.6966863,9.65207028388977,40,0,50,1787891742.044616,base,agg_full@rho0.5,1,0.55,0.0,4,0.5,agg_full,1787891742.044599,2048,1024,14.64787745475769,0,0,0,0,0,0,0,4,33,13.37113344669342,1;0;0;0,55,1,0,,,,0,1,,,,,,,,,,,,,,,,,,,,,,,,,,
51,upsert,0,L0000,2048,2560,1787891751.696735,9.651681900024414,41,0,51,1787891742.045053,base,agg_full@rho0.5,1,0.55,0.0,4,0.5,agg_full,1787891742.0450368,2560,-512,7.808096647262573,0,0,0,0,0,0,0,4,34,13.37113344669342,0;0;0;0,55,1,0,,,,0,0,,,,,,,,,,,,,,,,,,,,,,,,,,
52,upsert,3,L0014,2048,0,1787891755.7707512,11.857074737548828,42,0,52,1787891743.9136765,base,agg_full@rho0.5,1,0.55,0.0,4,0.5,agg_full,1787891743.9136515,0,2048,,0,0,0,0,0,0,0,1,28,13.333989543914795,2;0;1;0,61,0,0,,,,0,3,,,,,,,,,,,,,,,,,,,,,,,,,,
53,upsert,2,L0006,2560,2048,1787891755.7708685,11.856652975082397,43,0,53,1787891743.9142156,base,agg_full@rho0.5,1,0.55,0.0,4,0.5,agg_full,1787891743.914195,2048,512,11.990563869476318,0,0,0,0,0,0,0,2,29,13.333989543914795,2;0;0;0,61,1,0,,,,0,2,,,,,,,,,,,,,,,,,,,,,,,,,,
54,upsert,0,L0024,2560,2048,1787891755.770931,11.856280088424683,44,0,54,1787891743.914651,base,agg_full@rho0.5,1,0.55,0.0,4,0.5,agg_full,1787891743.9146352,2048,512,18.393530130386353,0,2048,2048,0,2048,1,0,2,30,13.333989543914795,1;0;0;0,61,0,0,,,,0,1,,,,,,,,,,,,,,,,,,,,,,,,,,
55,upsert,0,L0022,2560,2048,1787891755.7709825,11.855927467346191,45,0,55,1787891743.915055,base,agg_full@rho0.5,1,0.55,0.0,4,0.5,agg_full,1787891743.9150407,2048,512,22.167638540267944,0,2048,2048,0,2048,1,0,2,31,13.333989543914795,0;0;0;0,61,0,0,,,,0,0,,,,,,,,,,,,,,,,,,,,,,,,,,
56,upsert,3,L0001,2560,2560,1787891755.771028,10.464302062988281,46,0,56,1787891745.306726,base,agg_full@rho0.5,1,0.55,0.0,4,0.5,agg_full,1787891745.3066983,2560,0,23.558913469314575,0,2560,2560,2048,512,2,0,5,32,13.333989543914795,1;1;0;1,69,0,0,,,,0,3,,,,,,,,,,,,,,,,,,,,,,,,,,
57,upsert,0,L0022,3072,2560,1787891755.77107,10.463749885559082,47,0,57,1787891745.30732,base,agg_full@rho0.5,1,0.55,0.0,4,0.5,agg_full,1787891745.3073008,2560,512,1.3922600746154785,0,2048,2048,0,2048,1,0,3,33,13.333989543914795,0;1;0;1,69,1,0,,,,0,2,,,,,,,,,,,,,,,,,,,,,,,,,,
58,upsert,3,L0021,2560,2048,1787891755.7711067,10.463317155838013,48,0,58,1787891745.3077896,base,agg_full@rho0.5,1,0.55,0.0,4,0.5,agg_full,1787891745.307774,2048,512,28.151963233947754,0,2048,2048,0,2048,1,0,2,34,13.333989543914795,0;1;0;0,69,0,0,,,,0,1,,,,,,,,,,,,,,,,,,,,,,,,,,
59,upsert,1,L0013,3072,2560,1787891759.575412,14.26720666885376,49,0,59,1787891745.3082054,base,agg_full@rho0.5,1,0.55,0.0,4,0.5,agg_full,1787891745.3081903,2560,512,3.2640695571899414,0,2048,2048,0,2048,1,0,3,35,13.333989543914795,0;0;0;0,69,1,0,,,,0,0,,,,,,,,,,,,,,,,,,,,,,,,,,
60,upsert,1,L0052,2048,0,1787891759.5755284,12.221312284469604,50,0,60,1787891747.354216,base,agg_full@rho0.5,1,0.55,0.0,4,0.5,agg_full,1787891747.3541925,0,2048,,0,0,0,0,0,0,0,1,36,13.333989543914795,1;0;0;2,75,0,0,,,,0,3,,,,,,,,,,,,,,,,,,,,,,,,,,
61,upsert,3,L0021,3072,2560,1787891759.5755887,12.220851182937622,51,0,61,1787891747.3547375,base,agg_full@rho0.5,1,0.55,0.0,4,0.5,agg_full,1787891747.354717,2560,512,2.046942949295044,0,2048,2048,0,2048,1,0,3,37,13.333989543914795,1;0;0;1,75,1,0,,,,0,2,,,,,,,,,,,,,,,,,,,,,,,,,,
62,upsert,0,L0040,2048,0,1787891759.575639,12.22042179107666,52,0,62,1787891747.3552172,base,agg_full@rho0.5,1,0.55,0.0,4,0.5,agg_full,1787891747.355202,0,2048,,0,0,0,0,0,0,0,1,38,13.333989543914795,0;0;0;1,75,0,0,,,,0,1,,,,,,,,,,,,,,,,,,,,,,,,,,
63,upsert,3,L0007,3072,2560,1787891759.575684,12.220091581344604,53,0,63,1787891747.3555925,base,agg_full@rho0.5,1,0.55,0.0,4,0.5,agg_full,1787891747.3555765,2560,512,23.587042808532715,0,2560,2560,0,2560,1,0,3,39,13.333989543914795,0;0;0;0,75,0,0,,,,0,0,,,,,,,,,,,,,,,,,,,,,,,,,,
64,upsert,3,L0070,2048,0,1787891759.5757284,10.590051651000977,54,1,64,1787891748.9856768,base,agg_full@rho0.5,1,0.55,0.0,4,0.5,agg_full,1787891748.985652,0,2048,,0,0,0,0,0,0,0,1,32,13.384676165878773,1;1;1;0,79,0,1,0,0,1,0,3,120,120,17.27364230155945,,2,2,2,2,0,0,1024,1024,0,0.0,0.0,0.0,10590.051651000977,0.0,195.970227,2080.0,0,0,0,0,0,0
65,upsert,1,L0077,2048,0,1787891759.5757685,10.589534282684326,55,0,65,1787891748.9862342,base,agg_full@rho0.5,1,0.55,0.0,4,0.5,agg_full,1787891748.9862168,0,2048,,0,0,0,0,0,0,0,1,33,13.384676165878773,1;0;1;0,79,0,0,,,,0,2,,,,,,,,,,,,,,,,,,,,,,,,,,
66,upsert,2,L0086,2048,0,1787891759.5758145,10.589172601699829,56,0,66,1787891748.986642,base,agg_full@rho0.5,1,0.55,0.0,4,0.5,agg_full,1787891748.9866285,0,2048,,0,0,0,0,0,0,0,1,34,13.384676165878773,1;0;0;0,79,0,0,,,,0,1,,,,,,,,,,,,,,,,,,,,,,,,,,
67,upsert,0,L0095,2048,0,1787891763.0730777,14.086062908172607,57,0,67,1787891748.9870148,base,agg_full@rho0.5,1,0.55,0.0,4,0.5,agg_full,1787891748.9870024,0,2048,,0,0,0,0,0,0,0,1,35,13.384676165878773,0;0;0;0,79,0,0,,,,0,0,,,,,,,,,,,,,,,,,,,,,,,,,,
68,upsert,3,L0125,2048,0,1787891763.0732262,12.231666326522827,58,0,68,1787891750.84156,base,agg_full@rho0.5,1,0.55,0.0,4,0.5,agg_full,1787891750.8415337,0,2048,,0,0,0,0,0,0,0,1,36,13.384676165878773,1;1;1;0,83,0,0,,,,0,3,,,,,,,,,,,,,,,,,,,,,,,,,,
69,upsert,2,L0069,2048,0,1787891763.073293,12.23119831085205,59,0,69,1787891750.8420947,base,agg_full@rho0.5,1,0.55,0.0,4,0.5,agg_full,1787891750.8420777,0,2048,,0,0,0,0,0,0,0,1,37,13.384676165878773,1;1;0;0,83,0,0,,,,0,2,,,,,,,,,,,,,,,,,,,,,,,,,,
70,upsert,1,L0068,2048,0,1787891763.0733445,12.230821132659912,60,3,70,1787891750.8425233,base,agg_full@rho0.5,1,0.55,0.0,4,0.5,agg_full,1787891750.8425083,0,2048,,0,0,0,0,0,0,0,1,38,13.384676165878773,1;0;0;0,83,0,1,0,1,0,0,1,104,104,6.115791082382202,,3,1,3,1,0,0,0,2048,2048,40.96,0.0,40.96,12230.821132659912,40.96,857.457046,2080.0,1,2,2,40.96,81.92,81.92
71,upsert,0,L0109,2048,0,1787891763.0733933,12.230494976043701,61,1,71,1787891750.8428984,base,agg_full@rho0.5,1,0.55,0.0,4,0.5,agg_full,1787891750.8428857,0,2048,,0,0,0,0,0,0,0,1,39,13.384676165878773,0;0;0;0,83,0,1,0,1,0,0,0,119,119,11.106518745422363,,2,0,2,0,0,0,0,2048,2048,40.96,0.0,40.96,12230.494976043701,40.96,605.784992,2080.0,1,1,1,40.96,40.96,40.96
72,upsert,3,L0106,2048,0,1787891763.0734444,10.01322889328003,62,0,72,1787891753.0602155,base,agg_full@rho0.5,1,0.55,0.0,4,0.5,agg_full,1787891753.06019,0,2048,,0,0,0,0,0,0,0,1,32,12.702997043728828,1;1;1;0,87,0,0,,,,0,3,,,,,,,,,,,,,,,,,,,,,,,,,,
73,upsert,0,L0077,2560,0,1787891763.073498,10.012756824493408,63,0,73,1787891753.0607412,base,agg_full@rho0.5,1,0.55,0.0,4,0.5,agg_full,1787891753.0607245,0,2560,,0,0,0,0,0,0,0,2,33,12.702997043728828,0;1;1;0,87,0,0,,,,0,2,,,,,,,,,,,,,,,,,,,,,,,,,,
74,upsert,2,L0070,2560,0,1787891766.5707777,13.509593963623047,64,1,74,1787891753.0611837,base,agg_full@rho0.5,1,0.55,0.0,4,0.5,agg_full,1787891753.061169,0,2560,,0,0,0,0,0,0,0,2,34,12.702997043728828,0;1;0;0,87,0,1,1,0,1,0,1,120,120,10.278593063354492,,2,2,2,2,0,0,0,0,0,0.0,0.0,0.0,13509.593963623047,0.0,195.970227,2080.0,0,0,0,0,0,0
75,upsert,1,L0064,2048,0,1787891766.5709124,13.509328842163086,65,3,75,1787891753.0615835,base,agg_full@rho0.5,1,0.55,0.0,4,0.5,agg_full,1787891753.061571,0,2048,,0,0,0,0,0,0,0,1,35,12.702997043728828,0;0;0;0,87,0,1,0,0,1,0,0,113,113,5.852516174316406,,0,0,0,0,0,0,512,512,0,0.0,0.0,0.0,13509.328842163086,0.0,95.728695,2080.0,0,0,0,0,0,0
76,upsert,3,L0099,2048,0,1787891766.5709798,11.542405605316162,66,0,76,1787891755.0285742,base,agg_full@rho0.5,1,0.55,0.0,4,0.5,agg_full,1787891755.028548,0,2048,,0,0,0,0,0,0,0,1,36,12.702997043728828,1;1;1;0,91,0,0,,,,0,3,,,,,,,,,,,,,,,,,,,,,,,,,,
77,upsert,1,L0122,2048,0,1787891766.5710323,11.54192852973938,67,0,77,1787891755.0291038,base,agg_full@rho0.5,1,0.55,0.0,4,0.5,agg_full,1787891755.029086,0,2048,,0,0,0,0,0,0,0,1,37,12.702997043728828,1;0;1;0,91,0,0,,,,0,2,,,,,,,,,,,,,,,,,,,,,,,,,,
78,upsert,2,L0090,2048,0,1787891766.5710835,11.541566371917725,68,0,78,1787891755.0295172,base,agg_full@rho0.5,1,0.55,0.0,4,0.5,agg_full,1787891755.0295033,0,2048,,0,0,0,0,0,0,0,1,38,12.702997043728828,1;0;0;0,91,0,0,,,,0,1,,,,,,,,,,,,,,,,,,,,,,,,,,
79,upsert,0,L0093,2048,0,1787891766.5711286,11.541248083114624,69,0,79,1787891755.0298805,base,agg_full@rho0.5,1,0.55,0.0,4,0.5,agg_full,1787891755.0298681,0,2048,,0,0,0,0,0,0,0,1,39,12.702997043728828,0;0;0;0,91,0,0,,,,0,0,,,,,,,,,,,,,,,,,,,,,,,,,,
80,upsert,3,L0076,2048,0,1787891766.5711956,9.351560354232788,70,0,80,1787891757.2196352,base,agg_full@rho0.5,1,0.55,0.0,4,0.5,agg_full,1787891757.2196107,0,2048,,0,0,0,0,0,0,0,1,33,12.244789689779282,1;1;1;0,95,0,0,,,,0,3,,,,,,,,,,,,,,,,,,,,,,,,,,
81,upsert,2,L0072,2048,0,1787891766.5712404,9.351051330566406,71,0,81,1787891757.220189,base,agg_full@rho0.5,1,0.55,0.0,4,0.5,agg_full,1787891757.2201524,0,2048,,0,0,0,0,0,0,0,1,34,12.244789689779282,1;1;0;0,95,0,0,,,,0,2,,,,,,,,,,,,,,,,,,,,,,,,,,
82,upsert,1,L0096,2048,0,1787891769.1452665,11.924674987792969,72,0,82,1787891757.2205915,base,agg_full@rho0.5,1,0.55,0.0,4,0.5,agg_full,1787891757.220578,0,2048,,0,0,0,0,0,0,0,1,35,12.244789689779282,1;0;0;0,95,0,0,,,,0,1,,,,,,,,,,,,,,,,,,,,,,,,,,
83,upsert,0,L0069,2560,0,1787891769.145388,11.924426794052124,73,0,83,1787891757.220961,base,agg_full@rho0.5,1,0.55,0.0,4,0.5,agg_full,1787891757.2209487,0,2560,,0,0,0,0,0,0,0,2,36,12.244789689779282,0;0;0;0,95,0,0,,,,0,0,,,,,,,,,,,,,,,,,,,,,,,,,,
84,upsert,3,L0085,2048,0,1787891769.1454542,9.739842176437378,74,0,84,1787891759.405612,base,agg_full@rho0.5,1,0.55,0.0,4,0.5,agg_full,1787891759.4055882,0,2048,,0,0,0,0,0,0,0,2,37,12.244789689779282,1;1;1;0,99,0,0,,,,0,3,,,,,,,,,,,,,,,,,,,,,,,,,,
85,upsert,0,L0078,2048,0,1787891769.145506,9.739356279373169,75,0,85,1787891759.4061496,base,agg_full@rho0.5,1,0.55,0.0,4,0.5,agg_full,1787891759.4061337,0,2048,,0,0,0,0,0,0,0,1,38,12.244789689779282,0;1;1;0,99,0,0,,,,0,2,,,,,,,,,,,,,,,,,,,,,,,,,,
86,upsert,2,L0085,2560,0,1787891769.1455505,9.738970041275024,76,0,86,1787891759.4065804,base,agg_full@rho0.5,1,0.55,0.0,4,0.5,agg_full,1787891759.406566,0,2560,,0,0,0,0,0,0,0,2,39,12.244789689779282,0;1;0;0,99,0,0,,,,0,1,,,,,,,,,,,,,,,,,,,,,,,,,,
87,upsert,1,L0116,2048,0,1787891769.1455953,9.738599300384521,77,0,87,1787891759.406996,base,agg_full@rho0.5,1,0.55,0.0,4,0.5,agg_full,1787891759.4069834,0,2048,,0,0,0,0,0,0,0,1,40,12.244789689779282,0;0;0;0,99,0,0,,,,0,0,,,,,,,,,,,,,,,,,,,,,,,,,,
88,upsert,3,L0118,2048,0,1787891769.1456418,7.769681453704834,78,0,88,1787891761.3759604,base,agg_full@rho0.5,1,0.55,0.0,4,0.5,agg_full,1787891761.375935,0,2048,,0,0,0,0,0,0,0,1,33,11.937795385718346,1;1;1;0,103,0,0,,,,0,3,,,,,,,,,,,,,,,,,,,,,,,,,,
89,upsert,1,L0071,2048,0,1787891769.1456823,7.7691428661346436,79,0,89,1787891761.3765395,base,agg_full@rho0.5,1,0.55,0.0,4,0.5,agg_full,1787891761.3765225,0,2048,,0,0,0,0,0,0,0,1,34,11.937795385718346,1;0;1;0,103,0,0,,,,0,2,,,,,,,,,,,,,,,,,,,,,,,,,,
90,upsert,2,L0070,3072,2560,1787891770.068443,8.69149374961853,80,1,90,1787891761.3769493,base,agg_full@rho0.5,1,0.55,0.0,4,0.5,agg_full,1787891761.376932,2560,512,8.315762996673584,0,0,2048,0,2048,1,0,3,35,11.937795385718346,1;0;0;0,103,1,1,0,0,1,0,1,120,120,6.780927658081055,,2,2,2,2,0,0,512,1024,512,10.24,0.0,10.24,8691.49374961853,10.24,195.970227,2080.0,0,0,0,0,0,0
91,upsert,0,L0064,2560,0,1787891770.0685685,8.691141128540039,81,3,91,1787891761.3774273,base,agg_full@rho0.5,1,0.55,0.0,4,0.5,agg_full,1787891761.377414,0,2560,,0,0,0,0,0,0,0,2,36,11.937795385718346,0;0;0;0,103,0,1,0,1,0,0,0,113,113,2.3548600673675537,,1,0,1,0,0,0,0,512,512,10.24,0.0,10.24,8691.141128540039,10.24,95.728695,2080.0,1,2,2,10.24,20.48,20.48
92,upsert,3,L0116,2560,0,1787891770.0686367,6.060441732406616,82,0,92,1787891764.008195,base,agg_full@rho0.5,1,0.55,0.0,4,0.5,agg_full,1787891764.0081491,0,2560,,0,0,0,0,0,0,0,2,30,11.4189827516675,1;1;1;0,107,0,0,,,,0,3,,,,,,,,,,,,,,,,,,,,,,,,,,
93,upsert,2,L0072,2560,2048,1787891770.0686893,6.05991530418396,83,0,93,1787891764.008774,base,agg_full@rho0.5,1,0.55,0.0,4,0.5,agg_full,1787891764.0087526,2048,512,6.788600206375122,0,0,0,0,0,0,0,2,31,11.4189827516675,1;1;0;0,107,1,0,,,,0,2,,,,,,,,,,,,,,,,,,,,,,,,,,
94,upsert,1,L0066,2048,0,1787891770.0687387,6.059490203857422,84,4,94,1787891764.0092485,base,agg_full@rho0.5,1,0.55,0.0,4,0.5,agg_full,1787891764.0092316,0,2048,,0,0,0,0,0,0,0,1,32,11.4189827516675,1;0;0;0,107,0,1,0,1,0,0,1,114,114,2.3547451496124268,,3,1,3,1,0,0,0,2048,2048,40.96,0.0,40.96,6059.490203857422,40.96,702.452169,2080.0,1,4,4,40.96,157.84,157.84
95,upsert,0,L0120,2048,0,1787891770.068785,6.0591371059417725,85,1,95,1787891764.0096478,base,agg_full@rho0.5,1,0.55,0.0,4,0.5,agg_full,1787891764.0096323,0,2048,,0,0,0,0,0,0,0,1,33,11.4189827516675,0;0;0;0,107,0,1,0,0,1,0,0,110,110,0.6629810333251953,,3,3,3,3,0,0,2560,2560,0,0.0,0.0,0.0,6059.1371059417725,0.0,825.508253,2608.0,0,0,0,0,0,0
96,upsert,3,L0120,2560,0,1787891770.068827,3.75447416305542,86,1,96,1787891766.3143528,base,agg_full@rho0.5,1,0.55,0.0,4,0.5,agg_full,1787891766.3143194,0,2560,,0,0,0,0,0,0,0,2,34,11.4189827516675,1;1;1;0,111,0,1,0,1,0,0,3,110,110,0.6629390716552734,,0,3,0,3,1,0,2048,2560,512,10.24,-2.0,12.24,3754.47416305542,12.24,825.508253,2608.0,1,1,1,12.24,12.24,12.24
97,upsert,0,L0099,2560,0,1787891773.5661252,7.251156568527222,87,0,97,1787891766.3149686,base,agg_full@rho0.5,1,0.55,0.0,4,0.5,agg_full,1787891766.3149505,0,2560,,0,0,0,0,0,0,0,2,35,11.4189827516675,0;1;1;0,111,0,0,,,,0,2,,,,,,,,,,,,,,,,,,,,,,,,,,
98,upsert,2,L0076,2560,0,1787891773.5662813,7.250819206237793,88,0,98,1787891766.315462,base,agg_full@rho0.5,1,0.55,0.0,4,0.5,agg_full,1787891766.315446,0,2560,,0,0,0,0,0,0,0,2,36,11.4189827516675,0;1;0;0,111,0,0,,,,0,1,,,,,,,,,,,,,,,,,,,,,,,,,,
99,upsert,1,L0064,3072,2048,1787891773.5663474,7.250457763671875,89,1,99,1787891766.3158896,base,agg_full@rho0.5,1,0.55,0.0,4,0.5,agg_full,1787891766.3158715,2048,1024,13.254300594329834,0,0,0,0,0,0,0,3,37,11.4189827516675,0;0;0;0,111,1,1,0,1,0,0,0,125,125,4.82555890083313,,0,1,0,1,0,0,0,512,512,10.24,0.0,10.24,7250.457763671875,10.24,238.826973,3136.0,1,1,1,10.24,10.24,10.24
100,upsert,3,L0072,3072,0,1787891775.4638,6.27652382850647,90,0,100,1787891769.1872761,base,agg_full@rho0.5,1,0.55,0.0,4,0.5,agg_full,1787891769.1872478,0,3072,,0,0,2048,0,2048,1,0,3,22,11.207861423492432,1;1;1;0,115,0,0,,,,0,3,,,,,,,,,,,,,,,,,,,,,,,,,,
101,upsert,1,L0096,2560,2048,1787891775.4639306,6.276055097579956,91,0,101,1787891769.1878755,base,agg_full@rho0.5,1,0.55,0.0,4,0.5,agg_full,1787891769.1878548,2048,512,11.967276811599731,0,2048,2048,0,2048,1,0,2,23,11.207861423492432,1;0;1;0,115,0,0,,,,0,2,,,,,,,,,,,,,,,,,,,,,,,,,,
102,upsert,2,L0092,2048,0,1787891775.464001,6.275670289993286,92,0,102,1787891769.1883307,base,agg_full@rho0.5,1,0.55,0.0,4,0.5,agg_full,1787891769.1883154,0,2048,,0,0,0,0,0,0,0,1,24,11.207861423492432,1;0;0;0,115,0,0,,,,0,1,,,,,,,,,,,,,,,,,,,,,,,,,,
103,upsert,0,L0102,2048,0,1787891775.4640546,6.275341033935547,93,0,103,1787891769.1887136,base,agg_full@rho0.5,1,0.55,0.0,4,0.5,agg_full,1787891769.1886992,0,2048,,0,0,0,0,0,0,0,1,25,11.207861423492432,0;0;0;0,115,0,0,,,,0,0,,,,,,,,,,,,,,,,,,,,,,,,,,
104,upsert,1,L0068,2560,2048,1787891777.8823879,7.1526079177856445,94,0,104,1787891770.72978,base,agg_full@rho0.5,1,0.55,0.0,4,0.5,agg_full,1787891770.7297466,2048,512,19.887238264083862,0,2048,2048,0,2048,1,0,2,19,9.99451270699501,1;0;1;1,120,0,0,,,,0,3,,,,,,,,,,,,,,,,,,,,,,,,,,
105,upsert,0,L0102,2560,2048,1787891777.8825047,7.152098894119263,95,0,105,1787891770.7304058,base,agg_full@rho0.5,1,0.55,0.0,4,0.5,agg_full,1787891770.7303846,2048,512,1.5416853427886963,0,0,0,0,0,0,0,2,20,9.99451270699501,0;0;1;1,120,1,0,,,,0,2,,,,,,,,,,,,,,,,,,,,,,,,,,
106,upsert,2,L0087,2048,0,1787891777.8825705,7.151714563369751,96,0,106,1787891770.730856,base,agg_full@rho0.5,1,0.55,0.0,4,0.5,agg_full,1787891770.7308397,0,2048,,0,0,0,0,0,0,0,1,21,9.99451270699501,0;0;0;1,120,0,0,,,,0,1,,,,,,,,,,,,,,,,,,,,,,,,,,
107,upsert,3,L0083,2048,0,1787891777.8826232,7.151378154754639,97,0,107,1787891770.731245,base,agg_full@rho0.5,1,0.55,0.0,4,0.5,agg_full,1787891770.73123,0,2048,,0,0,0,0,0,0,0,1,22,9.99451270699501,0;0;0;0,120,0,0,,,,0,0,,,,,,,,,,,,,,,,,,,,,,,,,,
108,upsert,0,L0079,2048,0,1787891777.8826735,5.461280345916748,98,0,108,1787891772.4213932,base,agg_full@rho0.5,1,0.55,0.0,4,0.5,agg_full,1787891772.4213622,0,2048,,0,0,0,0,0,0,0,1,23,9.99451270699501,0;1;1;1,126,0,0,,,,0,3,,,,,,,,,,,,,,,,,,,,,,,,,,
109,upsert,2,L0121,2048,0,1787891777.8827164,5.460768938064575,99,0,109,1787891772.4219475,base,agg_full@rho0.5,1,0.55,0.0,4,0.5,agg_full,1787891772.4219286,0,2048,,0,0,0,0,0,0,0,1,24,9.99451270699501,0;1;0;1,126,0,0,,,,0,2,,,,,,,,,,,,,,,,,,,,,,,,,,
110,upsert,3,L0120,3072,2560,1787891777.882757,5.460383892059326,100,0,110,1787891772.422373,base,agg_full@rho0.5,1,0.55,0.0,4,0.5,agg_full,1787891772.4223528,2560,512,6.1080334186553955,0,2560,2560,2048,512,2,0,3,25,9.99451270699501,0;1;0;0,126,0,0,,,,0,1,,,,,,,,,,,,,,,,,,,,,,,,,,
111,upsert,1,L0068,3072,2560,1787891780.7661128,8.343260049819946,101,0,111,1787891772.4228528,base,agg_full@rho0.5,1,0.55,0.0,4,0.5,agg_full,1787891772.422836,2560,512,1.693089485168457,0,2048,2048,0,2048,1,0,3,26,9.99451270699501,0;0;0;0,126,1,0,,,,0,0,,,,,,,,,,,,,,,,,,,,,,,,,,
112,upsert,2,L0080,2048,0,1787891780.7662568,6.588411569595337,102,0,112,1787891774.1778452,base,agg_full@rho0.5,1,0.55,0.0,4,0.5,agg_full,1787891774.1778178,0,2048,,0,0,0,0,0,0,0,1,24,9.572252199053764,2;1;0;0,133,0,0,,,,0,3,,,,,,,,,,,,,,,,,,,,,,,,,,
113,upsert,0,L0064,2048,2560,1787891780.7663214,6.587903261184692,103,0,113,1787891774.1784182,base,agg_full@rho0.5,1,0.55,0.0,4,0.5,agg_full,1787891774.1783984,2560,-512,12.800984382629395,0,2560,3072,2560,512,2,0,5,25,9.572252199053764,1;1;0;0,133,0,0,,,,0,2,,,,,,,,,,,,,,,,,,,,,,,,,,
114,upsert,1,L0066,2560,2048,1787891780.7663758,6.587534666061401,104,0,114,1787891774.178841,base,agg_full@rho0.5,1,0.55,0.0,4,0.5,agg_full,1787891774.1788244,2048,512,10.16959285736084,0,2048,2048,0,2048,1,0,2,26,9.572252199053764,1;0;0;0,133,0,0,,,,0,1,,,,,,,,,,,,,,,,,,,,,,,,,,
115,upsert,0,L0064,2560,2048,1787891780.7664213,6.587143421173096,105,0,115,1787891774.179278,base,agg_full@rho0.5,1,0.55,0.0,4,0.5,agg_full,1787891774.1792629,2048,512,0.0008645057678222656,0,2560,3072,2560,512,2,0,5,27,9.572252199053764,0;0;0;0,133,1,0,,,,0,0,,,,,,,,,,,,,,,,,,,,,,,,,,
116,upsert,1,L0067,2048,0,1787891782.0826452,5.23521614074707,106,0,116,1787891776.847429,base,agg_full@rho0.5,1,0.55,0.0,4,0.5,agg_full,1787891776.8474016,0,2048,,0,0,0,0,0,0,0,1,24,8.827858746051788,1;1;0;1,139,0,0,,,,0,3,,,,,,,,,,,,,,,,,,,,,,,,,,
117,upsert,3,L0074,2048,0,1787891782.0827513,5.2347588539123535,107,0,117,1787891776.8479924,base,agg_full@rho0.5,1,0.55,0.0,4,0.5,agg_full,1787891776.8479755,0,2048,,0,0,0,0,0,0,0,1,25,8.827858746051788,1;1;0;0,139,0,0,,,,0,2,,,,,,,,,,,,,,,,,,,,,,,,,,
118,upsert,1,L0066,3072,2560,1787891782.082824,5.2344090938568115,108,0,118,1787891776.848415,base,agg_full@rho0.5,1,0.55,0.0,4,0.5,agg_full,1787891776.8483968,2560,512,2.669572353363037,0,2048,2048,0,2048,1,0,3,26,8.827858746051788,1;0;0;0,139,1,0,,,,0,1,,,,,,,,,,,,,,,,,,,,,,,,,,
119,upsert,0,L0109,2560,2048,1787891782.082876,5.233994960784912,109,0,119,1787891776.848881,base,agg_full@rho0.5,1,0.55,0.0,4,0.5,agg_full,1787891776.8488648,2048,512,26.00597906112671,0,2048,2048,0,2048,1,0,2,27,8.827858746051788,0;0;0;0,139,0,0,,,,0,0,,,,,,,,,,,,,,,,,,,,,,,,,,
120,upsert,2,L0070,2048,3072,1787891783.2891307,4.899083614349365,110,0,120,1787891778.390047,base,agg_full@rho0.5,1,0.55,0.0,4,0.5,agg_full,1787891778.3900175,3072,-1024,17.01308560371399,0,3072,3072,2048,1024,2,0,4,21,7.681590735912323,0;2;0;1,146,0,0,,,,0,3,,,,,,,,,,,,,,,,,,,,,,,,,,
121,upsert,1,L0068,2048,3072,1787891783.2892573,4.898645401000977,111,0,121,1787891778.390612,base,agg_full@rho0.5,1,0.55,0.0,4,0.5,agg_full,1787891778.3905926,3072,-1024,5.967756509780884,0,2560,2560,0,2560,1,0,4,22,7.681590735912323,0;1;0;1,146,1,0,,,,0,2,,,,,,,,,,,,,,,,,,,,,,,,,,
122,upsert,1,L0066,2048,3072,1787891783.2893124,4.898288249969482,112,0,122,1787891778.391024,base,agg_full@rho0.5,1,0.55,0.0,4,0.5,agg_full,1787891778.3910086,3072,-1024,1.542611837387085,0,2048,2048,0,2048,1,0,4,23,7.681590735912323,0;0;0;1,146,1,0,,,,0,1,,,,,,,,,,,,,,,,,,,,,,,,,,
123,upsert,3,L0100,2048,0,1787891783.2893577,4.89793586730957,113,0,123,1787891778.3914218,base,agg_full@rho0.5,1,0.55,0.0,4,0.5,agg_full,1787891778.3914077,0,2048,,0,0,0,0,0,0,0,1,24,7.681590735912323,0;0;0;0,146,0,0,,,,0,0,,,,,,,,,,,,,,,,,,,,,,,,,,
124,upsert,2,L0089,2048,0,1787891783.2894049,3.37554931640625,114,0,124,1787891779.9138556,base,agg_full@rho0.5,1,0.55,0.0,4,0.5,agg_full,1787891779.9138281,0,2048,,0,0,0,0,0,0,0,1,25,7.681590735912323,0;2;0;1,152,0,0,,,,0,3,,,,,,,,,,,,,,,,,,,,,,,,,,
125,upsert,1,L0064,3072,3072,1787891783.2894502,3.375025987625122,115,0,125,1787891779.9144242,base,agg_full@rho0.5,1,0.55,0.0,4,0.5,agg_full,1787891779.9144037,3072,0,13.59853219985962,0,3072,3072,2560,512,2,0,6,26,7.681590735912323,0;1;0;1,152,0,0,,,,0,2,,,,,,,,,,,,,,,,,,,,,,,,,,
126,upsert,1,L0066,2560,2048,1787891783.2894943,3.374581813812256,116,0,126,1787891779.9149125,base,agg_full@rho0.5,1,0.55,0.0,4,0.5,agg_full,1787891779.914896,2048,512,1.5238873958587646,0,2048,2048,0,2048,1,0,5,27,7.681590735912323,0;0;0;1,152,1,0,,,,0,1,,,,,,,,,,,,,,,,,,,,,,,,,,
127,upsert,3,L0113,2048,0,1787891783.9102802,3.994938373565674,117,0,127,1787891779.9153419,base,agg_full@rho0.5,1,0.55,0.0,4,0.5,agg_full,1787891779.9153275,0,2048,,0,0,0,0,0,0,0,1,28,7.681590735912323,0;0;0;0,152,0,0,,,,0,0,,,,,,,,,,,,,,,,,,,,,,,,,,
0,upsert,0,L0012,2048,0,1787891792.177768,0.0032100677490234375,1,0,0,1787891792.174558,base,agg_static@rho1.2,1,0.55,0.0,4,1.2,agg_static,1787891792.1745303,0,2048,,0,0,0,0,0,0,0,1,1,,0;1;1;1,4,0,0,,,,0,3,,,,,,,,,,,,,,,,,,,,,,,,,,
1,upsert,2,L0007,2048,0,1787891792.1778812,0.0031707286834716797,2,1,1,1787891792.1747105,base,agg_static@rho1.2,1,0.55,0.0,4,1.2,agg_static,1787891792.1746974,0,2048,,0,0,0,0,0,0,0,1,2,,0;1;0;1,4,0,1,1,0,1,0,2,63,63,30.142565727233887,,2,2,2,2,1,1,0,0,0,0.0,0.0,0.0,3.1707286834716797,0.0,2287.14023,2608.0,0,0,0,0,0,0
2,upsert,1,L0059,2048,0,1787891792.177947,0.0031366348266601562,3,0,2,1787891792.1748104,base,agg_static@rho1.2,1,0.55,0.0,4,1.2,agg_static,1787891792.1748,0,2048,,0,0,0,0,0,0,0,1,3,,0;0;0;1,4,0,0,,,,0,1,,,,,,,,,,,,,,,,,,,,,,,,,,
3,upsert,3,L0016,2048,0,1787891792.1779978,0.0031049251556396484,4,0,3,1787891792.174893,base,agg_static@rho1.2,1,0.55,0.0,4,1.2,agg_static,1787891792.1748838,0,2048,,0,0,0,0,0,0,0,1,4,,0;0;0;0,4,0,0,,,,0,0,,,,,,,,,,,,,,,,,,,,,,,,,,
4,upsert,0,L0029,2048,0,1787891797.5865474,3.85109543800354,5,0,4,1787891793.735452,base,agg_static@rho1.2,1,0.55,0.0,4,1.2,agg_static,1787891793.7354255,0,2048,,0,0,0,0,0,0,0,1,1,0.0031555891036987305,0;1;1;1,8,0,0,,,,0,3,,,,,,,,,,,,,,,,,,,,,,,,,,
5,upsert,3,L0021,2048,0,1787891799.0472226,5.311501979827881,6,2,5,1787891793.7357206,base,agg_static@rho1.2,1,0.55,0.0,4,1.2,agg_static,1787891793.7357051,0,2048,,0,0,0,0,0,0,0,1,2,0.0031555891036987305,0;1;1;0,8,0,1,0,1,0,0,2,58,58,20.01505446434021,,1,3,1,3,0,1,0,2048,2048,40.96,2.0,38.96,5311.501979827881,38.96,2633.477145,2080.0,1,2,2,38.96,79.92,79.92
6,upsert,1,L0004,2048,0,1787891799.0473368,5.3114423751831055,7,0,6,1787891793.7358944,base,agg_static@rho1.2,1,0.55,0.0,4,1.2,agg_static,1787891793.7358816,0,2048,,0,0,0,0,0,0,0,1,3,0.0031555891036987305,0;0;1;0,8,0,0,,,,0,1,,,,,,,,,,,,,,,,,,,,,,,,,,
7,upsert,2,L0001,2048,0,1787891801.2269936,7.490950584411621,8,3,7,1787891793.736043,base,agg_static@rho1.2,1,0.55,0.0,4,1.2,agg_static,1787891793.736031,0,2048,,0,0,0,0,0,0,0,1,4,0.0031555891036987305,0;0;0;0,8,0,1,0,1,0,0,0,40,40,7.924234390258789,,1,2,1,2,0,0,0,2048,2048,40.96,0.0,40.96,7490.950584411621,40.96,1272.378544,2080.0,1,2,2,40.96,79.92,79.92
8,upsert,0,L0063,2048,0,1787891807.9460995,12.519410848617554,9,0,8,1787891795.4266887,base,agg_static@rho1.2,1,0.55,0.0,4,1.2,agg_static,1787891795.4266639,0,2048,,0,0,0,0,0,0,0,1,5,0.0031555891036987305,0;1;1;1,12,0,0,,,,0,3,,,,,,,,,,,,,,,,,,,,,,,,,,
9,upsert,1,L0041,2048,0,1787891807.9462209,12.519265174865723,10,0,9,1787891795.4269557,base,agg_static@rho1.2,1,0.55,0.0,4,1.2,agg_static,1787891795.4269407,0,2048,,0,0,0,0,0,0,0,1,6,0.0031555891036987305,0;0;1;1,12,0,0,,,,0,2,,,,,,,,,,,,,,,,,,,,,,,,,,
10,upsert,2,L0023,2048,0,1787891807.946283,12.519155979156494,11,0,10,1787891795.4271271,base,agg_static@rho1.2,1,0.55,0.0,4,1.2,agg_static,1787891795.4271145,0,2048,,0,0,0,0,0,0,0,1,7,0.0031555891036987305,0;0;0;1,12,0,0,,,,0,1,,,,,,,,,,,,,,,,,,,,,,,,,,
11,upsert,3,L0046,2048,0,1787891815.2493749,19.822072744369507,12,0,11,1787891795.4273021,base,agg_static@rho1.2,1,0.55,0.0,4,1.2,agg_static,1787891795.4272902,0,2048,,0,0,0,0,0,0,0,1,8,0.0031555891036987305,0;0;0;0,12,0,0,,,,0,0,,,,,,,,,,,,,,,,,,,,,,,,,,
12,upsert,0,L0022,2048,0,1787891815.2495213,17.726834297180176,13,2,12,1787891797.522687,base,agg_static@rho1.2,1,0.55,0.0,4,1.2,agg_static,1787891797.522659,0,2048,,0,0,0,0,0,0,0,1,9,0.0031555891036987305,0;1;1;1,16,0,1,0,0,1,0,3,55,55,1.1385197639465332,,0,0,0,0,0,0,0,0,0,0.0,0.0,0.0,17726.834297180176,0.0,755.148548,2080.0,0,1,1,0,40.96,40.96
13,upsert,2,L0019,2048,0,1787891815.249594,17.72664189338684,14,0,13,1787891797.522952,base,agg_static@rho1.2,1,0.55,0.0,4,1.2,agg_static,1787891797.5229359,0,2048,,0,0,0,0,0,0,0,1,10,0.0031555891036987305,0;1;0;1,16,0,0,,,,0,2,,,,,,,,,,,,,,,,,,,,,,,,,,
14,upsert,1,L0004,2560,2048,1787891815.2496474,17.72652244567871,15,0,14,1787891797.523125,base,agg_static@rho1.2,1,0.55,0.0,4,1.2,agg_static,1787891797.5231082,2048,512,3.787226676940918,0,0,0,0,0,0,0,2,11,0.0031555891036987305,0;0;0;1,16,1,0,,,,0,1,,,,,,,,,,,,,,,,,,,,,,,,,,
15,upsert,3,L0001,2560,0,1787891815.2496986,17.726397275924683,16,1,15,1787891797.5233014,base,agg_static@rho1.2,1,0.55,0.0,4,1.2,agg_static,1787891797.5232892,0,2560,,0,0,0,0,0,0,0,2,12,0.0031555891036987305,0;0;0;0,16,0,1,0,1,0,0,0,56,56,3.812450885772705,,2,3,2,3,0,0,2048,2560,512,10.24,0.0,10.24,17726.397275924683,10.24,114.002711,2608.0,1,1,1,10.24,10.24,10.24
16,upsert,0,L0029,2560,2048,1787891815.249748,15.853665351867676,17,0,16,1787891799.3960826,base,agg_static@rho1.2,1,0.55,0.0,4,1.2,agg_static,1787891799.3960533,2048,512,5.660627841949463,0,2048,2048,0,2048,1,0,2,10,2.0695231642041887,0;1;1;1,21,0,0,,,,0,3,,,,,,,,,,,,,,,,,,,,,,,,,,
17,upsert,2,L0007,2560,2048,1787891815.249779,15.853392362594604,18,1,17,1787891799.3963866,base,agg_static@rho1.2,1,0.55,0.0,4,1.2,agg_static,1787891799.3963673,2048,512,7.221669912338257,0,2048,2048,0,2048,1,0,2,11,2.0695231642041887,0;1;0;1,21,0,1,0,0,1,0,2,63,63,7.07066798210144,,2,2,2,2,1,1,2048,2560,512,10.24,0.0,10.24,15853.392362594604,10.24,2287.14023,2608.0,0,0,0,0,0,0
18,upsert,3,L0013,2048,0,1787891815.2498052,15.853236198425293,19,1,18,1787891799.396569,base,agg_static@rho1.2,1,0.55,0.0,4,1.2,agg_static,1787891799.3965554,0,2048,,0,0,0,0,0,0,0,1,12,2.0695231642041887,0;1;0;0,21,0,1,0,1,0,0,1,59,59,3.812513589859009,,1,3,1,3,0,2,0,2048,2048,40.96,4.0,36.96,15853.236198425293,36.96,2632.923889,2080.0,1,1,1,36.96,36.96,36.96
19,upsert,1,L0017,2048,0,1787891825.3168113,25.92008328437805,20,0,19,1787891799.396728,base,agg_static@rho1.2,1,0.55,0.0,4,1.2,agg_static,1787891799.3967159,0,2048,,0,0,0,0,0,0,0,1,13,2.0695231642041887,0;0;0;0,21,0,0,,,,0,0,,,,,,,,,,,,,,,,,,,,,,,,,,
20,upsert,1,L0024,2048,0,1787891825.3169465,24.357813119888306,21,0,20,1787891800.9591334,base,agg_static@rho1.2,1,0.55,0.0,4,1.2,agg_static,1787891800.9591045,0,2048,,0,0,0,0,0,0,0,1,14,2.0695231642041887,1;0;1;1,25,0,0,,,,0,3,,,,,,,,,,,,,,,,,,,,,,,,,,
21,upsert,2,L0053,2048,0,1787891825.3170192,24.357582330703735,22,0,21,1787891800.959437,base,agg_static@rho1.2,1,0.55,0.0,4,1.2,agg_static,1787891800.9594207,0,2048,,0,0,0,0,0,0,0,1,15,2.0695231642041887,1;0;0;1,25,0,0,,,,0,2,,,,,,,,,,,,,,,,,,,,,,,,,,
22,upsert,3,L0033,2048,0,1787891825.3170724,24.35745668411255,23,0,22,1787891800.9596157,base,agg_static@rho1.2,1,0.55,0.0,4,1.2,agg_static,1787891800.9596024,0,2048,,0,0,0,0,0,0,0,1,16,2.0695231642041887,1;0;0;0,25,0,0,,,,0,1,,,,,,,,,,,,,,,,,,,,,,,,,,
23,upsert,0,L0034,2048,0,1787891828.8000202,27.840246200561523,24,0,23,1787891800.959774,base,agg_static@rho1.2,1,0.55,0.0,4,1.2,agg_static,1787891800.9597616,0,2048,,0,0,0,0,0,0,0,1,17,2.0695231642041887,0;0;0;0,25,0,0,,,,0,0,,,,,,,,,,,,,,,,,,,,,,,,,,
24,upsert,1,L0042,2048,0,1787891828.8001254,26.07125234603882,25,0,24,1787891802.728873,base,agg_static@rho1.2,1,0.55,0.0,4,1.2,agg_static,1787891802.7288444,0,2048,,0,0,0,0,0,0,0,1,17,2.747201591730118,1;0;1;1,29,0,0,,,,0,3,,,,,,,,,,,,,,,,,,,,,,,,,,
25,upsert,3,L0026,2048,0,1787891828.8002195,26.071072340011597,26,0,25,1787891802.7291472,base,agg_static@rho1.2,1,0.55,0.0,4,1.2,agg_static,1787891802.729131,0,2048,,0,0,0,0,0,0,0,1,18,2.747201591730118,1;0;1;0,29,0,0,,,,0,2,,,,,,,,,,,,,,,,,,,,,,,,,,
26,upsert,2,L0005,2048,0,1787891828.800261,26.070905923843384,27,0,26,1787891802.729355,base,agg_static@rho1.2,1,0.55,0.0,4,1.2,agg_static,1787891802.7293413,0,2048,,0,0,0,0,0,0,0,1,19,2.747201591730118,1;0;0;0,29,0,0,,,,0,1,,,,,,,,,,,,,,,,,,,,,,,,,,
27,upsert,0,L0000,2048,0,1787891828.8002925,26.07077932357788,28,0,27,1787891802.7295132,base,agg_static@rho1.2,1,0.55,0.0,4,1.2,agg_static,1787891802.7295015,0,2048,,0,0,0,0,0,0,0,1,20,2.747201591730118,0;0;0;0,29,0,0,,,,0,0,,,,,,,,,,,,,,,,,,,,,,,,,,
28,upsert,1,L0034,2560,0,1787891828.800323,23.85267734527588,29,0,28,1787891804.9476457,base,agg_static@rho1.2,1,0.55,0.0,4,1.2,agg_static,1787891804.9476168,0,2560,,0,0,0,0,0,0,0,2,21,2.747201591730118,1;0;1;1,33,0,0,,,,0,3,,,,,,,,,,,,,,,,,,,,,,,,,,
29,upsert,0,L0002,2048,0,1787891828.8003497,23.852425575256348,30,0,29,1787891804.9479241,base,agg_static@rho1.2,1,0.55,0.0,4,1.2,agg_static,1787891804.9479089,0,2048,,0,0,0,0,0,0,0,1,22,2.747201591730118,0;0;1;1,33,0,0,,,,0,2,,,,,,,,,,,,,,,,,,,,,,,,,,
30,upsert,3,L0011,2048,0,1787891835.7662902,30.818187475204468,31,0,30,1787891804.9481027,base,agg_static@rho1.2,1,0.55,0.0,4,1.2,agg_static,1787891804.9480891,0,2048,,0,0,0,0,0,0,0,1,23,2.747201591730118,0;0;1;0,33,0,0,,,,0,1,,,,,,,,,,,,,,,,,,,,,,,,,,
31,upsert,2,L0018,2048,0,1787891835.7663682,30.818077087402344,32,0,31,1787891804.948291,base,agg_static@rho1.2,1,0.55,0.0,4,1.2,agg_static,1787891804.9482796,0,2048,,0,0,0,0,0,0,0,1,24,2.747201591730118,0;0;0;0,33,0,0,,,,0,0,,,,,,,,,,,,,,,,,,,,,,,,,,
32,upsert,1,L0005,2560,0,1787891835.7664077,28.823575973510742,33,0,32,1787891806.9428318,base,agg_static@rho1.2,1,0.55,0.0,4,1.2,agg_static,1787891806.9428048,0,2560,,0,0,0,0,0,0,0,2,25,2.747201591730118,1;0;1;1,37,0,0,,,,0,3,,,,,,,,,,,,,,,,,,,,,,,,,,
33,upsert,2,L0042,2560,0,1787891835.7664425,28.82306742668152,34,0,33,1787891806.943375,base,agg_static@rho1.2,1,0.55,0.0,4,1.2,agg_static,1787891806.943357,0,2560,,0,0,0,0,0,0,0,2,26,2.747201591730118,1;0;0;1,37,0,0,,,,0,2,,,,,,,,,,,,,,,,,,,,,,,,,,
34,upsert,3,L0006,2048,0,1787891835.766469,28.822696685791016,35,0,34,1787891806.9437723,base,agg_static@rho1.2,1,0.55,0.0,4,1.2,agg_static,1787891806.9437578,0,2048,,0,0,0,0,0,0,0,1,27,2.747201591730118,1;0;0;0,37,0,0,,,,0,1,,,,,,,,,,,,,,,,,,,,,,,,,,
35,upsert,0,L0055,2048,0,1787891835.766495,28.822395086288452,36,0,35,1787891806.9441,base,agg_static@rho1.2,1,0.55,0.0,4,1.2,agg_static,1787891806.9440868,0,2048,,0,0,0,0,0,0,0,1,28,2.747201591730118,0;0;0;0,37,0,0,,,,0,0,,,,,,,,,,,,,,,,,,,,,,,,,,
36,upsert,1,L0000,2560,0,1787891835.7665207,26.61696743965149,37,0,36,1787891809.1495533,base,agg_static@rho1.2,1,0.55,0.0,4,1.2,agg_static,1787891809.1495275,0,2560,,0,0,0,0,0,0,0,2,26,5.412313157861883,1;0;1;1,41,0,0,,,,0,3,,,,,,,,,,,,,,,,,,,,,,,,,,
37,upsert,3,L0009,2048,0,1787891835.7665458,26.616480112075806,38,0,37,1787891809.1500657,base,agg_static@rho1.2,1,0.55,0.0,4,1.2,agg_static,1787891809.150049,0,2048,,0,0,0,0,0,0,0,1,27,5.412313157861883,1;0;1;0,41,0,0,,,,0,2,,,,,,,,,,,,,,,,,,,,,,,,,,
38,upsert,2,L0047,2048,0,1787891835.7665703,26.616107940673828,39,0,38,1787891809.1504624,base,agg_static@rho1.2,1,0.55,0.0,4,1.2,agg_static,1787891809.1504474,0,2048,,0,0,0,0,0,0,0,1,28,5.412313157861883,1;0;0;0,41,0,0,,,,0,1,,,,,,,,,,,,,,,,,,,,,,,,,,
39,upsert,0,L0033,2560,0,1787891835.766594,26.61579132080078,40,0,39,1787891809.1508026,base,agg_static@rho1.2,1,0.55,0.0,4,1.2,agg_static,1787891809.150789,0,2560,,0,0,0,0,0,0,0,2,29,5.412313157861883,0;0;0;0,41,0,0,,,,0,0,,,,,,,,,,,,,,,,,,,,,,,,,,
40,upsert,2,L0001,3072,2048,1787891835.7666173,23.8122878074646,41,0,40,1787891811.9543295,base,agg_static@rho1.2,1,0.55,0.0,4,1.2,agg_static,1787891811.9543009,2048,1024,18.21826982498169,0,2048,2048,0,2048,1,0,4,30,5.412313157861883,1;1;1;0,47,0,0,,,,0,3,,,,,,,,,,,,,,,,,,,,,,,,,,
41,upsert,2,L0001,2048,3072,1787891835.7666464,23.811760902404785,42,0,41,1787891811.9548855,base,agg_static@rho1.2,1,0.55,0.0,4,1.2,agg_static,1787891811.9548664,3072,-1024,0.0005655288696289062,0,2048,2048,0,2048,1,0,4,31,5.412313157861883,1;1;0;0,47,1,0,,,,0,2,,,,,,,,,,,,,,,,,,,,,,,,,,
42,upsert,0,L0050,2048,0,1787891853.6314206,41.67616009712219,43,0,42,1787891811.9552605,base,agg_static@rho1.2,1,0.55,0.0,4,1.2,agg_static,1787891811.955246,0,2048,,0,0,0,0,0,0,0,1,32,5.412313157861883,0;1;0;0,47,0,0,,,,0,1,,,,,,,,,,,,,,,,,,,,,,,,,,
44,upsert,3,L0027,2048,0,1787891853.6315598,39.88685655593872,44,0,44,1787891813.7447033,base,agg_static@rho1.2,1,0.55,0.0,4,1.2,agg_static,1787891813.7446725,0,2048,,0,0,0,0,0,0,0,1,34,5.412313157861883,1;1;1;0,51,0,0,,,,0,3,,,,,,,,,,,,,,,,,,,,,,,,,,
45,upsert,0,L0035,2048,0,1787891853.631626,39.88642740249634,45,0,45,1787891813.7451985,base,agg_static@rho1.2,1,0.55,0.0,4,1.2,agg_static,1787891813.7451804,0,2048,,0,0,0,0,0,0,0,1,35,5.412313157861883,0;1;1;0,51,0,0,,,,0,2,,,,,,,,,,,,,,,,,,,,,,,,,,
46,upsert,2,L0025,2048,0,1787891853.6316767,39.8861141204834,46,0,46,1787891813.7455626,base,agg_static@rho1.2,1,0.55,0.0,4,1.2,agg_static,1787891813.7455482,0,2048,,0,0,0,0,0,0,0,1,36,5.412313157861883,0;1;0;0,51,0,0,,,,0,1,,,,,,,,,,,,,,,,,,,,,,,,,,
47,upsert,1,L0034,3072,2560,1787891857.1145859,43.36868596076965,47,0,47,1787891813.7459,base,agg_static@rho1.2,1,0.55,0.0,4,1.2,agg_static,1787891813.7458823,2560,512,8.79826545715332,0,0,0,0,0,0,0,3,37,5.412313157861883,0;0;0;0,51,1,0,,,,0,0,,,,,,,,,,,,,,,,,,,,,,,,,,
48,upsert,3,L0039,2048,0,1787891857.1147113,40.72856688499451,48,0,48,1787891816.3861444,base,agg_static@rho1.2,1,0.55,0.0,4,1.2,agg_static,1787891816.3861182,0,2048,,0,0,0,0,0,0,0,1,30,10.411800384521484,1;1;1;0,55,0,0,,,,0,3,,,,,,,,,,,,,,,,,,,,,,,,,,
49,upsert,1,L0013,2560,0,1787891857.114774,40.728105783462524,49,0,49,1787891816.3866682,base,agg_static@rho1.2,1,0.55,0.0,4,1.2,agg_static,1787891816.38665,0,2560,,0,0,2048,0,2048,1,0,2,31,10.411800384521484,1;0;1;0,55,0,0,,,,0,2,,,,,,,,,,,,,,,,,,,,,,,,,,
51,upsert,0,L0000,2048,2048,1787891857.1148324,40.727325201034546,50,0,51,1787891816.3875072,base,agg_static@rho1.2,1,0.55,0.0,4,1.2,agg_static,1787891816.3874905,2048,0,13.657989025115967,0,0,0,0,0,0,0,4,33,10.411800384521484,0;0;0;0,55,1,0,,,,0,0,,,,,,,,,,,,,,,,,,,,,,,,,,
52,upsert,3,L0014,2048,0,1787891857.1148815,38.05446934700012,51,0,52,1787891819.0604122,base,agg_static@rho1.2,1,0.55,0.0,4,1.2,agg_static,1787891819.0603848,0,2048,,0,0,0,0,0,0,0,1,34,10.411800384521484,1;1;1;0,60,0,0,,,,0,3,,,,,,,,,,,,,,,,,,,,,,,,,,
53,upsert,2,L0006,2560,0,1787891857.114926,38.05401253700256,52,0,53,1787891819.0609136,base,agg_static@rho1.2,1,0.55,0.0,4,1.2,agg_static,1787891819.060896,0,2560,,0,0,0,0,0,0,0,2,35,10.411800384521484,1;1;0;0,60,0,0,,,,0,2,,,,,,,,,,,,,,,,,,,,,,,,,,
54,upsert,1,L0024,2560,2048,1787891857.1149719,38.053640365600586,53,0,54,1787891819.0613315,base,agg_static@rho1.2,1,0.55,0.0,4,1.2,agg_static,1787891819.061313,2048,512,18.102208375930786,0,0,0,0,0,0,0,2,36,10.411800384521484,1;0;0;0,60,1,0,,,,0,1,,,,,,,,,,,,,,,,,,,,,,,,,,
55,upsert,0,L0022,2560,2048,1787891857.1150203,38.053300619125366,54,0,55,1787891819.0617197,base,agg_static@rho1.2,1,0.55,0.0,4,1.2,agg_static,1787891819.0617046,2048,512,21.539045572280884,0,2048,2048,0,2048,1,0,2,37,10.411800384521484,0;0;0;0,60,0,0,,,,0,0,,,,,,,,,,,,,,,,,,,,,,,,,,
56,upsert,3,L0001,2560,2560,1787891857.115064,34.796610593795776,55,0,56,1787891822.3184533,base,agg_static@rho1.2,1,0.55,0.0,4,1.2,agg_static,1787891822.3184235,2560,0,24.79513430595398,0,2560,2560,2048,512,2,0,5,38,10.411800384521484,1;0;0;2,68,0,0,,,,0,3,,,,,,,,,,,,,,,,,,,,,,,,,,
57,upsert,0,L0022,3072,2560,1787891857.1151056,34.79611301422119,56,0,57,1787891822.3189926,base,agg_static@rho1.2,1,0.55,0.0,4,1.2,agg_static,1787891822.3189735,2560,512,3.2572689056396484,0,2048,2048,0,2048,1,0,3,39,10.411800384521484,0;0;0;2,68,1,0,,,,0,2,,,,,,,,,,,,,,,,,,,,,,,,,,
58,upsert,3,L0021,2560,2048,1787891857.1151886,34.79573678970337,57,0,58,1787891822.3194518,base,agg_static@rho1.2,1,0.55,0.0,4,1.2,agg_static,1787891822.3194354,2048,512,28.583730220794678,0,2048,2048,0,2048,1,0,2,40,10.411800384521484,0;0;0;1,68,0,0,,,,0,1,,,,,,,,,,,,,,,,,,,,,,,,,,
59,upsert,3,L0013,3072,2048,1787891857.1152368,34.79539942741394,58,0,59,1787891822.3198373,base,agg_static@rho1.2,1,0.55,0.0,4,1.2,agg_static,1787891822.319822,2048,1024,22.923266649246216,0,2048,2048,0,2048,1,0,3,41,10.411800384521484,0;0;0;0,68,0,0,,,,0,0,,,,,,,,,,,,,,,,,,,,,,,,,,
60,upsert,0,L0052,2048,0,1787891857.1152656,32.01455807685852,59,0,60,1787891825.1007075,base,agg_static@rho1.2,1,0.55,0.0,4,1.2,agg_static,1787891825.1006792,0,2048,,0,0,0,0,0,0,0,1,42,10.411800384521484,0;0;2;1,74,0,0,,,,0,3,,,,,,,,,,,,,,,,,,,,,,,,,,
61,upsert,3,L0021,3072,2560,1787891857.1152909,32.01404786109924,60,0,61,1787891825.101243,base,agg_static@rho1.2,1,0.55,0.0,4,1.2,agg_static,1787891825.1012218,2560,512,2.7817864418029785,0,2048,2048,0,2048,1,0,3,43,10.411800384521484,0;0;2;0,74,1,0,,,,0,2,,,,,,,,,,,,,,,,,,,,,,,,,,
62,upsert,2,L0040,2048,0,1787891857.1153147,32.01361274719238,61,0,62,1787891825.101702,base,agg_static@rho1.2,1,0.55,0.0,4,1.2,agg_static,1787891825.1016872,0,2048,,0,0,0,0,0,0,0,1,44,10.411800384521484,0;0;1;0,74,0,0,,,,0,1,,,,,,,,,,,,,,,,,,,,,,,,,,
0,upsert,0,L0012,2048,0,1787891919.626666,51.26191306114197,1,0,0,1787891868.364753,base,exact_fifo@rho1.0,1,0.55,0.0,4,1.0,exact_fifo,1787891868.364726,0,2048,,0,0,0,0,0,0,0,1,1,,0;1;1;1,4,0,0,,,,0,3,,,,,,,,,,,,,,,,,,,,,,,,,,
1,upsert,2,L0007,2048,0,1787891920.8415625,52.47665858268738,2,0,1,1787891868.364904,base,exact_fifo@rho1.0,1,0.55,0.0,4,1.0,exact_fifo,1787891868.3648899,0,2048,,0,0,0,0,0,0,0,1,2,,0;1;0;1,4,0,0,,,,0,2,,,,,,,,,,,,,,,,,,,,,,,,,,
2,upsert,1,L0059,2048,0,1787891920.8416743,52.47666621208191,3,0,2,1787891868.365008,base,exact_fifo@rho1.0,1,0.55,0.0,4,1.0,exact_fifo,1787891868.3649971,0,2048,,0,0,0,0,0,0,0,1,3,,0;0;0;1,4,0,0,,,,0,1,,,,,,,,,,,,,,,,,,,,,,,,,,
3,upsert,3,L0016,2048,0,1787891922.6547143,54.28962278366089,4,0,3,1787891868.3650916,base,exact_fifo@rho1.0,1,0.55,0.0,4,1.0,exact_fifo,1787891868.3650823,0,2048,,0,0,0,0,0,0,0,1,4,,0;0;0;0,4,0,0,,,,0,0,,,,,,,,,,,,,,,,,,,,,,,,,,
4,upsert,0,L0029,2048,0,1787891922.6548128,52.4806125164032,5,0,4,1787891870.1742003,base,exact_fifo@rho1.0,1,0.55,0.0,4,1.0,exact_fifo,1787891870.1741543,0,2048,,0,0,0,0,0,0,0,1,5,,0;1;1;1,8,0,0,,,,0,3,,,,,,,,,,,,,,,,,,,,,,,,,,
5,upsert,3,L0021,2048,0,1787891922.6548774,52.4805166721344,6,0,5,1787891870.1743608,base,exact_fifo@rho1.0,1,0.55,0.0,4,1.0,exact_fifo,1787891870.1743467,0,2048,,0,0,0,0,0,0,0,1,6,,0;1;1;0,8,0,0,,,,0,2,,,,,,,,,,,,,,,,,,,,,,,,,,
6,upsert,1,L0004,2048,0,1787891922.6549318,52.48047423362732,7,0,6,1787891870.1744576,base,exact_fifo@rho1.0,1,0.55,0.0,4,1.0,exact_fifo,1787891870.174447,0,2048,,0,0,0,0,0,0,0,1,7,,0;0;1;0,8,0,0,,,,0,1,,,,,,,,,,,,,,,,,,,,,,,,,,
7,upsert,2,L0001,2048,0,1787891922.6549788,52.48043990135193,8,0,7,1787891870.1745389,base,exact_fifo@rho1.0,1,0.55,0.0,4,1.0,exact_fifo,1787891870.1745288,0,2048,,0,0,0,0,0,0,0,1,8,,0;0;0;0,8,0,0,,,,0,0,,,,,,,,,,,,,,,,,,,,,,,,,,
8,upsert,0,L0063,2048,0,1787891922.6550233,50.63515639305115,9,0,8,1787891872.019867,base,exact_fifo@rho1.0,1,0.55,0.0,4,1.0,exact_fifo,1787891872.019841,0,2048,,0,0,0,0,0,0,0,1,9,,0;1;1;1,12,0,0,,,,0,3,,,,,,,,,,,,,,,,,,,,,,,,,,
9,upsert,1,L0041,2048,0,1787891922.6550672,50.635040283203125,10,0,9,1787891872.020027,base,exact_fifo@rho1.0,1,0.55,0.0,4,1.0,exact_fifo,1787891872.020013,0,2048,,0,0,0,0,0,0,0,1,10,,0;0;1;1,12,0,0,,,,0,2,,,,,,,,,,,,,,,,,,,,,,,,,,
10,upsert,2,L0023,2048,0,1787891929.0659063,57.045788288116455,11,0,10,1787891872.020118,base,exact_fifo@rho1.0,1,0.55,0.0,4,1.0,exact_fifo,1787891872.020108,0,2048,,0,0,0,0,0,0,0,1,11,,0;0;0;1,12,0,0,,,,0,1,,,,,,,,,,,,,,,,,,,,,,,,,,
11,upsert,3,L0046,2048,0,1787891929.0659826,57.045759439468384,12,0,11,1787891872.0202231,base,exact_fifo@rho1.0,1,0.55,0.0,4,1.0,exact_fifo,1787891872.0202143,0,2048,,0,0,0,0,0,0,0,1,12,,0;0;0;0,12,0,0,,,,0,0,,,,,,,,,,,,,,,,,,,,,,,,,,
12,upsert,0,L0022,2048,0,1787891929.0660203,54.99376678466797,13,0,12,1787891874.0722535,base,exact_fifo@rho1.0,1,0.55,0.0,4,1.0,exact_fifo,1787891874.072226,0,2048,,0,0,0,0,0,0,0,1,13,,0;1;1;1,16,0,0,,,,0,3,,,,,,,,,,,,,,,,,,,,,,,,,,
13,upsert,2,L0019,2048,0,1787891929.0660527,54.99363660812378,14,0,13,1787891874.072416,base,exact_fifo@rho1.0,1,0.55,0.0,4,1.0,exact_fifo,1787891874.0724015,0,2048,,0,0,0,0,0,0,0,1,14,,0;1;0;1,16,0,0,,,,0,2,,,,,,,,,,,,,,,,,,,,,,,,,,
14,upsert,1,L0004,2560,2048,1787891929.066079,54.9935622215271,15,0,14,1787891874.0725167,base,exact_fifo@rho1.0,1,0.55,0.0,4,1.0,exact_fifo,1787891874.0725005,2048,512,3.8980534076690674,0,0,0,0,0,0,0,2,15,,0;0;0;1,16,1,0,,,,0,1,,,,,,,,,,,,,,,,,,,,,,,,,,
15,upsert,3,L0001,2560,0,1787891929.0661073,54.99349904060364,16,0,15,1787891874.0726082,base,exact_fifo@rho1.0,1,0.55,0.0,4,1.0,exact_fifo,1787891874.072598,0,2560,,0,0,0,0,0,0,0,2,16,,0;0;0;0,16,0,0,,,,0,0,,,,,,,,,,,,,,,,,,,,,,,,,,
16,upsert,0,L0029,2560,2048,1787891929.0661328,52.82642865180969,17,0,16,1787891876.2397041,base,exact_fifo@rho1.0,1,0.55,0.0,4,1.0,exact_fifo,1787891876.2396739,2048,512,6.065519571304321,0,0,0,0,0,0,0,2,17,,0;1;1;1,20,1,0,,,,0,3,,,,,,,,,,,,,,,,,,,,,,,,,,
17,upsert,3,L0007,2560,0,1787891929.06618,52.82630491256714,18,0,17,1787891876.239875,base,exact_fifo@rho1.0,1,0.55,0.0,4,1.0,exact_fifo,1787891876.2398603,0,2560,,0,0,0,0,0,0,0,2,18,,0;1;1;0,20,0,0,,,,0,2,,,,,,,,,,,,,,,,,,,,,,,,,,
18,upsert,1,L0013,2048,0,1787891936.710749,60.47077703475952,19,0,18,1787891876.2399719,base,exact_fifo@rho1.0,1,0.55,0.0,4,1.0,exact_fifo,1787891876.2399611,0,2048,,0,0,0,0,0,0,0,1,19,,0;0;1;0,20,0,0,,,,0,1,,,,,,,,,,,,,,,,,,,,,,,,,,
19,upsert,2,L0017,2048,0,1787891936.7108564,60.470799684524536,20,0,19,1787891876.2400568,base,exact_fifo@rho1.0,1,0.55,0.0,4,1.0,exact_fifo,1787891876.2400472,0,2048,,0,0,0,0,0,0,0,1,20,,0;0;0;0,20,0,0,,,,0,0,,,,,,,,,,,,,,,,,,,,,,,,,,
20,upsert,0,L0024,2048,0,1787891936.7109234,58.69148254394531,21,0,20,1787891878.019441,base,exact_fifo@rho1.0,1,0.55,0.0,4,1.0,exact_fifo,1787891878.0194132,0,2048,,0,0,0,0,0,0,0,1,21,,0;1;1;1,24,0,0,,,,0,3,,,,,,,,,,,,,,,,,,,,,,,,,,
21,upsert,1,L0053,2048,0,1787891936.7109833,58.69137096405029,22,0,21,1787891878.0196123,base,exact_fifo@rho1.0,1,0.55,0.0,4,1.0,exact_fifo,1787891878.019597,0,2048,,0,0,0,0,0,0,0,1,22,,0;0;1;1,24,0,0,,,,0,2,,,,,,,,,,,,,,,,,,,,,,,,,,
22,upsert,2,L0033,2048,0,1787891936.711018,58.691304445266724,23,0,22,1787891878.0197136,base,exact_fifo@rho1.0,1,0.55,0.0,4,1.0,exact_fifo,1787891878.0197003,0,2048,,0,0,0,0,0,0,0,1,23,,0;0;0;1,24,0,0,,,,0,1,,,,,,,,,,,,,,,,,,,,,,,,,,
23,upsert,3,L0034,2048,0,1787891936.7110474,58.69124507904053,24,0,23,1787891878.0198023,base,exact_fifo@rho1.0,1,0.55,0.0,4,1.0,exact_fifo,1787891878.0197916,0,2048,,0,0,0,0,0,0,0,1,24,,0;0;0;0,24,0,0,,,,0,0,,,,,,,,,,,,,,,,,,,,,,,,,,
24,upsert,0,L0042,2048,0,1787891936.7110806,57.031010150909424,25,0,24,1787891879.6800704,base,exact_fifo@rho1.0,1,0.55,0.0,4,1.0,exact_fifo,1787891879.6800418,0,2048,,0,0,0,0,0,0,0,1,25,,0;1;1;1,28,0,0,,,,0,3,,,,,,,,,,,,,,,,,,,,,,,,,,
