update_seq,update_kind,instance,digest,coverage_after,pre_delivery_visible_cov,delivered_at_unix,signaling_delay_s,writer_seq,future_use_count,seq,t_send_unix,point_id,cell_id,rep,zipf_alpha,overlap,concurrency,rho,policy,send_ts_unix,coverage_before_source,source_coverage_delta,update_age_s,advertised_before,dispatcher_visible_before,best_visible_cov,second_visible_cov,visible_cov_gap,replica_visible_count,source_best_cov,digest_req_count_recent,in_flight_frames,ewma_delivery_delay_s,dispatcher_loads,dispatcher_rr,supersedes_in_flight,evaluated,superseded_before_use,decision_flip,decision_irrelevant,is_tombstone,dispatcher_load_sum,next_use_request_id,next_use_distance_requests,next_use_time_distance_s,next_use_discard,decision_without_update,decision_with_update,selected_instance_without,selected_instance_with,selected_load_without,selected_load_with,reusable_coverage_without,reusable_coverage_with,reusable_coverage_gain,estimated_prefill_gain_ms,estimated_queue_delta_ms,estimated_net_gain_ms,signaling_cost_ms,oracle_value_ms,realized_ttft_ms,realized_cached_tokens,impact_count_h1,impact_count_h4,impact_count_h8,cumulative_value_h1,cumulative_value_h4,cumulative_value_h8
0,upsert,0,L0015,2048,0,1787894251.3242304,0.0034055709838867188,1,0,0,1787894251.3208249,alphalow,agg_full@rho0.8,0,0.2,0.0,4,0.8,agg_full,1787894251.320792,0,2048,,0,0,0,0,0,0,0,1,1,,0;1;1;1,4,0,0,,,,0,3,,,,,,,,,,,,,,,,,,,,,,,,,,
1,upsert,2,L0013,2048,0,1787894251.3243809,0.003374814987182617,2,0,1,1787894251.321006,alphalow,agg_full@rho0.8,0,0.2,0.0,4,0.8,agg_full,1787894251.3209887,0,2048,,0,0,0,0,0,0,0,1,2,,0;1;0;1,4,0,0,,,,0,2,,,,,,,,,,,,,,,,,,,,,,,,,,
2,upsert,1,L0010,2048,0,1787894251.3244731,0.003344297409057617,3,0,2,1787894251.3211288,alphalow,agg_full@rho0.8,0,0.2,0.0,4,0.8,agg_full,1787894251.3211174,0,2048,,0,0,0,0,0,0,0,1,3,,0;0;0;1,4,0,0,,,,0,1,,,,,,,,,,,,,,,,,,,,,,,,,,
3,upsert,3,L0018,2048,0,1787894251.324542,0.0032722949981689453,4,0,3,1787894251.3212698,alphalow,agg_full@rho0.8,0,0.2,0.0,4,0.8,agg_full,1787894251.3212585,0,2048,,0,0,0,0,0,0,0,1,4,,0;0;0;0,4,0,0,,,,0,0,,,,,,,,,,,,,,,,,,,,,,,,,,
4,upsert,0,L0002,2048,0,1787894253.435231,0.0036253929138183594,5,0,4,1787894253.4316056,alphalow,agg_full@rho0.8,0,0.2,0.0,4,0.8,agg_full,1787894253.431579,0,2048,,0,0,0,0,0,0,0,1,1,0.0033492445945739746,0;1;1;1,8,0,0,,,,0,3,,,,,,,,,,,,,,,,,,,,,,,,,,
5,upsert,3,L0036,2048,0,1787894253.4353435,0.003470182418823242,6,0,5,1787894253.4318733,alphalow,agg_full@rho0.8,0,0.2,0.0,4,0.8,agg_full,1787894253.4318578,0,2048,,0,0,0,0,0,0,0,1,2,0.0033492445945739746,0;1;1;0,8,0,0,,,,0,2,,,,,,,,,,,,,,,,,,,,,,,,,,
6,upsert,1,L0041,2048,0,1787894253.435418,0.0033729076385498047,7,2,6,1787894253.432045,alphalow,agg_full@rho0.8,0,0.2,0.0,4,0.8,agg_full,1787894253.4320326,0,2048,,0,0,0,0,0,0,0,1,3,0.0033492445945739746,0;0;1;0,8,0,1,0,1,0,0,1,33,33,16.536361932754517,,0,1,0,1,0,0,0,2048,2048,40.96,0.0,40.96,3.3729076385498047,40.96,748.406806,2080.0,1,2,2,40.96,79.92,79.92
7,upsert,2,L0003,2048,0,1787894253.4354804,0.003255128860473633,8,0,7,1787894253.4322252,alphalow,agg_full@rho0.8,0,0.2,0.0,4,0.8,agg_full,1787894253.4322133,0,2048,,0,0,0,0,0,0,0,1,4,0.0033492445945739746,0;0;0;0,8,0,0,,,,0,0,,,,,,,,,,,,,,,,,,,,,,,,,,
8,upsert,0,L0045,2048,0,1787894255.5578363,0.0015254020690917969,9,0,8,1787894255.556311,alphalow,agg_full@rho0.8,0,0.2,0.0,4,0.8,agg_full,1787894255.5562937,0,2048,,0,0,0,0,0,0,0,1,1,0.003390073776245117,0;1;1;1,12,0,0,,,,0,3,,,,,,,,,,,,,,,,,,,,,,,,,,
9,upsert,1,L0031,2048,0,1787894255.5578835,0.0014233589172363281,10,1,9,1787894255.5564601,alphalow,agg_full@rho0.8,0,0.2,0.0,4,0.8,agg_full,1787894255.5564535,0,2048,,0,0,0,0,0,0,0,1,2,0.003390073776245117,0;0;1;1,12,0,1,0,1,0,0,2,51,51,25.866920232772827,,2,1,2,1,0,2,0,2048,2048,40.96,4.0,36.96,1.4233589172363281,36.96,4061.864564,2608.0,1,1,1,36.96,36.96,36.96
10,upsert,2,L0048,2048,0,1787894255.5579066,0.0013818740844726562,11,0,10,1787894255.5565248,alphalow,agg_full@rho0.8,0,0.2,0.0,4,0.8,agg_full,1787894255.55652,0,2048,,0,0,0,0,0,0,0,1,3,0.003390073776245117,0;0;0;1,12,0,0,,,,0,1,,,,,,,,,,,,,,,,,,,,,,,,,,
11,upsert,3,L0001,2048,0,1787894255.557927,0.0013470649719238281,12,0,11,1787894255.5565798,alphalow,agg_full@rho0.8,0,0.2,0.0,4,0.8,agg_full,1787894255.5565758,0,2048,,0,0,0,0,0,0,0,1,4,0.003390073776245117,0;0;0;0,12,0,0,,,,0,0,,,,,,,,,,,,,,,,,,,,,,,,,,
12,upsert,0,L0049,2048,0,1787894262.3768406,4.488821506500244,13,0,12,1787894257.888019,alphalow,agg_full@rho0.8,0,0.2,0.0,4,0.8,agg_full,1787894257.8880055,0,2048,,0,0,0,0,0,0,0,1,1,0.0027331908543904624,0;1;1;1,16,0,0,,,,0,3,,,,,,,,,,,,,,,,,,,,,,,,,,
13,upsert,2,L0023,2048,0,1787894263.6768105,5.788668394088745,14,2,13,1787894257.888142,alphalow,agg_full@rho0.8,0,0.2,0.0,4,0.8,agg_full,1787894257.888136,0,2048,,0,0,0,0,0,0,0,1,2,0.0027331908543904624,0;1;0;1,16,0,1,0,1,0,0,2,34,34,6.294987916946411,,3,2,3,2,0,1,0,2048,2048,40.96,2.0,38.96,5788.668394088745,38.96,3229.170735,2080.0,1,1,1,38.96,38.96,38.96
14,upsert,1,L0022,2048,0,1787894263.6769066,5.788689136505127,15,1,14,1787894257.8882174,alphalow,agg_full@rho0.8,0,0.2,0.0,4,0.8,agg_full,1787894257.8882124,0,2048,,0,0,0,0,0,0,0,2,3,0.0027331908543904624,0;0;0;1,16,0,1,0,0,1,0,1,45,45,15.759047269821167,,3,3,3,3,0,0,0,0,0,0.0,0.0,0.0,5788.689136505127,0.0,839.021389,2608.0,0,0,0,0,0,0
15,upsert,3,L0022,2560,0,1787894265.6168077,7.728533029556274,16,1,15,1787894257.8882747,alphalow,agg_full@rho0.8,0,0.2,0.0,4,0.8,agg_full,1787894257.8882706,0,2560,,0,0,0,0,0,0,0,2,4,0.0027331908543904624,0;0;0;0,16,0,1,0,1,0,0,0,45,45,13.819146156311035,,1,3,1,3,0,0,0,0,0,0.0,0.0,0.0,7728.533029556274,0.0,839.021389,2608.0,1,1,1,0.0,0.0,0.0
16,upsert,0,L0029,2048,0,1787894270.9368267,9.32961893081665,17,0,16,1787894261.6072078,alphalow,agg_full@rho0.8,0,0.2,0.0,4,0.8,agg_full,1787894261.607156,0,2048,,0,0,0,0,0,0,0,1,5,0.0027331908543904624,0;0;1;2,22,0,0,,,,0,3,,,,,,,,,,,,,,,,,,,,,,,,,,
17,upsert,3,L0006,2048,0,1787894270.9368844,9.329410076141357,18,0,17,1787894261.6074743,alphalow,agg_full@rho0.8,0,0.2,0.0,4,0.8,agg_full,1787894261.6074593,0,2048,,0,0,0,0,0,0,0,1,6,0.0027331908543904624,0;0;1;1,22,0,0,,,,0,2,,,,,,,,,,,,,,,,,,,,,,,,,,
18,upsert,2,L0003,2560,2048,1787894270.936918,9.329261541366577,19,0,18,1787894261.6076565,alphalow,agg_full@rho0.8,0,0.2,0.0,4,0.8,agg_full,1787894261.6076396,2048,512,8.175426244735718,0,2048,2048,0,2048,1,0,2,7,0.0027331908543904624,0;0;0;1,22,0,0,,,,0,1,,,,,,,,,,,,,,,,,,,,,,,,,,
19,upsert,3,L0018,2560,2048,1787894276.7768202,15.168998718261719,20,0,19,1787894261.6078215,alphalow,agg_full@rho0.8,0,0.2,0.0,4,0.8,agg_full,1787894261.6078064,2048,512,10.286547899246216,0,2048,2048,0,2048,1,0,2,8,0.0027331908543904624,0;0;0;0,22,0,0,,,,0,0,,,,,,,,,,,,,,,,,,,,,,,,,,
20,upsert,0,L0045,2560,2048,1787894276.776954,11.93284273147583,21,0,20,1787894264.8441112,alphalow,agg_full@rho0.8,0,0.2,0.0,4,0.8,agg_full,1787894264.8440847,2048,512,9.287791013717651,0,2048,2048,0,2048,1,0,2,6,1.0732651551564534,1;0;1;1,28,0,0,,,,0,3,,,,,,,,,,,,,,,,,,,,,,,,,,
21,upsert,0,L0015,2560,2048,1787894276.7770205,11.932618141174316,22,0,21,1787894264.8444023,alphalow,agg_full@rho0.8,0,0.2,0.0,4,0.8,agg_full,1787894264.8443856,2048,512,13.523593664169312,0,2048,2048,0,2048,1,0,2,7,1.0732651551564534,0;0;1;1,28,0,0,,,,0,2,,,,,,,,,,,,,,,,,,,,,,,,,,
22,upsert,3,L0023,2560,0,1787894276.7770765,11.932491064071655,23,1,22,1787894264.8445854,alphalow,agg_full@rho0.8,0,0.2,0.0,4,0.8,agg_full,1787894264.8445716,0,2560,,0,0,2048,0,2048,1,0,2,8,1.0732651551564534,0;0;1;0,28,0,1,0,0,1,0,1,63,63,14.842509269714355,,2,2,2,2,0,0,0,0,0,0.0,0.0,0.0,11932.491064071655,0.0,110.893998,2080.0,0,0,0,0,0,0
23,upsert,2,L0035,2048,0,1787894276.777122,11.932367086410522,24,0,23,1787894264.844755,alphalow,agg_full@rho0.8,0,0.2,0.0,4,0.8,agg_full,1787894264.8447418,0,2048,,0,0,0,0,0,0,0,1,9,1.0732651551564534,0;0;0;0,28,0,0,,,,0,0,,,,,,,,,,,,,,,,,,,,,,,,,,
24,upsert,0,L0038,2048,0,1787894276.7771976,8.657759428024292,25,1,24,1787894268.1194382,alphalow,agg_full@rho0.8,0,0.2,0.0,4,0.8,agg_full,1787894268.1194136,0,2048,,0,0,0,0,0,0,0,1,9,1.4892193973064423,0;1;0;2,33,0,1,0,1,0,0,3,49,49,4.64757227897644,,2,0,2,0,0,0,0,2048,2048,40.96,0.0,40.96,8657.759428024292,40.96,843.037707,2080.0,1,1,1,40.96,40.96,40.96
25,upsert,3,L0005,2048,0,1787894276.7772548,8.65753960609436,26,2,25,1787894268.1197152,alphalow,agg_full@rho0.8,0,0.2,0.0,4,0.8,agg_full,1787894268.1196995,0,2048,,0,0,0,0,0,0,0,1,10,1.4892193973064423,0;1;0;1,33,0,1,0,1,0,0,2,61,61,14.842234373092651,,1,3,1,3,0,1,0,2048,2048,40.96,2.0,38.96,8657.53960609436,38.96,3769.411694,2080.0,1,2,2,38.96,75.92,75.92
26,upsert,3,L0001,2560,2048,1787894276.7773025,8.657400846481323,27,0,26,1787894268.1199017,alphalow,agg_full@rho0.8,0,0.2,0.0,4,0.8,agg_full,1787894268.1198845,2048,512,12.563308715820312,0,2048,2048,0,2048,1,0,2,11,1.4892193973064423,0;1;0;0,33,0,0,,,,0,1,,,,,,,,,,,,,,,,,,,,,,,,,,
27,upsert,1,L0000,2048,0,1787894284.7962174,16.676148414611816,28,0,27,1787894268.120069,alphalow,agg_full@rho0.8,0,0.2,0.0,4,0.8,agg_full,1787894268.1200566,0,2048,,0,0,0,0,0,0,0,1,12,1.4892193973064423,0;0;0;0,33,0,0,,,,0,0,,,,,,,,,,,,,,,,,,,,,,,,,,
28,upsert,1,L0031,2560,2048,1787894284.796287,14.824855089187622,29,0,28,1787894269.971432,alphalow,agg_full@rho0.8,0,0.2,0.0,4,0.8,agg_full,1787894269.9714172,2048,512,14.414963722229004,0,2048,2048,0,2048,1,0,2,13,1.4892193973064423,1;0;1;1,38,0,0,,,,0,3,,,,,,,,,,,,,,,,,,,,,,,,,,
29,upsert,3,L0028,2048,0,1787894284.796321,14.82476019859314,30,0,29,1787894269.9715607,alphalow,agg_full@rho0.8,0,0.2,0.0,4,0.8,agg_full,1787894269.9715543,0,2048,,0,0,0,0,0,0,0,1,14,1.4892193973064423,1;0;1;0,38,0,0,,,,0,2,,,,,,,,,,,,,,,,,,,,,,,,,,
30,upsert,0,L0044,2048,0,1787894284.7963479,14.82472038269043,31,0,30,1787894269.9716275,alphalow,agg_full@rho0.8,0,0.2,0.0,4,0.8,agg_full,1787894269.971623,0,2048,,0,0,0,0,0,0,0,1,15,1.4892193973064423,0;0;1;0,38,0,0,,,,0,1,,,,,,,,,,,,,,,,,,,,,,,,,,
31,upsert,2,L0034,2048,0,1787894284.9567566,14.985072135925293,32,0,31,1787894269.9716845,alphalow,agg_full@rho0.8,0,0.2,0.0,4,0.8,agg_full,1787894269.9716797,0,2048,,0,0,0,0,0,0,0,1,16,1.4892193973064423,0;0;0;0,38,0,0,,,,0,0,,,,,,,,,,,,,,,,,,,,,,,,,,
32,upsert,2,L0014,2048,0,1787894284.9567966,11.199151754379272,33,1,32,1787894273.757645,alphalow,agg_full@rho0.8,0,0.2,0.0,4,0.8,agg_full,1787894273.7576187,0,2048,,0,0,0,0,0,0,0,1,14,2.727147416064614,0;1;1;1,44,0,1,0,0,1,0,3,54,54,1.3795642852783203,,2,2,2,2,0,0,0,0,0,0.0,0.0,0.0,11199.151754379272,0.0,852.762932,2080.0,0,0,0,0,0,0
33,upsert,1,L0041,2560,2048,1787894284.9568176,11.198664903640747,34,0,33,1787894273.7581527,alphalow,agg_full@rho0.8,0,0.2,0.0,4,0.8,agg_full,1787894273.7581322,2048,512,20.326099634170532,0,2048,2048,0,2048,1,0,2,15,2.727147416064614,0;0;1;1,44,0,0,,,,0,2,,,,,,,,,,,,,,,,,,,,,,,,,,
34,upsert,2,L0023,3072,2048,1787894284.9568357,11.198239803314209,35,1,34,1787894273.758596,alphalow,agg_full@rho0.8,0,0.2,0.0,4,0.8,agg_full,1787894273.7585793,2048,1024,15.870443344116211,0,2048,2048,0,2048,1,0,3,16,2.727147416064614,0;0;0;1,44,0,1,0,1,0,0,1,63,63,6.662750005722046,,3,2,3,2,3,0,0,0,0,0.0,-6.0,6.0,11198.239803314209,6.0,110.893998,2080.0,1,1,1,6.0,6.0,6.0
35,upsert,3,L0011,2048,0,1787894284.956853,11.197848558425903,36,2,35,1787894273.7590044,alphalow,agg_full@rho0.8,0,0.2,0.0,4,0.8,agg_full,1787894273.7589908,0,2048,,0,0,0,0,0,0,0,1,17,2.727147416064614,0;0;0;0,44,0,1,0,0,1,0,0,53,53,1.3794901371002197,,3,3,3,3,0,0,0,0,0,0.0,0.0,0.0,11197.848558425903,0.0,1010.106051,2080.0,0,1,1,0,38.96,38.96
36,upsert,0,L0052,2048,0,1787894284.9568684,8.275134086608887,37,0,36,1787894276.6817343,alphalow,agg_full@rho0.8,0,0.2,0.0,4,0.8,agg_full,1787894276.6817057,0,2048,,0,0,0,0,0,0,0,1,18,2.727147416064614,0;1;1;1,48,0,0,,,,0,3,,,,,,,,,,,,,,,,,,,,,,,,,,
37,upsert,1,L0032,2048,0,1787894284.9568827,8.27460241317749,38,0,37,1787894276.6822803,alphalow,agg_full@rho0.8,0,0.2,0.0,4,0.8,agg_full,1787894276.682262,0,2048,,0,0,0,0,0,0,0,1,19,2.727147416064614,0;0;1;1,48,0,0,,,,0,2,,,,,,,,,,,,,,,,,,,,,,,,,,
38,upsert,2,L0000,2560,0,1787894284.9568985,8.274236917495728,39,0,38,1787894276.6826615,alphalow,agg_full@rho0.8,0,0.2,0.0,4,0.8,agg_full,1787894276.6826475,0,2560,,0,0,0,0,0,0,0,2,20,2.727147416064614,0;0;0;1,48,0,0,,,,0,1,,,,,,,,,,,,,,,,,,,,,,,,,,
39,upsert,3,L0028,2560,2048,1787894284.956913,8.2738516330719,40,0,39,1787894276.6830614,alphalow,agg_full@rho0.8,0,0.2,0.0,4,0.8,agg_full,1787894276.6830425,2048,512,6.711488246917725,0,0,0,0,0,0,0,2,21,2.727147416064614,0;0;0;0,48,1,0,,,,0,0,,,,,,,,,,,,,,,,,,,,,,,,,,
40,upsert,0,L0016,2048,0,1787894297.1568193,17.722625732421875,41,0,40,1787894279.4341936,alphalow,agg_full@rho0.8,0,0.2,0.0,4,0.8,agg_full,1787894279.4341471,0,2048,,0,0,0,0,0,0,0,1,14,5.2106599454526545,0;1;1;1,52,0,0,,,,0,3,,,,,,,,,,,,,,,,,,,,,,,,,,
41,upsert,2,L0019,2048,0,1787894297.1568763,17.722166061401367,42,0,41,1787894279.4347103,alphalow,agg_full@rho0.8,0,0.2,0.0,4,0.8,agg_full,1787894279.434693,0,2048,,0,0,0,0,0,0,0,1,15,5.2106599454526545,0;1;0;1,52,0,0,,,,0,2,,,,,,,,,,,,,,,,,,,,,,,,,,
42,upsert,1,L0021,2048,0,1787894297.1569092,17.721818447113037,43,0,42,1787894279.4350908,alphalow,agg_full@rho0.8,0,0.2,0.0,4,0.8,agg_full,1787894279.4350767,0,2048,,0,0,0,0,0,0,0,1,16,5.2106599454526545,0;0;0;1,52,0,0,,,,0,1,,,,,,,,,,,,,,,,,,,,,,,,,,
43,upsert,3,L0032,2560,0,1787894297.1569347,17.72147822380066,44,0,43,1787894279.4354565,alphalow,agg_full@rho0.8,0,0.2,0.0,4,0.8,agg_full,1787894279.4354432,0,2560,,0,0,0,0,0,0,0,2,17,5.2106599454526545,0;0;0;0,52,0,0,,,,0,0,,,,,,,,,,,,,,,,,,,,,,,,,,
44,upsert,0,L0056,2048,0,1787894297.1569593,15.732897758483887,45,0,44,1787894281.4240615,alphalow,agg_full@rho0.8,0,0.2,0.0,4,0.8,agg_full,1787894281.4240432,0,2048,,0,0,0,0,0,0,0,1,18,5.2106599454526545,0;1;1;1,57,0,0,,,,0,3,,,,,,,,,,,,,,,,,,,,,,,,,,
45,upsert,3,L0022,3072,2560,1787894297.1569836,15.732670307159424,46,0,45,1787894281.4243133,alphalow,agg_full@rho0.8,0,0.2,0.0,4,0.8,agg_full,1787894281.4243057,2560,512,23.53603506088257,0,2560,2560,2048,512,2,0,3,19,5.2106599454526545,0;1;1;0,57,0,0,,,,0,2,,,,,,,,,,,,,,,,,,,,,,,,,,
46,upsert,2,L0037,2048,0,1787894297.157009,15.732527017593384,47,0,46,1787894281.4244819,alphalow,agg_full@rho0.8,0,0.2,0.0,4,0.8,agg_full,1787894281.4244761,0,2048,,0,0,0,0,0,0,0,1,20,5.2106599454526545,0;1;0;0,57,0,0,,,,0,1,,,,,,,,,,,,,,,,,,,,,,,,,,
47,upsert,1,L0039,2048,0,1787894297.1570303,15.732422828674316,48,0,47,1787894281.4246075,alphalow,agg_full@rho0.8,0,0.2,0.0,4,0.8,agg_full,1787894281.424603,0,2048,,0,0,0,0,0,0,0,1,21,5.2106599454526545,0;0;0;0,57,0,0,,,,0,0,,,,,,,,,,,,,,,,,,,,,,,,,,
48,upsert,1,L0046,2048,0,1787894307.5568316,21.221210718154907,49,0,48,1787894286.3356209,alphalow,agg_full@rho0.8,0,0.2,0.0,4,0.8,agg_full,1787894286.3356078,0,2048,,0,0,0,0,0,0,0,1,9,9.208999507129192,1;2;0;0,64,0,0,,,,0,3,,,,,,,,,,,,,,,,,,,,,,,,,,
49,upsert,0,L0038,2560,2048,1787894307.5568862,21.221044778823853,50,0,49,1787894286.3358414,alphalow,agg_full@rho0.8,0,0.2,0.0,4,0.8,agg_full,1787894286.3358338,2048,512,18.21642017364502,0,2048,2048,0,2048,1,0,2,10,9.208999507129192,0;2;0;0,64,0,0,,,,0,2,,,,,,,,,,,,,,,,,,,,,,,,,,
50,upsert,1,L0041,3072,2560,1787894307.5569172,21.220921277999878,51,0,50,1787894286.335996,alphalow,agg_full@rho0.8,0,0.2,0.0,4,0.8,agg_full,1787894286.3359897,2560,512,12.577857494354248,0,2560,2560,0,2560,1,0,3,11,9.208999507129192,0;1;0;0,64,0,0,,,,0,1,,,,,,,,,,,,,,,,,,,,,,,,,,
51,upsert,1,L0031,3072,2560,1787894307.5569432,21.220799207687378,52,0,51,1787894286.336144,alphalow,agg_full@rho0.8,0,0.2,0.0,4,0.8,agg_full,1787894286.336139,2560,512,16.36472177505493,0,2560,2560,0,2560,1,0,3,12,9.208999507129192,0;0;0;0,64,0,0,,,,0,0,,,,,,,,,,,,,,,,,,,,,,,,,,
52,upsert,0,L0047,2048,0,1787894307.5569694,19.307923555374146,53,0,52,1787894288.2490458,alphalow,agg_full@rho0.8,0,0.2,0.0,4,0.8,agg_full,1787894288.249032,0,2048,,0,0,0,0,0,0,0,1,13,9.208999507129192,0;1;1;1,70,0,0,,,,0,3,,,,,,,,,,,,,,,,,,,,,,,,,,
53,upsert,3,L0011,2560,2048,1787894307.5569937,19.30772042274475,54,0,53,1787894288.2492733,alphalow,agg_full@rho0.8,0,0.2,0.0,4,0.8,agg_full,1787894288.249265,2048,512,14.49027419090271,0,2048,2048,0,2048,1,0,2,14,9.208999507129192,0;1;1;0,70,0,0,,,,0,2,,,,,,,,,,,,,,,,,,,,,,,,,,
54,upsert,2,L0014,2560,2048,1787894307.5570197,19.30758762359619,55,0,54,1787894288.249432,alphalow,agg_full@rho0.8,0,0.2,0.0,4,0.8,agg_full,1787894288.2494256,2048,512,14.491806983947754,0,2048,2048,0,2048,1,0,2,15,9.208999507129192,0;1;0;0,70,0,0,,,,0,1,,,,,,,,,,,,,,,,,,,,,,,,,,
55,upsert,1,L0026,2048,0,1787894307.5570424,19.307467937469482,56,0,55,1787894288.2495744,alphalow,agg_full@rho0.8,0,0.2,0.0,4,0.8,agg_full,1787894288.2495692,0,2048,,0,0,0,0,0,0,0,1,16,9.208999507129192,0;0;0;0,70,0,0,,,,0,0,,,,,,,,,,,,,,,,,,,,,,,,,,
56,upsert,2,L0016,2560,0,1787894307.5570636,15.939478397369385,57,0,56,1787894291.6175852,alphalow,agg_full@rho0.8,0,0.2,0.0,4,0.8,agg_full,1787894291.6175613,0,2560,,0,0,0,0,0,0,0,2,17,9.208999507129192,1;0;0;2,75,0,0,,,,0,3,,,,,,,,,,,,,,,,,,,,,,,,,,
57,upsert,3,L0051,2048,0,1787894316.616815,24.998695850372314,58,0,57,1787894291.6181192,alphalow,agg_full@rho0.8,0,0.2,0.0,4,0.8,agg_full,1787894291.618102,0,2048,,0,0,0,0,0,0,0,1,18,9.208999507129192,1;0;0;1,75,0,0,,,,0,2,,,,,,,,,,,,,,,,,,,,,,,,,,
58,upsert,0,L0056,2560,2048,1787894316.6169453,24.998408555984497,59,0,58,1787894291.6185367,alphalow,agg_full@rho0.8,0,0.2,0.0,4,0.8,agg_full,1787894291.618519,2048,512,10.194475889205933,0,0,0,0,0,0,0,2,19,9.208999507129192,0;0;0;1,75,1,0,,,,0,1,,,,,,,,,,,,,,,,,,,,,,,,,,
59,upsert,3,L0011,3072,2560,1787894316.6170096,24.998063325881958,60,0,59,1787894291.6189463,alphalow,agg_full@rho0.8,0,0.2,0.0,4,0.8,agg_full,1787894291.6189303,2560,512,3.3696653842926025,0,2048,2048,0,2048,1,0,3,20,9.208999507129192,0;0;0;0,75,1,0,,,,0,0,,,,,,,,,,,,,,,,,,,,,,,,,,
60,upsert,3,L0007,2048,0,1787894316.6170602,20.587499618530273,61,0,60,1787894296.0295606,alphalow,agg_full@rho0.8,0,0.2,0.0,4,0.8,agg_full,1787894296.0295377,0,2048,,0,0,0,0,0,0,0,1,21,9.208999507129192,0;0;1;2,82,0,0,,,,0,3,,,,,,,,,,,,,,,,,,,,,,,,,,
61,upsert,3,L0005,2560,2048,1787894316.6171067,20.587059497833252,62,0,61,1787894296.0300472,alphalow,agg_full@rho0.8,0,0.2,0.0,4,0.8,agg_full,1787894296.0300288,2048,512,27.910329341888428,0,2048,2048,0,2048,1,0,3,22,9.208999507129192,0;0;1;1,82,0,0,,,,0,2,,,,,,,,,,,,,,,,,,,,,,,,,,
62,upsert,3,L0005,3072,2560,1787894316.6171477,20.586656093597412,63,0,62,1787894296.0304916,alphalow,agg_full@rho0.8,0,0.2,0.0,4,0.8,agg_full,1787894296.0304763,2560,512,0.0004475116729736328,0,2048,2048,0,2048,1,0,3,23,9.208999507129192,0;0;1;0,82,1,0,,,,0,1,,,,,,,,,,,,,,,,,,,,,,,,,,
63,upsert,2,L0023,2048,3072,1787894316.6172032,20.58627414703369,64,0,63,1787894296.030929,alphalow,agg_full@rho0.8,0,0.2,0.0,4,0.8,agg_full,1787894296.0309145,3072,-1024,22.272335290908813,0,3072,3072,2560,512,2,0,4,24,9.208999507129192,0;0;0;0,82,0,0,,,,0,0,,,,,,,,,,,,,,,,,,,,,,,,,,
64,upsert,2,L0109,2048,0,1787894323.7368004,25.321664571762085,65,0,64,1787894298.4151359,alphalow,agg_full@rho0.8,0,0.2,0.0,4,0.8,agg_full,1787894298.4151232,0,2048,,0,0,0,0,0,0,0,1,17,12.647068776190281,1;1;0;1,86,0,0,,,,0,3,,,,,,,,,,,,,,,,,,,,,,,,,,
65,upsert,3,L0068,2048,0,1787894323.7369215,25.32154679298401,66,2,65,1787894298.4153748,alphalow,agg_full@rho0.8,0,0.2,0.0,4,0.8,agg_full,1787894298.415367,0,2048,,0,0,0,0,0,0,0,1,18,12.647068776190281,1;1;0;0,86,0,1,0,1,0,0,2,112,112,3.49320912361145,,0,3,0,3,0,0,0,2048,2048,40.96,0.0,40.96,25321.54679298401,40.96,967.926904,2080.0,1,2,2,40.96,79.92,79.92
66,upsert,0,L0077,2048,0,1787894323.7369895,25.321473360061646,67,0,66,1787894298.4155161,alphalow,agg_full@rho0.8,0,0.2,0.0,4,0.8,agg_full,1787894298.4155111,0,2048,,0,0,0,0,0,0,0,1,19,12.647068776190281,0;1;0;0,86,0,0,,,,0,1,,,,,,,,,,,,,,,,,,,,,,,,,,
67,upsert,1,L0073,2048,0,1787894323.737038,25.32139229774475,68,1,67,1787894298.4156456,alphalow,agg_full@rho0.8,0,0.2,0.0,4,0.8,agg_full,1787894298.4156408,0,2048,,0,0,0,0,0,0,0,1,20,12.647068776190281,0;0;0;0,86,0,1,0,0,1,0,0,117,117,6.416473627090454,,1,1,1,1,0,0,0,0,0,0.0,0.0,0.0,25321.39229774475,0.0,754.311661,2080.0,0,0,0,0,0,0
68,upsert,2,L0079,2048,0,1787894323.737083,23.226823568344116,69,1,68,1787894300.5102594,alphalow,agg_full@rho0.8,0,0.2,0.0,4,0.8,agg_full,1787894300.5102456,0,2048,,0,0,0,0,0,0,0,1,21,12.647068776190281,1;1;0;1,90,0,1,0,1,0,0,3,119,119,6.416521787643433,,0,2,0,2,0,1,0,2048,2048,40.96,2.0,38.96,23226.823568344116,38.96,2581.045078,2080.0,1,1,1,38.96,38.96,38.96
69,upsert,0,L0098,2048,0,1787894323.7371254,23.226632833480835,70,0,69,1787894300.5104926,alphalow,agg_full@rho0.8,0,0.2,0.0,4,0.8,agg_full,1787894300.5104852,0,2048,,0,0,0,0,0,0,0,1,22,12.647068776190281,0;1;0;1,90,0,0,,,,0,2,,,,,,,,,,,,,,,,,,,,,,,,,,
70,upsert,1,L0110,2048,0,1787894323.7372165,23.2265784740448,71,1,70,1787894300.510638,alphalow,agg_full@rho0.8,0,0.2,0.0,4,0.8,agg_full,1787894300.5106332,0,2048,,0,0,0,0,0,0,0,1,23,12.647068776190281,0;0;0;1,90,0,1,0,0,1,0,1,120,120,9.550789594650269,,0,0,0,0,0,0,0,0,0,0.0,0.0,0.0,23226.5784740448,0.0,853.915351,2608.0,0,0,0,0,0,0
71,upsert,3,L0069,2048,0,1787894323.7372613,23.226492881774902,72,2,71,1787894300.5107684,alphalow,agg_full@rho0.8,0,0.2,0.0,4,0.8,agg_full,1787894300.5107632,0,2048,,0,0,0,0,0,0,0,1,24,12.647068776190281,0;0;0;0,90,0,1,0,1,0,0,0,108,108,1.176384687423706,,2,3,2,3,0,0,0,2048,2048,40.96,0.0,40.96,23226.492881774902,40.96,860.169429,2080.0,1,2,2,40.96,79.92,79.92
72,upsert,2,L0105,2048,0,1787894323.737298,20.926058769226074,73,0,72,1787894302.8112392,alphalow,agg_full@rho0.8,0,0.2,0.0,4,0.8,agg_full,1787894302.8112252,0,2048,,0,0,0,0,0,0,0,1,25,12.647068776190281,1;1;0;1,94,0,0,,,,0,3,,,,,,,,,,,,,,,,,,,,,,,,,,
73,upsert,1,L0076,2048,0,1787894323.737341,20.925875902175903,74,0,73,1787894302.811465,alphalow,agg_full@rho0.8,0,0.2,0.0,4,0.8,agg_full,1787894302.8114579,0,2048,,0,0,0,0,0,0,0,1,26,12.647068776190281,1;0;0;1,94,0,0,,,,0,2,,,,,,,,,,,,,,,,,,,,,,,,,,
74,upsert,0,L0110,2560,0,1787894323.7373772,20.925771951675415,75,1,74,1787894302.8116052,alphalow,agg_full@rho0.8,0,0.2,0.0,4,0.8,agg_full,1787894302.8116004,0,2560,,0,0,0,0,0,0,0,2,27,12.647068776190281,0;0;0;1,94,0,1,0,1,0,0,1,120,120,9.550628900527954,,1,0,1,0,0,0,0,0,0,0.0,0.0,0.0,20925.771951675415,0.0,853.915351,2608.0,1,1,1,0.0,0.0,0.0
75,upsert,3,L0071,2048,0,1787894323.7374125,20.92566752433777,76,2,75,1787894302.811745,alphalow,agg_full@rho0.8,0,0.2,0.0,4,0.8,agg_full,1787894302.8117404,0,2048,,0,0,0,0,0,0,0,1,28,12.647068776190281,0;0;0;0,94,0,1,0,1,0,0,0,122,122,9.550705909729004,,2,3,2,3,0,1,0,2048,2048,40.96,2.0,38.96,20925.66752433777,38.96,3673.831511,2080.0,1,1,1,38.96,38.96,38.96
76,upsert,2,L0082,2048,0,1787894323.7374485,18.64578127861023,77,0,76,1787894305.0916672,alphalow,agg_full@rho0.8,0,0.2,0.0,4,0.8,agg_full,1787894305.0916426,0,2048,,0,0,0,0,0,0,0,1,29,12.647068776190281,1;1;0;1,98,0,0,,,,0,3,,,,,,,,,,,,,,,,,,,,,,,,,,
77,upsert,3,L0099,2048,0,1787894323.7374914,18.645276308059692,78,0,77,1787894305.092215,alphalow,agg_full@rho0.8,0,0.2,0.0,4,0.8,agg_full,1787894305.0921986,0,2048,,0,0,0,0,0,0,0,1,30,12.647068776190281,1;1;0;0,98,0,0,,,,0,2,,,,,,,,,,,,,,,,,,,,,,,,,,
78,upsert,0,L0088,2048,0,1787894323.7375307,18.64491033554077,79,0,78,1787894305.0926204,alphalow,agg_full@rho0.8,0,0.2,0.0,4,0.8,agg_full,1787894305.092607,0,2048,,0,0,0,0,0,0,0,1,31,12.647068776190281,0;1;0;0,98,0,0,,,,0,1,,,,,,,,,,,,,,,,,,,,,,,,,,
79,upsert,1,L0085,2048,0,1787894323.737567,18.644575357437134,80,0,79,1787894305.0929916,alphalow,agg_full@rho0.8,0,0.2,0.0,4,0.8,agg_full,1787894305.092979,0,2048,,0,0,0,0,0,0,0,1,32,12.647068776190281,0;0;0;0,98,0,0,,,,0,0,,,,,,,,,,,,,,,,,,,,,,,,,,
80,upsert,2,L0126,2048,0,1787894323.737605,16.551719188690186,81,0,80,1787894307.185886,alphalow,agg_full@rho0.8,0,0.2,0.0,4,0.8,agg_full,1787894307.1858726,0,2048,,0,0,0,0,0,0,0,1,33,12.647068776190281,1;1;0;1,102,0,0,,,,0,3,,,,,,,,,,,,,,,,,,,,,,,,,,
81,upsert,0,L0075,2048,0,1787894323.7376418,16.551530838012695,82,0,81,1787894307.186111,alphalow,agg_full@rho0.8,0,0.2,0.0,4,0.8,agg_full,1787894307.1861048,0,2048,,0,0,0,0,0,0,0,1,34,12.647068776190281,0;1;0;1,102,0,0,,,,0,2,,,,,,,,,,,,,,,,,,,,,,,,,,
82,upsert,1,L0085,2560,2048,1787894323.7376802,16.551413536071777,83,0,82,1787894307.1862667,alphalow,agg_full@rho0.8,0,0.2,0.0,4,0.8,agg_full,1787894307.1862597,2048,512,2.093280792236328,0,0,0,0,0,0,0,2,35,12.647068776190281,0;0;0;1,102,1,0,,,,0,1,,,,,,,,,,,,,,,,,,,,,,,,,,
83,upsert,3,L0065,2048,0,1787894339.23681,32.0503933429718,84,0,83,1787894307.1864166,alphalow,agg_full@rho0.8,0,0.2,0.0,4,0.8,agg_full,1787894307.1864107,0,2048,,0,0,0,0,0,0,0,1,36,12.647068776190281,0;0;0;0,102,0,0,,,,0,0,,,,,,,,,,,,,,,,,,,,,,,,,,
84,upsert,2,L0067,2048,0,1787894339.2369382,28.537956953048706,85,0,84,1787894310.6989813,alphalow,agg_full@rho0.8,0,0.2,0.0,4,0.8,agg_full,1787894310.6989682,0,2048,,0,0,0,0,0,0,0,1,28,15.100468344986439,1;1;0;1,106,0,0,,,,0,3,,,,,,,,,,,,,,,,,,,,,,,,,,
85,upsert,1,L0066,2048,0,1787894339.237001,28.537777185440063,86,0,85,1787894310.6992238,alphalow,agg_full@rho0.8,0,0.2,0.0,4,0.8,agg_full,1787894310.6992168,0,2048,,0,0,0,0,0,0,0,1,29,15.100468344986439,1;0;0;1,106,0,0,,,,0,2,,,,,,,,,,,,,,,,,,,,,,,,,,
86,upsert,0,L0093,2048,0,1787894339.237052,28.53768539428711,87,0,86,1787894310.6993666,alphalow,agg_full@rho0.8,0,0.2,0.0,4,0.8,agg_full,1787894310.699361,0,2048,,0,0,0,0,0,0,0,1,30,15.100468344986439,0;0;0;1,106,0,0,,,,0,1,,,,,,,,,,,,,,,,,,,,,,,,,,
87,upsert,3,L0085,3072,0,1787894339.2370975,28.537603616714478,88,0,87,1787894310.699494,alphalow,agg_full@rho0.8,0,0.2,0.0,4,0.8,agg_full,1787894310.699489,0,3072,,0,0,0,0,0,0,0,3,31,15.100468344986439,0;0;0;0,106,0,0,,,,0,0,,,,,,,,,,,,,,,,,,,,,,,,,,
88,upsert,2,L0121,2048,0,1787894339.2371533,25.933964490890503,89,0,88,1787894313.3031888,alphalow,agg_full@rho0.8,0,0.2,0.0,4,0.8,agg_full,1787894313.3031342,0,2048,,0,0,0,0,0,0,0,1,32,15.100468344986439,1;1;0;1,110,0,0,,,,0,3,,,,,,,,,,,,,,,,,,,,,,,,,,
89,upsert,3,L0100,2048,0,1787894339.2372413,25.933523416519165,90,0,89,1787894313.3037179,alphalow,agg_full@rho0.8,0,0.2,0.0,4,0.8,agg_full,1787894313.303702,0,2048,,0,0,0,0,0,0,0,1,33,15.100468344986439,1;1;0;0,110,0,0,,,,0,2,,,,,,,,,,,,,,,,,,,,,,,,,,
90,upsert,0,L0102,2048,0,1787894339.2372813,25.93317198753357,91,0,90,1787894313.3041093,alphalow,agg_full@rho0.8,0,0.2,0.0,4,0.8,agg_full,1787894313.3040953,0,2048,,0,0,0,0,0,0,0,1,34,15.100468344986439,0;1;0;0,110,0,0,,,,0,1,,,,,,,,,,,,,,,,,,,,,,,,,,
91,upsert,1,L0067,2560,0,1787894339.2373235,25.932830095291138,92,0,91,1787894313.3044934,alphalow,agg_full@rho0.8,0,0.2,0.0,4,0.8,agg_full,1787894313.3044746,0,2560,,0,0,0,0,0,0,0,2,35,15.100468344986439,0;0;0;0,110,0,0,,,,0,0,,,,,,,,,,,,,,,,,,,,,,,,,,
92,upsert,2,L0070,2048,0,1787894339.2373607,23.155011892318726,93,0,92,1787894316.0823488,alphalow,agg_full@rho0.8,0,0.2,0.0,4,0.8,agg_full,1787894316.082325,0,2048,,0,0,0,0,0,0,0,2,36,15.100468344986439,1;1;0;1,114,0,0,,,,0,3,,,,,,,,,,,,,,,,,,,,,,,,,,
93,upsert,0,L0070,2560,0,1787894339.2373998,23.154529571533203,94,0,93,1787894316.0828702,alphalow,agg_full@rho0.8,0,0.2,0.0,4,0.8,agg_full,1787894316.0828536,0,2560,,0,0,0,0,0,0,0,2,37,15.100468344986439,0;1;0;1,114,0,0,,,,0,2,,,,,,,,,,,,,,,,,,,,,,,,,,
94,upsert,1,L0082,2560,0,1787894339.2374396,23.15412402153015,95,0,94,1787894316.0833156,alphalow,agg_full@rho0.8,0,0.2,0.0,4,0.8,agg_full,1787894316.0833015,0,2560,,0,0,0,0,0,0,0,2,38,15.100468344986439,0;0;0;1,114,0,0,,,,0,1,,,,,,,,,,,,,,,,,,,,,,,,,,
95,upsert,3,L0074,2048,0,1787894339.237476,23.153757095336914,96,0,95,1787894316.083719,alphalow,agg_full@rho0.8,0,0.2,0.0,4,0.8,agg_full,1787894316.0837069,0,2048,,0,0,0,0,0,0,0,1,39,15.100468344986439,0;0;0;0,114,0,0,,,,0,0,,,,,,,,,,,,,,,,,,,,,,,,,,
0,upsert,0,L0015,2048,0,1787894375.5767884,25.6181960105896,1,0,0,1787894349.9585924,alphalow,agg_static@rho0.8,0,0.2,0.0,4,0.8,agg_static,1787894349.9585757,0,2048,,0,0,0,0,0,0,0,1,1,,0;1;1;1,4,0,0,,,,0,3,,,,,,,,,,,,,,,,,,,,,,,,,,
2,upsert,1,L0010,2048,0,1787894376.8768141,26.91810393333435,2,0,2,1787894349.9587102,alphalow,agg_static@rho0.8,0,0.2,0.0,4,0.8,agg_static,1787894349.958706,0,2048,,0,0,0,0,0,0,0,1,3,,0;0;0;1,4,0,0,,,,0,1,,,,,,,,,,,,,,,,,,,,,,,,,,
3,upsert,3,L0018,2048,0,1787894376.8769443,26.91820192337036,3,0,3,1787894349.9587424,alphalow,agg_static@rho0.8,0,0.2,0.0,4,0.8,agg_static,1787894349.9587388,0,2048,,0,0,0,0,0,0,0,1,4,,0;0;0;0,4,0,0,,,,0,0,,,,,,,,,,,,,,,,,,,,,,,,,,
7,upsert,2,L0003,2048,0,1787894378.8168542,27.057799100875854,4,0,7,1787894351.7590551,alphalow,agg_static@rho0.8,0,0.2,0.0,4,0.8,agg_static,1787894351.7590513,0,2048,,0,0,0,0,0,0,0,1,8,,0;0;0;0,8,0,0,,,,0,0,,,,,,,,,,,,,,,,,,,,,,,,,,
11,upsert,3,L0001,2048,0,1787894378.8169587,24.976215600967407,5,0,11,1787894353.840743,alphalow,agg_static@rho0.8,0,0.2,0.0,4,0.8,agg_static,1787894353.8407395,0,2048,,0,0,0,0,0,0,0,1,12,,0;0;0;0,12,0,0,,,,0,0,,,,,,,,,,,,,,,,,,,,,,,,,,
9,upsert,1,L0031,2048,0,1787894378.8170245,24.976351976394653,6,0,9,1787894353.8406725,alphalow,agg_static@rho0.8,0,0.2,0.0,4,0.8,agg_static,1787894353.8406665,0,2048,,0,0,0,0,0,0,0,1,10,,0;0;1;1,12,0,0,,,,0,2,,,,,,,,,,,,,,,,,,,,,,,,,,
14,upsert,1,L0022,2048,0,1787894378.8170807,22.676889657974243,7,0,14,1787894356.140191,alphalow,agg_static@rho0.8,0,0.2,0.0,4,0.8,agg_static,1787894356.1401856,0,2048,,0,0,0,0,0,0,0,2,15,,0;0;0;1,16,0,0,,,,0,1,,,,,,,,,,,,,,,,,,,,,,,,,,
15,upsert,3,L0022,2560,0,1787894378.8171294,22.676902770996094,8,0,15,1787894356.1402266,alphalow,agg_static@rho0.8,0,0.2,0.0,4,0.8,agg_static,1787894356.1402225,0,2560,,0,0,0,0,0,0,0,2,16,,0;0;0;0,16,0,0,,,,0,0,,,,,,,,,,,,,,,,,,,,,,,,,,
18,upsert,1,L0003,2560,0,1787894378.817193,20.189723014831543,9,0,18,1787894358.62747,alphalow,agg_static@rho0.8,0,0.2,0.0,4,0.8,agg_static,1787894358.6274583,0,2560,,0,0,0,0,0,0,0,2,19,,0;0;1;0,20,0,0,,,,0,1,,,,,,,,,,,,,,,,,,,,,,,,,,
19,upsert,2,L0018,2560,0,1787894378.8172448,20.189692735671997,10,0,19,1787894358.627552,alphalow,agg_static@rho0.8,0,0.2,0.0,4,0.8,agg_static,1787894358.6275425,0,2560,,0,0,0,0,0,0,0,2,20,,0;0;0;0,20,0,0,,,,0,0,,,,,,,,,,,,,,,,,,,,,,,,,,
20,upsert,0,L0045,2560,0,1787894386.3368542,24.828048706054688,11,0,20,1787894361.5088055,alphalow,agg_static@rho0.8,0,0.2,0.0,4,0.8,agg_static,1787894361.5087752,2048,512,7.668208122253418,0,0,0,0,0,0,0,2,21,,0;1;1;1,24,1,0,,,,0,3,,,,,,,,,,,,,,,,,,,,,,,,,,
21,upsert,1,L0015,2560,0,1787894386.3369343,24.827956199645996,12,0,21,1787894361.5089781,alphalow,agg_static@rho0.8,0,0.2,0.0,4,0.8,agg_static,1787894361.5089626,0,2560,,0,0,0,0,0,0,0,2,22,,0;0;1;1,24,0,0,,,,0,2,,,,,,,,,,,,,,,,,,,,,,,,,,
23,upsert,3,L0035,2048,0,1787894386.3369756,24.827783346176147,13,0,23,1787894361.5091922,alphalow,agg_static@rho0.8,0,0.2,0.0,4,0.8,agg_static,1787894361.50918,0,2048,,0,0,0,0,0,0,0,1,24,,0;0;0;0,24,0,0,,,,0,0,,,,,,,,,,,,,,,,,,,,,,,,,,
24,upsert,0,L0038,2048,0,1787894386.3370066,22.16543483734131,14,0,24,1787894364.1715717,alphalow,agg_static@rho0.8,0,0.2,0.0,4,0.8,agg_static,1787894364.1715472,0,2048,,0,0,0,0,0,0,0,1,25,,0;1;1;1,28,0,0,,,,0,3,,,,,,,,,,,,,,,,,,,,,,,,,,
25,upsert,2,L0005,2048,0,1787894386.3370373,22.16529130935669,15,0,25,1787894364.171746,alphalow,agg_static@rho0.8,0,0.2,0.0,4,0.8,agg_static,1787894364.1717312,0,2048,,0,0,0,0,0,0,0,1,26,,0;1;0;1,28,0,0,,,,0,2,,,,,,,,,,,,,,,,,,,,,,,,,,
26,upsert,1,L0001,2560,0,1787894386.337065,22.165218830108643,16,0,26,1787894364.1718462,alphalow,agg_static@rho0.8,0,0.2,0.0,4,0.8,agg_static,1787894364.1718347,0,2560,,0,0,0,0,0,0,0,2,27,,0;0;0;1,28,0,0,,,,0,1,,,,,,,,,,,,,,,,,,,,,,,,,,
28,upsert,0,L0031,2560,0,1787894386.337093,19.456398487091064,17,0,28,1787894366.8806946,alphalow,agg_static@rho0.8,0,0.2,0.0,4,0.8,agg_static,1787894366.8806713,0,2560,,0,0,0,0,0,0,0,2,29,,0;1;1;1,32,0,0,,,,0,3,,,,,,,,,,,,,,,,,,,,,,,,,,
32,upsert,0,L0014,2048,0,1787894386.337121,17.62499499320984,18,0,32,1787894368.712126,alphalow,agg_static@rho0.8,0,0.2,0.0,4,0.8,agg_static,1787894368.7121012,0,2048,,0,0,0,0,0,0,0,1,33,,0;1;1;1,36,0,0,,,,0,3,,,,,,,,,,,,,,,,,,,,,,,,,,
33,upsert,1,L0041,2560,0,1787894394.516862,25.804352521896362,19,0,33,1787894368.7125094,alphalow,agg_static@rho0.8,0,0.2,0.0,4,0.8,agg_static,1787894368.7124898,2048,512,16.95347023010254,0,0,0,0,0,0,0,2,34,,0;0;1;1,36,1,0,,,,0,2,,,,,,,,,,,,,,,,,,,,,,,,,,
34,upsert,2,L0023,3072,0,1787894394.5169785,25.8041512966156,20,0,34,1787894368.7128272,alphalow,agg_static@rho0.8,0,0.2,0.0,4,0.8,agg_static,1787894368.712811,2560,512,7.203742027282715,0,0,0,0,0,0,0,3,35,,0;0;0;1,36,1,0,,,,0,1,,,,,,,,,,,,,,,,,,,,,,,,,,
38,upsert,1,L0000,2560,0,1787894394.5170434,23.013466358184814,21,0,38,1787894371.503577,alphalow,agg_static@rho0.8,0,0.2,0.0,4,0.8,agg_static,1787894371.503565,0,2560,,0,0,0,0,0,0,0,2,39,,0;0;0;1,40,0,0,,,,0,1,,,,,,,,,,,,,,,,,,,,,,,,,,
39,upsert,3,L0028,2560,0,1787894394.517098,23.013227462768555,22,0,39,1787894371.5038705,alphalow,agg_static@rho0.8,0,0.2,0.0,4,0.8,agg_static,1787894371.5038538,2048,512,4.623008489608765,0,0,0,0,0,0,0,2,40,,0;0;0;0,40,1,0,,,,0,0,,,,,,,,,,,,,,,,,,,,,,,,,,
40,upsert,0,L0016,2048,0,1787894394.5171337,20.899641036987305,23,0,40,1787894373.6174927,alphalow,agg_static@rho0.8,0,0.2,0.0,4,0.8,agg_static,1787894373.617469,0,2048,,0,0,0,0,0,0,0,1,41,,0;1;1;1,44,0,0,,,,0,3,,,,,,,,,,,,,,,,,,,,,,,,,,
41,upsert,3,L0019,2048,0,1787894394.5171876,20.899352312088013,24,0,41,1787894373.6178353,alphalow,agg_static@rho0.8,0,0.2,0.0,4,0.8,agg_static,1787894373.6178188,0,2048,,0,0,0,0,0,0,0,1,42,,0;1;1;0,44,0,0,,,,0,2,,,,,,,,,,,,,,,,,,,,,,,,,,
42,upsert,1,L0021,2048,0,1787894394.5172164,20.899113178253174,25,0,42,1787894373.6181033,alphalow,agg_static@rho0.8,0,0.2,0.0,4,0.8,agg_static,1787894373.61809,0,2048,,0,0,0,0,0,0,0,1,43,,0;0;1;0,44,0,0,,,,0,1,,,,,,,,,,,,,,,,,,,,,,,,,,
43,upsert,2,L0032,2560,0,1787894406.1168249,32.49845242500305,26,0,43,1787894373.6183724,alphalow,agg_static@rho0.8,0,0.2,0.0,4,0.8,agg_static,1787894373.6183565,2048,512,2.115065574645996,0,0,0,0,0,0,0,2,44,,0;0;0;0,44,1,0,,,,0,0,,,,,,,,,,,,,,,,,,,,,,,,,,
44,upsert,0,L0056,2048,0,1787894406.1169531,30.378766536712646,27,0,44,1787894375.7381866,alphalow,agg_static@rho0.8,0,0.2,0.0,4,0.8,agg_static,1787894375.7381423,0,2048,,0,0,0,0,0,0,0,1,44,25.6181960105896,0;1;1;1,48,0,0,,,,0,3,,,,,,,,,,,,,,,,,,,,,,,,,,
45,upsert,1,L0022,3072,2048,1787894406.1170301,30.378419637680054,28,0,45,1787894375.7386105,alphalow,agg_static@rho0.8,0,0.2,0.0,4,0.8,agg_static,1787894375.7385914,2048,1024,19.598405838012695,0,0,0,0,0,0,0,3,45,25.6181960105896,0;0;1;1,48,1,0,,,,0,2,,,,,,,,,,,,,,,,,,,,,,,,,,
46,upsert,2,L0037,2048,0,1787894406.1170862,30.37807321548462,29,0,46,1787894375.739013,alphalow,agg_static@rho0.8,0,0.2,0.0,4,0.8,agg_static,1787894375.738998,0,2048,,0,0,0,0,0,0,0,1,46,25.6181960105896,0;0;0;1,48,0,0,,,,0,1,,,,,,,,,,,,,,,,,,,,,,,,,,
47,upsert,3,L0039,2048,0,1787894406.1171365,30.377805948257446,30,0,47,1787894375.7393305,alphalow,agg_static@rho0.8,0,0.2,0.0,4,0.8,agg_static,1787894375.7393174,0,2048,,0,0,0,0,0,0,0,1,47,25.6181960105896,0;0;0;0,48,0,0,,,,0,0,,,,,,,,,,,,,,,,,,,,,,,,,,
48,upsert,0,L0046,2048,0,1787894406.117204,27.419280290603638,31,0,48,1787894378.6979237,alphalow,agg_static@rho0.8,0,0.2,0.0,4,0.8,agg_static,1787894378.697901,0,2048,,0,0,0,0,0,0,0,1,46,26.48483395576477,0;1;1;1,52,0,0,,,,0,3,,,,,,,,,,,,,,,,,,,,,,,,,,
49,upsert,2,L0038,2560,0,1787894406.1172452,27.418845415115356,32,0,49,1787894378.6983998,alphalow,agg_static@rho0.8,0,0.2,0.0,4,0.8,agg_static,1787894378.698383,0,2560,,0,0,0,0,0,0,0,2,47,26.48483395576477,0;1;0;1,52,0,0,,,,0,2,,,,,,,,,,,,,,,,,,,,,,,,,,
50,upsert,1,L0041,3072,2560,1787894406.1172915,27.41849970817566,33,0,50,1787894378.6987917,alphalow,agg_static@rho0.8,0,0.2,0.0,4,0.8,agg_static,1787894378.6987743,2560,512,9.986284494400024,0,0,0,0,0,0,0,3,48,26.48483395576477,0;0;0;1,52,1,0,,,,0,1,,,,,,,,,,,,,,,,,,,,,,,,,,
52,upsert,0,L0047,2048,0,1787894412.076822,30.5168354511261,34,0,52,1787894381.5599866,alphalow,agg_static@rho0.8,0,0.2,0.0,4,0.8,agg_static,1787894381.5599632,0,2048,,0,0,0,0,0,0,0,1,43,24.21980767250061,0;1;1;1,56,0,0,,,,0,3,,,,,,,,,,,,,,,,,,,,,,,,,,
53,upsert,3,L0011,2560,0,1787894412.076958,30.516477823257446,35,0,53,1787894381.56048,alphalow,agg_static@rho0.8,0,0.2,0.0,4,0.8,agg_static,1787894381.5604599,2048,512,12.847325325012207,0,0,0,0,0,0,0,2,44,24.21980767250061,0;1;1;0,56,1,0,,,,0,2,,,,,,,,,,,,,,,,,,,,,,,,,,
54,upsert,1,L0014,2560,0,1787894412.0770307,30.516148328781128,36,0,54,1787894381.5608823,alphalow,agg_static@rho0.8,0,0.2,0.0,4,0.8,agg_static,1787894381.5608678,0,2560,,0,0,0,0,0,0,0,2,45,24.21980767250061,0;0;1;0,56,0,0,,,,0,1,,,,,,,,,,,,,,,,,,,,,,,,,,
55,upsert,2,L0026,2048,0,1787894412.077082,30.51582145690918,37,0,55,1787894381.5612605,alphalow,agg_static@rho0.8,0,0.2,0.0,4,0.8,agg_static,1787894381.5612476,0,2048,,0,0,0,0,0,0,0,1,46,24.21980767250061,0;0;0;0,56,0,0,,,,0,0,,,,,,,,,,,,,,,,,,,,,,,,,,
56,upsert,0,L0016,2560,2048,1787894412.077126,27.612884044647217,38,0,56,1787894384.464242,alphalow,agg_static@rho0.8,0,0.2,0.0,4,0.8,agg_static,1787894384.4642096,2048,512,10.846740484237671,0,0,0,0,0,0,0,2,47,24.21980767250061,0;1;1;1,60,1,0,,,,0,3,,,,,,,,,,,,,,,,,,,,,,,,,,
57,upsert,1,L0051,2048,0,1787894412.0771842,27.612374782562256,39,0,57,1787894384.4648094,alphalow,agg_static@rho0.8,0,0.2,0.0,4,0.8,agg_static,1787894384.4647915,0,2048,,0,0,0,0,0,0,0,1,48,24.21980767250061,0;0;1;1,60,0,0,,,,0,2,,,,,,,,,,,,,,,,,,,,,,,,,,
58,upsert,2,L0056,2560,0,1787894412.0772133,27.612020015716553,40,0,58,1787894384.4651933,alphalow,agg_static@rho0.8,0,0.2,0.0,4,0.8,agg_static,1787894384.4651787,0,2560,,0,0,0,0,0,0,0,2,49,24.21980767250061,0;0;0;1,60,0,0,,,,0,1,,,,,,,,,,,,,,,,,,,,,,,,,,
59,upsert,3,L0011,3072,2560,1787894419.5968163,35.13124489784241,41,0,59,1787894384.4655714,alphalow,agg_static@rho0.8,0,0.2,0.0,4,0.8,agg_static,1787894384.4655542,2560,512,2.9050943851470947,0,0,0,0,0,0,0,3,50,24.21980767250061,0;0;0;0,60,1,0,,,,0,0,,,,,,,,,,,,,,,,,,,,,,,,,,
60,upsert,0,L0007,2048,0,1787894419.5969338,31.348981142044067,42,0,60,1787894388.2479527,alphalow,agg_static@rho0.8,0,0.2,0.0,4,0.8,agg_static,1787894388.247926,0,2048,,0,0,0,0,0,0,0,1,43,23.34773352411058,0;1;1;1,64,0,0,,,,0,3,,,,,,,,,,,,,,,,,,,,,,,,,,
61,upsert,2,L0005,2560,2048,1787894419.5969923,31.348488092422485,43,0,61,1787894388.2485042,alphalow,agg_static@rho0.8,0,0.2,0.0,4,0.8,agg_static,1787894388.2484822,2048,512,24.076750993728638,0,2048,2048,0,2048,1,0,3,44,23.34773352411058,0;1;0;1,64,0,0,,,,0,2,,,,,,,,,,,,,,,,,,,,,,,,,,
62,upsert,1,L0005,3072,0,1787894419.59705,31.348119735717773,44,0,62,1787894388.2489302,alphalow,agg_static@rho0.8,0,0.2,0.0,4,0.8,agg_static,1787894388.2489152,0,3072,,0,0,2048,0,2048,1,0,3,45,23.34773352411058,0;0;0;1,64,0,0,,,,0,1,,,,,,,,,,,,,,,,,,,,,,,,,,
63,upsert,3,L0023,2048,0,1787894419.5970953,31.347736358642578,45,0,63,1787894388.249359,alphalow,agg_static@rho0.8,0,0.2,0.0,4,0.8,agg_static,1787894388.2493453,0,2048,,0,0,0,0,0,0,0,4,46,23.34773352411058,0;0;0;0,64,0,0,,,,0,0,,,,,,,,,,,,,,,,,,,,,,,,,,
64,upsert,0,L0109,2048,0,1787894419.597137,29.318004846572876,46,0,64,1787894390.2791321,alphalow,agg_static@rho0.8,0,0.2,0.0,4,0.8,agg_static,1787894390.2791016,0,2048,,0,0,0,0,0,0,0,1,47,23.34773352411058,0;1;1;1,68,0,0,,,,0,3,,,,,,,,,,,,,,,,,,,,,,,,,,
65,upsert,3,L0068,2048,0,1787894419.5971901,29.317522525787354,47,2,65,1787894390.2796676,alphalow,agg_static@rho0.8,0,0.2,0.0,4,0.8,agg_static,1787894390.279651,0,2048,,0,0,0,0,0,0,0,1,48,23.34773352411058,0;1;1;0,68,0,1,0,1,0,0,2,112,112,0.6670827865600586,,0,3,0,3,0,0,0,2048,2048,40.96,0.0,40.96,29317.522525787354,40.96,785.063127,2080.0,1,2,2,40.96,79.92,79.92
66,upsert,1,L0077,2048,0,1787894419.597217,29.317171096801758,48,0,66,1787894390.280046,alphalow,agg_static@rho0.8,0,0.2,0.0,4,0.8,agg_static,1787894390.2800324,0,2048,,0,0,0,0,0,0,0,1,49,23.34773352411058,0;0;1;0,68,0,0,,,,0,1,,,,,,,,,,,,,,,,,,,,,,,,,,
67,upsert,2,L0073,2048,0,1787894433.716821,43.43641662597656,49,0,67,1787894390.2804043,alphalow,agg_static@rho0.8,0,0.2,0.0,4,0.8,agg_static,1787894390.2803915,0,2048,,0,0,0,0,0,0,0,1,50,23.34773352411058,0;0;0;0,68,0,0,,,,0,0,,,,,,,,,,,,,,,,,,,,,,,,,,
68,upsert,0,L0079,2048,0,1787894433.7169764,41.64367890357971,50,0,68,1787894392.0732975,alphalow,agg_static@rho0.8,0,0.2,0.0,4,0.8,agg_static,1787894392.073268,0,2048,,0,0,0,0,0,0,0,1,51,23.34773352411058,0;1;1;1,72,0,0,,,,0,3,,,,,,,,,,,,,,,,,,,,,,,,,,
69,upsert,1,L0098,2048,0,1787894433.71704,41.64322257041931,51,0,69,1787894392.0738175,alphalow,agg_static@rho0.8,0,0.2,0.0,4,0.8,agg_static,1787894392.0737998,0,2048,,0,0,0,0,0,0,0,1,52,23.34773352411058,0;0;1;1,72,0,0,,,,0,2,,,,,,,,,,,,,,,,,,,,,,,,,,
70,upsert,2,L0110,2048,0,1787894433.717089,41.642884969711304,52,0,70,1787894392.074204,alphalow,agg_static@rho0.8,0,0.2,0.0,4,0.8,agg_static,1787894392.07419,0,2048,,0,0,0,0,0,0,0,1,53,23.34773352411058,0;0;0;1,72,0,0,,,,0,1,,,,,,,,,,,,,,,,,,,,,,,,,,
71,upsert,3,L0069,2048,0,1787894433.717136,41.64258122444153,53,0,71,1787894392.0745547,alphalow,agg_static@rho0.8,0,0.2,0.0,4,0.8,agg_static,1787894392.0745409,0,2048,,0,0,0,0,0,0,0,1,54,23.34773352411058,0;0;0;0,72,0,0,,,,0,0,,,,,,,,,,,,,,,,,,,,,,,,,,
72,upsert,0,L0105,2048,0,1787894433.7172177,38.88702964782715,54,0,72,1787894394.830188,alphalow,agg_static@rho0.8,0,0.2,0.0,4,0.8,agg_static,1787894394.8301423,0,2048,,0,0,0,0,0,0,0,1,48,23.22370030403137,0;1;1;1,76,0,0,,,,0,3,,,,,,,,,,,,,,,,,,,,,,,,,,
73,upsert,2,L0076,2048,0,1787894433.7172842,38.88655424118042,55,0,73,1787894394.83073,alphalow,agg_static@rho0.8,0,0.2,0.0,4,0.8,agg_static,1787894394.830713,0,2048,,0,0,0,0,0,0,0,1,49,23.22370030403137,0;1;0;1,76,0,0,,,,0,2,,,,,,,,,,,,,,,,,,,,,,,,,,
74,upsert,1,L0110,2560,0,1787894433.717326,38.88620066642761,56,0,74,1787894394.8311253,alphalow,agg_static@rho0.8,0,0.2,0.0,4,0.8,agg_static,1787894394.8311112,0,2560,,0,0,0,0,0,0,0,2,50,23.22370030403137,0;0;0;1,76,0,0,,,,0,1,,,,,,,,,,,,,,,,,,,,,,,,,,
75,upsert,3,L0071,2048,0,1787894438.6962638,43.86471676826477,57,0,75,1787894394.831547,alphalow,agg_static@rho0.8,0,0.2,0.0,4,0.8,agg_static,1787894394.8315337,0,2048,,0,0,0,0,0,0,0,1,51,23.22370030403137,0;0;0;0,76,0,0,,,,0,0,,,,,,,,,,,,,,,,,,,,,,,,,,
76,upsert,0,L0082,2048,0,1787894438.6964068,41.6975679397583,58,0,76,1787894396.998839,alphalow,agg_static@rho0.8,0,0.2,0.0,4,0.8,agg_static,1787894396.998815,0,2048,,0,0,0,0,0,0,0,1,52,23.22370030403137,0;1;1;1,80,0,0,,,,0,3,,,,,,,,,,,,,,,,,,,,,,,,,,
77,upsert,3,L0099,2048,0,1787894438.696475,41.69710373878479,59,0,77,1787894396.9993713,alphalow,agg_static@rho0.8,0,0.2,0.0,4,0.8,agg_static,1787894396.9993536,0,2048,,0,0,0,0,0,0,0,1,53,23.22370030403137,0;1;1;0,80,0,0,,,,0,2,,,,,,,,,,,,,,,,,,,,,,,,,,
78,upsert,1,L0088,2048,0,1787894438.696525,41.69675397872925,60,0,78,1787894396.999771,alphalow,agg_static@rho0.8,0,0.2,0.0,4,0.8,agg_static,1787894396.9997568,0,2048,,0,0,0,0,0,0,0,1,54,23.22370030403137,0;0;1;0,80,0,0,,,,0,1,,,,,,,,,,,,,,,,,,,,,,,,,,
79,upsert,2,L0085,2048,0,1787894438.69657,41.696434020996094,61,0,79,1787894397.000136,alphalow,agg_static@rho0.8,0,0.2,0.0,4,0.8,agg_static,1787894397.0001235,0,2048,,0,0,0,0,0,0,0,1,55,23.22370030403137,0;0;0;0,80,0,0,,,,0,0,,,,,,,,,,,,,,,,,,,,,,,,,,
80,upsert,0,L0126,2048,0,1787894438.6966116,39.51368284225464,62,0,80,1787894399.1829288,alphalow,agg_static@rho0.8,0,0.2,0.0,4,0.8,agg_static,1787894399.1829047,0,2048,,0,0,0,0,0,0,0,1,56,23.22370030403137,0;1;1;1,84,0,0,,,,0,3,,,,,,,,,,,,,,,,,,,,,,,,,,
81,upsert,1,L0075,2048,0,1787894438.696652,39.51318073272705,63,0,81,1787894399.1834712,alphalow,agg_static@rho0.8,0,0.2,0.0,4,0.8,agg_static,1787894399.1834548,0,2048,,0,0,0,0,0,0,0,1,57,23.22370030403137,0;0;1;1,84,0,0,,,,0,2,,,,,,,,,,,,,,,,,,,,,,,,,,
82,upsert,2,L0085,2560,2048,1787894442.556811,43.37293887138367,64,0,82,1787894399.1838722,alphalow,agg_static@rho0.8,0,0.2,0.0,4,0.8,agg_static,1787894399.1838546,2048,512,2.1837310791015625,0,0,0,0,0,0,0,2,58,23.22370030403137,0;0;0;1,84,1,0,,,,0,1,,,,,,,,,,,,,,,,,,,,,,,,,,
83,upsert,3,L0065,2048,0,1787894442.5569131,43.37262535095215,65,0,83,1787894399.1842878,alphalow,agg_static@rho0.8,0,0.2,0.0,4,0.8,agg_static,1787894399.1842742,0,2048,,0,0,0,0,0,0,0,1,59,23.22370030403137,0;0;0;0,84,0,0,,,,0,0,,,,,,,,,,,,,,,,,,,,,,,,,,
84,upsert,0,L0067,2048,0,1787894442.5569916,39.41012167930603,66,0,84,1787894403.14687,alphalow,agg_static@rho0.8,0,0.2,0.0,4,0.8,agg_static,1787894403.146846,0,2048,,0,0,0,0,0,0,0,1,60,23.22370030403137,0;1;1;1,88,0,0,,,,0,3,,,,,,,,,,,,,,,,,,,,,,,,,,
85,upsert,2,L0066,2048,0,1787894442.5570462,39.409635066986084,67,0,85,1787894403.147411,alphalow,agg_static@rho0.8,0,0.2,0.0,4,0.8,agg_static,1787894403.147394,0,2048,,0,0,0,0,0,0,0,1,61,23.22370030403137,0;1;0;1,88,0,0,,,,0,2,,,,,,,,,,,,,,,,,,,,,,,,,,
86,upsert,1,L0093,2048,0,1787894442.5570884,39.409276723861694,68,0,86,1787894403.1478117,alphalow,agg_static@rho0.8,0,0.2,0.0,4,0.8,agg_static,1787894403.1477976,0,2048,,0,0,0,0,0,0,0,1,62,23.22370030403137,0;0;0;1,88,0,0,,,,0,1,,,,,,,,,,,,,,,,,,,,,,,,,,
87,upsert,3,L0085,3072,0,1787894442.557127,39.40894103050232,69,0,87,1787894403.148186,alphalow,agg_static@rho0.8,0,0.2,0.0,4,0.8,agg_static,1787894403.148173,0,3072,,0,0,0,0,0,0,0,3,63,23.22370030403137,0;0;0;0,88,0,0,,,,0,0,,,,,,,,,,,,,,,,,,,,,,,,,,
88,upsert,0,L0121,2048,0,1787894442.5571954,36.75648093223572,70,0,88,1787894405.8007145,alphalow,agg_static@rho0.8,0,0.2,0.0,4,0.8,agg_static,1787894405.8006876,0,2048,,0,0,0,0,0,0,0,1,64,23.22370030403137,0;1;1;1,92,0,0,,,,0,3,,,,,,,,,,,,,,,,,,,,,,,,,,
89,upsert,3,L0100,2048,0,1787894442.5572398,36.7559700012207,71,0,89,1787894405.8012698,alphalow,agg_static@rho0.8,0,0.2,0.0,4,0.8,agg_static,1787894405.8012512,0,2048,,0,0,0,0,0,0,0,1,65,23.22370030403137,0;1;1;0,92,0,0,,,,0,2,,,,,,,,,,,,,,,,,,,,,,,,,,
3,upsert,3,L0027,2048,0,1787894480.2368052,29.085218906402588,1,0,3,1787894451.1515863,alphalow,agg_static@rho0.8,1,0.2,0.0,4,0.8,agg_static,1787894451.1515782,0,2048,,0,0,0,0,0,0,0,1,4,,0;0;0;0,4,0,0,,,,0,0,,,,,,,,,,,,,,,,,,,,,,,,,,
4,upsert,0,L0013,2048,0,1787894481.5367897,28.58482599258423,2,0,4,1787894452.9519637,alphalow,agg_static@rho0.8,1,0.2,0.0,4,0.8,agg_static,1787894452.9519393,0,2048,,0,0,0,0,0,0,0,1,5,,0;1;1;1,8,0,0,,,,0,3,,,,,,,,,,,,,,,,,,,,,,,,,,
5,upsert,3,L0021,2048,0,1787894481.5369124,28.58479380607605,3,0,5,1787894452.9521186,alphalow,agg_static@rho0.8,1,0.2,0.0,4,0.8,agg_static,1787894452.9521048,0,2048,,0,0,0,0,0,0,0,1,6,,0;1;1;0,8,0,0,,,,0,2,,,,,,,,,,,,,,,,,,,,,,,,,,
6,upsert,1,L0022,2048,0,1787894489.4568543,36.50461983680725,4,0,6,1787894452.9522345,alphalow,agg_static@rho0.8,1,0.2,0.0,4,0.8,agg_static,1787894452.9522235,0,2048,,0,0,0,0,0,0,0,1,7,,0;0;1;0,8,0,0,,,,0,1,,,,,,,,,,,,,,,,,,,,,,,,,,
7,upsert,2,L0014,2048,0,1787894489.4569595,36.50464153289795,5,0,7,1787894452.952318,alphalow,agg_static@rho0.8,1,0.2,0.0,4,0.8,agg_static,1787894452.9523087,0,2048,,0,0,0,0,0,0,0,1,8,,0;0;0;0,8,0,0,,,,0,0,,,,,,,,,,,,,,,,,,,,,,,,,,
8,upsert,0,L0035,2048,0,1787894489.45703,33.788609981536865,6,0,8,1787894455.66842,alphalow,agg_static@rho0.8,1,0.2,0.0,4,0.8,agg_static,1787894455.668397,0,2048,,0,0,0,0,0,0,0,1,9,,0;1;1;1,12,0,0,,,,0,3,,,,,,,,,,,,,,,,,,,,,,,,,,
9,upsert,1,L0004,2048,0,1787894489.4570854,33.78849792480469,7,0,9,1787894455.6685874,alphalow,agg_static@rho0.8,1,0.2,0.0,4,0.8,agg_static,1787894455.6685739,0,2048,,0,0,0,0,0,0,0,1,10,,0;0;1;1,12,0,0,,,,0,2,,,,,,,,,,,,,,,,,,,,,,,,,,
10,upsert,2,L0027,2560,0,1787894489.4571335,33.788450717926025,8,0,10,1787894455.6686828,alphalow,agg_static@rho0.8,1,0.2,0.0,4,0.8,agg_static,1787894455.6686723,0,2560,,0,0,0,0,0,0,0,2,11,,0;0;0;1,12,0,0,,,,0,1,,,,,,,,,,,,,,,,,,,,,,,,,,
11,upsert,3,L0006,2048,0,1787894489.457192,33.78842854499817,9,0,11,1787894455.6687634,alphalow,agg_static@rho0.8,1,0.2,0.0,4,0.8,agg_static,1787894455.6687543,0,2048,,0,0,0,0,0,0,0,1,12,,0;0;0;0,12,0,0,,,,0,0,,,,,,,,,,,,,,,,,,,,,,,,,,
13,upsert,2,L0006,2560,0,1787894489.4572415,30.717373847961426,10,0,13,1787894458.7398677,alphalow,agg_static@rho0.8,1,0.2,0.0,4,0.8,agg_static,1787894458.7398531,0,2560,,0,0,0,0,0,0,0,2,14,,0;1;0;1,16,0,0,,,,0,2,,,,,,,,,,,,,,,,,,,,,,,,,,
14,upsert,1,L0021,2560,0,1787894496.9768565,38.236891984939575,11,0,14,1787894458.7399645,alphalow,agg_static@rho0.8,1,0.2,0.0,4,0.8,agg_static,1787894458.739953,0,2560,,0,0,0,0,0,0,0,2,15,,0;0;0;1,16,0,0,,,,0,1,,,,,,,,,,,,,,,,,,,,,,,,,,
15,upsert,3,L0017,2048,0,1787894496.9769316,38.23688721656799,12,0,15,1787894458.7400444,alphalow,agg_static@rho0.8,1,0.2,0.0,4,0.8,agg_static,1787894458.740035,0,2048,,0,0,0,0,0,0,0,1,16,,0;0;0;0,16,0,0,,,,0,0,,,,,,,,,,,,,,,,,,,,,,,,,,
17,upsert,3,L0015,2048,0,1787894496.9769711,36.16253924369812,13,0,17,1787894460.814432,alphalow,agg_static@rho0.8,1,0.2,0.0,4,0.8,agg_static,1787894460.8144183,0,2048,,0,0,0,0,0,0,0,1,18,,0;1;1;0,20,0,0,,,,0,2,,,,,,,,,,,,,,,,,,,,,,,,,,
19,upsert,2,L0045,2560,0,1787894496.9770017,36.16238570213318,14,0,19,1787894460.814616,alphalow,agg_static@rho0.8,1,0.2,0.0,4,0.8,agg_static,1787894460.814602,2048,512,9.663207530975342,0,0,0,0,0,0,0,2,20,,0;0;0;0,20,1,0,,,,0,0,,,,,,,,,,,,,,,,,,,,,,,,,,
20,upsert,0,L0018,2048,0,1787894496.9770305,34.106027126312256,15,0,20,1787894462.8710034,alphalow,agg_static@rho0.8,1,0.2,0.0,4,0.8,agg_static,1787894462.870979,0,2048,,0,0,0,0,0,0,0,1,21,,0;1;1;1,24,0,0,,,,0,3,,,,,,,,,,,,,,,,,,,,,,,,,,
21,upsert,1,L0048,2048,0,1787894496.9770558,34.105873107910156,16,0,21,1787894462.8711827,alphalow,agg_static@rho0.8,1,0.2,0.0,4,0.8,agg_static,1787894462.8711505,0,2048,,0,0,0,0,0,0,0,1,22,,0;0;1;1,24,0,0,,,,0,2,,,,,,,,,,,,,,,,,,,,,,,,,,
23,upsert,3,L0062,2048,0,1787894496.97708,34.10570549964905,17,0,23,1787894462.8713746,alphalow,agg_static@rho0.8,1,0.2,0.0,4,0.8,agg_static,1787894462.871363,0,2048,,0,0,0,0,0,0,0,1,24,,0;0;0;0,24,0,0,,,,0,0,,,,,,,,,,,,,,,,,,,,,,,,,,
25,upsert,2,L0022,2560,0,1787894496.9771063,31.447975397109985,18,0,25,1787894465.529131,alphalow,agg_static@rho0.8,1,0.2,0.0,4,0.8,agg_static,1787894465.5291152,0,2560,,0,0,0,0,0,0,0,2,26,,0;1;0;1,28,0,0,,,,0,2,,,,,,,,,,,,,,,,,,,,,,,,,,
26,upsert,1,L0005,2048,0,1787894505.8168273,40.2875599861145,19,0,26,1787894465.5292673,alphalow,agg_static@rho0.8,1,0.2,0.0,4,0.8,agg_static,1787894465.5292547,0,2048,,0,0,0,0,0,0,0,1,27,,0;0;0;1,28,0,0,,,,0,1,,,,,,,,,,,,,,,,,,,,,,,,,,
27,upsert,3,L0053,2048,0,1787894505.8168862,40.287527561187744,20,0,27,1787894465.5293586,alphalow,agg_static@rho0.8,1,0.2,0.0,4,0.8,agg_static,1787894465.5293484,0,2048,,0,0,0,0,0,0,0,1,28,,0;0;0;0,28,0,0,,,,0,0,,,,,,,,,,,,,,,,,,,,,,,,,,
28,upsert,0,L0026,2048,0,1787894505.8169158,38.312485694885254,21,0,28,1787894467.50443,alphalow,agg_static@rho0.8,1,0.2,0.0,4,0.8,agg_static,1787894467.5044017,0,2048,,0,0,0,0,0,0,0,1,29,,0;1;1;1,32,0,0,,,,0,3,,,,,,,,,,,,,,,,,,,,,,,,,,
29,upsert,3,L0000,2048,0,1787894505.8169396,38.31231665611267,22,0,29,1787894467.504623,alphalow,agg_static@rho0.8,1,0.2,0.0,4,0.8,agg_static,1787894467.5046077,0,2048,,0,0,0,0,0,0,0,1,30,,0;1;1;0,32,0,0,,,,0,2,,,,,,,,,,,,,,,,,,,,,,,,,,
30,upsert,1,L0034,2048,0,1787894505.8169541,38.312222719192505,23,0,30,1787894467.5047314,alphalow,agg_static@rho0.8,1,0.2,0.0,4,0.8,agg_static,1787894467.504719,0,2048,,0,0,0,0,0,0,0,1,31,,0;0;1;0,32,0,0,,,,0,1,,,,,,,,,,,,,,,,,,,,,,,,,,
31,upsert,2,L0025,2048,0,1787894505.8169675,38.31215238571167,24,0,31,1787894467.504815,alphalow,agg_static@rho0.8,1,0.2,0.0,4,0.8,agg_static,1787894467.5048058,0,2048,,0,0,0,0,0,0,0,1,32,,0;0;0;0,32,0,0,,,,0,0,,,,,,,,,,,,,,,,,,,,,,,,,,
32,upsert,0,L0028,2048,0,1787894505.8169804,36.52665400505066,25,0,32,1787894469.2903264,alphalow,agg_static@rho0.8,1,0.2,0.0,4,0.8,agg_static,1787894469.2903001,0,2048,,0,0,0,0,0,0,0,1,33,,0;1;1;1,36,0,0,,,,0,3,,,,,,,,,,,,,,,,,,,,,,,,,,
33,upsert,1,L0032,2048,0,1787894516.6368027,47.34611225128174,26,0,33,1787894469.2906904,alphalow,agg_static@rho0.8,1,0.2,0.0,4,0.8,agg_static,1787894469.290674,0,2048,,0,0,0,0,0,0,0,1,34,,0;0;1;1,36,0,0,,,,0,2,,,,,,,,,,,,,,,,,,,,,,,,,,
34,upsert,2,L0007,2560,0,1787894516.6369183,47.345948696136475,27,0,34,1787894469.2909696,alphalow,agg_static@rho0.8,1,0.2,0.0,4,0.8,agg_static,1787894469.2909532,2048,512,6.419679880142212,0,0,0,0,0,0,0,2,35,,0;0;0;1,36,1,0,,,,0,1,,,,,,,,,,,,,,,,,,,,,,,,,,
35,upsert,3,L0053,2560,2048,1787894516.63698,47.345694065093994,28,0,35,1787894469.291286,alphalow,agg_static@rho0.8,1,0.2,0.0,4,0.8,agg_static,1787894469.291272,2048,512,3.7619235515594482,0,0,0,0,0,0,0,2,36,,0;0;0;0,36,1,0,,,,0,0,,,,,,,,,,,,,,,,,,,,,,,,,,
36,upsert,0,L0030,2048,0,1787894516.6370337,45.25899839401245,29,0,36,1787894471.3780353,alphalow,agg_static@rho0.8,1,0.2,0.0,4,0.8,agg_static,1787894471.3780112,0,2048,,0,0,0,0,0,0,0,1,37,,0;1;1;1,40,0,0,,,,0,3,,,,,,,,,,,,,,,,,,,,,,,,,,
37,upsert,2,L0006,3072,2560,1787894516.6370797,45.258644819259644,30,0,37,1787894471.378435,alphalow,agg_static@rho0.8,1,0.2,0.0,4,0.8,agg_static,1787894471.3784153,2560,512,12.638562202453613,0,0,0,0,0,0,0,3,38,,0;1;0;1,40,1,0,,,,0,2,,,,,,,,,,,,,,,,,,,,,,,,,,
38,upsert,1,L0043,2048,0,1787894516.6371195,45.258331298828125,31,0,38,1787894471.3787882,alphalow,agg_static@rho0.8,1,0.2,0.0,4,0.8,agg_static,1787894471.3787756,0,2048,,0,0,0,0,0,0,0,1,39,,0;0;0;1,40,0,0,,,,0,1,,,,,,,,,,,,,,,,,,,,,,,,,,
39,upsert,3,L0052,2048,0,1787894516.6371708,45.25812792778015,32,0,39,1787894471.3790429,alphalow,agg_static@rho0.8,1,0.2,0.0,4,0.8,agg_static,1787894471.3790317,0,2048,,0,0,0,0,0,0,0,1,40,,0;0;0;0,40,0,0,,,,0,0,,,,,,,,,,,,,,,,,,,,,,,,,,
40,upsert,0,L0029,2048,0,1787894516.6372132,42.22267150878906,33,0,40,1787894474.4145417,alphalow,agg_static@rho0.8,1,0.2,0.0,4,0.8,agg_static,1787894474.4145174,0,2048,,0,0,0,0,0,0,0,1,41,,0;1;1;1,44,0,0,,,,0,3,,,,,,,,,,,,,,,,,,,,,,,,,,
41,upsert,3,L0032,2560,0,1787894524.1568363,49.74194598197937,34,0,41,1787894474.4148903,alphalow,agg_static@rho0.8,1,0.2,0.0,4,0.8,agg_static,1787894474.414875,0,2560,,0,0,0,0,0,0,0,2,42,,0;1;1;0,44,0,0,,,,0,2,,,,,,,,,,,,,,,,,,,,,,,,,,
42,upsert,1,L0055,2560,0,1787894524.15695,49.74171328544617,35,0,42,1787894474.4152367,alphalow,agg_static@rho0.8,1,0.2,0.0,4,0.8,agg_static,1787894474.4152186,2048,512,13.600701093673706,0,0,0,0,0,0,0,2,43,,0;0;1;0,44,1,0,,,,0,1,,,,,,,,,,,,,,,,,,,,,,,,,,
43,upsert,2,L0060,2048,0,1787894524.1570117,49.74147439002991,36,0,43,1787894474.4155374,alphalow,agg_static@rho0.8,1,0.2,0.0,4,0.8,agg_static,1787894474.4155254,0,2048,,0,0,0,0,0,0,0,1,44,,0;0;0;0,44,0,0,,,,0,0,,,,,,,,,,,,,,,,,,,,,,,,,,
44,upsert,0,L0026,2560,2048,1787894524.1570594,47.4648494720459,37,0,44,1787894476.69221,alphalow,agg_static@rho0.8,1,0.2,0.0,4,0.8,agg_static,1787894476.6921825,2048,512,9.187780857086182,0,0,0,0,0,0,0,2,45,,0;1;1;1,48,1,0,,,,0,3,,,,,,,,,,,,,,,,,,,,,,,,,,
45,upsert,1,L0036,2048,0,1787894524.1571116,47.464508295059204,38,0,45,1787894476.6926033,alphalow,agg_static@rho0.8,1,0.2,0.0,4,0.8,agg_static,1787894476.6925879,0,2048,,0,0,0,0,0,0,0,1,46,,0;0;1;1,48,0,0,,,,0,2,,,,,,,,,,,,,,,,,,,,,,,,,,
46,upsert,2,L0011,2048,0,1787894524.1571522,47.46427536010742,39,0,46,1787894476.6928768,alphalow,agg_static@rho0.8,1,0.2,0.0,4,0.8,agg_static,1787894476.6928637,0,2048,,0,0,0,0,0,0,0,1,47,,0;0;0;1,48,0,0,,,,0,1,,,,,,,,,,,,,,,,,,,,,,,,,,
47,upsert,3,L0002,2048,0,1787894524.1572134,47.4640839099884,40,0,47,1787894476.6931295,alphalow,agg_static@rho0.8,1,0.2,0.0,4,0.8,agg_static,1787894476.693118,0,2048,,0,0,0,0,0,0,0,1,48,,0;0;0;0,48,0,0,,,,0,0,,,,,,,,,,,,,,,,,,,,,,,,,,
48,upsert,0,L0055,3072,0,1787894524.1572537,43.95661449432373,41,0,48,1787894480.2006392,alphalow,agg_static@rho0.8,1,0.2,0.0,4,0.8,agg_static,1787894480.200615,0,3072,,0,0,0,0,0,0,0,3,49,,0;1;1;1,52,0,0,,,,0,3,,,,,,,,,,,,,,,,,,,,,,,,,,
49,upsert,2,L0008,2048,0,1787894532.3368487,52.13578653335571,42,0,49,1787894480.2010622,alphalow,agg_static@rho0.8,1,0.2,0.0,4,0.8,agg_static,1787894480.2010472,0,2048,,0,0,0,0,0,0,0,1,50,,0;1;0;1,52,0,0,,,,0,2,,,,,,,,,,,,,,,,,,,,,,,,,,
51,upsert,3,L0040,2048,0,1787894532.3369682,52.13535761833191,43,0,51,1787894480.2016106,alphalow,agg_static@rho0.8,1,0.2,0.0,4,0.8,agg_static,1787894480.2015996,0,2048,,0,0,0,0,0,0,0,1,52,,0;0;0;0,52,0,0,,,,0,0,,,,,,,,,,,,,,,,,,,,,,,,,,
52,upsert,0,L0044,2048,0,1787894532.3370275,49.458048820495605,44,0,52,1787894482.8789787,alphalow,agg_static@rho0.8,1,0.2,0.0,4,0.8,agg_static,1787894482.8789558,0,2048,,0,0,0,0,0,0,0,1,50,28.751612901687622,0;1;1;1,56,0,0,,,,0,3,,,,,,,,,,,,,,,,,,,,,,,,,,
53,upsert,3,L0037,2048,0,1787894532.3370776,49.45762825012207,45,0,53,1787894482.8794494,alphalow,agg_static@rho0.8,1,0.2,0.0,4,0.8,agg_static,1787894482.8794334,0,2048,,0,0,0,0,0,0,0,1,51,28.751612901687622,0;1;1;0,56,0,0,,,,0,2,,,,,,,,,,,,,,,,,,,,,,,,,,
54,upsert,1,L0019,2560,0,1787894532.3371186,49.45732831954956,46,0,54,1787894482.8797903,alphalow,agg_static@rho0.8,1,0.2,0.0,4,0.8,agg_static,1787894482.879777,0,2560,,0,0,0,0,0,0,0,2,52,28.751612901687622,0;0;1;0,56,0,0,,,,0,1,,,,,,,,,,,,,,,,,,,,,,,,,,
55,upsert,2,L0010,2048,0,1787894532.3371878,49.457046031951904,47,0,55,1787894482.8801417,alphalow,agg_static@rho0.8,1,0.2,0.0,4,0.8,agg_static,1787894482.880129,0,2048,,0,0,0,0,0,0,0,1,53,28.751612901687622,0;0;0;0,56,0,0,,,,0,0,,,,,,,,,,,,,,,,,,,,,,,,,,
56,upsert,0,L0010,2560,0,1787894532.3372307,46.74171280860901,48,0,56,1787894485.5955179,alphalow,agg_static@rho0.8,1,0.2,0.0,4,0.8,agg_static,1787894485.5954926,0,2560,,0,0,0,0,0,0,0,2,54,28.751612901687622,0;1;1;1,60,0,0,,,,0,3,,,,,,,,,,,,,,,,,,,,,,,,,,
57,upsert,1,L0028,2560,0,1787894538.2762825,52.680280923843384,49,0,57,1787894485.5960016,alphalow,agg_static@rho0.8,1,0.2,0.0,4,0.8,agg_static,1787894485.5959857,0,2560,,0,0,0,0,0,0,0,2,55,28.751612901687622,0;0;1;1,60,0,0,,,,0,2,,,,,,,,,,,,,,,,,,,,,,,,,,
58,upsert,2,L0050,2048,0,1787894538.2764094,52.680020570755005,50,0,58,1787894485.5963888,alphalow,agg_static@rho0.8,1,0.2,0.0,4,0.8,agg_static,1787894485.5963748,0,2048,,0,0,0,0,0,0,0,1,56,28.751612901687622,0;0;0;1,60,0,0,,,,0,1,,,,,,,,,,,,,,,,,,,,,,,,,,
59,upsert,3,L0017,2560,2048,1787894538.2764735,52.67975902557373,51,0,59,1787894485.5967145,alphalow,agg_static@rho0.8,1,0.2,0.0,4,0.8,agg_static,1787894485.5966976,2048,512,26.85666251182556,0,0,0,0,0,0,0,2,57,28.751612901687622,0;0;0;0,60,1,0,,,,0,0,,,,,,,,,,,,,,,,,,,,,,,,,,
60,upsert,0,L0008,2560,0,1787894538.2765293,48.86848282814026,52,0,60,1787894489.4080465,alphalow,agg_static@rho0.8,1,0.2,0.0,4,0.8,agg_static,1787894489.4080229,0,2560,,0,0,0,0,0,0,0,2,58,28.751612901687622,0;1;1;1,64,0,0,,,,0,3,,,,,,,,,,,,,,,,,,,,,,,,,,
61,upsert,2,L0015,2560,0,1787894538.2765791,48.86801719665527,53,0,61,1787894489.408562,alphalow,agg_static@rho0.8,1,0.2,0.0,4,0.8,agg_static,1787894489.4085455,0,2560,,0,0,0,0,0,0,0,2,59,28.751612901687622,0;1;0;1,64,0,0,,,,0,2,,,,,,,,,,,,,,,,,,,,,,,,,,
62,upsert,1,L0056,2048,0,1787894538.2766218,48.867677450180054,54,0,62,1787894489.4089444,alphalow,agg_static@rho0.8,1,0.2,0.0,4,0.8,agg_static,1787894489.408931,0,2048,,0,0,0,0,0,0,0,1,60,28.751612901687622,0;0;0;1,64,0,0,,,,0,1,,,,,,,,,,,,,,,,,,,,,,,,,,
64,upsert,0,L0090,2048,0,1787894538.2766626,46.452460289001465,55,0,64,1787894491.8242023,alphalow,agg_static@rho0.8,1,0.2,0.0,4,0.8,agg_static,1787894491.8241751,0,2048,,0,0,0,0,0,0,0,1,55,32.513546109199524,0;1;1;1,68,0,0,,,,0,3,,,,,,,,,,,,,,,,,,,,,,,,,,
65,upsert,3,L0122,2048,0,1787894538.2767007,46.45201516151428,56,0,65,1787894491.8246856,alphalow,agg_static@rho0.8,1,0.2,0.0,4,0.8,agg_static,1787894491.824669,0,2048,,0,0,0,0,0,0,0,1,56,32.513546109199524,0;1;1;0,68,0,0,,,,0,2,,,,,,,,,,,,,,,,,,,,,,,,,,
66,upsert,1,L0068,2048,0,1787894539.856815,48.03176021575928,57,0,66,1787894491.825055,alphalow,agg_static@rho0.8,1,0.2,0.0,4,0.8,agg_static,1787894491.8250403,0,2048,,0,0,0,0,0,0,0,1,57,32.513546109199524,0;0;1;0,68,0,0,,,,0,1,,,,,,,,,,,,,,,,,,,,,,,,,,
67,upsert,2,L0067,2048,0,1787894539.8569233,48.03151750564575,58,0,67,1787894491.8254058,alphalow,agg_static@rho0.8,1,0.2,0.0,4,0.8,agg_static,1787894491.825393,0,2048,,0,0,0,0,0,0,0,1,58,32.513546109199524,0;0;0;0,68,0,0,,,,0,0,,,,,,,,,,,,,,,,,,,,,,,,,,
68,upsert,0,L0083,2048,0,1787894539.8569868,45.812339544296265,59,0,68,1787894494.0446472,alphalow,agg_static@rho0.8,1,0.2,0.0,4,0.8,agg_static,1787894494.0446222,0,2048,,0,0,0,0,0,0,0,1,59,32.513546109199524,0;1;1;1,72,0,0,,,,0,3,,,,,,,,,,,,,,,,,,,,,,,,,,
69,upsert,1,L0070,2048,0,1787894539.8570344,45.81191802024841,60,0,69,1787894494.0451164,alphalow,agg_static@rho0.8,1,0.2,0.0,4,0.8,agg_static,1787894494.0451012,0,2048,,0,0,0,0,0,0,0,1,60,32.513546109199524,0;0;1;1,72,0,0,,,,0,2,,,,,,,,,,,,,,,,,,,,,,,,,,
70,upsert,2,L0096,2048,0,1787894539.8570783,45.811564683914185,61,0,70,1787894494.0455136,alphalow,agg_static@rho0.8,1,0.2,0.0,4,0.8,agg_static,1787894494.0454993,0,2048,,0,0,0,0,0,0,0,1,61,32.513546109199524,0;0;0;1,72,0,0,,,,0,1,,,,,,,,,,,,,,,,,,,,,,,,,,
71,upsert,3,L0085,2048,0,1787894539.8571186,45.81126356124878,62,0,71,1787894494.045855,alphalow,agg_static@rho0.8,1,0.2,0.0,4,0.8,agg_static,1787894494.045842,0,2048,,0,0,0,0,0,0,0,1,62,32.513546109199524,0;0;0;0,72,0,0,,,,0,0,,,,,,,,,,,,,,,,,,,,,,,,,,
72,upsert,0,L0115,2048,0,1787894539.8571901,42.955679416656494,63,0,72,1787894496.9015107,alphalow,agg_static@rho0.8,1,0.2,0.0,4,0.8,agg_static,1787894496.9014862,0,2048,,0,0,0,0,0,0,0,1,63,32.513546109199524,0;1;1;1,76,0,0,,,,0,3,,,,,,,,,,,,,,,,,,,,,,,,,,
73,upsert,2,L0077,2048,0,1787894539.8572376,42.955244064331055,64,0,73,1787894496.9019935,alphalow,agg_static@rho0.8,1,0.2,0.0,4,0.8,agg_static,1787894496.9019773,0,2048,,0,0,0,0,0,0,0,1,64,32.513546109199524,0;1;0;1,76,0,0,,,,0,2,,,,,,,,,,,,,,,,,,,,,,,,,,
3,upsert,3,L0027,2048,0,1787894572.6568365,24.195318698883057,1,0,3,1787894548.4615178,alphalow,agg_full@rho0.8,1,0.2,0.0,4,0.8,agg_full,1787894548.4615088,0,2048,,0,0,0,0,0,0,0,1,4,,0;0;0;0,4,0,0,,,,0,0,,,,,,,,,,,,,,,,,,,,,,,,,,
10,upsert,2,L0027,2560,0,1787894573.9568195,20.842408418655396,2,0,10,1787894553.114411,alphalow,agg_full@rho0.8,1,0.2,0.0,4,0.8,agg_full,1787894553.1144006,0,2560,,0,0,0,0,0,0,0,2,11,,0;0;0;1,12,0,0,,,,0,1,,,,,,,,,,,,,,,,,,,,,,,,,,
13,upsert,2,L0006,2560,0,1787894573.956954,18.165002822875977,3,1,13,1787894555.7919512,alphalow,agg_full@rho0.8,1,0.2,0.0,4,0.8,agg_full,1787894555.7919376,0,2560,,0,0,0,0,0,0,0,2,14,,0;1;0;1,16,0,1,0,1,0,0,2,50,50,0.7398321628570557,,1,2,1,2,0,1,0,2560,2560,51.2,2.0,49.2,18165.002822875977,49.2,1661.996125,2080.0,1,1,1,49.2,49.2,49.2
14,upsert,1,L0021,2560,0,1787894590.276884,34.48483753204346,4,0,14,1787894555.7920465,alphalow,agg_full@rho0.8,1,0.2,0.0,4,0.8,agg_full,1787894555.7920353,0,2560,,0,0,0,0,0,0,0,2,15,,0;0;0;1,16,0,0,,,,0,1,,,,,,,,,,,,,,,,,,,,,,,,,,
15,upsert,3,L0017,2048,0,1787894590.2769902,34.484861850738525,5,0,15,1787894555.7921283,alphalow,agg_full@rho0.8,1,0.2,0.0,4,0.8,agg_full,1787894555.7921185,0,2048,,0,0,0,0,0,0,0,1,16,,0;0;0;0,16,0,0,,,,0,0,,,,,,,,,,,,,,,,,,,,,,,,,,
18,upsert,1,L0055,2048,0,1787894590.2770627,32.35663557052612,6,0,18,1787894557.920427,alphalow,agg_full@rho0.8,1,0.2,0.0,4,0.8,agg_full,1787894557.9204156,0,2048,,0,0,0,0,0,0,0,1,19,,0;0;1;0,20,0,0,,,,0,1,,,,,,,,,,,,,,,,,,,,,,,,,,
19,upsert,2,L0045,2560,0,1787894590.277117,32.35660147666931,7,0,19,1787894557.9205155,alphalow,agg_full@rho0.8,1,0.2,0.0,4,0.8,agg_full,1787894557.9205015,2048,512,9.459190845489502,0,0,0,0,0,0,0,2,20,,0;0;0;0,20,1,0,,,,0,0,,,,,,,,,,,,,,,,,,,,,,,,,,
20,upsert,0,L0018,2048,0,1787894590.27719,30.188722610473633,8,0,20,1787894560.0884674,alphalow,agg_full@rho0.8,1,0.2,0.0,4,0.8,agg_full,1787894560.0884438,0,2048,,0,0,0,0,0,0,0,1,21,,0;1;1;1,24,0,0,,,,0,3,,,,,,,,,,,,,,,,,,,,,,,,,,
21,upsert,1,L0048,2048,0,1787894590.2772384,30.188604593276978,9,0,21,1787894560.0886338,alphalow,agg_full@rho0.8,1,0.2,0.0,4,0.8,agg_full,1787894560.088619,0,2048,,0,0,0,0,0,0,0,1,22,,0;0;1;1,24,0,0,,,,0,2,,,,,,,,,,,,,,,,,,,,,,,,,,
22,upsert,2,L0007,2048,0,1787894590.277287,30.188554286956787,10,0,22,1787894560.0887327,alphalow,agg_full@rho0.8,1,0.2,0.0,4,0.8,agg_full,1787894560.0887218,0,2048,,0,0,0,0,0,0,0,1,23,,0;0;0;1,24,0,0,,,,0,1,,,,,,,,,,,,,,,,,,,,,,,,,,
23,upsert,3,L0062,2048,0,1787894596.4768639,36.388046979904175,11,0,23,1787894560.088817,alphalow,agg_full@rho0.8,1,0.2,0.0,4,0.8,agg_full,1787894560.0888073,0,2048,,0,0,0,0,0,0,0,1,24,,0;0;0;0,24,0,0,,,,0,0,,,,,,,,,,,,,,,,,,,,,,,,,,
24,upsert,0,L0012,2048,0,1787894596.4769478,33.47851753234863,12,0,24,1787894562.9984303,alphalow,agg_full@rho0.8,1,0.2,0.0,4,0.8,agg_full,1787894562.9984062,0,2048,,0,0,0,0,0,0,0,1,25,,0;1;1;1,28,0,0,,,,0,3,,,,,,,,,,,,,,,,,,,,,,,,,,
25,upsert,2,L0022,2560,0,1787894596.47699,33.47838997840881,13,0,25,1787894562.9986,alphalow,agg_full@rho0.8,1,0.2,0.0,4,0.8,agg_full,1787894562.9985857,0,2560,,0,0,0,0,0,0,0,2,26,,0;1;0;1,28,0,0,,,,0,2,,,,,,,,,,,,,,,,,,,,,,,,,,
26,upsert,1,L0005,2048,0,1787894596.4770217,33.478323221206665,14,0,26,1787894562.9986985,alphalow,agg_full@rho0.8,1,0.2,0.0,4,0.8,agg_full,1787894562.998687,0,2048,,0,0,0,0,0,0,0,1,27,,0;0;0;1,28,0,0,,,,0,1,,,,,,,,,,,,,,,,,,,,,,,,,,
27,upsert,3,L0053,2048,0,1787894596.47705,33.47826886177063,15,0,27,1787894562.9987812,alphalow,agg_full@rho0.8,1,0.2,0.0,4,0.8,agg_full,1787894562.9987724,0,2048,,0,0,0,0,0,0,0,1,28,,0;0;0;0,28,0,0,,,,0,0,,,,,,,,,,,,,,,,,,,,,,,,,,
28,upsert,0,L0026,2048,0,1787894596.4770768,31.288858652114868,16,0,28,1787894565.188218,alphalow,agg_full@rho0.8,1,0.2,0.0,4,0.8,agg_full,1787894565.1881938,0,2048,,0,0,0,0,0,0,0,1,29,,0;1;1;1,32,0,0,,,,0,3,,,,,,,,,,,,,,,,,,,,,,,,,,
29,upsert,3,L0000,2048,0,1787894596.4771023,31.288719654083252,17,0,29,1787894565.1883826,alphalow,agg_full@rho0.8,1,0.2,0.0,4,0.8,agg_full,1787894565.1883688,0,2048,,0,0,0,0,0,0,0,1,30,,0;1;1;0,32,0,0,,,,0,2,,,,,,,,,,,,,,,,,,,,,,,,,,
30,upsert,1,L0034,2048,0,1787894596.477129,31.288647651672363,18,0,30,1787894565.1884813,alphalow,agg_full@rho0.8,1,0.2,0.0,4,0.8,agg_full,1787894565.1884696,0,2048,,0,0,0,0,0,0,0,1,31,,0;0;1;0,32,0,0,,,,0,1,,,,,,,,,,,,,,,,,,,,,,,,,,
31,upsert,2,L0025,2048,0,1787894609.9768233,44.78826069831848,19,0,31,1787894565.1885626,alphalow,agg_full@rho0.8,1,0.2,0.0,4,0.8,agg_full,1787894565.1885543,0,2048,,0,0,0,0,0,0,0,1,32,,0;0;0;0,32,0,0,,,,0,0,,,,,,,,,,,,,,,,,,,,,,,,,,
32,upsert,0,L0028,2048,0,1787894609.976884,42.71907687187195,20,0,32,1787894567.257807,alphalow,agg_full@rho0.8,1,0.2,0.0,4,0.8,agg_full,1787894567.2577841,0,2048,,0,0,0,0,0,0,0,1,33,,0;1;1;1,36,0,0,,,,0,3,,,,,,,,,,,,,,,,,,,,,,,,,,
33,upsert,1,L0032,2048,0,1787894609.9769156,42.71873354911804,21,0,33,1787894567.258182,alphalow,agg_full@rho0.8,1,0.2,0.0,4,0.8,agg_full,1787894567.258146,0,2048,,0,0,0,0,0,0,0,1,34,,0;0;1;1,36,0,0,,,,0,2,,,,,,,,,,,,,,,,,,,,,,,,,,
34,upsert,2,L0007,2560,2048,1787894609.9769485,42.718488454818726,22,0,34,1787894567.25846,alphalow,agg_full@rho0.8,1,0.2,0.0,4,0.8,agg_full,1787894567.2584436,2048,512,7.169721841812134,0,0,0,0,0,0,0,2,35,,0;0;0;1,36,1,0,,,,0,1,,,,,,,,,,,,,,,,,,,,,,,,,,
35,upsert,3,L0053,2560,2048,1787894609.976967,42.71820855140686,23,0,35,1787894567.2587585,alphalow,agg_full@rho0.8,1,0.2,0.0,4,0.8,agg_full,1787894567.258746,2048,512,4.259973526000977,0,0,0,0,0,0,0,2,36,,0;0;0;0,36,1,0,,,,0,0,,,,,,,,,,,,,,,,,,,,,,,,,,
36,upsert,0,L0030,2048,0,1787894609.9769843,40.36112999916077,24,0,36,1787894569.6158543,alphalow,agg_full@rho0.8,1,0.2,0.0,4,0.8,agg_full,1787894569.6158304,0,2048,,0,0,0,0,0,0,0,1,37,,0;1;1;1,40,0,0,,,,0,3,,,,,,,,,,,,,,,,,,,,,,,,,,
37,upsert,2,L0006,3072,2560,1787894609.977,40.36075711250305,25,0,37,1787894569.616243,alphalow,agg_full@rho0.8,1,0.2,0.0,4,0.8,agg_full,1787894569.6162238,2560,512,13.824286222457886,0,0,0,0,0,0,0,3,38,,0;1;0;1,40,1,0,,,,0,2,,,,,,,,,,,,,,,,,,,,,,,,,,
38,upsert,1,L0043,2048,0,1787894620.7968743,51.18028020858765,26,0,38,1787894569.616594,alphalow,agg_full@rho0.8,1,0.2,0.0,4,0.8,agg_full,1787894569.616582,0,2048,,0,0,0,0,0,0,0,1,39,,0;0;0;1,40,0,0,,,,0,1,,,,,,,,,,,,,,,,,,,,,,,,,,
39,upsert,3,L0052,2048,0,1787894620.7969866,51.18014073371887,27,0,39,1787894569.6168458,alphalow,agg_full@rho0.8,1,0.2,0.0,4,0.8,agg_full,1787894569.616835,0,2048,,0,0,0,0,0,0,0,1,40,,0;0;0;0,40,0,0,,,,0,0,,,,,,,,,,,,,,,,,,,,,,,,,,
40,upsert,0,L0029,2048,0,1787894620.797047,48.16264224052429,28,0,40,1787894572.6344047,alphalow,agg_full@rho0.8,1,0.2,0.0,4,0.8,agg_full,1787894572.6343803,0,2048,,0,0,0,0,0,0,0,1,41,,0;1;1;1,44,0,0,,,,0,3,,,,,,,,,,,,,,,,,,,,,,,,,,
41,upsert,3,L0032,2560,0,1787894620.7970996,48.162341594696045,29,0,41,1787894572.634758,alphalow,agg_full@rho0.8,1,0.2,0.0,4,0.8,agg_full,1787894572.634742,0,2560,,0,0,0,0,0,0,0,2,42,,0;1;1;0,44,0,0,,,,0,2,,,,,,,,,,,,,,,,,,,,,,,,,,
42,upsert,1,L0055,2560,2048,1787894620.7971444,48.1620717048645,30,0,42,1787894572.6350727,alphalow,agg_full@rho0.8,1,0.2,0.0,4,0.8,agg_full,1787894572.6350565,2048,512,14.714640855789185,0,0,0,0,0,0,0,2,43,,0;0;1;0,44,1,0,,,,0,1,,,,,,,,,,,,,,,,,,,,,,,,,,
43,upsert,2,L0060,2048,0,1787894620.7972076,48.16182827949524,31,0,43,1787894572.6353793,alphalow,agg_full@rho0.8,1,0.2,0.0,4,0.8,agg_full,1787894572.6353672,0,2048,,0,0,0,0,0,0,0,1,44,,0;0;0;0,44,0,0,,,,0,0,,,,,,,,,,,,,,,,,,,,,,,,,,
44,upsert,0,L0026,2560,2048,1787894620.7972505,46.1021249294281,32,0,44,1787894574.6951256,alphalow,agg_full@rho0.8,1,0.2,0.0,4,0.8,agg_full,1787894574.695099,2048,512,9.506905317306519,0,0,0,0,0,0,0,2,42,21.06757664680481,0;1;1;1,48,1,0,,,,0,3,,,,,,,,,,,,,,,,,,,,,,,,,,
45,upsert,1,L0036,2048,0,1787894620.7972906,46.10164260864258,33,0,45,1787894574.695648,alphalow,agg_full@rho0.8,1,0.2,0.0,4,0.8,agg_full,1787894574.6956298,0,2048,,0,0,0,0,0,0,0,1,43,21.06757664680481,0;0;1;1,48,0,0,,,,0,2,,,,,,,,,,,,,,,,,,,,,,,,,,
46,upsert,2,L0011,2048,0,1787894628.9768298,54.2808313369751,34,0,46,1787894574.6959984,alphalow,agg_full@rho0.8,1,0.2,0.0,4,0.8,agg_full,1787894574.695984,0,2048,,0,0,0,0,0,0,0,1,44,21.06757664680481,0;0;0;1,48,0,0,,,,0,1,,,,,,,,,,,,,,,,,,,,,,,,,,
47,upsert,3,L0002,2048,0,1787894628.9769628,54.28063344955444,35,0,47,1787894574.6963294,alphalow,agg_full@rho0.8,1,0.2,0.0,4,0.8,agg_full,1787894574.696316,0,2048,,0,0,0,0,0,0,0,1,45,21.06757664680481,0;0;0;0,48,0,0,,,,0,0,,,,,,,,,,,,,,,,,,,,,,,,,,
48,upsert,0,L0055,3072,0,1787894628.9770265,50.81727600097656,36,0,48,1787894578.1597505,alphalow,agg_full@rho0.8,1,0.2,0.0,4,0.8,agg_full,1787894578.159727,0,3072,,0,0,0,0,0,0,0,3,46,21.06757664680481,0;1;2;0,53,0,0,,,,0,3,,,,,,,,,,,,,,,,,,,,,,,,,,
49,upsert,2,L0008,2048,0,1787894628.977077,50.81676912307739,37,0,49,1787894578.160308,alphalow,agg_full@rho0.8,1,0.2,0.0,4,0.8,agg_full,1787894578.1602914,0,2048,,0,0,0,0,0,0,0,1,47,21.06757664680481,0;1;1;0,53,0,0,,,,0,2,,,,,,,,,,,,,,,,,,,,,,,,,,
50,upsert,2,L0006,2048,3072,1787894628.9771273,50.81644058227539,38,0,50,1787894578.1606867,alphalow,agg_full@rho0.8,1,0.2,0.0,4,0.8,agg_full,1787894578.1606698,3072,-1024,8.544445991516113,0,2560,2560,0,2560,1,0,4,48,21.06757664680481,0;1;0;0,53,1,0,,,,0,1,,,,,,,,,,,,,,,,,,,,,,,,,,
51,upsert,1,L0040,2048,0,1787894628.9771917,50.81616759300232,39,0,51,1787894578.161024,alphalow,agg_full@rho0.8,1,0.2,0.0,4,0.8,agg_full,1787894578.1610105,0,2048,,0,0,0,0,0,0,0,1,49,21.06757664680481,0;0;0;0,53,0,0,,,,0,0,,,,,,,,,,,,,,,,,,,,,,,,,,
52,upsert,1,L0044,2048,0,1787894628.9772334,47.914780616760254,40,0,52,1787894581.0624528,alphalow,agg_full@rho0.8,1,0.2,0.0,4,0.8,agg_full,1787894581.0624282,0,2048,,0,0,0,0,0,0,0,1,50,21.06757664680481,1;0;1;1,57,0,0,,,,0,3,,,,,,,,,,,,,,,,,,,,,,,,,,
53,upsert,0,L0037,2048,0,1787894628.9772744,47.91436314582825,41,0,53,1787894581.0629113,alphalow,agg_full@rho0.8,1,0.2,0.0,4,0.8,agg_full,1787894581.0628953,0,2048,,0,0,0,0,0,0,0,1,51,21.06757664680481,0;0;1;1,57,0,0,,,,0,2,,,,,,,,,,,,,,,,,,,,,,,,,,
0,upsert,0,L0048,2048,0,1787894802.6803434,0.0033538341522216797,1,0,0,1787894802.6769896,alphamed,agg_full@rho0.8,0,0.55,0.0,4,0.8,agg_full,1787894802.6769657,0,2048,,0,0,0,0,0,0,0,1,1,,0;1;1;1,4,0,0,,,,0,3,,,,,,,,,,,,,,,,,,,,,,,,,,
1,upsert,2,L0006,2048,0,1787894802.68047,0.0032224655151367188,2,0,1,1787894802.6772475,alphamed,agg_full@rho0.8,0,0.55,0.0,4,0.8,agg_full,1787894802.6772323,0,2048,,0,0,0,0,0,0,0,1,2,,0;1;0;1,4,0,0,,,,0,2,,,,,,,,,,,,,,,,,,,,,,,,,,
2,upsert,1,L0014,2048,0,1787894802.680545,0.0031881332397460938,3,1,2,1787894802.677357,alphamed,agg_full@rho0.8,0,0.55,0.0,4,0.8,agg_full,1787894802.6773462,0,2048,,0,0,0,0,0,0,0,1,3,,0;0;0;1,4,0,1,1,0,1,0,1,57,57,35.591570138931274,,1,1,1,1,1,1,0,0,0,0.0,0.0,0.0,3.1881332397460938,0.0,4009.123728,2608.0,0,0,0,0,0,0
3,upsert,3,L0023,2048,0,1787894802.6805909,0.0031538009643554688,4,3,3,1787894802.677437,alphamed,agg_full@rho0.8,0,0.55,0.0,4,0.8,agg_full,1787894802.6774287,0,2048,,0,0,0,0,0,0,0,1,4,,0;0;0;0,4,0,1,0,1,0,0,0,35,35,17.363383054733276,,0,3,0,3,0,1,0,2048,2048,40.96,2.0,38.96,3.1538009643554688,38.96,2748.034557,2608.0,1,1,1,38.96,38.96,38.96
4,upsert,0,L0000,2048,0,1787894805.4545622,0.003591299057006836,5,2,4,1787894805.450971,alphamed,agg_full@rho0.8,0,0.55,0.0,4,0.8,agg_full,1787894805.450946,0,2048,,0,0,0,0,0,0,0,2,1,0.0032295584678649902,0;1;1;1,8,0,1,0,0,1,0,3,42,42,21.124420881271362,,3,3,3,3,1,1,2560,2560,0,0.0,0.0,0.0,3.591299057006836,0.0,2078.772408,2080.0,0,0,0,0,0,0
5,upsert,3,L0000,2560,0,1787894805.4546719,0.003412485122680664,6,2,5,1787894805.4512594,alphamed,agg_full@rho0.8,0,0.55,0.0,4,0.8,agg_full,1787894805.4512432,0,2560,,0,0,0,0,0,0,0,2,2,0.0032295584678649902,0;1;1;0,8,0,1,1,0,1,0,2,42,42,21.124311208724976,,3,3,3,3,1,1,0,0,0,0.0,0.0,0.0,3.412485122680664,0.0,2078.772408,2080.0,0,0,0,0,0,0
6,upsert,1,L0002,2048,0,1787894805.4547448,0.0033185482025146484,7,0,6,1787894805.4514263,alphamed,agg_full@rho0.8,0,0.55,0.0,4,0.8,agg_full,1787894805.4514143,0,2048,,0,0,0,0,0,0,0,1,3,0.0032295584678649902,0;0;1;0,8,0,0,,,,0,1,,,,,,,,,,,,,,,,,,,,,,,,,,
7,upsert,2,L0028,2048,0,1787894805.4547904,0.0032224655151367188,8,1,7,1787894805.451568,alphamed,agg_full@rho0.8,0,0.55,0.0,4,0.8,agg_full,1787894805.451557,0,2048,,0,0,0,0,0,0,0,1,4,0.0032295584678649902,0;0;0;0,8,0,1,0,0,1,0,0,55,55,30.746059894561768,,2,2,2,2,0,0,0,0,0,0.0,0.0,0.0,3.2224655151367188,0.0,967.197769,2080.0,0,0,0,0,0,0
8,upsert,0,L0040,2048,0,1787894807.6074715,0.003557920455932617,9,0,8,1787894807.6039135,alphamed,agg_full@rho0.8,0,0.55,0.0,4,0.8,agg_full,1787894807.6038897,0,2048,,0,0,0,0,0,0,0,1,1,0.0033078789710998535,0;1;1;1,12,0,0,,,,0,3,,,,,,,,,,,,,,,,,,,,,,,,,,
9,upsert,1,L0017,2048,0,1787894807.6075702,0.003360271453857422,10,0,9,1787894807.60421,alphamed,agg_full@rho0.8,0,0.55,0.0,4,0.8,agg_full,1787894807.6041932,0,2048,,0,0,0,0,0,0,0,1,2,0.0033078789710998535,0;0;1;1,12,0,0,,,,0,2,,,,,,,,,,,,,,,,,,,,,,,,,,
10,upsert,2,L0055,2048,0,1787894807.6076314,0.0032410621643066406,11,0,10,1787894807.6043904,alphamed,agg_full@rho0.8,0,0.55,0.0,4,0.8,agg_full,1787894807.604377,0,2048,,0,0,0,0,0,0,0,1,3,0.0033078789710998535,0;0;0;1,12,0,0,,,,0,1,,,,,,,,,,,,,,,,,,,,,,,,,,
11,upsert,3,L0000,3072,2560,1787894807.6076849,0.0031387805938720703,12,2,11,1787894807.604546,alphamed,agg_full@rho0.8,0,0.55,0.0,4,0.8,agg_full,1787894807.6045291,2560,512,2.1532859802246094,0,2560,2560,2048,512,2,0,3,4,0.0033078789710998535,0;0;0;0,12,0,1,1,0,1,0,0,42,42,18.971298217773438,,3,3,3,3,1,1,0,0,0,0.0,0.0,0.0,3.1387805938720703,0.0,2078.772408,2080.0,0,0,0,0,0,0
12,upsert,0,L0001,2048,0,1787894813.626473,3.8423659801483154,13,0,12,1787894809.784107,alphamed,agg_full@rho0.8,0,0.55,0.0,4,0.8,agg_full,1787894809.784083,0,2048,,0,0,0,0,0,0,0,1,1,0.003313422203063965,0;1;1;1,16,0,0,,,,0,3,,,,,,,,,,,,,,,,,,,,,,,,,,
13,upsert,2,L0047,2048,0,1787894814.8886147,5.104211807250977,14,0,13,1787894809.7844028,alphamed,agg_full@rho0.8,0,0.55,0.0,4,0.8,agg_full,1787894809.7843864,0,2048,,0,0,0,0,0,0,0,1,2,0.003313422203063965,0;1;0;1,16,0,0,,,,0,2,,,,,,,,,,,,,,,,,,,,,,,,,,
14,upsert,1,L0058,2048,0,1787894814.888725,5.104136943817139,15,1,14,1787894809.784588,alphamed,agg_full@rho0.8,0,0.55,0.0,4,0.8,agg_full,1787894809.7845755,0,2048,,0,0,0,0,0,0,0,1,3,0.003313422203063965,0;0;0;1,16,0,1,0,1,0,0,1,38,38,8.509541988372803,,2,1,2,1,0,1,0,2048,2048,40.96,2.0,38.96,5104.136943817139,38.96,2319.862351,2080.0,1,1,1,38.96,38.96,38.96
15,upsert,3,L0034,2048,0,1787894816.7720947,6.987346887588501,16,1,15,1787894809.7847478,alphamed,agg_full@rho0.8,0,0.55,0.0,4,0.8,agg_full,1787894809.7847362,0,2048,,0,0,0,0,0,0,0,1,4,0.003313422203063965,0;0;0;0,16,0,1,0,1,0,0,0,50,50,14.7921142578125,,2,3,2,3,0,1,0,2048,2048,40.96,2.0,38.96,6987.346887588501,38.96,3963.360981,2080.0,1,1,1,38.96,38.96,38.96
16,upsert,3,L0023,2560,2048,1787894822.577896,10.801816701889038,17,2,16,1787894811.7760794,alphamed,agg_full@rho0.8,0,0.55,0.0,4,0.8,agg_full,1787894811.7760534,2048,512,9.09862470626831,0,2048,2048,0,2048,1,0,2,5,0.003313422203063965,0;1;0;2,23,0,1,0,0,1,0,3,46,46,6.902108907699585,,3,3,3,3,0,0,2048,2560,512,10.24,0.0,10.24,10801.816701889038,10.24,114.366471,2080.0,0,0,0,0,0,0
17,upsert,3,L0000,2048,3072,1787894822.5780194,10.801651000976562,18,2,17,1787894811.7763684,alphamed,agg_full@rho0.8,0,0.55,0.0,4,0.8,agg_full,1787894811.7763507,3072,-1024,4.171821594238281,0,3072,3072,2048,1024,2,0,5,6,0.003313422203063965,0;1;0;1,23,0,1,1,0,1,0,2,42,42,4.0009636878967285,,3,3,3,3,1,1,0,0,0,0.0,0.0,0.0,10801.651000976562,0.0,2078.772408,2080.0,0,0,0,0,0,0
18,upsert,3,L0000,2560,2048,1787894822.5780854,10.80153203010559,19,2,18,1787894811.7765534,alphamed,agg_full@rho0.8,0,0.55,0.0,4,0.8,agg_full,1787894811.7765388,2048,512,0.0001881122589111328,0,3072,3072,2048,1024,2,0,5,7,0.003313422203063965,0;1;0;0,23,1,1,0,1,0,0,1,42,42,4.000897645950317,,0,3,0,3,0,1,2048,2560,512,10.24,2.0,8.24,10801.53203010559,8.24,2078.772408,2080.0,1,1,1,8.24,8.24,8.24
19,upsert,1,L0046,2048,0,1787894828.8885705,17.111857652664185,20,1,19,1787894811.776713,alphamed,agg_full@rho0.8,0,0.55,0.0,4,0.8,agg_full,1787894811.7767,0,2048,,0,0,0,0,0,0,0,1,8,0.003313422203063965,0;0;0;0,23,0,1,0,1,0,0,0,58,58,9.383607387542725,,0,1,0,1,0,2,0,2048,2048,40.96,4.0,36.96,17111.857652664185,36.96,4008.539411,2080.0,1,1,1,36.96,36.96,36.96
20,upsert,2,L0006,2560,2048,1787894828.888697,14.973387479782104,21,0,20,1787894813.9153094,alphamed,agg_full@rho0.8,0,0.55,0.0,4,0.8,agg_full,1787894813.9152827,2048,512,11.23805046081543,0,2048,2048,0,2048,1,0,2,8,0.29862515742962176,1;1;0;1,29,0,0,,,,0,3,,,,,,,,,,,,,,,,,,,,,,,,,,
21,upsert,1,L0012,2048,0,1787894828.8887665,14.973184823989868,22,0,21,1787894813.9155817,alphamed,agg_full@rho0.8,0,0.55,0.0,4,0.8,agg_full,1787894813.9155655,0,2048,,0,0,0,0,0,0,0,1,9,0.29862515742962176,1;0;0;1,29,0,0,,,,0,2,,,,,,,,,,,,,,,,,,,,,,,,,,
22,upsert,3,L0000,3072,2560,1787894828.888823,14.97305417060852,23,1,22,1787894813.9157689,alphamed,agg_full@rho0.8,0,0.55,0.0,4,0.8,agg_full,1787894813.9157534,2560,512,2.139214515686035,0,3072,3072,2048,1024,2,0,6,10,0.29862515742962176,1;0;0;0,29,1,1,0,0,1,0,1,60,60,14.292028665542603,,3,3,3,3,0,0,0,0,0,0.0,0.0,0.0,14973.05417060852,0.0,252.575665,2608.0,0,0,0,0,0,0
23,upsert,0,L0059,2048,0,1787894828.8888721,14.9729323387146,24,0,23,1787894813.9159398,alphamed,agg_full@rho0.8,0,0.55,0.0,4,0.8,agg_full,1787894813.915927,0,2048,,0,0,0,0,0,0,0,1,11,0.29862515742962176,0;0;0;0,29,0,0,,,,0,0,,,,,,,,,,,,,,,,,,,,,,,,,,
24,upsert,1,L0014,2560,2048,1787894828.8889225,11.728349208831787,25,1,24,1787894817.1605732,alphamed,agg_full@rho0.8,0,0.55,0.0,4,0.8,agg_full,1787894817.1605468,2048,512,14.483200550079346,0,2048,2048,0,2048,1,0,2,9,1.3173639178276062,2;0;1;0,35,0,1,0,0,1,0,3,57,57,9.383192777633667,,1,1,1,1,1,1,2048,2560,512,10.24,0.0,10.24,11728.349208831787,10.24,4009.123728,2608.0,0,0,0,0,0,0
25,upsert,2,L0012,2560,0,1787894828.8889525,11.728099584579468,26,0,25,1787894817.160853,alphamed,agg_full@rho0.8,0,0.55,0.0,4,0.8,agg_full,1787894817.1608367,0,2560,,0,0,0,0,0,0,0,2,10,1.3173639178276062,2;0;0;0,35,0,0,,,,0,2,,,,,,,,,,,,,,,,,,,,,,,,,,
26,upsert,0,L0029,2048,0,1787894828.8889782,11.727936029434204,27,0,26,1787894817.1610422,alphamed,agg_full@rho0.8,0,0.55,0.0,4,0.8,agg_full,1787894817.1610284,0,2048,,0,0,0,0,0,0,0,1,11,1.3173639178276062,1;0;0;0,35,0,0,,,,0,1,,,,,,,,,,,,,,,,,,,,,,,,,,
27,upsert,0,L0001,2560,2048,1787894835.548789,18.3875629901886,28,0,27,1787894817.161226,alphamed,agg_full@rho0.8,0,0.55,0.0,4,0.8,agg_full,1787894817.1612105,2048,512,7.377127647399902,0,2048,2048,0,2048,1,0,2,12,1.3173639178276062,0;0;0;0,35,0,0,,,,0,0,,,,,,,,,,,,,,,,,,,,,,,,,,
28,upsert,3,L0030,2048,0,1787894835.5488648,15.505934476852417,29,0,28,1787894820.0429304,alphamed,agg_full@rho0.8,0,0.55,0.0,4,0.8,agg_full,1787894820.0429065,0,2048,,0,0,0,0,0,0,0,1,13,1.3173639178276062,1;1;1;0,39,0,0,,,,0,3,,,,,,,,,,,,,,,,,,,,,,,,,,
29,upsert,0,L0010,2048,0,1787894835.5489073,15.505656242370605,30,0,29,1787894820.043251,alphamed,agg_full@rho0.8,0,0.55,0.0,4,0.8,agg_full,1787894820.043235,0,2048,,0,0,0,0,0,0,0,1,14,1.3173639178276062,0;1;1;0,39,0,0,,,,0,2,,,,,,,,,,,,,,,,,,,,,,,,,,
30,upsert,2,L0009,2048,0,1787894835.5489426,15.505486965179443,31,0,30,1787894820.0434556,alphamed,agg_full@rho0.8,0,0.55,0.0,4,0.8,agg_full,1787894820.043441,0,2048,,0,0,0,0,0,0,0,1,15,1.3173639178276062,0;1;0;0,39,0,0,,,,0,1,,,,,,,,,,,,,,,,,,,,,,,,,,
31,upsert,1,L0029,2560,0,1787894838.5585587,18.514929056167603,32,0,31,1787894820.0436296,alphamed,agg_full@rho0.8,0,0.55,0.0,4,0.8,agg_full,1787894820.0436177,0,2560,,0,0,0,0,0,0,0,2,16,1.3173639178276062,0;0;0;0,39,0,0,,,,0,0,,,,,,,,,,,,,,,,,,,,,,,,,,
32,upsert,3,L0003,2048,0,1787894838.5586329,15.162160873413086,33,0,32,1787894823.396472,alphamed,agg_full@rho0.8,0,0.55,0.0,4,0.8,agg_full,1787894823.3964493,0,2048,,0,0,0,0,0,0,0,1,14,2.8148853904322575,0;1;1;1,44,0,0,,,,0,3,,,,,,,,,,,,,,,,,,,,,,,,,,
33,upsert,1,L0005,2048,0,1787894838.5586743,15.161722183227539,34,0,33,1787894823.3969522,alphamed,agg_full@rho0.8,0,0.55,0.0,4,0.8,agg_full,1787894823.3969357,0,2048,,0,0,0,0,0,0,0,1,15,2.8148853904322575,0;0;1;1,44,0,0,,,,0,2,,,,,,,,,,,,,,,,,,,,,,,,,,
34,upsert,2,L0027,2048,0,1787894838.5587056,15.161369323730469,35,0,34,1787894823.3973362,alphamed,agg_full@rho0.8,0,0.55,0.0,4,0.8,agg_full,1787894823.3973234,0,2048,,0,0,0,0,0,0,0,1,16,2.8148853904322575,0;0;0;1,44,0,0,,,,0,1,,,,,,,,,,,,,,,,,,,,,,,,,,
35,upsert,3,L0023,3072,2560,1787894838.5587342,15.161042213439941,36,1,35,1787894823.397692,alphamed,agg_full@rho0.8,0,0.55,0.0,4,0.8,agg_full,1787894823.3976758,2560,512,11.621622323989868,0,2560,2560,0,2560,1,0,3,17,2.8148853904322575,0;0;0;0,44,0,1,0,0,1,0,0,63,63,4.62226939201355,,3,3,3,3,1,1,2560,3072,512,10.24,0.0,10.24,15161.042213439941,10.24,472.475367,2608.0,0,0,0,0,0,0
36,upsert,0,L0029,3072,2048,1787894838.5587628,11.98167634010315,37,0,36,1787894826.5770864,alphamed,agg_full@rho0.8,0,0.55,0.0,4,0.8,agg_full,1787894826.5770588,2048,1024,9.416030406951904,0,0,0,0,0,0,0,3,18,2.8148853904322575,0;2;1;0,49,1,0,,,,0,3,,,,,,,,,,,,,,,,,,,,,,,,,,
37,upsert,1,L0056,2048,0,1787894838.558788,11.981114864349365,38,1,37,1787894826.5776732,alphamed,agg_full@rho0.8,0,0.55,0.0,4,0.8,agg_full,1787894826.577656,0,2048,,0,0,0,0,0,0,0,1,19,2.8148853904322575,0;1;1;0,49,0,1,0,1,0,0,2,61,61,4.622125864028931,,2,1,2,1,0,0,0,2048,2048,40.96,0.0,40.96,11981.114864349365,40.96,757.551001,2080.0,1,1,1,40.96,40.96,40.96
38,upsert,1,L0058,2560,2048,1787894848.0148647,21.436810731887817,39,0,38,1787894826.578054,alphamed,agg_full@rho0.8,0,0.55,0.0,4,0.8,agg_full,1787894826.5780363,2048,512,16.793460845947266,0,2048,2048,0,2048,1,0,2,20,2.8148853904322575,0;0;1;0,49,0,0,,,,0,1,,,,,,,,,,,,,,,,,,,,,,,,,,
39,upsert,2,L0030,2560,0,1787894848.014969,21.43651056289673,40,0,39,1787894826.5784585,alphamed,agg_full@rho0.8,0,0.55,0.0,4,0.8,agg_full,1787894826.5784445,0,2560,,0,0,0,0,0,0,0,2,21,2.8148853904322575,0;0;0;0,49,0,0,,,,0,0,,,,,,,,,,,,,,,,,,,,,,,,,,
40,upsert,1,L0036,2048,0,1787894848.015033,18.536800861358643,41,0,40,1787894829.4782321,alphamed,agg_full@rho0.8,0,0.55,0.0,4,0.8,agg_full,1787894829.4782088,0,2048,,0,0,0,0,0,0,0,2,14,6.1359860632154675,0;0;1;2,54,0,0,,,,0,3,,,,,,,,,,,,,,,,,,,,,,,,,,
41,upsert,3,L0011,2048,0,1787894848.015071,18.536354780197144,42,0,41,1787894829.4787161,alphamed,agg_full@rho0.8,0,0.55,0.0,4,0.8,agg_full,1787894829.4787,0,2048,,0,0,0,0,0,0,0,1,15,6.1359860632154675,0;0;1;1,54,0,0,,,,0,2,,,,,,,,,,,,,,,,,,,,,,,,,,
42,upsert,3,L0000,2048,3072,1787894848.015099,18.535996675491333,43,0,42,1787894829.4791024,alphamed,agg_full@rho0.8,0,0.55,0.0,4,0.8,agg_full,1787894829.4790852,3072,-1024,15.563331842422485,0,3072,3072,2048,1024,2,0,7,16,6.1359860632154675,0;0;1;0,54,0,0,,,,0,1,,,,,,,,,,,,,,,,,,,,,,,,,,
43,upsert,2,L0036,2560,0,1787894848.0151272,18.53564763069153,44,0,43,1787894829.4794796,alphamed,agg_full@rho0.8,0,0.55,0.0,4,0.8,agg_full,1787894829.4794664,0,2560,,0,0,0,0,0,0,0,2,17,6.1359860632154675,0;0;0;0,54,0,0,,,,0,0,,,,,,,,,,,,,,,,,,,,,,,,,,
44,upsert,2,L0004,2048,0,1787894848.015152,16.452757358551025,45,0,44,1787894831.5623946,alphamed,agg_full@rho0.8,0,0.55,0.0,4,0.8,agg_full,1787894831.5623703,0,2048,,0,0,0,0,0,0,0,1,18,6.1359860632154675,1;1;0;1,59,0,0,,,,0,3,,,,,,,,,,,,,,,,,,,,,,,,,,
45,upsert,1,L0038,2048,0,1787894848.0151958,16.452301263809204,46,0,45,1787894831.5628946,alphamed,agg_full@rho0.8,0,0.55,0.0,4,0.8,agg_full,1787894831.5628774,0,2048,,0,0,0,0,0,0,0,1,19,6.1359860632154675,1;0;0;1,59,0,0,,,,0,2,,,,,,,,,,,,,,,,,,,,,,,,,,
46,upsert,3,L0023,2048,3072,1787894848.0152209,16.451920747756958,47,0,46,1787894831.5633001,alphamed,agg_full@rho0.8,0,0.55,0.0,4,0.8,agg_full,1787894831.5632813,3072,-1024,8.165605545043945,0,2560,2560,0,2560,1,0,4,20,6.1359860632154675,1;0;0;0,59,1,0,,,,0,1,,,,,,,,,,,,,,,,,,,,,,,,,,
47,upsert,0,L0018,2048,0,1787894848.0152464,16.451563119888306,48,0,47,1787894831.5636833,alphamed,agg_full@rho0.8,0,0.55,0.0,4,0.8,agg_full,1787894831.5636652,0,2048,,0,0,0,0,0,0,0,1,21,6.1359860632154675,0;0;0;0,59,0,0,,,,0,0,,,,,,,,,,,,,,,,,,,,,,,,,,
48,upsert,3,L0010,2560,0,1787894855.6070938,19.408199548721313,49,0,48,1787894836.1988943,alphamed,agg_full@rho0.8,0,0.55,0.0,4,0.8,agg_full,1787894836.1988704,0,2560,,0,0,2048,0,2048,1,0,2,18,7.4379440123035065,1;0;1;1,64,0,0,,,,0,3,,,,,,,,,,,,,,,,,,,,,,,,,,
49,upsert,0,L0005,2560,0,1787894855.6071858,19.407715559005737,50,0,49,1787894836.1994703,alphamed,agg_full@rho0.8,0,0.55,0.0,4,0.8,agg_full,1787894836.1994534,0,2560,,0,0,0,0,0,0,0,2,19,7.4379440123035065,0;0;1;1,64,0,0,,,,0,2,,,,,,,,,,,,,,,,,,,,,,,,,,
50,upsert,3,L0034,2560,2048,1787894855.6072252,19.407325744628906,51,0,50,1787894836.1998994,alphamed,agg_full@rho0.8,0,0.55,0.0,4,0.8,agg_full,1787894836.1998825,2048,512,26.415146350860596,0,2048,2048,0,2048,1,0,2,20,7.4379440123035065,0;0;1;0,64,0,0,,,,0,1,,,,,,,,,,,,,,,,,,,,,,,,,,
51,upsert,2,L0044,2048,0,1787894855.6072578,19.406943798065186,52,0,51,1787894836.200314,alphamed,agg_full@rho0.8,0,0.55,0.0,4,0.8,agg_full,1787894836.2003002,0,2048,,0,0,0,0,0,0,0,1,21,7.4379440123035065,0;0;0;0,64,0,0,,,,0,0,,,,,,,,,,,,,,,,,,,,,,,,,,
52,upsert,0,L0062,2048,0,1787894855.6072884,17.337011098861694,53,0,52,1787894838.2702773,alphamed,agg_full@rho0.8,0,0.55,0.0,4,0.8,agg_full,1787894838.270254,0,2048,,0,0,0,0,0,0,0,1,22,7.4379440123035065,0;1;1;1,69,0,0,,,,0,3,,,,,,,,,,,,,,,,,,,,,,,,,,
53,upsert,3,L0011,2560,2048,1787894855.6073134,17.336521863937378,54,0,53,1787894838.2707915,alphamed,agg_full@rho0.8,0,0.55,0.0,4,0.8,agg_full,1787894838.2707717,2048,512,8.79207181930542,0,0,0,0,0,0,0,2,23,7.4379440123035065,0;1;1;0,69,1,0,,,,0,2,,,,,,,,,,,,,,,,,,,,,,,,,,
54,upsert,1,L0031,2048,0,1787894855.6073382,17.336106538772583,55,0,54,1787894838.2712317,alphamed,agg_full@rho0.8,0,0.55,0.0,4,0.8,agg_full,1787894838.2712169,0,2048,,0,0,0,0,0,0,0,1,24,7.4379440123035065,0;0;1;0,69,0,0,,,,0,1,,,,,,,,,,,,,,,,,,,,,,,,,,
55,upsert,2,L0028,2560,2048,1787894855.607363,17.33576273918152,56,0,55,1787894838.2716002,alphamed,agg_full@rho0.8,0,0.55,0.0,4,0.8,agg_full,1787894838.2715845,2048,512,32.820027589797974,0,2048,2048,0,2048,1,0,2,25,7.4379440123035065,0;0;0;0,69,0,0,,,,0,0,,,,,,,,,,,,,,,,,,,,,,,,,,
56,upsert,1,L0016,2048,0,1787894863.781799,20.60281801223755,57,0,56,1787894843.178981,alphamed,agg_full@rho0.8,0,0.55,0.0,4,0.8,agg_full,1787894843.178958,0,2048,,0,0,0,0,0,0,0,1,19,10.427511163055897,0;2;0;1,75,0,0,,,,0,3,,,,,,,,,,,,,,,,,,,,,,,,,,
57,upsert,1,L0014,3072,2560,1787894863.781876,20.602359533309937,58,0,57,1787894843.1795166,alphamed,agg_full@rho0.8,0,0.55,0.0,4,0.8,agg_full,1787894843.1794975,2560,512,26.018950700759888,0,2560,2560,0,2560,1,0,3,20,10.427511163055897,0;1;0;1,75,0,0,,,,0,2,,,,,,,,,,,,,,,,,,,,,,,,,,
58,upsert,1,L0046,2560,2048,1787894863.7819161,20.60192346572876,59,0,58,1787894843.1799927,alphamed,agg_full@rho0.8,0,0.55,0.0,4,0.8,agg_full,1787894843.1799767,2048,512,31.403276681900024,0,2048,2048,0,2048,1,0,2,21,10.427511163055897,0;0;0;1,75,0,0,,,,0,1,,,,,,,,,,,,,,,,,,,,,,,,,,
59,upsert,3,L0042,2048,0,1787894863.781963,20.60153865814209,60,0,59,1787894843.1804245,alphamed,agg_full@rho0.8,0,0.55,0.0,4,0.8,agg_full,1787894843.1804106,0,2048,,0,0,0,0,0,0,0,1,22,10.427511163055897,0;0;0;0,75,0,0,,,,0,0,,,,,,,,,,,,,,,,,,,,,,,,,,
60,upsert,3,L0000,2560,2048,1787894863.781992,18.369704723358154,61,0,60,1787894845.4122872,alphamed,agg_full@rho0.8,0,0.55,0.0,4,0.8,agg_full,1787894845.4122593,2048,512,15.933174133300781,0,3072,3072,2048,1024,2,0,8,23,10.427511163055897,0;1;1;1,82,1,0,,,,0,3,,,,,,,,,,,,,,,,,,,,,,,,,,
61,upsert,1,L0056,2560,2048,1787894863.782018,18.36915946006775,62,0,61,1787894845.4128585,alphamed,agg_full@rho0.8,0,0.55,0.0,4,0.8,agg_full,1787894845.4128385,2048,512,18.835182428359985,0,2048,2048,0,2048,1,0,2,24,10.427511163055897,0;0;1;1,82,0,0,,,,0,2,,,,,,,,,,,,,,,,,,,,,,,,,,
62,upsert,2,L0063,2048,0,1787894863.7820437,18.368725776672363,63,0,62,1787894845.413318,alphamed,agg_full@rho0.8,0,0.55,0.0,4,0.8,agg_full,1787894845.4133034,0,2048,,0,0,0,0,0,0,0,1,25,10.427511163055897,0;0;0;1,82,0,0,,,,0,1,,,,,,,,,,,,,,,,,,,,,,,,,,
63,upsert,3,L0023,2560,2048,1787894863.7820718,18.368369340896606,64,0,63,1787894845.4137025,alphamed,agg_full@rho0.8,0,0.55,0.0,4,0.8,agg_full,1787894845.4136875,2048,512,13.850406169891357,0,3072,3072,0,3072,1,0,5,26,10.427511163055897,0;0;0;0,82,1,0,,,,0,0,,,,,,,,,,,,,,,,,,,,,,,,,,
64,upsert,2,L0067,2048,0,1787894863.7820964,16.142153024673462,65,0,64,1787894847.6399434,alphamed,agg_full@rho0.8,0,0.55,0.0,4,0.8,agg_full,1787894847.6399205,0,2048,,0,0,0,0,0,0,0,1,27,10.427511163055897,1;1;0;1,86,0,0,,,,0,3,,,,,,,,,,,,,,,,,,,,,,,,,,
65,upsert,3,L0072,2048,0,1787894863.7821214,16.14162826538086,66,1,65,1787894847.6404932,alphamed,agg_full@rho0.8,0,0.55,0.0,4,0.8,agg_full,1787894847.6404767,0,2048,,0,0,0,0,0,0,0,1,28,10.427511163055897,1;1;0;0,86,0,1,0,0,1,0,2,124,124,21.50722074508667,,1,1,1,1,0,0,2560,2560,0,0.0,0.0,0.0,16141.62826538086,0.0,1089.844957,2608.0,0,0,0,0,0,0
66,upsert,0,L0121,2048,0,1787894863.7821462,16.141252040863037,67,0,66,1787894847.6408942,alphamed,agg_full@rho0.8,0,0.55,0.0,4,0.8,agg_full,1787894847.6408792,0,2048,,0,0,0,0,0,0,0,1,29,10.427511163055897,0;1;0;0,86,0,0,,,,0,1,,,,,,,,,,,,,,,,,,,,,,,,,,
67,upsert,1,L0091,2048,0,1787894863.7821927,16.14091420173645,68,1,67,1787894847.6412785,alphamed,agg_full@rho0.8,0,0.55,0.0,4,0.8,agg_full,1787894847.6412652,0,2048,,0,0,0,0,0,0,0,1,30,10.427511163055897,0;0;0;0,86,0,1,0,1,0,0,0,96,96,1.2381865978240967,,2,1,2,1,0,0,0,2048,2048,40.96,0.0,40.96,16140.91420173645,40.96,814.398394,2080.0,1,1,1,40.96,40.96,40.96
68,upsert,2,L0083,2048,0,1787894875.082754,25.171025037765503,69,0,68,1787894849.9117289,alphamed,agg_full@rho0.8,0,0.55,0.0,4,0.8,agg_full,1787894849.9117062,0,2048,,0,0,0,0,0,0,0,1,21,15.482785008847713,1;1;0;1,90,0,0,,,,0,3,,,,,,,,,,,,,,,,,,,,,,,,,,
69,upsert,0,L0124,2048,0,1787894875.0828326,25.170567274093628,70,0,69,1787894849.9122653,alphamed,agg_full@rho0.8,0,0.55,0.0,4,0.8,agg_full,1787894849.9122486,0,2048,,0,0,0,0,0,0,0,1,22,15.482785008847713,0;1;0;1,90,0,0,,,,0,2,,,,,,,,,,,,,,,,,,,,,,,,,,
70,upsert,1,L0076,2048,0,1787894875.0828743,25.170205116271973,71,0,70,1787894849.9126692,alphamed,agg_full@rho0.8,0,0.55,0.0,4,0.8,agg_full,1787894849.9126544,0,2048,,0,0,0,0,0,0,0,1,23,15.482785008847713,0;0;0;1,90,0,0,,,,0,1,,,,,,,,,,,,,,,,,,,,,,,,,,
71,upsert,3,L0077,2048,0,1787894875.0829077,25.169869661331177,72,0,71,1787894849.913038,alphamed,agg_full@rho0.8,0,0.55,0.0,4,0.8,agg_full,1787894849.9130263,0,2048,,0,0,0,0,0,0,0,1,24,15.482785008847713,0;0;0;0,90,0,0,,,,0,0,,,,,,,,,,,,,,,,,,,,,,,,,,
72,upsert,2,L0081,2048,0,1787894875.0829506,22.844806909561157,73,0,72,1787894852.2381437,alphamed,agg_full@rho0.8,0,0.55,0.0,4,0.8,agg_full,1787894852.2381186,0,2048,,0,0,0,0,0,0,0,2,25,15.482785008847713,1;1;0;1,94,0,0,,,,0,3,,,,,,,,,,,,,,,,,,,,,,,,,,
73,upsert,1,L0106,2048,0,1787894875.082977,22.844284534454346,74,0,73,1787894852.2386925,alphamed,agg_full@rho0.8,0,0.55,0.0,4,0.8,agg_full,1787894852.2386756,0,2048,,0,0,0,0,0,0,0,1,26,15.482785008847713,1;0;0;1,94,0,0,,,,0,2,,,,,,,,,,,,,,,,,,,,,,,,,,
74,upsert,0,L0081,2560,0,1787894875.0830019,22.843907117843628,75,0,74,1787894852.2390947,alphamed,agg_full@rho0.8,0,0.55,0.0,4,0.8,agg_full,1787894852.2390814,0,2560,,0,0,0,0,0,0,0,2,27,15.482785008847713,0;0;0;1,94,0,0,,,,0,1,,,,,,,,,,,,,,,,,,,,,,,,,,
75,upsert,3,L0094,2048,0,1787894875.0830255,22.84351086616516,76,1,75,1787894852.2395146,alphamed,agg_full@rho0.8,0,0.55,0.0,4,0.8,agg_full,1787894852.2395015,0,2048,,0,0,0,0,0,0,0,1,28,15.482785008847713,0;0;0;0,94,0,1,0,0,1,0,0,120,120,7.41533637046814,,3,3,3,3,0,0,0,0,0,0.0,0.0,0.0,22843.51086616516,0.0,1936.540926,2080.0,0,0,0,0,0,0
76,upsert,2,L0075,2048,0,1787894875.083052,20.495925426483154,77,1,76,1787894854.5871265,alphamed,agg_full@rho0.8,0,0.55,0.0,4,0.8,agg_full,1787894854.587103,0,2048,,0,0,0,0,0,0,0,1,29,15.482785008847713,1;1;0;1,98,0,1,0,1,0,0,3,126,126,10.206404685974121,,0,2,0,2,0,0,0,2048,2048,40.96,0.0,40.96,20495.925426483154,40.96,1778.626512,2080.0,1,1,1,40.96,40.96,40.96
77,upsert,3,L0069,2048,0,1787894875.0830793,20.495387315750122,78,3,77,1787894854.587692,alphamed,agg_full@rho0.8,0,0.55,0.0,4,0.8,agg_full,1787894854.587675,0,2048,,0,0,0,0,0,0,0,1,30,15.482785008847713,1;1;0;0,98,0,1,0,1,0,0,2,113,113,0.8941028118133545,,0,3,0,3,0,1,0,2048,2048,40.96,2.0,38.96,20495.387315750122,38.96,3601.552293,2080.0,1,2,2,38.96,79.92,79.92
78,upsert,0,L0068,2048,0,1787894875.0831027,20.495003938674927,79,1,78,1787894854.5880988,alphamed,agg_full@rho0.8,0,0.55,0.0,4,0.8,agg_full,1787894854.588085,0,2048,,0,0,0,0,0,0,0,1,31,15.482785008847713,0;1;0;0,98,0,1,0,1,0,0,1,116,116,5.181023597717285,,1,0,1,0,0,0,0,2048,2048,40.96,0.0,40.96,20495.003938674927,40.96,283.288596,2608.0,1,1,1,40.96,40.96,40.96
79,upsert,1,L0065,2048,0,1787894875.0831275,20.49464249610901,80,1,79,1787894854.588485,alphamed,agg_full@rho0.8,0,0.55,0.0,4,0.8,agg_full,1787894854.5884721,0,2048,,0,0,0,0,0,0,0,1,32,15.482785008847713,0;0;0;0,98,0,1,0,1,0,0,0,114,114,0.8941073417663574,,2,1,2,1,0,0,0,2048,2048,40.96,0.0,40.96,20494.64249610901,40.96,822.719324,2080.0,1,1,1,40.96,40.96,40.96
80,upsert,2,L0104,2048,0,1787894885.10224,27.717981100082397,81,0,80,1787894857.384259,alphamed,agg_full@rho0.8,0,0.55,0.0,4,0.8,agg_full,1787894857.3842342,0,2048,,0,0,0,0,0,0,0,1,25,16.656727842986584,1;1;0;1,102,0,0,,,,0,3,,,,,,,,,,,,,,,,,,,,,,,,,,
81,upsert,0,L0121,2560,2048,1787894885.1023476,27.71757221221924,82,0,81,1787894857.3847754,alphamed,agg_full@rho0.8,0,0.55,0.0,4,0.8,agg_full,1787894857.3847551,2048,512,9.743875980377197,0,0,0,0,0,0,0,2,26,16.656727842986584,0;1;0;1,102,1,0,,,,0,2,,,,,,,,,,,,,,,,,,,,,,,,,,
82,upsert,1,L0086,2048,0,1787894885.1024113,27.717182636260986,83,0,82,1787894857.3852286,alphamed,agg_full@rho0.8,0,0.55,0.0,4,0.8,agg_full,1787894857.3852139,0,2048,,0,0,0,0,0,0,0,1,27,16.656727842986584,0;0;0;1,102,0,0,,,,0,1,,,,,,,,,,,,,,,,,,,,,,,,,,
83,upsert,3,L0068,2560,0,1787894885.1024668,27.71686553955078,84,0,83,1787894857.3856013,alphamed,agg_full@rho0.8,0,0.55,0.0,4,0.8,agg_full,1787894857.3855884,0,2560,,0,0,0,0,0,0,0,2,28,16.656727842986584,0;0;0;0,102,0,0,,,,0,0,,,,,,,,,,,,,,,,,,,,,,,,,,
84,upsert,2,L0094,2560,0,1787894885.102501,24.69827389717102,85,0,84,1787894860.404227,alphamed,agg_full@rho0.8,0,0.55,0.0,4,0.8,agg_full,1787894860.4042025,0,2560,,0,0,0,0,0,0,0,2,29,16.656727842986584,1;1;0;1,106,0,0,,,,0,3,,,,,,,,,,,,,,,,,,,,,,,,,,
85,upsert,1,L0072,2560,0,1787894885.1025286,24.69774031639099,86,1,85,1787894860.4047883,alphamed,agg_full@rho0.8,0,0.55,0.0,4,0.8,agg_full,1787894860.4047694,0,2560,,0,0,0,0,0,0,0,2,30,16.656727842986584,1;0;0;1,106,0,1,0,1,0,0,2,124,124,0.1868135929107666,,3,1,3,1,0,0,2048,2560,512,10.24,0.0,10.24,24697.74031639099,10.24,1089.844957,2608.0,1,1,1,10.24,10.24,10.24
86,upsert,0,L0103,2048,0,1787894885.102553,24.697317838668823,87,0,86,1787894860.405235,alphamed,agg_full@rho0.8,0,0.55,0.0,4,0.8,agg_full,1787894860.4052203,0,2048,,0,0,0,0,0,0,0,1,31,16.656727842986584,0;0;0;1,106,0,0,,,,0,1,,,,,,,,,,,,,,,,,,,,,,,,,,
87,upsert,3,L0067,2560,0,1787894885.102576,24.69696831703186,88,0,87,1787894860.4056077,alphamed,agg_full@rho0.8,0,0.55,0.0,4,0.8,agg_full,1787894860.4055948,0,2560,,0,0,0,0,0,0,0,2,32,16.656727842986584,0;0;0;0,106,0,0,,,,0,0,,,,,,,,,,,,,,,,,,,,,,,,,,
88,upsert,2,L0064,2048,0,1787894885.1025996,22.57852816581726,89,0,88,1787894862.5240715,alphamed,agg_full@rho0.8,0,0.55,0.0,4,0.8,agg_full,1787894862.5240476,0,2048,,0,0,0,0,0,0,0,1,33,16.656727842986584,1;1;0;1,110,0,0,,,,0,3,,,,,,,,,,,,,,,,,,,,,,,,,,
89,upsert,3,L0088,2048,0,1787894885.1026247,22.578009605407715,90,0,89,1787894862.524615,alphamed,agg_full@rho0.8,0,0.55,0.0,4,0.8,agg_full,1787894862.524599,0,2048,,0,0,0,0,0,0,0,1,34,16.656727842986584,1;1;0;0,110,0,0,,,,0,2,,,,,,,,,,,,,,,,,,,,,,,,,,
90,upsert,0,L0100,2048,0,1787894885.1026478,22.577635765075684,91,0,90,1787894862.525012,alphamed,agg_full@rho0.8,0,0.55,0.0,4,0.8,agg_full,1787894862.5249982,0,2048,,0,0,0,0,0,0,0,1,35,16.656727842986584,0;1;0;0,110,0,0,,,,0,1,,,,,,,,,,,,,,,,,,,,,,,,,,
91,upsert,1,L0076,2560,2048,1787894885.1026714,22.577277421951294,92,0,91,1787894862.525394,alphamed,agg_full@rho0.8,0,0.55,0.0,4,0.8,agg_full,1787894862.5253763,2048,512,12.612721920013428,0,0,0,0,0,0,0,2,36,16.656727842986584,0;0;0;0,110,1,0,,,,0,0,,,,,,,,,,,,,,,,,,,,,,,,,,
0,upsert,0,L0048,2048,0,1787894920.597323,24.47542095184326,1,0,0,1787894896.121902,alphamed,agg_static@rho0.8,0,0.55,0.0,4,0.8,agg_static,1787894896.121877,0,2048,,0,0,0,0,0,0,0,1,1,,0;1;1;1,4,0,0,,,,0,3,,,,,,,,,,,,,,,,,,,,,,,,,,
1,upsert,2,L0006,2048,0,1787894921.2545397,25.132484912872314,2,0,1,1787894896.1220548,alphamed,agg_static@rho0.8,0,0.55,0.0,4,0.8,agg_static,1787894896.1220412,0,2048,,0,0,0,0,0,0,0,1,2,,0;1;0;1,4,0,0,,,,0,2,,,,,,,,,,,,,,,,,,,,,,,,,,
2,upsert,1,L0014,2048,0,1787894921.2546608,25.132476806640625,3,1,2,1787894896.122184,alphamed,agg_static@rho0.8,0,0.55,0.0,4,0.8,agg_static,1787894896.1221516,0,2048,,0,0,0,0,0,0,0,1,3,,0;0;0;1,4,0,1,0,0,1,0,1,57,57,10.899437665939331,,0,0,0,0,0,0,2560,2560,0,0.0,0.0,0.0,25132.476806640625,0.0,961.907266,2608.0,0,0,0,0,0,0
3,upsert,3,L0023,2048,0,1787894921.8595424,25.737273454666138,4,2,3,1787894896.122269,alphamed,agg_static@rho0.8,0,0.55,0.0,4,0.8,agg_static,1787894896.1222606,0,2048,,0,0,0,0,0,0,0,1,4,,0;0;0;0,4,0,1,0,1,0,0,0,46,46,2.371006727218628,,2,3,2,3,0,0,0,2048,2048,40.96,0.0,40.96,25737.273454666138,40.96,126.488229,2080.0,1,1,1,40.96,40.96,40.96
7,upsert,2,L0028,2048,0,1787894921.8596523,23.074567317962646,5,1,7,1787894898.785085,alphamed,agg_static@rho0.8,0,0.55,0.0,4,0.8,agg_static,1787894898.7850764,0,2048,,0,0,0,0,0,0,0,1,8,,0;0;0;0,8,0,1,0,0,1,0,0,55,55,7.625094890594482,,2,2,2,2,0,0,0,0,0,0.0,0.0,0.0,23074.567317962646,0.0,865.06825,2080.0,0,0,0,0,0,0
8,upsert,0,L0040,2048,0,1787894921.8597167,21.171014547348022,6,0,8,1787894900.688702,alphamed,agg_static@rho0.8,0,0.55,0.0,4,0.8,agg_static,1787894900.688677,0,2048,,0,0,0,0,0,0,0,1,9,,0;1;1;1,12,0,0,,,,0,3,,,,,,,,,,,,,,,,,,,,,,,,,,
9,upsert,1,L0017,2048,0,1787894921.859769,21.170892477035522,7,0,9,1787894900.6888766,alphamed,agg_static@rho0.8,0,0.55,0.0,4,0.8,agg_static,1787894900.6888628,0,2048,,0,0,0,0,0,0,0,1,10,,0;0;1;1,12,0,0,,,,0,2,,,,,,,,,,,,,,,,,,,,,,,,,,
10,upsert,2,L0055,2048,0,1787894921.8598187,21.170847177505493,8,0,10,1787894900.6889715,alphamed,agg_static@rho0.8,0,0.55,0.0,4,0.8,agg_static,1787894900.6889606,0,2048,,0,0,0,0,0,0,0,1,11,,0;0;0;1,12,0,0,,,,0,1,,,,,,,,,,,,,,,,,,,,,,,,,,
12,upsert,0,L0001,2048,0,1787894921.8598638,18.935208082199097,9,0,12,1787894902.9246557,alphamed,agg_static@rho0.8,0,0.55,0.0,4,0.8,agg_static,1787894902.9246309,0,2048,,0,0,0,0,0,0,0,1,13,,0;1;1;1,16,0,0,,,,0,3,,,,,,,,,,,,,,,,,,,,,,,,,,
13,upsert,2,L0047,2048,0,1787894921.8599095,18.93509078025818,10,0,13,1787894902.9248188,alphamed,agg_static@rho0.8,0,0.55,0.0,4,0.8,agg_static,1787894902.9248037,0,2048,,0,0,0,0,0,0,0,1,14,,0;1;0;1,16,0,0,,,,0,2,,,,,,,,,,,,,,,,,,,,,,,,,,
16,upsert,0,L0023,2560,0,1787894928.519702,22.764267683029175,11,1,16,1787894905.7554343,alphamed,agg_static@rho0.8,0,0.55,0.0,4,0.8,agg_static,1787894905.7554104,0,2560,,0,0,0,0,0,0,0,2,17,,0;1;1;1,20,0,1,0,1,0,0,3,63,63,7.063245058059692,,3,0,3,0,1,0,0,0,0,0.0,-2.0,2.0,22764.267683029175,2.0,265.318602,2608.0,1,1,1,2.0,2.0,2.0
20,upsert,0,L0006,2560,0,1787894928.5197787,18.87239909172058,12,0,20,1787894909.6473796,alphamed,agg_static@rho0.8,0,0.55,0.0,4,0.8,agg_static,1787894909.6473618,0,2560,,0,0,0,0,0,0,0,2,21,,0;1;1;1,24,0,0,,,,0,3,,,,,,,,,,,,,,,,,,,,,,,,,,
23,upsert,3,L0059,2048,0,1787894928.5198188,18.87226176261902,13,0,23,1787894909.647557,alphamed,agg_static@rho0.8,0,0.55,0.0,4,0.8,agg_static,1787894909.647552,0,2048,,0,0,0,0,0,0,0,1,24,,0;0;0;0,24,0,0,,,,0,0,,,,,,,,,,,,,,,,,,,,,,,,,,
21,upsert,1,L0012,2048,0,1787894928.5198505,18.872371435165405,14,0,21,1787894909.647479,alphamed,agg_static@rho0.8,0,0.55,0.0,4,0.8,agg_static,1787894909.6474721,0,2048,,0,0,0,0,0,0,0,1,22,,0;0;1;1,24,0,0,,,,0,2,,,,,,,,,,,,,,,,,,,,,,,,,,
24,upsert,0,L0014,2560,0,1787894928.519879,15.522778034210205,15,1,24,1787894912.997101,alphamed,agg_static@rho0.8,0,0.55,0.0,4,0.8,agg_static,1787894912.9970727,0,2560,,0,0,0,0,0,0,0,2,25,,0;1;1;1,28,0,1,0,1,0,0,3,57,57,3.6342194080352783,,1,0,1,0,0,0,2048,2560,512,10.24,0.0,10.24,15522.778034210205,10.24,961.907266,2608.0,1,1,1,10.24,10.24,10.24
25,upsert,2,L0012,2560,0,1787894928.5199056,15.52259874343872,16,0,25,1787894912.9973068,alphamed,agg_static@rho0.8,0,0.55,0.0,4,0.8,agg_static,1787894912.9972918,0,2560,,0,0,0,0,0,0,0,2,26,,0;1;0;1,28,0,0,,,,0,2,,,,,,,,,,,,,,,,,,,,,,,,,,
27,upsert,3,L0001,2560,0,1787894928.5199306,15.522428750991821,17,0,27,1787894912.9975019,alphamed,agg_static@rho0.8,0,0.55,0.0,4,0.8,agg_static,1787894912.997492,0,2560,,0,0,0,0,0,0,0,2,28,,0;0;0;0,28,0,0,,,,0,0,,,,,,,,,,,,,,,,,,,,,,,,,,
28,upsert,0,L0030,2048,0,1787894928.5199559,12.899214267730713,18,0,28,1787894915.6207416,alphamed,agg_static@rho0.8,0,0.55,0.0,4,0.8,agg_static,1787894915.620714,0,2048,,0,0,0,0,0,0,0,1,29,,0;1;1;1,32,0,0,,,,0,3,,,,,,,,,,,,,,,,,,,,,,,,,,
29,upsert,3,L0010,2048,0,1787894935.820774,20.199848890304565,19,0,29,1787894915.6209252,alphamed,agg_static@rho0.8,0,0.55,0.0,4,0.8,agg_static,1787894915.6209052,0,2048,,0,0,0,0,0,0,0,1,30,,0;1;1;0,32,0,0,,,,0,2,,,,,,,,,,,,,,,,,,,,,,,,,,
30,upsert,1,L0009,2048,0,1787894935.8208897,20.19984769821167,20,0,30,1787894915.621042,alphamed,agg_static@rho0.8,0,0.55,0.0,4,0.8,agg_static,1787894915.6210296,0,2048,,0,0,0,0,0,0,0,1,31,,0;0;1;0,32,0,0,,,,0,1,,,,,,,,,,,,,,,,,,,,,,,,,,
31,upsert,2,L0029,2560,0,1787894935.8209505,20.19982147216797,21,0,31,1787894915.621129,alphamed,agg_static@rho0.8,0,0.55,0.0,4,0.8,agg_static,1787894915.6211195,0,2560,,0,0,0,0,0,0,0,2,32,,0;0;0;0,32,0,0,,,,0,0,,,,,,,,,,,,,,,,,,,,,,,,,,
32,upsert,0,L0003,2048,0,1787894935.8210113,17.78710412979126,22,0,32,1787894918.0339072,alphamed,agg_static@rho0.8,0,0.55,0.0,4,0.8,agg_static,1787894918.03388,0,2048,,0,0,0,0,0,0,0,1,33,,0;1;1;1,36,0,0,,,,0,3,,,,,,,,,,,,,,,,,,,,,,,,,,
33,upsert,1,L0005,2048,0,1787894935.821047,17.786744117736816,23,0,33,1787894918.034303,alphamed,agg_static@rho0.8,0,0.55,0.0,4,0.8,agg_static,1787894918.0342863,0,2048,,0,0,0,0,0,0,0,1,34,,0;0;1;1,36,0,0,,,,0,2,,,,,,,,,,,,,,,,,,,,,,,,,,
34,upsert,2,L0027,2048,0,1787894935.8210752,17.786475658416748,24,0,34,1787894918.0345995,alphamed,agg_static@rho0.8,0,0.55,0.0,4,0.8,agg_static,1787894918.0345862,0,2048,,0,0,0,0,0,0,0,1,35,,0;0;0;1,36,0,0,,,,0,1,,,,,,,,,,,,,,,,,,,,,,,,,,
35,upsert,3,L0023,3072,2048,1787894935.8211021,17.786242723464966,25,0,35,1787894918.0348594,alphamed,agg_static@rho0.8,0,0.55,0.0,4,0.8,agg_static,1787894918.0348437,2048,1024,21.912583112716675,0,0,0,0,0,0,0,3,36,,0;0;0;0,36,1,0,,,,0,0,,,,,,,,,,,,,,,,,,,,,,,,,,
36,upsert,0,L0029,3072,0,1787894947.0828145,25.55845284461975,26,0,36,1787894921.5243616,alphamed,agg_static@rho0.8,0,0.55,0.0,4,0.8,agg_static,1787894921.5243323,0,3072,,0,0,0,0,0,0,0,3,34,24.91346089045207,0;1;1;1,40,0,0,,,,0,3,,,,,,,,,,,,,,,,,,,,,,,,,,
37,upsert,2,L0056,2048,0,1787894947.0829537,25.558027505874634,27,0,37,1787894921.5249262,alphamed,agg_static@rho0.8,0,0.55,0.0,4,0.8,agg_static,1787894921.5249088,0,2048,,0,0,0,0,0,0,0,1,35,24.91346089045207,0;1;0;1,40,0,0,,,,0,2,,,,,,,,,,,,,,,,,,,,,,,,,,
38,upsert,1,L0058,2560,0,1787894947.0830216,25.55770707130432,28,0,38,1787894921.5253146,alphamed,agg_static@rho0.8,0,0.55,0.0,4,0.8,agg_static,1787894921.5252957,2048,512,18.60038685798645,0,0,0,0,0,0,0,2,36,24.91346089045207,0;0;0;1,40,1,0,,,,0,1,,,,,,,,,,,,,,,,,,,,,,,,,,
39,upsert,3,L0030,2560,0,1787894947.0830758,25.557389497756958,29,0,39,1787894921.5256863,alphamed,agg_static@rho0.8,0,0.55,0.0,4,0.8,agg_static,1787894921.525673,0,2560,,0,0,0,0,0,0,0,2,37,24.91346089045207,0;0;0;0,40,0,0,,,,0,0,,,,,,,,,,,,,,,,,,,,,,,,,,
40,upsert,0,L0036,2048,0,1787894947.0831227,22.8543541431427,30,0,40,1787894924.2287686,alphamed,agg_static@rho0.8,0,0.55,0.0,4,0.8,agg_static,1787894924.2287393,0,2048,,0,0,0,0,0,0,0,2,31,22.49352765083313,0;1;1;1,44,0,0,,,,0,3,,,,,,,,,,,,,,,,,,,,,,,,,,
41,upsert,3,L0011,2048,0,1787894947.083206,22.853902339935303,31,0,41,1787894924.2293036,alphamed,agg_static@rho0.8,0,0.55,0.0,4,0.8,agg_static,1787894924.2292864,0,2048,,0,0,0,0,0,0,0,1,32,22.49352765083313,0;1;1;0,44,0,0,,,,0,2,,,,,,,,,,,,,,,,,,,,,,,,,,
42,upsert,1,L0000,2048,0,1787894947.0832632,22.853578090667725,32,0,42,1787894924.229685,alphamed,agg_static@rho0.8,0,0.55,0.0,4,0.8,agg_static,1787894924.2296674,2560,-512,18.47396945953369,0,0,0,0,0,0,0,7,33,22.49352765083313,0;0;1;0,44,1,0,,,,0,1,,,,,,,,,,,,,,,,,,,,,,,,,,
43,upsert,2,L0036,2560,0,1787894947.0833094,22.853280305862427,33,0,43,1787894924.230029,alphamed,agg_static@rho0.8,0,0.55,0.0,4,0.8,agg_static,1787894924.2300153,0,2560,,0,0,0,0,0,0,0,2,34,22.49352765083313,0;0;0;0,44,0,0,,,,0,0,,,,,,,,,,,,,,,,,,,,,,,,,,
44,upsert,0,L0004,2048,0,1787894953.8825536,27.387176990509033,34,0,44,1787894926.4953766,alphamed,agg_static@rho0.8,0,0.55,0.0,4,0.8,agg_static,1787894926.4953508,0,2048,,0,0,0,0,0,0,0,1,35,22.49352765083313,0;1;1;1,49,0,0,,,,0,3,,,,,,,,,,,,,,,,,,,,,,,,,,
45,upsert,1,L0038,2048,0,1787894953.8826892,27.386812925338745,35,0,45,1787894926.4958763,alphamed,agg_static@rho0.8,0,0.55,0.0,4,0.8,agg_static,1787894926.4958596,0,2048,,0,0,0,0,0,0,0,1,36,22.49352765083313,0;0;1;1,49,0,0,,,,0,2,,,,,,,,,,,,,,,,,,,,,,,,,,
46,upsert,3,L0023,2048,3072,1787894953.8827527,27.3864803314209,36,0,46,1787894926.4962723,alphamed,agg_static@rho0.8,0,0.55,0.0,4,0.8,agg_static,1787894926.4962544,3072,-1024,8.461410760879517,0,2048,2048,0,2048,1,0,4,37,22.49352765083313,0;0;1;0,49,1,0,,,,0,1,,,,,,,,,,,,,,,,,,,,,,,,,,
47,upsert,2,L0018,2048,0,1787894953.8828137,27.386186599731445,37,0,47,1787894926.496627,alphamed,agg_static@rho0.8,0,0.55,0.0,4,0.8,agg_static,1787894926.496614,0,2048,,0,0,0,0,0,0,0,1,38,22.49352765083313,0;0;0;0,49,0,0,,,,0,0,,,,,,,,,,,,,,,,,,,,,,,,,,
48,upsert,1,L0010,2560,0,1787894953.8828623,24.400050163269043,38,0,48,1787894929.4828122,alphamed,agg_static@rho0.8,0,0.55,0.0,4,0.8,agg_static,1787894929.482784,0,2560,,0,0,0,0,0,0,0,2,31,20.21019979317983,1;0;1;1,53,0,0,,,,0,3,,,,,,,,,,,,,,,,,,,,,,,,,,
49,upsert,3,L0005,2560,0,1787894953.8829043,24.399500846862793,39,0,49,1787894929.4834034,alphamed,agg_static@rho0.8,0,0.55,0.0,4,0.8,agg_static,1787894929.483385,0,2560,,0,0,0,0,0,0,0,2,32,20.21019979317983,1;0;1;0,53,0,0,,,,0,2,,,,,,,,,,,,,,,,,,,,,,,,,,
50,upsert,2,L0034,2560,0,1787894953.8829489,24.399127960205078,40,0,50,1787894929.483821,alphamed,agg_static@rho0.8,0,0.55,0.0,4,0.8,agg_static,1787894929.4838066,0,2560,,0,0,0,0,0,0,0,2,33,20.21019979317983,1;0;0;0,53,0,0,,,,0,1,,,,,,,,,,,,,,,,,,,,,,,,,,
51,upsert,0,L0044,2048,0,1787894954.1507032,24.666488647460938,41,0,51,1787894929.4842145,alphamed,agg_static@rho0.8,0,0.55,0.0,4,0.8,agg_static,1787894929.4842012,0,2048,,0,0,0,0,0,0,0,1,34,20.21019979317983,0;0;0;0,53,0,0,,,,0,0,,,,,,,,,,,,,,,,,,,,,,,,,,
52,upsert,1,L0062,2048,0,1787894954.1508021,21.99853277206421,42,0,52,1787894932.1522694,alphamed,agg_static@rho0.8,0,0.55,0.0,4,0.8,agg_static,1787894932.1522412,0,2048,,0,0,0,0,0,0,0,1,35,20.21019979317983,1;0;1;1,58,0,0,,,,0,3,,,,,,,,,,,,,,,,,,,,,,,,,,
53,upsert,0,L0011,2560,0,1787894954.1508572,21.998061656951904,43,0,53,1787894932.1527956,alphamed,agg_static@rho0.8,0,0.55,0.0,4,0.8,agg_static,1787894932.1527784,0,2560,,0,0,0,0,0,0,0,2,36,20.21019979317983,0;0;1;1,58,0,0,,,,0,2,,,,,,,,,,,,,,,,,,,,,,,,,,
54,upsert,3,L0031,2048,0,1787894954.150902,21.997664213180542,44,0,54,1787894932.1532378,alphamed,agg_static@rho0.8,0,0.55,0.0,4,0.8,agg_static,1787894932.153222,0,2048,,0,0,0,0,0,0,0,1,37,20.21019979317983,0;0;1;0,58,0,0,,,,0,1,,,,,,,,,,,,,,,,,,,,,,,,,,
55,upsert,2,L0028,2560,2048,1787894954.1509333,21.997328996658325,45,0,55,1787894932.1536043,alphamed,agg_static@rho0.8,0,0.55,0.0,4,0.8,agg_static,1787894932.1535869,2048,512,33.368510484695435,0,2048,2048,0,2048,1,0,2,38,20.21019979317983,0;0;0;0,58,0,0,,,,0,0,,,,,,,,,,,,,,,,,,,,,,,,,,
56,upsert,2,L0016,2048,0,1787894954.1509643,18.569979429244995,46,0,56,1787894935.5809848,alphamed,agg_static@rho0.8,0,0.55,0.0,4,0.8,agg_static,1787894935.580956,0,2048,,0,0,0,0,0,0,0,1,39,20.21019979317983,1;1;0;1,63,0,0,,,,0,3,,,,,,,,,,,,,,,,,,,,,,,,,,
57,upsert,0,L0014,3072,2560,1787894954.1509924,18.569462299346924,47,0,57,1787894935.58153,alphamed,agg_static@rho0.8,0,0.55,0.0,4,0.8,agg_static,1787894935.5815086,2560,512,22.58443593978882,0,2560,2560,2048,512,2,0,3,40,20.21019979317983,0;1;0;1,63,0,0,,,,0,2,,,,,,,,,,,,,,,,,,,,,,,,,,
58,upsert,3,L0046,2560,0,1787894954.1510205,18.569028854370117,48,0,58,1787894935.5819917,alphamed,agg_static@rho0.8,0,0.55,0.0,4,0.8,agg_static,1787894935.5819767,0,2560,,0,0,0,0,0,0,0,2,41,20.21019979317983,0;1;0;0,63,0,0,,,,0,1,,,,,,,,,,,,,,,,,,,,,,,,,,
59,upsert,1,L0042,2048,0,1787894967.8594666,32.277066707611084,49,0,59,1787894935.5823998,alphamed,agg_static@rho0.8,0,0.55,0.0,4,0.8,agg_static,1787894935.582385,0,2048,,0,0,0,0,0,0,0,1,42,20.21019979317983,0;0;0;0,63,0,0,,,,0,0,,,,,,,,,,,,,,,,,,,,,,,,,,
60,upsert,3,L0000,2560,0,1787894967.8595893,29.21444320678711,50,0,60,1787894938.6451461,alphamed,agg_static@rho0.8,0,0.55,0.0,4,0.8,agg_static,1787894938.6451142,2048,512,32.889525175094604,0,0,0,0,0,0,0,8,36,19.821187238693238,1;1;1;0,68,1,0,,,,0,3,,,,,,,,,,,,,,,,,,,,,,,,,,
61,upsert,1,L0056,2560,0,1787894967.859657,29.213911294937134,51,0,61,1787894938.6457458,alphamed,agg_static@rho0.8,0,0.55,0.0,4,0.8,agg_static,1787894938.645728,0,2560,,0,0,0,0,0,0,0,2,37,19.821187238693238,1;0;1;0,68,0,0,,,,0,2,,,,,,,,,,,,,,,,,,,,,,,,,,
62,upsert,2,L0063,2048,0,1787894967.8597047,29.213526725769043,52,0,62,1787894938.646178,alphamed,agg_static@rho0.8,0,0.55,0.0,4,0.8,agg_static,1787894938.646152,0,2048,,0,0,0,0,0,0,0,1,38,19.821187238693238,1;0;0;0,68,0,0,,,,0,1,,,,,,,,,,,,,,,,,,,,,,,,,,
63,upsert,0,L0023,2560,2560,1787894967.8597498,29.213189601898193,53,0,63,1787894938.6465602,alphamed,agg_static@rho0.8,0,0.55,0.0,4,0.8,agg_static,1787894938.6465433,2560,0,32.891132831573486,0,2560,3072,2560,512,2,0,5,39,19.821187238693238,0;0;0;0,68,0,0,,,,0,0,,,,,,,,,,,,,,,,,,,,,,,,,,
64,upsert,0,L0067,2048,0,1787894967.859798,26.94904589653015,54,0,64,1787894940.910752,alphamed,agg_static@rho0.8,0,0.55,0.0,4,0.8,agg_static,1787894940.910724,0,2048,,0,0,0,0,0,0,0,1,40,19.821187238693238,0;1;1;1,72,0,0,,,,0,3,,,,,,,,,,,,,,,,,,,,,,,,,,
65,upsert,1,L0072,2048,0,1787894967.8598368,26.948513984680176,55,1,65,1787894940.9113228,alphamed,agg_static@rho0.8,0,0.55,0.0,4,0.8,agg_static,1787894940.911305,0,2048,,0,0,0,0,0,0,0,1,41,19.821187238693238,0;0;1;1,72,0,1,0,1,0,0,2,124,124,13.606774806976318,,0,1,0,1,0,0,0,2048,2048,40.96,0.0,40.96,26948.513984680176,40.96,1767.02545,2080.0,1,1,1,40.96,40.96,40.96
66,upsert,2,L0121,2048,0,1787894967.8598766,26.94815468788147,56,0,66,1787894940.911722,alphamed,agg_static@rho0.8,0,0.55,0.0,4,0.8,agg_static,1787894940.9117076,0,2048,,0,0,0,0,0,0,0,1,42,19.821187238693238,0;0;0;1,72,0,0,,,,0,1,,,,,,,,,,,,,,,,,,,,,,,,,,
67,upsert,3,L0091,2048,0,1787894975.8012364,34.88915419578552,57,0,67,1787894940.9120822,alphamed,agg_static@rho0.8,0,0.55,0.0,4,0.8,agg_static,1787894940.9120696,0,2048,,0,0,0,0,0,0,0,1,43,19.821187238693238,0;0;0;0,72,0,0,,,,0,0,,,,,,,,,,,,,,,,,,,,,,,,,,
68,upsert,0,L0083,2048,0,1787894975.8013544,32.527995347976685,58,0,68,1787894943.273359,alphamed,agg_static@rho0.8,0,0.55,0.0,4,0.8,agg_static,1787894943.2733305,0,2048,,0,0,0,0,0,0,0,1,44,19.821187238693238,0;1;1;1,76,0,0,,,,0,3,,,,,,,,,,,,,,,,,,,,,,,,,,
69,upsert,2,L0124,2048,0,1787894975.8014197,32.527525186538696,59,0,69,1787894943.2738945,alphamed,agg_static@rho0.8,0,0.55,0.0,4,0.8,agg_static,1787894943.2738788,0,2048,,0,0,0,0,0,0,0,1,45,19.821187238693238,0;1;0;1,76,0,0,,,,0,2,,,,,,,,,,,,,,,,,,,,,,,,,,
70,upsert,1,L0076,2048,0,1787894975.8014705,32.527151584625244,60,0,70,1787894943.274319,alphamed,agg_static@rho0.8,0,0.55,0.0,4,0.8,agg_static,1787894943.2743037,0,2048,,0,0,0,0,0,0,0,1,46,19.821187238693238,0;0;0;1,76,0,0,,,,0,1,,,,,,,,,,,,,,,,,,,,,,,,,,
71,upsert,3,L0077,2048,0,1787894975.8015187,32.52682423591614,61,0,71,1787894943.2746944,alphamed,agg_static@rho0.8,0,0.55,0.0,4,0.8,agg_static,1787894943.274681,0,2048,,0,0,0,0,0,0,0,1,47,19.821187238693238,0;0;0;0,76,0,0,,,,0,0,,,,,,,,,,,,,,,,,,,,,,,,,,
72,upsert,0,L0081,2048,0,1787894975.801561,29.930736303329468,62,0,72,1787894945.8708248,alphamed,agg_static@rho0.8,0,0.55,0.0,4,0.8,agg_static,1787894945.8707974,0,2048,,0,0,0,0,0,0,0,2,48,19.821187238693238,0;1;1;1,80,0,0,,,,0,3,,,,,,,,,,,,,,,,,,,,,,,,,,
73,upsert,3,L0106,2048,0,1787894975.8015983,29.93020009994507,63,0,73,1787894945.8713982,alphamed,agg_static@rho0.8,0,0.55,0.0,4,0.8,agg_static,1787894945.8713799,0,2048,,0,0,0,0,0,0,0,1,49,19.821187238693238,0;1;1;0,80,0,0,,,,0,2,,,,,,,,,,,,,,,,,,,,,,,,,,
74,upsert,1,L0081,2560,0,1787894983.74296,37.87115454673767,64,0,74,1787894945.8718054,alphamed,agg_static@rho0.8,0,0.55,0.0,4,0.8,agg_static,1787894945.8717911,0,2560,,0,0,0,0,0,0,0,2,50,19.821187238693238,0;0;1;0,80,0,0,,,,0,1,,,,,,,,,,,,,,,,,,,,,,,,,,
75,upsert,2,L0094,2048,0,1787894983.7430975,37.87087416648865,65,0,75,1787894945.8722234,alphamed,agg_static@rho0.8,0,0.55,0.0,4,0.8,agg_static,1787894945.87221,0,2048,,0,0,0,0,0,0,0,1,51,19.821187238693238,0;0;0;0,80,0,0,,,,0,0,,,,,,,,,,,,,,,,,,,,,,,,,,
76,upsert,0,L0075,2048,0,1787894983.7431967,35.73573970794678,66,0,76,1787894948.007457,alphamed,agg_static@rho0.8,0,0.55,0.0,4,0.8,agg_static,1787894948.0074291,0,2048,,0,0,0,0,0,0,0,1,44,20.77190474420786,0;1;1;1,84,0,0,,,,0,3,,,,,,,,,,,,,,,,,,,,,,,,,,
77,upsert,1,L0069,2048,0,1787894983.7432523,35.73523831367493,67,0,77,1787894948.008014,alphamed,agg_static@rho0.8,0,0.55,0.0,4,0.8,agg_static,1787894948.007995,0,2048,,0,0,0,0,0,0,0,1,45,20.77190474420786,0;0;1;1,84,0,0,,,,0,2,,,,,,,,,,,,,,,,,,,,,,,,,,
78,upsert,2,L0068,2048,0,1787894983.7432997,35.73485469818115,68,0,78,1787894948.008445,alphamed,agg_static@rho0.8,0,0.55,0.0,4,0.8,agg_static,1787894948.0084298,0,2048,,0,0,0,0,0,0,0,1,46,20.77190474420786,0;0;0;1,84,0,0,,,,0,1,,,,,,,,,,,,,,,,,,,,,,,,,,
79,upsert,3,L0065,2048,0,1787894983.743341,35.73451828956604,69,0,79,1787894948.0088227,alphamed,agg_static@rho0.8,0,0.55,0.0,4,0.8,agg_static,1787894948.0088098,0,2048,,0,0,0,0,0,0,0,1,47,20.77190474420786,0;0;0;0,84,0,0,,,,0,0,,,,,,,,,,,,,,,,,,,,,,,,,,
80,upsert,0,L0104,2048,0,1787894983.7433856,32.486656665802,70,0,80,1787894951.256729,alphamed,agg_static@rho0.8,0,0.55,0.0,4,0.8,agg_static,1787894951.2566996,0,2048,,0,0,0,0,0,0,0,1,48,20.77190474420786,0;1;1;1,88,0,0,,,,0,3,,,,,,,,,,,,,,,,,,,,,,,,,,
81,upsert,2,L0121,2560,2048,1787894983.7434254,32.48610591888428,71,0,81,1787894951.2573195,alphamed,agg_static@rho0.8,0,0.55,0.0,4,0.8,agg_static,1787894951.2572963,2048,512,10.345588684082031,0,0,0,0,0,0,0,2,49,20.77190474420786,0;1;0;1,88,1,0,,,,0,2,,,,,,,,,,,,,,,,,,,,,,,,,,
82,upsert,1,L0086,2048,0,1787894989.264238,38.00645422935486,72,0,82,1787894951.257784,alphamed,agg_static@rho0.8,0,0.55,0.0,4,0.8,agg_static,1787894951.2577689,0,2048,,0,0,0,0,0,0,0,1,50,20.77190474420786,0;0;0;1,88,0,0,,,,0,1,,,,,,,,,,,,,,,,,,,,,,,,,,
83,upsert,3,L0068,2560,0,1787894989.2643628,38.00618767738342,73,0,83,1787894951.2581751,alphamed,agg_static@rho0.8,0,0.55,0.0,4,0.8,agg_static,1787894951.2581491,0,2560,,0,0,0,0,0,0,0,2,51,20.77190474420786,0;0;0;0,88,0,0,,,,0,0,,,,,,,,,,,,,,,,,,,,,,,,,,
84,upsert,0,L0094,2560,0,1787894989.2644277,34.63354277610779,74,0,84,1787894954.630885,alphamed,agg_static@rho0.8,0,0.55,0.0,4,0.8,agg_static,1787894954.6308553,0,2560,,0,0,0,0,0,0,0,2,37,22.028946943581104,0;1;1;1,92,0,0,,,,0,3,,,,,,,,,,,,,,,,,,,,,,,,,,
85,upsert,3,L0072,2560,0,1787894989.2644773,34.632965326309204,75,0,85,1787894954.631512,alphamed,agg_static@rho0.8,0,0.55,0.0,4,0.8,agg_static,1787894954.631494,0,2560,,0,0,0,0,0,0,0,2,38,22.028946943581104,0;1;1;0,92,0,0,,,,0,2,,,,,,,,,,,,,,,,,,,,,,,,,,
86,upsert,1,L0103,2048,0,1787894989.2645214,34.63255453109741,76,0,86,1787894954.6319668,alphamed,agg_static@rho0.8,0,0.55,0.0,4,0.8,agg_static,1787894954.6319523,0,2048,,0,0,0,0,0,0,0,1,39,22.028946943581104,0;0;1;0,92,0,0,,,,0,1,,,,,,,,,,,,,,,,,,,,,,,,,,
87,upsert,2,L0067,2560,0,1787894989.264569,34.63220262527466,77,0,87,1787894954.6323664,alphamed,agg_static@rho0.8,0,0.55,0.0,4,0.8,agg_static,1787894954.6323514,0,2560,,0,0,0,0,0,0,0,2,40,22.028946943581104,0;0;0;0,92,0,0,,,,0,0,,,,,,,,,,,,,,,,,,,,,,,,,,
88,upsert,0,L0064,2048,0,1787894989.2646143,32.067259073257446,78,0,88,1787894957.1973553,alphamed,agg_static@rho0.8,0,0.55,0.0,4,0.8,agg_static,1787894957.1973264,0,2048,,0,0,0,0,0,0,0,1,41,22.028946943581104,0;1;1;1,96,0,0,,,,0,3,,,,,,,,,,,,,,,,,,,,,,,,,,
89,upsert,1,L0088,2048,0,1787894991.68471,34.48679494857788,79,0,89,1787894957.197915,alphamed,agg_static@rho0.8,0,0.55,0.0,4,0.8,agg_static,1787894957.197898,0,2048,,0,0,0,0,0,0,0,1,42,22.028946943581104,0;0;1;1,96,0,0,,,,0,2,,,,,,,,,,,,,,,,,,,,,,,,,,
90,upsert,2,L0100,2048,0,1787894991.6848278,34.486473083496094,80,0,90,1787894957.1983547,alphamed,agg_static@rho0.8,0,0.55,0.0,4,0.8,agg_static,1787894957.1983397,0,2048,,0,0,0,0,0,0,0,1,43,22.028946943581104,0;0;0;1,96,0,0,,,,0,1,,,,,,,,,,,,,,,,,,,,,,,,,,
91,upsert,3,L0076,2560,0,1787894991.6848938,34.48615074157715,81,0,91,1787894957.198743,alphamed,agg_static@rho0.8,0,0.55,0.0,4,0.8,agg_static,1787894957.19873,0,2560,,0,0,0,0,0,0,0,2,44,22.028946943581104,0;0;0;0,96,0,0,,,,0,0,,,,,,,,,,,,,,,,,,,,,,,,,,
92,upsert,0,L0105,2048,0,1787894991.684948,32.33727788925171,82,0,92,1787894959.34767,alphamed,agg_static@rho0.8,0,0.55,0.0,4,0.8,agg_static,1787894959.3476384,0,2048,,0,0,0,0,0,0,0,1,45,22.028946943581104,0;1;1;1,100,0,0,,,,0,3,,,,,,,,,,,,,,,,,,,,,,,,,,
93,upsert,2,L0125,2048,0,1787894991.6849945,32.33672070503235,83,0,93,1787894959.3482738,alphamed,agg_static@rho0.8,0,0.55,0.0,4,0.8,agg_static,1787894959.3482537,0,2048,,0,0,0,0,0,0,0,1,46,22.028946943581104,0;1;0;1,100,0,0,,,,0,2,,,,,,,,,,,,,,,,,,,,,,,,,,
94,upsert,1,L0115,2048,0,1787894991.6850462,32.336347341537476,84,0,94,1787894959.3486989,alphamed,agg_static@rho0.8,0,0.55,0.0,4,0.8,agg_static,1787894959.3486834,0,2048,,0,0,0,0,0,0,0,1,47,22.028946943581104,0;0;0;1,100,0,0,,,,0,1,,,,,,,,,,,,,,,,,,,,,,,,,,
95,upsert,3,L0074,2048,0,1787894991.6850903,32.33600974082947,85,0,95,1787894959.3490806,alphamed,agg_static@rho0.8,0,0.55,0.0,4,0.8,agg_static,1787894959.3490672,0,2048,,0,0,0,0,0,0,0,1,48,22.028946943581104,0;0;0;0,100,0,0,,,,0,0,,,,,,,,,,,,,,,,,,,,,,,,,,
96,upsert,0,L0091,2560,0,1787894991.6851313,29.343639612197876,86,0,96,1787894962.3414917,alphamed,agg_static@rho0.8,0,0.55,0.0,4,0.8,agg_static,1787894962.3414643,0,2560,,0,0,0,0,0,0,0,2,49,22.028946943581104,0;1;1;1,104,0,0,,,,0,3,,,,,,,,,,,,,,,,,,,,,,,,,,
7,upsert,2,L0001,2048,0,1787895025.4670856,22.967759370803833,1,1,7,1787895002.4993262,alphamed,agg_full@rho0.8,1,0.55,0.0,4,0.8,agg_full,1787895002.4993172,0,2048,,0,0,0,0,0,0,0,1,8,,0;0;0;0,8,0,1,0,0,1,0,0,56,56,11.407757997512817,,3,3,3,3,0,0,0,0,0,0.0,0.0,0.0,22967.759370803833,0.0,261.477176,2608.0,0,0,0,0,0,0
14,upsert,1,L0004,2560,0,1787895025.7817767,18.332861185073853,2,0,14,1787895007.4489155,alphamed,agg_full@rho0.8,1,0.55,0.0,4,0.8,agg_full,1787895007.4489,2048,512,4.949667930603027,0,0,0,0,0,0,0,2,15,,0;0;0;1,16,1,0,,,,0,1,,,,,,,,,,,,,,,,,,,,,,,,,,
15,upsert,3,L0001,2560,0,1787895025.781906,18.332903385162354,3,1,15,1787895007.4490025,alphamed,agg_full@rho0.8,1,0.55,0.0,4,0.8,agg_full,1787895007.448992,0,2560,,0,0,0,0,0,0,0,2,16,,0;0;0;0,16,0,1,0,1,0,0,0,56,56,11.092937707901001,,2,3,2,3,0,0,0,0,0,0.0,0.0,0.0,18332.903385162354,0.0,261.477176,2608.0,1,1,1,0.0,0.0,0.0
16,upsert,0,L0029,2560,0,1787895029.5830767,18.86008048057556,4,0,16,1787895010.7229962,alphamed,agg_full@rho0.8,1,0.55,0.0,4,0.8,agg_full,1787895010.72297,2048,512,8.224024295806885,0,0,0,0,0,0,0,2,17,,0;1;1;1,20,1,0,,,,0,3,,,,,,,,,,,,,,,,,,,,,,,,,,
17,upsert,3,L0007,2560,0,1787895029.5831969,18.860016107559204,5,1,17,1787895010.7231808,alphamed,agg_full@rho0.8,1,0.55,0.0,4,0.8,agg_full,1787895010.7231452,0,2560,,0,0,0,0,0,0,0,2,18,,0;1;1;0,20,0,1,0,1,0,0,2,63,63,10.271645307540894,,2,3,2,3,0,1,0,2560,2560,51.2,2.0,49.2,18860.016107559204,49.2,3522.698419,2608.0,1,1,1,49.2,49.2,49.2
26,upsert,1,L0005,2048,0,1787895029.5832686,14.502911806106567,6,0,26,1787895015.0803568,alphamed,agg_full@rho0.8,1,0.55,0.0,4,0.8,agg_full,1787895015.0803456,0,2048,,0,0,0,0,0,0,0,1,27,,0;0;0;1,28,0,0,,,,0,1,,,,,,,,,,,,,,,,,,,,,,,,,,
27,upsert,3,L0000,2048,0,1787895029.5833247,14.502881288528442,7,2,27,1787895015.0804434,alphamed,agg_full@rho0.8,1,0.55,0.0,4,0.8,agg_full,1787895015.0804336,0,2048,,0,0,0,0,0,0,0,1,28,,0;0;0;0,28,0,1,0,0,1,0,0,50,50,0.19257140159606934,,0,0,0,0,1,1,2560,2560,0,0.0,0.0,0.0,14502.881288528442,0.0,2912.90805,2608.0,0,0,0,0,0,0
28,upsert,0,L0034,2560,0,1787895029.5833733,11.808395624160767,8,0,28,1787895017.7749777,alphamed,agg_full@rho0.8,1,0.55,0.0,4,0.8,agg_full,1787895017.7749543,0,2560,,0,0,0,0,0,0,0,2,29,,0;1;1;1,32,0,0,,,,0,3,,,,,,,,,,,,,,,,,,,,,,,,,,
29,upsert,3,L0002,2048,0,1787895029.583418,11.808271169662476,9,0,29,1787895017.7751467,alphamed,agg_full@rho0.8,1,0.55,0.0,4,0.8,agg_full,1787895017.7751327,0,2048,,0,0,0,0,0,0,0,1,30,,0;1;1;0,32,0,0,,,,0,2,,,,,,,,,,,,,,,,,,,,,,,,,,
30,upsert,1,L0011,2048,0,1787895029.5834715,11.808209419250488,10,0,30,1787895017.775262,alphamed,agg_full@rho0.8,1,0.55,0.0,4,0.8,agg_full,1787895017.7752512,0,2048,,0,0,0,0,0,0,0,1,31,,0;0;1;0,32,0,0,,,,0,1,,,,,,,,,,,,,,,,,,,,,,,,,,
31,upsert,2,L0018,2048,0,1787895029.58761,11.812263011932373,11,0,31,1787895017.775347,alphamed,agg_full@rho0.8,1,0.55,0.0,4,0.8,agg_full,1787895017.7753377,0,2048,,0,0,0,0,0,0,0,1,32,,0;0;0;0,32,0,0,,,,0,0,,,,,,,,,,,,,,,,,,,,,,,,,,
32,upsert,0,L0005,2560,0,1787895029.5876474,9.102329969406128,12,0,32,1787895020.4853175,alphamed,agg_full@rho0.8,1,0.55,0.0,4,0.8,agg_full,1787895020.4852915,0,2560,,0,0,0,0,0,0,0,2,33,,0;1;1;1,36,0,0,,,,0,3,,,,,,,,,,,,,,,,,,,,,,,,,,
33,upsert,1,L0042,2560,0,1787895029.587673,9.101961851119995,13,0,33,1787895020.485711,alphamed,agg_full@rho0.8,1,0.55,0.0,4,0.8,agg_full,1787895020.4856944,0,2560,,0,0,0,0,0,0,0,2,34,,0;0;1;1,36,0,0,,,,0,2,,,,,,,,,,,,,,,,,,,,,,,,,,
34,upsert,2,L0006,2048,0,1787895029.5876968,9.10167932510376,14,1,34,1787895020.4860175,alphamed,agg_full@rho0.8,1,0.55,0.0,4,0.8,agg_full,1787895020.4860036,0,2048,,0,0,0,0,0,0,0,1,35,,0;0;0;1,36,0,1,0,1,0,0,1,53,53,3.7664570808410645,,1,2,1,2,0,1,0,2048,2048,40.96,2.0,38.96,9101.67932510376,38.96,2908.935374,2080.0,1,1,1,38.96,38.96,38.96
35,upsert,3,L0055,2048,0,1787895029.5877237,9.101439237594604,15,0,35,1787895020.4862845,alphamed,agg_full@rho0.8,1,0.55,0.0,4,0.8,agg_full,1787895020.4862728,0,2048,,0,0,0,0,0,0,0,1,36,,0;0;0;0,36,0,0,,,,0,0,,,,,,,,,,,,,,,,,,,,,,,,,,
36,upsert,0,L0000,2560,0,1787895029.5877473,5.831829071044922,16,2,36,1787895023.7559183,alphamed,agg_full@rho0.8,1,0.55,0.0,4,0.8,agg_full,1787895023.7558944,0,2560,,0,0,0,0,0,0,0,2,37,,0;1;1;1,40,0,1,0,1,0,0,3,50,50,0.18814873695373535,,3,0,3,0,0,1,2048,2560,512,10.24,2.0,8.24,5831.829071044922,8.24,2912.90805,2608.0,1,2,2,8.24,14.48,14.48
37,upsert,2,L0009,2048,0,1787895029.5877702,5.831439733505249,17,0,37,1787895023.7563305,alphamed,agg_full@rho0.8,1,0.55,0.0,4,0.8,agg_full,1787895023.756314,0,2048,,0,0,0,0,0,0,0,1,38,,0;1;0;1,40,0,0,,,,0,2,,,,,,,,,,,,,,,,,,,,,,,,,,
38,upsert,1,L0047,2048,0,1787895029.587794,5.831183671951294,18,0,38,1787895023.7566104,alphamed,agg_full@rho0.8,1,0.55,0.0,4,0.8,agg_full,1787895023.7565975,0,2048,,0,0,0,0,0,0,0,1,39,,0;0;0;1,40,0,0,,,,0,1,,,,,,,,,,,,,,,,,,,,,,,,,,
39,upsert,3,L0033,2560,0,1787895037.5293849,13.772522211074829,19,0,39,1787895023.7568626,alphamed,agg_full@rho0.8,1,0.55,0.0,4,0.8,agg_full,1787895023.7568517,0,2560,,0,0,0,0,0,0,0,2,40,,0;0;0;0,40,0,0,,,,0,0,,,,,,,,,,,,,,,,,,,,,,,,,,
41,upsert,3,L0001,2048,2560,1787895037.5295312,10.206161975860596,20,0,41,1787895027.3233693,alphamed,agg_full@rho0.8,1,0.55,0.0,4,0.8,agg_full,1787895027.3233485,2560,-512,19.874356508255005,0,2560,2560,2048,512,2,0,4,39,19.877841313680012,0;1;1;0,44,0,0,,,,0,2,,,,,,,,,,,,,,,,,,,,,,,,,,
42,upsert,1,L0050,2048,0,1787895037.5296035,10.205889463424683,21,0,42,1787895027.323714,alphamed,agg_full@rho0.8,1,0.55,0.0,4,0.8,agg_full,1787895027.3237007,0,2048,,0,0,0,0,0,0,0,1,40,19.877841313680012,0;0;1;0,44,0,0,,,,0,1,,,,,,,,,,,,,,,,,,,,,,,,,,
43,upsert,2,L0033,3072,0,1787895037.5296624,10.205627918243408,22,0,43,1787895027.3240345,alphamed,agg_full@rho0.8,1,0.55,0.0,4,0.8,agg_full,1787895027.3240175,2048,1024,14.39414119720459,0,0,0,0,0,0,0,3,41,19.877841313680012,0;0;0;0,44,1,0,,,,0,0,,,,,,,,,,,,,,,,,,,,,,,,,,
44,upsert,0,L0027,2048,0,1787895044.9856794,15.211548805236816,23,0,44,1787895029.7741306,alphamed,agg_full@rho0.8,1,0.55,0.0,4,0.8,agg_full,1787895029.774105,0,2048,,0,0,0,0,0,0,0,1,27,12.63880087269677,0;1;1;1,48,0,0,,,,0,3,,,,,,,,,,,,,,,,,,,,,,,,,,
45,upsert,1,L0035,2048,0,1787895044.9858027,15.211180448532104,24,0,45,1787895029.7746222,alphamed,agg_full@rho0.8,1,0.55,0.0,4,0.8,agg_full,1787895029.7746055,0,2048,,0,0,0,0,0,0,0,1,28,12.63880087269677,0;0;1;1,48,0,0,,,,0,2,,,,,,,,,,,,,,,,,,,,,,,,,,
46,upsert,2,L0025,2048,0,1787895044.9858668,15.21088457107544,25,0,46,1787895029.7749822,alphamed,agg_full@rho0.8,1,0.55,0.0,4,0.8,agg_full,1787895029.774968,0,2048,,0,0,0,0,0,0,0,1,29,12.63880087269677,0;0;0;1,48,0,0,,,,0,1,,,,,,,,,,,,,,,,,,,,,,,,,,
47,upsert,3,L0034,3072,0,1787895044.9859197,15.210586071014404,26,0,47,1787895029.7753336,alphamed,agg_full@rho0.8,1,0.55,0.0,4,0.8,agg_full,1787895029.775317,2048,1024,16.845356941223145,0,0,2560,0,2560,1,0,3,30,12.63880087269677,0;0;0;0,48,1,0,,,,0,0,,,,,,,,,,,,,,,,,,,,,,,,,,
48,upsert,0,L0039,2048,0,1787895044.9859655,11.633594989776611,27,0,48,1787895033.3523705,alphamed,agg_full@rho0.8,1,0.55,0.0,4,0.8,agg_full,1787895033.352348,0,2048,,0,0,0,0,0,0,0,1,31,12.63880087269677,2;0;1;0,54,0,0,,,,0,3,,,,,,,,,,,,,,,,,,,,,,,,,,
49,upsert,2,L0013,2560,0,1787895050.655567,17.302708387374878,28,0,49,1787895033.3528585,alphamed,agg_full@rho0.8,1,0.55,0.0,4,0.8,agg_full,1787895033.352842,0,2560,,0,0,0,0,0,0,0,2,32,12.63880087269677,2;0;0;0,54,0,0,,,,0,2,,,,,,,,,,,,,,,,,,,,,,,,,,
50,upsert,0,L0000,3072,2560,1787895050.6556883,17.302399396896362,29,0,50,1787895033.353289,alphamed,agg_full@rho0.8,1,0.55,0.0,4,0.8,agg_full,1787895033.3532717,2560,512,9.597377300262451,0,2560,2560,2048,512,2,0,4,33,12.63880087269677,1;0;0;0,54,0,0,,,,0,1,,,,,,,,,,,,,,,,,,,,,,,,,,
51,upsert,0,L0000,2048,3072,1787895050.6557505,17.302039861679077,30,0,51,1787895033.3537107,alphamed,agg_full@rho0.8,1,0.55,0.0,4,0.8,agg_full,1787895033.3536963,3072,-1024,0.0004246234893798828,0,2560,2560,2048,512,2,0,4,34,12.63880087269677,0;0;0;0,54,1,0,,,,0,0,,,,,,,,,,,,,,,,,,,,,,,,,,
52,upsert,2,L0014,2048,0,1787895050.6558006,13.782781600952148,31,0,52,1787895036.873019,alphamed,agg_full@rho0.8,1,0.55,0.0,4,0.8,agg_full,1787895036.8729897,0,2048,,0,0,0,0,0,0,0,1,35,12.63880087269677,1;1;1;0,59,0,0,,,,0,3,,,,,,,,,,,,,,,,,,,,,,,,,,
53,upsert,2,L0006,2560,2048,1787895050.6558454,13.782269954681396,32,0,53,1787895036.8735754,alphamed,agg_full@rho0.8,1,0.55,0.0,4,0.8,agg_full,1787895036.8735535,2048,512,16.387549877166748,0,2048,2048,0,2048,1,0,2,36,12.63880087269677,1;1;0;0,59,0,0,,,,0,2,,,,,,,,,,,,,,,,,,,,,,,,,,
54,upsert,0,L0024,2560,0,1787895050.655886,13.781882286071777,33,0,54,1787895036.8740036,alphamed,agg_full@rho0.8,1,0.55,0.0,4,0.8,agg_full,1787895036.873986,2048,512,23.944390296936035,0,0,0,0,0,0,0,2,37,12.63880087269677,0;1;0;0,59,1,0,,,,0,1,,,,,,,,,,,,,,,,,,,,,,,,,,
55,upsert,1,L0022,2560,0,1787895050.6559265,13.781513690948486,34,0,55,1787895036.8744128,alphamed,agg_full@rho0.8,1,0.55,0.0,4,0.8,agg_full,1787895036.8743985,0,2560,,0,0,0,0,0,0,0,2,38,12.63880087269677,0;0;0;0,59,0,0,,,,0,0,,,,,,,,,,,,,,,,,,,,,,,,,,
56,upsert,3,L0001,2560,2048,1787895058.8497493,18.99694800376892,35,0,56,1787895039.8528013,alphamed,agg_full@rho0.8,1,0.55,0.0,4,0.8,agg_full,1787895039.8527722,2048,512,12.529423713684082,0,2048,2048,2048,0,2,0,5,35,12.358573512597518,1;1;1;0,64,0,0,,,,0,3,,,,,,,,,,,,,,,,,,,,,,,,,,
57,upsert,1,L0022,3072,2560,1787895058.8498447,18.996461629867554,36,0,57,1787895039.853383,alphamed,agg_full@rho0.8,1,0.55,0.0,4,0.8,agg_full,1787895039.8533635,2560,512,2.9789650440216064,0,0,0,0,0,0,0,3,36,12.358573512597518,1;0;1;0,64,1,0,,,,0,2,,,,,,,,,,,,,,,,,,,,,,,,,,
58,upsert,0,L0021,2560,0,1787895058.849879,18.996041297912598,37,0,58,1787895039.8538377,alphamed,agg_full@rho0.8,1,0.55,0.0,4,0.8,agg_full,1787895039.853823,0,2560,,0,0,0,0,0,0,0,2,37,12.358573512597518,0;0;1;0,64,0,0,,,,0,1,,,,,,,,,,,,,,,,,,,,,,,,,,
59,upsert,2,L0013,3072,2560,1787895058.8499074,18.99566411972046,38,0,59,1787895039.8542433,alphamed,agg_full@rho0.8,1,0.55,0.0,4,0.8,agg_full,1787895039.854226,2560,512,6.501384019851685,0,0,0,0,0,0,0,3,38,12.358573512597518,0;0;0;0,64,1,0,,,,0,0,,,,,,,,,,,,,,,,,,,,,,,,,,
60,upsert,0,L0052,2048,0,1787895058.8499398,14.819397211074829,39,0,60,1787895044.0305426,alphamed,agg_full@rho0.8,1,0.55,0.0,4,0.8,agg_full,1787895044.0305185,0,2048,,0,0,0,0,0,0,0,1,39,12.358573512597518,0;1;0;2,69,0,0,,,,0,3,,,,,,,,,,,,,,,,,,,,,,,,,,
61,upsert,3,L0021,3072,0,1787895058.849965,14.818926572799683,40,0,61,1787895044.0310385,alphamed,agg_full@rho0.8,1,0.55,0.0,4,0.8,agg_full,1787895044.0310187,2048,1024,41.53190612792969,0,0,0,0,0,0,0,3,40,12.358573512597518,0;1;0;1,69,1,0,,,,0,2,,,,,,,,,,,,,,,,,,,,,,,,,,
62,upsert,1,L0040,2048,0,1787895058.849989,14.818466663360596,41,0,62,1787895044.0315223,alphamed,agg_full@rho0.8,1,0.55,0.0,4,0.8,agg_full,1787895044.031508,0,2048,,0,0,0,0,0,0,0,1,41,12.358573512597518,0;0;0;1,69,0,0,,,,0,1,,,,,,,,,,,,,,,,,,,,,,,,,,
63,upsert,3,L0007,3072,2560,1787895066.150755,22.11887264251709,42,0,63,1787895044.0318823,alphamed,agg_full@rho0.8,1,0.55,0.0,4,0.8,agg_full,1787895044.031866,2560,512,33.30872082710266,0,2560,2560,0,2560,1,0,3,42,12.358573512597518,0;0;0;0,69,0,0,,,,0,0,,,,,,,,,,,,,,,,,,,,,,,,,,
64,upsert,1,L0070,2048,0,1787895066.1508958,19.878806829452515,43,1,64,1787895046.272089,alphamed,agg_full@rho0.8,1,0.55,0.0,4,0.8,agg_full,1787895046.2720659,0,2048,,0,0,0,0,0,0,0,1,38,12.754311561584473,1;0;1;1,73,0,1,0,0,1,0,3,120,120,19.235125303268433,,3,3,3,3,0,0,3072,3072,0,0.0,0.0,0.0,19878.806829452515,0.0,127.745893,2080.0,0,0,0,0,0,0
65,upsert,2,L0077,2048,0,1787895066.1509616,19.878361463546753,44,0,65,1787895046.2726002,alphamed,agg_full@rho0.8,1,0.55,0.0,4,0.8,agg_full,1787895046.2725828,0,2048,,0,0,0,0,0,0,0,1,39,12.754311561584473,1;0;0;1,73,0,0,,,,0,2,,,,,,,,,,,,,,,,,,,,,,,,,,
66,upsert,3,L0086,2048,0,1787895066.1510212,19.878042697906494,45,0,66,1787895046.2729785,alphamed,agg_full@rho0.8,1,0.55,0.0,4,0.8,agg_full,1787895046.2729635,0,2048,,0,0,0,0,0,0,0,1,40,12.754311561584473,1;0;0;0,73,0,0,,,,0,1,,,,,,,,,,,,,,,,,,,,,,,,,,
67,upsert,0,L0095,2048,0,1787895066.1510663,19.877726316452026,46,0,67,1787895046.27334,alphamed,agg_full@rho0.8,1,0.55,0.0,4,0.8,agg_full,1787895046.2733269,0,2048,,0,0,0,0,0,0,0,1,41,12.754311561584473,0;0;0;0,73,0,0,,,,0,0,,,,,,,,,,,,,,,,,,,,,,,,,,
68,upsert,1,L0125,2048,0,1787895066.1511068,17.76416254043579,47,0,68,1787895048.3869443,alphamed,agg_full@rho0.8,1,0.55,0.0,4,0.8,agg_full,1787895048.3869195,0,2048,,0,0,0,0,0,0,0,1,42,12.754311561584473,1;0;1;1,77,0,0,,,,0,3,,,,,,,,,,,,,,,,,,,,,,,,,,
69,upsert,3,L0069,2048,0,1787895066.1511486,17.763681411743164,48,0,69,1787895048.3874671,alphamed,agg_full@rho0.8,1,0.55,0.0,4,0.8,agg_full,1787895048.387451,0,2048,,0,0,0,0,0,0,0,1,43,12.754311561584473,1;0;1;0,77,0,0,,,,0,2,,,,,,,,,,,,,,,,,,,,,,,,,,
70,upsert,2,L0068,2048,0,1787895066.1512117,17.763360261917114,49,3,70,1787895048.3878515,alphamed,agg_full@rho0.8,1,0.55,0.0,4,0.8,agg_full,1787895048.3878376,0,2048,,0,0,0,0,0,0,0,1,44,12.754311561584473,1;0;0;0,77,0,1,0,1,0,0,1,104,104,6.222368001937866,,1,2,1,2,0,0,0,2048,2048,40.96,0.0,40.96,17763.360261917114,40.96,937.938395,2080.0,1,3,3,40.96,120.88,120.88
71,upsert,0,L0109,2048,0,1787895072.8109353,24.4227192401886,50,1,71,1787895048.388216,alphamed,agg_full@rho0.8,1,0.55,0.0,4,0.8,agg_full,1787895048.388203,0,2048,,0,0,0,0,0,0,0,1,45,12.754311561584473,0;0;0;0,77,0,1,0,1,0,0,0,119,119,8.270003318786621,,2,0,2,0,0,1,0,2048,2048,40.96,2.0,38.96,24422.7192401886,38.96,2875.658482,2080.0,1,1,1,38.96,38.96,38.96
72,upsert,1,L0106,2048,0,1787895072.8110318,21.184823989868164,51,0,72,1787895051.6262078,alphamed,agg_full@rho0.8,1,0.55,0.0,4,0.8,agg_full,1787895051.6261842,0,2048,,0,0,0,0,0,0,0,1,39,12.8156683370471,1;0;1;1,81,0,0,,,,0,3,,,,,,,,,,,,,,,,,,,,,,,,,,
73,upsert,0,L0077,2560,0,1787895072.8110673,21.18435502052307,52,0,73,1787895051.6267123,alphamed,agg_full@rho0.8,1,0.55,0.0,4,0.8,agg_full,1787895051.6266966,0,2560,,0,0,0,0,0,0,0,2,40,12.8156683370471,0;0;1;1,81,0,0,,,,0,2,,,,,,,,,,,,,,,,,,,,,,,,,,
74,upsert,3,L0070,2560,0,1787895072.8110986,21.183964014053345,53,1,74,1787895051.6271346,alphamed,agg_full@rho0.8,1,0.55,0.0,4,0.8,agg_full,1787895051.6271207,0,2560,,0,0,0,0,0,0,0,2,41,12.8156683370471,0;0;1;0,81,0,1,1,0,1,0,1,120,120,12.574922561645508,,3,3,3,3,0,0,0,0,0,0.0,0.0,0.0,21183.964014053345,0.0,127.745893,2080.0,0,0,0,0,0,0
75,upsert,2,L0064,2048,0,1787895072.8111272,21.18358278274536,54,3,75,1787895051.6275444,alphamed,agg_full@rho0.8,1,0.55,0.0,4,0.8,agg_full,1787895051.627532,0,2048,,0,0,0,0,0,0,0,1,42,12.8156683370471,0;0;0;0,81,0,1,0,1,0,0,0,113,113,5.385008096694946,,0,2,0,2,0,0,0,2048,2048,40.96,0.0,40.96,21183.58278274536,40.96,130.938221,2080.0,1,2,2,40.96,79.92,79.92
76,upsert,1,L0099,2048,0,1787895072.8111525,18.959474802017212,55,0,76,1787895053.8516777,alphamed,agg_full@rho0.8,1,0.55,0.0,4,0.8,agg_full,1787895053.8516507,0,2048,,0,0,0,0,0,0,0,1,43,12.8156683370471,1;0;1;1,85,0,0,,,,0,3,,,,,,,,,,,,,,,,,,,,,,,,,,
77,upsert,2,L0122,2048,0,1787895072.8111973,18.958937168121338,56,0,77,1787895053.85226,alphamed,agg_full@rho0.8,1,0.55,0.0,4,0.8,agg_full,1787895053.852243,0,2048,,0,0,0,0,0,0,0,1,44,12.8156683370471,1;0;0;1,85,0,0,,,,0,2,,,,,,,,,,,,,,,,,,,,,,,,,,
78,upsert,3,L0090,2048,0,1787895079.471137,25.618476390838623,57,0,78,1787895053.8526607,alphamed,agg_full@rho0.8,1,0.55,0.0,4,0.8,agg_full,1787895053.852647,0,2048,,0,0,0,0,0,0,0,1,45,12.8156683370471,1;0;0;0,85,0,0,,,,0,1,,,,,,,,,,,,,,,,,,,,,,,,,,
79,upsert,0,L0093,2048,0,1787895079.471288,25.618260145187378,58,0,79,1787895053.8530278,alphamed,agg_full@rho0.8,1,0.55,0.0,4,0.8,agg_full,1787895053.8530142,0,2048,,0,0,0,0,0,0,0,1,46,12.8156683370471,0;0;0;0,85,0,0,,,,0,0,,,,,,,,,,,,,,,,,,,,,,,,,,
80,upsert,1,L0076,2048,0,1787895079.4713528,22.818941116333008,59,0,80,1787895056.6524117,alphamed,agg_full@rho0.8,1,0.55,0.0,4,0.8,agg_full,1787895056.6523838,0,2048,,0,0,0,0,0,0,0,1,47,12.8156683370471,1;0;1;1,89,0,0,,,,0,3,,,,,,,,,,,,,,,,,,,,,,,,,,
81,upsert,3,L0072,2048,0,1787895079.4714036,22.81843852996826,60,0,81,1787895056.652965,alphamed,agg_full@rho0.8,1,0.55,0.0,4,0.8,agg_full,1787895056.652948,0,2048,,0,0,0,0,0,0,0,1,48,12.8156683370471,1;0;1;0,89,0,0,,,,0,2,,,,,,,,,,,,,,,,,,,,,,,,,,
82,upsert,2,L0096,2048,0,1787895079.4714475,22.81807017326355,61,0,82,1787895056.6533773,alphamed,agg_full@rho0.8,1,0.55,0.0,4,0.8,agg_full,1787895056.6533632,0,2048,,0,0,0,0,0,0,0,1,49,12.8156683370471,1;0;0;0,89,0,0,,,,0,1,,,,,,,,,,,,,,,,,,,,,,,,,,
83,upsert,0,L0069,2560,0,1787895079.4714959,22.817750692367554,62,0,83,1787895056.6537452,alphamed,agg_full@rho0.8,1,0.55,0.0,4,0.8,agg_full,1787895056.6537309,0,2560,,0,0,0,0,0,0,0,2,50,12.8156683370471,0;0;0;0,89,0,0,,,,0,0,,,,,,,,,,,,,,,,,,,,,,,,,,
84,upsert,1,L0085,2048,0,1787895079.4715366,19.62774419784546,63,0,84,1787895059.8437924,alphamed,agg_full@rho0.8,1,0.55,0.0,4,0.8,agg_full,1787895059.8437686,0,2048,,0,0,0,0,0,0,0,2,44,13.183369763195515,1;0;1;1,93,0,0,,,,0,3,,,,,,,,,,,,,,,,,,,,,,,,,,
85,upsert,0,L0078,2048,0,1787895079.471577,19.627225160598755,64,0,85,1787895059.8443518,alphamed,agg_full@rho0.8,1,0.55,0.0,4,0.8,agg_full,1787895059.8443356,0,2048,,0,0,0,0,0,0,0,1,45,13.183369763195515,0;0;1;1,93,0,0,,,,0,2,,,,,,,,,,,,,,,,,,,,,,,,,,
86,upsert,3,L0085,2560,0,1787895084.945408,25.10065722465515,65,0,86,1787895059.844751,alphamed,agg_full@rho0.8,1,0.55,0.0,4,0.8,agg_full,1787895059.844737,0,2560,,0,0,0,0,0,0,0,2,46,13.183369763195515,0;0;1;0,93,0,0,,,,0,1,,,,,,,,,,,,,,,,,,,,,,,,,,
87,upsert,2,L0116,2048,0,1787895084.9455144,25.100327968597412,66,0,87,1787895059.8451865,alphamed,agg_full@rho0.8,1,0.55,0.0,4,0.8,agg_full,1787895059.845173,0,2048,,0,0,0,0,0,0,0,1,47,13.183369763195515,0;0;0;0,93,0,0,,,,0,0,,,,,,,,,,,,,,,,,,,,,,,,,,
88,upsert,1,L0118,2048,0,1787895084.9455743,22.62348198890686,67,0,88,1787895062.3220923,alphamed,agg_full@rho0.8,1,0.55,0.0,4,0.8,agg_full,1787895062.322068,0,2048,,0,0,0,0,0,0,0,1,48,13.183369763195515,1;0;1;1,97,0,0,,,,0,3,,,,,,,,,,,,,,,,,,,,,,,,,,
89,upsert,2,L0071,2048,0,1787895084.945624,22.622979640960693,68,0,89,1787895062.3226445,alphamed,agg_full@rho0.8,1,0.55,0.0,4,0.8,agg_full,1787895062.322627,0,2048,,0,0,0,0,0,0,0,1,49,13.183369763195515,1;0;0;1,97,0,0,,,,0,2,,,,,,,,,,,,,,,,,,,,,,,,,,
90,upsert,3,L0070,3072,2560,1787895084.945666,22.62262225151062,69,1,90,1787895062.3230438,alphamed,agg_full@rho0.8,1,0.55,0.0,4,0.8,agg_full,1787895062.3230264,2560,512,10.695905685424805,0,0,0,0,0,0,0,3,50,13.183369763195515,1;0;0;0,97,1,1,0,0,1,0,1,120,120,0.4403550624847412,,3,3,3,3,0,0,2560,3072,512,10.24,0.0,10.24,22622.62225151062,10.24,127.745893,2080.0,0,0,0,0,0,0
91,upsert,0,L0064,2560,0,1787895084.9457095,22.62221384048462,70,1,91,1787895062.3234956,alphamed,agg_full@rho0.8,1,0.55,0.0,4,0.8,agg_full,1787895062.323482,0,2560,,0,0,0,0,0,0,0,2,51,13.183369763195515,0;0;0;0,97,0,1,0,0,1,0,0,125,125,2.5110175609588623,,2,2,2,2,0,0,3072,3072,0,0.0,0.0,0.0,22622.21384048462,0.0,179.642168,3136.0,0,0,0,0,0,0
92,upsert,1,L0116,2560,0,1787895084.9457524,20.132014513015747,71,0,92,1787895064.8137379,alphamed,agg_full@rho0.8,1,0.55,0.0,4,0.8,agg_full,1787895064.8137114,0,2560,,0,0,0,0,0,0,0,2,52,13.183369763195515,1;0;1;1,101,0,0,,,,0,3,,,,,,,,,,,,,,,,,,,,,,,,,,
93,upsert,3,L0072,2560,2048,1787895084.9457903,20.131460666656494,72,0,93,1787895064.8143296,alphamed,agg_full@rho0.8,1,0.55,0.0,4,0.8,agg_full,1787895064.8143084,2048,512,8.161360502243042,0,0,0,0,0,0,0,2,53,13.183369763195515,1;0;1;0,101,1,0,,,,0,2,,,,,,,,,,,,,,,,,,,,,,,,,,
94,upsert,2,L0066,2048,0,1787895086.772149,21.957369089126587,73,1,94,1787895064.81478,alphamed,agg_full@rho0.8,1,0.55,0.0,4,0.8,agg_full,1787895064.814765,0,2048,,0,0,0,0,0,0,0,1,54,13.183369763195515,1;0;0;0,101,0,1,0,1,0,0,1,126,126,0.6846299171447754,,3,2,3,2,0,1,0,2048,2048,40.96,2.0,38.96,21957.369089126587,38.96,1351.505742,2080.0,1,1,1,38.96,38.96,38.96
95,upsert,0,L0120,2048,0,1787895086.7723138,21.957144498825073,74,0,95,1787895064.8151693,alphamed,agg_full@rho0.8,1,0.55,0.0,4,0.8,agg_full,1787895064.815143,0,2048,,0,0,0,0,0,0,0,1,55,13.183369763195515,0;0;0;0,101,0,0,,,,0,0,,,,,,,,,,,,,,,,,,,,,,,,,,
96,upsert,1,L0120,2560,0,1787895086.7723749,18.20138692855835,75,0,96,1787895068.570988,alphamed,agg_full@rho0.8,1,0.55,0.0,4,0.8,agg_full,1787895068.5709581,0,2560,,0,0,0,0,0,0,0,2,48,15.784365467727184,1;0;1;1,105,0,0,,,,0,3,,,,,,,,,,,,,,,,,,,,,,,,,,
97,upsert,0,L0099,2560,0,1787895086.7724292,18.20084810256958,76,0,97,1787895068.5715811,alphamed,agg_full@rho0.8,1,0.55,0.0,4,0.8,agg_full,1787895068.5715642,0,2560,,0,0,0,0,0,0,0,2,49,15.784365467727184,0;0;1;1,105,0,0,,,,0,2,,,,,,,,,,,,,,,,,,,,,,,,,,
98,upsert,3,L0076,2560,0,1787895086.7724733,18.2004656791687,77,0,98,1787895068.5720077,alphamed,agg_full@rho0.8,1,0.55,0.0,4,0.8,agg_full,1787895068.571994,0,2560,,0,0,0,0,0,0,0,2,50,15.784365467727184,0;0;1;0,105,0,0,,,,0,1,,,,,,,,,,,,,,,,,,,,,,,,,,
99,upsert,2,L0064,3072,2048,1787895086.7725203,18.2000994682312,78,1,99,1787895068.5724208,alphamed,agg_full@rho0.8,1,0.55,0.0,4,0.8,agg_full,1787895068.5724041,2048,1024,16.9448721408844,0,0,0,0,0,0,0,3,51,15.784365467727184,0;0;0;0,105,1,1,0,1,0,0,0,125,125,0.6842067241668701,,0,2,0,2,1,0,2560,3072,512,10.24,-2.0,12.24,18200.0994682312,12.24,179.642168,3136.0,1,1,1,12.24,12.24,12.24
100,upsert,1,L0072,3072,0,1787895086.7725675,14.40084433555603,79,0,100,1787895072.3717232,alphamed,agg_full@rho0.8,1,0.55,0.0,4,0.8,agg_full,1787895072.371699,0,3072,,0,0,0,0,0,0,0,3,52,15.784365467727184,1;0;1;1,109,0,0,,,,0,3,,,,,,,,,,,,,,,,,,,,,,,,,,
1,upsert,2,L0007,2048,0,1787895118.8885725,20.707054376602173,1,1,1,1787895098.181518,alphamed,agg_static@rho0.8,1,0.55,0.0,4,0.8,agg_static,1787895098.181504,0,2048,,0,0,0,0,0,0,0,1,2,,0;1;0;1,4,0,1,0,0,1,0,2,63,63,18.113077640533447,,3,3,3,3,1,1,2560,2560,0,0.0,0.0,0.0,20707.054376602173,0.0,2512.938414,2608.0,0,0,0,0,0,0
2,upsert,1,L0059,2048,0,1787895120.1507313,21.969105005264282,2,0,2,1787895098.1816263,alphamed,agg_static@rho0.8,1,0.55,0.0,4,0.8,agg_static,1787895098.1816163,0,2048,,0,0,0,0,0,0,0,1,3,,0;0;0;1,4,0,0,,,,0,1,,,,,,,,,,,,,,,,,,,,,,,,,,
5,upsert,3,L0021,2048,0,1787895120.150865,19.804420709609985,3,2,5,1787895100.3464444,alphamed,agg_static@rho0.8,1,0.55,0.0,4,0.8,agg_static,1787895100.3464308,0,2048,,0,0,0,0,0,0,0,1,6,,0;1;1;0,8,0,1,0,1,0,0,2,58,58,14.970699787139893,,1,3,1,3,0,1,0,2048,2048,40.96,2.0,38.96,19804.420709609985,38.96,1317.467063,2080.0,1,2,2,38.96,79.92,79.92
7,upsert,2,L0001,2048,0,1787895123.315835,22.9692120552063,4,1,7,1787895100.346623,alphamed,agg_static@rho0.8,1,0.55,0.0,4,0.8,agg_static,1787895100.3466144,0,2048,,0,0,0,0,0,0,0,1,8,,0;0;0;0,8,0,1,0,0,1,0,0,56,56,11.805615663528442,,3,3,3,3,0,0,512,512,0,0.0,0.0,0.0,22969.2120552063,0.0,152.096327,2608.0,0,0,0,0,0,0
12,upsert,0,L0022,2048,0,1787895123.3159401,17.382120609283447,5,2,12,1787895105.9338195,alphamed,agg_static@rho0.8,1,0.55,0.0,4,0.8,agg_static,1787895105.9338055,0,2048,,0,0,0,0,0,0,0,1,13,,0;1;1;1,16,0,1,0,1,0,0,3,55,55,7.711886882781982,,2,0,2,0,0,1,0,2048,2048,40.96,2.0,38.96,17382.120609283447,38.96,3459.944211,2080.0,1,1,1,38.96,38.96,38.96
14,upsert,1,L0004,2560,0,1787895123.3160052,17.382052421569824,6,0,14,1787895105.9339528,alphamed,agg_static@rho0.8,1,0.55,0.0,4,0.8,agg_static,1787895105.9339452,2048,512,5.587411880493164,0,0,0,0,0,0,0,2,15,,0;0;0;1,16,1,0,,,,0,1,,,,,,,,,,,,,,,,,,,,,,,,,,
15,upsert,3,L0001,2560,0,1787895123.316062,17.382070064544678,7,1,15,1787895105.933992,alphamed,agg_static@rho0.8,1,0.55,0.0,4,0.8,agg_static,1787895105.933987,0,2560,,0,0,0,0,0,0,0,2,16,,0;0;0;0,16,0,1,0,1,0,0,0,56,56,11.805388689041138,,2,3,2,3,0,0,0,512,512,10.24,0.0,10.24,17382.070064544678,10.24,152.096327,2608.0,1,1,1,10.24,10.24,10.24
16,upsert,0,L0029,2560,0,1787895123.3161077,14.033553123474121,8,0,16,1787895109.2825546,alphamed,agg_static@rho0.8,1,0.55,0.0,4,0.8,agg_static,1787895109.2825282,2048,512,8.936263799667358,0,0,0,0,0,0,0,2,17,,0;1;1;1,20,1,0,,,,0,3,,,,,,,,,,,,,,,,,,,,,,,,,,
17,upsert,3,L0007,2560,0,1787895123.316154,14.033435821533203,9,1,17,1787895109.2827182,alphamed,agg_static@rho0.8,1,0.55,0.0,4,0.8,agg_static,1787895109.2827039,0,2560,,0,0,0,0,0,0,0,2,18,,0;1;1;0,20,0,1,0,1,0,0,2,63,63,13.685496091842651,,2,3,2,3,1,1,2048,2560,512,10.24,0.0,10.24,14033.435821533203,10.24,2512.938414,2608.0,1,1,1,10.24,10.24,10.24
18,upsert,1,L0013,2048,0,1787895123.3162193,14.033403635025024,10,2,18,1787895109.2828157,alphamed,agg_static@rho0.8,1,0.55,0.0,4,0.8,agg_static,1787895109.282804,0,2048,,0,0,0,0,0,0,0,1,19,,0;0;1;0,20,0,1,0,1,0,0,1,49,49,5.389883518218994,,2,1,2,1,0,0,0,2048,2048,40.96,0.0,40.96,14033.403635025024,40.96,986.333752,2080.0,1,1,1,40.96,40.96,40.96
19,upsert,2,L0017,2048,0,1787895129.335257,20.052358150482178,11,0,19,1787895109.282899,alphamed,agg_static@rho0.8,1,0.55,0.0,4,0.8,agg_static,1787895109.2828884,0,2048,,0,0,0,0,0,0,0,1,20,,0;0;0;0,20,0,0,,,,0,0,,,,,,,,,,,,,,,,,,,,,,,,,,
21,upsert,1,L0053,2048,0,1787895129.335334,17.708688974380493,12,0,21,1787895111.626645,alphamed,agg_static@rho0.8,1,0.55,0.0,4,0.8,agg_static,1787895111.6266305,0,2048,,0,0,0,0,0,0,0,1,22,,0;0;1;1,24,0,0,,,,0,2,,,,,,,,,,,,,,,,,,,,,,,,,,
24,upsert,0,L0042,2048,0,1787895129.3353717,15.566036462783813,13,0,24,1787895113.7693353,alphamed,agg_static@rho0.8,1,0.55,0.0,4,0.8,agg_static,1787895113.7693064,0,2048,,0,0,0,0,0,0,0,1,25,,0;1;1;1,28,0,0,,,,0,3,,,,,,,,,,,,,,,,,,,,,,,,,,
25,upsert,2,L0026,2048,0,1787895129.335402,15.565877437591553,14,0,25,1787895113.7695246,alphamed,agg_static@rho0.8,1,0.55,0.0,4,0.8,agg_static,1787895113.7695096,0,2048,,0,0,0,0,0,0,0,1,26,,0;1;0;1,28,0,0,,,,0,2,,,,,,,,,,,,,,,,,,,,,,,,,,
26,upsert,1,L0005,2048,0,1787895129.335429,15.565800905227661,15,0,26,1787895113.769628,alphamed,agg_static@rho0.8,1,0.55,0.0,4,0.8,agg_static,1787895113.769616,0,2048,,0,0,0,0,0,0,0,1,27,,0;0;0;1,28,0,0,,,,0,1,,,,,,,,,,,,,,,,,,,,,,,,,,
28,upsert,0,L0034,2560,0,1787895129.335454,12.950830221176147,16,0,28,1787895116.3846238,alphamed,agg_static@rho0.8,1,0.55,0.0,4,0.8,agg_static,1787895116.3845954,0,2560,,0,0,0,0,0,0,0,2,29,,0;1;1;1,32,0,0,,,,0,3,,,,,,,,,,,,,,,,,,,,,,,,,,
29,upsert,3,L0002,2048,0,1787895129.3354778,12.950677394866943,17,0,29,1787895116.3848004,alphamed,agg_static@rho0.8,1,0.55,0.0,4,0.8,agg_static,1787895116.3847868,0,2048,,0,0,0,0,0,0,0,1,30,,0;1;1;0,32,0,0,,,,0,2,,,,,,,,,,,,,,,,,,,,,,,,,,
31,upsert,2,L0018,2048,0,1787895129.335504,12.950520992279053,18,0,31,1787895116.384983,alphamed,agg_static@rho0.8,1,0.55,0.0,4,0.8,agg_static,1787895116.3849735,0,2048,,0,0,0,0,0,0,0,1,32,,0;0;0;0,32,0,0,,,,0,0,,,,,,,,,,,,,,,,,,,,,,,,,,
32,upsert,0,L0005,2560,0,1787895135.8400726,16.695981740951538,19,0,32,1787895119.144091,alphamed,agg_static@rho0.8,1,0.55,0.0,4,0.8,agg_static,1787895119.1440632,0,2560,,0,0,0,0,0,0,0,2,32,20.707054376602173,0;1;1;1,36,0,0,,,,0,3,,,,,,,,,,,,,,,,,,,,,,,,,,
33,upsert,1,L0042,2560,0,1787895135.8401997,16.695613145828247,20,0,33,1787895119.1445866,alphamed,agg_static@rho0.8,1,0.55,0.0,4,0.8,agg_static,1787895119.1445699,0,2560,,0,0,0,0,0,0,0,2,33,20.707054376602173,0;0;1;1,36,0,0,,,,0,2,,,,,,,,,,,,,,,,,,,,,,,,,,
34,upsert,2,L0006,2048,0,1787895135.8402681,16.69531488418579,21,0,34,1787895119.1449533,alphamed,agg_static@rho0.8,1,0.55,0.0,4,0.8,agg_static,1787895119.1449382,0,2048,,0,0,0,0,0,0,0,1,34,20.707054376602173,0;0;0;1,36,0,0,,,,0,1,,,,,,,,,,,,,,,,,,,,,,,,,,
35,upsert,3,L0055,2048,0,1787895135.8403265,16.695061683654785,22,0,35,1787895119.1452649,alphamed,agg_static@rho0.8,1,0.55,0.0,4,0.8,agg_static,1787895119.1452525,0,2048,,0,0,0,0,0,0,0,1,35,20.707054376602173,0;0;0;0,36,0,0,,,,0,0,,,,,,,,,,,,,,,,,,,,,,,,,,
36,upsert,0,L0000,2560,0,1787895135.8403623,13.422170639038086,23,0,36,1787895122.4181917,alphamed,agg_static@rho0.8,1,0.55,0.0,4,0.8,agg_static,1787895122.4181507,0,2560,,0,0,0,0,0,0,0,2,34,20.826860030492146,0;1;1;1,40,0,0,,,,0,3,,,,,,,,,,,,,,,,,,,,,,,,,,
37,upsert,2,L0009,2048,0,1787895135.8403919,13.421732664108276,24,0,37,1787895122.4186592,alphamed,agg_static@rho0.8,1,0.55,0.0,4,0.8,agg_static,1787895122.4186425,0,2048,,0,0,0,0,0,0,0,1,35,20.826860030492146,0;1;0;1,40,0,0,,,,0,2,,,,,,,,,,,,,,,,,,,,,,,,,,
38,upsert,1,L0047,2048,0,1787895135.8404186,13.42142653465271,25,0,38,1787895122.418992,alphamed,agg_static@rho0.8,1,0.55,0.0,4,0.8,agg_static,1787895122.418978,0,2048,,0,0,0,0,0,0,0,1,36,20.826860030492146,0;0;0;1,40,0,0,,,,0,1,,,,,,,,,,,,,,,,,,,,,,,,,,
39,upsert,3,L0033,2560,0,1787895147.1021338,24.6828293800354,26,0,39,1787895122.4193044,alphamed,agg_static@rho0.8,1,0.55,0.0,4,0.8,agg_static,1787895122.4192917,0,2560,,0,0,0,0,0,0,0,2,37,20.826860030492146,0;0;0;0,40,0,0,,,,0,0,,,,,,,,,,,,,,,,,,,,,,,,,,
41,upsert,3,L0001,2048,2560,1787895147.1022425,20.849285125732422,27,0,41,1787895126.2529573,alphamed,agg_static@rho0.8,1,0.55,0.0,4,0.8,agg_static,1787895126.252937,2560,-512,20.318950176239014,0,2560,2560,2048,512,2,0,4,32,17.969642782211302,0;1;1;0,44,0,0,,,,0,2,,,,,,,,,,,,,,,,,,,,,,,,,,
42,upsert,1,L0050,2048,0,1787895147.1022801,20.848942518234253,28,0,42,1787895126.2533376,alphamed,agg_static@rho0.8,1,0.55,0.0,4,0.8,agg_static,1787895126.253323,0,2048,,0,0,0,0,0,0,0,1,33,17.969642782211302,0;0;1;0,44,0,0,,,,0,1,,,,,,,,,,,,,,,,,,,,,,,,,,
43,upsert,2,L0033,3072,0,1787895147.1023126,20.848633766174316,29,0,43,1787895126.2536788,alphamed,agg_static@rho0.8,1,0.55,0.0,4,0.8,agg_static,1787895126.253662,2048,1024,14.626928567886353,0,0,0,0,0,0,0,3,34,17.969642782211302,0;0;0;0,44,1,0,,,,0,0,,,,,,,,,,,,,,,,,,,,,,,,,,
44,upsert,0,L0027,2048,0,1787895147.1023397,18.397955656051636,30,0,44,1787895128.704384,alphamed,agg_static@rho0.8,1,0.55,0.0,4,0.8,agg_static,1787895128.7043588,0,2048,,0,0,0,0,0,0,0,1,35,17.969642782211302,0;1;1;1,48,0,0,,,,0,3,,,,,,,,,,,,,,,,,,,,,,,,,,
45,upsert,1,L0035,2048,0,1787895147.1023676,18.39749836921692,31,0,45,1787895128.7048693,alphamed,agg_static@rho0.8,1,0.55,0.0,4,0.8,agg_static,1787895128.7048526,0,2048,,0,0,0,0,0,0,0,1,36,17.969642782211302,0;0;1;1,48,0,0,,,,0,2,,,,,,,,,,,,,,,,,,,,,,,,,,
46,upsert,2,L0025,2048,0,1787895147.1023934,18.39714765548706,32,0,46,1787895128.7052457,alphamed,agg_static@rho0.8,1,0.55,0.0,4,0.8,agg_static,1787895128.705231,0,2048,,0,0,0,0,0,0,0,1,37,17.969642782211302,0;0;0;1,48,0,0,,,,0,1,,,,,,,,,,,,,,,,,,,,,,,,,,
47,upsert,3,L0034,3072,0,1787895147.1024206,18.39682626724243,33,0,47,1787895128.7055943,alphamed,agg_static@rho0.8,1,0.55,0.0,4,0.8,agg_static,1787895128.7055771,2048,1024,17.0787570476532,0,0,0,0,0,0,0,3,38,17.969642782211302,0;0;0;0,48,1,0,,,,0,0,,,,,,,,,,,,,,,,,,,,,,,,,,
48,upsert,0,L0039,2048,0,1787895154.2478104,23.221901416778564,34,0,48,1787895131.025909,alphamed,agg_static@rho0.8,1,0.55,0.0,4,0.8,agg_static,1787895131.0258863,0,2048,,0,0,0,0,0,0,0,1,31,16.83373435338338,0;1;1;1,53,0,0,,,,0,3,,,,,,,,,,,,,,,,,,,,,,,,,,
49,upsert,1,L0013,2560,2048,1787895154.247904,23.22148561477661,35,0,49,1787895131.0264184,alphamed,agg_static@rho0.8,1,0.55,0.0,4,0.8,agg_static,1787895131.0263984,2048,512,21.74359440803528,0,2048,2048,0,2048,1,0,2,32,16.83373435338338,0;0;1;1,53,0,0,,,,0,2,,,,,,,,,,,,,,,,,,,,,,,,,,
50,upsert,3,L0000,3072,0,1787895154.2479384,23.22109866142273,36,0,50,1787895131.0268397,alphamed,agg_static@rho0.8,1,0.55,0.0,4,0.8,agg_static,1787895131.0268228,2048,1024,17.257117748260498,0,0,0,0,0,0,0,4,33,16.83373435338338,0;0;1;0,53,1,0,,,,0,1,,,,,,,,,,,,,,,,,,,,,,,,,,
52,upsert,1,L0014,2048,0,1787895154.2479703,19.12828540802002,37,0,52,1787895135.119685,alphamed,agg_static@rho0.8,1,0.55,0.0,4,0.8,agg_static,1787895135.1196609,0,2048,,0,0,0,0,0,0,0,1,35,16.83373435338338,2;0;0;1,58,0,0,,,,0,3,,,,,,,,,,,,,,,,,,,,,,,,,,
53,upsert,0,L0006,2560,0,1787895154.2479963,19.127801656723022,38,0,53,1787895135.1201947,alphamed,agg_static@rho0.8,1,0.55,0.0,4,0.8,agg_static,1787895135.1201777,0,2560,,0,0,0,0,0,0,0,2,36,16.83373435338338,1;0;0;1,58,0,0,,,,0,2,,,,,,,,,,,,,,,,,,,,,,,,,,
54,upsert,3,L0024,2560,0,1787895154.2480202,19.127408981323242,39,0,54,1787895135.1206112,alphamed,agg_static@rho0.8,1,0.55,0.0,4,0.8,agg_static,1787895135.120596,0,2560,,0,0,0,0,0,0,0,2,37,16.83373435338338,1;0;0;0,58,0,0,,,,0,1,,,,,,,,,,,,,,,,,,,,,,,,,,
55,upsert,0,L0022,2560,2048,1787895154.2480438,19.127047061920166,40,0,55,1787895135.1209967,alphamed,agg_static@rho0.8,1,0.55,0.0,4,0.8,agg_static,1787895135.1209798,2048,512,29.187174320220947,0,2048,2048,0,2048,1,0,2,38,16.83373435338338,0;0;0;0,58,0,0,,,,0,0,,,,,,,,,,,,,,,,,,,,,,,,,,
56,upsert,3,L0001,2560,2048,1787895160.5196626,23.520076513290405,41,0,56,1787895136.999586,alphamed,agg_static@rho0.8,1,0.55,0.0,4,0.8,agg_static,1787895136.9995582,2048,512,10.746621131896973,0,2560,2560,2048,512,2,0,5,32,16.402180786132813,1;1;0;1,66,1,0,,,,0,3,,,,,,,,,,,,,,,,,,,,,,,,,,
57,upsert,0,L0022,3072,2560,1787895160.5197816,23.51965618133545,42,0,57,1787895137.0001254,alphamed,agg_static@rho0.8,1,0.55,0.0,4,0.8,agg_static,1787895137.0001063,2560,512,1.8791265487670898,0,2048,2048,0,2048,1,0,3,33,16.402180786132813,0;1;0;1,66,1,0,,,,0,2,,,,,,,,,,,,,,,,,,,,,,,,,,
58,upsert,3,L0021,2560,2048,1787895160.5198414,23.519219160079956,43,0,58,1787895137.0006223,alphamed,agg_static@rho0.8,1,0.55,0.0,4,0.8,agg_static,1787895137.000606,2048,512,36.65417528152466,0,2048,2048,0,2048,1,0,2,34,16.402180786132813,0;1;0;0,66,0,0,,,,0,1,,,,,,,,,,,,,,,,,,,,,,,,,,
59,upsert,1,L0013,3072,2560,1787895160.5198905,23.51887083053589,44,0,59,1787895137.0010197,alphamed,agg_static@rho0.8,1,0.55,0.0,4,0.8,agg_static,1787895137.001004,2560,512,5.974605560302734,0,2048,2048,0,2048,1,0,3,35,16.402180786132813,0;0;0;0,66,1,0,,,,0,0,,,,,,,,,,,,,,,,,,,,,,,,,,
60,upsert,2,L0052,2048,0,1787895160.519934,20.366336584091187,45,0,60,1787895140.1535974,alphamed,agg_static@rho0.8,1,0.55,0.0,4,0.8,agg_static,1787895140.153575,0,2048,,0,0,0,0,0,0,0,1,36,16.402180786132813,0;1;0;2,72,0,0,,,,0,3,,,,,,,,,,,,,,,,,,,,,,,,,,
61,upsert,3,L0021,3072,2560,1787895160.519983,20.365891933441162,46,0,61,1787895140.1540911,alphamed,agg_static@rho0.8,1,0.55,0.0,4,0.8,agg_static,1787895140.1540716,2560,512,3.153465509414673,0,2048,2048,0,2048,1,0,3,37,16.402180786132813,0;1;0;1,72,1,0,,,,0,2,,,,,,,,,,,,,,,,,,,,,,,,,,
62,upsert,1,L0040,2048,0,1787895160.5200243,20.365442514419556,47,0,62,1787895140.1545818,alphamed,agg_static@rho0.8,1,0.55,0.0,4,0.8,agg_static,1787895140.1545675,0,2048,,0,0,0,0,0,0,0,1,38,16.402180786132813,0;0;0;1,72,0,0,,,,0,1,,,,,,,,,,,,,,,,,,,,,,,,,,
63,upsert,3,L0007,3072,2560,1787895165.872922,25.71797275543213,48,0,63,1787895140.1549492,alphamed,agg_static@rho0.8,1,0.55,0.0,4,0.8,agg_static,1787895140.1549337,2560,512,30.87222981452942,0,2560,2560,2048,512,2,0,3,39,16.402180786132813,0;0;0;0,72,0,0,,,,0,0,,,,,,,,,,,,,,,,,,,,,,,,,,
64,upsert,0,L0070,2048,0,1787895165.8730187,23.312129259109497,49,1,64,1787895142.5608895,alphamed,agg_static@rho0.8,1,0.55,0.0,4,0.8,agg_static,1787895142.5608656,0,2048,,0,0,0,0,0,0,0,1,40,16.402180786132813,0;1;1;1,76,0,1,0,0,1,0,3,120,120,19.171635389328003,,2,2,2,2,0,0,2560,2560,0,0.0,0.0,0.0,23312.129259109497,0.0,115.169895,2080.0,0,0,0,0,0,0
65,upsert,2,L0077,2048,0,1787895165.8730662,23.311660766601562,50,0,65,1787895142.5614054,alphamed,agg_static@rho0.8,1,0.55,0.0,4,0.8,agg_static,1787895142.561389,0,2048,,0,0,0,0,0,0,0,1,41,16.402180786132813,0;1;0;1,76,0,0,,,,0,2,,,,,,,,,,,,,,,,,,,,,,,,,,
66,upsert,1,L0086,2048,0,1787895165.8731077,23.311315059661865,51,0,66,1787895142.5617926,alphamed,agg_static@rho0.8,1,0.55,0.0,4,0.8,agg_static,1787895142.561778,0,2048,,0,0,0,0,0,0,0,1,42,16.402180786132813,0;0;0;1,76,0,0,,,,0,1,,,,,,,,,,,,,,,,,,,,,,,,,,
67,upsert,3,L0095,2048,0,1787895165.8731413,23.310991287231445,52,0,67,1787895142.56215,alphamed,agg_static@rho0.8,1,0.55,0.0,4,0.8,agg_static,1787895142.5621378,0,2048,,0,0,0,0,0,0,0,1,43,16.402180786132813,0;0;0;0,76,0,0,,,,0,0,,,,,,,,,,,,,,,,,,,,,,,,,,
68,upsert,0,L0125,2048,0,1787895165.8731976,20.89073944091797,53,0,68,1787895144.982458,alphamed,agg_static@rho0.8,1,0.55,0.0,4,0.8,agg_static,1787895144.9824395,0,2048,,0,0,0,0,0,0,0,1,44,16.402180786132813,0;1;1;1,80,0,0,,,,0,3,,,,,,,,,,,,,,,,,,,,,,,,,,
69,upsert,3,L0069,2048,0,1787895165.873229,20.890504837036133,54,0,69,1787895144.9827242,alphamed,agg_static@rho0.8,1,0.55,0.0,4,0.8,agg_static,1787895144.9827163,0,2048,,0,0,0,0,0,0,0,1,45,16.402180786132813,0;1;1;0,80,0,0,,,,0,2,,,,,,,,,,,,,,,,,,,,,,,,,,
70,upsert,1,L0068,2048,0,1787895165.8732533,20.890382766723633,55,3,70,1787895144.9828706,alphamed,agg_static@rho0.8,1,0.55,0.0,4,0.8,agg_static,1787895144.9828644,0,2048,,0,0,0,0,0,0,0,1,46,16.402180786132813,0;0;1;0,80,0,1,0,1,0,0,1,104,104,4.03043007850647,,0,1,0,1,0,0,0,2048,2048,40.96,0.0,40.96,20890.382766723633,40.96,878.232352,2080.0,1,3,3,40.96,120.88,120.88
71,upsert,2,L0109,2048,0,1787895173.587625,28.6046245098114,56,1,71,1787895144.9830005,alphamed,agg_static@rho0.8,1,0.55,0.0,4,0.8,agg_static,1787895144.9829948,0,2048,,0,0,0,0,0,0,0,1,47,16.402180786132813,0;0;0;0,80,0,1,0,1,0,0,0,119,119,5.970207214355469,,3,2,3,2,0,1,0,2048,2048,40.96,2.0,38.96,28604.6245098114,38.96,4744.248202,2080.0,1,1,1,38.96,38.96,38.96
72,upsert,0,L0106,2048,0,1787895173.5877552,25.720470666885376,57,0,72,1787895147.8672845,alphamed,agg_static@rho0.8,1,0.55,0.0,4,0.8,agg_static,1787895147.867258,0,2048,,0,0,0,0,0,0,0,1,40,17.192705750465393,0;1;1;1,84,0,0,,,,0,3,,,,,,,,,,,,,,,,,,,,,,,,,,
73,upsert,1,L0077,2560,0,1787895173.5878208,25.719993114471436,58,0,73,1787895147.8678277,alphamed,agg_static@rho0.8,1,0.55,0.0,4,0.8,agg_static,1787895147.867812,0,2560,,0,0,0,0,0,0,0,2,41,17.192705750465393,0;0;1;1,84,0,0,,,,0,2,,,,,,,,,,,,,,,,,,,,,,,,,,
74,upsert,2,L0070,2560,0,1787895173.5878763,25.719602584838867,59,1,74,1787895147.8682737,alphamed,agg_static@rho0.8,1,0.55,0.0,4,0.8,agg_static,1787895147.868259,0,2560,,0,0,0,0,0,0,0,2,42,17.192705750465393,0;0;0;1,84,0,1,0,1,0,0,1,120,120,11.456777811050415,,0,2,0,2,0,0,2048,2560,512,10.24,0.0,10.24,25719.602584838867,10.24,115.169895,2080.0,1,1,1,10.24,10.24,10.24
75,upsert,3,L0064,2048,0,1787895173.5879207,25.719240188598633,60,3,75,1787895147.8686805,alphamed,agg_static@rho0.8,1,0.55,0.0,4,0.8,agg_static,1787895147.8686678,0,2048,,0,0,0,0,0,0,0,1,43,17.192705750465393,0;0;0;0,84,0,1,0,1,0,0,0,113,113,3.6145012378692627,,0,3,0,3,0,0,0,2048,2048,40.96,0.0,40.96,25719.240188598633,40.96,126.500091,2080.0,1,3,3,40.96,118.88,118.88
76,upsert,0,L0099,2048,0,1787895173.5879607,23.373855590820312,61,0,76,1787895150.2141051,alphamed,agg_static@rho0.8,1,0.55,0.0,4,0.8,agg_static,1787895150.2140813,0,2048,,0,0,0,0,0,0,0,1,44,17.192705750465393,0;1;1;1,88,0,0,,,,0,3,,,,,,,,,,,,,,,,,,,,,,,,,,
77,upsert,2,L0122,2048,0,1787895173.5880039,23.373345375061035,62,0,77,1787895150.2146585,alphamed,agg_static@rho0.8,1,0.55,0.0,4,0.8,agg_static,1787895150.2146413,0,2048,,0,0,0,0,0,0,0,1,45,17.192705750465393,0;1;0;1,88,0,0,,,,0,2,,,,,,,,,,,,,,,,,,,,,,,,,,
78,upsert,1,L0090,2048,0,1787895182.1701472,31.95508575439453,63,0,78,1787895150.2150614,alphamed,agg_static@rho0.8,1,0.55,0.0,4,0.8,agg_static,1787895150.2150474,0,2048,,0,0,0,0,0,0,0,1,46,17.192705750465393,0;0;0;1,88,0,0,,,,0,1,,,,,,,,,,,,,,,,,,,,,,,,,,
79,upsert,3,L0093,2048,0,1787895182.1703017,31.954859972000122,64,0,79,1787895150.2154417,alphamed,agg_static@rho0.8,1,0.55,0.0,4,0.8,agg_static,1787895150.2154284,0,2048,,0,0,0,0,0,0,0,1,47,17.192705750465393,0;0;0;0,88,0,0,,,,0,0,,,,,,,,,,,,,,,,,,,,,,,,,,
80,upsert,0,L0076,2048,0,1787895182.1703653,28.97500491142273,65,0,80,1787895153.1953604,alphamed,agg_static@rho0.8,1,0.55,0.0,4,0.8,agg_static,1787895153.195342,0,2048,,0,0,0,0,0,0,0,1,48,17.192705750465393,0;1;1;1,92,0,0,,,,0,3,,,,,,,,,,,,,,,,,,,,,,,,,,
81,upsert,3,L0072,2048,0,1787895182.1704228,28.974791526794434,66,0,81,1787895153.1956313,alphamed,agg_static@rho0.8,1,0.55,0.0,4,0.8,agg_static,1787895153.1956227,0,2048,,0,0,0,0,0,0,0,1,49,17.192705750465393,0;1;1;0,92,0,0,,,,0,2,,,,,,,,,,,,,,,,,,,,,,,,,,
82,upsert,1,L0096,2048,0,1787895182.1704683,28.97468614578247,67,0,82,1787895153.1957822,alphamed,agg_static@rho0.8,1,0.55,0.0,4,0.8,agg_static,1787895153.1957762,0,2048,,0,0,0,0,0,0,0,1,50,17.192705750465393,0;0;1;0,92,0,0,,,,0,1,,,,,,,,,,,,,,,,,,,,,,,,,,
83,upsert,2,L0069,2560,0,1787895182.17051,28.974599599838257,68,0,83,1787895153.1959105,alphamed,agg_static@rho0.8,1,0.55,0.0,4,0.8,agg_static,1787895153.1959054,0,2560,,0,0,0,0,0,0,0,2,51,17.192705750465393,0;0;0;0,92,0,0,,,,0,0,,,,,,,,,,,,,,,,,,,,,,,,,,
84,upsert,0,L0085,2048,0,1787895182.1705554,26.001738786697388,69,0,84,1787895156.1688166,alphamed,agg_static@rho0.8,1,0.55,0.0,4,0.8,agg_static,1787895156.168799,0,2048,,0,0,0,0,0,0,0,2,45,17.66934621334076,0;1;1;1,96,0,0,,,,0,3,,,,,,,,,,,,,,,,,,,,,,,,,,
85,upsert,1,L0078,2048,0,1787895182.1705952,26.001511812210083,70,0,85,1787895156.1690834,alphamed,agg_static@rho0.8,1,0.55,0.0,4,0.8,agg_static,1787895156.169076,0,2048,,0,0,0,0,0,0,0,1,46,17.66934621334076,0;0;1;1,96,0,0,,,,0,2,,,,,,,,,,,,,,,,,,,,,,,,,,
86,upsert,2,L0085,2560,0,1787895189.4711087,33.301857709884644,71,0,86,1787895156.169251,alphamed,agg_static@rho0.8,1,0.55,0.0,4,0.8,agg_static,1787895156.169245,0,2560,,0,0,0,0,0,0,0,2,47,17.66934621334076,0;0;0;1,96,0,0,,,,0,1,,,,,,,,,,,,,,,,,,,,,,,,,,
87,upsert,3,L0116,2048,0,1787895189.471256,33.30184555053711,72,0,87,1787895156.1694105,alphamed,agg_static@rho0.8,1,0.55,0.0,4,0.8,agg_static,1787895156.1694055,0,2048,,0,0,0,0,0,0,0,1,48,17.66934621334076,0;0;0;0,96,0,0,,,,0,0,,,,,,,,,,,,,,,,,,,,,,,,,,
88,upsert,0,L0118,2048,0,1787895189.4713218,29.38289451599121,73,0,88,1787895160.0884273,alphamed,agg_static@rho0.8,1,0.55,0.0,4,0.8,agg_static,1787895160.0883968,0,2048,,0,0,0,0,0,0,0,1,49,17.66934621334076,0;1;1;1,100,0,0,,,,0,3,,,,,,,,,,,,,,,,,,,,,,,,,,
89,upsert,2,L0071,2048,0,1787895189.471376,29.382405281066895,74,0,89,1787895160.0889707,alphamed,agg_static@rho0.8,1,0.55,0.0,4,0.8,agg_static,1787895160.0889542,0,2048,,0,0,0,0,0,0,0,1,50,17.66934621334076,0;1;0;1,100,0,0,,,,0,2,,,,,,,,,,,,,,,,,,,,,,,,,,
91,upsert,3,L0064,2560,2048,1787895189.471421,29.381590604782104,75,0,91,1787895160.0898304,alphamed,agg_static@rho0.8,1,0.55,0.0,4,0.8,agg_static,1787895160.0898132,2048,512,12.221145391464233,0,0,0,0,0,0,0,2,52,17.66934621334076,0;0;0;0,100,1,0,,,,0,0,,,,,,,,,,,,,,,,,,,,,,,,,,
92,upsert,0,L0116,2560,0,1787895189.4714649,26.451809406280518,76,0,92,1787895163.0196555,alphamed,agg_static@rho0.8,1,0.55,0.0,4,0.8,agg_static,1787895163.0196319,0,2560,,0,0,0,0,0,0,0,2,46,19.00215534865856,0;1;1;1,104,0,0,,,,0,3,,,,,,,,,,,,,,,,,,,,,,,,,,
93,upsert,3,L0072,2560,2048,1787895189.4715087,26.451270818710327,77,0,93,1787895163.020238,alphamed,agg_static@rho0.8,1,0.55,0.0,4,0.8,agg_static,1787895163.020218,2048,512,9.824595212936401,0,0,0,0,0,0,0,2,47,19.00215534865856,0;1;1;0,104,1,0,,,,0,2,,,,,,,,,,,,,,,,,,,,,,,,,,
94,upsert,1,L0066,2048,0,1787895189.4715548,26.45088219642639,78,0,94,1787895163.0206726,alphamed,agg_static@rho0.8,1,0.55,0.0,4,0.8,agg_static,1787895163.020658,0,2048,,0,0,0,0,0,0,0,1,48,19.00215534865856,0;0;1;0,104,0,0,,,,0,1,,,,,,,,,,,,,,,,,,,,,,,,,,
95,upsert,2,L0120,2048,0,1787895194.4332902,31.41224956512451,79,0,95,1787895163.0210407,alphamed,agg_static@rho0.8,1,0.55,0.0,4,0.8,agg_static,1787895163.021027,0,2048,,0,0,0,0,0,0,0,1,49,19.00215534865856,0;0;0;0,104,0,0,,,,0,0,,,,,,,,,,,,,,,,,,,,,,,,,,
96,upsert,0,L0120,2560,0,1787895194.4334013,28.334405183792114,80,0,96,1787895166.0989962,alphamed,agg_static@rho0.8,1,0.55,0.0,4,0.8,agg_static,1787895166.0989766,0,2560,,0,0,0,0,0,0,0,2,42,20.957765519618988,0;1;1;1,108,0,0,,,,0,3,,,,,,,,,,,,,,,,,,,,,,,,,,
97,upsert,1,L0099,2560,0,1787895194.4334593,28.33416986465454,81,0,97,1787895166.0992894,alphamed,agg_static@rho0.8,1,0.55,0.0,4,0.8,agg_static,1787895166.0992815,0,2560,,0,0,0,0,0,0,0,2,43,20.957765519618988,0;0;1;1,108,0,0,,,,0,2,,,,,,,,,,,,,,,,,,,,,,,,,,
98,upsert,2,L0076,2560,0,1787895194.433507,28.33404850959778,82,0,98,1787895166.0994585,alphamed,agg_static@rho0.8,1,0.55,0.0,4,0.8,agg_static,1787895166.0994513,0,2560,,0,0,0,0,0,0,0,2,44,20.957765519618988,0;0;0;1,108,0,0,,,,0,1,,,,,,,,,,,,,,,,,,,,,,,,,,
99,upsert,3,L0064,3072,2560,1787895194.433555,28.33394980430603,83,0,99,1787895166.099605,alphamed,agg_static@rho0.8,1,0.55,0.0,4,0.8,agg_static,1787895166.0995984,2560,512,6.009785175323486,0,0,0,0,0,0,0,3,45,20.957765519618988,0;0;0;0,108,1,0,,,,0,0,,,,,,,,,,,,,,,,,,,,,,,,,,
100,upsert,0,L0072,3072,0,1787895194.4336007,24.53070855140686,84,0,100,1787895169.902892,alphamed,agg_static@rho0.8,1,0.55,0.0,4,0.8,agg_static,1787895169.902874,0,3072,,0,0,0,0,0,0,0,3,46,20.957765519618988,0;1;1;1,112,0,0,,,,0,3,,,,,,,,,,,,,,,,,,,,,,,,,,
101,upsert,2,L0096,2560,0,1787895194.4336424,24.53043007850647,85,0,101,1787895169.9032123,alphamed,agg_static@rho0.8,1,0.55,0.0,4,0.8,agg_static,1787895169.9032018,0,2560,,0,0,0,0,0,0,0,2,47,20.957765519618988,0;1;0;1,112,0,0,,,,0,2,,,,,,,,,,,,,,,,,,,,,,,,,,
102,upsert,1,L0092,2048,0,1787895196.7720804,26.868695497512817,86,0,102,1787895169.903385,alphamed,agg_static@rho0.8,1,0.55,0.0,4,0.8,agg_static,1787895169.9033792,0,2048,,0,0,0,0,0,0,0,1,48,20.957765519618988,0;0;0;1,112,0,0,,,,0,1,,,,,,,,,,,,,,,,,,,,,,,,,,
103,upsert,3,L0102,2048,0,1787895196.772215,26.86869525909424,87,0,103,1787895169.9035196,alphamed,agg_static@rho0.8,1,0.55,0.0,4,0.8,agg_static,1787895169.9035146,0,2048,,0,0,0,0,0,0,0,1,49,20.957765519618988,0;0;0;0,112,0,0,,,,0,0,,,,,,,,,,,,,,,,,,,,,,,,,,
104,upsert,1,L0068,2560,2048,1787895196.7722774,24.23346209526062,88,0,104,1787895172.5388153,alphamed,agg_static@rho0.8,1,0.55,0.0,4,0.8,agg_static,1787895172.538797,2048,512,27.55593252182007,0,2048,2048,0,2048,1,0,2,50,20.957765519618988,1;0;1;1,117,0,0,,,,0,3,,,,,,,,,,,,,,,,,,,,,,,,,,
105,upsert,0,L0102,2560,0,1787895196.772328,24.233224391937256,89,0,105,1787895172.5391035,alphamed,agg_static@rho0.8,1,0.55,0.0,4,0.8,agg_static,1787895172.539094,0,2560,,0,0,0,0,0,0,0,2,51,20.957765519618988,0;0;1;1,117,0,0,,,,0,2,,,,,,,,,,,,,,,,,,,,,,,,,,
106,upsert,3,L0087,2048,0,1787895196.7723749,24.233092784881592,90,0,106,1787895172.539282,alphamed,agg_static@rho0.8,1,0.55,0.0,4,0.8,agg_static,1787895172.539276,0,2048,,0,0,0,0,0,0,0,1,52,20.957765519618988,0;0;1;0,117,0,0,,,,0,1,,,,,,,,,,,,,,,,,,,,,,,,,,
107,upsert,2,L0083,2048,0,1787895196.7724187,24.232999801635742,91,0,107,1787895172.539419,alphamed,agg_static@rho0.8,1,0.55,0.0,4,0.8,agg_static,1787895172.5394135,0,2048,,0,0,0,0,0,0,0,1,53,20.957765519618988,0;0;0;0,117,0,0,,,,0,0,,,,,,,,,,,,,,,,,,,,,,,,,,
108,upsert,1,L0079,2048,0,1787895196.7724621,19.57083773612976,92,0,108,1787895177.2016244,alphamed,agg_static@rho0.8,1,0.55,0.0,4,0.8,agg_static,1787895177.2016072,0,2048,,0,0,0,0,0,0,0,1,47,22.387775719165802,0;1;1;1,122,0,0,,,,0,3,,,,,,,,,,,,,,,,,,,,,,,,,,
109,upsert,2,L0121,2048,0,1787895196.7725017,19.57060194015503,93,0,109,1787895177.2018998,alphamed,agg_static@rho0.8,1,0.55,0.0,4,0.8,agg_static,1787895177.2018902,0,2048,,0,0,0,0,0,0,0,1,48,22.387775719165802,0;1;0;1,122,0,0,,,,0,2,,,,,,,,,,,,,,,,,,,,,,,,,,
111,upsert,1,L0068,3072,2560,1787895201.698972,24.496748447418213,94,0,111,1787895177.2022235,alphamed,agg_static@rho0.8,1,0.55,0.0,4,0.8,agg_static,1787895177.2022166,2560,512,4.663419723510742,0,2048,2048,0,2048,1,0,3,50,22.387775719165802,0;0;0;0,122,1,0,,,,0,0,,,,,,,,,,,,,,,,,,,,,,,,,,
112,upsert,2,L0080,2048,0,1787895201.699073,22.14204502105713,95,0,112,1787895179.557028,alphamed,agg_static@rho0.8,1,0.55,0.0,4,0.8,agg_static,1787895179.5570102,0,2048,,0,0,0,0,0,0,0,1,51,22.387775719165802,0;1;0;2,128,0,0,,,,0,3,,,,,,,,,,,,,,,,,,,,,,,,,,
113,upsert,3,L0064,2048,3072,1787895201.6991324,22.141818284988403,96,0,113,1787895179.5573142,alphamed,agg_static@rho0.8,1,0.55,0.0,4,0.8,agg_static,1787895179.5573044,3072,-1024,13.457705974578857,0,2048,2048,0,2048,1,0,5,52,22.387775719165802,0;1;0;1,128,1,0,,,,0,2,,,,,,,,,,,,,,,,,,,,,,,,,,
114,upsert,1,L0066,2560,2048,1787895201.6992116,22.141738176345825,97,0,114,1787895179.5574734,alphamed,agg_static@rho0.8,1,0.55,0.0,4,0.8,agg_static,1787895179.557467,2048,512,16.536808967590332,0,0,0,0,0,0,0,2,53,22.387775719165802,0;0;0;1,128,1,0,,,,0,1,,,,,,,,,,,,,,,,,,,,,,,,,,
115,upsert,3,L0064,2560,2048,1787895201.6992574,22.141635179519653,98,0,115,1787895179.5576222,alphamed,agg_static@rho0.8,1,0.55,0.0,4,0.8,agg_static,1787895179.5576174,2048,512,0.00031304359436035156,0,2048,2048,0,2048,1,0,5,54,22.387775719165802,0;0;0;0,128,1,0,,,,0,0,,,,,,,,,,,,,,,,,,,,,,,,,,
116,upsert,0,L0067,2048,0,1787895201.6992981,16.656586170196533,99,0,116,1787895185.042712,alphamed,agg_static@rho0.8,1,0.55,0.0,4,0.8,agg_static,1787895185.0426836,0,2048,,0,0,0,0,0,0,0,1,47,24.534658014774323,0;1;2;0,133,0,0,,,,0,3,,,,,,,,,,,,,,,,,,,,,,,,,,
117,upsert,1,L0074,2048,0,1787895201.6993425,16.656052589416504,100,0,117,1787895185.04329,alphamed,agg_static@rho0.8,1,0.55,0.0,4,0.8,agg_static,1787895185.0432718,0,2048,,0,0,0,0,0,0,0,1,48,24.534658014774323,0;0;2;0,133,0,0,,,,0,2,,,,,,,,,,,,,,,,,,,,,,,,,,
118,upsert,2,L0066,3072,0,1787895201.6993861,16.655686140060425,101,0,118,1787895185.0437,alphamed,agg_static@rho0.8,1,0.55,0.0,4,0.8,agg_static,1787895185.0436852,0,3072,,0,0,0,0,0,0,0,3,49,24.534658014774323,0;0;1;0,133,0,0,,,,0,1,,,,,,,,,,,,,,,,,,,,,,,,,,
119,upsert,2,L0109,2560,2048,1787895204.7138364,19.669686317443848,102,0,119,1787895185.04415,alphamed,agg_static@rho0.8,1,0.55,0.0,4,0.8,agg_static,1787895185.0441334,2048,512,40.06113862991333,0,2048,2048,0,2048,1,0,2,50,24.534658014774323,0;0;0;0,133,0,0,,,,0,0,,,,,,,,,,,,,,,,,,,,,,,,,,
120,upsert,2,L0070,2048,2560,1787895204.7139404,17.3535373210907,103,0,120,1787895187.360403,alphamed,agg_static@rho0.8,1,0.55,0.0,4,0.8,agg_static,1787895187.3603706,2560,-512,39.492111682891846,0,2560,2560,2048,512,2,0,4,51,24.534658014774323,1;1;0;1,139,0,0,,,,0,3,,,,,,,,,,,,,,,,,,,,,,,,,,
121,upsert,1,L0068,2048,3072,1787895204.7139988,17.353030681610107,104,0,121,1787895187.360968,alphamed,agg_static@rho0.8,1,0.55,0.0,4,0.8,agg_static,1787895187.360948,3072,-1024,10.158731460571289,0,2048,2048,0,2048,1,0,4,52,24.534658014774323,1;0;0;1,139,1,0,,,,0,2,,,,,,,,,,,,,,,,,,,,,,,,,,
123,upsert,0,L0100,2048,0,1787895204.714046,17.35227084159851,105,0,123,1787895187.3617752,alphamed,agg_static@rho0.8,1,0.55,0.0,4,0.8,agg_static,1787895187.3617606,0,2048,,0,0,0,0,0,0,0,1,54,24.534658014774323,0;0;0;0,139,0,0,,,,0,0,,,,,,,,,,,,,,,,,,,,,,,,,,
124,upsert,3,L0089,2048,0,1787895204.7140927,14.595511674880981,106,0,124,1787895190.118581,alphamed,agg_static@rho0.8,1,0.55,0.0,4,0.8,agg_static,1787895190.1185482,0,2048,,0,0,0,0,0,0,0,1,47,26.442159540951252,0;1;1;1,144,0,0,,,,0,3,,,,,,,,,,,,,,,,,,,,,,,,,,
125,upsert,3,L0064,3072,2560,1787895204.7141433,14.594997644424438,107,0,125,1787895190.1191456,alphamed,agg_static@rho0.8,1,0.55,0.0,4,0.8,agg_static,1787895190.1191258,2560,512,10.561508417129517,0,2560,2560,0,2560,1,0,6,48,26.442159540951252,0;1;1;0,144,1,0,,,,0,2,,,,,,,,,,,,,,,,,,,,,,,,,,
126,upsert,1,L0066,2560,2560,1787895204.7142112,14.594563484191895,108,0,126,1787895190.1196477,alphamed,agg_static@rho0.8,1,0.55,0.0,4,0.8,agg_static,1787895190.1196308,2560,0,10.562163829803467,0,2048,2048,0,2048,1,0,5,49,26.442159540951252,0;0;1;0,144,1,0,,,,0,1,,,,,,,,,,,,,,,,,,,,,,,,,,
0,upsert,0,L0011,2048,0,1787895396.263453,0.0013887882232666016,1,1,0,1787895396.2620642,alphahigh,agg_static@rho0.8,0,1.0,0.0,4,0.8,agg_static,1787895396.262046,0,2048,,0,0,0,0,0,0,0,1,1,,0;1;1;1,4,0,1,0,0,1,0,3,37,37,20.64102268218994,,0,0,0,0,0,0,0,0,0,0.0,0.0,0.0,1.3887882232666016,0.0,801.77131,2080.0,0,0,0,0,0,0
2,upsert,1,L0024,2048,0,1787895396.2635086,0.0013170242309570312,2,0,2,1787895396.2621915,alphahigh,agg_static@rho0.8,0,1.0,0.0,4,0.8,agg_static,1787895396.2621872,0,2048,,0,0,0,0,0,0,0,1,3,,0;0;0;1,4,0,0,,,,0,1,,,,,,,,,,,,,,,,,,,,,,,,,,
1,upsert,2,L0004,2048,0,1787895396.2635355,0.0013933181762695312,3,1,1,1787895396.2621422,alphahigh,agg_static@rho0.8,0,1.0,0.0,4,0.8,agg_static,1787895396.262137,0,2048,,0,0,0,0,0,0,0,1,2,,0;1;0;1,4,0,1,1,0,1,0,2,47,47,25.821249961853027,,2,2,2,2,1,1,0,0,0,0.0,0.0,0.0,1.3933181762695312,0.0,1992.226249,2080.0,0,0,0,0,0,0
3,upsert,3,L0001,2048,0,1787895396.2635586,0.0013344287872314453,4,3,3,1787895396.2622242,alphahigh,agg_static@rho0.8,0,1.0,0.0,4,0.8,agg_static,1787895396.2622206,0,2048,,0,0,0,0,0,0,0,1,4,,0;0;0;0,4,0,1,1,0,1,0,0,48,48,28.353431463241577,,3,3,3,3,0,0,0,0,0,0.0,0.0,0.0,1.3344287872314453,0.0,245.517182,2080.0,0,0,0,0,0,0
4,upsert,0,L0000,2048,0,1787895399.8324711,0.001569509506225586,5,4,4,1787895399.8309016,alphahigh,agg_static@rho0.8,0,1.0,0.0,4,0.8,agg_static,1787895399.830882,0,2048,,0,0,0,0,0,0,0,2,1,0.0013583898544311523,0;1;1;1,8,0,1,1,0,1,0,3,35,35,14.65121603012085,,0,0,0,0,0,0,0,0,0,0.0,0.0,0.0,1.569509506225586,0.0,276.874902,3136.0,0,0,0,0,0,0
5,upsert,3,L0000,2560,0,1787895399.8325198,0.0014796257019042969,6,4,5,1787895399.8310401,alphahigh,agg_static@rho0.8,0,1.0,0.0,4,0.8,agg_static,1787895399.8310342,0,2560,,0,0,0,0,0,0,0,2,2,0.0013583898544311523,0;1;1;0,8,0,1,1,0,1,0,2,35,35,14.651167392730713,,0,0,0,0,0,0,0,0,0,0.0,0.0,0.0,1.4796257019042969,0.0,276.874902,3136.0,0,0,0,0,0,0
6,upsert,1,L0030,2048,0,1787895399.8325481,0.0014450550079345703,7,0,6,1787895399.831103,alphahigh,agg_static@rho0.8,0,1.0,0.0,4,0.8,agg_static,1787895399.8310978,0,2048,,0,0,0,0,0,0,0,1,3,0.0013583898544311523,0;0;1;0,8,0,0,,,,0,1,,,,,,,,,,,,,,,,,,,,,,,,,,
7,upsert,2,L0044,2048,0,1787895399.832571,0.001415252685546875,8,0,7,1787895399.8311558,alphahigh,agg_static@rho0.8,0,1.0,0.0,4,0.8,agg_static,1787895399.8311512,0,2048,,0,0,0,0,0,0,0,1,4,0.0013583898544311523,0;0;0;0,8,0,0,,,,0,0,,,,,,,,,,,,,,,,,,,,,,,,,,
8,upsert,0,L0000,3072,2048,1787895402.06883,0.0017848014831542969,9,4,8,1787895402.0670452,alphahigh,agg_static@rho0.8,0,1.0,0.0,4,0.8,agg_static,1787895402.0670257,2048,1024,2.2361435890197754,0,2048,2560,2048,512,2,0,5,1,0.0014178752899169922,0;1;1;1,12,0,1,0,1,0,0,3,35,35,12.414857149124146,,3,0,3,0,1,0,0,0,0,0.0,-2.0,2.0,1.7848014831542969,2.0,276.874902,3136.0,1,3,3,2.0,2.0,2.0
9,upsert,1,L0005,2048,0,1787895402.0688791,0.0016658306121826172,10,0,9,1787895402.0672133,alphahigh,agg_static@rho0.8,0,1.0,0.0,4,0.8,agg_static,1787895402.067205,0,2048,,0,0,0,0,0,0,0,1,2,0.0014178752899169922,0;0;1;1,12,0,0,,,,0,2,,,,,,,,,,,,,,,,,,,,,,,,,,
11,upsert,3,L0000,2560,2560,1787895402.068907,0.0015614032745361328,11,4,11,1787895402.0673456,alphahigh,agg_static@rho0.8,0,1.0,0.0,4,0.8,agg_static,1787895402.0673394,2560,0,2.2363052368164062,0,2560,2560,2048,512,2,0,5,4,0.0014178752899169922,0;0;0;0,12,0,1,1,0,1,0,0,35,35,12.414780139923096,,0,0,0,0,0,0,0,0,0,0.0,0.0,0.0,1.5614032745361328,0.0,276.874902,3136.0,0,0,0,0,0,0
12,upsert,2,L0004,2560,2048,1787895405.074329,0.0038175582885742188,12,1,12,1787895405.0705113,alphahigh,agg_static@rho0.8,0,1.0,0.0,4,0.8,agg_static,1787895405.07048,2048,512,8.808343172073364,0,2048,2048,0,2048,1,0,2,2,0.0014868216081099076,1;0;0;2,19,0,1,0,0,1,0,3,47,47,17.010456562042236,,2,2,2,2,1,1,2048,2560,512,10.24,0.0,10.24,3.8175582885742188,10.24,1992.226249,2080.0,0,0,0,0,0,0
13,upsert,3,L0000,3072,2560,1787895405.0744314,0.0036110877990722656,13,4,13,1787895405.0708203,alphahigh,agg_static@rho0.8,0,1.0,0.0,4,0.8,agg_static,1787895405.0708022,2560,512,3.003462791442871,0,2560,3072,2560,512,2,0,6,3,0.0014868216081099076,1;0;0;1,19,0,1,0,0,1,0,2,35,35,9.409255743026733,,0,0,0,0,0,0,0,0,0,0.0,0.0,0.0,3.6110877990722656,0.0,276.874902,3136.0,0,1,1,0,0.0,0.0
14,upsert,3,L0001,2560,2048,1787895405.6703088,0.599294900894165,14,3,14,1787895405.071014,alphahigh,agg_static@rho0.8,0,1.0,0.0,4,0.8,agg_static,1787895405.0709987,2048,512,8.808778047561646,0,2048,2048,0,2048,1,0,2,4,0.0014868216081099076,1;0;0;0,19,0,1,0,0,1,0,1,48,48,18.946681261062622,,3,3,3,3,0,0,0,0,0,0.0,0.0,0.0,599.294900894165,0.0,245.517182,2080.0,0,0,0,0,0,0
15,upsert,0,L0003,2048,0,1787895407.0532725,1.9820804595947266,15,2,15,1787895405.071192,alphahigh,agg_static@rho0.8,0,1.0,0.0,4,0.8,agg_static,1787895405.071178,0,2048,,0,0,0,0,0,0,0,1,5,0.0014868216081099076,0;0;0;0,19,0,1,1,0,1,0,0,43,43,12.79945993423462,,0,0,0,0,1,1,0,0,0,0.0,0.0,0.0,1982.0804595947266,0.0,460.816078,3136.0,0,0,0,0,0,0
16,upsert,3,L0006,2048,0,1787895414.5426564,7.2602269649505615,16,0,16,1787895407.2824295,alphahigh,agg_static@rho0.8,0,1.0,0.0,4,0.8,agg_static,1787895407.2824113,0,2048,,0,0,0,0,0,0,0,1,2,0.17367726961771648,1;1;1;0,24,0,0,,,,0,3,,,,,,,,,,,,,,,,,,,,,,,,,,
17,upsert,2,L0009,2048,0,1787895415.9255905,8.643011808395386,17,1,17,1787895407.2825787,alphahigh,agg_static@rho0.8,0,1.0,0.0,4,0.8,agg_static,1787895407.2825725,0,2048,,0,0,0,0,0,0,0,1,3,0.17367726961771648,1;1;0;0,24,0,1,0,0,1,0,2,63,63,15.214693307876587,,0,0,0,0,1,1,2560,2560,0,0.0,0.0,0.0,8643.011808395386,0.0,3592.379284,2608.0,0,0,0,0,0,0
18,upsert,1,L0024,2560,2048,1787895415.9256315,8.642980098724365,18,0,18,1787895407.2826514,alphahigh,agg_static@rho0.8,0,1.0,0.0,4,0.8,agg_static,1787895407.282644,2048,512,11.020456790924072,0,2048,2048,0,2048,1,0,2,4,0.17367726961771648,1;0;0;0,24,0,0,,,,0,1,,,,,,,,,,,,,,,,,,,,,,,,,,
19,upsert,0,L0003,2560,2048,1787895415.9256558,8.642935991287231,19,2,19,1787895407.2827199,alphahigh,agg_static@rho0.8,0,1.0,0.0,4,0.8,agg_static,1787895407.2827134,2048,512,2.2115354537963867,0,2048,2048,0,2048,1,0,2,5,0.17367726961771648,0;0;0;0,24,0,1,0,0,1,0,0,43,43,3.927076578140259,,0,0,0,0,1,1,2048,2560,512,10.24,0.0,10.24,8642.935991287231,10.24,460.816078,3136.0,0,0,0,0,0,0
20,upsert,0,L0003,3072,2560,1787895420.202274,11.419008255004883,20,1,20,1787895408.7832658,alphahigh,agg_static@rho0.8,0,1.0,0.0,4,0.8,agg_static,1787895408.7832358,2560,512,1.5005223751068115,0,2048,2048,0,2048,1,0,4,6,0.17367726961771648,1;1;1;0,32,1,1,1,0,1,0,3,58,58,8.681740283966064,,0,0,0,0,0,0,0,0,0,0.0,0.0,0.0,11419.008255004883,0.0,135.535009,2080.0,0,0,0,0,0,0
21,upsert,1,L0024,3072,2560,1787895420.202409,11.418811321258545,21,0,21,1787895408.7835977,alphahigh,agg_static@rho0.8,0,1.0,0.0,4,0.8,agg_static,1787895408.7835784,2560,512,1.500934362411499,0,2048,2048,0,2048,1,0,3,7,0.17367726961771648,1;0;1;0,32,1,0,,,,0,2,,,,,,,,,,,,,,,,,,,,,,,,,,
22,upsert,0,L0003,2048,3072,1787895420.20246,11.418656587600708,22,1,22,1787895408.7838035,alphahigh,agg_static@rho0.8,0,1.0,0.0,4,0.8,agg_static,1787895408.7837884,3072,-1024,0.0005526542663574219,0,2048,2048,0,2048,1,0,4,8,0.17367726961771648,0;0;1;0,32,1,1,1,0,1,0,1,58,58,8.681554317474365,,0,0,0,0,0,0,0,0,0,0.0,0.0,0.0,11418.656587600708,0.0,135.535009,2080.0,0,0,0,0,0,0
23,upsert,2,L0004,3072,2560,1787895424.3298795,15.545897960662842,23,0,23,1787895408.7839816,alphahigh,agg_static@rho0.8,0,1.0,0.0,4,0.8,agg_static,1787895408.7839663,2560,512,3.7134861946105957,0,2560,2560,0,2560,1,0,3,9,0.17367726961771648,0;0;0;0,32,0,0,,,,0,0,,,,,,,,,,,,,,,,,,,,,,,,,,
24,upsert,0,L0009,2560,0,1787895424.3299327,12.56002688407898,24,1,24,1787895411.7699058,alphahigh,agg_static@rho0.8,0,1.0,0.0,4,0.8,agg_static,1787895411.7698772,0,2560,,0,0,0,0,0,0,0,2,10,0.17367726961771648,1;0;0;2,38,0,1,0,1,0,0,3,63,63,6.810351133346558,,2,0,2,0,1,1,2048,2560,512,10.24,0.0,10.24,12560.02688407898,10.24,3592.379284,2608.0,1,1,1,10.24,10.24,10.24
25,upsert,0,L0003,2560,2048,1787895424.329957,12.559706926345825,25,1,25,1787895411.77025,alphahigh,agg_static@rho0.8,0,1.0,0.0,4,0.8,agg_static,1787895411.7702298,2048,512,2.9864413738250732,0,2048,2048,0,2048,1,0,5,11,0.17367726961771648,0;0;0;2,38,1,1,0,0,1,0,2,58,58,4.554057359695435,,0,0,0,0,0,0,2048,2560,512,10.24,0.0,10.24,12559.706926345825,10.24,135.535009,2080.0,0,0,0,0,0,0
26,upsert,3,L0006,2560,2048,1787895424.3299768,12.559520721435547,26,0,26,1787895411.770456,alphahigh,agg_static@rho0.8,0,1.0,0.0,4,0.8,agg_static,1787895411.7704391,2048,512,4.488027811050415,0,0,0,0,0,0,0,2,12,0.17367726961771648,0;0;0;1,38,1,0,,,,0,1,,,,,,,,,,,,,,,,,,,,,,,,,,
27,upsert,3,L0001,3072,2560,1787895429.0320983,17.261465549468994,27,0,27,1787895411.7706327,alphahigh,agg_static@rho0.8,0,1.0,0.0,4,0.8,agg_static,1787895411.7706187,2560,512,6.699620008468628,0,2560,2560,0,2560,1,0,3,13,0.17367726961771648,0;0;0;0,38,0,0,,,,0,0,,,,,,,,,,,,,,,,,,,,,,,,,,
28,upsert,1,L0005,2560,2048,1787895429.0322514,14.549002885818481,28,0,28,1787895414.4832485,alphahigh,agg_static@rho0.8,0,1.0,0.0,4,0.8,agg_static,1787895414.4832292,2048,512,12.416024208068848,0,2048,2048,0,2048,1,0,2,14,0.17367726961771648,1;0;1;1,45,0,0,,,,0,3,,,,,,,,,,,,,,,,,,,,,,,,,,
29,upsert,2,L0032,2048,0,1787895429.0323024,14.548893928527832,29,0,29,1787895414.4834085,alphahigh,agg_static@rho0.8,0,1.0,0.0,4,0.8,agg_static,1787895414.4834013,0,2048,,0,0,0,0,0,0,0,1,15,0.17367726961771648,1;0;0;1,45,0,0,,,,0,2,,,,,,,,,,,,,,,,,,,,,,,,,,
30,upsert,3,L0000,2048,3072,1787895429.0323372,14.54885721206665,30,0,30,1787895414.48348,alphahigh,agg_static@rho0.8,0,1.0,0.0,4,0.8,agg_static,1787895414.4834738,3072,-1024,9.412671566009521,0,3072,3072,3072,0,2,0,8,16,0.17367726961771648,1;0;0;0,45,0,0,,,,0,1,,,,,,,,,,,,,,,,,,,,,,,,,,
31,upsert,0,L0000,2560,3072,1787895433.734141,19.250592470169067,31,0,31,1787895414.4835486,alphahigh,agg_static@rho0.8,0,1.0,0.0,4,0.8,agg_static,1787895414.4835424,3072,-512,12.416516780853271,0,3072,3072,3072,0,2,0,8,17,0.17367726961771648,0;0;0;0,45,0,0,,,,0,0,,,,,,,,,,,,,,,,,,,,,,,,,,
32,upsert,1,L0051,2048,0,1787895433.734305,16.830549478530884,32,0,32,1787895416.9037554,alphahigh,agg_static@rho0.8,0,1.0,0.0,4,0.8,agg_static,1787895416.9037368,0,2048,,0,0,0,0,0,0,0,1,14,1.8839112582959627,1;0;1;1,50,0,0,,,,0,3,,,,,,,,,,,,,,,,,,,,,,,,,,
33,upsert,2,L0020,2048,0,1787895433.7343674,16.830363750457764,33,0,33,1787895416.9040036,alphahigh,agg_static@rho0.8,0,1.0,0.0,4,0.8,agg_static,1787895416.9039962,0,2048,,0,0,0,0,0,0,0,1,15,1.8839112582959627,1;0;0;1,50,0,0,,,,0,2,,,,,,,,,,,,,,,,,,,,,,,,,,
34,upsert,3,L0033,2048,0,1787895433.734419,16.830278158187866,34,0,34,1787895416.904141,alphahigh,agg_static@rho0.8,0,1.0,0.0,4,0.8,agg_static,1787895416.9041352,0,2048,,0,0,0,0,0,0,0,1,16,1.8839112582959627,1;0;0;0,50,0,0,,,,0,1,,,,,,,,,,,,,,,,,,,,,,,,,,
35,upsert,0,L0000,3072,2560,1787895437.0321047,20.127824783325195,35,0,35,1787895416.90428,alphahigh,agg_static@rho0.8,0,1.0,0.0,4,0.8,agg_static,1787895416.904273,2560,512,2.4207305908203125,0,3072,3072,3072,0,2,0,9,17,1.8839112582959627,0;0;0;0,50,1,0,,,,0,0,,,,,,,,,,,,,,,,,,,,,,,,,,
36,upsert,2,L0016,2048,0,1787895437.0322099,17.181411027908325,36,0,36,1787895419.8507988,alphahigh,agg_static@rho0.8,0,1.0,0.0,4,0.8,agg_static,1787895419.8507698,0,2048,,0,0,0,0,0,0,0,1,18,1.8839112582959627,1;0;0;2,56,0,0,,,,0,3,,,,,,,,,,,,,,,,,,,,,,,,,,
37,upsert,0,L0011,2560,2048,1787895437.0322537,17.180896043777466,37,0,37,1787895419.8513577,alphahigh,agg_static@rho0.8,0,1.0,0.0,4,0.8,agg_static,1787895419.8513362,2048,512,23.589290142059326,0,2048,2048,0,2048,1,0,2,19,1.8839112582959627,0;0;0;2,56,0,0,,,,0,2,,,,,,,,,,,,,,,,,,,,,,,,,,
38,upsert,3,L0040,2048,0,1787895437.0322912,17.180501461029053,38,0,38,1787895419.8517897,alphahigh,agg_static@rho0.8,0,1.0,0.0,4,0.8,agg_static,1787895419.8517737,0,2048,,0,0,0,0,0,0,0,1,20,1.8839112582959627,0;0;0;1,56,0,0,,,,0,1,,,,,,,,,,,,,,,,,,,,,,,,,,
39,upsert,3,L0000,2048,2048,1787895437.0323234,17.18017292022705,39,0,39,1787895419.8521504,alphahigh,agg_static@rho0.8,0,1.0,0.0,4,0.8,agg_static,1787895419.8521345,2048,0,5.3686606884002686,0,3072,3072,3072,0,2,0,10,21,1.8839112582959627,0;0;0;0,56,1,0,,,,0,0,,,,,,,,,,,,,,,,,,,,,,,,,,
40,upsert,0,L0000,2560,3072,1787895437.0323508,14.948351860046387,40,0,40,1787895422.083999,alphahigh,agg_static@rho0.8,0,1.0,0.0,4,0.8,agg_static,1787895422.0839784,3072,-512,5.179705381393433,0,3072,3072,3072,0,2,0,11,19,3.1841268214312466,1;0;1;1,62,1,0,,,,0,3,,,,,,,,,,,,,,,,,,,,,,,,,,
41,upsert,2,L0020,2560,2048,1787895437.0323758,14.948096513748169,41,0,41,1787895422.0842793,alphahigh,agg_static@rho0.8,0,1.0,0.0,4,0.8,agg_static,1787895422.084269,2048,512,5.180272817611694,0,0,0,0,0,0,0,2,20,3.1841268214312466,1;0;0;1,62,1,0,,,,0,2,,,,,,,,,,,,,,,,,,,,,,,,,,
42,upsert,3,L0007,2048,0,1787895446.4362633,24.35182285308838,42,0,42,1787895422.0844405,alphahigh,agg_static@rho0.8,0,1.0,0.0,4,0.8,agg_static,1787895422.0844347,0,2048,,0,0,0,0,0,0,0,1,21,3.1841268214312466,1;0;0;0,62,0,0,,,,0,1,,,,,,,,,,,,,,,,,,,,,,,,,,
43,upsert,0,L0003,3072,2560,1787895446.4364052,24.35183310508728,43,0,43,1787895422.084572,alphahigh,agg_static@rho0.8,0,1.0,0.0,4,0.8,agg_static,1787895422.0845652,2560,512,10.314335346221924,0,2048,2048,0,2048,1,0,6,22,3.1841268214312466,0;0;0;0,62,1,0,,,,0,0,,,,,,,,,,,,,,,,,,,,,,,,,,
44,upsert,2,L0013,2048,0,1787895446.4364762,21.820135593414307,44,0,44,1787895424.6163406,alphahigh,agg_static@rho0.8,0,1.0,0.0,4,0.8,agg_static,1787895424.6163242,0,2048,,0,0,0,0,0,0,0,1,19,4.741382406308101,1;1;1;0,67,0,0,,,,0,3,,,,,,,,,,,,,,,,,,,,,,,,,,
45,upsert,0,L0014,2048,0,1787895446.4365327,21.819947481155396,45,0,45,1787895424.6165853,alphahigh,agg_static@rho0.8,0,1.0,0.0,4,0.8,agg_static,1787895424.6165774,0,2048,,0,0,0,0,0,0,0,1,20,4.741382406308101,0;1;1;0,67,0,0,,,,0,2,,,,,,,,,,,,,,,,,,,,,,,,,,
46,upsert,1,L0021,2048,0,1787895449.7341802,25.117459535598755,46,0,46,1787895424.6167207,alphahigh,agg_static@rho0.8,0,1.0,0.0,4,0.8,agg_static,1787895424.6167152,0,2048,,0,0,0,0,0,0,0,1,21,4.741382406308101,0;0;1;0,67,0,0,,,,0,1,,,,,,,,,,,,,,,,,,,,,,,,,,
47,upsert,2,L0004,2048,3072,1787895449.7342546,25.117408275604248,47,0,47,1787895424.6168463,alphahigh,agg_static@rho0.8,0,1.0,0.0,4,0.8,agg_static,1787895424.6168406,3072,-1024,15.832874298095703,0,3072,3072,0,3072,1,0,4,22,4.741382406308101,0;0;0;0,67,0,0,,,,0,0,,,,,,,,,,,,,,,,,,,,,,,,,,
48,upsert,3,L0001,2048,3072,1787895449.7342975,23.096071004867554,48,0,48,1787895426.6382265,alphahigh,agg_static@rho0.8,0,1.0,0.0,4,0.8,agg_static,1787895426.6382062,3072,-1024,14.867587566375732,0,2560,2560,0,2560,1,0,5,23,4.741382406308101,1;0;1;1,73,1,0,,,,0,3,,,,,,,,,,,,,,,,,,,,,,,,,,
49,upsert,3,L0001,2560,2048,1787895449.7343307,23.095848083496094,49,0,49,1787895426.6384826,alphahigh,agg_static@rho0.8,0,1.0,0.0,4,0.8,agg_static,1787895426.6384745,2048,512,0.0002682209014892578,0,2560,2560,0,2560,1,0,5,24,4.741382406308101,1;0;1;0,73,1,0,,,,0,2,,,,,,,,,,,,,,,,,,,,,,,,,,
50,upsert,2,L0016,2560,2048,1787895449.734359,23.095722913742065,50,0,50,1787895426.638636,alphahigh,agg_static@rho0.8,0,1.0,0.0,4,0.8,agg_static,1787895426.6386297,2048,512,6.787859916687012,0,0,0,0,0,0,0,2,25,4.741382406308101,1;0;0;0,73,1,0,,,,0,1,,,,,,,,,,,,,,,,,,,,,,,,,,
51,upsert,0,L0018,2048,0,1787895449.734399,23.09562349319458,51,0,51,1787895426.6387756,alphahigh,agg_static@rho0.8,0,1.0,0.0,4,0.8,agg_static,1787895426.6387691,0,2048,,0,0,0,0,0,0,0,1,26,4.741382406308101,0;0;0;0,73,0,0,,,,0,0,,,,,,,,,,,,,,,,,,,,,,,,,,
52,upsert,0,L0000,3072,2560,1787895449.7344294,20.8524010181427,52,0,52,1787895428.8820283,alphahigh,agg_static@rho0.8,0,1.0,0.0,4,0.8,agg_static,1787895428.882,2560,512,6.798021554946899,0,3072,3072,3072,0,2,0,12,27,4.741382406308101,0;1;1;1,79,1,0,,,,0,3,,,,,,,,,,,,,,,,,,,,,,,,,,
53,upsert,1,L0008,2048,0,1787895449.7344568,20.851787328720093,53,0,53,1787895428.8826694,alphahigh,agg_static@rho0.8,0,1.0,0.0,4,0.8,agg_static,1787895428.8826518,0,2048,,0,0,0,0,0,0,0,1,28,4.741382406308101,0;0;1;1,79,0,0,,,,0,2,,,,,,,,,,,,,,,,,,,,,,,,,,
54,upsert,2,L0050,2048,0,1787895457.0320396,28.148972034454346,54,0,54,1787895428.8830676,alphahigh,agg_static@rho0.8,0,1.0,0.0,4,0.8,agg_static,1787895428.8830538,0,2048,,0,0,0,0,0,0,0,1,29,4.741382406308101,0;0;0;1,79,0,0,,,,0,1,,,,,,,,,,,,,,,,,,,,,,,,,,
55,upsert,3,L0001,3072,2560,1787895457.0321162,28.148675203323364,55,0,55,1787895428.883441,alphahigh,agg_static@rho0.8,0,1.0,0.0,4,0.8,agg_static,1787895428.8834238,2560,512,2.2449493408203125,0,2560,2560,0,2560,1,0,6,30,4.741382406308101,0;0;0;0,79,1,0,,,,0,0,,,,,,,,,,,,,,,,,,,,,,,,,,
56,upsert,3,L0058,2048,0,1787895457.032177,25.893813848495483,56,0,56,1787895431.1383631,alphahigh,agg_static@rho0.8,0,1.0,0.0,4,0.8,agg_static,1787895431.1383386,0,2048,,0,0,0,0,0,0,0,1,27,6.139472071329752,1;1;1;0,84,0,0,,,,0,3,,,,,,,,,,,,,,,,,,,,,,,,,,
57,upsert,2,L0032,2560,2048,1787895457.0322094,25.893311262130737,57,0,57,1787895431.1388981,alphahigh,agg_static@rho0.8,0,1.0,0.0,4,0.8,agg_static,1787895431.1388776,2048,512,16.655476331710815,0,2048,2048,0,2048,1,0,2,28,6.139472071329752,1;1;0;0,84,0,0,,,,0,2,,,,,,,,,,,,,,,,,,,,,,,,,,
58,upsert,0,L0003,2048,3072,1787895457.032237,25.892887115478516,58,0,58,1787895431.13935,alphahigh,agg_static@rho0.8,0,1.0,0.0,4,0.8,agg_static,1787895431.139333,3072,-1024,9.054767847061157,0,2560,2560,0,2560,1,0,7,29,6.139472071329752,0;1;0;0,84,1,0,,,,0,1,,,,,,,,,,,,,,,,,,,,,,,,,,
59,upsert,1,L0002,2048,0,1787895457.0322638,25.892536878585815,59,0,59,1787895431.1397269,alphahigh,agg_static@rho0.8,0,1.0,0.0,4,0.8,agg_static,1787895431.1397133,0,2048,,0,0,0,0,0,0,0,1,30,6.139472071329752,0;0;0;0,84,0,0,,,,0,0,,,,,,,,,,,,,,,,,,,,,,,,,,
60,upsert,0,L0051,2560,0,1787895457.0322905,21.657142400741577,60,0,60,1787895435.375148,alphahigh,agg_static@rho0.8,0,1.0,0.0,4,0.8,agg_static,1787895435.3751254,0,2560,,0,0,2048,0,2048,1,0,2,27,7.935101255774498,1;1;1;0,89,0,0,,,,0,3,,,,,,,,,,,,,,,,,,,,,,,,,,
61,upsert,2,L0020,3072,2560,1787895457.0323155,21.65660047531128,61,0,61,1787895435.375715,alphahigh,agg_static@rho0.8,0,1.0,0.0,4,0.8,agg_static,1787895435.3756955,2560,512,13.291426420211792,0,2048,2048,0,2048,1,0,3,28,7.935101255774498,1;1;0;0,89,1,0,,,,0,2,,,,,,,,,,,,,,,,,,,,,,,,,,
62,upsert,1,L0028,2048,0,1787895457.0323403,21.65614938735962,62,0,62,1787895435.376191,alphahigh,agg_static@rho0.8,0,1.0,0.0,4,0.8,agg_static,1787895435.3761768,0,2048,,0,0,0,0,0,0,0,1,29,7.935101255774498,1;0;0;0,89,0,0,,,,0,1,,,,,,,,,,,,,,,,,,,,,,,,,,
63,upsert,0,L0009,3072,2560,1787895457.032367,21.655802249908447,63,0,63,1787895435.3765647,alphahigh,agg_static@rho0.8,0,1.0,0.0,4,0.8,agg_static,1787895435.3765497,2560,512,23.606672525405884,0,2560,2560,2048,512,2,0,3,30,7.935101255774498,0;0;0;0,89,0,0,,,,0,0,,,,,,,,,,,,,,,,,,,,,,,,,,
64,upsert,1,L0064,2048,0,1787895468.5426643,30.748122215270996,64,5,64,1787895437.794542,alphahigh,agg_static@rho0.8,0,1.0,0.0,4,0.8,agg_static,1787895437.7945178,0,2048,,0,0,0,0,0,0,0,1,24,11.645627275109291,1;0;1;1,93,0,1,0,1,0,0,3,111,111,0.584420919418335,,0,1,0,1,0,1,0,2048,2048,40.96,2.0,38.96,30748.122215270996,38.96,4110.114762,2080.0,1,1,1,38.96,38.96,38.96
65,upsert,0,L0087,2048,0,1787895468.5427995,30.74774742126465,65,0,65,1787895437.795052,alphahigh,agg_static@rho0.8,0,1.0,0.0,4,0.8,agg_static,1787895437.7950354,0,2048,,0,0,0,0,0,0,0,1,25,11.645627275109291,0;0;1;1,93,0,0,,,,0,2,,,,,,,,,,,,,,,,,,,,,,,,,,
66,upsert,3,L0075,2048,0,1787895468.5428672,30.747405529022217,66,0,66,1787895437.7954617,alphahigh,agg_static@rho0.8,0,1.0,0.0,4,0.8,agg_static,1787895437.7954476,0,2048,,0,0,0,0,0,0,0,1,26,11.645627275109291,0;0;1;0,93,0,0,,,,0,1,,,,,,,,,,,,,,,,,,,,,,,,,,
67,upsert,2,L0068,2048,0,1787895471.840527,34.044700384140015,67,0,67,1787895437.7958267,alphahigh,agg_static@rho0.8,0,1.0,0.0,4,0.8,agg_static,1787895437.7958136,0,2048,,0,0,0,0,0,0,0,1,27,11.645627275109291,0;0;0;0,93,0,0,,,,0,0,,,,,,,,,,,,,,,,,,,,,,,,,,
68,upsert,1,L0083,2048,0,1787895471.840647,30.3969407081604,68,0,68,1787895441.4437063,alphahigh,agg_static@rho0.8,0,1.0,0.0,4,0.8,agg_static,1787895441.4436808,0,2048,,0,0,0,0,0,0,0,1,28,11.645627275109291,1;0;1;1,97,0,0,,,,0,3,,,,,,,,,,,,,,,,,,,,,,,,,,
69,upsert,2,L0082,2048,0,1787895471.8407094,30.396464824676514,69,0,69,1787895441.4442446,alphahigh,agg_static@rho0.8,0,1.0,0.0,4,0.8,agg_static,1787895441.4442265,0,2048,,0,0,0,0,0,0,0,1,29,11.645627275109291,1;0;0;1,97,0,0,,,,0,2,,,,,,,,,,,,,,,,,,,,,,,,,,
70,upsert,3,L0064,2560,0,1787895471.8407705,30.39613103866577,70,4,70,1787895441.4446394,alphahigh,agg_static@rho0.8,0,1.0,0.0,4,0.8,agg_static,1787895441.444625,0,2560,,0,0,0,0,0,0,0,3,30,11.645627275109291,1;0;0;0,97,0,1,0,1,0,0,1,120,120,10.22780728340149,,1,3,1,3,0,0,0,512,512,10.24,0.0,10.24,30396.13103866577,10.24,1191.788573,2608.0,1,4,4,10.24,38.96,38.96
72,upsert,1,L0107,2048,0,1787895471.8408132,27.984137296676636,71,0,72,1787895443.8566759,alphahigh,agg_static@rho0.8,0,1.0,0.0,4,0.8,agg_static,1787895443.8566492,0,2048,,0,0,0,0,0,0,0,1,32,11.645627275109291,1;0;1;1,101,0,0,,,,0,3,,,,,,,,,,,,,,,,,,,,,,,,,,
73,upsert,3,L0084,2048,0,1787895471.8408563,27.98364233970642,72,0,73,1787895443.857214,alphahigh,agg_static@rho0.8,0,1.0,0.0,4,0.8,agg_static,1787895443.8571968,0,2048,,0,0,0,0,0,0,0,1,33,11.645627275109291,1;0;1;0,101,0,0,,,,0,2,,,,,,,,,,,,,,,,,,,,,,,,,,
74,upsert,2,L0093,2048,0,1787895471.840885,27.9832763671875,73,0,74,1787895443.8576086,alphahigh,agg_static@rho0.8,0,1.0,0.0,4,0.8,agg_static,1787895443.857594,0,2048,,0,0,0,0,0,0,0,1,34,11.645627275109291,1;0;0;0,101,0,0,,,,0,1,,,,,,,,,,,,,,,,,,,,,,,,,,
76,upsert,1,L0068,2560,0,1787895471.8409128,25.04900550842285,74,0,76,1787895446.7919073,alphahigh,agg_static@rho0.8,0,1.0,0.0,4,0.8,agg_static,1787895446.791882,0,2560,,0,0,0,0,0,0,0,2,32,14.531036123633385,1;0;1;1,105,0,0,,,,0,3,,,,,,,,,,,,,,,,,,,,,,,,,,
77,upsert,0,L0071,2048,0,1787895471.8409405,25.048460245132446,75,1,77,1787895446.7924802,alphahigh,agg_static@rho0.8,0,1.0,0.0,4,0.8,agg_static,1787895446.7924633,0,2048,,0,0,0,0,0,0,0,1,33,14.531036123633385,0;0;1;1,105,0,1,1,0,1,0,2,123,123,10.227693319320679,,0,0,0,0,0,0,0,0,0,0.0,0.0,0.0,25048.460245132446,0.0,1000.230138,2608.0,0,0,0,0,0,0
78,upsert,3,L0069,2048,0,1787895471.8409653,25.048089742660522,76,1,78,1787895446.7928755,alphahigh,agg_static@rho0.8,0,1.0,0.0,4,0.8,agg_static,1787895446.7928615,0,2048,,0,0,0,0,0,0,0,1,34,14.531036123633385,0;0;1;0,105,0,1,0,1,0,0,1,118,118,5.98375391960144,,1,3,1,3,0,0,0,2048,2048,40.96,0.0,40.96,25048.089742660522,40.96,1811.414533,2080.0,1,1,1,40.96,40.96,40.96
79,upsert,2,L0065,2048,0,1787895471.8409936,25.04774570465088,77,2,79,1787895446.793248,alphahigh,agg_static@rho0.8,0,1.0,0.0,4,0.8,agg_static,1787895446.7932353,0,2048,,0,0,0,0,0,0,0,1,35,14.531036123633385,0;0;0;0,105,0,1,0,1,0,0,0,113,113,2.161482572555542,,1,2,1,2,0,1,0,2048,2048,40.96,2.0,38.96,25047.74570465088,38.96,3159.248119,2608.0,1,2,2,38.96,75.92,75.92
80,upsert,1,L0107,2560,2048,1787895479.9570963,29.2341046333313,78,0,80,1787895450.7229917,alphahigh,agg_static@rho0.8,0,1.0,0.0,4,0.8,agg_static,1787895450.7229583,2048,512,6.86630916595459,0,0,0,0,0,0,0,2,28,18.45959774404764,1;0;1;1,109,1,0,,,,0,3,,,,,,,,,,,,,,,,,,,,,,,,,,
81,upsert,2,L0077,2048,0,1787895479.9572,29.233579874038696,79,0,81,1787895450.7236202,alphahigh,agg_static@rho0.8,0,1.0,0.0,4,0.8,agg_static,1787895450.7236018,0,2048,,0,0,0,0,0,0,0,1,29,18.45959774404764,1;0;0;1,109,0,0,,,,0,2,,,,,,,,,,,,,,,,,,,,,,,,,,
82,upsert,3,L0106,2048,0,1787895479.9572372,29.233206510543823,80,0,82,1787895450.7240307,alphahigh,agg_static@rho0.8,0,1.0,0.0,4,0.8,agg_static,1787895450.7240171,0,2048,,0,0,0,0,0,0,0,1,30,18.45959774404764,1;0;0;0,109,0,0,,,,0,1,,,,,,,,,,,,,,,,,,,,,,,,,,
84,upsert,1,L0069,2560,0,1787895479.9572582,26.166985988616943,81,0,84,1787895453.7902722,alphahigh,agg_static@rho0.8,0,1.0,0.0,4,0.8,agg_static,1787895453.7902455,0,2560,,0,0,0,0,0,0,0,2,32,18.45959774404764,1;0;1;1,113,0,0,,,,0,3,,,,,,,,,,,,,,,,,,,,,,,,,,
85,upsert,3,L0066,2048,0,1787895479.9572756,26.16641116142273,82,0,85,1787895453.7908645,alphahigh,agg_static@rho0.8,0,1.0,0.0,4,0.8,agg_static,1787895453.790847,0,2048,,0,0,0,0,0,0,0,1,33,18.45959774404764,1;0;1;0,113,0,0,,,,0,2,,,,,,,,,,,,,,,,,,,,,,,,,,
86,upsert,2,L0065,2560,2048,1787895479.9572916,26.166008949279785,83,0,86,1787895453.7912827,alphahigh,agg_static@rho0.8,0,1.0,0.0,4,0.8,agg_static,1787895453.791264,2048,512,6.998028755187988,0,0,0,0,0,0,0,2,34,18.45959774404764,1;0;0;0,113,1,0,,,,0,1,,,,,,,,,,,,,,,,,,,,,,,,,,
88,upsert,1,L0070,2048,0,1787895479.9573073,23.354163646697998,84,0,88,1787895456.6031437,alphahigh,agg_static@rho0.8,0,1.0,0.0,4,0.8,agg_static,1787895456.60312,0,2048,,0,0,0,0,0,0,0,1,36,18.45959774404764,1;0;1;1,117,0,0,,,,0,3,,,,,,,,,,,,,,,,,,,,,,,,,,
89,upsert,0,L0071,2560,2048,1787895479.9573233,23.353623390197754,85,1,89,1787895456.6037,alphahigh,agg_static@rho0.8,0,1.0,0.0,4,0.8,agg_static,1787895456.6036808,2048,512,9.811217546463013,0,0,0,0,0,0,0,2,37,18.45959774404764,0;0;1;1,117,1,1,0,0,1,0,2,123,123,2.1113104820251465,,0,0,0,0,0,0,0,0,0,0.0,0.0,0.0,23353.623390197754,0.0,1000.230138,2608.0,0,0,0,0,0,0
90,upsert,3,L0093,2560,0,1787895479.9573402,23.353198051452637,86,0,90,1787895456.6041422,alphahigh,agg_static@rho0.8,0,1.0,0.0,4,0.8,agg_static,1787895456.6041276,0,2560,,0,0,0,0,0,0,0,2,38,18.45959774404764,0;0;1;0,117,0,0,,,,0,1,,,,,,,,,,,,,,,,,,,,,,,,,,
91,upsert,2,L0101,2048,0,1787895479.957355,23.35278820991516,87,0,91,1787895456.6045668,alphahigh,agg_static@rho0.8,0,1.0,0.0,4,0.8,agg_static,1787895456.6045535,0,2048,,0,0,0,0,0,0,0,1,39,18.45959774404764,0;0;0;0,117,0,0,,,,0,0,,,,,,,,,,,,,,,,,,,,,,,,,,
92,upsert,1,L0088,2048,0,1787895483.6915407,24.746849060058594,88,0,92,1787895458.9446917,alphahigh,agg_static@rho0.8,0,1.0,0.0,4,0.8,agg_static,1787895458.9446673,0,2048,,0,0,0,0,0,0,0,1,30,21.637512423098087,1;0;1;1,121,0,0,,,,0,3,,,,,,,,,,,,,,,,,,,,,,,,,,
93,upsert,2,L0114,2048,0,1787895483.6915972,24.746361255645752,89,0,93,1787895458.945236,alphahigh,agg_static@rho0.8,0,1.0,0.0,4,0.8,agg_static,1787895458.9452193,0,2048,,0,0,0,0,0,0,0,1,31,21.637512423098087,1;0;0;1,121,0,0,,,,0,2,,,,,,,,,,,,,,,,,,,,,,,,,,
94,upsert,3,L0072,2048,0,1787895483.6916225,24.745986700057983,90,0,94,1787895458.9456358,alphahigh,agg_static@rho0.8,0,1.0,0.0,4,0.8,agg_static,1787895458.945622,0,2048,,0,0,0,0,0,0,0,1,32,21.637512423098087,1;0;0;0,121,0,0,,,,0,1,,,,,,,,,,,,,,,,,,,,,,,,,,
95,upsert,0,L0081,2048,0,1787895483.6916428,24.74563765525818,91,0,95,1787895458.946005,alphahigh,agg_static@rho0.8,0,1.0,0.0,4,0.8,agg_static,1787895458.945993,0,2048,,0,0,0,0,0,0,0,1,33,21.637512423098087,0;0;0;0,121,0,0,,,,0,0,,,,,,,,,,,,,,,,,,,,,,,,,,
96,upsert,1,L0092,2048,0,1787895483.6916616,20.387101888656616,92,0,96,1787895463.3045597,alphahigh,agg_static@rho0.8,0,1.0,0.0,4,0.8,agg_static,1787895463.3045294,0,2048,,0,0,0,0,0,0,0,1,34,21.637512423098087,1;0;1;1,125,0,0,,,,0,3,,,,,,,,,,,,,,,,,,,,,,,,,,
97,upsert,3,L0065,3072,0,1787895483.691678,20.386569499969482,93,0,97,1787895463.3051085,alphahigh,agg_static@rho0.8,0,1.0,0.0,4,0.8,agg_static,1787895463.3050914,0,3072,,0,0,0,0,0,0,0,4,35,21.637512423098087,1;0;1;0,125,0,0,,,,0,2,,,,,,,,,,,,,,,,,,,,,,,,,,
98,upsert,2,L0078,2048,0,1787895483.691698,20.38609528541565,94,0,98,1787895463.3056028,alphahigh,agg_static@rho0.8,0,1.0,0.0,4,0.8,agg_static,1787895463.305589,0,2048,,0,0,0,0,0,0,0,1,36,21.637512423098087,1;0;0;0,125,0,0,,,,0,1,,,,,,,,,,,,,,,,,,,,,,,,,,
100,upsert,1,L0066,2560,0,1787895492.3937318,25.71072006225586,95,0,100,1787895466.6830118,alphahigh,agg_static@rho0.8,0,1.0,0.0,4,0.8,agg_static,1787895466.6829875,0,2560,,0,0,0,0,0,0,0,2,38,21.637512423098087,1;0;1;1,129,0,0,,,,0,3,,,,,,,,,,,,,,,,,,,,,,,,,,
101,upsert,0,L0072,2560,0,1787895492.3938537,25.710241556167603,96,0,101,1787895466.683612,alphahigh,agg_static@rho0.8,0,1.0,0.0,4,0.8,agg_static,1787895466.6835957,0,2560,,0,0,0,0,0,0,0,2,39,21.637512423098087,0;0;1;1,129,0,0,,,,0,2,,,,,,,,,,,,,,,,,,,,,,,,,,
102,upsert,3,L0085,2048,0,1787895492.3939168,25.709858417510986,97,0,102,1787895466.6840584,alphahigh,agg_static@rho0.8,0,1.0,0.0,4,0.8,agg_static,1787895466.6840441,0,2048,,0,0,0,0,0,0,0,2,40,21.637512423098087,0;0;1;0,129,0,0,,,,0,1,,,,,,,,,,,,,,,,,,,,,,,,,,
103,upsert,2,L0085,2560,0,1787895492.3939743,25.709527254104614,98,0,103,1787895466.684447,alphahigh,agg_static@rho0.8,0,1.0,0.0,4,0.8,agg_static,1787895466.6844347,0,2560,,0,0,0,0,0,0,0,2,41,21.637512423098087,0;0;0;0,129,0,0,,,,0,0,,,,,,,,,,,,,,,,,,,,,,,,,,
104,upsert,1,L0105,2048,0,1787895492.3940206,23.268920421600342,99,0,104,1787895469.1251001,alphahigh,agg_static@rho0.8,0,1.0,0.0,4,0.8,agg_static,1787895469.1250703,0,2048,,0,0,0,0,0,0,0,1,39,22.942265041172504,1;0;1;1,133,0,0,,,,0,3,,,,,,,,,,,,,,,,,,,,,,,,,,
105,upsert,2,L0080,2048,0,1787895492.394062,23.268372297286987,100,0,105,1787895469.1256897,alphahigh,agg_static@rho0.8,0,1.0,0.0,4,0.8,agg_static,1787895469.1256711,0,2048,,0,0,0,0,0,0,0,1,40,22.942265041172504,1;0;0;1,133,0,0,,,,0,2,,,,,,,,,,,,,,,,,,,,,,,,,,
106,upsert,3,L0079,2048,0,1787895492.3941047,23.268008708953857,101,0,106,1787895469.126096,alphahigh,agg_static@rho0.8,0,1.0,0.0,4,0.8,agg_static,1787895469.1260824,0,2048,,0,0,0,0,0,0,0,1,41,22.942265041172504,1;0;0;0,133,0,0,,,,0,1,,,,,,,,,,,,,,,,,,,,,,,,,,
107,upsert,0,L0081,2560,2048,1787895492.394144,23.26765751838684,102,0,107,1787895469.1264865,alphahigh,agg_static@rho0.8,0,1.0,0.0,4,0.8,agg_static,1787895469.1264696,2048,512,10.180476665496826,0,0,0,0,0,0,0,2,42,22.942265041172504,0;0;0;0,133,1,0,,,,0,0,,,,,,,,,,,,,,,,,,,,,,,,,,
108,upsert,1,L0078,2560,0,1787895492.3942153,18.393784761428833,103,0,108,1787895474.0004306,alphahigh,agg_static@rho0.8,0,1.0,0.0,4,0.8,agg_static,1787895474.0004041,0,2560,,0,0,0,0,0,0,0,2,32,26.013752557337284,0;1;1;1,138,0,0,,,,0,3,,,,,,,,,,,,,,,,,,,,,,,,,,
109,upsert,3,L0079,2560,2048,1787895492.3942554,18.39321756362915,104,0,109,1787895474.0010378,alphahigh,agg_static@rho0.8,0,1.0,0.0,4,0.8,agg_static,1787895474.001017,2048,512,4.874934673309326,0,0,0,0,0,0,0,2,33,26.013752557337284,0;1;1;0,138,1,0,,,,0,2,,,,,,,,,,,,,,,,,,,,,,,,,,
110,upsert,2,L0092,2560,0,1787895492.3942957,18.39279842376709,105,0,110,1787895474.0014973,alphahigh,agg_static@rho0.8,0,1.0,0.0,4,0.8,agg_static,1787895474.0014827,0,2560,,0,0,0,0,0,0,0,2,34,26.013752557337284,0;1;0;0,138,0,0,,,,0,1,,,,,,,,,,,,,,,,,,,,,,,,,,
111,upsert,1,L0064,2560,2048,1787895492.3943214,18.392406225204468,106,0,111,1787895474.0019152,alphahigh,agg_static@rho0.8,0,1.0,0.0,4,0.8,agg_static,1787895474.0018983,2048,512,36.207380533218384,0,2048,2560,2048,512,2,0,5,35,26.013752557337284,0;0;0;0,138,0,0,,,,0,0,,,,,,,,,,,,,,,,,,,,,,,,,,
112,upsert,2,L0073,2048,0,1787895492.3943486,14.571698665618896,107,0,112,1787895477.82265,alphahigh,agg_static@rho0.8,0,1.0,0.0,4,0.8,agg_static,1787895477.8226237,0,2048,,0,0,0,0,0,0,0,1,36,26.013752557337284,0;0;2;1,144,0,0,,,,0,3,,,,,,,,,,,,,,,,,,,,,,,,,,
113,upsert,2,L0065,2560,2560,1787895492.3943715,14.571135997772217,108,0,113,1787895477.8232355,alphahigh,agg_static@rho0.8,0,1.0,0.0,4,0.8,agg_static,1787895477.823215,2560,0,24.03195095062256,0,2048,2048,0,2048,1,0,6,37,26.013752557337284,0;0;1;1,144,1,0,,,,0,2,,,,,,,,,,,,,,,,,,,,,,,,,,
114,upsert,2,L0065,3072,2560,1787895492.3943975,14.57068943977356,109,0,114,1787895477.823708,alphahigh,agg_static@rho0.8,0,1.0,0.0,4,0.8,agg_static,1787895477.8236923,2560,512,0.0004773139953613281,0,2048,2048,0,2048,1,0,6,38,26.013752557337284,0;0;0;1,144,1,0,,,,0,1,,,,,,,,,,,,,,,,,,,,,,,,,,
115,upsert,3,L0099,2048,0,1787895492.3944256,14.570243835449219,110,0,115,1787895477.8241818,alphahigh,agg_static@rho0.8,0,1.0,0.0,4,0.8,agg_static,1787895477.8241498,0,2048,,0,0,0,0,0,0,0,1,39,26.013752557337284,0;0;0;0,144,0,0,,,,0,0,,,,,,,,,,,,,,,,,,,,,,,,,,
1,upsert,2,L0004,2048,0,1787895521.9256182,20.694008827209473,1,1,1,1787895501.2316093,alphahigh,agg_full@rho0.8,0,1.0,0.0,4,0.8,agg_full,1787895501.2315962,0,2048,,0,0,0,0,0,0,0,1,2,,0;1;0;1,4,0,1,0,0,1,0,2,47,47,10.629695653915405,,0,0,0,0,1,1,2560,2560,0,0.0,0.0,0.0,20694.008827209473,0.0,1986.948645,2080.0,0,0,0,0,0,0
8,upsert,0,L0000,3072,0,1787895523.2018082,16.84971046447754,2,4,8,1787895506.3520977,alphahigh,agg_full@rho0.8,0,1.0,0.0,4,0.8,agg_full,1787895506.352066,2048,1024,2.425342559814453,0,0,0,0,0,0,0,5,9,,0;1;1;1,12,1,1,0,1,0,0,3,35,35,0.01904296875,,3,0,3,0,0,1,0,512,512,10.24,2.0,8.24,16849.71046447754,8.24,2201.092252,3136.0,1,4,4,8.24,30.72,30.72
11,upsert,3,L0000,2560,0,1787895523.2019343,16.849438905715942,3,4,11,1787895506.3524954,alphahigh,agg_full@rho0.8,0,1.0,0.0,4,0.8,agg_full,1787895506.3524806,2560,0,2.425583600997925,0,0,0,0,0,0,0,5,12,,0;0;0;0,12,1,1,0,0,1,0,0,35,35,0.018916845321655273,,0,0,0,0,1,1,512,512,0,0.0,0.0,0.0,16849.438905715942,0.0,2201.092252,3136.0,0,0,0,0,0,0
12,upsert,0,L0004,2560,0,1787895524.0107884,14.867352962493896,4,1,12,1787895509.1434355,alphahigh,agg_full@rho0.8,0,1.0,0.0,4,0.8,agg_full,1787895509.143408,0,2560,,0,0,0,0,0,0,0,2,13,,0;1;1;1,16,0,1,0,1,0,0,3,47,47,8.544525384902954,,2,0,2,0,1,1,2048,2560,512,10.24,0.0,10.24,14867.352962493896,10.24,1986.948645,2080.0,1,1,1,10.24,10.24,10.24
20,upsert,0,L0003,3072,0,1787895524.0108962,7.274137496948242,5,2,20,1787895516.7367587,alphahigh,agg_full@rho0.8,0,1.0,0.0,4,0.8,agg_full,1787895516.7367294,0,3072,,0,0,0,0,0,0,0,4,21,,0;1;1;1,24,0,1,0,1,0,0,3,43,43,5.436542272567749,,2,0,2,0,1,1,2560,3072,512,10.24,0.0,10.24,7274.137496948242,10.24,560.246631,3136.0,1,2,2,10.24,10.24,10.24
21,upsert,1,L0024,3072,0,1787895524.010965,7.274026155471802,6,0,21,1787895516.736939,alphahigh,agg_full@rho0.8,0,1.0,0.0,4,0.8,agg_full,1787895516.7369204,2560,512,4.5384039878845215,0,0,0,0,0,0,0,3,22,,0;0;1;1,24,1,0,,,,0,2,,,,,,,,,,,,,,,,,,,,,,,,,,
22,upsert,2,L0003,2048,0,1787895524.0110197,7.273973703384399,7,2,22,1787895516.737046,alphahigh,agg_full@rho0.8,0,1.0,0.0,4,0.8,agg_full,1787895516.7370312,2560,-512,4.5384180545806885,0,0,0,0,0,0,0,4,23,,0;0;0;1,24,1,1,1,0,1,0,1,43,43,5.436418771743774,,0,0,0,0,1,1,0,0,0,0.0,0.0,0.0,7273.973703384399,0.0,560.246631,3136.0,0,0,0,0,0,0
24,upsert,0,L0009,2560,0,1787895524.0110686,3.9789164066314697,8,1,24,1787895520.0321522,alphahigh,agg_full@rho0.8,0,1.0,0.0,4,0.8,agg_full,1787895520.0321229,0,2560,,0,0,0,0,0,0,0,2,25,,0;1;1;1,28,0,1,0,1,0,0,3,63,63,18.08636784553528,,2,0,2,0,0,1,0,2560,2560,51.2,2.0,49.2,3978.9164066314697,49.2,2376.980944,2608.0,1,1,1,49.2,49.2,49.2
25,upsert,2,L0003,2560,2048,1787895524.011112,3.9787580966949463,9,2,25,1787895520.0323539,alphahigh,agg_full@rho0.8,0,1.0,0.0,4,0.8,agg_full,1787895520.0323348,2048,512,3.2953035831451416,0,0,0,0,0,0,0,5,26,,0;1;0;1,28,1,1,0,0,1,0,2,43,43,5.436326503753662,,0,0,0,0,1,1,3072,3072,0,0.0,0.0,0.0,3978.7580966949463,0.0,560.246631,3136.0,0,0,0,0,0,0
26,upsert,1,L0006,2560,0,1787895524.0111883,3.978729724884033,10,0,26,1787895520.0324585,alphahigh,agg_full@rho0.8,0,1.0,0.0,4,0.8,agg_full,1787895520.0324457,0,2560,,0,0,0,0,0,0,0,2,27,,0;0;0;1,28,0,0,,,,0,1,,,,,,,,,,,,,,,,,,,,,,,,,,
27,upsert,3,L0001,3072,0,1787895531.3086066,11.276057004928589,11,3,27,1787895520.0325496,alphahigh,agg_full@rho0.8,0,1.0,0.0,4,0.8,agg_full,1787895520.0325363,2048,1024,18.800756216049194,0,0,0,0,0,0,0,3,28,,0;0;0;0,28,1,1,0,1,0,0,0,48,48,3.793311357498169,,1,3,1,3,0,0,0,3072,3072,61.44,0.0,61.44,11276.057004928589,61.44,270.823749,2080.0,1,2,2,61.44,120.88,120.88
28,upsert,0,L0005,2560,0,1787895533.670336,10.450456619262695,12,0,28,1787895523.2198794,alphahigh,agg_full@rho0.8,0,1.0,0.0,4,0.8,agg_full,1787895523.2198517,0,2560,,0,0,0,0,0,0,0,2,26,18.13105273246765,0;1;1;1,32,0,0,,,,0,3,,,,,,,,,,,,,,,,,,,,,,,,,,
29,upsert,3,L0032,2048,0,1787895533.6704712,10.450321674346924,13,1,29,1787895523.2201495,alphahigh,agg_full@rho0.8,0,1.0,0.0,4,0.8,agg_full,1787895523.2201338,0,2048,,0,0,0,0,0,0,0,1,27,18.13105273246765,0;1;1;0,32,0,1,0,1,0,0,2,57,57,6.324357509613037,,0,3,0,3,0,0,0,2048,2048,40.96,0.0,40.96,10450.321674346924,40.96,1000.595242,2080.0,1,1,1,40.96,40.96,40.96
32,upsert,0,L0051,2048,0,1787895540.649142,14.515143632888794,14,1,32,1787895526.1339984,alphahigh,agg_full@rho0.8,0,1.0,0.0,4,0.8,agg_full,1787895526.133971,0,2048,,0,0,0,0,0,0,0,1,23,10.301905274391174,1;1;1;0,37,0,1,0,1,0,0,3,60,60,1.448141098022461,,3,0,3,0,0,0,0,2048,2048,40.96,0.0,40.96,14515.143632888794,40.96,977.326672,2080.0,1,1,1,40.96,40.96,40.96
33,upsert,1,L0020,2048,0,1787895540.6492844,14.514770269393921,15,1,33,1787895526.134514,alphahigh,agg_full@rho0.8,0,1.0,0.0,4,0.8,agg_full,1787895526.1344976,0,2048,,0,0,0,0,0,0,0,1,24,10.301905274391174,1;0;1;0,37,0,1,0,1,0,0,2,61,61,1.4480600357055664,,2,1,2,1,0,0,0,2048,2048,40.96,0.0,40.96,14514.77026939392,40.96,1880.9112,2080.0,1,1,1,40.96,40.96,40.96
34,upsert,2,L0033,2048,0,1787895540.6493506,14.51447582244873,16,0,34,1787895526.1348748,alphahigh,agg_full@rho0.8,0,1.0,0.0,4,0.8,agg_full,1787895526.1348617,0,2048,,0,0,0,0,0,0,0,1,25,10.301905274391174,1;0;0;0,37,0,0,,,,0,1,,,,,,,,,,,,,,,,,,,,,,,,,,
35,upsert,0,L0000,3072,3072,1787895540.6494055,14.514187335968018,17,0,35,1787895526.1352181,alphahigh,agg_full@rho0.8,0,1.0,0.0,4,0.8,agg_full,1787895526.1352015,3072,0,19.783135414123535,0,3072,3072,2560,512,2,0,9,26,10.301905274391174,0;0;0;0,37,1,0,,,,0,0,,,,,,,,,,,,,,,,,,,,,,,,,,
36,upsert,1,L0016,2048,0,1787895545.0320773,15.586467027664185,18,0,36,1787895529.4456103,alphahigh,agg_full@rho0.8,0,1.0,0.0,4,0.8,agg_full,1787895529.4455826,0,2048,,0,0,0,0,0,0,0,1,27,10.301905274391174,1;0;1;1,42,0,0,,,,0,3,,,,,,,,,,,,,,,,,,,,,,,,,,
37,upsert,3,L0011,2560,0,1787895545.0322173,15.586106538772583,19,0,37,1787895529.4461107,alphahigh,agg_full@rho0.8,0,1.0,0.0,4,0.8,agg_full,1787895529.446094,0,2560,,0,0,0,0,0,0,0,2,28,10.301905274391174,1;0;1;0,42,0,0,,,,0,2,,,,,,,,,,,,,,,,,,,,,,,,,,
38,upsert,2,L0040,2048,0,1787895545.0322855,15.585749626159668,20,0,38,1787895529.4465358,alphahigh,agg_full@rho0.8,0,1.0,0.0,4,0.8,agg_full,1787895529.446521,0,2048,,0,0,0,0,0,0,0,1,29,10.301905274391174,1;0;0;0,42,0,0,,,,0,1,,,,,,,,,,,,,,,,,,,,,,,,,,
39,upsert,0,L0000,2048,3072,1787895545.0323405,15.585463523864746,21,0,39,1787895529.446877,alphahigh,agg_full@rho0.8,0,1.0,0.0,4,0.8,agg_full,1787895529.4468594,3072,-1024,3.3116579055786133,0,3072,3072,2560,512,2,0,10,30,10.301905274391174,0;0;0;0,42,1,0,,,,0,0,,,,,,,,,,,,,,,,,,,,,,,,,,
40,upsert,0,L0000,2560,2048,1787895551.266077,18.71268630027771,22,0,40,1787895532.5533907,alphahigh,agg_full@rho0.8,0,1.0,0.0,4,0.8,agg_full,1787895532.5533583,2048,512,3.106498956680298,0,3072,3072,2560,512,2,0,11,30,10.390464522621848,1;0;1;1,48,1,0,,,,0,3,,,,,,,,,,,,,,,,,,,,,,,,,,
41,upsert,3,L0020,2560,0,1787895551.2662354,18.712300539016724,23,0,41,1787895532.5539348,alphahigh,agg_full@rho0.8,0,1.0,0.0,4,0.8,agg_full,1787895532.5539124,0,2560,,0,0,0,0,0,0,0,2,31,10.390464522621848,1;0;1;0,48,0,0,,,,0,2,,,,,,,,,,,,,,,,,,,,,,,,,,
42,upsert,2,L0007,2048,0,1787895551.2663047,18.71194100379944,24,0,42,1787895532.5543637,alphahigh,agg_full@rho0.8,0,1.0,0.0,4,0.8,agg_full,1787895532.5543501,0,2048,,0,0,0,0,0,0,0,1,32,10.390464522621848,1;0;0;0,48,0,0,,,,0,1,,,,,,,,,,,,,,,,,,,,,,,,,,
43,upsert,0,L0003,3072,3072,1787895551.266356,18.711647748947144,25,0,43,1787895532.5547082,alphahigh,agg_full@rho0.8,0,1.0,0.0,4,0.8,agg_full,1787895532.5546918,3072,0,15.817962408065796,0,3072,3072,2560,512,2,0,6,33,10.390464522621848,0;0;0;0,48,0,0,,,,0,0,,,,,,,,,,,,,,,,,,,,,,,,,,
44,upsert,0,L0013,2048,0,1787895551.266405,16.16612672805786,26,0,44,1787895535.1002784,alphahigh,agg_full@rho0.8,0,1.0,0.0,4,0.8,agg_full,1787895535.1002522,0,2048,,0,0,0,0,0,0,0,1,32,10.399683695573072,1;1;1;0,53,0,0,,,,0,3,,,,,,,,,,,,,,,,,,,,,,,,,,
45,upsert,2,L0014,2048,0,1787895551.2664495,16.165652751922607,27,0,45,1787895535.1007967,alphahigh,agg_full@rho0.8,0,1.0,0.0,4,0.8,agg_full,1787895535.10078,0,2048,,0,0,0,0,0,0,0,1,33,10.399683695573072,1;1;0;0,53,0,0,,,,0,2,,,,,,,,,,,,,,,,,,,,,,,,,,
46,upsert,1,L0021,2048,0,1787895551.266492,16.165311574935913,28,0,46,1787895535.1011803,alphahigh,agg_full@rho0.8,0,1.0,0.0,4,0.8,agg_full,1787895535.101154,0,2048,,0,0,0,0,0,0,0,1,34,10.399683695573072,1;0;0;0,53,0,0,,,,0,1,,,,,,,,,,,,,,,,,,,,,,,,,,
47,upsert,0,L0004,2048,2560,1787895557.861813,22.760289430618286,29,0,47,1787895535.1015236,alphahigh,agg_full@rho0.8,0,1.0,0.0,4,0.8,agg_full,1787895535.1015074,2560,-512,25.958099365234375,0,2560,2560,2048,512,2,0,4,35,10.399683695573072,0;0;0;0,53,0,0,,,,0,0,,,,,,,,,,,,,,,,,,,,,,,,,,
48,upsert,3,L0001,2048,3072,1787895557.861944,20.127802848815918,30,0,48,1787895537.734141,alphahigh,agg_full@rho0.8,0,1.0,0.0,4,0.8,agg_full,1787895537.7341132,3072,-1024,17.701576948165894,0,3072,3072,0,3072,1,0,5,36,10.399683695573072,1;1;0;1,59,1,0,,,,0,3,,,,,,,,,,,,,,,,,,,,,,,,,,
49,upsert,3,L0001,2560,2048,1787895557.8620076,20.127349138259888,31,0,49,1787895537.7346585,alphahigh,agg_full@rho0.8,0,1.0,0.0,4,0.8,agg_full,1787895537.7346392,2048,512,0.0005259513854980469,0,3072,3072,0,3072,1,0,5,37,10.399683695573072,1;1;0;0,59,1,0,,,,0,2,,,,,,,,,,,,,,,,,,,,,,,,,,
50,upsert,0,L0016,2560,0,1787895557.8620522,20.126983165740967,32,0,50,1787895537.735069,alphahigh,agg_full@rho0.8,0,1.0,0.0,4,0.8,agg_full,1787895537.735054,0,2560,,0,0,0,0,0,0,0,2,38,10.399683695573072,0;1;0;0,59,0,0,,,,0,1,,,,,,,,,,,,,,,,,,,,,,,,,,
51,upsert,1,L0018,2048,0,1787895557.8620982,20.126635313034058,33,0,51,1787895537.735463,alphahigh,agg_full@rho0.8,0,1.0,0.0,4,0.8,agg_full,1787895537.7354493,0,2048,,0,0,0,0,0,0,0,1,39,10.399683695573072,0;0;0;0,59,0,0,,,,0,0,,,,,,,,,,,,,,,,,,,,,,,,,,
52,upsert,0,L0000,3072,2560,1787895557.8621445,17.86918330192566,34,0,52,1787895539.9929612,alphahigh,agg_full@rho0.8,0,1.0,0.0,4,0.8,agg_full,1787895539.992933,2560,512,7.439574718475342,0,3072,3072,2560,512,2,0,12,40,10.399683695573072,0;1;1;1,65,1,0,,,,0,3,,,,,,,,,,,,,,,,,,,,,,,,,,
53,upsert,2,L0008,2048,0,1787895557.8622084,17.86863684654236,35,0,53,1787895539.9935715,alphahigh,agg_full@rho0.8,0,1.0,0.0,4,0.8,agg_full,1787895539.9935534,0,2048,,0,0,0,0,0,0,0,1,41,10.399683695573072,0;1;0;1,65,0,0,,,,0,2,,,,,,,,,,,,,,,,,,,,,,,,,,
54,upsert,1,L0050,2048,0,1787895557.8622546,17.86829900741577,36,0,54,1787895539.9939556,alphahigh,agg_full@rho0.8,0,1.0,0.0,4,0.8,agg_full,1787895539.9939396,0,2048,,0,0,0,0,0,0,0,1,42,10.399683695573072,0;0;0;1,65,0,0,,,,0,1,,,,,,,,,,,,,,,,,,,,,,,,,,
55,upsert,3,L0001,3072,2560,1787895569.3724477,29.378133296966553,37,0,55,1787895539.9943144,alphahigh,agg_full@rho0.8,0,1.0,0.0,4,0.8,agg_full,1787895539.9942975,2560,512,2.2596583366394043,0,3072,3072,0,3072,1,0,6,43,10.399683695573072,0;0;0;0,65,1,0,,,,0,0,,,,,,,,,,,,,,,,,,,,,,,,,,
56,upsert,1,L0058,2048,0,1787895569.372567,27.277026176452637,38,0,56,1787895542.0955408,alphahigh,agg_full@rho0.8,0,1.0,0.0,4,0.8,agg_full,1787895542.0955167,0,2048,,0,0,0,0,0,0,0,1,40,11.367909711949965,1;0;1;1,71,0,0,,,,0,3,,,,,,,,,,,,,,,,,,,,,,,,,,
57,upsert,3,L0032,2560,2048,1787895569.372629,27.276587963104248,39,0,57,1787895542.096041,alphahigh,agg_full@rho0.8,0,1.0,0.0,4,0.8,agg_full,1787895542.0960212,2048,512,18.875887393951416,0,2048,2048,0,2048,1,0,2,41,11.367909711949965,1;0;1;0,71,0,0,,,,0,2,,,,,,,,,,,,,,,,,,,,,,,,,,
58,upsert,0,L0003,2048,3072,1787895569.3726788,27.27616548538208,40,0,58,1787895542.0965133,alphahigh,agg_full@rho0.8,0,1.0,0.0,4,0.8,agg_full,1787895542.0964959,3072,-1024,9.541804075241089,0,3072,3072,2560,512,2,0,7,42,11.367909711949965,0;0;1;0,71,1,0,,,,0,1,,,,,,,,,,,,,,,,,,,,,,,,,,
59,upsert,2,L0002,2048,0,1787895569.3727238,27.275847673416138,41,0,59,1787895542.0968761,alphahigh,agg_full@rho0.8,0,1.0,0.0,4,0.8,agg_full,1787895542.0968628,0,2048,,0,0,0,0,0,0,0,1,43,11.367909711949965,0;0;0;0,71,0,0,,,,0,0,,,,,,,,,,,,,,,,,,,,,,,,,,
60,upsert,0,L0051,2560,2048,1787895569.3727741,24.22022843360901,42,0,60,1787895545.1525457,alphahigh,agg_full@rho0.8,0,1.0,0.0,4,0.8,agg_full,1787895545.152515,2048,512,19.01854395866394,0,2048,2048,0,2048,1,0,2,40,12.171345324743362,1;1;0;1,78,0,0,,,,0,3,,,,,,,,,,,,,,,,,,,,,,,,,,
61,upsert,1,L0020,3072,2048,1787895569.3728156,24.219721794128418,43,0,61,1787895545.1530938,alphahigh,agg_full@rho0.8,0,1.0,0.0,4,0.8,agg_full,1787895545.1530755,2048,1024,19.018577814102173,0,2048,2048,0,2048,1,0,3,41,12.171345324743362,1;0;0;1,78,0,0,,,,0,2,,,,,,,,,,,,,,,,,,,,,,,,,,
62,upsert,3,L0028,2048,0,1787895578.7766874,33.623138666152954,44,0,62,1787895545.1535487,alphahigh,agg_full@rho0.8,0,1.0,0.0,4,0.8,agg_full,1787895545.1535342,0,2048,,0,0,0,0,0,0,0,1,42,12.171345324743362,1;0;0;0,78,0,0,,,,0,1,,,,,,,,,,,,,,,,,,,,,,,,,,
63,upsert,0,L0009,3072,2560,1787895578.7768066,33.62290382385254,45,0,63,1787895545.1539028,alphahigh,agg_full@rho0.8,0,1.0,0.0,4,0.8,agg_full,1787895545.1538875,2560,512,25.121764659881592,0,2560,2560,0,2560,1,0,3,43,12.171345324743362,0;0;0;0,78,0,0,,,,0,0,,,,,,,,,,,,,,,,,,,,,,,,,,
64,upsert,2,L0064,2048,0,1787895578.776869,31.14343285560608,46,5,64,1787895547.6334362,alphahigh,agg_full@rho0.8,0,1.0,0.0,4,0.8,agg_full,1787895547.6334066,0,2048,,0,0,0,0,0,0,0,1,44,12.171345324743362,1;1;0;1,82,0,1,0,1,0,0,3,111,111,1.2940773963928223,,3,2,3,2,0,1,0,2048,2048,40.96,2.0,38.96,31143.43285560608,38.96,3805.345526,2080.0,1,1,1,38.96,38.96,38.96
65,upsert,1,L0087,2048,0,1787895578.7769165,31.142956972122192,47,0,65,1787895547.6339595,alphahigh,agg_full@rho0.8,0,1.0,0.0,4,0.8,agg_full,1787895547.6339424,0,2048,,0,0,0,0,0,0,0,1,45,12.171345324743362,1;0;0;1,82,0,0,,,,0,2,,,,,,,,,,,,,,,,,,,,,,,,,,
66,upsert,0,L0075,2048,0,1787895578.7769578,31.14260768890381,48,0,66,1787895547.63435,alphahigh,agg_full@rho0.8,0,1.0,0.0,4,0.8,agg_full,1787895547.634336,0,2048,,0,0,0,0,0,0,0,1,46,12.171345324743362,0;0;0;1,82,0,0,,,,0,1,,,,,,,,,,,,,,,,,,,,,,,,,,
67,upsert,3,L0068,2048,0,1787895578.7769973,31.142298460006714,49,0,67,1787895547.6346989,alphahigh,agg_full@rho0.8,0,1.0,0.0,4,0.8,agg_full,1787895547.6346855,0,2048,,0,0,0,0,0,0,0,1,47,12.171345324743362,0;0;0;0,82,0,0,,,,0,0,,,,,,,,,,,,,,,,,,,,,,,,,,
68,upsert,2,L0083,2048,0,1787895578.7770362,27.057814121246338,50,0,68,1787895551.719222,alphahigh,agg_full@rho0.8,0,1.0,0.0,4,0.8,agg_full,1787895551.719195,0,2048,,0,0,0,0,0,0,0,1,41,13.533711373806,1;1;0;1,86,0,0,,,,0,3,,,,,,,,,,,,,,,,,,,,,,,,,,
69,upsert,3,L0082,2048,0,1787895578.777081,27.057305097579956,51,0,69,1787895551.719776,alphahigh,agg_full@rho0.8,0,1.0,0.0,4,0.8,agg_full,1787895551.719758,0,2048,,0,0,0,0,0,0,0,1,42,13.533711373806,1;1;0;0,86,0,0,,,,0,2,,,,,,,,,,,,,,,,,,,,,,,,,,
70,upsert,0,L0064,2560,0,1787895586.7767038,35.05652356147766,52,4,70,1787895551.7201803,alphahigh,agg_full@rho0.8,0,1.0,0.0,4,0.8,agg_full,1787895551.720154,0,2560,,0,0,0,0,0,0,0,3,43,13.533711373806,0;1;0;0,86,0,1,0,1,0,0,1,120,120,5.752770662307739,,2,0,2,0,0,0,0,0,0,0.0,0.0,0.0,35056.52356147766,0.0,964.535537,2608.0,1,4,4,0.0,16.48,16.48
72,upsert,2,L0107,2048,0,1787895586.7768242,32.513712644577026,53,0,72,1787895554.2631116,alphahigh,agg_full@rho0.8,0,1.0,0.0,4,0.8,agg_full,1787895554.2630835,0,2048,,0,0,0,0,0,0,0,1,45,13.533711373806,1;1;0;1,90,0,0,,,,0,3,,,,,,,,,,,,,,,,,,,,,,,,,,
73,upsert,0,L0084,2048,0,1787895586.7768974,32.51321864128113,54,0,73,1787895554.2636788,alphahigh,agg_full@rho0.8,0,1.0,0.0,4,0.8,agg_full,1787895554.2636623,0,2048,,0,0,0,0,0,0,0,1,46,13.533711373806,0;1;0;1,90,0,0,,,,0,2,,,,,,,,,,,,,,,,,,,,,,,,,,
74,upsert,1,L0093,2048,0,1787895586.7769487,32.51288080215454,55,0,74,1787895554.264068,alphahigh,agg_full@rho0.8,0,1.0,0.0,4,0.8,agg_full,1787895554.264053,0,2048,,0,0,0,0,0,0,0,1,47,13.533711373806,0;0;0;1,90,0,0,,,,0,1,,,,,,,,,,,,,,,,,,,,,,,,,,
76,upsert,2,L0068,2560,0,1787895586.7769969,29.399089813232422,56,0,76,1787895557.377907,alphahigh,agg_full@rho0.8,0,1.0,0.0,4,0.8,agg_full,1787895557.3778794,0,2560,,0,0,0,0,0,0,0,2,49,13.533711373806,1;1;0;1,94,0,0,,,,0,3,,,,,,,,,,,,,,,,,,,,,,,,,,
77,upsert,1,L0071,2048,0,1787895586.7770388,29.398503065109253,57,1,77,1787895557.3785357,alphahigh,agg_full@rho0.8,0,1.0,0.0,4,0.8,agg_full,1787895557.378518,0,2048,,0,0,0,0,0,0,0,1,50,13.533711373806,1;0;0;1,94,0,1,0,1,0,0,2,123,123,5.752591133117676,,3,1,3,1,0,1,0,2048,2048,40.96,2.0,38.96,29398.503065109253,38.96,4210.451553,2608.0,1,1,1,38.96,38.96,38.96
78,upsert,0,L0069,2048,0,1787895586.7770815,29.39813995361328,58,1,78,1787895557.3789415,alphahigh,agg_full@rho0.8,0,1.0,0.0,4,0.8,agg_full,1787895557.3789275,0,2048,,0,0,0,0,0,0,0,1,51,13.533711373806,0;0;0;1,94,0,1,0,1,0,0,1,118,118,1.1758849620819092,,2,0,2,0,0,1,0,2048,2048,40.96,2.0,38.96,29398.13995361328,38.96,3941.898208,2080.0,1,1,1,38.96,38.96,38.96
79,upsert,3,L0065,2048,0,1787895586.777125,29.397809267044067,59,0,79,1787895557.3793156,alphahigh,agg_full@rho0.8,0,1.0,0.0,4,0.8,agg_full,1787895557.3793025,0,2048,,0,0,0,0,0,0,0,1,52,13.533711373806,0;0;0;0,94,0,0,,,,0,0,,,,,,,,,,,,,,,,,,,,,,,,,,
80,upsert,2,L0107,2560,2048,1787895593.372459,31.8193781375885,60,0,80,1787895561.5530808,alphahigh,agg_full@rho0.8,0,1.0,0.0,4,0.8,agg_full,1787895561.5530517,2048,512,7.289968252182007,0,0,0,0,0,0,0,2,45,14.579955823719501,1;1;0;1,98,1,0,,,,0,3,,,,,,,,,,,,,,,,,,,,,,,,,,
81,upsert,3,L0077,2048,0,1787895593.3725786,31.818912506103516,61,0,81,1787895561.553666,alphahigh,agg_full@rho0.8,0,1.0,0.0,4,0.8,agg_full,1787895561.5536487,0,2048,,0,0,0,0,0,0,0,1,46,14.579955823719501,1;1;0;0,98,0,0,,,,0,2,,,,,,,,,,,,,,,,,,,,,,,,,,
82,upsert,0,L0106,2048,0,1787895593.3726435,31.818581342697144,62,0,82,1787895561.5540621,alphahigh,agg_full@rho0.8,0,1.0,0.0,4,0.8,agg_full,1787895561.5540485,0,2048,,0,0,0,0,0,0,0,1,47,14.579955823719501,0;1;0;0,98,0,0,,,,0,1,,,,,,,,,,,,,,,,,,,,,,,,,,
84,upsert,2,L0069,2560,0,1787895593.3726933,28.764718294143677,63,0,84,1787895564.607975,alphahigh,agg_full@rho0.8,0,1.0,0.0,4,0.8,agg_full,1787895564.6079524,0,2560,,0,0,0,0,0,0,0,2,49,14.579955823719501,1;1;0;1,102,0,0,,,,0,3,,,,,,,,,,,,,,,,,,,,,,,,,,
85,upsert,0,L0066,2048,0,1787895593.3727386,28.764193773269653,64,0,85,1787895564.6085448,alphahigh,agg_full@rho0.8,0,1.0,0.0,4,0.8,agg_full,1787895564.6085267,0,2048,,0,0,0,0,0,0,0,1,50,14.579955823719501,0;1;0;1,102,0,0,,,,0,2,,,,,,,,,,,,,,,,,,,,,,,,,,
86,upsert,1,L0065,2560,0,1787895593.3727818,28.763839960098267,65,0,86,1787895564.6089418,alphahigh,agg_full@rho0.8,0,1.0,0.0,4,0.8,agg_full,1787895564.6089275,0,2560,,0,0,0,0,0,0,0,2,51,14.579955823719501,0;0;0;1,102,0,0,,,,0,1,,,,,,,,,,,,,,,,,,,,,,,,,,
87,upsert,3,L0068,2048,2048,1787895593.3728247,28.763468980789185,66,0,87,1787895564.6093557,alphahigh,agg_full@rho0.8,0,1.0,0.0,4,0.8,agg_full,1787895564.609339,2048,0,16.974653482437134,0,0,0,0,0,0,0,4,52,14.579955823719501,0;0;0;0,102,1,0,,,,0,0,,,,,,,,,,,,,,,,,,,,,,,,,,
88,upsert,2,L0070,2048,0,1787895599.4252117,31.633171319961548,67,0,88,1787895567.7920403,alphahigh,agg_full@rho0.8,0,1.0,0.0,4,0.8,agg_full,1787895567.7920172,0,2048,,0,0,0,0,0,0,0,1,53,14.579955823719501,1;1;0;1,106,0,0,,,,0,3,,,,,,,,,,,,,,,,,,,,,,,,,,
89,upsert,1,L0071,2560,2048,1787895599.4253314,31.63274359703064,68,0,89,1787895567.7925878,alphahigh,agg_full@rho0.8,0,1.0,0.0,4,0.8,agg_full,1787895567.7925665,2048,512,10.414048433303833,0,0,0,0,0,0,0,2,54,14.579955823719501,1;0;0;1,106,1,0,,,,0,2,,,,,,,,,,,,,,,,,,,,,,,,,,
90,upsert,0,L0093,2560,0,1787895599.4253995,31.632375478744507,69,0,90,1787895567.793024,alphahigh,agg_full@rho0.8,0,1.0,0.0,4,0.8,agg_full,1787895567.7930088,0,2560,,0,0,0,0,0,0,0,2,55,14.579955823719501,0;0;0;1,106,0,0,,,,0,1,,,,,,,,,,,,,,,,,,,,,,,,,,
91,upsert,3,L0101,2048,0,1787895599.4254494,31.632015705108643,70,0,91,1787895567.7934337,alphahigh,agg_full@rho0.8,0,1.0,0.0,4,0.8,agg_full,1787895567.7934203,0,2048,,0,0,0,0,0,0,0,1,56,14.579955823719501,0;0;0;0,106,0,0,,,,0,0,,,,,,,,,,,,,,,,,,,,,,,,,,
100,upsert,2,L0066,2560,0,1787895599.4254959,21.678805351257324,71,0,100,1787895577.7466905,alphahigh,agg_full@rho0.8,0,1.0,0.0,4,0.8,agg_full,1787895577.7466652,0,2560,,0,0,0,0,0,0,0,2,58,19.013990581035614,1;1;0;1,118,0,0,,,,0,3,,,,,,,,,,,,,,,,,,,,,,,,,,
101,upsert,1,L0072,2560,0,1787895599.425537,21.678261041641235,72,0,101,1787895577.747276,alphahigh,agg_full@rho0.8,0,1.0,0.0,4,0.8,agg_full,1787895577.747259,0,2560,,0,0,0,0,0,0,0,2,59,19.013990581035614,1;0;0;1,118,0,0,,,,0,2,,,,,,,,,,,,,,,,,,,,,,,,,,
103,upsert,3,L0085,2560,0,1787895599.4255774,21.677492380142212,73,0,103,1787895577.748085,alphahigh,agg_full@rho0.8,0,1.0,0.0,4,0.8,agg_full,1787895577.7480721,0,2560,,0,0,0,0,0,0,0,2,61,19.013990581035614,0;0;0;0,118,0,0,,,,0,0,,,,,,,,,,,,,,,,,,,,,,,,,,
114,upsert,1,L0065,3072,2560,1787895602.074571,14.122586965560913,74,0,114,1787895587.951984,alphahigh,agg_full@rho0.8,0,1.0,0.0,4,0.8,agg_full,1787895587.9519663,2560,512,23.34303879737854,0,0,2048,0,2048,1,0,6,56,26.75270427763462,1;0;0;0,131,1,0,,,,0,1,,,,,,,,,,,,,,,,,,,,,,,,,,
116,upsert,3,L0085,3072,2560,1787895602.0746913,9.547235488891602,75,0,116,1787895592.5274558,alphahigh,agg_full@rho0.8,0,1.0,0.0,4,0.8,agg_full,1787895592.5274282,2560,512,14.779356002807617,0,0,0,0,0,0,0,3,58,26.75270427763462,2;0;1;0,136,1,0,,,,0,3,,,,,,,,,,,,,,,,,,,,,,,,,,
117,upsert,0,L0066,3072,2048,1787895602.0747566,9.546669006347656,76,0,117,1787895592.5280876,alphahigh,agg_full@rho0.8,0,1.0,0.0,4,0.8,agg_full,1787895592.5280676,2048,1024,27.919540882110596,0,0,0,0,0,0,0,4,59,26.75270427763462,1;0;1;0,136,1,0,,,,0,2,,,,,,,,,,,,,,,,,,,,,,,,,,
118,upsert,0,L0069,3072,2048,1787895602.0748076,9.546226263046265,77,0,118,1787895592.5285814,alphahigh,agg_full@rho0.8,0,1.0,0.0,4,0.8,agg_full,1787895592.5285652,2048,1024,35.1496376991272,0,2048,2048,0,2048,1,0,3,60,26.75270427763462,0;0;1;0,136,0,0,,,,0,1,,,,,,,,,,,,,,,,,,,,,,,,,,
0,upsert,0,L0042,2048,0,1787895619.5426502,8.539658069610596,1,0,0,1787895611.0029922,alphahigh,agg_static@rho0.8,1,1.0,0.0,4,0.8,agg_static,1787895611.0029695,0,2048,,0,0,0,0,0,0,0,1,1,,0;1;1;1,4,0,0,,,,0,3,,,,,,,,,,,,,,,,,,,,,,,,,,
1,upsert,2,L0001,2048,0,1787895620.9256258,9.922488689422607,2,3,1,1787895611.003137,alphahigh,agg_static@rho0.8,1,1.0,0.0,4,0.8,agg_static,1787895611.0031235,0,2048,,0,0,0,0,0,0,0,1,2,,0;1;0;1,4,0,1,0,0,1,0,2,42,42,16.408451080322266,,1,1,1,1,0,0,0,0,0,0.0,0.0,0.0,9922.488689422607,0.0,127.870733,2608.0,0,0,0,0,0,0
2,upsert,1,L0000,2048,0,1787895620.9257693,9.92250919342041,3,4,2,1787895611.0032601,alphahigh,agg_static@rho0.8,1,1.0,0.0,4,0.8,agg_static,1787895611.003248,0,2048,,0,0,0,0,0,0,0,1,3,,0;0;0;1,4,0,1,1,0,1,0,1,43,43,16.408360481262207,,0,0,0,0,1,1,0,0,0,0.0,0.0,0.0,9922.50919342041,0.0,2031.794373,2608.0,0,0,0,0,0,0
3,upsert,3,L0010,2048,0,1787895623.6916351,12.688270568847656,4,2,3,1787895611.0033646,alphahigh,agg_static@rho0.8,1,1.0,0.0,4,0.8,agg_static,1787895611.0033548,0,2048,,0,0,0,0,0,0,0,1,4,,0;0;0;0,4,0,1,0,0,1,0,0,46,46,16.257839918136597,,0,0,0,0,0,0,2560,2560,0,0.0,0.0,0.0,12688.270568847656,0.0,957.731468,2608.0,0,0,0,0,0,0
4,upsert,0,L0010,2560,0,1787895623.691748,9.89627981185913,5,2,4,1787895613.795468,alphahigh,agg_static@rho0.8,1,1.0,0.0,4,0.8,agg_static,1787895613.795446,0,2560,,0,0,0,0,0,0,0,2,5,,0;1;1;1,8,0,1,0,1,0,0,3,46,46,16.25772714614868,,3,0,3,0,1,0,2048,2560,512,10.24,-2.0,12.24,9896.27981185913,12.24,957.731468,2608.0,1,2,2,12.24,14.24,14.24
5,upsert,3,L0006,2048,0,1787895623.6918147,9.89618730545044,6,1,5,1787895613.7956274,alphahigh,agg_static@rho0.8,1,1.0,0.0,4,0.8,agg_static,1787895613.7956138,0,2048,,0,0,0,0,0,0,0,1,6,,0;1;1;0,8,0,1,0,1,0,0,2,33,33,7.698073387145996,,2,3,2,3,0,0,0,2048,2048,40.96,0.0,40.96,9896.18730545044,40.96,1742.89217,2080.0,1,1,1,40.96,40.96,40.96
6,upsert,1,L0001,2560,0,1787895623.691868,9.896146059036255,7,3,6,1787895613.795722,alphahigh,agg_static@rho0.8,1,1.0,0.0,4,0.8,agg_static,1787895613.795712,0,2560,,0,0,0,0,0,0,0,2,7,,0;0;1;0,8,0,1,0,1,0,0,1,42,42,13.642208814620972,,2,1,2,1,1,0,0,0,0,0.0,-2.0,2.0,9896.146059036255,2.0,127.870733,2608.0,1,3,3,2.0,24.48,24.48
7,upsert,2,L0013,2048,0,1787895623.691917,9.89611530303955,8,1,7,1787895613.7958016,alphahigh,agg_static@rho0.8,1,1.0,0.0,4,0.8,agg_static,1787895613.795793,0,2048,,0,0,0,0,0,0,0,1,8,,0;0;0;0,8,0,1,0,1,0,0,0,38,38,11.090004682540894,,1,2,1,2,0,1,0,2048,2048,40.96,2.0,38.96,9896.11530303955,38.96,1969.092933,2080.0,1,1,1,38.96,38.96,38.96
8,upsert,0,L0000,2560,0,1787895623.691963,6.9397664070129395,9,4,8,1787895616.7521966,alphahigh,agg_static@rho0.8,1,1.0,0.0,4,0.8,agg_static,1787895616.7521555,0,2560,,0,0,0,0,0,0,0,2,9,,0;1;1;1,12,0,1,1,0,1,0,3,43,43,13.64216685295105,,0,0,0,0,1,1,0,0,0,0.0,0.0,0.0,6939.766407012939,0.0,2031.794373,2608.0,0,0,0,0,0,0
9,upsert,1,L0011,2048,0,1787895623.6920114,6.939659833908081,10,0,9,1787895616.7523515,alphahigh,agg_static@rho0.8,1,1.0,0.0,4,0.8,agg_static,1787895616.7523384,0,2048,,0,0,0,0,0,0,0,1,10,,0;0;1;1,12,0,0,,,,0,2,,,,,,,,,,,,,,,,,,,,,,,,,,
10,upsert,2,L0004,2048,0,1787895630.2873862,13.534940958023071,11,1,10,1787895616.7524452,alphahigh,agg_static@rho0.8,1,1.0,0.0,4,0.8,agg_static,1787895616.752434,0,2048,,0,0,0,0,0,0,0,1,11,,0;0;0;1,12,0,1,1,0,1,0,1,60,60,18.213366508483887,,0,0,0,0,0,0,0,0,0,0.0,0.0,0.0,13534.940958023071,0.0,229.637829,2080.0,0,0,0,0,0,0
11,upsert,3,L0005,2048,0,1787895630.2874663,13.53494119644165,12,3,11,1787895616.752525,alphahigh,agg_static@rho0.8,1,1.0,0.0,4,0.8,agg_static,1787895616.752516,0,2048,,0,0,0,0,0,0,0,1,12,,0;0;0;0,12,0,1,0,1,0,0,0,34,34,1.1024763584136963,,2,3,2,3,0,1,0,2048,2048,40.96,2.0,38.96,13534.94119644165,38.96,2835.06928,2080.0,1,2,2,38.96,79.92,79.92
12,upsert,0,L0000,3072,2560,1787895630.287506,11.469763278961182,13,4,12,1787895618.8177428,alphahigh,agg_static@rho0.8,1,1.0,0.0,4,0.8,agg_static,1787895618.8177161,2560,512,2.0655605792999268,0,0,0,0,0,0,0,4,13,,0;1;1;1,16,1,1,0,0,1,0,3,43,43,7.046623706817627,,0,0,0,0,1,1,2560,3072,512,10.24,0.0,10.24,11469.763278961182,10.24,2031.794373,2608.0,0,0,0,0,0,0
13,upsert,2,L0019,2048,0,1787895630.2875412,11.469629049301147,14,1,13,1787895618.817912,alphahigh,agg_static@rho0.8,1,1.0,0.0,4,0.8,agg_static,1787895618.8178968,0,2048,,0,0,0,0,0,0,0,1,14,,0;1;0;1,16,0,1,0,0,1,0,2,36,36,4.494269609451294,,2,2,2,2,0,0,0,0,0,0.0,0.0,0.0,11469.629049301147,0.0,867.051441,2080.0,0,0,0,0,0,0
14,upsert,1,L0000,2048,2048,1787895630.28757,11.46955680847168,15,4,14,1787895618.8180132,alphahigh,agg_static@rho0.8,1,1.0,0.0,4,0.8,agg_static,1787895618.817999,2048,0,7.814750909805298,0,0,0,0,0,0,0,4,15,,0;0;0;1,16,1,1,0,0,1,0,1,43,43,7.046559810638428,,0,0,0,0,1,1,3072,3072,0,0.0,0.0,0.0,11469.55680847168,0.0,2031.794373,2608.0,0,0,0,0,0,0
15,upsert,3,L0055,2048,0,1787895630.2875996,11.469500064849854,16,0,15,1787895618.8180995,alphahigh,agg_static@rho0.8,1,1.0,0.0,4,0.8,agg_static,1787895618.818089,0,2048,,0,0,0,0,0,0,0,1,16,,0;0;0;0,16,0,0,,,,0,0,,,,,,,,,,,,,,,,,,,,,,,,,,
17,upsert,3,L0018,2048,0,1787895636.7554212,14.674507141113281,17,0,17,1787895622.080914,alphahigh,agg_static@rho0.8,1,1.0,0.0,4,0.8,agg_static,1787895622.080898,0,2048,,0,0,0,0,0,0,0,1,15,9.461551984151205,0;1;1;0,20,0,0,,,,0,2,,,,,,,,,,,,,,,,,,,,,,,,,,
18,upsert,1,L0002,2048,0,1787895636.7555664,14.674485445022583,18,3,18,1787895622.081081,alphahigh,agg_static@rho0.8,1,1.0,0.0,4,0.8,agg_static,1787895622.0810678,0,2048,,0,0,0,0,0,0,0,1,16,9.461551984151205,0;0;1;0,20,0,1,0,0,1,0,1,50,50,5.7264580726623535,,1,1,1,1,0,0,0,0,0,0.0,0.0,0.0,14674.485445022583,0.0,120.89968,2080.0,0,0,0,0,0,0
19,upsert,2,L0004,2560,2048,1787895636.7556403,14.674381732940674,19,1,19,1787895622.0812585,alphahigh,agg_static@rho0.8,1,1.0,0.0,4,0.8,agg_static,1787895622.081241,2048,512,5.3288068771362305,0,0,0,0,0,0,0,2,17,9.461551984151205,0;0;0;0,20,1,1,0,0,1,0,0,60,60,11.745112419128418,,0,0,0,0,0,0,0,0,0,0.0,0.0,0.0,14674.381732940674,0.0,229.637829,2080.0,0,0,0,0,0,0
20,upsert,0,L0006,2560,0,1787895645.2448356,20.06928539276123,20,0,20,1787895625.1755502,alphahigh,agg_static@rho0.8,1,1.0,0.0,4,0.8,agg_static,1787895625.1755219,0,2560,,0,0,2048,0,2048,1,0,2,11,9.453708124160766,0;2;0;1,26,0,0,,,,0,3,,,,,,,,,,,,,,,,,,,,,,,,,,
21,upsert,1,L0000,2560,2048,1787895645.2449508,20.069101810455322,21,0,21,1787895625.175849,alphahigh,agg_static@rho0.8,1,1.0,0.0,4,0.8,agg_static,1787895625.175829,2048,512,6.357830047607422,0,2048,2560,2048,512,2,0,6,12,9.453708124160766,0;1;0;1,26,1,0,,,,0,2,,,,,,,,,,,,,,,,,,,,,,,,,,
22,upsert,1,L0000,3072,2560,1787895645.2450135,20.068968534469604,22,0,22,1787895625.176045,alphahigh,agg_static@rho0.8,1,1.0,0.0,4,0.8,agg_static,1787895625.17603,2560,512,0.0002009868621826172,0,2048,2560,2048,512,2,0,6,13,9.453708124160766,0;0;0;1,26,1,0,,,,0,1,,,,,,,,,,,,,,,,,,,,,,,,,,
23,upsert,3,L0002,2560,0,1787895645.2450707,20.06882929801941,23,2,23,1787895625.1762414,alphahigh,agg_static@rho0.8,1,1.0,0.0,4,0.8,agg_static,1787895625.1762278,0,2560,,0,0,0,0,0,0,0,2,14,9.453708124160766,0;0;0;0,26,0,1,0,1,0,0,0,62,62,3.2557945251464844,,1,3,1,3,0,0,0,0,0,0.0,0.0,0.0,20068.82929801941,0.0,155.449284,2608.0,1,2,2,0.0,8.24,8.24
24,upsert,2,L0003,2048,0,1787895645.2451246,16.100330114364624,24,0,24,1787895629.1447945,alphahigh,agg_static@rho0.8,1,1.0,0.0,4,0.8,agg_static,1787895629.144766,0,2048,,0,0,0,0,0,0,0,1,15,9.453708124160766,1;2;0;0,31,0,0,,,,0,3,,,,,,,,,,,,,,,,,,,,,,,,,,
25,upsert,0,L0004,3072,0,1787895645.2451978,16.10010266304016,25,1,25,1787895629.145095,alphahigh,agg_static@rho0.8,1,1.0,0.0,4,0.8,agg_static,1787895629.1450784,0,3072,,0,0,0,0,0,0,0,3,16,9.453708124160766,0;2;0;0,31,0,1,0,1,0,0,2,60,60,3.2555549144744873,,2,0,2,0,0,0,0,0,0,0.0,0.0,0.0,16100.102663040161,0.0,229.637829,2080.0,1,1,1,0.0,0.0,0.0
26,upsert,1,L0059,2048,0,1787895645.2452495,16.099948406219482,26,0,26,1787895629.145301,alphahigh,agg_static@rho0.8,1,1.0,0.0,4,0.8,agg_static,1787895629.1452875,0,2048,,0,0,0,0,0,0,0,1,17,9.453708124160766,0;1;0;0,31,0,0,,,,0,1,,,,,,,,,,,,,,,,,,,,,,,,,,
27,upsert,1,L0001,2048,2560,1787895652.5426784,23.397205591201782,27,0,27,1787895629.1454728,alphahigh,agg_static@rho0.8,1,1.0,0.0,4,0.8,agg_static,1787895629.1454566,2560,-512,15.34974455833435,0,2560,2560,2048,512,2,0,4,18,9.453708124160766,0;0;0;0,31,0,0,,,,0,0,,,,,,,,,,,,,,,,,,,,,,,,,,
28,upsert,3,L0033,2048,0,1787895652.5427897,21.153897762298584,28,0,28,1787895631.388892,alphahigh,agg_static@rho0.8,1,1.0,0.0,4,0.8,agg_static,1787895631.3888643,0,2048,,0,0,0,0,0,0,0,1,13,10.467838287353516,1;1;1;0,36,0,0,,,,0,3,,,,,,,,,,,,,,,,,,,,,,,,,,
29,upsert,0,L0000,2048,3072,1787895652.5428486,21.153632879257202,29,0,29,1787895631.3892157,alphahigh,agg_static@rho0.8,1,1.0,0.0,4,0.8,agg_static,1787895631.3891964,3072,-1024,12.57148027420044,0,3072,3072,2048,1024,2,0,7,14,10.467838287353516,0;1;1;0,36,0,0,,,,0,2,,,,,,,,,,,,,,,,,,,,,,,,,,
30,upsert,1,L0036,2048,0,1787895652.5428977,21.153472661972046,30,0,30,1787895631.389425,alphahigh,agg_static@rho0.8,1,1.0,0.0,4,0.8,agg_static,1787895631.38941,0,2048,,0,0,0,0,0,0,0,1,15,10.467838287353516,0;0;1;0,36,0,0,,,,0,1,,,,,,,,,,,,,,,,,,,,,,,,,,
31,upsert,2,L0060,2048,0,1787895652.5429466,21.153339624404907,31,0,31,1787895631.389607,alphahigh,agg_static@rho0.8,1,1.0,0.0,4,0.8,agg_static,1787895631.3895943,0,2048,,0,0,0,0,0,0,0,1,16,10.467838287353516,0;0;0;0,36,0,0,,,,0,0,,,,,,,,,,,,,,,,,,,,,,,,,,
32,upsert,0,L0060,2560,0,1787895652.542995,17.762996673583984,32,0,32,1787895634.7799983,alphahigh,agg_static@rho0.8,1,1.0,0.0,4,0.8,agg_static,1787895634.7799706,0,2560,,0,0,0,0,0,0,0,2,17,10.467838287353516,0;0;1;2,42,0,0,,,,0,3,,,,,,,,,,,,,,,,,,,,,,,,,,
33,upsert,3,L0006,3072,2048,1787895652.5430372,17.762465715408325,33,0,33,1787895634.7805715,alphahigh,agg_static@rho0.8,1,1.0,0.0,4,0.8,agg_static,1787895634.780551,2048,1024,20.98493719100952,0,2048,2048,0,2048,1,0,3,18,10.467838287353516,0;0;1;1,42,0,0,,,,0,2,,,,,,,,,,,,,,,,,,,,,,,,,,
34,upsert,3,L0005,2560,2048,1787895652.543081,17.76205801963806,34,0,34,1787895634.781023,alphahigh,agg_static@rho0.8,1,1.0,0.0,4,0.8,agg_static,1787895634.7810066,2048,512,18.02849054336548,0,2048,2048,0,2048,1,0,2,19,10.467838287353516,0;0;1;0,42,0,0,,,,0,1,,,,,,,,,,,,,,,,,,,,,,,,,,
35,upsert,2,L0038,2048,0,1787895661.2447743,26.463359832763672,35,0,35,1787895634.7814145,alphahigh,agg_static@rho0.8,1,1.0,0.0,4,0.8,agg_static,1787895634.7814,0,2048,,0,0,0,0,0,0,0,1,20,10.467838287353516,0;0;0;0,42,0,0,,,,0,0,,,,,,,,,,,,,,,,,,,,,,,,,,
36,upsert,2,L0019,2560,2048,1787895661.2448993,23.912766218185425,36,0,36,1787895637.332133,alphahigh,agg_static@rho0.8,1,1.0,0.0,4,0.8,agg_static,1787895637.3321023,2048,512,18.51420545578003,0,2048,2048,0,2048,1,0,2,18,11.132041416670146,0;1;1;1,48,0,0,,,,0,3,,,,,,,,,,,,,,,,,,,,,,,,,,
37,upsert,3,L0002,3072,2560,1787895661.244962,23.912250995635986,37,0,37,1787895637.332711,alphahigh,agg_static@rho0.8,1,1.0,0.0,4,0.8,agg_static,1787895637.332692,2560,512,12.156464099884033,0,0,2048,0,2048,1,0,3,19,11.132041416670146,0;1;1;0,48,1,0,,,,0,2,,,,,,,,,,,,,,,,,,,,,,,,,,
38,upsert,2,L0013,2560,2048,1787895661.2450101,23.911828756332397,38,0,38,1787895637.3331814,alphahigh,agg_static@rho0.8,1,1.0,0.0,4,0.8,agg_static,1787895637.3331518,2048,512,23.53735876083374,0,2048,2048,0,2048,1,0,2,20,11.132041416670146,0;1;0;0,48,0,0,,,,0,1,,,,,,,,,,,,,,,,,,,,,,,,,,
39,upsert,1,L0007,2048,0,1787895661.2450542,23.91147780418396,39,0,39,1787895637.3335764,alphahigh,agg_static@rho0.8,1,1.0,0.0,4,0.8,agg_static,1787895637.3335626,0,2048,,0,0,0,0,0,0,0,1,21,11.132041416670146,0;0;0;0,48,0,0,,,,0,0,,,,,,,,,,,,,,,,,,,,,,,,,,
40,upsert,0,L0017,2048,0,1787895661.2451022,21.29753875732422,40,0,40,1787895639.9475634,alphahigh,agg_static@rho0.8,1,1.0,0.0,4,0.8,agg_static,1787895639.9475365,0,2048,,0,0,0,0,0,0,0,1,22,11.132041416670146,1;1;1;0,54,0,0,,,,0,3,,,,,,,,,,,,,,,,,,,,,,,,,,
41,upsert,2,L0003,2560,2048,1787895661.245145,21.297077178955078,41,0,41,1787895639.948068,alphahigh,agg_static@rho0.8,1,1.0,0.0,4,0.8,agg_static,1787895639.948048,2048,512,10.803282022476196,0,0,0,0,0,0,0,2,23,11.132041416670146,1;1;0;0,54,1,0,,,,0,2,,,,,,,,,,,,,,,,,,,,,,,,,,
42,upsert,1,L0001,2560,2048,1787895672.7554595,32.806963205337524,42,0,42,1787895639.9484963,alphahigh,agg_static@rho0.8,1,1.0,0.0,4,0.8,agg_static,1787895639.9484792,2048,512,10.803022623062134,0,2560,2560,2048,512,2,0,5,24,11.132041416670146,1;0;0;0,54,1,0,,,,0,1,,,,,,,,,,,,,,,,,,,,,,,,,,
43,upsert,0,L0000,2560,2048,1787895672.7555869,32.806694984436035,43,0,43,1787895639.9488919,alphahigh,agg_static@rho0.8,1,1.0,0.0,4,0.8,agg_static,1787895639.9488769,2048,512,8.559680461883545,0,3072,3072,2048,1024,2,0,8,25,11.132041416670146,0;0;0;0,54,1,0,,,,0,0,,,,,,,,,,,,,,,,,,,,,,,,,,
44,upsert,3,L0005,3072,2560,1787895672.7556503,30.275596857070923,44,0,44,1787895642.4800534,alphahigh,agg_static@rho0.8,1,1.0,0.0,4,0.8,agg_static,1787895642.4800222,2560,512,7.6990156173706055,0,2048,2048,0,2048,1,0,3,26,11.132041416670146,1;1;1;0,60,1,0,,,,0,3,,,,,,,,,,,,,,,,,,,,,,,,,,
45,upsert,2,L0032,2048,0,1787895672.7557082,30.275038480758667,45,0,45,1787895642.4806697,alphahigh,agg_static@rho0.8,1,1.0,0.0,4,0.8,agg_static,1787895642.4806519,0,2048,,0,0,0,0,0,0,0,1,27,11.132041416670146,1;1;0;0,60,0,0,,,,0,2,,,,,,,,,,,,,,,,,,,,,,,,,,
46,upsert,0,L0010,3072,2560,1787895672.7557561,30.274693727493286,46,0,46,1787895642.4810624,alphahigh,agg_static@rho0.8,1,1.0,0.0,4,0.8,agg_static,1787895642.4810445,2560,512,28.685598611831665,0,2560,2560,2048,512,2,0,3,28,11.132041416670146,0;1;0;0,60,0,0,,,,0,1,,,,,,,,,,,,,,,,,,,,,,,,,,
47,upsert,1,L0062,2048,0,1787895672.7558076,30.274304628372192,47,0,47,1787895642.481503,alphahigh,agg_static@rho0.8,1,1.0,0.0,4,0.8,agg_static,1787895642.4814887,0,2048,,0,0,0,0,0,0,0,1,29,11.132041416670146,0;0;0;0,60,0,0,,,,0,0,,,,,,,,,,,,,,,,,,,,,,,,,,
48,upsert,0,L0000,3072,2560,1787895672.7558517,29.57324242591858,48,0,48,1787895643.1826093,alphahigh,agg_static@rho0.8,1,1.0,0.0,4,0.8,agg_static,1787895643.1825807,2560,512,3.233703851699829,0,3072,3072,2048,1024,2,0,10,30,11.132041416670146,1;1;0;1,68,1,0,,,,0,3,,,,,,,,,,,,,,,,,,,,,,,,,,
49,upsert,3,L0005,2048,3072,1787895672.7558901,29.572656631469727,49,0,49,1787895643.1832335,alphahigh,agg_static@rho0.8,1,1.0,0.0,4,0.8,agg_static,1787895643.1832125,3072,-1024,0.7031903266906738,0,2048,2048,0,2048,1,0,4,31,11.132041416670146,1;1;0;0,68,1,0,,,,0,2,,,,,,,,,,,,,,,,,,,,,,,,,,
50,upsert,1,L0002,2048,2048,1787895682.1596951,38.97605514526367,50,0,50,1787895643.18364,alphahigh,agg_static@rho0.8,1,1.0,0.0,4,0.8,agg_static,1787895643.1836243,2048,0,21.102556467056274,0,2048,2048,0,2048,1,0,4,32,11.132041416670146,1;0;0;0,68,0,0,,,,0,1,,,,,,,,,,,,,,,,,,,,,,,,,,
51,upsert,0,L0000,2048,3072,1787895682.1598222,38.975823402404785,51,0,51,1787895643.1839988,alphahigh,agg_static@rho0.8,1,1.0,0.0,4,0.8,agg_static,1787895643.183984,3072,-1024,0.0014033317565917969,0,3072,3072,2048,1024,2,0,10,33,11.132041416670146,0;0;0;0,68,1,0,,,,0,0,,,,,,,,,,,,,,,,,,,,,,,,,,
52,upsert,0,L0000,2560,2048,1787895682.1598847,36.39713144302368,52,0,52,1787895645.7627532,alphahigh,agg_static@rho0.8,1,1.0,0.0,4,0.8,agg_static,1787895645.762726,2048,512,2.578742027282715,0,3072,3072,3072,0,2,0,11,27,13.080205889848562,0;1;1;1,74,1,0,,,,0,3,,,,,,,,,,,,,,,,,,,,,,,,,,
53,upsert,2,L0033,2560,0,1787895682.1599376,36.39658308029175,53,0,53,1787895645.7633545,alphahigh,agg_static@rho0.8,1,1.0,0.0,4,0.8,agg_static,1787895645.7633362,0,2560,,0,0,0,0,0,0,0,3,28,13.080205889848562,0;1;0;1,74,0,0,,,,0,2,,,,,,,,,,,,,,,,,,,,,,,,,,
54,upsert,1,L0001,3072,2560,1787895682.159988,36.3961877822876,54,0,54,1787895645.7638001,alphahigh,agg_static@rho0.8,1,1.0,0.0,4,0.8,agg_static,1787895645.7637825,2560,512,5.815303325653076,0,2560,2560,2048,512,2,0,6,29,13.080205889848562,0;0;0;1,74,1,0,,,,0,1,,,,,,,,,,,,,,,,,,,,,,,,,,
55,upsert,3,L0033,3072,2048,1787895682.1600296,36.395777463912964,55,0,55,1787895645.7642522,alphahigh,agg_static@rho0.8,1,1.0,0.0,4,0.8,agg_static,1787895645.764236,2048,1024,14.37537169456482,0,0,0,0,0,0,0,3,30,13.080205889848562,0;0;0;0,74,1,0,,,,0,0,,,,,,,,,,,,,,,,,,,,,,,,,,
56,upsert,1,L0001,2048,3072,1787895682.1600754,33.661121129989624,56,0,56,1787895648.4989543,alphahigh,agg_static@rho0.8,1,1.0,0.0,4,0.8,agg_static,1787895648.4989278,3072,-1024,2.735145330429077,0,2560,2560,2048,512,2,0,7,31,13.080205889848562,1;0;1;1,80,1,0,,,,0,3,,,,,,,,,,,,,,,,,,,,,,,,,,
57,upsert,2,L0007,2560,0,1787895682.1601145,33.660616636276245,57,0,57,1787895648.499498,alphahigh,agg_static@rho0.8,1,1.0,0.0,4,0.8,agg_static,1787895648.4994817,0,2560,,0,0,0,0,0,0,0,2,32,13.080205889848562,1;0;0;1,80,0,0,,,,0,2,,,,,,,,,,,,,,,,,,,,,,,,,,
58,upsert,3,L0020,2048,0,1787895690.1597521,41.65981864929199,58,0,58,1787895648.4999335,alphahigh,agg_static@rho0.8,1,1.0,0.0,4,0.8,agg_static,1787895648.4999204,0,2048,,0,0,0,0,0,0,0,1,33,13.080205889848562,1;0;0;0,80,0,0,,,,0,1,,,,,,,,,,,,,,,,,,,,,,,,,,
59,upsert,0,L0010,2048,3072,1787895690.159881,41.65955686569214,59,0,59,1787895648.5003242,alphahigh,agg_static@rho0.8,1,1.0,0.0,4,0.8,agg_static,1787895648.500307,3072,-1024,6.0192625522613525,0,2560,2560,2048,512,2,0,4,34,13.080205889848562,0;0;0;0,80,1,0,,,,0,0,,,,,,,,,,,,,,,,,,,,,,,,,,
60,upsert,0,L0004,2048,3072,1787895690.1599522,39.2590606212616,60,0,60,1787895650.9008915,alphahigh,agg_static@rho0.8,1,1.0,0.0,4,0.8,agg_static,1787895650.900866,3072,-1024,21.75578761100769,0,3072,3072,2560,512,2,0,4,35,13.080205889848562,0;0;1;2,87,0,0,,,,0,3,,,,,,,,,,,,,,,,,,,,,,,,,,
61,upsert,2,L0060,3072,2048,1787895690.160002,39.25857186317444,61,0,61,1787895650.9014301,alphahigh,agg_static@rho0.8,1,1.0,0.0,4,0.8,agg_static,1787895650.9014108,2048,1024,19.51181650161743,0,0,0,0,0,0,0,3,36,13.080205889848562,0;0;0;2,87,1,0,,,,0,2,,,,,,,,,,,,,,,,,,,,,,,,,,
62,upsert,3,L0002,2560,3072,1787895690.1600451,39.258137941360474,62,0,62,1787895650.9019072,alphahigh,agg_static@rho0.8,1,1.0,0.0,4,0.8,agg_static,1787895650.9018908,3072,-512,13.569198846817017,0,2560,2560,2048,512,2,0,6,37,13.080205889848562,0;0;0;1,87,1,0,,,,0,1,,,,,,,,,,,,,,,,,,,,,,,,,,
63,upsert,3,L0002,3072,2560,1787895690.1600902,39.257741928100586,63,0,63,1787895650.9023483,alphahigh,agg_static@rho0.8,1,1.0,0.0,4,0.8,agg_static,1787895650.902333,2560,512,0.00044226646423339844,0,2560,2560,2048,512,2,0,6,38,13.080205889848562,0;0;0;0,87,1,0,,,,0,0,,,,,,,,,,,,,,,,,,,,,,,,,,
64,upsert,3,L0084,2048,0,1787895690.1601286,36.89068341255188,64,0,64,1787895653.2694452,alphahigh,agg_static@rho0.8,1,1.0,0.0,4,0.8,agg_static,1787895653.2694213,0,2048,,0,0,0,0,0,0,0,1,31,15.091321103274822,1;1;1;0,91,0,0,,,,0,3,,,,,,,,,,,,,,,,,,,,,,,,,,
65,upsert,1,L0064,2048,0,1787895697.457557,44.187581300735474,65,1,65,1787895653.2699757,alphahigh,agg_static@rho0.8,1,1.0,0.0,4,0.8,agg_static,1787895653.2699587,0,2048,,0,0,0,0,0,0,0,1,32,15.091321103274822,1;0;1;0,91,0,1,0,0,1,0,2,126,126,1.2050628662109375,,0,0,0,0,0,0,2560,2560,0,0.0,0.0,0.0,44187.58130073547,0.0,332.771368,3136.0,0,0,0,0,0,0
66,upsert,2,L0068,2048,0,1787895697.4576757,44.18727207183838,66,0,66,1787895653.2704036,alphahigh,agg_static@rho0.8,1,1.0,0.0,4,0.8,agg_static,1787895653.2703876,0,2048,,0,0,0,0,0,0,0,1,33,15.091321103274822,1;0;0;0,91,0,0,,,,0,1,,,,,,,,,,,,,,,,,,,,,,,,,,
67,upsert,0,L0114,2048,0,1787895697.457736,44.1869478225708,67,0,67,1787895653.2707882,alphahigh,agg_static@rho0.8,1,1.0,0.0,4,0.8,agg_static,1787895653.2707748,0,2048,,0,0,0,0,0,0,0,1,34,15.091321103274822,0;0;0;0,91,0,0,,,,0,0,,,,,,,,,,,,,,,,,,,,,,,,,,
68,upsert,3,L0087,2048,0,1787895697.4577837,41.25105118751526,68,0,68,1787895656.2067325,alphahigh,agg_static@rho0.8,1,1.0,0.0,4,0.8,agg_static,1787895656.20671,0,2048,,0,0,0,0,0,0,0,1,35,15.091321103274822,1;1;1;0,95,0,0,,,,0,3,,,,,,,,,,,,,,,,,,,,,,,,,,
69,upsert,2,L0098,2048,0,1787895697.457827,41.250529527664185,69,0,69,1787895656.2072976,alphahigh,agg_static@rho0.8,1,1.0,0.0,4,0.8,agg_static,1787895656.2072797,0,2048,,0,0,0,0,0,0,0,1,36,15.091321103274822,1;1;0;0,95,0,0,,,,0,2,,,,,,,,,,,,,,,,,,,,,,,,,,
70,upsert,1,L0076,2048,0,1787895697.457874,41.250157594680786,70,0,70,1787895656.2077165,alphahigh,agg_static@rho0.8,1,1.0,0.0,4,0.8,agg_static,1787895656.2077022,0,2048,,0,0,0,0,0,0,0,1,37,15.091321103274822,1;0;0;0,95,0,0,,,,0,1,,,,,,,,,,,,,,,,,,,,,,,,,,
71,upsert,0,L0064,2560,0,1787895697.4579148,41.24982142448425,71,1,71,1787895656.2080934,alphahigh,agg_static@rho0.8,1,1.0,0.0,4,0.8,agg_static,1787895656.20808,0,2560,,0,0,0,0,0,0,0,2,38,15.091321103274822,0;0;0;0,95,0,1,0,1,0,0,0,126,126,1.204704999923706,,1,0,1,0,1,0,2048,2560,512,10.24,-2.0,12.24,41249.82142448425,12.24,332.771368,3136.0,1,1,1,12.24,12.24,12.24
72,upsert,3,L0071,2048,0,1787895697.4579532,38.9180166721344,72,0,72,1787895658.5399365,alphahigh,agg_static@rho0.8,1,1.0,0.0,4,0.8,agg_static,1787895658.5399113,0,2048,,0,0,0,0,0,0,0,1,39,15.091321103274822,1;1;1;0,99,0,0,,,,0,3,,,,,,,,,,,,,,,,,,,,,,,,,,
73,upsert,0,L0097,2048,0,1787895705.1805422,46.64005446434021,73,0,73,1787895658.5404878,alphahigh,agg_static@rho0.8,1,1.0,0.0,4,0.8,agg_static,1787895658.5404704,0,2048,,0,0,0,0,0,0,0,1,40,15.091321103274822,0;1;1;0,99,0,0,,,,0,2,,,,,,,,,,,,,,,,,,,,,,,,,,
74,upsert,2,L0074,2048,0,1787895705.1806684,46.63975167274475,74,0,74,1787895658.5409167,alphahigh,agg_static@rho0.8,1,1.0,0.0,4,0.8,agg_static,1787895658.5409017,0,2048,,0,0,0,0,0,0,0,1,41,15.091321103274822,0;1;0;0,99,0,0,,,,0,1,,,,,,,,,,,,,,,,,,,,,,,,,,
75,upsert,1,L0076,2560,2048,1787895705.1807299,46.63940119743347,75,0,75,1787895658.5413287,alphahigh,agg_static@rho0.8,1,1.0,0.0,4,0.8,agg_static,1787895658.541311,2048,512,2.333608865737915,0,0,0,0,0,0,0,2,42,15.091321103274822,0;0;0;0,99,1,0,,,,0,0,,,,,,,,,,,,,,,,,,,,,,,,,,
76,upsert,3,L0085,2048,0,1787895705.180779,42.44311714172363,76,0,76,1787895662.7376618,alphahigh,agg_static@rho0.8,1,1.0,0.0,4,0.8,agg_static,1787895662.7376344,0,2048,,0,0,0,0,0,0,0,1,36,18.077915631234646,1;1;1;0,103,0,0,,,,0,3,,,,,,,,,,,,,,,,,,,,,,,,,,
77,upsert,1,L0079,2048,0,1787895705.1808236,42.44258093833923,77,0,77,1787895662.7382426,alphahigh,agg_static@rho0.8,1,1.0,0.0,4,0.8,agg_static,1787895662.7382233,0,2048,,0,0,0,0,0,0,0,1,37,18.077915631234646,1;0;1;0,103,0,0,,,,0,2,,,,,,,,,,,,,,,,,,,,,,,,,,
79,upsert,0,L0071,2560,0,1787895705.1808755,42.44177484512329,78,0,79,1787895662.7391007,alphahigh,agg_static@rho0.8,1,1.0,0.0,4,0.8,agg_static,1787895662.7390862,0,2560,,0,0,0,0,0,0,0,2,39,18.077915631234646,0;0;0;0,103,0,0,,,,0,0,,,,,,,,,,,,,,,,,,,,,,,,,,
80,upsert,3,L0065,2048,0,1787895705.180918,39.43716216087341,79,0,80,1787895665.7437558,alphahigh,agg_static@rho0.8,1,1.0,0.0,4,0.8,agg_static,1787895665.74373,0,2048,,0,0,0,0,0,0,0,2,40,18.077915631234646,1;1;1;0,107,0,0,,,,0,3,,,,,,,,,,,,,,,,,,,,,,,,,,
81,upsert,2,L0068,2560,2048,1787895705.180962,39.4366192817688,80,0,81,1787895665.7443428,alphahigh,agg_static@rho0.8,1,1.0,0.0,4,0.8,agg_static,1787895665.7443223,2048,512,12.473934650421143,0,0,0,0,0,0,0,2,41,18.077915631234646,1;1;0;0,107,1,0,,,,0,2,,,,,,,,,,,,,,,,,,,,,,,,,,
82,upsert,1,L0065,2560,0,1787895706.8618073,41.11700129508972,81,0,82,1787895665.744806,alphahigh,agg_static@rho0.8,1,1.0,0.0,4,0.8,agg_static,1787895665.7447917,0,2560,,0,0,0,0,0,0,0,2,42,18.077915631234646,1;0;0;0,107,0,0,,,,0,1,,,,,,,,,,,,,,,,,,,,,,,,,,
83,upsert,0,L0064,2048,2560,1787895706.8619103,41.11667728424072,82,0,83,1787895665.745233,alphahigh,agg_static@rho0.8,1,1.0,0.0,4,0.8,agg_static,1787895665.7452168,2560,-512,9.537136793136597,0,0,0,0,0,0,0,4,43,18.077915631234646,0;0;0;0,107,1,0,,,,0,0,,,,,,,,,,,,,,,,,,,,,,,,,,
84,upsert,3,L0067,2048,0,1787895706.8619661,36.63533115386963,83,0,84,1787895670.226635,alphahigh,agg_static@rho0.8,1,1.0,0.0,4,0.8,agg_static,1787895670.226611,0,2048,,0,0,0,0,0,0,0,1,44,18.077915631234646,1;1;1;0,111,0,0,,,,0,3,,,,,,,,,,,,,,,,,,,,,,,,,,
86,upsert,2,L0076,3072,0,1787895706.8620129,36.63431215286255,84,0,86,1787895670.2277007,alphahigh,agg_static@rho0.8,1,1.0,0.0,4,0.8,agg_static,1787895670.2276862,0,3072,,0,0,0,0,0,0,0,3,46,18.077915631234646,0;1;0;0,111,0,0,,,,0,1,,,,,,,,,,,,,,,,,,,,,,,,,,
87,upsert,1,L0079,2560,2048,1787895706.862054,36.63390302658081,85,0,87,1787895670.228151,alphahigh,agg_static@rho0.8,1,1.0,0.0,4,0.8,agg_static,1787895670.228134,2048,512,7.48991060256958,0,0,0,0,0,0,0,2,47,18.077915631234646,0;0;0;0,111,1,0,,,,0,0,,,,,,,,,,,,,,,,,,,,,,,,,,
88,upsert,3,L0069,2048,0,1787895706.8620996,33.26495122909546,86,0,88,1787895673.5971484,alphahigh,agg_static@rho0.8,1,1.0,0.0,4,0.8,agg_static,1787895673.5971243,0,2048,,0,0,0,0,0,0,0,2,40,22.80593727529049,1;1;1;0,115,0,0,,,,0,3,,,,,,,,,,,,,,,,,,,,,,,,,,
89,upsert,1,L0069,2560,0,1787895706.8621383,33.264442443847656,87,0,89,1787895673.5976958,alphahigh,agg_static@rho0.8,1,1.0,0.0,4,0.8,agg_static,1787895673.5976794,0,2560,,0,0,0,0,0,0,0,2,41,22.80593727529049,1;0;1;0,115,0,0,,,,0,2,,,,,,,,,,,,,,,,,,,,,,,,,,
1,upsert,2,L0001,2048,0,1787895738.8618755,23.37158513069153,1,3,1,1787895715.4902904,alphahigh,agg_full@rho0.8,1,1.0,0.0,4,0.8,agg_full,1787895715.4902751,0,2048,,0,0,0,0,0,0,0,1,2,,0;1;0;1,4,0,1,0,0,1,0,2,42,42,6.874206781387329,,1,1,1,1,0,0,0,0,0,0.0,0.0,0.0,23371.58513069153,0.0,153.369231,2608.0,0,0,0,0,0,0
3,upsert,3,L0010,2048,0,1787895740.2447917,24.754306077957153,2,2,3,1787895715.4904857,alphahigh,agg_full@rho0.8,1,1.0,0.0,4,0.8,agg_full,1787895715.4904761,0,2048,,0,0,0,0,0,0,0,1,4,,0;0;0;0,4,0,1,0,0,1,0,0,46,46,8.78662919998169,,0,0,0,0,0,0,0,0,0,0.0,0.0,0.0,24754.306077957153,0.0,1108.545065,2608.0,0,0,0,0,0,0
4,upsert,0,L0010,2560,0,1787895740.244895,21.68771481513977,3,2,4,1787895718.5571802,alphahigh,agg_full@rho0.8,1,1.0,0.0,4,0.8,agg_full,1787895718.5571384,0,2560,,0,0,0,0,0,0,0,2,5,,0;1;1;1,8,0,1,0,1,0,0,3,46,46,8.786525964736938,,3,0,3,0,1,0,0,0,0,0.0,-2.0,2.0,21687.71481513977,2.0,1108.545065,2608.0,1,2,2,2.0,4.0,4.0
6,upsert,1,L0001,2560,0,1787895744.4150717,25.857630729675293,4,3,6,1787895718.557441,alphahigh,agg_full@rho0.8,1,1.0,0.0,4,0.8,agg_full,1787895718.5574298,0,2560,,0,0,0,0,0,0,0,2,7,,0;0;1;0,8,0,1,0,1,0,0,1,42,42,1.3210105895996094,,2,1,2,1,0,0,0,0,0,0.0,0.0,0.0,25857.630729675293,0.0,153.369231,2608.0,1,3,3,0.0,20.48,20.48
12,upsert,0,L0000,3072,0,1787895744.4151952,21.005598306655884,5,4,12,1787895723.409597,alphahigh,agg_full@rho0.8,1,1.0,0.0,4,0.8,agg_full,1787895723.4095712,2560,512,2.101909637451172,0,0,0,0,0,0,0,4,13,,0;1;1;1,16,1,1,0,1,0,0,3,43,43,1.320941686630249,,1,0,1,0,1,1,2560,3072,512,10.24,0.0,10.24,21005.598306655884,10.24,1932.181041,2608.0,1,4,4,10.24,38.96,38.96
14,upsert,1,L0000,2048,0,1787895744.4152617,21.005398988723755,6,4,14,1787895723.4098628,alphahigh,agg_full@rho0.8,1,1.0,0.0,4,0.8,agg_full,1787895723.4098487,2048,0,7.91946005821228,0,0,0,0,0,0,0,4,15,,0;0;0;1,16,1,1,1,0,1,0,1,43,43,1.3208751678466797,,0,0,0,0,1,1,0,0,0,0.0,0.0,0.0,21005.398988723755,0.0,1932.181041,2608.0,0,0,0,0,0,0
19,upsert,2,L0004,2560,0,1787895744.4153125,16.143495798110962,7,1,19,1787895728.2718167,alphahigh,agg_full@rho0.8,1,1.0,0.0,4,0.8,agg_full,1787895728.2718024,2048,512,6.963874578475952,0,0,0,0,0,0,0,2,20,,0;0;0;0,20,1,1,1,0,1,0,0,60,60,13.099597215652466,,2,2,2,2,0,0,0,0,0,0.0,0.0,0.0,16143.495798110962,0.0,139.867212,2080.0,0,0,0,0,0,0
20,upsert,0,L0006,2560,0,1787895744.4153605,11.665427207946777,8,0,20,1787895732.7499332,alphahigh,agg_full@rho0.8,1,1.0,0.0,4,0.8,agg_full,1787895732.7499049,0,2560,,0,0,0,0,0,0,0,2,21,,0;1;1;1,24,0,0,,,,0,3,,,,,,,,,,,,,,,,,,,,,,,,,,
21,upsert,1,L0000,2560,2048,1787895744.415407,11.66528606414795,9,4,21,1787895732.7501209,alphahigh,agg_full@rho0.8,1,1.0,0.0,4,0.8,agg_full,1787895732.7501016,2048,512,9.340252876281738,0,0,0,0,0,0,0,6,22,,0;0;1;1,24,1,1,0,0,1,0,2,43,43,1.3207299709320068,,0,0,0,0,1,1,3072,3072,0,0.0,0.0,0.0,11665.28606414795,0.0,1932.181041,2608.0,0,0,0,0,0,0
23,upsert,3,L0002,2560,0,1787895744.4154525,11.665104627609253,10,3,23,1787895732.7503479,alphahigh,agg_full@rho0.8,1,1.0,0.0,4,0.8,agg_full,1787895732.750337,0,2560,,0,0,0,0,0,0,0,2,24,,0;0;0;0,24,0,1,0,1,0,0,0,50,50,7.357487916946411,,1,3,1,3,0,1,0,2560,2560,51.2,2.0,49.2,11665.104627609253,49.2,305.108047,2080.0,1,3,3,49.2,149.60000000000002,149.60000000000002
24,upsert,0,L0003,2048,0,1787895751.0107825,15.438116073608398,11,0,24,1787895735.5726664,alphahigh,agg_full@rho0.8,1,1.0,0.0,4,0.8,agg_full,1787895735.5726395,0,2048,,0,0,0,0,0,0,0,1,25,,0;1;1;1,28,0,0,,,,0,3,,,,,,,,,,,,,,,,,,,,,,,,,,
25,upsert,2,L0004,3072,2560,1787895751.0108588,15.438009262084961,12,1,25,1787895735.5728495,alphahigh,agg_full@rho0.8,1,1.0,0.0,4,0.8,agg_full,1787895735.5728304,2560,512,7.30102801322937,0,0,0,0,0,0,0,3,26,,0;1;0;1,28,1,1,0,0,1,0,2,60,60,6.504050970077515,,2,2,2,2,0,0,2560,3072,512,10.24,0.0,10.24,15438.009262084961,10.24,139.867212,2080.0,0,0,0,0,0,0
26,upsert,1,L0059,2048,0,1787895751.0109007,15.437948942184448,13,0,26,1787895735.5729518,alphahigh,agg_full@rho0.8,1,1.0,0.0,4,0.8,agg_full,1787895735.5729392,0,2048,,0,0,0,0,0,0,0,1,27,,0;0;0;1,28,0,0,,,,0,1,,,,,,,,,,,,,,,,,,,,,,,,,,
28,upsert,0,L0033,2048,0,1787895751.0109355,12.855265378952026,14,2,28,1787895738.1556702,alphahigh,agg_full@rho0.8,1,1.0,0.0,4,0.8,agg_full,1787895738.1556466,0,2048,,0,0,0,0,0,0,0,1,29,,0;1;1;1,32,0,1,0,1,0,0,3,53,53,1.5405209064483643,,1,0,1,0,0,1,0,2048,2048,40.96,2.0,38.96,12855.265378952026,38.96,2122.71953,2080.0,1,2,2,38.96,75.92,75.92
30,upsert,1,L0036,2048,0,1787895751.0109634,12.855030059814453,15,0,30,1787895738.1559334,alphahigh,agg_full@rho0.8,1,1.0,0.0,4,0.8,agg_full,1787895738.155922,0,2048,,0,0,0,0,0,0,0,1,31,,0;0;1;0,32,0,0,,,,0,1,,,,,,,,,,,,,,,,,,,,,,,,,,
31,upsert,2,L0060,2048,0,1787895751.010989,12.854971885681152,16,1,31,1787895738.156017,alphahigh,agg_full@rho0.8,1,1.0,0.0,4,0.8,agg_full,1787895738.156007,0,2048,,0,0,0,0,0,0,0,1,32,,0;0;0;0,32,0,1,0,1,0,0,0,61,61,6.503981590270996,,3,2,3,2,0,1,0,2048,2048,40.96,2.0,38.96,12854.971885681152,38.96,2367.273145,2080.0,1,1,1,38.96,38.96,38.96
32,upsert,0,L0060,2560,0,1787895758.181004,15.893553733825684,17,0,32,1787895742.2874503,alphahigh,agg_full@rho0.8,1,1.0,0.0,4,0.8,agg_full,1787895742.2874255,0,2560,,0,0,0,0,0,0,0,2,30,23.271202007929485,0;1;1;1,36,0,0,,,,0,3,,,,,,,,,,,,,,,,,,,,,,,,,,
33,upsert,1,L0006,3072,0,1787895758.1811092,15.893166065216064,18,0,33,1787895742.2879431,alphahigh,agg_full@rho0.8,1,1.0,0.0,4,0.8,agg_full,1787895742.2879267,0,3072,,0,0,0,0,0,0,0,3,31,23.271202007929485,0;0;1;1,36,0,0,,,,0,2,,,,,,,,,,,,,,,,,,,,,,,,,,
34,upsert,2,L0005,2560,0,1787895758.181192,15.892829179763794,19,0,34,1787895742.2883627,alphahigh,agg_full@rho0.8,1,1.0,0.0,4,0.8,agg_full,1787895742.2883492,0,2560,,0,0,0,0,0,0,0,2,32,23.271202007929485,0;0;0;1,36,0,0,,,,0,1,,,,,,,,,,,,,,,,,,,,,,,,,,
35,upsert,3,L0038,2048,0,1787895758.1812513,15.892543077468872,20,0,35,1787895742.2887082,alphahigh,agg_full@rho0.8,1,1.0,0.0,4,0.8,agg_full,1787895742.2886953,0,2048,,0,0,0,0,0,0,0,1,33,23.271202007929485,0;0;0;0,36,0,0,,,,0,0,,,,,,,,,,,,,,,,,,,,,,,,,,
36,upsert,0,L0019,2560,0,1787895767.2235267,21.48922109603882,21,0,36,1787895745.7343056,alphahigh,agg_full@rho0.8,1,1.0,0.0,4,0.8,agg_full,1787895745.7342827,0,2560,,0,0,0,0,0,0,0,2,27,18.882154774665832,0;1;1;1,40,0,0,,,,0,3,,,,,,,,,,,,,,,,,,,,,,,,,,
37,upsert,2,L0002,3072,0,1787895767.22366,21.48884630203247,22,0,37,1787895745.7348137,alphahigh,agg_full@rho0.8,1,1.0,0.0,4,0.8,agg_full,1787895745.734795,0,3072,,0,0,2560,0,2560,1,0,3,28,18.882154774665832,0;1;0;1,40,0,0,,,,0,2,,,,,,,,,,,,,,,,,,,,,,,,,,
38,upsert,1,L0013,2560,0,1787895767.2237244,21.48846411705017,23,0,38,1787895745.7352602,alphahigh,agg_full@rho0.8,1,1.0,0.0,4,0.8,agg_full,1787895745.7352452,0,2560,,0,0,0,0,0,0,0,2,29,18.882154774665832,0;0;0;1,40,0,0,,,,0,1,,,,,,,,,,,,,,,,,,,,,,,,,,
39,upsert,3,L0007,2048,0,1787895767.223783,21.488162994384766,24,0,39,1787895745.73562,alphahigh,agg_full@rho0.8,1,1.0,0.0,4,0.8,agg_full,1787895745.7356083,0,2048,,0,0,0,0,0,0,0,1,30,18.882154774665832,0;0;0;0,40,0,0,,,,0,0,,,,,,,,,,,,,,,,,,,,,,,,,,
40,upsert,0,L0017,2048,0,1787895767.223834,18.194196701049805,25,0,40,1787895749.0296373,alphahigh,agg_full@rho0.8,1,1.0,0.0,4,0.8,agg_full,1787895749.0296123,0,2048,,0,0,0,0,0,0,0,1,31,18.882154774665832,1;1;0;1,46,0,0,,,,0,3,,,,,,,,,,,,,,,,,,,,,,,,,,
41,upsert,3,L0003,2560,0,1787895767.223876,18.19377374649048,26,0,41,1787895749.0301023,alphahigh,agg_full@rho0.8,1,1.0,0.0,4,0.8,agg_full,1787895749.0300846,0,2560,,0,0,0,0,0,0,0,2,32,18.882154774665832,1;1;0;0,46,0,0,,,,0,2,,,,,,,,,,,,,,,,,,,,,,,,,,
42,upsert,1,L0001,2560,2560,1787895767.2239172,18.19339656829834,27,0,42,1787895749.0305207,alphahigh,agg_full@rho0.8,1,1.0,0.0,4,0.8,agg_full,1787895749.0305023,2560,0,30.47307252883911,0,2560,2560,2048,512,2,0,5,33,18.882154774665832,1;0;0;0,46,0,0,,,,0,1,,,,,,,,,,,,,,,,,,,,,,,,,,
43,upsert,0,L0000,2560,3072,1787895773.819254,24.788355588912964,28,0,43,1787895749.0308983,alphahigh,agg_full@rho0.8,1,1.0,0.0,4,0.8,agg_full,1787895749.0308816,3072,-512,25.621310472488403,0,3072,3072,2560,512,2,0,8,34,18.882154774665832,0;0;0;0,46,1,0,,,,0,0,,,,,,,,,,,,,,,,,,,,,,,,,,
44,upsert,2,L0005,3072,2560,1787895773.8193734,22.048370838165283,29,0,44,1787895751.7710025,alphahigh,agg_full@rho0.8,1,1.0,0.0,4,0.8,agg_full,1787895751.7709749,2560,512,9.482625722885132,0,0,0,0,0,0,0,3,29,17.106305584311485,1;1;0;1,51,1,0,,,,0,3,,,,,,,,,,,,,,,,,,,,,,,,,,
45,upsert,3,L0032,2048,0,1787895773.8194366,22.047849893569946,30,0,45,1787895751.7715867,alphahigh,agg_full@rho0.8,1,1.0,0.0,4,0.8,agg_full,1787895751.7715695,0,2048,,0,0,0,0,0,0,0,1,30,17.106305584311485,1;1;0;0,51,0,0,,,,0,2,,,,,,,,,,,,,,,,,,,,,,,,,,
46,upsert,0,L0010,3072,2560,1787895773.8194873,22.047509908676147,31,0,46,1787895751.7719774,alphahigh,agg_full@rho0.8,1,1.0,0.0,4,0.8,agg_full,1787895751.77196,2560,512,33.214821577072144,0,2560,2560,2048,512,2,0,3,31,17.106305584311485,0;1;0;0,51,0,0,,,,0,1,,,,,,,,,,,,,,,,,,,,,,,,,,
47,upsert,1,L0062,2048,0,1787895773.8195324,22.04710865020752,32,0,47,1787895751.7724237,alphahigh,agg_full@rho0.8,1,1.0,0.0,4,0.8,agg_full,1787895751.7724092,0,2048,,0,0,0,0,0,0,0,1,32,17.106305584311485,0;0;0;0,51,0,0,,,,0,0,,,,,,,,,,,,,,,,,,,,,,,,,,
48,upsert,0,L0000,3072,2560,1787895773.81958,21.26996684074402,33,0,48,1787895752.5496132,alphahigh,agg_full@rho0.8,1,1.0,0.0,4,0.8,agg_full,1787895752.5495815,2560,512,3.518699884414673,0,3072,3072,2560,512,2,0,10,33,17.106305584311485,1;0;0;2,58,1,0,,,,0,3,,,,,,,,,,,,,,,,,,,,,,,,,,
49,upsert,3,L0005,2048,0,1787895773.8196232,21.269378900527954,34,0,49,1787895752.5502443,alphahigh,agg_full@rho0.8,1,1.0,0.0,4,0.8,agg_full,1787895752.550222,2048,0,31.242210626602173,0,0,0,0,0,0,0,4,34,17.106305584311485,1;0;0;1,58,1,0,,,,0,2,,,,,,,,,,,,,,,,,,,,,,,,,,
50,upsert,3,L0002,2048,2560,1787895773.8196654,21.269028186798096,35,0,50,1787895752.5506372,alphahigh,agg_full@rho0.8,1,1.0,0.0,4,0.8,agg_full,1787895752.5506213,2560,-512,19.800284385681152,0,2560,2560,0,2560,1,0,4,35,17.106305584311485,1;0;0;0,58,0,0,,,,0,1,,,,,,,,,,,,,,,,,,,,,,,,,,
51,upsert,0,L0000,2048,3072,1787895781.819253,29.268266201019287,36,0,51,1787895752.5509868,alphahigh,agg_full@rho0.8,1,1.0,0.0,4,0.8,agg_full,1787895752.550972,3072,-1024,0.0013904571533203125,0,3072,3072,2560,512,2,0,10,36,17.106305584311485,0;0;0;0,58,1,0,,,,0,0,,,,,,,,,,,,,,,,,,,,,,,,,,
52,upsert,0,L0000,2560,2048,1787895781.8193755,26.550640106201172,37,0,52,1787895755.2687354,alphahigh,agg_full@rho0.8,1,1.0,0.0,4,0.8,agg_full,1787895755.268704,2048,512,2.7177319526672363,0,3072,3072,2560,512,2,0,11,37,17.106305584311485,2;1;0;0,66,1,0,,,,0,3,,,,,,,,,,,,,,,,,,,,,,,,,,
53,upsert,0,L0033,2560,2048,1787895781.8194354,26.55012273788452,38,0,53,1787895755.2693126,alphahigh,agg_full@rho0.8,1,1.0,0.0,4,0.8,agg_full,1787895755.2692935,2048,512,17.113646984100342,0,2048,2048,0,2048,1,0,3,38,17.106305584311485,1;1;0;0,66,0,0,,,,0,2,,,,,,,,,,,,,,,,,,,,,,,,,,
54,upsert,1,L0001,3072,2560,1787895781.8194838,26.549758911132812,39,0,54,1787895755.2697248,alphahigh,agg_full@rho0.8,1,1.0,0.0,4,0.8,agg_full,1787895755.269707,2560,512,6.23920464515686,0,2560,2560,2048,512,2,0,6,39,17.106305584311485,1;0;0;0,66,1,0,,,,0,1,,,,,,,,,,,,,,,,,,,,,,,,,,
55,upsert,0,L0033,3072,2560,1787895781.8195336,26.549386978149414,40,0,55,1787895755.2701466,alphahigh,agg_full@rho0.8,1,1.0,0.0,4,0.8,agg_full,1787895755.2701318,2560,512,0.0008382797241210938,0,2048,2048,0,2048,1,0,3,40,17.106305584311485,0;0;0;0,66,1,0,,,,0,0,,,,,,,,,,,,,,,,,,,,,,,,,,
56,upsert,1,L0001,2048,3072,1787895781.8195744,24.306328296661377,41,0,56,1787895757.513246,alphahigh,agg_full@rho0.8,1,1.0,0.0,4,0.8,agg_full,1787895757.5132182,3072,-1024,2.243511199951172,0,2560,2560,2048,512,2,0,7,41,17.106305584311485,1;0;1;1,72,1,0,,,,0,3,,,,,,,,,,,,,,,,,,,,,,,,,,
57,upsert,3,L0007,2560,2048,1787895781.8196158,24.305875778198242,42,0,57,1787895757.51374,alphahigh,agg_full@rho0.8,1,1.0,0.0,4,0.8,agg_full,1787895757.5137208,2048,512,11.778112411499023,0,0,0,0,0,0,0,2,42,17.106305584311485,1;0;1;0,72,1,0,,,,0,2,,,,,,,,,,,,,,,,,,,,,,,,,,
58,upsert,2,L0020,2048,0,1787895789.8192818,32.30512881278992,43,0,58,1787895757.514153,alphahigh,agg_full@rho0.8,1,1.0,0.0,4,0.8,agg_full,1787895757.5141375,0,2048,,0,0,0,0,0,0,0,1,43,17.106305584311485,1;0;0;0,72,0,0,,,,0,1,,,,,,,,,,,,,,,,,,,,,,,,,,
59,upsert,0,L0010,2048,3072,1787895789.8194146,32.30490016937256,44,0,59,1787895757.5145144,alphahigh,agg_full@rho0.8,1,1.0,0.0,4,0.8,agg_full,1787895757.5144982,3072,-1024,5.742538213729858,0,2560,2560,2048,512,2,0,4,44,17.106305584311485,0;0;0;0,72,1,0,,,,0,0,,,,,,,,,,,,,,,,,,,,,,,,,,
60,upsert,2,L0004,2048,3072,1787895789.8194804,29.3291916847229,45,0,60,1787895760.4902887,alphahigh,agg_full@rho0.8,1,1.0,0.0,4,0.8,agg_full,1787895760.4902585,3072,-1024,24.917428016662598,0,3072,3072,0,3072,1,0,4,41,16.86364907026291,0;0;1;2,80,1,0,,,,0,3,,,,,,,,,,,,,,,,,,,,,,,,,,
61,upsert,2,L0060,3072,2048,1787895789.819528,29.3287136554718,46,0,61,1787895760.4908144,alphahigh,agg_full@rho0.8,1,1.0,0.0,4,0.8,agg_full,1787895760.4907959,2048,1024,22.33478879928589,0,2048,2560,2048,512,2,0,3,42,16.86364907026291,0;0;0;2,80,0,0,,,,0,2,,,,,,,,,,,,,,,,,,,,,,,,,,
62,upsert,3,L0002,2560,2048,1787895789.8195765,29.328291654586792,47,0,62,1787895760.4912848,alphahigh,agg_full@rho0.8,1,1.0,0.0,4,0.8,agg_full,1787895760.4912684,2048,512,7.940647125244141,0,2560,2560,0,2560,1,0,6,43,16.86364907026291,0;0;0;1,80,1,0,,,,0,1,,,,,,,,,,,,,,,,,,,,,,,,,,
63,upsert,3,L0002,3072,2560,1787895789.8196213,29.327934980392456,48,0,63,1787895760.4916863,alphahigh,agg_full@rho0.8,1,1.0,0.0,4,0.8,agg_full,1787895760.4916723,2560,512,0.0004038810729980469,0,2560,2560,0,2560,1,0,6,44,16.86364907026291,0;0;0;0,80,1,0,,,,0,0,,,,,,,,,,,,,,,,,,,,,,,,,,
64,upsert,0,L0084,2048,0,1787895789.8196604,26.760974645614624,49,0,64,1787895763.0586858,alphahigh,agg_full@rho0.8,1,1.0,0.0,4,0.8,agg_full,1787895763.0586593,0,2048,,0,0,0,0,0,0,0,1,45,16.86364907026291,0;1;1;1,84,0,0,,,,0,3,,,,,,,,,,,,,,,,,,,,,,,,,,
65,upsert,1,L0064,2048,0,1787895789.819701,26.760481595993042,50,8,65,1787895763.0592194,alphahigh,agg_full@rho0.8,1,1.0,0.0,4,0.8,agg_full,1787895763.059203,0,2048,,0,0,0,0,0,0,0,1,46,16.86364907026291,0;0;1;1,84,0,1,0,1,0,0,2,102,102,1.4949047565460205,,2,1,2,1,0,1,0,2048,2048,40.96,2.0,38.96,26760.481595993042,38.96,2463.081959,2080.0,1,1,1,38.96,38.96,38.96
66,upsert,2,L0068,2048,0,1787895797.1171827,34.057575941085815,51,0,66,1787895763.0596068,alphahigh,agg_full@rho0.8,1,1.0,0.0,4,0.8,agg_full,1787895763.0595927,0,2048,,0,0,0,0,0,0,0,1,47,16.86364907026291,0;0;0;1,84,0,0,,,,0,1,,,,,,,,,,,,,,,,,,,,,,,,,,
67,upsert,3,L0114,2048,0,1787895797.1172998,34.05733323097229,52,0,67,1787895763.0599666,alphahigh,agg_full@rho0.8,1,1.0,0.0,4,0.8,agg_full,1787895763.0599537,0,2048,,0,0,0,0,0,0,0,1,48,16.86364907026291,0;0;0;0,84,0,0,,,,0,0,,,,,,,,,,,,,,,,,,,,,,,,,,
68,upsert,0,L0087,2048,0,1787895797.1173623,30.563151121139526,53,0,68,1787895766.5542111,alphahigh,agg_full@rho0.8,1,1.0,0.0,4,0.8,agg_full,1787895766.5541813,0,2048,,0,0,0,0,0,0,0,1,49,16.86364907026291,0;1;1;1,88,0,0,,,,0,3,,,,,,,,,,,,,,,,,,,,,,,,,,
69,upsert,2,L0098,2048,0,1787895797.1174107,30.562655925750732,54,0,69,1787895766.5547547,alphahigh,agg_full@rho0.8,1,1.0,0.0,4,0.8,agg_full,1787895766.5547366,0,2048,,0,0,0,0,0,0,0,1,50,16.86364907026291,0;1;0;1,88,0,0,,,,0,2,,,,,,,,,,,,,,,,,,,,,,,,,,
70,upsert,1,L0076,2048,0,1787895797.11747,30.562328577041626,55,0,70,1787895766.5551414,alphahigh,agg_full@rho0.8,1,1.0,0.0,4,0.8,agg_full,1787895766.5551267,0,2048,,0,0,0,0,0,0,0,1,51,16.86364907026291,0;0;0;1,88,0,0,,,,0,1,,,,,,,,,,,,,,,,,,,,,,,,,,
71,upsert,3,L0064,2560,0,1787895797.1175146,30.56200361251831,56,7,71,1787895766.555511,alphahigh,agg_full@rho0.8,1,1.0,0.0,4,0.8,agg_full,1787895766.555498,0,2560,,0,0,0,0,0,0,0,2,52,16.86364907026291,0;0;0;0,88,0,1,0,1,0,0,0,108,108,0.27715253829956055,,1,3,1,3,0,0,0,512,512,10.24,0.0,10.24,30562.00361251831,10.24,180.885892,3136.0,1,4,7,10.24,34.96,61.68
72,upsert,0,L0071,2048,0,1787895797.1175551,27.111157178878784,57,2,72,1787895770.006398,alphahigh,agg_full@rho0.8,1,1.0,0.0,4,0.8,agg_full,1787895770.00637,0,2048,,0,0,0,0,0,0,0,1,46,17.696631219651962,0;1;1;1,92,0,1,0,0,1,0,3,110,110,0.27722930908203125,,0,0,0,0,0,0,0,0,0,0.0,0.0,0.0,27111.157178878784,0.0,2089.519026,2080.0,0,0,0,0,0,0
73,upsert,3,L0097,2048,0,1787895797.1175976,27.110657215118408,58,0,73,1787895770.0069404,alphahigh,agg_full@rho0.8,1,1.0,0.0,4,0.8,agg_full,1787895770.006924,0,2048,,0,0,0,0,0,0,0,1,47,17.696631219651962,0;1;1;0,92,0,0,,,,0,2,,,,,,,,,,,,,,,,,,,,,,,,,,
74,upsert,1,L0074,2048,0,1787895805.8192835,35.8119421005249,59,0,74,1787895770.0073414,alphahigh,agg_full@rho0.8,1,1.0,0.0,4,0.8,agg_full,1787895770.0073273,0,2048,,0,0,0,0,0,0,0,1,48,17.696631219651962,0;0;1;0,92,0,0,,,,0,1,,,,,,,,,,,,,,,,,,,,,,,,,,
75,upsert,2,L0076,2560,0,1787895805.8194034,35.811697483062744,60,0,75,1787895770.007706,alphahigh,agg_full@rho0.8,1,1.0,0.0,4,0.8,agg_full,1787895770.0076928,0,2560,,0,0,0,0,0,0,0,2,49,17.696631219651962,0;0;0;0,92,0,0,,,,0,0,,,,,,,,,,,,,,,,,,,,,,,,,,
79,upsert,3,L0071,2560,0,1787895805.819468,31.654882431030273,61,1,79,1787895774.1645856,alphahigh,agg_full@rho0.8,1,1.0,0.0,4,0.8,agg_full,1787895774.1645725,0,2560,,0,0,0,0,0,0,0,2,45,18.274468928575516,0;0;0;0,96,0,1,0,1,0,0,0,121,121,1.984848976135254,,0,3,0,3,1,0,2048,2560,512,10.24,-2.0,12.24,31654.882431030273,12.24,118.181302,2080.0,1,1,1,12.24,12.24,12.24
81,upsert,2,L0068,2560,2048,1787895805.8195193,28.359442472457886,62,0,81,1787895777.4600768,alphahigh,agg_full@rho0.8,1,1.0,0.0,4,0.8,agg_full,1787895777.460056,2048,512,14.400463342666626,0,0,0,0,0,0,0,2,47,18.274468928575516,0;1;0;1,100,1,0,,,,0,2,,,,,,,,,,,,,,,,,,,,,,,,,,
82,upsert,1,L0065,2560,0,1787895805.8195653,28.35903835296631,63,1,82,1787895777.460527,alphahigh,agg_full@rho0.8,1,1.0,0.0,4,0.8,agg_full,1787895777.4605114,0,2560,,0,0,0,0,0,0,0,2,48,18.274468928575516,0;0;0;1,100,0,1,0,0,1,0,1,124,124,4.236734628677368,,3,3,3,3,0,0,512,512,0,0.0,0.0,0.0,28359.03835296631,0.0,209.757418,2080.0,0,0,0,0,0,0
85,upsert,3,L0065,3072,0,1787895805.8196135,24.502220392227173,64,1,85,1787895781.317393,alphahigh,agg_full@rho0.8,1,1.0,0.0,4,0.8,agg_full,1787895781.3173764,0,3072,,0,0,0,0,0,0,0,3,51,18.274468928575516,0;1;1;0,104,0,1,0,1,0,0,2,124,124,4.23668646812439,,1,3,1,3,0,0,0,512,512,10.24,0.0,10.24,24502.220392227173,10.24,209.757418,2080.0,1,1,1,10.24,10.24,10.24
86,upsert,1,L0076,3072,2048,1787895805.8196557,24.501787185668945,65,0,86,1787895781.3178685,alphahigh,agg_full@rho0.8,1,1.0,0.0,4,0.8,agg_full,1787895781.3178504,2048,1024,14.762723684310913,0,0,0,0,0,0,0,3,52,18.274468928575516,0;0;1;0,104,1,0,,,,0,1,,,,,,,,,,,,,,,,,,,,,,,,,,
87,upsert,2,L0079,2560,0,1787895813.8192742,32.5009560585022,66,0,87,1787895781.3183181,alphahigh,agg_full@rho0.8,1,1.0,0.0,4,0.8,agg_full,1787895781.3183038,0,2560,,0,0,0,0,0,0,0,2,53,18.274468928575516,0;0;0;0,104,0,0,,,,0,0,,,,,,,,,,,,,,,,,,,,,,,,,,
89,upsert,1,L0069,2560,0,1787895813.8193986,29.296563625335693,67,0,89,1787895784.522835,alphahigh,agg_full@rho0.8,1,1.0,0.0,4,0.8,agg_full,1787895784.5228183,0,2560,,0,0,0,0,0,0,0,2,48,20.307982593774796,0;0;1;1,108,0,0,,,,0,2,,,,,,,,,,,,,,,,,,,,,,,,,,
91,upsert,3,L0065,2560,3072,1787895813.819498,29.29582142829895,68,0,91,1787895784.5236766,alphahigh,agg_full@rho0.8,1,1.0,0.0,4,0.8,agg_full,1787895784.5236597,3072,-512,3.2062833309173584,0,0,0,0,0,0,0,5,50,20.307982593774796,0;0;0;0,108,1,0,,,,0,0,,,,,,,,,,,,,,,,,,,,,,,,,,
95,upsert,3,L0064,3072,2560,1787895813.8195832,26.408790588378906,69,0,95,1787895787.4107926,alphahigh,agg_full@rho0.8,1,1.0,0.0,4,0.8,agg_full,1787895787.4107769,2048,1024,9.949856281280518,0,0,0,0,0,0,0,6,54,20.307982593774796,0;0;0;0,112,1,0,,,,0,0,,,,,,,,,,,,,,,,,,,,,,,,,,
96,upsert,0,L0079,3072,0,1787895813.819659,22.507084131240845,70,0,96,1787895791.3125749,alphahigh,agg_full@rho0.8,1,1.0,0.0,4,0.8,agg_full,1787895791.31255,0,3072,,0,0,0,0,0,0,0,3,47,24.019843712449074,0;1;1;1,116,0,0,,,,0,3,,,,,,,,,,,,,,,,,,,,,,,,,,
101,upsert,1,L0065,3072,2560,1787895813.819731,19.29824686050415,71,0,101,1787895794.5214841,alphahigh,agg_full@rho0.8,1,1.0,0.0,4,0.8,agg_full,1787895794.5214634,2048,1024,3.2078065872192383,0,0,0,0,0,0,0,9,52,24.019843712449074,0;1;1;0,121,1,0,,,,0,2,,,,,,,,,,,,,,,,,,,,,,,,,,
108,upsert,3,L0064,3072,3072,1787895818.680533,18.747143268585205,72,0,108,1787895799.9333897,alphahigh,agg_full@rho0.8,1,1.0,0.0,4,0.8,agg_full,1787895799.9333625,3072,0,12.52258563041687,0,2560,2560,2048,512,2,0,11,51,26.846682012081146,1;0;0;2,133,1,0,,,,0,3,,,,,,,,,,,,,,,,,,,,,,,,,,
110,upsert,0,L0071,3072,2048,1787895818.6806536,18.746207237243652,73,0,110,1787895799.9344463,alphahigh,agg_full@rho0.8,1,1.0,0.0,4,0.8,agg_full,1787895799.9344292,2048,1024,29.928059101104736,0,2048,2048,0,2048,1,0,3,53,26.846682012081146,0;0;0;1,133,0,0,,,,0,1,,,,,,,,,,,,,,,,,,,,,,,,,,
112,upsert,3,L0064,3072,3072,1787895818.6807454,14.061835765838623,74,0,112,1787895804.6189096,alphahigh,agg_full@rho0.8,1,1.0,0.0,4,0.8,agg_full,1787895804.6188836,2560,512,4.683996677398682,0,2560,2560,2048,512,2,0,13,55,26.846682012081146,1;0;1;1,139,1,0,,,,0,3,,,,,,,,,,,,,,,,,,,,,,,,,,
114,upsert,2,L0066,3072,0,1787895818.6808245,14.060874462127686,75,0,114,1787895804.61995,alphahigh,agg_full@rho0.8,1,1.0,0.0,4,0.8,agg_full,1787895804.6199348,0,3072,,0,0,0,0,0,0,0,3,57,26.846682012081146,1;0;0;0,139,0,0,,,,0,1,,,,,,,,,,,,,,,,,,,,,,,,,,
125,upsert,1,L0069,3072,2560,1787895820.2022429,7.313194751739502,76,0,125,1787895812.889048,alphahigh,agg_full@rho0.8,1,1.0,0.0,4,0.8,agg_full,1787895812.8890257,2560,512,28.366207361221313,0,0,0,0,0,0,0,3,61,28.61413364112377,1;0;0;1,155,1,0,,,,0,2,,,,,,,,,,,,,,,,,,,,,,,,,,
126,upsert,3,L0064,3072,3072,1787895820.202349,7.312595844268799,77,0,126,1787895812.889753,alphahigh,agg_full@rho0.8,1,1.0,0.0,4,0.8,agg_full,1787895812.8897316,2560,512,5.0867743492126465,0,2560,2560,2048,512,2,0,15,62,28.61413364112377,1;0;0;0,155,1,0,,,,0,1,,,,,,,,,,,,,,,,,,,,,,,,,,
