update_seq,update_kind,instance,digest,coverage_after,pre_delivery_visible_cov,delivered_at_unix,signaling_delay_s,writer_seq,future_use_count,seq,t_send_unix,point_id,cell_id,rep,zipf_alpha,overlap,concurrency,rho,policy,send_ts_unix,coverage_before_source,source_coverage_delta,update_age_s,advertised_before,dispatcher_visible_before,best_visible_cov,second_visible_cov,visible_cov_gap,replica_visible_count,source_best_cov,digest_req_count_recent,in_flight_frames,ewma_delivery_delay_s,dispatcher_loads,dispatcher_rr,supersedes_in_flight,evaluated,superseded_before_use,decision_flip,decision_irrelevant,is_tombstone,dispatcher_load_sum,next_use_request_id,next_use_distance_requests,next_use_time_distance_s,next_use_discard,decision_without_update,decision_with_update,selected_instance_without,selected_instance_with,selected_load_without,selected_load_with,reusable_coverage_without,reusable_coverage_with,reusable_coverage_gain,estimated_prefill_gain_ms,estimated_queue_delta_ms,estimated_net_gain_ms,signaling_cost_ms,oracle_value_ms,realized_ttft_ms,realized_cached_tokens,impact_count_h1,impact_count_h4,impact_count_h8,cumulative_value_h1,cumulative_value_h4,cumulative_value_h8
0,upsert,0,L0048,2048,0,1787900171.7881882,0.0018329620361328125,1,0,0,1787900171.7863553,conc2,agg_full@rho0.8,0,0.55,0.0,2,0.8,agg_full,1787900171.7863255,0,2048,,0,0,0,0,0,0,0,1,1,,0;0;1;0,2,0,0,,,,0,1,,,,,,,,,,,,,,,,,,,,,,,,,,
1,upsert,2,L0006,2048,0,1787900171.7883239,0.001798868179321289,2,0,1,1787900171.786525,conc2,agg_full@rho0.8,0,0.55,0.0,2,0.8,agg_full,1787900171.7865083,0,2048,,0,0,0,0,0,0,0,1,2,,0;0;0;0,2,0,0,,,,0,0,,,,,,,,,,,,,,,,,,,,,,,,,,
2,upsert,2,L0014,2048,0,1787900174.3312082,0.0022258758544921875,3,1,2,1787900174.3289824,conc2,agg_full@rho0.8,0,0.55,0.0,2,0.8,agg_full,1787900174.32896,0,2048,,0,0,0,0,0,0,0,1,1,0.0018159151077270508,1;0;0;0,4,0,1,1,0,1,0,1,57,57,78.86081004142761,,2,2,2,2,0,0,0,0,0,0.0,0.0,0.0,2.2258758544921875,0.0,1505.952629,2608.0,0,0,0,0,0,0
3,upsert,0,L0023,2048,0,1787900174.3313177,0.002074003219604492,4,3,3,1787900174.3292437,conc2,agg_full@rho0.8,0,0.55,0.0,2,0.8,agg_full,1787900174.329228,0,2048,,0,0,0,0,0,0,0,1,2,0.0018159151077270508,0;0;0;0,4,0,1,1,0,1,0,0,35,35,45.14358139038086,,0,0,0,0,0,0,0,0,0,0.0,0.0,0.0,2.074003219604492,0.0,1356.443615,2608.0,0,0,0,0,0,0
4,upsert,0,L0000,2048,0,1787900178.534955,0.002173185348510742,5,2,4,1787900178.5327818,conc2,agg_full@rho0.8,0,0.55,0.0,2,0.8,agg_full,1787900178.532758,0,2048,,0,0,0,0,0,0,0,2,1,0.0019829273223876953,0;0;0;1,6,0,1,0,0,1,0,1,42,42,53.24015951156616,,3,3,3,3,0,0,1024,1024,0,0.0,0.0,0.0,2.173185348510742,0.0,285.243322,2080.0,0,0,0,0,0,0
5,upsert,3,L0000,2560,0,1787900178.5350645,0.002029895782470703,6,2,5,1787900178.5330346,conc2,agg_full@rho0.8,0,0.55,0.0,2,0.8,agg_full,1787900178.5330193,0,2560,,0,0,0,0,0,0,0,2,2,0.0019829273223876953,0;0;0;0,6,0,1,1,0,1,0,0,42,42,53.240050077438354,,3,3,3,3,0,0,0,0,0,0.0,0.0,0.0,2.029895782470703,0.0,285.243322,2080.0,0,0,0,0,0,0
6,upsert,2,L0002,2048,0,1787900181.468753,0.001983642578125,7,0,6,1787900181.4667695,conc2,agg_full@rho0.8,0,0.55,0.0,2,0.8,agg_full,1787900181.4667454,0,2048,,0,0,0,0,0,0,0,1,1,0.0020224650700887046,0;1;0;0,8,0,0,,,,0,1,,,,,,,,,,,,,,,,,,,,,,,,,,
7,upsert,1,L0028,2048,0,1787900181.468858,0.0018320083618164062,8,1,7,1787900181.467026,conc2,agg_full@rho0.8,0,0.55,0.0,2,0.8,agg_full,1787900181.4670107,0,2048,,0,0,0,0,0,0,0,1,2,0.0020224650700887046,0;0;0;0,8,0,1,0,0,1,0,0,55,55,69.23181366920471,,1,1,1,1,0,0,0,0,0,0.0,0.0,0.0,1.8320083618164062,0.0,1237.846022,2080.0,0,0,0,0,0,0
8,upsert,0,L0040,2048,0,1787900184.0211215,0.002357006072998047,9,0,8,1787900184.0187645,conc2,agg_full@rho0.8,0,0.55,0.0,2,0.8,agg_full,1787900184.0187407,0,2048,,0,0,0,0,0,0,0,1,1,0.001993805170059204,0;1;0;0,10,0,0,,,,0,1,,,,,,,,,,,,,,,,,,,,,,,,,,
9,upsert,1,L0017,2048,0,1787900184.021252,0.0022127628326416016,10,0,9,1787900184.0190392,conc2,agg_full@rho0.8,0,0.55,0.0,2,0.8,agg_full,1787900184.019024,0,2048,,0,0,0,0,0,0,0,1,2,0.001993805170059204,0;0;0;0,10,0,0,,,,0,0,,,,,,,,,,,,,,,,,,,,,,,,,,
10,upsert,2,L0055,2048,0,1787900186.9581084,0.0018210411071777344,11,0,10,1787900186.9562874,conc2,agg_full@rho0.8,0,0.55,0.0,2,0.8,agg_full,1787900186.9562743,0,2048,,0,0,0,0,0,0,0,1,1,0.002052021026611328,0;0;0;1,13,0,0,,,,0,1,,,,,,,,,,,,,,,,,,,,,,,,,,
11,upsert,3,L0000,3072,2560,1787900186.9582176,0.001795053482055664,12,2,11,1787900186.9564226,conc2,agg_full@rho0.8,0,0.55,0.0,2,0.8,agg_full,1787900186.956414,2560,512,8.423394680023193,0,2560,2560,2048,512,2,0,3,2,0.002052021026611328,0;0;0;0,13,0,1,1,0,1,0,0,42,42,44.81689691543579,,3,3,3,3,0,0,0,0,0,0.0,0.0,0.0,1.795053482055664,0.0,285.243322,2080.0,0,0,0,0,0,0
12,upsert,1,L0001,2048,0,1787900196.950575,6.825841665267944,13,0,12,1787900190.1247334,conc2,agg_full@rho0.8,0,0.55,0.0,2,0.8,agg_full,1787900190.12471,0,2048,,0,0,0,0,0,0,0,1,1,0.0020113587379455566,0;0;0;1,15,0,0,,,,0,1,,,,,,,,,,,,,,,,,,,,,,,,,,
13,upsert,3,L0047,2048,0,1787900199.7165778,9.59156584739685,14,0,13,1787900190.125012,conc2,agg_full@rho0.8,0,0.55,0.0,2,0.8,agg_full,1787900190.1249967,0,2048,,0,0,0,0,0,0,0,1,2,0.0020113587379455566,0;0;0;0,15,0,0,,,,0,0,,,,,,,,,,,,,,,,,,,,,,,,,,
14,upsert,3,L0058,2048,0,1787900205.2485151,12.206974744796753,15,1,14,1787900193.0415404,conc2,agg_full@rho0.8,0,0.55,0.0,2,0.8,agg_full,1787900193.041527,0,2048,,0,0,0,0,0,0,0,1,3,0.0020113587379455566,0;1;0;0,17,0,1,0,0,1,0,1,38,38,20.247141122817993,,3,3,3,3,0,0,0,0,0,0.0,0.0,0.0,12206.974744796753,0.0,1336.634637,2080.0,0,0,0,0,0,0
15,upsert,1,L0034,2048,0,1787900205.2485876,12.206908464431763,16,1,15,1787900193.0416791,conc2,agg_full@rho0.8,0,0.55,0.0,2,0.8,agg_full,1787900193.0416725,0,2048,,0,0,0,0,0,0,0,1,4,0.0020113587379455566,0;0;0;0,17,0,1,0,1,0,0,0,50,50,38.120986461639404,,3,1,3,1,0,0,0,2048,2048,40.96,0.0,40.96,12206.908464431763,40.96,1358.174123,2080.0,1,1,1,40.96,40.96,40.96
16,upsert,0,L0023,2560,2048,1787900205.2486274,10.462673425674438,17,3,16,1787900194.785954,conc2,agg_full@rho0.8,0,0.55,0.0,2,0.8,agg_full,1787900194.7859278,2048,512,20.45669984817505,0,2048,2048,0,2048,1,0,2,5,0.0020113587379455566,0;0;0;1,21,0,1,0,0,1,0,1,35,35,14.226271629333496,,0,0,0,0,0,0,2048,2560,512,10.24,0.0,10.24,10462.673425674438,10.24,1356.443615,2608.0,0,0,0,0,0,0
17,upsert,3,L0000,2048,3072,1787900217.674088,22.887824773788452,18,2,17,1787900194.7862632,conc2,agg_full@rho0.8,0,0.55,0.0,2,0.8,agg_full,1787900194.7862456,3072,-1024,7.829831600189209,0,3072,3072,2048,1024,2,0,4,6,0.0020113587379455566,0;0;0;0,21,0,1,1,0,1,0,0,42,42,14.10102653503418,,3,3,3,3,0,0,0,0,0,0.0,0.0,0.0,22887.824773788452,0.0,285.243322,2080.0,0,0,0,0,0,0
18,upsert,3,L0000,2560,2048,1787900217.6742082,19.91839838027954,19,2,18,1787900197.7558098,conc2,agg_full@rho0.8,0,0.55,0.0,2,0.8,agg_full,1787900197.7557833,2048,512,2.9695377349853516,0,3072,3072,2048,1024,2,0,5,6,0.5269213823171762,0;0;1;0,24,1,1,1,0,1,0,1,42,42,14.100906372070312,,3,3,3,3,0,0,0,0,0,0.0,0.0,0.0,19918.39838027954,0.0,285.243322,2080.0,0,0,0,0,0,0
19,upsert,2,L0046,2048,0,1787900217.6742692,19.918179273605347,20,1,19,1787900197.75609,conc2,agg_full@rho0.8,0,0.55,0.0,2,0.8,agg_full,1787900197.756074,0,2048,,0,0,0,0,0,0,0,1,7,0.5269213823171762,0;0;0;0,24,0,1,0,0,1,0,0,58,58,38.33332347869873,,2,2,2,2,0,0,0,0,0,0.0,0.0,0.0,19918.179273605347,0.0,1282.369753,2080.0,0,0,0,0,0,0
20,upsert,2,L0006,2560,2048,1787900225.3761282,24.7555992603302,21,0,20,1787900200.620529,conc2,agg_full@rho0.8,0,0.55,0.0,2,0.8,agg_full,1787900200.6205041,2048,512,28.833995819091797,0,2048,2048,0,2048,1,0,2,7,1.1743959869657243,0;0;0;1,27,0,0,,,,0,1,,,,,,,,,,,,,,,,,,,,,,,,,,
21,upsert,3,L0012,2048,0,1787900225.3762703,24.755470752716064,22,0,21,1787900200.6207995,conc2,agg_full@rho0.8,0,0.55,0.0,2,0.8,agg_full,1787900200.620784,0,2048,,0,0,0,0,0,0,0,1,8,1.1743959869657243,0;0;0;0,27,0,0,,,,0,0,,,,,,,,,,,,,,,,,,,,,,,,,,
22,upsert,3,L0000,3072,2560,1787900225.3763323,22.065911054611206,23,2,22,1787900203.3104212,conc2,agg_full@rho0.8,0,0.55,0.0,2,0.8,agg_full,1787900203.310399,2560,512,5.55461573600769,0,3072,3072,2048,1024,2,0,6,9,1.1743959869657243,0;0;1;0,30,1,1,0,0,1,0,1,42,42,6.398782253265381,,3,3,3,3,0,0,512,1024,512,10.24,0.0,10.24,22065.911054611206,10.24,285.243322,2080.0,0,0,0,0,0,0
23,upsert,2,L0059,2048,0,1787900236.4399812,33.12929153442383,24,0,23,1787900203.3106897,conc2,agg_full@rho0.8,0,0.55,0.0,2,0.8,agg_full,1787900203.3106742,0,2048,,0,0,0,0,0,0,0,1,10,1.1743959869657243,0;0;0;0,30,0,0,,,,0,0,,,,,,,,,,,,,,,,,,,,,,,,,,
24,upsert,2,L0014,2560,2048,1787900236.440108,31.27835702896118,25,1,24,1787900205.161751,conc2,agg_full@rho0.8,0,0.55,0.0,2,0.8,agg_full,1787900205.161729,2048,512,30.83276915550232,0,2048,2048,0,2048,1,0,2,11,1.1743959869657243,0;0;0;1,33,0,1,0,0,1,0,1,57,57,16.75191020965576,,2,2,2,2,0,0,2048,2560,512,10.24,0.0,10.24,31278.35702896118,10.24,1505.952629,2608.0,0,0,0,0,0,0
25,upsert,3,L0012,2560,2048,1787900236.4401932,31.278174877166748,26,0,25,1787900205.1620183,conc2,agg_full@rho0.8,0,0.55,0.0,2,0.8,agg_full,1787900205.1620007,2048,512,4.541216611862183,0,0,0,0,0,0,0,2,12,1.1743959869657243,0;0;0;0,33,1,0,,,,0,0,,,,,,,,,,,,,,,,,,,,,,,,,,
26,upsert,1,L0029,2048,0,1787900236.4402463,26.413930892944336,27,0,26,1787900210.0263155,conc2,agg_full@rho0.8,0,0.55,0.0,2,0.8,agg_full,1787900210.0262923,0,2048,,0,0,0,0,0,0,0,1,10,3.0187117913190056,0;1;0;0,36,0,0,,,,0,1,,,,,,,,,,,,,,,,,,,,,,,,,,
27,upsert,1,L0001,2560,2048,1787900236.4402933,26.41368865966797,28,0,27,1787900210.0266047,conc2,agg_full@rho0.8,0,0.55,0.0,2,0.8,agg_full,1787900210.026585,2048,512,19.901875019073486,0,2048,2048,0,2048,1,0,2,11,3.0187117913190056,0;0;0;0,36,0,0,,,,0,0,,,,,,,,,,,,,,,,,,,,,,,,,,
28,upsert,0,L0030,2048,0,1787900236.4403372,23.37769603729248,29,0,28,1787900213.0626411,conc2,agg_full@rho0.8,0,0.55,0.0,2,0.8,agg_full,1787900213.0626154,0,2048,,0,0,0,0,0,0,0,1,12,3.0187117913190056,0;0;1;0,38,0,0,,,,0,1,,,,,,,,,,,,,,,,,,,,,,,,,,
29,upsert,2,L0010,2048,0,1787900236.440366,23.377429008483887,30,1,29,1787900213.062937,conc2,agg_full@rho0.8,0,0.55,0.0,2,0.8,agg_full,1787900213.062921,0,2048,,0,0,0,0,0,0,0,1,13,3.0187117913190056,0;0;0;0,38,0,1,0,1,0,0,0,48,48,4.999857187271118,,0,2,0,2,0,0,0,2048,2048,40.96,0.0,40.96,23377.429008483887,40.96,1416.945215,2080.0,1,1,1,40.96,40.96,40.96
30,upsert,2,L0009,2048,0,1787900236.4403937,19.819215536117554,31,0,30,1787900216.6211782,conc2,agg_full@rho0.8,0,0.55,0.0,2,0.8,agg_full,1787900216.6211338,0,2048,,0,0,0,0,0,0,0,1,14,3.0187117913190056,1;0;0;0,40,0,0,,,,0,1,,,,,,,,,,,,,,,,,,,,,,,,,,
31,upsert,0,L0029,2560,0,1787900253.8442776,37.22280693054199,32,0,31,1787900216.6214707,conc2,agg_full@rho0.8,0,0.55,0.0,2,0.8,agg_full,1787900216.6214542,0,2560,,0,0,0,0,0,0,0,2,15,3.0187117913190056,0;0;0;0,40,0,0,,,,0,0,,,,,,,,,,,,,,,,,,,,,,,,,,
32,upsert,0,L0003,2048,0,1787900253.8443794,34.3704571723938,33,0,32,1787900219.4739223,conc2,agg_full@rho0.8,0,0.55,0.0,2,0.8,agg_full,1787900219.4738996,0,2048,,0,0,0,0,0,0,0,1,13,5.702125144004822,0;0;0;1,42,0,0,,,,0,1,,,,,,,,,,,,,,,,,,,,,,,,,,
33,upsert,3,L0005,2048,0,1787900253.84444,34.37001848220825,34,0,33,1787900219.4744215,conc2,agg_full@rho0.8,0,0.55,0.0,2,0.8,agg_full,1787900219.474405,0,2048,,0,0,0,0,0,0,0,1,14,5.702125144004822,0;0;0;0,42,0,0,,,,0,0,,,,,,,,,,,,,,,,,,,,,,,,,,
34,upsert,2,L0027,2048,0,1787900253.844512,31.707744359970093,35,0,34,1787900222.1367676,conc2,agg_full@rho0.8,0,0.55,0.0,2,0.8,agg_full,1787900222.1367416,0,2048,,0,0,0,0,0,0,0,1,15,5.702125144004822,1;0;0;0,45,0,0,,,,0,1,,,,,,,,,,,,,,,,,,,,,,,,,,
35,upsert,0,L0023,3072,2560,1787900253.84456,31.707279920578003,36,1,35,1787900222.13728,conc2,agg_full@rho0.8,0,0.55,0.0,2,0.8,agg_full,1787900222.13726,2560,512,27.351332187652588,0,2560,2560,0,2560,1,0,3,16,5.702125144004822,0;0;0;0,45,0,1,0,0,1,0,0,63,63,8.880087614059448,,0,0,0,0,1,1,2560,3072,512,10.24,0.0,10.24,31707.279920578003,10.24,2498.305176,2608.0,0,0,0,0,0,0
36,upsert,1,L0029,3072,2048,1787900264.2697196,38.77508735656738,37,0,36,1787900225.4946322,conc2,agg_full@rho0.8,0,0.55,0.0,2,0.8,agg_full,1787900225.4946053,2048,1024,15.468312978744507,0,0,0,0,0,0,0,3,14,8.070412345554518,0;0;1;0,47,1,0,,,,0,1,,,,,,,,,,,,,,,,,,,,,,,,,,
37,upsert,2,L0056,2048,0,1787900264.2697709,38.7745521068573,38,0,37,1787900225.4952188,conc2,agg_full@rho0.8,0,0.55,0.0,2,0.8,agg_full,1787900225.495201,0,2048,,0,0,0,0,0,0,0,1,15,8.070412345554518,0;0;0;0,47,0,0,,,,0,0,,,,,,,,,,,,,,,,,,,,,,,,,,
38,upsert,3,L0058,2560,2048,1787900264.2698002,35.30269193649292,39,0,38,1787900228.9671082,conc2,agg_full@rho0.8,0,0.55,0.0,2,0.8,agg_full,1787900228.9670923,2048,512,35.925565242767334,0,2048,2048,0,2048,1,0,2,16,8.070412345554518,0;1;0;0,50,0,0,,,,0,1,,,,,,,,,,,,,,,,,,,,,,,,,,
39,upsert,1,L0030,2560,0,1787900264.2698236,35.30240511894226,40,0,39,1787900228.9674184,conc2,agg_full@rho0.8,0,0.55,0.0,2,0.8,agg_full,1787900228.9674013,0,2560,,0,0,0,0,0,0,0,2,17,8.070412345554518,0;0;0;0,50,0,0,,,,0,0,,,,,,,,,,,,,,,,,,,,,,,,,,
40,upsert,2,L0036,2048,0,1787900264.2698445,32.49565076828003,41,0,40,1787900231.7741938,conc2,agg_full@rho0.8,0,0.55,0.0,2,0.8,agg_full,1787900231.7741473,0,2048,,0,0,0,0,0,0,0,1,18,8.070412345554518,1;0;0;0,52,0,0,,,,0,1,,,,,,,,,,,,,,,,,,,,,,,,,,
41,upsert,0,L0011,2048,0,1787900264.2698655,32.4951856136322,42,0,41,1787900231.77468,conc2,agg_full@rho0.8,0,0.55,0.0,2,0.8,agg_full,1787900231.774664,0,2048,,0,0,0,0,0,0,0,1,19,8.070412345554518,0;0;0;0,52,0,0,,,,0,0,,,,,,,,,,,,,,,,,,,,,,,,,,
42,upsert,3,L0000,2048,3072,1787900264.2698836,28.6924250125885,43,0,42,1787900235.5774586,conc2,agg_full@rho0.8,0,0.55,0.0,2,0.8,agg_full,1787900235.577427,3072,-1024,32.267027854919434,0,3072,3072,2048,1024,2,0,5,20,8.070412345554518,1;0;0;0,55,0,0,,,,0,1,,,,,,,,,,,,,,,,,,,,,,,,,,
43,upsert,0,L0036,2560,0,1787900264.2698984,28.691891193389893,44,0,43,1787900235.5780072,conc2,agg_full@rho0.8,0,0.55,0.0,2,0.8,agg_full,1787900235.5779898,0,2560,,0,0,0,0,0,0,0,2,21,8.070412345554518,0;0;0;0,55,0,0,,,,0,0,,,,,,,,,,,,,,,,,,,,,,,,,,
48,upsert,2,L0010,2560,2048,1787900283.588934,40.22044110298157,45,0,48,1787900243.3684928,conc2,agg_full@rho0.8,0,0.55,0.0,2,0.8,agg_full,1787900243.3684695,2048,512,30.305548429489136,0,2048,2048,0,2048,1,0,2,18,12.926040887832642,0;0;0;1,63,0,0,,,,0,1,,,,,,,,,,,,,,,,,,,,,,,,,,
49,upsert,3,L0005,2560,2048,1787900283.58903,40.21999955177307,46,0,49,1787900243.3690305,conc2,agg_full@rho0.8,0,0.55,0.0,2,0.8,agg_full,1787900243.369012,2048,512,23.894607067108154,0,0,0,0,0,0,0,2,19,12.926040887832642,0;0;0;0,63,1,0,,,,0,0,,,,,,,,,,,,,,,,,,,,,,,,,,
50,upsert,1,L0034,2560,2048,1787900283.589087,37.20022225379944,47,0,50,1787900246.3888648,conc2,agg_full@rho0.8,0,0.55,0.0,2,0.8,agg_full,1787900246.3888376,2048,512,53.34716510772705,0,2048,2048,0,2048,1,0,2,20,12.926040887832642,0;0;0;1,66,0,0,,,,0,1,,,,,,,,,,,,,,,,,,,,,,,,,,
53,upsert,1,L0011,2560,0,1787900283.5891323,32.88903021812439,48,0,53,1787900250.700102,conc2,agg_full@rho0.8,0,0.55,0.0,2,0.8,agg_full,1787900250.7000866,0,2560,,0,0,0,0,0,0,0,2,23,12.926040887832642,0;0;0;0,68,0,0,,,,0,0,,,,,,,,,,,,,,,,,,,,,,,,,,
55,upsert,1,L0028,2560,2048,1787900283.5892057,30.397738218307495,49,0,55,1787900253.1914675,conc2,agg_full@rho0.8,0,0.55,0.0,2,0.8,agg_full,1787900253.1914477,2048,512,71.72443699836731,0,2048,2048,0,2048,1,0,1,25,12.926040887832642,0;0;0;0,71,0,0,,,,0,0,,,,,,,,,,,,,,,,,,,,,,,,,,
57,upsert,2,L0014,3072,2560,1787900300.2271984,44.22016191482544,50,0,57,1787900256.0070364,conc2,agg_full@rho0.8,0,0.55,0.0,2,0.8,agg_full,1787900256.0070171,2560,512,50.845288038253784,0,2560,2560,0,2560,1,0,2,22,17.814926333725452,0;0;0;0,74,0,0,,,,0,0,,,,,,,,,,,,,,,,,,,,,,,,,,
0,upsert,0,L0048,2048,0,1787900389.8129418,0.0018024444580078125,1,0,0,1787900389.8111393,conc2,agg_static@rho0.8,0,0.55,0.0,2,0.8,agg_static,1787900389.811115,0,2048,,0,0,0,0,0,0,0,1,1,,0;0;1;0,2,0,0,,,,0,1,,,,,,,,,,,,,,,,,,,,,,,,,,
1,upsert,2,L0006,2048,0,1787900389.8130615,0.0017588138580322266,2,0,1,1787900389.8113027,conc2,agg_static@rho0.8,0,0.55,0.0,2,0.8,agg_static,1787900389.8112888,0,2048,,0,0,0,0,0,0,0,1,2,,0;0;0;0,2,0,0,,,,0,0,,,,,,,,,,,,,,,,,,,,,,,,,,
2,upsert,2,L0014,2048,0,1787900392.377069,0.0022268295288085938,3,1,2,1787900392.3748422,conc2,agg_static@rho0.8,0,0.55,0.0,2,0.8,agg_static,1787900392.3748186,0,2048,,0,0,0,0,0,0,0,1,1,0.0017806291580200195,1;0;0;0,4,0,1,1,0,1,0,1,57,57,75.26502013206482,,2,2,2,2,0,0,0,0,0,0.0,0.0,0.0,2.2268295288085938,0.0,1423.090347,2608.0,0,0,0,0,0,0
3,upsert,0,L0023,2048,0,1787900392.3771956,0.0021071434020996094,4,3,3,1787900392.3750885,conc2,agg_static@rho0.8,0,0.55,0.0,2,0.8,agg_static,1787900392.3750732,0,2048,,0,0,0,0,0,0,0,1,2,0.0017806291580200195,0;0;0;0,4,0,1,1,0,1,0,0,35,35,41.844414710998535,,0,0,0,0,0,0,0,0,0,0.0,0.0,0.0,2.1071434020996094,0.0,1242.046442,2608.0,0,0,0,0,0,0
4,upsert,0,L0000,2048,0,1787900395.6179087,0.002153158187866211,5,2,4,1787900395.6157556,conc2,agg_static@rho0.8,0,0.55,0.0,2,0.8,agg_static,1787900395.6157317,0,2048,,0,0,0,0,0,0,0,2,1,0.0019738078117370605,0;0;0;1,6,0,1,0,0,1,0,1,42,42,51.41408061981201,,3,3,3,3,0,0,1024,1024,0,0.0,0.0,0.0,2.153158187866211,0.0,260.809862,2080.0,0,0,0,0,0,0
5,upsert,3,L0000,2560,0,1787900395.6180162,0.002003908157348633,6,2,5,1787900395.6160123,conc2,agg_static@rho0.8,0,0.55,0.0,2,0.8,agg_static,1787900395.6159968,0,2560,,0,0,0,0,0,0,0,2,2,0.0019738078117370605,0;0;0;0,6,0,1,1,0,1,0,0,42,42,51.41397309303284,,3,3,3,3,0,0,0,0,0,0.0,0.0,0.0,2.003908157348633,0.0,260.809862,2080.0,0,0,0,0,0,0
6,upsert,2,L0002,2048,0,1787900398.6976235,0.001981496810913086,7,0,6,1787900398.695642,conc2,agg_static@rho0.8,0,0.55,0.0,2,0.8,agg_static,1787900398.6956189,0,2048,,0,0,0,0,0,0,0,1,1,0.002008716265360514,0;1;0;0,8,0,0,,,,0,1,,,,,,,,,,,,,,,,,,,,,,,,,,
7,upsert,1,L0028,2048,0,1787900398.6977274,0.0018265247344970703,8,1,7,1787900398.695901,conc2,agg_static@rho0.8,0,0.55,0.0,2,0.8,agg_static,1787900398.6958866,0,2048,,0,0,0,0,0,0,0,1,2,0.002008716265360514,0;0;0;0,8,0,1,0,0,1,0,0,55,55,66.44151139259338,,1,1,1,1,0,0,0,0,0,0.0,0.0,0.0,1.8265247344970703,0.0,1250.091942,2080.0,0,0,0,0,0,0
8,upsert,0,L0040,2048,0,1787900401.371875,0.002367258071899414,9,0,8,1787900401.3695078,conc2,agg_static@rho0.8,0,0.55,0.0,2,0.8,agg_static,1787900401.3694842,0,2048,,0,0,0,0,0,0,0,1,1,0.0019825398921966553,0;1;0;0,10,0,0,,,,0,1,,,,,,,,,,,,,,,,,,,,,,,,,,
9,upsert,1,L0017,2048,0,1787900401.3719847,0.002208232879638672,10,0,9,1787900401.3697765,conc2,agg_static@rho0.8,0,0.55,0.0,2,0.8,agg_static,1787900401.3697612,0,2048,,0,0,0,0,0,0,0,1,2,0.0019825398921966553,0;0;0;0,10,0,0,,,,0,0,,,,,,,,,,,,,,,,,,,,,,,,,,
10,upsert,2,L0055,2048,0,1787900404.1495488,0.001984834671020508,11,0,10,1787900404.147564,conc2,agg_static@rho0.8,0,0.55,0.0,2,0.8,agg_static,1787900404.1475422,0,2048,,0,0,0,0,0,0,0,1,1,0.0020435810089111327,0;0;0;1,13,0,0,,,,0,1,,,,,,,,,,,,,,,,,,,,,,,,,,
11,upsert,3,L0000,3072,2560,1787900404.1496437,0.0018105506896972656,12,2,11,1787900404.147833,conc2,agg_static@rho0.8,0,0.55,0.0,2,0.8,agg_static,1787900404.147814,2560,512,8.531817197799683,0,2560,2560,2048,512,2,0,3,2,0.0020435810089111327,0;0;0;0,13,0,1,1,0,1,0,0,42,42,42.88234567642212,,3,3,3,3,0,0,0,0,0,0.0,0.0,0.0,1.8105506896972656,0.0,260.809862,2080.0,0,0,0,0,0,0
12,upsert,1,L0001,2048,0,1787900415.3039706,8.106114387512207,13,0,12,1787900407.1978562,conc2,agg_static@rho0.8,0,0.55,0.0,2,0.8,agg_static,1787900407.1978319,0,2048,,0,0,0,0,0,0,0,1,1,0.0020192662874857583,0;0;0;1,15,0,0,,,,0,1,,,,,,,,,,,,,,,,,,,,,,,,,,
13,upsert,3,L0047,2048,0,1787900418.0699112,10.871779680252075,14,0,13,1787900407.1981316,conc2,agg_static@rho0.8,0,0.55,0.0,2,0.8,agg_static,1787900407.1981163,0,2048,,0,0,0,0,0,0,0,1,2,0.0020192662874857583,0;0;0;0,15,0,0,,,,0,0,,,,,,,,,,,,,,,,,,,,,,,,,,
14,upsert,3,L0058,2048,0,1787900423.6018543,13.755593061447144,15,1,14,1787900409.8462613,conc2,agg_static@rho0.8,0,0.55,0.0,2,0.8,agg_static,1787900409.8462384,0,2048,,0,0,0,0,0,0,0,1,3,0.0020192662874857583,0;1;0;0,17,0,1,0,0,1,0,1,38,38,16.755014657974243,,3,3,3,3,0,0,0,0,0,0.0,0.0,0.0,13755.593061447144,0.0,1259.160043,2080.0,0,0,0,0,0,0
15,upsert,1,L0034,2048,0,1787900423.6019301,13.755395650863647,16,1,15,1787900409.8465345,conc2,agg_static@rho0.8,0,0.55,0.0,2,0.8,agg_static,1787900409.8465192,0,2048,,0,0,0,0,0,0,0,1,4,0.0020192662874857583,0;0;0;0,17,0,1,0,1,0,0,0,50,50,34.50296974182129,,3,1,3,1,0,0,0,2048,2048,40.96,0.0,40.96,13755.395650863647,40.96,1290.974817,2080.0,1,1,1,40.96,40.96,40.96
16,upsert,0,L0023,2560,2048,1787900423.6019702,12.139230489730835,17,3,16,1787900411.4627397,conc2,agg_static@rho0.8,0,0.55,0.0,2,0.8,agg_static,1787900411.462712,2048,512,19.08763885498047,0,2048,2048,0,2048,1,0,2,5,0.0020192662874857583,0;0;0;1,21,0,1,0,0,1,0,1,35,35,10.619640111923218,,0,0,0,0,0,0,2048,2560,512,10.24,0.0,10.24,12139.230489730835,10.24,1242.046442,2608.0,0,0,0,0,0,0
17,upsert,3,L0000,2048,3072,1787900436.0273728,24.56435513496399,18,2,17,1787900411.4630177,conc2,agg_static@rho0.8,0,0.55,0.0,2,0.8,agg_static,1787900411.463,3072,-1024,7.315186023712158,0,3072,3072,2048,1024,2,0,4,6,0.0020192662874857583,0;0;0;0,21,0,1,1,0,1,0,0,42,42,11.004616498947144,,3,3,3,3,0,0,0,0,0,0.0,0.0,0.0,24564.35513496399,0.0,260.809862,2080.0,0,0,0,0,0,0
18,upsert,3,L0000,2560,2048,1787900436.027481,21.722584009170532,19,2,18,1787900414.304897,conc2,agg_static@rho0.8,0,0.55,0.0,2,0.8,agg_static,1787900414.304871,2048,512,2.8418710231781006,0,3072,3072,2048,1024,2,0,5,7,0.0020192662874857583,0;0;1;0,24,1,1,1,0,1,0,1,42,42,11.004508256912231,,3,3,3,3,0,0,0,0,0,0.0,0.0,0.0,21722.584009170532,0.0,260.809862,2080.0,0,0,0,0,0,0
19,upsert,2,L0046,2048,0,1787900436.0275428,21.722350597381592,20,1,19,1787900414.3051922,conc2,agg_static@rho0.8,0,0.55,0.0,2,0.8,agg_static,1787900414.305149,0,2048,,0,0,0,0,0,0,0,1,8,0.0020192662874857583,0;0;0;0,24,0,1,0,0,1,0,0,58,58,34.6244432926178,,2,2,2,2,0,0,0,0,0,0.0,0.0,0.0,21722.35059738159,0.0,1169.144745,2080.0,0,0,0,0,0,0
20,upsert,2,L0006,2560,2048,1787900436.027602,19.159199237823486,21,0,20,1787900416.8684027,conc2,agg_static@rho0.8,0,0.55,0.0,2,0.8,agg_static,1787900416.8683794,2048,512,27.057090520858765,0,2048,2048,0,2048,1,0,2,8,0.6254111986893874,0;0;0;1,27,0,0,,,,0,1,,,,,,,,,,,,,,,,,,,,,,,,,,
21,upsert,3,L0012,2048,0,1787900444.2826483,27.413986921310425,22,0,21,1787900416.8686614,conc2,agg_static@rho0.8,0,0.55,0.0,2,0.8,agg_static,1787900416.8686461,0,2048,,0,0,0,0,0,0,0,1,9,0.6254111986893874,0;0;0;0,27,0,0,,,,0,0,,,,,,,,,,,,,,,,,,,,,,,,,,
22,upsert,3,L0000,3072,2560,1787900444.2827659,25.264268159866333,23,2,22,1787900419.0184977,conc2,agg_static@rho0.8,0,0.55,0.0,2,0.8,agg_static,1787900419.018475,2560,512,4.713603973388672,0,3072,3072,2048,1024,2,0,6,9,1.3572946616581507,0;0;1;0,30,1,1,0,0,1,0,1,42,42,2.749223470687866,,3,3,3,3,0,0,512,1024,512,10.24,0.0,10.24,25264.268159866333,10.24,260.809862,2080.0,0,0,0,0,0,0
23,upsert,2,L0059,2048,0,1787900444.2828336,25.264074563980103,24,0,23,1787900419.018759,conc2,agg_static@rho0.8,0,0.55,0.0,2,0.8,agg_static,1787900419.0187433,0,2048,,0,0,0,0,0,0,0,1,10,1.3572946616581507,0;0;0;0,30,0,0,,,,0,0,,,,,,,,,,,,,,,,,,,,,,,,,,
24,upsert,2,L0014,2560,2048,1787900444.2828898,23.698018312454224,25,1,24,1787900420.5848715,conc2,agg_static@rho0.8,0,0.55,0.0,2,0.8,agg_static,1787900420.5848484,2048,512,28.21002984046936,0,2048,2048,0,2048,1,0,2,11,1.3572946616581507,0;0;0;1,33,0,1,0,0,1,0,1,57,57,23.359199285507202,,2,2,2,2,0,0,2048,2560,512,10.24,0.0,10.24,23698.018312454224,10.24,1423.090347,2608.0,0,0,0,0,0,0
25,upsert,3,L0012,2560,2048,1787900453.9422762,33.357139348983765,26,0,25,1787900420.585137,conc2,agg_static@rho0.8,0,0.55,0.0,2,0.8,agg_static,1787900420.5851195,2048,512,3.716473340988159,0,0,0,0,0,0,0,2,12,1.3572946616581507,0;0;0;0,33,1,0,,,,0,0,,,,,,,,,,,,,,,,,,,,,,,,,,
26,upsert,1,L0029,2048,0,1787900453.9423723,28.58554220199585,27,0,26,1787900425.3568301,conc2,agg_static@rho0.8,0,0.55,0.0,2,0.8,agg_static,1787900425.3568072,0,2048,,0,0,0,0,0,0,0,1,10,3.450137909720926,0;1;0;0,36,0,0,,,,0,1,,,,,,,,,,,,,,,,,,,,,,,,,,
27,upsert,1,L0001,2560,2048,1787900453.9424295,28.58532214164734,28,0,27,1787900425.3571074,conc2,agg_static@rho0.8,0,0.55,0.0,2,0.8,agg_static,1787900425.3570886,2048,512,18.15925669670105,0,2048,2048,0,2048,1,0,2,11,3.450137909720926,0;0;0;0,36,0,0,,,,0,0,,,,,,,,,,,,,,,,,,,,,,,,,,
28,upsert,0,L0030,2048,0,1787900453.9424844,25.793541193008423,29,0,28,1787900428.1489432,conc2,agg_static@rho0.8,0,0.55,0.0,2,0.8,agg_static,1787900428.1489184,0,2048,,0,0,0,0,0,0,0,1,12,3.450137909720926,0;0;1;0,38,0,0,,,,0,1,,,,,,,,,,,,,,,,,,,,,,,,,,
29,upsert,2,L0010,2048,0,1787900453.9425302,25.793275594711304,30,1,29,1787900428.1492546,conc2,agg_static@rho0.8,0,0.55,0.0,2,0.8,agg_static,1787900428.1492386,0,2048,,0,0,0,0,0,0,0,1,13,3.450137909720926,0;0;0;0,38,0,1,0,1,0,0,0,48,48,2.3883323669433594,,0,2,0,2,0,0,0,2048,2048,40.96,0.0,40.96,25793.275594711304,40.96,1300.367276,2080.0,1,1,1,40.96,40.96,40.96
30,upsert,2,L0009,2048,0,1787900453.9425604,22.213690280914307,31,0,30,1787900431.7288702,conc2,agg_static@rho0.8,0,0.55,0.0,2,0.8,agg_static,1787900431.7288458,0,2048,,0,0,0,0,0,0,0,1,14,3.450137909720926,1;0;0;0,40,0,0,,,,0,1,,,,,,,,,,,,,,,,,,,,,,,,,,
31,upsert,0,L0029,2560,0,1787900453.942588,22.213437795639038,32,0,31,1787900431.7291503,conc2,agg_static@rho0.8,0,0.55,0.0,2,0.8,agg_static,1787900431.7291343,0,2560,,0,0,0,0,0,0,0,2,15,3.450137909720926,0;0;0;0,40,0,0,,,,0,0,,,,,,,,,,,,,,,,,,,,,,,,,,
32,upsert,0,L0003,2048,0,1787900471.3039703,37.083331823349,33,0,32,1787900434.2206385,conc2,agg_static@rho0.8,0,0.55,0.0,2,0.8,agg_static,1787900434.220616,0,2048,,0,0,0,0,0,0,0,1,16,3.450137909720926,0;0;0;1,42,0,0,,,,0,1,,,,,,,,,,,,,,,,,,,,,,,,,,
33,upsert,3,L0005,2048,0,1787900471.3040693,37.082964181900024,34,0,33,1787900434.221105,conc2,agg_static@rho0.8,0,0.55,0.0,2,0.8,agg_static,1787900434.2210884,0,2048,,0,0,0,0,0,0,0,1,17,3.450137909720926,0;0;0;0,42,0,0,,,,0,0,,,,,,,,,,,,,,,,,,,,,,,,,,
34,upsert,2,L0027,2048,0,1787900471.3041334,34.09237766265869,35,0,34,1787900437.2117558,conc2,agg_static@rho0.8,0,0.55,0.0,2,0.8,agg_static,1787900437.2117317,0,2048,,0,0,0,0,0,0,0,1,14,6.943849211647397,1;0;0;0,45,0,0,,,,0,1,,,,,,,,,,,,,,,,,,,,,,,,,,
35,upsert,0,L0023,3072,2560,1787900471.3042278,34.09195375442505,36,1,35,1787900437.212274,conc2,agg_static@rho0.8,0,0.55,0.0,2,0.8,agg_static,1787900437.2122543,2560,512,25.749542236328125,0,2560,2560,0,2560,1,0,3,15,6.943849211647397,0;0;0;0,45,0,1,0,0,1,0,0,63,63,3.9702420234680176,,0,0,0,0,0,0,2560,3072,512,10.24,0.0,10.24,34091.95375442505,10.24,349.504973,2608.0,0,0,0,0,0,0
36,upsert,1,L0029,3072,2048,1787900471.304279,30.94841742515564,37,0,36,1787900440.3558617,conc2,agg_static@rho0.8,0,0.55,0.0,2,0.8,agg_static,1787900440.355835,2048,1024,14.999027729034424,0,0,0,0,0,0,0,3,16,6.943849211647397,0;0;1;0,47,1,0,,,,0,1,,,,,,,,,,,,,,,,,,,,,,,,,,
37,upsert,2,L0056,2048,0,1787900471.3043253,30.9478919506073,38,1,37,1787900440.3564334,conc2,agg_static@rho0.8,0,0.55,0.0,2,0.8,agg_static,1787900440.356416,0,2048,,0,0,0,0,0,0,0,1,17,6.943849211647397,0;0;0;0,47,0,1,0,1,0,0,0,61,61,2.4246952533721924,,1,2,1,2,0,0,0,2048,2048,40.96,0.0,40.96,30947.8919506073,40.96,1098.444238,2080.0,1,1,1,40.96,40.96,40.96
38,upsert,3,L0058,2560,2048,1787900488.410373,44.40066957473755,39,0,38,1787900444.0097034,conc2,agg_static@rho0.8,0,0.55,0.0,2,0.8,agg_static,1787900444.0096767,2048,512,34.16343832015991,0,2048,2048,0,2048,1,0,2,18,6.943849211647397,0;1;0;0,50,0,0,,,,0,1,,,,,,,,,,,,,,,,,,,,,,,,,,
39,upsert,1,L0030,2560,0,1787900488.410475,44.40022659301758,40,0,39,1787900444.0102484,conc2,agg_static@rho0.8,0,0.55,0.0,2,0.8,agg_static,1787900444.010231,0,2560,,0,0,0,0,0,0,0,2,19,6.943849211647397,0;0;0;0,50,0,0,,,,0,0,,,,,,,,,,,,,,,,,,,,,,,,,,
40,upsert,2,L0036,2048,0,1787900488.410535,41.379470109939575,41,0,40,1787900447.031065,conc2,agg_static@rho0.8,0,0.55,0.0,2,0.8,agg_static,1787900447.0310395,0,2048,,0,0,0,0,0,0,0,1,16,9.898447256088257,1;0;0;0,52,0,0,,,,0,1,,,,,,,,,,,,,,,,,,,,,,,,,,
41,upsert,0,L0011,2048,0,1787900488.4106185,41.37905550003052,42,0,41,1787900447.031563,conc2,agg_static@rho0.8,0,0.55,0.0,2,0.8,agg_static,1787900447.0315468,0,2048,,0,0,0,0,0,0,0,1,17,9.898447256088257,0;0;0;0,52,0,0,,,,0,0,,,,,,,,,,,,,,,,,,,,,,,,,,
42,upsert,3,L0000,2048,3072,1787900488.4106638,37.6020622253418,43,0,42,1787900450.8086016,conc2,agg_static@rho0.8,0,0.55,0.0,2,0.8,agg_static,1787900450.808574,3072,-1024,31.790098905563354,0,3072,3072,2048,1024,2,0,7,18,9.898447256088257,1;0;0;0,55,0,0,,,,0,1,,,,,,,,,,,,,,,,,,,,,,,,,,
43,upsert,0,L0036,2560,0,1787900488.4107063,37.60161781311035,44,0,43,1787900450.8090885,conc2,agg_static@rho0.8,0,0.55,0.0,2,0.8,agg_static,1787900450.8090727,0,2560,,0,0,0,0,0,0,0,2,19,9.898447256088257,0;0;0;0,55,0,0,,,,0,0,,,,,,,,,,,,,,,,,,,,,,,,,,
44,upsert,3,L0004,2048,0,1787900488.4107444,34.55294227600098,45,0,44,1787900453.8578022,conc2,agg_static@rho0.8,0,0.55,0.0,2,0.8,agg_static,1787900453.8577802,0,2048,,0,0,0,0,0,0,0,1,20,9.898447256088257,0;0;1;0,57,0,0,,,,0,1,,,,,,,,,,,,,,,,,,,,,,,,,,
45,upsert,2,L0038,2048,0,1787900488.4107838,34.55247521400452,46,0,45,1787900453.8583086,conc2,agg_static@rho0.8,0,0.55,0.0,2,0.8,agg_static,1787900453.8582919,0,2048,,0,0,0,0,0,0,0,1,21,9.898447256088257,0;0;0;0,57,0,0,,,,0,0,,,,,,,,,,,,,,,,,,,,,,,,,,
46,upsert,0,L0023,2048,3072,1787900510.5380166,54.20812749862671,47,0,46,1787900456.329889,conc2,agg_static@rho0.8,0,0.55,0.0,2,0.8,agg_static,1787900456.329864,3072,-1024,19.11760973930359,0,2560,2560,0,2560,1,0,3,15,13.562597811222076,0;0;0;1,60,1,0,,,,0,1,,,,,,,,,,,,,,,,,,,,,,,,,,
47,upsert,3,L0018,2048,0,1787900510.5381148,54.20770049095154,48,0,47,1787900456.3304143,conc2,agg_static@rho0.8,0,0.55,0.0,2,0.8,agg_static,1787900456.3303967,0,2048,,0,0,0,0,0,0,0,1,16,13.562597811222076,0;0;0;0,60,0,0,,,,0,0,,,,,,,,,,,,,,,,,,,,,,,,,,
48,upsert,2,L0010,2560,2048,1787900510.538195,52.43431496620178,49,0,48,1787900458.10388,conc2,agg_static@rho0.8,0,0.55,0.0,2,0.8,agg_static,1787900458.1038556,2048,512,29.954617023468018,0,2048,2048,0,2048,1,0,2,17,13.562597811222076,0;0;0;1,63,0,0,,,,0,1,,,,,,,,,,,,,,,,,,,,,,,,,,
49,upsert,3,L0005,2560,2048,1787900510.5382493,52.433830976486206,50,0,49,1787900458.1044183,conc2,agg_static@rho0.8,0,0.55,0.0,2,0.8,agg_static,1787900458.1043994,2048,512,23.8833110332489,0,0,0,0,0,0,0,2,18,13.562597811222076,0;0;0;0,63,1,0,,,,0,0,,,,,,,,,,,,,,,,,,,,,,,,,,
50,upsert,1,L0034,2560,2048,1787900510.5382912,49.597532987594604,51,0,50,1787900460.9407582,conc2,agg_static@rho0.8,0,0.55,0.0,2,0.8,agg_static,1787900460.9401543,2048,512,51.09363508224487,0,2048,2048,0,2048,1,0,2,19,13.562597811222076,0;0;0;1,66,0,0,,,,0,1,,,,,,,,,,,,,,,,,,,,,,,,,,
51,upsert,3,L0044,2048,0,1787900510.5383296,49.596797466278076,52,0,51,1787900460.9415321,conc2,agg_static@rho0.8,0,0.55,0.0,2,0.8,agg_static,1787900460.9415119,0,2048,,0,0,0,0,0,0,0,1,20,13.562597811222076,0;0;0;0,66,0,0,,,,0,0,,,,,,,,,,,,,,,,,,,,,,,,,,
52,upsert,2,L0062,2048,0,1787900510.538371,45.40016508102417,53,0,52,1787900465.138206,conc2,agg_static@rho0.8,0,0.55,0.0,2,0.8,agg_static,1787900465.1381814,0,2048,,0,0,0,0,0,0,0,1,21,13.562597811222076,0;1;0;0,68,0,0,,,,0,1,,,,,,,,,,,,,,,,,,,,,,,,,,
53,upsert,1,L0011,2560,0,1787900532.1549826,67.01628565788269,54,0,53,1787900465.138697,conc2,agg_static@rho0.8,0,0.55,0.0,2,0.8,agg_static,1787900465.1386814,0,2560,,0,0,0,0,0,0,0,2,22,13.562597811222076,0;0;0;0,68,0,0,,,,0,0,,,,,,,,,,,,,,,,,,,,,,,,,,
54,upsert,0,L0031,2048,0,1787900532.1551228,64.51408982276917,55,0,54,1787900467.641033,conc2,agg_static@rho0.8,0,0.55,0.0,2,0.8,agg_static,1787900467.641008,0,2048,,0,0,0,0,0,0,0,1,23,13.562597811222076,0;1;0;0,71,0,0,,,,0,1,,,,,,,,,,,,,,,,,,,,,,,,,,
55,upsert,1,L0028,2560,2048,1787900532.1552286,64.51366996765137,56,0,55,1787900467.6415586,conc2,agg_static@rho0.8,0,0.55,0.0,2,0.8,agg_static,1787900467.6415389,2048,512,68.94565224647522,0,2048,2048,0,2048,1,0,1,24,13.562597811222076,0;0;0;0,71,0,0,,,,0,0,,,,,,,,,,,,,,,,,,,,,,,,,,
56,upsert,3,L0016,2048,0,1787900532.1552835,61.50435137748718,57,0,56,1787900470.650932,conc2,agg_static@rho0.8,0,0.55,0.0,2,0.8,agg_static,1787900470.6509094,0,2048,,0,0,0,0,0,0,0,1,25,13.562597811222076,0;0;1;0,74,0,0,,,,0,1,,,,,,,,,,,,,,,,,,,,,,,,,,
57,upsert,2,L0014,3072,2560,1787900532.155332,61.50387096405029,58,0,57,1787900470.6514611,conc2,agg_static@rho0.8,0,0.55,0.0,2,0.8,agg_static,1787900470.651441,2560,512,50.06659269332886,0,2560,2560,0,2560,1,0,2,26,13.562597811222076,0;0;0;0,74,0,0,,,,0,0,,,,,,,,,,,,,,,,,,,,,,,,,,
58,upsert,2,L0046,2560,2048,1787900532.1553774,58.427478313446045,59,0,58,1787900473.727899,conc2,agg_static@rho0.8,0,0.55,0.0,2,0.8,agg_static,1787900473.7278726,2048,512,59.42272353172302,0,2048,2048,0,2048,1,0,1,21,19.944937951862812,0;1;0;0,77,0,0,,,,0,1,,,,,,,,,,,,,,,,,,,,,,,,,,
59,upsert,1,L0042,2048,0,1787900532.1554193,58.426918029785156,60,0,59,1787900473.7285013,conc2,agg_static@rho0.8,0,0.55,0.0,2,0.8,agg_static,1787900473.7284834,0,2048,,0,0,0,0,0,0,0,1,22,19.944937951862812,0;0;0;0,77,0,0,,,,0,0,,,,,,,,,,,,,,,,,,,,,,,,,,
60,upsert,3,L0000,2560,2048,1787900532.1554582,56.88204264640808,61,0,60,1787900475.2734156,conc2,agg_static@rho0.8,0,0.55,0.0,2,0.8,agg_static,1787900475.273391,2048,512,24.46481704711914,0,3072,3072,2048,1024,2,0,3,23,19.944937951862812,0;0;1;0,81,1,0,,,,0,1,,,,,,,,,,,,,,,,,,,,,,,,,,
61,upsert,2,L0056,2560,2048,1787900532.1555007,56.88157677650452,62,0,61,1787900475.2739239,conc2,agg_static@rho0.8,0,0.55,0.0,2,0.8,agg_static,1787900475.273905,2048,512,34.91748905181885,0,2048,2048,0,2048,1,0,2,24,19.944937951862812,0;0;0;0,81,0,0,,,,0,0,,,,,,,,,,,,,,,,,,,,,,,,,,
62,upsert,1,L0063,2048,0,1787900532.1555417,54.091004848480225,63,0,62,1787900478.0645368,conc2,agg_static@rho0.8,0,0.55,0.0,2,0.8,agg_static,1787900478.064512,0,2048,,0,0,0,0,0,0,0,1,25,19.944937951862812,1;0;0;0,84,0,0,,,,0,1,,,,,,,,,,,,,,,,,,,,,,,,,,
63,upsert,0,L0023,2560,2048,1787900532.1555815,54.09055423736572,64,0,63,1787900478.0650272,conc2,agg_static@rho0.8,0,0.55,0.0,2,0.8,agg_static,1787900478.0650084,2048,512,21.73514437675476,0,3072,3072,0,3072,1,0,3,26,19.944937951862812,0;0;0;0,84,1,0,,,,0,0,,,,,,,,,,,,,,,,,,,,,,,,,,
64,upsert,0,L0067,2048,0,1787900532.1556988,51.29268455505371,65,0,64,1787900480.8630142,conc2,agg_static@rho0.8,0,0.55,0.0,2,0.8,agg_static,1787900480.8629904,0,2048,,0,0,0,0,0,0,0,1,27,19.944937951862812,0;0;1;0,86,0,0,,,,0,1,,,,,,,,,,,,,,,,,,,,,,,,,,
65,upsert,2,L0072,2048,0,1787900532.1557379,51.292219161987305,66,1,65,1787900480.8635187,conc2,agg_static@rho0.8,0,0.55,0.0,2,0.8,agg_static,1787900480.8635027,0,2048,,0,0,0,0,0,0,0,1,28,19.944937951862812,0;0;0;0,86,0,1,0,1,0,0,0,124,124,46.3067684173584,,3,2,3,2,0,0,0,2048,2048,40.96,0.0,40.96,51292.219161987305,40.96,2573.109866,2080.0,1,1,1,40.96,40.96,40.96
66,upsert,2,L0121,2048,0,1787900532.1557686,48.67411208152771,67,0,66,1787900483.4816566,conc2,agg_static@rho0.8,0,0.55,0.0,2,0.8,agg_static,1787900483.481632,0,2048,,0,0,0,0,0,0,0,1,29,19.944937951862812,1;0;0;0,88,0,0,,,,0,1,,,,,,,,,,,,,,,,,,,,,,,,,,
67,upsert,0,L0091,2048,0,1787900532.1557932,48.67366337776184,68,0,67,1787900483.4821298,conc2,agg_static@rho0.8,0,0.55,0.0,2,0.8,agg_static,1787900483.4821138,0,2048,,0,0,0,0,0,0,0,1,30,19.944937951862812,0;0;0;0,88,0,0,,,,0,0,,,,,,,,,,,,,,,,,,,,,,,,,,
68,upsert,0,L0083,2048,0,1787900532.1558168,45.89406609535217,69,0,68,1787900486.2617507,conc2,agg_static@rho0.8,0,0.55,0.0,2,0.8,agg_static,1787900486.2617285,0,2048,,0,0,0,0,0,0,0,1,31,19.944937951862812,0;0;0;1,90,0,0,,,,0,1,,,,,,,,,,,,,,,,,,,,,,,,,,
69,upsert,3,L0124,2048,0,1787900532.15584,45.89356994628906,70,0,69,1787900486.26227,conc2,agg_static@rho0.8,0,0.55,0.0,2,0.8,agg_static,1787900486.262253,0,2048,,0,0,0,0,0,0,0,1,32,19.944937951862812,0;0;0;0,90,0,0,,,,0,0,,,,,,,,,,,,,,,,,,,,,,,,,,
70,upsert,2,L0076,2048,0,1787900565.6868827,76.79244184494019,71,0,70,1787900488.894441,conc2,agg_static@rho0.8,0,0.55,0.0,2,0.8,agg_static,1787900488.8944185,0,2048,,0,0,0,0,0,0,0,1,25,29.22238940000534,0;1;0;0,92,0,0,,,,0,1,,,,,,,,,,,,,,,,,,,,,,,,,,
71,upsert,1,L0077,2048,0,1787900565.6869972,76.79205799102783,72,0,71,1787900488.8949392,conc2,agg_static@rho0.8,0,0.55,0.0,2,0.8,agg_static,1787900488.894923,0,2048,,0,0,0,0,0,0,0,1,26,29.22238940000534,0;0;0;0,92,0,0,,,,0,0,,,,,,,,,,,,,,,,,,,,,,,,,,
72,upsert,0,L0081,2048,0,1787900565.6870587,73.8672685623169,73,0,72,1787900491.8197901,conc2,agg_static@rho0.8,0,0.55,0.0,2,0.8,agg_static,1787900491.8197658,0,2048,,0,0,0,0,0,0,0,1,27,29.22238940000534,0;1;0;0,94,0,0,,,,0,1,,,,,,,,,,,,,,,,,,,,,,,,,,
73,upsert,1,L0106,2048,0,1787900565.6871047,73.8667733669281,74,0,73,1787900491.8203313,conc2,agg_static@rho0.8,0,0.55,0.0,2,0.8,agg_static,1787900491.8203137,0,2048,,0,0,0,0,0,0,0,1,28,29.22238940000534,0;0;0;0,94,0,0,,,,0,0,,,,,,,,,,,,,,,,,,,,,,,,,,
74,upsert,2,L0081,2560,0,1787900565.687153,69.85348391532898,75,0,74,1787900495.8336692,conc2,agg_static@rho0.8,0,0.55,0.0,2,0.8,agg_static,1787900495.8336468,0,2560,,0,0,0,0,0,0,0,2,29,29.22238940000534,0;0;0;1,96,0,0,,,,0,1,,,,,,,,,,,,,,,,,,,,,,,,,,
75,upsert,3,L0094,2048,0,1787900565.6872246,69.85299158096313,76,1,75,1787900495.834233,conc2,agg_static@rho0.8,0,0.55,0.0,2,0.8,agg_static,1787900495.8342154,0,2048,,0,0,0,0,0,0,0,1,30,29.22238940000534,0;0;0;0,96,0,1,0,1,0,0,0,120,120,5.693561315536499,,2,3,2,3,0,0,0,2048,2048,40.96,0.0,40.96,69852.99158096313,40.96,2811.624763,2080.0,1,1,1,40.96,40.96,40.96
76,upsert,0,L0075,2048,0,1787900565.687267,66.9762556552887,77,1,76,1787900498.7110114,conc2,agg_static@rho0.8,0,0.55,0.0,2,0.8,agg_static,1787900498.7109816,0,2048,,0,0,0,0,0,0,0,1,31,29.22238940000534,0;0;1;0,98,0,1,0,1,0,0,1,126,126,16.362318992614746,,3,0,3,0,0,0,0,2048,2048,40.96,0.0,40.96,66976.2556552887,40.96,2644.992959,2080.0,1,1,1,40.96,40.96,40.96
77,upsert,2,L0069,2048,0,1787900565.68731,66.97572708129883,78,2,77,1787900498.711583,conc2,agg_static@rho0.8,0,0.55,0.0,2,0.8,agg_static,1787900498.7115636,0,2048,,0,0,0,0,0,0,0,1,32,29.22238940000534,0;0;0;0,98,0,1,0,0,1,0,0,119,119,2.9017395973205566,,2,2,2,2,0,0,0,0,0,0.0,0.0,0.0,66975.72708129883,0.0,1587.519522,2608.0,0,1,1,0,38.96,38.96
78,upsert,2,L0068,2048,0,1787900565.68735,64.2998378276825,79,1,78,1787900501.3875122,conc2,agg_static@rho0.8,0,0.55,0.0,2,0.8,agg_static,1787900501.3874862,0,2048,,0,0,0,0,0,0,0,1,33,29.22238940000534,1;0;0;0,100,0,1,0,0,1,0,1,116,116,0.4023404121398926,,1,1,1,1,0,0,2560,2560,0,0.0,0.0,0.0,64299.837827682495,0.0,357.579525,2608.0,0,0,0,0,0,0
79,upsert,0,L0065,2048,0,1787900565.6873872,64.29935669898987,80,0,79,1787900501.3880305,conc2,agg_static@rho0.8,0,0.55,0.0,2,0.8,agg_static,1787900501.3880143,0,2048,,0,0,0,0,0,0,0,1,34,29.22238940000534,0;0;0;0,100,0,0,,,,0,0,,,,,,,,,,,,,,,,,,,,,,,,,,
80,upsert,0,L0104,2048,0,1787900565.6874146,60.460127115249634,81,0,80,1787900505.2272875,conc2,agg_static@rho0.8,0,0.55,0.0,2,0.8,agg_static,1787900505.22726,0,2048,,0,0,0,0,0,0,0,1,35,29.22238940000534,0;0;0;1,102,0,0,,,,0,1,,,,,,,,,,,,,,,,,,,,,,,,,,
81,upsert,3,L0121,2560,0,1787900565.687451,60.459628105163574,82,0,81,1787900505.2278228,conc2,agg_static@rho0.8,0,0.55,0.0,2,0.8,agg_static,1787900505.2278066,0,2560,,0,0,0,0,0,0,0,2,36,29.22238940000534,0;0;0;0,102,0,0,,,,0,0,,,,,,,,,,,,,,,,,,,,,,,,,,
82,upsert,2,L0086,2048,0,1787900565.687474,56.289735555648804,83,0,82,1787900509.3977385,conc2,agg_static@rho0.8,0,0.55,0.0,2,0.8,agg_static,1787900509.3977149,0,2048,,0,0,0,0,0,0,0,1,37,29.22238940000534,0;1;0;0,104,0,0,,,,0,1,,,,,,,,,,,,,,,,,,,,,,,,,,
83,upsert,1,L0068,2560,0,1787900565.6874976,56.2892210483551,84,1,83,1787900509.3982766,conc2,agg_static@rho0.8,0,0.55,0.0,2,0.8,agg_static,1787900509.3982596,0,2560,,0,0,0,0,0,0,0,2,38,29.22238940000534,0;0;0;0,104,0,1,0,1,0,0,0,116,116,0.4021928310394287,,2,1,2,1,0,0,2048,2560,512,10.24,0.0,10.24,56289.2210483551,10.24,357.579525,2608.0,1,1,1,10.24,10.24,10.24
84,upsert,0,L0094,2560,0,1787900590.0087352,76.56336379051208,85,0,84,1787900513.4453714,conc2,agg_static@rho0.8,0,0.55,0.0,2,0.8,agg_static,1787900513.445346,0,2560,,0,0,0,0,0,0,0,2,32,36.443006940186024,0;1;0;0,106,0,0,,,,0,1,,,,,,,,,,,,,,,,,,,,,,,,,,
85,upsert,1,L0072,2560,0,1787900590.0088594,76.56295323371887,86,0,85,1787900513.4459062,conc2,agg_static@rho0.8,0,0.55,0.0,2,0.8,agg_static,1787900513.4458895,0,2560,,0,0,0,0,0,0,0,2,33,36.443006940186024,0;0;0;0,106,0,0,,,,0,0,,,,,,,,,,,,,,,,,,,,,,,,,,
86,upsert,2,L0103,2048,0,1787900590.0089226,72.24250292778015,87,0,86,1787900517.7664196,conc2,agg_static@rho0.8,0,0.55,0.0,2,0.8,agg_static,1787900517.7663984,0,2048,,0,0,0,0,0,0,0,1,34,36.443006940186024,0;0;0;1,108,0,0,,,,0,1,,,,,,,,,,,,,,,,,,,,,,,,,,
87,upsert,3,L0067,2560,0,1787900590.0089734,72.24206495285034,88,0,87,1787900517.7669084,conc2,agg_static@rho0.8,0,0.55,0.0,2,0.8,agg_static,1787900517.766893,0,2560,,0,0,0,0,0,0,0,2,35,36.443006940186024,0;0;0;0,108,0,0,,,,0,0,,,,,,,,,,,,,,,,,,,,,,,,,,
88,upsert,0,L0064,2048,0,1787900590.0090153,69.32447910308838,89,0,88,1787900520.6845362,conc2,agg_static@rho0.8,0,0.55,0.0,2,0.8,agg_static,1787900520.684513,0,2048,,0,0,0,0,0,0,0,1,36,36.443006940186024,0;0;1;0,110,0,0,,,,0,1,,,,,,,,,,,,,,,,,,,,,,,,,,
89,upsert,2,L0088,2048,0,1787900590.0090585,69.32403039932251,90,0,89,1787900520.685028,conc2,agg_static@rho0.8,0,0.55,0.0,2,0.8,agg_static,1787900520.6850111,0,2048,,0,0,0,0,0,0,0,1,37,36.443006940186024,0;0;0;0,110,0,0,,,,0,0,,,,,,,,,,,,,,,,,,,,,,,,,,
90,upsert,2,L0100,2048,0,1787900590.0091133,65.61438632011414,91,0,90,1787900524.394727,conc2,agg_static@rho0.8,0,0.55,0.0,2,0.8,agg_static,1787900524.3947043,0,2048,,0,0,0,0,0,0,0,1,38,36.443006940186024,1;0;0;0,112,0,0,,,,0,1,,,,,,,,,,,,,,,,,,,,,,,,,,
91,upsert,0,L0076,2560,0,1787900590.009155,65.61389446258545,92,0,91,1787900524.3952606,conc2,agg_static@rho0.8,0,0.55,0.0,2,0.8,agg_static,1787900524.395244,0,2560,,0,0,0,0,0,0,0,2,39,36.443006940186024,0;0;0;0,112,0,0,,,,0,0,,,,,,,,,,,,,,,,,,,,,,,,,,
92,upsert,0,L0105,2048,0,1787900590.0092275,62.83265972137451,93,0,92,1787900527.1765678,conc2,agg_static@rho0.8,0,0.55,0.0,2,0.8,agg_static,1787900527.1765425,0,2048,,0,0,0,0,0,0,0,1,40,36.443006940186024,0;0;0;1,114,0,0,,,,0,1,,,,,,,,,,,,,,,,,,,,,,,,,,
93,upsert,3,L0125,2048,0,1787900590.0092578,62.83219122886658,94,0,93,1787900527.1770666,conc2,agg_static@rho0.8,0,0.55,0.0,2,0.8,agg_static,1787900527.1770504,0,2048,,0,0,0,0,0,0,0,1,41,36.443006940186024,0;0;0;0,114,0,0,,,,0,0,,,,,,,,,,,,,,,,,,,,,,,,,,
94,upsert,2,L0115,2048,0,1787900590.0092824,59.909276485443115,95,0,94,1787900530.1000059,conc2,agg_static@rho0.8,0,0.55,0.0,2,0.8,agg_static,1787900530.0999832,0,2048,,0,0,0,0,0,0,0,1,42,36.443006940186024,0;1;0;0,116,0,0,,,,0,1,,,,,,,,,,,,,,,,,,,,,,,,,,
95,upsert,1,L0074,2048,0,1787900590.0093067,59.90879797935486,96,0,95,1787900530.1005087,conc2,agg_static@rho0.8,0,0.55,0.0,2,0.8,agg_static,1787900530.1004927,0,2048,,0,0,0,0,0,0,0,1,43,36.443006940186024,0;0;0;0,116,0,0,,,,0,0,,,,,,,,,,,,,,,,,,,,,,,,,,
1,upsert,2,L0007,2048,0,1787900674.920927,75.3247013092041,1,1,1,1787900599.5962257,conc2,agg_static@rho0.8,1,0.55,0.0,2,0.8,agg_static,1787900599.596208,0,2048,,0,0,0,0,0,0,0,1,2,,0;0;0;0,2,0,1,0,0,1,0,0,63,63,28.05341935157776,,3,3,3,3,0,0,0,0,0,0.0,0.0,0.0,75324.7013092041,0.0,1578.537515,2608.0,0,0,0,0,0,0
2,upsert,2,L0059,2048,0,1787900677.6868951,75.25950264930725,2,0,2,1787900602.4273925,conc2,agg_static@rho0.8,1,0.55,0.0,2,0.8,agg_static,1787900602.4273684,0,2048,,0,0,0,0,0,0,0,1,3,,1;0;0;0,4,0,0,,,,0,1,,,,,,,,,,,,,,,,,,,,,,,,,,
7,upsert,1,L0001,2048,0,1787900677.6870282,69.36823058128357,3,1,7,1787900608.3187976,conc2,agg_static@rho0.8,1,0.55,0.0,2,0.8,agg_static,1787900608.3187795,0,2048,,0,0,0,0,0,0,0,1,8,,0;0;0;0,8,0,1,0,1,0,0,0,56,56,12.526989698410034,,0,1,0,1,0,0,0,2048,2048,40.96,0.0,40.96,69368.23058128357,40.96,1245.031107,2080.0,1,1,1,40.96,40.96,40.96
14,upsert,2,L0004,2560,0,1787900681.814598,60.604970932006836,4,0,14,1787900621.2096272,conc2,agg_static@rho0.8,1,0.55,0.0,2,0.8,agg_static,1787900621.2096002,2048,512,12.890992879867554,0,0,0,0,0,0,0,2,15,,1;0;0;0,16,1,0,,,,0,1,,,,,,,,,,,,,,,,,,,,,,,,,,
16,upsert,0,L0029,2560,0,1787900681.814703,56.477935552597046,5,0,16,1787900625.3367674,conc2,agg_static@rho0.8,1,0.55,0.0,2,0.8,agg_static,1787900625.3367412,2048,512,20.019827604293823,0,0,0,0,0,0,0,2,17,,0;0;0;1,18,1,0,,,,0,1,,,,,,,,,,,,,,,,,,,,,,,,,,
17,upsert,3,L0007,2560,0,1787900681.8147616,56.47783327102661,6,1,17,1787900625.3369284,conc2,agg_static@rho0.8,1,0.55,0.0,2,0.8,agg_static,1787900625.336912,0,2560,,0,0,0,0,0,0,0,2,18,,0;0;0;0,18,0,1,0,1,0,0,0,63,63,21.159584760665894,,2,3,2,3,0,0,0,0,0,0.0,0.0,0.0,56477.83327102661,0.0,1578.537515,2608.0,1,1,1,0.0,0.0,0.0
18,upsert,2,L0013,2048,0,1787900681.8148167,53.56879019737244,7,1,18,1787900628.2460265,conc2,agg_static@rho0.8,1,0.55,0.0,2,0.8,agg_static,1787900628.246003,0,2048,,0,0,0,0,0,0,0,1,19,,0;1;0;0,20,0,1,0,1,0,0,1,59,59,14.3379385471344,,0,2,0,2,0,0,0,2048,2048,40.96,0.0,40.96,53568.79019737244,40.96,1360.790526,2608.0,1,1,1,40.96,40.96,40.96
19,upsert,1,L0017,2048,0,1787900681.8148665,53.5686399936676,8,0,19,1787900628.2462265,conc2,agg_static@rho0.8,1,0.55,0.0,2,0.8,agg_static,1787900628.246207,0,2048,,0,0,0,0,0,0,0,1,20,,0;0;0;0,20,0,0,,,,0,0,,,,,,,,,,,,,,,,,,,,,,,,,,
21,upsert,1,L0053,2048,0,1787900681.8149123,51.02085638046265,9,0,21,1787900630.794056,conc2,agg_static@rho0.8,1,0.55,0.0,2,0.8,agg_static,1787900630.7940378,0,2048,,0,0,0,0,0,0,0,1,22,,0;0;0;0,22,0,0,,,,0,0,,,,,,,,,,,,,,,,,,,,,,,,,,
24,upsert,0,L0042,2048,0,1787900681.8149638,45.23302340507507,10,0,24,1787900636.5819404,conc2,agg_static@rho0.8,1,0.55,0.0,2,0.8,agg_static,1787900636.5819159,0,2048,,0,0,0,0,0,0,0,1,25,,0;0;1;0,26,0,0,,,,0,1,,,,,,,,,,,,,,,,,,,,,,,,,,
26,upsert,2,L0005,2048,0,1787900696.4103324,57.07610058784485,11,0,26,1787900639.3342319,conc2,agg_static@rho0.8,1,0.55,0.0,2,0.8,agg_static,1787900639.3342083,0,2048,,0,0,0,0,0,0,0,1,27,,1;0;0;0,28,0,0,,,,0,1,,,,,,,,,,,,,,,,,,,,,,,,,,
28,upsert,0,L0034,2560,0,1787900696.4104137,53.517094135284424,12,0,28,1787900642.8933196,conc2,agg_static@rho0.8,1,0.55,0.0,2,0.8,agg_static,1787900642.8932946,0,2560,,0,0,0,0,0,0,0,2,29,,0;0;0;1,30,0,0,,,,0,1,,,,,,,,,,,,,,,,,,,,,,,,,,
31,upsert,1,L0018,2048,0,1787900696.4104557,50.55833435058594,13,0,31,1787900645.8521214,conc2,agg_static@rho0.8,1,0.55,0.0,2,0.8,agg_static,1787900645.852101,0,2048,,0,0,0,0,0,0,0,1,32,,0;0;0;0,32,0,0,,,,0,0,,,,,,,,,,,,,,,,,,,,,,,,,,
32,upsert,0,L0005,2560,0,1787900696.4104893,46.53194618225098,14,0,32,1787900649.8785431,conc2,agg_static@rho0.8,1,0.55,0.0,2,0.8,agg_static,1787900649.8785164,0,2560,,0,0,0,0,0,0,0,2,33,,0;1;0;0,34,0,0,,,,0,1,,,,,,,,,,,,,,,,,,,,,,,,,,
33,upsert,1,L0042,2560,0,1787900696.410518,46.53145503997803,15,0,33,1787900649.879063,conc2,agg_static@rho0.8,1,0.55,0.0,2,0.8,agg_static,1787900649.8790379,0,2560,,0,0,0,0,0,0,0,2,34,,0;0;0;0,34,0,0,,,,0,0,,,,,,,,,,,,,,,,,,,,,,,,,,
36,upsert,0,L0000,2560,0,1787900696.4105442,41.259751081466675,16,0,36,1787900655.150793,conc2,agg_static@rho0.8,1,0.55,0.0,2,0.8,agg_static,1787900655.1507657,2048,512,15.816379308700562,0,0,0,0,0,0,0,2,37,,0;0;1;0,38,1,0,,,,0,1,,,,,,,,,,,,,,,,,,,,,,,,,,
37,upsert,2,L0009,2048,0,1787900696.4105716,41.25926399230957,17,0,37,1787900655.1513076,conc2,agg_static@rho0.8,1,0.55,0.0,2,0.8,agg_static,1787900655.1512818,0,2048,,0,0,0,0,0,0,0,1,38,,0;0;0;0,38,0,0,,,,0,0,,,,,,,,,,,,,,,,,,,,,,,,,,
39,upsert,0,L0033,2560,0,1787900696.4106007,36.741106271743774,18,0,39,1787900659.6694944,conc2,agg_static@rho0.8,1,0.55,0.0,2,0.8,agg_static,1787900659.6694705,0,2560,,0,0,0,0,0,0,0,2,40,,0;0;0;0,40,0,0,,,,0,0,,,,,,,,,,,,,,,,,,,,,,,,,,
40,upsert,0,L0001,3072,0,1787900713.8146048,51.066054582595825,19,0,40,1787900662.7485502,conc2,agg_static@rho0.8,1,0.55,0.0,2,0.8,agg_static,1787900662.7485232,2560,512,41.53874588012695,0,0,0,0,0,0,0,4,41,,0;0;0;1,42,1,0,,,,0,1,,,,,,,,,,,,,,,,,,,,,,,,,,
42,upsert,2,L0050,2048,0,1787900713.8147116,45.391839265823364,20,0,42,1787900668.4228723,conc2,agg_static@rho0.8,1,0.55,0.0,2,0.8,agg_static,1787900668.4228477,0,2048,,0,0,0,0,0,0,0,1,43,,0;1;0;0,44,0,0,,,,0,1,,,,,,,,,,,,,,,,,,,,,,,,,,
43,upsert,1,L0033,3072,0,1787900713.8147721,45.39140605926514,21,0,43,1787900668.423366,conc2,agg_static@rho0.8,1,0.55,0.0,2,0.8,agg_static,1787900668.4233413,0,3072,,0,0,0,0,0,0,0,3,44,,0;0;0;0,44,0,0,,,,0,0,,,,,,,,,,,,,,,,,,,,,,,,,,
44,upsert,0,L0027,2048,0,1787900713.8148296,42.443543434143066,22,0,44,1787900671.3712862,conc2,agg_static@rho0.8,1,0.55,0.0,2,0.8,agg_static,1787900671.3712616,0,2048,,0,0,0,0,0,0,0,1,45,,0;1;0;0,46,0,0,,,,0,1,,,,,,,,,,,,,,,,,,,,,,,,,,
45,upsert,1,L0035,2048,0,1787900713.8148642,42.44312882423401,23,0,45,1787900671.3717353,conc2,agg_static@rho0.8,1,0.55,0.0,2,0.8,agg_static,1787900671.371711,0,2048,,0,0,0,0,0,0,0,1,46,,0;0;0;0,46,0,0,,,,0,0,,,,,,,,,,,,,,,,,,,,,,,,,,
46,upsert,2,L0025,2048,0,1787900713.8148925,39.38828086853027,24,0,46,1787900674.4266117,conc2,agg_static@rho0.8,1,0.55,0.0,2,0.8,agg_static,1787900674.4265897,0,2048,,0,0,0,0,0,0,0,1,47,,0;0;0;1,48,0,0,,,,0,1,,,,,,,,,,,,,,,,,,,,,,,,,,
47,upsert,3,L0034,3072,0,1787900713.8149168,39.38784122467041,25,0,47,1787900674.4270756,conc2,agg_static@rho0.8,1,0.55,0.0,2,0.8,agg_static,1787900674.4270453,2048,1024,40.677064657211304,0,0,0,0,0,0,0,3,48,,0;0;0;0,48,1,0,,,,0,0,,,,,,,,,,,,,,,,,,,,,,,,,,
48,upsert,0,L0039,2048,0,1787900738.4954321,61.188652992248535,26,0,48,1787900677.3067791,conc2,agg_static@rho0.8,1,0.55,0.0,2,0.8,agg_static,1787900677.3067496,0,2048,,0,0,0,0,0,0,0,1,48,75.3247013092041,0;0;1;0,50,0,0,,,,0,1,,,,,,,,,,,,,,,,,,,,,,,,,,
49,upsert,2,L0013,2560,2048,1787900738.495552,61.1882266998291,27,0,49,1787900677.3073254,conc2,agg_static@rho0.8,1,0.55,0.0,2,0.8,agg_static,1787900677.3072987,2048,512,49.06129574775696,0,0,0,0,0,0,0,2,49,75.3247013092041,0;0;0;0,50,1,0,,,,0,0,,,,,,,,,,,,,,,,,,,,,,,,,,
50,upsert,2,L0000,3072,0,1787900738.4956117,56.27754020690918,28,0,50,1787900682.2180715,conc2,agg_static@rho0.8,1,0.55,0.0,2,0.8,agg_static,1787900682.2180448,0,3072,,0,0,0,0,0,0,0,4,41,59.690448427200316,1;0;0;0,52,0,0,,,,0,1,,,,,,,,,,,,,,,,,,,,,,,,,,
51,upsert,0,L0000,2048,2560,1787900738.4956646,56.27702212333679,29,0,51,1787900682.2186425,conc2,agg_static@rho0.8,1,0.55,0.0,2,0.8,agg_static,1787900682.218622,2560,-512,27.067856311798096,0,0,0,0,0,0,0,4,42,59.690448427200316,0;0;0;0,52,1,0,,,,0,0,,,,,,,,,,,,,,,,,,,,,,,,,,
52,upsert,0,L0014,2048,0,1787900738.4957185,52.27879095077515,30,0,52,1787900686.2169275,conc2,agg_static@rho0.8,1,0.55,0.0,2,0.8,agg_static,1787900686.2168996,0,2048,,0,0,0,0,0,0,0,1,43,59.690448427200316,0;0;0;1,54,0,0,,,,0,1,,,,,,,,,,,,,,,,,,,,,,,,,,
53,upsert,3,L0006,2560,0,1787900738.4957747,52.27832221984863,31,0,53,1787900686.2174525,conc2,agg_static@rho0.8,1,0.55,0.0,2,0.8,agg_static,1787900686.2174356,0,2560,,0,0,0,0,0,0,0,2,44,59.690448427200316,0;0;0;0,54,0,0,,,,0,0,,,,,,,,,,,,,,,,,,,,,,,,,,
54,upsert,2,L0024,2560,0,1787900738.4958313,48.28280329704285,32,0,54,1787900690.213028,conc2,agg_static@rho0.8,1,0.55,0.0,2,0.8,agg_static,1787900690.2129982,0,2560,,0,0,0,0,0,0,0,1,45,59.690448427200316,0;1;0;0,56,0,0,,,,0,1,,,,,,,,,,,,,,,,,,,,,,,,,,
55,upsert,1,L0022,2560,0,1787900738.495873,48.28230381011963,33,0,55,1787900690.2135692,conc2,agg_static@rho0.8,1,0.55,0.0,2,0.8,agg_static,1787900690.2135522,0,2560,,0,0,0,0,0,0,0,1,46,59.690448427200316,0;0;0;0,56,0,0,,,,0,0,,,,,,,,,,,,,,,,,,,,,,,,,,
56,upsert,1,L0001,2560,2048,1787900754.4954233,58.34375286102295,34,0,56,1787900696.1516705,conc2,agg_static@rho0.8,1,0.55,0.0,2,0.8,agg_static,1787900696.1516373,2048,512,87.83285784721375,0,2048,2048,0,2048,1,0,3,47,59.690448427200316,0;0;1;0,59,0,0,,,,0,1,,,,,,,,,,,,,,,,,,,,,,,,,,
57,upsert,2,L0022,3072,0,1787900754.4955454,58.34333038330078,35,0,57,1787900696.152215,conc2,agg_static@rho0.8,1,0.55,0.0,2,0.8,agg_static,1787900696.1521974,0,3072,,0,0,0,0,0,0,0,2,48,59.690448427200316,0;0;0;0,59,0,0,,,,0,0,,,,,,,,,,,,,,,,,,,,,,,,,,
58,upsert,3,L0021,2560,0,1787900754.4956064,56.468557357788086,36,0,58,1787900698.027049,conc2,agg_static@rho0.8,1,0.55,0.0,2,0.8,agg_static,1787900698.0270185,2048,512,92.70994138717651,0,0,0,0,0,0,0,1,41,53.909974217414856,0;0;1;0,62,1,0,,,,0,1,,,,,,,,,,,,,,,,,,,,,,,,,,
59,upsert,2,L0013,3072,2560,1787900754.495653,56.468021869659424,37,0,59,1787900698.027631,conc2,agg_static@rho0.8,1,0.55,0.0,2,0.8,agg_static,1787900698.027611,2560,512,20.720312356948853,0,2048,2048,0,2048,1,0,2,42,53.909974217414856,0;0;0;0,62,1,0,,,,0,0,,,,,,,,,,,,,,,,,,,,,,,,,,
60,upsert,2,L0052,2048,0,1787900754.4956996,51.52243208885193,38,0,60,1787900702.9732676,conc2,agg_static@rho0.8,1,0.55,0.0,2,0.8,agg_static,1787900702.973242,0,2048,,0,0,0,0,0,0,0,1,43,53.909974217414856,1;0;0;0,64,0,0,,,,0,1,,,,,,,,,,,,,,,,,,,,,,,,,,
61,upsert,0,L0021,3072,0,1787900754.4957464,51.52199029922485,39,0,61,1787900702.973756,conc2,agg_static@rho0.8,1,0.55,0.0,2,0.8,agg_static,1787900702.9737396,0,3072,,0,0,0,0,0,0,0,2,44,53.909974217414856,0;0;0;0,64,0,0,,,,0,0,,,,,,,,,,,,,,,,,,,,,,,,,,
62,upsert,0,L0040,2048,0,1787900754.4957874,48.58969759941101,40,0,62,1787900705.9060898,conc2,agg_static@rho0.8,1,0.55,0.0,2,0.8,agg_static,1787900705.906063,0,2048,,0,0,0,0,0,0,0,1,45,53.909974217414856,0;0;0;1,67,0,0,,,,0,1,,,,,,,,,,,,,,,,,,,,,,,,,,
63,upsert,3,L0007,3072,2560,1787900754.4958248,48.58921980857849,41,0,63,1787900705.906605,conc2,agg_static@rho0.8,1,0.55,0.0,2,0.8,agg_static,1787900705.9065838,2560,512,80.56967186927795,0,2560,2560,2048,512,2,0,1,46,53.909974217414856,0;0;0;0,67,0,0,,,,0,0,,,,,,,,,,,,,,,,,,,,,,,,,,
64,upsert,3,L0070,2048,0,1787900773.303905,64.59736609458923,42,1,64,1787900708.706539,conc2,agg_static@rho0.8,1,0.55,0.0,2,0.8,agg_static,1787900708.7065165,0,2048,,0,0,0,0,0,0,0,1,47,53.909974217414856,0;0;1;0,69,0,1,0,0,1,0,1,120,120,28.52158808708191,,1,1,1,1,0,0,2560,2560,0,0.0,0.0,0.0,64597.36609458923,0.0,287.996023,2080.0,0,0,0,0,0,0
65,upsert,2,L0077,2048,0,1787900773.3039854,64.5969672203064,43,0,65,1787900708.7070181,conc2,agg_static@rho0.8,1,0.55,0.0,2,0.8,agg_static,1787900708.7069995,0,2048,,0,0,0,0,0,0,0,1,48,53.909974217414856,0;0;0;0,69,0,0,,,,0,0,,,,,,,,,,,,,,,,,,,,,,,,,,
66,upsert,1,L0086,2048,0,1787900773.304018,61.704288959503174,44,0,66,1787900711.599729,conc2,agg_static@rho0.8,1,0.55,0.0,2,0.8,agg_static,1787900711.5997043,0,2048,,0,0,0,0,0,0,0,1,49,53.909974217414856,0;0;1;0,71,0,0,,,,0,1,,,,,,,,,,,,,,,,,,,,,,,,,,
67,upsert,2,L0095,2048,0,1787900773.304047,61.70380926132202,45,0,67,1787900711.6002378,conc2,agg_static@rho0.8,1,0.55,0.0,2,0.8,agg_static,1787900711.600221,0,2048,,0,0,0,0,0,0,0,1,50,53.909974217414856,0;0;0;0,71,0,0,,,,0,0,,,,,,,,,,,,,,,,,,,,,,,,,,
68,upsert,3,L0125,2048,0,1787900773.3040724,58.77501678466797,46,0,68,1787900714.5290556,conc2,agg_static@rho0.8,1,0.55,0.0,2,0.8,agg_static,1787900714.5290322,0,2048,,0,0,0,0,0,0,0,1,44,51.03566520690918,1;0;0;0,73,0,0,,,,0,1,,,,,,,,,,,,,,,,,,,,,,,,,,
69,upsert,0,L0069,2048,0,1787900773.304096,58.77453112602234,47,0,69,1787900714.5295649,conc2,agg_static@rho0.8,1,0.55,0.0,2,0.8,agg_static,1787900714.5295486,0,2048,,0,0,0,0,0,0,0,1,45,51.03566520690918,0;0;0;0,73,0,0,,,,0,0,,,,,,,,,,,,,,,,,,,,,,,,,,
70,upsert,1,L0068,2048,0,1787900773.3041215,56.046584367752075,48,3,70,1787900717.2575371,conc2,agg_static@rho0.8,1,0.55,0.0,2,0.8,agg_static,1787900717.2575123,0,2048,,0,0,0,0,0,0,0,1,46,51.03566520690918,0;0;0;1,75,0,1,0,1,0,0,1,104,104,2.125277280807495,,3,1,3,1,0,0,0,2048,2048,40.96,0.0,40.96,56046.584367752075,40.96,1107.634637,2080.0,1,2,2,40.96,79.92,79.92
71,upsert,3,L0109,2048,0,1787900797.729468,80.47143769264221,49,1,71,1787900717.2580304,conc2,agg_static@rho0.8,1,0.55,0.0,2,0.8,agg_static,1787900717.2580137,0,2048,,0,0,0,0,0,0,0,1,47,51.03566520690918,0;0;0;0,75,0,1,0,1,0,0,0,119,119,0.4423537254333496,,1,3,1,3,0,1,0,2048,2048,40.96,2.0,38.96,80471.43769264221,38.96,2889.450607,2080.0,1,1,1,38.96,38.96,38.96
72,upsert,3,L0106,2048,0,1787900797.7295866,76.67168855667114,50,0,72,1787900721.057898,conc2,agg_static@rho0.8,1,0.55,0.0,2,0.8,agg_static,1787900721.0578725,0,2048,,0,0,0,0,0,0,0,1,48,51.03566520690918,0;1;0;0,77,0,0,,,,0,1,,,,,,,,,,,,,,,,,,,,,,,,,,
73,upsert,1,L0077,2560,0,1787900797.7296534,76.67123818397522,51,0,73,1787900721.0584152,conc2,agg_static@rho0.8,1,0.55,0.0,2,0.8,agg_static,1787900721.0583985,0,2560,,0,0,0,0,0,0,0,2,49,51.03566520690918,0;0;0;0,77,0,0,,,,0,0,,,,,,,,,,,,,,,,,,,,,,,,,,
74,upsert,1,L0070,2560,0,1787900797.7297015,72.63926553726196,52,1,74,1787900725.090436,conc2,agg_static@rho0.8,1,0.55,0.0,2,0.8,agg_static,1787900725.0904114,0,2560,,0,0,0,0,0,0,0,2,50,51.03566520690918,1;0;0;0,79,0,1,0,1,0,0,1,120,120,4.095791578292847,,3,1,3,1,0,0,2048,2560,512,10.24,0.0,10.24,72639.26553726196,10.24,287.996023,2080.0,1,1,1,10.24,10.24,10.24
75,upsert,0,L0064,2048,0,1787900797.7297444,72.63877201080322,53,1,75,1787900725.0909724,conc2,agg_static@rho0.8,1,0.55,0.0,2,0.8,agg_static,1787900725.0909545,0,2048,,0,0,0,0,0,0,0,1,51,51.03566520690918,0;0;0;0,79,0,1,0,1,0,0,0,125,125,7.946101665496826,,2,0,2,0,0,1,0,2048,2048,40.96,2.0,38.96,72638.77201080322,38.96,2713.934135,3136.0,1,1,1,38.96,38.96,38.96
76,upsert,3,L0099,2048,0,1787900797.7297843,69.42352509498596,54,0,76,1787900728.3062592,conc2,agg_static@rho0.8,1,0.55,0.0,2,0.8,agg_static,1787900728.3062346,0,2048,,0,0,0,0,0,0,0,1,52,51.03566520690918,0;0;1;0,81,0,0,,,,0,1,,,,,,,,,,,,,,,,,,,,,,,,,,
77,upsert,2,L0122,2048,0,1787900797.7298234,69.42306923866272,55,0,77,1787900728.306754,conc2,agg_static@rho0.8,1,0.55,0.0,2,0.8,agg_static,1787900728.3067355,0,2048,,0,0,0,0,0,0,0,1,53,51.03566520690918,0;0;0;0,81,0,0,,,,0,0,,,,,,,,,,,,,,,,,,,,,,,,,,
78,upsert,1,L0090,2048,0,1787900797.7298636,66.60274887084961,56,0,78,1787900731.1271148,conc2,agg_static@rho0.8,1,0.55,0.0,2,0.8,agg_static,1787900731.1270912,0,2048,,0,0,0,0,0,0,0,1,54,51.03566520690918,0;0;1;0,83,0,0,,,,0,1,,,,,,,,,,,,,,,,,,,,,,,,,,
79,upsert,2,L0093,2048,0,1787900816.538002,85.41037201881409,57,0,79,1787900731.12763,conc2,agg_static@rho0.8,1,0.55,0.0,2,0.8,agg_static,1787900731.127614,0,2048,,0,0,0,0,0,0,0,1,55,51.03566520690918,0;0;0;0,83,0,0,,,,0,0,,,,,,,,,,,,,,,,,,,,,,,,,,
80,upsert,3,L0076,2048,0,1787900816.538096,82.40426731109619,58,0,80,1787900734.1338286,conc2,agg_static@rho0.8,1,0.55,0.0,2,0.8,agg_static,1787900734.1338048,0,2048,,0,0,0,0,0,0,0,1,56,51.03566520690918,1;0;0;0,85,0,0,,,,0,1,,,,,,,,,,,,,,,,,,,,,,,,,,
81,upsert,0,L0072,2048,0,1787900816.538183,82.40383219718933,59,0,81,1787900734.1343508,conc2,agg_static@rho0.8,1,0.55,0.0,2,0.8,agg_static,1787900734.1343338,0,2048,,0,0,0,0,0,0,0,1,57,51.03566520690918,0;0;0;0,85,0,0,,,,0,0,,,,,,,,,,,,,,,,,,,,,,,,,,
82,upsert,1,L0096,2048,0,1787900816.538238,78.5805115699768,60,0,82,1787900737.9577265,conc2,agg_static@rho0.8,1,0.55,0.0,2,0.8,agg_static,1787900737.9577026,0,2048,,0,0,0,0,0,0,0,1,58,51.03566520690918,0;0;0;1,87,0,0,,,,0,1,,,,,,,,,,,,,,,,,,,,,,,,,,
83,upsert,3,L0069,2560,0,1787900816.5382843,78.58003735542297,61,0,83,1787900737.958247,conc2,agg_static@rho0.8,1,0.55,0.0,2,0.8,agg_static,1787900737.95823,0,2560,,0,0,0,0,0,0,0,2,59,51.03566520690918,0;0;0;0,87,0,0,,,,0,0,,,,,,,,,,,,,,,,,,,,,,,,,,
84,upsert,3,L0085,2048,0,1787900816.5383258,75.7713406085968,62,0,84,1787900740.7669852,conc2,agg_static@rho0.8,1,0.55,0.0,2,0.8,agg_static,1787900740.7669623,0,2048,,0,0,0,0,0,0,0,1,52,51.1443934738636,0;1;0;0,89,0,0,,,,0,1,,,,,,,,,,,,,,,,,,,,,,,,,,
85,upsert,1,L0078,2048,0,1787900816.5383656,75.77086210250854,63,0,85,1787900740.7675035,conc2,agg_static@rho0.8,1,0.55,0.0,2,0.8,agg_static,1787900740.7674873,0,2048,,0,0,0,0,0,0,0,1,53,51.1443934738636,0;0;0;0,89,0,0,,,,0,0,,,,,,,,,,,,,,,,,,,,,,,,,,
86,upsert,1,L0085,2560,0,1787900816.5384068,71.35608339309692,64,0,86,1787900745.1823235,conc2,agg_static@rho0.8,1,0.55,0.0,2,0.8,agg_static,1787900745.1822987,0,2560,,0,0,0,0,0,0,0,2,54,51.1443934738636,1;0;0;0,91,0,0,,,,0,1,,,,,,,,,,,,,,,,,,,,,,,,,,
7,upsert,1,L0001,2048,0,1787900898.1124027,63.86866474151611,1,1,7,1787900834.243738,conc2,agg_full@rho0.8,1,0.55,0.0,2,0.8,agg_full,1787900834.2437236,0,2048,,0,0,0,0,0,0,0,1,8,,0;0;0;0,8,0,1,0,0,1,0,0,56,56,16.600964784622192,,0,0,0,0,0,0,0,0,0,0.0,0.0,0.0,63868.66474151611,0.0,321.407884,2608.0,0,0,0,0,0,0
14,upsert,2,L0004,2560,0,1787900900.8783736,53.69835329055786,2,0,14,1787900847.1800203,conc2,agg_full@rho0.8,1,0.55,0.0,2,0.8,agg_full,1787900847.1799927,2048,512,12.936439752578735,0,0,0,0,0,0,0,2,15,,1;0;0;0,16,1,0,,,,0,1,,,,,,,,,,,,,,,,,,,,,,,,,,
15,upsert,0,L0001,2560,0,1787900900.8784986,53.69830274581909,3,1,15,1787900847.1801958,conc2,agg_full@rho0.8,1,0.55,0.0,2,0.8,agg_full,1787900847.1801803,0,2560,,0,0,0,0,0,0,0,2,16,,0;0;0;0,16,0,1,0,1,0,0,0,56,56,13.834868907928467,,1,0,1,0,0,0,0,0,0,0.0,0.0,0.0,53698.30274581909,0.0,321.407884,2608.0,1,1,1,0.0,0.0,0.0
16,upsert,0,L0029,2560,0,1787900919.6018047,68.835932970047,4,0,16,1787900850.7658718,conc2,agg_full@rho0.8,1,0.55,0.0,2,0.8,agg_full,1787900850.7658463,2048,512,19.794036626815796,0,0,0,0,0,0,0,2,17,,0;0;0;1,18,1,0,,,,0,1,,,,,,,,,,,,,,,,,,,,,,,,,,
17,upsert,3,L0007,2560,0,1787900919.6019044,68.83587574958801,5,1,17,1787900850.7660286,conc2,agg_full@rho0.8,1,0.55,0.0,2,0.8,agg_full,1787900850.7660139,0,2560,,0,0,0,0,0,0,0,2,18,,0;0;0;0,18,0,1,0,1,0,0,0,63,63,8.874919414520264,,1,3,1,3,0,1,0,2560,2560,51.2,2.0,49.2,68835.87574958801,49.2,3857.898123,2608.0,1,1,1,49.2,49.2,49.2
29,upsert,3,L0002,2048,0,1787900919.6019711,50.76985692977905,6,0,29,1787900868.8321142,conc2,agg_full@rho0.8,1,0.55,0.0,2,0.8,agg_full,1787900868.8321002,0,2048,,0,0,0,0,0,0,0,1,30,,0;0;0;0,30,0,0,,,,0,0,,,,,,,,,,,,,,,,,,,,,,,,,,
30,upsert,2,L0011,2048,0,1787900919.6020246,47.79881167411804,7,0,30,1787900871.803213,conc2,agg_full@rho0.8,1,0.55,0.0,2,0.8,agg_full,1787900871.8031898,0,2048,,0,0,0,0,0,0,0,1,31,,0;1;0;0,32,0,0,,,,0,1,,,,,,,,,,,,,,,,,,,,,,,,,,
31,upsert,1,L0018,2048,0,1787900919.6020732,47.79869794845581,8,0,31,1787900871.8033752,conc2,agg_full@rho0.8,1,0.55,0.0,2,0.8,agg_full,1787900871.8033617,0,2048,,0,0,0,0,0,0,0,1,32,,0;0;0;0,32,0,0,,,,0,0,,,,,,,,,,,,,,,,,,,,,,,,,,
32,upsert,0,L0005,2560,0,1787900919.602117,44.11808490753174,9,0,32,1787900875.4840322,conc2,agg_full@rho0.8,1,0.55,0.0,2,0.8,agg_full,1787900875.4840045,0,2560,,0,0,0,0,0,0,0,2,33,,0;1;0;0,34,0,0,,,,0,1,,,,,,,,,,,,,,,,,,,,,,,,,,
33,upsert,1,L0042,2560,0,1787900919.6021836,44.11769914627075,10,0,33,1787900875.4844844,conc2,agg_full@rho0.8,1,0.55,0.0,2,0.8,agg_full,1787900875.4844663,0,2560,,0,0,0,0,0,0,0,2,34,,0;0;0;0,34,0,0,,,,0,0,,,,,,,,,,,,,,,,,,,,,,,,,,
34,upsert,2,L0006,2048,0,1787900931.5619593,53.1783332824707,11,0,34,1787900878.383626,conc2,agg_full@rho0.8,1,0.55,0.0,2,0.8,agg_full,1787900878.3836024,0,2048,,0,0,0,0,0,0,0,1,35,,0;0;0;1,36,0,0,,,,0,1,,,,,,,,,,,,,,,,,,,,,,,,,,
35,upsert,3,L0055,2048,0,1787900931.562036,53.17804479598999,12,0,35,1787900878.3839912,conc2,agg_full@rho0.8,1,0.55,0.0,2,0.8,agg_full,1787900878.3839743,0,2048,,0,0,0,0,0,0,0,1,36,,0;0;0;0,36,0,0,,,,0,0,,,,,,,,,,,,,,,,,,,,,,,,,,
36,upsert,0,L0000,2560,0,1787900931.5620756,50.67694664001465,13,0,36,1787900880.885129,conc2,agg_full@rho0.8,1,0.55,0.0,2,0.8,agg_full,1787900880.8851016,2048,512,15.762800931930542,0,0,0,0,0,0,0,2,37,,0;0;1;0,38,1,0,,,,0,1,,,,,,,,,,,,,,,,,,,,,,,,,,
37,upsert,2,L0009,2048,0,1787900931.5621078,50.67655611038208,14,0,37,1787900880.8855517,conc2,agg_full@rho0.8,1,0.55,0.0,2,0.8,agg_full,1787900880.8855345,0,2048,,0,0,0,0,0,0,0,1,38,,0;0;0;0,38,0,0,,,,0,0,,,,,,,,,,,,,,,,,,,,,,,,,,
38,upsert,2,L0047,2048,0,1787900931.5621347,47.33819222450256,15,0,38,1787900884.2239425,conc2,agg_full@rho0.8,1,0.55,0.0,2,0.8,agg_full,1787900884.223919,0,2048,,0,0,0,0,0,0,0,1,39,,1;0;0;0,40,0,0,,,,0,1,,,,,,,,,,,,,,,,,,,,,,,,,,
39,upsert,0,L0033,2560,0,1787900931.562183,47.33784556388855,16,0,39,1787900884.2243373,conc2,agg_full@rho0.8,1,0.55,0.0,2,0.8,agg_full,1787900884.2243211,0,2560,,0,0,0,0,0,0,0,2,40,,0;0;0;0,40,0,0,,,,0,0,,,,,,,,,,,,,,,,,,,,,,,,,,
40,upsert,0,L0001,3072,2560,1787900931.5622087,44.68027663230896,17,0,40,1787900886.881932,conc2,agg_full@rho0.8,1,0.55,0.0,2,0.8,agg_full,1787900886.8819048,2560,512,39.70172452926636,0,0,0,0,0,0,0,4,41,,0;0;0;1,42,1,0,,,,0,1,,,,,,,,,,,,,,,,,,,,,,,,,,
42,upsert,2,L0050,2048,0,1787900931.5622363,39.28401756286621,18,0,42,1787900892.2782187,conc2,agg_full@rho0.8,1,0.55,0.0,2,0.8,agg_full,1787900892.2781951,0,2048,,0,0,0,0,0,0,0,1,43,,0;1;0;0,44,0,0,,,,0,1,,,,,,,,,,,,,,,,,,,,,,,,,,
43,upsert,1,L0033,3072,0,1787900938.4103231,46.13175082206726,19,0,43,1787900892.2785723,conc2,agg_full@rho0.8,1,0.55,0.0,2,0.8,agg_full,1787900892.2785575,0,3072,,0,0,0,0,0,0,0,3,44,,0;0;0;0,44,0,0,,,,0,0,,,,,,,,,,,,,,,,,,,,,,,,,,
44,upsert,0,L0027,2048,0,1787900938.410432,43.04268527030945,20,0,44,1787900895.3677468,conc2,agg_full@rho0.8,1,0.55,0.0,2,0.8,agg_full,1787900895.3677206,0,2048,,0,0,0,0,0,0,0,1,45,,0;1;0;0,46,0,0,,,,0,1,,,,,,,,,,,,,,,,,,,,,,,,,,
45,upsert,1,L0035,2048,0,1787900938.4104974,43.04237389564514,21,0,45,1787900895.3681235,conc2,agg_full@rho0.8,1,0.55,0.0,2,0.8,agg_full,1787900895.368107,0,2048,,0,0,0,0,0,0,0,1,46,,0;0;0;0,46,0,0,,,,0,0,,,,,,,,,,,,,,,,,,,,,,,,,,
46,upsert,2,L0025,2048,0,1787900938.4105537,40.15891647338867,22,0,46,1787900898.2516372,conc2,agg_full@rho0.8,1,0.55,0.0,2,0.8,agg_full,1787900898.2516155,0,2048,,0,0,0,0,0,0,0,1,46,63.86866474151611,0;0;0;1,48,0,0,,,,0,1,,,,,,,,,,,,,,,,,,,,,,,,,,
47,upsert,3,L0034,3072,0,1787900938.4105866,40.158509492874146,23,0,47,1787900898.252077,conc2,agg_full@rho0.8,1,0.55,0.0,2,0.8,agg_full,1787900898.2520573,2048,1024,39.211467027664185,0,0,0,0,0,0,0,3,47,63.86866474151611,0;0;0;0,48,1,0,,,,0,0,,,,,,,,,,,,,,,,,,,,,,,,,,
50,upsert,2,L0000,3072,0,1787900938.4106166,31.61675238609314,24,0,50,1787900906.7938643,conc2,agg_full@rho0.8,1,0.55,0.0,2,0.8,agg_full,1787900906.7938423,0,3072,,0,0,0,0,0,0,0,4,48,57.08844025929769,1;0;0;0,52,0,0,,,,0,1,,,,,,,,,,,,,,,,,,,,,,,,,,
0,upsert,0,L0048,2048,0,1787901337.110149,0.003380298614501953,1,0,0,1787901337.1067686,conc4,agg_full@rho0.8,0,0.55,0.0,4,0.8,agg_full,1787901337.1067388,0,2048,,0,0,0,0,0,0,0,1,1,,0;1;1;1,4,0,0,,,,0,3,,,,,,,,,,,,,,,,,,,,,,,,,,
1,upsert,2,L0006,2048,0,1787901337.1102953,0.003362417221069336,2,0,1,1787901337.1069329,conc4,agg_full@rho0.8,0,0.55,0.0,4,0.8,agg_full,1787901337.106918,0,2048,,0,0,0,0,0,0,0,1,2,,0;1;0;1,4,0,0,,,,0,2,,,,,,,,,,,,,,,,,,,,,,,,,,
2,upsert,1,L0014,2048,0,1787901337.1103702,0.0033326148986816406,3,1,2,1787901337.1070375,conc4,agg_full@rho0.8,0,0.55,0.0,4,0.8,agg_full,1787901337.1070259,0,2048,,0,0,0,0,0,0,0,1,3,,0;0;0;1,4,0,1,1,0,1,0,1,57,57,46.47683596611023,,1,1,1,1,1,1,0,0,0,0.0,0.0,0.0,3.3326148986816406,0.0,5332.049588,2608.0,0,0,0,0,0,0
3,upsert,3,L0023,2048,0,1787901337.1104307,0.0033080577850341797,4,3,3,1787901337.1071227,conc4,agg_full@rho0.8,0,0.55,0.0,4,0.8,agg_full,1787901337.107113,0,2048,,0,0,0,0,0,0,0,1,4,,0;0;0;0,4,0,1,0,1,0,0,0,35,35,23.194921016693115,,0,3,0,3,0,1,0,2048,2048,40.96,2.0,38.96,3.3080577850341797,38.96,3986.804068,2608.0,1,1,1,38.96,38.96,38.96
4,upsert,0,L0000,2048,0,1787901340.693298,0.0037064552307128906,5,2,4,1787901340.6895916,conc4,agg_full@rho0.8,0,0.55,0.0,4,0.8,agg_full,1787901340.6895611,0,2048,,0,0,0,0,0,0,0,2,1,0.0033458471298217773,0;1;1;1,8,0,1,0,0,1,0,3,42,42,28.477084398269653,,3,3,3,3,1,1,2560,2560,0,0.0,0.0,0.0,3.7064552307128906,0.0,2482.5558,2080.0,0,0,0,0,0,0
5,upsert,3,L0000,2560,0,1787901340.6934114,0.003549814224243164,6,2,5,1787901340.6898615,conc4,agg_full@rho0.8,0,0.55,0.0,4,0.8,agg_full,1787901340.689845,0,2560,,0,0,0,0,0,0,0,2,2,0.0033458471298217773,0;1;1;0,8,0,1,1,0,1,0,2,42,42,28.47697114944458,,3,3,3,3,1,1,0,0,0,0.0,0.0,0.0,3.549814224243164,0.0,2482.5558,2080.0,0,0,0,0,0,0
6,upsert,1,L0002,2048,0,1787901340.6934855,0.003452777862548828,7,0,6,1787901340.6900327,conc4,agg_full@rho0.8,0,0.55,0.0,4,0.8,agg_full,1787901340.690019,0,2048,,0,0,0,0,0,0,0,1,3,0.0033458471298217773,0;0;1;0,8,0,0,,,,0,1,,,,,,,,,,,,,,,,,,,,,,,,,,
7,upsert,2,L0028,2048,0,1787901340.6935472,0.003340482711791992,8,1,7,1787901340.6902068,conc4,agg_full@rho0.8,0,0.55,0.0,4,0.8,agg_full,1787901340.690195,0,2048,,0,0,0,0,0,0,0,1,4,0.0033458471298217773,0;0;0;0,8,0,1,0,0,1,0,0,55,55,39.89882850646973,,2,2,2,2,0,0,0,0,0,0.0,0.0,0.0,3.340482711791992,0.0,1214.639018,2080.0,0,0,0,0,0,0
8,upsert,0,L0040,2048,0,1787901343.5255764,0.0038230419158935547,9,0,8,1787901343.5217533,conc4,agg_full@rho0.8,0,0.55,0.0,4,0.8,agg_full,1787901343.521725,0,2048,,0,0,0,0,0,0,0,1,1,0.003429114818572998,0;1;1;1,12,0,0,,,,0,3,,,,,,,,,,,,,,,,,,,,,,,,,,
9,upsert,1,L0017,2048,0,1787901343.525673,0.0036296844482421875,10,0,9,1787901343.5220432,conc4,agg_full@rho0.8,0,0.55,0.0,4,0.8,agg_full,1787901343.522026,0,2048,,0,0,0,0,0,0,0,1,2,0.003429114818572998,0;0;1;1,12,0,0,,,,0,2,,,,,,,,,,,,,,,,,,,,,,,,,,
10,upsert,2,L0055,2048,0,1787901343.5257347,0.003478527069091797,11,0,10,1787901343.5222561,conc4,agg_full@rho0.8,0,0.55,0.0,4,0.8,agg_full,1787901343.5222404,0,2048,,0,0,0,0,0,0,0,1,3,0.003429114818572998,0;0;0;1,12,0,0,,,,0,1,,,,,,,,,,,,,,,,,,,,,,,,,,
11,upsert,3,L0000,3072,2560,1787901343.5257857,0.0033426284790039062,12,2,11,1787901343.522443,conc4,agg_full@rho0.8,0,0.55,0.0,4,0.8,agg_full,1787901343.52242,2560,512,2.8325748443603516,0,2560,2560,2048,512,2,0,3,4,0.003429114818572998,0;0;0;0,12,0,1,1,0,1,0,0,42,42,25.644596815109253,,3,3,3,3,1,1,0,0,0,0.0,0.0,0.0,3.3426284790039062,0.0,2482.5558,2080.0,0,0,0,0,0,0
12,upsert,0,L0001,2048,0,1787901351.9975095,5.628138303756714,13,0,12,1787901346.3693712,conc4,agg_full@rho0.8,0,0.55,0.0,4,0.8,agg_full,1787901346.3693428,0,2048,,0,0,0,0,0,0,0,1,1,0.0034755667050679526,0;1;1;1,16,0,0,,,,0,3,,,,,,,,,,,,,,,,,,,,,,,,,,
13,upsert,2,L0047,2048,0,1787901353.7308319,7.361170768737793,14,0,13,1787901346.369661,conc4,agg_full@rho0.8,0,0.55,0.0,4,0.8,agg_full,1787901346.3696449,0,2048,,0,0,0,0,0,0,0,1,2,0.0034755667050679526,0;1;0;1,16,0,0,,,,0,2,,,,,,,,,,,,,,,,,,,,,,,,,,
14,upsert,1,L0058,2048,0,1787901353.7309606,7.361114025115967,15,1,14,1787901346.3698466,conc4,agg_full@rho0.8,0,0.55,0.0,4,0.8,agg_full,1787901346.3698328,0,2048,,0,0,0,0,0,0,0,1,3,0.0034755667050679526,0;0;0;1,16,0,1,0,1,0,0,1,38,38,11.421911001205444,,2,1,2,1,0,1,0,2048,2048,40.96,2.0,38.96,7361.114025115967,38.96,3288.053035,2080.0,1,1,1,38.96,38.96,38.96
15,upsert,3,L0034,2048,0,1787901356.3174975,9.947489976882935,16,1,15,1787901346.3700075,conc4,agg_full@rho0.8,0,0.55,0.0,4,0.8,agg_full,1787901346.369996,0,2048,,0,0,0,0,0,0,0,1,4,0.0034755667050679526,0;0;0;0,16,0,1,0,1,0,0,0,50,50,18.90145993232727,,2,3,2,3,0,1,0,2048,2048,40.96,2.0,38.96,9947.489976882935,38.96,4624.760295,2080.0,1,1,1,38.96,38.96,38.96
16,upsert,3,L0023,2560,2048,1787901364.947112,15.768278121948242,17,2,16,1787901349.178834,conc4,agg_full@rho0.8,0,0.55,0.0,4,0.8,agg_full,1787901349.1788034,2048,512,12.071690559387207,0,2048,2048,0,2048,1,0,2,5,0.0034755667050679526,0;1;0;2,23,0,1,0,0,1,0,3,46,46,7.441832065582275,,3,3,3,3,0,0,2048,2560,512,10.24,0.0,10.24,15768.278121948242,10.24,145.200923,2080.0,0,0,0,0,0,0
17,upsert,3,L0000,2048,3072,1787901364.947256,15.768109798431396,18,2,17,1787901349.1791463,conc4,agg_full@rho0.8,0,0.55,0.0,4,0.8,agg_full,1787901349.1791275,3072,-1024,5.656707525253296,0,3072,3072,2048,1024,2,0,5,6,0.0034755667050679526,0;1;0;1,23,0,1,1,0,1,0,2,42,42,4.223126411437988,,3,3,3,3,1,1,0,0,0,0.0,0.0,0.0,15768.109798431396,0.0,2482.5558,2080.0,0,0,0,0,0,0
18,upsert,3,L0000,2560,2048,1787901364.947322,15.767963647842407,19,2,18,1787901349.1793582,conc4,agg_full@rho0.8,0,0.55,0.0,4,0.8,agg_full,1787901349.179344,2048,512,0.00021648406982421875,0,3072,3072,2048,1024,2,0,5,7,0.0034755667050679526,0;1;0;0,23,1,1,0,1,0,0,1,42,42,4.223060607910156,,0,3,0,3,0,1,2048,2560,512,10.24,2.0,8.24,15767.963647842407,8.24,2482.5558,2080.0,1,1,1,8.24,8.24,8.24
19,upsert,1,L0046,2048,0,1787901370.0242045,20.84467911720276,20,1,19,1787901349.1795254,conc4,agg_full@rho0.8,0,0.55,0.0,4,0.8,agg_full,1787901349.179511,0,2048,,0,0,0,0,0,0,0,1,8,0.0034755667050679526,0;0;0;0,23,0,1,0,1,0,0,0,58,58,13.563053131103516,,0,1,0,1,0,2,0,2048,2048,40.96,4.0,36.96,20844.67911720276,36.96,5331.498754,2080.0,1,1,1,36.96,36.96,36.96
20,upsert,2,L0006,2560,2048,1787901370.0243244,17.85649871826172,21,0,20,1787901352.1678257,conc4,agg_full@rho0.8,0,0.55,0.0,4,0.8,agg_full,1787901352.1677978,2048,512,15.060879707336426,0,2048,2048,0,2048,1,0,2,8,0.4361419310936561,1;1;0;1,29,0,0,,,,0,3,,,,,,,,,,,,,,,,,,,,,,,,,,
21,upsert,1,L0012,2048,0,1787901370.0243928,17.856289625167847,22,0,21,1787901352.1681032,conc4,agg_full@rho0.8,0,0.55,0.0,4,0.8,agg_full,1787901352.1680865,0,2048,,0,0,0,0,0,0,0,1,9,0.4361419310936561,1;0;0;1,29,0,0,,,,0,2,,,,,,,,,,,,,,,,,,,,,,,,,,
22,upsert,3,L0000,3072,2560,1787901370.0244467,17.85613203048706,23,1,22,1787901352.1683147,conc4,agg_full@rho0.8,0,0.55,0.0,4,0.8,agg_full,1787901352.168298,2560,512,2.9889540672302246,0,3072,3072,2048,1024,2,0,6,10,0.4361419310936561,1;0;0;0,29,1,1,0,0,1,0,1,60,60,20.200774908065796,,3,3,3,3,0,0,0,0,0,0.0,0.0,0.0,17856.13203048706,0.0,308.220103,2608.0,0,0,0,0,0,0
23,upsert,0,L0059,2048,0,1787901370.0244973,17.856006145477295,24,0,23,1787901352.1684911,conc4,agg_full@rho0.8,0,0.55,0.0,4,0.8,agg_full,1787901352.1684783,0,2048,,0,0,0,0,0,0,0,1,11,0.4361419310936561,0;0;0;0,29,0,0,,,,0,0,,,,,,,,,,,,,,,,,,,,,,,,,,
24,upsert,1,L0014,2560,2048,1787901370.0245438,13.668219327926636,25,1,24,1787901356.3563244,conc4,agg_full@rho0.8,0,0.55,0.0,4,0.8,agg_full,1787901356.3562977,2048,512,19.249271869659424,0,2048,2048,0,2048,1,0,2,9,1.896226242184639,2;0;1;0,35,0,1,0,0,1,0,3,57,57,13.562662363052368,,1,1,1,1,1,1,2048,2560,512,10.24,0.0,10.24,13668.219327926636,10.24,5332.049588,2608.0,0,0,0,0,0,0
25,upsert,2,L0012,2560,0,1787901370.0245743,13.667968273162842,26,0,25,1787901356.356606,conc4,agg_full@rho0.8,0,0.55,0.0,4,0.8,agg_full,1787901356.3565886,0,2560,,0,0,0,0,0,0,0,2,10,1.896226242184639,2;0;0;0,35,0,0,,,,0,2,,,,,,,,,,,,,,,,,,,,,,,,,,
26,upsert,0,L0029,2048,0,1787901370.0245988,13.667798519134521,27,0,26,1787901356.3568003,conc4,agg_full@rho0.8,0,0.55,0.0,4,0.8,agg_full,1787901356.3567867,0,2048,,0,0,0,0,0,0,0,1,11,1.896226242184639,1;0;0;0,35,0,0,,,,0,1,,,,,,,,,,,,,,,,,,,,,,,,,,
27,upsert,0,L0001,2560,2048,1787901381.9708006,25.61382794380188,28,0,27,1787901356.3569727,conc4,agg_full@rho0.8,0,0.55,0.0,4,0.8,agg_full,1787901356.3569572,2048,512,9.987614393234253,0,2048,2048,0,2048,1,0,2,12,1.896226242184639,0;0;0;0,35,0,0,,,,0,0,,,,,,,,,,,,,,,,,,,,,,,,,,
28,upsert,3,L0030,2048,0,1787901381.9708965,21.66659450531006,29,0,28,1787901360.304302,conc4,agg_full@rho0.8,0,0.55,0.0,4,0.8,agg_full,1787901360.3042772,0,2048,,0,0,0,0,0,0,0,1,13,1.896226242184639,1;1;1;0,39,0,0,,,,0,3,,,,,,,,,,,,,,,,,,,,,,,,,,
29,upsert,0,L0010,2048,0,1787901381.970933,21.666340589523315,30,0,29,1787901360.3045924,conc4,agg_full@rho0.8,0,0.55,0.0,4,0.8,agg_full,1787901360.3045769,0,2048,,0,0,0,0,0,0,0,1,14,1.896226242184639,0;1;1;0,39,0,0,,,,0,2,,,,,,,,,,,,,,,,,,,,,,,,,,
30,upsert,2,L0009,2048,0,1787901381.9709666,21.66617751121521,31,0,30,1787901360.304789,conc4,agg_full@rho0.8,0,0.55,0.0,4,0.8,agg_full,1787901360.3047748,0,2048,,0,0,0,0,0,0,0,1,15,1.896226242184639,0;1;0;0,39,0,0,,,,0,1,,,,,,,,,,,,,,,,,,,,,,,,,,
31,upsert,1,L0029,2560,0,1787901386.1041944,25.799211263656616,32,0,31,1787901360.3049831,conc4,agg_full@rho0.8,0,0.55,0.0,4,0.8,agg_full,1787901360.3049705,0,2560,,0,0,0,0,0,0,0,2,16,1.896226242184639,0;0;0;0,39,0,0,,,,0,0,,,,,,,,,,,,,,,,,,,,,,,,,,
32,upsert,3,L0003,2048,0,1787901386.104331,20.953239917755127,33,0,32,1787901365.151091,conc4,agg_full@rho0.8,0,0.55,0.0,4,0.8,agg_full,1787901365.1510665,0,2048,,0,0,0,0,0,0,0,1,14,4.086524812798751,0;1;1;1,44,0,0,,,,0,3,,,,,,,,,,,,,,,,,,,,,,,,,,
33,upsert,1,L0005,2048,0,1787901386.1043994,20.952818155288696,34,0,33,1787901365.1515813,conc4,agg_full@rho0.8,0,0.55,0.0,4,0.8,agg_full,1787901365.1515644,0,2048,,0,0,0,0,0,0,0,1,15,4.086524812798751,0;0;1;1,44,0,0,,,,0,2,,,,,,,,,,,,,,,,,,,,,,,,,,
34,upsert,2,L0027,2048,0,1787901386.1044369,20.952489852905273,35,0,34,1787901365.151947,conc4,agg_full@rho0.8,0,0.55,0.0,4,0.8,agg_full,1787901365.1519334,0,2048,,0,0,0,0,0,0,0,1,16,4.086524812798751,0;0;0;1,44,0,0,,,,0,1,,,,,,,,,,,,,,,,,,,,,,,,,,
35,upsert,3,L0023,3072,2560,1787901386.1044664,20.95216155052185,36,1,35,1787901365.152305,conc4,agg_full@rho0.8,0,0.55,0.0,4,0.8,agg_full,1787901365.1522882,2560,512,15.973484754562378,0,2560,2560,0,2560,1,0,3,17,4.086524812798751,0;0;0;0,44,0,1,0,0,1,0,0,63,63,4.120912075042725,,3,3,3,3,1,1,2560,3072,512,10.24,0.0,10.24,20952.16155052185,10.24,591.167527,2608.0,0,0,0,0,0,0
36,upsert,0,L0029,3072,2048,1787901386.104497,16.93598461151123,37,0,36,1787901369.1685123,conc4,agg_full@rho0.8,0,0.55,0.0,4,0.8,agg_full,1787901369.1684842,2048,1024,12.811697483062744,0,0,0,0,0,0,0,3,18,4.086524812798751,0;2;1;0,49,1,0,,,,0,3,,,,,,,,,,,,,,,,,,,,,,,,,,
37,upsert,1,L0056,2048,0,1787901386.1045225,16.935451984405518,38,1,37,1787901369.1690705,conc4,agg_full@rho0.8,0,0.55,0.0,4,0.8,agg_full,1787901369.1690536,0,2048,,0,0,0,0,0,0,0,1,19,4.086524812798751,0;1;1;0,49,0,1,0,1,0,0,2,61,61,4.120764255523682,,2,1,2,1,0,0,0,2048,2048,40.96,0.0,40.96,16935.451984405518,40.96,1059.781742,2080.0,1,1,1,40.96,40.96,40.96
38,upsert,1,L0058,2560,2048,1787901386.1045473,16.935086488723755,39,0,38,1787901369.1694608,conc4,agg_full@rho0.8,0,0.55,0.0,4,0.8,agg_full,1787901369.1694434,2048,512,22.79961061477661,0,2048,2048,0,2048,1,0,2,20,4.086524812798751,0;0;1;0,49,0,0,,,,0,1,,,,,,,,,,,,,,,,,,,,,,,,,,
39,upsert,2,L0030,2560,0,1787901386.104573,16.934725999832153,40,0,39,1787901369.169847,conc4,agg_full@rho0.8,0,0.55,0.0,4,0.8,agg_full,1787901369.1698334,0,2560,,0,0,0,0,0,0,0,2,21,4.086524812798751,0;0;0;0,49,0,0,,,,0,0,,,,,,,,,,,,,,,,,,,,,,,,,,
40,upsert,1,L0036,2048,0,1787901401.490843,29.10262131690979,41,0,40,1787901372.3882217,conc4,agg_full@rho0.8,0,0.55,0.0,4,0.8,agg_full,1787901372.3882043,0,2048,,0,0,0,0,0,0,0,2,14,7.811761599999887,0;0;1;2,54,0,0,,,,0,3,,,,,,,,,,,,,,,,,,,,,,,,,,
41,upsert,3,L0011,2048,0,1787901401.4909868,29.102510929107666,42,0,41,1787901372.388476,conc4,agg_full@rho0.8,0,0.55,0.0,4,0.8,agg_full,1787901372.3884683,0,2048,,0,0,0,0,0,0,0,1,15,7.811761599999887,0;0;1;1,54,0,0,,,,0,2,,,,,,,,,,,,,,,,,,,,,,,,,,
42,upsert,3,L0000,2048,3072,1787901401.4910567,29.102439403533936,43,0,42,1787901372.3886173,conc4,agg_full@rho0.8,0,0.55,0.0,4,0.8,agg_full,1787901372.388611,3072,-1024,20.22031307220459,0,3072,3072,2048,1024,2,0,7,16,7.811761599999887,0;0;1;0,54,0,0,,,,0,1,,,,,,,,,,,,,,,,,,,,,,,,,,
43,upsert,2,L0036,2560,0,1787901401.4911108,29.102364540100098,44,0,43,1787901372.3887463,conc4,agg_full@rho0.8,0,0.55,0.0,4,0.8,agg_full,1787901372.388741,0,2560,,0,0,0,0,0,0,0,2,17,7.811761599999887,0;0;0;0,54,0,0,,,,0,0,,,,,,,,,,,,,,,,,,,,,,,,,,
44,upsert,2,L0004,2048,0,1787901401.4911551,26.274054050445557,45,0,44,1787901375.217101,conc4,agg_full@rho0.8,0,0.55,0.0,4,0.8,agg_full,1787901375.2170725,0,2048,,0,0,0,0,0,0,0,1,18,7.811761599999887,1;1;0;1,59,0,0,,,,0,3,,,,,,,,,,,,,,,,,,,,,,,,,,
45,upsert,1,L0038,2048,0,1787901401.491217,26.27355432510376,46,0,45,1787901375.2176626,conc4,agg_full@rho0.8,0,0.55,0.0,4,0.8,agg_full,1787901375.2176435,0,2048,,0,0,0,0,0,0,0,1,19,7.811761599999887,1;0;0;1,59,0,0,,,,0,2,,,,,,,,,,,,,,,,,,,,,,,,,,
46,upsert,3,L0023,2048,3072,1787901401.4912634,26.273212432861328,47,0,46,1787901375.218051,conc4,agg_full@rho0.8,0,0.55,0.0,4,0.8,agg_full,1787901375.2180326,3072,-1024,10.065744400024414,0,2560,2560,0,2560,1,0,4,20,7.811761599999887,1;0;0;0,59,1,0,,,,0,1,,,,,,,,,,,,,,,,,,,,,,,,,,
47,upsert,0,L0018,2048,0,1787901401.4913049,26.272854804992676,48,0,47,1787901375.21845,conc4,agg_full@rho0.8,0,0.55,0.0,4,0.8,agg_full,1787901375.218436,0,2048,,0,0,0,0,0,0,0,1,21,7.811761599999887,0;0;0;0,59,0,0,,,,0,0,,,,,,,,,,,,,,,,,,,,,,,,,,
48,upsert,3,L0010,2560,0,1787901414.4775217,33.88708472251892,49,0,48,1787901380.590437,conc4,agg_full@rho0.8,0,0.55,0.0,4,0.8,agg_full,1787901380.5904098,0,2560,,0,0,0,0,0,0,0,2,22,7.811761599999887,1;0;1;1,64,0,0,,,,0,3,,,,,,,,,,,,,,,,,,,,,,,,,,
49,upsert,0,L0005,2560,0,1787901414.4776454,33.88665580749512,50,0,49,1787901380.5909896,conc4,agg_full@rho0.8,0,0.55,0.0,4,0.8,agg_full,1787901380.590973,0,2560,,0,0,0,0,0,0,0,2,23,7.811761599999887,0;0;1;1,64,0,0,,,,0,2,,,,,,,,,,,,,,,,,,,,,,,,,,
50,upsert,3,L0034,2560,2048,1787901414.477706,33.88628077507019,51,0,50,1787901380.5914252,conc4,agg_full@rho0.8,0,0.55,0.0,4,0.8,agg_full,1787901380.591407,2048,512,34.22141098976135,0,2048,2048,0,2048,1,0,2,24,7.811761599999887,0;0;1;0,64,0,0,,,,0,1,,,,,,,,,,,,,,,,,,,,,,,,,,
51,upsert,2,L0044,2048,0,1787901421.2508454,40.65902018547058,52,0,51,1787901380.5918252,conc4,agg_full@rho0.8,0,0.55,0.0,4,0.8,agg_full,1787901380.5918107,0,2048,,0,0,0,0,0,0,0,1,25,7.811761599999887,0;0;0;0,64,0,0,,,,0,0,,,,,,,,,,,,,,,,,,,,,,,,,,
52,upsert,0,L0062,2048,0,1787901421.2509665,37.66559171676636,53,0,52,1787901383.5853748,conc4,agg_full@rho0.8,0,0.55,0.0,4,0.8,agg_full,1787901383.585351,0,2048,,0,0,0,0,0,0,0,1,22,9.726790443543464,0;1;1;1,69,0,0,,,,0,3,,,,,,,,,,,,,,,,,,,,,,,,,,
53,upsert,3,L0011,2560,2048,1787901421.2510293,37.6651394367218,54,0,53,1787901383.5858898,conc4,agg_full@rho0.8,0,0.55,0.0,4,0.8,agg_full,1787901383.5858703,2048,512,11.197402000427246,0,0,0,0,0,0,0,2,23,9.726790443543464,0;1;1;0,69,1,0,,,,0,2,,,,,,,,,,,,,,,,,,,,,,,,,,
54,upsert,1,L0031,2048,0,1787901421.2510781,37.664750814437866,55,0,54,1787901383.5863273,conc4,agg_full@rho0.8,0,0.55,0.0,4,0.8,agg_full,1787901383.5863128,0,2048,,0,0,0,0,0,0,0,1,24,9.726790443543464,0;0;1;0,69,0,0,,,,0,1,,,,,,,,,,,,,,,,,,,,,,,,,,
55,upsert,2,L0028,2560,2048,1787901421.2511194,37.66442370414734,56,0,55,1787901383.5866957,conc4,agg_full@rho0.8,0,0.55,0.0,4,0.8,agg_full,1787901383.5866802,2048,512,42.89648509025574,0,2048,2048,0,2048,1,0,2,25,9.726790443543464,0;0;0;0,69,0,0,,,,0,0,,,,,,,,,,,,,,,,,,,,,,,,,,
56,upsert,1,L0016,2048,0,1787901421.2511897,31.027787446975708,57,0,56,1787901390.2234023,conc4,agg_full@rho0.8,0,0.55,0.0,4,0.8,agg_full,1787901390.2233784,0,2048,,0,0,0,0,0,0,0,1,17,14.964195020496845,0;2;0;1,75,0,0,,,,0,3,,,,,,,,,,,,,,,,,,,,,,,,,,
57,upsert,1,L0014,3072,2560,1787901421.2512321,31.027323961257935,58,0,57,1787901390.2239082,conc4,agg_full@rho0.8,0,0.55,0.0,4,0.8,agg_full,1787901390.223889,2560,512,33.867591381073,0,2560,2560,0,2560,1,0,3,18,14.964195020496845,0;1;0;1,75,0,0,,,,0,2,,,,,,,,,,,,,,,,,,,,,,,,,,
58,upsert,1,L0046,2560,2048,1787901421.2512724,31.02688765525818,59,0,58,1787901390.2243848,conc4,agg_full@rho0.8,0,0.55,0.0,4,0.8,agg_full,1787901390.2243688,2048,512,41.04485774040222,0,2048,2048,0,2048,1,0,2,19,14.964195020496845,0;0;0;1,75,0,0,,,,0,1,,,,,,,,,,,,,,,,,,,,,,,,,,
59,upsert,3,L0042,2048,0,1787901421.2513103,31.026521921157837,60,0,59,1787901390.2247884,conc4,agg_full@rho0.8,0,0.55,0.0,4,0.8,agg_full,1787901390.224775,0,2048,,0,0,0,0,0,0,0,1,20,14.964195020496845,0;0;0;0,75,0,0,,,,0,0,,,,,,,,,,,,,,,,,,,,,,,,,,
60,upsert,3,L0000,2560,2048,1787901421.2513509,28.29400110244751,61,0,60,1787901392.9573498,conc4,agg_full@rho0.8,0,0.55,0.0,4,0.8,agg_full,1787901392.957317,2048,512,20.568706035614014,0,3072,3072,2048,1024,2,0,8,21,14.964195020496845,0;1;1;1,82,1,0,,,,0,3,,,,,,,,,,,,,,,,,,,,,,,,,,
61,upsert,1,L0056,2560,2048,1787901421.2513902,28.29343557357788,62,0,61,1787901392.9579546,conc4,agg_full@rho0.8,0,0.55,0.0,4,0.8,agg_full,1787901392.9579334,2048,512,23.788879871368408,0,2048,2048,0,2048,1,0,2,22,14.964195020496845,0;0;1;1,82,0,0,,,,0,2,,,,,,,,,,,,,,,,,,,,,,,,,,
62,upsert,2,L0063,2048,0,1787901421.2514274,28.293010473251343,63,0,62,1787901392.958417,conc4,agg_full@rho0.8,0,0.55,0.0,4,0.8,agg_full,1787901392.958401,0,2048,,0,0,0,0,0,0,0,1,23,14.964195020496845,0;0;0;1,82,0,0,,,,0,1,,,,,,,,,,,,,,,,,,,,,,,,,,
63,upsert,3,L0023,2560,2048,1787901421.2514665,28.29266858100891,64,0,63,1787901392.958798,conc4,agg_full@rho0.8,0,0.55,0.0,4,0.8,agg_full,1787901392.9587812,2048,512,17.740748643875122,0,3072,3072,0,3072,1,0,5,24,14.964195020496845,0;0;0;0,82,1,0,,,,0,0,,,,,,,,,,,,,,,,,,,,,,,,,,
64,upsert,2,L0067,2048,0,1787901421.2515042,25.405528783798218,65,0,64,1787901395.8459754,conc4,agg_full@rho0.8,0,0.55,0.0,4,0.8,agg_full,1787901395.8459575,0,2048,,0,0,0,0,0,0,0,1,25,14.964195020496845,1;1;0;1,86,0,0,,,,0,3,,,,,,,,,,,,,,,,,,,,,,,,,,
65,upsert,3,L0072,2048,0,1787901421.251534,25.40528392791748,66,1,65,1787901395.84625,conc4,agg_full@rho0.8,0,0.55,0.0,4,0.8,agg_full,1787901395.8462434,0,2048,,0,0,0,0,0,0,0,1,26,14.964195020496845,1;1;0;0,86,0,1,0,0,1,0,2,124,124,27.142372846603394,,1,1,1,1,0,0,512,512,0,0.0,0.0,0.0,25405.28392791748,0.0,1328.585669,2608.0,0,0,0,0,0,0
66,upsert,0,L0121,2048,0,1787901421.2515566,25.405163049697876,67,0,66,1787901395.8463936,conc4,agg_full@rho0.8,0,0.55,0.0,4,0.8,agg_full,1787901395.8463879,0,2048,,0,0,0,0,0,0,0,1,27,14.964195020496845,0;1;0;0,86,0,0,,,,0,1,,,,,,,,,,,,,,,,,,,,,,,,,,
67,upsert,1,L0091,2048,0,1787901421.2515821,25.405059337615967,68,0,67,1787901395.8465228,conc4,agg_full@rho0.8,0,0.55,0.0,4,0.8,agg_full,1787901395.8465176,0,2048,,0,0,0,0,0,0,0,1,28,14.964195020496845,0;0;0;0,86,0,0,,,,0,0,,,,,,,,,,,,,,,,,,,,,,,,,,
68,upsert,2,L0083,2048,0,1787901421.2516055,22.405694007873535,69,0,68,1787901398.8459115,conc4,agg_full@rho0.8,0,0.55,0.0,4,0.8,agg_full,1787901398.845885,0,2048,,0,0,0,0,0,0,0,1,29,14.964195020496845,1;1;0;1,90,0,0,,,,0,3,,,,,,,,,,,,,,,,,,,,,,,,,,
69,upsert,0,L0124,2048,0,1787901421.2516272,22.405128955841064,70,0,69,1787901398.8464983,conc4,agg_full@rho0.8,0,0.55,0.0,4,0.8,agg_full,1787901398.8464808,0,2048,,0,0,0,0,0,0,0,1,30,14.964195020496845,0;1;0;1,90,0,0,,,,0,2,,,,,,,,,,,,,,,,,,,,,,,,,,
70,upsert,1,L0076,2048,0,1787901444.3871837,45.540255546569824,71,0,70,1787901398.8469281,conc4,agg_full@rho0.8,0,0.55,0.0,4,0.8,agg_full,1787901398.8469133,0,2048,,0,0,0,0,0,0,0,1,31,14.964195020496845,0;0;0;1,90,0,0,,,,0,1,,,,,,,,,,,,,,,,,,,,,,,,,,
71,upsert,3,L0077,2048,0,1787901444.3872929,45.53995418548584,72,0,71,1787901398.8473387,conc4,agg_full@rho0.8,0,0.55,0.0,4,0.8,agg_full,1787901398.847325,0,2048,,0,0,0,0,0,0,0,1,32,14.964195020496845,0;0;0;0,90,0,0,,,,0,0,,,,,,,,,,,,,,,,,,,,,,,,,,
74,upsert,0,L0081,2560,0,1787901444.3873541,41.800272941589355,73,0,74,1787901402.5870812,conc4,agg_full@rho0.8,0,0.55,0.0,4,0.8,agg_full,1787901402.5870671,0,2560,,0,0,0,0,0,0,0,2,27,20.938927046954632,0;0;0;1,94,0,0,,,,0,1,,,,,,,,,,,,,,,,,,,,,,,,,,
81,upsert,0,L0121,2560,2048,1787901444.3874052,34.695313930511475,74,0,81,1787901409.6920912,conc4,agg_full@rho0.8,0,0.55,0.0,4,0.8,agg_full,1787901409.6920712,2048,512,13.845683336257935,0,0,0,0,0,0,0,2,34,20.938927046954632,0;1;0;1,102,1,0,,,,0,2,,,,,,,,,,,,,,,,,,,,,,,,,,
83,upsert,3,L0068,2560,0,1787901444.387452,34.694443464279175,75,0,83,1787901409.6930084,conc4,agg_full@rho0.8,0,0.55,0.0,4,0.8,agg_full,1787901409.6929948,0,2560,,0,0,0,0,0,0,0,2,36,20.938927046954632,0;0;0;0,102,0,0,,,,0,0,,,,,,,,,,,,,,,,,,,,,,,,,,
84,upsert,2,L0094,2560,0,1787901444.3875334,30.631001949310303,76,1,84,1787901413.7565315,conc4,agg_full@rho0.8,0,0.55,0.0,4,0.8,agg_full,1787901413.7565029,0,2560,,0,0,0,0,0,0,0,2,37,20.938927046954632,1;1;0;1,106,0,1,0,0,1,0,3,120,120,0.11614251136779785,,2,2,2,2,0,0,0,0,0,0.0,0.0,0.0,30631.001949310303,0.0,1466.610101,2608.0,0,0,0,0,0,0
85,upsert,1,L0072,2560,0,1787901444.387574,30.630433559417725,77,1,85,1787901413.7571404,conc4,agg_full@rho0.8,0,0.55,0.0,4,0.8,agg_full,1787901413.7571208,0,2560,,0,0,0,0,0,0,0,2,38,20.938927046954632,1;0;0;1,106,0,1,0,1,0,0,2,124,124,4.006332874298096,,3,1,3,1,0,0,0,512,512,10.24,0.0,10.24,30630.433559417725,10.24,1328.585669,2608.0,1,1,1,10.24,10.24,10.24
87,upsert,3,L0067,2560,0,1787901444.3876185,30.62965202331543,78,0,87,1787901413.7579665,conc4,agg_full@rho0.8,0,0.55,0.0,4,0.8,agg_full,1787901413.757953,0,2560,,0,0,0,0,0,0,0,2,40,20.938927046954632,0;0;0;0,106,0,0,,,,0,0,,,,,,,,,,,,,,,,,,,,,,,,,,
99,upsert,3,L0068,3072,2560,1787901450.7174976,26.70366144180298,79,0,99,1787901424.0138361,conc4,agg_full@rho0.8,0,0.55,0.0,4,0.8,agg_full,1787901424.0138202,2560,512,14.320825338363647,0,0,0,0,0,0,0,3,30,29.127058319747448,0;0;0;0,118,1,0,,,,0,0,,,,,,,,,,,,,,,,,,,,,,,,,,
107,upsert,3,L0100,3072,0,1787901450.717617,17.958842277526855,80,0,107,1787901432.7587748,conc4,agg_full@rho0.8,0,0.55,0.0,4,0.8,agg_full,1787901432.758761,0,3072,,0,0,0,0,0,0,0,3,38,29.127058319747448,0;0;0;0,126,0,0,,,,0,0,,,,,,,,,,,,,,,,,,,,,,,,,,
109,upsert,1,L0074,3072,0,1787901450.7176766,14.161556243896484,81,0,109,1787901436.5561204,conc4,agg_full@rho0.8,0,0.55,0.0,4,0.8,agg_full,1787901436.5561001,2560,512,3.7977707386016846,0,0,0,0,0,0,0,3,40,29.127058319747448,1;0;0;1,130,1,0,,,,0,2,,,,,,,,,,,,,,,,,,,,,,,,,,
112,upsert,2,L0078,2560,0,1787901450.7177236,10.007183074951172,82,0,112,1787901440.7105405,conc4,agg_full@rho0.8,0,0.55,0.0,4,0.8,agg_full,1787901440.7105114,0,2560,,0,0,0,0,0,0,0,2,43,29.127058319747448,1;1;0;1,134,0,0,,,,0,3,,,,,,,,,,,,,,,,,,,,,,,,,,
113,upsert,3,L0069,2560,0,1787901450.7177644,10.006625890731812,83,0,113,1787901440.7111385,conc4,agg_full@rho0.8,0,0.55,0.0,4,0.8,agg_full,1787901440.7111168,2048,512,35.13537812232971,0,0,0,0,0,0,0,2,44,29.127058319747448,1;1;0;0,134,1,0,,,,0,2,,,,,,,,,,,,,,,,,,,,,,,,,,
114,upsert,0,L0065,2560,0,1787901450.7178094,10.006178617477417,84,0,114,1787901440.7116308,conc4,agg_full@rho0.8,0,0.55,0.0,4,0.8,agg_full,1787901440.7116146,0,2560,,0,0,0,0,0,0,0,2,45,29.127058319747448,0;1;0;0,134,0,0,,,,0,1,,,,,,,,,,,,,,,,,,,,,,,,,,
0,upsert,0,L0048,2048,0,1787901471.624209,10.752074480056763,1,0,0,1787901460.8721344,conc4,agg_static@rho0.8,0,0.55,0.0,4,0.8,agg_static,1787901460.8721092,0,2048,,0,0,0,0,0,0,0,1,1,,0;1;1;1,4,0,0,,,,0,3,,,,,,,,,,,,,,,,,,,,,,,,,,
1,upsert,2,L0006,2048,0,1787901473.357496,12.485195636749268,2,0,1,1787901460.8723004,conc4,agg_static@rho0.8,0,0.55,0.0,4,0.8,agg_static,1787901460.8722863,0,2048,,0,0,0,0,0,0,0,1,2,,0;1;0;1,4,0,0,,,,0,2,,,,,,,,,,,,,,,,,,,,,,,,,,
2,upsert,1,L0014,2048,0,1787901473.3576417,12.485236406326294,3,1,2,1787901460.8724053,conc4,agg_static@rho0.8,0,0.55,0.0,4,0.8,agg_static,1787901460.8723946,0,2048,,0,0,0,0,0,0,0,1,3,,0;0;0;1,4,0,1,1,0,1,0,1,57,57,39.002326011657715,,1,1,1,1,0,0,0,0,0,0.0,0.0,0.0,12485.236406326294,0.0,1733.963784,2608.0,0,0,0,0,0,0
3,upsert,3,L0023,2048,0,1787901477.7042196,16.83173131942749,4,3,3,1787901460.8724883,conc4,agg_static@rho0.8,0,0.55,0.0,4,0.8,agg_static,1787901460.8724787,0,2048,,0,0,0,0,0,0,0,1,4,,0;0;0;0,4,0,1,0,1,0,0,0,35,35,8.84306025505066,,1,3,1,3,0,1,0,2048,2048,40.96,2.0,38.96,16831.73131942749,38.96,5420.895431,2080.0,1,1,1,38.96,38.96,38.96
4,upsert,0,L0000,2048,0,1787901477.7043307,12.716125726699829,5,2,4,1787901464.988205,conc4,agg_static@rho0.8,0,0.55,0.0,4,0.8,agg_static,1787901464.9881794,0,2048,,0,0,0,0,0,0,0,2,5,,0;1;1;1,8,0,1,0,0,1,0,3,42,42,19.810044765472412,,3,3,3,3,0,0,2048,2048,0,0.0,0.0,0.0,12716.12572669983,0.0,285.362389,2080.0,0,0,0,0,0,0
6,upsert,1,L0002,2048,0,1787901477.7044013,12.715934753417969,6,0,6,1787901464.9884665,conc4,agg_static@rho0.8,0,0.55,0.0,4,0.8,agg_static,1787901464.9884558,0,2048,,0,0,0,0,0,0,0,1,7,,0;0;1;0,8,0,0,,,,0,1,,,,,,,,,,,,,,,,,,,,,,,,,,
7,upsert,2,L0028,2048,0,1787901477.7044582,12.71591067314148,7,1,7,1787901464.9885476,conc4,agg_static@rho0.8,0,0.55,0.0,4,0.8,agg_static,1787901464.9885383,0,2048,,0,0,0,0,0,0,0,1,8,,0;0;0;0,8,0,1,0,1,0,0,0,55,55,30.24744200706482,,1,2,1,2,0,1,0,2048,2048,40.96,2.0,38.96,12715.91067314148,38.96,3594.170049,2080.0,1,1,1,38.96,38.96,38.96
8,upsert,0,L0040,2048,0,1787901477.7045095,9.98035740852356,8,0,8,1787901467.724152,conc4,agg_static@rho0.8,0,0.55,0.0,4,0.8,agg_static,1787901467.724128,0,2048,,0,0,0,0,0,0,0,1,9,,0;1;1;1,12,0,0,,,,0,3,,,,,,,,,,,,,,,,,,,,,,,,,,
9,upsert,1,L0017,2048,0,1787901477.7045567,9.980226039886475,9,0,9,1787901467.7243307,conc4,agg_static@rho0.8,0,0.55,0.0,4,0.8,agg_static,1787901467.7243164,0,2048,,0,0,0,0,0,0,0,1,10,,0;0;1;1,12,0,0,,,,0,2,,,,,,,,,,,,,,,,,,,,,,,,,,
10,upsert,2,L0055,2048,0,1787901477.7046063,9.98017954826355,10,0,10,1787901467.7244267,conc4,agg_static@rho0.8,0,0.55,0.0,4,0.8,agg_static,1787901467.7244165,0,2048,,0,0,0,0,0,0,0,1,11,,0;0;0;1,12,0,0,,,,0,1,,,,,,,,,,,,,,,,,,,,,,,,,,
11,upsert,3,L0000,3072,0,1787901486.8508546,19.12633991241455,11,2,11,1787901467.7245147,conc4,agg_static@rho0.8,0,0.55,0.0,4,0.8,agg_static,1787901467.7244997,2560,512,2.7361459732055664,0,0,0,0,0,0,0,3,12,,0;0;0;0,12,1,1,1,0,1,0,0,42,42,10.663520812988281,,3,3,3,3,0,0,0,0,0,0.0,0.0,0.0,19126.33991241455,0.0,285.362389,2080.0,0,0,0,0,0,0
12,upsert,0,L0001,2048,0,1787901486.8509192,16.276012182235718,12,0,12,1787901470.574907,conc4,agg_static@rho0.8,0,0.55,0.0,4,0.8,agg_static,1787901470.5748837,0,2048,,0,0,0,0,0,0,0,1,13,,0;1;1;1,16,0,0,,,,0,3,,,,,,,,,,,,,,,,,,,,,,,,,,
13,upsert,2,L0047,2048,0,1787901486.8509505,16.27587890625,13,0,13,1787901470.5750716,conc4,agg_static@rho0.8,0,0.55,0.0,4,0.8,agg_static,1787901470.5750573,0,2048,,0,0,0,0,0,0,0,1,14,,0;1;0;1,16,0,0,,,,0,2,,,,,,,,,,,,,,,,,,,,,,,,,,
14,upsert,1,L0058,2048,0,1787901486.8509693,16.27578067779541,14,1,14,1787901470.5751886,conc4,agg_static@rho0.8,0,0.55,0.0,4,0.8,agg_static,1787901470.575177,0,2048,,0,0,0,0,0,0,0,1,15,,0;0;0;1,16,0,1,0,1,0,0,1,38,38,6.023718595504761,,2,1,2,1,0,1,0,2048,2048,40.96,2.0,38.96,16275.78067779541,38.96,3814.991355,2080.0,1,1,1,38.96,38.96,38.96
15,upsert,3,L0034,2048,0,1787901486.8509877,16.275712251663208,15,1,15,1787901470.5752754,conc4,agg_static@rho0.8,0,0.55,0.0,4,0.8,agg_static,1787901470.575266,0,2048,,0,0,0,0,0,0,0,1,16,,0;0;0;0,16,0,1,0,1,0,0,0,50,50,17.199316263198853,,0,3,0,3,0,0,0,2048,2048,40.96,0.0,40.96,16275.712251663208,40.96,1203.162877,2080.0,1,1,1,40.96,40.96,40.96
16,upsert,0,L0023,2560,0,1787901494.1041124,19.067660570144653,16,2,16,1787901475.0364518,conc4,agg_static@rho0.8,0,0.55,0.0,4,0.8,agg_static,1787901475.0364258,0,2560,,0,0,0,0,0,0,0,2,14,11.907502174377441,0;1;1;1,20,0,1,0,1,0,0,3,46,46,7.152851104736328,,3,0,3,0,1,0,2048,2560,512,10.24,-2.0,12.24,19067.660570144653,12.24,175.859508,2080.0,1,2,2,12.24,22.48,22.48
17,upsert,3,L0000,2048,3072,1787901494.104189,19.067468881607056,17,2,17,1787901475.03672,conc4,agg_static@rho0.8,0,0.55,0.0,4,0.8,agg_static,1787901475.0367012,3072,-1024,7.312201499938965,0,0,0,0,0,0,0,5,15,11.907502174377441,0;1;1;0,20,1,1,0,0,1,0,2,42,42,3.410186529159546,,3,3,3,3,0,0,3072,2048,-1024,-20.48,0.0,-20.48,19067.468881607056,-20.48,285.362389,2080.0,0,0,0,0,0,0
19,upsert,2,L0046,2048,0,1787901494.1042168,19.06717801094055,18,1,19,1787901475.0370388,conc4,agg_static@rho0.8,0,0.55,0.0,4,0.8,agg_static,1787901475.0370274,0,2048,,0,0,0,0,0,0,0,1,17,11.907502174377441,0;0;0;0,20,0,1,0,1,0,0,0,58,58,18.25580406188965,,3,2,3,2,0,0,0,2048,2048,40.96,0.0,40.96,19067.17801094055,40.96,1234.945112,2080.0,1,1,1,40.96,40.96,40.96
20,upsert,2,L0006,2560,2048,1787901503.7041402,25.80168652534485,19,0,20,1787901477.9024537,conc4,agg_static@rho0.8,0,0.55,0.0,4,0.8,agg_static,1787901477.9024255,2048,512,17.030139207839966,0,2048,2048,0,2048,1,0,2,11,12.064297199249268,1;1;0;1,25,0,0,,,,0,3,,,,,,,,,,,,,,,,,,,,,,,,,,
21,upsert,1,L0012,2048,0,1787901503.7042105,25.801491022109985,20,0,21,1787901477.9027195,conc4,agg_static@rho0.8,0,0.55,0.0,4,0.8,agg_static,1787901477.9027033,0,2048,,0,0,0,0,0,0,0,1,12,12.064297199249268,1;0;0;1,25,0,0,,,,0,2,,,,,,,,,,,,,,,,,,,,,,,,,,
22,upsert,3,L0000,3072,2048,1787901503.7042365,25.801334142684937,21,1,22,1787901477.9029024,conc4,agg_static@rho0.8,0,0.55,0.0,4,0.8,agg_static,1787901477.9028854,2048,1024,2.8661842346191406,0,0,2048,0,2048,1,0,6,13,12.064297199249268,1;0;0;0,25,1,1,0,0,1,0,1,60,60,11.378371715545654,,3,3,3,3,0,0,2048,3072,1024,20.48,0.0,20.48,25801.334142684937,20.48,194.405644,2608.0,0,0,0,0,0,0
23,upsert,0,L0059,2048,0,1787901503.7042584,25.8011953830719,22,0,23,1787901477.903063,conc4,agg_static@rho0.8,0,0.55,0.0,4,0.8,agg_static,1787901477.90305,0,2048,,0,0,0,0,0,0,0,1,14,12.064297199249268,0;0;0;0,25,0,0,,,,0,0,,,,,,,,,,,,,,,,,,,,,,,,,,
24,upsert,1,L0014,2560,2048,1787901503.7042782,21.65601086616516,23,1,24,1787901482.0482674,conc4,agg_static@rho0.8,0,0.55,0.0,4,0.8,agg_static,1787901482.0482388,2048,512,21.175844192504883,0,2048,2048,0,2048,1,0,2,15,12.064297199249268,1;0;1;1,30,0,1,0,0,1,0,3,57,57,8.655689477920532,,1,1,1,1,0,0,2048,2560,512,10.24,0.0,10.24,21656.01086616516,10.24,1733.963784,2608.0,0,0,0,0,0,0
25,upsert,0,L0012,2560,0,1787901503.7042973,21.655749559402466,24,0,25,1787901482.0485477,conc4,agg_static@rho0.8,0,0.55,0.0,4,0.8,agg_static,1787901482.0485322,0,2560,,0,0,0,0,0,0,0,2,16,12.064297199249268,0;0;1;1,30,0,0,,,,0,2,,,,,,,,,,,,,,,,,,,,,,,,,,
26,upsert,2,L0029,2048,0,1787901503.7043147,21.65558099746704,25,0,26,1787901482.0487337,conc4,agg_static@rho0.8,0,0.55,0.0,4,0.8,agg_static,1787901482.0487204,0,2048,,0,0,0,0,0,0,0,1,17,12.064297199249268,0;0;0;1,30,0,0,,,,0,1,,,,,,,,,,,,,,,,,,,,,,,,,,
27,upsert,3,L0001,2560,0,1787901513.7308495,31.68195605278015,26,0,27,1787901482.0488935,conc4,agg_static@rho0.8,0,0.55,0.0,4,0.8,agg_static,1787901482.048882,0,2560,,0,0,0,0,0,0,0,2,18,12.064297199249268,0;0;0;0,30,0,0,,,,0,0,,,,,,,,,,,,,,,,,,,,,,,,,,
28,upsert,2,L0030,2048,0,1787901513.7309873,27.184696435928345,27,0,28,1787901486.5462909,conc4,agg_static@rho0.8,0,0.55,0.0,4,0.8,agg_static,1787901486.5462668,0,2048,,0,0,0,0,0,0,0,1,19,12.064297199249268,1;1;0;1,34,0,0,,,,0,3,,,,,,,,,,,,,,,,,,,,,,,,,,
29,upsert,1,L0010,2048,0,1787901513.7310553,27.184473991394043,28,0,29,1787901486.5465813,conc4,agg_static@rho0.8,0,0.55,0.0,4,0.8,agg_static,1787901486.5465648,0,2048,,0,0,0,0,0,0,0,1,20,12.064297199249268,1;0;0;1,34,0,0,,,,0,2,,,,,,,,,,,,,,,,,,,,,,,,,,
30,upsert,0,L0009,2048,0,1787901513.7311118,27.18434715270996,29,0,30,1787901486.5467646,conc4,agg_static@rho0.8,0,0.55,0.0,4,0.8,agg_static,1787901486.546751,0,2048,,0,0,0,0,0,0,0,1,21,12.064297199249268,0;0;0;1,34,0,0,,,,0,1,,,,,,,,,,,,,,,,,,,,,,,,,,
31,upsert,3,L0029,2560,0,1787901513.7311764,27.184252738952637,30,0,31,1787901486.5469236,conc4,agg_static@rho0.8,0,0.55,0.0,4,0.8,agg_static,1787901486.5469112,0,2560,,0,0,0,0,0,0,0,2,22,12.064297199249268,0;0;0;0,34,0,0,,,,0,0,,,,,,,,,,,,,,,,,,,,,,,,,,
32,upsert,2,L0003,2048,0,1787901513.73122,20.857203722000122,31,0,32,1787901492.8740163,conc4,agg_static@rho0.8,0,0.55,0.0,4,0.8,agg_static,1787901492.874004,0,2048,,0,0,0,0,0,0,0,1,18,13.658179728190104,1;0;0;2,39,0,0,,,,0,3,,,,,,,,,,,,,,,,,,,,,,,,,,
33,upsert,3,L0005,2048,0,1787901513.7312665,20.857027769088745,32,0,33,1787901492.8742387,conc4,agg_static@rho0.8,0,0.55,0.0,4,0.8,agg_static,1787901492.8742313,0,2048,,0,0,0,0,0,0,0,1,19,13.658179728190104,1;0;0;1,39,0,0,,,,0,2,,,,,,,,,,,,,,,,,,,,,,,,,,
35,upsert,3,L0023,3072,2048,1787901524.6375194,31.763026475906372,33,0,35,1787901492.874493,conc4,agg_static@rho0.8,0,0.55,0.0,4,0.8,agg_static,1787901492.8744874,2048,1024,32.00200867652893,0,2048,2048,0,2048,1,0,3,21,13.658179728190104,0;0;0;0,39,0,0,,,,0,0,,,,,,,,,,,,,,,,,,,,,,,,,,
34,upsert,0,L0027,2048,0,1787901524.6376452,31.76327347755432,34,0,34,1787901492.8743718,conc4,agg_static@rho0.8,0,0.55,0.0,4,0.8,agg_static,1787901492.8743668,0,2048,,0,0,0,0,0,0,0,1,20,13.658179728190104,0;0;0;1,39,0,0,,,,0,1,,,,,,,,,,,,,,,,,,,,,,,,,,
36,upsert,3,L0029,3072,2560,1787901524.637714,27.125213623046875,35,0,36,1787901497.5125003,conc4,agg_static@rho0.8,0,0.55,0.0,4,0.8,agg_static,1787901497.5124738,2560,512,10.965562582015991,0,0,0,0,0,0,0,3,19,14.559722410307991,0;2;1;0,44,1,0,,,,0,3,,,,,,,,,,,,,,,,,,,,,,,,,,
37,upsert,1,L0056,2048,0,1787901524.6377635,27.124712705612183,36,0,37,1787901497.5130508,conc4,agg_static@rho0.8,0,0.55,0.0,4,0.8,agg_static,1787901497.513035,0,2048,,0,0,0,0,0,0,0,1,20,14.559722410307991,0;1;1;0,44,0,0,,,,0,2,,,,,,,,,,,,,,,,,,,,,,,,,,
38,upsert,1,L0058,2560,2048,1787901524.6378071,27.12436270713806,37,0,38,1787901497.5134444,conc4,agg_static@rho0.8,0,0.55,0.0,4,0.8,agg_static,1787901497.513428,2048,512,26.93825101852417,0,2048,2048,0,2048,1,0,2,21,14.559722410307991,0;0;1;0,44,0,0,,,,0,1,,,,,,,,,,,,,,,,,,,,,,,,,,
39,upsert,2,L0030,2560,2048,1787901524.6378536,27.124018907546997,38,0,39,1787901497.5138347,conc4,agg_static@rho0.8,0,0.55,0.0,4,0.8,agg_static,1787901497.5138204,2048,512,10.967553615570068,0,0,0,0,0,0,0,2,22,14.559722410307991,0;0;0;0,44,1,0,,,,0,0,,,,,,,,,,,,,,,,,,,,,,,,,,
40,upsert,0,L0036,2048,0,1787901524.637892,23.38164496421814,39,0,40,1787901501.256247,conc4,agg_static@rho0.8,0,0.55,0.0,4,0.8,agg_static,1787901501.2562299,0,2048,,0,0,0,0,0,0,0,2,23,14.559722410307991,0;1;1;1,49,0,0,,,,0,3,,,,,,,,,,,,,,,,,,,,,,,,,,
41,upsert,1,L0011,2048,0,1787901524.6379309,23.38142991065979,40,0,41,1787901501.256501,conc4,agg_static@rho0.8,0,0.55,0.0,4,0.8,agg_static,1787901501.2564933,0,2048,,0,0,0,0,0,0,0,1,24,14.559722410307991,0;0;1;1,49,0,0,,,,0,2,,,,,,,,,,,,,,,,,,,,,,,,,,
42,upsert,3,L0000,2048,3072,1787901539.0642214,37.80758309364319,41,0,42,1787901501.2566383,conc4,agg_static@rho0.8,0,0.55,0.0,4,0.8,agg_static,1787901501.2566316,3072,-1024,23.35374617576599,0,2048,2048,2048,0,2,0,7,25,14.559722410307991,0;0;1;0,49,1,0,,,,0,1,,,,,,,,,,,,,,,,,,,,,,,,,,
43,upsert,2,L0036,2560,0,1787901539.0643487,37.80758213996887,42,0,43,1787901501.2567666,conc4,agg_static@rho0.8,0,0.55,0.0,4,0.8,agg_static,1787901501.256761,0,2560,,0,0,0,0,0,0,0,2,26,14.559722410307991,0;0;0;0,49,0,0,,,,0,0,,,,,,,,,,,,,,,,,,,,,,,,,,
44,upsert,1,L0004,2048,0,1787901539.0644107,35.01478838920593,43,0,44,1787901504.0496223,conc4,agg_static@rho0.8,0,0.55,0.0,4,0.8,agg_static,1787901504.049606,0,2048,,0,0,0,0,0,0,0,1,20,17.209922075271606,1;0;1;1,54,0,0,,,,0,3,,,,,,,,,,,,,,,,,,,,,,,,,,
45,upsert,3,L0038,2048,0,1787901539.0644581,35.0146107673645,44,0,45,1787901504.0498474,conc4,agg_static@rho0.8,0,0.55,0.0,4,0.8,agg_static,1787901504.0498407,0,2048,,0,0,0,0,0,0,0,1,21,17.209922075271606,1;0;1;0,54,0,0,,,,0,2,,,,,,,,,,,,,,,,,,,,,,,,,,
46,upsert,0,L0023,2048,2560,1787901539.0645056,35.01452112197876,45,0,46,1787901504.0499845,conc4,agg_static@rho0.8,0,0.55,0.0,4,0.8,agg_static,1787901504.0499775,2560,-512,29.013551712036133,0,2560,2560,2048,512,2,0,4,22,17.209922075271606,0;0;1;0,54,0,0,,,,0,1,,,,,,,,,,,,,,,,,,,,,,,,,,
47,upsert,2,L0018,2048,0,1787901539.0645533,35.01443815231323,46,0,47,1787901504.050115,conc4,agg_static@rho0.8,0,0.55,0.0,4,0.8,agg_static,1787901504.0501096,0,2048,,0,0,0,0,0,0,0,1,23,17.209922075271606,0;0;0;0,54,0,0,,,,0,0,,,,,,,,,,,,,,,,,,,,,,,,,,
48,upsert,2,L0010,2560,0,1787901539.0645943,31.11342740058899,47,0,48,1787901507.9511669,conc4,agg_static@rho0.8,0,0.55,0.0,4,0.8,agg_static,1787901507.9511423,0,2560,,0,0,0,0,0,0,0,2,24,17.209922075271606,1;1;0;1,59,0,0,,,,0,3,,,,,,,,,,,,,,,,,,,,,,,,,,
49,upsert,1,L0005,2560,0,1787901539.064639,31.113224744796753,48,0,49,1787901507.9514143,conc4,agg_static@rho0.8,0,0.55,0.0,4,0.8,agg_static,1787901507.9514074,0,2560,,0,0,0,0,0,0,0,2,25,17.209922075271606,1;0;0;1,59,0,0,,,,0,2,,,,,,,,,,,,,,,,,,,,,,,,,,
50,upsert,3,L0034,2560,2048,1787901549.970838,42.01927042007446,49,0,50,1787901507.9515676,conc4,agg_static@rho0.8,0,0.55,0.0,4,0.8,agg_static,1787901507.951561,2048,512,37.37629508972168,0,2048,2048,0,2048,1,0,2,26,17.209922075271606,1;0;0;0,59,0,0,,,,0,1,,,,,,,,,,,,,,,,,,,,,,,,,,
51,upsert,0,L0044,2048,0,1787901549.9709616,42.01925325393677,50,0,51,1787901507.9517083,conc4,agg_static@rho0.8,0,0.55,0.0,4,0.8,agg_static,1787901507.9517038,0,2048,,0,0,0,0,0,0,0,1,27,17.209922075271606,0;0;0;0,59,0,0,,,,0,0,,,,,,,,,,,,,,,,,,,,,,,,,,
52,upsert,3,L0062,2048,0,1787901549.9710302,37.612937927246094,51,0,52,1787901512.3580923,conc4,agg_static@rho0.8,0,0.55,0.0,4,0.8,agg_static,1787901512.3580651,0,2048,,0,0,0,0,0,0,0,1,28,17.209922075271606,1;0;2;0,64,0,0,,,,0,3,,,,,,,,,,,,,,,,,,,,,,,,,,
53,upsert,0,L0011,2560,0,1787901549.9710774,37.6124210357666,52,0,53,1787901512.3586564,conc4,agg_static@rho0.8,0,0.55,0.0,4,0.8,agg_static,1787901512.358639,0,2560,,0,0,0,0,0,0,0,2,29,17.209922075271606,0;0;2;0,64,0,0,,,,0,2,,,,,,,,,,,,,,,,,,,,,,,,,,
54,upsert,2,L0031,2048,0,1787901549.9711187,37.6120285987854,53,0,54,1787901512.35909,conc4,agg_static@rho0.8,0,0.55,0.0,4,0.8,agg_static,1787901512.3590763,0,2048,,0,0,0,0,0,0,0,1,30,17.209922075271606,0;0;1;0,64,0,0,,,,0,1,,,,,,,,,,,,,,,,,,,,,,,,,,
55,upsert,2,L0028,2560,2048,1787901549.9711866,37.6117160320282,54,0,55,1787901512.3594706,conc4,agg_static@rho0.8,0,0.55,0.0,4,0.8,agg_static,1787901512.359454,2048,512,47.37091565132141,0,2048,2048,0,2048,1,0,2,31,17.209922075271606,0;0;0;0,64,0,0,,,,0,0,,,,,,,,,,,,,,,,,,,,,,,,,,
56,upsert,0,L0016,2048,0,1787901549.9712303,34.890562772750854,55,0,56,1787901515.0806675,conc4,agg_static@rho0.8,0,0.55,0.0,4,0.8,agg_static,1787901515.080639,0,2048,,0,0,0,0,0,0,0,1,25,19.13693780452013,0;1;1;1,70,0,0,,,,0,3,,,,,,,,,,,,,,,,,,,,,,,,,,
57,upsert,1,L0014,3072,2560,1787901559.9975207,44.91626739501953,56,0,57,1787901515.0812533,conc4,agg_static@rho0.8,0,0.55,0.0,4,0.8,agg_static,1787901515.0812328,2560,512,33.03299403190613,0,2560,2560,0,2560,1,0,3,26,19.13693780452013,0;0;1;1,70,0,0,,,,0,2,,,,,,,,,,,,,,,,,,,,,,,,,,
58,upsert,2,L0046,2560,2048,1787901559.9976485,44.915902853012085,57,0,58,1787901515.0817456,conc4,agg_static@rho0.8,0,0.55,0.0,4,0.8,agg_static,1787901515.0817285,2048,512,40.04470109939575,0,2048,2048,0,2048,1,0,2,27,19.13693780452013,0;0;0;1,70,0,0,,,,0,1,,,,,,,,,,,,,,,,,,,,,,,,,,
59,upsert,3,L0042,2048,0,1787901559.997719,44.91554546356201,58,0,59,1787901515.0821736,conc4,agg_static@rho0.8,0,0.55,0.0,4,0.8,agg_static,1787901515.0821486,0,2048,,0,0,0,0,0,0,0,1,28,19.13693780452013,0;0;0;0,70,0,0,,,,0,0,,,,,,,,,,,,,,,,,,,,,,,,,,
60,upsert,3,L0000,2560,2048,1787901559.9977694,40.25702214241028,59,0,60,1787901519.7407472,conc4,agg_static@rho0.8,0,0.55,0.0,4,0.8,agg_static,1787901519.740718,2048,512,18.484086275100708,0,3072,3072,2048,1024,2,0,8,29,19.13693780452013,2;0;1;0,76,1,0,,,,0,3,,,,,,,,,,,,,,,,,,,,,,,,,,
61,upsert,0,L0056,2560,0,1787901559.997817,40.25646734237671,60,0,61,1787901519.7413497,conc4,agg_static@rho0.8,0,0.55,0.0,4,0.8,agg_static,1787901519.7413328,0,2560,,0,0,0,0,0,0,0,2,30,19.13693780452013,1;0;1;0,76,0,0,,,,0,2,,,,,,,,,,,,,,,,,,,,,,,,,,
62,upsert,2,L0063,2048,0,1787901559.997862,40.256067514419556,61,0,62,1787901519.7417946,conc4,agg_static@rho0.8,0,0.55,0.0,4,0.8,agg_static,1787901519.7417805,0,2048,,0,0,0,0,0,0,0,1,31,19.13693780452013,1;0;0;0,76,0,0,,,,0,1,,,,,,,,,,,,,,,,,,,,,,,,,,
63,upsert,0,L0023,2560,2048,1787901559.9979043,40.25570464134216,62,0,63,1787901519.7421997,conc4,agg_static@rho0.8,0,0.55,0.0,4,0.8,agg_static,1787901519.742183,2048,512,15.692205429077148,0,2560,2560,2048,512,2,0,4,32,19.13693780452013,0;0;0;0,76,1,0,,,,0,0,,,,,,,,,,,,,,,,,,,,,,,,,,
64,upsert,0,L0067,2048,0,1787901559.9979463,37.22540640830994,63,0,64,1787901522.7725399,conc4,agg_static@rho0.8,0,0.55,0.0,4,0.8,agg_static,1787901522.7725155,0,2048,,0,0,0,0,0,0,0,1,33,19.13693780452013,0;1;1;1,80,0,0,,,,0,3,,,,,,,,,,,,,,,,,,,,,,,,,,
65,upsert,3,L0072,2048,0,1787901570.0241733,47.251110792160034,64,1,65,1787901522.7730625,conc4,agg_static@rho0.8,0,0.55,0.0,4,0.8,agg_static,1787901522.7730463,0,2048,,0,0,0,0,0,0,0,1,34,19.13693780452013,0;1;1;0,80,0,1,0,1,0,0,2,124,124,6.297339677810669,,0,3,0,3,0,0,0,2048,2048,40.96,0.0,40.96,47251.110792160034,40.96,2663.821585,2080.0,1,1,1,40.96,40.96,40.96
66,upsert,1,L0121,2048,0,1787901570.024297,47.25080323219299,65,0,66,1787901522.7734938,conc4,agg_static@rho0.8,0,0.55,0.0,4,0.8,agg_static,1787901522.77348,0,2048,,0,0,0,0,0,0,0,1,35,19.13693780452013,0;0;1;0,80,0,0,,,,0,1,,,,,,,,,,,,,,,,,,,,,,,,,,
67,upsert,2,L0091,2048,0,1787901570.0243683,47.25049948692322,66,0,67,1787901522.7738688,conc4,agg_static@rho0.8,0,0.55,0.0,4,0.8,agg_static,1787901522.7738562,0,2048,,0,0,0,0,0,0,0,1,36,19.13693780452013,0;0;0;0,80,0,0,,,,0,0,,,,,,,,,,,,,,,,,,,,,,,,,,
68,upsert,0,L0083,2048,0,1787901570.0244155,44.23947858810425,67,0,68,1787901525.784937,conc4,agg_static@rho0.8,0,0.55,0.0,4,0.8,agg_static,1787901525.784913,0,2048,,0,0,0,0,0,0,0,1,29,22.827722690999508,0;1;1;1,84,0,0,,,,0,3,,,,,,,,,,,,,,,,,,,,,,,,,,
69,upsert,1,L0124,2048,0,1787901570.0244603,44.23898243904114,68,0,69,1787901525.7854779,conc4,agg_static@rho0.8,0,0.55,0.0,4,0.8,agg_static,1787901525.785462,0,2048,,0,0,0,0,0,0,0,1,30,22.827722690999508,0;0;1;1,84,0,0,,,,0,2,,,,,,,,,,,,,,,,,,,,,,,,,,
70,upsert,2,L0076,2048,0,1787901570.0245,44.238616943359375,69,0,70,1787901525.785883,conc4,agg_static@rho0.8,0,0.55,0.0,4,0.8,agg_static,1787901525.7858694,0,2048,,0,0,0,0,0,0,0,1,31,22.827722690999508,0;0;0;1,84,0,0,,,,0,1,,,,,,,,,,,,,,,,,,,,,,,,,,
71,upsert,3,L0077,2048,0,1787901570.0245402,44.23827505111694,70,0,71,1787901525.7862651,conc4,agg_static@rho0.8,0,0.55,0.0,4,0.8,agg_static,1787901525.7862518,0,2048,,0,0,0,0,0,0,0,1,32,22.827722690999508,0;0;0;0,84,0,0,,,,0,0,,,,,,,,,,,,,,,,,,,,,,,,,,
72,upsert,0,L0081,2048,0,1787901570.0245824,40.127991676330566,71,0,72,1787901529.8965907,conc4,agg_static@rho0.8,0,0.55,0.0,4,0.8,agg_static,1787901529.8965654,0,2048,,0,0,0,0,0,0,0,2,33,22.827722690999508,0;1;1;1,88,0,0,,,,0,3,,,,,,,,,,,,,,,,,,,,,,,,,,
73,upsert,2,L0106,2048,0,1787901579.1708195,49.27370285987854,72,0,73,1787901529.8971167,conc4,agg_static@rho0.8,0,0.55,0.0,4,0.8,agg_static,1787901529.8971002,0,2048,,0,0,0,0,0,0,0,1,34,22.827722690999508,0;1;0;1,88,0,0,,,,0,2,,,,,,,,,,,,,,,,,,,,,,,,,,
74,upsert,1,L0081,2560,0,1787901579.1709394,49.27340531349182,73,0,74,1787901529.8975341,conc4,agg_static@rho0.8,0,0.55,0.0,4,0.8,agg_static,1787901529.8975203,0,2560,,0,0,0,0,0,0,0,2,35,22.827722690999508,0;0;0;1,88,0,0,,,,0,1,,,,,,,,,,,,,,,,,,,,,,,,,,
75,upsert,3,L0094,2048,0,1787901579.1710048,49.27306318283081,74,0,75,1787901529.8979416,conc4,agg_static@rho0.8,0,0.55,0.0,4,0.8,agg_static,1787901529.897929,0,2048,,0,0,0,0,0,0,0,1,36,22.827722690999508,0;0;0;0,88,0,0,,,,0,0,,,,,,,,,,,,,,,,,,,,,,,,,,
76,upsert,0,L0075,2048,0,1787901579.1710532,46.44135808944702,75,0,76,1787901532.729695,conc4,agg_static@rho0.8,0,0.55,0.0,4,0.8,agg_static,1787901532.7296643,0,2048,,0,0,0,0,0,0,0,1,37,22.827722690999508,0;1;1;1,92,0,0,,,,0,3,,,,,,,,,,,,,,,,,,,,,,,,,,
77,upsert,3,L0069,2048,0,1787901579.1710985,46.4408221244812,76,0,77,1787901532.7302763,conc4,agg_static@rho0.8,0,0.55,0.0,4,0.8,agg_static,1787901532.7302587,0,2048,,0,0,0,0,0,0,0,1,38,22.827722690999508,0;1;1;0,92,0,0,,,,0,2,,,,,,,,,,,,,,,,,,,,,,,,,,
78,upsert,1,L0068,2048,0,1787901579.171142,46.44043850898743,77,0,78,1787901532.7307036,conc4,agg_static@rho0.8,0,0.55,0.0,4,0.8,agg_static,1787901532.730689,0,2048,,0,0,0,0,0,0,0,1,39,22.827722690999508,0;0;1;0,92,0,0,,,,0,1,,,,,,,,,,,,,,,,,,,,,,,,,,
79,upsert,2,L0065,2048,0,1787901579.1712098,46.4401273727417,78,0,79,1787901532.7310824,conc4,agg_static@rho0.8,0,0.55,0.0,4,0.8,agg_static,1787901532.73107,0,2048,,0,0,0,0,0,0,0,1,40,22.827722690999508,0;0;0;0,92,0,0,,,,0,0,,,,,,,,,,,,,,,,,,,,,,,,,,
0,upsert,0,L0012,2048,0,1787901709.6307433,0.003258943557739258,1,0,0,1787901709.6274843,conc4,agg_static@rho0.8,1,0.55,0.0,4,0.8,agg_static,1787901709.6274595,0,2048,,0,0,0,0,0,0,0,1,1,,0;1;1;1,4,0,0,,,,0,3,,,,,,,,,,,,,,,,,,,,,,,,,,
1,upsert,2,L0007,2048,0,1787901709.6308682,0.0032210350036621094,2,1,1,1787901709.6276472,conc4,agg_static@rho0.8,1,0.55,0.0,4,0.8,agg_static,1787901709.6276329,0,2048,,0,0,0,0,0,0,0,1,2,,0;1;0;1,4,0,1,1,0,1,0,2,63,63,53.529154539108276,,2,2,2,2,0,0,0,0,0,0.0,0.0,0.0,3.2210350036621094,0.0,1403.975417,2608.0,0,0,0,0,0,0
2,upsert,1,L0059,2048,0,1787901709.6309452,0.003176450729370117,3,0,2,1787901709.6277688,conc4,agg_static@rho0.8,1,0.55,0.0,4,0.8,agg_static,1787901709.6277568,0,2048,,0,0,0,0,0,0,0,1,3,,0;0;0;1,4,0,0,,,,0,1,,,,,,,,,,,,,,,,,,,,,,,,,,
3,upsert,3,L0016,2048,0,1787901709.630993,0.003114938735961914,4,0,3,1787901709.627878,conc4,agg_static@rho0.8,1,0.55,0.0,4,0.8,agg_static,1787901709.6278684,0,2048,,0,0,0,0,0,0,0,1,4,,0;0;0;0,4,0,0,,,,0,0,,,,,,,,,,,,,,,,,,,,,,,,,,
4,upsert,0,L0029,2048,0,1787901712.4735007,0.0036487579345703125,5,0,4,1787901712.469852,conc4,agg_static@rho0.8,1,0.55,0.0,4,0.8,agg_static,1787901712.4698265,0,2048,,0,0,0,0,0,0,0,1,1,0.0031928420066833496,0;1;1;1,8,0,0,,,,0,3,,,,,,,,,,,,,,,,,,,,,,,,,,
5,upsert,3,L0021,2048,0,1787901712.4736106,0.003479480743408203,6,2,5,1787901712.4701312,conc4,agg_static@rho0.8,1,0.55,0.0,4,0.8,agg_static,1787901712.4701154,0,2048,,0,0,0,0,0,0,0,1,2,0.0031928420066833496,0;1;1;0,8,0,1,0,0,1,0,2,58,58,48.61169743537903,,3,3,3,3,0,0,0,0,0,0.0,0.0,0.0,3.479480743408203,0.0,1209.390471,2080.0,0,0,0,0,0,0
6,upsert,1,L0004,2048,0,1787901712.4736829,0.0033431053161621094,7,0,6,1787901712.4703398,conc4,agg_static@rho0.8,1,0.55,0.0,4,0.8,agg_static,1787901712.4703257,0,2048,,0,0,0,0,0,0,0,1,3,0.0031928420066833496,0;0;1;0,8,0,0,,,,0,1,,,,,,,,,,,,,,,,,,,,,,,,,,
7,upsert,2,L0001,2048,0,1787901712.4737434,0.003229379653930664,8,3,7,1787901712.470514,conc4,agg_static@rho0.8,1,0.55,0.0,4,0.8,agg_static,1787901712.4705007,0,2048,,0,0,0,0,0,0,0,1,4,0.0031928420066833496,0;0;0;0,8,0,1,1,0,1,0,0,40,40,27.257087230682373,,2,2,2,2,0,0,0,0,0,0.0,0.0,0.0,3.229379653930664,0.0,1475.130321,2608.0,0,0,0,0,0,0
8,upsert,0,L0063,2048,0,1787901715.527121,0.004082441329956055,9,0,8,1787901715.5230386,conc4,agg_static@rho0.8,1,0.55,0.0,4,0.8,agg_static,1787901715.5230105,0,2048,,0,0,0,0,0,0,0,1,1,0.003309011459350586,0;1;1;1,12,0,0,,,,0,3,,,,,,,,,,,,,,,,,,,,,,,,,,
9,upsert,1,L0041,2048,0,1787901715.5272393,0.0038785934448242188,10,0,9,1787901715.5233607,conc4,agg_static@rho0.8,1,0.55,0.0,4,0.8,agg_static,1787901715.5233438,0,2048,,0,0,0,0,0,0,0,1,2,0.003309011459350586,0;0;1;1,12,0,0,,,,0,2,,,,,,,,,,,,,,,,,,,,,,,,,,
10,upsert,2,L0023,2048,0,1787901715.5273025,0.0037550926208496094,11,0,10,1787901715.5235474,conc4,agg_static@rho0.8,1,0.55,0.0,4,0.8,agg_static,1787901715.5235345,0,2048,,0,0,0,0,0,0,0,1,3,0.003309011459350586,0;0;0;1,12,0,0,,,,0,1,,,,,,,,,,,,,,,,,,,,,,,,,,
11,upsert,3,L0046,2048,0,1787901715.6568077,0.13309955596923828,12,0,11,1787901715.523708,conc4,agg_static@rho0.8,1,0.55,0.0,4,0.8,agg_static,1787901715.523696,0,2048,,0,0,0,0,0,0,0,1,4,0.003309011459350586,0;0;0;0,12,0,0,,,,0,0,,,,,,,,,,,,,,,,,,,,,,,,,,
12,upsert,0,L0022,2048,0,1787901726.8568394,6.968370676040649,13,2,12,1787901719.8884687,conc4,agg_static@rho0.8,1,0.55,0.0,4,0.8,agg_static,1787901719.8884408,0,2048,,0,0,0,0,0,0,0,1,1,0.01427398125330607,0;1;2;0,18,0,1,0,1,0,0,3,55,55,26.527926683425903,,2,0,2,0,0,2,0,2048,2048,40.96,4.0,36.96,6968.370676040649,36.96,6389.50274,2080.0,1,2,2,36.96,77.92,77.92
13,upsert,2,L0019,2048,0,1787901728.7139587,8.825194120407104,14,0,13,1787901719.8887646,conc4,agg_static@rho0.8,1,0.55,0.0,4,0.8,agg_static,1787901719.888749,0,2048,,0,0,0,0,0,0,0,1,2,0.01427398125330607,0;1;1;0,18,0,0,,,,0,2,,,,,,,,,,,,,,,,,,,,,,,,,,
14,upsert,1,L0004,2560,2048,1787901728.7141025,8.825148582458496,15,0,14,1787901719.888954,conc4,agg_static@rho0.8,1,0.55,0.0,4,0.8,agg_static,1787901719.8889365,2048,512,7.4186108112335205,0,2048,2048,0,2048,1,0,2,3,0.01427398125330607,0;0;1;0,18,0,0,,,,0,1,,,,,,,,,,,,,,,,,,,,,,,,,,
15,upsert,2,L0001,2560,2048,1787901733.34254,13.453415632247925,16,3,15,1787901719.8891244,conc4,agg_static@rho0.8,1,0.55,0.0,4,0.8,agg_static,1787901719.8891106,2048,512,7.418609857559204,0,2048,2048,0,2048,1,0,2,4,0.01427398125330607,0;0;0;0,18,0,1,0,0,1,0,0,40,40,6.388290643692017,,2,2,2,2,0,0,2048,2560,512,10.24,0.0,10.24,13453.415632247925,10.24,1475.130321,2608.0,0,0,0,0,0,0
16,upsert,0,L0029,2560,2048,1787901733.342628,10.50155234336853,17,0,16,1787901722.8410757,conc4,agg_static@rho0.8,1,0.55,0.0,4,0.8,agg_static,1787901722.8410432,2048,512,10.371216773986816,0,2048,2048,0,2048,1,0,2,5,0.01427398125330607,0;1;1;1,24,0,0,,,,0,3,,,,,,,,,,,,,,,,,,,,,,,,,,
17,upsert,2,L0007,2560,2048,1787901733.3426657,10.501265525817871,18,1,17,1787901722.8414001,conc4,agg_static@rho0.8,1,0.55,0.0,4,0.8,agg_static,1787901722.841381,2048,512,13.213748216629028,0,2048,2048,0,2048,1,0,2,6,0.01427398125330607,0;1;0;1,24,0,1,0,0,1,0,2,63,63,29.817357063293457,,2,2,2,2,0,0,0,0,0,0.0,0.0,0.0,10501.265525817871,0.0,1403.975417,2608.0,0,0,0,0,0,0
18,upsert,1,L0013,2048,0,1787901742.5996757,19.758089065551758,19,2,18,1787901722.8415866,conc4,agg_static@rho0.8,1,0.55,0.0,4,0.8,agg_static,1787901722.8415735,0,2048,,0,0,0,0,0,0,0,1,7,0.01427398125330607,0;0;0;1,24,0,1,0,0,1,0,1,49,49,5.505319595336914,,1,1,1,1,0,0,0,0,0,0.0,0.0,0.0,19758.089065551758,0.0,1194.183964,2080.0,0,0,0,0,0,0
19,upsert,3,L0017,2048,0,1787901742.5997994,19.758047342300415,20,0,19,1787901722.841752,conc4,agg_static@rho0.8,1,0.55,0.0,4,0.8,agg_static,1787901722.841739,0,2048,,0,0,0,0,0,0,0,1,8,0.01427398125330607,0;0;0;0,24,0,0,,,,0,0,,,,,,,,,,,,,,,,,,,,,,,,,,
20,upsert,0,L0024,2048,0,1787901742.5998628,16.826480865478516,21,1,20,1787901725.773382,conc4,agg_static@rho0.8,1,0.55,0.0,4,0.8,agg_static,1787901725.7733507,0,2048,,0,0,0,0,0,0,0,1,9,0.01427398125330607,0;1;1;1,28,0,1,0,1,0,0,3,54,54,10.784885883331299,,2,0,2,0,0,1,0,2048,2048,40.96,2.0,38.96,16826.480865478516,38.96,6389.640835,2080.0,1,1,1,38.96,38.96,38.96
21,upsert,2,L0053,2048,0,1787901742.5999146,16.826229333877563,22,0,21,1787901725.7736852,conc4,agg_static@rho0.8,1,0.55,0.0,4,0.8,agg_static,1787901725.7736688,0,2048,,0,0,0,0,0,0,0,1,10,0.01427398125330607,0;1;0;1,28,0,0,,,,0,2,,,,,,,,,,,,,,,,,,,,,,,,,,
22,upsert,1,L0033,2048,0,1787901752.856794,27.08292531967163,23,0,22,1787901725.7738688,conc4,agg_static@rho0.8,1,0.55,0.0,4,0.8,agg_static,1787901725.7738552,0,2048,,0,0,0,0,0,0,0,1,11,0.01427398125330607,0;0;0;1,28,0,0,,,,0,1,,,,,,,,,,,,,,,,,,,,,,,,,,
23,upsert,3,L0034,2048,0,1787901752.8568835,27.082851886749268,24,0,23,1787901725.7740316,conc4,agg_static@rho0.8,1,0.55,0.0,4,0.8,agg_static,1787901725.7740195,0,2048,,0,0,0,0,0,0,0,1,12,0.01427398125330607,0;0;0;0,28,0,0,,,,0,0,,,,,,,,,,,,,,,,,,,,,,,,,,
24,upsert,0,L0042,2048,0,1787901752.8569205,24.081663370132446,25,0,24,1787901728.775257,conc4,agg_static@rho0.8,1,0.55,0.0,4,0.8,agg_static,1787901728.7752278,0,2048,,0,0,0,0,0,0,0,1,10,1.6526667435963949,0;1;1;1,32,0,0,,,,0,3,,,,,,,,,,,,,,,,,,,,,,,,,,
25,upsert,3,L0026,2048,0,1787901752.8569536,24.081410884857178,26,0,25,1787901728.7755427,conc4,agg_static@rho0.8,1,0.55,0.0,4,0.8,agg_static,1787901728.7755256,0,2048,,0,0,0,0,0,0,0,1,11,1.6526667435963949,0;1;1;0,32,0,0,,,,0,2,,,,,,,,,,,,,,,,,,,,,,,,,,
26,upsert,1,L0005,2048,0,1787901752.8569825,24.081249713897705,27,0,26,1787901728.7757328,conc4,agg_static@rho0.8,1,0.55,0.0,4,0.8,agg_static,1787901728.7757185,0,2048,,0,0,0,0,0,0,0,1,12,1.6526667435963949,0;0;1;0,32,0,0,,,,0,1,,,,,,,,,,,,,,,,,,,,,,,,,,
27,upsert,2,L0000,2048,0,1787901752.8570116,24.081106901168823,28,0,27,1787901728.7759047,conc4,agg_static@rho0.8,1,0.55,0.0,4,0.8,agg_static,1787901728.775893,0,2048,,0,0,0,0,0,0,0,1,13,1.6526667435963949,0;0;0;0,32,0,0,,,,0,0,,,,,,,,,,,,,,,,,,,,,,,,,,
28,upsert,0,L0034,2560,0,1787901752.8570387,20.793224573135376,29,0,28,1787901732.0638142,conc4,agg_static@rho0.8,1,0.55,0.0,4,0.8,agg_static,1787901732.0637972,0,2560,,0,0,0,0,0,0,0,2,14,1.6526667435963949,0;1;1;1,36,0,0,,,,0,3,,,,,,,,,,,,,,,,,,,,,,,,,,
29,upsert,1,L0002,2048,0,1787901752.8570638,20.793068170547485,30,0,29,1787901732.0639956,conc4,agg_static@rho0.8,1,0.55,0.0,4,0.8,agg_static,1787901732.063987,0,2048,,0,0,0,0,0,0,0,1,15,1.6526667435963949,0;0;1;1,36,0,0,,,,0,2,,,,,,,,,,,,,,,,,,,,,,,,,,
30,upsert,2,L0011,2048,0,1787901760.099398,28.035308361053467,31,0,30,1787901732.0640895,conc4,agg_static@rho0.8,1,0.55,0.0,4,0.8,agg_static,1787901732.064083,0,2048,,0,0,0,0,0,0,0,1,16,1.6526667435963949,0;0;0;1,36,0,0,,,,0,1,,,,,,,,,,,,,,,,,,,,,,,,,,
31,upsert,3,L0018,2048,0,1787901760.0995307,28.03533935546875,32,0,31,1787901732.0641913,conc4,agg_static@rho0.8,1,0.55,0.0,4,0.8,agg_static,1787901732.0641851,0,2048,,0,0,0,0,0,0,0,1,17,1.6526667435963949,0;0;0;0,36,0,0,,,,0,0,,,,,,,,,,,,,,,,,,,,,,,,,,
32,upsert,0,L0005,2560,0,1787901760.099604,24.070207595825195,33,0,32,1787901736.0293963,conc4,agg_static@rho0.8,1,0.55,0.0,4,0.8,agg_static,1787901736.029378,0,2560,,0,0,0,0,0,0,0,2,15,3.2914574808544583,0;1;1;1,40,0,0,,,,0,3,,,,,,,,,,,,,,,,,,,,,,,,,,
33,upsert,2,L0042,2560,0,1787901760.099644,24.069994688034058,34,0,33,1787901736.0296493,conc4,agg_static@rho0.8,1,0.55,0.0,4,0.8,agg_static,1787901736.0296407,0,2560,,0,0,0,0,0,0,0,2,16,3.2914574808544583,0;1;0;1,40,0,0,,,,0,2,,,,,,,,,,,,,,,,,,,,,,,,,,
34,upsert,1,L0006,2048,0,1787901760.0996745,24.069879293441772,35,0,34,1787901736.0297952,conc4,agg_static@rho0.8,1,0.55,0.0,4,0.8,agg_static,1787901736.0297892,0,2048,,0,0,0,0,0,0,0,1,17,3.2914574808544583,0;0;0;1,40,0,0,,,,0,1,,,,,,,,,,,,,,,,,,,,,,,,,,
35,upsert,3,L0055,2048,0,1787901760.0997016,24.06978440284729,36,0,35,1787901736.0299172,conc4,agg_static@rho0.8,1,0.55,0.0,4,0.8,agg_static,1787901736.029912,0,2048,,0,0,0,0,0,0,0,1,18,3.2914574808544583,0;0;0;0,40,0,0,,,,0,0,,,,,,,,,,,,,,,,,,,,,,,,,,
36,upsert,0,L0000,2560,0,1787901760.099727,20.370753288269043,37,0,36,1787901739.7289736,conc4,agg_static@rho0.8,1,0.55,0.0,4,0.8,agg_static,1787901739.7289472,0,2560,,0,0,0,0,0,0,0,2,19,3.2914574808544583,0;1;1;1,44,0,0,,,,0,3,,,,,,,,,,,,,,,,,,,,,,,,,,
37,upsert,3,L0009,2048,0,1787901765.4853745,25.75580334663391,38,0,37,1787901739.729571,conc4,agg_static@rho0.8,1,0.55,0.0,4,0.8,agg_static,1787901739.7295535,0,2048,,0,0,0,0,0,0,0,1,20,3.2914574808544583,0;1;1;0,44,0,0,,,,0,2,,,,,,,,,,,,,,,,,,,,,,,,,,
38,upsert,1,L0047,2048,0,1787901765.4855056,25.755523920059204,39,0,38,1787901739.7299817,conc4,agg_static@rho0.8,1,0.55,0.0,4,0.8,agg_static,1787901739.729967,0,2048,,0,0,0,0,0,0,0,1,21,3.2914574808544583,0;0;1;0,44,0,0,,,,0,1,,,,,,,,,,,,,,,,,,,,,,,,,,
39,upsert,2,L0033,2560,0,1787901765.4855728,25.755200624465942,40,0,39,1787901739.7303722,conc4,agg_static@rho0.8,1,0.55,0.0,4,0.8,agg_static,1787901739.7303584,0,2560,,0,0,0,0,0,0,0,2,22,3.2914574808544583,0;0;0;0,44,0,0,,,,0,0,,,,,,,,,,,,,,,,,,,,,,,,,,
40,upsert,2,L0001,3072,2560,1787901765.4856257,20.53299641609192,41,0,40,1787901744.9526293,conc4,agg_static@rho0.8,1,0.55,0.0,4,0.8,agg_static,1787901744.952612,2560,512,25.063501358032227,0,2560,2560,0,2560,1,0,4,19,6.018867330117659,1;0;1;1,50,0,0,,,,0,3,,,,,,,,,,,,,,,,,,,,,,,,,,
41,upsert,2,L0001,2048,3072,1787901765.4856772,20.53276491165161,42,0,41,1787901744.9529123,conc4,agg_static@rho0.8,1,0.55,0.0,4,0.8,agg_static,1787901744.952905,3072,-1024,0.0002930164337158203,0,2560,2560,0,2560,1,0,4,20,6.018867330117659,1;0;0;1,50,1,0,,,,0,2,,,,,,,,,,,,,,,,,,,,,,,,,,
42,upsert,0,L0050,2048,0,1787901765.4857223,20.5326726436615,43,0,42,1787901744.9530497,conc4,agg_static@rho0.8,1,0.55,0.0,4,0.8,agg_static,1787901744.9530435,0,2048,,0,0,0,0,0,0,0,1,21,6.018867330117659,0;0;0;1,50,0,0,,,,0,1,,,,,,,,,,,,,,,,,,,,,,,,,,
44,upsert,2,L0027,2048,0,1787901765.4857633,17.381467580795288,44,0,44,1787901748.1042957,conc4,agg_static@rho0.8,1,0.55,0.0,4,0.8,agg_static,1787901748.104278,0,2048,,0,0,0,0,0,0,0,1,23,6.018867330117659,1;1;0;1,54,0,0,,,,0,3,,,,,,,,,,,,,,,,,,,,,,,,,,
45,upsert,0,L0035,2048,0,1787901765.485792,17.38124942779541,45,0,45,1787901748.1045425,conc4,agg_static@rho0.8,1,0.55,0.0,4,0.8,agg_static,1787901748.104535,0,2048,,0,0,0,0,0,0,0,1,24,6.018867330117659,0;1;0;1,54,0,0,,,,0,2,,,,,,,,,,,,,,,,,,,,,,,,,,
46,upsert,1,L0025,2048,0,1787901765.48582,17.381141424179077,46,0,46,1787901748.1046786,conc4,agg_static@rho0.8,1,0.55,0.0,4,0.8,agg_static,1787901748.104673,0,2048,,0,0,0,0,0,0,0,1,25,6.018867330117659,0;0;0;1,54,0,0,,,,0,1,,,,,,,,,,,,,,,,,,,,,,,,,,
47,upsert,3,L0034,3072,2048,1787901765.4858465,17.381042003631592,47,0,47,1787901748.1048045,conc4,agg_static@rho0.8,1,0.55,0.0,4,0.8,agg_static,1787901748.1047976,2048,1024,22.330778121948242,0,0,0,0,0,0,0,3,26,6.018867330117659,0;0;0;0,54,1,0,,,,0,0,,,,,,,,,,,,,,,,,,,,,,,,,,
48,upsert,2,L0039,2048,0,1787901784.1996949,30.815727949142456,48,0,48,1787901753.383967,conc4,agg_static@rho0.8,1,0.55,0.0,4,0.8,agg_static,1787901753.3839488,0,2048,,0,0,0,0,0,0,0,1,19,10.81641940275828,1;1;0;1,59,0,0,,,,0,3,,,,,,,,,,,,,,,,,,,,,,,,,,
49,upsert,1,L0013,2560,2048,1787901784.1998384,30.815606117248535,49,0,49,1787901753.3842323,conc4,agg_static@rho0.8,1,0.55,0.0,4,0.8,agg_static,1787901753.3842225,2048,512,30.542649030685425,0,2048,2048,0,2048,1,0,2,20,10.81641940275828,1;0;0;1,59,0,0,,,,0,2,,,,,,,,,,,,,,,,,,,,,,,,,,
51,upsert,0,L0000,2048,2560,1787901784.1999068,30.81534695625305,50,0,51,1787901753.3845599,conc4,agg_static@rho0.8,1,0.55,0.0,4,0.8,agg_static,1787901753.3845527,2560,-512,13.655605554580688,0,0,2048,0,2048,1,0,4,22,10.81641940275828,0;0;0;0,59,1,0,,,,0,0,,,,,,,,,,,,,,,,,,,,,,,,,,
52,upsert,3,L0014,2048,0,1787901790.7139606,29.63080596923828,51,0,52,1787901761.0831547,conc4,agg_static@rho0.8,1,0.55,0.0,4,0.8,agg_static,1787901761.0831277,0,2048,,0,0,0,0,0,0,0,1,16,15.537419654428959,3;0;0;0,65,0,0,,,,0,3,,,,,,,,,,,,,,,,,,,,,,,,,,
53,upsert,0,L0006,2560,0,1787901790.714087,29.63035821914673,52,0,53,1787901761.0837288,conc4,agg_static@rho0.8,1,0.55,0.0,4,0.8,agg_static,1787901761.0837111,0,2560,,0,0,2048,0,2048,1,0,2,17,15.537419654428959,2;0;0;0,65,0,0,,,,0,2,,,,,,,,,,,,,,,,,,,,,,,,,,
54,upsert,0,L0024,2560,2048,1787901790.7141533,29.629918575286865,53,0,54,1787901761.0842347,conc4,agg_static@rho0.8,1,0.55,0.0,4,0.8,agg_static,1787901761.0842159,2048,512,35.3108651638031,0,2048,2048,0,2048,1,0,2,18,15.537419654428959,1;0;0;0,65,0,0,,,,0,1,,,,,,,,,,,,,,,,,,,,,,,,,,
55,upsert,0,L0022,2560,2048,1787901790.7142308,29.629544019699097,54,0,55,1787901761.0846868,conc4,agg_static@rho0.8,1,0.55,0.0,4,0.8,agg_static,1787901761.0846715,2048,512,41.19623064994812,0,2048,2048,0,2048,1,0,2,19,15.537419654428959,0;0;0;0,65,0,0,,,,0,0,,,,,,,,,,,,,,,,,,,,,,,,,,
56,upsert,2,L0001,2560,2048,1787901790.7142744,27.556496143341064,55,0,56,1787901763.1577783,conc4,agg_static@rho0.8,1,0.55,0.0,4,0.8,agg_static,1787901763.1577504,2048,512,18.204845428466797,0,2560,2560,0,2560,1,0,5,20,15.537419654428959,1;1;0;1,73,1,0,,,,0,3,,,,,,,,,,,,,,,,,,,,,,,,,,
57,upsert,0,L0022,3072,2560,1787901790.7143168,27.55592918395996,56,0,57,1787901763.1583877,conc4,agg_static@rho0.8,1,0.55,0.0,4,0.8,agg_static,1787901763.1583676,2560,512,2.0736961364746094,0,2048,2048,0,2048,1,0,3,21,15.537419654428959,0;1;0;1,73,1,0,,,,0,2,,,,,,,,,,,,,,,,,,,,,,,,,,
58,upsert,3,L0021,2560,2048,1787901790.7143624,27.55546760559082,57,0,58,1787901763.1588948,conc4,agg_static@rho0.8,1,0.55,0.0,4,0.8,agg_static,1787901763.1588774,2048,512,50.688761949539185,0,2048,2048,0,2048,1,0,2,22,15.537419654428959,0;1;0;0,73,0,0,,,,0,1,,,,,,,,,,,,,,,,,,,,,,,,,,
59,upsert,1,L0013,3072,2560,1787901790.7144036,27.55505061149597,58,0,59,1787901763.159353,conc4,agg_static@rho0.8,1,0.55,0.0,4,0.8,agg_static,1787901763.1593368,2560,512,9.775114297866821,0,2048,2048,0,2048,1,0,3,23,15.537419654428959,0;0;0;0,73,1,0,,,,0,0,,,,,,,,,,,,,,,,,,,,,,,,,,
60,upsert,1,L0052,2048,0,1787901805.5711055,39.54638648033142,59,0,60,1787901766.024719,conc4,agg_static@rho0.8,1,0.55,0.0,4,0.8,agg_static,1787901766.0246947,0,2048,,0,0,0,0,0,0,0,1,14,21.27542844414711,1;0;1;1,79,0,0,,,,0,3,,,,,,,,,,,,,,,,,,,,,,,,,,
61,upsert,3,L0021,3072,2560,1787901805.571258,39.545984745025635,60,0,61,1787901766.0252733,conc4,agg_static@rho0.8,1,0.55,0.0,4,0.8,agg_static,1787901766.025253,2560,512,2.866375684738159,0,2048,2048,0,2048,1,0,3,15,21.27542844414711,1;0;1;0,79,1,0,,,,0,2,,,,,,,,,,,,,,,,,,,,,,,,,,
62,upsert,0,L0040,2048,0,1787901805.5713255,39.54554271697998,61,0,62,1787901766.0257828,conc4,agg_static@rho0.8,1,0.55,0.0,4,0.8,agg_static,1787901766.0257676,0,2048,,0,0,0,0,0,0,0,1,16,21.27542844414711,0;0;1;0,79,0,0,,,,0,1,,,,,,,,,,,,,,,,,,,,,,,,,,
63,upsert,2,L0007,3072,2560,1787901805.5713787,39.5451717376709,62,0,63,1787901766.026207,conc4,agg_static@rho0.8,1,0.55,0.0,4,0.8,agg_static,1787901766.0261903,2560,512,43.18480920791626,0,2560,2560,0,2560,1,0,3,17,21.27542844414711,0;0;0;0,79,0,0,,,,0,0,,,,,,,,,,,,,,,,,,,,,,,,,,
64,upsert,3,L0070,2048,0,1787901805.5714245,36.396337270736694,63,1,64,1787901769.1750872,conc4,agg_static@rho0.8,1,0.55,0.0,4,0.8,agg_static,1787901769.1750612,0,2048,,0,0,0,0,0,0,0,1,18,21.27542844414711,1;1;1;0,83,0,1,0,0,1,0,3,120,120,15.99115800857544,,2,2,2,2,0,0,0,0,0,0.0,0.0,0.0,36396.337270736694,0.0,174.089215,2080.0,0,0,0,0,0,0
65,upsert,2,L0077,2048,0,1787901805.5714655,36.39581751823425,64,0,65,1787901769.175648,conc4,agg_static@rho0.8,1,0.55,0.0,4,0.8,agg_static,1787901769.175631,0,2048,,0,0,0,0,0,0,0,1,19,21.27542844414711,1;1;0;0,83,0,0,,,,0,2,,,,,,,,,,,,,,,,,,,,,,,,,,
66,upsert,1,L0086,2048,0,1787901805.5715063,36.39542531967163,65,0,66,1787901769.176081,conc4,agg_static@rho0.8,1,0.55,0.0,4,0.8,agg_static,1787901769.1760666,0,2048,,0,0,0,0,0,0,0,1,20,21.27542844414711,1;0;0;0,83,0,0,,,,0,1,,,,,,,,,,,,,,,,,,,,,,,,,,
67,upsert,0,L0095,2048,0,1787901805.5715523,36.39504289627075,66,0,67,1787901769.1765094,conc4,agg_static@rho0.8,1,0.55,0.0,4,0.8,agg_static,1787901769.176496,0,2048,,0,0,0,0,0,0,0,1,21,21.27542844414711,0;0;0;0,83,0,0,,,,0,0,,,,,,,,,,,,,,,,,,,,,,,,,,
68,upsert,3,L0125,2048,0,1787901805.5715911,33.47263765335083,67,0,68,1787901772.0989535,conc4,agg_static@rho0.8,1,0.55,0.0,4,0.8,agg_static,1787901772.098934,0,2048,,0,0,0,0,0,0,0,1,22,21.27542844414711,1;1;1;0,87,0,0,,,,0,3,,,,,,,,,,,,,,,,,,,,,,,,,,
69,upsert,0,L0069,2048,0,1787901805.5716505,33.47241187095642,68,0,69,1787901772.0992386,conc4,agg_static@rho0.8,1,0.55,0.0,4,0.8,agg_static,1787901772.0992305,0,2048,,0,0,0,0,0,0,0,1,23,21.27542844414711,0;1;1;0,87,0,0,,,,0,2,,,,,,,,,,,,,,,,,,,,,,,,,,
70,upsert,2,L0068,2048,0,1787901805.5716956,33.472304821014404,69,3,70,1787901772.0993907,conc4,agg_static@rho0.8,1,0.55,0.0,4,0.8,agg_static,1787901772.099385,0,2048,,0,0,0,0,0,0,0,1,24,21.27542844414711,0;1;0;0,87,0,1,0,1,0,0,1,104,104,0.20038247108459473,,3,2,3,2,0,0,0,2048,2048,40.96,0.0,40.96,33472.304821014404,40.96,1260.160595,2080.0,1,2,2,40.96,79.92,79.92
71,upsert,1,L0109,2048,0,1787901805.5717356,33.47221326828003,70,1,71,1787901772.0995224,conc4,agg_static@rho0.8,1,0.55,0.0,4,0.8,agg_static,1787901772.0995169,0,2048,,0,0,0,0,0,0,0,1,25,21.27542844414711,0;0;0;0,87,0,1,0,1,0,0,0,119,119,11.682943105697632,,0,1,0,1,0,1,0,2048,2048,40.96,2.0,38.96,33472.21326828003,38.96,3543.099056,2080.0,1,1,1,38.96,38.96,38.96
72,upsert,3,L0106,2048,0,1787901805.5717752,29.29127788543701,71,0,72,1787901776.2804973,conc4,agg_static@rho0.8,1,0.55,0.0,4,0.8,agg_static,1787901776.2804687,0,2048,,0,0,0,0,0,0,0,1,26,21.27542844414711,1;1;1;0,91,0,0,,,,0,3,,,,,,,,,,,,,,,,,,,,,,,,,,
73,upsert,1,L0077,2560,0,1787901805.5718129,29.29074788093567,72,0,73,1787901776.281065,conc4,agg_static@rho0.8,1,0.55,0.0,4,0.8,agg_static,1787901776.2810478,0,2560,,0,0,0,0,0,0,0,2,27,21.27542844414711,1;0;1;0,91,0,0,,,,0,2,,,,,,,,,,,,,,,,,,,,,,,,,,
74,upsert,2,L0070,2560,0,1787901805.5718508,29.29032826423645,73,1,74,1787901776.2815225,conc4,agg_static@rho0.8,1,0.55,0.0,4,0.8,agg_static,1787901776.2815077,0,2560,,0,0,0,0,0,0,0,2,28,21.27542844414711,1;0;0;0,91,0,1,0,1,0,0,1,120,120,15.990731716156006,,3,2,3,2,0,0,0,0,0,0.0,0.0,0.0,29290.32826423645,0.0,174.089215,2080.0,1,1,1,0.0,0.0,0.0
75,upsert,0,L0064,2048,0,1787901824.2282445,47.946311473846436,74,1,75,1787901776.281933,conc4,agg_static@rho0.8,1,0.55,0.0,4,0.8,agg_static,1787901776.2819197,0,2048,,0,0,0,0,0,0,0,1,29,21.27542844414711,0;0;0;0,91,0,1,0,1,0,0,0,125,125,0.05815863609313965,,2,0,2,0,0,1,0,2048,2048,40.96,2.0,38.96,47946.311473846436,38.96,2783.815299,3136.0,1,1,1,38.96,38.96,38.96
76,upsert,3,L0099,2048,0,1787901824.2283573,44.93176507949829,75,0,76,1787901779.2965922,conc4,agg_static@rho0.8,1,0.55,0.0,4,0.8,agg_static,1787901779.2965655,0,2048,,0,0,0,0,0,0,0,1,30,21.27542844414711,1;1;1;0,95,0,0,,,,0,3,,,,,,,,,,,,,,,,,,,,,,,,,,
77,upsert,2,L0122,2048,0,1787901824.228417,44.931243658065796,76,0,77,1787901779.2971733,conc4,agg_static@rho0.8,1,0.55,0.0,4,0.8,agg_static,1787901779.2971442,0,2048,,0,0,0,0,0,0,0,1,31,21.27542844414711,1;1;0;0,95,0,0,,,,0,2,,,,,,,,,,,,,,,,,,,,,,,,,,
78,upsert,1,L0090,2048,0,1787901824.2284677,44.93085956573486,77,0,78,1787901779.2976081,conc4,agg_static@rho0.8,1,0.55,0.0,4,0.8,agg_static,1787901779.297593,0,2048,,0,0,0,0,0,0,0,1,32,21.27542844414711,1;0;0;0,95,0,0,,,,0,1,,,,,,,,,,,,,,,,,,,,,,,,,,
79,upsert,0,L0093,2048,0,1787901824.2285154,44.930503368377686,78,0,79,1787901779.298012,conc4,agg_static@rho0.8,1,0.55,0.0,4,0.8,agg_static,1787901779.2979975,0,2048,,0,0,0,0,0,0,0,1,33,21.27542844414711,0;0;0;0,95,0,0,,,,0,0,,,,,,,,,,,,,,,,,,,,,,,,,,
80,upsert,3,L0076,2048,0,1787901824.2285552,40.69660758972168,79,0,80,1787901783.5319476,conc4,agg_static@rho0.8,1,0.55,0.0,4,0.8,agg_static,1787901783.5319223,0,2048,,0,0,0,0,0,0,0,1,34,21.27542844414711,1;1;1;0,99,0,0,,,,0,3,,,,,,,,,,,,,,,,,,,,,,,,,,
81,upsert,0,L0072,2048,0,1787901824.228593,40.69607424736023,80,0,81,1787901783.5325189,conc4,agg_static@rho0.8,1,0.55,0.0,4,0.8,agg_static,1787901783.5325003,0,2048,,0,0,0,0,0,0,0,1,35,21.27542844414711,0;1;1;0,99,0,0,,,,0,2,,,,,,,,,,,,,,,,,,,,,,,,,,
33,upsert,1,L0042,2560,0,1787901897.171124,33.6845383644104,1,0,33,1787901863.4865856,conc4,agg_full@rho0.8,1,0.55,0.0,4,0.8,agg_full,1787901863.4865685,0,2560,,0,0,0,0,0,0,0,2,34,,0;0;1;1,36,0,0,,,,0,2,,,,,,,,,,,,,,,,,,,,,,,,,,
39,upsert,3,L0033,2560,0,1787901899.0282433,31.55376386642456,2,0,39,1787901867.4744794,conc4,agg_full@rho0.8,1,0.55,0.0,4,0.8,agg_full,1787901867.474468,0,2560,,0,0,0,0,0,0,0,2,40,,0;0;0;0,40,0,0,,,,0,0,,,,,,,,,,,,,,,,,,,,,,,,,,
43,upsert,2,L0033,3072,0,1787901899.0283825,26.80606722831726,3,0,43,1787901872.2223153,conc4,agg_full@rho0.8,1,0.55,0.0,4,0.8,agg_full,1787901872.2223,2048,1024,19.750873565673828,0,0,0,0,0,0,0,3,44,,0;0;0;0,44,1,0,,,,0,0,,,,,,,,,,,,,,,,,,,,,,,,,,
47,upsert,3,L0034,3072,0,1787901905.5711381,30.10516381263733,4,0,47,1787901875.4659743,conc4,agg_full@rho0.8,1,0.55,0.0,4,0.8,agg_full,1787901875.4659677,2048,1024,22.994451999664307,0,0,0,0,0,0,0,3,48,,0;0;0;0,48,1,0,,,,0,0,,,,,,,,,,,,,,,,,,,,,,,,,,
50,upsert,1,L0000,3072,0,1787901905.5712812,24.60206699371338,5,0,50,1787901880.9692142,conc4,agg_full@rho0.8,1,0.55,0.0,4,0.8,agg_full,1787901880.9692013,0,3072,,0,0,0,0,0,0,0,4,51,,0;0;0;1,52,0,0,,,,0,1,,,,,,,,,,,,,,,,,,,,,,,,,,
51,upsert,3,L0000,2048,0,1787901905.57135,24.601808547973633,6,0,51,1787901880.9695415,conc4,agg_full@rho0.8,1,0.55,0.0,4,0.8,agg_full,1787901880.9695258,2048,0,25.404333353042603,0,0,0,0,0,0,0,4,52,,0;0;0;0,52,1,0,,,,0,0,,,,,,,,,,,,,,,,,,,,,,,,,,
55,upsert,2,L0022,2560,0,1787901905.5714006,20.570021390914917,7,0,55,1787901885.0013793,conc4,agg_full@rho0.8,1,0.55,0.0,4,0.8,agg_full,1787901885.001368,0,2560,,0,0,0,0,0,0,0,2,56,,0;0;0;0,56,0,0,,,,0,0,,,,,,,,,,,,,,,,,,,,,,,,,,
56,upsert,0,L0001,2560,0,1787901905.5714495,15.395058631896973,8,0,56,1787901890.176391,conc4,agg_full@rho0.8,1,0.55,0.0,4,0.8,agg_full,1787901890.1763587,3072,-512,17.955057382583618,0,0,0,0,0,0,0,5,57,,0;1;1;1,60,1,0,,,,0,3,,,,,,,,,,,,,,,,,,,,,,,,,,
57,upsert,1,L0022,3072,0,1787901905.5714948,15.394678115844727,9,0,57,1787901890.1768167,conc4,agg_full@rho0.8,1,0.55,0.0,4,0.8,agg_full,1787901890.1768003,0,3072,,0,0,0,0,0,0,0,3,58,,0;0;1;1,60,0,0,,,,0,2,,,,,,,,,,,,,,,,,,,,,,,,,,
58,upsert,2,L0021,2560,0,1787901905.5715394,15.394367218017578,10,0,58,1787901890.1771722,conc4,agg_full@rho0.8,1,0.55,0.0,4,0.8,agg_full,1787901890.1771438,0,2560,,0,0,0,0,0,0,0,2,59,,0;0;0;1,60,0,0,,,,0,1,,,,,,,,,,,,,,,,,,,,,,,,,,
59,upsert,3,L0013,3072,0,1787901914.4283066,24.250845432281494,11,0,59,1787901890.1774611,conc4,agg_full@rho0.8,1,0.55,0.0,4,0.8,agg_full,1787901890.177449,0,3072,,0,0,0,0,0,0,0,3,60,,0;0;0;0,60,0,0,,,,0,0,,,,,,,,,,,,,,,,,,,,,,,,,,
60,upsert,0,L0052,2048,0,1787901914.4283879,21.270005226135254,12,0,60,1787901893.1583827,conc4,agg_full@rho0.8,1,0.55,0.0,4,0.8,agg_full,1787901893.158356,0,2048,,0,0,0,0,0,0,0,1,61,,0;1;1;1,64,0,0,,,,0,3,,,,,,,,,,,,,,,,,,,,,,,,,,
61,upsert,2,L0021,3072,2560,1787901914.4284282,21.26966118812561,13,0,61,1787901893.158767,conc4,agg_full@rho0.8,1,0.55,0.0,4,0.8,agg_full,1787901893.1587474,2560,512,2.9816036224365234,0,0,0,0,0,0,0,3,62,,0;1;0;1,64,1,0,,,,0,2,,,,,,,,,,,,,,,,,,,,,,,,,,
62,upsert,1,L0040,2048,0,1787901914.4284632,21.269346475601196,14,0,62,1787901893.1591167,conc4,agg_full@rho0.8,1,0.55,0.0,4,0.8,agg_full,1787901893.1591034,0,2048,,0,0,0,0,0,0,0,1,63,,0;0;0;1,64,0,0,,,,0,1,,,,,,,,,,,,,,,,,,,,,,,,,,
63,upsert,3,L0007,3072,0,1787901914.4284925,21.26910924911499,15,0,63,1787901893.1593833,conc4,agg_full@rho0.8,1,0.55,0.0,4,0.8,agg_full,1787901893.1593692,2560,512,43.507009506225586,0,0,0,0,0,0,0,3,64,,0;0;0;0,64,1,0,,,,0,0,,,,,,,,,,,,,,,,,,,,,,,,,,
64,upsert,0,L0070,2048,0,1787901914.4285202,18.463252067565918,16,2,64,1787901895.9652681,conc4,agg_full@rho0.8,1,0.55,0.0,4,0.8,agg_full,1787901895.9652386,0,2048,,0,0,0,0,0,0,0,1,65,,0;1;1;1,68,0,1,0,1,0,0,3,90,90,0.24833202362060547,,1,0,1,0,0,1,0,2048,2048,40.96,2.0,38.96,18463.252067565918,38.96,4476.109564,2080.0,1,1,1,38.96,38.96,38.96
65,upsert,3,L0077,2048,0,1787901914.4285452,18.462878704071045,17,0,65,1787901895.9656665,conc4,agg_full@rho0.8,1,0.55,0.0,4,0.8,agg_full,1787901895.9656496,0,2048,,0,0,0,0,0,0,0,1,66,,0;1;1;0,68,0,0,,,,0,2,,,,,,,,,,,,,,,,,,,,,,,,,,
66,upsert,1,L0086,2048,0,1787901914.4285736,18.462630033493042,18,0,66,1787901895.9659436,conc4,agg_full@rho0.8,1,0.55,0.0,4,0.8,agg_full,1787901895.96593,0,2048,,0,0,0,0,0,0,0,1,67,,0;0;1;0,68,0,0,,,,0,1,,,,,,,,,,,,,,,,,,,,,,,,,,
67,upsert,2,L0095,2048,0,1787901926.1140356,30.14782476425171,19,0,67,1787901895.9662108,conc4,agg_full@rho0.8,1,0.55,0.0,4,0.8,agg_full,1787901895.9661982,0,2048,,0,0,0,0,0,0,0,1,68,,0;0;0;0,68,0,0,,,,0,0,,,,,,,,,,,,,,,,,,,,,,,,,,
68,upsert,0,L0125,2048,0,1787901926.114146,26.97916030883789,20,0,68,1787901899.1349857,conc4,agg_full@rho0.8,1,0.55,0.0,4,0.8,agg_full,1787901899.1349573,0,2048,,0,0,0,0,0,0,0,1,66,30.681456486384075,0;1;1;1,72,0,0,,,,0,3,,,,,,,,,,,,,,,,,,,,,,,,,,
69,upsert,1,L0069,2048,0,1787901926.1142335,26.978749990463257,21,0,69,1787901899.1354835,conc4,agg_full@rho0.8,1,0.55,0.0,4,0.8,agg_full,1787901899.1354654,0,2048,,0,0,0,0,0,0,0,1,67,30.681456486384075,0;0;1;1,72,0,0,,,,0,2,,,,,,,,,,,,,,,,,,,,,,,,,,
70,upsert,2,L0068,2048,0,1787901926.1142867,26.978461027145386,22,3,70,1787901899.1358256,conc4,agg_full@rho0.8,1,0.55,0.0,4,0.8,agg_full,1787901899.1358116,0,2048,,0,0,0,0,0,0,0,1,68,30.681456486384075,0;0;0;1,72,0,1,0,1,0,0,1,104,104,7.550642728805542,,1,2,1,2,0,0,0,2048,2048,40.96,0.0,40.96,26978.461027145386,40.96,1160.511109,2080.0,1,3,3,40.96,120.88,120.88
71,upsert,3,L0109,2048,0,1787901926.1143167,26.978176832199097,23,1,71,1787901899.1361399,conc4,agg_full@rho0.8,1,0.55,0.0,4,0.8,agg_full,1787901899.1361268,0,2048,,0,0,0,0,0,0,0,1,69,30.681456486384075,0;0;0;0,72,0,1,0,1,0,0,0,119,119,21.708871364593506,,0,3,0,3,0,1,0,2048,2048,40.96,2.0,38.96,26978.176832199097,38.96,3899.096661,2080.0,1,1,1,38.96,38.96,38.96
72,upsert,0,L0106,2048,0,1787901926.1143446,22.970369338989258,24,0,72,1787901903.1439753,conc4,agg_full@rho0.8,1,0.55,0.0,4,0.8,agg_full,1787901903.143946,0,2048,,0,0,0,0,0,0,0,1,70,30.681456486384075,0;1;1;1,76,0,0,,,,0,3,,,,,,,,,,,,,,,,,,,,,,,,,,
73,upsert,2,L0077,2560,0,1787901926.1143696,22.969873189926147,25,0,73,1787901903.1444964,conc4,agg_full@rho0.8,1,0.55,0.0,4,0.8,agg_full,1787901903.1444786,0,2560,,0,0,0,0,0,0,0,2,71,30.681456486384075,0;1;0;1,76,0,0,,,,0,2,,,,,,,,,,,,,,,,,,,,,,,,,,
74,upsert,1,L0070,2560,0,1787901941.5711107,38.42623019218445,26,1,74,1787901903.1448805,conc4,agg_full@rho0.8,1,0.55,0.0,4,0.8,agg_full,1787901903.1448665,0,2560,,0,0,0,0,0,0,0,2,72,30.681456486384075,0;0;0;1,76,0,1,0,1,0,0,1,120,120,11.651646137237549,,0,1,0,1,0,0,2048,2560,512,10.24,0.0,10.24,38426.23019218445,10.24,254.019002,2080.0,1,1,1,10.24,10.24,10.24
75,upsert,3,L0064,2048,0,1787901941.5712566,38.42601299285889,27,3,75,1787901903.1452436,conc4,agg_full@rho0.8,1,0.55,0.0,4,0.8,agg_full,1787901903.14523,0,2048,,0,0,0,0,0,0,0,1,73,30.681456486384075,0;0;0;0,76,0,1,0,1,0,0,0,113,113,0.9540691375732422,,2,3,2,3,0,1,0,2048,2048,40.96,2.0,38.96,38426.01299285889,38.96,4416.543897,2080.0,1,3,3,38.96,116.88,116.88
76,upsert,0,L0099,2048,0,1787901941.5713186,35.11511278152466,28,0,76,1787901906.4562058,conc4,agg_full@rho0.8,1,0.55,0.0,4,0.8,agg_full,1787901906.4561746,0,2048,,0,0,0,0,0,0,0,1,67,23.810753417015075,0;1;1;1,80,0,0,,,,0,3,,,,,,,,,,,,,,,,,,,,,,,,,,
77,upsert,3,L0122,2048,0,1787901941.57137,35.11464715003967,29,0,77,1787901906.4567227,conc4,agg_full@rho0.8,1,0.55,0.0,4,0.8,agg_full,1787901906.456704,0,2048,,0,0,0,0,0,0,0,1,68,23.810753417015075,0;1;1;0,80,0,0,,,,0,2,,,,,,,,,,,,,,,,,,,,,,,,,,
78,upsert,1,L0090,2048,0,1787901941.5714142,35.114327907562256,30,0,78,1787901906.4570863,conc4,agg_full@rho0.8,1,0.55,0.0,4,0.8,agg_full,1787901906.4570713,0,2048,,0,0,0,0,0,0,0,1,69,23.810753417015075,0;0;1;0,80,0,0,,,,0,1,,,,,,,,,,,,,,,,,,,,,,,,,,
79,upsert,2,L0093,2048,0,1787901941.5714555,35.1140193939209,31,0,79,1787901906.457436,conc4,agg_full@rho0.8,1,0.55,0.0,4,0.8,agg_full,1787901906.4574227,0,2048,,0,0,0,0,0,0,0,1,70,23.810753417015075,0;0;0;0,80,0,0,,,,0,0,,,,,,,,,,,,,,,,,,,,,,,,,,
80,upsert,0,L0076,2048,0,1787901941.5714934,30.82269835472107,32,0,80,1787901910.748795,conc4,agg_full@rho0.8,1,0.55,0.0,4,0.8,agg_full,1787901910.7487595,0,2048,,0,0,0,0,0,0,0,1,71,23.810753417015075,0;1;1;1,84,0,0,,,,0,3,,,,,,,,,,,,,,,,,,,,,,,,,,
81,upsert,1,L0072,2048,0,1787901941.57154,30.82219123840332,33,0,81,1787901910.7493489,conc4,agg_full@rho0.8,1,0.55,0.0,4,0.8,agg_full,1787901910.749331,0,2048,,0,0,0,0,0,0,0,1,72,23.810753417015075,0;0;1;1,84,0,0,,,,0,2,,,,,,,,,,,,,,,,,,,,,,,,,,
82,upsert,2,L0096,2048,0,1787901953.1422484,42.392523765563965,34,0,82,1787901910.7497246,conc4,agg_full@rho0.8,1,0.55,0.0,4,0.8,agg_full,1787901910.7497106,0,2048,,0,0,0,0,0,0,0,1,73,23.810753417015075,0;0;0;1,84,0,0,,,,0,1,,,,,,,,,,,,,,,,,,,,,,,,,,
83,upsert,3,L0069,2560,0,1787901953.1423724,42.39230728149414,35,0,83,1787901910.750065,conc4,agg_full@rho0.8,1,0.55,0.0,4,0.8,agg_full,1787901910.7500522,0,2560,,0,0,0,0,0,0,0,2,74,23.810753417015075,0;0;0;0,84,0,0,,,,0,0,,,,,,,,,,,,,,,,,,,,,,,,,,
84,upsert,0,L0085,2048,0,1787901953.142441,38.46739840507507,36,0,84,1787901914.6750426,conc4,agg_full@rho0.8,1,0.55,0.0,4,0.8,agg_full,1787901914.675013,0,2048,,0,0,0,0,0,0,0,2,67,22.379181252585518,0;1;1;1,88,0,0,,,,0,3,,,,,,,,,,,,,,,,,,,,,,,,,,
85,upsert,2,L0078,2048,0,1787901953.1424904,38.466902017593384,37,0,85,1787901914.6755884,conc4,agg_full@rho0.8,1,0.55,0.0,4,0.8,agg_full,1787901914.675571,0,2048,,0,0,0,0,0,0,0,1,68,22.379181252585518,0;1;0;1,88,0,0,,,,0,2,,,,,,,,,,,,,,,,,,,,,,,,,,
86,upsert,1,L0085,2560,0,1787901953.142537,38.46656775474548,38,0,86,1787901914.6759694,conc4,agg_full@rho0.8,1,0.55,0.0,4,0.8,agg_full,1787901914.6759553,0,2560,,0,0,0,0,0,0,0,2,69,22.379181252585518,0;0;0;1,88,0,0,,,,0,1,,,,,,,,,,,,,,,,,,,,,,,,,,
87,upsert,3,L0116,2048,0,1787901953.1425815,38.46621823310852,39,0,87,1787901914.6763632,conc4,agg_full@rho0.8,1,0.55,0.0,4,0.8,agg_full,1787901914.6763504,0,2048,,0,0,0,0,0,0,0,1,70,22.379181252585518,0;0;0;0,88,0,0,,,,0,0,,,,,,,,,,,,,,,,,,,,,,,,,,
88,upsert,0,L0118,2048,0,1787901953.142624,33.170496463775635,40,0,88,1787901919.9721274,conc4,agg_full@rho0.8,1,0.55,0.0,4,0.8,agg_full,1787901919.972098,0,2048,,0,0,0,0,0,0,0,1,71,22.379181252585518,1;1;0;1,93,0,0,,,,0,3,,,,,,,,,,,,,,,,,,,,,,,,,,
89,upsert,3,L0071,2048,0,1787901953.1426616,33.169986963272095,41,0,89,1787901919.9726746,conc4,agg_full@rho0.8,1,0.55,0.0,4,0.8,agg_full,1787901919.9726558,0,2048,,0,0,0,0,0,0,0,1,72,22.379181252585518,1;1;0;0,93,0,0,,,,0,2,,,,,,,,,,,,,,,,,,,,,,,,,,
90,upsert,0,L0070,3072,2048,1787901957.0282526,37.05519413948059,42,0,90,1787901919.9730585,conc4,agg_full@rho0.8,1,0.55,0.0,4,0.8,agg_full,1787901919.9730413,2048,1024,24.007802724838257,0,2048,2048,0,2048,1,0,3,73,22.379181252585518,0;1;0;0,93,0,0,,,,0,1,,,,,,,,,,,,,,,,,,,,,,,,,,
91,upsert,1,L0064,2560,0,1787901957.0283751,37.054874420166016,43,0,91,1787901919.9735007,conc4,agg_full@rho0.8,1,0.55,0.0,4,0.8,agg_full,1787901919.9734845,0,2560,,0,0,0,0,0,0,0,2,74,22.379181252585518,0;0;0;0,93,0,0,,,,0,0,,,,,,,,,,,,,,,,,,,,,,,,,,
92,upsert,1,L0116,2560,0,1787901957.0284398,32.562068939208984,44,0,92,1787901924.4663708,conc4,agg_full@rho0.8,1,0.55,0.0,4,0.8,agg_full,1787901924.466346,0,2560,,0,0,0,0,0,0,0,2,75,22.379181252585518,1;0;1;1,97,0,0,,,,0,3,,,,,,,,,,,,,,,,,,,,,,,,,,
93,upsert,2,L0072,2560,0,1787901957.0284963,32.561594009399414,45,0,93,1787901924.4669023,conc4,agg_full@rho0.8,1,0.55,0.0,4,0.8,agg_full,1787901924.4668837,0,2560,,0,0,0,0,0,0,0,2,76,22.379181252585518,1;0;0;1,97,0,0,,,,0,2,,,,,,,,,,,,,,,,,,,,,,,,,,
94,upsert,3,L0066,2048,0,1787901957.0285482,32.56122279167175,46,0,94,1787901924.4673254,conc4,agg_full@rho0.8,1,0.55,0.0,4,0.8,agg_full,1787901924.467311,0,2048,,0,0,0,0,0,0,0,1,77,22.379181252585518,1;0;0;0,97,0,0,,,,0,1,,,,,,,,,,,,,,,,,,,,,,,,,,
95,upsert,0,L0120,2048,0,1787901957.028594,32.56091642379761,47,0,95,1787901924.4676776,conc4,agg_full@rho0.8,1,0.55,0.0,4,0.8,agg_full,1787901924.4676633,0,2048,,0,0,0,0,0,0,0,1,78,22.379181252585518,0;0;0;0,97,0,0,,,,0,0,,,,,,,,,,,,,,,,,,,,,,,,,,
96,upsert,1,L0120,2560,0,1787901957.028636,26.739811897277832,48,0,96,1787901930.288824,conc4,agg_full@rho0.8,1,0.55,0.0,4,0.8,agg_full,1787901930.2887998,0,2560,,0,0,0,0,0,0,0,2,72,23.473115119934082,1;0;1;1,101,0,0,,,,0,3,,,,,,,,,,,,,,,,,,,,,,,,,,
0,upsert,0,L0048,2048,0,1787902074.790084,0.005976200103759766,1,0,0,1787902074.7841077,conc8,agg_full@rho0.8,0,0.55,0.0,8,0.8,agg_full,1787902074.7840765,0,2048,,0,0,0,0,0,0,0,1,1,,1;2;2;2,8,0,0,,,,0,7,,,,,,,,,,,,,,,,,,,,,,,,,,
1,upsert,2,L0006,2048,0,1787902074.7902312,0.0059359073638916016,2,0,1,1787902074.7842953,conc8,agg_full@rho0.8,0,0.55,0.0,8,0.8,agg_full,1787902074.7842805,0,2048,,0,0,0,0,0,0,0,1,2,,1;2;1;2,8,0,0,,,,0,6,,,,,,,,,,,,,,,,,,,,,,,,,,
2,upsert,1,L0014,2048,0,1787902074.7903106,0.005904674530029297,3,1,2,1787902074.784406,conc8,agg_full@rho0.8,0,0.55,0.0,8,0.8,agg_full,1787902074.7843945,0,2048,,0,0,0,0,0,0,0,1,3,,1;1;1;2,8,0,1,1,0,1,0,5,57,57,41.62042284011841,,1,1,1,1,1,1,0,0,0,0.0,0.0,0.0,5.904674530029297,0.0,5656.303568,2608.0,0,0,0,0,0,0
6,upsert,1,L0002,2048,0,1787902074.790358,0.005658149719238281,4,0,6,1787902074.7847,conc8,agg_full@rho0.8,0,0.55,0.0,8,0.8,agg_full,1787902074.7846923,0,2048,,0,0,0,0,0,0,0,1,7,,0;0;1;0,8,0,0,,,,0,1,,,,,,,,,,,,,,,,,,,,,,,,,,
3,upsert,3,L0023,2048,0,1787902074.7904174,0.005925178527832031,5,3,3,1787902074.7844923,conc8,agg_full@rho0.8,0,0.55,0.0,8,0.8,agg_full,1787902074.7844822,0,2048,,0,0,0,0,0,0,0,1,4,,1;1;1;1,8,0,1,1,0,1,0,4,35,35,20.64810037612915,,3,3,3,3,1,1,0,0,0,0.0,0.0,0.0,5.925178527832031,0.0,4124.767873,2608.0,0,0,0,0,0,0
5,upsert,3,L0000,2560,0,1787902074.7904704,0.005840301513671875,6,2,5,1787902074.78463,conc8,agg_full@rho0.8,0,0.55,0.0,8,0.8,agg_full,1787902074.7846222,0,2560,,0,0,0,0,0,0,0,2,6,,0;1;1;0,8,0,1,1,0,1,0,2,42,42,27.008923530578613,,3,3,3,3,1,1,0,0,0,0.0,0.0,0.0,5.840301513671875,0.0,2856.553699,2080.0,0,0,0,0,0,0
4,upsert,0,L0000,2048,0,1787902074.790523,0.005956172943115234,7,2,4,1787902074.7845669,conc8,agg_full@rho0.8,0,0.55,0.0,8,0.8,agg_full,1787902074.7845578,0,2048,,0,0,0,0,0,0,0,2,5,,0;1;1;1,8,0,1,0,0,1,0,3,42,42,27.008870840072632,,3,3,3,3,1,1,3072,3072,0,0.0,0.0,0.0,5.956172943115234,0.0,2856.553699,2080.0,0,0,0,0,0,0
7,upsert,2,L0028,2048,0,1787902074.7905726,0.005808830261230469,8,1,7,1787902074.7847638,conc8,agg_full@rho0.8,0,0.55,0.0,8,0.8,agg_full,1787902074.7847564,0,2048,,0,0,0,0,0,0,0,1,8,,0;0;0;0,8,0,1,0,1,0,0,0,55,55,32.71722388267517,,1,2,1,2,1,2,0,2048,2048,40.96,2.0,38.96,5.808830261230469,38.96,7801.987782,2080.0,1,1,1,38.96,38.96,38.96
8,upsert,0,L0040,2048,0,1787902080.4585624,0.007816791534423828,9,0,8,1787902080.4507456,conc8,agg_full@rho0.8,0,0.55,0.0,8,0.8,agg_full,1787902080.450715,0,2048,,0,0,0,0,0,0,0,1,1,0.005875676870346069,1;2;2;2,16,0,0,,,,0,7,,,,,,,,,,,,,,,,,,,,,,,,,,
9,upsert,1,L0017,2048,0,1787902080.4586606,0.0076296329498291016,10,0,9,1787902080.451031,conc8,agg_full@rho0.8,0,0.55,0.0,8,0.8,agg_full,1787902080.4510148,0,2048,,0,0,0,0,0,0,0,1,2,0.005875676870346069,1;1;2;2,16,0,0,,,,0,6,,,,,,,,,,,,,,,,,,,,,,,,,,
10,upsert,2,L0055,2048,0,1787902080.4587204,0.0074808597564697266,11,0,10,1787902080.4512396,conc8,agg_full@rho0.8,0,0.55,0.0,8,0.8,agg_full,1787902080.4512255,0,2048,,0,0,0,0,0,0,0,1,3,0.005875676870346069,1;1;1;2,16,0,0,,,,0,5,,,,,,,,,,,,,,,,,,,,,,,,,,
11,upsert,3,L0000,3072,2560,1787902080.4587774,0.007369518280029297,12,2,11,1787902080.451408,conc8,agg_full@rho0.8,0,0.55,0.0,8,0.8,agg_full,1787902080.4513907,2560,512,5.666768550872803,0,2560,2560,2048,512,2,0,3,4,0.005875676870346069,1;1;1;1,16,0,1,1,0,1,0,4,42,42,21.340616464614868,,3,3,3,3,1,1,0,0,0,0.0,0.0,0.0,7.369518280029297,0.0,2856.553699,2080.0,0,0,0,0,0,0
12,upsert,0,L0001,2048,0,1787902080.7361794,0.28461170196533203,13,0,12,1787902080.4515676,conc8,agg_full@rho0.8,0,0.55,0.0,8,0.8,agg_full,1787902080.4515553,0,2048,,0,0,0,0,0,0,0,1,5,0.005875676870346069,0;1;1;1,16,0,0,,,,0,3,,,,,,,,,,,,,,,,,,,,,,,,,,
13,upsert,2,L0047,2048,0,1787902082.3215256,1.8698205947875977,14,0,13,1787902080.451705,conc8,agg_full@rho0.8,0,0.55,0.0,8,0.8,agg_full,1787902080.4516933,0,2048,,0,0,0,0,0,0,0,1,6,0.005875676870346069,0;1;0;1,16,0,0,,,,0,2,,,,,,,,,,,,,,,,,,,,,,,,,,
14,upsert,1,L0058,2048,0,1787902082.3216023,1.8697593212127686,15,1,14,1787902080.451843,conc8,agg_full@rho0.8,0,0.55,0.0,8,0.8,agg_full,1787902080.4518325,0,2048,,0,0,0,0,0,0,0,1,7,0.005875676870346069,0;0;0;1,16,0,1,0,0,1,0,1,38,38,13.11703610420227,,1,1,1,1,1,1,0,0,0,0.0,0.0,0.0,1869.7593212127686,0.0,3876.224511,2080.0,0,0,0,0,0,0
15,upsert,3,L0034,2048,0,1787902082.3216455,1.869671106338501,16,1,15,1787902080.4519744,conc8,agg_full@rho0.8,0,0.55,0.0,8,0.8,agg_full,1787902080.4519644,0,2048,,0,0,0,0,0,0,0,1,8,0.005875676870346069,0;0;0;0,16,0,1,0,1,0,0,0,50,50,25.185959577560425,,2,3,2,3,0,1,0,2048,2048,40.96,2.0,38.96,1869.671106338501,38.96,4775.996666,2080.0,1,1,1,38.96,38.96,38.96
16,upsert,3,L0023,2560,2048,1787902094.1625292,7.740237712860107,17,3,16,1787902086.4222915,conc8,agg_full@rho0.8,0,0.55,0.0,8,0.8,agg_full,1787902086.4222586,2048,512,11.637776374816895,0,2048,2048,0,2048,1,0,2,1,0.3731978088617325,1;2;1;3,29,0,1,0,0,1,0,7,35,35,1.2759885787963867,,3,3,3,3,1,1,2048,2560,512,10.24,0.0,10.24,7740.237712860107,10.24,4124.767873,2608.0,0,0,0,0,0,0
17,upsert,3,L0000,2048,3072,1787902094.2239482,7.801342964172363,18,2,17,1787902086.4226053,conc8,agg_full@rho0.8,0,0.55,0.0,8,0.8,agg_full,1787902086.4225872,3072,-1024,5.971196413040161,0,3072,3072,2048,1024,2,0,6,2,0.3731978088617325,1;2;1;2,29,0,1,1,0,1,0,6,42,42,7.575445652008057,,3,3,3,3,1,1,0,0,0,0.0,0.0,0.0,7801.342964172363,0.0,2856.553699,2080.0,0,0,0,0,0,0
18,upsert,3,L0000,2560,2048,1787902094.2240374,7.801235675811768,19,2,18,1787902086.4228017,conc8,agg_full@rho0.8,0,0.55,0.0,8,0.8,agg_full,1787902086.4227874,2048,512,0.0002002716064453125,0,3072,3072,2048,1024,2,0,6,3,0.3731978088617325,1;2;1;1,29,1,1,1,0,1,0,5,42,42,7.575356483459473,,3,3,3,3,1,1,0,0,0,0.0,0.0,0.0,7801.235675811768,0.0,2856.553699,2080.0,0,0,0,0,0,0
19,upsert,1,L0046,2048,0,1787902094.224094,7.801116943359375,20,1,19,1787902086.422977,conc8,agg_full@rho0.8,0,0.55,0.0,8,0.8,agg_full,1787902086.4229639,0,2048,,0,0,0,0,0,0,0,1,4,0.3731978088617325,1;1;1;1,29,0,1,0,1,0,0,4,58,58,22.18669629096985,,0,1,0,1,0,2,0,2048,2048,40.96,4.0,36.96,7801.116943359375,36.96,5655.281788,2080.0,1,1,1,36.96,36.96,36.96
20,upsert,2,L0006,2560,2048,1787902098.0044868,11.581338882446289,21,0,20,1787902086.423148,conc8,agg_full@rho0.8,0,0.55,0.0,8,0.8,agg_full,1787902086.4231334,2048,512,11.638852834701538,0,2048,2048,0,2048,1,0,2,5,0.3731978088617325,1;1;0;1,29,0,0,,,,0,3,,,,,,,,,,,,,,,,,,,,,,,,,,
21,upsert,0,L0012,2048,0,1787902098.0046191,11.581297159194946,22,0,21,1787902086.423322,conc8,agg_full@rho0.8,0,0.55,0.0,8,0.8,agg_full,1787902086.42331,0,2048,,0,0,0,0,0,0,0,1,6,0.3731978088617325,0;1;0;1,29,0,0,,,,0,2,,,,,,,,,,,,,,,,,,,,,,,,,,
22,upsert,3,L0000,3072,2560,1787902098.004686,11.581217288970947,23,2,22,1787902086.4234688,conc8,agg_full@rho0.8,0,0.55,0.0,8,0.8,agg_full,1787902086.4234562,2560,512,0.0006687641143798828,0,3072,3072,2048,1024,2,0,6,7,0.3731978088617325,0;1;0;0,29,1,1,0,0,1,0,1,42,42,3.794707775115967,,3,3,3,3,1,1,2560,3072,512,10.24,0.0,10.24,11581.217288970947,10.24,2856.553699,2080.0,0,0,0,0,0,0
23,upsert,1,L0059,2048,0,1787902098.0047433,11.581121683120728,24,0,23,1787902086.4236217,conc8,agg_full@rho0.8,0,0.55,0.0,8,0.8,agg_full,1787902086.4236104,0,2048,,0,0,0,0,0,0,0,1,8,0.3731978088617325,0;0;0;0,29,0,0,,,,0,0,,,,,,,,,,,,,,,,,,,,,,,,,,
24,upsert,1,L0014,2560,2048,1787902105.4678974,10.03113603591919,25,1,24,1787902095.4367614,conc8,agg_full@rho0.8,0,0.55,0.0,8,0.8,agg_full,1787902095.4367292,2048,512,20.652334690093994,0,2048,2048,0,2048,1,0,2,5,1.8557549118995667,2;1;2;2,39,0,1,0,0,1,0,7,57,57,10.942836046218872,,1,1,1,1,1,1,2048,2560,512,10.24,0.0,10.24,10031.13603591919,10.24,5656.303568,2608.0,0,0,0,0,0,0
25,upsert,2,L0012,2560,0,1787902105.4680128,10.030935764312744,26,0,25,1787902095.437077,conc8,agg_full@rho0.8,0,0.55,0.0,8,0.8,agg_full,1787902095.43706,0,2560,,0,0,0,0,0,0,0,2,6,1.8557549118995667,2;1;1;2,39,0,0,,,,0,6,,,,,,,,,,,,,,,,,,,,,,,,,,
26,upsert,0,L0029,2048,0,1787902105.4680793,10.030773878097534,27,0,26,1787902095.4373055,conc8,agg_full@rho0.8,0,0.55,0.0,8,0.8,agg_full,1787902095.4372907,0,2048,,0,0,0,0,0,0,0,2,7,1.8557549118995667,1;1;1;2,39,0,0,,,,0,5,,,,,,,,,,,,,,,,,,,,,,,,,,
27,upsert,0,L0001,2560,2048,1787902105.4681394,10.030646562576294,28,0,27,1787902095.4374928,conc8,agg_full@rho0.8,0,0.55,0.0,8,0.8,agg_full,1787902095.4374774,2048,512,14.98592209815979,0,2048,2048,0,2048,1,0,2,8,1.8557549118995667,0;1;1;2,39,0,0,,,,0,4,,,,,,,,,,,,,,,,,,,,,,,,,,
28,upsert,3,L0030,2048,0,1787902110.1996312,14.761962890625,29,0,28,1787902095.4376683,conc8,agg_full@rho0.8,0,0.55,0.0,8,0.8,agg_full,1787902095.4376564,0,2048,,0,0,0,0,0,0,0,1,9,1.8557549118995667,0;1;1;1,39,0,0,,,,0,3,,,,,,,,,,,,,,,,,,,,,,,,,,
29,upsert,1,L0010,2048,0,1787902110.1997561,14.761921644210815,30,0,29,1787902095.4378345,conc8,agg_full@rho0.8,0,0.55,0.0,8,0.8,agg_full,1787902095.4378235,0,2048,,0,0,0,0,0,0,0,1,10,1.8557549118995667,0;0;1;1,39,0,0,,,,0,2,,,,,,,,,,,,,,,,,,,,,,,,,,
30,upsert,3,L0009,2048,0,1787902110.1998317,14.761836051940918,31,0,30,1787902095.4379957,conc8,agg_full@rho0.8,0,0.55,0.0,8,0.8,agg_full,1787902095.4379852,0,2048,,0,0,0,0,0,0,0,1,11,1.8557549118995667,0;0;1;0,39,0,0,,,,0,1,,,,,,,,,,,,,,,,,,,,,,,,,,
31,upsert,2,L0029,2560,0,1787902110.1998823,14.761730194091797,32,0,31,1787902095.438152,conc8,agg_full@rho0.8,0,0.55,0.0,8,0.8,agg_full,1787902095.4381413,0,2560,,0,0,0,0,0,0,0,2,12,1.8557549118995667,0;0;0;0,39,0,0,,,,0,0,,,,,,,,,,,,,,,,,,,,,,,,,,
32,upsert,3,L0003,2048,0,1787902116.54104,14.745113611221313,33,0,32,1787902101.7959263,conc8,agg_full@rho0.8,0,0.55,0.0,8,0.8,agg_full,1787902101.7958968,0,2048,,0,0,0,0,0,0,0,1,9,3.4766697188218436,2;2;2;1,49,0,0,,,,0,7,,,,,,,,,,,,,,,,,,,,,,,,,,
33,upsert,1,L0005,2048,0,1787902116.5411851,14.744712114334106,34,0,33,1787902101.796473,conc8,agg_full@rho0.8,0,0.55,0.0,8,0.8,agg_full,1787902101.7964563,0,2048,,0,0,0,0,0,0,0,1,10,3.4766697188218436,2;1;2;1,49,0,0,,,,0,6,,,,,,,,,,,,,,,,,,,,,,,,,,
34,upsert,2,L0027,2048,0,1787902116.5412564,14.744389295578003,35,0,34,1787902101.7968671,conc8,agg_full@rho0.8,0,0.55,0.0,8,0.8,agg_full,1787902101.7968526,0,2048,,0,0,0,0,0,0,0,1,11,3.4766697188218436,2;1;1;1,49,0,0,,,,0,5,,,,,,,,,,,,,,,,,,,,,,,,,,
35,upsert,3,L0023,3072,2560,1787902116.5413084,14.744063377380371,36,0,35,1787902101.797245,conc8,agg_full@rho0.8,0,0.55,0.0,8,0.8,agg_full,1787902101.7972279,2560,512,15.374969244003296,0,2560,2560,0,2560,1,0,3,12,3.4766697188218436,2;1;1;0,49,0,0,,,,0,4,,,,,,,,,,,,,,,,,,,,,,,,,,
36,upsert,0,L0029,3072,2048,1787902116.5413582,14.743672132492065,37,0,36,1787902101.797686,conc8,agg_full@rho0.8,0,0.55,0.0,8,0.8,agg_full,1787902101.7976706,2048,1024,6.360379934310913,0,0,0,0,0,0,0,3,13,3.4766697188218436,1;1;1;0,49,1,0,,,,0,3,,,,,,,,,,,,,,,,,,,,,,,,,,
37,upsert,0,L0056,2048,0,1787902116.5414033,14.743298053741455,38,0,37,1787902101.7981052,conc8,agg_full@rho0.8,0,0.55,0.0,8,0.8,agg_full,1787902101.7980926,0,2048,,0,0,0,0,0,0,0,1,14,3.4766697188218436,0;1;1;0,49,0,0,,,,0,2,,,,,,,,,,,,,,,,,,,,,,,,,,
38,upsert,1,L0058,2560,2048,1787902116.5414433,14.742974281311035,39,0,38,1787902101.798469,conc8,agg_full@rho0.8,0,0.55,0.0,8,0.8,agg_full,1787902101.7984545,2048,512,21.346621990203857,0,2048,2048,0,2048,1,0,2,15,3.4766697188218436,0;0;1;0,49,0,0,,,,0,1,,,,,,,,,,,,,,,,,,,,,,,,,,
39,upsert,2,L0030,2560,0,1787902127.321522,25.52267026901245,40,0,39,1787902101.7988517,conc8,agg_full@rho0.8,0,0.55,0.0,8,0.8,agg_full,1787902101.7988403,0,2560,,0,0,0,0,0,0,0,2,16,3.4766697188218436,0;0;0;0,49,0,0,,,,0,0,,,,,,,,,,,,,,,,,,,,,,,,,,
40,upsert,1,L0036,2048,0,1787902127.3216386,19.817317008972168,41,0,40,1787902107.5043216,conc8,agg_full@rho0.8,0,0.55,0.0,8,0.8,agg_full,1787902107.5042903,0,2048,,0,0,0,0,0,0,0,2,13,4.412984481879643,2;1;1;3,59,0,0,,,,0,7,,,,,,,,,,,,,,,,,,,,,,,,,,
41,upsert,3,L0011,2048,0,1787902127.321706,19.816853523254395,42,0,41,1787902107.5048525,conc8,agg_full@rho0.8,0,0.55,0.0,8,0.8,agg_full,1787902107.5048347,0,2048,,0,0,0,0,0,0,0,1,14,4.412984481879643,2;1;1;2,59,0,0,,,,0,6,,,,,,,,,,,,,,,,,,,,,,,,,,
42,upsert,3,L0000,2048,3072,1787902127.321753,19.816486120224,43,0,42,1787902107.505267,conc8,agg_full@rho0.8,0,0.55,0.0,8,0.8,agg_full,1787902107.505249,3072,-1024,21.0817928314209,0,3072,3072,2048,1024,2,0,7,15,4.412984481879643,2;1;1;1,59,0,0,,,,0,5,,,,,,,,,,,,,,,,,,,,,,,,,,
43,upsert,2,L0036,2560,0,1787902127.321801,19.816155672073364,44,0,43,1787902107.5056453,conc8,agg_full@rho0.8,0,0.55,0.0,8,0.8,agg_full,1787902107.5056312,0,2560,,0,0,0,0,0,0,0,2,16,4.412984481879643,2;1;0;1,59,0,0,,,,0,4,,,,,,,,,,,,,,,,,,,,,,,,,,
44,upsert,0,L0004,2048,0,1787902127.3218427,19.81579875946045,45,0,44,1787902107.506044,conc8,agg_full@rho0.8,0,0.55,0.0,8,0.8,agg_full,1787902107.5060303,0,2048,,0,0,0,0,0,0,0,1,17,4.412984481879643,1;1;0;1,59,0,0,,,,0,3,,,,,,,,,,,,,,,,,,,,,,,,,,
45,upsert,1,L0038,2048,0,1787902127.321883,19.815476655960083,46,0,45,1787902107.5064063,conc8,agg_full@rho0.8,0,0.55,0.0,8,0.8,agg_full,1787902107.5063941,0,2048,,0,0,0,0,0,0,0,1,18,4.412984481879643,1;0;0;1,59,0,0,,,,0,2,,,,,,,,,,,,,,,,,,,,,,,,,,
46,upsert,3,L0023,2048,3072,1787902127.321921,19.81517267227173,47,0,46,1787902107.5067484,conc8,agg_full@rho0.8,0,0.55,0.0,8,0.8,agg_full,1787902107.506734,3072,-1024,5.709506034851074,0,2560,2560,0,2560,1,0,4,19,4.412984481879643,1;0;0;0,59,1,0,,,,0,1,,,,,,,,,,,,,,,,,,,,,,,,,,
47,upsert,0,L0018,2048,0,1787902127.3219638,19.81486678123474,48,0,47,1787902107.507097,conc8,agg_full@rho0.8,0,0.55,0.0,8,0.8,agg_full,1787902107.5070846,0,2048,,0,0,0,0,0,0,0,1,20,4.412984481879643,0;0;0;0,59,0,0,,,,0,0,,,,,,,,,,,,,,,,,,,,,,,,,,
48,upsert,3,L0010,2560,0,1787902138.6873882,22.280125379562378,49,0,48,1787902116.4072628,conc8,agg_full@rho0.8,0,0.55,0.0,8,0.8,agg_full,1787902116.4072337,0,2560,,0,0,2048,0,2048,1,0,2,17,5.706594258546829,2;1;3;1,69,0,0,,,,0,7,,,,,,,,,,,,,,,,,,,,,,,,,,
49,upsert,0,L0005,2560,0,1787902138.6875105,22.279654502868652,50,0,49,1787902116.407856,conc8,agg_full@rho0.8,0,0.55,0.0,8,0.8,agg_full,1787902116.4078376,0,2560,,0,0,0,0,0,0,0,2,18,5.706594258546829,1;1;3;1,69,0,0,,,,0,6,,,,,,,,,,,,,,,,,,,,,,,,,,
50,upsert,3,L0034,2560,2048,1787902138.6875713,22.279264450073242,51,0,50,1787902116.4083068,conc8,agg_full@rho0.8,0,0.55,0.0,8,0.8,agg_full,1787902116.4082882,2048,512,35.956323862075806,0,2048,2048,0,2048,1,0,2,19,5.706594258546829,1;1;3;0,69,0,0,,,,0,5,,,,,,,,,,,,,,,,,,,,,,,,,,
51,upsert,2,L0044,2048,0,1787902138.6876197,22.278894424438477,52,0,51,1787902116.4087253,conc8,agg_full@rho0.8,0,0.55,0.0,8,0.8,agg_full,1787902116.4087112,0,2048,,0,0,0,0,0,0,0,1,20,5.706594258546829,1;1;2;0,69,0,0,,,,0,4,,,,,,,,,,,,,,,,,,,,,,,,,,
52,upsert,1,L0062,2048,0,1787902138.687663,22.278569221496582,53,0,52,1787902116.4090939,conc8,agg_full@rho0.8,0,0.55,0.0,8,0.8,agg_full,1787902116.4090805,0,2048,,0,0,0,0,0,0,0,1,21,5.706594258546829,1;0;2;0,69,0,0,,,,0,3,,,,,,,,,,,,,,,,,,,,,,,,,,
53,upsert,2,L0011,2560,0,1787902138.6877089,22.278237104415894,54,0,53,1787902116.4094718,conc8,agg_full@rho0.8,0,0.55,0.0,8,0.8,agg_full,1787902116.4094586,0,2560,,0,0,0,0,0,0,0,2,22,5.706594258546829,1;0;1;0,69,0,0,,,,0,2,,,,,,,,,,,,,,,,,,,,,,,,,,
54,upsert,0,L0031,2048,0,1787902138.6877499,22.277889490127563,55,0,54,1787902116.4098604,conc8,agg_full@rho0.8,0,0.55,0.0,8,0.8,agg_full,1787902116.409848,0,2048,,0,0,0,0,0,0,0,1,23,5.706594258546829,0;0;1;0,69,0,0,,,,0,1,,,,,,,,,,,,,,,,,,,,,,,,,,
55,upsert,2,L0028,2560,2048,1787902138.6877947,22.27756905555725,56,0,55,1787902116.4102256,conc8,agg_full@rho0.8,0,0.55,0.0,8,0.8,agg_full,1787902116.410211,2048,512,41.62545466423035,0,2048,2048,0,2048,1,0,2,24,5.706594258546829,0;0;0;0,69,0,0,,,,0,0,,,,,,,,,,,,,,,,,,,,,,,,,,
56,upsert,1,L0016,2048,0,1787902148.9556875,25.611281394958496,57,0,56,1787902123.3444061,conc8,agg_full@rho0.8,0,0.55,0.0,8,0.8,agg_full,1787902123.344378,0,2048,,0,0,0,0,0,0,0,1,18,8.93056382983923,1;2;1;3,81,0,0,,,,0,7,,,,,,,,,,,,,,,,,,,,,,,,,,
57,upsert,1,L0014,3072,2560,1787902148.9558165,25.610851526260376,58,0,57,1787902123.344965,conc8,agg_full@rho0.8,0,0.55,0.0,8,0.8,agg_full,1787902123.3449447,2560,512,27.908215522766113,0,2560,2560,0,2560,1,0,3,19,8.93056382983923,1;1;1;3,81,0,0,,,,0,6,,,,,,,,,,,,,,,,,,,,,,,,,,
58,upsert,1,L0046,2560,2048,1787902148.9558814,25.610409021377563,59,0,58,1787902123.3454723,conc8,agg_full@rho0.8,0,0.55,0.0,8,0.8,agg_full,1787902123.3454552,2048,512,36.92249131202698,0,2048,2048,0,2048,1,0,2,20,8.93056382983923,1;0;1;3,81,0,0,,,,0,5,,,,,,,,,,,,,,,,,,,,,,,,,,
59,upsert,3,L0042,2048,0,1787902148.9559348,25.61003875732422,60,0,59,1787902123.345896,conc8,agg_full@rho0.8,0,0.55,0.0,8,0.8,agg_full,1787902123.3458815,0,2048,,0,0,0,0,0,0,0,1,21,8.93056382983923,1;0;1;2,81,0,0,,,,0,4,,,,,,,,,,,,,,,,,,,,,,,,,,
60,upsert,3,L0000,2560,2048,1787902148.9559863,25.60969352722168,61,0,60,1787902123.3462927,conc8,agg_full@rho0.8,0,0.55,0.0,8,0.8,agg_full,1787902123.3462765,2048,512,15.84102749824524,0,3072,3072,2048,1024,2,0,8,22,8.93056382983923,1;0;1;1,81,1,0,,,,0,3,,,,,,,,,,,,,,,,,,,,,,,,,,
61,upsert,2,L0056,2560,0,1787902148.9560292,25.609328985214233,62,0,61,1787902123.3467002,conc8,agg_full@rho0.8,0,0.55,0.0,8,0.8,agg_full,1787902123.346687,0,2560,,0,0,2048,0,2048,1,0,2,23,8.93056382983923,1;0;0;1,81,0,0,,,,0,2,,,,,,,,,,,,,,,,,,,,,,,,,,
62,upsert,0,L0063,2048,0,1787902148.956072,25.60897183418274,63,0,62,1787902123.3471003,conc8,agg_full@rho0.8,0,0.55,0.0,8,0.8,agg_full,1787902123.3470883,0,2048,,0,0,0,0,0,0,0,1,24,8.93056382983923,0;0;0;1,81,0,0,,,,0,1,,,,,,,,,,,,,,,,,,,,,,,,,,
63,upsert,3,L0023,2560,2048,1787902148.9561334,25.608635425567627,64,0,63,1787902123.347498,conc8,agg_full@rho0.8,0,0.55,0.0,8,0.8,agg_full,1787902123.3474824,2048,512,15.84074854850769,0,3072,3072,0,3072,1,0,5,25,8.93056382983923,0;0;0;0,81,1,0,,,,0,0,,,,,,,,,,,,,,,,,,,,,,,,,,
64,upsert,1,L0067,2048,0,1787902158.0405805,28.61907982826233,65,0,64,1787902129.4215007,conc8,agg_full@rho0.8,0,0.55,0.0,8,0.8,agg_full,1787902129.4214761,0,2048,,0,0,0,0,0,0,0,1,17,14.496839739382267,2;1;2;2,89,0,0,,,,0,7,,,,,,,,,,,,,,,,,,,,,,,,,,
65,upsert,2,L0072,2048,0,1787902158.0407045,28.618666410446167,66,1,65,1787902129.422038,conc8,agg_full@rho0.8,0,0.55,0.0,8,0.8,agg_full,1787902129.4220219,0,2048,,0,0,0,0,0,0,0,1,18,14.496839739382267,2;1;1;2,89,0,1,0,0,1,0,6,124,124,17.92852234840393,,0,0,0,0,1,1,0,0,0,0.0,0.0,0.0,28618.666410446167,0.0,3809.20539,2608.0,0,0,0,0,0,0
66,upsert,3,L0121,2048,0,1787902158.0407696,28.61831021308899,67,0,66,1787902129.4224594,conc8,agg_full@rho0.8,0,0.55,0.0,8,0.8,agg_full,1787902129.4224446,0,2048,,0,0,0,0,0,0,0,1,19,14.496839739382267,2;1;1;1,89,0,0,,,,0,5,,,,,,,,,,,,,,,,,,,,,,,,,,
67,upsert,0,L0091,2048,0,1787902158.0408182,28.617976903915405,68,0,67,1787902129.4228413,conc8,agg_full@rho0.8,0,0.55,0.0,8,0.8,agg_full,1787902129.4228294,0,2048,,0,0,0,0,0,0,0,1,20,14.496839739382267,1;1;1;1,89,0,0,,,,0,4,,,,,,,,,,,,,,,,,,,,,,,,,,
68,upsert,1,L0083,2048,0,1787902158.0408623,28.617642402648926,69,0,68,1787902129.42322,conc8,agg_full@rho0.8,0,0.55,0.0,8,0.8,agg_full,1787902129.4232073,0,2048,,0,0,0,0,0,0,0,1,21,14.496839739382267,1;0;1;1,89,0,0,,,,0,3,,,,,,,,,,,,,,,,,,,,,,,,,,
69,upsert,3,L0124,2048,0,1787902158.0409036,28.617321968078613,70,0,69,1787902129.4235816,conc8,agg_full@rho0.8,0,0.55,0.0,8,0.8,agg_full,1787902129.423569,0,2048,,0,0,0,0,0,0,0,1,22,14.496839739382267,1;0;1;0,89,0,0,,,,0,2,,,,,,,,,,,,,,,,,,,,,,,,,,
70,upsert,2,L0076,2048,0,1787902158.0409436,28.616981983184814,71,0,70,1787902129.4239616,conc8,agg_full@rho0.8,0,0.55,0.0,8,0.8,agg_full,1787902129.423949,0,2048,,0,0,0,0,0,0,0,1,23,14.496839739382267,1;0;0;0,89,0,0,,,,0,1,,,,,,,,,,,,,,,,,,,,,,,,,,
71,upsert,0,L0077,2048,0,1787902158.0409827,28.616639375686646,72,0,71,1787902129.4243433,conc8,agg_full@rho0.8,0,0.55,0.0,8,0.8,agg_full,1787902129.4243317,0,2048,,0,0,0,0,0,0,0,1,24,14.496839739382267,0;0;0;0,89,0,0,,,,0,0,,,,,,,,,,,,,,,,,,,,,,,,,,
72,upsert,1,L0081,2048,0,1787902158.0410202,21.800642251968384,73,0,72,1787902136.240378,conc8,agg_full@rho0.8,0,0.55,0.0,8,0.8,agg_full,1787902136.240352,0,2048,,0,0,0,0,0,0,0,2,25,14.496839739382267,2;1;2;2,97,0,0,,,,0,7,,,,,,,,,,,,,,,,,,,,,,,,,,
73,upsert,0,L0106,2048,0,1787902158.0410588,21.80013942718506,74,0,73,1787902136.2409194,conc8,agg_full@rho0.8,0,0.55,0.0,8,0.8,agg_full,1787902136.2409027,0,2048,,0,0,0,0,0,0,0,1,26,14.496839739382267,1;1;2;2,97,0,0,,,,0,6,,,,,,,,,,,,,,,,,,,,,,,,,,
74,upsert,3,L0081,2560,0,1787902158.041112,21.799774408340454,75,0,74,1787902136.2413375,conc8,agg_full@rho0.8,0,0.55,0.0,8,0.8,agg_full,1787902136.2413237,0,2560,,0,0,0,0,0,0,0,2,27,14.496839739382267,1;1;2;1,97,0,0,,,,0,5,,,,,,,,,,,,,,,,,,,,,,,,,,
75,upsert,2,L0094,2048,0,1787902158.0411477,21.799393892288208,76,1,75,1787902136.2417538,conc8,agg_full@rho0.8,0,0.55,0.0,8,0.8,agg_full,1787902136.2417407,0,2048,,0,0,0,0,0,0,0,1,28,14.496839739382267,1;1;1;1,97,0,1,0,0,1,0,4,120,120,17.927881717681885,,1,1,1,1,0,0,2560,2560,0,0.0,0.0,0.0,21799.393892288208,0.0,1551.394318,2608.0,0,0,0,0,0,0
76,upsert,1,L0075,2048,0,1787902158.0412107,21.799092292785645,77,2,76,1787902136.2421184,conc8,agg_full@rho0.8,0,0.55,0.0,8,0.8,agg_full,1787902136.242106,0,2048,,0,0,0,0,0,0,0,1,29,14.496839739382267,1;0;1;1,97,0,1,0,1,0,0,3,110,110,1.6873674392700195,,0,1,0,1,1,2,0,2048,2048,40.96,2.0,38.96,21799.092292785645,38.96,8862.018676,2080.0,1,1,1,38.96,38.96,38.96
77,upsert,2,L0069,2048,0,1787902158.041241,21.798753261566162,78,3,77,1787902136.2424877,conc8,agg_full@rho0.8,0,0.55,0.0,8,0.8,agg_full,1787902136.2424762,0,2048,,0,0,0,0,0,0,0,1,30,14.496839739382267,1;0;0;1,97,0,1,0,1,0,0,2,113,113,11.715572118759155,,0,2,0,2,0,0,0,2048,2048,40.96,0.0,40.96,21798.753261566162,40.96,1200.233266,2080.0,1,3,3,40.96,120.88,120.88
78,upsert,3,L0068,2048,0,1787902158.0412645,21.79842519760132,79,2,78,1787902136.2428393,conc8,agg_full@rho0.8,0,0.55,0.0,8,0.8,agg_full,1787902136.2428281,0,2048,,0,0,0,0,0,0,0,1,31,14.496839739382267,1;0;0;0,97,0,1,0,0,1,0,1,105,105,1.6871073246002197,,3,3,3,3,0,0,0,0,0,0.0,0.0,0.0,21798.42519760132,0.0,260.842384,2080.0,0,0,0,0,0,0
79,upsert,0,L0065,2048,0,1787902158.0412915,21.798053741455078,80,1,79,1787902136.2432377,conc8,agg_full@rho0.8,0,0.55,0.0,8,0.8,agg_full,1787902136.2432253,0,2048,,0,0,0,0,0,0,0,1,32,14.496839739382267,0;0;0;0,97,0,1,0,0,1,0,0,114,114,11.715544700622559,,0,0,0,0,0,0,0,0,0,0.0,0.0,0.0,21798.053741455078,0.0,1295.094241,2080.0,0,0,0,0,0,0
81,upsert,3,L0121,2560,2048,1787902160.0288565,16.216127395629883,81,0,81,1787902143.8127291,conc8,agg_full@rho0.8,0,0.55,0.0,8,0.8,agg_full,1787902143.8127084,2048,512,14.390263795852661,0,0,0,0,0,0,0,2,26,17.645630218088627,2;1;2;1,105,1,0,,,,0,6,,,,,,,,,,,,,,,,,,,,,,,,,,
83,upsert,0,L0068,2560,0,1787902160.0289733,16.215410709381104,82,1,83,1787902143.8135626,conc8,agg_full@rho0.8,0,0.55,0.0,8,0.8,agg_full,1787902143.81355,0,2560,,0,0,0,0,0,0,0,2,28,17.645630218088627,1;1;1;1,105,0,1,0,1,0,0,4,116,116,9.727902889251709,,3,0,3,0,1,1,2048,2560,512,10.24,0.0,10.24,16215.410709381104,10.24,1579.634429,2608.0,1,1,1,10.24,10.24,10.24
84,upsert,1,L0094,2560,0,1787902160.0290453,16.215089321136475,83,1,84,1787902143.813956,conc8,agg_full@rho0.8,0,0.55,0.0,8,0.8,agg_full,1787902143.8139439,0,2560,,0,0,0,0,0,0,0,2,29,17.645630218088627,1;0;1;1,105,0,1,0,1,0,0,3,120,120,15.93998408317566,,2,1,2,1,0,0,2048,2560,512,10.24,0.0,10.24,16215.089321136475,10.24,1551.394318,2608.0,1,1,1,10.24,10.24,10.24
85,upsert,0,L0072,2560,0,1787902160.0291069,16.214751958847046,84,1,85,1787902143.814355,conc8,agg_full@rho0.8,0,0.55,0.0,8,0.8,agg_full,1787902143.814343,0,2560,,0,0,0,0,0,0,0,2,30,17.645630218088627,0;0;1;1,105,0,1,0,1,0,0,2,124,124,15.940119981765747,,2,0,2,0,1,1,0,0,0,0.0,0.0,0.0,16214.751958847046,0.0,3809.20539,2608.0,1,1,1,0.0,0.0,0.0
87,upsert,2,L0067,2560,0,1787902160.0291548,16.214072227478027,85,0,87,1787902143.8150826,conc8,agg_full@rho0.8,0,0.55,0.0,8,0.8,agg_full,1787902143.8150716,0,2560,,0,0,0,0,0,0,0,2,32,17.645630218088627,0;0;0;0,105,0,0,,,,0,0,,,,,,,,,,,,,,,,,,,,,,,,,,
91,upsert,0,L0076,2560,0,1787902167.955676,16.820693731307983,86,0,91,1787902151.1349823,conc8,agg_full@rho0.8,0,0.55,0.0,8,0.8,agg_full,1787902151.1349697,0,2560,,0,0,0,0,0,0,0,2,28,20.949013575911522,1;1;1;1,113,0,0,,,,0,4,,,,,,,,,,,,,,,,,,,,,,,,,,
96,upsert,1,L0091,2560,0,1787902172.7605393,13.03562331199646,87,0,96,1787902159.724916,conc8,agg_full@rho0.8,0,0.55,0.0,8,0.8,agg_full,1787902159.7248907,0,2560,,0,0,2048,0,2048,1,0,2,17,24.57644711434841,2;1;2;2,121,0,0,,,,0,7,,,,,,,,,,,,,,,,,,,,,,,,,,
97,upsert,0,L0064,2560,0,1787902172.760662,13.035176515579224,88,0,97,1787902159.7254856,conc8,agg_full@rho0.8,0,0.55,0.0,8,0.8,agg_full,1787902159.7254689,0,2560,,0,0,0,0,0,0,0,2,18,24.57644711434841,1;1;2;2,121,0,0,,,,0,6,,,,,,,,,,,,,,,,,,,,,,,,,,
98,upsert,3,L0100,2560,0,1787902172.7607298,13.034802913665771,89,0,98,1787902159.7259269,conc8,agg_full@rho0.8,0,0.55,0.0,8,0.8,agg_full,1787902159.725907,2048,512,8.591301679611206,0,0,0,0,0,0,0,2,19,24.57644711434841,1;1;2;1,121,1,0,,,,0,5,,,,,,,,,,,,,,,,,,,,,,,,,,
104,upsert,1,L0108,2048,0,1787902178.321576,8.56635069847107,90,0,104,1787902169.7552254,conc8,agg_full@rho0.8,0,0.55,0.0,8,0.8,agg_full,1787902169.7552106,0,2048,,0,0,0,0,0,0,0,1,19,23.458365872502327,2;2;2;1,131,0,0,,,,0,7,,,,,,,,,,,,,,,,,,,,,,,,,,
105,upsert,3,L0068,2048,2048,1787902178.3217044,8.566201448440552,91,0,105,1787902169.755503,conc8,agg_full@rho0.8,0,0.55,0.0,8,0.8,agg_full,1787902169.7554934,2048,0,33.51266527175903,0,2048,2560,2048,512,2,0,4,20,23.458365872502327,2;2;2;0,131,0,0,,,,0,6,,,,,,,,,,,,,,,,,,,,,,,,,,
106,upsert,0,L0074,2560,0,1787902178.3217754,8.566089630126953,92,0,106,1787902169.7556858,conc8,agg_full@rho0.8,0,0.55,0.0,8,0.8,agg_full,1787902169.7556782,2048,512,18.619250774383545,0,0,0,0,0,0,0,3,21,23.458365872502327,1;2;2;0,131,1,0,,,,0,5,,,,,,,,,,,,,,,,,,,,,,,,,,
107,upsert,2,L0100,3072,0,1787902178.3218312,8.565958738327026,93,0,107,1787902169.7558725,conc8,agg_full@rho0.8,0,0.55,0.0,8,0.8,agg_full,1787902169.7558658,0,3072,,0,0,0,0,0,0,0,3,22,23.458365872502327,1;2;1;0,131,0,0,,,,0,4,,,,,,,,,,,,,,,,,,,,,,,,,,
108,upsert,2,L0097,2048,0,1787902183.0532494,13.297184944152832,94,0,108,1787902169.7560644,conc8,agg_full@rho0.8,0,0.55,0.0,8,0.8,agg_full,1787902169.756059,0,2048,,0,0,0,0,0,0,0,1,23,23.458365872502327,1;2;0;0,131,0,0,,,,0,3,,,,,,,,,,,,,,,,,,,,,,,,,,
109,upsert,1,L0074,3072,0,1787902183.053353,13.297102928161621,95,0,109,1787902169.7562501,conc8,agg_full@rho0.8,0,0.55,0.0,8,0.8,agg_full,1787902169.756244,0,3072,,0,0,0,0,0,0,0,3,24,23.458365872502327,1;1;0;0,131,0,0,,,,0,2,,,,,,,,,,,,,,,,,,,,,,,,,,
110,upsert,1,L0075,2560,2048,1787902183.0534108,13.296969890594482,96,0,110,1787902169.7564409,conc8,agg_full@rho0.8,0,0.55,0.0,8,0.8,agg_full,1787902169.756434,2048,512,33.51432800292969,0,2048,2048,0,2048,1,0,2,25,23.458365872502327,1;0;0;0,131,0,0,,,,0,1,,,,,,,,,,,,,,,,,,,,,,,,,,
111,upsert,0,L0096,2048,0,1787902183.0534682,13.296859741210938,97,0,111,1787902169.7566085,conc8,agg_full@rho0.8,0,0.55,0.0,8,0.8,agg_full,1787902169.7566032,0,2048,,0,0,0,0,0,0,0,1,26,23.458365872502327,0;0;0;0,131,0,0,,,,0,0,,,,,,,,,,,,,,,,,,,,,,,,,,
0,upsert,0,L0048,2048,0,1787902212.1991036,15.040093898773193,1,0,0,1787902197.1590097,conc8,agg_static@rho0.8,0,0.55,0.0,8,0.8,agg_static,1787902197.158985,0,2048,,0,0,0,0,0,0,0,1,1,,1;2;2;2,8,0,0,,,,0,7,,,,,,,,,,,,,,,,,,,,,,,,,,
1,upsert,2,L0006,2048,0,1787902212.443487,15.28429913520813,2,0,1,1787902197.1591878,conc8,agg_static@rho0.8,0,0.55,0.0,8,0.8,agg_static,1787902197.1591508,0,2048,,0,0,0,0,0,0,0,1,2,,1;2;1;2,8,0,0,,,,0,6,,,,,,,,,,,,,,,,,,,,,,,,,,
2,upsert,1,L0014,2048,0,1787902212.4436216,15.284327745437622,3,1,2,1787902197.159294,conc8,agg_static@rho0.8,0,0.55,0.0,8,0.8,agg_static,1787902197.1592827,0,2048,,0,0,0,0,0,0,0,1,3,,1;1;1;2,8,0,1,0,0,1,0,5,57,57,27.93403387069702,,0,0,0,0,0,0,2560,2560,0,0.0,0.0,0.0,15284.327745437622,0.0,1462.943279,2608.0,0,0,0,0,0,0
6,upsert,1,L0002,2048,0,1787902214.8093884,17.64980697631836,4,0,6,1787902197.1595814,conc8,agg_static@rho0.8,0,0.55,0.0,8,0.8,agg_static,1787902197.159574,0,2048,,0,0,0,0,0,0,0,1,7,,0;0;1;0,8,0,0,,,,0,1,,,,,,,,,,,,,,,,,,,,,,,,,,
3,upsert,3,L0023,2048,0,1787902214.809482,17.6501042842865,5,3,3,1787902197.1593778,conc8,agg_static@rho0.8,0,0.55,0.0,8,0.8,agg_static,1787902197.1593683,0,2048,,0,0,0,0,0,0,0,1,4,,1;1;1;1,8,0,1,0,0,1,0,4,35,35,6.095292806625366,,3,3,3,3,0,0,0,0,0,0.0,0.0,0.0,17650.1042842865,0.0,2867.413911,2080.0,0,0,0,0,0,0
4,upsert,0,L0000,2048,0,1787902214.8095467,17.65009379386902,6,2,4,1787902197.159453,conc8,agg_static@rho0.8,0,0.55,0.0,8,0.8,agg_static,1787902197.1594436,0,2048,,0,0,0,0,0,0,0,2,5,,0;1;1;1,8,0,1,0,0,1,0,3,42,42,13.314975500106812,,3,3,3,3,0,0,0,0,0,0.0,0.0,0.0,17650.09379386902,0.0,171.087716,2080.0,0,0,0,0,0,0
7,upsert,2,L0028,2048,0,1787902214.8096015,17.649956464767456,7,1,7,1787902197.159645,conc8,agg_static@rho0.8,0,0.55,0.0,8,0.8,agg_static,1787902197.1596382,0,2048,,0,0,0,0,0,0,0,1,8,,0;0;0;0,8,0,1,0,0,1,0,0,55,55,20.651712656021118,,2,2,2,2,1,1,0,0,0,0.0,0.0,0.0,17649.956464767456,0.0,4043.85362,2080.0,0,0,0,0,0,0
8,upsert,0,L0040,2048,0,1787902214.8096488,11.422566652297974,8,0,8,1787902203.387082,conc8,agg_static@rho0.8,0,0.55,0.0,8,0.8,agg_static,1787902203.3870568,0,2048,,0,0,0,0,0,0,0,1,9,,1;2;2;2,16,0,0,,,,0,7,,,,,,,,,,,,,,,,,,,,,,,,,,
9,upsert,1,L0017,2048,0,1787902214.809692,11.422439098358154,9,0,9,1787902203.3872528,conc8,agg_static@rho0.8,0,0.55,0.0,8,0.8,agg_static,1787902203.3872342,0,2048,,0,0,0,0,0,0,0,1,10,,1;1;2;2,16,0,0,,,,0,6,,,,,,,,,,,,,,,,,,,,,,,,,,
10,upsert,2,L0055,2048,0,1787902214.809741,11.42236328125,10,0,10,1787902203.3873777,conc8,agg_static@rho0.8,0,0.55,0.0,8,0.8,agg_static,1787902203.3873668,0,2048,,0,0,0,0,0,0,0,1,11,,1;1;1;2,16,0,0,,,,0,5,,,,,,,,,,,,,,,,,,,,,,,,,,
13,upsert,2,L0047,2048,0,1787902222.370362,18.982740879058838,11,0,13,1787902203.3876212,conc8,agg_static@rho0.8,0,0.55,0.0,8,0.8,agg_static,1787902203.3876126,0,2048,,0,0,0,0,0,0,0,1,14,,0;1;0;1,16,0,0,,,,0,2,,,,,,,,,,,,,,,,,,,,,,,,,,
11,upsert,3,L0000,3072,0,1787902222.3704758,18.98300337791443,12,2,11,1787902203.3874724,conc8,agg_static@rho0.8,0,0.55,0.0,8,0.8,agg_static,1787902203.3874574,2560,512,6.227951288223267,0,0,0,0,0,0,0,3,12,,1;1;1;1,16,1,1,1,0,1,0,4,42,42,5.754046440124512,,3,3,3,3,0,0,0,0,0,0.0,0.0,0.0,18983.00337791443,0.0,171.087716,2080.0,0,0,0,0,0,0
15,upsert,3,L0034,2048,0,1787902222.3705418,18.98279356956482,13,1,15,1787902203.3877482,conc8,agg_static@rho0.8,0,0.55,0.0,8,0.8,agg_static,1787902203.3877418,0,2048,,0,0,0,0,0,0,0,1,16,,0;0;0;0,16,0,1,0,1,0,0,0,50,50,13.090568780899048,,2,3,2,3,0,1,0,2048,2048,40.96,2.0,38.96,18982.79356956482,38.96,2982.646638,2080.0,1,1,1,38.96,38.96,38.96
12,upsert,0,L0001,2048,0,1787902222.370577,18.983021020889282,14,0,12,1787902203.387556,conc8,agg_static@rho0.8,0,0.55,0.0,8,0.8,agg_static,1787902203.3875468,0,2048,,0,0,0,0,0,0,0,1,13,,0;1;1;1,16,0,0,,,,0,3,,,,,,,,,,,,,,,,,,,,,,,,,,
14,upsert,1,L0058,2048,0,1787902222.3706095,18.98292374610901,15,0,14,1787902203.3876858,conc8,agg_static@rho0.8,0,0.55,0.0,8,0.8,agg_static,1787902203.3876786,0,2048,,0,0,0,0,0,0,0,1,15,,0;0;0;1,16,0,0,,,,0,1,,,,,,,,,,,,,,,,,,,,,,,,,,
16,upsert,0,L0023,2560,0,1787902222.370638,10.169277906417847,16,2,16,1787902212.20136,conc8,agg_static@rho0.8,0,0.55,0.0,8,0.8,agg_static,1787902212.201336,0,2560,,0,0,0,0,0,0,0,2,16,15.040093898773193,1;2;2;2,24,0,1,0,1,0,0,7,46,46,5.754050254821777,,3,0,3,0,2,1,0,0,0,0.0,-2.0,2.0,10169.277906417847,2.0,3097.479266,2080.0,1,2,2,2.0,12.24,12.24
17,upsert,3,L0000,2048,3072,1787902222.3706641,10.16908597946167,17,2,17,1787902212.2015781,conc8,agg_static@rho0.8,0,0.55,0.0,8,0.8,agg_static,1787902212.2015605,3072,-1024,8.814103126525879,0,0,0,0,0,0,0,6,17,15.040093898773193,1;2;2;1,24,1,1,0,0,1,0,6,42,42,5.7538580894470215,,3,3,3,3,0,0,0,0,0,0.0,0.0,0.0,10169.08597946167,0.0,171.087716,2080.0,0,0,0,0,0,0
19,upsert,2,L0046,2048,0,1787902222.3706918,10.168823480606079,18,1,19,1787902212.2018683,conc8,agg_static@rho0.8,0,0.55,0.0,8,0.8,agg_static,1787902212.2018573,0,2048,,0,0,0,0,0,0,0,1,19,15.040093898773193,1;1;1;1,24,0,1,0,0,1,0,4,58,58,18.00701880455017,,2,2,2,2,0,0,0,0,0,0.0,0.0,0.0,10168.82348060608,0.0,1243.918095,2080.0,0,0,0,0,0,0
20,upsert,0,L0006,2560,0,1787902231.6873772,19.485389232635498,19,0,20,1787902212.201988,conc8,agg_static@rho0.8,0,0.55,0.0,8,0.8,agg_static,1787902212.2019775,0,2560,,0,0,0,0,0,0,0,2,20,15.040093898773193,0;1;1;1,24,0,0,,,,0,3,,,,,,,,,,,,,,,,,,,,,,,,,,
21,upsert,1,L0012,2048,0,1787902231.6874554,19.485362768173218,20,0,21,1787902212.2020926,conc8,agg_static@rho0.8,0,0.55,0.0,8,0.8,agg_static,1787902212.2020824,0,2048,,0,0,0,0,0,0,0,1,21,15.040093898773193,0;0;1;1,24,0,0,,,,0,2,,,,,,,,,,,,,,,,,,,,,,,,,,
23,upsert,3,L0059,2048,0,1787902231.6874988,19.485171794891357,21,0,23,1787902212.202327,conc8,agg_static@rho0.8,0,0.55,0.0,8,0.8,agg_static,1787902212.202317,0,2048,,0,0,0,0,0,0,0,1,23,15.040093898773193,0;0;0;0,24,0,0,,,,0,0,,,,,,,,,,,,,,,,,,,,,,,,,,
24,upsert,0,L0014,2560,0,1787902236.2483819,15.345178365707397,22,1,24,1787902220.9032035,conc8,agg_static@rho0.8,0,0.55,0.0,8,0.8,agg_static,1787902220.9031787,0,2560,,0,0,2048,0,2048,1,0,2,15,15.04760513305664,1;2;2;2,32,0,1,0,1,0,0,7,57,57,4.1292736530303955,,1,0,1,0,1,0,2048,2560,512,10.24,-2.0,12.24,15345.178365707397,12.24,1462.943279,2608.0,1,1,1,12.24,12.24,12.24
25,upsert,2,L0012,2560,0,1787902236.2485216,15.345046043395996,23,0,25,1787902220.9034755,conc8,agg_static@rho0.8,0,0.55,0.0,8,0.8,agg_static,1787902220.9034603,0,2560,,0,0,0,0,0,0,0,2,16,15.04760513305664,1;2;1;2,32,0,0,,,,0,6,,,,,,,,,,,,,,,,,,,,,,,,,,
26,upsert,1,L0029,2048,0,1787902236.2485924,15.34492301940918,24,0,26,1787902220.9036694,conc8,agg_static@rho0.8,0,0.55,0.0,8,0.8,agg_static,1787902220.903657,0,2048,,0,0,0,0,0,0,0,2,17,15.04760513305664,1;1;1;2,32,0,0,,,,0,5,,,,,,,,,,,,,,,,,,,,,,,,,,
27,upsert,3,L0001,2560,0,1787902236.2486503,15.344815015792847,25,0,27,1787902220.9038353,conc8,agg_static@rho0.8,0,0.55,0.0,8,0.8,agg_static,1787902220.9038239,0,2560,,0,0,0,0,0,0,0,2,18,15.04760513305664,1;1;1;1,32,0,0,,,,0,4,,,,,,,,,,,,,,,,,,,,,,,,,,
28,upsert,0,L0030,2048,0,1787902236.2487042,15.344714641571045,26,0,28,1787902220.9039896,conc8,agg_static@rho0.8,0,0.55,0.0,8,0.8,agg_static,1787902220.9039798,0,2048,,0,0,0,0,0,0,0,1,19,15.04760513305664,0;1;1;1,32,0,0,,,,0,3,,,,,,,,,,,,,,,,,,,,,,,,,,
29,upsert,3,L0010,2048,0,1787902236.2487495,15.344623804092407,27,0,29,1787902220.9041257,conc8,agg_static@rho0.8,0,0.55,0.0,8,0.8,agg_static,1787902220.9041157,0,2048,,0,0,0,0,0,0,0,1,20,15.04760513305664,0;1;1;0,32,0,0,,,,0,2,,,,,,,,,,,,,,,,,,,,,,,,,,
30,upsert,1,L0009,2048,0,1787902236.2487926,15.344513893127441,28,0,30,1787902220.9042788,conc8,agg_static@rho0.8,0,0.55,0.0,8,0.8,agg_static,1787902220.9042685,0,2048,,0,0,0,0,0,0,0,1,21,15.04760513305664,0;0;1;0,32,0,0,,,,0,1,,,,,,,,,,,,,,,,,,,,,,,,,,
31,upsert,2,L0029,2560,0,1787902247.1752033,26.27076268196106,29,0,31,1787902220.9044406,conc8,agg_static@rho0.8,0,0.55,0.0,8,0.8,agg_static,1787902220.90443,0,2560,,0,0,0,0,0,0,0,2,22,15.04760513305664,0;0;0;0,32,0,0,,,,0,0,,,,,,,,,,,,,,,,,,,,,,,,,,
32,upsert,0,L0003,2048,0,1787902247.1753337,19.054155349731445,30,0,32,1787902228.1211784,conc8,agg_static@rho0.8,0,0.55,0.0,8,0.8,agg_static,1787902228.1211293,0,2048,,0,0,0,0,0,0,0,1,15,15.327651182810465,1;2;2;2,41,0,0,,,,0,7,,,,,,,,,,,,,,,,,,,,,,,,,,
33,upsert,1,L0005,2048,0,1787902247.175399,19.053700923919678,31,0,33,1787902228.1216981,conc8,agg_static@rho0.8,0,0.55,0.0,8,0.8,agg_static,1787902228.121681,0,2048,,0,0,0,0,0,0,0,1,16,15.327651182810465,1;1;2;2,41,0,0,,,,0,6,,,,,,,,,,,,,,,,,,,,,,,,,,
34,upsert,2,L0027,2048,0,1787902247.1754541,19.05336332321167,32,0,34,1787902228.1220908,conc8,agg_static@rho0.8,0,0.55,0.0,8,0.8,agg_static,1787902228.1220767,0,2048,,0,0,0,0,0,0,0,1,17,15.327651182810465,1;1;1;2,41,0,0,,,,0,5,,,,,,,,,,,,,,,,,,,,,,,,,,
35,upsert,3,L0023,3072,2048,1787902247.175503,19.053044319152832,33,0,35,1787902228.1224587,conc8,agg_static@rho0.8,0,0.55,0.0,8,0.8,agg_static,1787902228.1224422,2048,1024,30.96307396888733,0,2048,2560,2048,512,2,0,3,18,15.327651182810465,1;1;1;1,41,0,0,,,,0,4,,,,,,,,,,,,,,,,,,,,,,,,,,
36,upsert,1,L0029,3072,2048,1787902247.1755517,19.052669763565063,34,0,36,1787902228.122882,conc8,agg_static@rho0.8,0,0.55,0.0,8,0.8,agg_static,1787902228.1228669,2048,1024,7.219209909439087,0,0,0,0,0,0,0,3,19,15.327651182810465,1;0;1;1,41,1,0,,,,0,3,,,,,,,,,,,,,,,,,,,,,,,,,,
37,upsert,3,L0056,2048,0,1787902247.1755993,19.052305459976196,35,0,37,1787902228.1232939,conc8,agg_static@rho0.8,0,0.55,0.0,8,0.8,agg_static,1787902228.1232815,0,2048,,0,0,0,0,0,0,0,1,20,15.327651182810465,1;0;1;0,41,0,0,,,,0,2,,,,,,,,,,,,,,,,,,,,,,,,,,
38,upsert,2,L0058,2560,0,1787902247.1756427,19.05201745033264,36,0,38,1787902228.1236253,conc8,agg_static@rho0.8,0,0.55,0.0,8,0.8,agg_static,1787902228.1236134,0,2560,,0,0,2048,0,2048,1,0,2,21,15.327651182810465,1;0;0;0,41,0,0,,,,0,1,,,,,,,,,,,,,,,,,,,,,,,,,,
39,upsert,0,L0030,2560,2048,1787902255.5410402,27.417052268981934,37,0,39,1787902228.123988,conc8,agg_static@rho0.8,0,0.55,0.0,8,0.8,agg_static,1787902228.1239731,2048,512,7.219993352890015,0,0,0,0,0,0,0,2,22,15.327651182810465,0;0;0;0,41,1,0,,,,0,0,,,,,,,,,,,,,,,,,,,,,,,,,,
40,upsert,1,L0036,2048,0,1787902255.541177,20.08328342437744,38,0,40,1787902235.4578936,conc8,agg_static@rho0.8,0,0.55,0.0,8,0.8,agg_static,1787902235.4578626,0,2048,,0,0,0,0,0,0,0,2,20,15.921602146966118,2;1;2;2,51,0,0,,,,0,7,,,,,,,,,,,,,,,,,,,,,,,,,,
41,upsert,0,L0011,2048,0,1787902255.5412414,20.082796812057495,39,0,41,1787902235.4584446,conc8,agg_static@rho0.8,0,0.55,0.0,8,0.8,agg_static,1787902235.4584258,0,2048,,0,0,0,0,0,0,0,1,21,15.921602146966118,1;1;2;2,51,0,0,,,,0,6,,,,,,,,,,,,,,,,,,,,,,,,,,
42,upsert,3,L0000,2048,2048,1787902255.5412922,20.082472801208496,40,0,42,1787902235.4588194,conc8,agg_static@rho0.8,0,0.55,0.0,8,0.8,agg_static,1787902235.458802,2048,0,23.25724148750305,0,2048,2048,2048,0,2,0,7,22,15.921602146966118,1;1;2;1,51,1,0,,,,0,5,,,,,,,,,,,,,,,,,,,,,,,,,,
43,upsert,2,L0036,2560,0,1787902255.5413404,20.08213233947754,41,0,43,1787902235.459208,conc8,agg_static@rho0.8,0,0.55,0.0,8,0.8,agg_static,1787902235.4591885,0,2560,,0,0,0,0,0,0,0,2,23,15.921602146966118,1;1;1;1,51,0,0,,,,0,4,,,,,,,,,,,,,,,,,,,,,,,,,,
44,upsert,2,L0004,2048,0,1787902255.5413902,20.08178162574768,42,0,44,1787902235.4596086,conc8,agg_static@rho0.8,0,0.55,0.0,8,0.8,agg_static,1787902235.459596,0,2048,,0,0,0,0,0,0,0,1,24,15.921602146966118,1;1;0;1,51,0,0,,,,0,3,,,,,,,,,,,,,,,,,,,,,,,,,,
45,upsert,3,L0038,2048,0,1787902255.5414355,20.081493139266968,43,0,45,1787902235.4599423,conc8,agg_static@rho0.8,0,0.55,0.0,8,0.8,agg_static,1787902235.4599307,0,2048,,0,0,0,0,0,0,0,1,25,15.921602146966118,1;1;0;0,51,0,0,,,,0,2,,,,,,,,,,,,,,,,,,,,,,,,,,
46,upsert,0,L0023,2048,2560,1787902267.1264107,31.66611909866333,44,0,46,1787902235.4602916,conc8,agg_static@rho0.8,0,0.55,0.0,8,0.8,agg_static,1787902235.4602764,2560,-512,23.25894045829773,0,2560,2560,2048,512,2,0,4,26,15.921602146966118,0;1;0;0,51,0,0,,,,0,1,,,,,,,,,,,,,,,,,,,,,,,,,,
47,upsert,1,L0018,2048,0,1787902267.126532,31.665908575057983,45,0,47,1787902235.4606235,conc8,agg_static@rho0.8,0,0.55,0.0,8,0.8,agg_static,1787902235.4606109,0,2048,,0,0,0,0,0,0,0,1,27,15.921602146966118,0;0;0;0,51,0,0,,,,0,0,,,,,,,,,,,,,,,,,,,,,,,,,,
48,upsert,3,L0010,2560,2048,1787902267.1265924,26.75238847732544,46,0,48,1787902240.374204,conc8,agg_static@rho0.8,0,0.55,0.0,8,0.8,agg_static,1787902240.3741705,2048,512,19.470054864883423,0,2048,2048,0,2048,1,0,2,21,15.777409281049456,2;2;2;1,61,0,0,,,,0,7,,,,,,,,,,,,,,,,,,,,,,,,,,
49,upsert,1,L0005,2560,2048,1787902267.126641,26.7518527507782,47,0,49,1787902240.3747883,conc8,agg_static@rho0.8,0,0.55,0.0,8,0.8,agg_static,1787902240.3747687,2048,512,12.253087759017944,0,0,0,0,0,0,0,2,22,15.777409281049456,2;1;2;1,61,1,0,,,,0,6,,,,,,,,,,,,,,,,,,,,,,,,,,
50,upsert,3,L0034,2560,2048,1787902267.1266868,26.751444101333618,48,0,50,1787902240.3752427,conc8,agg_static@rho0.8,0,0.55,0.0,8,0.8,agg_static,1787902240.3752258,2048,512,36.987483978271484,0,2048,2048,0,2048,1,0,2,23,15.777409281049456,2;1;2;0,61,0,0,,,,0,5,,,,,,,,,,,,,,,,,,,,,,,,,,
51,upsert,2,L0044,2048,0,1787902267.1267347,26.751078367233276,49,0,51,1787902240.3756564,conc8,agg_static@rho0.8,0,0.55,0.0,8,0.8,agg_static,1787902240.3756425,0,2048,,0,0,0,0,0,0,0,1,24,15.777409281049456,2;1;1;0,61,0,0,,,,0,4,,,,,,,,,,,,,,,,,,,,,,,,,,
52,upsert,0,L0062,2048,0,1787902267.1267786,26.750752449035645,50,0,52,1787902240.3760262,conc8,agg_static@rho0.8,0,0.55,0.0,8,0.8,agg_static,1787902240.3760135,0,2048,,0,0,0,0,0,0,0,1,25,15.777409281049456,1;1;1;0,61,0,0,,,,0,3,,,,,,,,,,,,,,,,,,,,,,,,,,
53,upsert,0,L0011,2560,2048,1787902267.1268249,26.75042414665222,51,0,53,1787902240.3764007,conc8,agg_static@rho0.8,0,0.55,0.0,8,0.8,agg_static,1787902240.3763855,2048,512,4.917959690093994,0,0,0,0,0,0,0,2,26,15.777409281049456,0;1;1;0,61,1,0,,,,0,2,,,,,,,,,,,,,,,,,,,,,,,,,,
54,upsert,1,L0031,2048,0,1787902278.7117832,38.33500027656555,52,0,54,1787902240.376783,conc8,agg_static@rho0.8,0,0.55,0.0,8,0.8,agg_static,1787902240.3767717,0,2048,,0,0,0,0,0,0,0,1,27,15.777409281049456,0;0;1;0,61,0,0,,,,0,1,,,,,,,,,,,,,,,,,,,,,,,,,,
55,upsert,2,L0028,2560,2048,1787902278.711914,38.334776401519775,53,0,55,1787902240.3771377,conc8,agg_static@rho0.8,0,0.55,0.0,8,0.8,agg_static,1787902240.377123,2048,512,43.21748495101929,0,2048,2048,0,2048,1,0,2,28,15.777409281049456,0;0;0;0,61,0,0,,,,0,0,,,,,,,,,,,,,,,,,,,,,,,,,,
56,upsert,1,L0016,2048,0,1787902278.7119775,31.212035655975342,54,0,56,1787902247.4999418,conc8,agg_static@rho0.8,0,0.55,0.0,8,0.8,agg_static,1787902247.4999168,0,2048,,0,0,0,0,0,0,0,1,21,16.817217230796814,3;1;1;2,73,0,0,,,,0,7,,,,,,,,,,,,,,,,,,,,,,,,,,
57,upsert,0,L0014,3072,2560,1787902278.7120385,31.2115638256073,55,0,57,1787902247.5004747,conc8,agg_static@rho0.8,0,0.55,0.0,8,0.8,agg_static,1787902247.5004544,2560,512,26.597275733947754,0,2560,2560,2048,512,2,0,3,22,16.817217230796814,2;1;1;2,73,0,0,,,,0,6,,,,,,,,,,,,,,,,,,,,,,,,,,
58,upsert,2,L0046,2560,2048,1787902278.7120895,31.211147785186768,56,0,58,1787902247.5009418,conc8,agg_static@rho0.8,0,0.55,0.0,8,0.8,agg_static,1787902247.5009248,2048,512,35.29906749725342,0,2048,2048,0,2048,1,0,2,23,16.817217230796814,2;1;0;2,73,0,0,,,,0,5,,,,,,,,,,,,,,,,,,,,,,,,,,
59,upsert,3,L0042,2048,0,1787902278.7121398,31.210774421691895,57,0,59,1787902247.5013654,conc8,agg_static@rho0.8,0,0.55,0.0,8,0.8,agg_static,1787902247.5013516,0,2048,,0,0,0,0,0,0,0,1,24,16.817217230796814,2;1;0;1,73,0,0,,,,0,4,,,,,,,,,,,,,,,,,,,,,,,,,,
60,upsert,3,L0000,2560,2048,1787902278.712214,31.210479497909546,58,0,60,1787902247.5017345,conc8,agg_static@rho0.8,0,0.55,0.0,8,0.8,agg_static,1787902247.5017195,2048,512,12.042917490005493,0,2048,2048,2048,0,2,0,8,25,16.817217230796814,2;1;0;0,73,1,0,,,,0,3,,,,,,,,,,,,,,,,,,,,,,,,,,
61,upsert,0,L0056,2560,0,1787902278.7122567,31.21012830734253,59,0,61,1787902247.5021284,conc8,agg_static@rho0.8,0,0.55,0.0,8,0.8,agg_static,1787902247.5021164,0,2560,,0,0,2048,0,2048,1,0,2,26,16.817217230796814,1;1;0;0,73,0,0,,,,0,2,,,,,,,,,,,,,,,,,,,,,,,,,,
62,upsert,1,L0063,2048,0,1787902286.2727501,38.77022051811218,60,0,62,1787902247.5025296,conc8,agg_static@rho0.8,0,0.55,0.0,8,0.8,agg_static,1787902247.502518,0,2048,,0,0,0,0,0,0,0,1,27,16.817217230796814,1;0;0;0,73,0,0,,,,0,1,,,,,,,,,,,,,,,,,,,,,,,,,,
63,upsert,0,L0023,2560,2048,1787902286.2728658,38.76998591423035,61,0,63,1787902247.5028799,conc8,agg_static@rho0.8,0,0.55,0.0,8,0.8,agg_static,1787902247.5028653,2048,512,12.042588949203491,0,2560,3072,2560,512,2,0,5,28,16.817217230796814,0;0;0;0,73,1,0,,,,0,0,,,,,,,,,,,,,,,,,,,,,,,,,,
64,upsert,1,L0067,2048,0,1787902286.272926,32.52095580101013,62,0,64,1787902253.7519703,conc8,agg_static@rho0.8,0,0.55,0.0,8,0.8,agg_static,1787902253.7519414,0,2048,,0,0,0,0,0,0,0,1,29,16.817217230796814,2;1;2;2,81,0,0,,,,0,7,,,,,,,,,,,,,,,,,,,,,,,,,,
65,upsert,3,L0072,2048,0,1787902286.272977,32.520426511764526,63,1,65,1787902253.7525506,conc8,agg_static@rho0.8,0,0.55,0.0,8,0.8,agg_static,1787902253.7525334,0,2048,,0,0,0,0,0,0,0,1,30,16.817217230796814,2;1;2;1,81,0,1,0,1,0,0,6,124,124,16.35990071296692,,2,3,2,3,1,1,0,2048,2048,40.96,0.0,40.96,32520.426511764526,40.96,5540.859636,2080.0,1,1,1,40.96,40.96,40.96
66,upsert,2,L0121,2048,0,1787902286.2730193,32.52007079124451,64,0,66,1787902253.7529485,conc8,agg_static@rho0.8,0,0.55,0.0,8,0.8,agg_static,1787902253.7529345,0,2048,,0,0,0,0,0,0,0,1,31,16.817217230796814,2;1;1;1,81,0,0,,,,0,5,,,,,,,,,,,,,,,,,,,,,,,,,,
67,upsert,0,L0091,2048,0,1787902286.273066,32.519723415374756,65,0,67,1787902253.7533426,conc8,agg_static@rho0.8,0,0.55,0.0,8,0.8,agg_static,1787902253.7533295,0,2048,,0,0,0,0,0,0,0,1,32,16.817217230796814,1;1;1;1,81,0,0,,,,0,4,,,,,,,,,,,,,,,,,,,,,,,,,,
68,upsert,1,L0083,2048,0,1787902286.2731187,32.519402742385864,66,0,68,1787902253.753716,conc8,agg_static@rho0.8,0,0.55,0.0,8,0.8,agg_static,1787902253.753703,0,2048,,0,0,0,0,0,0,0,1,33,16.817217230796814,1;0;1;1,81,0,0,,,,0,3,,,,,,,,,,,,,,,,,,,,,,,,,,
69,upsert,0,L0124,2048,0,1787902293.8337317,40.07966184616089,67,0,69,1787902253.7540698,conc8,agg_static@rho0.8,0,0.55,0.0,8,0.8,agg_static,1787902253.7540581,0,2048,,0,0,0,0,0,0,0,1,34,16.817217230796814,0;0;1;1,81,0,0,,,,0,2,,,,,,,,,,,,,,,,,,,,,,,,,,
70,upsert,3,L0076,2048,0,1787902293.8338532,40.07942223548889,68,0,70,1787902253.754431,conc8,agg_static@rho0.8,0,0.55,0.0,8,0.8,agg_static,1787902253.7544186,0,2048,,0,0,0,0,0,0,0,1,35,16.817217230796814,0;0;1;0,81,0,0,,,,0,1,,,,,,,,,,,,,,,,,,,,,,,,,,
71,upsert,2,L0077,2048,0,1787902293.8339188,40.0791494846344,69,0,71,1787902253.7547693,conc8,agg_static@rho0.8,0,0.55,0.0,8,0.8,agg_static,1787902253.7547586,0,2048,,0,0,0,0,0,0,0,1,36,16.817217230796814,0;0;0;0,81,0,0,,,,0,0,,,,,,,,,,,,,,,,,,,,,,,,,,
72,upsert,1,L0081,2048,0,1787902293.8339689,33.53672528266907,70,0,72,1787902260.2972436,conc8,agg_static@rho0.8,0,0.55,0.0,8,0.8,agg_static,1787902260.2972124,0,2048,,0,0,0,0,0,0,0,2,30,18.12067810446024,2;1;2;2,89,0,0,,,,0,7,,,,,,,,,,,,,,,,,,,,,,,,,,
73,upsert,2,L0106,2048,0,1787902293.8340144,33.536224365234375,71,0,73,1787902260.29779,conc8,agg_static@rho0.8,0,0.55,0.0,8,0.8,agg_static,1787902260.297772,0,2048,,0,0,0,0,0,0,0,1,31,18.12067810446024,2;1;1;2,89,0,0,,,,0,6,,,,,,,,,,,,,,,,,,,,,,,,,,
74,upsert,3,L0081,2560,0,1787902293.8340635,33.53584599494934,72,0,74,1787902260.2982175,conc8,agg_static@rho0.8,0,0.55,0.0,8,0.8,agg_static,1787902260.2982016,0,2560,,0,0,0,0,0,0,0,2,32,18.12067810446024,2;1;1;1,89,0,0,,,,0,5,,,,,,,,,,,,,,,,,,,,,,,,,,
75,upsert,0,L0094,2048,0,1787902293.8341064,33.53547406196594,73,1,75,1787902260.2986324,conc8,agg_static@rho0.8,0,0.55,0.0,8,0.8,agg_static,1787902260.2986186,0,2048,,0,0,0,0,0,0,0,1,33,18.12067810446024,1;1;1;1,89,0,1,0,0,1,0,4,120,120,8.798588752746582,,1,1,1,1,0,0,0,0,0,0.0,0.0,0.0,33535.47406196594,0.0,1572.282369,2608.0,0,0,0,0,0,0
76,upsert,1,L0075,2048,0,1787902293.8341455,33.535160303115845,74,1,76,1787902260.2989852,conc8,agg_static@rho0.8,0,0.55,0.0,8,0.8,agg_static,1787902260.2989721,0,2048,,0,0,0,0,0,0,0,1,34,18.12067810446024,1;0;1;1,89,0,1,0,1,0,0,3,126,126,8.798827648162842,,0,1,0,1,1,1,0,2048,2048,40.96,0.0,40.96,33535.160303115845,40.96,5087.312022,2080.0,1,1,1,40.96,40.96,40.96
77,upsert,3,L0069,2048,0,1787902302.1381433,41.83880281448364,75,1,77,1787902260.2993405,conc8,agg_static@rho0.8,0,0.55,0.0,8,0.8,agg_static,1787902260.2993283,0,2048,,0,0,0,0,0,0,0,1,35,18.12067810446024,1;0;1;0,89,0,1,0,1,0,0,2,125,125,0.494783878326416,,1,3,1,3,1,2,0,2048,2048,40.96,2.0,38.96,41838.80281448364,38.96,5540.31353,2080.0,1,1,1,38.96,38.96,38.96
78,upsert,2,L0068,2048,0,1787902302.1382966,41.83861827850342,76,0,78,1787902260.2996783,conc8,agg_static@rho0.8,0,0.55,0.0,8,0.8,agg_static,1787902260.2996671,0,2048,,0,0,0,0,0,0,0,1,36,18.12067810446024,1;0;0;0,89,0,0,,,,0,1,,,,,,,,,,,,,,,,,,,,,,,,,,
79,upsert,0,L0065,2048,0,1787902302.1383593,41.83834910392761,77,0,79,1787902260.3000102,conc8,agg_static@rho0.8,0,0.55,0.0,8,0.8,agg_static,1787902260.2999995,0,2048,,0,0,0,0,0,0,0,1,37,18.12067810446024,0;0;0;0,89,0,0,,,,0,0,,,,,,,,,,,,,,,,,,,,,,,,,,
80,upsert,1,L0104,2048,0,1787902302.1384127,33.3942596912384,78,0,80,1787902268.744153,conc8,agg_static@rho0.8,0,0.55,0.0,8,0.8,agg_static,1787902268.7441242,0,2048,,0,0,0,0,0,0,0,1,30,21.180542156100273,2;1;2;2,97,0,0,,,,0,7,,,,,,,,,,,,,,,,,,,,,,,,,,
81,upsert,0,L0121,2560,0,1787902302.138458,33.39374542236328,79,0,81,1787902268.7447126,conc8,agg_static@rho0.8,0,0.55,0.0,8,0.8,agg_static,1787902268.744696,0,2560,,0,0,0,0,0,0,0,2,31,21.180542156100273,1;1;2;2,97,0,0,,,,0,6,,,,,,,,,,,,,,,,,,,,,,,,,,
82,upsert,3,L0086,2048,0,1787902302.13851,33.39336848258972,80,0,82,1787902268.7451415,conc8,agg_static@rho0.8,0,0.55,0.0,8,0.8,agg_static,1787902268.7451277,0,2048,,0,0,0,0,0,0,0,1,32,21.180542156100273,1;1;2;1,97,0,0,,,,0,5,,,,,,,,,,,,,,,,,,,,,,,,,,
83,upsert,2,L0068,2560,2048,1787902302.1385531,33.393009424209595,81,0,83,1787902268.7455437,conc8,agg_static@rho0.8,0,0.55,0.0,8,0.8,agg_static,1787902268.745526,2048,512,8.4458589553833,0,0,0,0,0,0,0,2,33,21.180542156100273,1;1;1;1,97,1,0,,,,0,4,,,,,,,,,,,,,,,,,,,,,,,,,,
84,upsert,1,L0094,2560,0,1787902302.138595,33.392657995224,82,1,84,1787902268.745937,conc8,agg_static@rho0.8,0,0.55,0.0,8,0.8,agg_static,1787902268.7459254,0,2560,,0,0,0,0,0,0,0,2,34,21.180542156100273,1;0;1;1,97,0,1,0,1,0,0,3,120,120,0.49410009384155273,,0,1,0,1,0,0,0,0,0,0.0,0.0,0.0,33392.657995224,0.0,1572.282369,2608.0,1,1,1,0.0,0.0,0.0
85,upsert,2,L0072,2560,0,1787902304.6142368,35.867908000946045,83,0,85,1787902268.7463288,conc8,agg_static@rho0.8,0,0.55,0.0,8,0.8,agg_static,1787902268.7463176,0,2560,,0,0,0,0,0,0,0,2,35,21.180542156100273,1;0;0;1,97,0,0,,,,0,2,,,,,,,,,,,,,,,,,,,,,,,,,,
86,upsert,3,L0103,2048,0,1787902304.6143634,35.86765933036804,84,0,86,1787902268.746704,conc8,agg_static@rho0.8,0,0.55,0.0,8,0.8,agg_static,1787902268.7466927,0,2048,,0,0,0,0,0,0,0,1,36,21.180542156100273,1;0;0;0,97,0,0,,,,0,1,,,,,,,,,,,,,,,,,,,,,,,,,,
87,upsert,0,L0067,2560,0,1787902304.6144242,35.867384910583496,85,0,87,1787902268.7470393,conc8,agg_static@rho0.8,0,0.55,0.0,8,0.8,agg_static,1787902268.747027,0,2560,,0,0,0,0,0,0,0,2,37,21.180542156100273,0;0;0;0,97,0,0,,,,0,0,,,,,,,,,,,,,,,,,,,,,,,,,,
88,upsert,1,L0064,2048,0,1787902304.6144745,28.185847759246826,86,0,88,1787902276.4286268,conc8,agg_static@rho0.8,0,0.55,0.0,8,0.8,agg_static,1787902276.4285965,0,2048,,0,0,0,0,0,0,0,1,38,21.180542156100273,2;1;2;2,105,0,0,,,,0,7,,,,,,,,,,,,,,,,,,,,,,,,,,
89,upsert,3,L0088,2048,0,1787902304.6145194,28.185335397720337,87,0,89,1787902276.429184,conc8,agg_static@rho0.8,0,0.55,0.0,8,0.8,agg_static,1787902276.4291496,0,2048,,0,0,0,0,0,0,0,1,39,21.180542156100273,2;1;2;1,105,0,0,,,,0,6,,,,,,,,,,,,,,,,,,,,,,,,,,
90,upsert,2,L0100,2048,0,1787902304.6145656,28.184982538223267,88,0,90,1787902276.429583,conc8,agg_static@rho0.8,0,0.55,0.0,8,0.8,agg_static,1787902276.4295676,0,2048,,0,0,0,0,0,0,0,1,40,21.180542156100273,2;1;1;1,105,0,0,,,,0,5,,,,,,,,,,,,,,,,,,,,,,,,,,
91,upsert,0,L0076,2560,0,1787902304.6146064,28.184657335281372,89,0,91,1787902276.429949,conc8,agg_static@rho0.8,0,0.55,0.0,8,0.8,agg_static,1787902276.4299362,0,2560,,0,0,0,0,0,0,0,2,41,21.180542156100273,1;1;1;1,105,0,0,,,,0,4,,,,,,,,,,,,,,,,,,,,,,,,,,
7,upsert,2,L0001,2048,0,1787902346.7361856,24.948291063308716,1,3,7,1787902321.7878945,conc8,agg_full@rho0.8,1,0.55,0.0,8,0.8,agg_full,1787902321.787887,0,2048,,0,0,0,0,0,0,0,1,8,,0;0;0;0,8,0,1,0,0,1,0,0,40,40,4.773149251937866,,3,3,3,3,0,0,2560,2560,0,0.0,0.0,0.0,24948.291063308716,0.0,1595.328041,2608.0,0,0,0,0,0,0
14,upsert,1,L0004,2560,0,1787902348.321599,19.25205159187317,2,0,14,1787902329.0695474,conc8,agg_full@rho0.8,1,0.55,0.0,8,0.8,agg_full,1787902329.0695426,2048,512,7.281717300415039,0,0,0,0,0,0,0,2,15,,0;0;0;1,16,1,0,,,,0,1,,,,,,,,,,,,,,,,,,,,,,,,,,
15,upsert,3,L0001,2560,0,1787902348.3217118,19.252138376235962,3,3,15,1787902329.0695734,conc8,agg_full@rho0.8,1,0.55,0.0,8,0.8,agg_full,1787902329.0695705,0,2560,,0,0,0,0,0,0,0,2,16,,0;0;0;0,16,0,1,0,1,0,0,0,40,40,3.1876230239868164,,2,3,2,3,0,0,2048,2560,512,10.24,0.0,10.24,19252.138376235962,10.24,1595.328041,2608.0,1,3,3,10.24,28.72,28.72
16,upsert,0,L0029,2560,0,1787902353.1020746,16.691175937652588,4,0,16,1787902336.4108987,conc8,agg_full@rho0.8,1,0.55,0.0,8,0.8,agg_full,1787902336.4108665,2048,512,14.623169183731079,0,0,0,0,0,0,0,2,17,,1;2;2;2,24,1,0,,,,0,7,,,,,,,,,,,,,,,,,,,,,,,,,,
17,upsert,3,L0007,2560,0,1787902353.102207,16.691137313842773,5,1,17,1787902336.4110696,conc8,agg_full@rho0.8,1,0.55,0.0,8,0.8,agg_full,1787902336.4110544,0,2560,,0,0,0,0,0,0,0,2,18,,1;2;2;1,24,0,1,0,0,1,0,6,63,63,17.103116512298584,,3,3,3,3,1,1,0,0,0,0.0,0.0,0.0,16691.137313842773,0.0,2179.866041,2608.0,0,0,0,0,0,0
23,upsert,3,L0034,2048,0,1787902353.1022782,16.69071364402771,6,0,23,1787902336.4115646,conc8,agg_full@rho0.8,1,0.55,0.0,8,0.8,agg_full,1787902336.4115567,0,2048,,0,0,0,0,0,0,0,1,24,,0;0;0;0,24,0,0,,,,0,0,,,,,,,,,,,,,,,,,,,,,,,,,,
24,upsert,0,L0042,2048,0,1787902353.102334,9.726036310195923,7,0,24,1787902343.3762977,conc8,agg_full@rho0.8,1,0.55,0.0,8,0.8,agg_full,1787902343.3762658,0,2048,,0,0,0,0,0,0,0,1,25,,1;2;2;2,32,0,0,,,,0,7,,,,,,,,,,,,,,,,,,,,,,,,,,
25,upsert,2,L0026,2048,0,1787902353.1023834,9.725921392440796,8,0,25,1787902343.376462,conc8,agg_full@rho0.8,1,0.55,0.0,8,0.8,agg_full,1787902343.376447,0,2048,,0,0,0,0,0,0,0,1,26,,1;2;1;2,32,0,0,,,,0,6,,,,,,,,,,,,,,,,,,,,,,,,,,
26,upsert,1,L0005,2048,0,1787902353.10243,9.725861549377441,9,0,26,1787902343.3765686,conc8,agg_full@rho0.8,1,0.55,0.0,8,0.8,agg_full,1787902343.3765564,0,2048,,0,0,0,0,0,0,0,1,27,,1;1;1;2,32,0,0,,,,0,5,,,,,,,,,,,,,,,,,,,,,,,,,,
30,upsert,1,L0011,2048,0,1787902353.1024766,9.725610733032227,10,0,30,1787902343.3768659,conc8,agg_full@rho0.8,1,0.55,0.0,8,0.8,agg_full,1787902343.376858,0,2048,,0,0,0,0,0,0,0,1,31,,0;0;1;0,32,0,0,,,,0,1,,,,,,,,,,,,,,,,,,,,,,,,,,
27,upsert,3,L0000,2048,0,1787902360.2844987,16.907840967178345,11,2,27,1787902343.3766577,conc8,agg_full@rho0.8,1,0.55,0.0,8,0.8,agg_full,1787902343.3766475,0,2048,,0,0,0,0,0,0,0,1,28,,1;1;1;1,32,0,1,0,0,1,0,4,50,50,2.7767174243927,,0,0,0,0,1,1,2560,2560,0,0.0,0.0,0.0,16907.840967178345,0.0,5248.919759,2608.0,0,0,0,0,0,0
29,upsert,3,L0002,2048,0,1787902360.2846253,16.907827138900757,12,0,29,1787902343.3767982,conc8,agg_full@rho0.8,1,0.55,0.0,8,0.8,agg_full,1787902343.3767898,0,2048,,0,0,0,0,0,0,0,1,30,,0;1;1;0,32,0,0,,,,0,2,,,,,,,,,,,,,,,,,,,,,,,,,,
28,upsert,0,L0034,2560,0,1787902360.2846916,16.90795636177063,13,0,28,1787902343.3767352,conc8,agg_full@rho0.8,1,0.55,0.0,8,0.8,agg_full,1787902343.3767266,0,2560,,0,0,0,0,0,0,0,2,29,,0;1;1;1,32,0,0,,,,0,3,,,,,,,,,,,,,,,,,,,,,,,,,,
31,upsert,2,L0018,2048,0,1787902360.2847285,16.90779709815979,14,0,31,1787902343.3769314,conc8,agg_full@rho0.8,1,0.55,0.0,8,0.8,agg_full,1787902343.3769236,0,2048,,0,0,0,0,0,0,0,1,32,,0;0;0;0,32,0,0,,,,0,0,,,,,,,,,,,,,,,,,,,,,,,,,,
32,upsert,0,L0005,2560,0,1787902362.272773,10.766212701797485,15,0,32,1787902351.5065603,conc8,agg_full@rho0.8,1,0.55,0.0,8,0.8,agg_full,1787902351.506532,0,2560,,0,0,0,0,0,0,0,2,30,21.150827010472614,1;2;2;2,40,0,0,,,,0,7,,,,,,,,,,,,,,,,,,,,,,,,,,
33,upsert,1,L0042,2560,0,1787902362.2728715,10.765827894210815,16,0,33,1787902351.5070436,conc8,agg_full@rho0.8,1,0.55,0.0,8,0.8,agg_full,1787902351.5070271,0,2560,,0,0,0,0,0,0,0,2,31,21.150827010472614,1;1;2;2,40,0,0,,,,0,6,,,,,,,,,,,,,,,,,,,,,,,,,,
34,upsert,2,L0006,2048,0,1787902362.2729316,10.765498638153076,17,1,34,1787902351.507433,conc8,agg_full@rho0.8,1,0.55,0.0,8,0.8,agg_full,1787902351.5074186,0,2048,,0,0,0,0,0,0,0,1,32,21.150827010472614,1;1;1;2,40,0,1,0,1,0,0,5,53,53,0.7884178161621094,,3,2,3,2,0,1,0,2048,2048,40.96,2.0,38.96,10765.498638153076,38.96,3966.322569,2080.0,1,1,1,38.96,38.96,38.96
35,upsert,3,L0055,2048,0,1787902362.272988,10.765239953994751,18,0,35,1787902351.5077481,conc8,agg_full@rho0.8,1,0.55,0.0,8,0.8,agg_full,1787902351.5077355,0,2048,,0,0,0,0,0,0,0,1,33,21.150827010472614,1;1;1;1,40,0,0,,,,0,4,,,,,,,,,,,,,,,,,,,,,,,,,,
36,upsert,0,L0000,2560,0,1787902362.2730198,10.764974117279053,19,2,36,1787902351.5080457,conc8,agg_full@rho0.8,1,0.55,0.0,8,0.8,agg_full,1787902351.508034,0,2560,,0,0,0,0,0,0,0,2,34,21.150827010472614,0;1;1;1,40,0,1,0,1,0,0,3,50,50,0.788196325302124,,3,0,3,0,0,1,2048,2560,512,10.24,2.0,8.24,10764.974117279053,8.24,5248.919759,2608.0,1,2,2,8.24,14.48,14.48
37,upsert,2,L0009,2048,0,1787902362.2730467,10.76467227935791,20,0,37,1787902351.5083745,conc8,agg_full@rho0.8,1,0.55,0.0,8,0.8,agg_full,1787902351.508362,0,2048,,0,0,0,0,0,0,0,1,35,21.150827010472614,0;1;0;1,40,0,0,,,,0,2,,,,,,,,,,,,,,,,,,,,,,,,,,
38,upsert,1,L0047,2048,0,1787902362.2730737,10.76441240310669,21,0,38,1787902351.5086613,conc8,agg_full@rho0.8,1,0.55,0.0,8,0.8,agg_full,1787902351.50865,0,2048,,0,0,0,0,0,0,0,1,36,21.150827010472614,0;0;0;1,40,0,0,,,,0,1,,,,,,,,,,,,,,,,,,,,,,,,,,
39,upsert,3,L0033,2560,0,1787902373.8581042,22.34916591644287,22,0,39,1787902351.5089383,conc8,agg_full@rho0.8,1,0.55,0.0,8,0.8,agg_full,1787902351.5089278,0,2560,,0,0,0,0,0,0,0,2,37,21.150827010472614,0;0;0;0,40,0,0,,,,0,0,,,,,,,,,,,,,,,,,,,,,,,,,,
40,upsert,3,L0001,3072,2560,1787902378.0040119,14.946129322052002,23,0,40,1787902363.0578825,conc8,agg_full@rho0.8,1,0.55,0.0,8,0.8,agg_full,1787902363.0578537,2560,512,33.98828315734863,0,2560,2560,2048,512,2,0,4,20,14.067485593614125,2;2;2;1,50,0,0,,,,0,7,,,,,,,,,,,,,,,,,,,,,,,,,,
41,upsert,3,L0001,2048,3072,1787902378.1751904,15.11672592163086,24,0,41,1787902363.0584645,conc8,agg_full@rho0.8,1,0.55,0.0,8,0.8,agg_full,1787902363.058446,3072,-1024,0.0005922317504882812,0,2560,2560,2048,512,2,0,4,21,14.067485593614125,2;2;2;0,50,1,0,,,,0,6,,,,,,,,,,,,,,,,,,,,,,,,,,
42,upsert,2,L0050,2048,0,1787902378.1752844,15.116439819335938,25,0,42,1787902363.0588446,conc8,agg_full@rho0.8,1,0.55,0.0,8,0.8,agg_full,1787902363.0588293,0,2048,,0,0,0,0,0,0,0,1,22,14.067485593614125,2;2;1;0,50,0,0,,,,0,5,,,,,,,,,,,,,,,,,,,,,,,,,,
43,upsert,1,L0033,3072,0,1787902378.1753416,15.11612582206726,26,0,43,1787902363.0592158,conc8,agg_full@rho0.8,1,0.55,0.0,8,0.8,agg_full,1787902363.0592017,0,3072,,0,0,0,0,0,0,0,3,23,14.067485593614125,2;1;1;0,50,0,0,,,,0,4,,,,,,,,,,,,,,,,,,,,,,,,,,
44,upsert,0,L0027,2048,0,1787902378.1753972,15.115767478942871,27,0,44,1787902363.0596297,conc8,agg_full@rho0.8,1,0.55,0.0,8,0.8,agg_full,1787902363.0596166,0,2048,,0,0,0,0,0,0,0,1,24,14.067485593614125,1;1;1;0,50,0,0,,,,0,3,,,,,,,,,,,,,,,,,,,,,,,,,,
45,upsert,2,L0035,2048,0,1787902378.1754415,15.115488290786743,28,0,45,1787902363.0599532,conc8,agg_full@rho0.8,1,0.55,0.0,8,0.8,agg_full,1787902363.0599415,0,2048,,0,0,0,0,0,0,0,1,25,14.067485593614125,1;1;0;0,50,0,0,,,,0,2,,,,,,,,,,,,,,,,,,,,,,,,,,
46,upsert,0,L0025,2048,0,1787902378.175483,15.1151864528656,29,0,46,1787902363.0602965,conc8,agg_full@rho0.8,1,0.55,0.0,8,0.8,agg_full,1787902363.0602844,0,2048,,0,0,0,0,0,0,0,1,26,14.067485593614125,0;1;0;0,50,0,0,,,,0,1,,,,,,,,,,,,,,,,,,,,,,,,,,
48,upsert,2,L0039,2048,0,1787902384.4678693,14.266080617904663,30,0,48,1787902370.2017887,conc8,agg_full@rho0.8,1,0.55,0.0,8,0.8,agg_full,1787902370.2017632,0,2048,,0,0,0,0,0,0,0,1,28,14.067485593614125,3;2;1;1,61,0,0,,,,0,7,,,,,,,,,,,,,,,,,,,,,,,,,,
49,upsert,0,L0013,2560,0,1787902384.468003,14.265694618225098,31,0,49,1787902370.2023084,conc8,agg_full@rho0.8,1,0.55,0.0,8,0.8,agg_full,1787902370.2022915,0,2560,,0,0,0,0,0,0,0,2,29,14.067485593614125,2;2;1;1,61,0,0,,,,0,6,,,,,,,,,,,,,,,,,,,,,,,,,,
50,upsert,0,L0000,3072,2560,1787902384.4680655,14.265346765518188,32,0,50,1787902370.2027187,conc8,agg_full@rho0.8,1,0.55,0.0,8,0.8,agg_full,1787902370.2027013,2560,512,18.69466733932495,0,2560,2560,2048,512,2,0,4,30,14.067485593614125,1;2;1;1,61,0,0,,,,0,5,,,,,,,,,,,,,,,,,,,,,,,,,,
51,upsert,0,L0000,2048,3072,1787902384.468116,14.264973163604736,33,0,51,1787902370.203143,conc8,agg_full@rho0.8,1,0.55,0.0,8,0.8,agg_full,1787902370.2031283,3072,-1024,0.00042700767517089844,0,2560,2560,2048,512,2,0,4,31,14.067485593614125,0;2;1;1,61,1,0,,,,0,4,,,,,,,,,,,,,,,,,,,,,,,,,,
52,upsert,1,L0014,2048,0,1787902384.4681866,14.264694213867188,34,0,52,1787902370.2034924,conc8,agg_full@rho0.8,1,0.55,0.0,8,0.8,agg_full,1787902370.2034793,0,2048,,0,0,0,0,0,0,0,1,32,14.067485593614125,0;1;1;1,61,0,0,,,,0,3,,,,,,,,,,,,,,,,,,,,,,,,,,
53,upsert,2,L0006,2560,2048,1787902384.4682329,14.264376163482666,35,0,53,1787902370.2038567,conc8,agg_full@rho0.8,1,0.55,0.0,8,0.8,agg_full,1787902370.203841,2048,512,18.696422338485718,0,2048,2048,0,2048,1,0,2,33,14.067485593614125,0;1;0;1,61,0,0,,,,0,2,,,,,,,,,,,,,,,,,,,,,,,,,,
54,upsert,3,L0024,2560,0,1787902384.4682744,14.26402735710144,36,0,54,1787902370.204247,conc8,agg_full@rho0.8,1,0.55,0.0,8,0.8,agg_full,1787902370.2042341,0,2560,,0,0,0,0,0,0,0,2,34,14.067485593614125,0;1;0;0,61,0,0,,,,0,1,,,,,,,,,,,,,,,,,,,,,,,,,,
55,upsert,1,L0022,2560,0,1787902392.8337042,22.629092693328857,37,0,55,1787902370.2046115,conc8,agg_full@rho0.8,1,0.55,0.0,8,0.8,agg_full,1787902370.2046003,0,2560,,0,0,0,0,0,0,0,2,35,14.067485593614125,0;0;0;0,61,0,0,,,,0,0,,,,,,,,,,,,,,,,,,,,,,,,,,
56,upsert,3,L0001,2560,2048,1787902396.3459377,17.130171060562134,38,0,56,1787902379.2157667,conc8,agg_full@rho0.8,1,0.55,0.0,8,0.8,agg_full,1787902379.2157354,2048,512,16.157289505004883,0,2048,2048,2048,0,2,0,4,28,14.600283672069681,2;2;2;1,71,0,0,,,,0,7,,,,,,,,,,,,,,,,,,,,,,,,,,
57,upsert,0,L0022,3072,0,1787902396.3460631,17.12968349456787,39,0,57,1787902379.2163796,conc8,agg_full@rho0.8,1,0.55,0.0,8,0.8,agg_full,1787902379.2163594,2048,1024,50.14686560630798,0,0,0,0,0,0,0,3,29,14.600283672069681,1;2;2;1,71,1,0,,,,0,6,,,,,,,,,,,,,,,,,,,,,,,,,,
58,upsert,1,L0021,2560,0,1787902396.3461204,17.129254579544067,40,0,58,1787902379.2168658,conc8,agg_full@rho0.8,1,0.55,0.0,8,0.8,agg_full,1787902379.2168505,0,2560,,0,0,0,0,0,0,0,2,30,14.600283672069681,1;1;2;1,71,0,0,,,,0,5,,,,,,,,,,,,,,,,,,,,,,,,,,
59,upsert,2,L0013,3072,0,1787902396.3461895,17.12890625,41,0,59,1787902379.2172832,conc8,agg_full@rho0.8,1,0.55,0.0,8,0.8,agg_full,1787902379.21727,0,3072,,0,0,0,0,0,0,0,3,31,14.600283672069681,1;1;1;1,71,0,0,,,,0,4,,,,,,,,,,,,,,,,,,,,,,,,,,
60,upsert,2,L0052,2048,0,1787902396.3462372,17.128522634506226,42,0,60,1787902379.2177145,conc8,agg_full@rho0.8,1,0.55,0.0,8,0.8,agg_full,1787902379.2177022,0,2048,,0,0,0,0,0,0,0,1,32,14.600283672069681,1;1;0;1,71,0,0,,,,0,3,,,,,,,,,,,,,,,,,,,,,,,,,,
61,upsert,1,L0021,3072,2560,1787902396.346279,17.12821316719055,43,0,61,1787902379.2180657,conc8,agg_full@rho0.8,1,0.55,0.0,8,0.8,agg_full,1787902379.218051,2560,512,0.0012004375457763672,0,0,0,0,0,0,0,2,33,14.600283672069681,1;0;0;1,71,1,0,,,,0,2,,,,,,,,,,,,,,,,,,,,,,,,,,
62,upsert,0,L0040,2048,0,1787902396.3463173,17.127816438674927,44,0,62,1787902379.2185009,conc8,agg_full@rho0.8,1,0.55,0.0,8,0.8,agg_full,1787902379.2184882,0,2048,,0,0,0,0,0,0,0,1,34,14.600283672069681,0;0;0;1,71,0,0,,,,0,1,,,,,,,,,,,,,,,,,,,,,,,,,,
63,upsert,3,L0007,3072,2560,1787902405.5166693,26.297821044921875,45,0,63,1787902379.2188482,conc8,agg_full@rho0.8,1,0.55,0.0,8,0.8,agg_full,1787902379.2188342,2560,512,42.80777978897095,0,2560,2560,0,2560,1,0,2,35,14.600283672069681,0;0;0;0,71,0,0,,,,0,0,,,,,,,,,,,,,,,,,,,,,,,,,,
64,upsert,3,L0070,2048,0,1787902405.5167944,20.015408992767334,46,1,64,1787902385.5013855,conc8,agg_full@rho0.8,1,0.55,0.0,8,0.8,agg_full,1787902385.5013578,0,2048,,0,0,0,0,0,0,0,1,29,13.847492575645447,2;2;2;1,79,0,1,0,0,1,0,7,120,120,27.572850465774536,,1,1,1,1,0,0,2560,2560,0,0.0,0.0,0.0,20015.408992767334,0.0,284.24149,2080.0,0,0,0,0,0,0
65,upsert,0,L0077,2048,0,1787902405.5168567,20.01493787765503,47,0,65,1787902385.5019188,conc8,agg_full@rho0.8,1,0.55,0.0,8,0.8,agg_full,1787902385.5019026,0,2048,,0,0,0,0,0,0,0,1,30,13.847492575645447,1;2;2;1,79,0,0,,,,0,6,,,,,,,,,,,,,,,,,,,,,,,,,,
66,upsert,2,L0086,2048,0,1787902405.5169072,20.014578104019165,48,0,66,1787902385.502329,conc8,agg_full@rho0.8,1,0.55,0.0,8,0.8,agg_full,1787902385.5023148,0,2048,,0,0,0,0,0,0,0,1,31,13.847492575645447,1;2;1;1,79,0,0,,,,0,5,,,,,,,,,,,,,,,,,,,,,,,,,,
67,upsert,1,L0095,2048,0,1787902405.5169559,20.01425552368164,49,0,67,1787902385.5027003,conc8,agg_full@rho0.8,1,0.55,0.0,8,0.8,agg_full,1787902385.5026882,0,2048,,0,0,0,0,0,0,0,1,32,13.847492575645447,1;1;1;1,79,0,0,,,,0,4,,,,,,,,,,,,,,,,,,,,,,,,,,
68,upsert,3,L0125,2048,0,1787902405.517,20.01394510269165,50,0,68,1787902385.5030549,conc8,agg_full@rho0.8,1,0.55,0.0,8,0.8,agg_full,1787902385.5030432,0,2048,,0,0,0,0,0,0,0,1,33,13.847492575645447,1;1;1;0,79,0,0,,,,0,3,,,,,,,,,,,,,,,,,,,,,,,,,,
69,upsert,1,L0069,2048,0,1787902405.5170388,20.013624668121338,51,0,69,1787902385.5034142,conc8,agg_full@rho0.8,1,0.55,0.0,8,0.8,agg_full,1787902385.503403,0,2048,,0,0,0,0,0,0,0,1,34,13.847492575645447,1;0;1;0,79,0,0,,,,0,2,,,,,,,,,,,,,,,,,,,,,,,,,,
70,upsert,2,L0068,2048,0,1787902405.5170813,20.013323545455933,52,3,70,1787902385.5037577,conc8,agg_full@rho0.8,1,0.55,0.0,8,0.8,agg_full,1787902385.503747,0,2048,,0,0,0,0,0,0,0,1,35,13.847492575645447,1;0;0;0,79,0,1,0,1,0,0,1,104,104,12.563616752624512,,1,2,1,2,0,0,0,2048,2048,40.96,0.0,40.96,20013.323545455933,40.96,1183.503546,2080.0,1,2,2,40.96,79.92,79.92
71,upsert,0,L0109,2048,0,1787902409.93082,24.426722288131714,53,1,71,1787902385.5040977,conc8,agg_full@rho0.8,1,0.55,0.0,8,0.8,agg_full,1787902385.5040867,0,2048,,0,0,0,0,0,0,0,1,36,13.847492575645447,0;0;0;0,79,0,1,0,1,0,0,0,119,119,14.581239461898804,,1,0,1,0,1,2,0,2048,2048,40.96,2.0,38.96,24426.722288131714,38.96,1703.379314,2080.0,1,1,1,38.96,38.96,38.96
72,upsert,3,L0106,2048,0,1787902409.9309466,16.7897367477417,54,0,72,1787902393.1412098,conc8,agg_full@rho0.8,1,0.55,0.0,8,0.8,agg_full,1787902393.1411839,0,2048,,0,0,0,0,0,0,0,1,36,14.033053681254387,2;2;2;1,87,0,0,,,,0,7,,,,,,,,,,,,,,,,,,,,,,,,,,
73,upsert,2,L0077,2560,0,1787902409.9310133,16.789283275604248,55,0,73,1787902393.14173,conc8,agg_full@rho0.8,1,0.55,0.0,8,0.8,agg_full,1787902393.1417139,0,2560,,0,0,0,0,0,0,0,2,37,14.033053681254387,2;2;1;1,87,0,0,,,,0,6,,,,,,,,,,,,,,,,,,,,,,,,,,
74,upsert,1,L0070,2560,0,1787902409.931063,16.7888822555542,56,1,74,1787902393.1421807,conc8,agg_full@rho0.8,1,0.55,0.0,8,0.8,agg_full,1787902393.142154,0,2560,,0,0,0,0,0,0,0,2,38,14.033053681254387,2;1;1;1,87,0,1,0,1,0,0,5,120,120,23.158581972122192,,3,1,3,1,0,0,2048,2560,512,10.24,0.0,10.24,16788.8822555542,10.24,284.24149,2080.0,1,1,1,10.24,10.24,10.24
75,upsert,0,L0064,2048,0,1787902409.9311082,16.788521766662598,57,4,75,1787902393.1425865,conc8,agg_full@rho0.8,1,0.55,0.0,8,0.8,agg_full,1787902393.1425738,0,2048,,0,0,0,0,0,0,0,1,39,14.033053681254387,1;1;1;1,87,0,1,0,1,0,0,4,99,99,0.3029754161834717,,2,0,2,0,0,0,0,2048,2048,40.96,0.0,40.96,16788.521766662598,40.96,2662.386655,2080.0,1,3,3,40.96,120.88,120.88
76,upsert,3,L0099,2048,0,1787902409.9311478,16.788200855255127,58,1,76,1787902393.142947,conc8,agg_full@rho0.8,1,0.55,0.0,8,0.8,agg_full,1787902393.1429343,0,2048,,0,0,0,0,0,0,0,1,40,14.033053681254387,1;1;1;0,87,0,1,0,1,0,0,3,97,97,0.30289292335510254,,2,3,2,3,0,1,0,2048,2048,40.96,2.0,38.96,16788.200855255127,38.96,5333.620488,2080.0,1,1,1,38.96,38.96,38.96
77,upsert,0,L0122,2048,0,1787902409.9312112,16.787904739379883,59,0,77,1787902393.1433065,conc8,agg_full@rho0.8,1,0.55,0.0,8,0.8,agg_full,1787902393.143295,0,2048,,0,0,0,0,0,0,0,1,41,14.033053681254387,0;1;1;0,87,0,0,,,,0,2,,,,,,,,,,,,,,,,,,,,,,,,,,
78,upsert,2,L0090,2048,0,1787902415.4922621,22.348609924316406,60,0,78,1787902393.1436522,conc8,agg_full@rho0.8,1,0.55,0.0,8,0.8,agg_full,1787902393.1436412,0,2048,,0,0,0,0,0,0,0,1,42,14.033053681254387,0;1;0;0,87,0,0,,,,0,1,,,,,,,,,,,,,,,,,,,,,,,,,,
79,upsert,1,L0093,2048,0,1787902415.4923859,22.348379135131836,61,0,79,1787902393.1440067,conc8,agg_full@rho0.8,1,0.55,0.0,8,0.8,agg_full,1787902393.143991,0,2048,,0,0,0,0,0,0,0,1,43,14.033053681254387,0;0;0;0,87,0,0,,,,0,0,,,,,,,,,,,,,,,,,,,,,,,,,,
80,upsert,3,L0076,2048,0,1787902415.4924502,14.740073919296265,62,0,80,1787902400.7523763,conc8,agg_full@rho0.8,1,0.55,0.0,8,0.8,agg_full,1787902400.7523506,0,2048,,0,0,0,0,0,0,0,1,37,14.98595230281353,2;2;2;1,95,0,0,,,,0,7,,,,,,,,,,,,,,,,,,,,,,,,,,
81,upsert,1,L0072,2048,0,1787902415.4925,14.739597082138062,63,0,81,1787902400.752903,conc8,agg_full@rho0.8,1,0.55,0.0,8,0.8,agg_full,1787902400.7528868,0,2048,,0,0,0,0,0,0,0,1,38,14.98595230281353,2;1;2;1,95,0,0,,,,0,6,,,,,,,,,,,,,,,,,,,,,,,,,,
82,upsert,2,L0096,2048,0,1787902415.4925454,14.739230632781982,64,0,82,1787902400.7533147,conc8,agg_full@rho0.8,1,0.55,0.0,8,0.8,agg_full,1787902400.7533004,0,2048,,0,0,0,0,0,0,0,1,39,14.98595230281353,2;1;1;1,95,0,0,,,,0,5,,,,,,,,,,,,,,,,,,,,,,,,,,
83,upsert,0,L0069,2560,0,1787902415.4925857,14.738895177841187,65,0,83,1787902400.7536905,conc8,agg_full@rho0.8,1,0.55,0.0,8,0.8,agg_full,1787902400.7536776,0,2560,,0,0,0,0,0,0,0,2,40,14.98595230281353,1;1;1;1,95,0,0,,,,0,4,,,,,,,,,,,,,,,,,,,,,,,,,,
84,upsert,3,L0085,2048,0,1787902415.4926264,14.738530397415161,66,0,84,1787902400.754096,conc8,agg_full@rho0.8,1,0.55,0.0,8,0.8,agg_full,1787902400.7540843,0,2048,,0,0,0,0,0,0,0,2,41,14.98595230281353,1;1;1;0,95,0,0,,,,0,3,,,,,,,,,,,,,,,,,,,,,,,,,,
85,upsert,2,L0078,2048,0,1787902415.4926653,14.73819375038147,67,0,85,1787902400.7544715,conc8,agg_full@rho0.8,1,0.55,0.0,8,0.8,agg_full,1787902400.7544577,0,2048,,0,0,0,0,0,0,0,1,42,14.98595230281353,1;1;0;0,95,0,0,,,,0,2,,,,,,,,,,,,,,,,,,,,,,,,,,
86,upsert,1,L0085,2560,0,1787902424.662995,23.908172845840454,68,0,86,1787902400.7548223,conc8,agg_full@rho0.8,1,0.55,0.0,8,0.8,agg_full,1787902400.7548103,0,2560,,0,0,0,0,0,0,0,2,43,14.98595230281353,1;0;0;0,95,0,0,,,,0,1,,,,,,,,,,,,,,,,,,,,,,,,,,
87,upsert,0,L0116,2048,0,1787902424.663127,23.90790605545044,69,0,87,1787902400.755221,conc8,agg_full@rho0.8,1,0.55,0.0,8,0.8,agg_full,1787902400.7552083,0,2048,,0,0,0,0,0,0,0,1,44,14.98595230281353,0;0;0;0,95,0,0,,,,0,0,,,,,,,,,,,,,,,,,,,,,,,,,,
88,upsert,3,L0118,2048,0,1787902428.2483642,18.099467754364014,70,0,88,1787902410.1488965,conc8,agg_full@rho0.8,1,0.55,0.0,8,0.8,agg_full,1787902410.1488702,0,2048,,0,0,0,0,0,0,0,1,30,17.63045858591795,2;2;2;1,103,0,0,,,,0,7,,,,,,,,,,,,,,,,,,,,,,,,,,
89,upsert,0,L0071,2048,0,1787902428.2484848,18.099029302597046,71,0,89,1787902410.1494555,conc8,agg_full@rho0.8,1,0.55,0.0,8,0.8,agg_full,1787902410.1494384,0,2048,,0,0,0,0,0,0,0,1,31,17.63045858591795,1;2;2;1,103,0,0,,,,0,6,,,,,,,,,,,,,,,,,,,,,,,,,,
91,upsert,1,L0064,2560,0,1787902428.2485452,18.0981924533844,72,1,91,1787902410.1503527,conc8,agg_full@rho0.8,1,0.55,0.0,8,0.8,agg_full,1787902410.1503372,0,2560,,0,0,2048,0,2048,1,0,2,33,17.63045858591795,1;1;1;1,103,0,1,0,1,0,0,4,125,125,4.841345548629761,,0,1,0,1,1,1,0,0,0,0.0,0.0,0.0,18098.1924533844,0.0,2277.871036,2608.0,1,1,1,0.0,0.0,0.0
92,upsert,3,L0116,2560,0,1787902428.2486005,18.097829818725586,73,0,92,1787902410.1507707,conc8,agg_full@rho0.8,1,0.55,0.0,8,0.8,agg_full,1787902410.1507566,0,2560,,0,0,0,0,0,0,0,2,34,17.63045858591795,1;1;1;0,103,0,0,,,,0,3,,,,,,,,,,,,,,,,,,,,,,,,,,
93,upsert,1,L0072,2560,2048,1787902428.2486434,18.097447395324707,74,0,93,1787902410.151196,conc8,agg_full@rho0.8,1,0.55,0.0,8,0.8,agg_full,1787902410.1511796,2048,512,9.398292779922485,0,0,0,0,0,0,0,2,35,17.63045858591795,1;0;1;0,103,1,0,,,,0,2,,,,,,,,,,,,,,,,,,,,,,,,,,
94,upsert,2,L0066,2048,0,1787902428.2486868,18.097086429595947,75,2,94,1787902410.1516004,conc8,agg_full@rho0.8,1,0.55,0.0,8,0.8,agg_full,1787902410.151589,0,2048,,0,0,0,0,0,0,0,1,36,17.63045858591795,1;0;0;0,103,0,1,0,1,0,0,1,122,122,4.841076374053955,,0,2,0,2,0,1,0,2048,2048,40.96,2.0,38.96,18097.086429595947,38.96,1869.236393,2080.0,1,2,2,38.96,77.92,77.92
95,upsert,0,L0120,2048,0,1787902428.2487283,18.096765756607056,76,0,95,1787902410.1519625,conc8,agg_full@rho0.8,1,0.55,0.0,8,0.8,agg_full,1787902410.151951,0,2048,,0,0,0,0,0,0,0,1,37,17.63045858591795,0;0;0;0,103,0,0,,,,0,0,,,,,,,,,,,,,,,,,,,,,,,,,,
96,upsert,3,L0120,2560,0,1787902437.7361853,19.65919780731201,77,0,96,1787902418.0769875,conc8,agg_full@rho0.8,1,0.55,0.0,8,0.8,agg_full,1787902418.0769565,0,2560,,0,0,0,0,0,0,0,2,30,18.171385765075684,2;2;2;1,113,0,0,,,,0,7,,,,,,,,,,,,,,,,,,,,,,,,,,
97,upsert,3,L0099,2560,2048,1787902437.736319,19.65868306159973,78,0,97,1787902418.077636,conc8,agg_full@rho0.8,1,0.55,0.0,8,0.8,agg_full,1787902418.077614,2048,512,24.934679746627808,0,2048,2048,0,2048,1,0,2,31,18.171385765075684,2;2;2;0,113,0,0,,,,0,6,,,,,,,,,,,,,,,,,,,,,,,,,,
98,upsert,1,L0076,2560,0,1787902437.736383,19.65828537940979,79,0,98,1787902418.0780976,conc8,agg_full@rho0.8,1,0.55,0.0,8,0.8,agg_full,1787902418.0780804,0,2560,,0,0,2048,0,2048,1,0,2,32,18.171385765075684,2;1;2;0,113,0,0,,,,0,5,,,,,,,,,,,,,,,,,,,,,,,,,,
99,upsert,0,L0064,3072,2048,1787902437.7364376,19.65788507461548,80,0,99,1787902418.0785525,conc8,agg_full@rho0.8,1,0.55,0.0,8,0.8,agg_full,1787902418.0785348,2048,1024,24.9359610080719,0,2048,2048,0,2048,1,0,3,33,18.171385765075684,1;1;2;0,113,0,0,,,,0,4,,,,,,,,,,,,,,,,,,,,,,,,,,
100,upsert,2,L0072,3072,0,1787902437.7364845,19.65746760368347,81,0,100,1787902418.079017,conc8,agg_full@rho0.8,1,0.55,0.0,8,0.8,agg_full,1787902418.0790029,0,3072,,0,0,2048,0,2048,1,0,3,34,18.171385765075684,1;1;1;0,113,0,0,,,,0,3,,,,,,,,,,,,,,,,,,,,,,,,,,
101,upsert,2,L0096,2560,2048,1787902437.7365265,19.65704870223999,82,0,101,1787902418.0794778,conc8,agg_full@rho0.8,1,0.55,0.0,8,0.8,agg_full,1787902418.0794618,2048,512,17.32616138458252,0,2048,2048,0,2048,1,0,2,35,18.171385765075684,1;1;0;0,113,0,0,,,,0,2,,,,,,,,,,,,,,,,,,,,,,,,,,
102,upsert,1,L0092,2048,0,1787902437.7365663,19.656682014465332,83,0,102,1787902418.0798843,conc8,agg_full@rho0.8,1,0.55,0.0,8,0.8,agg_full,1787902418.0798712,0,2048,,0,0,0,0,0,0,0,1,36,18.171385765075684,1;0;0;0,113,0,0,,,,0,1,,,,,,,,,,,,,,,,,,,,,,,,,,
0,upsert,0,L0012,2048,0,1787902464.8337362,13.546252489089966,1,0,0,1787902451.2874837,conc8,agg_static@rho0.8,1,0.55,0.0,8,0.8,agg_static,1787902451.2874541,0,2048,,0,0,0,0,0,0,0,1,1,,1;2;2;2,8,0,0,,,,0,7,,,,,,,,,,,,,,,,,,,,,,,,,,
1,upsert,2,L0007,2048,0,1787902466.419102,15.13145661354065,2,1,1,1787902451.2876453,conc8,agg_static@rho0.8,1,0.55,0.0,8,0.8,agg_static,1787902451.2876313,0,2048,,0,0,0,0,0,0,0,1,2,,1;2;1;2,8,0,1,0,0,1,0,6,63,63,33.158544063568115,,3,3,3,3,3,3,512,512,0,0.0,0.0,0.0,15131.45661354065,0.0,5142.107955,2608.0,0,0,0,0,0,0
2,upsert,1,L0059,2048,0,1787902466.419253,15.13150405883789,3,0,2,1787902451.287749,conc8,agg_static@rho0.8,1,0.55,0.0,8,0.8,agg_static,1787902451.287738,0,2048,,0,0,0,0,0,0,0,1,3,,1;1;1;2,8,0,0,,,,0,5,,,,,,,,,,,,,,,,,,,,,,,,,,
3,upsert,3,L0016,2048,0,1787902470.394762,19.106926918029785,4,0,3,1787902451.2878351,conc8,agg_static@rho0.8,1,0.55,0.0,8,0.8,agg_static,1787902451.2878258,0,2048,,0,0,0,0,0,0,0,1,4,,1;1;1;1,8,0,0,,,,0,4,,,,,,,,,,,,,,,,,,,,,,,,,,
5,upsert,3,L0021,2048,0,1787902470.3948638,19.106886386871338,5,2,5,1787902451.2879775,conc8,agg_static@rho0.8,1,0.55,0.0,8,0.8,agg_static,1787902451.2879694,0,2048,,0,0,0,0,0,0,0,1,6,,0;1;1;0,8,0,1,0,1,0,0,2,58,58,29.182575225830078,,2,3,2,3,0,1,0,2048,2048,40.96,2.0,38.96,19106.886386871338,38.96,5145.11373,2080.0,1,2,2,38.96,77.92,77.92
7,upsert,2,L0001,2048,0,1787902470.3949318,19.10682487487793,6,3,7,1787902451.288107,conc8,agg_static@rho0.8,1,0.55,0.0,8,0.8,agg_static,1787902451.2880998,0,2048,,0,0,0,0,0,0,0,1,8,,0;0;0;0,8,0,1,0,0,1,0,0,40,40,10.888789653778076,,3,3,3,3,0,0,2560,2560,0,0.0,0.0,0.0,19106.82487487793,0.0,1439.3442,2608.0,0,0,0,0,0,0
4,upsert,0,L0029,2048,0,1787902470.3949862,19.107072353363037,7,0,4,1787902451.2879138,conc8,agg_static@rho0.8,1,0.55,0.0,8,0.8,agg_static,1787902451.2879043,0,2048,,0,0,0,0,0,0,0,1,5,,0;1;1;1,8,0,0,,,,0,3,,,,,,,,,,,,,,,,,,,,,,,,,,
8,upsert,0,L0063,2048,0,1787902470.3950357,11.705386638641357,8,0,8,1787902458.689649,conc8,agg_static@rho0.8,1,0.55,0.0,8,0.8,agg_static,1787902458.6896195,0,2048,,0,0,0,0,0,0,0,1,9,,1;2;2;2,16,0,0,,,,0,7,,,,,,,,,,,,,,,,,,,,,,,,,,
9,upsert,1,L0041,2048,0,1787902470.395081,11.70527720451355,9,0,9,1787902458.6898038,conc8,agg_static@rho0.8,1,0.55,0.0,8,0.8,agg_static,1787902458.68979,0,2048,,0,0,0,0,0,0,0,1,10,,1;1;2;2,16,0,0,,,,0,6,,,,,,,,,,,,,,,,,,,,,,,,,,
10,upsert,2,L0023,2048,0,1787902470.3951275,11.705217838287354,10,0,10,1787902458.6899097,conc8,agg_static@rho0.8,1,0.55,0.0,8,0.8,agg_static,1787902458.689899,0,2048,,0,0,0,0,0,0,0,1,11,,1;1;1;2,16,0,0,,,,0,5,,,,,,,,,,,,,,,,,,,,,,,,,,
13,upsert,2,L0019,2048,0,1787902478.7606015,20.070459127426147,11,0,13,1787902458.6901424,conc8,agg_static@rho0.8,1,0.55,0.0,8,0.8,agg_static,1787902458.6901348,0,2048,,0,0,0,0,0,0,0,1,14,,0;1;0;1,16,0,0,,,,0,2,,,,,,,,,,,,,,,,,,,,,,,,,,
11,upsert,3,L0046,2048,0,1787902478.7607198,20.07072162628174,12,0,11,1787902458.6899981,conc8,agg_static@rho0.8,1,0.55,0.0,8,0.8,agg_static,1787902458.6899872,0,2048,,0,0,0,0,0,0,0,1,12,,1;1;1;1,16,0,0,,,,0,4,,,,,,,,,,,,,,,,,,,,,,,,,,
15,upsert,3,L0001,2560,0,1787902478.7607815,20.070451736450195,13,3,15,1787902458.6903298,conc8,agg_static@rho0.8,1,0.55,0.0,8,0.8,agg_static,1787902458.6903217,0,2560,,0,0,0,0,0,0,0,2,16,,0;0;0;0,16,0,1,0,1,0,0,0,40,40,2.522939920425415,,2,3,2,3,0,0,2048,2560,512,10.24,0.0,10.24,20070.451736450195,10.24,1439.3442,2608.0,1,3,3,10.24,28.72,28.72
12,upsert,0,L0022,2048,0,1787902478.7608187,20.07073974609375,14,2,12,1787902458.690079,conc8,agg_static@rho0.8,1,0.55,0.0,8,0.8,agg_static,1787902458.69007,0,2048,,0,0,0,0,0,0,0,1,13,,0;1;1;1,16,0,1,0,1,0,0,3,55,55,14.13412594795227,,1,0,1,0,1,2,0,2048,2048,40.96,2.0,38.96,20070.73974609375,38.96,3326.766864,2080.0,1,1,1,38.96,38.96,38.96
14,upsert,1,L0004,2560,0,1787902478.7608495,20.070597887039185,15,0,14,1787902458.6902516,conc8,agg_static@rho0.8,1,0.55,0.0,8,0.8,agg_static,1787902458.690238,2048,512,7.402200937271118,0,0,0,0,0,0,0,2,15,,0;0;0;1,16,1,0,,,,0,1,,,,,,,,,,,,,,,,,,,,,,,,,,
16,upsert,0,L0029,2560,2048,1787902478.7608778,12.386947393417358,16,0,16,1787902466.3739305,conc8,agg_static@rho0.8,1,0.55,0.0,8,0.8,agg_static,1787902466.3738983,2048,512,15.085994005203247,0,0,0,0,0,0,0,2,16,13.546252489089966,1;2;2;2,24,1,0,,,,0,7,,,,,,,,,,,,,,,,,,,,,,,,,,
17,upsert,3,L0007,2560,0,1787902478.760907,12.38670563697815,17,1,17,1787902466.3742013,conc8,agg_static@rho0.8,1,0.55,0.0,8,0.8,agg_static,1787902466.3741853,0,2560,,0,0,0,0,0,0,0,2,17,13.546252489089966,1;2;2;1,24,0,1,0,1,0,0,6,63,63,20.816739082336426,,2,3,2,3,1,3,0,512,512,10.24,4.0,6.24,12386.70563697815,6.24,5142.107955,2608.0,1,1,1,6.24,6.24,6.24
18,upsert,1,L0013,2048,0,1787902478.7609346,12.386569261550903,18,2,18,1787902466.3743653,conc8,agg_static@rho0.8,1,0.55,0.0,8,0.8,agg_static,1787902466.374353,0,2048,,0,0,0,0,0,0,0,1,18,13.546252489089966,1;1;2;1,24,0,1,0,1,0,0,5,49,49,14.133769750595093,,0,1,0,1,0,0,0,2048,2048,40.96,0.0,40.96,12386.569261550903,40.96,1231.442461,2080.0,1,2,2,40.96,81.92,81.92
19,upsert,2,L0017,2048,0,1787902487.9313302,21.556832551956177,19,0,19,1787902466.3744977,conc8,agg_static@rho0.8,1,0.55,0.0,8,0.8,agg_static,1787902466.3744855,0,2048,,0,0,0,0,0,0,0,1,19,13.546252489089966,1;1;1;1,24,0,0,,,,0,4,,,,,,,,,,,,,,,,,,,,,,,,,,
20,upsert,0,L0024,2048,0,1787902487.931409,21.556790113449097,20,1,20,1787902466.3746188,conc8,agg_static@rho0.8,1,0.55,0.0,8,0.8,agg_static,1787902466.374607,0,2048,,0,0,0,0,0,0,0,1,20,13.546252489089966,0;1;1;1,24,0,1,0,1,0,0,3,54,54,4.963493824005127,,1,0,1,0,1,1,0,2048,2048,40.96,0.0,40.96,21556.790113449097,40.96,3327.706971,2080.0,1,1,1,40.96,40.96,40.96
22,upsert,2,L0033,2048,0,1787902487.9314537,21.55659055709839,21,0,22,1787902466.3748631,conc8,agg_static@rho0.8,1,0.55,0.0,8,0.8,agg_static,1787902466.3748522,0,2048,,0,0,0,0,0,0,0,1,22,13.546252489089966,0;0;0;1,24,0,0,,,,0,1,,,,,,,,,,,,,,,,,,,,,,,,,,
21,upsert,1,L0053,2048,0,1787902487.9314864,21.556758642196655,22,0,21,1787902466.3747277,conc8,agg_static@rho0.8,1,0.55,0.0,8,0.8,agg_static,1787902466.3747141,0,2048,,0,0,0,0,0,0,0,1,21,13.546252489089966,0;0;1;1,24,0,0,,,,0,2,,,,,,,,,,,,,,,,,,,,,,,,,,
23,upsert,3,L0034,2048,0,1787902487.9315157,21.556544542312622,23,0,23,1787902466.3749712,conc8,agg_static@rho0.8,1,0.55,0.0,8,0.8,agg_static,1787902466.3749611,0,2048,,0,0,0,0,0,0,0,1,23,13.546252489089966,0;0;0;0,24,0,0,,,,0,0,,,,,,,,,,,,,,,,,,,,,,,,,,
24,upsert,0,L0042,2048,0,1787902494.053279,20.62883996963501,24,0,24,1787902473.424439,conc8,agg_static@rho0.8,1,0.55,0.0,8,0.8,agg_static,1787902473.4244072,0,2048,,0,0,0,0,0,0,0,1,15,15.535280537605285,1;2;2;2,32,0,0,,,,0,7,,,,,,,,,,,,,,,,,,,,,,,,,,
25,upsert,2,L0026,2048,0,1787902494.053417,20.62868022918701,25,0,25,1787902473.4247367,conc8,agg_static@rho0.8,1,0.55,0.0,8,0.8,agg_static,1787902473.4247205,0,2048,,0,0,0,0,0,0,0,1,16,15.535280537605285,1;2;1;2,32,0,0,,,,0,6,,,,,,,,,,,,,,,,,,,,,,,,,,
26,upsert,1,L0005,2048,0,1787902494.0534894,20.628556728363037,26,0,26,1787902473.4249327,conc8,agg_static@rho0.8,1,0.55,0.0,8,0.8,agg_static,1787902473.4249184,0,2048,,0,0,0,0,0,0,0,1,17,15.535280537605285,1;1;1;2,32,0,0,,,,0,5,,,,,,,,,,,,,,,,,,,,,,,,,,
27,upsert,3,L0000,2048,0,1787902494.0535467,20.628443956375122,27,0,27,1787902473.4251027,conc8,agg_static@rho0.8,1,0.55,0.0,8,0.8,agg_static,1787902473.425091,0,2048,,0,0,0,0,0,0,0,1,18,15.535280537605285,1;1;1;1,32,0,0,,,,0,4,,,,,,,,,,,,,,,,,,,,,,,,,,
28,upsert,0,L0034,2560,0,1787902494.0536003,20.628326177597046,28,0,28,1787902473.4252741,conc8,agg_static@rho0.8,1,0.55,0.0,8,0.8,agg_static,1787902473.4252636,0,2560,,0,0,0,0,0,0,0,2,19,15.535280537605285,0;1;1;1,32,0,0,,,,0,3,,,,,,,,,,,,,,,,,,,,,,,,,,
29,upsert,3,L0002,2048,0,1787902494.0536447,20.628228664398193,29,0,29,1787902473.425416,conc8,agg_static@rho0.8,1,0.55,0.0,8,0.8,agg_static,1787902473.4254065,0,2048,,0,0,0,0,0,0,0,1,20,15.535280537605285,0;1;1;0,32,0,0,,,,0,2,,,,,,,,,,,,,,,,,,,,,,,,,,
30,upsert,1,L0011,2048,0,1787902494.053689,20.628127336502075,30,0,30,1787902473.4255617,conc8,agg_static@rho0.8,1,0.55,0.0,8,0.8,agg_static,1787902473.4255514,0,2048,,0,0,0,0,0,0,0,1,21,15.535280537605285,0;0;1;0,32,0,0,,,,0,1,,,,,,,,,,,,,,,,,,,,,,,,,,
31,upsert,2,L0018,2048,0,1787902504.5893662,31.163665533065796,31,0,31,1787902473.4257007,conc8,agg_static@rho0.8,1,0.55,0.0,8,0.8,agg_static,1787902473.4256911,0,2048,,0,0,0,0,0,0,0,1,22,15.535280537605285,0;0;0;0,32,0,0,,,,0,0,,,,,,,,,,,,,,,,,,,,,,,,,,
32,upsert,0,L0005,2560,0,1787902504.5895076,23.308982849121094,32,0,32,1787902481.2805247,conc8,agg_static@rho0.8,1,0.55,0.0,8,0.8,agg_static,1787902481.280495,0,2560,,0,0,0,0,0,0,0,2,15,16.27033321062724,1;2;2;2,40,0,0,,,,0,7,,,,,,,,,,,,,,,,,,,,,,,,,,
33,upsert,1,L0042,2560,0,1787902504.589574,23.308506727218628,33,0,33,1787902481.2810674,conc8,agg_static@rho0.8,1,0.55,0.0,8,0.8,agg_static,1787902481.2810514,0,2560,,0,0,0,0,0,0,0,2,16,16.27033321062724,1;1;2;2,40,0,0,,,,0,6,,,,,,,,,,,,,,,,,,,,,,,,,,
34,upsert,2,L0006,2048,0,1787902504.589631,23.308127880096436,34,0,34,1787902481.2815032,conc8,agg_static@rho0.8,1,0.55,0.0,8,0.8,agg_static,1787902481.2814891,0,2048,,0,0,0,0,0,0,0,1,17,16.27033321062724,1;1;1;2,40,0,0,,,,0,5,,,,,,,,,,,,,,,,,,,,,,,,,,
35,upsert,3,L0055,2048,0,1787902504.5896819,23.307814598083496,35,0,35,1787902481.2818673,conc8,agg_static@rho0.8,1,0.55,0.0,8,0.8,agg_static,1787902481.2818544,0,2048,,0,0,0,0,0,0,0,1,18,16.27033321062724,1;1;1;1,40,0,0,,,,0,4,,,,,,,,,,,,,,,,,,,,,,,,,,
36,upsert,0,L0000,2560,0,1787902504.5897267,23.307503700256348,36,0,36,1787902481.282223,conc8,agg_static@rho0.8,1,0.55,0.0,8,0.8,agg_static,1787902481.2822106,0,2560,,0,0,0,0,0,0,0,2,19,16.27033321062724,0;1;1;1,40,0,0,,,,0,3,,,,,,,,,,,,,,,,,,,,,,,,,,
37,upsert,2,L0009,2048,0,1787902504.5897703,23.307182550430298,37,0,37,1787902481.2825878,conc8,agg_static@rho0.8,1,0.55,0.0,8,0.8,agg_static,1787902481.2825756,0,2048,,0,0,0,0,0,0,0,1,20,16.27033321062724,0;1;0;1,40,0,0,,,,0,2,,,,,,,,,,,,,,,,,,,,,,,,,,
38,upsert,1,L0047,2048,0,1787902504.5898108,23.306889057159424,38,0,38,1787902481.2829218,conc8,agg_static@rho0.8,1,0.55,0.0,8,0.8,agg_static,1787902481.28291,0,2048,,0,0,0,0,0,0,0,1,21,16.27033321062724,0;0;0;1,40,0,0,,,,0,1,,,,,,,,,,,,,,,,,,,,,,,,,,
39,upsert,3,L0033,2560,0,1787902505.784932,24.501668691635132,39,0,39,1787902481.2832632,conc8,agg_static@rho0.8,1,0.55,0.0,8,0.8,agg_static,1787902481.283249,0,2560,,0,0,0,0,0,0,0,2,22,16.27033321062724,0;0;0;0,40,0,0,,,,0,0,,,,,,,,,,,,,,,,,,,,,,,,,,
40,upsert,3,L0001,3072,2560,1787902505.7850513,12.89377498626709,40,0,40,1787902492.8912764,conc8,agg_static@rho0.8,1,0.55,0.0,8,0.8,agg_static,1787902492.8912418,2560,512,34.20092010498047,0,2560,2560,2048,512,2,0,4,18,17.419544095578402,2;2;2;1,50,0,0,,,,0,7,,,,,,,,,,,,,,,,,,,,,,,,,,
41,upsert,3,L0001,2048,3072,1787902505.78512,12.893229007720947,41,0,41,1787902492.891891,conc8,agg_static@rho0.8,1,0.55,0.0,8,0.8,agg_static,1787902492.891873,3072,-1024,0.0006310939788818359,0,2560,2560,2048,512,2,0,4,19,17.419544095578402,2;2;2;0,50,1,0,,,,0,6,,,,,,,,,,,,,,,,,,,,,,,,,,
42,upsert,2,L0050,2048,0,1787902505.7851946,12.892875671386719,42,0,42,1787902492.892319,conc8,agg_static@rho0.8,1,0.55,0.0,8,0.8,agg_static,1787902492.8923018,0,2048,,0,0,0,0,0,0,0,1,20,17.419544095578402,2;2;1;0,50,0,0,,,,0,5,,,,,,,,,,,,,,,,,,,,,,,,,,
44,upsert,0,L0027,2048,0,1787902505.785247,12.892108678817749,43,0,44,1787902492.8931384,conc8,agg_static@rho0.8,1,0.55,0.0,8,0.8,agg_static,1787902492.8931253,0,2048,,0,0,0,0,0,0,0,1,22,17.419544095578402,1;1;1;0,50,0,0,,,,0,3,,,,,,,,,,,,,,,,,,,,,,,,,,
45,upsert,2,L0035,2048,0,1787902505.7852898,12.891797304153442,44,0,45,1787902492.8934925,conc8,agg_static@rho0.8,1,0.55,0.0,8,0.8,agg_static,1787902492.8934805,0,2048,,0,0,0,0,0,0,0,1,23,17.419544095578402,1;1;0;0,50,0,0,,,,0,2,,,,,,,,,,,,,,,,,,,,,,,,,,
46,upsert,0,L0025,2048,0,1787902505.785333,12.891496419906616,45,0,46,1787902492.8938365,conc8,agg_static@rho0.8,1,0.55,0.0,8,0.8,agg_static,1787902492.8938231,0,2048,,0,0,0,0,0,0,0,1,24,17.419544095578402,0;1;0;0,50,0,0,,,,0,1,,,,,,,,,,,,,,,,,,,,,,,,,,
48,upsert,2,L0039,2048,0,1787902518.2971358,18.723289966583252,46,0,48,1787902499.5738459,conc8,agg_static@rho0.8,1,0.55,0.0,8,0.8,agg_static,1787902499.5738175,0,2048,,0,0,0,0,0,0,0,1,19,18.168290575345356,3;1;1;2,61,0,0,,,,0,7,,,,,,,,,,,,,,,,,,,,,,,,,,
49,upsert,1,L0013,2560,2048,1787902518.2972927,18.722872734069824,47,0,49,1787902499.57442,conc8,agg_static@rho0.8,1,0.55,0.0,8,0.8,agg_static,1787902499.5743997,2048,512,33.20004677772522,0,2048,2048,0,2048,1,0,2,20,18.168290575345356,3;0;1;2,61,0,0,,,,0,6,,,,,,,,,,,,,,,,,,,,,,,,,,
50,upsert,3,L0000,3072,2048,1787902518.297361,18.722487926483154,48,0,50,1787902499.574873,conc8,agg_static@rho0.8,1,0.55,0.0,8,0.8,agg_static,1787902499.5748556,2048,1024,26.14976453781128,0,2048,2048,0,2048,1,0,4,21,18.168290575345356,3;0;1;1,61,0,0,,,,0,5,,,,,,,,,,,,,,,,,,,,,,,,,,
51,upsert,0,L0000,2048,2560,1787902518.2974133,18.722063779830933,49,0,51,1787902499.5753496,conc8,agg_static@rho0.8,1,0.55,0.0,8,0.8,agg_static,1787902499.5753329,2560,-512,18.29312229156494,0,0,2048,0,2048,1,0,4,22,18.168290575345356,2;0;1;1,61,1,0,,,,0,4,,,,,,,,,,,,,,,,,,,,,,,,,,
52,upsert,3,L0014,2048,0,1787902518.297462,18.72174620628357,50,0,52,1787902499.5757158,conc8,agg_static@rho0.8,1,0.55,0.0,8,0.8,agg_static,1787902499.5757024,0,2048,,0,0,0,0,0,0,0,1,23,18.168290575345356,2;0;1;0,61,0,0,,,,0,3,,,,,,,,,,,,,,,,,,,,,,,,,,
53,upsert,2,L0006,2560,2048,1787902518.297507,18.72143054008484,51,0,53,1787902499.5760765,conc8,agg_static@rho0.8,1,0.55,0.0,8,0.8,agg_static,1787902499.5760622,2048,512,18.294573068618774,0,0,0,0,0,0,0,2,24,18.168290575345356,2;0;0;0,61,1,0,,,,0,2,,,,,,,,,,,,,,,,,,,,,,,,,,
54,upsert,0,L0024,2560,2048,1787902518.2975497,18.721065044403076,52,0,54,1787902499.5764847,conc8,agg_static@rho0.8,1,0.55,0.0,8,0.8,agg_static,1787902499.5764704,2048,512,33.201863288879395,0,2048,2048,0,2048,1,0,2,25,18.168290575345356,1;0;0;0,61,0,0,,,,0,1,,,,,,,,,,,,,,,,,,,,,,,,,,
55,upsert,0,L0022,2560,2048,1787902532.2971206,32.72025156021118,53,0,55,1787902499.576869,conc8,agg_static@rho0.8,1,0.55,0.0,8,0.8,agg_static,1787902499.5768557,2048,512,40.88678574562073,0,2048,2048,0,2048,1,0,2,26,18.168290575345356,0;0;0;0,61,0,0,,,,0,0,,,,,,,,,,,,,,,,,,,,,,,,,,
56,upsert,3,L0001,2560,2048,1787902535.0044465,28.971108198165894,54,0,56,1787902506.0333383,conc8,agg_static@rho0.8,1,0.55,0.0,8,0.8,agg_static,1787902506.033305,2048,512,13.141432046890259,0,2048,2048,2048,0,2,0,4,12,19.551871970295906,2;1;1;3,75,0,0,,,,0,7,,,,,,,,,,,,,,,,,,,,,,,,,,
57,upsert,0,L0022,3072,2560,1787902535.004571,28.970642805099487,55,0,57,1787902506.0339282,conc8,agg_static@rho0.8,1,0.55,0.0,8,0.8,agg_static,1787902506.033908,2560,512,6.457052230834961,0,2048,2048,0,2048,1,0,3,13,19.551871970295906,1;1;1;3,75,1,0,,,,0,6,,,,,,,,,,,,,,,,,,,,,,,,,,
58,upsert,3,L0021,2560,2048,1787902535.0046315,28.97018003463745,56,0,58,1787902506.0344515,conc8,agg_static@rho0.8,1,0.55,0.0,8,0.8,agg_static,1787902506.0344338,2048,512,54.7464644908905,0,2048,2048,0,2048,1,0,2,14,19.551871970295906,1;1;1;2,75,0,0,,,,0,5,,,,,,,,,,,,,,,,,,,,,,,,,,
59,upsert,1,L0013,3072,2560,1787902535.0046842,28.969804048538208,57,0,59,1787902506.0348802,conc8,agg_static@rho0.8,1,0.55,0.0,8,0.8,agg_static,1787902506.0348642,2560,512,6.4604644775390625,0,2048,2048,0,2048,1,0,3,15,19.551871970295906,1;0;1;2,75,1,0,,,,0,4,,,,,,,,,,,,,,,,,,,,,,,,,,
60,upsert,2,L0052,2048,0,1787902535.0047307,28.969400644302368,58,0,60,1787902506.03533,conc8,agg_static@rho0.8,1,0.55,0.0,8,0.8,agg_static,1787902506.035316,0,2048,,0,0,0,0,0,0,0,1,16,19.551871970295906,1;0;0;2,75,0,0,,,,0,3,,,,,,,,,,,,,,,,,,,,,,,,,,
61,upsert,3,L0021,3072,2560,1787902535.004774,28.969078302383423,59,0,61,1787902506.0356958,conc8,agg_static@rho0.8,1,0.55,0.0,8,0.8,agg_static,1787902506.0356808,2560,512,0.0012469291687011719,0,2048,2048,0,2048,1,0,2,17,19.551871970295906,1;0;0;1,75,1,0,,,,0,2,,,,,,,,,,,,,,,,,,,,,,,,,,
62,upsert,0,L0040,2048,0,1787902535.0048149,28.96870255470276,60,0,62,1787902506.0361123,conc8,agg_static@rho0.8,1,0.55,0.0,8,0.8,agg_static,1787902506.0360997,0,2048,,0,0,0,0,0,0,0,1,18,19.551871970295906,0;0;0;1,75,0,0,,,,0,1,,,,,,,,,,,,,,,,,,,,,,,,,,
63,upsert,3,L0007,3072,2560,1787902542.5654333,36.528958797454834,61,0,63,1787902506.0364745,conc8,agg_static@rho0.8,1,0.55,0.0,8,0.8,agg_static,1787902506.03646,2560,512,39.66227459907532,0,2560,2560,2048,512,2,0,2,19,19.551871970295906,0;0;0;0,75,0,0,,,,0,0,,,,,,,,,,,,,,,,,,,,,,,,,,
64,upsert,3,L0070,2048,0,1787902542.5655575,30.6119225025177,62,1,64,1787902511.953635,conc8,agg_static@rho0.8,1,0.55,0.0,8,0.8,agg_static,1787902511.9536054,0,2048,,0,0,0,0,0,0,0,1,20,19.551871970295906,2;2;2;1,83,0,1,0,0,1,0,7,120,120,18.785788536071777,,2,2,2,2,0,0,2560,2560,0,0.0,0.0,0.0,30611.9225025177,0.0,166.042682,2080.0,0,0,0,0,0,0
65,upsert,1,L0077,2048,0,1787902542.565619,30.611411809921265,63,0,65,1787902511.9542072,conc8,agg_static@rho0.8,1,0.55,0.0,8,0.8,agg_static,1787902511.954189,0,2048,,0,0,0,0,0,0,0,1,21,19.551871970295906,2;1;2;1,83,0,0,,,,0,6,,,,,,,,,,,,,,,,,,,,,,,,,,
66,upsert,2,L0086,2048,0,1787902542.565669,30.611047983169556,64,0,66,1787902511.954621,conc8,agg_static@rho0.8,1,0.55,0.0,8,0.8,agg_static,1787902511.9546065,0,2048,,0,0,0,0,0,0,0,1,22,19.551871970295906,2;1;1;1,83,0,0,,,,0,5,,,,,,,,,,,,,,,,,,,,,,,,,,
67,upsert,0,L0095,2048,0,1787902542.5657113,30.610719203948975,65,0,67,1787902511.954992,conc8,agg_static@rho0.8,1,0.55,0.0,8,0.8,agg_static,1787902511.9549794,0,2048,,0,0,0,0,0,0,0,1,23,19.551871970295906,1;1;1;1,83,0,0,,,,0,4,,,,,,,,,,,,,,,,,,,,,,,,,,
68,upsert,3,L0125,2048,0,1787902542.5657594,30.610398054122925,66,0,68,1787902511.9553614,conc8,agg_static@rho0.8,1,0.55,0.0,8,0.8,agg_static,1787902511.9553485,0,2048,,0,0,0,0,0,0,0,1,24,19.551871970295906,1;1;1;0,83,0,0,,,,0,3,,,,,,,,,,,,,,,,,,,,,,,,,,
69,upsert,2,L0069,2048,0,1787902542.5657997,30.610087633132935,67,0,69,1787902511.955712,conc8,agg_static@rho0.8,1,0.55,0.0,8,0.8,agg_static,1787902511.9557004,0,2048,,0,0,0,0,0,0,0,1,25,19.551871970295906,1;1;0;0,83,0,0,,,,0,2,,,,,,,,,,,,,,,,,,,,,,,,,,
70,upsert,1,L0068,2048,0,1787902542.5658424,30.60979127883911,68,3,70,1787902511.956051,conc8,agg_static@rho0.8,1,0.55,0.0,8,0.8,agg_static,1787902511.9560404,0,2048,,0,0,0,0,0,0,0,1,26,19.551871970295906,1;0;0;0,83,0,1,0,1,0,0,1,104,104,0.9185488224029541,,3,1,3,1,0,0,0,2048,2048,40.96,0.0,40.96,30609.79127883911,40.96,1421.444032,2080.0,1,3,3,40.96,120.88,120.88
71,upsert,0,L0109,2048,0,1787902551.4674087,39.511003255844116,69,1,71,1787902511.9564054,conc8,agg_static@rho0.8,1,0.55,0.0,8,0.8,agg_static,1787902511.9563944,0,2048,,0,0,0,0,0,0,0,1,27,19.551871970295906,0;0;0;0,83,0,1,0,0,1,0,0,119,119,1.8770091533660889,,0,0,0,0,1,1,0,0,0,0.0,0.0,0.0,39511.003255844116,0.0,3872.570991,2080.0,0,0,0,0,0,0
72,upsert,3,L0106,2048,0,1787902551.4675233,32.17601704597473,70,0,72,1787902519.2915063,conc8,agg_static@rho0.8,1,0.55,0.0,8,0.8,agg_static,1787902519.291476,0,2048,,0,0,0,0,0,0,0,1,21,19.884364895522594,2;2;2;1,91,0,0,,,,0,7,,,,,,,,,,,,,,,,,,,,,,,,,,
73,upsert,0,L0077,2560,0,1787902551.467583,32.17552995681763,71,0,73,1787902519.292053,conc8,agg_static@rho0.8,1,0.55,0.0,8,0.8,agg_static,1787902519.2920353,0,2560,,0,0,0,0,0,0,0,2,22,19.884364895522594,1;2;2;1,91,0,0,,,,0,6,,,,,,,,,,,,,,,,,,,,,,,,,,
74,upsert,2,L0070,2560,0,1787902551.4676285,32.17511773109436,72,1,74,1787902519.2925107,conc8,agg_static@rho0.8,1,0.55,0.0,8,0.8,agg_static,1787902519.2924967,0,2560,,0,0,0,0,0,0,0,2,23,19.884364895522594,1;2;1;1,91,0,1,0,1,0,0,5,120,120,9.88371753692627,,3,2,3,2,0,0,2048,2560,512,10.24,0.0,10.24,32175.11773109436,10.24,166.042682,2080.0,1,1,1,10.24,10.24,10.24
75,upsert,1,L0064,2048,0,1787902551.4676697,32.17475366592407,73,3,75,1787902519.292916,conc8,agg_static@rho0.8,1,0.55,0.0,8,0.8,agg_static,1787902519.2929027,0,2048,,0,0,0,0,0,0,0,1,24,19.884364895522594,1;1;1;1,91,0,1,0,1,0,0,4,113,113,1.8764986991882324,,0,1,0,1,0,1,0,2048,2048,40.96,2.0,38.96,32174.753665924072,38.96,3128.101977,2080.0,1,3,3,38.96,116.88,116.88
76,upsert,3,L0099,2048,0,1787902551.4677157,32.1744327545166,74,0,76,1787902519.293283,conc8,agg_static@rho0.8,1,0.55,0.0,8,0.8,agg_static,1787902519.29327,0,2048,,0,0,0,0,0,0,0,1,25,19.884364895522594,1;1;1;0,91,0,0,,,,0,3,,,,,,,,,,,,,,,,,,,,,,,,,,
77,upsert,1,L0122,2048,0,1787902551.4677584,32.17412829399109,75,0,77,1787902519.2936301,conc8,agg_static@rho0.8,1,0.55,0.0,8,0.8,agg_static,1787902519.293619,0,2048,,0,0,0,0,0,0,0,1,26,19.884364895522594,1;0;1;0,91,0,0,,,,0,2,,,,,,,,,,,,,,,,,,,,,,,,,,
78,upsert,2,L0090,2048,0,1787902553.3501887,34.05622172355652,76,0,78,1787902519.293967,conc8,agg_static@rho0.8,1,0.55,0.0,8,0.8,agg_static,1787902519.293956,0,2048,,0,0,0,0,0,0,0,1,27,19.884364895522594,1;0;0;0,91,0,0,,,,0,1,,,,,,,,,,,,,,,,,,,,,,,,,,
79,upsert,0,L0093,2048,0,1787902553.350326,34.056015968322754,77,0,79,1787902519.29431,conc8,agg_static@rho0.8,1,0.55,0.0,8,0.8,agg_static,1787902519.294299,0,2048,,0,0,0,0,0,0,0,1,28,19.884364895522594,0;0;0;0,91,0,0,,,,0,0,,,,,,,,,,,,,,,,,,,,,,,,,,
80,upsert,3,L0076,2048,0,1787902553.3504193,26.748061418533325,78,0,80,1787902526.6023579,conc8,agg_static@rho0.8,1,0.55,0.0,8,0.8,agg_static,1787902526.6023242,0,2048,,0,0,0,0,0,0,0,1,29,19.884364895522594,2;2;2;1,99,0,0,,,,0,7,,,,,,,,,,,,,,,,,,,,,,,,,,
81,upsert,2,L0072,2048,0,1787902553.350489,26.74758791923523,79,0,81,1787902526.602901,conc8,agg_static@rho0.8,1,0.55,0.0,8,0.8,agg_static,1787902526.602884,0,2048,,0,0,0,0,0,0,0,1,30,19.884364895522594,2;2;1;1,99,0,0,,,,0,6,,,,,,,,,,,,,,,,,,,,,,,,,,
82,upsert,1,L0096,2048,0,1787902553.3505566,26.747257947921753,80,0,82,1787902526.6032987,conc8,agg_static@rho0.8,1,0.55,0.0,8,0.8,agg_static,1787902526.6032846,0,2048,,0,0,0,0,0,0,0,1,31,19.884364895522594,2;1;1;1,99,0,0,,,,0,5,,,,,,,,,,,,,,,,,,,,,,,,,,
83,upsert,0,L0069,2560,0,1787902553.3506198,26.746955394744873,81,0,83,1787902526.6036644,conc8,agg_static@rho0.8,1,0.55,0.0,8,0.8,agg_static,1787902526.6036518,0,2560,,0,0,0,0,0,0,0,2,32,19.884364895522594,1;1;1;1,99,0,0,,,,0,4,,,,,,,,,,,,,,,,,,,,,,,,,,
84,upsert,3,L0085,2048,0,1787902553.3506815,26.746631145477295,82,0,84,1787902526.6040504,conc8,agg_static@rho0.8,1,0.55,0.0,8,0.8,agg_static,1787902526.604039,0,2048,,0,0,0,0,0,0,0,2,33,19.884364895522594,1;1;1;0,99,0,0,,,,0,3,,,,,,,,,,,,,,,,,,,,,,,,,,
85,upsert,0,L0078,2048,0,1787902553.350764,26.74635362625122,83,0,85,1787902526.6044104,conc8,agg_static@rho0.8,1,0.55,0.0,8,0.8,agg_static,1787902526.6043973,0,2048,,0,0,0,0,0,0,0,1,34,19.884364895522594,0;1;1;0,99,0,0,,,,0,2,,,,,,,,,,,,,,,,,,,,,,,,,,
86,upsert,2,L0085,2560,0,1787902563.3215194,36.7167694568634,84,0,86,1787902526.60475,conc8,agg_static@rho0.8,1,0.55,0.0,8,0.8,agg_static,1787902526.6047382,0,2560,,0,0,0,0,0,0,0,2,35,19.884364895522594,0;1;0;0,99,0,0,,,,0,1,,,,,,,,,,,,,,,,,,,,,,,,,,
87,upsert,1,L0116,2048,0,1787902563.321639,36.71652436256409,85,0,87,1787902526.6051147,conc8,agg_static@rho0.8,1,0.55,0.0,8,0.8,agg_static,1787902526.6051037,0,2048,,0,0,0,0,0,0,0,1,36,19.884364895522594,0;0;0;0,99,0,0,,,,0,0,,,,,,,,,,,,,,,,,,,,,,,,,,
88,upsert,3,L0118,2048,0,1787902563.321702,29.389553546905518,86,0,88,1787902533.9321485,conc8,agg_static@rho0.8,1,0.55,0.0,8,0.8,agg_static,1787902533.932118,0,2048,,0,0,0,0,0,0,0,1,36,20.23322930186987,2;2;2;1,107,0,0,,,,0,7,,,,,,,,,,,,,,,,,,,,,,,,,,
89,upsert,1,L0071,2048,0,1787902563.321749,29.38904571533203,87,0,89,1787902533.9327033,conc8,agg_static@rho0.8,1,0.55,0.0,8,0.8,agg_static,1787902533.932686,0,2048,,0,0,0,0,0,0,0,1,37,20.23322930186987,2;1;2;1,107,0,0,,,,0,6,,,,,,,,,,,,,,,,,,,,,,,,,,
90,upsert,2,L0070,3072,2560,1787902563.32179,29.38869285583496,88,0,90,1787902533.9330971,conc8,agg_static@rho0.8,1,0.55,0.0,8,0.8,agg_static,1787902533.9330776,2560,512,14.640580892562866,0,0,0,0,0,0,0,3,38,20.23322930186987,2;1;1;1,107,1,0,,,,0,5,,,,,,,,,,,,,,,,,,,,,,,,,,
91,upsert,0,L0064,2560,0,1787902563.3218377,29.38828158378601,89,0,91,1787902533.933556,conc8,agg_static@rho0.8,1,0.55,0.0,8,0.8,agg_static,1787902533.933543,0,2560,,0,0,0,0,0,0,0,2,39,20.23322930186987,1;1;1;1,107,0,0,,,,0,4,,,,,,,,,,,,,,,,,,,,,,,,,,
92,upsert,3,L0116,2560,0,1787902563.3218782,29.38793396949768,90,0,92,1787902533.9339442,conc8,agg_static@rho0.8,1,0.55,0.0,8,0.8,agg_static,1787902533.9339318,0,2560,,0,0,0,0,0,0,0,2,40,20.23322930186987,1;1;1;0,107,0,0,,,,0,3,,,,,,,,,,,,,,,,,,,,,,,,,,
93,upsert,2,L0072,2560,2048,1787902563.3219166,29.387583255767822,91,0,93,1787902533.9343333,conc8,agg_static@rho0.8,1,0.55,0.0,8,0.8,agg_static,1787902533.9343176,2048,512,7.331433534622192,0,0,0,0,0,0,0,2,41,20.23322930186987,1;1;0;0,107,1,0,,,,0,2,,,,,,,,,,,,,,,,,,,,,,,,,,
