update_seq,update_kind,instance,digest,coverage_after,pre_delivery_visible_cov,delivered_at_unix,signaling_delay_s,writer_seq,future_use_count,seq,t_send_unix,point_id,cell_id,rep,zipf_alpha,overlap,concurrency,rho,policy,send_ts_unix,coverage_before_source,source_coverage_delta,update_age_s,advertised_before,dispatcher_visible_before,best_visible_cov,second_visible_cov,visible_cov_gap,replica_visible_count,source_best_cov,digest_req_count_recent,in_flight_frames,ewma_delivery_delay_s,dispatcher_loads,dispatcher_rr,supersedes_in_flight,use_index,use_request_id,use_dispatch_time_unix,use_discard,superseded_before_use,decision_without_update,decision_with_update,decision_flip,native_instance_without,selected_instance_without,selected_instance_with,selected_load_without,selected_load_with,reusable_coverage_without,reusable_coverage_with,reusable_coverage_gain,estimated_prefill_gain_ms,estimated_queue_delta_ms,estimated_net_gain_ms,signaling_cost_ms,oracle_value_ms,realized_ttft_ms,realized_cached_tokens,world1_expected_net_ms
2,upsert,1,L0014,2048,0,1787890262.2484467,0.003833770751953125,3,1,2,1787890262.244613,base,exact_fifo@rho1.0,0,0.55,0.0,4,1.0,exact_fifo,1787890262.244595,0,2048,,0,0,0,0,0,0,0,1,3,,0;0;0;1,4,0,1,57,1787890281.4902143,,1,1,1,0,,1,1,0,0,0,0,0,0.0,0.0,0.0,3.833770751953125,-3.833770751953125,593.215562,2608.0,0.0
3,upsert,3,L0023,2048,0,1787890262.2485561,0.003805875778198242,4,3,3,1787890262.2447503,base,exact_fifo@rho1.0,0,0.55,0.0,4,1.0,exact_fifo,1787890262.2447348,0,2048,,0,0,0,0,0,0,0,1,4,,0;0;0;0,4,0,1,35,1787890271.1734807,,0,3,3,0,3,3,3,0,0,0,0,0,0.0,0.0,0.0,3.805875778198242,-3.805875778198242,491.453393,2608.0,0.0
3,upsert,3,L0023,2048,0,1787890262.2485561,0.003805875778198242,4,3,3,1787890262.2447503,base,exact_fifo@rho1.0,0,0.55,0.0,4,1.0,exact_fifo,1787890262.2447348,0,2048,,0,0,0,0,0,0,0,1,4,,0;0;0;0,4,0,2,46,1787890275.8772519,,1,3,3,0,,3,3,0,0,0,0,0,0.0,0.0,0.0,3.805875778198242,-3.805875778198242,90.876192,2080.0,0.0
3,upsert,3,L0023,2048,0,1787890262.2485561,0.003805875778198242,4,3,3,1787890262.2447503,base,exact_fifo@rho1.0,0,0.55,0.0,4,1.0,exact_fifo,1787890262.2447348,0,2048,,0,0,0,0,0,0,0,1,4,,0;0;0;0,4,0,3,63,1787890283.065462,,1,3,3,0,,3,3,1,1,0,0,0,0.0,0.0,0.0,3.805875778198242,-3.805875778198242,207.327052,2608.0,49.2
4,upsert,0,L0000,2048,0,1787890263.79864,0.0042150020599365234,5,2,4,1787890263.794425,base,exact_fifo@rho1.0,0,0.55,0.0,4,1.0,exact_fifo,1787890263.7943964,0,2048,,0,0,0,0,0,0,0,2,1,0.003847956657409668,0;1;1;1,8,0,1,42,1787890274.3983579,,0,3,3,0,1,3,3,0,0,2560,2560,0,0.0,0.0,0.0,4.215002059936523,-4.215002059936523,93.850454,2080.0,51.2
4,upsert,0,L0000,2048,0,1787890263.79864,0.0042150020599365234,5,2,4,1787890263.794425,base,exact_fifo@rho1.0,0,0.55,0.0,4,1.0,exact_fifo,1787890263.7943964,0,2048,,0,0,0,0,0,0,0,2,1,0.003847956657409668,0;1;1;1,8,0,2,60,1787890283.0653164,,0,3,3,0,2,3,3,0,0,3072,3072,0,0.0,0.0,0.0,4.215002059936523,-4.215002059936523,109.959071,2608.0,61.44
5,upsert,3,L0000,2560,0,1787890263.798761,0.0040130615234375,6,2,5,1787890263.7947478,base,exact_fifo@rho1.0,0,0.55,0.0,4,1.0,exact_fifo,1787890263.794725,0,2560,,0,0,0,0,0,0,0,2,2,0.003847956657409668,0;1;1;0,8,0,1,42,1787890274.3983579,,1,3,3,0,,3,3,0,0,0,0,0,0.0,0.0,0.0,4.0130615234375,-4.0130615234375,93.850454,2080.0,51.2
5,upsert,3,L0000,2560,0,1787890263.798761,0.0040130615234375,6,2,5,1787890263.7947478,base,exact_fifo@rho1.0,0,0.55,0.0,4,1.0,exact_fifo,1787890263.794725,0,2560,,0,0,0,0,0,0,0,2,2,0.003847956657409668,0;1;1;0,8,0,2,60,1787890283.0653164,,1,3,3,0,,3,3,0,0,0,0,0,0.0,0.0,0.0,4.0130615234375,-4.0130615234375,109.959071,2608.0,61.44
7,upsert,2,L0028,2048,0,1787890263.798948,0.003662109375,8,1,7,1787890263.795286,base,exact_fifo@rho1.0,0,0.55,0.0,4,1.0,exact_fifo,1787890263.7952657,0,2048,,0,0,0,0,0,0,0,1,4,0.003847956657409668,0;0;0;0,8,0,1,55,1787890279.4666276,,0,0,2,1,0,0,2,0,1,0,2048,2048,40.96,2.0,38.96,3.662109375,35.297890625,1722.086877,2080.0,38.96
11,upsert,3,L0000,3072,2560,1787890265.4217188,0.5629632472991943,12,2,11,1787890264.8587556,base,exact_fifo@rho1.0,0,0.55,0.0,4,1.0,exact_fifo,1787890264.8587294,2560,512,1.0640044212341309,0,2560,2560,2048,512,2,0,3,4,0.0038888156414031982,0;0;0;0,12,0,1,42,1787890274.3983579,,1,3,3,0,,3,3,0,0,0,0,0,0.0,0.0,0.0,562.9632472991943,-562.9632472991943,93.850454,2080.0,51.2
11,upsert,3,L0000,3072,2560,1787890265.4217188,0.5629632472991943,12,2,11,1787890264.8587556,base,exact_fifo@rho1.0,0,0.55,0.0,4,1.0,exact_fifo,1787890264.8587294,2560,512,1.0640044212341309,0,2560,2560,2048,512,2,0,3,4,0.0038888156414031982,0;0;0;0,12,0,2,60,1787890283.0653164,,1,3,3,0,,3,3,0,0,0,0,0,0.0,0.0,0.0,562.9632472991943,-562.9632472991943,109.959071,2608.0,61.44
14,upsert,1,L0058,2048,0,1787890271.0136259,5.056092977523804,15,1,14,1787890265.957533,base,exact_fifo@rho1.0,0,0.55,0.0,4,1.0,exact_fifo,1787890265.9575121,0,2048,,0,0,0,0,0,0,0,1,3,0.05049616098403931,0;0;0;1,16,0,1,38,1787890272.2774882,,0,1,1,0,1,1,1,0,0,0,0,0,0.0,0.0,0.0,5056.092977523804,-5056.092977523804,411.703452,2080.0,0.0
15,upsert,3,L0034,2048,0,1787890271.0136678,5.055832386016846,16,1,15,1787890265.9578354,base,exact_fifo@rho1.0,0,0.55,0.0,4,1.0,exact_fifo,1787890265.9578154,0,2048,,0,0,0,0,0,0,0,1,4,0.05049616098403931,0;0;0;0,16,0,1,50,1787890276.9231002,,0,0,3,1,0,0,3,0,1,0,2048,2048,40.96,2.0,38.96,5055.832386016846,-5016.872386016846,2230.319667,2080.0,38.96
16,upsert,3,L0023,2560,2048,1787890273.8298852,6.809077024459839,17,2,16,1787890267.0208082,base,exact_fifo@rho1.0,0,0.55,0.0,4,1.0,exact_fifo,1787890267.0207784,2048,512,4.776043653488159,0,2048,2048,0,2048,1,0,2,5,0.05049616098403931,0;1;0;2,23,0,1,46,1787890275.8772519,,0,3,3,0,3,3,3,0,0,0,0,0,0.0,0.0,0.0,6809.077024459839,-6809.077024459839,90.876192,2080.0,0.0
16,upsert,3,L0023,2560,2048,1787890273.8298852,6.809077024459839,17,2,16,1787890267.0208082,base,exact_fifo@rho1.0,0,0.55,0.0,4,1.0,exact_fifo,1787890267.0207784,2048,512,4.776043653488159,0,2048,2048,0,2048,1,0,2,5,0.05049616098403931,0;1;0;2,23,0,2,63,1787890283.065462,,0,3,3,0,0,3,3,1,1,2048,2560,512,10.24,0.0,10.24,6809.077024459839,-6798.837024459839,207.327052,2608.0,49.2
17,upsert,3,L0000,2048,3072,1787890273.8300126,6.808790683746338,18,2,17,1787890267.0212219,base,exact_fifo@rho1.0,0,0.55,0.0,4,1.0,exact_fifo,1787890267.0211916,3072,-1024,2.1624622344970703,0,3072,3072,2048,1024,2,0,5,6,0.05049616098403931,0;1;0;1,23,0,1,42,1787890274.3983579,,1,3,3,0,,3,3,0,0,0,0,0,0.0,0.0,0.0,6808.790683746338,-6808.790683746338,93.850454,2080.0,51.2
17,upsert,3,L0000,2048,3072,1787890273.8300126,6.808790683746338,18,2,17,1787890267.0212219,base,exact_fifo@rho1.0,0,0.55,0.0,4,1.0,exact_fifo,1787890267.0211916,3072,-1024,2.1624622344970703,0,3072,3072,2048,1024,2,0,5,6,0.05049616098403931,0;1;0;1,23,0,2,60,1787890283.0653164,,1,3,3,0,,3,3,0,0,0,0,0,0.0,0.0,0.0,6808.790683746338,-6808.790683746338,109.959071,2608.0,61.44
18,upsert,3,L0000,2560,2048,1787890273.8301015,6.808536767959595,19,2,18,1787890267.0215647,base,exact_fifo@rho1.0,0,0.55,0.0,4,1.0,exact_fifo,1787890267.0215404,2048,512,0.00034880638122558594,0,3072,3072,2048,1024,2,0,5,7,0.05049616098403931,0;1;0;0,23,1,1,42,1787890274.3983579,,0,3,3,0,1,3,3,0,0,2048,2560,512,10.24,0.0,10.24,6808.536767959595,-6798.296767959595,93.850454,2080.0,51.2
18,upsert,3,L0000,2560,2048,1787890273.8301015,6.808536767959595,19,2,18,1787890267.0215647,base,exact_fifo@rho1.0,0,0.55,0.0,4,1.0,exact_fifo,1787890267.0215404,2048,512,0.00034880638122558594,0,3072,3072,2048,1024,2,0,5,7,0.05049616098403931,0;1;0;0,23,1,2,60,1787890283.0653164,,1,3,3,0,,3,3,0,0,0,0,0,0.0,0.0,0.0,6808.536767959595,-6808.536767959595,109.959071,2608.0,61.44
19,upsert,1,L0046,2048,0,1787890275.8570921,8.835220575332642,20,1,19,1787890267.0218716,base,exact_fifo@rho1.0,0,0.55,0.0,4,1.0,exact_fifo,1787890267.0218496,0,2048,,0,0,0,0,0,0,0,1,8,0.05049616098403931,0;0;0;0,23,0,1,58,1787890281.490268,,0,3,1,1,3,3,1,0,1,0,2048,2048,40.96,2.0,38.96,8835.220575332642,-8796.260575332642,1291.915463,2080.0,38.96
22,upsert,3,L0000,3072,2560,1787890275.8574142,7.814435720443726,23,1,22,1787890268.0429785,base,exact_fifo@rho1.0,0,0.55,0.0,4,1.0,exact_fifo,1787890268.042954,2560,512,1.0214135646820068,0,3072,3072,2048,1024,2,0,6,11,0.05049616098403931,1;0;0;0,29,1,1,60,1787890283.0653164,,0,3,3,0,2,3,3,0,0,2560,3072,512,10.24,0.0,10.24,7814.435720443726,-7804.195720443726,109.959071,2608.0,61.44
24,upsert,1,L0014,2560,2048,1787890278.9457004,9.24247670173645,25,1,24,1787890269.7032237,base,exact_fifo@rho1.0,0,0.55,0.0,4,1.0,exact_fifo,1787890269.7031941,2048,512,7.458599090576172,0,2048,2048,0,2048,1,0,2,13,0.05049616098403931,1;0;1;1,34,0,1,57,1787890281.4902143,,0,1,1,0,1,1,1,0,0,0,0,0,0.0,0.0,0.0,9242.47670173645,-9242.47670173645,593.215562,2608.0,0.0
2,upsert,1,L0014,2048,0,1787890384.4634469,10.743916034698486,3,1,2,1787890373.7195308,base,exact_fifo@rho0.8,0,0.55,0.0,4,0.8,exact_fifo,1787890373.7195208,0,2048,,0,0,0,0,0,0,0,1,3,,0;0;0;1,4,0,1,57,1787890394.5045893,,0,0,0,0,2,0,0,1,1,2560,2560,0,0.0,0.0,0.0,10743.916034698486,-10743.916034698486,1834.281529,2608.0,49.2
3,upsert,3,L0023,2048,0,1787890385.5176995,11.798084735870361,4,2,3,1787890373.7196147,base,exact_fifo@rho0.8,0,0.55,0.0,4,0.8,exact_fifo,1787890373.719606,0,2048,,0,0,0,0,0,0,0,1,4,,0;0;0;0,4,0,1,46,1787890389.1965914,,0,3,3,0,3,3,3,0,0,0,0,0,0.0,0.0,0.0,11798.084735870361,-11798.084735870361,85.855527,2080.0,0.0
3,upsert,3,L0023,2048,0,1787890385.5176995,11.798084735870361,4,2,3,1787890373.7196147,base,exact_fifo@rho0.8,0,0.55,0.0,4,0.8,exact_fifo,1787890373.719606,0,2048,,0,0,0,0,0,0,0,1,4,,0;0;0;0,4,0,2,63,1787890396.6610134,,0,0,0,0,0,0,0,0,0,0,0,0,0.0,0.0,0.0,11798.084735870361,-11798.084735870361,174.652395,2608.0,0.0
4,upsert,0,L0000,2048,0,1787890385.5178022,10.334134340286255,5,2,4,1787890375.183668,base,exact_fifo@rho0.8,0,0.55,0.0,4,0.8,exact_fifo,1787890375.1836421,0,2048,,0,0,0,0,0,0,0,2,5,,0;1;1;1,8,0,1,42,1787890387.5839944,,0,3,3,0,1,3,3,1,1,2560,2560,0,0.0,0.0,0.0,10334.134340286255,-10334.134340286255,1186.276118,2080.0,49.2
4,upsert,0,L0000,2048,0,1787890385.5178022,10.334134340286255,5,2,4,1787890375.183668,base,exact_fifo@rho0.8,0,0.55,0.0,4,0.8,exact_fifo,1787890375.1836421,0,2048,,0,0,0,0,0,0,0,2,5,,0;1;1;1,8,0,2,60,1787890396.6608696,,0,2,2,0,2,2,2,0,0,0,0,0,0.0,0.0,0.0,10334.134340286255,-10334.134340286255,96.190926,2608.0,0.0
5,upsert,3,L0000,2560,0,1787890385.5178673,10.334031820297241,6,2,5,1787890375.1838355,base,exact_fifo@rho0.8,0,0.55,0.0,4,0.8,exact_fifo,1787890375.1838198,0,2560,,0,0,0,0,0,0,0,2,6,,0;1;1;0,8,0,1,42,1787890387.5839944,,0,0,3,1,1,0,3,1,1,2048,2560,512,10.24,0.0,10.24,10334.031820297241,-10323.791820297241,1186.276118,2080.0,49.2
5,upsert,3,L0000,2560,0,1787890385.5178673,10.334031820297241,6,2,5,1787890375.1838355,base,exact_fifo@rho0.8,0,0.55,0.0,4,0.8,exact_fifo,1787890375.1838198,0,2560,,0,0,0,0,0,0,0,2,6,,0;1;1;0,8,0,2,60,1787890396.6608696,,1,2,2,0,,2,2,0,0,0,0,0,0.0,0.0,0.0,10334.031820297241,-10334.031820297241,96.190926,2608.0,0.0
7,upsert,2,L0028,2048,0,1787890385.517966,10.333946228027344,8,1,7,1787890375.1840198,base,exact_fifo@rho0.8,0,0.55,0.0,4,0.8,exact_fifo,1787890375.1840103,0,2048,,0,0,0,0,0,0,0,1,8,,0;0;0;0,8,0,1,55,1787890392.0409427,,0,0,2,1,0,0,2,0,1,0,2048,2048,40.96,2.0,38.96,10333.946228027344,-10294.986228027345,2151.402113,2080.0,38.96
11,upsert,3,L0000,3072,2560,1787890389.246036,12.805847644805908,12,1,11,1787890376.4401884,base,exact_fifo@rho0.8,0,0.55,0.0,4,0.8,exact_fifo,1787890376.4401731,2560,512,1.2563533782958984,0,0,0,0,0,0,0,3,12,,0;0;0;0,12,1,1,60,1787890396.6608696,,1,2,2,0,,2,2,0,0,0,0,0,0.0,0.0,0.0,12805.847644805908,-12805.847644805908,96.190926,2608.0,0.0
15,upsert,3,L0034,2048,0,1787890389.2461843,11.508400201797485,16,1,15,1787890377.7377841,base,exact_fifo@rho0.8,0,0.55,0.0,4,0.8,exact_fifo,1787890377.7377746,0,2048,,0,0,0,0,0,0,0,1,16,,0;0;0;0,16,0,1,50,1787890390.337386,,0,1,3,1,1,1,3,0,0,0,2048,2048,40.96,0.0,40.96,11508.400201797485,-11467.440201797486,481.568695,2080.0,40.96
16,upsert,0,L0023,2560,0,1787890389.2462099,9.976481199264526,17,1,16,1787890379.2697287,base,exact_fifo@rho0.8,0,0.55,0.0,4,0.8,exact_fifo,1787890379.2697005,0,2560,,0,0,0,0,0,0,0,2,17,,0;1;1;1,20,0,1,63,1787890396.6610134,,0,3,0,1,0,3,0,1,0,0,0,0,0.0,-2.0,2.0,9976.481199264526,-9974.481199264526,174.652395,2608.0,0.0
17,upsert,3,L0000,2048,3072,1787890389.246235,9.976333856582642,18,1,17,1787890379.269901,base,exact_fifo@rho0.8,0,0.55,0.0,4,0.8,exact_fifo,1787890379.269883,3072,-1024,2.829709768295288,0,0,0,0,0,0,0,5,18,,0;1;1;0,20,1,1,60,1787890396.6608696,,0,2,2,0,2,2,2,0,0,0,0,0,0.0,0.0,0.0,9976.333856582642,-9976.333856582642,96.190926,2608.0,0.0
18,upsert,1,L0000,2560,0,1787890393.6916108,14.421604871749878,19,1,18,1787890379.270006,base,exact_fifo@rho0.8,0,0.55,0.0,4,0.8,exact_fifo,1787890379.2699938,0,2560,,0,0,0,0,0,0,0,5,19,,0;0;1;0,20,0,1,60,1787890396.6608696,,0,2,2,0,2,2,2,0,0,0,0,0,0.0,0.0,0.0,14421.604871749878,-14421.604871749878,96.190926,2608.0,0.0
19,upsert,2,L0046,2048,0,1787890393.6917198,14.421627759933472,20,1,19,1787890379.270092,base,exact_fifo@rho0.8,0,0.55,0.0,4,0.8,exact_fifo,1787890379.270082,0,2048,,0,0,0,0,0,0,0,1,20,,0;0;0;0,20,0,1,58,1787890394.5046415,,0,1,2,1,1,1,2,0,0,0,2048,2048,40.96,0.0,40.96,14421.627759933472,-14380.667759933473,457.190176,2080.0,40.96
22,upsert,2,L0000,3072,0,1787890393.6918793,12.44580364227295,23,1,22,1787890381.2460756,base,exact_fifo@rho0.8,0,0.55,0.0,4,0.8,exact_fifo,1787890381.246063,0,3072,,0,0,0,0,0,0,0,6,23,,0;0;0;1,24,0,1,60,1787890396.6608696,,0,1,2,1,2,1,2,0,0,0,0,0,0.0,0.0,0.0,12445.80364227295,-12445.80364227295,96.190926,2608.0,0.0
24,upsert,0,L0014,2560,0,1787890393.691937,10.854954481124878,25,1,24,1787890382.8369825,base,exact_fifo@rho0.8,0,0.55,0.0,4,0.8,exact_fifo,1787890382.836953,0,2560,,0,0,0,0,0,0,0,2,25,,0;1;1;1,28,0,1,57,1787890394.5045893,,0,1,0,1,2,1,0,0,1,2048,2560,512,10.24,2.0,8.24,10854.954481124878,-10846.714481124878,1834.281529,2608.0,49.2
2,upsert,1,L0014,2048,0,1787890459.5319474,0.003200531005859375,3,1,2,1787890459.5287468,base,exact_fifo@rho1.2,0,0.55,0.0,4,1.2,exact_fifo,1787890459.528736,0,2048,,0,0,0,0,0,0,0,1,3,,0;0;0;1,4,0,1,57,1787890480.9578338,,0,0,1,1,0,0,1,0,1,0,2048,2048,40.96,2.0,38.96,3.200531005859375,35.759468994140626,1716.420214,2608.0,38.96
3,upsert,3,L0023,2048,0,1787890459.837933,0.30910444259643555,4,3,3,1787890459.5288286,base,exact_fifo@rho1.2,0,0.55,0.0,4,1.2,exact_fifo,1787890459.5288203,0,2048,,0,0,0,0,0,0,0,1,4,,0;0;0;0,4,0,1,35,1787890469.37114,,0,3,3,0,3,3,3,0,0,0,0,0,0.0,0.0,0.0,309.10444259643555,-309.10444259643555,525.413565,2608.0,0.0
3,upsert,3,L0023,2048,0,1787890459.837933,0.30910444259643555,4,3,3,1787890459.5288286,base,exact_fifo@rho1.2,0,0.55,0.0,4,1.2,exact_fifo,1787890459.5288203,0,2048,,0,0,0,0,0,0,0,1,4,,0;0;0;0,4,0,2,46,1787890475.5061362,,0,2,3,1,2,2,3,0,1,0,2048,2048,40.96,2.0,38.96,309.10444259643555,-270.14444259643557,1020.598327,2080.0,38.96
3,upsert,3,L0023,2048,0,1787890459.837933,0.30910444259643555,4,3,3,1787890459.5288286,base,exact_fifo@rho1.2,0,0.55,0.0,4,1.2,exact_fifo,1787890459.5288203,0,2048,,0,0,0,0,0,0,0,1,4,,0;0;0;0,4,0,3,63,1787890482.9773471,,1,3,3,0,,3,3,1,1,0,0,0,0.0,0.0,0.0,309.10444259643555,-309.10444259643555,285.376954,2608.0,49.2
4,upsert,0,L0000,2048,0,1787890463.965184,2.990156888961792,5,2,4,1787890460.975027,base,exact_fifo@rho1.2,0,0.55,0.0,4,1.2,exact_fifo,1787890460.9750006,0,2048,,0,0,0,0,0,0,0,2,1,0.07970213890075684,0;1;1;1,8,0,1,42,1787890473.9095712,,0,3,3,0,0,3,3,1,1,1024,1024,0,0.0,0.0,0.0,2990.156888961792,-2990.156888961792,1245.881074,2080.0,18.48
4,upsert,0,L0000,2048,0,1787890463.965184,2.990156888961792,5,2,4,1787890460.975027,base,exact_fifo@rho1.2,0,0.55,0.0,4,1.2,exact_fifo,1787890460.9750006,0,2048,,0,0,0,0,0,0,0,2,1,0.07970213890075684,0;1;1;1,8,0,2,60,1787890482.9772,,1,3,3,0,,3,3,0,0,0,0,0,0.0,0.0,0.0,2990.156888961792,-2990.156888961792,90.297098,2608.0,10.24
5,upsert,3,L0000,2560,0,1787890465.0220819,4.046765327453613,6,2,5,1787890460.9753165,base,exact_fifo@rho1.2,0,0.55,0.0,4,1.2,exact_fifo,1787890460.9753003,0,2560,,0,0,0,0,0,0,0,2,2,0.07970213890075684,0;1;1;0,8,0,1,42,1787890473.9095712,,1,3,3,0,,3,3,1,1,0,0,0,0.0,0.0,0.0,4046.7653274536133,-4046.7653274536133,1245.881074,2080.0,18.48
5,upsert,3,L0000,2560,0,1787890465.0220819,4.046765327453613,6,2,5,1787890460.9753165,base,exact_fifo@rho1.2,0,0.55,0.0,4,1.2,exact_fifo,1787890460.9753003,0,2560,,0,0,0,0,0,0,0,2,2,0.07970213890075684,0;1;1;0,8,0,2,60,1787890482.9772,,1,3,3,0,,3,3,0,0,0,0,0,0.0,0.0,0.0,4046.7653274536133,-4046.7653274536133,90.297098,2608.0,10.24
7,upsert,2,L0028,2048,0,1787890465.0222952,4.0466578006744385,8,1,7,1787890460.9756374,base,exact_fifo@rho1.2,0,0.55,0.0,4,1.2,exact_fifo,1787890460.9756267,0,2048,,0,0,0,0,0,0,0,1,4,0.07970213890075684,0;0;0;0,8,0,1,55,1787890478.2852223,,0,3,2,1,3,3,2,0,1,0,2048,2048,40.96,2.0,38.96,4046.6578006744385,-4007.6978006744384,2319.490241,2080.0,38.96
11,upsert,3,L0000,3072,2560,1787890470.2741153,8.095218420028687,12,2,11,1787890462.178897,base,exact_fifo@rho1.2,0,0.55,0.0,4,1.2,exact_fifo,1787890462.1788807,2560,512,1.203580379486084,0,0,0,0,0,0,0,3,8,0.07970213890075684,0;0;0;0,12,1,1,42,1787890473.9095712,,0,3,3,0,0,3,3,1,1,512,1024,512,10.24,0.0,10.24,8095.2184200286865,-8084.978420028687,1245.881074,2080.0,18.48
11,upsert,3,L0000,3072,2560,1787890470.2741153,8.095218420028687,12,2,11,1787890462.178897,base,exact_fifo@rho1.2,0,0.55,0.0,4,1.2,exact_fifo,1787890462.1788807,2560,512,1.203580379486084,0,0,0,0,0,0,0,3,8,0.07970213890075684,0;0;0;0,12,1,2,60,1787890482.9772,,0,2,3,1,2,2,3,0,0,0,512,512,10.24,0.0,10.24,8095.2184200286865,-8084.978420028687,90.297098,2608.0,10.24
14,upsert,1,L0058,2048,0,1787890470.2742734,6.898663759231567,15,1,14,1787890463.3756096,base,exact_fifo@rho1.2,0,0.55,0.0,4,1.2,exact_fifo,1787890463.3755965,0,2048,,0,0,0,0,0,0,0,1,11,0.07970213890075684,0;0;0;1,16,0,1,38,1787890470.4420362,,0,3,1,1,3,3,1,0,1,0,2048,2048,40.96,2.0,38.96,6898.663759231567,-6859.703759231567,3099.181435,2080.0,38.96
16,upsert,3,L0023,2560,2048,1787890477.6726234,12.718959331512451,17,1,16,1787890464.953664,base,exact_fifo@rho1.2,0,0.55,0.0,4,1.2,exact_fifo,1787890464.953635,2048,512,5.424814701080322,0,2048,2048,0,2048,1,0,2,12,0.6617930889129638,1;1;1;0,21,0,1,63,1787890482.9773471,,0,3,3,0,1,3,3,1,1,2048,2560,512,10.24,0.0,10.24,12718.959331512451,-12708.719331512451,285.376954,2608.0,49.2
17,upsert,0,L0000,2048,2048,1787890477.6726906,12.718756198883057,18,1,17,1787890464.9539344,base,exact_fifo@rho1.2,0,0.55,0.0,4,1.2,exact_fifo,1787890464.9539163,2048,0,3.9789156913757324,0,2048,2048,0,2048,1,0,5,13,0.6617930889129638,0;1;1;0,21,0,1,60,1787890482.9772,,0,3,3,0,2,3,3,0,0,512,512,0,0.0,0.0,0.0,12718.756198883057,-12718.756198883057,90.297098,2608.0,10.24
18,upsert,2,L0000,2560,0,1787890477.6727438,12.718635559082031,19,1,18,1787890464.9541082,base,exact_fifo@rho1.2,0,0.55,0.0,4,1.2,exact_fifo,1787890464.9540944,0,2560,,0,0,2048,0,2048,1,0,5,14,0.6617930889129638,0;1;0;0,21,0,1,60,1787890482.9772,,0,3,3,0,2,3,3,0,0,512,512,0,0.0,0.0,0.0,12718.635559082031,-12718.635559082031,90.297098,2608.0,10.24
90,upsert,1,L0100,2048,0,1787890560.5409486,4.129532814025879,9,1,90,1787890556.4114158,base,agg_full@rho1.0,0,0.55,0.0,4,1.0,agg_full,1787890556.4114032,0,2048,,0,0,0,0,0,0,0,1,91,,0;0;1;0,92,0,1,107,1787890560.738671,,0,3,1,1,3,3,1,0,1,0,2048,2048,40.96,2.0,38.96,4129.532814025879,-4090.572814025879,845.900999,2608.0,38.96
2,upsert,1,L0014,2048,0,1787890659.1308544,18.23371982574463,2,1,2,1787890640.8971345,base,agg_static@rho0.8,0,0.55,0.0,4,0.8,agg_static,1787890640.89713,0,2048,,0,0,0,0,0,0,0,1,3,,0;0;0;1,4,0,1,57,1787890661.032548,,0,1,1,0,1,1,1,0,0,0,0,0,0.0,0.0,0.0,18233.71982574463,-18233.71982574463,985.601247,2080.0,0.0
3,upsert,3,L0023,2048,0,1787890660.185293,19.288114547729492,4,1,3,1787890640.8971784,base,agg_static@rho0.8,0,0.55,0.0,4,0.8,agg_static,1787890640.8971744,0,2048,,0,0,0,0,0,0,0,1,4,,0;0;0;0,4,0,1,63,1787890662.8537192,,0,3,3,0,3,3,3,0,0,0,0,0,0.0,0.0,0.0,19288.114547729492,-19288.114547729492,96.923159,2608.0,0.0
4,upsert,0,L0000,2048,0,1787890660.1854086,17.719637870788574,5,1,4,1787890642.4657707,base,agg_static@rho0.8,0,0.55,0.0,4,0.8,agg_static,1787890642.4657426,0,2048,,0,0,0,0,0,0,0,2,5,,0;1;1;1,8,0,1,60,1787890662.8535762,,0,1,0,1,1,1,0,0,0,0,2048,2048,40.96,0.0,40.96,17719.637870788574,-17678.677870788575,526.058149,2080.0,40.96
16,upsert,0,L0023,2560,0,1787890770.8421392,8.123377084732056,2,2,16,1787890762.7187622,base,agg_full@rho0.5,0,0.55,0.0,4,0.5,agg_full,1787890762.718734,0,2560,,0,0,0,0,0,0,0,2,17,,0;1;1;1,20,0,1,46,1787890773.4105103,,0,2,0,1,2,2,0,0,1,0,2560,2560,51.2,2.0,49.2,8123.377084732056,-8074.177084732056,1312.413915,2080.0,49.2
16,upsert,0,L0023,2560,0,1787890770.8421392,8.123377084732056,2,2,16,1787890762.7187622,base,agg_full@rho0.5,0,0.55,0.0,4,0.5,agg_full,1787890762.718734,0,2560,,0,0,0,0,0,0,0,2,17,,0;1;1;1,20,0,2,63,1787890780.2927113,,0,3,3,0,0,3,3,1,1,512,512,0,0.0,0.0,0.0,8123.377084732056,-8123.377084732056,1279.740035,2608.0,8.24
22,upsert,2,L0000,3072,0,1787890776.1506698,11.321404933929443,4,1,22,1787890764.8292649,base,agg_full@rho0.5,0,0.55,0.0,4,0.5,agg_full,1787890764.8292532,0,3072,,0,0,0,0,0,0,0,6,23,,0;0;0;1,24,0,1,60,1787890780.292561,,0,2,2,0,2,2,2,0,0,0,0,0,0.0,0.0,0.0,11321.404933929443,-11321.404933929443,204.461303,2608.0,0.0
24,upsert,0,L0014,2560,0,1787890776.1507833,9.447935581207275,5,1,24,1787890766.7028477,base,agg_full@rho0.5,0,0.55,0.0,4,0.5,agg_full,1787890766.7028205,0,2560,,0,0,0,0,0,0,0,2,25,,0;1;1;1,28,0,1,57,1787890778.8678539,,0,2,0,1,2,2,0,0,0,0,2560,2560,51.2,0.0,51.2,9447.935581207275,-9396.735581207275,568.27912,2608.0,51.2
35,upsert,3,L0023,3072,0,1787890778.2525723,8.693684101104736,16,1,35,1787890769.5588882,base,agg_full@rho0.5,0,0.55,0.0,4,0.5,agg_full,1787890769.5588734,2048,1024,12.81720781326294,0,0,0,0,0,0,0,3,36,,0;0;0;0,36,1,1,63,1787890780.2927113,,0,0,3,1,0,0,3,0,1,0,512,512,10.24,2.0,8.24,8693.684101104736,-8685.444101104737,1279.740035,2608.0,8.24
65,upsert,1,L0072,2048,0,1787890793.4526675,9.806109189987183,45,1,65,1787890783.6465583,base,agg_full@rho0.5,0,0.55,0.0,4,0.5,agg_full,1787890783.646542,0,2048,,0,0,0,0,0,0,0,1,50,9.029726654291153,0;0;1;1,72,0,1,124,1787890809.105058,,0,3,3,0,2,3,3,0,0,2560,2560,0,0.0,0.0,0.0,9806.109189987183,-9806.109189987183,627.961916,2608.0,51.2
75,upsert,2,L0094,2048,0,1787890799.6730413,12.6298189163208,55,1,75,1787890787.0432224,base,agg_full@rho0.5,0,0.55,0.0,4,0.5,agg_full,1787890787.0432076,0,2048,,0,0,0,0,0,0,0,1,45,9.990763187408447,0;0;0;0,80,0,1,120,1787890807.3409276,,0,0,0,0,1,0,0,0,0,2560,2560,0,0.0,0.0,0.0,12629.8189163208,-12629.8189163208,618.424173,2608.0,51.2
76,upsert,0,L0075,2048,0,1787890799.6731043,11.266186714172363,56,2,76,1787890788.4069176,base,agg_full@rho0.5,0,0.55,0.0,4,0.5,agg_full,1787890788.4068913,0,2048,,0,0,0,0,0,0,0,1,46,9.990763187408447,0;1;1;1,84,0,1,110,1787890801.0964317,,0,1,0,1,1,1,0,0,1,0,2048,2048,40.96,2.0,38.96,11266.186714172363,-11227.226714172364,1844.2881,2080.0,38.96
76,upsert,0,L0075,2048,0,1787890799.6731043,11.266186714172363,56,2,76,1787890788.4069176,base,agg_full@rho0.5,0,0.55,0.0,4,0.5,agg_full,1787890788.4068913,0,2048,,0,0,0,0,0,0,0,1,46,9.990763187408447,0;1;1;1,84,0,2,126,1787890809.105182,,1,0,0,0,,0,0,0,0,0,0,0,0.0,0.0,0.0,11266.186714172363,-11266.186714172363,620.308006,2608.0,0.0
77,upsert,1,L0069,2048,0,1787890799.6731791,11.265698671340942,57,3,77,1787890788.4074805,base,agg_full@rho0.5,0,0.55,0.0,4,0.5,agg_full,1787890788.407462,0,2048,,0,0,0,0,0,0,0,1,47,9.990763187408447,0;0;1;1,84,0,1,113,1787890803.2820606,,0,2,1,1,2,2,1,0,1,0,2048,2048,40.96,2.0,38.96,11265.698671340942,-11226.738671340943,2181.698575,2080.0,38.96
77,upsert,1,L0069,2048,0,1787890799.6731791,11.265698671340942,57,3,77,1787890788.4074805,base,agg_full@rho0.5,0,0.55,0.0,4,0.5,agg_full,1787890788.407462,0,2048,,0,0,0,0,0,0,0,1,47,9.990763187408447,0;0;1;1,84,0,2,119,1787890805.81918,,0,1,1,0,1,1,1,0,0,0,0,0,0.0,0.0,0.0,11265.698671340942,-11265.698671340942,600.242181,2608.0,0.0
77,upsert,1,L0069,2048,0,1787890799.6731791,11.265698671340942,57,3,77,1787890788.4074805,base,agg_full@rho0.5,0,0.55,0.0,4,0.5,agg_full,1787890788.407462,0,2048,,0,0,0,0,0,0,0,1,47,9.990763187408447,0;0;1;1,84,0,3,125,1787890809.1051219,,1,1,1,0,,1,1,0,0,0,0,0,0.0,0.0,0.0,11265.698671340942,-11265.698671340942,101.671585,2080.0,0.0
78,upsert,2,L0068,2048,0,1787890799.673229,11.265351057052612,58,1,78,1787890788.407878,base,agg_full@rho0.5,0,0.55,0.0,4,0.5,agg_full,1787890788.4078636,0,2048,,0,0,0,0,0,0,0,1,48,9.990763187408447,0;0;0;1,84,0,1,116,1787890805.8190181,,1,2,2,0,,2,2,0,0,0,0,0,0.0,0.0,0.0,11265.351057052612,-11265.351057052612,184.543474,2608.0,10.24
79,upsert,3,L0065,2048,0,1787890799.6732702,11.265018463134766,59,1,79,1787890788.4082518,base,agg_full@rho0.5,0,0.55,0.0,4,0.5,agg_full,1787890788.4082391,0,2048,,0,0,0,0,0,0,0,1,49,9.990763187408447,0;0;0;0,84,0,1,114,1787890803.2821145,,0,0,3,1,0,0,3,0,0,0,2048,2048,40.96,0.0,40.96,11265.018463134766,-11224.058463134766,528.091904,2080.0,40.96
83,upsert,3,L0068,2560,0,1787890800.5914283,10.484119415283203,63,1,83,1787890790.1073089,base,agg_full@rho0.5,0,0.55,0.0,4,0.5,agg_full,1787890790.107295,0,2560,,0,0,0,0,0,0,0,2,53,9.990763187408447,0;0;0;0,88,0,1,116,1787890805.8190181,,0,2,2,0,3,2,2,0,0,512,512,0,0.0,0.0,0.0,10484.119415283203,-10484.119415283203,184.543474,2608.0,10.24
84,upsert,0,L0094,2560,0,1787890800.5914924,8.700745105743408,64,1,84,1787890791.8907473,base,agg_full@rho0.5,0,0.55,0.0,4,0.5,agg_full,1787890791.8907192,0,2560,,0,0,0,0,0,0,0,2,47,10.358572609722614,0;1;1;1,92,0,1,120,1787890807.3409276,,0,2,0,1,1,2,0,0,0,2048,2560,512,10.24,0.0,10.24,8700.745105743408,-8690.505105743408,618.424173,2608.0,51.2
85,upsert,3,L0072,2560,0,1787890800.5915415,8.700216293334961,65,1,85,1787890791.8913252,base,agg_full@rho0.5,0,0.55,0.0,4,0.5,agg_full,1787890791.891308,0,2560,,0,0,0,0,0,0,0,2,48,10.358572609722614,0;1;1;0,92,0,1,124,1787890809.105058,,0,1,3,1,2,1,3,0,0,2048,2560,512,10.24,0.0,10.24,8700.216293334961,-8689.976293334961,627.961916,2608.0,51.2
99,upsert,2,L0068,3072,2048,1787890803.5880957,6.632580280303955,79,1,99,1787890796.9555154,base,agg_full@rho0.5,0,0.55,0.0,4,0.5,agg_full,1787890796.9554975,2048,1024,8.54763388633728,0,0,0,0,0,0,0,3,54,10.8414356559515,0;0;0;0,104,1,1,116,1787890805.8190181,,0,3,2,1,3,3,2,0,0,0,512,512,10.24,0.0,10.24,6632.580280303955,-6622.340280303955,184.543474,2608.0,10.24
110,upsert,0,L0075,2560,2048,1787890807.384567,4.103412389755249,89,1,110,1787890803.2811546,base,agg_full@rho0.5,0,0.55,0.0,4,0.5,agg_full,1787890803.281137,2048,512,14.874245643615723,0,2048,2048,0,2048,1,0,2,35,9.856861352920532,0;1;0;0,117,0,1,126,1787890809.105182,,0,0,0,0,0,0,0,0,0,0,0,0,0.0,0.0,0.0,4103.412389755249,-4103.412389755249,620.308006,2608.0,0.0
113,upsert,1,L0069,2560,2048,1787890808.699842,2.8821210861206055,92,1,113,1787890805.817721,base,agg_full@rho0.5,0,0.55,0.0,4,0.5,agg_full,1787890805.8177006,2048,512,17.41023874282837,0,2048,2048,0,2048,1,0,2,31,8.600480146706104,1;0;0;1,123,0,1,125,1787890809.1051219,,0,1,1,0,1,1,1,0,0,0,0,0,0.0,0.0,0.0,2882.1210861206055,-2882.1210861206055,101.671585,2080.0,0.0
2,upsert,1,L0014,2048,0,1787890819.6707177,0.003223419189453125,3,1,2,1787890819.6674943,base,agg_static@rho0.5,0,0.55,0.0,4,0.5,agg_static,1787890819.6674824,0,2048,,0,0,0,0,0,0,0,1,3,,0;0;0;1,4,0,1,57,1787890840.0550802,,1,1,1,0,,1,1,0,0,0,0,0,0.0,0.0,0.0,3.223419189453125,-3.223419189453125,528.43847,2608.0,51.2
3,upsert,3,L0023,2048,0,1787890819.6707804,0.0032012462615966797,4,3,3,1787890819.6675792,base,agg_static@rho0.5,0,0.55,0.0,4,0.5,agg_static,1787890819.6675696,0,2048,,0,0,0,0,0,0,0,1,4,,0;0;0;0,4,0,1,35,1787890830.4280515,,1,3,3,0,,3,3,1,1,0,0,0,0.0,0.0,0.0,3.2012462615966797,-3.2012462615966797,1714.854585,2608.0,49.2
3,upsert,3,L0023,2048,0,1787890819.6707804,0.0032012462615966797,4,3,3,1787890819.6675792,base,agg_static@rho0.5,0,0.55,0.0,4,0.5,agg_static,1787890819.6675696,0,2048,,0,0,0,0,0,0,0,1,4,,0;0;0;0,4,0,2,46,1787890836.002392,,1,3,3,0,,3,3,0,0,0,0,0,0.0,0.0,0.0,3.2012462615966797,-3.2012462615966797,80.665945,2080.0,61.44
3,upsert,3,L0023,2048,0,1787890819.6707804,0.0032012462615966797,4,3,3,1787890819.6675792,base,agg_static@rho0.5,0,0.55,0.0,4,0.5,agg_static,1787890819.6675696,0,2048,,0,0,0,0,0,0,0,1,4,,0;0;0;0,4,0,3,63,1787890841.6022656,,1,3,3,0,,3,3,0,0,0,0,0,0.0,0.0,0.0,3.2012462615966797,-3.2012462615966797,93.232474,2608.0,0.0
4,upsert,0,L0000,2048,0,1787890821.554145,0.0036821365356445312,5,2,4,1787890821.550463,base,agg_static@rho0.5,0,0.55,0.0,4,0.5,agg_static,1787890821.550435,0,2048,,0,0,0,0,0,0,0,2,1,0.003239572048187256,0;1;1;1,8,0,1,42,1787890834.0686927,,0,3,3,0,2,3,3,1,1,3072,3072,0,0.0,0.0,0.0,3.6821365356445312,-3.6821365356445312,1208.999499,2080.0,59.44
4,upsert,0,L0000,2048,0,1787890821.554145,0.0036821365356445312,5,2,4,1787890821.550463,base,agg_static@rho0.5,0,0.55,0.0,4,0.5,agg_static,1787890821.550435,0,2048,,0,0,0,0,0,0,0,2,1,0.003239572048187256,0;1;1;1,8,0,2,60,1787890841.602099,,0,3,0,1,0,3,0,0,0,0,0,0,0.0,0.0,0.0,3.6821365356445312,-3.6821365356445312,527.821366,2080.0,0.0
5,upsert,3,L0000,2560,0,1787890821.5542774,0.0035452842712402344,6,2,5,1787890821.5507321,base,agg_static@rho0.5,0,0.55,0.0,4,0.5,agg_static,1787890821.5507164,0,2560,,0,0,0,0,0,0,0,2,2,0.003239572048187256,0;1;1;0,8,0,1,42,1787890834.0686927,,1,3,3,0,,3,3,1,1,0,0,0,0.0,0.0,0.0,3.5452842712402344,-3.5452842712402344,1208.999499,2080.0,59.44
5,upsert,3,L0000,2560,0,1787890821.5542774,0.0035452842712402344,6,2,5,1787890821.5507321,base,agg_static@rho0.5,0,0.55,0.0,4,0.5,agg_static,1787890821.5507164,0,2560,,0,0,0,0,0,0,0,2,2,0.003239572048187256,0;1;1;0,8,0,2,60,1787890841.602099,,1,0,0,0,,0,0,0,0,0,0,0,0.0,0.0,0.0,3.5452842712402344,-3.5452842712402344,527.821366,2080.0,0.0
7,upsert,2,L0028,2048,0,1787890821.5544145,0.00336456298828125,8,1,7,1787890821.55105,base,agg_static@rho0.5,0,0.55,0.0,4,0.5,agg_static,1787890821.5510383,0,2048,,0,0,0,0,0,0,0,1,4,0.003239572048187256,0;0;0;0,8,0,1,55,1787890838.6240108,,0,2,2,0,2,2,2,0,0,0,0,0,0.0,0.0,0.0,3.36456298828125,-3.36456298828125,508.822253,2080.0,0.0
11,upsert,3,L0000,3072,2560,1787890822.8688848,0.0032367706298828125,12,2,11,1787890822.865648,base,agg_static@rho0.5,0,0.55,0.0,4,0.5,agg_static,1787890822.8656313,2560,512,1.3149149417877197,0,2560,2560,2048,512,2,0,3,4,0.0033749938011169434,0;0;0;0,12,0,1,42,1787890834.0686927,,1,3,3,0,,3,3,1,1,0,0,0,0.0,0.0,0.0,3.2367706298828125,-3.2367706298828125,1208.999499,2080.0,59.44
11,upsert,3,L0000,3072,2560,1787890822.8688848,0.0032367706298828125,12,2,11,1787890822.865648,base,agg_static@rho0.5,0,0.55,0.0,4,0.5,agg_static,1787890822.8656313,2560,512,1.3149149417877197,0,2560,2560,2048,512,2,0,3,4,0.0033749938011169434,0;0;0;0,12,0,2,60,1787890841.602099,,1,0,0,0,,0,0,0,0,0,0,0,0.0,0.0,0.0,3.2367706298828125,-3.2367706298828125,527.821366,2080.0,0.0
14,upsert,1,L0058,2048,0,1787890824.3034525,0.00388336181640625,15,1,14,1787890824.2995691,base,agg_static@rho0.5,0,0.55,0.0,4,0.5,agg_static,1787890824.2995553,0,2048,,0,0,0,0,0,0,0,1,3,0.003393272558848063,0;0;0;1,16,0,1,38,1787890832.4636164,,0,3,1,1,3,3,1,0,1,0,2048,2048,40.96,2.0,38.96,3.88336181640625,35.07663818359375,1261.961698,2080.0,38.96
15,upsert,3,L0034,2048,0,1787890824.3035188,0.003772258758544922,16,1,15,1787890824.2997465,base,agg_static@rho0.5,0,0.55,0.0,4,0.5,agg_static,1787890824.2997353,0,2048,,0,0,0,0,0,0,0,1,4,0.003393272558848063,0;0;0;0,16,0,1,50,1787890837.488355,,0,3,3,0,3,3,3,0,0,0,0,0,0.0,0.0,0.0,3.772258758544922,-3.772258758544922,485.76702,2080.0,0.0
16,upsert,3,L0023,2560,2048,1787890825.482432,0.0038955211639404297,17,3,16,1787890825.4785364,base,agg_static@rho0.5,0,0.55,0.0,4,0.5,agg_static,1787890825.4785051,2048,512,5.8109354972839355,0,2048,2048,0,2048,1,0,2,1,0.0035421550273895264,0;1;0;2,23,0,1,35,1787890830.4280515,,0,3,3,0,0,3,3,1,1,2048,2560,512,10.24,0.0,10.24,3.8955211639404297,6.3444788360595705,1714.854585,2608.0,49.2
16,upsert,3,L0023,2560,2048,1787890825.482432,0.0038955211639404297,17,3,16,1787890825.4785364,base,agg_static@rho0.5,0,0.55,0.0,4,0.5,agg_static,1787890825.4785051,2048,512,5.8109354972839355,0,2048,2048,0,2048,1,0,2,1,0.0035421550273895264,0;1;0;2,23,0,2,46,1787890836.002392,,1,3,3,0,,3,3,0,0,0,0,0,0.0,0.0,0.0,3.8955211639404297,-3.8955211639404297,80.665945,2080.0,61.44
16,upsert,3,L0023,2560,2048,1787890825.482432,0.0038955211639404297,17,3,16,1787890825.4785364,base,agg_static@rho0.5,0,0.55,0.0,4,0.5,agg_static,1787890825.4785051,2048,512,5.8109354972839355,0,2048,2048,0,2048,1,0,2,1,0.0035421550273895264,0;1;0;2,23,0,3,63,1787890841.6022656,,1,3,3,0,,3,3,0,0,0,0,0,0.0,0.0,0.0,3.8955211639404297,-3.8955211639404297,93.232474,2608.0,0.0
18,upsert,3,L0000,2560,3072,1787890825.482547,0.0034949779510498047,18,2,18,1787890825.479052,base,agg_static@rho0.5,0,0.55,0.0,4,0.5,agg_static,1787890825.4790363,2048,512,0.00020885467529296875,0,3072,3072,2048,1024,2,0,5,3,0.0035421550273895264,0;1;0;0,23,1,1,42,1787890834.0686927,,1,3,3,0,,3,3,1,1,0,0,0,0.0,0.0,0.0,3.4949779510498047,-3.4949779510498047,1208.999499,2080.0,59.44
18,upsert,3,L0000,2560,3072,1787890825.482547,0.0034949779510498047,18,2,18,1787890825.479052,base,agg_static@rho0.5,0,0.55,0.0,4,0.5,agg_static,1787890825.4790363,2048,512,0.00020885467529296875,0,3072,3072,2048,1024,2,0,5,3,0.0035421550273895264,0;1;0;0,23,1,2,60,1787890841.602099,,1,0,0,0,,0,0,0,0,0,0,0,0.0,0.0,0.0,3.4949779510498047,-3.4949779510498047,527.821366,2080.0,0.0
19,upsert,1,L0046,2048,0,1787890825.4826238,0.0033605098724365234,19,1,19,1787890825.4792633,base,agg_static@rho0.5,0,0.55,0.0,4,0.5,agg_static,1787890825.479249,0,2048,,0,0,0,0,0,0,0,1,4,0.0035421550273895264,0;0;0;0,23,0,1,58,1787890840.0551324,,0,3,1,1,3,3,1,0,1,0,2048,2048,40.96,2.0,38.96,3.3605098724365234,35.59949012756348,1226.545665,2080.0,38.96
22,upsert,3,L0000,3072,2560,1787890826.8416421,0.003792285919189453,22,2,22,1787890826.8378499,base,agg_static@rho0.5,0,0.55,0.0,4,0.5,agg_static,1787890826.8378332,2560,512,1.3587968349456787,0,2560,2560,2048,512,2,0,6,4,0.003548709969771536,1;0;0;0,29,1,1,42,1787890834.0686927,,0,3,3,0,2,3,3,1,1,2560,3072,512,10.24,0.0,10.24,3.792285919189453,6.447714080810547,1208.999499,2080.0,59.44
22,upsert,3,L0000,3072,2560,1787890826.8416421,0.003792285919189453,22,2,22,1787890826.8378499,base,agg_static@rho0.5,0,0.55,0.0,4,0.5,agg_static,1787890826.8378332,2560,512,1.3587968349456787,0,2560,2560,2048,512,2,0,6,4,0.003548709969771536,1;0;0;0,29,1,2,60,1787890841.602099,,1,0,0,0,,0,0,0,0,0,0,0,0.0,0.0,0.0,3.792285919189453,-3.792285919189453,527.821366,2080.0,0.0
24,upsert,1,L0014,2560,2048,1787890828.9538758,0.003912687301635742,24,1,24,1787890828.949963,base,agg_static@rho0.5,0,0.55,0.0,4,0.5,agg_static,1787890828.9499328,2048,512,9.282450437545776,0,2048,2048,0,2048,1,0,2,2,0.0036058529563572097,2;0;1;0,35,0,1,57,1787890840.0550802,,0,1,1,0,0,1,1,0,0,2048,2560,512,10.24,0.0,10.24,3.912687301635742,6.327312698364258,528.43847,2608.0,51.2
26,upsert,0,L0029,2048,0,1787890828.9540706,0.0035369396209716797,26,1,26,1787890828.9505336,base,agg_static@rho0.5,0,0.55,0.0,4,0.5,agg_static,1787890828.9505198,0,2048,,0,0,0,0,0,0,0,1,4,0.0036058529563572097,1;0;0;0,35,0,1,36,1787890832.4635065,,0,1,1,0,0,1,1,0,0,512,512,0,0.0,0.0,0.0,3.5369396209716797,-3.5369396209716797,489.914799,2608.0,10.24
28,upsert,3,L0030,2048,0,1787890830.430846,0.00392460823059082,28,1,28,1787890830.4269214,base,agg_static@rho0.5,0,0.55,0.0,4,0.5,agg_static,1787890830.4268978,0,2048,,0,0,0,0,0,0,0,1,2,0.0036097985726815684,1;1;1;0,39,0,1,39,1787890832.4636645,,0,3,3,0,3,3,3,0,0,0,0,0,0.0,0.0,0.0,3.9246082305908203,-3.9246082305908203,483.276378,2080.0,0.0
29,upsert,0,L0010,2048,0,1787890830.430948,0.0036754608154296875,29,1,29,1787890830.4272726,base,agg_static@rho0.5,0,0.55,0.0,4,0.5,agg_static,1787890830.4272554,0,2048,,0,0,0,0,0,0,0,1,3,0.0036097985726815684,0;1;1;0,39,0,1,48,1787890837.4882407,,0,1,0,1,1,1,0,0,0,0,2048,2048,40.96,0.0,40.96,3.6754608154296875,37.28453918457031,496.482127,2080.0,40.96
31,upsert,1,L0029,2560,0,1787890830.431068,0.0033850669860839844,31,1,31,1787890830.4276829,base,agg_static@rho0.5,0,0.55,0.0,4,0.5,agg_static,1787890830.427671,0,2560,,0,0,2048,0,2048,1,0,2,5,0.0036097985726815684,0;0;0;0,39,0,1,36,1787890832.4635065,,0,0,1,1,0,0,1,0,0,0,512,512,10.24,0.0,10.24,3.3850669860839844,6.854933013916016,489.914799,2608.0,10.24
33,upsert,1,L0005,2048,0,1787890832.4669669,0.004759073257446289,33,1,33,1787890832.4622078,base,agg_static@rho0.5,0,0.55,0.0,4,0.5,agg_static,1787890832.4621904,0,2048,,0,0,0,0,0,0,0,1,3,0.003611972255091513,0;0;1;1,44,0,1,49,1787890837.4883044,,0,1,1,0,1,1,1,0,0,0,0,0,0.0,0.0,0.0,4.759073257446289,-4.759073257446289,481.79917,2080.0,0.0
35,upsert,3,L0023,3072,2560,1787890832.4670954,0.00411677360534668,35,2,35,1787890832.4629786,base,agg_static@rho0.5,0,0.55,0.0,4,0.5,agg_static,1787890832.462962,2560,512,6.984456777572632,0,2560,2560,0,2560,1,0,3,5,0.003611972255091513,0;0;0;0,44,0,1,46,1787890836.002392,,0,3,3,0,2,3,3,0,0,2560,3072,512,10.24,0.0,10.24,4.11677360534668,6.1232263946533205,80.665945,2080.0,61.44
35,upsert,3,L0023,3072,2560,1787890832.4670954,0.00411677360534668,35,2,35,1787890832.4629786,base,agg_static@rho0.5,0,0.55,0.0,4,0.5,agg_static,1787890832.462962,2560,512,6.984456777572632,0,2560,2560,0,2560,1,0,3,5,0.003611972255091513,0;0;0;0,44,0,2,63,1787890841.6022656,,1,3,3,0,,3,3,0,0,0,0,0,0.0,0.0,0.0,4.11677360534668,-4.11677360534668,93.232474,2608.0,0.0
37,upsert,2,L0056,2048,0,1787890834.071513,0.00417637825012207,37,1,37,1787890834.0673366,base,agg_static@rho0.5,0,0.55,0.0,4,0.5,agg_static,1787890834.0673182,0,2048,,0,0,0,0,0,0,0,1,3,0.003772340714931488,0;1;0;1,51,0,1,61,1787890841.6021745,,0,2,2,0,2,2,2,0,0,0,0,0,0.0,0.0,0.0,4.17637825012207,-4.17637825012207,524.180863,2080.0,0.0
41,upsert,1,L0011,2048,0,1787890836.005481,0.004446268081665039,41,1,41,1787890836.0010347,base,agg_static@rho0.5,0,0.55,0.0,4,0.5,agg_static,1787890836.0010176,0,2048,,0,0,0,0,0,0,0,1,3,0.0038451775908470154,0;0;1;1,56,0,1,53,1787890838.623921,,0,1,1,0,1,1,1,0,0,0,0,0,0.0,0.0,0.0,4.446268081665039,-4.446268081665039,538.186233,2080.0,0.0
42,upsert,3,L0000,2048,3072,1787890836.0055497,0.004093170166015625,42,1,42,1787890836.0014565,base,agg_static@rho0.5,0,0.55,0.0,4,0.5,agg_static,1787890836.001438,3072,-1024,9.163604736328125,0,3072,3072,2048,1024,2,0,7,4,0.0038451775908470154,0;0;1;0,56,1,1,60,1787890841.602099,,0,3,0,1,0,3,0,0,0,1024,0,-1024,-20.48,0.0,-20.48,4.093170166015625,-24.573170166015625,527.821366,2080.0,0.0
46,upsert,3,L0023,2048,3072,1787890837.4913564,0.003918647766113281,46,1,46,1787890837.4874377,base,agg_static@rho0.5,0,0.55,0.0,4,0.5,agg_static,1787890837.48742,3072,-1024,5.024458169937134,0,3072,3072,0,3072,1,0,4,4,0.00394844263792038,0;0;1;0,61,0,1,63,1787890841.6022656,,0,3,3,0,3,3,3,0,0,0,0,0,0.0,0.0,0.0,3.9186477661132812,-3.9186477661132812,93.232474,2608.0,0.0
64,upsert,3,L0067,2048,0,1787890845.3980536,1.2375359535217285,64,1,64,1787890844.1605177,base,agg_static@rho0.5,0,0.55,0.0,4,0.5,agg_static,1787890844.160494,0,2048,,0,0,0,0,0,0,0,1,4,0.3489935100078583,1;1;1;0,91,0,1,87,1787890850.857359,,0,3,3,0,3,3,3,0,0,0,0,0,0.0,0.0,0.0,1237.5359535217285,-1237.5359535217285,554.057276,2080.0,0.0
65,upsert,1,L0072,2048,0,1787890845.3981884,1.2371575832366943,65,2,65,1787890844.1610308,base,agg_static@rho0.5,0,0.55,0.0,4,0.5,agg_static,1787890844.161014,0,2048,,0,0,0,0,0,0,0,1,5,0.3489935100078583,1;0;1;0,91,0,1,85,1787890850.8572686,,0,3,1,1,3,3,1,0,1,0,2048,2048,40.96,2.0,38.96,1237.1575832366943,-1198.1975832366943,1251.361541,2080.0,38.96
65,upsert,1,L0072,2048,0,1787890845.3981884,1.2371575832366943,65,2,65,1787890844.1610308,base,agg_static@rho0.5,0,0.55,0.0,4,0.5,agg_static,1787890844.161014,0,2048,,0,0,0,0,0,0,0,1,5,0.3489935100078583,1;0;1;0,91,0,2,124,1787890869.8086534,,1,1,1,0,,1,1,0,0,0,0,0,0.0,0.0,0.0,1237.1575832366943,-1237.1575832366943,602.764232,2608.0,51.2
66,upsert,2,L0121,2048,0,1787890845.3982544,1.2368049621582031,66,1,66,1787890844.1614494,base,agg_static@rho0.5,0,0.55,0.0,4,0.5,agg_static,1787890844.1614351,0,2048,,0,0,0,0,0,0,0,1,6,0.3489935100078583,1;0;0;0,91,0,1,81,1787890849.1245904,,0,2,2,0,2,2,2,0,0,0,0,0,0.0,0.0,0.0,1236.8049621582031,-1236.8049621582031,536.709183,2080.0,0.0
67,upsert,0,L0091,2048,0,1787890846.272656,2.110835313796997,67,1,67,1787890844.1618207,base,agg_static@rho0.5,0,0.55,0.0,4,0.5,agg_static,1787890844.1618075,0,2048,,0,0,0,0,0,0,0,1,7,0.3489935100078583,0;0;0;0,91,0,1,96,1787890855.88367,,0,0,0,0,0,0,0,0,0,0,0,0,0.0,0.0,0.0,2110.835313796997,-2110.835313796997,519.711599,2080.0,0.0
70,upsert,1,L0076,2048,0,1787890847.2897108,1.7314722537994385,70,1,70,1787890845.5582385,base,agg_static@rho0.5,0,0.55,0.0,4,0.5,agg_static,1787890845.5582242,0,2048,,0,0,0,0,0,0,0,1,5,0.575297087430954,1;0;0;0,95,0,1,91,1787890852.4380734,,0,0,1,1,0,0,1,0,1,0,2048,2048,40.96,2.0,38.96,1731.4722537994385,-1692.5122537994384,1690.493091,2080.0,38.96
75,upsert,1,L0094,2048,0,1787890848.7065125,1.0381934642791748,75,2,75,1787890847.668319,base,agg_static@rho0.5,0,0.55,0.0,4,0.5,agg_static,1787890847.6683047,0,2048,,0,0,0,0,0,0,0,1,5,0.8350545540452003,0;0;0;0,99,0,1,84,1787890850.8572025,,0,0,1,1,0,0,1,0,0,0,2048,2048,40.96,0.0,40.96,1038.1934642791748,-997.2334642791748,542.308187,2080.0,40.96
75,upsert,1,L0094,2048,0,1787890848.7065125,1.0381934642791748,75,2,75,1787890847.668319,base,agg_static@rho0.5,0,0.55,0.0,4,0.5,agg_static,1787890847.6683047,0,2048,,0,0,0,0,0,0,0,1,5,0.8350545540452003,0;0;0;0,99,0,2,120,1787890867.7330534,,1,1,1,0,,1,1,0,0,0,0,0,0.0,0.0,0.0,1038.1934642791748,-1038.1934642791748,640.265822,2608.0,51.2
76,upsert,3,L0075,2048,0,1787890849.8183815,0.69460129737854,76,2,76,1787890849.1237803,base,agg_static@rho0.5,0,0.55,0.0,4,0.5,agg_static,1787890849.123766,0,2048,,0,0,0,0,0,0,0,1,2,0.9453182592988014,1;1;1;0,103,0,1,110,1787890860.4758792,,0,2,3,1,2,2,3,0,2,0,2048,2048,40.96,4.0,36.96,694.60129737854,-657.64129737854,2721.103313,2080.0,36.96
76,upsert,3,L0075,2048,0,1787890849.8183815,0.69460129737854,76,2,76,1787890849.1237803,base,agg_static@rho0.5,0,0.55,0.0,4,0.5,agg_static,1787890849.123766,0,2048,,0,0,0,0,0,0,0,1,2,0.9453182592988014,1;1;1;0,103,0,2,126,1787890869.8087628,,1,3,3,0,,3,3,0,0,0,0,0,0.0,0.0,0.0,694.60129737854,-694.60129737854,737.03662,2608.0,51.2
77,upsert,1,L0069,2048,0,1787890850.1744537,1.0504076480865479,77,3,77,1787890849.124046,base,agg_static@rho0.5,0,0.55,0.0,4,0.5,agg_static,1787890849.1240373,0,2048,,0,0,0,0,0,0,0,1,3,0.9453182592988014,1;0;1;0,103,0,1,113,1787890863.7217271,,0,2,1,1,2,2,1,0,1,0,2048,2048,40.96,2.0,38.96,1050.4076480865479,-1011.4476480865478,1348.987323,2080.0,38.96
77,upsert,1,L0069,2048,0,1787890850.1744537,1.0504076480865479,77,3,77,1787890849.124046,base,agg_static@rho0.5,0,0.55,0.0,4,0.5,agg_static,1787890849.1240373,0,2048,,0,0,0,0,0,0,0,1,3,0.9453182592988014,1;0;1;0,103,0,2,119,1787890865.3918808,,0,0,1,1,0,0,1,0,1,0,2048,2048,40.96,2.0,38.96,1050.4076480865479,-1011.4476480865478,1953.420656,2608.0,38.96
77,upsert,1,L0069,2048,0,1787890850.1744537,1.0504076480865479,77,3,77,1787890849.124046,base,agg_static@rho0.5,0,0.55,0.0,4,0.5,agg_static,1787890849.1240373,0,2048,,0,0,0,0,0,0,0,1,3,0.9453182592988014,1;0;1;0,103,0,3,125,1787890869.8087149,,1,1,1,0,,1,1,1,1,0,0,0,0.0,0.0,0.0,1050.4076480865479,-1050.4076480865479,812.196843,2080.0,59.44
78,upsert,2,L0068,2048,0,1787890850.1745613,1.0503284931182861,78,3,78,1787890849.1242328,base,agg_static@rho0.5,0,0.55,0.0,4,0.5,agg_static,1787890849.1242259,0,2048,,0,0,0,0,0,0,0,1,4,0.9453182592988014,1;0;0;0,103,0,1,99,1787890855.883845,,0,1,1,0,2,1,1,1,1,512,512,0,0.0,0.0,0.0,1050.3284931182861,-1050.3284931182861,1457.008865,2608.0,8.24
78,upsert,2,L0068,2048,0,1787890850.1745613,1.0503284931182861,78,3,78,1787890849.1242328,base,agg_static@rho0.5,0,0.55,0.0,4,0.5,agg_static,1787890849.1242259,0,2048,,0,0,0,0,0,0,0,1,4,0.9453182592988014,1;0;0;0,103,0,2,105,1787890859.1286879,,0,1,1,0,3,1,1,0,0,3072,3072,0,0.0,0.0,0.0,1050.3284931182861,-1050.3284931182861,102.849821,2080.0,61.44
78,upsert,2,L0068,2048,0,1787890850.1745613,1.0503284931182861,78,3,78,1787890849.1242328,base,agg_static@rho0.5,0,0.55,0.0,4,0.5,agg_static,1787890849.1242259,0,2048,,0,0,0,0,0,0,0,1,4,0.9453182592988014,1;0;0;0,103,0,3,116,1787890865.3917384,,0,1,2,1,0,1,2,0,0,2048,2048,0,0.0,0.0,0.0,1050.3284931182861,-1050.3284931182861,612.860845,2080.0,40.96
79,upsert,0,L0065,2048,0,1787890850.2590518,1.1346592903137207,79,1,79,1787890849.1243925,base,agg_static@rho0.5,0,0.55,0.0,4,0.5,agg_static,1787890849.1243865,0,2048,,0,0,0,0,0,0,0,1,5,0.9453182592988014,0;0;0;0,103,0,1,114,1787890863.7217772,,0,0,0,0,0,0,0,0,0,0,0,0,0.0,0.0,0.0,1134.6592903137207,-1134.6592903137207,638.094417,2080.0,0.0
83,upsert,1,L0068,2560,0,1787890852.055824,1.1990947723388672,83,3,83,1787890850.8567293,base,agg_static@rho0.5,0,0.55,0.0,4,0.5,agg_static,1787890850.856715,0,2560,,0,0,2048,0,2048,1,0,2,5,1.0663983523845673,0;0;0;0,108,0,1,99,1787890855.883845,,0,2,1,1,2,2,1,0,1,0,512,512,10.24,2.0,8.24,1199.0947723388672,-1190.8547723388672,1457.008865,2608.0,8.24
83,upsert,1,L0068,2560,0,1787890852.055824,1.1990947723388672,83,3,83,1787890850.8567293,base,agg_static@rho0.5,0,0.55,0.0,4,0.5,agg_static,1787890850.856715,0,2560,,0,0,2048,0,2048,1,0,2,5,1.0663983523845673,0;0;0;0,108,0,2,105,1787890859.1286879,,1,1,1,0,,1,1,0,0,0,0,0,0.0,0.0,0.0,1199.0947723388672,-1199.0947723388672,102.849821,2080.0,61.44
83,upsert,1,L0068,2560,0,1787890852.055824,1.1990947723388672,83,3,83,1787890850.8567293,base,agg_static@rho0.5,0,0.55,0.0,4,0.5,agg_static,1787890850.856715,0,2560,,0,0,2048,0,2048,1,0,2,5,1.0663983523845673,0;0;0;0,108,0,3,116,1787890865.3917384,,1,2,2,0,,2,2,0,0,0,0,0,0.0,0.0,0.0,1199.0947723388672,-1199.0947723388672,612.860845,2080.0,40.96
84,upsert,1,L0094,2560,2048,1787890852.69297,0.25694799423217773,84,1,84,1787890852.436022,base,agg_static@rho0.5,0,0.55,0.0,4,0.5,agg_static,1787890852.4359925,2048,512,4.767687797546387,0,2048,2048,0,2048,1,0,2,2,1.1255923807621002,0;1;1;1,115,0,1,120,1787890867.7330534,,0,1,1,0,2,1,1,0,0,2048,2560,512,10.24,0.0,10.24,256.94799423217773,-246.70799423217773,640.265822,2608.0,51.2
85,upsert,1,L0072,2560,2048,1787890853.1336036,0.6969592571258545,85,1,85,1787890852.4366443,base,agg_static@rho0.5,0,0.55,0.0,4,0.5,agg_static,1787890852.4366229,2048,512,8.275608777999878,0,2048,2048,0,2048,1,0,2,3,1.1255923807621002,0;0;1;1,115,0,1,124,1787890869.8086534,,0,1,1,0,0,1,1,0,0,2048,2560,512,10.24,0.0,10.24,696.9592571258545,-686.7192571258545,602.764232,2608.0,51.2
88,upsert,3,L0064,2048,0,1787890854.4795327,0.004485368728637695,88,1,88,1787890854.4750473,base,agg_static@rho0.5,0,0.55,0.0,4,0.5,agg_static,1787890854.475024,0,2048,,0,0,0,0,0,0,0,1,2,1.0952052921056747,0;2;1;0,120,0,1,97,1787890855.8837411,,0,1,3,1,1,1,3,0,0,0,2048,2048,40.96,0.0,40.96,4.485368728637695,36.474631271362306,468.382009,2080.0,40.96
90,upsert,1,L0100,2048,0,1787890855.0524147,0.5764250755310059,90,2,90,1787890854.4759896,base,agg_static@rho0.5,0,0.55,0.0,4,0.5,agg_static,1787890854.4759753,0,2048,,0,0,0,0,0,0,0,1,4,1.0952052921056747,0;1;0;0,120,0,1,98,1787890855.8837955,,0,1,1,0,1,1,1,0,0,0,0,0,0.0,0.0,0.0,576.4250755310059,-576.4250755310059,503.317756,2080.0,0.0
90,upsert,1,L0100,2048,0,1787890855.0524147,0.5764250755310059,90,2,90,1787890854.4759896,base,agg_static@rho0.5,0,0.55,0.0,4,0.5,agg_static,1787890854.4759753,0,2048,,0,0,0,0,0,0,0,1,4,1.0952052921056747,0;1;0;0,120,0,2,107,1787890859.1287909,,1,1,1,0,,1,1,1,1,0,0,0,0.0,0.0,0.0,576.4250755310059,-576.4250755310059,914.529239,2608.0,49.2
95,upsert,3,L0074,2048,0,1787890856.6050787,0.7992501258850098,95,2,95,1787890855.8058286,base,agg_static@rho0.5,0,0.55,0.0,4,0.5,agg_static,1787890855.8058164,0,2048,,0,0,0,0,0,0,0,1,5,1.0139421597123146,0;0;0;0,124,0,1,106,1787890859.128743,,0,3,3,0,3,3,3,0,0,0,0,0,0.0,0.0,0.0,799.2501258850098,-799.2501258850098,493.020746,2080.0,0.0
95,upsert,3,L0074,2048,0,1787890856.6050787,0.7992501258850098,95,2,95,1787890855.8058286,base,agg_static@rho0.5,0,0.55,0.0,4,0.5,agg_static,1787890855.8058164,0,2048,,0,0,0,0,0,0,0,1,5,1.0139421597123146,0;0;0;0,124,0,2,109,1787890860.4758282,,0,0,3,1,0,0,3,0,1,0,2048,2048,40.96,2.0,38.96,799.2501258850098,-760.2901258850097,2721.673928,2608.0,38.96
98,upsert,1,L0100,2560,2048,1787890858.1574597,0.45894503593444824,98,1,98,1787890857.6985147,base,agg_static@rho0.5,0,0.55,0.0,4,0.5,agg_static,1787890857.6984978,2048,512,3.222522497177124,0,2048,2048,0,2048,1,0,2,4,0.8989025428891182,0;1;0;0,132,0,1,107,1787890859.1287909,,0,1,1,0,2,1,1,1,1,2048,2560,512,10.24,0.0,10.24,458.94503593444824,-448.70503593444823,914.529239,2608.0,49.2
99,upsert,1,L0068,3072,2560,1787890858.1575012,0.4585738182067871,99,2,99,1787890857.6989274,base,agg_static@rho0.5,0,0.55,0.0,4,0.5,agg_static,1787890857.6989121,2560,512,6.8421971797943115,0,2560,2560,2048,512,2,0,3,5,0.8989025428891182,0;0;0;0,132,0,1,105,1787890859.1286879,,0,1,1,0,3,1,1,0,0,2560,3072,512,10.24,0.0,10.24,458.5738182067871,-448.3338182067871,102.849821,2080.0,61.44
99,upsert,1,L0068,3072,2560,1787890858.1575012,0.4585738182067871,99,2,99,1787890857.6989274,base,agg_static@rho0.5,0,0.55,0.0,4,0.5,agg_static,1787890857.6989121,2560,512,6.8421971797943115,0,2560,2560,2048,512,2,0,3,5,0.8989025428891182,0;0;0;0,132,0,2,116,1787890865.3917384,,1,2,2,0,,2,2,0,0,0,0,0,0.0,0.0,0.0,458.5738182067871,-458.5738182067871,612.860845,2080.0,40.96
102,upsert,1,L0078,2048,0,1787890859.7100341,0.5821900367736816,102,1,102,1787890859.127844,base,agg_static@rho0.5,0,0.55,0.0,4,0.5,agg_static,1787890859.1278303,0,2048,,0,0,0,0,0,0,0,1,4,0.7484742626547813,0;0;0;1,136,0,1,112,1787890863.7216647,,0,1,1,0,1,1,1,0,0,0,0,0,0.0,0.0,0.0,582.1900367736816,-582.1900367736816,653.617622,2080.0,0.0
105,upsert,1,L0068,2048,3072,1787890860.8896067,0.41515660285949707,105,1,105,1787890860.47445,base,agg_static@rho0.5,0,0.55,0.0,4,0.5,agg_static,1787890860.4744298,3072,-1024,2.775517702102661,0,3072,3072,2048,1024,2,0,4,3,0.5971184372901917,0;1;0;1,143,0,1,116,1787890865.3917384,,0,1,2,1,0,1,2,0,0,3072,2048,-1024,-20.48,0.0,-20.48,415.15660285949707,-435.6366028594971,612.860845,2080.0,40.96
110,upsert,3,L0075,2560,2048,1787890863.7247922,0.003979921340942383,110,1,110,1787890863.7208123,base,agg_static@rho0.5,0,0.55,0.0,4,0.5,agg_static,1787890863.7207947,2048,512,14.597028732299805,0,2048,2048,0,2048,1,0,2,4,0.5529038235545158,0;1;0;0,149,0,1,126,1787890869.8087628,,0,3,3,0,2,3,3,0,0,2048,2560,512,10.24,0.0,10.24,3.979921340942383,6.260078659057617,737.03662,2608.0,51.2
113,upsert,1,L0069,2560,2048,1787890865.3950305,0.004570484161376953,113,1,113,1787890865.39046,base,agg_static@rho0.5,0,0.55,0.0,4,0.5,agg_static,1787890865.3904405,2048,512,16.266403198242188,0,2048,2048,0,2048,1,0,2,3,0.4306168407201767,1;0;0;1,156,0,1,125,1787890869.8087149,,1,1,1,0,,1,1,1,1,0,0,0,0.0,0.0,0.0,4.570484161376953,-4.570484161376953,812.196843,2080.0,59.44
115,upsert,3,L0066,2048,0,1787890865.3951852,0.0038728713989257812,115,1,115,1787890865.3913124,base,agg_static@rho0.5,0,0.55,0.0,4,0.5,agg_static,1787890865.3912985,0,2048,,0,0,0,0,0,0,0,1,5,0.4306168407201767,0;0;0;0,156,0,1,123,1787890867.7332287,,0,0,3,1,0,0,3,0,1,0,2048,2048,40.96,2.0,38.96,3.8728713989257812,35.08712860107422,1737.710324,2080.0,38.96
119,upsert,1,L0069,3072,2560,1787890867.7362313,0.0036568641662597656,119,1,119,1787890867.7325745,base,agg_static@rho0.5,0,0.55,0.0,4,0.5,agg_static,1787890867.7325583,2560,512,2.3421177864074707,0,2560,2560,0,2560,1,0,3,5,0.3388355150818825,0;0;0;0,162,0,1,125,1787890869.8087149,,0,1,1,0,3,1,1,1,1,2560,3072,512,10.24,0.0,10.24,3.6568641662597656,6.583135833740235,812.196843,2080.0,59.44
2,upsert,1,L0014,2048,0,1787890878.6684852,0.0031549930572509766,3,1,2,1787890878.6653302,base,exact_fifo@rho0.5,0,0.55,0.0,4,0.5,exact_fifo,1787890878.6653197,0,2048,,0,0,0,0,0,0,0,1,3,,0;0;0;1,4,0,1,57,1787890899.4656067,,1,1,1,0,,1,1,0,0,0,0,0,0.0,0.0,0.0,3.1549930572509766,-3.1549930572509766,552.652082,2608.0,51.2
3,upsert,3,L0023,2048,0,1787890878.6685467,0.0031325817108154297,4,3,3,1787890878.665414,base,exact_fifo@rho0.5,0,0.55,0.0,4,0.5,exact_fifo,1787890878.6654058,0,2048,,0,0,0,0,0,0,0,1,4,,0;0;0;0,4,0,1,35,1787890889.8683555,,1,3,3,0,,3,3,1,1,0,0,0,0.0,0.0,0.0,3.1325817108154297,-3.1325817108154297,1946.696959,2608.0,49.2
3,upsert,3,L0023,2048,0,1787890878.6685467,0.0031325817108154297,4,3,3,1787890878.665414,base,exact_fifo@rho0.5,0,0.55,0.0,4,0.5,exact_fifo,1787890878.6654058,0,2048,,0,0,0,0,0,0,0,1,4,,0;0;0;0,4,0,2,46,1787890895.628121,,1,3,3,0,,3,3,0,0,0,0,0,0.0,0.0,0.0,3.1325817108154297,-3.1325817108154297,82.750826,2080.0,61.44
3,upsert,3,L0023,2048,0,1787890878.6685467,0.0031325817108154297,4,3,3,1787890878.665414,base,exact_fifo@rho0.5,0,0.55,0.0,4,0.5,exact_fifo,1787890878.6654058,0,2048,,0,0,0,0,0,0,0,1,4,,0;0;0;0,4,0,3,63,1787890901.0497622,,1,3,3,0,,3,3,0,0,0,0,0,0.0,0.0,0.0,3.1325817108154297,-3.1325817108154297,93.962729,2608.0,0.0
4,upsert,0,L0000,2048,0,1787890880.5947533,0.0036416053771972656,5,2,4,1787890880.5911117,base,exact_fifo@rho0.5,0,0.55,0.0,4,0.5,exact_fifo,1787890880.5910869,0,2048,,0,0,0,0,0,0,0,2,1,0.003179609775543213,0;1;1;1,8,0,1,42,1787890893.943373,,0,3,3,0,2,3,3,1,1,3072,3072,0,0.0,0.0,0.0,3.6416053771972656,-3.6416053771972656,1337.018673,2080.0,59.44
4,upsert,0,L0000,2048,0,1787890880.5947533,0.0036416053771972656,5,2,4,1787890880.5911117,base,exact_fifo@rho0.5,0,0.55,0.0,4,0.5,exact_fifo,1787890880.5910869,0,2048,,0,0,0,0,0,0,0,2,1,0.003179609775543213,0;1;1;1,8,0,2,60,1787890901.0496047,,0,3,0,1,0,3,0,0,0,0,0,0,0.0,0.0,0.0,3.6416053771972656,-3.6416053771972656,561.418849,2080.0,0.0
5,upsert,3,L0000,2560,0,1787890880.5948665,0.003464221954345703,6,2,5,1787890880.5914023,base,exact_fifo@rho0.5,0,0.55,0.0,4,0.5,exact_fifo,1787890880.591386,0,2560,,0,0,0,0,0,0,0,2,2,0.003179609775543213,0;1;1;0,8,0,1,42,1787890893.943373,,1,3,3,0,,3,3,1,1,0,0,0,0.0,0.0,0.0,3.464221954345703,-3.464221954345703,1337.018673,2080.0,59.44
5,upsert,3,L0000,2560,0,1787890880.5948665,0.003464221954345703,6,2,5,1787890880.5914023,base,exact_fifo@rho0.5,0,0.55,0.0,4,0.5,exact_fifo,1787890880.591386,0,2560,,0,0,0,0,0,0,0,2,2,0.003179609775543213,0;1;1;0,8,0,2,60,1787890901.0496047,,1,0,0,0,,0,0,0,0,0,0,0,0.0,0.0,0.0,3.464221954345703,-3.464221954345703,561.418849,2080.0,0.0
7,upsert,2,L0028,2048,0,1787890880.5950007,0.003283977508544922,8,1,7,1787890880.5917168,base,exact_fifo@rho0.5,0,0.55,0.0,4,0.5,exact_fifo,1787890880.5917053,0,2048,,0,0,0,0,0,0,0,1,4,0.003179609775543213,0;0;0;0,8,0,1,55,1787890898.218424,,0,2,2,0,2,2,2,0,0,0,0,0,0.0,0.0,0.0,3.283977508544922,-3.283977508544922,504.150124,2080.0,0.0
11,upsert,3,L0000,3072,2560,1787890881.9367685,0.003174304962158203,12,2,11,1787890881.9335942,base,exact_fifo@rho0.5,0,0.55,0.0,4,0.5,exact_fifo,1787890881.9335775,2560,512,1.342191457748413,0,2560,2560,2048,512,2,0,3,4,0.003309488296508789,0;0;0;0,12,0,1,42,1787890893.943373,,1,3,3,0,,3,3,1,1,0,0,0,0.0,0.0,0.0,3.174304962158203,-3.174304962158203,1337.018673,2080.0,59.44
11,upsert,3,L0000,3072,2560,1787890881.9367685,0.003174304962158203,12,2,11,1787890881.9335942,base,exact_fifo@rho0.5,0,0.55,0.0,4,0.5,exact_fifo,1787890881.9335775,2560,512,1.342191457748413,0,2560,2560,2048,512,2,0,3,4,0.003309488296508789,0;0;0;0,12,0,2,60,1787890901.0496047,,1,0,0,0,,0,0,0,0,0,0,0,0.0,0.0,0.0,3.174304962158203,-3.174304962158203,561.418849,2080.0,0.0
14,upsert,1,L0058,2048,0,1787890883.2968209,0.0037882328033447266,15,1,14,1787890883.2930326,base,exact_fifo@rho0.5,0,0.55,0.0,4,0.5,exact_fifo,1787890883.2930193,0,2048,,0,0,0,0,0,0,0,1,3,0.0033159653345743814,0;0;0;1,16,0,1,38,1787890892.1620283,,0,3,1,1,3,3,1,0,1,0,2048,2048,40.96,2.0,38.96,3.7882328033447266,35.171767196655274,1421.53023,2080.0,38.96
15,upsert,3,L0034,2048,0,1787890883.296886,0.0036687850952148438,16,1,15,1787890883.2932172,base,exact_fifo@rho0.5,0,0.55,0.0,4,0.5,exact_fifo,1787890883.2932055,0,2048,,0,0,0,0,0,0,0,1,4,0.0033159653345743814,0;0;0;0,16,0,1,50,1787890896.9755733,,0,3,3,0,3,3,3,0,0,0,0,0,0.0,0.0,0.0,3.6687850952148438,-3.6687850952148438,604.448057,2080.0,0.0
16,upsert,3,L0023,2560,2048,1787890884.5203109,0.0038199424743652344,17,3,16,1787890884.516491,base,exact_fifo@rho0.5,0,0.55,0.0,4,0.5,exact_fifo,1787890884.5164635,2048,512,5.851057767868042,0,2048,2048,0,2048,1,0,2,1,0.0034507960081100464,0;1;0;2,23,0,1,35,1787890889.8683555,,0,3,3,0,0,3,3,1,1,2048,2560,512,10.24,0.0,10.24,3.8199424743652344,6.420057525634766,1946.696959,2608.0,49.2
16,upsert,3,L0023,2560,2048,1787890884.5203109,0.0038199424743652344,17,3,16,1787890884.516491,base,exact_fifo@rho0.5,0,0.55,0.0,4,0.5,exact_fifo,1787890884.5164635,2048,512,5.851057767868042,0,2048,2048,0,2048,1,0,2,1,0.0034507960081100464,0;1;0;2,23,0,2,46,1787890895.628121,,1,3,3,0,,3,3,0,0,0,0,0,0.0,0.0,0.0,3.8199424743652344,-3.8199424743652344,82.750826,2080.0,61.44
16,upsert,3,L0023,2560,2048,1787890884.5203109,0.0038199424743652344,17,3,16,1787890884.516491,base,exact_fifo@rho0.5,0,0.55,0.0,4,0.5,exact_fifo,1787890884.5164635,2048,512,5.851057767868042,0,2048,2048,0,2048,1,0,2,1,0.0034507960081100464,0;1;0;2,23,0,3,63,1787890901.0497622,,1,3,3,0,,3,3,0,0,0,0,0,0.0,0.0,0.0,3.8199424743652344,-3.8199424743652344,93.962729,2608.0,0.0
17,upsert,3,L0000,2048,3072,1787890884.5204124,0.0036253929138183594,18,2,17,1787890884.516787,base,exact_fifo@rho0.5,0,0.55,0.0,4,0.5,exact_fifo,1787890884.5167682,3072,-1024,2.583190679550171,0,3072,3072,2048,1024,2,0,5,2,0.0034507960081100464,0;1;0;1,23,0,1,42,1787890893.943373,,1,3,3,0,,3,3,1,1,0,0,0,0.0,0.0,0.0,3.6253929138183594,-3.6253929138183594,1337.018673,2080.0,59.44
17,upsert,3,L0000,2048,3072,1787890884.5204124,0.0036253929138183594,18,2,17,1787890884.516787,base,exact_fifo@rho0.5,0,0.55,0.0,4,0.5,exact_fifo,1787890884.5167682,3072,-1024,2.583190679550171,0,3072,3072,2048,1024,2,0,5,2,0.0034507960081100464,0;1;0;1,23,0,2,60,1787890901.0496047,,1,0,0,0,,0,0,0,0,0,0,0,0.0,0.0,0.0,3.6253929138183594,-3.6253929138183594,561.418849,2080.0,0.0
18,upsert,3,L0000,2560,2048,1787890884.5204768,0.003497600555419922,19,2,18,1787890884.5169792,base,exact_fifo@rho0.5,0,0.55,0.0,4,0.5,exact_fifo,1787890884.5169601,2048,512,0.0001919269561767578,0,3072,3072,2048,1024,2,0,5,3,0.0034507960081100464,0;1;0;0,23,1,1,42,1787890893.943373,,1,3,3,0,,3,3,1,1,0,0,0,0.0,0.0,0.0,3.497600555419922,-3.497600555419922,1337.018673,2080.0,59.44
18,upsert,3,L0000,2560,2048,1787890884.5204768,0.003497600555419922,19,2,18,1787890884.5169792,base,exact_fifo@rho0.5,0,0.55,0.0,4,0.5,exact_fifo,1787890884.5169601,2048,512,0.0001919269561767578,0,3072,3072,2048,1024,2,0,5,3,0.0034507960081100464,0;1;0;0,23,1,2,60,1787890901.0496047,,1,0,0,0,,0,0,0,0,0,0,0,0.0,0.0,0.0,3.497600555419922,-3.497600555419922,561.418849,2080.0,0.0
19,upsert,1,L0046,2048,0,1787890884.520528,0.0033540725708007812,20,1,19,1787890884.517174,base,exact_fifo@rho0.5,0,0.55,0.0,4,0.5,exact_fifo,1787890884.5171475,0,2048,,0,0,0,0,0,0,0,1,4,0.0034507960081100464,0;0;0;0,23,0,1,58,1787890899.4656591,,0,3,1,1,3,3,1,0,1,0,2048,2048,40.96,2.0,38.96,3.3540725708007812,35.60592742919922,1263.238979,2080.0,38.96
22,upsert,3,L0000,3072,2560,1787890886.1162846,0.11333250999450684,23,2,22,1787890886.002952,base,exact_fifo@rho0.5,0,0.55,0.0,4,0.5,exact_fifo,1787890886.0029347,2560,512,1.4859745502471924,0,2560,2560,2048,512,2,0,6,3,0.003475487232208252,1;0;0;0,29,0,1,42,1787890893.943373,,0,3,3,0,2,3,3,1,1,2560,3072,512,10.24,0.0,10.24,113.33250999450684,-103.09250999450684,1337.018673,2080.0,59.44
22,upsert,3,L0000,3072,2560,1787890886.1162846,0.11333250999450684,23,2,22,1787890886.002952,base,exact_fifo@rho0.5,0,0.55,0.0,4,0.5,exact_fifo,1787890886.0029347,2560,512,1.4859745502471924,0,2560,2560,2048,512,2,0,6,3,0.003475487232208252,1;0;0;0,29,0,2,60,1787890901.0496047,,1,0,0,0,,0,0,0,0,0,0,0,0.0,0.0,0.0,113.33250999450684,-113.33250999450684,561.418849,2080.0,0.0
24,upsert,1,L0014,2560,2048,1787890888.01986,0.003741025924682617,25,1,24,1787890888.016119,base,exact_fifo@rho0.5,0,0.55,0.0,4,0.5,exact_fifo,1787890888.0160918,2048,512,9.350772142410278,0,2048,2048,0,2048,1,0,2,1,0.022710402806599934,2;0;1;0,35,0,1,57,1787890899.4656067,,0,1,1,0,0,1,1,0,0,2048,2560,512,10.24,0.0,10.24,3.741025924682617,6.498974075317383,552.652082,2608.0,51.2
26,upsert,0,L0029,2048,0,1787890888.530321,0.5136723518371582,27,1,26,1787890888.0166485,base,exact_fifo@rho0.5,0,0.55,0.0,4,0.5,exact_fifo,1787890888.0166337,0,2048,,0,0,0,0,0,0,0,1,3,0.022710402806599934,1;0;0;0,35,0,1,36,1787890892.161922,,0,1,1,0,0,1,1,0,0,512,512,0,0.0,0.0,0.0,513.6723518371582,-513.6723518371582,641.622557,2608.0,10.24
28,upsert,3,L0030,2048,0,1787890889.8712687,0.003962278366088867,29,1,28,1787890889.8673065,base,exact_fifo@rho0.5,0,0.55,0.0,4,0.5,exact_fifo,1787890889.8672824,0,2048,,0,0,0,0,0,0,0,1,1,0.06106408153261457,1;1;1;0,39,0,1,39,1787890892.1620753,,0,3,3,0,3,3,3,0,0,0,0,0,0.0,0.0,0.0,3.962278366088867,-3.962278366088867,530.832241,2080.0,0.0
29,upsert,0,L0010,2048,0,1787890890.1366286,0.269026517868042,30,1,29,1787890889.867602,base,exact_fifo@rho0.5,0,0.55,0.0,4,0.5,exact_fifo,1787890889.8675864,0,2048,,0,0,0,0,0,0,0,1,2,0.06106408153261457,0;1;1;0,39,0,1,48,1787890896.97546,,0,1,0,1,1,1,0,0,0,0,2048,2048,40.96,0.0,40.96,269.026517868042,-228.06651786804198,465.96906,2080.0,40.96
31,upsert,1,L0029,2560,0,1787890890.523647,0.6556618213653564,32,1,31,1787890889.8679852,base,exact_fifo@rho0.5,0,0.55,0.0,4,0.5,exact_fifo,1787890889.8679738,0,2560,,0,0,2048,0,2048,1,0,2,4,0.06106408153261457,0;0;0;0,39,0,1,36,1787890892.161922,,0,0,1,1,0,0,1,0,0,0,512,512,10.24,0.0,10.24,655.6618213653564,-645.4218213653564,641.622557,2608.0,10.24
33,upsert,1,L0005,2048,0,1787890892.1653955,0.004732370376586914,34,1,33,1787890892.1606631,base,exact_fifo@rho0.5,0,0.55,0.0,4,0.5,exact_fifo,1787890892.1606462,0,2048,,0,0,0,0,0,0,0,1,2,0.10294342786073685,0;0;1;1,44,0,1,49,1787890896.9755228,,0,1,1,0,1,1,1,0,0,0,0,0,0.0,0.0,0.0,4.732370376586914,-4.732370376586914,550.051976,2080.0,0.0
35,upsert,3,L0023,3072,2560,1787890892.165598,0.004177093505859375,36,2,35,1787890892.1614208,base,exact_fifo@rho0.5,0,0.55,0.0,4,0.5,exact_fifo,1787890892.161404,2560,512,7.644940376281738,0,2560,2560,0,2560,1,0,3,4,0.10294342786073685,0;0;0;0,44,0,1,46,1787890895.628121,,0,3,3,0,2,3,3,0,0,2560,3072,512,10.24,0.0,10.24,4.177093505859375,6.062906494140625,82.750826,2080.0,61.44
35,upsert,3,L0023,3072,2560,1787890892.165598,0.004177093505859375,36,2,35,1787890892.1614208,base,exact_fifo@rho0.5,0,0.55,0.0,4,0.5,exact_fifo,1787890892.161404,2560,512,7.644940376281738,0,2560,2560,0,2560,1,0,3,4,0.10294342786073685,0;0;0;0,44,0,2,63,1787890901.0497622,,1,3,3,0,,3,3,0,0,0,0,0,0.0,0.0,0.0,4.177093505859375,-4.177093505859375,93.962729,2608.0,0.0
37,upsert,2,L0056,2048,0,1787890893.9462044,0.004189968109130859,38,1,37,1787890893.9420145,base,exact_fifo@rho0.5,0,0.55,0.0,4,0.5,exact_fifo,1787890893.9419978,0,2048,,0,0,0,0,0,0,0,1,2,0.10312647372484207,0;1;0;1,51,0,1,61,1787890901.0496697,,0,2,2,0,2,2,2,0,0,0,0,0,0.0,0.0,0.0,4.189968109130859,-4.189968109130859,460.780919,2080.0,0.0
41,upsert,1,L0011,2048,0,1787890895.6311216,0.004315614700317383,42,1,41,1787890895.626806,base,exact_fifo@rho0.5,0,0.55,0.0,4,0.5,exact_fifo,1787890895.6267886,0,2048,,0,0,0,0,0,0,0,1,2,0.10715331882238388,0;0;1;1,56,0,1,53,1787890898.2183347,,0,1,1,0,1,1,1,0,0,0,0,0,0.0,0.0,0.0,4.315614700317383,-4.315614700317383,468.323257,2080.0,0.0
42,upsert,3,L0000,2048,3072,1787890895.6311975,0.003991127014160156,43,1,42,1787890895.6272063,base,exact_fifo@rho0.5,0,0.55,0.0,4,0.5,exact_fifo,1787890895.6271882,3072,-1024,9.624253511428833,0,3072,3072,2048,1024,2,0,7,3,0.10715331882238388,0;0;1;0,56,0,1,60,1787890901.0496047,,0,3,0,1,0,3,0,0,0,1024,0,-1024,-20.48,0.0,-20.48,3.9911270141601562,-24.471127014160157,561.418849,2080.0,0.0
46,upsert,3,L0023,2048,3072,1787890896.9909053,0.01623368263244629,47,1,46,1787890896.9746716,base,exact_fifo@rho0.5,0,0.55,0.0,4,0.5,exact_fifo,1787890896.974654,3072,-1024,4.8132500648498535,0,3072,3072,0,3072,1,0,4,3,0.1082216277718544,0;0;1;0,61,0,1,63,1787890901.0497622,,0,3,3,0,3,3,3,0,0,0,0,0,0.0,0.0,0.0,16.23368263244629,-16.23368263244629,93.962729,2608.0,0.0
64,upsert,3,L0067,2048,0,1787890905.4112349,1.727414846420288,65,1,64,1787890903.68382,base,exact_fifo@rho0.5,0,0.55,0.0,4,0.5,exact_fifo,1787890903.6837928,0,2048,,0,0,0,0,0,0,0,1,1,0.5574367418885231,1;1;1;0,91,0,1,87,1787890910.4477406,,0,3,3,0,3,3,3,0,0,0,0,0,0.0,0.0,0.0,1727.414846420288,-1727.414846420288,566.076163,2080.0,0.0
65,upsert,1,L0072,2048,0,1787890905.851864,2.167490243911743,66,2,65,1787890903.6843739,base,exact_fifo@rho0.5,0,0.55,0.0,4,0.5,exact_fifo,1787890903.6843555,0,2048,,0,0,0,0,0,0,0,1,2,0.5574367418885231,1;0;1;0,91,0,1,85,1787890910.4476519,,0,3,1,1,3,3,1,0,1,0,2048,2048,40.96,2.0,38.96,2167.490243911743,-2128.530243911743,1256.525812,2080.0,38.96
65,upsert,1,L0072,2048,0,1787890905.851864,2.167490243911743,66,2,65,1787890903.6843739,base,exact_fifo@rho0.5,0,0.55,0.0,4,0.5,exact_fifo,1787890903.6843555,0,2048,,0,0,0,0,0,0,0,1,2,0.5574367418885231,1;0;1;0,91,0,2,124,1787890929.91266,,1,1,1,0,,1,1,0,0,0,0,0,0.0,0.0,0.0,2167.490243911743,-2167.490243911743,693.105847,2608.0,51.2
66,upsert,2,L0121,2048,0,1787890905.851951,2.1671760082244873,67,1,66,1787890903.6847749,base,exact_fifo@rho0.5,0,0.55,0.0,4,0.5,exact_fifo,1787890903.6847606,0,2048,,0,0,0,0,0,0,0,1,3,0.5574367418885231,1;0;0;0,91,0,1,81,1787890908.5467007,,0,2,2,0,2,2,2,0,0,0,0,0,0.0,0.0,0.0,2167.1760082244873,-2167.1760082244873,530.573596,2080.0,0.0
67,upsert,0,L0091,2048,0,1787890906.2828715,2.597731828689575,68,1,67,1787890903.6851397,base,exact_fifo@rho0.5,0,0.55,0.0,4,0.5,exact_fifo,1787890903.6851263,0,2048,,0,0,0,0,0,0,0,1,4,0.5574367418885231,0;0;0;0,91,0,1,96,1787890915.4909117,,0,0,0,0,0,0,0,0,0,0,0,0,0.0,0.0,0.0,2597.731828689575,-2597.731828689575,500.589488,2080.0,0.0
70,upsert,1,L0076,2048,0,1787890906.2830813,1.1943106651306152,71,1,70,1787890905.0887706,base,exact_fifo@rho0.5,0,0.55,0.0,4,0.5,exact_fifo,1787890905.0887551,0,2048,,0,0,0,0,0,0,0,1,7,0.5574367418885231,1;0;0;0,95,0,1,91,1787890912.0415688,,0,0,1,1,0,0,1,0,1,0,2048,2048,40.96,2.0,38.96,1194.3106651306152,-1155.3506651306152,1671.750115,2080.0,38.96
75,upsert,1,L0094,2048,0,1787890908.493035,1.5794322490692139,76,2,75,1787890906.9136028,base,exact_fifo@rho0.5,0,0.55,0.0,4,0.5,exact_fifo,1787890906.9135892,0,2048,,0,0,0,0,0,0,0,1,4,0.9723345637321472,0;0;0;0,99,0,1,84,1787890910.4475892,,0,0,1,1,0,0,1,0,0,0,2048,2048,40.96,0.0,40.96,1579.4322490692139,-1538.4722490692138,515.260733,2080.0,40.96
75,upsert,1,L0094,2048,0,1787890908.493035,1.5794322490692139,76,2,75,1787890906.9136028,base,exact_fifo@rho0.5,0,0.55,0.0,4,0.5,exact_fifo,1787890906.9135892,0,2048,,0,0,0,0,0,0,0,1,4,0.9723345637321472,0;0;0;0,99,0,2,120,1787890927.5163732,,1,1,1,0,,1,1,0,0,0,0,0,0.0,0.0,0.0,1579.4322490692139,-1579.4322490692139,610.946687,2608.0,51.2
76,upsert,3,L0075,2048,0,1787890909.1739001,0.6289193630218506,77,2,76,1787890908.5449808,base,exact_fifo@rho0.5,0,0.55,0.0,4,0.5,exact_fifo,1787890908.544953,0,2048,,0,0,0,0,0,0,0,1,1,1.0938455536961555,1;1;1;0,103,0,1,110,1787890919.8950453,,0,2,3,1,2,2,3,0,2,0,2048,2048,40.96,4.0,36.96,628.9193630218506,-591.9593630218505,3086.69655,2080.0,36.96
76,upsert,3,L0075,2048,0,1787890909.1739001,0.6289193630218506,77,2,76,1787890908.5449808,base,exact_fifo@rho0.5,0,0.55,0.0,4,0.5,exact_fifo,1787890908.544953,0,2048,,0,0,0,0,0,0,0,1,1,1.0938455536961555,1;1;1;0,103,0,2,126,1787890929.9127753,,1,3,3,0,,3,3,0,0,0,0,0,0.0,0.0,0.0,628.9193630218506,-628.9193630218506,714.398715,2608.0,51.2
77,upsert,1,L0069,2048,0,1787890909.614581,1.0690836906433105,78,3,77,1787890908.5454974,base,exact_fifo@rho0.5,0,0.55,0.0,4,0.5,exact_fifo,1787890908.5454805,0,2048,,0,0,0,0,0,0,0,1,2,1.0938455536961555,1;0;1;0,103,0,1,113,1787890923.5484326,,0,2,1,1,2,2,1,0,1,0,2048,2048,40.96,2.0,38.96,1069.0836906433105,-1030.1236906433105,1398.611166,2080.0,38.96
77,upsert,1,L0069,2048,0,1787890909.614581,1.0690836906433105,78,3,77,1787890908.5454974,base,exact_fifo@rho0.5,0,0.55,0.0,4,0.5,exact_fifo,1787890908.5454805,0,2048,,0,0,0,0,0,0,0,1,2,1.0938455536961555,1;0;1;0,103,0,2,119,1787890925.2778637,,0,0,1,1,0,0,1,0,1,0,2048,2048,40.96,2.0,38.96,1069.0836906433105,-1030.1236906433105,1864.459868,2608.0,38.96
77,upsert,1,L0069,2048,0,1787890909.614581,1.0690836906433105,78,3,77,1787890908.5454974,base,exact_fifo@rho0.5,0,0.55,0.0,4,0.5,exact_fifo,1787890908.5454805,0,2048,,0,0,0,0,0,0,0,1,2,1.0938455536961555,1;0;1;0,103,0,3,125,1787890929.9127247,,1,1,1,0,,1,1,1,1,0,0,0,0.0,0.0,0.0,1069.0836906433105,-1069.0836906433105,836.049161,2080.0,59.44
78,upsert,2,L0068,2048,0,1787890909.614691,1.0688128471374512,79,3,78,1787890908.5458782,base,exact_fifo@rho0.5,0,0.55,0.0,4,0.5,exact_fifo,1787890908.545865,0,2048,,0,0,0,0,0,0,0,1,3,1.0938455536961555,1;0;0;0,103,0,1,99,1787890915.49109,,0,1,1,0,2,1,1,1,1,512,512,0,0.0,0.0,0.0,1068.8128471374512,-1068.8128471374512,1296.43566,2608.0,8.24
78,upsert,2,L0068,2048,0,1787890909.614691,1.0688128471374512,79,3,78,1787890908.5458782,base,exact_fifo@rho0.5,0,0.55,0.0,4,0.5,exact_fifo,1787890908.545865,0,2048,,0,0,0,0,0,0,0,1,3,1.0938455536961555,1;0;0;0,103,0,2,105,1787890918.616124,,0,1,1,0,3,1,1,0,0,3072,3072,0,0.0,0.0,0.0,1068.8128471374512,-1068.8128471374512,105.482311,2080.0,61.44
78,upsert,2,L0068,2048,0,1787890909.614691,1.0688128471374512,79,3,78,1787890908.5458782,base,exact_fifo@rho0.5,0,0.55,0.0,4,0.5,exact_fifo,1787890908.545865,0,2048,,0,0,0,0,0,0,0,1,3,1.0938455536961555,1;0;0;0,103,0,3,116,1787890925.2777169,,0,1,2,1,0,1,2,0,0,2048,2048,0,0.0,0.0,0.0,1068.8128471374512,-1068.8128471374512,682.790699,2080.0,40.96
79,upsert,0,L0065,2048,0,1787890910.0455801,1.4993338584899902,80,1,79,1787890908.5462463,base,exact_fifo@rho0.5,0,0.55,0.0,4,0.5,exact_fifo,1787890908.5462332,0,2048,,0,0,0,0,0,0,0,1,4,1.0938455536961555,0;0;0;0,103,0,1,114,1787890923.5484824,,0,0,0,0,0,0,0,0,0,0,0,0,0.0,0.0,0.0,1499.3338584899902,-1499.3338584899902,617.698102,2080.0,0.0
83,upsert,1,L0068,2560,0,1787890911.598122,1.150991439819336,84,3,83,1787890910.4471304,base,exact_fifo@rho0.5,0,0.55,0.0,4,0.5,exact_fifo,1787890910.4471169,0,2560,,0,0,2048,0,2048,1,0,2,4,1.2121099904179573,0;0;0;0,108,0,1,99,1787890915.49109,,0,2,1,1,2,2,1,0,1,0,512,512,10.24,2.0,8.24,1150.991439819336,-1142.751439819336,1296.43566,2608.0,8.24
83,upsert,1,L0068,2560,0,1787890911.598122,1.150991439819336,84,3,83,1787890910.4471304,base,exact_fifo@rho0.5,0,0.55,0.0,4,0.5,exact_fifo,1787890910.4471169,0,2560,,0,0,2048,0,2048,1,0,2,4,1.2121099904179573,0;0;0;0,108,0,2,105,1787890918.616124,,1,1,1,0,,1,1,0,0,0,0,0,0.0,0.0,0.0,1150.991439819336,-1150.991439819336,105.482311,2080.0,61.44
83,upsert,1,L0068,2560,0,1787890911.598122,1.150991439819336,84,3,83,1787890910.4471304,base,exact_fifo@rho0.5,0,0.55,0.0,4,0.5,exact_fifo,1787890910.4471169,0,2560,,0,0,2048,0,2048,1,0,2,4,1.2121099904179573,0;0;0;0,108,0,3,116,1787890925.2777169,,1,2,2,0,,2,2,0,0,0,0,0,0.0,0.0,0.0,1150.991439819336,-1150.991439819336,682.790699,2080.0,40.96
84,upsert,1,L0094,2560,2048,1787890912.2654407,0.2259058952331543,85,1,84,1787890912.0395348,base,exact_fifo@rho0.5,0,0.55,0.0,4,0.5,exact_fifo,1787890912.039503,2048,512,5.125913858413696,0,2048,2048,0,2048,1,0,2,1,1.2305866032838821,0;1;1;1,115,0,1,120,1787890927.5163732,,0,1,1,0,2,1,1,0,0,2048,2560,512,10.24,0.0,10.24,225.9058952331543,-215.6658952331543,610.946687,2608.0,51.2
85,upsert,1,L0072,2560,2048,1787890912.7061296,0.6659896373748779,86,1,85,1787890912.04014,base,exact_fifo@rho0.5,0,0.55,0.0,4,0.5,exact_fifo,1787890912.0401196,2048,512,8.355764150619507,0,2048,2048,0,2048,1,0,2,2,1.2305866032838821,0;0;1;1,115,0,1,124,1787890929.91266,,0,1,1,0,0,1,1,0,0,2048,2560,512,10.24,0.0,10.24,665.9896373748779,-655.7496373748779,693.105847,2608.0,51.2
88,upsert,3,L0064,2048,0,1787890914.0664496,0.004524707794189453,89,1,88,1787890914.061925,base,exact_fifo@rho0.5,0,0.55,0.0,4,0.5,exact_fifo,1787890914.061901,0,2048,,0,0,0,0,0,0,0,1,1,1.1745894700288773,0;2;1;0,120,0,1,97,1787890915.490981,,0,1,3,1,1,1,3,0,0,0,2048,2048,40.96,0.0,40.96,4.524707794189453,36.43529220581055,542.10915,2080.0,40.96
90,upsert,1,L0100,2048,0,1787890914.6925397,0.6296708583831787,91,2,90,1787890914.0628688,base,exact_fifo@rho0.5,0,0.55,0.0,4,0.5,exact_fifo,1787890914.062854,0,2048,,0,0,0,0,0,0,0,1,3,1.1745894700288773,0;1;0;0,120,0,1,98,1787890915.491037,,0,1,1,0,1,1,1,0,0,0,0,0,0.0,0.0,0.0,629.6708583831787,-629.6708583831787,476.528336,2080.0,0.0
90,upsert,1,L0100,2048,0,1787890914.6925397,0.6296708583831787,91,2,90,1787890914.0628688,base,exact_fifo@rho0.5,0,0.55,0.0,4,0.5,exact_fifo,1787890914.062854,0,2048,,0,0,0,0,0,0,0,1,3,1.1745894700288773,0;1;0;0,120,0,2,107,1787890918.6162415,,1,1,1,0,,1,1,1,1,0,0,0,0.0,0.0,0.0,629.6708583831787,-629.6708583831787,941.138075,2608.0,49.2
95,upsert,3,L0074,2048,0,1787890916.231643,0.8144476413726807,96,2,95,1787890915.4171953,base,exact_fifo@rho0.5,0,0.55,0.0,4,0.5,exact_fifo,1787890915.417182,0,2048,,0,0,0,0,0,0,0,1,4,1.0699775889515877,0;0;0;0,124,0,1,106,1787890918.6161926,,0,3,3,0,3,3,3,0,0,0,0,0,0.0,0.0,0.0,814.4476413726807,-814.4476413726807,564.67802,2080.0,0.0
95,upsert,3,L0074,2048,0,1787890916.231643,0.8144476413726807,96,2,95,1787890915.4171953,base,exact_fifo@rho0.5,0,0.55,0.0,4,0.5,exact_fifo,1787890915.417182,0,2048,,0,0,0,0,0,0,0,1,4,1.0699775889515877,0;0;0;0,124,0,2,109,1787890919.8949928,,0,0,3,1,0,0,3,0,1,0,2048,2048,40.96,2.0,38.96,814.4476413726807,-775.4876413726806,3087.432154,2608.0,38.96
98,upsert,1,L0100,2560,2048,1787890917.7705295,0.639817476272583,99,1,98,1787890917.130712,base,exact_fifo@rho0.5,0,0.55,0.0,4,0.5,exact_fifo,1787890917.1306944,2048,512,3.067840337753296,0,2048,2048,0,2048,1,0,2,3,0.9592140167951584,0;1;0;0,132,0,1,107,1787890918.6162415,,0,1,1,0,2,1,1,1,1,2048,2560,512,10.24,0.0,10.24,639.817476272583,-629.577476272583,941.138075,2608.0,49.2
99,upsert,1,L0068,3072,2560,1787890917.7706242,0.6394946575164795,100,2,99,1787890917.1311295,base,exact_fifo@rho0.5,0,0.55,0.0,4,0.5,exact_fifo,1787890917.1311147,2560,512,6.683997869491577,0,2560,2560,2048,512,2,0,3,4,0.9592140167951584,0;0;0;0,132,0,1,105,1787890918.616124,,0,1,1,0,3,1,1,0,0,2560,3072,512,10.24,0.0,10.24,639.4946575164795,-629.2546575164795,105.482311,2080.0,61.44
99,upsert,1,L0068,3072,2560,1787890917.7706242,0.6394946575164795,100,2,99,1787890917.1311295,base,exact_fifo@rho0.5,0,0.55,0.0,4,0.5,exact_fifo,1787890917.1311147,2560,512,6.683997869491577,0,2560,2560,2048,512,2,0,3,4,0.9592140167951584,0;0;0;0,132,0,2,116,1787890925.2777169,,1,2,2,0,,2,2,0,0,0,0,0,0.0,0.0,0.0,639.4946575164795,-639.4946575164795,682.790699,2080.0,40.96
102,upsert,1,L0078,2048,0,1787890919.309481,0.6942100524902344,103,1,102,1787890918.6152709,base,exact_fifo@rho0.5,0,0.55,0.0,4,0.5,exact_fifo,1787890918.6152563,0,2048,,0,0,0,0,0,0,0,1,3,0.7349584251642227,0;0;0;1,136,0,1,112,1787890923.5483694,,0,1,1,0,1,1,1,0,0,0,0,0,0.0,0.0,0.0,694.2100524902344,-694.2100524902344,655.63232,2080.0,0.0
105,upsert,1,L0068,2048,3072,1787890920.6315174,0.7379412651062012,106,1,105,1787890919.8935761,base,exact_fifo@rho0.5,0,0.55,0.0,4,0.5,exact_fifo,1787890919.8935554,3072,-1024,2.7624406814575195,0,3072,3072,2048,1024,2,0,4,2,0.6371034905314445,0;1;0;1,143,0,1,116,1787890925.2777169,,0,1,2,1,0,1,2,0,0,3072,2048,-1024,-20.48,0.0,-20.48,737.9412651062012,-758.4212651062012,682.790699,2080.0,40.96
110,upsert,3,L0075,2560,2048,1787890923.5515347,0.004039287567138672,111,1,110,1787890923.5474954,base,exact_fifo@rho0.5,0,0.55,0.0,4,0.5,exact_fifo,1787890923.5474768,2048,512,15.00252366065979,0,2048,2048,0,2048,1,0,2,3,0.6048638671636581,0;1;0;0,149,0,1,126,1787890929.9127753,,0,3,3,0,2,3,3,0,0,2048,2560,512,10.24,0.0,10.24,4.039287567138672,6.200712432861328,714.398715,2608.0,51.2
113,upsert,1,L0069,2560,2048,1787890925.2810082,0.004628181457519531,114,1,113,1787890925.27638,base,exact_fifo@rho0.5,0,0.55,0.0,4,0.5,exact_fifo,1787890925.2763586,2048,512,16.730878114700317,0,2048,2048,0,2048,1,0,2,2,0.4720820039510727,1;0;0;1,156,0,1,125,1787890929.9127247,,1,1,1,0,,1,1,1,1,0,0,0,0.0,0.0,0.0,4.628181457519531,-4.628181457519531,836.049161,2080.0,59.44
115,upsert,3,L0066,2048,0,1787890925.2811456,0.003867626190185547,116,1,115,1787890925.277278,base,exact_fifo@rho0.5,0,0.55,0.0,4,0.5,exact_fifo,1787890925.277263,0,2048,,0,0,0,0,0,0,0,1,4,0.4720820039510727,0;0;0;0,156,0,1,123,1787890927.5165157,,0,0,3,1,0,0,3,0,1,0,2048,2048,40.96,2.0,38.96,3.867626190185547,35.092373809814454,2021.006825,2080.0,38.96
119,upsert,1,L0069,3072,2560,1787890927.5195484,0.0037283897399902344,120,1,119,1787890927.51582,base,exact_fifo@rho0.5,0,0.55,0.0,4,0.5,exact_fifo,1787890927.5158038,2560,512,2.239445209503174,0,2560,2560,0,2560,1,0,3,4,0.38349710404872894,0;0;0;0,162,0,1,125,1787890929.9127247,,0,1,1,0,3,1,1,1,1,2560,3072,512,10.24,0.0,10.24,3.7283897399902344,6.511610260009766,836.049161,2080.0,59.44
2,upsert,1,L0014,2048,0,1787890939.068507,0.003171682357788086,3,1,2,1787890939.0653353,base,agg_full@rho0.8,0,0.55,0.0,4,0.8,agg_full,1787890939.0653248,0,2048,,0,0,0,0,0,0,0,1,3,,0;0;0;1,4,0,1,57,1787890961.4175546,,1,1,1,0,,1,1,0,0,0,0,0,0.0,0.0,0.0,3.171682357788086,-3.171682357788086,690.960831,2608.0,51.2
3,upsert,3,L0023,2048,0,1787890939.0685678,0.003148317337036133,4,3,3,1787890939.0654194,base,agg_full@rho0.8,0,0.55,0.0,4,0.8,agg_full,1787890939.0654109,0,2048,,0,0,0,0,0,0,0,1,4,,0;0;0;0,4,0,1,35,1787890950.1757216,,1,3,3,0,,3,3,1,1,0,0,0,0.0,0.0,0.0,3.148317337036133,-3.148317337036133,1841.735299,2608.0,49.2
3,upsert,3,L0023,2048,0,1787890939.0685678,0.003148317337036133,4,3,3,1787890939.0654194,base,agg_full@rho0.8,0,0.55,0.0,4,0.8,agg_full,1787890939.0654109,0,2048,,0,0,0,0,0,0,0,1,4,,0;0;0;0,4,0,2,46,1787890956.5111113,,1,3,3,0,,3,3,0,0,0,0,0,0.0,0.0,0.0,3.148317337036133,-3.148317337036133,88.369261,2080.0,51.2
3,upsert,3,L0023,2048,0,1787890939.0685678,0.003148317337036133,4,3,3,1787890939.0654194,base,agg_full@rho0.8,0,0.55,0.0,4,0.8,agg_full,1787890939.0654109,0,2048,,0,0,0,0,0,0,0,1,4,,0;0;0;0,4,0,3,63,1787890963.233378,,1,3,3,0,,3,3,1,1,0,0,0,0.0,0.0,0.0,3.148317337036133,-3.148317337036133,247.003055,2608.0,59.44
4,upsert,0,L0000,2048,0,1787890941.126145,0.003581523895263672,5,2,4,1787890941.1225634,base,agg_full@rho0.8,0,0.55,0.0,4,0.8,agg_full,1787890941.1225388,0,2048,,0,0,0,0,0,0,0,2,1,0.0031998753547668457,0;1;1;1,8,0,1,42,1787890954.5862508,,0,3,3,0,2,3,3,1,1,3072,3072,0,0.0,0.0,0.0,3.581523895263672,-3.581523895263672,1217.247621,2080.0,59.44
4,upsert,0,L0000,2048,0,1787890941.126145,0.003581523895263672,5,2,4,1787890941.1225634,base,agg_full@rho0.8,0,0.55,0.0,4,0.8,agg_full,1787890941.1225388,0,2048,,0,0,0,0,0,0,0,2,1,0.0031998753547668457,0;1;1;1,8,0,2,60,1787890963.2332256,,0,3,3,0,1,3,3,0,0,3072,3072,0,0.0,0.0,0.0,3.581523895263672,-3.581523895263672,117.127588,2608.0,61.44
5,upsert,3,L0000,2560,0,1787890941.1262746,0.003453493118286133,6,2,5,1787890941.122821,base,agg_full@rho0.8,0,0.55,0.0,4,0.8,agg_full,1787890941.122806,0,2560,,0,0,0,0,0,0,0,2,2,0.0031998753547668457,0;1;1;0,8,0,1,42,1787890954.5862508,,1,3,3,0,,3,3,1,1,0,0,0,0.0,0.0,0.0,3.453493118286133,-3.453493118286133,1217.247621,2080.0,59.44
5,upsert,3,L0000,2560,0,1787890941.1262746,0.003453493118286133,6,2,5,1787890941.122821,base,agg_full@rho0.8,0,0.55,0.0,4,0.8,agg_full,1787890941.122806,0,2560,,0,0,0,0,0,0,0,2,2,0.0031998753547668457,0;1;1;0,8,0,2,60,1787890963.2332256,,1,3,3,0,,3,3,0,0,0,0,0,0.0,0.0,0.0,3.453493118286133,-3.453493118286133,117.127588,2608.0,61.44
7,upsert,2,L0028,2048,0,1787890941.1264095,0.0032875537872314453,8,1,7,1787890941.123122,base,agg_full@rho0.8,0,0.55,0.0,4,0.8,agg_full,1787890941.123111,0,2048,,0,0,0,0,0,0,0,1,4,0.0031998753547668457,0;0;0;0,8,0,1,55,1787890959.3138244,,0,3,2,1,3,3,2,0,1,0,2048,2048,40.96,2.0,38.96,3.2875537872314453,35.672446212768556,1753.025212,2080.0,38.96
11,upsert,3,L0000,3072,2560,1787890942.5799024,0.0031578540802001953,12,2,11,1787890942.5767446,base,agg_full@rho0.8,0,0.55,0.0,4,0.8,agg_full,1787890942.576728,2560,512,1.4539220333099365,0,2560,2560,2048,512,2,0,3,4,0.0033107101917266846,0;0;0;0,12,0,1,42,1787890954.5862508,,1,3,3,0,,3,3,1,1,0,0,0,0.0,0.0,0.0,3.1578540802001953,-3.1578540802001953,1217.247621,2080.0,59.44
11,upsert,3,L0000,3072,2560,1787890942.5799024,0.0031578540802001953,12,2,11,1787890942.5767446,base,agg_full@rho0.8,0,0.55,0.0,4,0.8,agg_full,1787890942.576728,2560,512,1.4539220333099365,0,2560,2560,2048,512,2,0,3,4,0.0033107101917266846,0;0;0;0,12,0,2,60,1787890963.2332256,,1,3,3,0,,3,3,0,0,0,0,0,0.0,0.0,0.0,3.1578540802001953,-3.1578540802001953,117.127588,2608.0,61.44
14,upsert,1,L0058,2048,0,1787890945.1367853,1.1007449626922607,15,1,14,1787890944.0360403,base,agg_full@rho0.8,0,0.55,0.0,4,0.8,agg_full,1787890944.036028,0,2048,,0,0,0,0,0,0,0,1,3,0.0033182899157206216,0;0;0;1,16,0,1,38,1787890952.38842,,0,2,1,1,2,2,1,0,1,0,2048,2048,40.96,2.0,38.96,1100.7449626922607,-1061.7849626922607,1827.544201,2080.0,38.96
15,upsert,3,L0034,2048,0,1787890946.1909945,2.1547629833221436,16,1,15,1787890944.0362315,base,agg_full@rho0.8,0,0.55,0.0,4,0.8,agg_full,1787890944.0362191,0,2048,,0,0,0,0,0,0,0,1,4,0.0033182899157206216,0;0;0;0,16,0,1,50,1787890957.9355497,,0,3,3,0,3,3,3,0,0,0,0,0,0.0,0.0,0.0,2154.7629833221436,-2154.7629833221436,597.536149,2080.0,0.0
16,upsert,3,L0023,2560,2048,1787890949.1040678,3.962172269821167,17,3,16,1787890945.1418955,base,agg_full@rho0.8,0,0.55,0.0,4,0.8,agg_full,1787890945.1418676,2048,512,6.076456785202026,0,2048,2048,0,2048,1,0,2,2,0.17572611172993977,0;1;0;2,23,0,1,35,1787890950.1757216,,0,3,3,0,0,3,3,1,1,2048,2560,512,10.24,0.0,10.24,3962.172269821167,-3951.932269821167,1841.735299,2608.0,49.2
16,upsert,3,L0023,2560,2048,1787890949.1040678,3.962172269821167,17,3,16,1787890945.1418955,base,agg_full@rho0.8,0,0.55,0.0,4,0.8,agg_full,1787890945.1418676,2048,512,6.076456785202026,0,2048,2048,0,2048,1,0,2,2,0.17572611172993977,0;1;0;2,23,0,2,46,1787890956.5111113,,0,3,3,0,0,3,3,0,0,2048,2560,512,10.24,0.0,10.24,3962.172269821167,-3951.932269821167,88.369261,2080.0,51.2
16,upsert,3,L0023,2560,2048,1787890949.1040678,3.962172269821167,17,3,16,1787890945.1418955,base,agg_full@rho0.8,0,0.55,0.0,4,0.8,agg_full,1787890945.1418676,2048,512,6.076456785202026,0,2048,2048,0,2048,1,0,2,2,0.17572611172993977,0;1;0;2,23,0,3,63,1787890963.233378,,1,3,3,0,,3,3,1,1,0,0,0,0.0,0.0,0.0,3962.172269821167,-3962.172269821167,247.003055,2608.0,59.44
17,upsert,3,L0000,2048,3072,1787890949.1042144,3.962027072906494,18,2,17,1787890945.1421874,base,agg_full@rho0.8,0,0.55,0.0,4,0.8,agg_full,1787890945.1421525,3072,-1024,2.5654244422912598,0,3072,3072,2048,1024,2,0,5,3,0.17572611172993977,0;1;0;1,23,0,1,42,1787890954.5862508,,1,3,3,0,,3,3,1,1,0,0,0,0.0,0.0,0.0,3962.027072906494,-3962.027072906494,1217.247621,2080.0,59.44
17,upsert,3,L0000,2048,3072,1787890949.1042144,3.962027072906494,18,2,17,1787890945.1421874,base,agg_full@rho0.8,0,0.55,0.0,4,0.8,agg_full,1787890945.1421525,3072,-1024,2.5654244422912598,0,3072,3072,2048,1024,2,0,5,3,0.17572611172993977,0;1;0;1,23,0,2,60,1787890963.2332256,,1,3,3,0,,3,3,0,0,0,0,0,0.0,0.0,0.0,3962.027072906494,-3962.027072906494,117.127588,2608.0,61.44
18,upsert,3,L0000,2560,2048,1787890949.1042802,3.9619085788726807,19,2,18,1787890945.1423717,base,agg_full@rho0.8,0,0.55,0.0,4,0.8,agg_full,1787890945.142358,2048,512,0.00020551681518554688,0,3072,3072,2048,1024,2,0,5,4,0.17572611172993977,0;1;0;0,23,1,1,42,1787890954.5862508,,1,3,3,0,,3,3,1,1,0,0,0,0.0,0.0,0.0,3961.9085788726807,-3961.9085788726807,1217.247621,2080.0,59.44
18,upsert,3,L0000,2560,2048,1787890949.1042802,3.9619085788726807,19,2,18,1787890945.1423717,base,agg_full@rho0.8,0,0.55,0.0,4,0.8,agg_full,1787890945.142358,2048,512,0.00020551681518554688,0,3072,3072,2048,1024,2,0,5,4,0.17572611172993977,0;1;0;0,23,1,2,60,1787890963.2332256,,1,3,3,0,,3,3,0,0,0,0,0,0.0,0.0,0.0,3961.9085788726807,-3961.9085788726807,117.127588,2608.0,61.44
19,upsert,1,L0046,2048,0,1787890951.495351,6.352819204330444,20,1,19,1787890945.1425319,base,agg_full@rho0.8,0,0.55,0.0,4,0.8,agg_full,1787890945.1425185,0,2048,,0,0,0,0,0,0,0,1,5,0.17572611172993977,0;0;0;0,23,0,1,58,1787890961.4176054,,0,0,1,1,0,0,1,0,1,0,2048,2048,40.96,2.0,38.96,6352.819204330444,-6313.859204330444,1461.189621,2080.0,38.96
22,upsert,3,L0000,3072,2560,1787890952.3433862,5.999669075012207,23,2,22,1787890946.343717,base,agg_full@rho0.8,0,0.55,0.0,4,0.8,agg_full,1787890946.3437016,2560,512,1.2013435363769531,0,3072,3072,2048,1024,2,0,6,7,0.2994159162044525,1;0;0;0,29,1,1,42,1787890954.5862508,,0,3,3,0,2,3,3,1,1,2560,3072,512,10.24,0.0,10.24,5999.669075012207,-5989.429075012207,1217.247621,2080.0,59.44
22,upsert,3,L0000,3072,2560,1787890952.3433862,5.999669075012207,23,2,22,1787890946.343717,base,agg_full@rho0.8,0,0.55,0.0,4,0.8,agg_full,1787890946.3437016,2560,512,1.2013435363769531,0,3072,3072,2048,1024,2,0,6,7,0.2994159162044525,1;0;0;0,29,1,2,60,1787890963.2332256,,0,3,3,0,1,3,3,0,0,2560,3072,512,10.24,0.0,10.24,5999.669075012207,-5989.429075012207,117.127588,2608.0,61.44
24,upsert,1,L0014,2560,2048,1787890954.570747,6.121906518936157,25,1,24,1787890948.4488404,base,agg_full@rho0.8,0,0.55,0.0,4,0.8,agg_full,1787890948.4488113,2048,512,9.38348650932312,0,2048,2048,0,2048,1,0,2,9,0.2994159162044525,2;0;1;0,35,0,1,57,1787890961.4175546,,0,1,1,0,0,1,1,0,0,2048,2560,512,10.24,0.0,10.24,6121.906518936157,-6111.666518936157,690.960831,2608.0,51.2
29,upsert,0,L0010,2048,0,1787890955.1042533,4.929240465164185,30,1,29,1787890950.1750128,base,agg_full@rho0.8,0,0.55,0.0,4,0.8,agg_full,1787890950.174998,0,2048,,0,0,0,0,0,0,0,1,11,0.8777243463616622,0;1;1;0,39,0,1,48,1787890957.9354331,,0,3,0,1,3,3,0,0,0,0,2048,2048,40.96,0.0,40.96,4929.240465164185,-4888.2804651641845,555.212501,2080.0,40.96
33,upsert,1,L0005,2048,0,1787890957.865207,5.478104591369629,34,1,33,1787890952.3871024,base,agg_full@rho0.8,0,0.55,0.0,4,0.8,agg_full,1787890952.3870857,0,2048,,0,0,0,0,0,0,0,1,11,1.78386754574983,0;0;1;1,44,0,1,49,1787890957.9354987,,0,2,1,1,2,2,1,0,0,0,2048,2048,40.96,0.0,40.96,5478.104591369629,-5437.144591369629,500.093204,2080.0,40.96
35,upsert,3,L0023,3072,2560,1787890957.8653023,5.477464199066162,36,1,35,1787890952.3878381,base,agg_full@rho0.8,0,0.55,0.0,4,0.8,agg_full,1787890952.3878212,2560,512,7.245953559875488,0,2560,2560,0,2560,1,0,3,13,1.78386754574983,0;0;0;0,44,0,1,63,1787890963.233378,,0,3,3,0,0,3,3,1,1,2560,3072,512,10.24,0.0,10.24,5477.464199066162,-5467.224199066162,247.003055,2608.0,59.44
37,upsert,1,L0056,2048,0,1787890961.6042006,7.019270896911621,38,1,37,1787890954.5849297,base,agg_full@rho0.8,0,0.55,0.0,4,0.8,agg_full,1787890954.5849133,0,2048,,0,0,0,0,0,0,0,1,11,2.5044741189038313,0;1;1;0,49,0,1,61,1787890963.233289,,0,1,1,0,1,1,1,0,0,0,0,0,0.0,0.0,0.0,7019.270896911621,-7019.270896911621,506.60308,2080.0,0.0
65,upsert,2,L0072,2048,0,1787890973.7454755,7.753777027130127,66,1,65,1787890965.9916985,base,agg_full@rho0.8,0,0.55,0.0,4,0.8,agg_full,1787890965.9916816,0,2048,,0,0,0,0,0,0,0,1,22,5.708624765276909,0;1;0;1,88,0,1,124,1787890991.7496955,,0,1,1,0,1,1,1,0,0,0,0,0,0.0,0.0,0.0,7753.777027130127,-7753.777027130127,688.25948,2608.0,0.0
67,upsert,3,L0091,2048,0,1787890973.745587,7.753129482269287,68,1,67,1787890965.9924576,base,agg_full@rho0.8,0,0.55,0.0,4,0.8,agg_full,1787890965.9924443,0,2048,,0,0,0,0,0,0,0,1,24,5.708624765276909,0;0;0;0,88,0,1,96,1787890978.588562,,0,1,3,1,1,1,3,0,0,0,2048,2048,40.96,0.0,40.96,7753.129482269287,-7712.169482269287,553.759284,2080.0,40.96
70,upsert,1,L0076,2048,0,1787890973.745713,6.385745048522949,71,1,70,1787890967.359968,base,agg_full@rho0.8,0,0.55,0.0,4,0.8,agg_full,1787890967.3599527,0,2048,,0,0,0,0,0,0,0,1,27,5.708624765276909,0;0;1;0,92,0,1,91,1787890974.5958357,,0,3,1,1,3,3,1,0,1,0,2048,2048,40.96,2.0,38.96,6385.745048522949,-6346.785048522949,2047.199498,2080.0,38.96
75,upsert,3,L0094,2048,0,1787890979.039093,9.93482756614685,76,1,75,1787890969.1042655,base,agg_full@rho0.8,0,0.55,0.0,4,0.8,agg_full,1787890969.104252,0,2048,,0,0,0,0,0,0,0,1,21,7.3800971284508705,0;0;0;0,96,0,1,120,1787890989.8472354,,0,0,0,0,0,0,0,0,0,0,0,0,0.0,0.0,0.0,9934.82756614685,-9934.82756614685,559.480368,2608.0,0.0
76,upsert,0,L0075,2048,0,1787890979.0391405,8.520857095718384,77,2,76,1787890970.5182834,base,agg_full@rho0.8,0,0.55,0.0,4,0.8,agg_full,1787890970.5182557,0,2048,,0,0,0,0,0,0,0,1,22,7.3800971284508705,0;1;1;1,100,0,1,110,1787890983.5314598,,0,2,0,1,2,2,0,0,1,0,2048,2048,40.96,2.0,38.96,8520.857095718384,-8481.897095718385,2845.089563,2080.0,38.96
76,upsert,0,L0075,2048,0,1787890979.0391405,8.520857095718384,77,2,76,1787890970.5182834,base,agg_full@rho0.8,0,0.55,0.0,4,0.8,agg_full,1787890970.5182557,0,2048,,0,0,0,0,0,0,0,1,22,7.3800971284508705,0;1;1;1,100,0,2,126,1787890991.7498112,,0,3,0,1,3,3,0,0,0,0,2048,2048,40.96,0.0,40.96,8520.857095718384,-8479.897095718385,664.470215,2608.0,40.96
77,upsert,2,L0069,2048,0,1787890979.0392122,8.520399808883667,78,3,77,1787890970.5188124,base,agg_full@rho0.8,0,0.55,0.0,4,0.8,agg_full,1787890970.518796,0,2048,,0,0,0,0,0,0,0,1,23,7.3800971284508705,0;1;0;1,100,0,1,113,1787890986.7854087,,0,3,2,1,3,3,2,0,0,0,2048,2048,40.96,0.0,40.96,8520.399808883667,-8479.439808883668,678.38309,2080.0,40.96
77,upsert,2,L0069,2048,0,1787890979.0392122,8.520399808883667,78,3,77,1787890970.5188124,base,agg_full@rho0.8,0,0.55,0.0,4,0.8,agg_full,1787890970.518796,0,2048,,0,0,0,0,0,0,0,1,23,7.3800971284508705,0;1;0;1,100,0,2,119,1787890988.433416,,0,1,2,1,1,1,2,0,1,0,2048,2048,40.96,2.0,38.96,8520.399808883667,-8481.439808883668,993.037669,2608.0,38.96
77,upsert,2,L0069,2048,0,1787890979.0392122,8.520399808883667,78,3,77,1787890970.5188124,base,agg_full@rho0.8,0,0.55,0.0,4,0.8,agg_full,1787890970.518796,0,2048,,0,0,0,0,0,0,0,1,23,7.3800971284508705,0;1;0;1,100,0,3,125,1787890991.749761,,0,3,2,1,3,3,2,0,0,0,2048,2048,40.96,0.0,40.96,8520.399808883667,-8479.439808883668,87.91726,2080.0,40.96
78,upsert,1,L0068,2048,0,1787890979.0392551,8.52000880241394,79,2,78,1787890970.5192463,base,agg_full@rho0.8,0,0.55,0.0,4,0.8,agg_full,1787890970.5192318,0,2048,,0,0,0,0,0,0,0,1,24,7.3800971284508705,0;0;0;1,100,0,1,105,1787890981.7470675,,0,1,1,0,1,1,1,0,0,0,0,0,0.0,0.0,0.0,8520.00880241394,-8520.00880241394,86.632982,2080.0,0.0
78,upsert,1,L0068,2048,0,1787890979.0392551,8.52000880241394,79,2,78,1787890970.5192463,base,agg_full@rho0.8,0,0.55,0.0,4,0.8,agg_full,1787890970.5192318,0,2048,,0,0,0,0,0,0,0,1,24,7.3800971284508705,0;0;0;1,100,0,2,116,1787890988.433272,,0,2,2,0,2,2,2,0,0,0,0,0,0.0,0.0,0.0,8520.00880241394,-8520.00880241394,103.401541,2608.0,0.0
79,upsert,3,L0065,2048,0,1787890979.0392957,8.519667148590088,80,1,79,1787890970.5196285,base,agg_full@rho0.8,0,0.55,0.0,4,0.8,agg_full,1787890970.5196147,0,2048,,0,0,0,0,0,0,0,1,25,7.3800971284508705,0;0;0;0,100,0,1,114,1787890986.7854633,,0,3,3,0,3,3,3,0,0,0,0,0,0.0,0.0,0.0,8519.667148590088,-8519.667148590088,524.38411,2080.0,0.0
83,upsert,2,L0068,2560,0,1787890983.973845,11.35452151298523,84,1,83,1787890972.6193235,base,agg_full@rho0.8,0,0.55,0.0,4,0.8,agg_full,1787890972.6193104,0,2560,,0,0,0,0,0,0,0,2,20,8.155514866113663,0;0;0;0,104,0,1,116,1787890988.433272,,0,1,2,1,2,1,2,0,0,0,0,0,0.0,0.0,0.0,11354.52151298523,-11354.52151298523,103.401541,2608.0,0.0
84,upsert,0,L0094,2560,0,1787890986.7997222,12.20590090751648,85,1,84,1787890974.5938213,base,agg_full@rho0.8,0,0.55,0.0,4,0.8,agg_full,1787890974.5937946,0,2560,,0,0,0,0,0,0,0,2,13,8.263351544737816,0;1;1;1,108,0,1,120,1787890989.8472354,,0,3,0,1,0,3,0,0,0,0,0,0,0.0,0.0,0.0,12205.90090751648,-12205.90090751648,559.480368,2608.0,0.0
85,upsert,1,L0072,2560,0,1787890986.799825,12.205409049987793,86,1,85,1787890974.594416,base,agg_full@rho0.8,0,0.55,0.0,4,0.8,agg_full,1787890974.594397,0,2560,,0,0,2048,0,2048,1,0,2,14,8.263351544737816,0;0;1;1,108,0,1,124,1787890991.7496955,,0,2,1,1,1,2,1,0,0,0,0,0,0.0,0.0,0.0,12205.409049987793,-12205.409049987793,688.25948,2608.0,0.0
1,upsert,2,L0007,2048,0,1787891007.7768316,0.003220081329345703,2,1,1,1787891007.7736115,base,exact_fifo@rho1.2,1,0.55,0.0,4,1.2,exact_fifo,1787891007.773598,0,2048,,0,0,0,0,0,0,0,1,2,,0;1;0;1,4,0,1,63,1787891033.2497625,,1,2,2,0,,2,2,0,0,0,0,0,0.0,0.0,0.0,3.220081329345703,-3.220081329345703,796.426898,2608.0,0.0
5,upsert,3,L0021,2048,0,1787891013.1275175,3.9824798107147217,6,2,5,1787891009.1450377,base,exact_fifo@rho1.2,1,0.55,0.0,4,1.2,exact_fifo,1787891009.145022,0,2048,,0,0,0,0,0,0,0,1,2,0.3413960933685303,0;1;1;0,8,0,1,58,1787891030.8676145,,0,2,3,1,2,2,3,0,1,0,2048,2048,40.96,2.0,38.96,3982.4798107147217,-3943.5198107147216,1838.754736,2080.0,38.96
5,upsert,3,L0021,2048,0,1787891013.1275175,3.9824798107147217,6,2,5,1787891009.1450377,base,exact_fifo@rho1.2,1,0.55,0.0,4,1.2,exact_fifo,1787891009.145022,0,2048,,0,0,0,0,0,0,0,1,2,0.3413960933685303,0;1;1;0,8,0,2,61,1787891033.2496693,,0,2,3,1,2,2,3,0,0,0,2048,2048,40.96,0.0,40.96,3982.4798107147217,-3941.5198107147216,652.327879,2608.0,40.96
7,upsert,2,L0001,2048,0,1787891015.6476896,6.502307415008545,8,3,7,1787891009.1453822,base,exact_fifo@rho1.2,1,0.55,0.0,4,1.2,exact_fifo,1787891009.14537,0,2048,,0,0,0,0,0,0,0,1,4,0.3413960933685303,0;0;0;0,8,0,1,40,1787891022.5019357,,0,1,2,1,1,1,2,0,0,0,2048,2048,40.96,0.0,40.96,6502.307415008545,-6461.347415008545,1067.282387,2080.0,40.96
7,upsert,2,L0001,2048,0,1787891015.6476896,6.502307415008545,8,3,7,1787891009.1453822,base,exact_fifo@rho1.2,1,0.55,0.0,4,1.2,exact_fifo,1787891009.14537,0,2048,,0,0,0,0,0,0,0,1,4,0.3413960933685303,0;0;0;0,8,0,2,41,1787891022.501999,,0,1,2,1,1,1,2,0,1,0,2048,2048,40.96,2.0,38.96,6502.307415008545,-6463.347415008545,1160.864174,2080.0,38.96
7,upsert,2,L0001,2048,0,1787891015.6476896,6.502307415008545,8,3,7,1787891009.1453822,base,exact_fifo@rho1.2,1,0.55,0.0,4,1.2,exact_fifo,1787891009.14537,0,2048,,0,0,0,0,0,0,0,1,4,0.3413960933685303,0;0;0;0,8,0,3,56,1787891030.8674974,,0,3,3,0,1,3,3,0,0,2560,2560,0,0.0,0.0,0.0,6502.307415008545,-6502.307415008545,210.795949,2608.0,51.2
12,upsert,0,L0022,2048,0,1787891020.5096202,7.555819988250732,13,2,12,1787891012.9538002,base,exact_fifo@rho1.2,1,0.55,0.0,4,1.2,exact_fifo,1787891012.9537716,0,2048,,0,0,0,0,0,0,0,1,9,0.3413960933685303,0;1;1;1,16,0,1,55,1787891028.8570383,,0,3,0,1,3,3,0,0,1,0,2048,2048,40.96,2.0,38.96,7555.819988250732,-7516.859988250732,1662.15709,2080.0,38.96
12,upsert,0,L0022,2048,0,1787891020.5096202,7.555819988250732,13,2,12,1787891012.9538002,base,exact_fifo@rho1.2,1,0.55,0.0,4,1.2,exact_fifo,1787891012.9537716,0,2048,,0,0,0,0,0,0,0,1,9,0.3413960933685303,0;1;1;1,16,0,2,57,1787891030.8675623,,0,0,0,0,0,0,0,0,0,0,0,0,0.0,0.0,0.0,7555.819988250732,-7555.819988250732,582.562456,2608.0,0.0
15,upsert,3,L0001,2560,0,1787891026.4444652,13.490034341812134,16,1,15,1787891012.9544308,base,exact_fifo@rho1.2,1,0.55,0.0,4,1.2,exact_fifo,1787891012.9544184,0,2560,,0,0,0,0,0,0,0,2,12,0.3413960933685303,0;0;0;0,16,0,1,56,1787891030.8674974,,0,2,3,1,1,2,3,0,0,2048,2560,512,10.24,0.0,10.24,13490.034341812134,-13479.794341812134,210.795949,2608.0,51.2
17,upsert,2,L0007,2560,2048,1787891026.4446635,12.083064317703247,18,1,17,1787891014.3615992,base,exact_fifo@rho1.2,1,0.55,0.0,4,1.2,exact_fifo,1787891014.3615806,2048,512,6.587982654571533,0,2048,2048,0,2048,1,0,2,11,1.90186265536717,0;1;0;1,21,0,1,63,1787891033.2497625,,0,2,2,0,2,2,2,0,0,0,0,0,0.0,0.0,0.0,12083.064317703247,-12083.064317703247,796.426898,2608.0,0.0
18,upsert,3,L0013,2048,0,1787891026.4447188,12.082943439483643,19,2,18,1787891014.3617754,base,exact_fifo@rho1.2,1,0.55,0.0,4,1.2,exact_fifo,1787891014.3617623,0,2048,,0,0,0,0,0,0,0,1,12,1.90186265536717,0;1;0;0,21,0,1,49,1787891026.8248653,,0,1,3,1,1,1,3,0,1,0,2048,2048,40.96,2.0,38.96,12082.943439483643,-12043.983439483643,1696.110293,2080.0,38.96
18,upsert,3,L0013,2048,0,1787891026.4447188,12.082943439483643,19,2,18,1787891014.3617754,base,exact_fifo@rho1.2,1,0.55,0.0,4,1.2,exact_fifo,1787891014.3617623,0,2048,,0,0,0,0,0,0,0,1,12,1.90186265536717,0;1;0;0,21,0,2,59,1787891030.8676581,,0,2,3,1,2,2,3,0,2,0,2048,2048,40.96,4.0,36.96,12082.943439483643,-12045.983439483643,1838.091189,2608.0,36.96
1,upsert,2,L0007,2048,0,1787891085.5438457,13.567024230957031,1,1,1,1787891071.9768214,base,agg_static@rho0.5,1,0.55,0.0,4,0.5,agg_static,1787891071.9768078,0,2048,,0,0,0,0,0,0,0,1,2,,0;1;0;1,4,0,1,63,1787891097.3422108,,0,3,3,0,0,3,3,1,1,2560,2560,0,0.0,0.0,0.0,13567.024230957031,-13567.024230957031,1485.704838,2608.0,49.2
5,upsert,3,L0021,2048,0,1787891085.7704136,12.516397476196289,3,2,5,1787891073.2540162,base,agg_static@rho0.5,1,0.55,0.0,4,0.5,agg_static,1787891073.254001,0,2048,,0,0,0,0,0,0,0,1,6,,0;1;1;0,8,0,1,58,1787891096.0933099,,0,1,3,1,1,1,3,0,1,0,2048,2048,40.96,2.0,38.96,12516.397476196289,-12477.43747619629,926.452671,2080.0,38.96
5,upsert,3,L0021,2048,0,1787891085.7704136,12.516397476196289,3,2,5,1787891073.2540162,base,agg_static@rho0.5,1,0.55,0.0,4,0.5,agg_static,1787891073.254001,0,2048,,0,0,0,0,0,0,0,1,6,,0;1;1;0,8,0,2,61,1787891097.342102,,0,3,3,0,3,3,3,0,0,0,0,0,0.0,0.0,0.0,12516.397476196289,-12516.397476196289,581.979505,2608.0,0.0
7,upsert,2,L0001,2048,0,1787891087.3092873,14.055066585540771,4,3,7,1787891073.2542207,base,agg_static@rho0.5,1,0.55,0.0,4,0.5,agg_static,1787891073.2542114,0,2048,,0,0,0,0,0,0,0,1,8,,0;0;0;0,8,0,1,40,1787891087.5223749,,0,3,3,0,0,3,3,0,0,2560,2560,0,0.0,0.0,0.0,14055.066585540771,-14055.066585540771,711.702899,2608.0,51.2
7,upsert,2,L0001,2048,0,1787891087.3092873,14.055066585540771,4,3,7,1787891073.2542207,base,agg_static@rho0.5,1,0.55,0.0,4,0.5,agg_static,1787891073.2542114,0,2048,,0,0,0,0,0,0,0,1,8,,0;0;0;0,8,0,2,41,1787891087.5224392,,0,3,3,0,0,3,3,1,1,2560,2560,0,0.0,0.0,0.0,14055.066585540771,-14055.066585540771,818.270286,2080.0,49.2
7,upsert,2,L0001,2048,0,1787891087.3092873,14.055066585540771,4,3,7,1787891073.2542207,base,agg_static@rho0.5,1,0.55,0.0,4,0.5,agg_static,1787891073.2542114,0,2048,,0,0,0,0,0,0,0,1,8,,0;0;0;0,8,0,3,56,1787891096.0931966,,0,3,3,0,2,3,3,0,0,512,512,0,0.0,0.0,0.0,14055.066585540771,-14055.066585540771,112.866823,2608.0,10.24
12,upsert,0,L0022,2048,0,1787891087.3093898,10.474262475967407,5,2,12,1787891076.8351274,base,agg_static@rho0.5,1,0.55,0.0,4,0.5,agg_static,1787891076.8351026,0,2048,,0,0,0,0,0,0,0,1,13,,0;1;1;1,16,0,1,55,1787891093.9995942,,0,1,0,1,1,1,0,0,1,0,2048,2048,40.96,2.0,38.96,10474.262475967407,-10435.302475967408,1629.224578,2080.0,38.96
12,upsert,0,L0022,2048,0,1787891087.3093898,10.474262475967407,5,2,12,1787891076.8351274,base,agg_static@rho0.5,1,0.55,0.0,4,0.5,agg_static,1787891076.8351026,0,2048,,0,0,0,0,0,0,0,1,13,,0;1;1;1,16,0,2,57,1787891096.0932608,,0,1,0,1,1,1,0,0,0,0,2048,2048,40.96,0.0,40.96,10474.262475967407,-10433.302475967408,667.256546,2608.0,40.96
15,upsert,3,L0001,2560,0,1787891087.3095174,10.474001407623291,7,3,15,1787891076.835516,base,agg_static@rho0.5,1,0.55,0.0,4,0.5,agg_static,1787891076.835505,0,2560,,0,0,0,0,0,0,0,2,16,,0;0;0;0,16,0,1,40,1787891087.5223749,,0,2,3,1,0,2,3,0,0,2048,2560,512,10.24,0.0,10.24,10474.001407623291,-10463.761407623291,711.702899,2608.0,51.2
15,upsert,3,L0001,2560,0,1787891087.3095174,10.474001407623291,7,3,15,1787891076.835516,base,agg_static@rho0.5,1,0.55,0.0,4,0.5,agg_static,1787891076.835505,0,2560,,0,0,0,0,0,0,0,2,16,,0;0;0;0,16,0,2,41,1787891087.5224392,,0,2,3,1,0,2,3,0,1,2048,2560,512,10.24,2.0,8.24,10474.001407623291,-10465.761407623291,818.270286,2080.0,49.2
15,upsert,3,L0001,2560,0,1787891087.3095174,10.474001407623291,7,3,15,1787891076.835516,base,agg_static@rho0.5,1,0.55,0.0,4,0.5,agg_static,1787891076.835505,0,2560,,0,0,0,0,0,0,0,2,16,,0;0;0;0,16,0,3,56,1787891096.0931966,,0,2,3,1,2,2,3,0,0,0,512,512,10.24,0.0,10.24,10474.001407623291,-10463.761407623291,112.866823,2608.0,10.24
17,upsert,3,L0007,2560,0,1787891087.3096154,8.30531120300293,9,1,17,1787891079.0043042,base,agg_static@rho0.5,1,0.55,0.0,4,0.5,agg_static,1787891079.0042868,0,2560,,0,0,0,0,0,0,0,2,18,,0;1;1;0,20,0,1,63,1787891097.3422108,,0,2,3,1,0,2,3,1,1,2048,2560,512,10.24,0.0,10.24,8305.31120300293,-8295.07120300293,1485.704838,2608.0,49.2
18,upsert,1,L0013,2048,0,1787891087.3096645,8.305256366729736,10,2,18,1787891079.0044081,base,agg_static@rho0.5,1,0.55,0.0,4,0.5,agg_static,1787891079.0043964,0,2048,,0,0,0,0,0,0,0,1,19,,0;0;1;0,20,0,1,49,1787891092.402089,,0,1,1,0,1,1,1,0,0,0,0,0,0.0,0.0,0.0,8305.256366729736,-8305.256366729736,673.901284,2080.0,0.0
18,upsert,1,L0013,2048,0,1787891087.3096645,8.305256366729736,10,2,18,1787891079.0044081,base,agg_static@rho0.5,1,0.55,0.0,4,0.5,agg_static,1787891079.0043964,0,2048,,0,0,0,0,0,0,0,1,19,,0;0;1;0,20,0,2,59,1787891096.0933537,,0,1,1,0,1,1,1,0,0,0,0,0,0.0,0.0,0.0,8305.256366729736,-8305.256366729736,722.032351,2608.0,0.0
28,upsert,0,L0034,2560,0,1787891089.4112356,5.740391254425049,16,1,28,1787891083.6708443,base,agg_static@rho0.5,1,0.55,0.0,4,0.5,agg_static,1787891083.6708179,0,2560,,0,0,0,0,0,0,0,2,29,,0;1;1;1,32,0,1,47,1787891090.112095,,0,1,0,1,1,1,0,0,1,0,2560,2560,51.2,2.0,49.2,5740.391254425049,-5691.191254425049,1906.789609,2608.0,49.2
34,upsert,2,L0006,2048,0,1787891092.3535357,6.778680324554443,21,1,34,1787891085.5748553,base,agg_static@rho0.5,1,0.55,0.0,4,0.5,agg_static,1787891085.5748415,0,2048,,0,0,0,0,0,0,0,1,34,13.567024230957031,0;0;0;1,36,0,1,53,1787891093.9994986,,0,1,2,1,1,1,2,0,0,0,2048,2048,40.96,0.0,40.96,6778.680324554443,-6737.720324554443,500.078798,2080.0,40.96
64,upsert,0,L0070,2048,0,1787891103.740456,3.093808889389038,51,2,64,1787891100.6466472,base,agg_static@rho0.5,1,0.55,0.0,4,0.5,agg_static,1787891100.6466198,0,2048,,0,0,0,0,0,0,0,1,23,6.262782797217369,0;1;1;1,80,0,1,90,1787891110.2483501,,0,1,1,0,3,1,1,1,1,2560,2560,0,0.0,0.0,0.0,3093.808889389038,-3093.808889389038,2091.711939,2608.0,49.2
64,upsert,0,L0070,2048,0,1787891103.740456,3.093808889389038,51,2,64,1787891100.6466472,base,agg_static@rho0.5,1,0.55,0.0,4,0.5,agg_static,1787891100.6466198,0,2048,,0,0,0,0,0,0,0,1,23,6.262782797217369,0;1;1;1,80,0,2,120,1787891124.735889,,0,1,1,0,2,1,1,0,0,3072,3072,0,0.0,0.0,0.0,3093.808889389038,-3093.808889389038,190.360345,2080.0,61.44
69,upsert,1,L0069,2048,0,1787891104.638224,2.4308342933654785,56,1,69,1787891102.2073896,base,agg_static@rho0.5,1,0.55,0.0,4,0.5,agg_static,1787891102.2073724,0,2048,,0,0,0,0,0,0,0,1,24,5.600855991244316,0;0;1;1,84,0,1,83,1787891106.062823,,0,3,1,1,3,3,1,0,1,0,2048,2048,40.96,2.0,38.96,2430.8342933654785,-2391.8742933654785,1890.540218,2080.0,38.96
70,upsert,2,L0068,2048,0,1787891104.6382926,2.430516004562378,57,3,70,1787891102.2077765,base,agg_static@rho0.5,1,0.55,0.0,4,0.5,agg_static,1787891102.2077627,0,2048,,0,0,0,0,0,0,0,1,25,5.600855991244316,0;0;0;1,84,0,1,104,1787891118.1970615,,0,2,2,0,2,2,2,0,0,0,0,0,0.0,0.0,0.0,2430.516004562378,-2430.516004562378,529.191078,2080.0,0.0
70,upsert,2,L0068,2048,0,1787891104.6382926,2.430516004562378,57,3,70,1787891102.2077765,base,agg_static@rho0.5,1,0.55,0.0,4,0.5,agg_static,1787891102.2077627,0,2048,,0,0,0,0,0,0,0,1,25,5.600855991244316,0;0;0;1,84,0,2,111,1787891119.4940102,,0,2,2,0,2,2,2,0,0,0,0,0,0.0,0.0,0.0,2430.516004562378,-2430.516004562378,657.328177,2608.0,0.0
70,upsert,2,L0068,2048,0,1787891104.6382926,2.430516004562378,57,3,70,1787891102.2077765,base,agg_static@rho0.5,1,0.55,0.0,4,0.5,agg_static,1787891102.2077627,0,2048,,0,0,0,0,0,0,0,1,25,5.600855991244316,0;0;0;1,84,0,3,121,1787891124.7359543,,1,2,2,0,,2,2,0,0,0,0,0,0.0,0.0,0.0,2430.516004562378,-2430.516004562378,89.136213,2080.0,61.44
71,upsert,3,L0109,2048,0,1787891104.6383457,2.4302096366882324,58,1,71,1787891102.208136,base,agg_static@rho0.5,1,0.55,0.0,4,0.5,agg_static,1787891102.2081237,0,2048,,0,0,0,0,0,0,0,1,26,5.600855991244316,0;0;0;0,84,0,1,119,1787891122.6838417,,0,1,3,1,1,1,3,0,1,0,2048,2048,40.96,2.0,38.96,2430.2096366882324,-2391.2496366882324,1608.122001,2080.0,38.96
74,upsert,1,L0070,2560,0,1787891106.6247137,2.1321611404418945,61,2,74,1787891104.4925525,base,agg_static@rho0.5,1,0.55,0.0,4,0.5,agg_static,1787891104.4925382,0,2560,,0,0,2048,0,2048,1,0,2,21,4.767815604805946,0;0;0;1,88,0,1,90,1787891110.2483501,,0,0,1,1,3,0,1,1,1,2048,2560,512,10.24,0.0,10.24,2132.1611404418945,-2121.9211404418947,2091.711939,2608.0,49.2
74,upsert,1,L0070,2560,0,1787891106.6247137,2.1321611404418945,61,2,74,1787891104.4925525,base,agg_static@rho0.5,1,0.55,0.0,4,0.5,agg_static,1787891104.4925382,0,2560,,0,0,2048,0,2048,1,0,2,21,4.767815604805946,0;0;0;1,88,0,2,120,1787891124.735889,,1,1,1,0,,1,1,0,0,0,0,0,0.0,0.0,0.0,2132.1611404418945,-2132.1611404418945,190.360345,2080.0,61.44
75,upsert,3,L0064,2048,0,1787891106.6247685,2.1318113803863525,62,5,75,1787891104.492957,base,agg_static@rho0.5,1,0.55,0.0,4,0.5,agg_static,1787891104.4929438,0,2048,,0,0,0,0,0,0,0,1,22,4.767815604805946,0;0;0;0,88,0,1,91,1787891110.2484024,,0,3,3,0,3,3,3,0,0,0,0,0,0.0,0.0,0.0,2131.8113803863525,-2131.8113803863525,598.738824,2080.0,0.0
75,upsert,3,L0064,2048,0,1787891106.6247685,2.1318113803863525,62,5,75,1787891104.492957,base,agg_static@rho0.5,1,0.55,0.0,4,0.5,agg_static,1787891104.4929438,0,2048,,0,0,0,0,0,0,0,1,22,4.767815604805946,0;0;0;0,88,0,2,99,1787891114.4257905,,1,3,3,0,,3,3,0,0,0,0,0,0.0,0.0,0.0,2131.8113803863525,-2131.8113803863525,693.204895,2608.0,51.2
75,upsert,3,L0064,2048,0,1787891106.6247685,2.1318113803863525,62,5,75,1787891104.492957,base,agg_static@rho0.5,1,0.55,0.0,4,0.5,agg_static,1787891104.4929438,0,2048,,0,0,0,0,0,0,0,1,22,4.767815604805946,0;0;0;0,88,0,3,113,1787891121.022436,,1,3,3,0,,3,3,0,0,0,0,0,0.0,0.0,0.0,2131.8113803863525,-2131.8113803863525,98.644219,2080.0,61.44
75,upsert,3,L0064,2048,0,1787891106.6247685,2.1318113803863525,62,5,75,1787891104.492957,base,agg_static@rho0.5,1,0.55,0.0,4,0.5,agg_static,1787891104.4929438,0,2048,,0,0,0,0,0,0,0,1,22,4.767815604805946,0;0;0;0,88,0,4,115,1787891121.0225313,,1,3,3,0,,3,3,2,2,0,0,0,0.0,0.0,0.0,2131.8113803863525,-2131.8113803863525,953.880978,2608.0,57.44
75,upsert,3,L0064,2048,0,1787891106.6247685,2.1318113803863525,62,5,75,1787891104.492957,base,agg_static@rho0.5,1,0.55,0.0,4,0.5,agg_static,1787891104.4929438,0,2048,,0,0,0,0,0,0,0,1,22,4.767815604805946,0;0;0;0,88,0,5,125,1787891125.8476565,,1,3,3,0,,3,3,0,0,0,0,0,0.0,0.0,0.0,2131.8113803863525,-2131.8113803863525,181.4475,3136.0,0.0
76,upsert,0,L0099,2048,0,1787891107.7268987,1.6659350395202637,63,1,76,1787891106.0609636,base,agg_static@rho0.5,1,0.55,0.0,4,0.5,agg_static,1787891106.0609362,0,2048,,0,0,0,0,0,0,0,1,19,4.107470981776714,0;1;1;1,92,0,1,97,1787891114.4257257,,0,0,0,0,0,0,0,0,0,0,0,0,0.0,0.0,0.0,1665.9350395202637,-1665.9350395202637,558.755184,2080.0,0.0
80,upsert,0,L0076,2048,0,1787891108.834685,0.50473952293396,67,1,80,1787891108.3299456,base,agg_static@rho0.5,1,0.55,0.0,4,0.5,agg_static,1787891108.32992,0,2048,,0,0,0,0,0,0,0,1,15,3.0488201901316643,0;2;1;0,97,0,1,98,1787891114.4257603,,0,2,0,1,2,2,0,0,1,0,2048,2048,40.96,2.0,38.96,504.73952293395996,-465.77952293396,1406.852087,2080.0,38.96
81,upsert,1,L0072,2048,0,1787891109.2753615,0.9448485374450684,68,2,81,1787891108.330513,base,agg_static@rho0.5,1,0.55,0.0,4,0.5,agg_static,1787891108.3304956,0,2048,,0,0,0,0,0,0,0,1,16,3.0488201901316643,0;1;1;0,97,0,1,93,1787891112.7574596,,0,2,1,1,2,2,1,0,0,0,2048,2048,40.96,0.0,40.96,944.8485374450684,-903.8885374450683,557.239173,2080.0,40.96
81,upsert,1,L0072,2048,0,1787891109.2753615,0.9448485374450684,68,2,81,1787891108.330513,base,agg_static@rho0.5,1,0.55,0.0,4,0.5,agg_static,1787891108.3304956,0,2048,,0,0,0,0,0,0,0,1,16,3.0488201901316643,0;1;1;0,97,0,2,100,1787891116.597501,,1,1,1,0,,1,1,0,0,0,0,0,0.0,0.0,0.0,944.8485374450684,-944.8485374450684,677.234875,2608.0,51.2
82,upsert,2,L0096,2048,0,1787891109.2754548,0.9445526599884033,69,1,82,1787891108.330902,base,agg_static@rho0.5,1,0.55,0.0,4,0.5,agg_static,1787891108.3308878,0,2048,,0,0,0,0,0,0,0,1,17,3.0488201901316643,0;1;0;0,97,0,1,101,1787891116.597564,,0,3,2,1,3,3,2,0,0,0,2048,2048,40.96,0.0,40.96,944.5526599884033,-903.5926599884033,729.202117,2080.0,40.96
87,upsert,0,L0116,2048,0,1787891111.3811266,1.133284568786621,74,1,87,1787891110.247842,base,agg_static@rho0.5,1,0.55,0.0,4,0.5,agg_static,1787891110.2478282,0,2048,,0,0,0,0,0,0,0,1,18,2.6127558648586273,0;0;0;0,101,0,1,92,1787891112.757395,,0,3,0,1,3,3,0,0,0,0,2048,2048,40.96,0.0,40.96,1133.284568786621,-1092.324568786621,541.712002,2080.0,40.96
90,upsert,1,L0070,3072,2560,1787891112.9370813,0.18058538436889648,77,1,90,1787891112.756496,base,agg_static@rho0.5,1,0.55,0.0,4,0.5,agg_static,1787891112.7564778,2560,512,8.263939619064331,0,2560,2560,2048,512,2,0,3,17,2.200572058558464,0;0;0;1,107,0,1,120,1787891124.735889,,0,1,1,0,2,1,1,0,0,2560,3072,512,10.24,0.0,10.24,180.58538436889648,-170.34538436889648,190.360345,2080.0,61.44
91,upsert,3,L0064,2560,2048,1787891113.03128,0.27434492111206055,78,4,91,1787891112.7569351,base,agg_static@rho0.5,1,0.55,0.0,4,0.5,agg_static,1787891112.7569184,2048,512,8.263974666595459,0,2048,2048,0,2048,1,0,2,18,2.200572058558464,0;0;0;0,107,0,1,99,1787891114.4257905,,0,3,3,0,2,3,3,0,0,2048,2560,512,10.24,0.0,10.24,274.34492111206055,-264.10492111206054,693.204895,2608.0,51.2
91,upsert,3,L0064,2560,2048,1787891113.03128,0.27434492111206055,78,4,91,1787891112.7569351,base,agg_static@rho0.5,1,0.55,0.0,4,0.5,agg_static,1787891112.7569184,2048,512,8.263974666595459,0,2048,2048,0,2048,1,0,2,18,2.200572058558464,0;0;0;0,107,0,2,113,1787891121.022436,,1,3,3,0,,3,3,0,0,0,0,0,0.0,0.0,0.0,274.34492111206055,-274.34492111206055,98.644219,2080.0,61.44
91,upsert,3,L0064,2560,2048,1787891113.03128,0.27434492111206055,78,4,91,1787891112.7569351,base,agg_static@rho0.5,1,0.55,0.0,4,0.5,agg_static,1787891112.7569184,2048,512,8.263974666595459,0,2048,2048,0,2048,1,0,2,18,2.200572058558464,0;0;0;0,107,0,3,115,1787891121.0225313,,1,3,3,0,,3,3,2,2,0,0,0,0.0,0.0,0.0,274.34492111206055,-274.34492111206055,953.880978,2608.0,57.44
91,upsert,3,L0064,2560,2048,1787891113.03128,0.27434492111206055,78,4,91,1787891112.7569351,base,agg_static@rho0.5,1,0.55,0.0,4,0.5,agg_static,1787891112.7569184,2048,512,8.263974666595459,0,2048,2048,0,2048,1,0,2,18,2.200572058558464,0;0;0;0,107,0,4,125,1787891125.8476565,,1,3,3,0,,3,3,0,0,0,0,0,0.0,0.0,0.0,274.34492111206055,-274.34492111206055,181.4475,3136.0,0.0
93,upsert,1,L0072,2560,2048,1787891114.4280334,0.08962655067443848,80,1,93,1787891114.3384068,base,agg_static@rho0.5,1,0.55,0.0,4,0.5,agg_static,1787891114.3383868,2048,512,6.0078911781311035,0,2048,2048,0,2048,1,0,2,16,1.799505539238453,0;0;1;1,113,0,1,100,1787891116.597501,,0,1,1,0,0,1,1,0,0,2048,2560,512,10.24,0.0,10.24,89.62655067443848,-79.38655067443848,677.234875,2608.0,51.2
94,upsert,3,L0066,2048,0,1787891114.4280741,0.08922982215881348,81,4,94,1787891114.3388443,base,agg_static@rho0.5,1,0.55,0.0,4,0.5,agg_static,1787891114.3388293,0,2048,,0,0,0,0,0,0,0,1,17,1.799505539238453,0;0;1;0,113,0,1,114,1787891121.0224888,,0,0,3,1,0,0,3,0,1,0,2048,2048,40.96,2.0,38.96,89.22982215881348,-50.269822158813476,954.327508,2080.0,38.96
94,upsert,3,L0066,2048,0,1787891114.4280741,0.08922982215881348,81,4,94,1787891114.3388443,base,agg_static@rho0.5,1,0.55,0.0,4,0.5,agg_static,1787891114.3388293,0,2048,,0,0,0,0,0,0,0,1,17,1.799505539238453,0;0;1;0,113,0,2,118,1787891122.683795,,0,1,3,1,1,1,3,0,0,0,2048,2048,40.96,0.0,40.96,89.22982215881348,-48.269822158813476,1608.608717,2608.0,40.96
94,upsert,3,L0066,2048,0,1787891114.4280741,0.08922982215881348,81,4,94,1787891114.3388443,base,agg_static@rho0.5,1,0.55,0.0,4,0.5,agg_static,1787891114.3388293,0,2048,,0,0,0,0,0,0,0,1,17,1.799505539238453,0;0;1;0,113,0,3,122,1787891124.7360053,,1,3,3,0,,3,3,0,0,0,0,0,0.0,0.0,0.0,89.22982215881348,-89.22982215881348,90.032672,2080.0,51.2
94,upsert,3,L0066,2048,0,1787891114.4280741,0.08922982215881348,81,4,94,1787891114.3388443,base,agg_static@rho0.5,1,0.55,0.0,4,0.5,agg_static,1787891114.3388293,0,2048,,0,0,0,0,0,0,0,1,17,1.799505539238453,0;0;1;0,113,0,4,126,1787891125.8477092,,1,3,3,0,,3,3,1,1,0,0,0,0.0,0.0,0.0,89.22982215881348,-89.22982215881348,180.966479,2608.0,59.44
95,upsert,2,L0120,2048,0,1787891114.800833,0.4616129398345947,82,1,95,1787891114.33922,base,agg_static@rho0.5,1,0.55,0.0,4,0.5,agg_static,1787891114.339204,0,2048,,0,0,0,0,0,0,0,1,18,1.799505539238453,0;0;0;0,113,0,1,110,1787891119.4939575,,0,1,1,0,2,1,1,0,0,512,512,0,0.0,0.0,0.0,461.6129398345947,-461.6129398345947,694.555271,2608.0,10.24
96,upsert,1,L0120,2560,0,1787891116.600545,0.004998445510864258,83,1,96,1787891116.5955465,base,agg_static@rho0.5,1,0.55,0.0,4,0.5,agg_static,1787891116.595517,0,2560,,0,0,2048,0,2048,1,0,2,15,1.4205887392163277,2;0;0;1,120,0,1,110,1787891119.4939575,,0,2,1,1,2,2,1,0,0,0,512,512,10.24,0.0,10.24,4.998445510864258,5.241554489135742,694.555271,2608.0,10.24
99,upsert,3,L0064,3072,2560,1787891116.6007514,0.003750324249267578,86,3,99,1787891116.597001,base,agg_static@rho0.5,1,0.55,0.0,4,0.5,agg_static,1787891116.5969846,2560,512,3.8400661945343018,0,2560,2560,0,2560,1,0,3,18,1.4205887392163277,0;0;0;0,120,0,1,113,1787891121.022436,,0,3,3,0,0,3,3,0,0,2560,3072,512,10.24,0.0,10.24,3.750324249267578,6.489675750732422,98.644219,2080.0,61.44
99,upsert,3,L0064,3072,2560,1787891116.6007514,0.003750324249267578,86,3,99,1787891116.597001,base,agg_static@rho0.5,1,0.55,0.0,4,0.5,agg_static,1787891116.5969846,2560,512,3.8400661945343018,0,2560,2560,0,2560,1,0,3,18,1.4205887392163277,0;0;0;0,120,0,2,115,1787891121.0225313,,0,3,3,0,0,3,3,2,2,2560,3072,512,10.24,0.0,10.24,3.750324249267578,6.489675750732422,953.880978,2608.0,57.44
99,upsert,3,L0064,3072,2560,1787891116.6007514,0.003750324249267578,86,3,99,1787891116.597001,base,agg_static@rho0.5,1,0.55,0.0,4,0.5,agg_static,1787891116.5969846,2560,512,3.8400661945343018,0,2560,2560,0,2560,1,0,3,18,1.4205887392163277,0;0;0;0,120,0,3,125,1787891125.8476565,,1,3,3,0,,3,3,0,0,0,0,0,0.0,0.0,0.0,3.750324249267578,-3.750324249267578,181.4475,3136.0,0.0
104,upsert,2,L0068,2560,2048,1787891119.496908,0.004880666732788086,91,1,104,1787891119.4920273,base,agg_static@rho0.5,1,0.55,0.0,4,0.5,agg_static,1787891119.4919977,2048,512,17.28423500061035,0,2048,2048,0,2048,1,0,2,15,0.7311535030603409,1;1;0;1,131,0,1,121,1787891124.7359543,,1,2,2,0,,2,2,0,0,0,0,0,0.0,0.0,0.0,4.880666732788086,-4.880666732788086,89.136213,2080.0,61.44
111,upsert,2,L0068,3072,2560,1787891121.2557309,0.2338395118713379,98,1,111,1787891121.0218914,base,agg_static@rho0.5,1,0.55,0.0,4,0.5,agg_static,1787891121.021875,2560,512,1.5298771858215332,0,2560,2560,0,2560,1,0,3,18,0.4680802598595619,0;0;0;0,137,0,1,121,1787891124.7359543,,0,2,2,0,3,2,2,0,0,2560,3072,512,10.24,0.0,10.24,233.8395118713379,-223.59951187133788,89.136213,2080.0,61.44
113,upsert,3,L0064,2048,3072,1787891122.6866703,0.004276275634765625,100,1,113,1787891122.682394,base,agg_static@rho0.5,1,0.55,0.0,4,0.5,agg_static,1787891122.682375,3072,-1024,6.085390329360962,0,3072,3072,0,3072,1,0,5,16,0.26764393597841263,0;0;0;2,144,0,1,125,1787891125.8476565,,1,3,3,0,,3,3,0,0,0,0,0,0.0,0.0,0.0,4.276275634765625,-4.276275634765625,181.4475,3136.0,0.0
114,upsert,3,L0066,2560,2048,1787891122.7533267,0.07052206993103027,101,2,114,1787891122.6828046,base,agg_static@rho0.5,1,0.55,0.0,4,0.5,agg_static,1787891122.682788,2048,512,8.343958616256714,0,2048,2048,0,2048,1,0,2,17,0.26764393597841263,0;0;0;1,144,0,1,122,1787891124.7360053,,0,3,3,0,0,3,3,0,0,2048,2560,512,10.24,0.0,10.24,70.52206993103027,-60.28206993103027,90.032672,2080.0,51.2
114,upsert,3,L0066,2560,2048,1787891122.7533267,0.07052206993103027,101,2,114,1787891122.6828046,base,agg_static@rho0.5,1,0.55,0.0,4,0.5,agg_static,1787891122.682788,2048,512,8.343958616256714,0,2048,2048,0,2048,1,0,2,17,0.26764393597841263,0;0;0;1,144,0,2,126,1787891125.8477092,,1,3,3,0,,3,3,1,1,0,0,0,0.0,0.0,0.0,70.52206993103027,-70.52206993103027,180.966479,2608.0,59.44
115,upsert,3,L0064,2560,2048,1787891123.031986,0.3487560749053955,102,1,115,1787891122.68323,base,agg_static@rho0.5,1,0.55,0.0,4,0.5,agg_static,1787891122.6832144,2048,512,0.0008394718170166016,0,3072,3072,0,3072,1,0,5,18,0.26764393597841263,0;0;0;0,144,1,1,125,1787891125.8476565,,0,3,3,0,3,3,3,0,0,0,0,0,0.0,0.0,0.0,348.7560749053955,-348.7560749053955,181.4475,3136.0,0.0
118,upsert,3,L0066,3072,2560,1787891124.738896,0.003937244415283203,105,1,118,1787891124.7349586,base,agg_static@rho0.5,1,0.55,0.0,4,0.5,agg_static,1787891124.7349398,2560,512,2.052151918411255,0,2560,2560,0,2560,1,0,3,17,0.15942029654979706,0;0;0;1,150,0,1,126,1787891125.8477092,,0,3,3,0,0,3,3,1,1,2560,3072,512,10.24,0.0,10.24,3.937244415283203,6.302755584716797,180.966479,2608.0,59.44
1,upsert,2,L0007,2048,0,1787891199.0597663,0.0031974315643310547,2,1,1,1787891199.0565689,base,exact_fifo@rho0.5,1,0.55,0.0,4,0.5,exact_fifo,1787891199.056556,0,2048,,0,0,0,0,0,0,0,1,2,,0;1;0;1,4,0,1,63,1787891222.318813,,1,2,2,0,,2,2,1,1,0,0,0,0.0,0.0,0.0,3.1974315643310547,-3.1974315643310547,1778.650191,2608.0,49.2
5,upsert,3,L0021,2048,0,1787891200.4964347,0.003443002700805664,6,2,5,1787891200.4929917,base,exact_fifo@rho0.5,1,0.55,0.0,4,0.5,exact_fifo,1787891200.4929757,0,2048,,0,0,0,0,0,0,0,1,2,0.0031824707984924316,0;1;1;0,8,0,1,58,1787891221.2483382,,0,1,3,1,1,1,3,0,0,0,2048,2048,40.96,0.0,40.96,3.443002700805664,37.51699729919434,616.849023,2080.0,40.96
5,upsert,3,L0021,2048,0,1787891200.4964347,0.003443002700805664,6,2,5,1787891200.4929917,base,exact_fifo@rho0.5,1,0.55,0.0,4,0.5,exact_fifo,1787891200.4929757,0,2048,,0,0,0,0,0,0,0,1,2,0.0031824707984924316,0;1;1;0,8,0,2,61,1787891222.3187194,,0,3,3,0,3,3,3,0,0,0,0,0,0.0,0.0,0.0,3.443002700805664,-3.443002700805664,708.405533,2608.0,0.0
7,upsert,2,L0001,2048,0,1787891200.4965708,0.003228902816772461,8,3,7,1787891200.493342,base,exact_fifo@rho0.5,1,0.55,0.0,4,0.5,exact_fifo,1787891200.4933302,0,2048,,0,0,0,0,0,0,0,1,4,0.0031824707984924316,0;0;0;0,8,0,1,40,1787891214.3963358,,1,2,2,0,,2,2,0,0,0,0,0,0.0,0.0,0.0,3.228902816772461,-3.228902816772461,604.875723,2608.0,51.2
7,upsert,2,L0001,2048,0,1787891200.4965708,0.003228902816772461,8,3,7,1787891200.493342,base,exact_fifo@rho0.5,1,0.55,0.0,4,0.5,exact_fifo,1787891200.4933302,0,2048,,0,0,0,0,0,0,0,1,4,0.0031824707984924316,0;0;0;0,8,0,2,41,1787891214.3963976,,1,2,2,0,,2,2,1,1,0,0,0,0.0,0.0,0.0,3.228902816772461,-3.228902816772461,694.206995,2080.0,49.2
7,upsert,2,L0001,2048,0,1787891200.4965708,0.003228902816772461,8,3,7,1787891200.493342,base,exact_fifo@rho0.5,1,0.55,0.0,4,0.5,exact_fifo,1787891200.4933302,0,2048,,0,0,0,0,0,0,0,1,4,0.0031824707984924316,0;0;0;0,8,0,3,56,1787891221.2482228,,1,2,2,0,,2,2,0,0,0,0,0,0.0,0.0,0.0,3.228902816772461,-3.228902816772461,101.365526,2608.0,0.0
12,upsert,0,L0022,2048,0,1787891204.1186204,0.0037355422973632812,13,2,12,1787891204.1148849,base,exact_fifo@rho0.5,1,0.55,0.0,4,0.5,exact_fifo,1787891204.1148582,0,2048,,0,0,0,0,0,0,0,1,1,0.0034283200899759927,0;1;2;0,18,0,1,55,1787891219.560616,,0,1,0,1,1,1,0,0,1,0,2048,2048,40.96,2.0,38.96,3.7355422973632812,35.22445770263672,1317.31303,2080.0,38.96
12,upsert,0,L0022,2048,0,1787891204.1186204,0.0037355422973632812,13,2,12,1787891204.1148849,base,exact_fifo@rho0.5,1,0.55,0.0,4,0.5,exact_fifo,1787891204.1148582,0,2048,,0,0,0,0,0,0,0,1,1,0.0034283200899759927,0;1;2;0,18,0,2,57,1787891221.2482874,,0,1,0,1,1,1,0,0,0,0,2048,2048,40.96,0.0,40.96,3.7355422973632812,37.22445770263672,726.244649,2608.0,40.96
15,upsert,2,L0001,2560,2048,1787891204.518478,0.40294790267944336,16,3,15,1787891204.11553,base,exact_fifo@rho0.5,1,0.55,0.0,4,0.5,exact_fifo,1787891204.115516,2048,512,3.622185707092285,0,2048,2048,0,2048,1,0,2,4,0.0034283200899759927,0;0;0;0,18,0,1,40,1787891214.3963358,,0,2,2,0,0,2,2,0,0,2048,2560,512,10.24,0.0,10.24,402.94790267944336,-392.70790267944335,604.875723,2608.0,51.2
15,upsert,2,L0001,2560,2048,1787891204.518478,0.40294790267944336,16,3,15,1787891204.11553,base,exact_fifo@rho0.5,1,0.55,0.0,4,0.5,exact_fifo,1787891204.115516,2048,512,3.622185707092285,0,2048,2048,0,2048,1,0,2,4,0.0034283200899759927,0;0;0;0,18,0,2,41,1787891214.3963976,,0,2,2,0,3,2,2,1,1,2048,2560,512,10.24,0.0,10.24,402.94790267944336,-392.70790267944335,694.206995,2080.0,49.2
15,upsert,2,L0001,2560,2048,1787891204.518478,0.40294790267944336,16,3,15,1787891204.11553,base,exact_fifo@rho0.5,1,0.55,0.0,4,0.5,exact_fifo,1787891204.115516,2048,512,3.622185707092285,0,2048,2048,0,2048,1,0,2,4,0.0034283200899759927,0;0;0;0,18,0,3,56,1787891221.2482228,,1,2,2,0,,2,2,0,0,0,0,0,0.0,0.0,0.0,402.94790267944336,-402.94790267944336,101.365526,2608.0,0.0
17,upsert,2,L0007,2560,2048,1787891206.9824789,1.3001465797424316,18,1,17,1787891205.6823323,base,exact_fifo@rho0.5,1,0.55,0.0,4,0.5,exact_fifo,1787891205.6823125,2048,512,6.625756502151489,0,2048,2048,0,2048,1,0,2,2,0.02891702950000763,0;1;0;1,24,0,1,63,1787891222.318813,,0,2,2,0,0,2,2,1,1,2048,2560,512,10.24,0.0,10.24,1300.1465797424316,-1289.9065797424316,1778.650191,2608.0,49.2
18,upsert,1,L0013,2048,0,1787891206.98259,1.3000588417053223,19,2,18,1787891205.682531,base,exact_fifo@rho0.5,1,0.55,0.0,4,0.5,exact_fifo,1787891205.6825173,0,2048,,0,0,0,0,0,0,0,1,3,0.02891702950000763,0;0;0;1,24,0,1,49,1787891218.2871907,,0,2,1,1,2,2,1,0,0,0,2048,2048,40.96,0.0,40.96,1300.0588417053223,-1259.0988417053222,571.146196,2080.0,40.96
18,upsert,1,L0013,2048,0,1787891206.98259,1.3000588417053223,19,2,18,1787891205.682531,base,exact_fifo@rho0.5,1,0.55,0.0,4,0.5,exact_fifo,1787891205.6825173,0,2048,,0,0,0,0,0,0,0,1,3,0.02891702950000763,0;0;0;1,24,0,2,59,1787891221.2483833,,0,1,1,0,1,1,1,0,0,0,0,0,0.0,0.0,0.0,1300.0588417053223,-1300.0588417053223,810.680134,2608.0,0.0
20,upsert,0,L0024,2048,0,1787891209.1034248,1.9947290420532227,21,1,20,1787891207.1086957,base,exact_fifo@rho0.5,1,0.55,0.0,4,0.5,exact_fifo,1787891207.1086676,0,2048,,0,0,0,0,0,0,0,1,2,0.22477098515159205,0;1;1;1,28,0,1,54,1787891219.5605688,,0,0,0,0,0,0,0,0,0,0,0,0,0.0,0.0,0.0,1994.7290420532227,-1994.7290420532227,497.618823,2080.0,0.0
22,upsert,1,L0033,2048,0,1787891210.0057354,2.8965487480163574,23,2,22,1787891207.1091866,base,exact_fifo@rho0.5,1,0.55,0.0,4,0.5,exact_fifo,1787891207.109172,0,2048,,0,0,0,0,0,0,0,1,4,0.22477098515159205,0;0;0;1,28,0,1,39,1787891212.160141,,0,0,1,1,0,0,1,0,1,0,2048,2048,40.96,2.0,38.96,2896.5487480163574,-2857.5887480163574,1839.731888,2080.0,38.96
22,upsert,1,L0033,2048,0,1787891210.0057354,2.8965487480163574,23,2,22,1787891207.1091866,base,exact_fifo@rho0.5,1,0.55,0.0,4,0.5,exact_fifo,1787891207.109172,0,2048,,0,0,0,0,0,0,0,1,4,0.22477098515159205,0;0;0;1,28,0,2,43,1787891214.396484,,0,3,1,1,3,3,1,0,1,0,2048,2048,40.96,2.0,38.96,2896.5487480163574,-2857.5887480163574,1944.494706,2608.0,38.96
23,upsert,3,L0034,2048,0,1787891210.0058222,2.89646315574646,24,1,23,1787891207.109359,base,exact_fifo@rho0.5,1,0.55,0.0,4,0.5,exact_fifo,1787891207.1093476,0,2048,,0,0,0,0,0,0,0,1,5,0.22477098515159205,0;0;0;0,28,0,1,47,1787891216.747333,,0,0,0,0,0,0,0,0,0,0,0,0,0.0,0.0,0.0,2896.46315574646,-2896.46315574646,777.11255,2608.0,0.0
24,upsert,0,L0042,2048,0,1787891210.7087233,1.9069435596466064,25,1,24,1787891208.8017797,base,exact_fifo@rho0.5,1,0.55,0.0,4,0.5,exact_fifo,1787891208.8017519,0,2048,,0,0,0,0,0,0,0,1,5,0.3236385464668274,0;1;1;1,32,0,1,33,1787891210.7184916,,0,3,0,1,3,3,0,0,0,0,2048,2048,40.96,0.0,40.96,1906.9435596466064,-1865.9835596466064,493.932515,2080.0,40.96
26,upsert,1,L0005,2048,0,1787891210.7089138,1.9066228866577148,27,1,26,1787891208.802291,base,exact_fifo@rho0.5,1,0.55,0.0,4,0.5,exact_fifo,1787891208.8022773,0,2048,,0,0,0,0,0,0,0,1,7,0.3236385464668274,0;0;1;0,32,0,1,32,1787891210.7184274,,0,0,1,1,0,0,1,0,0,0,2048,2048,40.96,0.0,40.96,1906.6228866577148,-1865.6628866577148,562.555867,2080.0,40.96
27,upsert,2,L0000,2048,0,1787891210.7089727,1.9065032005310059,28,3,27,1787891208.8024695,base,exact_fifo@rho0.5,1,0.55,0.0,4,0.5,exact_fifo,1787891208.8024564,0,2048,,0,0,0,0,0,0,0,1,8,0.3236385464668274,0;0;0;0,32,0,1,36,1787891212.1599967,,0,2,2,0,2,2,2,0,0,0,0,0,0.0,0.0,0.0,1906.5032005310059,-1906.5032005310059,649.707151,2080.0,0.0
27,upsert,2,L0000,2048,0,1787891210.7089727,1.9065032005310059,28,3,27,1787891208.8024695,base,exact_fifo@rho0.5,1,0.55,0.0,4,0.5,exact_fifo,1787891208.8024564,0,2048,,0,0,0,0,0,0,0,1,8,0.3236385464668274,0;0;0;0,32,0,2,50,1787891218.2872453,,1,2,2,0,,2,2,0,0,0,0,0,0.0,0.0,0.0,1906.5032005310059,-1906.5032005310059,742.092524,2608.0,51.2
27,upsert,2,L0000,2048,0,1787891210.7089727,1.9065032005310059,28,3,27,1787891208.8024695,base,exact_fifo@rho0.5,1,0.55,0.0,4,0.5,exact_fifo,1787891208.8024564,0,2048,,0,0,0,0,0,0,0,1,8,0.3236385464668274,0;0;0;0,32,0,3,51,1787891218.2872899,,1,2,2,0,,2,2,1,1,0,0,0,0.0,0.0,0.0,1906.5032005310059,-1906.5032005310059,850.7754,2080.0,49.2
28,upsert,0,L0034,2560,0,1787891213.4196944,2.702230453491211,29,1,28,1787891210.717464,base,exact_fifo@rho0.5,1,0.55,0.0,4,0.5,exact_fifo,1787891210.7174377,0,2560,,0,0,2048,0,2048,1,0,2,1,0.8529259477342878,0;1;1;1,36,0,1,47,1787891216.747333,,0,3,0,1,0,3,0,1,0,0,0,0,0.0,-2.0,2.0,2702.230453491211,-2700.230453491211,777.11255,2608.0,0.0
34,upsert,2,L0006,2048,0,1787891214.9269478,2.767726421356201,35,1,34,1787891212.1592214,base,exact_fifo@rho0.5,1,0.55,0.0,4,0.5,exact_fifo,1787891212.159206,0,2048,,0,0,0,0,0,0,0,1,7,0.8529259477342878,0;0;0;1,42,0,1,53,1787891219.5605152,,0,2,2,0,2,2,2,0,0,0,0,0,0.0,0.0,0.0,2767.726421356201,-2767.726421356201,557.632901,2080.0,0.0
36,upsert,2,L0000,2560,2048,1787891217.3359728,2.9414048194885254,37,2,36,1787891214.394568,base,exact_fifo@rho0.5,1,0.55,0.0,4,0.5,exact_fifo,1787891214.3945377,2048,512,5.592081308364868,0,2048,2048,0,2048,1,0,2,6,1.0708792286534463,0;2;0;1,48,0,1,50,1787891218.2872453,,0,2,2,0,3,2,2,0,0,2048,2560,512,10.24,0.0,10.24,2941.4048194885254,-2931.1648194885256,742.092524,2608.0,51.2
36,upsert,2,L0000,2560,2048,1787891217.3359728,2.9414048194885254,37,2,36,1787891214.394568,base,exact_fifo@rho0.5,1,0.55,0.0,4,0.5,exact_fifo,1787891214.3945377,2048,512,5.592081308364868,0,2048,2048,0,2048,1,0,2,6,1.0708792286534463,0;2;0;1,48,0,2,51,1787891218.2872899,,0,2,2,0,3,2,2,1,1,2048,2560,512,10.24,0.0,10.24,2941.4048194885254,-2931.1648194885256,850.7754,2080.0,49.2
40,upsert,2,L0001,3072,2560,1787891219.7546108,3.009289026260376,41,1,40,1787891216.7453218,base,exact_fifo@rho0.5,1,0.55,0.0,4,0.5,exact_fifo,1787891216.7452936,2560,512,12.629777669906616,0,2560,2560,0,2560,1,0,4,5,1.5145292058587074,0;2;1;0,55,0,1,56,1787891221.2482228,,1,2,2,0,,2,2,0,0,0,0,0,0.0,0.0,0.0,3009.289026260376,-3009.289026260376,101.365526,2608.0,0.0
41,upsert,2,L0001,2048,3072,1787891219.7547486,3.0088326930999756,42,1,41,1787891216.745916,base,exact_fifo@rho0.5,1,0.55,0.0,4,0.5,exact_fifo,1787891216.7458956,3072,-1024,0.0006020069122314453,0,2560,2560,0,2560,1,0,4,6,1.5145292058587074,0;2;0;0,55,1,1,56,1787891221.2482228,,0,2,2,0,2,2,2,0,0,0,0,0,0.0,0.0,0.0,3008.8326930999756,-3008.8326930999756,101.365526,2608.0,0.0
64,upsert,0,L0070,2048,0,1787891230.6103883,4.712209939956665,65,2,64,1787891225.8981783,base,exact_fifo@rho0.5,1,0.55,0.0,4,0.5,exact_fifo,1787891225.8981435,0,2048,,0,0,0,0,0,0,0,1,9,3.0812654867768288,0;1;1;1,92,0,1,90,1787891235.0711462,,0,1,1,0,1,1,1,0,0,0,0,0,0.0,0.0,0.0,4712.209939956665,-4712.209939956665,596.784088,2608.0,0.0
64,upsert,0,L0070,2048,0,1787891230.6103883,4.712209939956665,65,2,64,1787891225.8981783,base,exact_fifo@rho0.5,1,0.55,0.0,4,0.5,exact_fifo,1787891225.8981435,0,2048,,0,0,0,0,0,0,0,1,9,3.0812654867768288,0;1;1;1,92,0,2,120,1787891255.1770284,,0,1,1,0,0,1,1,0,0,1024,1024,0,0.0,0.0,0.0,4712.209939956665,-4712.209939956665,162.312865,2080.0,20.48
70,upsert,2,L0068,2048,0,1787891232.4152567,5.082062244415283,71,3,70,1787891227.3331945,base,exact_fifo@rho0.5,1,0.55,0.0,4,0.5,exact_fifo,1787891227.3331752,0,2048,,0,0,0,0,0,0,0,1,11,3.428397960960865,0;0;0;1,96,0,1,104,1787891244.5507123,,0,0,2,1,0,0,2,0,0,0,2048,2048,40.96,0.0,40.96,5082.062244415283,-5041.102244415283,562.116398,2080.0,40.96
70,upsert,2,L0068,2048,0,1787891232.4152567,5.082062244415283,71,3,70,1787891227.3331945,base,exact_fifo@rho0.5,1,0.55,0.0,4,0.5,exact_fifo,1787891227.3331752,0,2048,,0,0,0,0,0,0,0,1,11,3.428397960960865,0;0;0;1,96,0,2,111,1787891246.5135915,,0,0,2,1,0,0,2,0,1,0,2048,2048,40.96,2.0,38.96,5082.062244415283,-5043.102244415283,2146.464785,2608.0,38.96
70,upsert,2,L0068,2048,0,1787891232.4152567,5.082062244415283,71,3,70,1787891227.3331945,base,exact_fifo@rho0.5,1,0.55,0.0,4,0.5,exact_fifo,1787891227.3331752,0,2048,,0,0,0,0,0,0,0,1,11,3.428397960960865,0;0;0;1,96,0,3,121,1787891255.177093,,1,2,2,0,,2,2,0,0,0,0,0,0.0,0.0,0.0,5082.062244415283,-5082.062244415283,96.917615,2080.0,61.44
71,upsert,3,L0109,2048,0,1787891232.415306,5.081735134124756,72,1,71,1787891227.333571,base,exact_fifo@rho0.5,1,0.55,0.0,4,0.5,exact_fifo,1787891227.3335578,0,2048,,0,0,0,0,0,0,0,1,12,3.428397960960865,0;0;0;0,96,0,1,119,1787891251.9332983,,0,0,3,1,0,0,3,0,2,0,2048,2048,40.96,4.0,36.96,5081.735134124756,-5044.775134124756,2654.846576,2080.0,36.96
74,upsert,1,L0070,2560,0,1787891234.3748164,5.099281549453735,75,2,74,1787891229.2755349,base,exact_fifo@rho0.5,1,0.55,0.0,4,0.5,exact_fifo,1787891229.2755194,0,2560,,0,0,0,0,0,0,0,2,11,3.5488251000642776,0;0;0;1,100,0,1,90,1787891235.0711462,,0,0,1,1,1,0,1,1,0,0,0,0,0.0,-2.0,2.0,5099.281549453735,-5097.281549453735,596.784088,2608.0,0.0
74,upsert,1,L0070,2560,0,1787891234.3748164,5.099281549453735,75,2,74,1787891229.2755349,base,exact_fifo@rho0.5,1,0.55,0.0,4,0.5,exact_fifo,1787891229.2755194,0,2560,,0,0,0,0,0,0,0,2,11,3.5488251000642776,0;0;0;1,100,0,2,120,1787891255.1770284,,1,1,1,0,,1,1,0,0,0,0,0,0.0,0.0,0.0,5099.281549453735,-5099.281549453735,162.312865,2080.0,20.48
75,upsert,3,L0064,2048,0,1787891234.3748684,5.098924160003662,76,5,75,1787891229.2759442,base,exact_fifo@rho0.5,1,0.55,0.0,4,0.5,exact_fifo,1787891229.275931,0,2048,,0,0,0,0,0,0,0,1,12,3.5488251000642776,0;0;0;0,100,0,1,91,1787891235.0712092,,0,2,3,1,2,2,3,0,1,0,2048,2048,40.96,2.0,38.96,5098.924160003662,-5059.964160003662,1931.277447,2080.0,38.96
75,upsert,3,L0064,2048,0,1787891234.3748684,5.098924160003662,76,5,75,1787891229.2759442,base,exact_fifo@rho0.5,1,0.55,0.0,4,0.5,exact_fifo,1787891229.275931,0,2048,,0,0,0,0,0,0,0,1,12,3.5488251000642776,0;0;0;0,100,0,2,99,1787891239.4727914,,0,1,3,1,1,1,3,0,1,0,2048,2048,40.96,2.0,38.96,5098.924160003662,-5059.964160003662,2984.135269,2608.0,38.96
75,upsert,3,L0064,2048,0,1787891234.3748684,5.098924160003662,76,5,75,1787891229.2759442,base,exact_fifo@rho0.5,1,0.55,0.0,4,0.5,exact_fifo,1787891229.275931,0,2048,,0,0,0,0,0,0,0,1,12,3.5488251000642776,0;0;0;0,100,0,3,113,1787891249.0831075,,1,3,3,0,,3,3,1,1,0,0,0,0.0,0.0,0.0,5098.924160003662,-5098.924160003662,2178.570646,2080.0,59.44
75,upsert,3,L0064,2048,0,1787891234.3748684,5.098924160003662,76,5,75,1787891229.2759442,base,exact_fifo@rho0.5,1,0.55,0.0,4,0.5,exact_fifo,1787891229.275931,0,2048,,0,0,0,0,0,0,0,1,12,3.5488251000642776,0;0;0;0,100,0,4,115,1787891249.0832195,,1,3,3,0,,3,3,3,3,0,0,0,0.0,0.0,0.0,5098.924160003662,-5098.924160003662,2177.018958,2608.0,55.44
75,upsert,3,L0064,2048,0,1787891234.3748684,5.098924160003662,76,5,75,1787891229.2759442,base,exact_fifo@rho0.5,1,0.55,0.0,4,0.5,exact_fifo,1787891229.275931,0,2048,,0,0,0,0,0,0,0,1,12,3.5488251000642776,0;0;0;0,100,0,5,125,1787891256.5137577,,1,3,3,0,,3,3,1,1,0,0,0,0.0,0.0,0.0,5098.924160003662,-5098.924160003662,1379.537324,3136.0,49.2
76,upsert,0,L0099,2048,0,1787891235.1406384,4.157041311264038,77,1,76,1787891230.983597,base,exact_fifo@rho0.5,1,0.55,0.0,4,0.5,exact_fifo,1787891230.98357,0,2048,,0,0,0,0,0,0,0,1,9,3.7917882055044174,0;1;1;1,104,0,1,97,1787891239.4726818,,0,1,0,1,1,1,0,0,0,0,2048,2048,40.96,0.0,40.96,4157.041311264038,-4116.081311264038,578.229145,2080.0,40.96
80,upsert,0,L0076,2048,0,1787891237.2522554,4.332450866699219,81,1,80,1787891232.9198046,base,exact_fifo@rho0.5,1,0.55,0.0,4,0.5,exact_fifo,1787891232.9197776,0,2048,,0,0,0,0,0,0,0,1,9,4.059463486075401,0;1;1;1,108,0,1,98,1787891239.4727442,,0,1,0,1,1,1,0,0,1,0,2048,2048,40.96,2.0,38.96,4332.450866699219,-4293.490866699219,1309.288326,2080.0,38.96
81,upsert,1,L0072,2048,0,1787891237.2523632,4.331990957260132,82,2,81,1787891232.9203722,base,exact_fifo@rho0.5,1,0.55,0.0,4,0.5,exact_fifo,1787891232.9203548,0,2048,,0,0,0,0,0,0,0,1,10,4.059463486075401,0;0;1;1,108,0,1,93,1787891237.3747344,,0,3,1,1,3,3,1,0,0,0,2048,2048,40.96,0.0,40.96,4331.990957260132,-4291.030957260132,596.598872,2080.0,40.96
81,upsert,1,L0072,2048,0,1787891237.2523632,4.331990957260132,82,2,81,1787891232.9203722,base,exact_fifo@rho0.5,1,0.55,0.0,4,0.5,exact_fifo,1787891232.9203548,0,2048,,0,0,0,0,0,0,0,1,10,4.059463486075401,0;0;1;1,108,0,2,100,1787891242.9118981,,1,1,1,0,,1,1,0,0,0,0,0,0.0,0.0,0.0,4331.990957260132,-4331.990957260132,787.058887,2608.0,51.2
82,upsert,2,L0096,2048,0,1787891237.2524226,4.3316497802734375,83,1,82,1787891232.9207728,base,exact_fifo@rho0.5,1,0.55,0.0,4,0.5,exact_fifo,1787891232.9207585,0,2048,,0,0,0,0,0,0,0,1,11,4.059463486075401,0;0;0;1,108,0,1,101,1787891242.9119623,,0,0,2,1,0,0,2,0,0,0,2048,2048,40.96,0.0,40.96,4331.6497802734375,-4290.6897802734375,698.188196,2080.0,40.96
90,upsert,1,L0070,3072,2560,1787891240.5920298,3.2182936668395996,91,1,90,1787891237.3737361,base,exact_fifo@rho0.5,1,0.55,0.0,4,0.5,exact_fifo,1787891237.373719,2560,512,8.098199605941772,0,2560,2560,2048,512,2,0,3,7,4.468180179595947,0;0;0;1,118,0,1,120,1787891255.1770284,,0,1,1,0,0,1,1,0,0,512,1024,512,10.24,0.0,10.24,3218.2936668395996,-3208.0536668396,162.312865,2080.0,20.48
91,upsert,3,L0064,2560,2048,1787891240.5920842,3.2178707122802734,92,3,91,1787891237.3742135,base,exact_fifo@rho0.5,1,0.55,0.0,4,0.5,exact_fifo,1787891237.3741975,2048,512,8.0982666015625,0,2048,2048,0,2048,1,0,2,8,4.468180179595947,0;0;0;0,118,0,1,113,1787891249.0831075,,1,3,3,0,,3,3,1,1,0,0,0,0.0,0.0,0.0,3217.8707122802734,-3217.8707122802734,2178.570646,2080.0,59.44
91,upsert,3,L0064,2560,2048,1787891240.5920842,3.2178707122802734,92,3,91,1787891237.3742135,base,exact_fifo@rho0.5,1,0.55,0.0,4,0.5,exact_fifo,1787891237.3741975,2048,512,8.0982666015625,0,2048,2048,0,2048,1,0,2,8,4.468180179595947,0;0;0;0,118,0,2,115,1787891249.0832195,,1,3,3,0,,3,3,3,3,0,0,0,0.0,0.0,0.0,3217.8707122802734,-3217.8707122802734,2177.018958,2608.0,55.44
91,upsert,3,L0064,2560,2048,1787891240.5920842,3.2178707122802734,92,3,91,1787891237.3742135,base,exact_fifo@rho0.5,1,0.55,0.0,4,0.5,exact_fifo,1787891237.3741975,2048,512,8.0982666015625,0,2048,2048,0,2048,1,0,2,8,4.468180179595947,0;0;0;0,118,0,3,125,1787891256.5137577,,1,3,3,0,,3,3,1,1,0,0,0,0.0,0.0,0.0,3217.8707122802734,-3217.8707122802734,1379.537324,3136.0,49.2
93,upsert,1,L0072,2560,2048,1787891242.5511022,3.1660313606262207,94,1,93,1787891239.3850708,base,exact_fifo@rho0.5,1,0.55,0.0,4,0.5,exact_fifo,1787891239.3850496,2048,512,6.4646947383880615,0,2048,2048,0,2048,1,0,2,6,4.569905415177345,1;0;0;1,123,0,1,100,1787891242.9118981,,0,1,1,0,2,1,1,0,0,2048,2560,512,10.24,0.0,10.24,3166.0313606262207,-3155.791360626221,787.058887,2608.0,51.2
94,upsert,3,L0066,2048,0,1787891242.551181,3.1656534671783447,95,4,94,1787891239.3855276,base,exact_fifo@rho0.5,1,0.55,0.0,4,0.5,exact_fifo,1787891239.3855112,0,2048,,0,0,0,0,0,0,0,1,7,4.569905415177345,1;0;0;0,123,0,1,114,1787891249.0831742,,0,0,3,1,0,0,3,0,2,0,2048,2048,40.96,4.0,36.96,3165.6534671783447,-3128.6934671783447,2178.075728,2080.0,36.96
94,upsert,3,L0066,2048,0,1787891242.551181,3.1656534671783447,95,4,94,1787891239.3855276,base,exact_fifo@rho0.5,1,0.55,0.0,4,0.5,exact_fifo,1787891239.3855112,0,2048,,0,0,0,0,0,0,0,1,7,4.569905415177345,1;0;0;0,123,0,2,118,1787891251.933252,,0,0,3,1,0,0,3,0,1,0,2048,2048,40.96,2.0,38.96,3165.6534671783447,-3126.6934671783447,2655.359126,2608.0,38.96
94,upsert,3,L0066,2048,0,1787891242.551181,3.1656534671783447,95,4,94,1787891239.3855276,base,exact_fifo@rho0.5,1,0.55,0.0,4,0.5,exact_fifo,1787891239.3855112,0,2048,,0,0,0,0,0,0,0,1,7,4.569905415177345,1;0;0;0,123,0,3,122,1787891255.1771438,,1,3,3,0,,3,3,0,0,0,0,0,0.0,0.0,0.0,3165.6534671783447,-3165.6534671783447,93.398798,2080.0,51.2
94,upsert,3,L0066,2048,0,1787891242.551181,3.1656534671783447,95,4,94,1787891239.3855276,base,exact_fifo@rho0.5,1,0.55,0.0,4,0.5,exact_fifo,1787891239.3855112,0,2048,,0,0,0,0,0,0,0,1,7,4.569905415177345,1;0;0;0,123,0,4,126,1787891256.5138092,,1,3,3,0,,3,3,2,2,0,0,0,0.0,0.0,0.0,3165.6534671783447,-3165.6534671783447,1378.927653,2608.0,57.44
95,upsert,0,L0120,2048,0,1787891242.5512378,3.165327310562134,96,1,95,1787891239.3859105,base,exact_fifo@rho0.5,1,0.55,0.0,4,0.5,exact_fifo,1787891239.3858964,0,2048,,0,0,0,0,0,0,0,1,8,4.569905415177345,0;0;0;0,123,0,1,110,1787891246.5135376,,0,3,3,0,3,3,3,0,0,0,0,0,0.0,0.0,0.0,3165.327310562134,-3165.327310562134,688.582875,2608.0,0.0
96,upsert,3,L0120,2560,0,1787891243.9313142,1.0214149951934814,97,1,96,1787891242.9098992,base,exact_fifo@rho0.5,1,0.55,0.0,4,0.5,exact_fifo,1787891242.9098725,0,2560,,0,0,2048,0,2048,1,0,2,1,4.23942831158638,2;0;0;1,130,0,1,110,1787891246.5135376,,0,0,3,1,3,0,3,0,0,0,0,0,0.0,0.0,0.0,1021.4149951934814,-1021.4149951934814,688.582875,2608.0,0.0
99,upsert,3,L0064,3072,2560,1787891245.4383256,2.526930093765259,100,3,99,1787891242.9113955,base,exact_fifo@rho0.5,1,0.55,0.0,4,0.5,exact_fifo,1787891242.9113784,2560,512,5.5371809005737305,0,2560,2560,0,2560,1,0,3,4,4.23942831158638,0;0;0;0,130,0,1,113,1787891249.0831075,,0,3,3,0,1,3,3,1,1,2560,3072,512,10.24,0.0,10.24,2526.930093765259,-2516.690093765259,2178.570646,2080.0,59.44
99,upsert,3,L0064,3072,2560,1787891245.4383256,2.526930093765259,100,3,99,1787891242.9113955,base,exact_fifo@rho0.5,1,0.55,0.0,4,0.5,exact_fifo,1787891242.9113784,2560,512,5.5371809005737305,0,2560,2560,0,2560,1,0,3,4,4.23942831158638,0;0;0;0,130,0,2,115,1787891249.0832195,,0,3,3,0,2,3,3,3,3,2560,3072,512,10.24,0.0,10.24,2526.930093765259,-2516.690093765259,2177.018958,2608.0,55.44
99,upsert,3,L0064,3072,2560,1787891245.4383256,2.526930093765259,100,3,99,1787891242.9113955,base,exact_fifo@rho0.5,1,0.55,0.0,4,0.5,exact_fifo,1787891242.9113784,2560,512,5.5371809005737305,0,2560,2560,0,2560,1,0,3,4,4.23942831158638,0;0;0;0,130,0,3,125,1787891256.5137577,,1,3,3,0,,3,3,1,1,0,0,0,0.0,0.0,0.0,2526.930093765259,-2526.930093765259,1379.537324,3136.0,49.2
104,upsert,2,L0068,2560,2048,1787891248.3143237,1.8027839660644531,105,1,104,1787891246.5115397,base,exact_fifo@rho0.5,1,0.55,0.0,4,0.5,exact_fifo,1787891246.5115101,2048,512,19.178334951400757,0,2048,2048,0,2048,1,0,2,5,3.8629362136125565,1;1;0;1,141,0,1,121,1787891255.177093,,1,2,2,0,,2,2,0,0,0,0,0,0.0,0.0,0.0,1802.7839660644531,-1802.7839660644531,96.917615,2080.0,61.44
111,upsert,2,L0068,3072,2560,1787891251.1913211,2.1087841987609863,112,1,111,1787891249.082537,base,exact_fifo@rho0.5,1,0.55,0.0,4,0.5,exact_fifo,1787891249.0825212,2560,512,2.5710110664367676,0,2560,2560,0,2560,1,0,3,4,3.1353022903203964,0;0;0;0,147,0,1,121,1787891255.177093,,0,2,2,0,0,2,2,0,0,2560,3072,512,10.24,0.0,10.24,2108.7841987609863,-2098.5441987609865,96.917615,2080.0,61.44
113,upsert,3,L0064,2048,3072,1787891252.4150748,0.4832730293273926,114,1,113,1787891251.9318018,base,exact_fifo@rho0.5,1,0.55,0.0,4,0.5,exact_fifo,1787891251.9317825,3072,-1024,9.02040410041809,0,3072,3072,0,3072,1,0,5,2,2.7764276638627052,0;0;0;2,154,0,1,125,1787891256.5137577,,1,3,3,0,,3,3,1,1,0,0,0,0.0,0.0,0.0,483.2730293273926,-483.2730293273926,1379.537324,3136.0,49.2
114,upsert,3,L0066,2560,2048,1787891253.019738,1.0875043869018555,115,2,114,1787891251.9322336,base,exact_fifo@rho0.5,1,0.55,0.0,4,0.5,exact_fifo,1787891251.932217,2048,512,12.546705722808838,0,2048,2048,0,2048,1,0,2,3,2.7764276638627052,0;0;0;1,154,0,1,122,1787891255.1771438,,0,3,3,0,0,3,3,0,0,2048,2560,512,10.24,0.0,10.24,1087.5043869018555,-1077.2643869018555,93.398798,2080.0,51.2
114,upsert,3,L0066,2560,2048,1787891253.019738,1.0875043869018555,115,2,114,1787891251.9322336,base,exact_fifo@rho0.5,1,0.55,0.0,4,0.5,exact_fifo,1787891251.932217,2048,512,12.546705722808838,0,2048,2048,0,2048,1,0,2,3,2.7764276638627052,0;0;0;1,154,0,2,126,1787891256.5138092,,1,3,3,0,,3,3,2,2,0,0,0,0.0,0.0,0.0,1087.5043869018555,-1087.5043869018555,1378.927653,2608.0,57.44
115,upsert,3,L0064,2560,2048,1787891253.0198472,1.0871727466583252,116,1,115,1787891251.9326744,base,exact_fifo@rho0.5,1,0.55,0.0,4,0.5,exact_fifo,1787891251.932658,2048,512,0.0008754730224609375,0,3072,3072,0,3072,1,0,5,4,2.7764276638627052,0;0;0;0,154,1,1,125,1787891256.5137577,,0,3,3,0,0,3,3,1,1,2048,2560,512,10.24,0.0,10.24,1087.1727466583252,-1076.9327466583252,1379.537324,3136.0,49.2
118,upsert,3,L0066,3072,2560,1787891255.1803699,0.004306316375732422,119,1,118,1787891255.1760635,base,exact_fifo@rho0.5,1,0.55,0.0,4,0.5,exact_fifo,1787891255.1760466,2560,512,3.2438297271728516,0,2560,2560,0,2560,1,0,3,3,2.3181568160653114,0;0;0;1,160,0,1,126,1787891256.5138092,,0,3,3,0,2,3,3,2,2,2560,3072,512,10.24,0.0,10.24,4.306316375732422,5.933683624267578,1378.927653,2608.0,57.44
1,upsert,2,L0007,2048,0,1787891267.5379794,0.0031723976135253906,2,1,1,1787891267.534807,base,agg_static@rho0.8,1,0.55,0.0,4,0.8,agg_static,1787891267.5347934,0,2048,,0,0,0,0,0,0,0,1,2,,0;1;0;1,4,0,1,63,1787891296.3959324,,1,2,2,0,,2,2,0,0,0,0,0,0.0,0.0,0.0,3.1723976135253906,-3.1723976135253906,678.753581,2608.0,0.0
5,upsert,3,L0021,2048,0,1787891269.296756,0.0033097267150878906,6,2,5,1787891269.2934463,base,agg_static@rho0.8,1,0.55,0.0,4,0.8,agg_static,1787891269.2934313,0,2048,,0,0,0,0,0,0,0,1,2,0.0031601786613464355,0;1;1;0,8,0,1,58,1787891295.2456787,,0,3,3,0,3,3,3,0,0,0,0,0,0.0,0.0,0.0,3.3097267150878906,-3.3097267150878906,775.719305,2080.0,0.0
5,upsert,3,L0021,2048,0,1787891269.296756,0.0033097267150878906,6,2,5,1787891269.2934463,base,agg_static@rho0.8,1,0.55,0.0,4,0.8,agg_static,1787891269.2934313,0,2048,,0,0,0,0,0,0,0,1,2,0.0031601786613464355,0;1;1;0,8,0,2,61,1787891296.395843,,0,3,3,0,3,3,3,0,0,0,0,0,0.0,0.0,0.0,3.3097267150878906,-3.3097267150878906,735.401358,2608.0,0.0
7,upsert,2,L0001,2048,0,1787891269.3150764,0.021311521530151367,8,3,7,1787891269.2937648,base,agg_static@rho0.8,1,0.55,0.0,4,0.8,agg_static,1787891269.2937534,0,2048,,0,0,0,0,0,0,0,1,4,0.0031601786613464355,0;0;0;0,8,0,1,40,1787891283.672119,,1,2,2,0,,2,2,0,0,0,0,0,0.0,0.0,0.0,21.311521530151367,-21.311521530151367,670.151568,2608.0,51.2
7,upsert,2,L0001,2048,0,1787891269.3150764,0.021311521530151367,8,3,7,1787891269.2937648,base,agg_static@rho0.8,1,0.55,0.0,4,0.8,agg_static,1787891269.2937534,0,2048,,0,0,0,0,0,0,0,1,4,0.0031601786613464355,0;0;0;0,8,0,2,41,1787891283.6721911,,1,2,2,0,,2,2,1,1,0,0,0,0.0,0.0,0.0,21.311521530151367,-21.311521530151367,766.798175,2080.0,49.2
7,upsert,2,L0001,2048,0,1787891269.3150764,0.021311521530151367,8,3,7,1787891269.2937648,base,agg_static@rho0.8,1,0.55,0.0,4,0.8,agg_static,1787891269.2937534,0,2048,,0,0,0,0,0,0,0,1,4,0.0031601786613464355,0;0;0;0,8,0,3,56,1787891295.2455652,,1,2,2,0,,2,2,0,0,0,0,0,0.0,0.0,0.0,21.311521530151367,-21.311521530151367,191.774461,2608.0,51.2
12,upsert,0,L0022,2048,0,1787891279.6030662,6.593008279800415,13,2,12,1787891273.010058,base,agg_static@rho0.8,1,0.55,0.0,4,0.8,agg_static,1787891273.0100336,0,2048,,0,0,0,0,0,0,0,1,4,0.20140528678894043,0;1;2;0,18,0,1,55,1787891291.4701352,,0,2,0,1,2,2,0,0,2,0,2048,2048,40.96,4.0,36.96,6593.008279800415,-6556.048279800415,3206.83006,2080.0,36.96
12,upsert,0,L0022,2048,0,1787891279.6030662,6.593008279800415,13,2,12,1787891273.010058,base,agg_static@rho0.8,1,0.55,0.0,4,0.8,agg_static,1787891273.0100336,0,2048,,0,0,0,0,0,0,0,1,4,0.20140528678894043,0;1;2;0,18,0,2,57,1787891295.2456298,,0,1,0,1,1,1,0,0,0,0,2048,2048,40.96,0.0,40.96,6593.008279800415,-6552.048279800415,584.226797,2608.0,40.96
15,upsert,2,L0001,2560,2048,1787891282.90156,9.890860557556152,16,3,15,1787891273.0106995,base,agg_static@rho0.8,1,0.55,0.0,4,0.8,agg_static,1787891273.010686,2048,512,3.716932535171509,0,2048,2048,0,2048,1,0,2,7,0.20140528678894043,0;0;0;0,18,0,1,40,1787891283.672119,,0,2,2,0,0,2,2,0,0,2048,2560,512,10.24,0.0,10.24,9890.860557556152,-9880.620557556153,670.151568,2608.0,51.2
15,upsert,2,L0001,2560,2048,1787891282.90156,9.890860557556152,16,3,15,1787891273.0106995,base,agg_static@rho0.8,1,0.55,0.0,4,0.8,agg_static,1787891273.010686,2048,512,3.716932535171509,0,2048,2048,0,2048,1,0,2,7,0.20140528678894043,0;0;0;0,18,0,2,41,1787891283.6721911,,0,2,2,0,1,2,2,1,1,2048,2560,512,10.24,0.0,10.24,9890.860557556152,-9880.620557556153,766.798175,2080.0,49.2
15,upsert,2,L0001,2560,2048,1787891282.90156,9.890860557556152,16,3,15,1787891273.0106995,base,agg_static@rho0.8,1,0.55,0.0,4,0.8,agg_static,1787891273.010686,2048,512,3.716932535171509,0,2048,2048,0,2048,1,0,2,7,0.20140528678894043,0;0;0;0,18,0,3,56,1787891295.2455652,,0,2,2,0,1,2,2,0,0,2048,2560,512,10.24,0.0,10.24,9890.860557556152,-9880.620557556153,191.774461,2608.0,51.2
17,upsert,2,L0007,2560,2048,1787891282.9017653,8.233262062072754,18,1,17,1787891274.6685033,base,agg_static@rho0.8,1,0.55,0.0,4,0.8,agg_static,1787891274.6684844,2048,512,7.133691072463989,0,2048,2048,0,2048,1,0,2,7,0.6626999594948508,0;1;0;1,24,0,1,63,1787891296.3959324,,0,2,2,0,2,2,2,0,0,0,0,0,0.0,0.0,0.0,8233.262062072754,-8233.262062072754,678.753581,2608.0,0.0
18,upsert,1,L0013,2048,0,1787891282.9018185,8.233130931854248,19,2,18,1787891274.6686876,base,agg_static@rho0.8,1,0.55,0.0,4,0.8,agg_static,1787891274.668674,0,2048,,0,0,0,0,0,0,0,1,8,0.6626999594948508,0;0;0;1,24,0,1,49,1787891288.2310808,,0,1,1,0,1,1,1,0,0,0,0,0,0.0,0.0,0.0,8233.130931854248,-8233.130931854248,660.704676,2080.0,0.0
18,upsert,1,L0013,2048,0,1787891282.9018185,8.233130931854248,19,2,18,1787891274.6686876,base,agg_static@rho0.8,1,0.55,0.0,4,0.8,agg_static,1787891274.668674,0,2048,,0,0,0,0,0,0,0,1,8,0.6626999594948508,0;0;0;1,24,0,2,59,1787891295.2457242,,0,1,1,0,1,1,1,0,0,0,0,0,0.0,0.0,0.0,8233.130931854248,-8233.130931854248,852.638758,2608.0,0.0
20,upsert,0,L0024,2048,0,1787891286.7823312,10.459394693374634,21,1,20,1787891276.3229365,base,agg_static@rho0.8,1,0.55,0.0,4,0.8,agg_static,1787891276.3229115,0,2048,,0,0,0,0,0,0,0,1,9,1.037154535452525,0;1;1;1,28,0,1,54,1787891291.4700894,,0,2,0,1,2,2,0,0,1,0,2048,2048,40.96,2.0,38.96,10459.394693374634,-10420.434693374635,3207.317574,2080.0,38.96
64,upsert,3,L0070,2048,0,1787891319.5883257,19.984230518341064,63,1,64,1787891299.6040952,base,agg_static@rho0.8,1,0.55,0.0,4,0.8,agg_static,1787891299.6040707,0,2048,,0,0,0,0,0,0,0,1,25,9.689669206738472,1;1;1;0,83,0,1,120,1787891330.631576,,0,2,2,0,1,2,2,0,0,2560,2560,0,0.0,0.0,0.0,19984.230518341064,-19984.230518341064,163.875021,2080.0,51.2
70,upsert,2,L0068,2048,0,1787891319.5886028,18.541298389434814,69,2,70,1787891301.0473044,base,agg_static@rho0.8,1,0.55,0.0,4,0.8,agg_static,1787891301.04729,0,2048,,0,0,0,0,0,0,0,1,31,9.689669206738472,0;1;0;0,87,0,1,111,1787891320.2785027,,0,0,2,1,0,0,2,0,1,0,2048,2048,40.96,2.0,38.96,18541.298389434814,-18502.338389434815,4084.970184,2080.0,38.96
70,upsert,2,L0068,2048,0,1787891319.5886028,18.541298389434814,69,2,70,1787891301.0473044,base,agg_static@rho0.8,1,0.55,0.0,4,0.8,agg_static,1787891301.04729,0,2048,,0,0,0,0,0,0,0,1,31,9.689669206738472,0;1;0;0,87,0,2,121,1787891330.6316435,,0,1,2,1,1,1,2,0,1,0,2048,2048,40.96,2.0,38.96,18541.298389434814,-18502.338389434815,314.617254,2080.0,38.96
71,upsert,1,L0109,2048,0,1787891319.5886436,18.540974855422974,70,1,71,1787891301.0476687,base,agg_static@rho0.8,1,0.55,0.0,4,0.8,agg_static,1787891301.0476563,0,2048,,0,0,0,0,0,0,0,1,32,9.689669206738472,0;0;0;0,87,0,1,119,1787891326.8827176,,0,3,1,1,3,3,1,0,1,0,2048,2048,40.96,2.0,38.96,18540.974855422974,-18502.014855422975,3284.440087,2080.0,38.96
74,upsert,2,L0070,2560,0,1787891325.857008,23.00233483314514,73,1,74,1787891302.8546731,base,agg_static@rho0.8,1,0.55,0.0,4,0.8,agg_static,1787891302.8546593,0,2560,,0,0,0,0,0,0,0,2,25,12.073145397007465,1;0;0;0,91,0,1,120,1787891330.631576,,0,3,2,1,1,3,2,0,0,2048,2560,512,10.24,0.0,10.24,23002.33483314514,-22992.09483314514,163.875021,2080.0,51.2
75,upsert,0,L0064,2048,0,1787891325.8570604,23.00198793411255,74,1,75,1787891302.8550725,base,agg_static@rho0.8,1,0.55,0.0,4,0.8,agg_static,1787891302.8550594,0,2048,,0,0,0,0,0,0,0,1,26,12.073145397007465,0;0;0;0,91,0,1,125,1787891332.0907848,,1,0,0,0,,0,0,0,0,0,0,0,0.0,0.0,0.0,23001.98793411255,-23001.98793411255,129.16043,3136.0,0.0
91,upsert,0,L0064,2560,2048,1787891325.8576884,14.938761234283447,89,1,91,1787891310.9189272,base,agg_static@rho0.8,1,0.55,0.0,4,0.8,agg_static,1787891310.9189098,2048,512,8.063850402832031,0,0,0,0,0,0,0,2,42,12.073145397007465,0;0;0;0,107,1,1,125,1787891332.0907848,,0,0,0,0,0,0,0,0,0,0,0,0,0.0,0.0,0.0,14938.761234283447,-14938.761234283447,129.16043,3136.0,0.0
1,upsert,2,L0007,2048,0,1787891364.5973375,17.635501861572266,1,1,1,1787891346.9618356,base,agg_static@rho1.0,1,0.55,0.0,4,1.0,agg_static,1787891346.9618223,0,2048,,0,0,0,0,0,0,0,1,2,,0;1;0;1,4,0,1,63,1787891373.9177427,,0,3,3,0,2,3,3,1,1,512,512,0,0.0,0.0,0.0,17635.501861572266,-17635.501861572266,2263.04238,2608.0,8.24
7,upsert,2,L0001,2048,0,1787891365.8124819,17.37991237640381,3,1,7,1787891348.4325695,base,agg_static@rho1.0,1,0.55,0.0,4,1.0,agg_static,1787891348.43256,0,2048,,0,0,0,0,0,0,0,1,8,,0;0;0;0,8,0,1,56,1787891371.9013717,,0,3,3,0,1,3,3,0,0,2560,2560,0,0.0,0.0,0.0,17379.91237640381,-17379.91237640381,106.591795,2608.0,51.2
12,upsert,0,L0022,2048,0,1787891367.6254418,15.785686492919922,4,2,12,1787891351.8397553,base,agg_static@rho1.0,1,0.55,0.0,4,1.0,agg_static,1787891351.8397307,0,2048,,0,0,0,0,0,0,0,1,13,,0;1;1;1,16,0,1,55,1787891369.495986,,0,2,0,1,2,2,0,0,1,0,2048,2048,40.96,2.0,38.96,15785.686492919922,-15746.726492919923,1889.280098,2080.0,38.96
12,upsert,0,L0022,2048,0,1787891367.6254418,15.785686492919922,4,2,12,1787891351.8397553,base,agg_static@rho1.0,1,0.55,0.0,4,1.0,agg_static,1787891351.8397307,0,2048,,0,0,0,0,0,0,0,1,13,,0;1;1;1,16,0,2,57,1787891371.901436,,0,2,0,1,2,2,0,0,0,0,2048,2048,40.96,0.0,40.96,15785.686492919922,-15744.726492919923,688.808564,2608.0,40.96
15,upsert,3,L0001,2560,0,1787891367.625621,15.785511493682861,6,1,15,1787891351.8401096,base,agg_static@rho1.0,1,0.55,0.0,4,1.0,agg_static,1787891351.8400984,0,2560,,0,0,0,0,0,0,0,2,16,,0;0;0;0,16,0,1,56,1787891371.9013717,,0,2,3,1,1,2,3,0,0,2048,2560,512,10.24,0.0,10.24,15785.511493682861,-15775.271493682862,106.591795,2608.0,51.2
17,upsert,3,L0007,2560,0,1787891367.6257284,13.763226985931396,8,1,17,1787891353.8625014,base,agg_static@rho1.0,1,0.55,0.0,4,1.0,agg_static,1787891353.8624864,0,2560,,0,0,0,0,0,0,0,2,18,,0;1;1;0,20,0,1,63,1787891373.9177427,,0,2,3,1,2,2,3,0,1,0,512,512,10.24,2.0,8.24,13763.226985931396,-13754.986985931397,2263.04238,2608.0,8.24
18,upsert,1,L0013,2048,0,1787891367.6257753,13.763171672821045,9,1,18,1787891353.8626037,base,agg_static@rho1.0,1,0.55,0.0,4,1.0,agg_static,1787891353.862592,0,2048,,0,0,0,0,0,0,0,1,19,,0;0;1;0,20,0,1,59,1787891371.9015296,,0,1,1,0,1,1,1,0,0,0,0,0,0.0,0.0,0.0,13763.171672821045,-13763.171672821045,1416.164189,2080.0,0.0
64,upsert,1,L0070,2048,0,1787891405.1210976,26.91753649711609,47,1,64,1787891378.203561,base,agg_static@rho1.0,1,0.55,0.0,4,1.0,agg_static,1787891378.2035322,0,2048,,0,0,0,0,0,0,0,1,47,15.609531389342415,1;0;1;1,73,0,1,120,1787891405.7023132,,0,1,1,0,1,1,1,0,0,0,0,0,0.0,0.0,0.0,26917.53649711609,-26917.53649711609,86.141695,2080.0,0.0
1,upsert,2,L0007,2048,0,1787891442.038546,23.91903066635132,2,1,1,1787891418.1195154,base,exact_fifo@rho0.8,1,0.55,0.0,4,0.8,exact_fifo,1787891418.119502,0,2048,,0,0,0,0,0,0,0,1,2,,0;1;0;1,4,0,1,63,1787891447.6319067,,0,0,2,1,0,0,2,0,1,0,2048,2048,40.96,2.0,38.96,23919.03066635132,-23880.07066635132,2748.11586,2080.0,38.96
5,upsert,3,L0021,2048,0,1787891443.4865584,23.597540140151978,6,2,5,1787891419.8890183,base,exact_fifo@rho0.8,1,0.55,0.0,4,0.8,exact_fifo,1787891419.8890047,0,2048,,0,0,0,0,0,0,0,1,6,,0;1;1;0,8,0,1,58,1787891444.8985536,,0,3,3,0,3,3,3,0,0,0,0,0,0.0,0.0,0.0,23597.540140151978,-23597.540140151978,717.116056,2080.0,0.0
5,upsert,3,L0021,2048,0,1787891443.4865584,23.597540140151978,6,2,5,1787891419.8890183,base,exact_fifo@rho0.8,1,0.55,0.0,4,0.8,exact_fifo,1787891419.8890047,0,2048,,0,0,0,0,0,0,0,1,6,,0;1;1;0,8,0,2,61,1787891447.6318164,,0,0,3,1,0,0,3,0,0,0,2048,2048,40.96,0.0,40.96,23597.540140151978,-23556.58014015198,925.915562,2608.0,40.96
7,upsert,2,L0001,2048,0,1787891443.4866707,23.597448348999023,8,1,7,1787891419.8892224,base,exact_fifo@rho0.8,1,0.55,0.0,4,0.8,exact_fifo,1787891419.8892126,0,2048,,0,0,0,0,0,0,0,1,8,,0;0;0;0,8,0,1,56,1787891444.8984432,,0,0,2,1,0,0,2,0,0,0,2048,2048,40.96,0.0,40.96,23597.448348999023,-23556.488348999024,524.320091,2080.0,40.96
5,upsert,3,L0021,2048,0,1787891730.5707667,13.414941310882568,2,2,5,1787891717.1558254,base,agg_full@rho0.5,1,0.55,0.0,4,0.5,agg_full,1787891717.1558108,0,2048,,0,0,0,0,0,0,0,1,6,,0;1;1;0,8,0,1,58,1787891743.915618,,0,2,3,1,2,2,3,0,1,0,2048,2048,40.96,2.0,38.96,13414.941310882568,-13375.98131088257,977.199139,2080.0,38.96
5,upsert,3,L0021,2048,0,1787891730.5707667,13.414941310882568,2,2,5,1787891717.1558254,base,agg_full@rho0.5,1,0.55,0.0,4,0.5,agg_full,1787891717.1558108,0,2048,,0,0,0,0,0,0,0,1,6,,0;1;1;0,8,0,2,61,1787891745.3087368,,0,2,3,1,2,2,3,0,0,0,2048,2048,40.96,0.0,40.96,13414.941310882568,-13373.98131088257,715.285112,2608.0,40.96
7,upsert,2,L0001,2048,0,1787891730.5708804,13.414872646331787,3,3,7,1787891717.1560078,base,agg_full@rho0.5,1,0.55,0.0,4,0.5,agg_full,1787891717.1559985,0,2048,,0,0,0,0,0,0,0,1,8,,0;0;0;0,8,0,1,40,1787891734.2385805,,0,0,2,1,0,0,2,0,0,0,2048,2048,40.96,0.0,40.96,13414.872646331787,-13373.912646331788,1425.421193,2080.0,40.96
7,upsert,2,L0001,2048,0,1787891730.5708804,13.414872646331787,3,3,7,1787891717.1560078,base,agg_full@rho0.5,1,0.55,0.0,4,0.5,agg_full,1787891717.1559985,0,2048,,0,0,0,0,0,0,0,1,8,,0;0;0;0,8,0,2,41,1787891734.2386432,,0,0,2,1,0,0,2,0,1,0,2048,2048,40.96,2.0,38.96,13414.872646331787,-13375.912646331788,1547.670478,2080.0,38.96
7,upsert,2,L0001,2048,0,1787891730.5708804,13.414872646331787,3,3,7,1787891717.1560078,base,agg_full@rho0.5,1,0.55,0.0,4,0.5,agg_full,1787891717.1559985,0,2048,,0,0,0,0,0,0,0,1,8,,0;0;0;0,8,0,3,56,1787891743.9155104,,0,3,3,0,1,3,3,0,0,2560,2560,0,0.0,0.0,0.0,13414.872646331787,-13414.872646331787,131.225906,2608.0,51.2
12,upsert,0,L0022,2048,0,1787891736.1708124,14.423382759094238,4,2,12,1787891721.7474296,base,agg_full@rho0.5,1,0.55,0.0,4,0.5,agg_full,1787891721.7474022,0,2048,,0,0,0,0,0,0,0,1,13,,0;1;1;1,16,0,1,55,1787891742.0456119,,0,1,0,1,1,1,0,0,1,0,2048,2048,40.96,2.0,38.96,14423.382759094238,-14384.42275909424,1455.8736,2080.0,38.96
12,upsert,0,L0022,2048,0,1787891736.1708124,14.423382759094238,4,2,12,1787891721.7474296,base,agg_full@rho0.5,1,0.55,0.0,4,0.5,agg_full,1787891721.7474022,0,2048,,0,0,0,0,0,0,0,1,13,,0;1;1;1,16,0,2,57,1787891743.9155712,,0,0,0,0,0,0,0,0,0,0,0,0,0.0,0.0,0.0,14423.382759094238,-14423.382759094238,715.617684,2608.0,0.0
15,upsert,3,L0001,2560,0,1787891736.171052,14.423255920410156,7,1,15,1787891721.747796,base,agg_full@rho0.5,1,0.55,0.0,4,0.5,agg_full,1787891721.7477849,0,2560,,0,0,0,0,0,0,0,2,16,,0;0;0;0,16,0,1,56,1787891743.9155104,,0,2,3,1,1,2,3,0,0,2048,2560,512,10.24,0.0,10.24,14423.255920410156,-14413.015920410156,131.225906,2608.0,51.2
17,upsert,3,L0007,2560,0,1787891736.1711514,12.402602195739746,9,1,17,1787891723.7685492,base,agg_full@rho0.5,1,0.55,0.0,4,0.5,agg_full,1787891723.7685337,0,2560,,0,0,0,0,0,0,0,2,18,,0;1;1;0,20,0,1,63,1787891745.308825,,0,2,3,1,2,2,3,0,1,0,2560,2560,51.2,2.0,49.2,12402.602195739746,-12353.402195739745,1635.686098,2608.0,49.2
18,upsert,1,L0013,2048,0,1787891736.1712337,12.402586698532104,10,2,18,1787891723.768647,base,agg_full@rho0.5,1,0.55,0.0,4,0.5,agg_full,1787891723.768635,0,2048,,0,0,0,0,0,0,0,1,19,,0;0;1;0,20,0,1,49,1787891740.081681,,0,0,1,1,0,0,1,0,0,0,2048,2048,40.96,0.0,40.96,12402.586698532104,-12361.626698532105,626.327453,2080.0,40.96
18,upsert,1,L0013,2048,0,1787891736.1712337,12.402586698532104,10,2,18,1787891723.768647,base,agg_full@rho0.5,1,0.55,0.0,4,0.5,agg_full,1787891723.768635,0,2048,,0,0,0,0,0,0,0,1,19,,0;0;1;0,20,0,2,59,1787891743.9156616,,0,2,1,1,2,2,1,0,0,0,2048,2048,40.96,0.0,40.96,12402.586698532104,-12361.626698532105,845.796422,2608.0,40.96
20,upsert,0,L0024,2048,0,1787891739.054612,13.533478498458862,12,1,20,1787891725.5211334,base,agg_full@rho0.5,1,0.55,0.0,4,0.5,agg_full,1787891725.521105,0,2048,,0,0,0,0,0,0,0,1,21,,0;1;1;1,24,0,1,54,1787891742.045562,,0,1,0,1,1,1,0,0,0,0,2048,2048,40.96,0.0,40.96,13533.478498458862,-13492.518498458863,609.46799,2080.0,40.96
64,upsert,3,L0070,2048,0,1787891759.5757284,10.590051651000977,54,1,64,1787891748.9856768,base,agg_full@rho0.5,1,0.55,0.0,4,0.5,agg_full,1787891748.985652,0,2048,,0,0,0,0,0,0,0,1,32,13.384676165878773,1;1;1;0,79,0,1,120,1787891776.8493707,,0,2,2,0,3,2,2,0,0,1024,1024,0,0.0,0.0,0.0,10590.051651000977,-10590.051651000977,195.970227,2080.0,20.48
70,upsert,1,L0068,2048,0,1787891763.0733445,12.230821132659912,60,3,70,1787891750.8425233,base,agg_full@rho0.5,1,0.55,0.0,4,0.5,agg_full,1787891750.8425083,0,2048,,0,0,0,0,0,0,0,1,38,13.384676165878773,1;0;0;0,83,0,1,104,1787891769.1891356,,0,3,1,1,3,3,1,0,0,0,2048,2048,40.96,0.0,40.96,12230.821132659912,-12189.861132659913,857.457046,2080.0,40.96
70,upsert,1,L0068,2048,0,1787891763.0733445,12.230821132659912,60,3,70,1787891750.8425233,base,agg_full@rho0.5,1,0.55,0.0,4,0.5,agg_full,1787891750.8425083,0,2048,,0,0,0,0,0,0,0,1,38,13.384676165878773,1;0;0;0,83,0,2,111,1787891770.7318175,,0,1,1,0,1,1,1,0,0,0,0,0,0.0,0.0,0.0,12230.821132659912,-12230.821132659912,807.277209,2608.0,0.0
70,upsert,1,L0068,2048,0,1787891763.0733445,12.230821132659912,60,3,70,1787891750.8425233,base,agg_full@rho0.5,1,0.55,0.0,4,0.5,agg_full,1787891750.8425083,0,2048,,0,0,0,0,0,0,0,1,38,13.384676165878773,1;0;0;0,83,0,3,121,1787891776.8494353,,0,0,1,1,0,0,1,0,0,0,2048,2048,40.96,0.0,40.96,12230.821132659912,-12189.861132659913,113.243471,2080.0,40.96
71,upsert,0,L0109,2048,0,1787891763.0733933,12.230494976043701,61,1,71,1787891750.8428984,base,agg_full@rho0.5,1,0.55,0.0,4,0.5,agg_full,1787891750.8428857,0,2048,,0,0,0,0,0,0,0,1,39,13.384676165878773,0;0;0;0,83,0,1,119,1787891774.179912,,0,2,0,1,2,2,0,0,0,0,2048,2048,40.96,0.0,40.96,12230.494976043701,-12189.534976043702,605.784992,2080.0,40.96
74,upsert,2,L0070,2560,0,1787891766.5707777,13.509593963623047,64,1,74,1787891753.0611837,base,agg_full@rho0.5,1,0.55,0.0,4,0.5,agg_full,1787891753.061169,0,2560,,0,0,0,0,0,0,0,2,34,12.702997043728828,0;1;0;0,87,0,1,120,1787891776.8493707,,1,2,2,0,,2,2,0,0,0,0,0,0.0,0.0,0.0,13509.593963623047,-13509.593963623047,195.970227,2080.0,20.48
75,upsert,1,L0064,2048,0,1787891766.5709124,13.509328842163086,65,3,75,1787891753.0615835,base,agg_full@rho0.5,1,0.55,0.0,4,0.5,agg_full,1787891753.061571,0,2048,,0,0,0,0,0,0,0,1,35,12.702997043728828,0;0;0;0,87,0,1,113,1787891772.4234285,,0,0,0,0,1,0,0,0,0,512,512,0,0.0,0.0,0.0,13509.328842163086,-13509.328842163086,95.728695,2080.0,10.24
75,upsert,1,L0064,2048,0,1787891766.5709124,13.509328842163086,65,3,75,1787891753.0615835,base,agg_full@rho0.5,1,0.55,0.0,4,0.5,agg_full,1787891753.061571,0,2048,,0,0,0,0,0,0,0,1,35,12.702997043728828,0;0;0;0,87,0,2,115,1787891772.4235313,,0,0,0,0,3,0,0,1,1,2560,2560,0,0.0,0.0,0.0,13509.328842163086,-13509.328842163086,182.876267,2608.0,49.2
75,upsert,1,L0064,2048,0,1787891766.5709124,13.509328842163086,65,3,75,1787891753.0615835,base,agg_full@rho0.5,1,0.55,0.0,4,0.5,agg_full,1787891753.061571,0,2048,,0,0,0,0,0,0,0,1,35,12.702997043728828,0;0;0;0,87,0,3,125,1787891778.3919063,,1,1,1,0,,1,1,0,0,0,0,0,0.0,0.0,0.0,13509.328842163086,-13509.328842163086,238.826973,3136.0,10.24
90,upsert,2,L0070,3072,2560,1787891770.068443,8.69149374961853,80,1,90,1787891761.3769493,base,agg_full@rho0.5,1,0.55,0.0,4,0.5,agg_full,1787891761.376932,2560,512,8.315762996673584,0,0,2048,0,2048,1,0,3,35,11.937795385718346,1;0;0;0,103,1,1,120,1787891776.8493707,,0,2,2,0,3,2,2,0,0,512,1024,512,10.24,0.0,10.24,8691.49374961853,-8681.25374961853,195.970227,2080.0,20.48
91,upsert,0,L0064,2560,0,1787891770.0685685,8.691141128540039,81,3,91,1787891761.3774273,base,agg_full@rho0.5,1,0.55,0.0,4,0.5,agg_full,1787891761.377414,0,2560,,0,0,0,0,0,0,0,2,36,11.937795385718346,0;0;0;0,103,0,1,113,1787891772.4234285,,0,1,0,1,1,1,0,0,0,0,512,512,10.24,0.0,10.24,8691.141128540039,-8680.90112854004,95.728695,2080.0,10.24
91,upsert,0,L0064,2560,0,1787891770.0685685,8.691141128540039,81,3,91,1787891761.3774273,base,agg_full@rho0.5,1,0.55,0.0,4,0.5,agg_full,1787891761.377414,0,2560,,0,0,0,0,0,0,0,2,36,11.937795385718346,0;0;0;0,103,0,2,115,1787891772.4235313,,0,1,0,1,3,1,0,1,1,2048,2560,512,10.24,0.0,10.24,8691.141128540039,-8680.90112854004,182.876267,2608.0,49.2
91,upsert,0,L0064,2560,0,1787891770.0685685,8.691141128540039,81,3,91,1787891761.3774273,base,agg_full@rho0.5,1,0.55,0.0,4,0.5,agg_full,1787891761.377414,0,2560,,0,0,0,0,0,0,0,2,36,11.937795385718346,0;0;0;0,103,0,3,125,1787891778.3919063,,0,1,1,0,0,1,1,0,0,512,512,0,0.0,0.0,0.0,8691.141128540039,-8691.141128540039,238.826973,3136.0,10.24
94,upsert,1,L0066,2048,0,1787891770.0687387,6.059490203857422,84,4,94,1787891764.0092485,base,agg_full@rho0.5,1,0.55,0.0,4,0.5,agg_full,1787891764.0092316,0,2048,,0,0,0,0,0,0,0,1,32,11.4189827516675,1;0;0;0,107,0,1,114,1787891772.4234838,,0,3,1,1,3,3,1,0,0,0,2048,2048,40.96,0.0,40.96,6059.490203857422,-6018.530203857422,702.452169,2080.0,40.96
94,upsert,1,L0066,2048,0,1787891770.0687387,6.059490203857422,84,4,94,1787891764.0092485,base,agg_full@rho0.5,1,0.55,0.0,4,0.5,agg_full,1787891764.0092316,0,2048,,0,0,0,0,0,0,0,1,32,11.4189827516675,1;0;0;0,107,0,2,118,1787891774.1798644,,0,2,1,1,2,2,1,0,1,0,2048,2048,40.96,2.0,38.96,6059.490203857422,-6020.530203857422,2194.882933,2608.0,38.96
94,upsert,1,L0066,2048,0,1787891770.0687387,6.059490203857422,84,4,94,1787891764.0092485,base,agg_full@rho0.5,1,0.55,0.0,4,0.5,agg_full,1787891764.0092316,0,2048,,0,0,0,0,0,0,0,1,32,11.4189827516675,1;0;0;0,107,0,3,122,1787891776.849486,,0,3,1,1,3,3,1,0,1,0,2048,2048,40.96,2.0,38.96,6059.490203857422,-6020.530203857422,260.346793,2080.0,38.96
94,upsert,1,L0066,2048,0,1787891770.0687387,6.059490203857422,84,4,94,1787891764.0092485,base,agg_full@rho0.5,1,0.55,0.0,4,0.5,agg_full,1787891764.0092316,0,2048,,0,0,0,0,0,0,0,1,32,11.4189827516675,1;0;0;0,107,0,4,126,1787891778.3919628,,0,3,1,1,3,3,1,0,1,0,2048,2048,40.96,2.0,38.96,6059.490203857422,-6020.530203857422,410.883348,2608.0,38.96
95,upsert,0,L0120,2048,0,1787891770.068785,6.0591371059417725,85,1,95,1787891764.0096478,base,agg_full@rho0.5,1,0.55,0.0,4,0.5,agg_full,1787891764.0096323,0,2048,,0,0,0,0,0,0,0,1,33,11.4189827516675,0;0;0;0,107,0,1,110,1787891770.731766,,0,3,3,0,1,3,3,0,0,2560,2560,0,0.0,0.0,0.0,6059.1371059417725,-6059.1371059417725,825.508253,2608.0,51.2
96,upsert,3,L0120,2560,0,1787891770.068827,3.75447416305542,86,1,96,1787891766.3143528,base,agg_full@rho0.5,1,0.55,0.0,4,0.5,agg_full,1787891766.3143194,0,2560,,0,0,0,0,0,0,0,2,34,11.4189827516675,1;1;1;0,111,0,1,110,1787891770.731766,,0,0,3,1,1,0,3,1,0,2048,2560,512,10.24,-2.0,12.24,3754.47416305542,-3742.23416305542,825.508253,2608.0,51.2
99,upsert,1,L0064,3072,2048,1787891773.5663474,7.250457763671875,89,1,99,1787891766.3158896,base,agg_full@rho0.5,1,0.55,0.0,4,0.5,agg_full,1787891766.3158715,2048,1024,13.254300594329834,0,0,0,0,0,0,0,3,37,11.4189827516675,0;0;0;0,111,1,1,125,1787891778.3919063,,0,0,1,1,0,0,1,0,0,0,512,512,10.24,0.0,10.24,7250.457763671875,-7240.217763671875,238.826973,3136.0,10.24
1,upsert,2,L0007,2048,0,1787891792.1778812,0.0031707286834716797,2,1,1,1787891792.1747105,base,agg_static@rho1.2,1,0.55,0.0,4,1.2,agg_static,1787891792.1746974,0,2048,,0,0,0,0,0,0,0,1,2,,0;1;0;1,4,0,1,63,1787891822.320447,,1,2,2,0,,2,2,1,1,0,0,0,0.0,0.0,0.0,3.1707286834716797,-3.1707286834716797,2287.14023,2608.0,49.2
5,upsert,3,L0021,2048,0,1787891799.0472226,5.311501979827881,6,2,5,1787891793.7357206,base,agg_static@rho1.2,1,0.55,0.0,4,1.2,agg_static,1787891793.7357051,0,2048,,0,0,0,0,0,0,0,1,2,0.0031555891036987305,0;1;1;0,8,0,1,58,1787891819.062277,,0,1,3,1,1,1,3,0,1,0,2048,2048,40.96,2.0,38.96,5311.501979827881,-5272.541979827881,2633.477145,2080.0,38.96
5,upsert,3,L0021,2048,0,1787891799.0472226,5.311501979827881,6,2,5,1787891793.7357206,base,agg_static@rho1.2,1,0.55,0.0,4,1.2,agg_static,1787891793.7357051,0,2048,,0,0,0,0,0,0,0,1,2,0.0031555891036987305,0;1;1;0,8,0,2,61,1787891822.3203568,,0,1,3,1,1,1,3,0,0,0,2048,2048,40.96,0.0,40.96,5311.501979827881,-5270.541979827881,650.101327,2608.0,40.96
7,upsert,2,L0001,2048,0,1787891801.2269936,7.490950584411621,8,3,7,1787891793.736043,base,agg_static@rho1.2,1,0.55,0.0,4,1.2,agg_static,1787891793.736031,0,2048,,0,0,0,0,0,0,0,1,4,0.0031555891036987305,0;0;0;0,8,0,1,40,1787891809.151228,,0,1,2,1,1,1,2,0,0,0,2048,2048,40.96,0.0,40.96,7490.950584411621,-7449.990584411621,1272.378544,2080.0,40.96
7,upsert,2,L0001,2048,0,1787891801.2269936,7.490950584411621,8,3,7,1787891793.736043,base,agg_static@rho1.2,1,0.55,0.0,4,1.2,agg_static,1787891793.736031,0,2048,,0,0,0,0,0,0,0,1,4,0.0031555891036987305,0;0;0;0,8,0,2,41,1787891809.1512902,,0,1,2,1,1,1,2,0,1,0,2048,2048,40.96,2.0,38.96,7490.950584411621,-7451.990584411621,1379.376859,2080.0,38.96
7,upsert,2,L0001,2048,0,1787891801.2269936,7.490950584411621,8,3,7,1787891793.736043,base,agg_static@rho1.2,1,0.55,0.0,4,1.2,agg_static,1787891793.736031,0,2048,,0,0,0,0,0,0,0,1,4,0.0031555891036987305,0;0;0;0,8,0,3,56,1787891819.0621495,,0,3,3,0,0,3,3,0,0,2560,2560,0,0.0,0.0,0.0,7490.950584411621,-7490.950584411621,114.002711,2608.0,51.2
12,upsert,0,L0022,2048,0,1787891815.2495213,17.726834297180176,13,2,12,1787891797.522687,base,agg_static@rho1.2,1,0.55,0.0,4,1.2,agg_static,1787891797.522659,0,2048,,0,0,0,0,0,0,0,1,9,0.0031555891036987305,0;1;1;1,16,0,1,55,1787891816.388041,,0,0,0,0,0,0,0,0,0,0,0,0,0.0,0.0,0.0,17726.834297180176,-17726.834297180176,755.148548,2080.0,0.0
12,upsert,0,L0022,2048,0,1787891815.2495213,17.726834297180176,13,2,12,1787891797.522687,base,agg_static@rho1.2,1,0.55,0.0,4,1.2,agg_static,1787891797.522659,0,2048,,0,0,0,0,0,0,0,1,9,0.0031555891036987305,0;1;1;1,16,0,2,57,1787891819.0622282,,0,2,0,1,2,2,0,0,0,0,2048,2048,40.96,0.0,40.96,17726.834297180176,-17685.874297180177,706.776702,2608.0,40.96
15,upsert,3,L0001,2560,0,1787891815.2496986,17.726397275924683,16,1,15,1787891797.5233014,base,agg_static@rho1.2,1,0.55,0.0,4,1.2,agg_static,1787891797.5232892,0,2560,,0,0,0,0,0,0,0,2,12,0.0031555891036987305,0;0;0;0,16,0,1,56,1787891819.0621495,,0,2,3,1,0,2,3,0,0,2048,2560,512,10.24,0.0,10.24,17726.397275924683,-17716.15727592468,114.002711,2608.0,51.2
17,upsert,2,L0007,2560,2048,1787891815.249779,15.853392362594604,18,1,17,1787891799.3963866,base,agg_static@rho1.2,1,0.55,0.0,4,1.2,agg_static,1787891799.3963673,2048,512,7.221669912338257,0,2048,2048,0,2048,1,0,2,11,2.0695231642041887,0;1;0;1,21,0,1,63,1787891822.320447,,0,2,2,0,1,2,2,1,1,2048,2560,512,10.24,0.0,10.24,15853.392362594604,-15843.152362594605,2287.14023,2608.0,49.2
18,upsert,3,L0013,2048,0,1787891815.2498052,15.853236198425293,19,1,18,1787891799.396569,base,agg_static@rho1.2,1,0.55,0.0,4,1.2,agg_static,1787891799.3965554,0,2048,,0,0,0,0,0,0,0,1,12,2.0695231642041887,0;1;0;0,21,0,1,59,1787891819.0623188,,0,1,3,1,1,1,3,0,2,0,2048,2048,40.96,4.0,36.96,15853.236198425293,-15816.276198425294,2632.923889,2080.0,36.96
