update_seq,update_kind,instance,digest,coverage_after,pre_delivery_visible_cov,delivered_at_unix,signaling_delay_s,writer_seq,future_use_count,seq,t_send_unix,point_id,cell_id,rep,zipf_alpha,overlap,concurrency,rho,policy,send_ts_unix,coverage_before_source,source_coverage_delta,update_age_s,advertised_before,dispatcher_visible_before,best_visible_cov,second_visible_cov,visible_cov_gap,replica_visible_count,source_best_cov,digest_req_count_recent,in_flight_frames,ewma_delivery_delay_s,dispatcher_loads,dispatcher_rr,supersedes_in_flight,use_index,use_request_id,use_dispatch_time_unix,use_discard,superseded_before_use,decision_without_update,decision_with_update,decision_flip,native_instance_without,selected_instance_without,selected_instance_with,selected_load_without,selected_load_with,reusable_coverage_without,reusable_coverage_with,reusable_coverage_gain,estimated_prefill_gain_ms,estimated_queue_delta_ms,estimated_net_gain_ms,signaling_cost_ms,oracle_value_ms,oracle_value_net_of_cost_ms,realized_ttft_ms,realized_cached_tokens,world1_expected_net_ms
6,upsert,1,L0041,2048,0,1787894253.435418,0.0033729076385498047,7,2,6,1787894253.432045,alphalow,agg_full@rho0.8,0,0.2,0.0,4,0.8,agg_full,1787894253.4320326,0,2048,,0,0,0,0,0,0,0,1,3,0.0033492445945739746,0;0;1;0,8,0,1,33,1787894269.9717798,,0,0,1,1,0,0,1,0,0,0,2048,2048,40.96,0.0,40.96,3.3729076385498047,40.96,37.587092361450196,748.406806,2080.0,40.96
6,upsert,1,L0041,2048,0,1787894253.435418,0.0033729076385498047,7,2,6,1787894253.432045,alphalow,agg_full@rho0.8,0,0.2,0.0,4,0.8,agg_full,1787894253.4320326,0,2048,,0,0,0,0,0,0,0,1,3,0.0033492445945739746,0;0;1;0,8,0,2,50,1787894281.424788,,0,2,1,1,2,2,1,0,1,0,2048,2048,40.96,2.0,38.96,3.3729076385498047,38.96,35.587092361450196,4062.1512,2608.0,38.96
9,upsert,1,L0031,2048,0,1787894255.5578835,0.0014233589172363281,10,1,9,1787894255.5564601,alphalow,agg_full@rho0.8,0,0.2,0.0,4,0.8,agg_full,1787894255.5564535,0,2048,,0,0,0,0,0,0,0,1,2,0.003390073776245117,0;0;1;1,12,0,1,51,1787894281.4248037,,0,2,1,1,2,2,1,0,2,0,2048,2048,40.96,4.0,36.96,1.4233589172363281,36.96,35.53664108276367,4061.864564,2608.0,36.96
13,upsert,2,L0023,2048,0,1787894263.6768105,5.788668394088745,14,2,13,1787894257.888142,alphalow,agg_full@rho0.8,0,0.2,0.0,4,0.8,agg_full,1787894257.888136,0,2048,,0,0,0,0,0,0,0,1,2,0.0027331908543904624,0;1;0;1,16,0,1,34,1787894269.9717984,,0,3,2,1,3,3,2,0,1,0,2048,2048,40.96,2.0,38.96,5788.668394088745,38.96,-5749.708394088745,3229.170735,2080.0,38.96
13,upsert,2,L0023,2048,0,1787894263.6768105,5.788668394088745,14,2,13,1787894257.888142,alphalow,agg_full@rho0.8,0,0.2,0.0,4,0.8,agg_full,1787894257.888136,0,2048,,0,0,0,0,0,0,0,1,2,0.0027331908543904624,0;1;0;1,16,0,2,63,1787894291.6195858,,1,2,2,0,,2,2,0,0,0,0,0,0.0,0.0,0.0,5788.668394088745,0.0,-5788.668394088745,110.893998,2080.0,0.0
14,upsert,1,L0022,2048,0,1787894263.6769066,5.788689136505127,15,1,14,1787894257.8882174,alphalow,agg_full@rho0.8,0,0.2,0.0,4,0.8,agg_full,1787894257.8882124,0,2048,,0,0,0,0,0,0,0,2,3,0.0027331908543904624,0;0;0;1,16,0,1,45,1787894279.4359539,,0,3,3,0,3,3,3,0,0,0,0,0,0.0,0.0,0.0,5788.689136505127,0.0,-5788.689136505127,839.021389,2608.0,0.0
15,upsert,3,L0022,2560,0,1787894265.6168077,7.728533029556274,16,1,15,1787894257.8882747,alphalow,agg_full@rho0.8,0,0.2,0.0,4,0.8,agg_full,1787894257.8882706,0,2560,,0,0,0,0,0,0,0,2,4,0.0027331908543904624,0;0;0;0,16,0,1,45,1787894279.4359539,,0,1,3,1,3,1,3,0,0,0,0,0,0.0,0.0,0.0,7728.533029556274,0.0,-7728.533029556274,839.021389,2608.0,0.0
22,upsert,3,L0023,2560,0,1787894276.7770765,11.932491064071655,23,1,22,1787894264.8445854,alphalow,agg_full@rho0.8,0,0.2,0.0,4,0.8,agg_full,1787894264.8445716,0,2560,,0,0,2048,0,2048,1,0,2,8,1.0732651551564534,0;0;1;0,28,0,1,63,1787894291.6195858,,0,2,2,0,2,2,2,0,0,0,0,0,0.0,0.0,0.0,11932.491064071655,0.0,-11932.491064071655,110.893998,2080.0,0.0
24,upsert,0,L0038,2048,0,1787894276.7771976,8.657759428024292,25,1,24,1787894268.1194382,alphalow,agg_full@rho0.8,0,0.2,0.0,4,0.8,agg_full,1787894268.1194136,0,2048,,0,0,0,0,0,0,0,1,9,1.4892193973064423,0;1;0;2,33,0,1,49,1787894281.4247699,,0,2,0,1,2,2,0,0,0,0,2048,2048,40.96,0.0,40.96,8657.759428024292,40.96,-8616.799428024293,843.037707,2080.0,40.96
25,upsert,3,L0005,2048,0,1787894276.7772548,8.65753960609436,26,2,25,1787894268.1197152,alphalow,agg_full@rho0.8,0,0.2,0.0,4,0.8,agg_full,1787894268.1196995,0,2048,,0,0,0,0,0,0,0,1,10,1.4892193973064423,0;1;0;1,33,0,1,61,1787894291.6194892,,0,1,3,1,1,1,3,0,1,0,2048,2048,40.96,2.0,38.96,8657.53960609436,38.96,-8618.579606094361,3769.411694,2080.0,38.96
25,upsert,3,L0005,2048,0,1787894276.7772548,8.65753960609436,26,2,25,1787894268.1197152,alphalow,agg_full@rho0.8,0,0.2,0.0,4,0.8,agg_full,1787894268.1196995,0,2048,,0,0,0,0,0,0,0,1,10,1.4892193973064423,0;1;0;1,33,0,2,62,1787894291.6195388,,0,0,3,1,0,0,3,0,2,0,2048,2048,40.96,4.0,36.96,8657.53960609436,36.96,-8620.579606094361,3768.893001,2608.0,36.96
32,upsert,2,L0014,2048,0,1787894284.9567966,11.199151754379272,33,1,32,1787894273.757645,alphalow,agg_full@rho0.8,0,0.2,0.0,4,0.8,agg_full,1787894273.7576187,0,2048,,0,0,0,0,0,0,0,1,14,2.727147416064614,0;1;1;1,44,0,1,54,1787894286.336361,,0,2,2,0,2,2,2,0,0,0,0,0,0.0,0.0,0.0,11199.151754379272,0.0,-11199.151754379272,852.762932,2080.0,0.0
34,upsert,2,L0023,3072,2048,1787894284.9568357,11.198239803314209,35,1,34,1787894273.758596,alphalow,agg_full@rho0.8,0,0.2,0.0,4,0.8,agg_full,1787894273.7585793,2048,1024,15.870443344116211,0,2048,2048,0,2048,1,0,3,16,2.727147416064614,0;0;0;1,44,0,1,63,1787894291.6195858,,0,3,2,1,2,3,2,3,0,0,0,0,0.0,-6.0,6.0,11198.239803314209,6.0,-11192.239803314209,110.893998,2080.0,0.0
35,upsert,3,L0011,2048,0,1787894284.956853,11.197848558425903,36,2,35,1787894273.7590044,alphalow,agg_full@rho0.8,0,0.2,0.0,4,0.8,agg_full,1787894273.7589908,0,2048,,0,0,0,0,0,0,0,1,17,2.727147416064614,0;0;0;0,44,0,1,53,1787894286.336343,,0,3,3,0,3,3,3,0,0,0,0,0,0.0,0.0,0.0,11197.848558425903,0.0,-11197.848558425903,1010.106051,2080.0,0.0
35,upsert,3,L0011,2048,0,1787894284.956853,11.197848558425903,36,2,35,1787894273.7590044,alphalow,agg_full@rho0.8,0,0.2,0.0,4,0.8,agg_full,1787894273.7589908,0,2048,,0,0,0,0,0,0,0,1,17,2.727147416064614,0;0;0;0,44,0,2,59,1787894288.249765,,0,1,3,1,1,1,3,0,1,0,2048,2048,40.96,2.0,38.96,11197.848558425903,38.96,-11158.888558425904,2787.422737,2608.0,38.96
65,upsert,3,L0068,2048,0,1787894323.7369215,25.32154679298401,66,2,65,1787894298.4153748,alphalow,agg_full@rho0.8,0,0.2,0.0,4,0.8,agg_full,1787894298.415367,0,2048,,0,0,0,0,0,0,0,1,18,12.647068776190281,1;1;0;0,86,0,1,112,1787894327.2301307,,0,0,3,1,0,0,3,0,0,0,2048,2048,40.96,0.0,40.96,25321.54679298401,40.96,-25280.58679298401,967.926904,2080.0,40.96
65,upsert,3,L0068,2048,0,1787894323.7369215,25.32154679298401,66,2,65,1787894298.4153748,alphalow,agg_full@rho0.8,0,0.2,0.0,4,0.8,agg_full,1787894298.415367,0,2048,,0,0,0,0,0,0,0,1,18,12.647068776190281,1;1;0;0,86,0,2,113,1787894327.2302063,,0,2,3,1,2,2,3,0,1,0,2048,2048,40.96,2.0,38.96,25321.54679298401,38.96,-25282.58679298401,2087.704136,2608.0,38.96
67,upsert,1,L0073,2048,0,1787894323.737038,25.32139229774475,68,1,67,1787894298.4156456,alphalow,agg_full@rho0.8,0,0.2,0.0,4,0.8,agg_full,1787894298.4156408,0,2048,,0,0,0,0,0,0,0,1,20,12.647068776190281,0;0;0;0,86,0,1,117,1787894330.1535115,,0,1,1,0,1,1,1,0,0,0,0,0,0.0,0.0,0.0,25321.39229774475,0.0,-25321.39229774475,754.311661,2080.0,0.0
68,upsert,2,L0079,2048,0,1787894323.737083,23.226823568344116,69,1,68,1787894300.5102594,alphalow,agg_full@rho0.8,0,0.2,0.0,4,0.8,agg_full,1787894300.5102456,0,2048,,0,0,0,0,0,0,0,1,21,12.647068776190281,1;1;0;1,90,0,1,119,1787894330.1536047,,0,0,2,1,0,0,2,0,1,0,2048,2048,40.96,2.0,38.96,23226.823568344116,38.96,-23187.863568344117,2581.045078,2080.0,38.96
70,upsert,1,L0110,2048,0,1787894323.7372165,23.2265784740448,71,1,70,1787894300.510638,alphalow,agg_full@rho0.8,0,0.2,0.0,4,0.8,agg_full,1787894300.5106332,0,2048,,0,0,0,0,0,0,0,1,23,12.647068776190281,0;0;0;1,90,0,1,120,1787894333.288006,,0,0,0,0,0,0,0,0,0,0,0,0,0.0,0.0,0.0,23226.5784740448,0.0,-23226.5784740448,853.915351,2608.0,0.0
71,upsert,3,L0069,2048,0,1787894323.7372613,23.226492881774902,72,2,71,1787894300.5107684,alphalow,agg_full@rho0.8,0,0.2,0.0,4,0.8,agg_full,1787894300.5107632,0,2048,,0,0,0,0,0,0,0,1,24,12.647068776190281,0;0;0;0,90,0,1,108,1787894324.913646,,0,2,3,1,2,2,3,0,0,0,2048,2048,40.96,0.0,40.96,23226.492881774902,40.96,-23185.532881774903,860.169429,2080.0,40.96
71,upsert,3,L0069,2048,0,1787894323.7372613,23.226492881774902,72,2,71,1787894300.5107684,alphalow,agg_full@rho0.8,0,0.2,0.0,4,0.8,agg_full,1787894300.5107632,0,2048,,0,0,0,0,0,0,0,1,24,12.647068776190281,0;0;0;0,90,0,2,111,1787894324.9137893,,0,0,3,1,0,0,3,0,1,0,2048,2048,40.96,2.0,38.96,23226.492881774902,38.96,-23187.532881774903,1896.098909,2608.0,38.96
74,upsert,0,L0110,2560,0,1787894323.7373772,20.925771951675415,75,1,74,1787894302.8116052,alphalow,agg_full@rho0.8,0,0.2,0.0,4,0.8,agg_full,1787894302.8116004,0,2560,,0,0,0,0,0,0,0,2,27,12.647068776190281,0;0;0;1,94,0,1,120,1787894333.288006,,0,1,0,1,0,1,0,0,0,0,0,0,0.0,0.0,0.0,20925.771951675415,0.0,-20925.771951675415,853.915351,2608.0,0.0
75,upsert,3,L0071,2048,0,1787894323.7374125,20.92566752433777,76,2,75,1787894302.811745,alphalow,agg_full@rho0.8,0,0.2,0.0,4,0.8,agg_full,1787894302.8117404,0,2048,,0,0,0,0,0,0,0,1,28,12.647068776190281,0;0;0;0,94,0,1,122,1787894333.2881184,,0,2,3,1,2,2,3,0,1,0,2048,2048,40.96,2.0,38.96,20925.66752433777,38.96,-20886.70752433777,3673.831511,2080.0,38.96
75,upsert,3,L0071,2048,0,1787894323.7374125,20.92566752433777,76,2,75,1787894302.811745,alphalow,agg_full@rho0.8,0,0.2,0.0,4,0.8,agg_full,1787894302.8117404,0,2048,,0,0,0,0,0,0,0,1,28,12.647068776190281,0;0;0;0,94,0,2,127,1787894337.6054585,,0,3,3,0,3,3,3,0,0,0,0,0,0.0,0.0,0.0,20925.66752433777,0.0,-20925.66752433777,1106.392326,2608.0,0.0
65,upsert,3,L0068,2048,0,1787894419.5971901,29.317522525787354,47,2,65,1787894390.2796676,alphalow,agg_static@rho0.8,0,0.2,0.0,4,0.8,agg_static,1787894390.279651,0,2048,,0,0,0,0,0,0,0,1,48,23.34773352411058,0;1;1;0,68,0,1,112,1787894420.264273,,0,0,3,1,0,0,3,0,0,0,2048,2048,40.96,0.0,40.96,29317.522525787354,40.96,-29276.562525787354,785.063127,2080.0,40.96
65,upsert,3,L0068,2048,0,1787894419.5971901,29.317522525787354,47,2,65,1787894390.2796676,alphalow,agg_static@rho0.8,0,0.2,0.0,4,0.8,agg_static,1787894390.279651,0,2048,,0,0,0,0,0,0,0,1,48,23.34773352411058,0;1;1;0,68,0,2,113,1787894420.2643328,,0,0,3,1,0,0,3,0,1,0,2048,2048,40.96,2.0,38.96,29317.522525787354,38.96,-29278.562525787354,1754.256491,2608.0,38.96
13,upsert,2,L0006,2560,0,1787894573.956954,18.165002822875977,3,1,13,1787894555.7919512,alphalow,agg_full@rho0.8,1,0.2,0.0,4,0.8,agg_full,1787894555.7919376,0,2560,,0,0,0,0,0,0,0,2,14,,0;1;0;1,16,0,1,50,1787894574.6967862,,0,1,2,1,1,1,2,0,1,0,2560,2560,51.2,2.0,49.2,18165.002822875977,49.2,-18115.802822875976,1661.996125,2080.0,49.2
2,upsert,1,L0014,2048,0,1787894802.680545,0.0031881332397460938,3,1,2,1787894802.677357,alphamed,agg_full@rho0.8,0,0.55,0.0,4,0.8,agg_full,1787894802.6773462,0,2048,,0,0,0,0,0,0,0,1,3,,0;0;0;1,4,0,1,57,1787894838.2721152,,1,1,1,0,,1,1,1,1,0,0,0,0.0,0.0,0.0,3.1881332397460938,0.0,-3.1881332397460938,4009.123728,2608.0,49.2
3,upsert,3,L0023,2048,0,1787894802.6805909,0.0031538009643554688,4,3,3,1787894802.677437,alphamed,agg_full@rho0.8,0,0.55,0.0,4,0.8,agg_full,1787894802.6774287,0,2048,,0,0,0,0,0,0,0,1,4,,0;0;0;0,4,0,1,35,1787894820.043974,,0,0,3,1,0,0,3,0,1,0,2048,2048,40.96,2.0,38.96,3.1538009643554688,38.96,35.80619903564453,2748.034557,2608.0,38.96
3,upsert,3,L0023,2048,0,1787894802.6805909,0.0031538009643554688,4,3,3,1787894802.677437,alphamed,agg_full@rho0.8,0,0.55,0.0,4,0.8,agg_full,1787894802.6774287,0,2048,,0,0,0,0,0,0,0,1,4,,0;0;0;0,4,0,2,46,1787894829.480005,,1,3,3,0,,3,3,0,0,0,0,0,0.0,0.0,0.0,3.1538009643554688,0.0,-3.1538009643554688,114.366471,2080.0,51.2
3,upsert,3,L0023,2048,0,1787894802.6805909,0.0031538009643554688,4,3,3,1787894802.677437,alphamed,agg_full@rho0.8,0,0.55,0.0,4,0.8,agg_full,1787894802.6774287,0,2048,,0,0,0,0,0,0,0,1,4,,0;0;0;0,4,0,3,63,1787894843.1810036,,1,3,3,0,,3,3,1,1,0,0,0,0.0,0.0,0.0,3.1538009643554688,0.0,-3.1538009643554688,472.475367,2608.0,59.44
4,upsert,0,L0000,2048,0,1787894805.4545622,0.003591299057006836,5,2,4,1787894805.450971,alphamed,agg_full@rho0.8,0,0.55,0.0,4,0.8,agg_full,1787894805.450946,0,2048,,0,0,0,0,0,0,0,2,1,0.0032295584678649902,0;1;1;1,8,0,1,42,1787894826.578983,,0,3,3,0,2,3,3,1,1,2560,2560,0,0.0,0.0,0.0,3.591299057006836,0.0,-3.591299057006836,2078.772408,2080.0,49.2
4,upsert,0,L0000,2048,0,1787894805.4545622,0.003591299057006836,5,2,4,1787894805.450971,alphamed,agg_full@rho0.8,0,0.55,0.0,4,0.8,agg_full,1787894805.450946,0,2048,,0,0,0,0,0,0,0,2,1,0.0032295584678649902,0;1;1;1,8,0,2,60,1787894843.1808517,,0,3,3,0,3,3,3,0,0,0,0,0,0.0,0.0,0.0,3.591299057006836,0.0,-3.591299057006836,252.575665,2608.0,0.0
5,upsert,3,L0000,2560,0,1787894805.4546719,0.003412485122680664,6,2,5,1787894805.4512594,alphamed,agg_full@rho0.8,0,0.55,0.0,4,0.8,agg_full,1787894805.4512432,0,2560,,0,0,0,0,0,0,0,2,2,0.0032295584678649902,0;1;1;0,8,0,1,42,1787894826.578983,,1,3,3,0,,3,3,1,1,0,0,0,0.0,0.0,0.0,3.412485122680664,0.0,-3.412485122680664,2078.772408,2080.0,49.2
5,upsert,3,L0000,2560,0,1787894805.4546719,0.003412485122680664,6,2,5,1787894805.4512594,alphamed,agg_full@rho0.8,0,0.55,0.0,4,0.8,agg_full,1787894805.4512432,0,2560,,0,0,0,0,0,0,0,2,2,0.0032295584678649902,0;1;1;0,8,0,2,60,1787894843.1808517,,1,3,3,0,,3,3,0,0,0,0,0,0.0,0.0,0.0,3.412485122680664,0.0,-3.412485122680664,252.575665,2608.0,0.0
7,upsert,2,L0028,2048,0,1787894805.4547904,0.0032224655151367188,8,1,7,1787894805.451568,alphamed,agg_full@rho0.8,0,0.55,0.0,4,0.8,agg_full,1787894805.451557,0,2048,,0,0,0,0,0,0,0,1,4,0.0032295584678649902,0;0;0;0,8,0,1,55,1787894836.2008502,,0,2,2,0,2,2,2,0,0,0,0,0,0.0,0.0,0.0,3.2224655151367188,0.0,-3.2224655151367188,967.197769,2080.0,0.0
11,upsert,3,L0000,3072,2560,1787894807.6076849,0.0031387805938720703,12,2,11,1787894807.604546,alphamed,agg_full@rho0.8,0,0.55,0.0,4,0.8,agg_full,1787894807.6045291,2560,512,2.1532859802246094,0,2560,2560,2048,512,2,0,3,4,0.0033078789710998535,0;0;0;0,12,0,1,42,1787894826.578983,,1,3,3,0,,3,3,1,1,0,0,0,0.0,0.0,0.0,3.1387805938720703,0.0,-3.1387805938720703,2078.772408,2080.0,49.2
11,upsert,3,L0000,3072,2560,1787894807.6076849,0.0031387805938720703,12,2,11,1787894807.604546,alphamed,agg_full@rho0.8,0,0.55,0.0,4,0.8,agg_full,1787894807.6045291,2560,512,2.1532859802246094,0,2560,2560,2048,512,2,0,3,4,0.0033078789710998535,0;0;0;0,12,0,2,60,1787894843.1808517,,1,3,3,0,,3,3,0,0,0,0,0,0.0,0.0,0.0,3.1387805938720703,0.0,-3.1387805938720703,252.575665,2608.0,0.0
14,upsert,1,L0058,2048,0,1787894814.888725,5.104136943817139,15,1,14,1787894809.784588,alphamed,agg_full@rho0.8,0,0.55,0.0,4,0.8,agg_full,1787894809.7845755,0,2048,,0,0,0,0,0,0,0,1,3,0.003313422203063965,0;0;0;1,16,0,1,38,1787894823.398267,,0,2,1,1,2,2,1,0,1,0,2048,2048,40.96,2.0,38.96,5104.136943817139,38.96,-5065.176943817139,2319.862351,2080.0,38.96
15,upsert,3,L0034,2048,0,1787894816.7720947,6.987346887588501,16,1,15,1787894809.7847478,alphamed,agg_full@rho0.8,0,0.55,0.0,4,0.8,agg_full,1787894809.7847362,0,2048,,0,0,0,0,0,0,0,1,4,0.003313422203063965,0;0;0;0,16,0,1,50,1787894831.564209,,0,2,3,1,2,2,3,0,1,0,2048,2048,40.96,2.0,38.96,6987.346887588501,38.96,-6948.386887588501,3963.360981,2080.0,38.96
16,upsert,3,L0023,2560,2048,1787894822.577896,10.801816701889038,17,2,16,1787894811.7760794,alphamed,agg_full@rho0.8,0,0.55,0.0,4,0.8,agg_full,1787894811.7760534,2048,512,9.09862470626831,0,2048,2048,0,2048,1,0,2,5,0.003313422203063965,0;1;0;2,23,0,1,46,1787894829.480005,,0,3,3,0,0,3,3,0,0,2048,2560,512,10.24,0.0,10.24,10801.816701889038,10.24,-10791.576701889038,114.366471,2080.0,51.2
16,upsert,3,L0023,2560,2048,1787894822.577896,10.801816701889038,17,2,16,1787894811.7760794,alphamed,agg_full@rho0.8,0,0.55,0.0,4,0.8,agg_full,1787894811.7760534,2048,512,9.09862470626831,0,2048,2048,0,2048,1,0,2,5,0.003313422203063965,0;1;0;2,23,0,2,63,1787894843.1810036,,1,3,3,0,,3,3,1,1,0,0,0,0.0,0.0,0.0,10801.816701889038,0.0,-10801.816701889038,472.475367,2608.0,59.44
17,upsert,3,L0000,2048,3072,1787894822.5780194,10.801651000976562,18,2,17,1787894811.7763684,alphamed,agg_full@rho0.8,0,0.55,0.0,4,0.8,agg_full,1787894811.7763507,3072,-1024,4.171821594238281,0,3072,3072,2048,1024,2,0,5,6,0.003313422203063965,0;1;0;1,23,0,1,42,1787894826.578983,,1,3,3,0,,3,3,1,1,0,0,0,0.0,0.0,0.0,10801.651000976562,0.0,-10801.651000976562,2078.772408,2080.0,49.2
17,upsert,3,L0000,2048,3072,1787894822.5780194,10.801651000976562,18,2,17,1787894811.7763684,alphamed,agg_full@rho0.8,0,0.55,0.0,4,0.8,agg_full,1787894811.7763507,3072,-1024,4.171821594238281,0,3072,3072,2048,1024,2,0,5,6,0.003313422203063965,0;1;0;1,23,0,2,60,1787894843.1808517,,1,3,3,0,,3,3,0,0,0,0,0,0.0,0.0,0.0,10801.651000976562,0.0,-10801.651000976562,252.575665,2608.0,0.0
18,upsert,3,L0000,2560,2048,1787894822.5780854,10.80153203010559,19,2,18,1787894811.7765534,alphamed,agg_full@rho0.8,0,0.55,0.0,4,0.8,agg_full,1787894811.7765388,2048,512,0.0001881122589111328,0,3072,3072,2048,1024,2,0,5,7,0.003313422203063965,0;1;0;0,23,1,1,42,1787894826.578983,,0,0,3,1,2,0,3,0,1,2048,2560,512,10.24,2.0,8.24,10801.53203010559,8.24,-10793.292030105591,2078.772408,2080.0,49.2
18,upsert,3,L0000,2560,2048,1787894822.5780854,10.80153203010559,19,2,18,1787894811.7765534,alphamed,agg_full@rho0.8,0,0.55,0.0,4,0.8,agg_full,1787894811.7765388,2048,512,0.0001881122589111328,0,3072,3072,2048,1024,2,0,5,7,0.003313422203063965,0;1;0;0,23,1,2,60,1787894843.1808517,,1,3,3,0,,3,3,0,0,0,0,0,0.0,0.0,0.0,10801.53203010559,0.0,-10801.53203010559,252.575665,2608.0,0.0
19,upsert,1,L0046,2048,0,1787894828.8885705,17.111857652664185,20,1,19,1787894811.776713,alphamed,agg_full@rho0.8,0,0.55,0.0,4,0.8,agg_full,1787894811.7767,0,2048,,0,0,0,0,0,0,0,1,8,0.003313422203063965,0;0;0;0,23,0,1,58,1787894838.272178,,0,0,1,1,0,0,1,0,2,0,2048,2048,40.96,4.0,36.96,17111.857652664185,36.96,-17074.897652664185,4008.539411,2080.0,36.96
22,upsert,3,L0000,3072,2560,1787894828.888823,14.97305417060852,23,1,22,1787894813.9157689,alphamed,agg_full@rho0.8,0,0.55,0.0,4,0.8,agg_full,1787894813.9157534,2560,512,2.139214515686035,0,3072,3072,2048,1024,2,0,6,10,0.29862515742962176,1;0;0;0,29,1,1,60,1787894843.1808517,,0,3,3,0,3,3,3,0,0,0,0,0,0.0,0.0,0.0,14973.05417060852,0.0,-14973.05417060852,252.575665,2608.0,0.0
24,upsert,1,L0014,2560,2048,1787894828.8889225,11.728349208831787,25,1,24,1787894817.1605732,alphamed,agg_full@rho0.8,0,0.55,0.0,4,0.8,agg_full,1787894817.1605468,2048,512,14.483200550079346,0,2048,2048,0,2048,1,0,2,9,1.3173639178276062,2;0;1;0,35,0,1,57,1787894838.2721152,,0,1,1,0,2,1,1,1,1,2048,2560,512,10.24,0.0,10.24,11728.349208831787,10.24,-11718.109208831787,4009.123728,2608.0,49.2
35,upsert,3,L0023,3072,2560,1787894838.5587342,15.161042213439941,36,1,35,1787894823.397692,alphamed,agg_full@rho0.8,0,0.55,0.0,4,0.8,agg_full,1787894823.3976758,2560,512,11.621622323989868,0,2560,2560,0,2560,1,0,3,17,2.8148853904322575,0;0;0;0,44,0,1,63,1787894843.1810036,,0,3,3,0,0,3,3,1,1,2560,3072,512,10.24,0.0,10.24,15161.042213439941,10.24,-15150.802213439942,472.475367,2608.0,59.44
37,upsert,1,L0056,2048,0,1787894838.558788,11.981114864349365,38,1,37,1787894826.5776732,alphamed,agg_full@rho0.8,0,0.55,0.0,4,0.8,agg_full,1787894826.577656,0,2048,,0,0,0,0,0,0,0,1,19,2.8148853904322575,0;1;1;0,49,0,1,61,1787894843.180914,,0,2,1,1,2,2,1,0,0,0,2048,2048,40.96,0.0,40.96,11981.114864349365,40.96,-11940.154864349366,757.551001,2080.0,40.96
65,upsert,3,L0072,2048,0,1787894863.7821214,16.14162826538086,66,1,65,1787894847.6404932,alphamed,agg_full@rho0.8,0,0.55,0.0,4,0.8,agg_full,1787894847.6404767,0,2048,,0,0,0,0,0,0,0,1,28,10.427511163055897,1;1;0;0,86,0,1,124,1787894885.2893422,,0,1,1,0,0,1,1,0,0,2560,2560,0,0.0,0.0,0.0,16141.62826538086,0.0,-16141.62826538086,1089.844957,2608.0,51.2
67,upsert,1,L0091,2048,0,1787894863.7821927,16.14091420173645,68,1,67,1787894847.6412785,alphamed,agg_full@rho0.8,0,0.55,0.0,4,0.8,agg_full,1787894847.6412652,0,2048,,0,0,0,0,0,0,0,1,30,10.427511163055897,0;0;0;0,86,0,1,96,1787894865.0203793,,0,2,1,1,2,2,1,0,0,0,2048,2048,40.96,0.0,40.96,16140.91420173645,40.96,-16099.954201736451,814.398394,2080.0,40.96
75,upsert,3,L0094,2048,0,1787894875.0830255,22.84351086616516,76,1,75,1787894852.2395146,alphamed,agg_full@rho0.8,0,0.55,0.0,4,0.8,agg_full,1787894852.2395015,0,2048,,0,0,0,0,0,0,0,1,28,15.482785008847713,0;0;0;0,94,0,1,120,1787894882.4983618,,0,3,3,0,3,3,3,0,0,0,0,0,0.0,0.0,0.0,22843.51086616516,0.0,-22843.51086616516,1936.540926,2080.0,0.0
76,upsert,2,L0075,2048,0,1787894875.083052,20.495925426483154,77,1,76,1787894854.5871265,alphamed,agg_full@rho0.8,0,0.55,0.0,4,0.8,agg_full,1787894854.587103,0,2048,,0,0,0,0,0,0,0,1,29,15.482785008847713,1;1;0;1,98,0,1,126,1787894885.2894566,,0,0,2,1,0,0,2,0,0,0,2048,2048,40.96,0.0,40.96,20495.925426483154,40.96,-20454.965426483155,1778.626512,2080.0,40.96
77,upsert,3,L0069,2048,0,1787894875.0830793,20.495387315750122,78,3,77,1787894854.587692,alphamed,agg_full@rho0.8,0,0.55,0.0,4,0.8,agg_full,1787894854.587675,0,2048,,0,0,0,0,0,0,0,1,30,15.482785008847713,1;1;0;0,98,0,1,113,1787894875.9771821,,0,0,3,1,0,0,3,0,1,0,2048,2048,40.96,2.0,38.96,20495.387315750122,38.96,-20456.427315750123,3601.552293,2080.0,38.96
77,upsert,3,L0069,2048,0,1787894875.0830793,20.495387315750122,78,3,77,1787894854.587692,alphamed,agg_full@rho0.8,0,0.55,0.0,4,0.8,agg_full,1787894854.587675,0,2048,,0,0,0,0,0,0,0,1,30,15.482785008847713,1;1;0;0,98,0,2,119,1787894880.2642815,,0,3,3,0,3,3,3,0,0,0,0,0,0.0,0.0,0.0,20495.387315750122,0.0,-20495.387315750122,1222.118927,2608.0,0.0
77,upsert,3,L0069,2048,0,1787894875.0830793,20.495387315750122,78,3,77,1787894854.587692,alphamed,agg_full@rho0.8,0,0.55,0.0,4,0.8,agg_full,1787894854.587675,0,2048,,0,0,0,0,0,0,0,1,30,15.482785008847713,1;1;0;0,98,0,3,125,1787894885.2894068,,0,0,3,1,0,0,3,0,0,0,2048,2048,40.96,0.0,40.96,20495.387315750122,40.96,-20454.427315750123,140.899774,2080.0,40.96
78,upsert,0,L0068,2048,0,1787894875.0831027,20.495003938674927,79,1,78,1787894854.5880988,alphamed,agg_full@rho0.8,0,0.55,0.0,4,0.8,agg_full,1787894854.588085,0,2048,,0,0,0,0,0,0,0,1,31,15.482785008847713,0;1;0;0,98,0,1,116,1787894880.2641263,,0,1,0,1,1,1,0,0,0,0,2048,2048,40.96,0.0,40.96,20495.003938674927,40.96,-20454.043938674928,283.288596,2608.0,40.96
79,upsert,1,L0065,2048,0,1787894875.0831275,20.49464249610901,80,1,79,1787894854.588485,alphamed,agg_full@rho0.8,0,0.55,0.0,4,0.8,agg_full,1787894854.5884721,0,2048,,0,0,0,0,0,0,0,1,32,15.482785008847713,0;0;0;0,98,0,1,114,1787894875.9772348,,0,2,1,1,2,2,1,0,0,0,2048,2048,40.96,0.0,40.96,20494.64249610901,40.96,-20453.68249610901,822.719324,2080.0,40.96
85,upsert,1,L0072,2560,0,1787894885.1025286,24.69774031639099,86,1,85,1787894860.4047883,alphamed,agg_full@rho0.8,0,0.55,0.0,4,0.8,agg_full,1787894860.4047694,0,2560,,0,0,0,0,0,0,0,2,30,16.656727842986584,1;0;0;1,106,0,1,124,1787894885.2893422,,0,3,1,1,0,3,1,0,0,2048,2560,512,10.24,0.0,10.24,24697.74031639099,10.24,-24687.50031639099,1089.844957,2608.0,51.2
2,upsert,1,L0014,2048,0,1787894921.2546608,25.132476806640625,3,1,2,1787894896.122184,alphamed,agg_static@rho0.8,0,0.55,0.0,4,0.8,agg_static,1787894896.1221516,0,2048,,0,0,0,0,0,0,0,1,3,,0;0;0;1,4,0,1,57,1787894932.1540985,,0,0,0,0,3,0,0,0,0,2560,2560,0,0.0,0.0,0.0,25132.476806640625,0.0,-25132.476806640625,961.907266,2608.0,51.2
3,upsert,3,L0023,2048,0,1787894921.8595424,25.737273454666138,4,2,3,1787894896.122269,alphamed,agg_static@rho0.8,0,0.55,0.0,4,0.8,agg_static,1787894896.1222606,0,2048,,0,0,0,0,0,0,0,1,4,,0;0;0;0,4,0,1,46,1787894924.230549,,0,2,3,1,2,2,3,0,0,0,2048,2048,40.96,0.0,40.96,25737.273454666138,40.96,-25696.31345466614,126.488229,2080.0,40.96
3,upsert,3,L0023,2048,0,1787894921.8595424,25.737273454666138,4,2,3,1787894896.122269,alphamed,agg_static@rho0.8,0,0.55,0.0,4,0.8,agg_static,1787894896.1222606,0,2048,,0,0,0,0,0,0,0,1,4,,0;0;0;0,4,0,2,63,1787894935.582947,,0,0,0,0,0,0,0,0,0,0,0,0,0.0,0.0,0.0,25737.273454666138,0.0,-25737.273454666138,265.318602,2608.0,0.0
7,upsert,2,L0028,2048,0,1787894921.8596523,23.074567317962646,5,1,7,1787894898.785085,alphamed,agg_static@rho0.8,0,0.55,0.0,4,0.8,agg_static,1787894898.7850764,0,2048,,0,0,0,0,0,0,0,1,8,,0;0;0;0,8,0,1,55,1787894929.4847472,,0,2,2,0,2,2,2,0,0,0,0,0,0.0,0.0,0.0,23074.567317962646,0.0,-23074.567317962646,865.06825,2080.0,0.0
16,upsert,0,L0023,2560,0,1787894928.519702,22.764267683029175,11,1,16,1787894905.7554343,alphamed,agg_static@rho0.8,0,0.55,0.0,4,0.8,agg_static,1787894905.7554104,0,2560,,0,0,0,0,0,0,0,2,17,,0;1;1;1,20,0,1,63,1787894935.582947,,0,3,0,1,0,3,0,1,0,0,0,0,0.0,-2.0,2.0,22764.267683029175,2.0,-22762.267683029175,265.318602,2608.0,0.0
24,upsert,0,L0014,2560,0,1787894928.519879,15.522778034210205,15,1,24,1787894912.997101,alphamed,agg_static@rho0.8,0,0.55,0.0,4,0.8,agg_static,1787894912.9970727,0,2560,,0,0,0,0,0,0,0,2,25,,0;1;1;1,28,0,1,57,1787894932.1540985,,0,1,0,1,3,1,0,0,0,2048,2560,512,10.24,0.0,10.24,15522.778034210205,10.24,-15512.538034210205,961.907266,2608.0,51.2
65,upsert,1,L0072,2048,0,1787894967.8598368,26.948513984680176,55,1,65,1787894940.9113228,alphamed,agg_static@rho0.8,0,0.55,0.0,4,0.8,agg_static,1787894940.911305,0,2048,,0,0,0,0,0,0,0,1,41,19.821187238693238,0;0;1;1,72,0,1,124,1787894981.4666116,,0,0,1,1,0,0,1,0,0,0,2048,2048,40.96,0.0,40.96,26948.513984680176,40.96,-26907.553984680177,1767.02545,2080.0,40.96
7,upsert,2,L0001,2048,0,1787895025.4670856,22.967759370803833,1,1,7,1787895002.4993262,alphamed,agg_full@rho0.8,1,0.55,0.0,4,0.8,agg_full,1787895002.4993172,0,2048,,0,0,0,0,0,0,0,1,8,,0;0;0;0,8,0,1,56,1787895036.8748436,,0,3,3,0,3,3,3,0,0,0,0,0,0.0,0.0,0.0,22967.759370803833,0.0,-22967.759370803833,261.477176,2608.0,0.0
15,upsert,3,L0001,2560,0,1787895025.781906,18.332903385162354,3,1,15,1787895007.4490025,alphamed,agg_full@rho0.8,1,0.55,0.0,4,0.8,agg_full,1787895007.448992,0,2560,,0,0,0,0,0,0,0,2,16,,0;0;0;0,16,0,1,56,1787895036.8748436,,0,2,3,1,3,2,3,0,0,0,0,0,0.0,0.0,0.0,18332.903385162354,0.0,-18332.903385162354,261.477176,2608.0,0.0
17,upsert,3,L0007,2560,0,1787895029.5831969,18.860016107559204,5,1,17,1787895010.7231808,alphamed,agg_full@rho0.8,1,0.55,0.0,4,0.8,agg_full,1787895010.7231452,0,2560,,0,0,0,0,0,0,0,2,18,,0;1;1;0,20,0,1,63,1787895039.8548422,,0,2,3,1,2,2,3,0,1,0,2560,2560,51.2,2.0,49.2,18860.016107559204,49.2,-18810.816107559203,3522.698419,2608.0,49.2
27,upsert,3,L0000,2048,0,1787895029.5833247,14.502881288528442,7,2,27,1787895015.0804434,alphamed,agg_full@rho0.8,1,0.55,0.0,4,0.8,agg_full,1787895015.0804336,0,2048,,0,0,0,0,0,0,0,1,28,,0;0;0;0,28,0,1,50,1787895029.775896,,0,0,0,0,1,0,0,1,1,2560,2560,0,0.0,0.0,0.0,14502.881288528442,0.0,-14502.881288528442,2912.90805,2608.0,49.2
27,upsert,3,L0000,2048,0,1787895029.5833247,14.502881288528442,7,2,27,1787895015.0804434,alphamed,agg_full@rho0.8,1,0.55,0.0,4,0.8,agg_full,1787895015.0804336,0,2048,,0,0,0,0,0,0,0,1,28,,0;0;0;0,28,0,2,51,1787895029.7759464,,0,0,0,0,1,0,0,2,2,2560,2560,0,0.0,0.0,0.0,14502.881288528442,0.0,-14502.881288528442,2911.86172,2080.0,47.2
34,upsert,2,L0006,2048,0,1787895029.5876968,9.10167932510376,14,1,34,1787895020.4860175,alphamed,agg_full@rho0.8,1,0.55,0.0,4,0.8,agg_full,1787895020.4860036,0,2048,,0,0,0,0,0,0,0,1,35,,0;0;0;1,36,0,1,53,1787895033.3541539,,0,1,2,1,1,1,2,0,1,0,2048,2048,40.96,2.0,38.96,9101.67932510376,38.96,-9062.71932510376,2908.935374,2080.0,38.96
36,upsert,0,L0000,2560,0,1787895029.5877473,5.831829071044922,16,2,36,1787895023.7559183,alphamed,agg_full@rho0.8,1,0.55,0.0,4,0.8,agg_full,1787895023.7558944,0,2560,,0,0,0,0,0,0,0,2,37,,0;1;1;1,40,0,1,50,1787895029.775896,,0,3,0,1,1,3,0,0,1,2048,2560,512,10.24,2.0,8.24,5831.829071044922,8.24,-5823.589071044922,2912.90805,2608.0,49.2
36,upsert,0,L0000,2560,0,1787895029.5877473,5.831829071044922,16,2,36,1787895023.7559183,alphamed,agg_full@rho0.8,1,0.55,0.0,4,0.8,agg_full,1787895023.7558944,0,2560,,0,0,0,0,0,0,0,2,37,,0;1;1;1,40,0,2,51,1787895029.7759464,,0,3,0,1,1,3,0,0,2,2048,2560,512,10.24,4.0,6.24,5831.829071044922,6.24,-5825.589071044922,2911.86172,2080.0,47.2
64,upsert,1,L0070,2048,0,1787895066.1508958,19.878806829452515,43,1,64,1787895046.272089,alphamed,agg_full@rho0.8,1,0.55,0.0,4,0.8,agg_full,1787895046.2720659,0,2048,,0,0,0,0,0,0,0,1,38,12.754311561584473,1;0;1;1,73,0,1,120,1787895085.3860211,,0,3,3,0,2,3,3,0,0,3072,3072,0,0.0,0.0,0.0,19878.806829452515,0.0,-19878.806829452515,127.745893,2080.0,61.44
70,upsert,2,L0068,2048,0,1787895066.1512117,17.763360261917114,49,3,70,1787895048.3878515,alphamed,agg_full@rho0.8,1,0.55,0.0,4,0.8,agg_full,1787895048.3878376,0,2048,,0,0,0,0,0,0,0,1,44,12.754311561584473,1;0;0;0,77,0,1,104,1787895072.3735797,,0,1,2,1,1,1,2,0,0,0,2048,2048,40.96,0.0,40.96,17763.360261917114,40.96,-17722.400261917115,937.938395,2080.0,40.96
70,upsert,2,L0068,2048,0,1787895066.1512117,17.763360261917114,49,3,70,1787895048.3878515,alphamed,agg_full@rho0.8,1,0.55,0.0,4,0.8,agg_full,1787895048.3878376,0,2048,,0,0,0,0,0,0,0,1,44,12.754311561584473,1;0;0;0,77,0,2,111,1787895074.928635,,0,3,2,1,3,3,2,0,1,0,2048,2048,40.96,2.0,38.96,17763.360261917114,38.96,-17724.400261917115,2659.778766,2608.0,38.96
70,upsert,2,L0068,2048,0,1787895066.1512117,17.763360261917114,49,3,70,1787895048.3878515,alphamed,agg_full@rho0.8,1,0.55,0.0,4,0.8,agg_full,1787895048.3878376,0,2048,,0,0,0,0,0,0,0,1,44,12.754311561584473,1;0;0;0,77,0,3,121,1787895085.3860862,,0,0,2,1,0,0,2,0,0,0,2048,2048,40.96,0.0,40.96,17763.360261917114,40.96,-17722.400261917115,213.76027,2080.0,40.96
71,upsert,0,L0109,2048,0,1787895072.8109353,24.4227192401886,50,1,71,1787895048.388216,alphamed,agg_full@rho0.8,1,0.55,0.0,4,0.8,agg_full,1787895048.388203,0,2048,,0,0,0,0,0,0,0,1,45,12.754311561584473,0;0;0;0,77,0,1,119,1787895081.0809386,,0,2,0,1,2,2,0,0,1,0,2048,2048,40.96,2.0,38.96,24422.7192401886,38.96,-24383.7592401886,2875.658482,2080.0,38.96
74,upsert,3,L0070,2560,0,1787895072.8110986,21.183964014053345,53,1,74,1787895051.6271346,alphamed,agg_full@rho0.8,1,0.55,0.0,4,0.8,agg_full,1787895051.6271207,0,2560,,0,0,0,0,0,0,0,2,41,12.8156683370471,0;0;1;0,81,0,1,120,1787895085.3860211,,1,3,3,0,,3,3,0,0,0,0,0,0.0,0.0,0.0,21183.964014053345,0.0,-21183.964014053345,127.745893,2080.0,61.44
75,upsert,2,L0064,2048,0,1787895072.8111272,21.18358278274536,54,3,75,1787895051.6275444,alphamed,agg_full@rho0.8,1,0.55,0.0,4,0.8,agg_full,1787895051.627532,0,2048,,0,0,0,0,0,0,0,1,42,12.8156683370471,0;0;0;0,81,0,1,113,1787895078.1961353,,0,0,2,1,0,0,2,0,0,0,2048,2048,40.96,0.0,40.96,21183.58278274536,40.96,-21142.622782745362,130.938221,2080.0,40.96
75,upsert,2,L0064,2048,0,1787895072.8111272,21.18358278274536,54,3,75,1787895051.6275444,alphamed,agg_full@rho0.8,1,0.55,0.0,4,0.8,agg_full,1787895051.627532,0,2048,,0,0,0,0,0,0,0,1,42,12.8156683370471,0;0;0;0,81,0,2,115,1787895078.196178,,0,1,2,1,1,1,2,0,1,0,2048,2048,40.96,2.0,38.96,21183.58278274536,38.96,-21144.622782745362,343.112125,2608.0,38.96
75,upsert,2,L0064,2048,0,1787895072.8111272,21.18358278274536,54,3,75,1787895051.6275444,alphamed,agg_full@rho0.8,1,0.55,0.0,4,0.8,agg_full,1787895051.627532,0,2048,,0,0,0,0,0,0,0,1,42,12.8156683370471,0;0;0;0,81,0,3,125,1787895087.456727,,1,2,2,0,,2,2,0,0,0,0,0,0.0,0.0,0.0,21183.58278274536,0.0,-21183.58278274536,179.642168,3136.0,61.44
90,upsert,3,L0070,3072,2560,1787895084.945666,22.62262225151062,69,1,90,1787895062.3230438,alphamed,agg_full@rho0.8,1,0.55,0.0,4,0.8,agg_full,1787895062.3230264,2560,512,10.695905685424805,0,0,0,0,0,0,0,3,50,13.183369763195515,1;0;0;0,97,1,1,120,1787895085.3860211,,0,3,3,0,2,3,3,0,0,2560,3072,512,10.24,0.0,10.24,22622.62225151062,10.24,-22612.38225151062,127.745893,2080.0,61.44
91,upsert,0,L0064,2560,0,1787895084.9457095,22.62221384048462,70,1,91,1787895062.3234956,alphamed,agg_full@rho0.8,1,0.55,0.0,4,0.8,agg_full,1787895062.323482,0,2560,,0,0,0,0,0,0,0,2,51,13.183369763195515,0;0;0;0,97,0,1,125,1787895087.456727,,0,2,2,0,3,2,2,0,0,3072,3072,0,0.0,0.0,0.0,22622.21384048462,0.0,-22622.21384048462,179.642168,3136.0,61.44
94,upsert,2,L0066,2048,0,1787895086.772149,21.957369089126587,73,1,94,1787895064.81478,alphamed,agg_full@rho0.8,1,0.55,0.0,4,0.8,agg_full,1787895064.814765,0,2048,,0,0,0,0,0,0,0,1,54,13.183369763195515,1;0;0;0,101,0,1,126,1787895087.456779,,0,3,2,1,3,3,2,0,1,0,2048,2048,40.96,2.0,38.96,21957.369089126587,38.96,-21918.409089126588,1351.505742,2080.0,38.96
99,upsert,2,L0064,3072,2048,1787895086.7725203,18.2000994682312,78,1,99,1787895068.5724208,alphamed,agg_full@rho0.8,1,0.55,0.0,4,0.8,agg_full,1787895068.5724041,2048,1024,16.9448721408844,0,0,0,0,0,0,0,3,51,15.784365467727184,0;0;0;0,105,1,1,125,1787895087.456727,,0,0,2,1,3,0,2,1,0,2560,3072,512,10.24,-2.0,12.24,18200.0994682312,12.24,-18187.8594682312,179.642168,3136.0,61.44
1,upsert,2,L0007,2048,0,1787895118.8885725,20.707054376602173,1,1,1,1787895098.181518,alphamed,agg_static@rho0.8,1,0.55,0.0,4,0.8,agg_static,1787895098.181504,0,2048,,0,0,0,0,0,0,0,1,2,,0;1;0;1,4,0,1,63,1787895137.00165,,0,3,3,0,0,3,3,1,1,2560,2560,0,0.0,0.0,0.0,20707.054376602173,0.0,-20707.054376602173,2512.938414,2608.0,49.2
5,upsert,3,L0021,2048,0,1787895120.150865,19.804420709609985,3,2,5,1787895100.3464444,alphamed,agg_static@rho0.8,1,0.55,0.0,4,0.8,agg_static,1787895100.3464308,0,2048,,0,0,0,0,0,0,0,1,6,,0;1;1;0,8,0,1,58,1787895135.1215649,,0,1,3,1,1,1,3,0,1,0,2048,2048,40.96,2.0,38.96,19804.420709609985,38.96,-19765.460709609986,1317.467063,2080.0,38.96
5,upsert,3,L0021,2048,0,1787895120.150865,19.804420709609985,3,2,5,1787895100.3464444,alphamed,agg_static@rho0.8,1,0.55,0.0,4,0.8,agg_static,1787895100.3464308,0,2048,,0,0,0,0,0,0,0,1,6,,0;1;1;0,8,0,2,61,1787895137.001555,,0,1,3,1,1,1,3,0,0,0,2048,2048,40.96,0.0,40.96,19804.420709609985,40.96,-19763.460709609986,1124.567198,2608.0,40.96
7,upsert,2,L0001,2048,0,1787895123.315835,22.9692120552063,4,1,7,1787895100.346623,alphamed,agg_static@rho0.8,1,0.55,0.0,4,0.8,agg_static,1787895100.3466144,0,2048,,0,0,0,0,0,0,0,1,8,,0;0;0;0,8,0,1,56,1787895135.1214507,,0,3,3,0,2,3,3,0,0,512,512,0,0.0,0.0,0.0,22969.2120552063,0.0,-22969.2120552063,152.096327,2608.0,10.24
12,upsert,0,L0022,2048,0,1787895123.3159401,17.382120609283447,5,2,12,1787895105.9338195,alphamed,agg_static@rho0.8,1,0.55,0.0,4,0.8,agg_static,1787895105.9338055,0,2048,,0,0,0,0,0,0,0,1,13,,0;1;1;1,16,0,1,55,1787895131.027827,,0,2,0,1,2,2,0,0,1,0,2048,2048,40.96,2.0,38.96,17382.120609283447,38.96,-17343.160609283448,3459.944211,2080.0,38.96
12,upsert,0,L0022,2048,0,1787895123.3159401,17.382120609283447,5,2,12,1787895105.9338195,alphamed,agg_static@rho0.8,1,0.55,0.0,4,0.8,agg_static,1787895105.9338055,0,2048,,0,0,0,0,0,0,0,1,13,,0;1;1;1,16,0,2,57,1787895135.1215146,,0,0,0,0,0,0,0,0,0,0,0,0,0.0,0.0,0.0,17382.120609283447,0.0,-17382.120609283447,998.390416,2608.0,0.0
15,upsert,3,L0001,2560,0,1787895123.316062,17.382070064544678,7,1,15,1787895105.933992,alphamed,agg_static@rho0.8,1,0.55,0.0,4,0.8,agg_static,1787895105.933987,0,2560,,0,0,0,0,0,0,0,2,16,,0;0;0;0,16,0,1,56,1787895135.1214507,,0,2,3,1,2,2,3,0,0,0,512,512,10.24,0.0,10.24,17382.070064544678,10.24,-17371.830064544676,152.096327,2608.0,10.24
17,upsert,3,L0007,2560,0,1787895123.316154,14.033435821533203,9,1,17,1787895109.2827182,alphamed,agg_static@rho0.8,1,0.55,0.0,4,0.8,agg_static,1787895109.2827039,0,2560,,0,0,0,0,0,0,0,2,18,,0;1;1;0,20,0,1,63,1787895137.00165,,0,2,3,1,0,2,3,1,1,2048,2560,512,10.24,0.0,10.24,14033.435821533203,10.24,-14023.195821533203,2512.938414,2608.0,49.2
18,upsert,1,L0013,2048,0,1787895123.3162193,14.033403635025024,10,2,18,1787895109.2828157,alphamed,agg_static@rho0.8,1,0.55,0.0,4,0.8,agg_static,1787895109.282804,0,2048,,0,0,0,0,0,0,0,1,19,,0;0;1;0,20,0,1,49,1787895128.7061028,,0,2,1,1,2,2,1,0,0,0,2048,2048,40.96,0.0,40.96,14033.403635025024,40.96,-13992.443635025025,986.333752,2080.0,40.96
18,upsert,1,L0013,2048,0,1787895123.3162193,14.033403635025024,10,2,18,1787895109.2828157,alphamed,agg_static@rho0.8,1,0.55,0.0,4,0.8,agg_static,1787895109.282804,0,2048,,0,0,0,0,0,0,0,1,19,,0;0;1;0,20,0,2,59,1787895135.121609,,0,1,1,0,1,1,1,0,0,0,0,0,0.0,0.0,0.0,14033.403635025024,0.0,-14033.403635025024,1261.706809,2608.0,0.0
64,upsert,0,L0070,2048,0,1787895165.8730187,23.312129259109497,49,1,64,1787895142.5608895,alphamed,agg_static@rho0.8,1,0.55,0.0,4,0.8,agg_static,1787895142.5608656,0,2048,,0,0,0,0,0,0,0,1,40,16.402180786132813,0;1;1;1,76,0,1,120,1787895185.0446541,,0,2,2,0,1,2,2,0,0,2560,2560,0,0.0,0.0,0.0,23312.129259109497,0.0,-23312.129259109497,115.169895,2080.0,51.2
70,upsert,1,L0068,2048,0,1787895165.8732533,20.890382766723633,55,3,70,1787895144.9828706,alphamed,agg_static@rho0.8,1,0.55,0.0,4,0.8,agg_static,1787895144.9828644,0,2048,,0,0,0,0,0,0,0,1,46,16.402180786132813,0;0;1;0,80,0,1,104,1787895169.9036834,,0,0,1,1,0,0,1,0,0,0,2048,2048,40.96,0.0,40.96,20890.382766723633,40.96,-20849.422766723634,878.232352,2080.0,40.96
70,upsert,1,L0068,2048,0,1787895165.8732533,20.890382766723633,55,3,70,1787895144.9828706,alphamed,agg_static@rho0.8,1,0.55,0.0,4,0.8,agg_static,1787895144.9828644,0,2048,,0,0,0,0,0,0,0,1,46,16.402180786132813,0;0;1;0,80,0,2,111,1787895172.539618,,0,0,1,1,0,0,1,0,1,0,2048,2048,40.96,2.0,38.96,20890.382766723633,38.96,-20851.422766723634,3082.196174,2608.0,38.96
70,upsert,1,L0068,2048,0,1787895165.8732533,20.890382766723633,55,3,70,1787895144.9828706,alphamed,agg_static@rho0.8,1,0.55,0.0,4,0.8,agg_static,1787895144.9828644,0,2048,,0,0,0,0,0,0,0,1,46,16.402180786132813,0;0;1;0,80,0,3,121,1787895185.0447187,,0,0,1,1,0,0,1,0,0,0,2048,2048,40.96,0.0,40.96,20890.382766723633,40.96,-20849.422766723634,222.885599,2080.0,40.96
71,upsert,2,L0109,2048,0,1787895173.587625,28.6046245098114,56,1,71,1787895144.9830005,alphamed,agg_static@rho0.8,1,0.55,0.0,4,0.8,agg_static,1787895144.9829948,0,2048,,0,0,0,0,0,0,0,1,47,16.402180786132813,0;0;0;0,80,0,1,119,1787895179.5578322,,0,3,2,1,3,3,2,0,1,0,2048,2048,40.96,2.0,38.96,28604.6245098114,38.96,-28565.664509811402,4744.248202,2080.0,38.96
74,upsert,2,L0070,2560,0,1787895173.5878763,25.719602584838867,59,1,74,1787895147.8682737,alphamed,agg_static@rho0.8,1,0.55,0.0,4,0.8,agg_static,1787895147.868259,0,2560,,0,0,0,0,0,0,0,2,42,17.192705750465393,0;0;0;1,84,0,1,120,1787895185.0446541,,0,0,2,1,1,0,2,0,0,2048,2560,512,10.24,0.0,10.24,25719.602584838867,10.24,-25709.362584838866,115.169895,2080.0,51.2
75,upsert,3,L0064,2048,0,1787895173.5879207,25.719240188598633,60,3,75,1787895147.8686805,alphamed,agg_static@rho0.8,1,0.55,0.0,4,0.8,agg_static,1787895147.8686678,0,2048,,0,0,0,0,0,0,0,1,43,17.192705750465393,0;0;0;0,84,0,1,113,1787895177.202422,,0,0,3,1,0,0,3,0,0,0,2048,2048,40.96,0.0,40.96,25719.240188598633,40.96,-25678.280188598634,126.500091,2080.0,40.96
75,upsert,3,L0064,2048,0,1787895173.5879207,25.719240188598633,60,3,75,1787895147.8686805,alphamed,agg_static@rho0.8,1,0.55,0.0,4,0.8,agg_static,1787895147.8686678,0,2048,,0,0,0,0,0,0,0,1,43,17.192705750465393,0;0;0;0,84,0,2,115,1787895177.2024543,,0,0,3,1,0,0,3,0,1,0,2048,2048,40.96,2.0,38.96,25719.240188598633,38.96,-25680.280188598634,254.256451,2608.0,38.96
75,upsert,3,L0064,2048,0,1787895173.5879207,25.719240188598633,60,3,75,1787895147.8686805,alphamed,agg_static@rho0.8,1,0.55,0.0,4,0.8,agg_static,1787895147.8686678,0,2048,,0,0,0,0,0,0,0,1,43,17.192705750465393,0;0;0;0,84,0,3,125,1787895187.3622599,,0,2,3,1,2,2,3,0,1,0,2048,2048,40.96,2.0,38.96,25719.240188598633,38.96,-25680.280188598634,2103.57673,3136.0,38.96
0,upsert,0,L0011,2048,0,1787895396.263453,0.0013887882232666016,1,1,0,1787895396.2620642,alphahigh,agg_static@rho0.8,0,1.0,0.0,4,0.8,agg_static,1787895396.262046,0,2048,,0,0,0,0,0,0,0,1,1,,0;1;1;1,4,0,1,37,1787895416.9044757,,0,0,0,0,0,0,0,0,0,0,0,0,0.0,0.0,0.0,1.3887882232666016,0.0,-1.3887882232666016,801.77131,2080.0,0.0
1,upsert,2,L0004,2048,0,1787895396.2635355,0.0013933181762695312,3,1,1,1787895396.2621422,alphahigh,agg_static@rho0.8,0,1.0,0.0,4,0.8,agg_static,1787895396.262137,0,2048,,0,0,0,0,0,0,0,1,2,,0;1;0;1,4,0,1,47,1787895422.0847855,,1,2,2,0,,2,2,1,1,0,0,0,0.0,0.0,0.0,1.3933181762695312,0.0,-1.3933181762695312,1992.226249,2080.0,49.2
3,upsert,3,L0001,2048,0,1787895396.2635586,0.0013344287872314453,4,3,3,1787895396.2622242,alphahigh,agg_static@rho0.8,0,1.0,0.0,4,0.8,agg_static,1787895396.2622206,0,2048,,0,0,0,0,0,0,0,1,4,,0;0;0;0,4,0,1,48,1787895424.61699,,1,3,3,0,,3,3,0,0,0,0,0,0.0,0.0,0.0,1.3344287872314453,0.0,-1.3344287872314453,245.517182,2080.0,0.0
3,upsert,3,L0001,2048,0,1787895396.2635586,0.0013344287872314453,4,3,3,1787895396.2622242,alphahigh,agg_static@rho0.8,0,1.0,0.0,4,0.8,agg_static,1787895396.2622206,0,2048,,0,0,0,0,0,0,0,1,4,,0;0;0;0,4,0,2,49,1787895424.6170137,,1,3,3,0,,3,3,1,1,0,0,0,0.0,0.0,0.0,1.3344287872314453,0.0,-1.3344287872314453,374.443553,2608.0,49.2
3,upsert,3,L0001,2048,0,1787895396.2635586,0.0013344287872314453,4,3,3,1787895396.2622242,alphahigh,agg_static@rho0.8,0,1.0,0.0,4,0.8,agg_static,1787895396.2622206,0,2048,,0,0,0,0,0,0,0,1,4,,0;0;0;0,4,0,3,55,1787895426.6389768,,1,3,3,0,,3,3,0,0,0,0,0,0.0,0.0,0.0,1.3344287872314453,0.0,-1.3344287872314453,164.886229,3136.0,0.0
4,upsert,0,L0000,2048,0,1787895399.8324711,0.001569509506225586,5,4,4,1787895399.8309016,alphahigh,agg_static@rho0.8,0,1.0,0.0,4,0.8,agg_static,1787895399.830882,0,2048,,0,0,0,0,0,0,0,2,1,0.0013583898544311523,0;1;1;1,8,0,1,35,1787895414.4836872,,1,0,0,0,,0,0,0,0,0,0,0,0.0,0.0,0.0,1.569509506225586,0.0,-1.569509506225586,276.874902,3136.0,0.0
4,upsert,0,L0000,2048,0,1787895399.8324711,0.001569509506225586,5,4,4,1787895399.8309016,alphahigh,agg_static@rho0.8,0,1.0,0.0,4,0.8,agg_static,1787895399.830882,0,2048,,0,0,0,0,0,0,0,2,1,0.0013583898544311523,0;1;1;1,8,0,2,39,1787895416.9045103,,1,3,3,0,,3,3,1,1,0,0,0,0.0,0.0,0.0,1.569509506225586,0.0,-1.569509506225586,2327.620988,2080.0,59.44
4,upsert,0,L0000,2048,0,1787895399.8324711,0.001569509506225586,5,4,4,1787895399.8309016,alphahigh,agg_static@rho0.8,0,1.0,0.0,4,0.8,agg_static,1787895399.830882,0,2048,,0,0,0,0,0,0,0,2,1,0.0013583898544311523,0;1;1;1,8,0,3,40,1787895419.8525846,,1,0,0,0,,0,0,0,0,0,0,0,0.0,0.0,0.0,1.569509506225586,0.0,-1.569509506225586,219.733136,2608.0,0.0
4,upsert,0,L0000,2048,0,1787895399.8324711,0.001569509506225586,5,4,4,1787895399.8309016,alphahigh,agg_static@rho0.8,0,1.0,0.0,4,0.8,agg_static,1787895399.830882,0,2048,,0,0,0,0,0,0,0,2,1,0.0013583898544311523,0;1;1;1,8,0,4,52,1787895426.6389256,,1,0,0,0,,0,0,0,0,0,0,0,0.0,0.0,0.0,1.569509506225586,0.0,-1.569509506225586,162.950231,3136.0,61.44
5,upsert,3,L0000,2560,0,1787895399.8325198,0.0014796257019042969,6,4,5,1787895399.8310401,alphahigh,agg_static@rho0.8,0,1.0,0.0,4,0.8,agg_static,1787895399.8310342,0,2560,,0,0,0,0,0,0,0,2,2,0.0013583898544311523,0;1;1;0,8,0,1,35,1787895414.4836872,,1,0,0,0,,0,0,0,0,0,0,0,0.0,0.0,0.0,1.4796257019042969,0.0,-1.4796257019042969,276.874902,3136.0,0.0
5,upsert,3,L0000,2560,0,1787895399.8325198,0.0014796257019042969,6,4,5,1787895399.8310401,alphahigh,agg_static@rho0.8,0,1.0,0.0,4,0.8,agg_static,1787895399.8310342,0,2560,,0,0,0,0,0,0,0,2,2,0.0013583898544311523,0;1;1;0,8,0,2,39,1787895416.9045103,,1,3,3,0,,3,3,1,1,0,0,0,0.0,0.0,0.0,1.4796257019042969,0.0,-1.4796257019042969,2327.620988,2080.0,59.44
5,upsert,3,L0000,2560,0,1787895399.8325198,0.0014796257019042969,6,4,5,1787895399.8310401,alphahigh,agg_static@rho0.8,0,1.0,0.0,4,0.8,agg_static,1787895399.8310342,0,2560,,0,0,0,0,0,0,0,2,2,0.0013583898544311523,0;1;1;0,8,0,3,40,1787895419.8525846,,1,0,0,0,,0,0,0,0,0,0,0,0.0,0.0,0.0,1.4796257019042969,0.0,-1.4796257019042969,219.733136,2608.0,0.0
5,upsert,3,L0000,2560,0,1787895399.8325198,0.0014796257019042969,6,4,5,1787895399.8310401,alphahigh,agg_static@rho0.8,0,1.0,0.0,4,0.8,agg_static,1787895399.8310342,0,2560,,0,0,0,0,0,0,0,2,2,0.0013583898544311523,0;1;1;0,8,0,4,52,1787895426.6389256,,1,0,0,0,,0,0,0,0,0,0,0,0.0,0.0,0.0,1.4796257019042969,0.0,-1.4796257019042969,162.950231,3136.0,61.44
8,upsert,0,L0000,3072,2048,1787895402.06883,0.0017848014831542969,9,4,8,1787895402.0670452,alphahigh,agg_static@rho0.8,0,1.0,0.0,4,0.8,agg_static,1787895402.0670257,2048,1024,2.2361435890197754,0,2048,2560,2048,512,2,0,5,1,0.0014178752899169922,0;1;1;1,12,0,1,35,1787895414.4836872,,0,3,0,1,0,3,0,1,0,0,0,0,0.0,-2.0,2.0,1.7848014831542969,2.0,0.21519851684570312,276.874902,3136.0,0.0
8,upsert,0,L0000,3072,2048,1787895402.06883,0.0017848014831542969,9,4,8,1787895402.0670452,alphahigh,agg_static@rho0.8,0,1.0,0.0,4,0.8,agg_static,1787895402.0670257,2048,1024,2.2361435890197754,0,2048,2560,2048,512,2,0,5,1,0.0014178752899169922,0;1;1;1,12,0,2,39,1787895416.9045103,,0,3,3,0,1,3,3,1,1,3072,3072,0,0.0,0.0,0.0,1.7848014831542969,0.0,-1.7848014831542969,2327.620988,2080.0,59.44
8,upsert,0,L0000,3072,2048,1787895402.06883,0.0017848014831542969,9,4,8,1787895402.0670452,alphahigh,agg_static@rho0.8,0,1.0,0.0,4,0.8,agg_static,1787895402.0670257,2048,1024,2.2361435890197754,0,2048,2560,2048,512,2,0,5,1,0.0014178752899169922,0;1;1;1,12,0,3,40,1787895419.8525846,,0,3,0,1,0,3,0,0,0,0,0,0,0.0,0.0,0.0,1.7848014831542969,0.0,-1.7848014831542969,219.733136,2608.0,0.0
8,upsert,0,L0000,3072,2048,1787895402.06883,0.0017848014831542969,9,4,8,1787895402.0670452,alphahigh,agg_static@rho0.8,0,1.0,0.0,4,0.8,agg_static,1787895402.0670257,2048,1024,2.2361435890197754,0,2048,2560,2048,512,2,0,5,1,0.0014178752899169922,0;1;1;1,12,0,4,52,1787895426.6389256,,0,3,0,1,1,3,0,0,0,3072,3072,0,0.0,0.0,0.0,1.7848014831542969,0.0,-1.7848014831542969,162.950231,3136.0,61.44
11,upsert,3,L0000,2560,2560,1787895402.068907,0.0015614032745361328,11,4,11,1787895402.0673456,alphahigh,agg_static@rho0.8,0,1.0,0.0,4,0.8,agg_static,1787895402.0673394,2560,0,2.2363052368164062,0,2560,2560,2048,512,2,0,5,4,0.0014178752899169922,0;0;0;0,12,0,1,35,1787895414.4836872,,1,0,0,0,,0,0,0,0,0,0,0,0.0,0.0,0.0,1.5614032745361328,0.0,-1.5614032745361328,276.874902,3136.0,0.0
11,upsert,3,L0000,2560,2560,1787895402.068907,0.0015614032745361328,11,4,11,1787895402.0673456,alphahigh,agg_static@rho0.8,0,1.0,0.0,4,0.8,agg_static,1787895402.0673394,2560,0,2.2363052368164062,0,2560,2560,2048,512,2,0,5,4,0.0014178752899169922,0;0;0;0,12,0,2,39,1787895416.9045103,,1,3,3,0,,3,3,1,1,0,0,0,0.0,0.0,0.0,1.5614032745361328,0.0,-1.5614032745361328,2327.620988,2080.0,59.44
11,upsert,3,L0000,2560,2560,1787895402.068907,0.0015614032745361328,11,4,11,1787895402.0673456,alphahigh,agg_static@rho0.8,0,1.0,0.0,4,0.8,agg_static,1787895402.0673394,2560,0,2.2363052368164062,0,2560,2560,2048,512,2,0,5,4,0.0014178752899169922,0;0;0;0,12,0,3,40,1787895419.8525846,,1,0,0,0,,0,0,0,0,0,0,0,0.0,0.0,0.0,1.5614032745361328,0.0,-1.5614032745361328,219.733136,2608.0,0.0
11,upsert,3,L0000,2560,2560,1787895402.068907,0.0015614032745361328,11,4,11,1787895402.0673456,alphahigh,agg_static@rho0.8,0,1.0,0.0,4,0.8,agg_static,1787895402.0673394,2560,0,2.2363052368164062,0,2560,2560,2048,512,2,0,5,4,0.0014178752899169922,0;0;0;0,12,0,4,52,1787895426.6389256,,1,0,0,0,,0,0,0,0,0,0,0,0.0,0.0,0.0,1.5614032745361328,0.0,-1.5614032745361328,162.950231,3136.0,61.44
12,upsert,2,L0004,2560,2048,1787895405.074329,0.0038175582885742188,12,1,12,1787895405.0705113,alphahigh,agg_static@rho0.8,0,1.0,0.0,4,0.8,agg_static,1787895405.07048,2048,512,8.808343172073364,0,2048,2048,0,2048,1,0,2,2,0.0014868216081099076,1;0;0;2,19,0,1,47,1787895422.0847855,,0,2,2,0,3,2,2,1,1,2048,2560,512,10.24,0.0,10.24,3.8175582885742188,10.24,6.4224417114257815,1992.226249,2080.0,49.2
13,upsert,3,L0000,3072,2560,1787895405.0744314,0.0036110877990722656,13,4,13,1787895405.0708203,alphahigh,agg_static@rho0.8,0,1.0,0.0,4,0.8,agg_static,1787895405.0708022,2560,512,3.003462791442871,0,2560,3072,2560,512,2,0,6,3,0.0014868216081099076,1;0;0;1,19,0,1,35,1787895414.4836872,,0,0,0,0,0,0,0,0,0,0,0,0,0.0,0.0,0.0,3.6110877990722656,0.0,-3.6110877990722656,276.874902,3136.0,0.0
13,upsert,3,L0000,3072,2560,1787895405.0744314,0.0036110877990722656,13,4,13,1787895405.0708203,alphahigh,agg_static@rho0.8,0,1.0,0.0,4,0.8,agg_static,1787895405.0708022,2560,512,3.003462791442871,0,2560,3072,2560,512,2,0,6,3,0.0014868216081099076,1;0;0;1,19,0,2,39,1787895416.9045103,,0,0,3,1,1,0,3,1,1,3072,3072,0,0.0,0.0,0.0,3.6110877990722656,0.0,-3.6110877990722656,2327.620988,2080.0,59.44
13,upsert,3,L0000,3072,2560,1787895405.0744314,0.0036110877990722656,13,4,13,1787895405.0708203,alphahigh,agg_static@rho0.8,0,1.0,0.0,4,0.8,agg_static,1787895405.0708022,2560,512,3.003462791442871,0,2560,3072,2560,512,2,0,6,3,0.0014868216081099076,1;0;0;1,19,0,3,40,1787895419.8525846,,0,0,0,0,0,0,0,0,0,0,0,0,0.0,0.0,0.0,3.6110877990722656,0.0,-3.6110877990722656,219.733136,2608.0,0.0
13,upsert,3,L0000,3072,2560,1787895405.0744314,0.0036110877990722656,13,4,13,1787895405.0708203,alphahigh,agg_static@rho0.8,0,1.0,0.0,4,0.8,agg_static,1787895405.0708022,2560,512,3.003462791442871,0,2560,3072,2560,512,2,0,6,3,0.0014868216081099076,1;0;0;1,19,0,4,52,1787895426.6389256,,0,0,0,0,1,0,0,0,0,3072,3072,0,0.0,0.0,0.0,3.6110877990722656,0.0,-3.6110877990722656,162.950231,3136.0,61.44
14,upsert,3,L0001,2560,2048,1787895405.6703088,0.599294900894165,14,3,14,1787895405.071014,alphahigh,agg_static@rho0.8,0,1.0,0.0,4,0.8,agg_static,1787895405.0709987,2048,512,8.808778047561646,0,2048,2048,0,2048,1,0,2,4,0.0014868216081099076,1;0;0;0,19,0,1,48,1787895424.61699,,0,3,3,0,3,3,3,0,0,0,0,0,0.0,0.0,0.0,599.294900894165,0.0,-599.294900894165,245.517182,2080.0,0.0
14,upsert,3,L0001,2560,2048,1787895405.6703088,0.599294900894165,14,3,14,1787895405.071014,alphahigh,agg_static@rho0.8,0,1.0,0.0,4,0.8,agg_static,1787895405.0709987,2048,512,8.808778047561646,0,2048,2048,0,2048,1,0,2,4,0.0014868216081099076,1;0;0;0,19,0,2,49,1787895424.6170137,,0,3,3,0,0,3,3,1,1,2048,2560,512,10.24,0.0,10.24,599.294900894165,10.24,-589.054900894165,374.443553,2608.0,49.2
14,upsert,3,L0001,2560,2048,1787895405.6703088,0.599294900894165,14,3,14,1787895405.071014,alphahigh,agg_static@rho0.8,0,1.0,0.0,4,0.8,agg_static,1787895405.0709987,2048,512,8.808778047561646,0,2048,2048,0,2048,1,0,2,4,0.0014868216081099076,1;0;0;0,19,0,3,55,1787895426.6389768,,0,3,3,0,3,3,3,0,0,0,0,0,0.0,0.0,0.0,599.294900894165,0.0,-599.294900894165,164.886229,3136.0,0.0
15,upsert,0,L0003,2048,0,1787895407.0532725,1.9820804595947266,15,2,15,1787895405.071192,alphahigh,agg_static@rho0.8,0,1.0,0.0,4,0.8,agg_static,1787895405.071178,0,2048,,0,0,0,0,0,0,0,1,5,0.0014868216081099076,0;0;0;0,19,0,1,43,1787895419.8527324,,1,0,0,0,,0,0,1,1,0,0,0,0.0,0.0,0.0,1982.0804595947266,0.0,-1982.0804595947266,460.816078,3136.0,49.2
15,upsert,0,L0003,2048,0,1787895407.0532725,1.9820804595947266,15,2,15,1787895405.071192,alphahigh,agg_static@rho0.8,0,1.0,0.0,4,0.8,agg_static,1787895405.071178,0,2048,,0,0,0,0,0,0,0,1,5,0.0014868216081099076,0;0;0;0,19,0,2,58,1787895428.8840144,,1,0,0,0,,0,0,0,0,0,0,0,0.0,0.0,0.0,1982.0804595947266,0.0,-1982.0804595947266,135.535009,2080.0,51.2
17,upsert,2,L0009,2048,0,1787895415.9255905,8.643011808395386,17,1,17,1787895407.2825787,alphahigh,agg_static@rho0.8,0,1.0,0.0,4,0.8,agg_static,1787895407.2825725,0,2048,,0,0,0,0,0,0,0,1,3,0.17367726961771648,1;1;0;0,24,0,1,63,1787895431.1402838,,0,0,0,0,3,0,0,1,1,2560,2560,0,0.0,0.0,0.0,8643.011808395386,0.0,-8643.011808395386,3592.379284,2608.0,49.2
19,upsert,0,L0003,2560,2048,1787895415.9256558,8.642935991287231,19,2,19,1787895407.2827199,alphahigh,agg_static@rho0.8,0,1.0,0.0,4,0.8,agg_static,1787895407.2827134,2048,512,2.2115354537963867,0,2048,2048,0,2048,1,0,2,5,0.17367726961771648,0;0;0;0,24,0,1,43,1787895419.8527324,,0,0,0,0,1,0,0,1,1,2048,2560,512,10.24,0.0,10.24,8642.935991287231,10.24,-8632.695991287232,460.816078,3136.0,49.2
19,upsert,0,L0003,2560,2048,1787895415.9256558,8.642935991287231,19,2,19,1787895407.2827199,alphahigh,agg_static@rho0.8,0,1.0,0.0,4,0.8,agg_static,1787895407.2827134,2048,512,2.2115354537963867,0,2048,2048,0,2048,1,0,2,5,0.17367726961771648,0;0;0;0,24,0,2,58,1787895428.8840144,,1,0,0,0,,0,0,0,0,0,0,0,0.0,0.0,0.0,8642.935991287231,0.0,-8642.935991287231,135.535009,2080.0,51.2
20,upsert,0,L0003,3072,2560,1787895420.202274,11.419008255004883,20,1,20,1787895408.7832658,alphahigh,agg_static@rho0.8,0,1.0,0.0,4,0.8,agg_static,1787895408.7832358,2560,512,1.5005223751068115,0,2048,2048,0,2048,1,0,4,6,0.17367726961771648,1;1;1;0,32,1,1,58,1787895428.8840144,,1,0,0,0,,0,0,0,0,0,0,0,0.0,0.0,0.0,11419.008255004883,0.0,-11419.008255004883,135.535009,2080.0,51.2
22,upsert,0,L0003,2048,3072,1787895420.20246,11.418656587600708,22,1,22,1787895408.7838035,alphahigh,agg_static@rho0.8,0,1.0,0.0,4,0.8,agg_static,1787895408.7837884,3072,-1024,0.0005526542663574219,0,2048,2048,0,2048,1,0,4,8,0.17367726961771648,0;0;1;0,32,1,1,58,1787895428.8840144,,1,0,0,0,,0,0,0,0,0,0,0,0.0,0.0,0.0,11418.656587600708,0.0,-11418.656587600708,135.535009,2080.0,51.2
24,upsert,0,L0009,2560,0,1787895424.3299327,12.56002688407898,24,1,24,1787895411.7699058,alphahigh,agg_static@rho0.8,0,1.0,0.0,4,0.8,agg_static,1787895411.7698772,0,2560,,0,0,0,0,0,0,0,2,10,0.17367726961771648,1;0;0;2,38,0,1,63,1787895431.1402838,,0,2,0,1,3,2,0,1,1,2048,2560,512,10.24,0.0,10.24,12560.02688407898,10.24,-12549.78688407898,3592.379284,2608.0,49.2
25,upsert,0,L0003,2560,2048,1787895424.329957,12.559706926345825,25,1,25,1787895411.77025,alphahigh,agg_static@rho0.8,0,1.0,0.0,4,0.8,agg_static,1787895411.7702298,2048,512,2.9864413738250732,0,2048,2048,0,2048,1,0,5,11,0.17367726961771648,0;0;0;2,38,1,1,58,1787895428.8840144,,0,0,0,0,1,0,0,0,0,2048,2560,512,10.24,0.0,10.24,12559.706926345825,10.24,-12549.466926345825,135.535009,2080.0,51.2
64,upsert,1,L0064,2048,0,1787895468.5426643,30.748122215270996,64,5,64,1787895437.794542,alphahigh,agg_static@rho0.8,0,1.0,0.0,4,0.8,agg_static,1787895437.7945178,0,2048,,0,0,0,0,0,0,0,1,24,11.645627275109291,1;0;1;1,93,0,1,111,1787895469.1270852,,0,0,1,1,0,0,1,0,1,0,2048,2048,40.96,2.0,38.96,30748.122215270996,38.96,-30709.162215270997,4110.114762,2080.0,38.96
64,upsert,1,L0064,2048,0,1787895468.5426643,30.748122215270996,64,5,64,1787895437.794542,alphahigh,agg_static@rho0.8,0,1.0,0.0,4,0.8,agg_static,1787895437.7945178,0,2048,,0,0,0,0,0,0,0,1,24,11.645627275109291,1;0;1;1,93,0,2,120,1787895482.0685778,,0,3,3,0,1,3,3,0,0,512,512,0,0.0,0.0,0.0,30748.122215270996,0.0,-30748.122215270996,1191.788573,2608.0,10.24
64,upsert,1,L0064,2048,0,1787895468.5426643,30.748122215270996,64,5,64,1787895437.794542,alphahigh,agg_static@rho0.8,0,1.0,0.0,4,0.8,agg_static,1787895437.7945178,0,2048,,0,0,0,0,0,0,0,1,24,11.645627275109291,1;0;1;1,93,0,3,122,1787895482.0686183,,0,3,3,0,0,3,3,1,1,2560,2560,0,0.0,0.0,0.0,30748.122215270996,0.0,-30748.122215270996,1339.094924,2080.0,49.2
64,upsert,1,L0064,2048,0,1787895468.5426643,30.748122215270996,64,5,64,1787895437.794542,alphahigh,agg_static@rho0.8,0,1.0,0.0,4,0.8,agg_static,1787895437.7945178,0,2048,,0,0,0,0,0,0,0,1,24,11.645627275109291,1;0;1;1,93,0,4,125,1787895485.1772153,,0,3,3,0,2,3,3,0,0,2560,2560,0,0.0,0.0,0.0,30748.122215270996,0.0,-30748.122215270996,169.97336,2608.0,51.2
64,upsert,1,L0064,2048,0,1787895468.5426643,30.748122215270996,64,5,64,1787895437.794542,alphahigh,agg_static@rho0.8,0,1.0,0.0,4,0.8,agg_static,1787895437.7945178,0,2048,,0,0,0,0,0,0,0,1,24,11.645627275109291,1;0;1;1,93,0,5,126,1787895485.177272,,0,3,3,0,2,3,3,1,1,2560,2560,0,0.0,0.0,0.0,30748.122215270996,0.0,-30748.122215270996,308.982447,3136.0,49.2
70,upsert,3,L0064,2560,0,1787895471.8407705,30.39613103866577,70,4,70,1787895441.4446394,alphahigh,agg_static@rho0.8,0,1.0,0.0,4,0.8,agg_static,1787895441.444625,0,2560,,0,0,0,0,0,0,0,3,30,11.645627275109291,1;0;0;0,97,0,1,120,1787895482.0685778,,0,1,3,1,1,1,3,0,0,0,512,512,10.24,0.0,10.24,30396.13103866577,10.24,-30385.89103866577,1191.788573,2608.0,10.24
70,upsert,3,L0064,2560,0,1787895471.8407705,30.39613103866577,70,4,70,1787895441.4446394,alphahigh,agg_static@rho0.8,0,1.0,0.0,4,0.8,agg_static,1787895441.444625,0,2560,,0,0,0,0,0,0,0,3,30,11.645627275109291,1;0;0;0,97,0,2,122,1787895482.0686183,,0,1,3,1,0,1,3,1,1,2048,2560,512,10.24,0.0,10.24,30396.13103866577,10.24,-30385.89103866577,1339.094924,2080.0,49.2
70,upsert,3,L0064,2560,0,1787895471.8407705,30.39613103866577,70,4,70,1787895441.4446394,alphahigh,agg_static@rho0.8,0,1.0,0.0,4,0.8,agg_static,1787895441.444625,0,2560,,0,0,0,0,0,0,0,3,30,11.645627275109291,1;0;0;0,97,0,3,125,1787895485.1772153,,0,1,3,1,2,1,3,0,0,2048,2560,512,10.24,0.0,10.24,30396.13103866577,10.24,-30385.89103866577,169.97336,2608.0,51.2
70,upsert,3,L0064,2560,0,1787895471.8407705,30.39613103866577,70,4,70,1787895441.4446394,alphahigh,agg_static@rho0.8,0,1.0,0.0,4,0.8,agg_static,1787895441.444625,0,2560,,0,0,0,0,0,0,0,3,30,11.645627275109291,1;0;0;0,97,0,4,126,1787895485.177272,,0,1,3,1,2,1,3,0,1,2048,2560,512,10.24,2.0,8.24,30396.13103866577,8.24,-30387.89103866577,308.982447,3136.0,49.2
77,upsert,0,L0071,2048,0,1787895471.8409405,25.048460245132446,75,1,77,1787895446.7924802,alphahigh,agg_static@rho0.8,0,1.0,0.0,4,0.8,agg_static,1787895446.7924633,0,2048,,0,0,0,0,0,0,0,1,33,14.531036123633385,0;0;1;1,105,0,1,123,1787895482.0686338,,1,0,0,0,,0,0,0,0,0,0,0,0.0,0.0,0.0,25048.460245132446,0.0,-25048.460245132446,1000.230138,2608.0,0.0
78,upsert,3,L0069,2048,0,1787895471.8409653,25.048089742660522,76,1,78,1787895446.7928755,alphahigh,agg_static@rho0.8,0,1.0,0.0,4,0.8,agg_static,1787895446.7928615,0,2048,,0,0,0,0,0,0,0,1,34,14.531036123633385,0;0;1;0,105,0,1,118,1787895477.8247192,,0,1,3,1,1,1,3,0,0,0,2048,2048,40.96,0.0,40.96,25048.089742660522,40.96,-25007.129742660523,1811.414533,2080.0,40.96
79,upsert,2,L0065,2048,0,1787895471.8409936,25.04774570465088,77,2,79,1787895446.793248,alphahigh,agg_static@rho0.8,0,1.0,0.0,4,0.8,agg_static,1787895446.7932353,0,2048,,0,0,0,0,0,0,0,1,35,14.531036123633385,0;0;0;0,105,0,1,113,1787895474.0024762,,0,1,2,1,1,1,2,0,1,0,2048,2048,40.96,2.0,38.96,25047.74570465088,38.96,-25008.78570465088,3159.248119,2608.0,38.96
79,upsert,2,L0065,2048,0,1787895471.8409936,25.04774570465088,77,2,79,1787895446.793248,alphahigh,agg_static@rho0.8,0,1.0,0.0,4,0.8,agg_static,1787895446.7932353,0,2048,,0,0,0,0,0,0,0,1,35,14.531036123633385,0;0;0;0,105,0,2,114,1787895474.002526,,0,0,2,1,0,0,2,0,2,0,2048,2048,40.96,4.0,36.96,25047.74570465088,36.96,-25010.78570465088,3158.368635,2608.0,36.96
89,upsert,0,L0071,2560,2048,1787895479.9573233,23.353623390197754,85,1,89,1787895456.6037,alphahigh,agg_static@rho0.8,0,1.0,0.0,4,0.8,agg_static,1787895456.6036808,2048,512,9.811217546463013,0,0,0,0,0,0,0,2,37,18.45959774404764,0;0;1;1,117,1,1,123,1787895482.0686338,,0,0,0,0,0,0,0,0,0,0,0,0,0.0,0.0,0.0,23353.623390197754,0.0,-23353.623390197754,1000.230138,2608.0,0.0
1,upsert,2,L0004,2048,0,1787895521.9256182,20.694008827209473,1,1,1,1787895501.2316093,alphahigh,agg_full@rho0.8,0,1.0,0.0,4,0.8,agg_full,1787895501.2315962,0,2048,,0,0,0,0,0,0,0,1,2,,0;1;0;1,4,0,1,47,1787895532.5553138,,0,0,0,0,3,0,0,1,1,2560,2560,0,0.0,0.0,0.0,20694.008827209473,0.0,-20694.008827209473,1986.948645,2080.0,49.2
8,upsert,0,L0000,3072,0,1787895523.2018082,16.84971046447754,2,4,8,1787895506.3520977,alphahigh,agg_full@rho0.8,0,1.0,0.0,4,0.8,agg_full,1787895506.352066,2048,1024,2.425342559814453,0,0,0,0,0,0,0,5,9,,0;1;1;1,12,1,1,35,1787895523.2208512,,0,3,0,1,3,3,0,0,1,0,512,512,10.24,2.0,8.24,16849.71046447754,8.24,-16841.470464477537,2201.092252,3136.0,8.24
8,upsert,0,L0000,3072,0,1787895523.2018082,16.84971046447754,2,4,8,1787895506.3520977,alphahigh,agg_full@rho0.8,0,1.0,0.0,4,0.8,agg_full,1787895506.352066,2048,1024,2.425342559814453,0,0,0,0,0,0,0,5,9,,0;1;1;1,12,1,2,39,1787895526.1358159,,0,3,0,1,0,3,0,1,0,0,0,0,0.0,-2.0,2.0,16849.71046447754,2.0,-16847.71046447754,130.77285,2080.0,0.0
8,upsert,0,L0000,3072,0,1787895523.2018082,16.84971046447754,2,4,8,1787895506.3520977,alphahigh,agg_full@rho0.8,0,1.0,0.0,4,0.8,agg_full,1787895506.352066,2048,1024,2.425342559814453,0,0,0,0,0,0,0,5,9,,0;1;1;1,12,1,3,40,1787895529.4472866,,0,3,0,1,2,3,0,0,0,2560,3072,512,10.24,0.0,10.24,16849.71046447754,10.24,-16839.470464477537,278.138096,2608.0,61.44
8,upsert,0,L0000,3072,0,1787895523.2018082,16.84971046447754,2,4,8,1787895506.3520977,alphahigh,agg_full@rho0.8,0,1.0,0.0,4,0.8,agg_full,1787895506.352066,2048,1024,2.425342559814453,0,0,0,0,0,0,0,5,9,,0;1;1;1,12,1,4,52,1787895537.735852,,0,3,0,1,3,3,0,0,0,0,512,512,10.24,0.0,10.24,16849.71046447754,10.24,-16839.470464477537,181.786976,3136.0,10.24
11,upsert,3,L0000,2560,0,1787895523.2019343,16.849438905715942,3,4,11,1787895506.3524954,alphahigh,agg_full@rho0.8,0,1.0,0.0,4,0.8,agg_full,1787895506.3524806,2560,0,2.425583600997925,0,0,0,0,0,0,0,5,12,,0;0;0;0,12,1,1,35,1787895523.2208512,,0,0,0,0,3,0,0,1,1,512,512,0,0.0,0.0,0.0,16849.438905715942,0.0,-16849.438905715942,2201.092252,3136.0,8.24
11,upsert,3,L0000,2560,0,1787895523.2019343,16.849438905715942,3,4,11,1787895506.3524954,alphahigh,agg_full@rho0.8,0,1.0,0.0,4,0.8,agg_full,1787895506.3524806,2560,0,2.425583600997925,0,0,0,0,0,0,0,5,12,,0;0;0;0,12,1,2,39,1787895526.1358159,,0,0,0,0,0,0,0,0,0,0,0,0,0.0,0.0,0.0,16849.438905715942,0.0,-16849.438905715942,130.77285,2080.0,0.0
11,upsert,3,L0000,2560,0,1787895523.2019343,16.849438905715942,3,4,11,1787895506.3524954,alphahigh,agg_full@rho0.8,0,1.0,0.0,4,0.8,agg_full,1787895506.3524806,2560,0,2.425583600997925,0,0,0,0,0,0,0,5,12,,0;0;0;0,12,1,3,40,1787895529.4472866,,0,0,0,0,2,0,0,0,0,3072,3072,0,0.0,0.0,0.0,16849.438905715942,0.0,-16849.438905715942,278.138096,2608.0,61.44
11,upsert,3,L0000,2560,0,1787895523.2019343,16.849438905715942,3,4,11,1787895506.3524954,alphahigh,agg_full@rho0.8,0,1.0,0.0,4,0.8,agg_full,1787895506.3524806,2560,0,2.425583600997925,0,0,0,0,0,0,0,5,12,,0;0;0;0,12,1,4,52,1787895537.735852,,0,0,0,0,3,0,0,0,0,512,512,0,0.0,0.0,0.0,16849.438905715942,0.0,-16849.438905715942,181.786976,3136.0,10.24
12,upsert,0,L0004,2560,0,1787895524.0107884,14.867352962493896,4,1,12,1787895509.1434355,alphahigh,agg_full@rho0.8,0,1.0,0.0,4,0.8,agg_full,1787895509.143408,0,2560,,0,0,0,0,0,0,0,2,13,,0;1;1;1,16,0,1,47,1787895532.5553138,,0,2,0,1,3,2,0,1,1,2048,2560,512,10.24,0.0,10.24,14867.352962493896,10.24,-14857.112962493897,1986.948645,2080.0,49.2
20,upsert,0,L0003,3072,0,1787895524.0108962,7.274137496948242,5,2,20,1787895516.7367587,alphahigh,agg_full@rho0.8,0,1.0,0.0,4,0.8,agg_full,1787895516.7367294,0,3072,,0,0,0,0,0,0,0,4,21,,0;1;1;1,24,0,1,43,1787895529.4474385,,0,2,0,1,1,2,0,1,1,2560,3072,512,10.24,0.0,10.24,7274.137496948242,10.24,-7263.897496948242,560.246631,3136.0,59.44
20,upsert,0,L0003,3072,0,1787895524.0108962,7.274137496948242,5,2,20,1787895516.7367587,alphahigh,agg_full@rho0.8,0,1.0,0.0,4,0.8,agg_full,1787895516.7367294,0,3072,,0,0,0,0,0,0,0,4,21,,0;1;1;1,24,0,2,58,1787895539.9948857,,0,2,0,1,0,2,0,0,0,0,0,0,0.0,0.0,0.0,7274.137496948242,0.0,-7274.137496948242,126.496258,2080.0,0.0
22,upsert,2,L0003,2048,0,1787895524.0110197,7.273973703384399,7,2,22,1787895516.737046,alphahigh,agg_full@rho0.8,0,1.0,0.0,4,0.8,agg_full,1787895516.7370312,2560,-512,4.5384180545806885,0,0,0,0,0,0,0,4,23,,0;0;0;1,24,1,1,43,1787895529.4474385,,1,0,0,0,,0,0,1,1,0,0,0,0.0,0.0,0.0,7273.973703384399,0.0,-7273.973703384399,560.246631,3136.0,59.44
22,upsert,2,L0003,2048,0,1787895524.0110197,7.273973703384399,7,2,22,1787895516.737046,alphahigh,agg_full@rho0.8,0,1.0,0.0,4,0.8,agg_full,1787895516.7370312,2560,-512,4.5384180545806885,0,0,0,0,0,0,0,4,23,,0;0;0;1,24,1,2,58,1787895539.9948857,,1,0,0,0,,0,0,0,0,0,0,0,0.0,0.0,0.0,7273.973703384399,0.0,-7273.973703384399,126.496258,2080.0,0.0
24,upsert,0,L0009,2560,0,1787895524.0110686,3.9789164066314697,8,1,24,1787895520.0321522,alphahigh,agg_full@rho0.8,0,1.0,0.0,4,0.8,agg_full,1787895520.0321229,0,2560,,0,0,0,0,0,0,0,2,25,,0;1;1;1,28,0,1,63,1787895542.0974364,,0,2,0,1,2,2,0,0,1,0,2560,2560,51.2,2.0,49.2,3978.9164066314697,49.2,-3929.71640663147,2376.980944,2608.0,49.2
25,upsert,2,L0003,2560,2048,1787895524.011112,3.9787580966949463,9,2,25,1787895520.0323539,alphahigh,agg_full@rho0.8,0,1.0,0.0,4,0.8,agg_full,1787895520.0323348,2048,512,3.2953035831451416,0,0,0,0,0,0,0,5,26,,0;1;0;1,28,1,1,43,1787895529.4474385,,0,0,0,0,1,0,0,1,1,3072,3072,0,0.0,0.0,0.0,3978.7580966949463,0.0,-3978.7580966949463,560.246631,3136.0,59.44
25,upsert,2,L0003,2560,2048,1787895524.011112,3.9787580966949463,9,2,25,1787895520.0323539,alphahigh,agg_full@rho0.8,0,1.0,0.0,4,0.8,agg_full,1787895520.0323348,2048,512,3.2953035831451416,0,0,0,0,0,0,0,5,26,,0;1;0;1,28,1,2,58,1787895539.9948857,,0,0,0,0,0,0,0,0,0,0,0,0,0.0,0.0,0.0,3978.7580966949463,0.0,-3978.7580966949463,126.496258,2080.0,0.0
27,upsert,3,L0001,3072,0,1787895531.3086066,11.276057004928589,11,3,27,1787895520.0325496,alphahigh,agg_full@rho0.8,0,1.0,0.0,4,0.8,agg_full,1787895520.0325363,2048,1024,18.800756216049194,0,0,0,0,0,0,0,3,28,,0;0;0;0,28,1,1,48,1787895535.101918,,0,1,3,1,1,1,3,0,0,0,3072,3072,61.44,0.0,61.44,11276.057004928589,61.44,-11214.617004928588,270.823749,2080.0,61.44
27,upsert,3,L0001,3072,0,1787895531.3086066,11.276057004928589,11,3,27,1787895520.0325496,alphahigh,agg_full@rho0.8,0,1.0,0.0,4,0.8,agg_full,1787895520.0325363,2048,1024,18.800756216049194,0,0,0,0,0,0,0,3,28,,0;0;0;0,28,1,2,49,1787895535.1019812,,0,1,3,1,1,1,3,0,1,0,3072,3072,61.44,2.0,59.44,11276.057004928589,59.44,-11216.617004928588,409.859565,2608.0,59.44
27,upsert,3,L0001,3072,0,1787895531.3086066,11.276057004928589,11,3,27,1787895520.0325496,alphahigh,agg_full@rho0.8,0,1.0,0.0,4,0.8,agg_full,1787895520.0325363,2048,1024,18.800756216049194,0,0,0,0,0,0,0,3,28,,0;0;0;0,28,1,3,55,1787895537.7359955,,0,3,3,0,3,3,3,0,0,0,0,0,0.0,0.0,0.0,11276.057004928589,0.0,-11276.057004928589,305.738682,3136.0,0.0
29,upsert,3,L0032,2048,0,1787895533.6704712,10.450321674346924,13,1,29,1787895523.2201495,alphahigh,agg_full@rho0.8,0,1.0,0.0,4,0.8,agg_full,1787895523.2201338,0,2048,,0,0,0,0,0,0,0,1,27,18.13105273246765,0;1;1;0,32,0,1,57,1787895539.9948287,,0,0,3,1,0,0,3,0,0,0,2048,2048,40.96,0.0,40.96,10450.321674346924,40.96,-10409.361674346925,1000.595242,2080.0,40.96
32,upsert,0,L0051,2048,0,1787895540.649142,14.515143632888794,14,1,32,1787895526.1339984,alphahigh,agg_full@rho0.8,0,1.0,0.0,4,0.8,agg_full,1787895526.133971,0,2048,,0,0,0,0,0,0,0,1,23,10.301905274391174,1;1;1;0,37,0,1,60,1787895542.0972831,,0,3,0,1,3,3,0,0,0,0,2048,2048,40.96,0.0,40.96,14515.143632888794,40.96,-14474.183632888795,977.326672,2080.0,40.96
33,upsert,1,L0020,2048,0,1787895540.6492844,14.514770269393921,15,1,33,1787895526.134514,alphahigh,agg_full@rho0.8,0,1.0,0.0,4,0.8,agg_full,1787895526.1344976,0,2048,,0,0,0,0,0,0,0,1,24,10.301905274391174,1;0;1;0,37,0,1,61,1787895542.0973444,,0,2,1,1,2,2,1,0,0,0,2048,2048,40.96,0.0,40.96,14514.77026939392,40.96,-14473.810269393922,1880.9112,2080.0,40.96
64,upsert,2,L0064,2048,0,1787895578.776869,31.14343285560608,46,5,64,1787895547.6334362,alphahigh,agg_full@rho0.8,0,1.0,0.0,4,0.8,agg_full,1787895547.6334066,0,2048,,0,0,0,0,0,0,0,1,44,12.171345324743362,1;1;0;1,82,0,1,111,1787895580.0709465,,0,3,2,1,3,3,2,0,1,0,2048,2048,40.96,2.0,38.96,31143.43285560608,38.96,-31104.47285560608,3805.345526,2080.0,38.96
64,upsert,2,L0064,2048,0,1787895578.776869,31.14343285560608,46,5,64,1787895547.6334362,alphahigh,agg_full@rho0.8,0,1.0,0.0,4,0.8,agg_full,1787895547.6334066,0,2048,,0,0,0,0,0,0,0,1,44,12.171345324743362,1;1;0;1,82,0,2,120,1787895592.5294745,,0,0,0,0,0,0,0,0,0,0,0,0,0.0,0.0,0.0,31143.43285560608,0.0,-31143.43285560608,964.535537,2608.0,0.0
64,upsert,2,L0064,2048,0,1787895578.776869,31.14343285560608,46,5,64,1787895547.6334362,alphahigh,agg_full@rho0.8,0,1.0,0.0,4,0.8,agg_full,1787895547.6334066,0,2048,,0,0,0,0,0,0,0,1,44,12.171345324743362,1;1;0;1,82,0,3,122,1787895592.5295823,,0,0,0,0,3,0,0,1,1,2560,2560,0,0.0,0.0,0.0,31143.43285560608,0.0,-31143.43285560608,1103.184591,2080.0,49.2
64,upsert,2,L0064,2048,0,1787895578.776869,31.14343285560608,46,5,64,1787895547.6334362,alphahigh,agg_full@rho0.8,0,1.0,0.0,4,0.8,agg_full,1787895547.6334066,0,2048,,0,0,0,0,0,0,0,1,44,12.171345324743362,1;1;0;1,82,0,4,125,1787895597.4926777,,0,0,0,0,0,0,0,0,0,0,0,0,0.0,0.0,0.0,31143.43285560608,0.0,-31143.43285560608,257.380422,2608.0,0.0
64,upsert,2,L0064,2048,0,1787895578.776869,31.14343285560608,46,5,64,1787895547.6334362,alphahigh,agg_full@rho0.8,0,1.0,0.0,4,0.8,agg_full,1787895547.6334066,0,2048,,0,0,0,0,0,0,0,1,44,12.171345324743362,1;1;0;1,82,0,5,126,1787895597.4927335,,0,0,0,0,1,0,0,1,1,2560,2560,0,0.0,0.0,0.0,31143.43285560608,0.0,-31143.43285560608,418.208736,3136.0,49.2
70,upsert,0,L0064,2560,0,1787895586.7767038,35.05652356147766,52,4,70,1787895551.7201803,alphahigh,agg_full@rho0.8,0,1.0,0.0,4,0.8,agg_full,1787895551.720154,0,2560,,0,0,0,0,0,0,0,3,43,13.533711373806,0;1;0;0,86,0,1,120,1787895592.5294745,,0,2,0,1,0,2,0,0,0,0,0,0,0.0,0.0,0.0,35056.52356147766,0.0,-35056.52356147766,964.535537,2608.0,0.0
70,upsert,0,L0064,2560,0,1787895586.7767038,35.05652356147766,52,4,70,1787895551.7201803,alphahigh,agg_full@rho0.8,0,1.0,0.0,4,0.8,agg_full,1787895551.720154,0,2560,,0,0,0,0,0,0,0,3,43,13.533711373806,0;1;0;0,86,0,2,122,1787895592.5295823,,0,2,0,1,3,2,0,0,1,2048,2560,512,10.24,2.0,8.24,35056.52356147766,8.24,-35048.28356147766,1103.184591,2080.0,49.2
70,upsert,0,L0064,2560,0,1787895586.7767038,35.05652356147766,52,4,70,1787895551.7201803,alphahigh,agg_full@rho0.8,0,1.0,0.0,4,0.8,agg_full,1787895551.720154,0,2560,,0,0,0,0,0,0,0,3,43,13.533711373806,0;1;0;0,86,0,3,125,1787895597.4926777,,0,2,0,1,0,2,0,0,0,0,0,0,0.0,0.0,0.0,35056.52356147766,0.0,-35056.52356147766,257.380422,2608.0,0.0
70,upsert,0,L0064,2560,0,1787895586.7767038,35.05652356147766,52,4,70,1787895551.7201803,alphahigh,agg_full@rho0.8,0,1.0,0.0,4,0.8,agg_full,1787895551.720154,0,2560,,0,0,0,0,0,0,0,3,43,13.533711373806,0;1;0;0,86,0,4,126,1787895597.4927335,,0,2,0,1,1,2,0,0,1,2048,2560,512,10.24,2.0,8.24,35056.52356147766,8.24,-35048.28356147766,418.208736,3136.0,49.2
77,upsert,1,L0071,2048,0,1787895586.7770388,29.398503065109253,57,1,77,1787895557.3785357,alphahigh,agg_full@rho0.8,0,1.0,0.0,4,0.8,agg_full,1787895557.378518,0,2048,,0,0,0,0,0,0,0,1,50,13.533711373806,1;0;0;1,94,0,1,123,1787895592.52963,,0,3,1,1,3,3,1,0,1,0,2048,2048,40.96,2.0,38.96,29398.503065109253,38.96,-29359.543065109254,4210.451553,2608.0,38.96
78,upsert,0,L0069,2048,0,1787895586.7770815,29.39813995361328,58,1,78,1787895557.3789415,alphahigh,agg_full@rho0.8,0,1.0,0.0,4,0.8,agg_full,1787895557.3789275,0,2048,,0,0,0,0,0,0,0,1,51,13.533711373806,0;0;0;1,94,0,1,118,1787895587.9529665,,0,2,0,1,2,2,0,0,1,0,2048,2048,40.96,2.0,38.96,29398.13995361328,38.96,-29359.179953613282,3941.898208,2080.0,38.96
1,upsert,2,L0001,2048,0,1787895620.9256258,9.922488689422607,2,3,1,1787895611.003137,alphahigh,agg_static@rho0.8,1,1.0,0.0,4,0.8,agg_static,1787895611.0031235,0,2048,,0,0,0,0,0,0,0,1,2,,0;1;0;1,4,0,1,42,1787895637.334077,,0,1,1,0,1,1,1,0,0,0,0,0,0.0,0.0,0.0,9922.488689422607,0.0,-9922.488689422607,127.870733,2608.0,0.0
1,upsert,2,L0001,2048,0,1787895620.9256258,9.922488689422607,2,3,1,1787895611.003137,alphahigh,agg_static@rho0.8,1,1.0,0.0,4,0.8,agg_static,1787895611.0031235,0,2048,,0,0,0,0,0,0,0,1,2,,0;1;0;1,4,0,2,54,1787895643.1845284,,0,1,1,0,3,1,1,0,0,2560,2560,0,0.0,0.0,0.0,9922.488689422607,0.0,-9922.488689422607,893.516926,2608.0,51.2
1,upsert,2,L0001,2048,0,1787895620.9256258,9.922488689422607,2,3,1,1787895611.003137,alphahigh,agg_static@rho0.8,1,1.0,0.0,4,0.8,agg_static,1787895611.0031235,0,2048,,0,0,0,0,0,0,0,1,2,,0;1;0;1,4,0,3,56,1787895645.764735,,0,1,1,0,2,1,1,0,0,512,512,0,0.0,0.0,0.0,9922.488689422607,0.0,-9922.488689422607,114.588782,2080.0,10.24
2,upsert,1,L0000,2048,0,1787895620.9257693,9.92250919342041,3,4,2,1787895611.0032601,alphahigh,agg_static@rho0.8,1,1.0,0.0,4,0.8,agg_static,1787895611.003248,0,2048,,0,0,0,0,0,0,0,1,3,,0;0;0;1,4,0,1,43,1787895637.3341298,,1,0,0,0,,0,0,1,1,0,0,0,0.0,0.0,0.0,9922.50919342041,0.0,-9922.50919342041,2031.794373,2608.0,59.44
2,upsert,1,L0000,2048,0,1787895620.9257693,9.92250919342041,3,4,2,1787895611.0032601,alphahigh,agg_static@rho0.8,1,1.0,0.0,4,0.8,agg_static,1787895611.003248,0,2048,,0,0,0,0,0,0,0,1,3,,0;0;0;1,4,0,2,48,1787895642.4819102,,1,0,0,0,,0,0,0,0,0,0,0,0.0,0.0,0.0,9922.50919342041,0.0,-9922.50919342041,174.578217,3136.0,0.0
2,upsert,1,L0000,2048,0,1787895620.9257693,9.92250919342041,3,4,2,1787895611.0032601,alphahigh,agg_static@rho0.8,1,1.0,0.0,4,0.8,agg_static,1787895611.003248,0,2048,,0,0,0,0,0,0,0,1,3,,0;0;0;1,4,0,3,51,1787895642.4820735,,1,0,0,0,,0,0,1,1,0,0,0,0.0,0.0,0.0,9922.50919342041,0.0,-9922.50919342041,316.008558,2080.0,59.44
2,upsert,1,L0000,2048,0,1787895620.9257693,9.92250919342041,3,4,2,1787895611.0032601,alphahigh,agg_static@rho0.8,1,1.0,0.0,4,0.8,agg_static,1787895611.003248,0,2048,,0,0,0,0,0,0,0,1,3,,0;0;0;1,4,0,4,52,1787895643.184413,,1,0,0,0,,0,0,0,0,0,0,0,0.0,0.0,0.0,9922.50919342041,0.0,-9922.50919342041,148.70343,2608.0,0.0
3,upsert,3,L0010,2048,0,1787895623.6916351,12.688270568847656,4,2,3,1787895611.0033646,alphahigh,agg_static@rho0.8,1,1.0,0.0,4,0.8,agg_static,1787895611.0033548,0,2048,,0,0,0,0,0,0,0,1,4,,0;0;0;0,4,0,1,46,1787895639.949475,,0,0,0,0,1,0,0,0,0,2560,2560,0,0.0,0.0,0.0,12688.270568847656,0.0,-12688.270568847656,957.731468,2608.0,51.2
3,upsert,3,L0010,2048,0,1787895623.6916351,12.688270568847656,4,2,3,1787895611.0033646,alphahigh,agg_static@rho0.8,1,1.0,0.0,4,0.8,agg_static,1787895611.0033548,0,2048,,0,0,0,0,0,0,0,1,4,,0;0;0;0,4,0,2,59,1787895645.7648838,,0,0,0,0,0,0,0,0,0,0,0,0,0.0,0.0,0.0,12688.270568847656,0.0,-12688.270568847656,244.804862,2080.0,0.0
4,upsert,0,L0010,2560,0,1787895623.691748,9.89627981185913,5,2,4,1787895613.795468,alphahigh,agg_static@rho0.8,1,1.0,0.0,4,0.8,agg_static,1787895613.795446,0,2560,,0,0,0,0,0,0,0,2,5,,0;1;1;1,8,0,1,46,1787895639.949475,,0,3,0,1,1,3,0,1,0,2048,2560,512,10.24,-2.0,12.24,9896.27981185913,12.24,-9884.039811859131,957.731468,2608.0,51.2
4,upsert,0,L0010,2560,0,1787895623.691748,9.89627981185913,5,2,4,1787895613.795468,alphahigh,agg_static@rho0.8,1,1.0,0.0,4,0.8,agg_static,1787895613.795446,0,2560,,0,0,0,0,0,0,0,2,5,,0;1;1;1,8,0,2,59,1787895645.7648838,,0,3,0,1,0,3,0,1,0,0,0,0,0.0,-2.0,2.0,9896.27981185913,2.0,-9894.27981185913,244.804862,2080.0,0.0
5,upsert,3,L0006,2048,0,1787895623.6918147,9.89618730545044,6,1,5,1787895613.7956274,alphahigh,agg_static@rho0.8,1,1.0,0.0,4,0.8,agg_static,1787895613.7956138,0,2048,,0,0,0,0,0,0,0,1,6,,0;1;1;0,8,0,1,33,1787895631.389888,,0,2,3,1,2,2,3,0,0,0,2048,2048,40.96,0.0,40.96,9896.18730545044,40.96,-9855.22730545044,1742.89217,2080.0,40.96
6,upsert,1,L0001,2560,0,1787895623.691868,9.896146059036255,7,3,6,1787895613.795722,alphahigh,agg_static@rho0.8,1,1.0,0.0,4,0.8,agg_static,1787895613.795712,0,2560,,0,0,0,0,0,0,0,2,7,,0;0;1;0,8,0,1,42,1787895637.334077,,0,2,1,1,1,2,1,1,0,0,0,0,0.0,-2.0,2.0,9896.146059036255,2.0,-9894.146059036255,127.870733,2608.0,0.0
6,upsert,1,L0001,2560,0,1787895623.691868,9.896146059036255,7,3,6,1787895613.795722,alphahigh,agg_static@rho0.8,1,1.0,0.0,4,0.8,agg_static,1787895613.795712,0,2560,,0,0,0,0,0,0,0,2,7,,0;0;1;0,8,0,2,54,1787895643.1845284,,0,2,1,1,3,2,1,1,0,2048,2560,512,10.24,-2.0,12.24,9896.146059036255,12.24,-9883.906059036255,893.516926,2608.0,51.2
6,upsert,1,L0001,2560,0,1787895623.691868,9.896146059036255,7,3,6,1787895613.795722,alphahigh,agg_static@rho0.8,1,1.0,0.0,4,0.8,agg_static,1787895613.795712,0,2560,,0,0,0,0,0,0,0,2,7,,0;0;1;0,8,0,3,56,1787895645.764735,,0,2,1,1,2,2,1,0,0,0,512,512,10.24,0.0,10.24,9896.146059036255,10.24,-9885.906059036255,114.588782,2080.0,10.24
7,upsert,2,L0013,2048,0,1787895623.691917,9.89611530303955,8,1,7,1787895613.7958016,alphahigh,agg_static@rho0.8,1,1.0,0.0,4,0.8,agg_static,1787895613.795793,0,2048,,0,0,0,0,0,0,0,1,8,,0;0;0;0,8,0,1,38,1787895634.7819216,,0,1,2,1,1,1,2,0,1,0,2048,2048,40.96,2.0,38.96,9896.11530303955,38.96,-9857.155303039552,1969.092933,2080.0,38.96
8,upsert,0,L0000,2560,0,1787895623.691963,6.9397664070129395,9,4,8,1787895616.7521966,alphahigh,agg_static@rho0.8,1,1.0,0.0,4,0.8,agg_static,1787895616.7521555,0,2560,,0,0,0,0,0,0,0,2,9,,0;1;1;1,12,0,1,43,1787895637.3341298,,1,0,0,0,,0,0,1,1,0,0,0,0.0,0.0,0.0,6939.766407012939,0.0,-6939.766407012939,2031.794373,2608.0,59.44
8,upsert,0,L0000,2560,0,1787895623.691963,6.9397664070129395,9,4,8,1787895616.7521966,alphahigh,agg_static@rho0.8,1,1.0,0.0,4,0.8,agg_static,1787895616.7521555,0,2560,,0,0,0,0,0,0,0,2,9,,0;1;1;1,12,0,2,48,1787895642.4819102,,1,0,0,0,,0,0,0,0,0,0,0,0.0,0.0,0.0,6939.766407012939,0.0,-6939.766407012939,174.578217,3136.0,0.0
8,upsert,0,L0000,2560,0,1787895623.691963,6.9397664070129395,9,4,8,1787895616.7521966,alphahigh,agg_static@rho0.8,1,1.0,0.0,4,0.8,agg_static,1787895616.7521555,0,2560,,0,0,0,0,0,0,0,2,9,,0;1;1;1,12,0,3,51,1787895642.4820735,,1,0,0,0,,0,0,1,1,0,0,0,0.0,0.0,0.0,6939.766407012939,0.0,-6939.766407012939,316.008558,2080.0,59.44
8,upsert,0,L0000,2560,0,1787895623.691963,6.9397664070129395,9,4,8,1787895616.7521966,alphahigh,agg_static@rho0.8,1,1.0,0.0,4,0.8,agg_static,1787895616.7521555,0,2560,,0,0,0,0,0,0,0,2,9,,0;1;1;1,12,0,4,52,1787895643.184413,,1,0,0,0,,0,0,0,0,0,0,0,0.0,0.0,0.0,6939.766407012939,0.0,-6939.766407012939,148.70343,2608.0,0.0
10,upsert,2,L0004,2048,0,1787895630.2873862,13.534940958023071,11,1,10,1787895616.7524452,alphahigh,agg_static@rho0.8,1,1.0,0.0,4,0.8,agg_static,1787895616.752434,0,2048,,0,0,0,0,0,0,0,1,11,,0;0;0;1,12,0,1,60,1787895648.5007527,,1,0,0,0,,0,0,0,0,0,0,0,0.0,0.0,0.0,13534.940958023071,0.0,-13534.940958023071,229.637829,2080.0,0.0
11,upsert,3,L0005,2048,0,1787895630.2874663,13.53494119644165,12,3,11,1787895616.752525,alphahigh,agg_static@rho0.8,1,1.0,0.0,4,0.8,agg_static,1787895616.752516,0,2048,,0,0,0,0,0,0,0,1,12,,0;0;0;0,12,0,1,34,1787895631.3899426,,0,2,3,1,2,2,3,0,1,0,2048,2048,40.96,2.0,38.96,13534.94119644165,38.96,-13495.981196441651,2835.06928,2080.0,38.96
11,upsert,3,L0005,2048,0,1787895630.2874663,13.53494119644165,12,3,11,1787895616.752525,alphahigh,agg_static@rho0.8,1,1.0,0.0,4,0.8,agg_static,1787895616.752516,0,2048,,0,0,0,0,0,0,0,1,12,,0;0;0;0,12,0,2,44,1787895639.9493642,,0,2,3,1,2,2,3,0,0,0,2048,2048,40.96,0.0,40.96,13534.94119644165,40.96,-13493.981196441651,1191.406713,2608.0,40.96
11,upsert,3,L0005,2048,0,1787895630.2874663,13.53494119644165,12,3,11,1787895616.752525,alphahigh,agg_static@rho0.8,1,1.0,0.0,4,0.8,agg_static,1787895616.752516,0,2048,,0,0,0,0,0,0,0,1,12,,0;0;0;0,12,0,3,49,1787895642.4819744,,0,3,3,0,3,3,3,0,0,0,0,0,0.0,0.0,0.0,13534.94119644165,0.0,-13534.94119644165,119.27433,2080.0,0.0
12,upsert,0,L0000,3072,2560,1787895630.287506,11.469763278961182,13,4,12,1787895618.8177428,alphahigh,agg_static@rho0.8,1,1.0,0.0,4,0.8,agg_static,1787895618.8177161,2560,512,2.0655605792999268,0,0,0,0,0,0,0,4,13,,0;1;1;1,16,1,1,43,1787895637.3341298,,0,0,0,0,3,0,0,1,1,2560,3072,512,10.24,0.0,10.24,11469.763278961182,10.24,-11459.523278961182,2031.794373,2608.0,59.44
12,upsert,0,L0000,3072,2560,1787895630.287506,11.469763278961182,13,4,12,1787895618.8177428,alphahigh,agg_static@rho0.8,1,1.0,0.0,4,0.8,agg_static,1787895618.8177161,2560,512,2.0655605792999268,0,0,0,0,0,0,0,4,13,,0;1;1;1,16,1,2,48,1787895642.4819102,,0,0,0,0,0,0,0,0,0,0,0,0,0.0,0.0,0.0,11469.763278961182,0.0,-11469.763278961182,174.578217,3136.0,0.0
12,upsert,0,L0000,3072,2560,1787895630.287506,11.469763278961182,13,4,12,1787895618.8177428,alphahigh,agg_static@rho0.8,1,1.0,0.0,4,0.8,agg_static,1787895618.8177161,2560,512,2.0655605792999268,0,0,0,0,0,0,0,4,13,,0;1;1;1,16,1,3,51,1787895642.4820735,,0,0,0,0,2,0,0,1,1,2560,3072,512,10.24,0.0,10.24,11469.763278961182,10.24,-11459.523278961182,316.008558,2080.0,59.44
12,upsert,0,L0000,3072,2560,1787895630.287506,11.469763278961182,13,4,12,1787895618.8177428,alphahigh,agg_static@rho0.8,1,1.0,0.0,4,0.8,agg_static,1787895618.8177161,2560,512,2.0655605792999268,0,0,0,0,0,0,0,4,13,,0;1;1;1,16,1,4,52,1787895643.184413,,0,0,0,0,0,0,0,0,0,0,0,0,0.0,0.0,0.0,11469.763278961182,0.0,-11469.763278961182,148.70343,2608.0,0.0
13,upsert,2,L0019,2048,0,1787895630.2875412,11.469629049301147,14,1,13,1787895618.817912,alphahigh,agg_static@rho0.8,1,1.0,0.0,4,0.8,agg_static,1787895618.8178968,0,2048,,0,0,0,0,0,0,0,1,14,,0;1;0;1,16,0,1,36,1787895634.7818108,,0,2,2,0,2,2,2,0,0,0,0,0,0.0,0.0,0.0,11469.629049301147,0.0,-11469.629049301147,867.051441,2080.0,0.0
14,upsert,1,L0000,2048,2048,1787895630.28757,11.46955680847168,15,4,14,1787895618.8180132,alphahigh,agg_static@rho0.8,1,1.0,0.0,4,0.8,agg_static,1787895618.817999,2048,0,7.814750909805298,0,0,0,0,0,0,0,4,15,,0;0;0;1,16,1,1,43,1787895637.3341298,,0,0,0,0,3,0,0,1,1,3072,3072,0,0.0,0.0,0.0,11469.55680847168,0.0,-11469.55680847168,2031.794373,2608.0,59.44
14,upsert,1,L0000,2048,2048,1787895630.28757,11.46955680847168,15,4,14,1787895618.8180132,alphahigh,agg_static@rho0.8,1,1.0,0.0,4,0.8,agg_static,1787895618.817999,2048,0,7.814750909805298,0,0,0,0,0,0,0,4,15,,0;0;0;1,16,1,2,48,1787895642.4819102,,0,0,0,0,0,0,0,0,0,0,0,0,0.0,0.0,0.0,11469.55680847168,0.0,-11469.55680847168,174.578217,3136.0,0.0
14,upsert,1,L0000,2048,2048,1787895630.28757,11.46955680847168,15,4,14,1787895618.8180132,alphahigh,agg_static@rho0.8,1,1.0,0.0,4,0.8,agg_static,1787895618.817999,2048,0,7.814750909805298,0,0,0,0,0,0,0,4,15,,0;0;0;1,16,1,3,51,1787895642.4820735,,0,0,0,0,2,0,0,1,1,3072,3072,0,0.0,0.0,0.0,11469.55680847168,0.0,-11469.55680847168,316.008558,2080.0,59.44
14,upsert,1,L0000,2048,2048,1787895630.28757,11.46955680847168,15,4,14,1787895618.8180132,alphahigh,agg_static@rho0.8,1,1.0,0.0,4,0.8,agg_static,1787895618.817999,2048,0,7.814750909805298,0,0,0,0,0,0,0,4,15,,0;0;0;1,16,1,4,52,1787895643.184413,,0,0,0,0,0,0,0,0,0,0,0,0,0.0,0.0,0.0,11469.55680847168,0.0,-11469.55680847168,148.70343,2608.0,0.0
18,upsert,1,L0002,2048,0,1787895636.7555664,14.674485445022583,18,3,18,1787895622.081081,alphahigh,agg_static@rho0.8,1,1.0,0.0,4,0.8,agg_static,1787895622.0810678,0,2048,,0,0,0,0,0,0,0,1,16,9.461551984151205,0;0;1;0,20,0,1,50,1787895642.4820244,,0,1,1,0,1,1,1,0,0,0,0,0,0.0,0.0,0.0,14674.485445022583,0.0,-14674.485445022583,120.89968,2080.0,0.0
18,upsert,1,L0002,2048,0,1787895636.7555664,14.674485445022583,18,3,18,1787895622.081081,alphahigh,agg_static@rho0.8,1,1.0,0.0,4,0.8,agg_static,1787895622.0810678,0,2048,,0,0,0,0,0,0,0,1,16,9.461551984151205,0;0;1;0,20,0,2,62,1787895648.5008652,,0,3,3,0,3,3,3,0,0,0,0,0,0.0,0.0,0.0,14674.485445022583,0.0,-14674.485445022583,155.449284,2608.0,0.0
18,upsert,1,L0002,2048,0,1787895636.7555664,14.674485445022583,18,3,18,1787895622.081081,alphahigh,agg_static@rho0.8,1,1.0,0.0,4,0.8,agg_static,1787895622.0810678,0,2048,,0,0,0,0,0,0,0,1,16,9.461551984151205,0;0;1;0,20,0,3,63,1787895648.500915,,0,3,3,0,1,3,3,1,1,512,512,0,0.0,0.0,0.0,14674.485445022583,0.0,-14674.485445022583,307.328486,3136.0,8.24
19,upsert,2,L0004,2560,2048,1787895636.7556403,14.674381732940674,19,1,19,1787895622.0812585,alphahigh,agg_static@rho0.8,1,1.0,0.0,4,0.8,agg_static,1787895622.081241,2048,512,5.3288068771362305,0,0,0,0,0,0,0,2,17,9.461551984151205,0;0;0;0,20,1,1,60,1787895648.5007527,,0,0,0,0,0,0,0,0,0,0,0,0,0.0,0.0,0.0,14674.381732940674,0.0,-14674.381732940674,229.637829,2080.0,0.0
23,upsert,3,L0002,2560,0,1787895645.2450707,20.06882929801941,23,2,23,1787895625.1762414,alphahigh,agg_static@rho0.8,1,1.0,0.0,4,0.8,agg_static,1787895625.1762278,0,2560,,0,0,0,0,0,0,0,2,14,9.453708124160766,0;0;0;0,26,0,1,62,1787895648.5008652,,0,1,3,1,3,1,3,0,0,0,0,0,0.0,0.0,0.0,20068.82929801941,0.0,-20068.82929801941,155.449284,2608.0,0.0
23,upsert,3,L0002,2560,0,1787895645.2450707,20.06882929801941,23,2,23,1787895625.1762414,alphahigh,agg_static@rho0.8,1,1.0,0.0,4,0.8,agg_static,1787895625.1762278,0,2560,,0,0,0,0,0,0,0,2,14,9.453708124160766,0;0;0;0,26,0,2,63,1787895648.500915,,0,1,3,1,1,1,3,0,1,0,512,512,10.24,2.0,8.24,20068.82929801941,8.24,-20060.589298019408,307.328486,3136.0,8.24
25,upsert,0,L0004,3072,0,1787895645.2451978,16.10010266304016,25,1,25,1787895629.145095,alphahigh,agg_static@rho0.8,1,1.0,0.0,4,0.8,agg_static,1787895629.1450784,0,3072,,0,0,0,0,0,0,0,3,16,9.453708124160766,0;2;0;0,31,0,1,60,1787895648.5007527,,0,2,0,1,0,2,0,0,0,0,0,0,0.0,0.0,0.0,16100.102663040161,0.0,-16100.102663040161,229.637829,2080.0,0.0
65,upsert,1,L0064,2048,0,1787895697.457557,44.187581300735474,65,1,65,1787895653.2699757,alphahigh,agg_static@rho0.8,1,1.0,0.0,4,0.8,agg_static,1787895653.2699587,0,2048,,0,0,0,0,0,0,0,1,32,15.091321103274822,1;0;1;0,91,0,1,126,1787895698.6626198,,0,0,0,0,2,0,0,0,0,2560,2560,0,0.0,0.0,0.0,44187.58130073547,0.0,-44187.58130073547,332.771368,3136.0,51.2
71,upsert,0,L0064,2560,0,1787895697.4579148,41.24982142448425,71,1,71,1787895656.2080934,alphahigh,agg_static@rho0.8,1,1.0,0.0,4,0.8,agg_static,1787895656.20808,0,2560,,0,0,0,0,0,0,0,2,38,15.091321103274822,0;0;0;0,95,0,1,126,1787895698.6626198,,0,1,0,1,2,1,0,1,0,2048,2560,512,10.24,-2.0,12.24,41249.82142448425,12.24,-41237.581424484255,332.771368,3136.0,51.2
1,upsert,2,L0001,2048,0,1787895738.8618755,23.37158513069153,1,3,1,1787895715.4902904,alphahigh,agg_full@rho0.8,1,1.0,0.0,4,0.8,agg_full,1787895715.4902751,0,2048,,0,0,0,0,0,0,0,1,2,,0;1;0;1,4,0,1,42,1787895745.7360823,,0,1,1,0,1,1,1,0,0,0,0,0,0.0,0.0,0.0,23371.58513069153,0.0,-23371.58513069153,153.369231,2608.0,0.0
1,upsert,2,L0001,2048,0,1787895738.8618755,23.37158513069153,1,3,1,1787895715.4902904,alphahigh,agg_full@rho0.8,1,1.0,0.0,4,0.8,agg_full,1787895715.4902751,0,2048,,0,0,0,0,0,0,0,1,2,,0;1;0;1,4,0,2,54,1787895752.5515072,,0,1,1,0,3,1,1,0,0,2560,2560,0,0.0,0.0,0.0,23371.58513069153,0.0,-23371.58513069153,1124.471106,2608.0,51.2
1,upsert,2,L0001,2048,0,1787895738.8618755,23.37158513069153,1,3,1,1787895715.4902904,alphahigh,agg_full@rho0.8,1,1.0,0.0,4,0.8,agg_full,1787895715.4902751,0,2048,,0,0,0,0,0,0,0,1,2,,0;1;0;1,4,0,3,56,1787895755.2706208,,0,1,1,0,2,1,1,0,0,512,512,0,0.0,0.0,0.0,23371.58513069153,0.0,-23371.58513069153,131.123847,2080.0,10.24
3,upsert,3,L0010,2048,0,1787895740.2447917,24.754306077957153,2,2,3,1787895715.4904857,alphahigh,agg_full@rho0.8,1,1.0,0.0,4,0.8,agg_full,1787895715.4904761,0,2048,,0,0,0,0,0,0,0,1,4,,0;0;0;0,4,0,1,46,1787895749.031421,,0,0,0,0,0,0,0,0,0,0,0,0,0.0,0.0,0.0,24754.306077957153,0.0,-24754.306077957153,1108.545065,2608.0,0.0
3,upsert,3,L0010,2048,0,1787895740.2447917,24.754306077957153,2,2,3,1787895715.4904857,alphahigh,agg_full@rho0.8,1,1.0,0.0,4,0.8,agg_full,1787895715.4904761,0,2048,,0,0,0,0,0,0,0,1,4,,0;0;0;0,4,0,2,59,1787895755.2707691,,0,0,0,0,0,0,0,0,0,0,0,0,0.0,0.0,0.0,24754.306077957153,0.0,-24754.306077957153,128.92418,2080.0,0.0
4,upsert,0,L0010,2560,0,1787895740.244895,21.68771481513977,3,2,4,1787895718.5571802,alphahigh,agg_full@rho0.8,1,1.0,0.0,4,0.8,agg_full,1787895718.5571384,0,2560,,0,0,0,0,0,0,0,2,5,,0;1;1;1,8,0,1,46,1787895749.031421,,0,3,0,1,0,3,0,1,0,0,0,0,0.0,-2.0,2.0,21687.71481513977,2.0,-21685.71481513977,1108.545065,2608.0,0.0
4,upsert,0,L0010,2560,0,1787895740.244895,21.68771481513977,3,2,4,1787895718.5571802,alphahigh,agg_full@rho0.8,1,1.0,0.0,4,0.8,agg_full,1787895718.5571384,0,2560,,0,0,0,0,0,0,0,2,5,,0;1;1;1,8,0,2,59,1787895755.2707691,,0,3,0,1,0,3,0,1,0,0,0,0,0.0,-2.0,2.0,21687.71481513977,2.0,-21685.71481513977,128.92418,2080.0,0.0
6,upsert,1,L0001,2560,0,1787895744.4150717,25.857630729675293,4,3,6,1787895718.557441,alphahigh,agg_full@rho0.8,1,1.0,0.0,4,0.8,agg_full,1787895718.5574298,0,2560,,0,0,0,0,0,0,0,2,7,,0;0;1;0,8,0,1,42,1787895745.7360823,,0,2,1,1,1,2,1,0,0,0,0,0,0.0,0.0,0.0,25857.630729675293,0.0,-25857.630729675293,153.369231,2608.0,0.0
6,upsert,1,L0001,2560,0,1787895744.4150717,25.857630729675293,4,3,6,1787895718.557441,alphahigh,agg_full@rho0.8,1,1.0,0.0,4,0.8,agg_full,1787895718.5574298,0,2560,,0,0,0,0,0,0,0,2,7,,0;0;1;0,8,0,2,54,1787895752.5515072,,0,2,1,1,3,2,1,0,0,2048,2560,512,10.24,0.0,10.24,25857.630729675293,10.24,-25847.39072967529,1124.471106,2608.0,51.2
6,upsert,1,L0001,2560,0,1787895744.4150717,25.857630729675293,4,3,6,1787895718.557441,alphahigh,agg_full@rho0.8,1,1.0,0.0,4,0.8,agg_full,1787895718.5574298,0,2560,,0,0,0,0,0,0,0,2,7,,0;0;1;0,8,0,3,56,1787895755.2706208,,0,2,1,1,2,2,1,0,0,0,512,512,10.24,0.0,10.24,25857.630729675293,10.24,-25847.39072967529,131.123847,2080.0,10.24
12,upsert,0,L0000,3072,0,1787895744.4151952,21.005598306655884,5,4,12,1787895723.409597,alphahigh,agg_full@rho0.8,1,1.0,0.0,4,0.8,agg_full,1787895723.4095712,2560,512,2.101909637451172,0,0,0,0,0,0,0,4,13,,0;1;1;1,16,1,1,43,1787895745.736137,,0,1,0,1,2,1,0,1,1,2560,3072,512,10.24,0.0,10.24,21005.598306655884,10.24,-20995.358306655882,1932.181041,2608.0,59.44
12,upsert,0,L0000,3072,0,1787895744.4151952,21.005598306655884,5,4,12,1787895723.409597,alphahigh,agg_full@rho0.8,1,1.0,0.0,4,0.8,agg_full,1787895723.4095712,2560,512,2.101909637451172,0,0,0,0,0,0,0,4,13,,0;1;1;1,16,1,2,48,1787895751.7728324,,0,1,0,1,3,1,0,0,0,2560,3072,512,10.24,0.0,10.24,21005.598306655884,10.24,-20995.358306655882,160.297602,3136.0,61.44
12,upsert,0,L0000,3072,0,1787895744.4151952,21.005598306655884,5,4,12,1787895723.409597,alphahigh,agg_full@rho0.8,1,1.0,0.0,4,0.8,agg_full,1787895723.4095712,2560,512,2.101909637451172,0,0,0,0,0,0,0,4,13,,0;1;1;1,16,1,3,51,1787895751.77299,,0,1,0,1,1,1,0,0,1,0,512,512,10.24,2.0,8.24,21005.598306655884,8.24,-20997.358306655882,291.809918,2080.0,8.24
12,upsert,0,L0000,3072,0,1787895744.4151952,21.005598306655884,5,4,12,1787895723.409597,alphahigh,agg_full@rho0.8,1,1.0,0.0,4,0.8,agg_full,1787895723.4095712,2560,512,2.101909637451172,0,0,0,0,0,0,0,4,13,,0;1;1;1,16,1,4,52,1787895752.551394,,0,1,0,1,2,1,0,0,0,2560,3072,512,10.24,0.0,10.24,21005.598306655884,10.24,-20995.358306655882,148.732777,2608.0,61.44
14,upsert,1,L0000,2048,0,1787895744.4152617,21.005398988723755,6,4,14,1787895723.4098628,alphahigh,agg_full@rho0.8,1,1.0,0.0,4,0.8,agg_full,1787895723.4098487,2048,0,7.91946005821228,0,0,0,0,0,0,0,4,15,,0;0;0;1,16,1,1,43,1787895745.736137,,1,0,0,0,,0,0,1,1,0,0,0,0.0,0.0,0.0,21005.398988723755,0.0,-21005.398988723755,1932.181041,2608.0,59.44
14,upsert,1,L0000,2048,0,1787895744.4152617,21.005398988723755,6,4,14,1787895723.4098628,alphahigh,agg_full@rho0.8,1,1.0,0.0,4,0.8,agg_full,1787895723.4098487,2048,0,7.91946005821228,0,0,0,0,0,0,0,4,15,,0;0;0;1,16,1,2,48,1787895751.7728324,,1,0,0,0,,0,0,0,0,0,0,0,0.0,0.0,0.0,21005.398988723755,0.0,-21005.398988723755,160.297602,3136.0,61.44
14,upsert,1,L0000,2048,0,1787895744.4152617,21.005398988723755,6,4,14,1787895723.4098628,alphahigh,agg_full@rho0.8,1,1.0,0.0,4,0.8,agg_full,1787895723.4098487,2048,0,7.91946005821228,0,0,0,0,0,0,0,4,15,,0;0;0;1,16,1,3,51,1787895751.77299,,1,0,0,0,,0,0,1,1,0,0,0,0.0,0.0,0.0,21005.398988723755,0.0,-21005.398988723755,291.809918,2080.0,8.24
14,upsert,1,L0000,2048,0,1787895744.4152617,21.005398988723755,6,4,14,1787895723.4098628,alphahigh,agg_full@rho0.8,1,1.0,0.0,4,0.8,agg_full,1787895723.4098487,2048,0,7.91946005821228,0,0,0,0,0,0,0,4,15,,0;0;0;1,16,1,4,52,1787895752.551394,,1,0,0,0,,0,0,0,0,0,0,0,0.0,0.0,0.0,21005.398988723755,0.0,-21005.398988723755,148.732777,2608.0,61.44
19,upsert,2,L0004,2560,0,1787895744.4153125,16.143495798110962,7,1,19,1787895728.2718167,alphahigh,agg_full@rho0.8,1,1.0,0.0,4,0.8,agg_full,1787895728.2718024,2048,512,6.963874578475952,0,0,0,0,0,0,0,2,20,,0;0;0;0,20,1,1,60,1787895757.5149097,,1,2,2,0,,2,2,0,0,0,0,0,0.0,0.0,0.0,16143.495798110962,0.0,-16143.495798110962,139.867212,2080.0,61.44
21,upsert,1,L0000,2560,2048,1787895744.415407,11.66528606414795,9,4,21,1787895732.7501209,alphahigh,agg_full@rho0.8,1,1.0,0.0,4,0.8,agg_full,1787895732.7501016,2048,512,9.340252876281738,0,0,0,0,0,0,0,6,22,,0;0;1;1,24,1,1,43,1787895745.736137,,0,0,0,0,2,0,0,1,1,3072,3072,0,0.0,0.0,0.0,11665.28606414795,0.0,-11665.28606414795,1932.181041,2608.0,59.44
21,upsert,1,L0000,2560,2048,1787895744.415407,11.66528606414795,9,4,21,1787895732.7501209,alphahigh,agg_full@rho0.8,1,1.0,0.0,4,0.8,agg_full,1787895732.7501016,2048,512,9.340252876281738,0,0,0,0,0,0,0,6,22,,0;0;1;1,24,1,2,48,1787895751.7728324,,0,0,0,0,3,0,0,0,0,3072,3072,0,0.0,0.0,0.0,11665.28606414795,0.0,-11665.28606414795,160.297602,3136.0,61.44
21,upsert,1,L0000,2560,2048,1787895744.415407,11.66528606414795,9,4,21,1787895732.7501209,alphahigh,agg_full@rho0.8,1,1.0,0.0,4,0.8,agg_full,1787895732.7501016,2048,512,9.340252876281738,0,0,0,0,0,0,0,6,22,,0;0;1;1,24,1,3,51,1787895751.77299,,0,0,0,0,1,0,0,1,1,512,512,0,0.0,0.0,0.0,11665.28606414795,0.0,-11665.28606414795,291.809918,2080.0,8.24
21,upsert,1,L0000,2560,2048,1787895744.415407,11.66528606414795,9,4,21,1787895732.7501209,alphahigh,agg_full@rho0.8,1,1.0,0.0,4,0.8,agg_full,1787895732.7501016,2048,512,9.340252876281738,0,0,0,0,0,0,0,6,22,,0;0;1;1,24,1,4,52,1787895752.551394,,0,0,0,0,2,0,0,0,0,3072,3072,0,0.0,0.0,0.0,11665.28606414795,0.0,-11665.28606414795,148.732777,2608.0,61.44
23,upsert,3,L0002,2560,0,1787895744.4154525,11.665104627609253,10,3,23,1787895732.7503479,alphahigh,agg_full@rho0.8,1,1.0,0.0,4,0.8,agg_full,1787895732.750337,0,2560,,0,0,0,0,0,0,0,2,24,,0;0;0;0,24,0,1,50,1787895751.7729404,,0,1,3,1,1,1,3,0,1,0,2560,2560,51.2,2.0,49.2,11665.104627609253,49.2,-11615.904627609252,305.108047,2080.0,49.2
23,upsert,3,L0002,2560,0,1787895744.4154525,11.665104627609253,10,3,23,1787895732.7503479,alphahigh,agg_full@rho0.8,1,1.0,0.0,4,0.8,agg_full,1787895732.750337,0,2560,,0,0,0,0,0,0,0,2,24,,0;0;0;0,24,0,2,62,1787895757.5150213,,0,1,3,1,1,1,3,0,0,0,2560,2560,51.2,0.0,51.2,11665.104627609253,51.2,-11613.904627609252,164.212006,2608.0,51.2
23,upsert,3,L0002,2560,0,1787895744.4154525,11.665104627609253,10,3,23,1787895732.7503479,alphahigh,agg_full@rho0.8,1,1.0,0.0,4,0.8,agg_full,1787895732.750337,0,2560,,0,0,0,0,0,0,0,2,24,,0;0;0;0,24,0,3,63,1787895757.5150647,,0,0,3,1,0,0,3,0,1,0,2560,2560,51.2,2.0,49.2,11665.104627609253,49.2,-11615.904627609252,1344.874434,2608.0,49.2
25,upsert,2,L0004,3072,2560,1787895751.0108588,15.438009262084961,12,1,25,1787895735.5728495,alphahigh,agg_full@rho0.8,1,1.0,0.0,4,0.8,agg_full,1787895735.5728304,2560,512,7.30102801322937,0,0,0,0,0,0,0,3,26,,0;1;0;1,28,1,1,60,1787895757.5149097,,0,2,2,0,0,2,2,0,0,2560,3072,512,10.24,0.0,10.24,15438.009262084961,10.24,-15427.769262084961,139.867212,2080.0,61.44
28,upsert,0,L0033,2048,0,1787895751.0109355,12.855265378952026,14,2,28,1787895738.1556702,alphahigh,agg_full@rho0.8,1,1.0,0.0,4,0.8,agg_full,1787895738.1556466,0,2048,,0,0,0,0,0,0,0,1,29,,0;1;1;1,32,0,1,53,1787895752.5514565,,0,1,0,1,1,1,0,0,1,0,2048,2048,40.96,2.0,38.96,12855.265378952026,38.96,-12816.305378952027,2122.71953,2080.0,38.96
28,upsert,0,L0033,2048,0,1787895751.0109355,12.855265378952026,14,2,28,1787895738.1556702,alphahigh,agg_full@rho0.8,1,1.0,0.0,4,0.8,agg_full,1787895738.1556466,0,2048,,0,0,0,0,0,0,0,1,29,,0;1;1;1,32,0,2,55,1787895752.5515537,,0,2,0,1,2,2,0,0,2,0,2048,2048,40.96,4.0,36.96,12855.265378952026,36.96,-12818.305378952027,2121.295875,2608.0,36.96
31,upsert,2,L0060,2048,0,1787895751.010989,12.854971885681152,16,1,31,1787895738.156017,alphahigh,agg_full@rho0.8,1,1.0,0.0,4,0.8,agg_full,1787895738.156007,0,2048,,0,0,0,0,0,0,0,1,32,,0;0;0;0,32,0,1,61,1787895757.5149705,,0,3,2,1,3,3,2,0,1,0,2048,2048,40.96,2.0,38.96,12854.971885681152,38.96,-12816.011885681153,2367.273145,2080.0,38.96
65,upsert,1,L0064,2048,0,1787895789.819701,26.760481595993042,50,8,65,1787895763.0592194,alphahigh,agg_full@rho0.8,1,1.0,0.0,4,0.8,agg_full,1787895763.059203,0,2048,,0,0,0,0,0,0,0,1,46,16.86364907026291,0;0;1;1,84,0,1,102,1787895791.3146057,,0,2,1,1,2,2,1,0,1,0,2048,2048,40.96,2.0,38.96,26760.481595993042,38.96,-26721.521595993043,2463.081959,2080.0,38.96
65,upsert,1,L0064,2048,0,1787895789.819701,26.760481595993042,50,8,65,1787895763.0592194,alphahigh,agg_full@rho0.8,1,1.0,0.0,4,0.8,agg_full,1787895763.059203,0,2048,,0,0,0,0,0,0,0,1,46,16.86364907026291,0;0;1;1,84,0,2,108,1787895797.3946671,,0,3,3,0,1,3,3,0,0,512,512,0,0.0,0.0,0.0,26760.481595993042,0.0,-26760.481595993042,180.885892,3136.0,10.24
65,upsert,1,L0064,2048,0,1787895789.819701,26.760481595993042,50,8,65,1787895763.0592194,alphahigh,agg_full@rho0.8,1,1.0,0.0,4,0.8,agg_full,1787895763.059203,0,2048,,0,0,0,0,0,0,0,1,46,16.86364907026291,0;0;1;1,84,0,3,109,1787895797.394732,,0,3,3,0,1,3,3,1,1,512,512,0,0.0,0.0,0.0,26760.481595993042,0.0,-26760.481595993042,340.00825,2080.0,8.24
65,upsert,1,L0064,2048,0,1787895789.819701,26.760481595993042,50,8,65,1787895763.0592194,alphahigh,agg_full@rho0.8,1,1.0,0.0,4,0.8,agg_full,1787895763.059203,0,2048,,0,0,0,0,0,0,0,1,46,16.86364907026291,0;0;1;1,84,0,4,111,1787895797.3948321,,0,3,3,0,2,3,3,2,2,2560,2560,0,0.0,0.0,0.0,26760.481595993042,0.0,-26760.481595993042,338.798198,2608.0,47.2
65,upsert,1,L0064,2048,0,1787895789.819701,26.760481595993042,50,8,65,1787895763.0592194,alphahigh,agg_full@rho0.8,1,1.0,0.0,4,0.8,agg_full,1787895763.059203,0,2048,,0,0,0,0,0,0,0,1,46,16.86364907026291,0;0;1;1,84,0,5,112,1787895799.93538,,0,3,3,0,1,3,3,0,0,512,512,0,0.0,0.0,0.0,26760.481595993042,0.0,-26760.481595993042,322.181759,3136.0,10.24
65,upsert,1,L0064,2048,0,1787895789.819701,26.760481595993042,50,8,65,1787895763.0592194,alphahigh,agg_full@rho0.8,1,1.0,0.0,4,0.8,agg_full,1787895763.059203,0,2048,,0,0,0,0,0,0,0,1,46,16.86364907026291,0;0;1;1,84,0,6,113,1787895799.9354422,,0,3,3,0,0,3,3,1,1,2560,2560,0,0.0,0.0,0.0,26760.481595993042,0.0,-26760.481595993042,499.379631,2080.0,49.2
65,upsert,1,L0064,2048,0,1787895789.819701,26.760481595993042,50,8,65,1787895763.0592194,alphahigh,agg_full@rho0.8,1,1.0,0.0,4,0.8,agg_full,1787895763.059203,0,2048,,0,0,0,0,0,0,0,1,46,16.86364907026291,0;0;1;1,84,0,7,117,1787895804.6208851,,0,3,3,0,2,3,3,1,1,2560,2560,0,0.0,0.0,0.0,26760.481595993042,0.0,-26760.481595993042,2524.264756,2608.0,49.2
65,upsert,1,L0064,2048,0,1787895789.819701,26.760481595993042,50,8,65,1787895763.0592194,alphahigh,agg_full@rho0.8,1,1.0,0.0,4,0.8,agg_full,1787895763.059203,0,2048,,0,0,0,0,0,0,0,1,46,16.86364907026291,0;0;1;1,84,0,8,126,1787895810.056412,,0,3,3,0,0,3,3,1,1,2560,2560,0,0.0,0.0,0.0,26760.481595993042,0.0,-26760.481595993042,484.187983,3136.0,49.2
71,upsert,3,L0064,2560,0,1787895797.1175146,30.56200361251831,56,7,71,1787895766.555511,alphahigh,agg_full@rho0.8,1,1.0,0.0,4,0.8,agg_full,1787895766.555498,0,2560,,0,0,0,0,0,0,0,2,52,16.86364907026291,0;0;0;0,88,0,1,108,1787895797.3946671,,0,1,3,1,1,1,3,0,0,0,512,512,10.24,0.0,10.24,30562.00361251831,10.24,-30551.76361251831,180.885892,3136.0,10.24
71,upsert,3,L0064,2560,0,1787895797.1175146,30.56200361251831,56,7,71,1787895766.555511,alphahigh,agg_full@rho0.8,1,1.0,0.0,4,0.8,agg_full,1787895766.555498,0,2560,,0,0,0,0,0,0,0,2,52,16.86364907026291,0;0;0;0,88,0,2,109,1787895797.394732,,0,1,3,1,1,1,3,0,1,0,512,512,10.24,2.0,8.24,30562.00361251831,8.24,-30553.76361251831,340.00825,2080.0,8.24
71,upsert,3,L0064,2560,0,1787895797.1175146,30.56200361251831,56,7,71,1787895766.555511,alphahigh,agg_full@rho0.8,1,1.0,0.0,4,0.8,agg_full,1787895766.555498,0,2560,,0,0,0,0,0,0,0,2,52,16.86364907026291,0;0;0;0,88,0,3,111,1787895797.3948321,,0,1,3,1,2,1,3,0,2,2048,2560,512,10.24,4.0,6.24,30562.00361251831,6.24,-30555.76361251831,338.798198,2608.0,47.2
71,upsert,3,L0064,2560,0,1787895797.1175146,30.56200361251831,56,7,71,1787895766.555511,alphahigh,agg_full@rho0.8,1,1.0,0.0,4,0.8,agg_full,1787895766.555498,0,2560,,0,0,0,0,0,0,0,2,52,16.86364907026291,0;0;0;0,88,0,4,112,1787895799.93538,,0,1,3,1,1,1,3,0,0,0,512,512,10.24,0.0,10.24,30562.00361251831,10.24,-30551.76361251831,322.181759,3136.0,10.24
71,upsert,3,L0064,2560,0,1787895797.1175146,30.56200361251831,56,7,71,1787895766.555511,alphahigh,agg_full@rho0.8,1,1.0,0.0,4,0.8,agg_full,1787895766.555498,0,2560,,0,0,0,0,0,0,0,2,52,16.86364907026291,0;0;0;0,88,0,5,113,1787895799.9354422,,0,1,3,1,0,1,3,0,1,2048,2560,512,10.24,2.0,8.24,30562.00361251831,8.24,-30553.76361251831,499.379631,2080.0,49.2
71,upsert,3,L0064,2560,0,1787895797.1175146,30.56200361251831,56,7,71,1787895766.555511,alphahigh,agg_full@rho0.8,1,1.0,0.0,4,0.8,agg_full,1787895766.555498,0,2560,,0,0,0,0,0,0,0,2,52,16.86364907026291,0;0;0;0,88,0,6,117,1787895804.6208851,,0,1,3,1,2,1,3,0,1,2048,2560,512,10.24,2.0,8.24,30562.00361251831,8.24,-30553.76361251831,2524.264756,2608.0,49.2
71,upsert,3,L0064,2560,0,1787895797.1175146,30.56200361251831,56,7,71,1787895766.555511,alphahigh,agg_full@rho0.8,1,1.0,0.0,4,0.8,agg_full,1787895766.555498,0,2560,,0,0,0,0,0,0,0,2,52,16.86364907026291,0;0;0;0,88,0,7,126,1787895810.056412,,0,1,3,1,0,1,3,1,1,2048,2560,512,10.24,0.0,10.24,30562.00361251831,10.24,-30551.76361251831,484.187983,3136.0,49.2
72,upsert,0,L0071,2048,0,1787895797.1175551,27.111157178878784,57,2,72,1787895770.006398,alphahigh,agg_full@rho0.8,1,1.0,0.0,4,0.8,agg_full,1787895770.00637,0,2048,,0,0,0,0,0,0,0,1,46,17.696631219651962,0;1;1;1,92,0,1,110,1787895797.3947845,,0,0,0,0,0,0,0,0,0,0,0,0,0.0,0.0,0.0,27111.157178878784,0.0,-27111.157178878784,2089.519026,2080.0,0.0
72,upsert,0,L0071,2048,0,1787895797.1175551,27.111157178878784,57,2,72,1787895770.006398,alphahigh,agg_full@rho0.8,1,1.0,0.0,4,0.8,agg_full,1787895770.00637,0,2048,,0,0,0,0,0,0,0,1,46,17.696631219651962,0;1;1;1,92,0,2,121,1787895807.804317,,0,3,3,0,2,3,3,0,0,2560,2560,0,0.0,0.0,0.0,27111.157178878784,0.0,-27111.157178878784,118.181302,2080.0,51.2
79,upsert,3,L0071,2560,0,1787895805.819468,31.654882431030273,61,1,79,1787895774.1645856,alphahigh,agg_full@rho0.8,1,1.0,0.0,4,0.8,agg_full,1787895774.1645725,0,2560,,0,0,0,0,0,0,0,2,45,18.274468928575516,0;0;0;0,96,0,1,121,1787895807.804317,,0,0,3,1,2,0,3,1,0,2048,2560,512,10.24,-2.0,12.24,31654.882431030273,12.24,-31642.642431030272,118.181302,2080.0,51.2
82,upsert,1,L0065,2560,0,1787895805.8195653,28.35903835296631,63,1,82,1787895777.460527,alphahigh,agg_full@rho0.8,1,1.0,0.0,4,0.8,agg_full,1787895777.4605114,0,2560,,0,0,0,0,0,0,0,2,48,18.274468928575516,0;0;0;1,100,0,1,124,1787895810.0563,,0,3,3,0,1,3,3,0,0,512,512,0,0.0,0.0,0.0,28359.03835296631,0.0,-28359.03835296631,209.757418,2080.0,10.24
85,upsert,3,L0065,3072,0,1787895805.8196135,24.502220392227173,64,1,85,1787895781.317393,alphahigh,agg_full@rho0.8,1,1.0,0.0,4,0.8,agg_full,1787895781.3173764,0,3072,,0,0,0,0,0,0,0,3,51,18.274468928575516,0;1;1;0,104,0,1,124,1787895810.0563,,0,1,3,1,1,1,3,0,0,0,512,512,10.24,0.0,10.24,24502.220392227173,10.24,-24491.98039222717,209.757418,2080.0,10.24
