tag,point_id,cell_id,cell_tag,rep,policy,rho,update_seq,update_kind,digest,fate_class,v_next
b03v2,base,exact_fifo@rho1.0,rep0_base_exact_fifo@rho1.0_b03v2,0,exact_fifo,1.0,0,upsert,L0040,A_no_future_use,
b03v2,base,exact_fifo@rho1.0,rep0_base_exact_fifo@rho1.0_b03v2,0,exact_fifo,1.0,1,upsert,L0004,D_meaningful_value_flip,38.96
b03v2,base,exact_fifo@rho1.0,rep0_base_exact_fifo@rho1.0_b03v2,0,exact_fifo,1.0,2,upsert,L0002,B_no_decision_flip,0.0
b03v2,base,exact_fifo@rho1.0,rep0_base_exact_fifo@rho1.0_b03v2,0,exact_fifo,1.0,3,upsert,L0040,A_no_future_use,
b03v2,base,exact_fifo@rho1.0,rep0_base_exact_fifo@rho1.0_b03v2,0,exact_fifo,1.0,4,upsert,L0003,D_meaningful_value_flip,40.96
b03v2,base,exact_fifo@rho1.0,rep0_base_exact_fifo@rho1.0_b03v2,0,exact_fifo,1.0,5,upsert,L0000,D_meaningful_value_flip,40.96
b03v2,base,exact_fifo@rho1.0,rep0_base_exact_fifo@rho1.0_b03v2,0,exact_fifo,1.0,6,upsert,L0046,B_no_decision_flip,0.0
b03v2,base,exact_fifo@rho1.0,rep0_base_exact_fifo@rho1.0_b03v2,0,exact_fifo,1.0,7,upsert,L0025,B_no_decision_flip,0.0
b03v2,base,exact_fifo@rho1.0,rep0_base_exact_fifo@rho1.0_b03v2,0,exact_fifo,1.0,8,upsert,L0002,B_no_decision_flip,10.24
b03v2,base,exact_fifo@rho1.0,rep0_base_exact_fifo@rho1.0_b03v2,0,exact_fifo,1.0,9,upsert,L0033,B_no_decision_flip,0.0
b03v2,base,exact_fifo@rho1.0,rep0_base_exact_fifo@rho1.0_b03v2,0,exact_fifo,1.0,10,upsert,L0007,D_meaningful_value_flip,38.96
b03v2,base,exact_fifo@rho1.0,rep0_base_exact_fifo@rho1.0_b03v2,0,exact_fifo,1.0,11,upsert,L0025,D_meaningful_value_flip,10.24
b03v2,base,exact_fifo@rho1.0,rep0_base_exact_fifo@rho1.0_b03v2,0,exact_fifo,1.0,12,upsert,L0029,B_no_decision_flip,0.0
b03v2,base,exact_fifo@rho1.0,rep0_base_exact_fifo@rho1.0_b03v2,0,exact_fifo,1.0,13,upsert,L0028,A_no_future_use,
b03v2,base,exact_fifo@rho1.0,rep0_base_exact_fifo@rho1.0_b03v2,0,exact_fifo,1.0,14,upsert,L0044,A_no_future_use,
b03v2,base,exact_fifo@rho1.0,rep0_base_exact_fifo@rho1.0_b03v2,0,exact_fifo,1.0,15,upsert,L0033,D_meaningful_value_flip,12.24
b03v2,base,exact_fifo@rho1.0,rep0_base_exact_fifo@rho1.0_b03v2,0,exact_fifo,1.0,16,upsert,L0019,D_meaningful_value_flip,40.96
b03v2,base,exact_fifo@rho1.0,rep0_base_exact_fifo@rho1.0_b03v2,0,exact_fifo,1.0,17,upsert,L0000,B_no_decision_flip,10.24
b03v2,base,exact_fifo@rho1.0,rep0_base_exact_fifo@rho1.0_b03v2,0,exact_fifo,1.0,18,upsert,L0012,A_no_future_use,
b03v2,base,exact_fifo@rho1.0,rep0_base_exact_fifo@rho1.0_b03v2,0,exact_fifo,1.0,19,upsert,L0013,D_meaningful_value_flip,38.96
b03v2,base,exact_fifo@rho1.0,rep0_base_exact_fifo@rho1.0_b03v2,0,exact_fifo,1.0,20,upsert,L0041,A_no_future_use,
b03v2,base,exact_fifo@rho1.0,rep0_base_exact_fifo@rho1.0_b03v2,0,exact_fifo,1.0,21,upsert,L0014,A_no_future_use,
b03v2,base,exact_fifo@rho1.0,rep0_base_exact_fifo@rho1.0_b03v2,0,exact_fifo,1.0,22,upsert,L0003,B_no_decision_flip,0.0
b03v2,base,exact_fifo@rho1.0,rep0_base_exact_fifo@rho1.0_b03v2,0,exact_fifo,1.0,23,upsert,L0000,B_no_decision_flip,0.0
b03v2,base,exact_fifo@rho1.0,rep0_base_exact_fifo@rho1.0_b03v2,0,exact_fifo,1.0,24,upsert,L0009,A_no_future_use,
b03v2,base,exact_fifo@rho1.0,rep0_base_exact_fifo@rho1.0_b03v2,0,exact_fifo,1.0,25,upsert,L0000,B_no_decision_flip,-20.48
b03v2,base,exact_fifo@rho1.0,rep0_base_exact_fifo@rho1.0_b03v2,0,exact_fifo,1.0,26,upsert,L0027,A_no_future_use,
b03v2,base,exact_fifo@rho1.0,rep0_base_exact_fifo@rho1.0_b03v2,0,exact_fifo,1.0,27,upsert,L0015,A_no_future_use,
b03v2,base,exact_fifo@rho1.0,rep0_base_exact_fifo@rho1.0_b03v2,0,exact_fifo,1.0,28,upsert,L0000,B_no_decision_flip,0.0
b03v2,base,exact_fifo@rho1.0,rep0_base_exact_fifo@rho1.0_b03v2,0,exact_fifo,1.0,29,upsert,L0001,A_no_future_use,
b03v2,base,exact_fifo@rho1.0,rep0_base_exact_fifo@rho1.0_b03v2,0,exact_fifo,1.0,30,upsert,L0007,A_no_future_use,
b03v2,base,exact_fifo@rho1.0,rep0_base_exact_fifo@rho1.0_b03v2,0,exact_fifo,1.0,31,upsert,L0044,A_no_future_use,
b03v2,base,exact_fifo@rho1.0,rep0_base_exact_fifo@rho1.0_b03v2,0,exact_fifo,1.0,32,upsert,L0002,B_no_decision_flip,10.24
b03v2,base,exact_fifo@rho1.0,rep0_base_exact_fifo@rho1.0_b03v2,0,exact_fifo,1.0,33,upsert,L0008,A_no_future_use,
b03v2,base,exact_fifo@rho1.0,rep0_base_exact_fifo@rho1.0_b03v2,0,exact_fifo,1.0,34,upsert,L0057,A_no_future_use,
b03v2,base,exact_fifo@rho1.0,rep0_base_exact_fifo@rho1.0_b03v2,0,exact_fifo,1.0,35,upsert,L0022,A_no_future_use,
b03v2,base,exact_fifo@rho1.0,rep0_base_exact_fifo@rho1.0_b03v2,0,exact_fifo,1.0,36,upsert,L0001,A_no_future_use,
b03v2,base,exact_fifo@rho1.0,rep0_base_exact_fifo@rho1.0_b03v2,0,exact_fifo,1.0,37,upsert,L0058,A_no_future_use,
b03v2,base,exact_fifo@rho1.0,rep0_base_exact_fifo@rho1.0_b03v2,0,exact_fifo,1.0,38,upsert,L0000,A_no_future_use,
b03v2,base,exact_fifo@rho1.0,rep0_base_exact_fifo@rho1.0_b03v2,0,exact_fifo,1.0,39,upsert,L0010,A_no_future_use,
b03v2,base,exact_fifo@rho1.0,rep0_base_exact_fifo@rho1.0_b03v2,0,exact_fifo,1.0,40,upsert,L0006,A_no_future_use,
b03v2,base,exact_fifo@rho1.0,rep0_base_exact_fifo@rho1.0_b03v2,0,exact_fifo,1.0,41,upsert,L0056,A_no_future_use,
b03v2,base,exact_fifo@rho1.0,rep0_base_exact_fifo@rho1.0_b03v2,0,exact_fifo,1.0,42,upsert,L0021,A_no_future_use,
b03v2,base,exact_fifo@rho1.0,rep0_base_exact_fifo@rho1.0_b03v2,0,exact_fifo,1.0,43,upsert,L0006,A_no_future_use,
b03v2,base,exact_fifo@rho1.0,rep0_base_exact_fifo@rho1.0_b03v2,0,exact_fifo,1.0,44,upsert,L0046,A_no_future_use,
b03v2,base,exact_fifo@rho1.0,rep0_base_exact_fifo@rho1.0_b03v2,0,exact_fifo,1.0,45,upsert,L0003,A_no_future_use,
b03v2,base,exact_fifo@rho1.0,rep0_base_exact_fifo@rho1.0_b03v2,0,exact_fifo,1.0,46,upsert,L0001,A_no_future_use,
b03v2,base,exact_fifo@rho1.0,rep0_base_exact_fifo@rho1.0_b03v2,0,exact_fifo,1.0,47,upsert,L0007,A_no_future_use,
b03v2,base,exact_fifo@rho1.0,rep0_base_exact_fifo@rho1.0_b03v2,0,exact_fifo,1.0,48,upsert,L0003,A_no_future_use,
b03v2,base,exact_fifo@rho1.0,rep0_base_exact_fifo@rho1.0_b03v2,0,exact_fifo,1.0,49,upsert,L0014,A_no_future_use,
b03v2,base,exact_fifo@rho1.0,rep0_base_exact_fifo@rho1.0_b03v2,0,exact_fifo,1.0,50,upsert,L0019,A_no_future_use,
b03v2,base,exact_fifo@rho1.0,rep0_base_exact_fifo@rho1.0_b03v2,0,exact_fifo,1.0,51,upsert,L0038,A_no_future_use,
b03v2,base,exact_fifo@rho1.0,rep0_base_exact_fifo@rho1.0_b03v2,0,exact_fifo,1.0,52,upsert,L0035,A_no_future_use,
b03v2,base,exact_fifo@rho1.0,rep0_base_exact_fifo@rho1.0_b03v2,0,exact_fifo,1.0,53,upsert,L0004,A_no_future_use,
b03v2,base,exact_fifo@rho1.0,rep0_base_exact_fifo@rho1.0_b03v2,0,exact_fifo,1.0,54,upsert,L0000,A_no_future_use,
b03v2,base,exact_fifo@rho1.0,rep0_base_exact_fifo@rho1.0_b03v2,0,exact_fifo,1.0,55,upsert,L0029,A_no_future_use,
b03v2,base,exact_fifo@rho1.0,rep0_base_exact_fifo@rho1.0_b03v2,0,exact_fifo,1.0,56,upsert,L0005,A_no_future_use,
b03v2,base,exact_fifo@rho1.0,rep0_base_exact_fifo@rho1.0_b03v2,0,exact_fifo,1.0,57,upsert,L0025,A_no_future_use,
b03v2,base,exact_fifo@rho1.0,rep0_base_exact_fifo@rho1.0_b03v2,0,exact_fifo,1.0,58,upsert,L0023,A_no_future_use,
b03v2,base,exact_fifo@rho1.0,rep0_base_exact_fifo@rho1.0_b03v2,0,exact_fifo,1.0,59,upsert,L0020,A_no_future_use,
b03v2,base,exact_fifo@rho1.0,rep0_base_exact_fifo@rho1.0_b03v2,0,exact_fifo,1.0,60,upsert,L0000,A_no_future_use,
b03v2,base,exact_fifo@rho1.0,rep0_base_exact_fifo@rho1.0_b03v2,0,exact_fifo,1.0,61,upsert,L0049,A_no_future_use,
b03v2,base,exact_fifo@rho1.0,rep0_base_exact_fifo@rho1.0_b03v2,0,exact_fifo,1.0,62,upsert,L0033,A_no_future_use,
b03v2,base,exact_fifo@rho1.0,rep0_base_exact_fifo@rho1.0_b03v2,0,exact_fifo,1.0,63,upsert,L0013,A_no_future_use,
b03v2,base,exact_fifo@rho1.0,rep0_base_exact_fifo@rho1.0_b03v2,0,exact_fifo,1.0,64,upsert,L0038,A_no_future_use,
b03v2,base,exact_fifo@rho1.0,rep0_base_exact_fifo@rho1.0_b03v2,0,exact_fifo,1.0,65,upsert,L0018,A_no_future_use,
b03v2,base,exact_fifo@rho1.0,rep0_base_exact_fifo@rho1.0_b03v2,0,exact_fifo,1.0,66,upsert,L0007,A_no_future_use,
b03v2,base,exact_fifo@rho1.0,rep0_base_exact_fifo@rho1.0_b03v2,0,exact_fifo,1.0,67,upsert,L0036,A_no_future_use,
b03v2,base,exact_fifo@rho1.0,rep0_base_exact_fifo@rho1.0_b03v2,0,exact_fifo,1.0,68,upsert,L0015,A_no_future_use,
b03v2,base,exact_fifo@rho1.0,rep0_base_exact_fifo@rho1.0_b03v2,0,exact_fifo,1.0,69,upsert,L0008,A_no_future_use,
b03v2,base,exact_fifo@rho1.0,rep0_base_exact_fifo@rho1.0_b03v2,0,exact_fifo,1.0,70,upsert,L0000,A_no_future_use,
b03v2,base,exact_fifo@rho1.0,rep0_base_exact_fifo@rho1.0_b03v2,0,exact_fifo,1.0,71,upsert,L0000,A_no_future_use,
b03v2,base,exact_fifo@rho1.0,rep0_base_exact_fifo@rho1.0_b03v2,0,exact_fifo,1.0,72,upsert,L0008,A_no_future_use,
b03v2,base,exact_fifo@rho1.0,rep0_base_exact_fifo@rho1.0_b03v2,0,exact_fifo,1.0,73,upsert,L0007,A_no_future_use,
b03v2,base,exact_fifo@rho1.0,rep0_base_exact_fifo@rho1.0_b03v2,0,exact_fifo,1.0,74,upsert,L0008,A_no_future_use,
b03v2,base,exact_fifo@rho1.0,rep0_base_exact_fifo@rho1.0_b03v2,0,exact_fifo,1.0,75,upsert,L0001,A_no_future_use,
b03v2,base,exact_fifo@rho1.0,rep0_base_exact_fifo@rho1.0_b03v2,0,exact_fifo,1.0,76,upsert,L0004,A_no_future_use,
b03v2,base,exact_fifo@rho1.0,rep0_base_exact_fifo@rho1.0_b03v2,0,exact_fifo,1.0,77,upsert,L0016,A_no_future_use,
b03v2,base,exact_fifo@rho1.0,rep0_base_exact_fifo@rho1.0_b03v2,0,exact_fifo,1.0,78,upsert,L0042,A_no_future_use,
b03v2,base,exact_fifo@rho1.0,rep0_base_exact_fifo@rho1.0_b03v2,0,exact_fifo,1.0,79,upsert,L0000,A_no_future_use,
b03v2,base,exact_fifo@rho1.0,rep0_base_exact_fifo@rho1.0_b03v2,0,exact_fifo,1.0,80,upsert,L0057,A_no_future_use,
b03v2,base,exact_fifo@rho1.0,rep0_base_exact_fifo@rho1.0_b03v2,0,exact_fifo,1.0,81,upsert,L0003,A_no_future_use,
b03v2,base,exact_fifo@rho1.0,rep0_base_exact_fifo@rho1.0_b03v2,0,exact_fifo,1.0,82,upsert,L0002,A_no_future_use,
b03v2,base,exact_fifo@rho1.0,rep0_base_exact_fifo@rho1.0_b03v2,0,exact_fifo,1.0,83,upsert,L0022,A_no_future_use,
b03v2,base,exact_fifo@rho1.0,rep0_base_exact_fifo@rho1.0_b03v2,0,exact_fifo,1.0,84,upsert,L0020,A_no_future_use,
b03v2,base,exact_fifo@rho1.0,rep0_base_exact_fifo@rho1.0_b03v2,0,exact_fifo,1.0,85,upsert,L0046,A_no_future_use,
b03v2,base,exact_fifo@rho1.0,rep0_base_exact_fifo@rho1.0_b03v2,0,exact_fifo,1.0,86,upsert,L0018,A_no_future_use,
b03v2,base,exact_fifo@rho1.0,rep0_base_exact_fifo@rho1.0_b03v2,0,exact_fifo,1.0,87,upsert,L0059,A_no_future_use,
b03v2,base,exact_fifo@rho1.0,rep0_base_exact_fifo@rho1.0_b03v2,0,exact_fifo,1.0,88,upsert,L0004,A_no_future_use,
b03v2,base,exact_fifo@rho1.0,rep0_base_exact_fifo@rho1.0_b03v2,0,exact_fifo,1.0,89,upsert,L0029,A_no_future_use,
b03v2,base,exact_fifo@rho1.0,rep0_base_exact_fifo@rho1.0_b03v2,0,exact_fifo,1.0,90,upsert,L0048,A_no_future_use,
b03v2,base,exact_fifo@rho1.0,rep0_base_exact_fifo@rho1.0_b03v2,0,exact_fifo,1.0,91,upsert,L0020,A_no_future_use,
b03v2,base,agg_full@rho1.2,rep0_base_agg_full@rho1.2_b03v2,0,agg_full,1.2,32,upsert,L0002,A_no_future_use,
b03v2,base,agg_full@rho1.2,rep0_base_agg_full@rho1.2_b03v2,0,agg_full,1.2,72,upsert,L0008,A_no_future_use,
b03v2,base,agg_full@rho1.2,rep0_base_agg_full@rho1.2_b03v2,0,agg_full,1.2,74,upsert,L0008,A_no_future_use,
b03v2,base,agg_full@rho1.2,rep0_base_agg_full@rho1.2_b03v2,0,agg_full,1.2,76,upsert,L0004,A_no_future_use,
b03v2,base,agg_full@rho1.2,rep0_base_agg_full@rho1.2_b03v2,0,agg_full,1.2,82,upsert,L0002,A_no_future_use,
b03v2,base,agg_full@rho1.2,rep0_base_agg_full@rho1.2_b03v2,0,agg_full,1.2,85,upsert,L0046,A_no_future_use,
b03v2,base,agg_full@rho1.2,rep0_base_agg_full@rho1.2_b03v2,0,agg_full,1.2,88,upsert,L0004,A_no_future_use,
b03v2,base,agg_full@rho1.2,rep0_base_agg_full@rho1.2_b03v2,0,agg_full,1.2,89,upsert,L0029,A_no_future_use,
b03v2,base,agg_full@rho1.2,rep0_base_agg_full@rho1.2_b03v2,0,agg_full,1.2,90,upsert,L0048,A_no_future_use,
b03v2,base,agg_full@rho1.2,rep0_base_agg_full@rho1.2_b03v2,0,agg_full,1.2,91,upsert,L0020,A_no_future_use,
b03v2,base,agg_full@rho1.2,rep0_base_agg_full@rho1.2_b03v2,0,agg_full,1.2,92,upsert,L0002,A_no_future_use,
b03v2,base,agg_full@rho1.2,rep0_base_agg_full@rho1.2_b03v2,0,agg_full,1.2,93,upsert,L0000,A_no_future_use,
b03v2,base,agg_full@rho1.2,rep0_base_agg_full@rho1.2_b03v2,0,agg_full,1.2,94,upsert,L0017,A_no_future_use,
b03v2,base,agg_full@rho1.2,rep0_base_agg_full@rho1.2_b03v2,0,agg_full,1.2,95,upsert,L0013,A_no_future_use,
b03v2,base,agg_full@rho1.2,rep0_base_agg_full@rho1.2_b03v2,0,agg_full,1.2,96,upsert,L0106,B_no_decision_flip,0.0
b03v2,base,agg_full@rho1.2,rep0_base_agg_full@rho1.2_b03v2,0,agg_full,1.2,97,upsert,L0113,A_no_future_use,
b03v2,base,agg_full@rho1.2,rep0_base_agg_full@rho1.2_b03v2,0,agg_full,1.2,98,upsert,L0091,A_no_future_use,
b03v2,base,agg_full@rho1.2,rep0_base_agg_full@rho1.2_b03v2,0,agg_full,1.2,99,upsert,L0066,D_meaningful_value_flip,38.96
b03v2,base,agg_full@rho1.2,rep0_base_agg_full@rho1.2_b03v2,0,agg_full,1.2,100,upsert,L0110,A_no_future_use,
b03v2,base,agg_full@rho1.2,rep0_base_agg_full@rho1.2_b03v2,0,agg_full,1.2,101,upsert,L0103,D_meaningful_value_flip,38.96
b03v2,base,agg_full@rho1.2,rep0_base_agg_full@rho1.2_b03v2,0,agg_full,1.2,102,upsert,L0075,A_no_future_use,
b03v2,base,agg_full@rho1.2,rep0_base_agg_full@rho1.2_b03v2,0,agg_full,1.2,103,upsert,L0064,D_meaningful_value_flip,40.96
b03v2,base,agg_full@rho1.2,rep0_base_agg_full@rho1.2_b03v2,0,agg_full,1.2,104,upsert,L0070,B_no_decision_flip,0.0
b03v2,base,agg_full@rho1.2,rep0_base_agg_full@rho1.2_b03v2,0,agg_full,1.2,105,upsert,L0064,C_low_value_flip,0.0
b03v2,base,agg_full@rho1.2,rep0_base_agg_full@rho1.2_b03v2,0,agg_full,1.2,106,upsert,L0106,D_meaningful_value_flip,8.24
b03v2,base,agg_full@rho1.2,rep0_base_agg_full@rho1.2_b03v2,0,agg_full,1.2,107,upsert,L0102,A_no_future_use,
b03v2,base,agg_full@rho1.2,rep0_base_agg_full@rho1.2_b03v2,0,agg_full,1.2,109,upsert,L0071,A_no_future_use,
b03v2,base,agg_full@rho1.2,rep0_base_agg_full@rho1.2_b03v2,0,agg_full,1.2,110,upsert,L0071,A_no_future_use,
b03v2,base,agg_full@rho1.2,rep0_base_agg_full@rho1.2_b03v2,0,agg_full,1.2,111,upsert,L0073,A_no_future_use,
b03v2,base,agg_full@rho1.2,rep0_base_agg_full@rho1.2_b03v2,0,agg_full,1.2,112,upsert,L0093,A_no_future_use,
b03v2,base,agg_full@rho1.2,rep0_base_agg_full@rho1.2_b03v2,0,agg_full,1.2,113,upsert,L0124,A_no_future_use,
b03v2,base,agg_full@rho1.2,rep0_base_agg_full@rho1.2_b03v2,0,agg_full,1.2,114,upsert,L0082,A_no_future_use,
b03v2,base,agg_full@rho1.2,rep0_base_agg_full@rho1.2_b03v2,0,agg_full,1.2,115,upsert,L0070,C_low_value_flip,2.0
b03v2,base,agg_full@rho1.2,rep0_base_agg_full@rho1.2_b03v2,0,agg_full,1.2,116,upsert,L0081,A_no_future_use,
b03v2,base,agg_full@rho1.2,rep0_base_agg_full@rho1.2_b03v2,0,agg_full,1.2,117,upsert,L0120,A_no_future_use,
b03v2,base,agg_full@rho1.2,rep0_base_agg_full@rho1.2_b03v2,0,agg_full,1.2,118,upsert,L0089,A_no_future_use,
b03v2,base,agg_full@rho1.2,rep0_base_agg_full@rho1.2_b03v2,0,agg_full,1.2,119,upsert,L0077,A_no_future_use,
b03v2,base,agg_full@rho1.2,rep0_base_agg_full@rho1.2_b03v2,0,agg_full,1.2,120,upsert,L0123,A_no_future_use,
b03v2,base,agg_full@rho1.2,rep0_base_agg_full@rho1.2_b03v2,0,agg_full,1.2,121,upsert,L0082,A_no_future_use,
b03v2,base,agg_full@rho1.2,rep0_base_agg_full@rho1.2_b03v2,0,agg_full,1.2,122,upsert,L0064,A_no_future_use,
b03v2,base,agg_full@rho1.2,rep0_base_agg_full@rho1.2_b03v2,0,agg_full,1.2,123,upsert,L0067,A_no_future_use,
b03v2,base,agg_full@rho1.2,rep0_base_agg_full@rho1.2_b03v2,0,agg_full,1.2,124,upsert,L0089,A_no_future_use,
b03v2,base,agg_full@rho1.2,rep0_base_agg_full@rho1.2_b03v2,0,agg_full,1.2,125,upsert,L0084,A_no_future_use,
b03v2,base,agg_full@rho1.2,rep0_base_agg_full@rho1.2_b03v2,0,agg_full,1.2,127,upsert,L0075,A_no_future_use,
b03v2,base,exact_fifo@rho0.8,rep0_base_exact_fifo@rho0.8_b03v2,0,exact_fifo,0.8,0,upsert,L0040,A_no_future_use,
b03v2,base,exact_fifo@rho0.8,rep0_base_exact_fifo@rho0.8_b03v2,0,exact_fifo,0.8,1,upsert,L0004,D_meaningful_value_flip,40.96
b03v2,base,exact_fifo@rho0.8,rep0_base_exact_fifo@rho0.8_b03v2,0,exact_fifo,0.8,2,upsert,L0002,B_no_decision_flip,0.0
b03v2,base,exact_fifo@rho0.8,rep0_base_exact_fifo@rho0.8_b03v2,0,exact_fifo,0.8,3,upsert,L0040,A_no_future_use,
b03v2,base,exact_fifo@rho0.8,rep0_base_exact_fifo@rho0.8_b03v2,0,exact_fifo,0.8,4,upsert,L0003,D_meaningful_value_flip,40.96
b03v2,base,exact_fifo@rho0.8,rep0_base_exact_fifo@rho0.8_b03v2,0,exact_fifo,0.8,5,upsert,L0000,D_meaningful_value_flip,38.96
b03v2,base,exact_fifo@rho0.8,rep0_base_exact_fifo@rho0.8_b03v2,0,exact_fifo,0.8,6,upsert,L0046,D_meaningful_value_flip,40.96
b03v2,base,exact_fifo@rho0.8,rep0_base_exact_fifo@rho0.8_b03v2,0,exact_fifo,0.8,7,upsert,L0025,A_no_future_use,
b03v2,base,exact_fifo@rho0.8,rep0_base_exact_fifo@rho0.8_b03v2,0,exact_fifo,0.8,8,upsert,L0002,D_meaningful_value_flip,8.24
b03v2,base,exact_fifo@rho0.8,rep0_base_exact_fifo@rho0.8_b03v2,0,exact_fifo,0.8,9,upsert,L0033,A_no_future_use,
b03v2,base,exact_fifo@rho0.8,rep0_base_exact_fifo@rho0.8_b03v2,0,exact_fifo,0.8,10,upsert,L0007,A_no_future_use,
b03v2,base,exact_fifo@rho0.8,rep0_base_exact_fifo@rho0.8_b03v2,0,exact_fifo,0.8,11,upsert,L0025,A_no_future_use,
b03v2,base,exact_fifo@rho0.8,rep0_base_exact_fifo@rho0.8_b03v2,0,exact_fifo,0.8,12,upsert,L0029,A_no_future_use,
b03v2,base,exact_fifo@rho0.8,rep0_base_exact_fifo@rho0.8_b03v2,0,exact_fifo,0.8,13,upsert,L0028,A_no_future_use,
b03v2,base,exact_fifo@rho0.8,rep0_base_exact_fifo@rho0.8_b03v2,0,exact_fifo,0.8,14,upsert,L0044,A_no_future_use,
b03v2,base,exact_fifo@rho0.8,rep0_base_exact_fifo@rho0.8_b03v2,0,exact_fifo,0.8,15,upsert,L0033,A_no_future_use,
b03v2,base,exact_fifo@rho0.8,rep0_base_exact_fifo@rho0.8_b03v2,0,exact_fifo,0.8,16,upsert,L0019,A_no_future_use,
b03v2,base,exact_fifo@rho0.8,rep0_base_exact_fifo@rho0.8_b03v2,0,exact_fifo,0.8,17,upsert,L0000,A_no_future_use,
b03v2,base,exact_fifo@rho0.8,rep0_base_exact_fifo@rho0.8_b03v2,0,exact_fifo,0.8,18,upsert,L0012,A_no_future_use,
b03v2,base,exact_fifo@rho0.8,rep0_base_exact_fifo@rho0.8_b03v2,0,exact_fifo,0.8,19,upsert,L0013,A_no_future_use,
b03v2,base,exact_fifo@rho0.8,rep0_base_exact_fifo@rho0.8_b03v2,0,exact_fifo,0.8,20,upsert,L0041,A_no_future_use,
b03v2,base,exact_fifo@rho0.8,rep0_base_exact_fifo@rho0.8_b03v2,0,exact_fifo,0.8,21,upsert,L0014,A_no_future_use,
b03v2,base,exact_fifo@rho0.8,rep0_base_exact_fifo@rho0.8_b03v2,0,exact_fifo,0.8,22,upsert,L0003,A_no_future_use,
b03v2,base,exact_fifo@rho0.8,rep0_base_exact_fifo@rho0.8_b03v2,0,exact_fifo,0.8,23,upsert,L0000,A_no_future_use,
b03v2,base,exact_fifo@rho0.8,rep0_base_exact_fifo@rho0.8_b03v2,0,exact_fifo,0.8,24,upsert,L0009,A_no_future_use,
b03v2,base,exact_fifo@rho0.8,rep0_base_exact_fifo@rho0.8_b03v2,0,exact_fifo,0.8,25,upsert,L0000,A_no_future_use,
b03v2,base,exact_fifo@rho0.8,rep0_base_exact_fifo@rho0.8_b03v2,0,exact_fifo,0.8,26,upsert,L0027,A_no_future_use,
b03v2,base,exact_fifo@rho0.8,rep0_base_exact_fifo@rho0.8_b03v2,0,exact_fifo,0.8,27,upsert,L0015,A_no_future_use,
b03v2,base,exact_fifo@rho0.8,rep0_base_exact_fifo@rho0.8_b03v2,0,exact_fifo,0.8,28,upsert,L0000,A_no_future_use,
b03v2,base,exact_fifo@rho0.8,rep0_base_exact_fifo@rho0.8_b03v2,0,exact_fifo,0.8,29,upsert,L0001,A_no_future_use,
b03v2,base,exact_fifo@rho0.8,rep0_base_exact_fifo@rho0.8_b03v2,0,exact_fifo,0.8,30,upsert,L0007,A_no_future_use,
b03v2,base,exact_fifo@rho0.8,rep0_base_exact_fifo@rho0.8_b03v2,0,exact_fifo,0.8,31,upsert,L0044,A_no_future_use,
b03v2,base,exact_fifo@rho0.8,rep0_base_exact_fifo@rho0.8_b03v2,0,exact_fifo,0.8,32,upsert,L0002,A_no_future_use,
b03v2,base,exact_fifo@rho0.8,rep0_base_exact_fifo@rho0.8_b03v2,0,exact_fifo,0.8,33,upsert,L0008,A_no_future_use,
b03v2,base,exact_fifo@rho0.8,rep0_base_exact_fifo@rho0.8_b03v2,0,exact_fifo,0.8,34,upsert,L0057,A_no_future_use,
b03v2,base,exact_fifo@rho0.8,rep0_base_exact_fifo@rho0.8_b03v2,0,exact_fifo,0.8,35,upsert,L0022,A_no_future_use,
b03v2,base,exact_fifo@rho0.8,rep0_base_exact_fifo@rho0.8_b03v2,0,exact_fifo,0.8,36,upsert,L0001,A_no_future_use,
b03v2,base,exact_fifo@rho0.8,rep0_base_exact_fifo@rho0.8_b03v2,0,exact_fifo,0.8,37,upsert,L0058,A_no_future_use,
b03v2,base,exact_fifo@rho0.8,rep0_base_exact_fifo@rho0.8_b03v2,0,exact_fifo,0.8,38,upsert,L0000,A_no_future_use,
b03v2,base,exact_fifo@rho0.8,rep0_base_exact_fifo@rho0.8_b03v2,0,exact_fifo,0.8,39,upsert,L0010,A_no_future_use,
b03v2,base,exact_fifo@rho0.8,rep0_base_exact_fifo@rho0.8_b03v2,0,exact_fifo,0.8,40,upsert,L0006,A_no_future_use,
b03v2,base,exact_fifo@rho0.8,rep0_base_exact_fifo@rho0.8_b03v2,0,exact_fifo,0.8,41,upsert,L0056,A_no_future_use,
b03v2,base,exact_fifo@rho0.8,rep0_base_exact_fifo@rho0.8_b03v2,0,exact_fifo,0.8,42,upsert,L0021,A_no_future_use,
b03v2,base,exact_fifo@rho0.8,rep0_base_exact_fifo@rho0.8_b03v2,0,exact_fifo,0.8,43,upsert,L0006,A_no_future_use,
b03v2,base,exact_fifo@rho0.8,rep0_base_exact_fifo@rho0.8_b03v2,0,exact_fifo,0.8,44,upsert,L0046,A_no_future_use,
b03v2,base,exact_fifo@rho0.8,rep0_base_exact_fifo@rho0.8_b03v2,0,exact_fifo,0.8,45,upsert,L0003,A_no_future_use,
b03v2,base,exact_fifo@rho0.8,rep0_base_exact_fifo@rho0.8_b03v2,0,exact_fifo,0.8,46,upsert,L0001,A_no_future_use,
b03v2,base,exact_fifo@rho0.8,rep0_base_exact_fifo@rho0.8_b03v2,0,exact_fifo,0.8,47,upsert,L0007,A_no_future_use,
b03v2,base,exact_fifo@rho0.8,rep0_base_exact_fifo@rho0.8_b03v2,0,exact_fifo,0.8,48,upsert,L0003,A_no_future_use,
b03v2,base,exact_fifo@rho0.8,rep0_base_exact_fifo@rho0.8_b03v2,0,exact_fifo,0.8,49,upsert,L0014,A_no_future_use,
b03v2,base,exact_fifo@rho0.8,rep0_base_exact_fifo@rho0.8_b03v2,0,exact_fifo,0.8,50,upsert,L0019,A_no_future_use,
b03v2,base,exact_fifo@rho0.8,rep0_base_exact_fifo@rho0.8_b03v2,0,exact_fifo,0.8,51,upsert,L0038,A_no_future_use,
b03v2,base,exact_fifo@rho0.8,rep0_base_exact_fifo@rho0.8_b03v2,0,exact_fifo,0.8,52,upsert,L0035,A_no_future_use,
b03v2,base,exact_fifo@rho0.8,rep0_base_exact_fifo@rho0.8_b03v2,0,exact_fifo,0.8,53,upsert,L0004,A_no_future_use,
b03v2,base,exact_fifo@rho0.8,rep0_base_exact_fifo@rho0.8_b03v2,0,exact_fifo,0.8,54,upsert,L0000,A_no_future_use,
b03v2,base,exact_fifo@rho0.8,rep0_base_exact_fifo@rho0.8_b03v2,0,exact_fifo,0.8,55,upsert,L0029,A_no_future_use,
b03v2,base,exact_fifo@rho0.8,rep0_base_exact_fifo@rho0.8_b03v2,0,exact_fifo,0.8,56,upsert,L0005,A_no_future_use,
b03v2,base,exact_fifo@rho0.8,rep0_base_exact_fifo@rho0.8_b03v2,0,exact_fifo,0.8,57,upsert,L0025,A_no_future_use,
b03v2,base,exact_fifo@rho0.8,rep0_base_exact_fifo@rho0.8_b03v2,0,exact_fifo,0.8,58,upsert,L0023,A_no_future_use,
b03v2,base,exact_fifo@rho0.8,rep0_base_exact_fifo@rho0.8_b03v2,0,exact_fifo,0.8,59,upsert,L0020,A_no_future_use,
b03v2,base,exact_fifo@rho0.8,rep0_base_exact_fifo@rho0.8_b03v2,0,exact_fifo,0.8,60,upsert,L0000,A_no_future_use,
b03v2,base,exact_fifo@rho0.8,rep0_base_exact_fifo@rho0.8_b03v2,0,exact_fifo,0.8,61,upsert,L0049,A_no_future_use,
b03v2,base,exact_fifo@rho0.8,rep0_base_exact_fifo@rho0.8_b03v2,0,exact_fifo,0.8,62,upsert,L0033,A_no_future_use,
b03v2,base,exact_fifo@rho0.8,rep0_base_exact_fifo@rho0.8_b03v2,0,exact_fifo,0.8,63,upsert,L0013,A_no_future_use,
b03v2,base,exact_fifo@rho0.8,rep0_base_exact_fifo@rho0.8_b03v2,0,exact_fifo,0.8,64,upsert,L0038,A_no_future_use,
b03v2,base,exact_fifo@rho0.8,rep0_base_exact_fifo@rho0.8_b03v2,0,exact_fifo,0.8,65,upsert,L0018,A_no_future_use,
b03v2,base,exact_fifo@rho0.8,rep0_base_exact_fifo@rho0.8_b03v2,0,exact_fifo,0.8,66,upsert,L0007,A_no_future_use,
b03v2,base,exact_fifo@rho0.8,rep0_base_exact_fifo@rho0.8_b03v2,0,exact_fifo,0.8,67,upsert,L0036,A_no_future_use,
b03v2,base,exact_fifo@rho0.8,rep0_base_exact_fifo@rho0.8_b03v2,0,exact_fifo,0.8,68,upsert,L0015,A_no_future_use,
b03v2,base,exact_fifo@rho0.8,rep0_base_exact_fifo@rho0.8_b03v2,0,exact_fifo,0.8,69,upsert,L0008,A_no_future_use,
b03v2,base,exact_fifo@rho0.8,rep0_base_exact_fifo@rho0.8_b03v2,0,exact_fifo,0.8,70,upsert,L0000,A_no_future_use,
b03v2,base,exact_fifo@rho0.8,rep0_base_exact_fifo@rho0.8_b03v2,0,exact_fifo,0.8,71,upsert,L0000,A_no_future_use,
b03v2,base,exact_fifo@rho0.8,rep0_base_exact_fifo@rho0.8_b03v2,0,exact_fifo,0.8,72,upsert,L0008,A_no_future_use,
b03v2,base,exact_fifo@rho0.8,rep0_base_exact_fifo@rho0.8_b03v2,0,exact_fifo,0.8,73,upsert,L0007,A_no_future_use,
b03v2,base,exact_fifo@rho0.8,rep0_base_exact_fifo@rho0.8_b03v2,0,exact_fifo,0.8,74,upsert,L0008,A_no_future_use,
b03v2,base,exact_fifo@rho0.8,rep0_base_exact_fifo@rho0.8_b03v2,0,exact_fifo,0.8,75,upsert,L0001,A_no_future_use,
b03v2,base,exact_fifo@rho0.8,rep0_base_exact_fifo@rho0.8_b03v2,0,exact_fifo,0.8,76,upsert,L0004,A_no_future_use,
b03v2,base,exact_fifo@rho0.8,rep0_base_exact_fifo@rho0.8_b03v2,0,exact_fifo,0.8,77,upsert,L0016,A_no_future_use,
b03v2,base,exact_fifo@rho0.8,rep0_base_exact_fifo@rho0.8_b03v2,0,exact_fifo,0.8,78,upsert,L0042,A_no_future_use,
b03v2,base,exact_fifo@rho1.2,rep0_base_exact_fifo@rho1.2_b03v2,0,exact_fifo,1.2,0,upsert,L0040,A_no_future_use,
b03v2,base,exact_fifo@rho1.2,rep0_base_exact_fifo@rho1.2_b03v2,0,exact_fifo,1.2,2,upsert,L0002,B_no_decision_flip,0.0
b03v2,base,exact_fifo@rho1.2,rep0_base_exact_fifo@rho1.2_b03v2,0,exact_fifo,1.2,1,upsert,L0004,D_meaningful_value_flip,40.96
b03v2,base,exact_fifo@rho1.2,rep0_base_exact_fifo@rho1.2_b03v2,0,exact_fifo,1.2,3,upsert,L0040,A_no_future_use,
b03v2,base,exact_fifo@rho1.2,rep0_base_exact_fifo@rho1.2_b03v2,0,exact_fifo,1.2,4,upsert,L0003,A_no_future_use,
b03v2,base,exact_fifo@rho1.2,rep0_base_exact_fifo@rho1.2_b03v2,0,exact_fifo,1.2,5,upsert,L0000,B_no_decision_flip,0.0
b03v2,base,exact_fifo@rho1.2,rep0_base_exact_fifo@rho1.2_b03v2,0,exact_fifo,1.2,6,upsert,L0046,A_no_future_use,
b03v2,base,exact_fifo@rho1.2,rep0_base_exact_fifo@rho1.2_b03v2,0,exact_fifo,1.2,7,upsert,L0025,A_no_future_use,
b03v2,base,exact_fifo@rho1.2,rep0_base_exact_fifo@rho1.2_b03v2,0,exact_fifo,1.2,8,upsert,L0002,D_meaningful_value_flip,10.24
b03v2,base,exact_fifo@rho1.2,rep0_base_exact_fifo@rho1.2_b03v2,0,exact_fifo,1.2,9,upsert,L0033,A_no_future_use,
b03v2,base,exact_fifo@rho1.2,rep0_base_exact_fifo@rho1.2_b03v2,0,exact_fifo,1.2,10,upsert,L0007,A_no_future_use,
b03v2,base,exact_fifo@rho1.2,rep0_base_exact_fifo@rho1.2_b03v2,0,exact_fifo,1.2,11,upsert,L0025,A_no_future_use,
b03v2,base,exact_fifo@rho1.2,rep0_base_exact_fifo@rho1.2_b03v2,0,exact_fifo,1.2,12,upsert,L0029,A_no_future_use,
b03v2,base,exact_fifo@rho1.2,rep0_base_exact_fifo@rho1.2_b03v2,0,exact_fifo,1.2,13,upsert,L0028,A_no_future_use,
b03v2,base,exact_fifo@rho1.2,rep0_base_exact_fifo@rho1.2_b03v2,0,exact_fifo,1.2,14,upsert,L0044,A_no_future_use,
b03v2,base,exact_fifo@rho1.2,rep0_base_exact_fifo@rho1.2_b03v2,0,exact_fifo,1.2,15,upsert,L0033,A_no_future_use,
b03v2,base,exact_fifo@rho1.2,rep0_base_exact_fifo@rho1.2_b03v2,0,exact_fifo,1.2,16,upsert,L0019,A_no_future_use,
b03v2,base,exact_fifo@rho1.2,rep0_base_exact_fifo@rho1.2_b03v2,0,exact_fifo,1.2,17,upsert,L0000,A_no_future_use,
b03v2,base,exact_fifo@rho1.2,rep0_base_exact_fifo@rho1.2_b03v2,0,exact_fifo,1.2,18,upsert,L0012,A_no_future_use,
b03v2,base,exact_fifo@rho1.2,rep0_base_exact_fifo@rho1.2_b03v2,0,exact_fifo,1.2,19,upsert,L0013,A_no_future_use,
b03v2,base,exact_fifo@rho1.2,rep0_base_exact_fifo@rho1.2_b03v2,0,exact_fifo,1.2,20,upsert,L0041,A_no_future_use,
b03v2,base,exact_fifo@rho1.2,rep0_base_exact_fifo@rho1.2_b03v2,0,exact_fifo,1.2,21,upsert,L0014,A_no_future_use,
b03v2,base,exact_fifo@rho1.2,rep0_base_exact_fifo@rho1.2_b03v2,0,exact_fifo,1.2,22,upsert,L0003,A_no_future_use,
b03v2,base,exact_fifo@rho1.2,rep0_base_exact_fifo@rho1.2_b03v2,0,exact_fifo,1.2,23,upsert,L0000,A_no_future_use,
b03v2,base,exact_fifo@rho1.2,rep0_base_exact_fifo@rho1.2_b03v2,0,exact_fifo,1.2,24,upsert,L0009,A_no_future_use,
b03v2,base,agg_full@rho1.0,rep0_base_agg_full@rho1.0_b03v2,0,agg_full,1.0,32,upsert,L0002,A_no_future_use,
b03v2,base,agg_full@rho1.0,rep0_base_agg_full@rho1.0_b03v2,0,agg_full,1.0,45,upsert,L0003,A_no_future_use,
b03v2,base,agg_full@rho1.0,rep0_base_agg_full@rho1.0_b03v2,0,agg_full,1.0,46,upsert,L0001,A_no_future_use,
b03v2,base,agg_full@rho1.0,rep0_base_agg_full@rho1.0_b03v2,0,agg_full,1.0,47,upsert,L0007,A_no_future_use,
b03v2,base,agg_full@rho1.0,rep0_base_agg_full@rho1.0_b03v2,0,agg_full,1.0,48,upsert,L0003,A_no_future_use,
b03v2,base,agg_full@rho1.0,rep0_base_agg_full@rho1.0_b03v2,0,agg_full,1.0,59,upsert,L0020,A_no_future_use,
b03v2,base,agg_full@rho1.0,rep0_base_agg_full@rho1.0_b03v2,0,agg_full,1.0,60,upsert,L0000,A_no_future_use,
b03v2,base,agg_full@rho1.0,rep0_base_agg_full@rho1.0_b03v2,0,agg_full,1.0,61,upsert,L0049,A_no_future_use,
b03v2,base,agg_full@rho1.0,rep0_base_agg_full@rho1.0_b03v2,0,agg_full,1.0,62,upsert,L0033,A_no_future_use,
b03v2,base,agg_full@rho1.0,rep0_base_agg_full@rho1.0_b03v2,0,agg_full,1.0,63,upsert,L0013,A_no_future_use,
b03v2,base,agg_full@rho1.0,rep0_base_agg_full@rho1.0_b03v2,0,agg_full,1.0,64,upsert,L0038,A_no_future_use,
b03v2,base,agg_full@rho1.0,rep0_base_agg_full@rho1.0_b03v2,0,agg_full,1.0,65,upsert,L0018,A_no_future_use,
b03v2,base,agg_full@rho1.0,rep0_base_agg_full@rho1.0_b03v2,0,agg_full,1.0,66,upsert,L0007,A_no_future_use,
b03v2,base,agg_full@rho1.0,rep0_base_agg_full@rho1.0_b03v2,0,agg_full,1.0,67,upsert,L0036,A_no_future_use,
b03v2,base,agg_full@rho1.0,rep0_base_agg_full@rho1.0_b03v2,0,agg_full,1.0,68,upsert,L0015,A_no_future_use,
b03v2,base,agg_full@rho1.0,rep0_base_agg_full@rho1.0_b03v2,0,agg_full,1.0,69,upsert,L0008,A_no_future_use,
b03v2,base,agg_full@rho1.0,rep0_base_agg_full@rho1.0_b03v2,0,agg_full,1.0,70,upsert,L0000,A_no_future_use,
b03v2,base,agg_full@rho1.0,rep0_base_agg_full@rho1.0_b03v2,0,agg_full,1.0,72,upsert,L0008,A_no_future_use,
b03v2,base,agg_static@rho1.2,rep0_base_agg_static@rho1.2_b03v2,0,agg_static,1.2,0,upsert,L0040,A_no_future_use,
b03v2,base,agg_static@rho1.2,rep0_base_agg_static@rho1.2_b03v2,0,agg_static,1.2,2,upsert,L0002,A_no_future_use,
b03v2,base,agg_static@rho1.2,rep0_base_agg_static@rho1.2_b03v2,0,agg_static,1.2,3,upsert,L0040,A_no_future_use,
b03v2,base,agg_static@rho1.2,rep0_base_agg_static@rho1.2_b03v2,0,agg_static,1.2,14,upsert,L0044,A_no_future_use,
b03v2,base,agg_static@rho1.2,rep0_base_agg_static@rho1.2_b03v2,0,agg_static,1.2,15,upsert,L0033,A_no_future_use,
b03v2,base,agg_static@rho1.2,rep0_base_agg_static@rho1.2_b03v2,0,agg_static,1.2,21,upsert,L0014,A_no_future_use,
b03v2,base,agg_static@rho1.2,rep0_base_agg_static@rho1.2_b03v2,0,agg_static,1.2,22,upsert,L0003,A_no_future_use,
b03v2,base,agg_static@rho1.2,rep0_base_agg_static@rho1.2_b03v2,0,agg_static,1.2,31,upsert,L0044,A_no_future_use,
b03v2,base,agg_static@rho1.2,rep0_base_agg_static@rho1.2_b03v2,0,agg_static,1.2,32,upsert,L0002,A_no_future_use,
b03v2,base,agg_static@rho1.2,rep0_base_agg_static@rho1.2_b03v2,0,agg_static,1.2,36,upsert,L0001,A_no_future_use,
b03v2,base,agg_static@rho0.8,rep0_base_agg_static@rho0.8_b03v2,0,agg_static,0.8,0,upsert,L0040,A_no_future_use,
b03v2,base,agg_static@rho0.8,rep0_base_agg_static@rho0.8_b03v2,0,agg_static,0.8,2,upsert,L0002,A_no_future_use,
b03v2,base,agg_static@rho0.8,rep0_base_agg_static@rho0.8_b03v2,0,agg_static,0.8,3,upsert,L0040,A_no_future_use,
b03v2,base,agg_static@rho0.8,rep0_base_agg_static@rho0.8_b03v2,0,agg_static,0.8,7,upsert,L0025,A_no_future_use,
b03v2,base,agg_static@rho0.8,rep0_base_agg_static@rho0.8_b03v2,0,agg_static,0.8,11,upsert,L0025,A_no_future_use,
b03v2,base,agg_static@rho0.8,rep0_base_agg_static@rho0.8_b03v2,0,agg_static,0.8,14,upsert,L0044,A_no_future_use,
b03v2,base,agg_static@rho0.8,rep0_base_agg_static@rho0.8_b03v2,0,agg_static,0.8,15,upsert,L0033,A_no_future_use,
b03v2,base,agg_static@rho0.8,rep0_base_agg_static@rho0.8_b03v2,0,agg_static,0.8,21,upsert,L0014,A_no_future_use,
b03v2,base,agg_static@rho0.8,rep0_base_agg_static@rho0.8_b03v2,0,agg_static,0.8,22,upsert,L0003,A_no_future_use,
b03v2,base,agg_static@rho0.8,rep0_base_agg_static@rho0.8_b03v2,0,agg_static,0.8,31,upsert,L0044,A_no_future_use,
b03v2,base,agg_static@rho0.8,rep0_base_agg_static@rho0.8_b03v2,0,agg_static,0.8,32,upsert,L0002,A_no_future_use,
b03v2,base,agg_static@rho0.8,rep0_base_agg_static@rho0.8_b03v2,0,agg_static,0.8,36,upsert,L0001,A_no_future_use,
b03v2,base,agg_static@rho0.8,rep0_base_agg_static@rho0.8_b03v2,0,agg_static,0.8,43,upsert,L0006,A_no_future_use,
b03v2,base,agg_static@rho0.8,rep0_base_agg_static@rho0.8_b03v2,0,agg_static,0.8,46,upsert,L0001,A_no_future_use,
b03v2,base,agg_static@rho0.8,rep0_base_agg_static@rho0.8_b03v2,0,agg_static,0.8,48,upsert,L0003,A_no_future_use,
b03v2,base,agg_static@rho0.8,rep0_base_agg_static@rho0.8_b03v2,0,agg_static,0.8,49,upsert,L0014,A_no_future_use,
b03v2,base,agg_static@rho0.8,rep0_base_agg_static@rho0.8_b03v2,0,agg_static,0.8,50,upsert,L0019,A_no_future_use,
b03v2,base,agg_static@rho0.8,rep0_base_agg_static@rho0.8_b03v2,0,agg_static,0.8,53,upsert,L0004,A_no_future_use,
b03v2,base,agg_static@rho0.8,rep0_base_agg_static@rho0.8_b03v2,0,agg_static,0.8,62,upsert,L0033,A_no_future_use,
b03v2,base,agg_static@rho0.8,rep0_base_agg_static@rho0.8_b03v2,0,agg_static,0.8,63,upsert,L0013,A_no_future_use,
b03v2,base,agg_static@rho0.8,rep0_base_agg_static@rho0.8_b03v2,0,agg_static,0.8,64,upsert,L0038,A_no_future_use,
b03v2,base,agg_static@rho0.8,rep0_base_agg_static@rho0.8_b03v2,0,agg_static,0.8,68,upsert,L0015,A_no_future_use,
b03v2,base,agg_static@rho0.8,rep0_base_agg_static@rho0.8_b03v2,0,agg_static,0.8,69,upsert,L0008,A_no_future_use,
b03v2,base,agg_static@rho0.8,rep0_base_agg_static@rho0.8_b03v2,0,agg_static,0.8,70,upsert,L0000,A_no_future_use,
b03v2,base,agg_static@rho0.8,rep0_base_agg_static@rho0.8_b03v2,0,agg_static,0.8,71,upsert,L0000,A_no_future_use,
b03v2,base,agg_static@rho1.0,rep0_base_agg_static@rho1.0_b03v2,0,agg_static,1.0,0,upsert,L0040,A_no_future_use,
b03v2,base,agg_static@rho1.0,rep0_base_agg_static@rho1.0_b03v2,0,agg_static,1.0,2,upsert,L0002,A_no_future_use,
b03v2,base,agg_static@rho1.0,rep0_base_agg_static@rho1.0_b03v2,0,agg_static,1.0,3,upsert,L0040,A_no_future_use,
b03v2,base,agg_static@rho1.0,rep0_base_agg_static@rho1.0_b03v2,0,agg_static,1.0,14,upsert,L0044,A_no_future_use,
b03v2,base,agg_static@rho1.0,rep0_base_agg_static@rho1.0_b03v2,0,agg_static,1.0,15,upsert,L0033,A_no_future_use,
b03v2,base,agg_static@rho1.0,rep0_base_agg_static@rho1.0_b03v2,0,agg_static,1.0,21,upsert,L0014,A_no_future_use,
b03v2,base,agg_static@rho1.0,rep0_base_agg_static@rho1.0_b03v2,0,agg_static,1.0,22,upsert,L0003,A_no_future_use,
b03v2,base,agg_static@rho1.0,rep0_base_agg_static@rho1.0_b03v2,0,agg_static,1.0,31,upsert,L0044,A_no_future_use,
b03v2,base,agg_static@rho1.0,rep0_base_agg_static@rho1.0_b03v2,0,agg_static,1.0,32,upsert,L0002,A_no_future_use,
b03v2,base,agg_static@rho1.0,rep0_base_agg_static@rho1.0_b03v2,0,agg_static,1.0,36,upsert,L0001,A_no_future_use,
b03v2,base,agg_full@rho0.5,rep0_base_agg_full@rho0.5_b03v2,0,agg_full,0.5,23,upsert,L0000,D_meaningful_value_flip,20.48
b03v2,base,agg_full@rho0.5,rep0_base_agg_full@rho0.5_b03v2,0,agg_full,0.5,25,upsert,L0000,B_no_decision_flip,0.0
b03v2,base,agg_full@rho0.5,rep0_base_agg_full@rho0.5_b03v2,0,agg_full,0.5,32,upsert,L0002,B_no_decision_flip,0.0
b03v2,base,agg_full@rho0.5,rep0_base_agg_full@rho0.5_b03v2,0,agg_full,0.5,45,upsert,L0003,A_no_future_use,
b03v2,base,agg_full@rho0.5,rep0_base_agg_full@rho0.5_b03v2,0,agg_full,0.5,46,upsert,L0001,A_no_future_use,
b03v2,base,agg_full@rho0.5,rep0_base_agg_full@rho0.5_b03v2,0,agg_full,0.5,47,upsert,L0007,A_no_future_use,
b03v2,base,agg_full@rho0.5,rep0_base_agg_full@rho0.5_b03v2,0,agg_full,0.5,48,upsert,L0003,A_no_future_use,
b03v2,base,agg_full@rho0.5,rep0_base_agg_full@rho0.5_b03v2,0,agg_full,0.5,49,upsert,L0014,A_no_future_use,
b03v2,base,agg_full@rho0.5,rep0_base_agg_full@rho0.5_b03v2,0,agg_full,0.5,50,upsert,L0019,A_no_future_use,
b03v2,base,agg_full@rho0.5,rep0_base_agg_full@rho0.5_b03v2,0,agg_full,0.5,51,upsert,L0038,A_no_future_use,
b03v2,base,agg_full@rho0.5,rep0_base_agg_full@rho0.5_b03v2,0,agg_full,0.5,52,upsert,L0035,A_no_future_use,
b03v2,base,agg_full@rho0.5,rep0_base_agg_full@rho0.5_b03v2,0,agg_full,0.5,53,upsert,L0004,A_no_future_use,
b03v2,base,agg_full@rho0.5,rep0_base_agg_full@rho0.5_b03v2,0,agg_full,0.5,55,upsert,L0029,A_no_future_use,
b03v2,base,agg_full@rho0.5,rep0_base_agg_full@rho0.5_b03v2,0,agg_full,0.5,56,upsert,L0005,A_no_future_use,
b03v2,base,agg_full@rho0.5,rep0_base_agg_full@rho0.5_b03v2,0,agg_full,0.5,57,upsert,L0025,A_no_future_use,
b03v2,base,agg_full@rho0.5,rep0_base_agg_full@rho0.5_b03v2,0,agg_full,0.5,58,upsert,L0023,A_no_future_use,
b03v2,base,agg_full@rho0.5,rep0_base_agg_full@rho0.5_b03v2,0,agg_full,0.5,59,upsert,L0020,A_no_future_use,
b03v2,base,agg_full@rho0.5,rep0_base_agg_full@rho0.5_b03v2,0,agg_full,0.5,61,upsert,L0049,A_no_future_use,
b03v2,base,agg_full@rho0.5,rep0_base_agg_full@rho0.5_b03v2,0,agg_full,0.5,62,upsert,L0033,A_no_future_use,
b03v2,base,agg_full@rho0.5,rep0_base_agg_full@rho0.5_b03v2,0,agg_full,0.5,63,upsert,L0013,A_no_future_use,
b03v2,base,agg_full@rho0.5,rep0_base_agg_full@rho0.5_b03v2,0,agg_full,0.5,64,upsert,L0038,A_no_future_use,
b03v2,base,agg_full@rho0.5,rep0_base_agg_full@rho0.5_b03v2,0,agg_full,0.5,65,upsert,L0018,A_no_future_use,
b03v2,base,agg_full@rho0.5,rep0_base_agg_full@rho0.5_b03v2,0,agg_full,0.5,66,upsert,L0007,A_no_future_use,
b03v2,base,agg_full@rho0.5,rep0_base_agg_full@rho0.5_b03v2,0,agg_full,0.5,67,upsert,L0036,A_no_future_use,
b03v2,base,agg_full@rho0.5,rep0_base_agg_full@rho0.5_b03v2,0,agg_full,0.5,68,upsert,L0015,A_no_future_use,
b03v2,base,agg_full@rho0.5,rep0_base_agg_full@rho0.5_b03v2,0,agg_full,0.5,69,upsert,L0008,A_no_future_use,
b03v2,base,agg_full@rho0.5,rep0_base_agg_full@rho0.5_b03v2,0,agg_full,0.5,70,upsert,L0000,A_no_future_use,
b03v2,base,agg_full@rho0.5,rep0_base_agg_full@rho0.5_b03v2,0,agg_full,0.5,71,upsert,L0000,A_no_future_use,
b03v2,base,agg_full@rho0.5,rep0_base_agg_full@rho0.5_b03v2,0,agg_full,0.5,72,upsert,L0008,A_no_future_use,
b03v2,base,agg_full@rho0.5,rep0_base_agg_full@rho0.5_b03v2,0,agg_full,0.5,74,upsert,L0008,A_no_future_use,
b03v2,base,agg_full@rho0.5,rep0_base_agg_full@rho0.5_b03v2,0,agg_full,0.5,75,upsert,L0001,A_no_future_use,
b03v2,base,agg_full@rho0.5,rep0_base_agg_full@rho0.5_b03v2,0,agg_full,0.5,76,upsert,L0004,A_no_future_use,
b03v2,base,agg_full@rho0.5,rep0_base_agg_full@rho0.5_b03v2,0,agg_full,0.5,77,upsert,L0016,A_no_future_use,
b03v2,base,agg_full@rho0.5,rep0_base_agg_full@rho0.5_b03v2,0,agg_full,0.5,78,upsert,L0042,A_no_future_use,
b03v2,base,agg_full@rho0.5,rep0_base_agg_full@rho0.5_b03v2,0,agg_full,0.5,79,upsert,L0000,A_no_future_use,
b03v2,base,agg_full@rho0.5,rep0_base_agg_full@rho0.5_b03v2,0,agg_full,0.5,80,upsert,L0057,A_no_future_use,
b03v2,base,agg_full@rho0.5,rep0_base_agg_full@rho0.5_b03v2,0,agg_full,0.5,81,upsert,L0003,A_no_future_use,
b03v2,base,agg_full@rho0.5,rep0_base_agg_full@rho0.5_b03v2,0,agg_full,0.5,82,upsert,L0002,A_no_future_use,
b03v2,base,agg_full@rho0.5,rep0_base_agg_full@rho0.5_b03v2,0,agg_full,0.5,83,upsert,L0022,A_no_future_use,
b03v2,base,agg_full@rho0.5,rep0_base_agg_full@rho0.5_b03v2,0,agg_full,0.5,84,upsert,L0020,A_no_future_use,
b03v2,base,agg_full@rho0.5,rep0_base_agg_full@rho0.5_b03v2,0,agg_full,0.5,85,upsert,L0046,A_no_future_use,
b03v2,base,agg_full@rho0.5,rep0_base_agg_full@rho0.5_b03v2,0,agg_full,0.5,86,upsert,L0018,A_no_future_use,
b03v2,base,agg_full@rho0.5,rep0_base_agg_full@rho0.5_b03v2,0,agg_full,0.5,87,upsert,L0059,A_no_future_use,
b03v2,base,agg_full@rho0.5,rep0_base_agg_full@rho0.5_b03v2,0,agg_full,0.5,88,upsert,L0004,A_no_future_use,
b03v2,base,agg_full@rho0.5,rep0_base_agg_full@rho0.5_b03v2,0,agg_full,0.5,89,upsert,L0029,A_no_future_use,
b03v2,base,agg_full@rho0.5,rep0_base_agg_full@rho0.5_b03v2,0,agg_full,0.5,90,upsert,L0048,A_no_future_use,
b03v2,base,agg_full@rho0.5,rep0_base_agg_full@rho0.5_b03v2,0,agg_full,0.5,92,upsert,L0002,A_no_future_use,
b03v2,base,agg_full@rho0.5,rep0_base_agg_full@rho0.5_b03v2,0,agg_full,0.5,93,upsert,L0000,A_no_future_use,
b03v2,base,agg_full@rho0.5,rep0_base_agg_full@rho0.5_b03v2,0,agg_full,0.5,94,upsert,L0017,A_no_future_use,
b03v2,base,agg_full@rho0.5,rep0_base_agg_full@rho0.5_b03v2,0,agg_full,0.5,95,upsert,L0013,A_no_future_use,
b03v2,base,agg_full@rho0.5,rep0_base_agg_full@rho0.5_b03v2,0,agg_full,0.5,96,upsert,L0106,A_no_future_use,
b03v2,base,agg_full@rho0.5,rep0_base_agg_full@rho0.5_b03v2,0,agg_full,0.5,97,upsert,L0113,A_no_future_use,
b03v2,base,agg_full@rho0.5,rep0_base_agg_full@rho0.5_b03v2,0,agg_full,0.5,98,upsert,L0091,A_no_future_use,
b03v2,base,agg_full@rho0.5,rep0_base_agg_full@rho0.5_b03v2,0,agg_full,0.5,99,upsert,L0066,A_no_future_use,
b03v2,base,agg_full@rho0.5,rep0_base_agg_full@rho0.5_b03v2,0,agg_full,0.5,100,upsert,L0110,A_no_future_use,
b03v2,base,agg_full@rho0.5,rep0_base_agg_full@rho0.5_b03v2,0,agg_full,0.5,101,upsert,L0103,A_no_future_use,
b03v2,base,agg_full@rho0.5,rep0_base_agg_full@rho0.5_b03v2,0,agg_full,0.5,102,upsert,L0075,A_no_future_use,
b03v2,base,agg_full@rho0.5,rep0_base_agg_full@rho0.5_b03v2,0,agg_full,0.5,103,upsert,L0064,A_no_future_use,
b03v2,base,agg_full@rho0.5,rep0_base_agg_full@rho0.5_b03v2,0,agg_full,0.5,104,upsert,L0070,A_no_future_use,
b03v2,base,agg_full@rho0.5,rep0_base_agg_full@rho0.5_b03v2,0,agg_full,0.5,105,upsert,L0064,A_no_future_use,
b03v2,base,agg_full@rho0.5,rep0_base_agg_full@rho0.5_b03v2,0,agg_full,0.5,106,upsert,L0106,A_no_future_use,
b03v2,base,agg_full@rho0.5,rep0_base_agg_full@rho0.5_b03v2,0,agg_full,0.5,107,upsert,L0102,A_no_future_use,
b03v2,base,agg_full@rho0.5,rep0_base_agg_full@rho0.5_b03v2,0,agg_full,0.5,108,upsert,L0064,A_no_future_use,
b03v2,base,agg_full@rho0.5,rep0_base_agg_full@rho0.5_b03v2,0,agg_full,0.5,109,upsert,L0071,A_no_future_use,
b03v2,base,agg_static@rho0.5,rep0_base_agg_static@rho0.5_b03v2,0,agg_static,0.5,0,upsert,L0040,A_no_future_use,
b03v2,base,agg_static@rho0.5,rep0_base_agg_static@rho0.5_b03v2,0,agg_static,0.5,2,upsert,L0002,B_no_decision_flip,0.0
b03v2,base,agg_static@rho0.5,rep0_base_agg_static@rho0.5_b03v2,0,agg_static,0.5,3,upsert,L0040,A_no_future_use,
b03v2,base,agg_static@rho0.5,rep0_base_agg_static@rho0.5_b03v2,0,agg_static,0.5,1,upsert,L0004,D_meaningful_value_flip,38.96
b03v2,base,agg_static@rho0.5,rep0_base_agg_static@rho0.5_b03v2,0,agg_static,0.5,4,upsert,L0003,D_meaningful_value_flip,40.96
b03v2,base,agg_static@rho0.5,rep0_base_agg_static@rho0.5_b03v2,0,agg_static,0.5,7,upsert,L0025,B_no_decision_flip,0.0
b03v2,base,agg_static@rho0.5,rep0_base_agg_static@rho0.5_b03v2,0,agg_static,0.5,8,upsert,L0002,C_low_value_flip,0.0
b03v2,base,agg_static@rho0.5,rep0_base_agg_static@rho0.5_b03v2,0,agg_static,0.5,9,upsert,L0033,B_no_decision_flip,0.0
b03v2,base,agg_static@rho0.5,rep0_base_agg_static@rho0.5_b03v2,0,agg_static,0.5,10,upsert,L0007,D_meaningful_value_flip,38.96
b03v2,base,agg_static@rho0.5,rep0_base_agg_static@rho0.5_b03v2,0,agg_static,0.5,11,upsert,L0025,D_meaningful_value_flip,10.24
b03v2,base,agg_static@rho0.5,rep0_base_agg_static@rho0.5_b03v2,0,agg_static,0.5,12,upsert,L0029,D_meaningful_value_flip,40.96
b03v2,base,agg_static@rho0.5,rep0_base_agg_static@rho0.5_b03v2,0,agg_static,0.5,13,upsert,L0028,A_no_future_use,
b03v2,base,agg_static@rho0.5,rep0_base_agg_static@rho0.5_b03v2,0,agg_static,0.5,14,upsert,L0044,A_no_future_use,
b03v2,base,agg_static@rho0.5,rep0_base_agg_static@rho0.5_b03v2,0,agg_static,0.5,15,upsert,L0033,C_low_value_flip,0.0
b03v2,base,agg_static@rho0.5,rep0_base_agg_static@rho0.5_b03v2,0,agg_static,0.5,16,upsert,L0019,D_meaningful_value_flip,40.96
b03v2,base,agg_static@rho0.5,rep0_base_agg_static@rho0.5_b03v2,0,agg_static,0.5,18,upsert,L0012,A_no_future_use,
b03v2,base,agg_static@rho0.5,rep0_base_agg_static@rho0.5_b03v2,0,agg_static,0.5,19,upsert,L0013,D_meaningful_value_flip,38.96
b03v2,base,agg_static@rho0.5,rep0_base_agg_static@rho0.5_b03v2,0,agg_static,0.5,20,upsert,L0041,A_no_future_use,
b03v2,base,agg_static@rho0.5,rep0_base_agg_static@rho0.5_b03v2,0,agg_static,0.5,21,upsert,L0014,D_meaningful_value_flip,40.96
b03v2,base,agg_static@rho0.5,rep0_base_agg_static@rho0.5_b03v2,0,agg_static,0.5,22,upsert,L0003,D_meaningful_value_flip,10.24
b03v2,base,agg_static@rho0.5,rep0_base_agg_static@rho0.5_b03v2,0,agg_static,0.5,23,upsert,L0000,D_meaningful_value_flip,24.48
b03v2,base,agg_static@rho0.5,rep0_base_agg_static@rho0.5_b03v2,0,agg_static,0.5,24,upsert,L0009,A_no_future_use,
b03v2,base,agg_static@rho0.5,rep0_base_agg_static@rho0.5_b03v2,0,agg_static,0.5,25,upsert,L0000,B_no_decision_flip,0.0
b03v2,base,agg_static@rho0.5,rep0_base_agg_static@rho0.5_b03v2,0,agg_static,0.5,26,upsert,L0027,A_no_future_use,
b03v2,base,agg_static@rho0.5,rep0_base_agg_static@rho0.5_b03v2,0,agg_static,0.5,27,upsert,L0015,D_meaningful_value_flip,40.96
b03v2,base,agg_static@rho0.5,rep0_base_agg_static@rho0.5_b03v2,0,agg_static,0.5,29,upsert,L0001,B_no_decision_flip,0.0
b03v2,base,agg_static@rho0.5,rep0_base_agg_static@rho0.5_b03v2,0,agg_static,0.5,30,upsert,L0007,D_meaningful_value_flip,8.24
b03v2,base,agg_static@rho0.5,rep0_base_agg_static@rho0.5_b03v2,0,agg_static,0.5,31,upsert,L0044,A_no_future_use,
b03v2,base,agg_static@rho0.5,rep0_base_agg_static@rho0.5_b03v2,0,agg_static,0.5,32,upsert,L0002,B_no_decision_flip,10.24
b03v2,base,agg_static@rho0.5,rep0_base_agg_static@rho0.5_b03v2,0,agg_static,0.5,33,upsert,L0008,D_meaningful_value_flip,40.96
b03v2,base,agg_static@rho0.5,rep0_base_agg_static@rho0.5_b03v2,0,agg_static,0.5,34,upsert,L0057,D_meaningful_value_flip,40.96
b03v2,base,agg_static@rho0.5,rep0_base_agg_static@rho0.5_b03v2,0,agg_static,0.5,35,upsert,L0022,B_no_decision_flip,0.0
b03v2,base,agg_static@rho0.5,rep0_base_agg_static@rho0.5_b03v2,0,agg_static,0.5,36,upsert,L0001,D_meaningful_value_flip,10.24
b03v2,base,agg_static@rho0.5,rep0_base_agg_static@rho0.5_b03v2,0,agg_static,0.5,37,upsert,L0058,A_no_future_use,
b03v2,base,agg_static@rho0.5,rep0_base_agg_static@rho0.5_b03v2,0,agg_static,0.5,38,upsert,L0000,C_low_value_flip,0.0
b03v2,base,agg_static@rho0.5,rep0_base_agg_static@rho0.5_b03v2,0,agg_static,0.5,39,upsert,L0010,A_no_future_use,
b03v2,base,agg_static@rho0.5,rep0_base_agg_static@rho0.5_b03v2,0,agg_static,0.5,40,upsert,L0006,A_no_future_use,
b03v2,base,agg_static@rho0.5,rep0_base_agg_static@rho0.5_b03v2,0,agg_static,0.5,41,upsert,L0056,A_no_future_use,
b03v2,base,agg_static@rho0.5,rep0_base_agg_static@rho0.5_b03v2,0,agg_static,0.5,42,upsert,L0021,A_no_future_use,
b03v2,base,agg_static@rho0.5,rep0_base_agg_static@rho0.5_b03v2,0,agg_static,0.5,43,upsert,L0006,A_no_future_use,
b03v2,base,agg_static@rho0.5,rep0_base_agg_static@rho0.5_b03v2,0,agg_static,0.5,44,upsert,L0046,D_meaningful_value_flip,51.2
b03v2,base,agg_static@rho0.5,rep0_base_agg_static@rho0.5_b03v2,0,agg_static,0.5,45,upsert,L0003,D_meaningful_value_flip,20.48
b03v2,base,agg_static@rho0.5,rep0_base_agg_static@rho0.5_b03v2,0,agg_static,0.5,47,upsert,L0007,D_meaningful_value_flip,8.24
b03v2,base,agg_static@rho0.5,rep0_base_agg_static@rho0.5_b03v2,0,agg_static,0.5,48,upsert,L0003,B_no_decision_flip,0.0
b03v2,base,agg_static@rho0.5,rep0_base_agg_static@rho0.5_b03v2,0,agg_static,0.5,49,upsert,L0014,A_no_future_use,
b03v2,base,agg_static@rho0.5,rep0_base_agg_static@rho0.5_b03v2,0,agg_static,0.5,50,upsert,L0019,A_no_future_use,
b03v2,base,agg_static@rho0.5,rep0_base_agg_static@rho0.5_b03v2,0,agg_static,0.5,51,upsert,L0038,A_no_future_use,
b03v2,base,agg_static@rho0.5,rep0_base_agg_static@rho0.5_b03v2,0,agg_static,0.5,52,upsert,L0035,A_no_future_use,
b03v2,base,agg_static@rho0.5,rep0_base_agg_static@rho0.5_b03v2,0,agg_static,0.5,53,upsert,L0004,B_no_decision_flip,0.0
b03v2,base,agg_static@rho0.5,rep0_base_agg_static@rho0.5_b03v2,0,agg_static,0.5,54,upsert,L0000,C_low_value_flip,0.0
b03v2,base,agg_static@rho0.5,rep0_base_agg_static@rho0.5_b03v2,0,agg_static,0.5,55,upsert,L0029,B_no_decision_flip,10.24
b03v2,base,agg_static@rho0.5,rep0_base_agg_static@rho0.5_b03v2,0,agg_static,0.5,56,upsert,L0005,A_no_future_use,
b03v2,base,agg_static@rho0.5,rep0_base_agg_static@rho0.5_b03v2,0,agg_static,0.5,57,upsert,L0025,A_no_future_use,
b03v2,base,agg_static@rho0.5,rep0_base_agg_static@rho0.5_b03v2,0,agg_static,0.5,58,upsert,L0023,A_no_future_use,
b03v2,base,agg_static@rho0.5,rep0_base_agg_static@rho0.5_b03v2,0,agg_static,0.5,59,upsert,L0020,D_meaningful_value_flip,38.96
b03v2,base,agg_static@rho0.5,rep0_base_agg_static@rho0.5_b03v2,0,agg_static,0.5,60,upsert,L0000,B_no_decision_flip,-10.24
b03v2,base,agg_static@rho0.5,rep0_base_agg_static@rho0.5_b03v2,0,agg_static,0.5,61,upsert,L0049,A_no_future_use,
b03v2,base,agg_static@rho0.5,rep0_base_agg_static@rho0.5_b03v2,0,agg_static,0.5,62,upsert,L0033,A_no_future_use,
b03v2,base,agg_static@rho0.5,rep0_base_agg_static@rho0.5_b03v2,0,agg_static,0.5,63,upsert,L0013,A_no_future_use,
b03v2,base,agg_static@rho0.5,rep0_base_agg_static@rho0.5_b03v2,0,agg_static,0.5,64,upsert,L0038,A_no_future_use,
b03v2,base,agg_static@rho0.5,rep0_base_agg_static@rho0.5_b03v2,0,agg_static,0.5,65,upsert,L0018,A_no_future_use,
b03v2,base,agg_static@rho0.5,rep0_base_agg_static@rho0.5_b03v2,0,agg_static,0.5,66,upsert,L0007,A_no_future_use,
b03v2,base,agg_static@rho0.5,rep0_base_agg_static@rho0.5_b03v2,0,agg_static,0.5,67,upsert,L0036,A_no_future_use,
b03v2,base,agg_static@rho0.5,rep0_base_agg_static@rho0.5_b03v2,0,agg_static,0.5,68,upsert,L0015,A_no_future_use,
b03v2,base,agg_static@rho0.5,rep0_base_agg_static@rho0.5_b03v2,0,agg_static,0.5,69,upsert,L0008,A_no_future_use,
b03v2,base,agg_static@rho0.5,rep0_base_agg_static@rho0.5_b03v2,0,agg_static,0.5,70,upsert,L0000,A_no_future_use,
b03v2,base,agg_static@rho0.5,rep0_base_agg_static@rho0.5_b03v2,0,agg_static,0.5,71,upsert,L0000,A_no_future_use,
b03v2,base,agg_static@rho0.5,rep0_base_agg_static@rho0.5_b03v2,0,agg_static,0.5,72,upsert,L0008,A_no_future_use,
b03v2,base,agg_static@rho0.5,rep0_base_agg_static@rho0.5_b03v2,0,agg_static,0.5,73,upsert,L0007,A_no_future_use,
b03v2,base,agg_static@rho0.5,rep0_base_agg_static@rho0.5_b03v2,0,agg_static,0.5,74,upsert,L0008,A_no_future_use,
b03v2,base,agg_static@rho0.5,rep0_base_agg_static@rho0.5_b03v2,0,agg_static,0.5,75,upsert,L0001,A_no_future_use,
b03v2,base,agg_static@rho0.5,rep0_base_agg_static@rho0.5_b03v2,0,agg_static,0.5,76,upsert,L0004,A_no_future_use,
b03v2,base,agg_static@rho0.5,rep0_base_agg_static@rho0.5_b03v2,0,agg_static,0.5,77,upsert,L0016,A_no_future_use,
b03v2,base,agg_static@rho0.5,rep0_base_agg_static@rho0.5_b03v2,0,agg_static,0.5,78,upsert,L0042,A_no_future_use,
b03v2,base,agg_static@rho0.5,rep0_base_agg_static@rho0.5_b03v2,0,agg_static,0.5,79,upsert,L0000,A_no_future_use,
b03v2,base,agg_static@rho0.5,rep0_base_agg_static@rho0.5_b03v2,0,agg_static,0.5,80,upsert,L0057,A_no_future_use,
b03v2,base,agg_static@rho0.5,rep0_base_agg_static@rho0.5_b03v2,0,agg_static,0.5,81,upsert,L0003,A_no_future_use,
b03v2,base,agg_static@rho0.5,rep0_base_agg_static@rho0.5_b03v2,0,agg_static,0.5,82,upsert,L0002,A_no_future_use,
b03v2,base,agg_static@rho0.5,rep0_base_agg_static@rho0.5_b03v2,0,agg_static,0.5,83,upsert,L0022,A_no_future_use,
b03v2,base,agg_static@rho0.5,rep0_base_agg_static@rho0.5_b03v2,0,agg_static,0.5,84,upsert,L0020,A_no_future_use,
b03v2,base,agg_static@rho0.5,rep0_base_agg_static@rho0.5_b03v2,0,agg_static,0.5,85,upsert,L0046,A_no_future_use,
b03v2,base,agg_static@rho0.5,rep0_base_agg_static@rho0.5_b03v2,0,agg_static,0.5,86,upsert,L0018,A_no_future_use,
b03v2,base,agg_static@rho0.5,rep0_base_agg_static@rho0.5_b03v2,0,agg_static,0.5,87,upsert,L0059,A_no_future_use,
b03v2,base,agg_static@rho0.5,rep0_base_agg_static@rho0.5_b03v2,0,agg_static,0.5,88,upsert,L0004,A_no_future_use,
b03v2,base,agg_static@rho0.5,rep0_base_agg_static@rho0.5_b03v2,0,agg_static,0.5,89,upsert,L0029,A_no_future_use,
b03v2,base,agg_static@rho0.5,rep0_base_agg_static@rho0.5_b03v2,0,agg_static,0.5,90,upsert,L0048,A_no_future_use,
b03v2,base,agg_static@rho0.5,rep0_base_agg_static@rho0.5_b03v2,0,agg_static,0.5,91,upsert,L0020,A_no_future_use,
b03v2,base,agg_static@rho0.5,rep0_base_agg_static@rho0.5_b03v2,0,agg_static,0.5,92,upsert,L0002,A_no_future_use,
b03v2,base,agg_static@rho0.5,rep0_base_agg_static@rho0.5_b03v2,0,agg_static,0.5,93,upsert,L0000,A_no_future_use,
b03v2,base,agg_static@rho0.5,rep0_base_agg_static@rho0.5_b03v2,0,agg_static,0.5,94,upsert,L0017,A_no_future_use,
b03v2,base,agg_static@rho0.5,rep0_base_agg_static@rho0.5_b03v2,0,agg_static,0.5,95,upsert,L0013,A_no_future_use,
b03v2,base,agg_static@rho0.5,rep0_base_agg_static@rho0.5_b03v2,0,agg_static,0.5,96,upsert,L0106,B_no_decision_flip,0.0
b03v2,base,agg_static@rho0.5,rep0_base_agg_static@rho0.5_b03v2,0,agg_static,0.5,97,upsert,L0113,A_no_future_use,
b03v2,base,agg_static@rho0.5,rep0_base_agg_static@rho0.5_b03v2,0,agg_static,0.5,98,upsert,L0091,A_no_future_use,
b03v2,base,agg_static@rho0.5,rep0_base_agg_static@rho0.5_b03v2,0,agg_static,0.5,99,upsert,L0066,D_meaningful_value_flip,38.96
b03v2,base,agg_static@rho0.5,rep0_base_agg_static@rho0.5_b03v2,0,agg_static,0.5,100,upsert,L0110,A_no_future_use,
b03v2,base,agg_static@rho0.5,rep0_base_agg_static@rho0.5_b03v2,0,agg_static,0.5,101,upsert,L0103,D_meaningful_value_flip,38.96
b03v2,base,agg_static@rho0.5,rep0_base_agg_static@rho0.5_b03v2,0,agg_static,0.5,102,upsert,L0075,A_no_future_use,
b03v2,base,agg_static@rho0.5,rep0_base_agg_static@rho0.5_b03v2,0,agg_static,0.5,103,upsert,L0064,B_no_decision_flip,0.0
b03v2,base,agg_static@rho0.5,rep0_base_agg_static@rho0.5_b03v2,0,agg_static,0.5,104,upsert,L0070,B_no_decision_flip,0.0
b03v2,base,agg_static@rho0.5,rep0_base_agg_static@rho0.5_b03v2,0,agg_static,0.5,105,upsert,L0064,D_meaningful_value_flip,10.24
b03v2,base,agg_static@rho0.5,rep0_base_agg_static@rho0.5_b03v2,0,agg_static,0.5,106,upsert,L0106,D_meaningful_value_flip,8.24
b03v2,base,agg_static@rho0.5,rep0_base_agg_static@rho0.5_b03v2,0,agg_static,0.5,107,upsert,L0102,A_no_future_use,
b03v2,base,agg_static@rho0.5,rep0_base_agg_static@rho0.5_b03v2,0,agg_static,0.5,109,upsert,L0071,B_no_decision_flip,0.0
b03v2,base,agg_static@rho0.5,rep0_base_agg_static@rho0.5_b03v2,0,agg_static,0.5,110,upsert,L0071,C_low_value_flip,0.0
b03v2,base,agg_static@rho0.5,rep0_base_agg_static@rho0.5_b03v2,0,agg_static,0.5,111,upsert,L0073,B_no_decision_flip,0.0
b03v2,base,agg_static@rho0.5,rep0_base_agg_static@rho0.5_b03v2,0,agg_static,0.5,112,upsert,L0093,A_no_future_use,
b03v2,base,agg_static@rho0.5,rep0_base_agg_static@rho0.5_b03v2,0,agg_static,0.5,113,upsert,L0124,A_no_future_use,
b03v2,base,agg_static@rho0.5,rep0_base_agg_static@rho0.5_b03v2,0,agg_static,0.5,114,upsert,L0082,A_no_future_use,
b03v2,base,agg_static@rho0.5,rep0_base_agg_static@rho0.5_b03v2,0,agg_static,0.5,115,upsert,L0070,D_meaningful_value_flip,10.24
b03v2,base,agg_static@rho0.5,rep0_base_agg_static@rho0.5_b03v2,0,agg_static,0.5,116,upsert,L0081,A_no_future_use,
b03v2,base,agg_static@rho0.5,rep0_base_agg_static@rho0.5_b03v2,0,agg_static,0.5,117,upsert,L0120,A_no_future_use,
b03v2,base,agg_static@rho0.5,rep0_base_agg_static@rho0.5_b03v2,0,agg_static,0.5,118,upsert,L0089,A_no_future_use,
b03v2,base,agg_static@rho0.5,rep0_base_agg_static@rho0.5_b03v2,0,agg_static,0.5,119,upsert,L0077,A_no_future_use,
b03v2,base,agg_static@rho0.5,rep0_base_agg_static@rho0.5_b03v2,0,agg_static,0.5,120,upsert,L0123,A_no_future_use,
b03v2,base,agg_static@rho0.5,rep0_base_agg_static@rho0.5_b03v2,0,agg_static,0.5,121,upsert,L0082,A_no_future_use,
b03v2,base,agg_static@rho0.5,rep0_base_agg_static@rho0.5_b03v2,0,agg_static,0.5,122,upsert,L0064,E_negative_value_flip,-10.24
b03v2,base,agg_static@rho0.5,rep0_base_agg_static@rho0.5_b03v2,0,agg_static,0.5,123,upsert,L0067,D_meaningful_value_flip,40.96
b03v2,base,agg_static@rho0.5,rep0_base_agg_static@rho0.5_b03v2,0,agg_static,0.5,124,upsert,L0089,A_no_future_use,
b03v2,base,agg_static@rho0.5,rep0_base_agg_static@rho0.5_b03v2,0,agg_static,0.5,125,upsert,L0084,D_meaningful_value_flip,38.96
b03v2,base,agg_static@rho0.5,rep0_base_agg_static@rho0.5_b03v2,0,agg_static,0.5,127,upsert,L0075,A_no_future_use,
b03v2,base,agg_static@rho0.5,rep0_base_agg_static@rho0.5_b03v2,0,agg_static,0.5,128,upsert,L0096,A_no_future_use,
b03v2,base,agg_static@rho0.5,rep0_base_agg_static@rho0.5_b03v2,0,agg_static,0.5,129,upsert,L0079,D_meaningful_value_flip,40.96
b03v2,base,agg_static@rho0.5,rep0_base_agg_static@rho0.5_b03v2,0,agg_static,0.5,130,upsert,L0086,A_no_future_use,
b03v2,base,agg_static@rho0.5,rep0_base_agg_static@rho0.5_b03v2,0,agg_static,0.5,131,upsert,L0090,A_no_future_use,
b03v2,base,agg_static@rho0.5,rep0_base_agg_static@rho0.5_b03v2,0,agg_static,0.5,132,upsert,L0068,A_no_future_use,
b03v2,base,agg_static@rho0.5,rep0_base_agg_static@rho0.5_b03v2,0,agg_static,0.5,133,upsert,L0120,A_no_future_use,
b03v2,base,agg_static@rho0.5,rep0_base_agg_static@rho0.5_b03v2,0,agg_static,0.5,134,upsert,L0099,A_no_future_use,
b03v2,base,agg_static@rho0.5,rep0_base_agg_static@rho0.5_b03v2,0,agg_static,0.5,135,upsert,L0067,B_no_decision_flip,10.24
b03v2,base,agg_static@rho0.5,rep0_base_agg_static@rho0.5_b03v2,0,agg_static,0.5,136,upsert,L0077,A_no_future_use,
b03v2,base,agg_static@rho0.5,rep0_base_agg_static@rho0.5_b03v2,0,agg_static,0.5,137,upsert,L0069,D_meaningful_value_flip,38.96
b03v2,base,agg_static@rho0.5,rep0_base_agg_static@rho0.5_b03v2,0,agg_static,0.5,138,upsert,L0098,D_meaningful_value_flip,40.96
b03v2,base,agg_static@rho0.5,rep0_base_agg_static@rho0.5_b03v2,0,agg_static,0.5,139,upsert,L0097,A_no_future_use,
b03v2,base,agg_static@rho0.5,rep0_base_agg_static@rho0.5_b03v2,0,agg_static,0.5,140,upsert,L0094,B_no_decision_flip,0.0
b03v2,base,agg_static@rho0.5,rep0_base_agg_static@rho0.5_b03v2,0,agg_static,0.5,141,upsert,L0071,A_no_future_use,
b03v2,base,agg_static@rho0.5,rep0_base_agg_static@rho0.5_b03v2,0,agg_static,0.5,142,upsert,L0126,D_meaningful_value_flip,38.96
b03v2,base,agg_static@rho0.5,rep0_base_agg_static@rho0.5_b03v2,0,agg_static,0.5,143,upsert,L0064,B_no_decision_flip,0.0
b03v2,base,agg_static@rho0.5,rep0_base_agg_static@rho0.5_b03v2,0,agg_static,0.5,144,upsert,L0065,A_no_future_use,
b03v2,base,agg_static@rho0.5,rep0_base_agg_static@rho0.5_b03v2,0,agg_static,0.5,145,upsert,L0083,A_no_future_use,
b03v2,base,agg_static@rho0.5,rep0_base_agg_static@rho0.5_b03v2,0,agg_static,0.5,146,upsert,L0083,A_no_future_use,
b03v2,base,agg_static@rho0.5,rep0_base_agg_static@rho0.5_b03v2,0,agg_static,0.5,147,upsert,L0068,A_no_future_use,
b03v2,base,agg_static@rho0.5,rep0_base_agg_static@rho0.5_b03v2,0,agg_static,0.5,148,upsert,L0064,D_meaningful_value_flip,12.24
b03v2,base,agg_static@rho0.5,rep0_base_agg_static@rho0.5_b03v2,0,agg_static,0.5,149,upsert,L0067,B_no_decision_flip,0.0
b03v2,base,agg_static@rho0.5,rep0_base_agg_static@rho0.5_b03v2,0,agg_static,0.5,150,upsert,L0080,A_no_future_use,
b03v2,base,agg_static@rho0.5,rep0_base_agg_static@rho0.5_b03v2,0,agg_static,0.5,151,upsert,L0070,B_no_decision_flip,-10.24
b03v2,base,agg_static@rho0.5,rep0_base_agg_static@rho0.5_b03v2,0,agg_static,0.5,152,upsert,L0087,A_no_future_use,
b03v2,base,agg_static@rho0.5,rep0_base_agg_static@rho0.5_b03v2,0,agg_static,0.5,153,upsert,L0085,A_no_future_use,
b03v2,base,agg_static@rho0.5,rep0_base_agg_static@rho0.5_b03v2,0,agg_static,0.5,154,upsert,L0104,A_no_future_use,
b03v2,base,agg_static@rho0.5,rep0_base_agg_static@rho0.5_b03v2,0,agg_static,0.5,155,upsert,L0117,A_no_future_use,
b03v2,base,agg_static@rho0.5,rep0_base_agg_static@rho0.5_b03v2,0,agg_static,0.5,156,upsert,L0067,B_no_decision_flip,-20.48
b03v2,base,agg_static@rho0.5,rep0_base_agg_static@rho0.5_b03v2,0,agg_static,0.5,157,upsert,L0125,A_no_future_use,
b03v2,base,agg_static@rho0.5,rep0_base_agg_static@rho0.5_b03v2,0,agg_static,0.5,158,upsert,L0066,A_no_future_use,
b03v2,base,agg_static@rho0.5,rep0_base_agg_static@rho0.5_b03v2,0,agg_static,0.5,159,upsert,L0079,A_no_future_use,
b03v2,base,agg_static@rho0.5,rep0_base_agg_static@rho0.5_b03v2,0,agg_static,0.5,160,upsert,L0098,A_no_future_use,
b03v2,base,agg_static@rho0.5,rep0_base_agg_static@rho0.5_b03v2,0,agg_static,0.5,161,upsert,L0073,A_no_future_use,
b03v2,base,agg_static@rho0.5,rep0_base_agg_static@rho0.5_b03v2,0,agg_static,0.5,162,upsert,L0064,A_no_future_use,
b03v2,base,agg_static@rho0.5,rep0_base_agg_static@rho0.5_b03v2,0,agg_static,0.5,163,upsert,L0071,A_no_future_use,
b03v2,base,agg_static@rho0.5,rep0_base_agg_static@rho0.5_b03v2,0,agg_static,0.5,164,upsert,L0094,A_no_future_use,
b03v2,base,agg_static@rho0.5,rep0_base_agg_static@rho0.5_b03v2,0,agg_static,0.5,165,upsert,L0088,A_no_future_use,
b03v2,base,agg_static@rho0.5,rep0_base_agg_static@rho0.5_b03v2,0,agg_static,0.5,166,upsert,L0066,A_no_future_use,
b03v2,base,agg_static@rho0.5,rep0_base_agg_static@rho0.5_b03v2,0,agg_static,0.5,167,upsert,L0084,A_no_future_use,
b03v2,base,agg_static@rho0.5,rep0_base_agg_static@rho0.5_b03v2,0,agg_static,0.5,168,upsert,L0076,A_no_future_use,
b03v2,base,agg_static@rho0.5,rep0_base_agg_static@rho0.5_b03v2,0,agg_static,0.5,169,upsert,L0067,A_no_future_use,
b03v2,base,agg_static@rho0.5,rep0_base_agg_static@rho0.5_b03v2,0,agg_static,0.5,170,upsert,L0064,A_no_future_use,
b03v2,base,agg_static@rho0.5,rep0_base_agg_static@rho0.5_b03v2,0,agg_static,0.5,171,upsert,L0103,A_no_future_use,
b03v2,base,agg_static@rho0.5,rep0_base_agg_static@rho0.5_b03v2,0,agg_static,0.5,172,upsert,L0116,A_no_future_use,
b03v2,base,agg_static@rho0.5,rep0_base_agg_static@rho0.5_b03v2,0,agg_static,0.5,173,upsert,L0106,A_no_future_use,
b03v2,base,agg_static@rho0.5,rep0_base_agg_static@rho0.5_b03v2,0,agg_static,0.5,174,upsert,L0122,A_no_future_use,
b03v2,base,agg_static@rho0.5,rep0_base_agg_static@rho0.5_b03v2,0,agg_static,0.5,175,upsert,L0076,A_no_future_use,
b03v2,base,agg_static@rho0.5,rep0_base_agg_static@rho0.5_b03v2,0,agg_static,0.5,176,upsert,L0098,A_no_future_use,
b03v2,base,agg_static@rho0.5,rep0_base_agg_static@rho0.5_b03v2,0,agg_static,0.5,177,upsert,L0079,A_no_future_use,
b03v2,base,agg_static@rho0.5,rep0_base_agg_static@rho0.5_b03v2,0,agg_static,0.5,178,upsert,L0078,A_no_future_use,
b03v2,base,agg_static@rho0.5,rep0_base_agg_static@rho0.5_b03v2,0,agg_static,0.5,179,upsert,L0064,A_no_future_use,
b03v2,base,agg_static@rho0.5,rep0_base_agg_static@rho0.5_b03v2,0,agg_static,0.5,180,upsert,L0067,A_no_future_use,
b03v2,base,agg_static@rho0.5,rep0_base_agg_static@rho0.5_b03v2,0,agg_static,0.5,181,upsert,L0066,A_no_future_use,
b03v2,base,agg_static@rho0.5,rep0_base_agg_static@rho0.5_b03v2,0,agg_static,0.5,182,upsert,L0070,A_no_future_use,
b03v2,base,agg_static@rho0.5,rep0_base_agg_static@rho0.5_b03v2,0,agg_static,0.5,183,upsert,L0064,A_no_future_use,
b03v2,base,agg_static@rho0.5,rep0_base_agg_static@rho0.5_b03v2,0,agg_static,0.5,184,upsert,L0078,A_no_future_use,
b03v2,base,agg_static@rho0.5,rep0_base_agg_static@rho0.5_b03v2,0,agg_static,0.5,185,upsert,L0108,A_no_future_use,
b03v2,base,agg_static@rho0.5,rep0_base_agg_static@rho0.5_b03v2,0,agg_static,0.5,186,upsert,L0126,A_no_future_use,
b03v2,base,agg_static@rho0.5,rep0_base_agg_static@rho0.5_b03v2,0,agg_static,0.5,187,upsert,L0114,A_no_future_use,
b03v2,base,agg_static@rho0.5,rep0_base_agg_static@rho0.5_b03v2,0,agg_static,0.5,188,upsert,L0070,A_no_future_use,
b03v2,base,agg_static@rho0.5,rep0_base_agg_static@rho0.5_b03v2,0,agg_static,0.5,189,upsert,L0088,A_no_future_use,
b03v2,base,agg_static@rho0.5,rep0_base_agg_static@rho0.5_b03v2,0,agg_static,0.5,190,upsert,L0067,A_no_future_use,
b03v2,base,agg_static@rho0.5,rep0_base_agg_static@rho0.5_b03v2,0,agg_static,0.5,191,upsert,L0069,A_no_future_use,
b03v2,base,exact_fifo@rho0.5,rep0_base_exact_fifo@rho0.5_b03v2,0,exact_fifo,0.5,0,upsert,L0040,A_no_future_use,
b03v2,base,exact_fifo@rho0.5,rep0_base_exact_fifo@rho0.5_b03v2,0,exact_fifo,0.5,1,upsert,L0004,B_no_decision_flip,0.0
b03v2,base,exact_fifo@rho0.5,rep0_base_exact_fifo@rho0.5_b03v2,0,exact_fifo,0.5,2,upsert,L0002,B_no_decision_flip,0.0
b03v2,base,exact_fifo@rho0.5,rep0_base_exact_fifo@rho0.5_b03v2,0,exact_fifo,0.5,3,upsert,L0040,A_no_future_use,
b03v2,base,exact_fifo@rho0.5,rep0_base_exact_fifo@rho0.5_b03v2,0,exact_fifo,0.5,4,upsert,L0003,B_no_decision_flip,0.0
b03v2,base,exact_fifo@rho0.5,rep0_base_exact_fifo@rho0.5_b03v2,0,exact_fifo,0.5,5,upsert,L0000,B_no_decision_flip,0.0
b03v2,base,exact_fifo@rho0.5,rep0_base_exact_fifo@rho0.5_b03v2,0,exact_fifo,0.5,6,upsert,L0046,D_meaningful_value_flip,40.96
b03v2,base,exact_fifo@rho0.5,rep0_base_exact_fifo@rho0.5_b03v2,0,exact_fifo,0.5,7,upsert,L0025,B_no_decision_flip,0.0
b03v2,base,exact_fifo@rho0.5,rep0_base_exact_fifo@rho0.5_b03v2,0,exact_fifo,0.5,8,upsert,L0002,B_no_decision_flip,10.24
b03v2,base,exact_fifo@rho0.5,rep0_base_exact_fifo@rho0.5_b03v2,0,exact_fifo,0.5,9,upsert,L0033,B_no_decision_flip,0.0
b03v2,base,exact_fifo@rho0.5,rep0_base_exact_fifo@rho0.5_b03v2,0,exact_fifo,0.5,10,upsert,L0007,B_no_decision_flip,0.0
b03v2,base,exact_fifo@rho0.5,rep0_base_exact_fifo@rho0.5_b03v2,0,exact_fifo,0.5,11,upsert,L0025,D_meaningful_value_flip,8.24
b03v2,base,exact_fifo@rho0.5,rep0_base_exact_fifo@rho0.5_b03v2,0,exact_fifo,0.5,12,upsert,L0029,D_meaningful_value_flip,38.96
b03v2,base,exact_fifo@rho0.5,rep0_base_exact_fifo@rho0.5_b03v2,0,exact_fifo,0.5,13,upsert,L0028,A_no_future_use,
b03v2,base,exact_fifo@rho0.5,rep0_base_exact_fifo@rho0.5_b03v2,0,exact_fifo,0.5,14,upsert,L0044,A_no_future_use,
b03v2,base,exact_fifo@rho0.5,rep0_base_exact_fifo@rho0.5_b03v2,0,exact_fifo,0.5,15,upsert,L0033,C_low_value_flip,2.0
b03v2,base,exact_fifo@rho0.5,rep0_base_exact_fifo@rho0.5_b03v2,0,exact_fifo,0.5,16,upsert,L0019,B_no_decision_flip,0.0
b03v2,base,exact_fifo@rho0.5,rep0_base_exact_fifo@rho0.5_b03v2,0,exact_fifo,0.5,17,upsert,L0000,B_no_decision_flip,0.0
b03v2,base,exact_fifo@rho0.5,rep0_base_exact_fifo@rho0.5_b03v2,0,exact_fifo,0.5,18,upsert,L0012,A_no_future_use,
b03v2,base,exact_fifo@rho0.5,rep0_base_exact_fifo@rho0.5_b03v2,0,exact_fifo,0.5,19,upsert,L0013,D_meaningful_value_flip,38.96
b03v2,base,exact_fifo@rho0.5,rep0_base_exact_fifo@rho0.5_b03v2,0,exact_fifo,0.5,20,upsert,L0041,A_no_future_use,
b03v2,base,exact_fifo@rho0.5,rep0_base_exact_fifo@rho0.5_b03v2,0,exact_fifo,0.5,21,upsert,L0014,D_meaningful_value_flip,40.96
b03v2,base,exact_fifo@rho0.5,rep0_base_exact_fifo@rho0.5_b03v2,0,exact_fifo,0.5,22,upsert,L0003,B_no_decision_flip,10.24
b03v2,base,exact_fifo@rho0.5,rep0_base_exact_fifo@rho0.5_b03v2,0,exact_fifo,0.5,23,upsert,L0000,B_no_decision_flip,0.0
b03v2,base,exact_fifo@rho0.5,rep0_base_exact_fifo@rho0.5_b03v2,0,exact_fifo,0.5,24,upsert,L0009,A_no_future_use,
b03v2,base,exact_fifo@rho0.5,rep0_base_exact_fifo@rho0.5_b03v2,0,exact_fifo,0.5,25,upsert,L0000,B_no_decision_flip,0.0
b03v2,base,exact_fifo@rho0.5,rep0_base_exact_fifo@rho0.5_b03v2,0,exact_fifo,0.5,26,upsert,L0027,A_no_future_use,
b03v2,base,exact_fifo@rho0.5,rep0_base_exact_fifo@rho0.5_b03v2,0,exact_fifo,0.5,27,upsert,L0015,B_no_decision_flip,0.0
b03v2,base,exact_fifo@rho0.5,rep0_base_exact_fifo@rho0.5_b03v2,0,exact_fifo,0.5,28,upsert,L0000,B_no_decision_flip,10.24
b03v2,base,exact_fifo@rho0.5,rep0_base_exact_fifo@rho0.5_b03v2,0,exact_fifo,0.5,29,upsert,L0001,B_no_decision_flip,0.0
b03v2,base,exact_fifo@rho0.5,rep0_base_exact_fifo@rho0.5_b03v2,0,exact_fifo,0.5,30,upsert,L0007,B_no_decision_flip,0.0
b03v2,base,exact_fifo@rho0.5,rep0_base_exact_fifo@rho0.5_b03v2,0,exact_fifo,0.5,31,upsert,L0044,A_no_future_use,
b03v2,base,exact_fifo@rho0.5,rep0_base_exact_fifo@rho0.5_b03v2,0,exact_fifo,0.5,32,upsert,L0002,B_no_decision_flip,10.24
b03v2,base,exact_fifo@rho0.5,rep0_base_exact_fifo@rho0.5_b03v2,0,exact_fifo,0.5,33,upsert,L0008,D_meaningful_value_flip,40.96
b03v2,base,exact_fifo@rho0.5,rep0_base_exact_fifo@rho0.5_b03v2,0,exact_fifo,0.5,34,upsert,L0057,B_no_decision_flip,0.0
b03v2,base,exact_fifo@rho0.5,rep0_base_exact_fifo@rho0.5_b03v2,0,exact_fifo,0.5,35,upsert,L0022,B_no_decision_flip,0.0
b03v2,base,exact_fifo@rho0.5,rep0_base_exact_fifo@rho0.5_b03v2,0,exact_fifo,0.5,36,upsert,L0001,B_no_decision_flip,0.0
b03v2,base,exact_fifo@rho0.5,rep0_base_exact_fifo@rho0.5_b03v2,0,exact_fifo,0.5,37,upsert,L0058,A_no_future_use,
b03v2,base,exact_fifo@rho0.5,rep0_base_exact_fifo@rho0.5_b03v2,0,exact_fifo,0.5,38,upsert,L0000,B_no_decision_flip,10.24
b03v2,base,exact_fifo@rho0.5,rep0_base_exact_fifo@rho0.5_b03v2,0,exact_fifo,0.5,39,upsert,L0010,A_no_future_use,
b03v2,base,exact_fifo@rho0.5,rep0_base_exact_fifo@rho0.5_b03v2,0,exact_fifo,0.5,40,upsert,L0006,A_no_future_use,
b03v2,base,exact_fifo@rho0.5,rep0_base_exact_fifo@rho0.5_b03v2,0,exact_fifo,0.5,41,upsert,L0056,A_no_future_use,
b03v2,base,exact_fifo@rho0.5,rep0_base_exact_fifo@rho0.5_b03v2,0,exact_fifo,0.5,42,upsert,L0021,A_no_future_use,
b03v2,base,exact_fifo@rho0.5,rep0_base_exact_fifo@rho0.5_b03v2,0,exact_fifo,0.5,43,upsert,L0006,A_no_future_use,
b03v2,base,exact_fifo@rho0.5,rep0_base_exact_fifo@rho0.5_b03v2,0,exact_fifo,0.5,44,upsert,L0046,B_no_decision_flip,10.24
b03v2,base,exact_fifo@rho0.5,rep0_base_exact_fifo@rho0.5_b03v2,0,exact_fifo,0.5,45,upsert,L0003,B_no_decision_flip,0.0
b03v2,base,exact_fifo@rho0.5,rep0_base_exact_fifo@rho0.5_b03v2,0,exact_fifo,0.5,46,upsert,L0001,C_low_value_flip,0.0
b03v2,base,exact_fifo@rho0.5,rep0_base_exact_fifo@rho0.5_b03v2,0,exact_fifo,0.5,47,upsert,L0007,B_no_decision_flip,10.24
b03v2,base,exact_fifo@rho0.5,rep0_base_exact_fifo@rho0.5_b03v2,0,exact_fifo,0.5,48,upsert,L0003,B_no_decision_flip,0.0
b03v2,base,exact_fifo@rho0.5,rep0_base_exact_fifo@rho0.5_b03v2,0,exact_fifo,0.5,49,upsert,L0014,A_no_future_use,
b03v2,base,exact_fifo@rho0.5,rep0_base_exact_fifo@rho0.5_b03v2,0,exact_fifo,0.5,50,upsert,L0019,A_no_future_use,
b03v2,base,exact_fifo@rho0.5,rep0_base_exact_fifo@rho0.5_b03v2,0,exact_fifo,0.5,51,upsert,L0038,A_no_future_use,
b03v2,base,exact_fifo@rho0.5,rep0_base_exact_fifo@rho0.5_b03v2,0,exact_fifo,0.5,52,upsert,L0035,A_no_future_use,
b03v2,base,exact_fifo@rho0.5,rep0_base_exact_fifo@rho0.5_b03v2,0,exact_fifo,0.5,53,upsert,L0004,B_no_decision_flip,10.24
b03v2,base,exact_fifo@rho0.5,rep0_base_exact_fifo@rho0.5_b03v2,0,exact_fifo,0.5,54,upsert,L0000,B_no_decision_flip,0.0
b03v2,base,exact_fifo@rho0.5,rep0_base_exact_fifo@rho0.5_b03v2,0,exact_fifo,0.5,55,upsert,L0029,B_no_decision_flip,10.24
b03v2,base,exact_fifo@rho0.5,rep0_base_exact_fifo@rho0.5_b03v2,0,exact_fifo,0.5,56,upsert,L0005,A_no_future_use,
b03v2,base,exact_fifo@rho0.5,rep0_base_exact_fifo@rho0.5_b03v2,0,exact_fifo,0.5,57,upsert,L0025,A_no_future_use,
b03v2,base,exact_fifo@rho0.5,rep0_base_exact_fifo@rho0.5_b03v2,0,exact_fifo,0.5,58,upsert,L0023,A_no_future_use,
b03v2,base,exact_fifo@rho0.5,rep0_base_exact_fifo@rho0.5_b03v2,0,exact_fifo,0.5,59,upsert,L0020,D_meaningful_value_flip,40.96
b03v2,base,exact_fifo@rho0.5,rep0_base_exact_fifo@rho0.5_b03v2,0,exact_fifo,0.5,60,upsert,L0000,B_no_decision_flip,10.24
b03v2,base,exact_fifo@rho0.5,rep0_base_exact_fifo@rho0.5_b03v2,0,exact_fifo,0.5,61,upsert,L0049,A_no_future_use,
b03v2,base,exact_fifo@rho0.5,rep0_base_exact_fifo@rho0.5_b03v2,0,exact_fifo,0.5,62,upsert,L0033,A_no_future_use,
b03v2,base,exact_fifo@rho0.5,rep0_base_exact_fifo@rho0.5_b03v2,0,exact_fifo,0.5,63,upsert,L0013,B_no_decision_flip,0.0
b03v2,base,exact_fifo@rho0.5,rep0_base_exact_fifo@rho0.5_b03v2,0,exact_fifo,0.5,64,upsert,L0038,A_no_future_use,
b03v2,base,exact_fifo@rho0.5,rep0_base_exact_fifo@rho0.5_b03v2,0,exact_fifo,0.5,65,upsert,L0018,A_no_future_use,
b03v2,base,exact_fifo@rho0.5,rep0_base_exact_fifo@rho0.5_b03v2,0,exact_fifo,0.5,66,upsert,L0007,A_no_future_use,
b03v2,base,exact_fifo@rho0.5,rep0_base_exact_fifo@rho0.5_b03v2,0,exact_fifo,0.5,67,upsert,L0036,A_no_future_use,
b03v2,base,exact_fifo@rho0.5,rep0_base_exact_fifo@rho0.5_b03v2,0,exact_fifo,0.5,68,upsert,L0015,A_no_future_use,
b03v2,base,exact_fifo@rho0.5,rep0_base_exact_fifo@rho0.5_b03v2,0,exact_fifo,0.5,69,upsert,L0008,A_no_future_use,
b03v2,base,exact_fifo@rho0.5,rep0_base_exact_fifo@rho0.5_b03v2,0,exact_fifo,0.5,70,upsert,L0000,A_no_future_use,
b03v2,base,exact_fifo@rho0.5,rep0_base_exact_fifo@rho0.5_b03v2,0,exact_fifo,0.5,71,upsert,L0000,A_no_future_use,
b03v2,base,exact_fifo@rho0.5,rep0_base_exact_fifo@rho0.5_b03v2,0,exact_fifo,0.5,72,upsert,L0008,A_no_future_use,
b03v2,base,exact_fifo@rho0.5,rep0_base_exact_fifo@rho0.5_b03v2,0,exact_fifo,0.5,73,upsert,L0007,A_no_future_use,
b03v2,base,exact_fifo@rho0.5,rep0_base_exact_fifo@rho0.5_b03v2,0,exact_fifo,0.5,74,upsert,L0008,A_no_future_use,
b03v2,base,exact_fifo@rho0.5,rep0_base_exact_fifo@rho0.5_b03v2,0,exact_fifo,0.5,75,upsert,L0001,A_no_future_use,
b03v2,base,exact_fifo@rho0.5,rep0_base_exact_fifo@rho0.5_b03v2,0,exact_fifo,0.5,76,upsert,L0004,A_no_future_use,
b03v2,base,exact_fifo@rho0.5,rep0_base_exact_fifo@rho0.5_b03v2,0,exact_fifo,0.5,77,upsert,L0016,A_no_future_use,
b03v2,base,exact_fifo@rho0.5,rep0_base_exact_fifo@rho0.5_b03v2,0,exact_fifo,0.5,78,upsert,L0042,A_no_future_use,
b03v2,base,exact_fifo@rho0.5,rep0_base_exact_fifo@rho0.5_b03v2,0,exact_fifo,0.5,79,upsert,L0000,A_no_future_use,
b03v2,base,exact_fifo@rho0.5,rep0_base_exact_fifo@rho0.5_b03v2,0,exact_fifo,0.5,80,upsert,L0057,A_no_future_use,
b03v2,base,exact_fifo@rho0.5,rep0_base_exact_fifo@rho0.5_b03v2,0,exact_fifo,0.5,81,upsert,L0003,A_no_future_use,
b03v2,base,exact_fifo@rho0.5,rep0_base_exact_fifo@rho0.5_b03v2,0,exact_fifo,0.5,82,upsert,L0002,A_no_future_use,
b03v2,base,exact_fifo@rho0.5,rep0_base_exact_fifo@rho0.5_b03v2,0,exact_fifo,0.5,83,upsert,L0022,A_no_future_use,
b03v2,base,exact_fifo@rho0.5,rep0_base_exact_fifo@rho0.5_b03v2,0,exact_fifo,0.5,84,upsert,L0020,A_no_future_use,
b03v2,base,exact_fifo@rho0.5,rep0_base_exact_fifo@rho0.5_b03v2,0,exact_fifo,0.5,85,upsert,L0046,A_no_future_use,
b03v2,base,exact_fifo@rho0.5,rep0_base_exact_fifo@rho0.5_b03v2,0,exact_fifo,0.5,86,upsert,L0018,A_no_future_use,
b03v2,base,exact_fifo@rho0.5,rep0_base_exact_fifo@rho0.5_b03v2,0,exact_fifo,0.5,87,upsert,L0059,A_no_future_use,
b03v2,base,exact_fifo@rho0.5,rep0_base_exact_fifo@rho0.5_b03v2,0,exact_fifo,0.5,88,upsert,L0004,A_no_future_use,
b03v2,base,exact_fifo@rho0.5,rep0_base_exact_fifo@rho0.5_b03v2,0,exact_fifo,0.5,89,upsert,L0029,A_no_future_use,
b03v2,base,exact_fifo@rho0.5,rep0_base_exact_fifo@rho0.5_b03v2,0,exact_fifo,0.5,90,upsert,L0048,A_no_future_use,
b03v2,base,exact_fifo@rho0.5,rep0_base_exact_fifo@rho0.5_b03v2,0,exact_fifo,0.5,91,upsert,L0020,A_no_future_use,
b03v2,base,exact_fifo@rho0.5,rep0_base_exact_fifo@rho0.5_b03v2,0,exact_fifo,0.5,92,upsert,L0002,A_no_future_use,
b03v2,base,exact_fifo@rho0.5,rep0_base_exact_fifo@rho0.5_b03v2,0,exact_fifo,0.5,93,upsert,L0000,A_no_future_use,
b03v2,base,exact_fifo@rho0.5,rep0_base_exact_fifo@rho0.5_b03v2,0,exact_fifo,0.5,94,upsert,L0017,A_no_future_use,
b03v2,base,exact_fifo@rho0.5,rep0_base_exact_fifo@rho0.5_b03v2,0,exact_fifo,0.5,95,upsert,L0013,A_no_future_use,
b03v2,base,exact_fifo@rho0.5,rep0_base_exact_fifo@rho0.5_b03v2,0,exact_fifo,0.5,96,upsert,L0106,B_no_decision_flip,0.0
b03v2,base,exact_fifo@rho0.5,rep0_base_exact_fifo@rho0.5_b03v2,0,exact_fifo,0.5,97,upsert,L0113,A_no_future_use,
b03v2,base,exact_fifo@rho0.5,rep0_base_exact_fifo@rho0.5_b03v2,0,exact_fifo,0.5,98,upsert,L0091,A_no_future_use,
b03v2,base,exact_fifo@rho0.5,rep0_base_exact_fifo@rho0.5_b03v2,0,exact_fifo,0.5,99,upsert,L0066,D_meaningful_value_flip,38.96
b03v2,base,exact_fifo@rho0.5,rep0_base_exact_fifo@rho0.5_b03v2,0,exact_fifo,0.5,100,upsert,L0110,A_no_future_use,
b03v2,base,exact_fifo@rho0.5,rep0_base_exact_fifo@rho0.5_b03v2,0,exact_fifo,0.5,101,upsert,L0103,D_meaningful_value_flip,38.96
b03v2,base,exact_fifo@rho0.5,rep0_base_exact_fifo@rho0.5_b03v2,0,exact_fifo,0.5,102,upsert,L0075,D_meaningful_value_flip,38.96
b03v2,base,exact_fifo@rho0.5,rep0_base_exact_fifo@rho0.5_b03v2,0,exact_fifo,0.5,103,upsert,L0064,B_no_decision_flip,0.0
b03v2,base,exact_fifo@rho0.5,rep0_base_exact_fifo@rho0.5_b03v2,0,exact_fifo,0.5,104,upsert,L0070,B_no_decision_flip,0.0
b03v2,base,exact_fifo@rho0.5,rep0_base_exact_fifo@rho0.5_b03v2,0,exact_fifo,0.5,105,upsert,L0064,B_no_decision_flip,0.0
b03v2,base,exact_fifo@rho0.5,rep0_base_exact_fifo@rho0.5_b03v2,0,exact_fifo,0.5,106,upsert,L0106,D_meaningful_value_flip,10.24
b03v2,base,exact_fifo@rho0.5,rep0_base_exact_fifo@rho0.5_b03v2,0,exact_fifo,0.5,107,upsert,L0102,A_no_future_use,
b03v2,base,exact_fifo@rho0.5,rep0_base_exact_fifo@rho0.5_b03v2,0,exact_fifo,0.5,108,upsert,L0064,D_meaningful_value_flip,20.48
b03v2,base,exact_fifo@rho0.5,rep0_base_exact_fifo@rho0.5_b03v2,0,exact_fifo,0.5,109,upsert,L0071,B_no_decision_flip,0.0
b03v2,base,exact_fifo@rho0.5,rep0_base_exact_fifo@rho0.5_b03v2,0,exact_fifo,0.5,110,upsert,L0071,D_meaningful_value_flip,12.24
b03v2,base,exact_fifo@rho0.5,rep0_base_exact_fifo@rho0.5_b03v2,0,exact_fifo,0.5,111,upsert,L0073,D_meaningful_value_flip,38.96
b03v2,base,exact_fifo@rho0.5,rep0_base_exact_fifo@rho0.5_b03v2,0,exact_fifo,0.5,112,upsert,L0093,A_no_future_use,
b03v2,base,exact_fifo@rho0.5,rep0_base_exact_fifo@rho0.5_b03v2,0,exact_fifo,0.5,113,upsert,L0124,A_no_future_use,
b03v2,base,exact_fifo@rho0.5,rep0_base_exact_fifo@rho0.5_b03v2,0,exact_fifo,0.5,114,upsert,L0082,A_no_future_use,
b03v2,base,exact_fifo@rho0.5,rep0_base_exact_fifo@rho0.5_b03v2,0,exact_fifo,0.5,115,upsert,L0070,B_no_decision_flip,0.0
b03v2,base,exact_fifo@rho0.5,rep0_base_exact_fifo@rho0.5_b03v2,0,exact_fifo,0.5,116,upsert,L0081,A_no_future_use,
b03v2,base,exact_fifo@rho0.5,rep0_base_exact_fifo@rho0.5_b03v2,0,exact_fifo,0.5,117,upsert,L0120,A_no_future_use,
b03v2,base,exact_fifo@rho0.5,rep0_base_exact_fifo@rho0.5_b03v2,0,exact_fifo,0.5,118,upsert,L0089,A_no_future_use,
b03v2,base,exact_fifo@rho0.5,rep0_base_exact_fifo@rho0.5_b03v2,0,exact_fifo,0.5,119,upsert,L0077,A_no_future_use,
b03v2,base,exact_fifo@rho0.5,rep0_base_exact_fifo@rho0.5_b03v2,0,exact_fifo,0.5,120,upsert,L0123,A_no_future_use,
b03v2,base,exact_fifo@rho0.5,rep0_base_exact_fifo@rho0.5_b03v2,0,exact_fifo,0.5,121,upsert,L0082,A_no_future_use,
b03v2,base,exact_fifo@rho0.5,rep0_base_exact_fifo@rho0.5_b03v2,0,exact_fifo,0.5,122,upsert,L0064,B_no_decision_flip,0.0
b03v2,base,exact_fifo@rho0.5,rep0_base_exact_fifo@rho0.5_b03v2,0,exact_fifo,0.5,123,upsert,L0067,D_meaningful_value_flip,40.96
b03v2,base,exact_fifo@rho0.5,rep0_base_exact_fifo@rho0.5_b03v2,0,exact_fifo,0.5,124,upsert,L0089,A_no_future_use,
b03v2,base,exact_fifo@rho0.5,rep0_base_exact_fifo@rho0.5_b03v2,0,exact_fifo,0.5,125,upsert,L0084,D_meaningful_value_flip,38.96
b03v2,base,exact_fifo@rho0.5,rep0_base_exact_fifo@rho0.5_b03v2,0,exact_fifo,0.5,126,upsert,L0070,C_low_value_flip,2.0
b03v2,base,exact_fifo@rho0.5,rep0_base_exact_fifo@rho0.5_b03v2,0,exact_fifo,0.5,127,upsert,L0075,A_no_future_use,
b03v2,base,exact_fifo@rho0.5,rep0_base_exact_fifo@rho0.5_b03v2,0,exact_fifo,0.5,128,upsert,L0096,A_no_future_use,
b03v2,base,exact_fifo@rho0.5,rep0_base_exact_fifo@rho0.5_b03v2,0,exact_fifo,0.5,129,upsert,L0079,D_meaningful_value_flip,36.96
b03v2,base,exact_fifo@rho0.5,rep0_base_exact_fifo@rho0.5_b03v2,0,exact_fifo,0.5,130,upsert,L0086,A_no_future_use,
b03v2,base,exact_fifo@rho0.5,rep0_base_exact_fifo@rho0.5_b03v2,0,exact_fifo,0.5,131,upsert,L0090,A_no_future_use,
b03v2,base,exact_fifo@rho0.5,rep0_base_exact_fifo@rho0.5_b03v2,0,exact_fifo,0.5,132,upsert,L0068,A_no_future_use,
b03v2,base,exact_fifo@rho0.5,rep0_base_exact_fifo@rho0.5_b03v2,0,exact_fifo,0.5,133,upsert,L0120,A_no_future_use,
b03v2,base,exact_fifo@rho0.5,rep0_base_exact_fifo@rho0.5_b03v2,0,exact_fifo,0.5,134,upsert,L0099,A_no_future_use,
b03v2,base,exact_fifo@rho0.5,rep0_base_exact_fifo@rho0.5_b03v2,0,exact_fifo,0.5,135,upsert,L0067,D_meaningful_value_flip,10.24
b03v2,base,exact_fifo@rho0.5,rep0_base_exact_fifo@rho0.5_b03v2,0,exact_fifo,0.5,136,upsert,L0077,A_no_future_use,
b03v2,base,exact_fifo@rho0.5,rep0_base_exact_fifo@rho0.5_b03v2,0,exact_fifo,0.5,137,upsert,L0069,B_no_decision_flip,0.0
b03v2,base,exact_fifo@rho0.5,rep0_base_exact_fifo@rho0.5_b03v2,0,exact_fifo,0.5,138,upsert,L0098,D_meaningful_value_flip,40.96
b03v2,base,exact_fifo@rho0.5,rep0_base_exact_fifo@rho0.5_b03v2,0,exact_fifo,0.5,139,upsert,L0097,A_no_future_use,
b03v2,base,exact_fifo@rho0.5,rep0_base_exact_fifo@rho0.5_b03v2,0,exact_fifo,0.5,140,upsert,L0094,B_no_decision_flip,0.0
b03v2,base,exact_fifo@rho0.5,rep0_base_exact_fifo@rho0.5_b03v2,0,exact_fifo,0.5,141,upsert,L0071,B_no_decision_flip,10.24
b03v2,base,exact_fifo@rho0.5,rep0_base_exact_fifo@rho0.5_b03v2,0,exact_fifo,0.5,142,upsert,L0126,D_meaningful_value_flip,40.96
b03v2,base,exact_fifo@rho0.5,rep0_base_exact_fifo@rho0.5_b03v2,0,exact_fifo,0.5,143,upsert,L0064,B_no_decision_flip,-10.24
b03v2,base,exact_fifo@rho0.5,rep0_base_exact_fifo@rho0.5_b03v2,0,exact_fifo,0.5,144,upsert,L0065,A_no_future_use,
b03v2,base,exact_fifo@rho0.5,rep0_base_exact_fifo@rho0.5_b03v2,0,exact_fifo,0.5,145,upsert,L0083,A_no_future_use,
b03v2,base,exact_fifo@rho0.5,rep0_base_exact_fifo@rho0.5_b03v2,0,exact_fifo,0.5,146,upsert,L0083,A_no_future_use,
b03v2,base,exact_fifo@rho0.5,rep0_base_exact_fifo@rho0.5_b03v2,0,exact_fifo,0.5,147,upsert,L0068,A_no_future_use,
b03v2,base,exact_fifo@rho0.5,rep0_base_exact_fifo@rho0.5_b03v2,0,exact_fifo,0.5,148,upsert,L0064,B_no_decision_flip,10.24
b03v2,base,exact_fifo@rho0.5,rep0_base_exact_fifo@rho0.5_b03v2,0,exact_fifo,0.5,149,upsert,L0067,C_low_value_flip,2.0
b03v2,base,exact_fifo@rho0.5,rep0_base_exact_fifo@rho0.5_b03v2,0,exact_fifo,0.5,150,upsert,L0080,A_no_future_use,
b03v2,base,exact_fifo@rho0.5,rep0_base_exact_fifo@rho0.5_b03v2,0,exact_fifo,0.5,151,upsert,L0070,E_negative_value_flip,-10.24
b03v2,base,exact_fifo@rho0.5,rep0_base_exact_fifo@rho0.5_b03v2,0,exact_fifo,0.5,152,upsert,L0087,A_no_future_use,
b03v2,base,exact_fifo@rho0.5,rep0_base_exact_fifo@rho0.5_b03v2,0,exact_fifo,0.5,153,upsert,L0085,A_no_future_use,
b03v2,base,exact_fifo@rho0.5,rep0_base_exact_fifo@rho0.5_b03v2,0,exact_fifo,0.5,154,upsert,L0104,A_no_future_use,
b03v2,base,exact_fifo@rho0.5,rep0_base_exact_fifo@rho0.5_b03v2,0,exact_fifo,0.5,155,upsert,L0117,A_no_future_use,
b03v2,base,exact_fifo@rho0.5,rep0_base_exact_fifo@rho0.5_b03v2,0,exact_fifo,0.5,156,upsert,L0067,B_no_decision_flip,0.0
b03v2,base,exact_fifo@rho0.5,rep0_base_exact_fifo@rho0.5_b03v2,0,exact_fifo,0.5,157,upsert,L0125,A_no_future_use,
b03v2,base,exact_fifo@rho0.5,rep0_base_exact_fifo@rho0.5_b03v2,0,exact_fifo,0.5,158,upsert,L0066,B_no_decision_flip,0.0
b03v2,base,exact_fifo@rho0.5,rep0_base_exact_fifo@rho0.5_b03v2,0,exact_fifo,0.5,159,upsert,L0079,B_no_decision_flip,10.24
b03v2,base,exact_fifo@rho0.5,rep0_base_exact_fifo@rho0.5_b03v2,0,exact_fifo,0.5,160,upsert,L0098,B_no_decision_flip,10.24
b03v2,base,exact_fifo@rho0.5,rep0_base_exact_fifo@rho0.5_b03v2,0,exact_fifo,0.5,161,upsert,L0073,A_no_future_use,
b03v2,base,exact_fifo@rho0.5,rep0_base_exact_fifo@rho0.5_b03v2,0,exact_fifo,0.5,162,upsert,L0064,E_negative_value_flip,-20.48
b03v2,base,exact_fifo@rho0.5,rep0_base_exact_fifo@rho0.5_b03v2,0,exact_fifo,0.5,163,upsert,L0071,A_no_future_use,
b03v2,base,exact_fifo@rho0.5,rep0_base_exact_fifo@rho0.5_b03v2,0,exact_fifo,0.5,164,upsert,L0094,A_no_future_use,
b03v2,base,exact_fifo@rho0.5,rep0_base_exact_fifo@rho0.5_b03v2,0,exact_fifo,0.5,165,upsert,L0088,B_no_decision_flip,0.0
b03v2,base,exact_fifo@rho0.5,rep0_base_exact_fifo@rho0.5_b03v2,0,exact_fifo,0.5,166,upsert,L0066,B_no_decision_flip,10.24
b03v2,base,exact_fifo@rho0.5,rep0_base_exact_fifo@rho0.5_b03v2,0,exact_fifo,0.5,167,upsert,L0084,A_no_future_use,
b03v2,base,exact_fifo@rho0.5,rep0_base_exact_fifo@rho0.5_b03v2,0,exact_fifo,0.5,168,upsert,L0076,A_no_future_use,
b03v2,base,exact_fifo@rho0.5,rep0_base_exact_fifo@rho0.5_b03v2,0,exact_fifo,0.5,169,upsert,L0067,B_no_decision_flip,-10.24
b03v2,base,exact_fifo@rho0.5,rep0_base_exact_fifo@rho0.5_b03v2,0,exact_fifo,0.5,170,upsert,L0064,A_no_future_use,
b03v2,base,exact_fifo@rho0.5,rep0_base_exact_fifo@rho0.5_b03v2,0,exact_fifo,0.5,171,upsert,L0103,A_no_future_use,
b03v2,base,exact_fifo@rho0.5,rep0_base_exact_fifo@rho0.5_b03v2,0,exact_fifo,0.5,172,upsert,L0116,A_no_future_use,
b03v2,base,exact_fifo@rho0.5,rep0_base_exact_fifo@rho0.5_b03v2,0,exact_fifo,0.5,173,upsert,L0106,A_no_future_use,
b03v2,base,exact_fifo@rho0.5,rep0_base_exact_fifo@rho0.5_b03v2,0,exact_fifo,0.5,174,upsert,L0122,A_no_future_use,
b03v2,base,exact_fifo@rho0.5,rep0_base_exact_fifo@rho0.5_b03v2,0,exact_fifo,0.5,175,upsert,L0076,A_no_future_use,
b03v2,base,exact_fifo@rho0.5,rep0_base_exact_fifo@rho0.5_b03v2,0,exact_fifo,0.5,176,upsert,L0098,A_no_future_use,
b03v2,base,exact_fifo@rho0.5,rep0_base_exact_fifo@rho0.5_b03v2,0,exact_fifo,0.5,177,upsert,L0079,A_no_future_use,
b03v2,base,exact_fifo@rho0.5,rep0_base_exact_fifo@rho0.5_b03v2,0,exact_fifo,0.5,178,upsert,L0078,A_no_future_use,
b03v2,base,exact_fifo@rho0.5,rep0_base_exact_fifo@rho0.5_b03v2,0,exact_fifo,0.5,179,upsert,L0064,A_no_future_use,
b03v2,base,exact_fifo@rho0.5,rep0_base_exact_fifo@rho0.5_b03v2,0,exact_fifo,0.5,180,upsert,L0067,A_no_future_use,
b03v2,base,exact_fifo@rho0.5,rep0_base_exact_fifo@rho0.5_b03v2,0,exact_fifo,0.5,181,upsert,L0066,A_no_future_use,
b03v2,base,exact_fifo@rho0.5,rep0_base_exact_fifo@rho0.5_b03v2,0,exact_fifo,0.5,182,upsert,L0070,A_no_future_use,
b03v2,base,exact_fifo@rho0.5,rep0_base_exact_fifo@rho0.5_b03v2,0,exact_fifo,0.5,183,upsert,L0064,A_no_future_use,
b03v2,base,exact_fifo@rho0.5,rep0_base_exact_fifo@rho0.5_b03v2,0,exact_fifo,0.5,184,upsert,L0078,A_no_future_use,
b03v2,base,exact_fifo@rho0.5,rep0_base_exact_fifo@rho0.5_b03v2,0,exact_fifo,0.5,185,upsert,L0108,A_no_future_use,
b03v2,base,exact_fifo@rho0.5,rep0_base_exact_fifo@rho0.5_b03v2,0,exact_fifo,0.5,186,upsert,L0126,A_no_future_use,
b03v2,base,exact_fifo@rho0.5,rep0_base_exact_fifo@rho0.5_b03v2,0,exact_fifo,0.5,187,upsert,L0114,A_no_future_use,
b03v2,base,exact_fifo@rho0.5,rep0_base_exact_fifo@rho0.5_b03v2,0,exact_fifo,0.5,188,upsert,L0070,A_no_future_use,
b03v2,base,exact_fifo@rho0.5,rep0_base_exact_fifo@rho0.5_b03v2,0,exact_fifo,0.5,189,upsert,L0088,A_no_future_use,
b03v2,base,exact_fifo@rho0.5,rep0_base_exact_fifo@rho0.5_b03v2,0,exact_fifo,0.5,190,upsert,L0067,A_no_future_use,
b03v2,base,exact_fifo@rho0.5,rep0_base_exact_fifo@rho0.5_b03v2,0,exact_fifo,0.5,191,upsert,L0069,A_no_future_use,
b03v2,base,agg_full@rho0.8,rep0_base_agg_full@rho0.8_b03v2,0,agg_full,0.8,0,upsert,L0040,A_no_future_use,
b03v2,base,agg_full@rho0.8,rep0_base_agg_full@rho0.8_b03v2,0,agg_full,0.8,1,upsert,L0004,B_no_decision_flip,0.0
b03v2,base,agg_full@rho0.8,rep0_base_agg_full@rho0.8_b03v2,0,agg_full,0.8,2,upsert,L0002,B_no_decision_flip,0.0
b03v2,base,agg_full@rho0.8,rep0_base_agg_full@rho0.8_b03v2,0,agg_full,0.8,3,upsert,L0040,A_no_future_use,
b03v2,base,agg_full@rho0.8,rep0_base_agg_full@rho0.8_b03v2,0,agg_full,0.8,4,upsert,L0003,B_no_decision_flip,0.0
b03v2,base,agg_full@rho0.8,rep0_base_agg_full@rho0.8_b03v2,0,agg_full,0.8,5,upsert,L0000,B_no_decision_flip,0.0
b03v2,base,agg_full@rho0.8,rep0_base_agg_full@rho0.8_b03v2,0,agg_full,0.8,6,upsert,L0046,B_no_decision_flip,0.0
b03v2,base,agg_full@rho0.8,rep0_base_agg_full@rho0.8_b03v2,0,agg_full,0.8,7,upsert,L0025,B_no_decision_flip,0.0
b03v2,base,agg_full@rho0.8,rep0_base_agg_full@rho0.8_b03v2,0,agg_full,0.8,8,upsert,L0002,B_no_decision_flip,10.24
b03v2,base,agg_full@rho0.8,rep0_base_agg_full@rho0.8_b03v2,0,agg_full,0.8,9,upsert,L0033,B_no_decision_flip,0.0
b03v2,base,agg_full@rho0.8,rep0_base_agg_full@rho0.8_b03v2,0,agg_full,0.8,10,upsert,L0007,D_meaningful_value_flip,38.96
b03v2,base,agg_full@rho0.8,rep0_base_agg_full@rho0.8_b03v2,0,agg_full,0.8,11,upsert,L0025,C_low_value_flip,2.0
b03v2,base,agg_full@rho0.8,rep0_base_agg_full@rho0.8_b03v2,0,agg_full,0.8,12,upsert,L0029,D_meaningful_value_flip,40.96
b03v2,base,agg_full@rho0.8,rep0_base_agg_full@rho0.8_b03v2,0,agg_full,0.8,13,upsert,L0028,A_no_future_use,
b03v2,base,agg_full@rho0.8,rep0_base_agg_full@rho0.8_b03v2,0,agg_full,0.8,14,upsert,L0044,A_no_future_use,
b03v2,base,agg_full@rho0.8,rep0_base_agg_full@rho0.8_b03v2,0,agg_full,0.8,15,upsert,L0033,D_meaningful_value_flip,8.24
b03v2,base,agg_full@rho0.8,rep0_base_agg_full@rho0.8_b03v2,0,agg_full,0.8,16,upsert,L0019,B_no_decision_flip,0.0
b03v2,base,agg_full@rho0.8,rep0_base_agg_full@rho0.8_b03v2,0,agg_full,0.8,17,upsert,L0000,B_no_decision_flip,10.24
b03v2,base,agg_full@rho0.8,rep0_base_agg_full@rho0.8_b03v2,0,agg_full,0.8,18,upsert,L0012,A_no_future_use,
b03v2,base,agg_full@rho0.8,rep0_base_agg_full@rho0.8_b03v2,0,agg_full,0.8,19,upsert,L0013,D_meaningful_value_flip,40.96
b03v2,base,agg_full@rho0.8,rep0_base_agg_full@rho0.8_b03v2,0,agg_full,0.8,20,upsert,L0041,A_no_future_use,
b03v2,base,agg_full@rho0.8,rep0_base_agg_full@rho0.8_b03v2,0,agg_full,0.8,21,upsert,L0014,B_no_decision_flip,0.0
b03v2,base,agg_full@rho0.8,rep0_base_agg_full@rho0.8_b03v2,0,agg_full,0.8,22,upsert,L0003,B_no_decision_flip,10.24
b03v2,base,agg_full@rho0.8,rep0_base_agg_full@rho0.8_b03v2,0,agg_full,0.8,23,upsert,L0000,B_no_decision_flip,0.0
b03v2,base,agg_full@rho0.8,rep0_base_agg_full@rho0.8_b03v2,0,agg_full,0.8,24,upsert,L0009,A_no_future_use,
b03v2,base,agg_full@rho0.8,rep0_base_agg_full@rho0.8_b03v2,0,agg_full,0.8,25,upsert,L0000,B_no_decision_flip,0.0
b03v2,base,agg_full@rho0.8,rep0_base_agg_full@rho0.8_b03v2,0,agg_full,0.8,26,upsert,L0027,A_no_future_use,
b03v2,base,agg_full@rho0.8,rep0_base_agg_full@rho0.8_b03v2,0,agg_full,0.8,27,upsert,L0015,D_meaningful_value_flip,40.96
b03v2,base,agg_full@rho0.8,rep0_base_agg_full@rho0.8_b03v2,0,agg_full,0.8,28,upsert,L0000,B_no_decision_flip,10.24
b03v2,base,agg_full@rho0.8,rep0_base_agg_full@rho0.8_b03v2,0,agg_full,0.8,29,upsert,L0001,B_no_decision_flip,0.0
b03v2,base,agg_full@rho0.8,rep0_base_agg_full@rho0.8_b03v2,0,agg_full,0.8,30,upsert,L0007,B_no_decision_flip,10.24
b03v2,base,agg_full@rho0.8,rep0_base_agg_full@rho0.8_b03v2,0,agg_full,0.8,31,upsert,L0044,A_no_future_use,
b03v2,base,agg_full@rho0.8,rep0_base_agg_full@rho0.8_b03v2,0,agg_full,0.8,32,upsert,L0002,B_no_decision_flip,0.0
b03v2,base,agg_full@rho0.8,rep0_base_agg_full@rho0.8_b03v2,0,agg_full,0.8,33,upsert,L0008,D_meaningful_value_flip,40.96
b03v2,base,agg_full@rho0.8,rep0_base_agg_full@rho0.8_b03v2,0,agg_full,0.8,34,upsert,L0057,D_meaningful_value_flip,40.96
b03v2,base,agg_full@rho0.8,rep0_base_agg_full@rho0.8_b03v2,0,agg_full,0.8,35,upsert,L0022,D_meaningful_value_flip,40.96
b03v2,base,agg_full@rho0.8,rep0_base_agg_full@rho0.8_b03v2,0,agg_full,0.8,36,upsert,L0001,C_low_value_flip,0.0
b03v2,base,agg_full@rho0.8,rep0_base_agg_full@rho0.8_b03v2,0,agg_full,0.8,37,upsert,L0058,A_no_future_use,
b03v2,base,agg_full@rho0.8,rep0_base_agg_full@rho0.8_b03v2,0,agg_full,0.8,38,upsert,L0000,B_no_decision_flip,0.0
b03v2,base,agg_full@rho0.8,rep0_base_agg_full@rho0.8_b03v2,0,agg_full,0.8,39,upsert,L0010,A_no_future_use,
b03v2,base,agg_full@rho0.8,rep0_base_agg_full@rho0.8_b03v2,0,agg_full,0.8,40,upsert,L0006,A_no_future_use,
b03v2,base,agg_full@rho0.8,rep0_base_agg_full@rho0.8_b03v2,0,agg_full,0.8,41,upsert,L0056,A_no_future_use,
b03v2,base,agg_full@rho0.8,rep0_base_agg_full@rho0.8_b03v2,0,agg_full,0.8,42,upsert,L0021,A_no_future_use,
b03v2,base,agg_full@rho0.8,rep0_base_agg_full@rho0.8_b03v2,0,agg_full,0.8,43,upsert,L0006,A_no_future_use,
b03v2,base,agg_full@rho0.8,rep0_base_agg_full@rho0.8_b03v2,0,agg_full,0.8,44,upsert,L0046,B_no_decision_flip,10.24
b03v2,base,agg_full@rho0.8,rep0_base_agg_full@rho0.8_b03v2,0,agg_full,0.8,45,upsert,L0003,B_no_decision_flip,10.24
b03v2,base,agg_full@rho0.8,rep0_base_agg_full@rho0.8_b03v2,0,agg_full,0.8,47,upsert,L0007,B_no_decision_flip,10.24
b03v2,base,agg_full@rho0.8,rep0_base_agg_full@rho0.8_b03v2,0,agg_full,0.8,48,upsert,L0003,A_no_future_use,
b03v2,base,agg_full@rho0.8,rep0_base_agg_full@rho0.8_b03v2,0,agg_full,0.8,49,upsert,L0014,A_no_future_use,
b03v2,base,agg_full@rho0.8,rep0_base_agg_full@rho0.8_b03v2,0,agg_full,0.8,50,upsert,L0019,A_no_future_use,
b03v2,base,agg_full@rho0.8,rep0_base_agg_full@rho0.8_b03v2,0,agg_full,0.8,51,upsert,L0038,A_no_future_use,
b03v2,base,agg_full@rho0.8,rep0_base_agg_full@rho0.8_b03v2,0,agg_full,0.8,52,upsert,L0035,A_no_future_use,
b03v2,base,agg_full@rho0.8,rep0_base_agg_full@rho0.8_b03v2,0,agg_full,0.8,53,upsert,L0004,A_no_future_use,
b03v2,base,agg_full@rho0.8,rep0_base_agg_full@rho0.8_b03v2,0,agg_full,0.8,54,upsert,L0000,B_no_decision_flip,0.0
b03v2,base,agg_full@rho0.8,rep0_base_agg_full@rho0.8_b03v2,0,agg_full,0.8,55,upsert,L0029,A_no_future_use,
b03v2,base,agg_full@rho0.8,rep0_base_agg_full@rho0.8_b03v2,0,agg_full,0.8,56,upsert,L0005,A_no_future_use,
b03v2,base,agg_full@rho0.8,rep0_base_agg_full@rho0.8_b03v2,0,agg_full,0.8,57,upsert,L0025,A_no_future_use,
b03v2,base,agg_full@rho0.8,rep0_base_agg_full@rho0.8_b03v2,0,agg_full,0.8,58,upsert,L0023,A_no_future_use,
b03v2,base,agg_full@rho0.8,rep0_base_agg_full@rho0.8_b03v2,0,agg_full,0.8,59,upsert,L0020,A_no_future_use,
b03v2,base,agg_full@rho0.8,rep0_base_agg_full@rho0.8_b03v2,0,agg_full,0.8,60,upsert,L0000,B_no_decision_flip,0.0
b03v2,base,agg_full@rho0.8,rep0_base_agg_full@rho0.8_b03v2,0,agg_full,0.8,61,upsert,L0049,A_no_future_use,
b03v2,base,agg_full@rho0.8,rep0_base_agg_full@rho0.8_b03v2,0,agg_full,0.8,62,upsert,L0033,A_no_future_use,
b03v2,base,agg_full@rho0.8,rep0_base_agg_full@rho0.8_b03v2,0,agg_full,0.8,63,upsert,L0013,A_no_future_use,
b03v2,base,agg_full@rho0.8,rep0_base_agg_full@rho0.8_b03v2,0,agg_full,0.8,64,upsert,L0038,A_no_future_use,
b03v2,base,agg_full@rho0.8,rep0_base_agg_full@rho0.8_b03v2,0,agg_full,0.8,65,upsert,L0018,A_no_future_use,
b03v2,base,agg_full@rho0.8,rep0_base_agg_full@rho0.8_b03v2,0,agg_full,0.8,66,upsert,L0007,A_no_future_use,
b03v2,base,agg_full@rho0.8,rep0_base_agg_full@rho0.8_b03v2,0,agg_full,0.8,67,upsert,L0036,A_no_future_use,
b03v2,base,agg_full@rho0.8,rep0_base_agg_full@rho0.8_b03v2,0,agg_full,0.8,68,upsert,L0015,A_no_future_use,
b03v2,base,agg_full@rho0.8,rep0_base_agg_full@rho0.8_b03v2,0,agg_full,0.8,69,upsert,L0008,A_no_future_use,
b03v2,base,agg_full@rho0.8,rep0_base_agg_full@rho0.8_b03v2,0,agg_full,0.8,70,upsert,L0000,A_no_future_use,
b03v2,base,agg_full@rho0.8,rep0_base_agg_full@rho0.8_b03v2,0,agg_full,0.8,71,upsert,L0000,A_no_future_use,
b03v2,base,agg_full@rho0.8,rep0_base_agg_full@rho0.8_b03v2,0,agg_full,0.8,72,upsert,L0008,A_no_future_use,
b03v2,base,agg_full@rho0.8,rep0_base_agg_full@rho0.8_b03v2,0,agg_full,0.8,73,upsert,L0007,A_no_future_use,
b03v2,base,agg_full@rho0.8,rep0_base_agg_full@rho0.8_b03v2,0,agg_full,0.8,74,upsert,L0008,A_no_future_use,
b03v2,base,agg_full@rho0.8,rep0_base_agg_full@rho0.8_b03v2,0,agg_full,0.8,75,upsert,L0001,A_no_future_use,
b03v2,base,agg_full@rho0.8,rep0_base_agg_full@rho0.8_b03v2,0,agg_full,0.8,76,upsert,L0004,A_no_future_use,
b03v2,base,agg_full@rho0.8,rep0_base_agg_full@rho0.8_b03v2,0,agg_full,0.8,77,upsert,L0016,A_no_future_use,
b03v2,base,agg_full@rho0.8,rep0_base_agg_full@rho0.8_b03v2,0,agg_full,0.8,78,upsert,L0042,A_no_future_use,
b03v2,base,agg_full@rho0.8,rep0_base_agg_full@rho0.8_b03v2,0,agg_full,0.8,79,upsert,L0000,A_no_future_use,
b03v2,base,agg_full@rho0.8,rep0_base_agg_full@rho0.8_b03v2,0,agg_full,0.8,80,upsert,L0057,A_no_future_use,
b03v2,base,agg_full@rho0.8,rep0_base_agg_full@rho0.8_b03v2,0,agg_full,0.8,81,upsert,L0003,A_no_future_use,
b03v2,base,agg_full@rho0.8,rep0_base_agg_full@rho0.8_b03v2,0,agg_full,0.8,82,upsert,L0002,A_no_future_use,
b03v2,base,agg_full@rho0.8,rep0_base_agg_full@rho0.8_b03v2,0,agg_full,0.8,83,upsert,L0022,A_no_future_use,
b03v2,base,agg_full@rho0.8,rep0_base_agg_full@rho0.8_b03v2,0,agg_full,0.8,84,upsert,L0020,A_no_future_use,
b03v2,base,agg_full@rho0.8,rep0_base_agg_full@rho0.8_b03v2,0,agg_full,0.8,85,upsert,L0046,A_no_future_use,
b03v2,base,agg_full@rho0.8,rep0_base_agg_full@rho0.8_b03v2,0,agg_full,0.8,86,upsert,L0018,A_no_future_use,
b03v2,base,agg_full@rho0.8,rep0_base_agg_full@rho0.8_b03v2,0,agg_full,0.8,87,upsert,L0059,A_no_future_use,
b03v2,base,agg_full@rho0.8,rep0_base_agg_full@rho0.8_b03v2,0,agg_full,0.8,88,upsert,L0004,A_no_future_use,
b03v2,base,agg_full@rho0.8,rep0_base_agg_full@rho0.8_b03v2,0,agg_full,0.8,89,upsert,L0029,A_no_future_use,
b03v2,base,agg_full@rho0.8,rep0_base_agg_full@rho0.8_b03v2,0,agg_full,0.8,90,upsert,L0048,A_no_future_use,
b03v2,base,agg_full@rho0.8,rep0_base_agg_full@rho0.8_b03v2,0,agg_full,0.8,91,upsert,L0020,A_no_future_use,
b03v2,base,agg_full@rho0.8,rep0_base_agg_full@rho0.8_b03v2,0,agg_full,0.8,92,upsert,L0002,A_no_future_use,
b03v2,base,agg_full@rho0.8,rep0_base_agg_full@rho0.8_b03v2,0,agg_full,0.8,93,upsert,L0000,A_no_future_use,
b03v2,base,agg_full@rho0.8,rep0_base_agg_full@rho0.8_b03v2,0,agg_full,0.8,94,upsert,L0017,A_no_future_use,
b03v2,base,agg_full@rho0.8,rep0_base_agg_full@rho0.8_b03v2,0,agg_full,0.8,95,upsert,L0013,A_no_future_use,
b03v2,base,agg_full@rho0.8,rep0_base_agg_full@rho0.8_b03v2,0,agg_full,0.8,96,upsert,L0106,B_no_decision_flip,0.0
b03v2,base,agg_full@rho0.8,rep0_base_agg_full@rho0.8_b03v2,0,agg_full,0.8,97,upsert,L0113,A_no_future_use,
b03v2,base,agg_full@rho0.8,rep0_base_agg_full@rho0.8_b03v2,0,agg_full,0.8,98,upsert,L0091,A_no_future_use,
b03v2,base,agg_full@rho0.8,rep0_base_agg_full@rho0.8_b03v2,0,agg_full,0.8,99,upsert,L0066,D_meaningful_value_flip,40.96
b03v2,base,agg_full@rho0.8,rep0_base_agg_full@rho0.8_b03v2,0,agg_full,0.8,100,upsert,L0110,A_no_future_use,
b03v2,base,agg_full@rho0.8,rep0_base_agg_full@rho0.8_b03v2,0,agg_full,0.8,101,upsert,L0103,D_meaningful_value_flip,36.96
b03v2,base,agg_full@rho0.8,rep0_base_agg_full@rho0.8_b03v2,0,agg_full,0.8,102,upsert,L0075,A_no_future_use,
b03v2,base,agg_full@rho0.8,rep0_base_agg_full@rho0.8_b03v2,0,agg_full,0.8,103,upsert,L0064,B_no_decision_flip,0.0
b03v2,base,agg_full@rho0.8,rep0_base_agg_full@rho0.8_b03v2,0,agg_full,0.8,104,upsert,L0070,B_no_decision_flip,0.0
b03v2,base,agg_full@rho0.8,rep0_base_agg_full@rho0.8_b03v2,0,agg_full,0.8,105,upsert,L0064,B_no_decision_flip,10.24
b03v2,base,agg_full@rho0.8,rep0_base_agg_full@rho0.8_b03v2,0,agg_full,0.8,106,upsert,L0106,C_low_value_flip,2.0
b03v2,base,agg_full@rho0.8,rep0_base_agg_full@rho0.8_b03v2,0,agg_full,0.8,107,upsert,L0102,A_no_future_use,
b03v2,base,agg_full@rho0.8,rep0_base_agg_full@rho0.8_b03v2,0,agg_full,0.8,108,upsert,L0064,D_meaningful_value_flip,20.48
b03v2,base,agg_full@rho0.8,rep0_base_agg_full@rho0.8_b03v2,0,agg_full,0.8,109,upsert,L0071,A_no_future_use,
b03v2,base,agg_full@rho0.8,rep0_base_agg_full@rho0.8_b03v2,0,agg_full,0.8,110,upsert,L0071,A_no_future_use,
b03v2,base,agg_full@rho0.8,rep0_base_agg_full@rho0.8_b03v2,0,agg_full,0.8,111,upsert,L0073,A_no_future_use,
b03v2,base,agg_full@rho0.8,rep0_base_agg_full@rho0.8_b03v2,0,agg_full,0.8,112,upsert,L0093,A_no_future_use,
b03v2,base,agg_full@rho0.8,rep0_base_agg_full@rho0.8_b03v2,0,agg_full,0.8,113,upsert,L0124,A_no_future_use,
b03v2,base,agg_full@rho0.8,rep0_base_agg_full@rho0.8_b03v2,0,agg_full,0.8,114,upsert,L0082,A_no_future_use,
b03v2,base,agg_full@rho0.8,rep0_base_agg_full@rho0.8_b03v2,0,agg_full,0.8,115,upsert,L0070,C_low_value_flip,0.0
b03v2,base,agg_full@rho0.8,rep0_base_agg_full@rho0.8_b03v2,0,agg_full,0.8,116,upsert,L0081,A_no_future_use,
b03v2,base,agg_full@rho0.8,rep0_base_agg_full@rho0.8_b03v2,0,agg_full,0.8,117,upsert,L0120,A_no_future_use,
b03v2,base,agg_full@rho0.8,rep0_base_agg_full@rho0.8_b03v2,0,agg_full,0.8,118,upsert,L0089,A_no_future_use,
b03v2,base,agg_full@rho0.8,rep0_base_agg_full@rho0.8_b03v2,0,agg_full,0.8,119,upsert,L0077,A_no_future_use,
b03v2,base,agg_full@rho0.8,rep0_base_agg_full@rho0.8_b03v2,0,agg_full,0.8,120,upsert,L0123,A_no_future_use,
b03v2,base,agg_full@rho0.8,rep0_base_agg_full@rho0.8_b03v2,0,agg_full,0.8,121,upsert,L0082,A_no_future_use,
b03v2,base,agg_full@rho0.8,rep0_base_agg_full@rho0.8_b03v2,0,agg_full,0.8,122,upsert,L0064,B_no_decision_flip,0.0
b03v2,base,agg_full@rho0.8,rep0_base_agg_full@rho0.8_b03v2,0,agg_full,0.8,123,upsert,L0067,D_meaningful_value_flip,38.96
b03v2,base,agg_full@rho0.8,rep0_base_agg_full@rho0.8_b03v2,0,agg_full,0.8,124,upsert,L0089,A_no_future_use,
b03v2,base,agg_full@rho0.8,rep0_base_agg_full@rho0.8_b03v2,0,agg_full,0.8,125,upsert,L0084,A_no_future_use,
b03v2,base,agg_full@rho0.8,rep0_base_agg_full@rho0.8_b03v2,0,agg_full,0.8,127,upsert,L0075,A_no_future_use,
b03v2,base,agg_full@rho0.8,rep0_base_agg_full@rho0.8_b03v2,0,agg_full,0.8,128,upsert,L0096,A_no_future_use,
b03v2,base,agg_full@rho0.8,rep0_base_agg_full@rho0.8_b03v2,0,agg_full,0.8,129,upsert,L0079,A_no_future_use,
b03v2,base,agg_full@rho0.8,rep0_base_agg_full@rho0.8_b03v2,0,agg_full,0.8,130,upsert,L0086,A_no_future_use,
b03v2,base,agg_full@rho0.8,rep0_base_agg_full@rho0.8_b03v2,0,agg_full,0.8,131,upsert,L0090,A_no_future_use,
b03v2,base,agg_full@rho0.8,rep0_base_agg_full@rho0.8_b03v2,0,agg_full,0.8,132,upsert,L0068,A_no_future_use,
b03v2,base,agg_full@rho0.8,rep0_base_agg_full@rho0.8_b03v2,0,agg_full,0.8,133,upsert,L0120,A_no_future_use,
b03v2,base,agg_full@rho0.8,rep0_base_agg_full@rho0.8_b03v2,0,agg_full,0.8,134,upsert,L0099,A_no_future_use,
b03v2,base,agg_full@rho0.8,rep0_base_agg_full@rho0.8_b03v2,0,agg_full,0.8,135,upsert,L0067,B_no_decision_flip,0.0
b03v2,base,agg_full@rho0.8,rep0_base_agg_full@rho0.8_b03v2,0,agg_full,0.8,136,upsert,L0077,A_no_future_use,
b03v2,base,agg_full@rho0.8,rep0_base_agg_full@rho0.8_b03v2,0,agg_full,0.8,137,upsert,L0069,D_meaningful_value_flip,38.96
b03v2,base,agg_full@rho0.8,rep0_base_agg_full@rho0.8_b03v2,0,agg_full,0.8,138,upsert,L0098,A_no_future_use,
b03v2,base,agg_full@rho0.8,rep0_base_agg_full@rho0.8_b03v2,0,agg_full,0.8,139,upsert,L0097,A_no_future_use,
b03v2,base,exact_fifo@rho1.2,rep1_base_exact_fifo@rho1.2_b03v2,1,exact_fifo,1.2,0,upsert,L0060,A_no_future_use,
b03v2,base,exact_fifo@rho1.2,rep1_base_exact_fifo@rho1.2_b03v2,1,exact_fifo,1.2,1,upsert,L0032,A_no_future_use,
b03v2,base,exact_fifo@rho1.2,rep1_base_exact_fifo@rho1.2_b03v2,1,exact_fifo,1.2,2,upsert,L0027,A_no_future_use,
b03v2,base,exact_fifo@rho1.2,rep1_base_exact_fifo@rho1.2_b03v2,1,exact_fifo,1.2,3,upsert,L0048,A_no_future_use,
b03v2,base,exact_fifo@rho1.2,rep1_base_exact_fifo@rho1.2_b03v2,1,exact_fifo,1.2,4,upsert,L0010,A_no_future_use,
b03v2,base,exact_fifo@rho1.2,rep1_base_exact_fifo@rho1.2_b03v2,1,exact_fifo,1.2,5,upsert,L0019,A_no_future_use,
b03v2,base,exact_fifo@rho1.2,rep1_base_exact_fifo@rho1.2_b03v2,1,exact_fifo,1.2,6,upsert,L0055,A_no_future_use,
b03v2,base,exact_fifo@rho1.2,rep1_base_exact_fifo@rho1.2_b03v2,1,exact_fifo,1.2,7,upsert,L0039,A_no_future_use,
b03v2,base,exact_fifo@rho1.2,rep1_base_exact_fifo@rho1.2_b03v2,1,exact_fifo,1.2,8,upsert,L0013,A_no_future_use,
b03v2,base,exact_fifo@rho1.2,rep1_base_exact_fifo@rho1.2_b03v2,1,exact_fifo,1.2,9,upsert,L0000,A_no_future_use,
b03v2,base,exact_fifo@rho1.2,rep1_base_exact_fifo@rho1.2_b03v2,1,exact_fifo,1.2,10,upsert,L0017,A_no_future_use,
b03v2,base,exact_fifo@rho1.2,rep1_base_exact_fifo@rho1.2_b03v2,1,exact_fifo,1.2,11,upsert,L0002,A_no_future_use,
b03v2,base,exact_fifo@rho1.2,rep1_base_exact_fifo@rho1.2_b03v2,1,exact_fifo,1.2,12,upsert,L0000,A_no_future_use,
b03v2,base,exact_fifo@rho1.2,rep1_base_exact_fifo@rho1.2_b03v2,1,exact_fifo,1.2,13,upsert,L0000,A_no_future_use,
b03v2,base,exact_fifo@rho1.2,rep1_base_exact_fifo@rho1.2_b03v2,1,exact_fifo,1.2,14,upsert,L0002,A_no_future_use,
b03v2,base,exact_fifo@rho1.2,rep1_base_exact_fifo@rho1.2_b03v2,1,exact_fifo,1.2,15,upsert,L0051,A_no_future_use,
b03v2,base,exact_fifo@rho1.2,rep1_base_exact_fifo@rho1.2_b03v2,1,exact_fifo,1.2,16,upsert,L0055,A_no_future_use,
b03v2,base,exact_fifo@rho1.2,rep1_base_exact_fifo@rho1.2_b03v2,1,exact_fifo,1.2,17,upsert,L0055,A_no_future_use,
b03v2,base,exact_fifo@rho1.2,rep1_base_exact_fifo@rho1.2_b03v2,1,exact_fifo,1.2,18,upsert,L0004,A_no_future_use,
b03v2,base,exact_fifo@rho1.2,rep1_base_exact_fifo@rho1.2_b03v2,1,exact_fifo,1.2,19,upsert,L0025,A_no_future_use,
b03v2,base,exact_fifo@rho1.2,rep1_base_exact_fifo@rho1.2_b03v2,1,exact_fifo,1.2,20,upsert,L0000,A_no_future_use,
b03v2,base,exact_fifo@rho1.2,rep1_base_exact_fifo@rho1.2_b03v2,1,exact_fifo,1.2,21,upsert,L0006,A_no_future_use,
b03v2,base,exact_fifo@rho1.2,rep1_base_exact_fifo@rho1.2_b03v2,1,exact_fifo,1.2,22,upsert,L0039,A_no_future_use,
b03v2,base,exact_fifo@rho1.2,rep1_base_exact_fifo@rho1.2_b03v2,1,exact_fifo,1.2,23,upsert,L0000,A_no_future_use,
b03v2,base,exact_fifo@rho1.2,rep1_base_exact_fifo@rho1.2_b03v2,1,exact_fifo,1.2,24,upsert,L0047,A_no_future_use,
b03v2,base,exact_fifo@rho1.2,rep1_base_exact_fifo@rho1.2_b03v2,1,exact_fifo,1.2,25,upsert,L0002,A_no_future_use,
b03v2,base,exact_fifo@rho1.2,rep1_base_exact_fifo@rho1.2_b03v2,1,exact_fifo,1.2,26,upsert,L0003,A_no_future_use,
b03v2,base,exact_fifo@rho1.2,rep1_base_exact_fifo@rho1.2_b03v2,1,exact_fifo,1.2,27,upsert,L0022,A_no_future_use,
b03v2,base,exact_fifo@rho1.2,rep1_base_exact_fifo@rho1.2_b03v2,1,exact_fifo,1.2,28,upsert,L0042,A_no_future_use,
b03v2,base,exact_fifo@rho1.2,rep1_base_exact_fifo@rho1.2_b03v2,1,exact_fifo,1.2,29,upsert,L0008,A_no_future_use,
b03v2,base,exact_fifo@rho1.2,rep1_base_exact_fifo@rho1.2_b03v2,1,exact_fifo,1.2,30,upsert,L0062,A_no_future_use,
b03v2,base,exact_fifo@rho1.2,rep1_base_exact_fifo@rho1.2_b03v2,1,exact_fifo,1.2,31,upsert,L0021,A_no_future_use,
b03v2,base,exact_fifo@rho1.2,rep1_base_exact_fifo@rho1.2_b03v2,1,exact_fifo,1.2,32,upsert,L0006,A_no_future_use,
b03v2,base,exact_fifo@rho1.2,rep1_base_exact_fifo@rho1.2_b03v2,1,exact_fifo,1.2,33,upsert,L0011,A_no_future_use,
b03v2,base,exact_fifo@rho1.2,rep1_base_exact_fifo@rho1.2_b03v2,1,exact_fifo,1.2,34,upsert,L0002,A_no_future_use,
b03v2,base,exact_fifo@rho1.2,rep1_base_exact_fifo@rho1.2_b03v2,1,exact_fifo,1.2,35,upsert,L0011,A_no_future_use,
b03v2,base,exact_fifo@rho1.2,rep1_base_exact_fifo@rho1.2_b03v2,1,exact_fifo,1.2,36,upsert,L0002,A_no_future_use,
b03v2,base,exact_fifo@rho1.2,rep1_base_exact_fifo@rho1.2_b03v2,1,exact_fifo,1.2,37,upsert,L0015,A_no_future_use,
b03v2,base,exact_fifo@rho1.2,rep1_base_exact_fifo@rho1.2_b03v2,1,exact_fifo,1.2,38,upsert,L0046,A_no_future_use,
b03v2,base,exact_fifo@rho1.2,rep1_base_exact_fifo@rho1.2_b03v2,1,exact_fifo,1.2,39,upsert,L0043,A_no_future_use,
b03v2,base,exact_fifo@rho1.2,rep1_base_exact_fifo@rho1.2_b03v2,1,exact_fifo,1.2,40,upsert,L0053,A_no_future_use,
b03v2,base,exact_fifo@rho1.2,rep1_base_exact_fifo@rho1.2_b03v2,1,exact_fifo,1.2,41,upsert,L0027,A_no_future_use,
b03v2,base,exact_fifo@rho1.2,rep1_base_exact_fifo@rho1.2_b03v2,1,exact_fifo,1.2,42,upsert,L0041,A_no_future_use,
b03v2,base,exact_fifo@rho1.2,rep1_base_exact_fifo@rho1.2_b03v2,1,exact_fifo,1.2,43,upsert,L0005,A_no_future_use,
b03v2,base,exact_fifo@rho1.2,rep1_base_exact_fifo@rho1.2_b03v2,1,exact_fifo,1.2,44,upsert,L0001,A_no_future_use,
b03v2,base,exact_fifo@rho1.2,rep1_base_exact_fifo@rho1.2_b03v2,1,exact_fifo,1.2,45,upsert,L0056,A_no_future_use,
b03v2,base,exact_fifo@rho1.2,rep1_base_exact_fifo@rho1.2_b03v2,1,exact_fifo,1.2,46,upsert,L0000,A_no_future_use,
b03v2,base,exact_fifo@rho1.2,rep1_base_exact_fifo@rho1.2_b03v2,1,exact_fifo,1.2,47,upsert,L0009,A_no_future_use,
b03v2,base,exact_fifo@rho1.2,rep1_base_exact_fifo@rho1.2_b03v2,1,exact_fifo,1.2,48,upsert,L0048,A_no_future_use,
b03v2,base,exact_fifo@rho1.2,rep1_base_exact_fifo@rho1.2_b03v2,1,exact_fifo,1.2,49,upsert,L0017,A_no_future_use,
b03v2,base,exact_fifo@rho1.2,rep1_base_exact_fifo@rho1.2_b03v2,1,exact_fifo,1.2,50,upsert,L0008,A_no_future_use,
b03v2,base,exact_fifo@rho1.2,rep1_base_exact_fifo@rho1.2_b03v2,1,exact_fifo,1.2,51,upsert,L0003,A_no_future_use,
b03v2,base,exact_fifo@rho1.2,rep1_base_exact_fifo@rho1.2_b03v2,1,exact_fifo,1.2,52,upsert,L0007,A_no_future_use,
b03v2,base,exact_fifo@rho1.2,rep1_base_exact_fifo@rho1.2_b03v2,1,exact_fifo,1.2,53,upsert,L0048,A_no_future_use,
b03v2,base,exact_fifo@rho1.2,rep1_base_exact_fifo@rho1.2_b03v2,1,exact_fifo,1.2,54,upsert,L0006,A_no_future_use,
b03v2,base,exact_fifo@rho1.2,rep1_base_exact_fifo@rho1.2_b03v2,1,exact_fifo,1.2,55,upsert,L0038,A_no_future_use,
b03v2,base,agg_static@rho0.5,rep1_base_agg_static@rho0.5_b03v2,1,agg_static,0.5,0,upsert,L0060,A_no_future_use,
b03v2,base,agg_static@rho0.5,rep1_base_agg_static@rho0.5_b03v2,1,agg_static,0.5,1,upsert,L0032,D_meaningful_value_flip,38.96
b03v2,base,agg_static@rho0.5,rep1_base_agg_static@rho0.5_b03v2,1,agg_static,0.5,2,upsert,L0027,D_meaningful_value_flip,40.96
b03v2,base,agg_static@rho0.5,rep1_base_agg_static@rho0.5_b03v2,1,agg_static,0.5,3,upsert,L0048,D_meaningful_value_flip,40.96
b03v2,base,agg_static@rho0.5,rep1_base_agg_static@rho0.5_b03v2,1,agg_static,0.5,4,upsert,L0010,B_no_decision_flip,0.0
b03v2,base,agg_static@rho0.5,rep1_base_agg_static@rho0.5_b03v2,1,agg_static,0.5,5,upsert,L0019,A_no_future_use,
b03v2,base,agg_static@rho0.5,rep1_base_agg_static@rho0.5_b03v2,1,agg_static,0.5,6,upsert,L0055,B_no_decision_flip,0.0
b03v2,base,agg_static@rho0.5,rep1_base_agg_static@rho0.5_b03v2,1,agg_static,0.5,7,upsert,L0039,A_no_future_use,
b03v2,base,agg_static@rho0.5,rep1_base_agg_static@rho0.5_b03v2,1,agg_static,0.5,8,upsert,L0013,A_no_future_use,
b03v2,base,agg_static@rho0.5,rep1_base_agg_static@rho0.5_b03v2,1,agg_static,0.5,9,upsert,L0000,D_meaningful_value_flip,38.96
b03v2,base,agg_static@rho0.5,rep1_base_agg_static@rho0.5_b03v2,1,agg_static,0.5,10,upsert,L0017,D_meaningful_value_flip,40.96
b03v2,base,agg_static@rho0.5,rep1_base_agg_static@rho0.5_b03v2,1,agg_static,0.5,11,upsert,L0002,B_no_decision_flip,0.0
b03v2,base,agg_static@rho0.5,rep1_base_agg_static@rho0.5_b03v2,1,agg_static,0.5,12,upsert,L0000,D_meaningful_value_flip,12.24
b03v2,base,agg_static@rho0.5,rep1_base_agg_static@rho0.5_b03v2,1,agg_static,0.5,14,upsert,L0002,C_low_value_flip,0.0
b03v2,base,agg_static@rho0.5,rep1_base_agg_static@rho0.5_b03v2,1,agg_static,0.5,15,upsert,L0051,A_no_future_use,
b03v2,base,agg_static@rho0.5,rep1_base_agg_static@rho0.5_b03v2,1,agg_static,0.5,16,upsert,L0055,C_low_value_flip,2.0
b03v2,base,agg_static@rho0.5,rep1_base_agg_static@rho0.5_b03v2,1,agg_static,0.5,18,upsert,L0004,B_no_decision_flip,0.0
b03v2,base,agg_static@rho0.5,rep1_base_agg_static@rho0.5_b03v2,1,agg_static,0.5,19,upsert,L0025,A_no_future_use,
b03v2,base,agg_static@rho0.5,rep1_base_agg_static@rho0.5_b03v2,1,agg_static,0.5,20,upsert,L0000,E_negative_value_flip,-8.24
b03v2,base,agg_static@rho0.5,rep1_base_agg_static@rho0.5_b03v2,1,agg_static,0.5,21,upsert,L0006,A_no_future_use,
b03v2,base,agg_static@rho0.5,rep1_base_agg_static@rho0.5_b03v2,1,agg_static,0.5,22,upsert,L0039,A_no_future_use,
b03v2,base,agg_static@rho0.5,rep1_base_agg_static@rho0.5_b03v2,1,agg_static,0.5,24,upsert,L0047,A_no_future_use,
b03v2,base,agg_static@rho0.5,rep1_base_agg_static@rho0.5_b03v2,1,agg_static,0.5,26,upsert,L0003,D_meaningful_value_flip,38.96
b03v2,base,agg_static@rho0.5,rep1_base_agg_static@rho0.5_b03v2,1,agg_static,0.5,27,upsert,L0022,D_meaningful_value_flip,40.96
b03v2,base,agg_static@rho0.5,rep1_base_agg_static@rho0.5_b03v2,1,agg_static,0.5,28,upsert,L0042,A_no_future_use,
b03v2,base,agg_static@rho0.5,rep1_base_agg_static@rho0.5_b03v2,1,agg_static,0.5,29,upsert,L0008,D_meaningful_value_flip,40.96
b03v2,base,agg_static@rho0.5,rep1_base_agg_static@rho0.5_b03v2,1,agg_static,0.5,30,upsert,L0062,A_no_future_use,
b03v2,base,agg_static@rho0.5,rep1_base_agg_static@rho0.5_b03v2,1,agg_static,0.5,31,upsert,L0021,D_meaningful_value_flip,40.96
b03v2,base,agg_static@rho0.5,rep1_base_agg_static@rho0.5_b03v2,1,agg_static,0.5,32,upsert,L0006,A_no_future_use,
b03v2,base,agg_static@rho0.5,rep1_base_agg_static@rho0.5_b03v2,1,agg_static,0.5,33,upsert,L0011,A_no_future_use,
b03v2,base,agg_static@rho0.5,rep1_base_agg_static@rho0.5_b03v2,1,agg_static,0.5,35,upsert,L0011,A_no_future_use,
b03v2,base,agg_static@rho0.5,rep1_base_agg_static@rho0.5_b03v2,1,agg_static,0.5,37,upsert,L0015,B_no_decision_flip,0.0
b03v2,base,agg_static@rho0.5,rep1_base_agg_static@rho0.5_b03v2,1,agg_static,0.5,38,upsert,L0046,A_no_future_use,
b03v2,base,agg_static@rho0.5,rep1_base_agg_static@rho0.5_b03v2,1,agg_static,0.5,39,upsert,L0043,A_no_future_use,
b03v2,base,agg_static@rho0.5,rep1_base_agg_static@rho0.5_b03v2,1,agg_static,0.5,40,upsert,L0053,A_no_future_use,
b03v2,base,agg_static@rho0.5,rep1_base_agg_static@rho0.5_b03v2,1,agg_static,0.5,41,upsert,L0027,A_no_future_use,
b03v2,base,agg_static@rho0.5,rep1_base_agg_static@rho0.5_b03v2,1,agg_static,0.5,42,upsert,L0041,A_no_future_use,
b03v2,base,agg_static@rho0.5,rep1_base_agg_static@rho0.5_b03v2,1,agg_static,0.5,43,upsert,L0005,A_no_future_use,
b03v2,base,agg_static@rho0.5,rep1_base_agg_static@rho0.5_b03v2,1,agg_static,0.5,44,upsert,L0001,D_meaningful_value_flip,36.96
b03v2,base,agg_static@rho0.5,rep1_base_agg_static@rho0.5_b03v2,1,agg_static,0.5,45,upsert,L0056,A_no_future_use,
b03v2,base,agg_static@rho0.5,rep1_base_agg_static@rho0.5_b03v2,1,agg_static,0.5,46,upsert,L0000,D_meaningful_value_flip,20.48
b03v2,base,agg_static@rho0.5,rep1_base_agg_static@rho0.5_b03v2,1,agg_static,0.5,47,upsert,L0009,A_no_future_use,
b03v2,base,agg_static@rho0.5,rep1_base_agg_static@rho0.5_b03v2,1,agg_static,0.5,48,upsert,L0048,A_no_future_use,
b03v2,base,agg_static@rho0.5,rep1_base_agg_static@rho0.5_b03v2,1,agg_static,0.5,49,upsert,L0017,A_no_future_use,
b03v2,base,agg_static@rho0.5,rep1_base_agg_static@rho0.5_b03v2,1,agg_static,0.5,50,upsert,L0008,A_no_future_use,
b03v2,base,agg_static@rho0.5,rep1_base_agg_static@rho0.5_b03v2,1,agg_static,0.5,51,upsert,L0003,A_no_future_use,
b03v2,base,agg_static@rho0.5,rep1_base_agg_static@rho0.5_b03v2,1,agg_static,0.5,52,upsert,L0007,A_no_future_use,
b03v2,base,agg_static@rho0.5,rep1_base_agg_static@rho0.5_b03v2,1,agg_static,0.5,53,upsert,L0048,A_no_future_use,
b03v2,base,agg_static@rho0.5,rep1_base_agg_static@rho0.5_b03v2,1,agg_static,0.5,55,upsert,L0038,A_no_future_use,
b03v2,base,agg_static@rho0.5,rep1_base_agg_static@rho0.5_b03v2,1,agg_static,0.5,56,upsert,L0003,A_no_future_use,
b03v2,base,agg_static@rho0.5,rep1_base_agg_static@rho0.5_b03v2,1,agg_static,0.5,57,upsert,L0000,A_no_future_use,
b03v2,base,agg_static@rho0.5,rep1_base_agg_static@rho0.5_b03v2,1,agg_static,0.5,58,upsert,L0059,A_no_future_use,
b03v2,base,agg_static@rho0.5,rep1_base_agg_static@rho0.5_b03v2,1,agg_static,0.5,59,upsert,L0030,A_no_future_use,
b03v2,base,agg_static@rho0.5,rep1_base_agg_static@rho0.5_b03v2,1,agg_static,0.5,60,upsert,L0062,A_no_future_use,
b03v2,base,agg_static@rho0.5,rep1_base_agg_static@rho0.5_b03v2,1,agg_static,0.5,61,upsert,L0002,A_no_future_use,
b03v2,base,agg_static@rho0.5,rep1_base_agg_static@rho0.5_b03v2,1,agg_static,0.5,62,upsert,L0002,A_no_future_use,
b03v2,base,agg_static@rho0.5,rep1_base_agg_static@rho0.5_b03v2,1,agg_static,0.5,63,upsert,L0036,A_no_future_use,
b03v2,base,agg_static@rho0.5,rep1_base_agg_static@rho0.5_b03v2,1,agg_static,0.5,64,upsert,L0001,A_no_future_use,
b03v2,base,agg_static@rho0.5,rep1_base_agg_static@rho0.5_b03v2,1,agg_static,0.5,65,upsert,L0000,A_no_future_use,
b03v2,base,agg_static@rho0.5,rep1_base_agg_static@rho0.5_b03v2,1,agg_static,0.5,66,upsert,L0003,A_no_future_use,
b03v2,base,agg_static@rho0.5,rep1_base_agg_static@rho0.5_b03v2,1,agg_static,0.5,67,upsert,L0023,A_no_future_use,
b03v2,base,agg_static@rho0.5,rep1_base_agg_static@rho0.5_b03v2,1,agg_static,0.5,68,upsert,L0000,A_no_future_use,
b03v2,base,agg_static@rho0.5,rep1_base_agg_static@rho0.5_b03v2,1,agg_static,0.5,69,upsert,L0021,A_no_future_use,
b03v2,base,agg_static@rho0.5,rep1_base_agg_static@rho0.5_b03v2,1,agg_static,0.5,70,upsert,L0032,A_no_future_use,
b03v2,base,agg_static@rho0.5,rep1_base_agg_static@rho0.5_b03v2,1,agg_static,0.5,71,upsert,L0055,A_no_future_use,
b03v2,base,agg_static@rho0.5,rep1_base_agg_static@rho0.5_b03v2,1,agg_static,0.5,72,upsert,L0015,A_no_future_use,
b03v2,base,agg_static@rho0.5,rep1_base_agg_static@rho0.5_b03v2,1,agg_static,0.5,73,upsert,L0008,A_no_future_use,
b03v2,base,agg_static@rho0.5,rep1_base_agg_static@rho0.5_b03v2,1,agg_static,0.5,74,upsert,L0030,A_no_future_use,
b03v2,base,agg_static@rho0.5,rep1_base_agg_static@rho0.5_b03v2,1,agg_static,0.5,75,upsert,L0004,A_no_future_use,
b03v2,base,agg_static@rho0.5,rep1_base_agg_static@rho0.5_b03v2,1,agg_static,0.5,76,upsert,L0035,A_no_future_use,
b03v2,base,agg_static@rho0.5,rep1_base_agg_static@rho0.5_b03v2,1,agg_static,0.5,77,upsert,L0022,A_no_future_use,
b03v2,base,agg_static@rho0.5,rep1_base_agg_static@rho0.5_b03v2,1,agg_static,0.5,78,upsert,L0003,A_no_future_use,
b03v2,base,agg_static@rho0.5,rep1_base_agg_static@rho0.5_b03v2,1,agg_static,0.5,79,upsert,L0005,A_no_future_use,
b03v2,base,agg_static@rho0.5,rep1_base_agg_static@rho0.5_b03v2,1,agg_static,0.5,80,upsert,L0053,A_no_future_use,
b03v2,base,agg_static@rho0.5,rep1_base_agg_static@rho0.5_b03v2,1,agg_static,0.5,81,upsert,L0000,A_no_future_use,
b03v2,base,agg_static@rho0.5,rep1_base_agg_static@rho0.5_b03v2,1,agg_static,0.5,82,upsert,L0010,A_no_future_use,
b03v2,base,agg_static@rho0.5,rep1_base_agg_static@rho0.5_b03v2,1,agg_static,0.5,83,upsert,L0008,A_no_future_use,
b03v2,base,agg_static@rho0.5,rep1_base_agg_static@rho0.5_b03v2,1,agg_static,0.5,84,upsert,L0033,A_no_future_use,
b03v2,base,agg_static@rho0.5,rep1_base_agg_static@rho0.5_b03v2,1,agg_static,0.5,85,upsert,L0012,A_no_future_use,
b03v2,base,agg_static@rho0.5,rep1_base_agg_static@rho0.5_b03v2,1,agg_static,0.5,86,upsert,L0008,A_no_future_use,
b03v2,base,agg_static@rho0.5,rep1_base_agg_static@rho0.5_b03v2,1,agg_static,0.5,87,upsert,L0029,A_no_future_use,
b03v2,base,agg_static@rho0.5,rep1_base_agg_static@rho0.5_b03v2,1,agg_static,0.5,88,upsert,L0057,A_no_future_use,
b03v2,base,agg_static@rho0.5,rep1_base_agg_static@rho0.5_b03v2,1,agg_static,0.5,89,upsert,L0004,A_no_future_use,
b03v2,base,agg_static@rho0.5,rep1_base_agg_static@rho0.5_b03v2,1,agg_static,0.5,90,upsert,L0003,A_no_future_use,
b03v2,base,agg_static@rho0.5,rep1_base_agg_static@rho0.5_b03v2,1,agg_static,0.5,91,upsert,L0001,A_no_future_use,
b03v2,base,agg_static@rho0.5,rep1_base_agg_static@rho0.5_b03v2,1,agg_static,0.5,92,upsert,L0029,A_no_future_use,
b03v2,base,agg_static@rho0.5,rep1_base_agg_static@rho0.5_b03v2,1,agg_static,0.5,93,upsert,L0020,A_no_future_use,
b03v2,base,agg_static@rho0.5,rep1_base_agg_static@rho0.5_b03v2,1,agg_static,0.5,94,upsert,L0000,A_no_future_use,
b03v2,base,agg_static@rho0.5,rep1_base_agg_static@rho0.5_b03v2,1,agg_static,0.5,95,upsert,L0038,A_no_future_use,
b03v2,base,agg_static@rho0.5,rep1_base_agg_static@rho0.5_b03v2,1,agg_static,0.5,96,upsert,L0076,B_no_decision_flip,0.0
b03v2,base,agg_static@rho0.5,rep1_base_agg_static@rho0.5_b03v2,1,agg_static,0.5,97,upsert,L0074,D_meaningful_value_flip,40.96
b03v2,base,agg_static@rho0.5,rep1_base_agg_static@rho0.5_b03v2,1,agg_static,0.5,98,upsert,L0076,D_meaningful_value_flip,10.24
b03v2,base,agg_static@rho0.5,rep1_base_agg_static@rho0.5_b03v2,1,agg_static,0.5,99,upsert,L0098,A_no_future_use,
b03v2,base,agg_static@rho0.5,rep1_base_agg_static@rho0.5_b03v2,1,agg_static,0.5,100,upsert,L0116,A_no_future_use,
b03v2,base,agg_static@rho0.5,rep1_base_agg_static@rho0.5_b03v2,1,agg_static,0.5,101,upsert,L0070,D_meaningful_value_flip,38.96
b03v2,base,agg_static@rho0.5,rep1_base_agg_static@rho0.5_b03v2,1,agg_static,0.5,102,upsert,L0066,A_no_future_use,
b03v2,base,agg_static@rho0.5,rep1_base_agg_static@rho0.5_b03v2,1,agg_static,0.5,103,upsert,L0084,B_no_decision_flip,0.0
b03v2,base,agg_static@rho0.5,rep1_base_agg_static@rho0.5_b03v2,1,agg_static,0.5,104,upsert,L0069,B_no_decision_flip,0.0
b03v2,base,agg_static@rho0.5,rep1_base_agg_static@rho0.5_b03v2,1,agg_static,0.5,105,upsert,L0095,A_no_future_use,
b03v2,base,agg_static@rho0.5,rep1_base_agg_static@rho0.5_b03v2,1,agg_static,0.5,106,upsert,L0065,D_meaningful_value_flip,40.96
b03v2,base,agg_static@rho0.5,rep1_base_agg_static@rho0.5_b03v2,1,agg_static,0.5,107,upsert,L0071,B_no_decision_flip,0.0
b03v2,base,agg_static@rho0.5,rep1_base_agg_static@rho0.5_b03v2,1,agg_static,0.5,108,upsert,L0104,A_no_future_use,
b03v2,base,agg_static@rho0.5,rep1_base_agg_static@rho0.5_b03v2,1,agg_static,0.5,109,upsert,L0084,D_meaningful_value_flip,8.24
b03v2,base,agg_static@rho0.5,rep1_base_agg_static@rho0.5_b03v2,1,agg_static,0.5,110,upsert,L0083,B_no_decision_flip,0.0
b03v2,base,agg_static@rho0.5,rep1_base_agg_static@rho0.5_b03v2,1,agg_static,0.5,111,upsert,L0103,A_no_future_use,
b03v2,base,agg_static@rho0.5,rep1_base_agg_static@rho0.5_b03v2,1,agg_static,0.5,112,upsert,L0110,A_no_future_use,
b03v2,base,agg_static@rho0.5,rep1_base_agg_static@rho0.5_b03v2,1,agg_static,0.5,113,upsert,L0116,A_no_future_use,
b03v2,base,agg_static@rho0.5,rep1_base_agg_static@rho0.5_b03v2,1,agg_static,0.5,114,upsert,L0098,A_no_future_use,
b03v2,base,agg_static@rho0.5,rep1_base_agg_static@rho0.5_b03v2,1,agg_static,0.5,115,upsert,L0066,A_no_future_use,
b03v2,base,agg_static@rho0.5,rep1_base_agg_static@rho0.5_b03v2,1,agg_static,0.5,116,upsert,L0064,B_no_decision_flip,0.0
b03v2,base,agg_static@rho0.5,rep1_base_agg_static@rho0.5_b03v2,1,agg_static,0.5,117,upsert,L0080,A_no_future_use,
b03v2,base,agg_static@rho0.5,rep1_base_agg_static@rho0.5_b03v2,1,agg_static,0.5,118,upsert,L0072,D_meaningful_value_flip,40.96
b03v2,base,agg_static@rho0.5,rep1_base_agg_static@rho0.5_b03v2,1,agg_static,0.5,119,upsert,L0065,B_no_decision_flip,0.0
b03v2,base,agg_static@rho0.5,rep1_base_agg_static@rho0.5_b03v2,1,agg_static,0.5,120,upsert,L0064,B_no_decision_flip,10.24
b03v2,base,agg_static@rho0.5,rep1_base_agg_static@rho0.5_b03v2,1,agg_static,0.5,121,upsert,L0065,B_no_decision_flip,10.24
b03v2,base,agg_static@rho0.5,rep1_base_agg_static@rho0.5_b03v2,1,agg_static,0.5,122,upsert,L0068,B_no_decision_flip,0.0
b03v2,base,agg_static@rho0.5,rep1_base_agg_static@rho0.5_b03v2,1,agg_static,0.5,123,upsert,L0095,A_no_future_use,
b03v2,base,agg_static@rho0.5,rep1_base_agg_static@rho0.5_b03v2,1,agg_static,0.5,124,upsert,L0099,A_no_future_use,
b03v2,base,agg_static@rho0.5,rep1_base_agg_static@rho0.5_b03v2,1,agg_static,0.5,125,upsert,L0096,A_no_future_use,
b03v2,base,agg_static@rho0.5,rep1_base_agg_static@rho0.5_b03v2,1,agg_static,0.5,126,upsert,L0072,A_no_future_use,
b03v2,base,agg_static@rho0.5,rep1_base_agg_static@rho0.5_b03v2,1,agg_static,0.5,127,upsert,L0095,A_no_future_use,
b03v2,base,agg_static@rho0.5,rep1_base_agg_static@rho0.5_b03v2,1,agg_static,0.5,128,upsert,L0077,A_no_future_use,
b03v2,base,agg_static@rho0.5,rep1_base_agg_static@rho0.5_b03v2,1,agg_static,0.5,130,upsert,L0070,A_no_future_use,
b03v2,base,agg_static@rho0.5,rep1_base_agg_static@rho0.5_b03v2,1,agg_static,0.5,131,upsert,L0068,D_meaningful_value_flip,8.24
b03v2,base,agg_static@rho0.5,rep1_base_agg_static@rho0.5_b03v2,1,agg_static,0.5,132,upsert,L0095,A_no_future_use,
b03v2,base,agg_static@rho0.5,rep1_base_agg_static@rho0.5_b03v2,1,agg_static,0.5,133,upsert,L0069,D_meaningful_value_flip,12.24
b03v2,base,agg_static@rho0.5,rep1_base_agg_static@rho0.5_b03v2,1,agg_static,0.5,134,upsert,L0072,A_no_future_use,
b03v2,base,agg_static@rho0.5,rep1_base_agg_static@rho0.5_b03v2,1,agg_static,0.5,136,upsert,L0124,D_meaningful_value_flip,36.96
b03v2,base,agg_static@rho0.5,rep1_base_agg_static@rho0.5_b03v2,1,agg_static,0.5,137,upsert,L0126,A_no_future_use,
b03v2,base,agg_static@rho0.5,rep1_base_agg_static@rho0.5_b03v2,1,agg_static,0.5,138,upsert,L0113,A_no_future_use,
b03v2,base,agg_static@rho0.5,rep1_base_agg_static@rho0.5_b03v2,1,agg_static,0.5,139,upsert,L0079,B_no_decision_flip,0.0
b03v2,base,agg_static@rho0.5,rep1_base_agg_static@rho0.5_b03v2,1,agg_static,0.5,140,upsert,L0093,B_no_decision_flip,0.0
b03v2,base,agg_static@rho0.5,rep1_base_agg_static@rho0.5_b03v2,1,agg_static,0.5,141,upsert,L0086,A_no_future_use,
b03v2,base,agg_static@rho0.5,rep1_base_agg_static@rho0.5_b03v2,1,agg_static,0.5,142,upsert,L0068,A_no_future_use,
b03v2,base,agg_static@rho0.5,rep1_base_agg_static@rho0.5_b03v2,1,agg_static,0.5,143,upsert,L0108,A_no_future_use,
b03v2,base,agg_static@rho0.5,rep1_base_agg_static@rho0.5_b03v2,1,agg_static,0.5,144,upsert,L0074,B_no_decision_flip,10.24
b03v2,base,agg_static@rho0.5,rep1_base_agg_static@rho0.5_b03v2,1,agg_static,0.5,145,upsert,L0103,A_no_future_use,
b03v2,base,agg_static@rho0.5,rep1_base_agg_static@rho0.5_b03v2,1,agg_static,0.5,146,upsert,L0089,B_no_decision_flip,0.0
b03v2,base,agg_static@rho0.5,rep1_base_agg_static@rho0.5_b03v2,1,agg_static,0.5,148,upsert,L0065,B_no_decision_flip,0.0
b03v2,base,agg_static@rho0.5,rep1_base_agg_static@rho0.5_b03v2,1,agg_static,0.5,149,upsert,L0070,A_no_future_use,
b03v2,base,agg_static@rho0.5,rep1_base_agg_static@rho0.5_b03v2,1,agg_static,0.5,150,upsert,L0097,D_meaningful_value_flip,40.96
b03v2,base,agg_static@rho0.5,rep1_base_agg_static@rho0.5_b03v2,1,agg_static,0.5,151,upsert,L0088,A_no_future_use,
b03v2,base,agg_static@rho0.5,rep1_base_agg_static@rho0.5_b03v2,1,agg_static,0.5,152,upsert,L0092,A_no_future_use,
b03v2,base,agg_static@rho0.5,rep1_base_agg_static@rho0.5_b03v2,1,agg_static,0.5,153,upsert,L0107,A_no_future_use,
b03v2,base,agg_static@rho0.5,rep1_base_agg_static@rho0.5_b03v2,1,agg_static,0.5,154,upsert,L0109,A_no_future_use,
b03v2,base,agg_static@rho0.5,rep1_base_agg_static@rho0.5_b03v2,1,agg_static,0.5,155,upsert,L0070,A_no_future_use,
b03v2,base,agg_static@rho0.5,rep1_base_agg_static@rho0.5_b03v2,1,agg_static,0.5,156,upsert,L0125,A_no_future_use,
b03v2,base,agg_static@rho0.5,rep1_base_agg_static@rho0.5_b03v2,1,agg_static,0.5,157,upsert,L0065,B_no_decision_flip,0.0
b03v2,base,agg_static@rho0.5,rep1_base_agg_static@rho0.5_b03v2,1,agg_static,0.5,158,upsert,L0108,A_no_future_use,
b03v2,base,agg_static@rho0.5,rep1_base_agg_static@rho0.5_b03v2,1,agg_static,0.5,159,upsert,L0073,A_no_future_use,
b03v2,base,agg_static@rho0.5,rep1_base_agg_static@rho0.5_b03v2,1,agg_static,0.5,160,upsert,L0072,A_no_future_use,
b03v2,base,agg_static@rho0.5,rep1_base_agg_static@rho0.5_b03v2,1,agg_static,0.5,161,upsert,L0105,A_no_future_use,
b03v2,base,agg_static@rho0.5,rep1_base_agg_static@rho0.5_b03v2,1,agg_static,0.5,162,upsert,L0077,A_no_future_use,
b03v2,base,agg_static@rho0.5,rep1_base_agg_static@rho0.5_b03v2,1,agg_static,0.5,163,upsert,L0124,A_no_future_use,
b03v2,base,agg_static@rho0.5,rep1_base_agg_static@rho0.5_b03v2,1,agg_static,0.5,164,upsert,L0121,A_no_future_use,
b03v2,base,agg_static@rho0.5,rep1_base_agg_static@rho0.5_b03v2,1,agg_static,0.5,165,upsert,L0100,B_no_decision_flip,0.0
b03v2,base,agg_static@rho0.5,rep1_base_agg_static@rho0.5_b03v2,1,agg_static,0.5,166,upsert,L0068,A_no_future_use,
b03v2,base,agg_static@rho0.5,rep1_base_agg_static@rho0.5_b03v2,1,agg_static,0.5,167,upsert,L0084,A_no_future_use,
b03v2,base,agg_static@rho0.5,rep1_base_agg_static@rho0.5_b03v2,1,agg_static,0.5,168,upsert,L0093,A_no_future_use,
b03v2,base,agg_static@rho0.5,rep1_base_agg_static@rho0.5_b03v2,1,agg_static,0.5,169,upsert,L0093,A_no_future_use,
b03v2,base,agg_static@rho0.5,rep1_base_agg_static@rho0.5_b03v2,1,agg_static,0.5,170,upsert,L0124,A_no_future_use,
b03v2,base,agg_static@rho0.5,rep1_base_agg_static@rho0.5_b03v2,1,agg_static,0.5,171,upsert,L0065,A_no_future_use,
b03v2,base,agg_static@rho0.5,rep1_base_agg_static@rho0.5_b03v2,1,agg_static,0.5,172,upsert,L0074,A_no_future_use,
b03v2,base,agg_static@rho0.5,rep1_base_agg_static@rho0.5_b03v2,1,agg_static,0.5,173,upsert,L0076,A_no_future_use,
b03v2,base,agg_static@rho0.5,rep1_base_agg_static@rho0.5_b03v2,1,agg_static,0.5,174,upsert,L0093,A_no_future_use,
b03v2,base,agg_static@rho0.5,rep1_base_agg_static@rho0.5_b03v2,1,agg_static,0.5,175,upsert,L0120,A_no_future_use,
b03v2,base,agg_static@rho0.5,rep1_base_agg_static@rho0.5_b03v2,1,agg_static,0.5,176,upsert,L0064,A_no_future_use,
b03v2,base,agg_static@rho0.5,rep1_base_agg_static@rho0.5_b03v2,1,agg_static,0.5,177,upsert,L0097,A_no_future_use,
b03v2,base,agg_static@rho0.5,rep1_base_agg_static@rho0.5_b03v2,1,agg_static,0.5,178,upsert,L0065,A_no_future_use,
b03v2,base,agg_static@rho0.5,rep1_base_agg_static@rho0.5_b03v2,1,agg_static,0.5,179,upsert,L0083,A_no_future_use,
b03v2,base,agg_static@rho0.5,rep1_base_agg_static@rho0.5_b03v2,1,agg_static,0.5,180,upsert,L0064,A_no_future_use,
b03v2,base,agg_static@rho0.5,rep1_base_agg_static@rho0.5_b03v2,1,agg_static,0.5,181,upsert,L0079,A_no_future_use,
b03v2,base,agg_static@rho0.5,rep1_base_agg_static@rho0.5_b03v2,1,agg_static,0.5,182,upsert,L0065,A_no_future_use,
b03v2,base,agg_static@rho0.5,rep1_base_agg_static@rho0.5_b03v2,1,agg_static,0.5,183,upsert,L0123,A_no_future_use,
b03v2,base,agg_static@rho0.5,rep1_base_agg_static@rho0.5_b03v2,1,agg_static,0.5,184,upsert,L0071,A_no_future_use,
b03v2,base,agg_static@rho0.5,rep1_base_agg_static@rho0.5_b03v2,1,agg_static,0.5,185,upsert,L0064,A_no_future_use,
b03v2,base,agg_static@rho0.5,rep1_base_agg_static@rho0.5_b03v2,1,agg_static,0.5,186,upsert,L0076,A_no_future_use,
b03v2,base,agg_static@rho0.5,rep1_base_agg_static@rho0.5_b03v2,1,agg_static,0.5,187,upsert,L0089,A_no_future_use,
b03v2,base,agg_static@rho0.5,rep1_base_agg_static@rho0.5_b03v2,1,agg_static,0.5,188,upsert,L0064,A_no_future_use,
b03v2,base,agg_static@rho0.5,rep1_base_agg_static@rho0.5_b03v2,1,agg_static,0.5,189,upsert,L0069,A_no_future_use,
b03v2,base,agg_static@rho0.5,rep1_base_agg_static@rho0.5_b03v2,1,agg_static,0.5,190,upsert,L0078,A_no_future_use,
b03v2,base,agg_static@rho0.5,rep1_base_agg_static@rho0.5_b03v2,1,agg_static,0.5,191,upsert,L0100,A_no_future_use,
b03v2,base,exact_fifo@rho0.5,rep1_base_exact_fifo@rho0.5_b03v2,1,exact_fifo,0.5,0,upsert,L0060,A_no_future_use,
b03v2,base,exact_fifo@rho0.5,rep1_base_exact_fifo@rho0.5_b03v2,1,exact_fifo,0.5,1,upsert,L0032,D_meaningful_value_flip,38.96
b03v2,base,exact_fifo@rho0.5,rep1_base_exact_fifo@rho0.5_b03v2,1,exact_fifo,0.5,2,upsert,L0027,D_meaningful_value_flip,38.96
b03v2,base,exact_fifo@rho0.5,rep1_base_exact_fifo@rho0.5_b03v2,1,exact_fifo,0.5,3,upsert,L0048,B_no_decision_flip,0.0
b03v2,base,exact_fifo@rho0.5,rep1_base_exact_fifo@rho0.5_b03v2,1,exact_fifo,0.5,4,upsert,L0010,B_no_decision_flip,0.0
b03v2,base,exact_fifo@rho0.5,rep1_base_exact_fifo@rho0.5_b03v2,1,exact_fifo,0.5,5,upsert,L0019,A_no_future_use,
b03v2,base,exact_fifo@rho0.5,rep1_base_exact_fifo@rho0.5_b03v2,1,exact_fifo,0.5,6,upsert,L0055,B_no_decision_flip,0.0
b03v2,base,exact_fifo@rho0.5,rep1_base_exact_fifo@rho0.5_b03v2,1,exact_fifo,0.5,7,upsert,L0039,A_no_future_use,
b03v2,base,exact_fifo@rho0.5,rep1_base_exact_fifo@rho0.5_b03v2,1,exact_fifo,0.5,8,upsert,L0013,A_no_future_use,
b03v2,base,exact_fifo@rho0.5,rep1_base_exact_fifo@rho0.5_b03v2,1,exact_fifo,0.5,9,upsert,L0000,B_no_decision_flip,0.0
b03v2,base,exact_fifo@rho0.5,rep1_base_exact_fifo@rho0.5_b03v2,1,exact_fifo,0.5,10,upsert,L0017,D_meaningful_value_flip,40.96
b03v2,base,exact_fifo@rho0.5,rep1_base_exact_fifo@rho0.5_b03v2,1,exact_fifo,0.5,11,upsert,L0002,B_no_decision_flip,0.0
b03v2,base,exact_fifo@rho0.5,rep1_base_exact_fifo@rho0.5_b03v2,1,exact_fifo,0.5,12,upsert,L0000,C_low_value_flip,2.0
b03v2,base,exact_fifo@rho0.5,rep1_base_exact_fifo@rho0.5_b03v2,1,exact_fifo,0.5,13,upsert,L0000,B_no_decision_flip,0.0
b03v2,base,exact_fifo@rho0.5,rep1_base_exact_fifo@rho0.5_b03v2,1,exact_fifo,0.5,14,upsert,L0002,B_no_decision_flip,0.0
b03v2,base,exact_fifo@rho0.5,rep1_base_exact_fifo@rho0.5_b03v2,1,exact_fifo,0.5,15,upsert,L0051,A_no_future_use,
b03v2,base,exact_fifo@rho0.5,rep1_base_exact_fifo@rho0.5_b03v2,1,exact_fifo,0.5,16,upsert,L0055,B_no_decision_flip,0.0
b03v2,base,exact_fifo@rho0.5,rep1_base_exact_fifo@rho0.5_b03v2,1,exact_fifo,0.5,17,upsert,L0055,B_no_decision_flip,10.24
b03v2,base,exact_fifo@rho0.5,rep1_base_exact_fifo@rho0.5_b03v2,1,exact_fifo,0.5,18,upsert,L0004,D_meaningful_value_flip,38.96
b03v2,base,exact_fifo@rho0.5,rep1_base_exact_fifo@rho0.5_b03v2,1,exact_fifo,0.5,19,upsert,L0025,A_no_future_use,
b03v2,base,exact_fifo@rho0.5,rep1_base_exact_fifo@rho0.5_b03v2,1,exact_fifo,0.5,20,upsert,L0000,B_no_decision_flip,0.0
b03v2,base,exact_fifo@rho0.5,rep1_base_exact_fifo@rho0.5_b03v2,1,exact_fifo,0.5,21,upsert,L0006,D_meaningful_value_flip,40.96
b03v2,base,exact_fifo@rho0.5,rep1_base_exact_fifo@rho0.5_b03v2,1,exact_fifo,0.5,22,upsert,L0039,A_no_future_use,
b03v2,base,exact_fifo@rho0.5,rep1_base_exact_fifo@rho0.5_b03v2,1,exact_fifo,0.5,23,upsert,L0000,B_no_decision_flip,0.0
b03v2,base,exact_fifo@rho0.5,rep1_base_exact_fifo@rho0.5_b03v2,1,exact_fifo,0.5,24,upsert,L0047,A_no_future_use,
b03v2,base,exact_fifo@rho0.5,rep1_base_exact_fifo@rho0.5_b03v2,1,exact_fifo,0.5,25,upsert,L0002,B_no_decision_flip,10.24
b03v2,base,exact_fifo@rho0.5,rep1_base_exact_fifo@rho0.5_b03v2,1,exact_fifo,0.5,26,upsert,L0003,D_meaningful_value_flip,36.96
b03v2,base,exact_fifo@rho0.5,rep1_base_exact_fifo@rho0.5_b03v2,1,exact_fifo,0.5,27,upsert,L0022,D_meaningful_value_flip,40.96
b03v2,base,exact_fifo@rho0.5,rep1_base_exact_fifo@rho0.5_b03v2,1,exact_fifo,0.5,28,upsert,L0042,A_no_future_use,
b03v2,base,exact_fifo@rho0.5,rep1_base_exact_fifo@rho0.5_b03v2,1,exact_fifo,0.5,29,upsert,L0008,D_meaningful_value_flip,38.96
b03v2,base,exact_fifo@rho0.5,rep1_base_exact_fifo@rho0.5_b03v2,1,exact_fifo,0.5,30,upsert,L0062,D_meaningful_value_flip,40.96
b03v2,base,exact_fifo@rho0.5,rep1_base_exact_fifo@rho0.5_b03v2,1,exact_fifo,0.5,31,upsert,L0021,D_meaningful_value_flip,40.96
b03v2,base,exact_fifo@rho0.5,rep1_base_exact_fifo@rho0.5_b03v2,1,exact_fifo,0.5,32,upsert,L0006,B_no_decision_flip,10.24
b03v2,base,exact_fifo@rho0.5,rep1_base_exact_fifo@rho0.5_b03v2,1,exact_fifo,0.5,33,upsert,L0011,A_no_future_use,
b03v2,base,exact_fifo@rho0.5,rep1_base_exact_fifo@rho0.5_b03v2,1,exact_fifo,0.5,34,upsert,L0002,B_no_decision_flip,0.0
b03v2,base,exact_fifo@rho0.5,rep1_base_exact_fifo@rho0.5_b03v2,1,exact_fifo,0.5,35,upsert,L0011,A_no_future_use,
b03v2,base,exact_fifo@rho0.5,rep1_base_exact_fifo@rho0.5_b03v2,1,exact_fifo,0.5,36,upsert,L0002,B_no_decision_flip,0.0
b03v2,base,exact_fifo@rho0.5,rep1_base_exact_fifo@rho0.5_b03v2,1,exact_fifo,0.5,37,upsert,L0015,D_meaningful_value_flip,40.96
b03v2,base,exact_fifo@rho0.5,rep1_base_exact_fifo@rho0.5_b03v2,1,exact_fifo,0.5,38,upsert,L0046,A_no_future_use,
b03v2,base,exact_fifo@rho0.5,rep1_base_exact_fifo@rho0.5_b03v2,1,exact_fifo,0.5,39,upsert,L0043,A_no_future_use,
b03v2,base,exact_fifo@rho0.5,rep1_base_exact_fifo@rho0.5_b03v2,1,exact_fifo,0.5,40,upsert,L0053,D_meaningful_value_flip,40.96
b03v2,base,exact_fifo@rho0.5,rep1_base_exact_fifo@rho0.5_b03v2,1,exact_fifo,0.5,41,upsert,L0027,A_no_future_use,
b03v2,base,exact_fifo@rho0.5,rep1_base_exact_fifo@rho0.5_b03v2,1,exact_fifo,0.5,42,upsert,L0041,A_no_future_use,
b03v2,base,exact_fifo@rho0.5,rep1_base_exact_fifo@rho0.5_b03v2,1,exact_fifo,0.5,43,upsert,L0005,D_meaningful_value_flip,38.96
b03v2,base,exact_fifo@rho0.5,rep1_base_exact_fifo@rho0.5_b03v2,1,exact_fifo,0.5,44,upsert,L0001,B_no_decision_flip,0.0
b03v2,base,exact_fifo@rho0.5,rep1_base_exact_fifo@rho0.5_b03v2,1,exact_fifo,0.5,45,upsert,L0056,A_no_future_use,
b03v2,base,exact_fifo@rho0.5,rep1_base_exact_fifo@rho0.5_b03v2,1,exact_fifo,0.5,46,upsert,L0000,B_no_decision_flip,0.0
b03v2,base,exact_fifo@rho0.5,rep1_base_exact_fifo@rho0.5_b03v2,1,exact_fifo,0.5,47,upsert,L0009,A_no_future_use,
b03v2,base,exact_fifo@rho0.5,rep1_base_exact_fifo@rho0.5_b03v2,1,exact_fifo,0.5,48,upsert,L0048,A_no_future_use,
b03v2,base,exact_fifo@rho0.5,rep1_base_exact_fifo@rho0.5_b03v2,1,exact_fifo,0.5,49,upsert,L0017,A_no_future_use,
b03v2,base,exact_fifo@rho0.5,rep1_base_exact_fifo@rho0.5_b03v2,1,exact_fifo,0.5,50,upsert,L0008,B_no_decision_flip,10.24
b03v2,base,exact_fifo@rho0.5,rep1_base_exact_fifo@rho0.5_b03v2,1,exact_fifo,0.5,51,upsert,L0003,B_no_decision_flip,10.24
b03v2,base,exact_fifo@rho0.5,rep1_base_exact_fifo@rho0.5_b03v2,1,exact_fifo,0.5,52,upsert,L0007,A_no_future_use,
b03v2,base,exact_fifo@rho0.5,rep1_base_exact_fifo@rho0.5_b03v2,1,exact_fifo,0.5,53,upsert,L0048,A_no_future_use,
b03v2,base,exact_fifo@rho0.5,rep1_base_exact_fifo@rho0.5_b03v2,1,exact_fifo,0.5,54,upsert,L0006,A_no_future_use,
b03v2,base,exact_fifo@rho0.5,rep1_base_exact_fifo@rho0.5_b03v2,1,exact_fifo,0.5,55,upsert,L0038,D_meaningful_value_flip,38.96
b03v2,base,exact_fifo@rho0.5,rep1_base_exact_fifo@rho0.5_b03v2,1,exact_fifo,0.5,56,upsert,L0003,B_no_decision_flip,10.24
b03v2,base,exact_fifo@rho0.5,rep1_base_exact_fifo@rho0.5_b03v2,1,exact_fifo,0.5,57,upsert,L0000,E_negative_value_flip,-12.24
b03v2,base,exact_fifo@rho0.5,rep1_base_exact_fifo@rho0.5_b03v2,1,exact_fifo,0.5,58,upsert,L0059,A_no_future_use,
b03v2,base,exact_fifo@rho0.5,rep1_base_exact_fifo@rho0.5_b03v2,1,exact_fifo,0.5,59,upsert,L0030,B_no_decision_flip,0.0
b03v2,base,exact_fifo@rho0.5,rep1_base_exact_fifo@rho0.5_b03v2,1,exact_fifo,0.5,60,upsert,L0062,A_no_future_use,
b03v2,base,exact_fifo@rho0.5,rep1_base_exact_fifo@rho0.5_b03v2,1,exact_fifo,0.5,61,upsert,L0002,A_no_future_use,
b03v2,base,exact_fifo@rho0.5,rep1_base_exact_fifo@rho0.5_b03v2,1,exact_fifo,0.5,62,upsert,L0002,A_no_future_use,
b03v2,base,exact_fifo@rho0.5,rep1_base_exact_fifo@rho0.5_b03v2,1,exact_fifo,0.5,63,upsert,L0036,A_no_future_use,
b03v2,base,exact_fifo@rho0.5,rep1_base_exact_fifo@rho0.5_b03v2,1,exact_fifo,0.5,64,upsert,L0001,B_no_decision_flip,10.24
b03v2,base,exact_fifo@rho0.5,rep1_base_exact_fifo@rho0.5_b03v2,1,exact_fifo,0.5,65,upsert,L0000,B_no_decision_flip,0.0
b03v2,base,exact_fifo@rho0.5,rep1_base_exact_fifo@rho0.5_b03v2,1,exact_fifo,0.5,66,upsert,L0003,B_no_decision_flip,-20.48
b03v2,base,exact_fifo@rho0.5,rep1_base_exact_fifo@rho0.5_b03v2,1,exact_fifo,0.5,67,upsert,L0023,A_no_future_use,
b03v2,base,exact_fifo@rho0.5,rep1_base_exact_fifo@rho0.5_b03v2,1,exact_fifo,0.5,68,upsert,L0000,B_no_decision_flip,0.0
b03v2,base,exact_fifo@rho0.5,rep1_base_exact_fifo@rho0.5_b03v2,1,exact_fifo,0.5,69,upsert,L0021,A_no_future_use,
b03v2,base,exact_fifo@rho0.5,rep1_base_exact_fifo@rho0.5_b03v2,1,exact_fifo,0.5,70,upsert,L0032,A_no_future_use,
b03v2,base,exact_fifo@rho0.5,rep1_base_exact_fifo@rho0.5_b03v2,1,exact_fifo,0.5,71,upsert,L0055,A_no_future_use,
b03v2,base,exact_fifo@rho0.5,rep1_base_exact_fifo@rho0.5_b03v2,1,exact_fifo,0.5,72,upsert,L0015,A_no_future_use,
b03v2,base,exact_fifo@rho0.5,rep1_base_exact_fifo@rho0.5_b03v2,1,exact_fifo,0.5,73,upsert,L0008,B_no_decision_flip,10.24
b03v2,base,exact_fifo@rho0.5,rep1_base_exact_fifo@rho0.5_b03v2,1,exact_fifo,0.5,74,upsert,L0030,A_no_future_use,
b03v2,base,exact_fifo@rho0.5,rep1_base_exact_fifo@rho0.5_b03v2,1,exact_fifo,0.5,75,upsert,L0004,B_no_decision_flip,10.24
b03v2,base,exact_fifo@rho0.5,rep1_base_exact_fifo@rho0.5_b03v2,1,exact_fifo,0.5,76,upsert,L0035,A_no_future_use,
b03v2,base,exact_fifo@rho0.5,rep1_base_exact_fifo@rho0.5_b03v2,1,exact_fifo,0.5,77,upsert,L0022,A_no_future_use,
b03v2,base,exact_fifo@rho0.5,rep1_base_exact_fifo@rho0.5_b03v2,1,exact_fifo,0.5,78,upsert,L0003,B_no_decision_flip,10.24
b03v2,base,exact_fifo@rho0.5,rep1_base_exact_fifo@rho0.5_b03v2,1,exact_fifo,0.5,79,upsert,L0005,A_no_future_use,
b03v2,base,exact_fifo@rho0.5,rep1_base_exact_fifo@rho0.5_b03v2,1,exact_fifo,0.5,80,upsert,L0053,A_no_future_use,
b03v2,base,exact_fifo@rho0.5,rep1_base_exact_fifo@rho0.5_b03v2,1,exact_fifo,0.5,81,upsert,L0000,E_negative_value_flip,-20.48
b03v2,base,exact_fifo@rho0.5,rep1_base_exact_fifo@rho0.5_b03v2,1,exact_fifo,0.5,82,upsert,L0010,A_no_future_use,
b03v2,base,exact_fifo@rho0.5,rep1_base_exact_fifo@rho0.5_b03v2,1,exact_fifo,0.5,83,upsert,L0008,A_no_future_use,
b03v2,base,exact_fifo@rho0.5,rep1_base_exact_fifo@rho0.5_b03v2,1,exact_fifo,0.5,84,upsert,L0033,A_no_future_use,
b03v2,base,exact_fifo@rho0.5,rep1_base_exact_fifo@rho0.5_b03v2,1,exact_fifo,0.5,85,upsert,L0012,A_no_future_use,
b03v2,base,exact_fifo@rho0.5,rep1_base_exact_fifo@rho0.5_b03v2,1,exact_fifo,0.5,86,upsert,L0008,A_no_future_use,
b03v2,base,exact_fifo@rho0.5,rep1_base_exact_fifo@rho0.5_b03v2,1,exact_fifo,0.5,87,upsert,L0029,A_no_future_use,
b03v2,base,exact_fifo@rho0.5,rep1_base_exact_fifo@rho0.5_b03v2,1,exact_fifo,0.5,88,upsert,L0057,A_no_future_use,
b03v2,base,exact_fifo@rho0.5,rep1_base_exact_fifo@rho0.5_b03v2,1,exact_fifo,0.5,89,upsert,L0004,A_no_future_use,
b03v2,base,exact_fifo@rho0.5,rep1_base_exact_fifo@rho0.5_b03v2,1,exact_fifo,0.5,90,upsert,L0003,A_no_future_use,
b03v2,base,exact_fifo@rho0.5,rep1_base_exact_fifo@rho0.5_b03v2,1,exact_fifo,0.5,91,upsert,L0001,A_no_future_use,
b03v2,base,exact_fifo@rho0.5,rep1_base_exact_fifo@rho0.5_b03v2,1,exact_fifo,0.5,92,upsert,L0029,A_no_future_use,
b03v2,base,exact_fifo@rho0.5,rep1_base_exact_fifo@rho0.5_b03v2,1,exact_fifo,0.5,93,upsert,L0020,A_no_future_use,
b03v2,base,exact_fifo@rho0.5,rep1_base_exact_fifo@rho0.5_b03v2,1,exact_fifo,0.5,94,upsert,L0000,A_no_future_use,
b03v2,base,exact_fifo@rho0.5,rep1_base_exact_fifo@rho0.5_b03v2,1,exact_fifo,0.5,95,upsert,L0038,A_no_future_use,
b03v2,base,exact_fifo@rho0.5,rep1_base_exact_fifo@rho0.5_b03v2,1,exact_fifo,0.5,96,upsert,L0076,B_no_decision_flip,0.0
b03v2,base,exact_fifo@rho0.5,rep1_base_exact_fifo@rho0.5_b03v2,1,exact_fifo,0.5,97,upsert,L0074,D_meaningful_value_flip,40.96
b03v2,base,exact_fifo@rho0.5,rep1_base_exact_fifo@rho0.5_b03v2,1,exact_fifo,0.5,98,upsert,L0076,C_low_value_flip,0.0
b03v2,base,exact_fifo@rho0.5,rep1_base_exact_fifo@rho0.5_b03v2,1,exact_fifo,0.5,99,upsert,L0098,D_meaningful_value_flip,40.96
b03v2,base,exact_fifo@rho0.5,rep1_base_exact_fifo@rho0.5_b03v2,1,exact_fifo,0.5,100,upsert,L0116,D_meaningful_value_flip,38.96
b03v2,base,exact_fifo@rho0.5,rep1_base_exact_fifo@rho0.5_b03v2,1,exact_fifo,0.5,101,upsert,L0070,B_no_decision_flip,0.0
b03v2,base,exact_fifo@rho0.5,rep1_base_exact_fifo@rho0.5_b03v2,1,exact_fifo,0.5,102,upsert,L0066,A_no_future_use,
b03v2,base,exact_fifo@rho0.5,rep1_base_exact_fifo@rho0.5_b03v2,1,exact_fifo,0.5,103,upsert,L0084,B_no_decision_flip,0.0
b03v2,base,exact_fifo@rho0.5,rep1_base_exact_fifo@rho0.5_b03v2,1,exact_fifo,0.5,104,upsert,L0069,B_no_decision_flip,0.0
b03v2,base,exact_fifo@rho0.5,rep1_base_exact_fifo@rho0.5_b03v2,1,exact_fifo,0.5,105,upsert,L0095,D_meaningful_value_flip,38.96
b03v2,base,exact_fifo@rho0.5,rep1_base_exact_fifo@rho0.5_b03v2,1,exact_fifo,0.5,106,upsert,L0065,D_meaningful_value_flip,38.96
b03v2,base,exact_fifo@rho0.5,rep1_base_exact_fifo@rho0.5_b03v2,1,exact_fifo,0.5,107,upsert,L0071,D_meaningful_value_flip,40.96
b03v2,base,exact_fifo@rho0.5,rep1_base_exact_fifo@rho0.5_b03v2,1,exact_fifo,0.5,108,upsert,L0104,A_no_future_use,
b03v2,base,exact_fifo@rho0.5,rep1_base_exact_fifo@rho0.5_b03v2,1,exact_fifo,0.5,109,upsert,L0084,B_no_decision_flip,10.24
b03v2,base,exact_fifo@rho0.5,rep1_base_exact_fifo@rho0.5_b03v2,1,exact_fifo,0.5,110,upsert,L0083,D_meaningful_value_flip,38.96
b03v2,base,exact_fifo@rho0.5,rep1_base_exact_fifo@rho0.5_b03v2,1,exact_fifo,0.5,111,upsert,L0103,D_meaningful_value_flip,40.96
b03v2,base,exact_fifo@rho0.5,rep1_base_exact_fifo@rho0.5_b03v2,1,exact_fifo,0.5,112,upsert,L0110,A_no_future_use,
b03v2,base,exact_fifo@rho0.5,rep1_base_exact_fifo@rho0.5_b03v2,1,exact_fifo,0.5,113,upsert,L0116,A_no_future_use,
b03v2,base,exact_fifo@rho0.5,rep1_base_exact_fifo@rho0.5_b03v2,1,exact_fifo,0.5,114,upsert,L0098,A_no_future_use,
b03v2,base,exact_fifo@rho0.5,rep1_base_exact_fifo@rho0.5_b03v2,1,exact_fifo,0.5,115,upsert,L0066,A_no_future_use,
b03v2,base,exact_fifo@rho0.5,rep1_base_exact_fifo@rho0.5_b03v2,1,exact_fifo,0.5,116,upsert,L0064,B_no_decision_flip,0.0
b03v2,base,exact_fifo@rho0.5,rep1_base_exact_fifo@rho0.5_b03v2,1,exact_fifo,0.5,117,upsert,L0080,A_no_future_use,
b03v2,base,exact_fifo@rho0.5,rep1_base_exact_fifo@rho0.5_b03v2,1,exact_fifo,0.5,118,upsert,L0072,D_meaningful_value_flip,38.96
b03v2,base,exact_fifo@rho0.5,rep1_base_exact_fifo@rho0.5_b03v2,1,exact_fifo,0.5,119,upsert,L0065,B_no_decision_flip,0.0
b03v2,base,exact_fifo@rho0.5,rep1_base_exact_fifo@rho0.5_b03v2,1,exact_fifo,0.5,120,upsert,L0064,C_low_value_flip,0.0
b03v2,base,exact_fifo@rho0.5,rep1_base_exact_fifo@rho0.5_b03v2,1,exact_fifo,0.5,121,upsert,L0065,B_no_decision_flip,0.0
b03v2,base,exact_fifo@rho0.5,rep1_base_exact_fifo@rho0.5_b03v2,1,exact_fifo,0.5,122,upsert,L0068,D_meaningful_value_flip,38.96
b03v2,base,exact_fifo@rho0.5,rep1_base_exact_fifo@rho0.5_b03v2,1,exact_fifo,0.5,123,upsert,L0095,B_no_decision_flip,0.0
b03v2,base,exact_fifo@rho0.5,rep1_base_exact_fifo@rho0.5_b03v2,1,exact_fifo,0.5,124,upsert,L0099,A_no_future_use,
b03v2,base,exact_fifo@rho0.5,rep1_base_exact_fifo@rho0.5_b03v2,1,exact_fifo,0.5,125,upsert,L0096,A_no_future_use,
b03v2,base,exact_fifo@rho0.5,rep1_base_exact_fifo@rho0.5_b03v2,1,exact_fifo,0.5,126,upsert,L0072,B_no_decision_flip,10.24
b03v2,base,exact_fifo@rho0.5,rep1_base_exact_fifo@rho0.5_b03v2,1,exact_fifo,0.5,127,upsert,L0095,B_no_decision_flip,10.24
b03v2,base,exact_fifo@rho0.5,rep1_base_exact_fifo@rho0.5_b03v2,1,exact_fifo,0.5,128,upsert,L0077,B_no_decision_flip,0.0
b03v2,base,exact_fifo@rho0.5,rep1_base_exact_fifo@rho0.5_b03v2,1,exact_fifo,0.5,129,upsert,L0072,B_no_decision_flip,0.0
b03v2,base,exact_fifo@rho0.5,rep1_base_exact_fifo@rho0.5_b03v2,1,exact_fifo,0.5,130,upsert,L0070,B_no_decision_flip,10.24
b03v2,base,exact_fifo@rho0.5,rep1_base_exact_fifo@rho0.5_b03v2,1,exact_fifo,0.5,131,upsert,L0068,B_no_decision_flip,0.0
b03v2,base,exact_fifo@rho0.5,rep1_base_exact_fifo@rho0.5_b03v2,1,exact_fifo,0.5,132,upsert,L0095,A_no_future_use,
b03v2,base,exact_fifo@rho0.5,rep1_base_exact_fifo@rho0.5_b03v2,1,exact_fifo,0.5,133,upsert,L0069,B_no_decision_flip,10.24
b03v2,base,exact_fifo@rho0.5,rep1_base_exact_fifo@rho0.5_b03v2,1,exact_fifo,0.5,134,upsert,L0072,B_no_decision_flip,-20.48
b03v2,base,exact_fifo@rho0.5,rep1_base_exact_fifo@rho0.5_b03v2,1,exact_fifo,0.5,135,upsert,L0068,B_no_decision_flip,0.0
b03v2,base,exact_fifo@rho0.5,rep1_base_exact_fifo@rho0.5_b03v2,1,exact_fifo,0.5,136,upsert,L0124,D_meaningful_value_flip,38.96
b03v2,base,exact_fifo@rho0.5,rep1_base_exact_fifo@rho0.5_b03v2,1,exact_fifo,0.5,137,upsert,L0126,A_no_future_use,
b03v2,base,exact_fifo@rho0.5,rep1_base_exact_fifo@rho0.5_b03v2,1,exact_fifo,0.5,138,upsert,L0113,A_no_future_use,
b03v2,base,exact_fifo@rho0.5,rep1_base_exact_fifo@rho0.5_b03v2,1,exact_fifo,0.5,139,upsert,L0079,D_meaningful_value_flip,40.96
b03v2,base,exact_fifo@rho0.5,rep1_base_exact_fifo@rho0.5_b03v2,1,exact_fifo,0.5,140,upsert,L0093,D_meaningful_value_flip,40.96
b03v2,base,exact_fifo@rho0.5,rep1_base_exact_fifo@rho0.5_b03v2,1,exact_fifo,0.5,141,upsert,L0086,A_no_future_use,
b03v2,base,exact_fifo@rho0.5,rep1_base_exact_fifo@rho0.5_b03v2,1,exact_fifo,0.5,142,upsert,L0068,B_no_decision_flip,0.0
b03v2,base,exact_fifo@rho0.5,rep1_base_exact_fifo@rho0.5_b03v2,1,exact_fifo,0.5,143,upsert,L0108,D_meaningful_value_flip,38.96
b03v2,base,exact_fifo@rho0.5,rep1_base_exact_fifo@rho0.5_b03v2,1,exact_fifo,0.5,144,upsert,L0074,B_no_decision_flip,10.24
b03v2,base,exact_fifo@rho0.5,rep1_base_exact_fifo@rho0.5_b03v2,1,exact_fifo,0.5,145,upsert,L0103,A_no_future_use,
b03v2,base,exact_fifo@rho0.5,rep1_base_exact_fifo@rho0.5_b03v2,1,exact_fifo,0.5,146,upsert,L0089,B_no_decision_flip,0.0
b03v2,base,exact_fifo@rho0.5,rep1_base_exact_fifo@rho0.5_b03v2,1,exact_fifo,0.5,147,upsert,L0084,B_no_decision_flip,0.0
b03v2,base,exact_fifo@rho0.5,rep1_base_exact_fifo@rho0.5_b03v2,1,exact_fifo,0.5,148,upsert,L0065,B_no_decision_flip,-20.48
b03v2,base,exact_fifo@rho0.5,rep1_base_exact_fifo@rho0.5_b03v2,1,exact_fifo,0.5,149,upsert,L0070,A_no_future_use,
b03v2,base,exact_fifo@rho0.5,rep1_base_exact_fifo@rho0.5_b03v2,1,exact_fifo,0.5,150,upsert,L0097,D_meaningful_value_flip,38.96
b03v2,base,exact_fifo@rho0.5,rep1_base_exact_fifo@rho0.5_b03v2,1,exact_fifo,0.5,151,upsert,L0088,A_no_future_use,
b03v2,base,exact_fifo@rho0.5,rep1_base_exact_fifo@rho0.5_b03v2,1,exact_fifo,0.5,152,upsert,L0092,A_no_future_use,
b03v2,base,exact_fifo@rho0.5,rep1_base_exact_fifo@rho0.5_b03v2,1,exact_fifo,0.5,153,upsert,L0107,A_no_future_use,
b03v2,base,exact_fifo@rho0.5,rep1_base_exact_fifo@rho0.5_b03v2,1,exact_fifo,0.5,154,upsert,L0109,A_no_future_use,
b03v2,base,exact_fifo@rho0.5,rep1_base_exact_fifo@rho0.5_b03v2,1,exact_fifo,0.5,155,upsert,L0070,A_no_future_use,
b03v2,base,exact_fifo@rho0.5,rep1_base_exact_fifo@rho0.5_b03v2,1,exact_fifo,0.5,156,upsert,L0125,A_no_future_use,
b03v2,base,exact_fifo@rho0.5,rep1_base_exact_fifo@rho0.5_b03v2,1,exact_fifo,0.5,157,upsert,L0065,B_no_decision_flip,10.24
b03v2,base,exact_fifo@rho0.5,rep1_base_exact_fifo@rho0.5_b03v2,1,exact_fifo,0.5,158,upsert,L0108,A_no_future_use,
b03v2,base,exact_fifo@rho0.5,rep1_base_exact_fifo@rho0.5_b03v2,1,exact_fifo,0.5,159,upsert,L0073,A_no_future_use,
b03v2,base,exact_fifo@rho0.5,rep1_base_exact_fifo@rho0.5_b03v2,1,exact_fifo,0.5,160,upsert,L0072,A_no_future_use,
b03v2,base,exact_fifo@rho0.5,rep1_base_exact_fifo@rho0.5_b03v2,1,exact_fifo,0.5,161,upsert,L0105,A_no_future_use,
b03v2,base,exact_fifo@rho0.5,rep1_base_exact_fifo@rho0.5_b03v2,1,exact_fifo,0.5,162,upsert,L0077,A_no_future_use,
b03v2,base,exact_fifo@rho0.5,rep1_base_exact_fifo@rho0.5_b03v2,1,exact_fifo,0.5,163,upsert,L0124,B_no_decision_flip,10.24
b03v2,base,exact_fifo@rho0.5,rep1_base_exact_fifo@rho0.5_b03v2,1,exact_fifo,0.5,164,upsert,L0121,A_no_future_use,
b03v2,base,exact_fifo@rho0.5,rep1_base_exact_fifo@rho0.5_b03v2,1,exact_fifo,0.5,165,upsert,L0100,D_meaningful_value_flip,38.96
b03v2,base,exact_fifo@rho0.5,rep1_base_exact_fifo@rho0.5_b03v2,1,exact_fifo,0.5,166,upsert,L0068,A_no_future_use,
b03v2,base,exact_fifo@rho0.5,rep1_base_exact_fifo@rho0.5_b03v2,1,exact_fifo,0.5,167,upsert,L0084,A_no_future_use,
b03v2,base,exact_fifo@rho0.5,rep1_base_exact_fifo@rho0.5_b03v2,1,exact_fifo,0.5,168,upsert,L0093,A_no_future_use,
b03v2,base,exact_fifo@rho0.5,rep1_base_exact_fifo@rho0.5_b03v2,1,exact_fifo,0.5,169,upsert,L0093,A_no_future_use,
b03v2,base,exact_fifo@rho0.5,rep1_base_exact_fifo@rho0.5_b03v2,1,exact_fifo,0.5,170,upsert,L0124,A_no_future_use,
b03v2,base,exact_fifo@rho0.5,rep1_base_exact_fifo@rho0.5_b03v2,1,exact_fifo,0.5,171,upsert,L0065,B_no_decision_flip,0.0
b03v2,base,exact_fifo@rho0.5,rep1_base_exact_fifo@rho0.5_b03v2,1,exact_fifo,0.5,172,upsert,L0074,A_no_future_use,
b03v2,base,exact_fifo@rho0.5,rep1_base_exact_fifo@rho0.5_b03v2,1,exact_fifo,0.5,173,upsert,L0076,B_no_decision_flip,0.0
b03v2,base,exact_fifo@rho0.5,rep1_base_exact_fifo@rho0.5_b03v2,1,exact_fifo,0.5,174,upsert,L0093,A_no_future_use,
b03v2,base,exact_fifo@rho0.5,rep1_base_exact_fifo@rho0.5_b03v2,1,exact_fifo,0.5,175,upsert,L0120,A_no_future_use,
b03v2,base,exact_fifo@rho0.5,rep1_base_exact_fifo@rho0.5_b03v2,1,exact_fifo,0.5,176,upsert,L0064,B_no_decision_flip,0.0
b03v2,base,exact_fifo@rho0.5,rep1_base_exact_fifo@rho0.5_b03v2,1,exact_fifo,0.5,177,upsert,L0097,A_no_future_use,
b03v2,base,exact_fifo@rho0.5,rep1_base_exact_fifo@rho0.5_b03v2,1,exact_fifo,0.5,178,upsert,L0065,A_no_future_use,
b03v2,base,exact_fifo@rho0.5,rep1_base_exact_fifo@rho0.5_b03v2,1,exact_fifo,0.5,179,upsert,L0083,A_no_future_use,
b03v2,base,exact_fifo@rho0.5,rep1_base_exact_fifo@rho0.5_b03v2,1,exact_fifo,0.5,180,upsert,L0064,A_no_future_use,
b03v2,base,exact_fifo@rho0.5,rep1_base_exact_fifo@rho0.5_b03v2,1,exact_fifo,0.5,181,upsert,L0079,A_no_future_use,
b03v2,base,exact_fifo@rho0.5,rep1_base_exact_fifo@rho0.5_b03v2,1,exact_fifo,0.5,182,upsert,L0065,A_no_future_use,
b03v2,base,exact_fifo@rho0.5,rep1_base_exact_fifo@rho0.5_b03v2,1,exact_fifo,0.5,183,upsert,L0123,A_no_future_use,
b03v2,base,exact_fifo@rho0.5,rep1_base_exact_fifo@rho0.5_b03v2,1,exact_fifo,0.5,184,upsert,L0071,A_no_future_use,
b03v2,base,exact_fifo@rho0.5,rep1_base_exact_fifo@rho0.5_b03v2,1,exact_fifo,0.5,185,upsert,L0064,A_no_future_use,
b03v2,base,exact_fifo@rho0.5,rep1_base_exact_fifo@rho0.5_b03v2,1,exact_fifo,0.5,186,upsert,L0076,A_no_future_use,
b03v2,base,exact_fifo@rho0.5,rep1_base_exact_fifo@rho0.5_b03v2,1,exact_fifo,0.5,187,upsert,L0089,A_no_future_use,
b03v2,base,exact_fifo@rho0.5,rep1_base_exact_fifo@rho0.5_b03v2,1,exact_fifo,0.5,188,upsert,L0064,A_no_future_use,
b03v2,base,exact_fifo@rho0.5,rep1_base_exact_fifo@rho0.5_b03v2,1,exact_fifo,0.5,189,upsert,L0069,A_no_future_use,
b03v2,base,exact_fifo@rho0.5,rep1_base_exact_fifo@rho0.5_b03v2,1,exact_fifo,0.5,190,upsert,L0078,A_no_future_use,
b03v2,base,exact_fifo@rho0.5,rep1_base_exact_fifo@rho0.5_b03v2,1,exact_fifo,0.5,191,upsert,L0100,A_no_future_use,
b03v2,base,agg_static@rho0.8,rep1_base_agg_static@rho0.8_b03v2,1,agg_static,0.8,0,upsert,L0060,A_no_future_use,
b03v2,base,agg_static@rho0.8,rep1_base_agg_static@rho0.8_b03v2,1,agg_static,0.8,1,upsert,L0032,B_no_decision_flip,0.0
b03v2,base,agg_static@rho0.8,rep1_base_agg_static@rho0.8_b03v2,1,agg_static,0.8,2,upsert,L0027,D_meaningful_value_flip,40.96
b03v2,base,agg_static@rho0.8,rep1_base_agg_static@rho0.8_b03v2,1,agg_static,0.8,3,upsert,L0048,D_meaningful_value_flip,40.96
b03v2,base,agg_static@rho0.8,rep1_base_agg_static@rho0.8_b03v2,1,agg_static,0.8,4,upsert,L0010,D_meaningful_value_flip,36.96
b03v2,base,agg_static@rho0.8,rep1_base_agg_static@rho0.8_b03v2,1,agg_static,0.8,5,upsert,L0019,A_no_future_use,
b03v2,base,agg_static@rho0.8,rep1_base_agg_static@rho0.8_b03v2,1,agg_static,0.8,6,upsert,L0055,B_no_decision_flip,0.0
b03v2,base,agg_static@rho0.8,rep1_base_agg_static@rho0.8_b03v2,1,agg_static,0.8,7,upsert,L0039,A_no_future_use,
b03v2,base,agg_static@rho0.8,rep1_base_agg_static@rho0.8_b03v2,1,agg_static,0.8,8,upsert,L0013,A_no_future_use,
b03v2,base,agg_static@rho0.8,rep1_base_agg_static@rho0.8_b03v2,1,agg_static,0.8,9,upsert,L0000,B_no_decision_flip,0.0
b03v2,base,agg_static@rho0.8,rep1_base_agg_static@rho0.8_b03v2,1,agg_static,0.8,10,upsert,L0017,D_meaningful_value_flip,40.96
b03v2,base,agg_static@rho0.8,rep1_base_agg_static@rho0.8_b03v2,1,agg_static,0.8,11,upsert,L0002,B_no_decision_flip,0.0
b03v2,base,agg_static@rho0.8,rep1_base_agg_static@rho0.8_b03v2,1,agg_static,0.8,12,upsert,L0000,C_low_value_flip,0.0
b03v2,base,agg_static@rho0.8,rep1_base_agg_static@rho0.8_b03v2,1,agg_static,0.8,14,upsert,L0002,C_low_value_flip,0.0
b03v2,base,agg_static@rho0.8,rep1_base_agg_static@rho0.8_b03v2,1,agg_static,0.8,15,upsert,L0051,A_no_future_use,
b03v2,base,agg_static@rho0.8,rep1_base_agg_static@rho0.8_b03v2,1,agg_static,0.8,16,upsert,L0055,B_no_decision_flip,0.0
b03v2,base,agg_static@rho0.8,rep1_base_agg_static@rho0.8_b03v2,1,agg_static,0.8,17,upsert,L0055,B_no_decision_flip,10.24
b03v2,base,agg_static@rho0.8,rep1_base_agg_static@rho0.8_b03v2,1,agg_static,0.8,18,upsert,L0004,D_meaningful_value_flip,38.96
b03v2,base,agg_static@rho0.8,rep1_base_agg_static@rho0.8_b03v2,1,agg_static,0.8,19,upsert,L0025,A_no_future_use,
b03v2,base,agg_static@rho0.8,rep1_base_agg_static@rho0.8_b03v2,1,agg_static,0.8,20,upsert,L0000,B_no_decision_flip,0.0
b03v2,base,agg_static@rho0.8,rep1_base_agg_static@rho0.8_b03v2,1,agg_static,0.8,21,upsert,L0006,B_no_decision_flip,0.0
b03v2,base,agg_static@rho0.8,rep1_base_agg_static@rho0.8_b03v2,1,agg_static,0.8,22,upsert,L0039,A_no_future_use,
b03v2,base,agg_static@rho0.8,rep1_base_agg_static@rho0.8_b03v2,1,agg_static,0.8,23,upsert,L0000,B_no_decision_flip,0.0
b03v2,base,agg_static@rho0.8,rep1_base_agg_static@rho0.8_b03v2,1,agg_static,0.8,24,upsert,L0047,A_no_future_use,
b03v2,base,agg_static@rho0.8,rep1_base_agg_static@rho0.8_b03v2,1,agg_static,0.8,25,upsert,L0002,D_meaningful_value_flip,20.48
b03v2,base,agg_static@rho0.8,rep1_base_agg_static@rho0.8_b03v2,1,agg_static,0.8,26,upsert,L0003,D_meaningful_value_flip,38.96
b03v2,base,agg_static@rho0.8,rep1_base_agg_static@rho0.8_b03v2,1,agg_static,0.8,27,upsert,L0022,B_no_decision_flip,0.0
b03v2,base,agg_static@rho0.8,rep1_base_agg_static@rho0.8_b03v2,1,agg_static,0.8,28,upsert,L0042,A_no_future_use,
b03v2,base,agg_static@rho0.8,rep1_base_agg_static@rho0.8_b03v2,1,agg_static,0.8,29,upsert,L0008,D_meaningful_value_flip,40.96
b03v2,base,agg_static@rho0.8,rep1_base_agg_static@rho0.8_b03v2,1,agg_static,0.8,30,upsert,L0062,D_meaningful_value_flip,40.96
b03v2,base,agg_static@rho0.8,rep1_base_agg_static@rho0.8_b03v2,1,agg_static,0.8,31,upsert,L0021,D_meaningful_value_flip,38.96
b03v2,base,agg_static@rho0.8,rep1_base_agg_static@rho0.8_b03v2,1,agg_static,0.8,32,upsert,L0006,D_meaningful_value_flip,10.24
b03v2,base,agg_static@rho0.8,rep1_base_agg_static@rho0.8_b03v2,1,agg_static,0.8,33,upsert,L0011,A_no_future_use,
b03v2,base,agg_static@rho0.8,rep1_base_agg_static@rho0.8_b03v2,1,agg_static,0.8,34,upsert,L0002,B_no_decision_flip,0.0
b03v2,base,agg_static@rho0.8,rep1_base_agg_static@rho0.8_b03v2,1,agg_static,0.8,35,upsert,L0011,A_no_future_use,
b03v2,base,agg_static@rho0.8,rep1_base_agg_static@rho0.8_b03v2,1,agg_static,0.8,36,upsert,L0002,A_no_future_use,
b03v2,base,agg_static@rho0.8,rep1_base_agg_static@rho0.8_b03v2,1,agg_static,0.8,37,upsert,L0015,D_meaningful_value_flip,40.96
b03v2,base,agg_static@rho0.8,rep1_base_agg_static@rho0.8_b03v2,1,agg_static,0.8,38,upsert,L0046,A_no_future_use,
b03v2,base,agg_static@rho0.8,rep1_base_agg_static@rho0.8_b03v2,1,agg_static,0.8,39,upsert,L0043,A_no_future_use,
b03v2,base,agg_static@rho0.8,rep1_base_agg_static@rho0.8_b03v2,1,agg_static,0.8,40,upsert,L0053,B_no_decision_flip,0.0
b03v2,base,agg_static@rho0.8,rep1_base_agg_static@rho0.8_b03v2,1,agg_static,0.8,41,upsert,L0027,A_no_future_use,
b03v2,base,agg_static@rho0.8,rep1_base_agg_static@rho0.8_b03v2,1,agg_static,0.8,42,upsert,L0041,A_no_future_use,
b03v2,base,agg_static@rho0.8,rep1_base_agg_static@rho0.8_b03v2,1,agg_static,0.8,43,upsert,L0005,D_meaningful_value_flip,38.96
b03v2,base,agg_static@rho0.8,rep1_base_agg_static@rho0.8_b03v2,1,agg_static,0.8,44,upsert,L0001,D_meaningful_value_flip,38.96
b03v2,base,agg_static@rho0.8,rep1_base_agg_static@rho0.8_b03v2,1,agg_static,0.8,45,upsert,L0056,A_no_future_use,
b03v2,base,agg_static@rho0.8,rep1_base_agg_static@rho0.8_b03v2,1,agg_static,0.8,46,upsert,L0000,D_meaningful_value_flip,8.24
b03v2,base,agg_static@rho0.8,rep1_base_agg_static@rho0.8_b03v2,1,agg_static,0.8,47,upsert,L0009,A_no_future_use,
b03v2,base,agg_static@rho0.8,rep1_base_agg_static@rho0.8_b03v2,1,agg_static,0.8,48,upsert,L0048,A_no_future_use,
b03v2,base,agg_static@rho0.8,rep1_base_agg_static@rho0.8_b03v2,1,agg_static,0.8,49,upsert,L0017,A_no_future_use,
b03v2,base,agg_static@rho0.8,rep1_base_agg_static@rho0.8_b03v2,1,agg_static,0.8,50,upsert,L0008,D_meaningful_value_flip,8.24
b03v2,base,agg_static@rho0.8,rep1_base_agg_static@rho0.8_b03v2,1,agg_static,0.8,51,upsert,L0003,B_no_decision_flip,0.0
b03v2,base,agg_static@rho0.8,rep1_base_agg_static@rho0.8_b03v2,1,agg_static,0.8,52,upsert,L0007,A_no_future_use,
b03v2,base,agg_static@rho0.8,rep1_base_agg_static@rho0.8_b03v2,1,agg_static,0.8,53,upsert,L0048,A_no_future_use,
b03v2,base,agg_static@rho0.8,rep1_base_agg_static@rho0.8_b03v2,1,agg_static,0.8,54,upsert,L0006,A_no_future_use,
b03v2,base,agg_static@rho0.8,rep1_base_agg_static@rho0.8_b03v2,1,agg_static,0.8,55,upsert,L0038,D_meaningful_value_flip,36.96
b03v2,base,agg_static@rho0.8,rep1_base_agg_static@rho0.8_b03v2,1,agg_static,0.8,56,upsert,L0003,B_no_decision_flip,0.0
b03v2,base,agg_static@rho0.8,rep1_base_agg_static@rho0.8_b03v2,1,agg_static,0.8,57,upsert,L0000,B_no_decision_flip,0.0
b03v2,base,agg_static@rho0.8,rep1_base_agg_static@rho0.8_b03v2,1,agg_static,0.8,58,upsert,L0059,A_no_future_use,
b03v2,base,agg_static@rho0.8,rep1_base_agg_static@rho0.8_b03v2,1,agg_static,0.8,59,upsert,L0030,A_no_future_use,
b03v2,base,agg_static@rho0.8,rep1_base_agg_static@rho0.8_b03v2,1,agg_static,0.8,60,upsert,L0062,A_no_future_use,
b03v2,base,agg_static@rho0.8,rep1_base_agg_static@rho0.8_b03v2,1,agg_static,0.8,61,upsert,L0002,A_no_future_use,
b03v2,base,agg_static@rho0.8,rep1_base_agg_static@rho0.8_b03v2,1,agg_static,0.8,62,upsert,L0002,A_no_future_use,
b03v2,base,agg_static@rho0.8,rep1_base_agg_static@rho0.8_b03v2,1,agg_static,0.8,63,upsert,L0036,A_no_future_use,
b03v2,base,agg_static@rho0.8,rep1_base_agg_static@rho0.8_b03v2,1,agg_static,0.8,64,upsert,L0001,A_no_future_use,
b03v2,base,agg_static@rho0.8,rep1_base_agg_static@rho0.8_b03v2,1,agg_static,0.8,65,upsert,L0000,A_no_future_use,
b03v2,base,agg_static@rho0.8,rep1_base_agg_static@rho0.8_b03v2,1,agg_static,0.8,66,upsert,L0003,A_no_future_use,
b03v2,base,agg_static@rho0.8,rep1_base_agg_static@rho0.8_b03v2,1,agg_static,0.8,67,upsert,L0023,A_no_future_use,
b03v2,base,agg_static@rho0.8,rep1_base_agg_static@rho0.8_b03v2,1,agg_static,0.8,68,upsert,L0000,A_no_future_use,
b03v2,base,agg_static@rho0.8,rep1_base_agg_static@rho0.8_b03v2,1,agg_static,0.8,69,upsert,L0021,A_no_future_use,
b03v2,base,agg_static@rho0.8,rep1_base_agg_static@rho0.8_b03v2,1,agg_static,0.8,70,upsert,L0032,A_no_future_use,
b03v2,base,agg_static@rho0.8,rep1_base_agg_static@rho0.8_b03v2,1,agg_static,0.8,71,upsert,L0055,A_no_future_use,
b03v2,base,agg_static@rho0.8,rep1_base_agg_static@rho0.8_b03v2,1,agg_static,0.8,72,upsert,L0015,A_no_future_use,
b03v2,base,agg_static@rho0.8,rep1_base_agg_static@rho0.8_b03v2,1,agg_static,0.8,73,upsert,L0008,A_no_future_use,
b03v2,base,agg_static@rho0.8,rep1_base_agg_static@rho0.8_b03v2,1,agg_static,0.8,74,upsert,L0030,A_no_future_use,
b03v2,base,agg_static@rho0.8,rep1_base_agg_static@rho0.8_b03v2,1,agg_static,0.8,75,upsert,L0004,A_no_future_use,
b03v2,base,agg_static@rho0.8,rep1_base_agg_static@rho0.8_b03v2,1,agg_static,0.8,76,upsert,L0035,A_no_future_use,
b03v2,base,agg_static@rho0.8,rep1_base_agg_static@rho0.8_b03v2,1,agg_static,0.8,77,upsert,L0022,A_no_future_use,
b03v2,base,agg_static@rho0.8,rep1_base_agg_static@rho0.8_b03v2,1,agg_static,0.8,78,upsert,L0003,A_no_future_use,
b03v2,base,agg_static@rho0.8,rep1_base_agg_static@rho0.8_b03v2,1,agg_static,0.8,79,upsert,L0005,A_no_future_use,
b03v2,base,agg_static@rho0.8,rep1_base_agg_static@rho0.8_b03v2,1,agg_static,0.8,80,upsert,L0053,A_no_future_use,
b03v2,base,agg_static@rho0.8,rep1_base_agg_static@rho0.8_b03v2,1,agg_static,0.8,81,upsert,L0000,A_no_future_use,
b03v2,base,agg_static@rho0.8,rep1_base_agg_static@rho0.8_b03v2,1,agg_static,0.8,82,upsert,L0010,A_no_future_use,
b03v2,base,agg_static@rho0.8,rep1_base_agg_static@rho0.8_b03v2,1,agg_static,0.8,83,upsert,L0008,A_no_future_use,
b03v2,base,agg_static@rho0.8,rep1_base_agg_static@rho0.8_b03v2,1,agg_static,0.8,84,upsert,L0033,A_no_future_use,
b03v2,base,agg_static@rho0.8,rep1_base_agg_static@rho0.8_b03v2,1,agg_static,0.8,85,upsert,L0012,A_no_future_use,
b03v2,base,agg_static@rho0.8,rep1_base_agg_static@rho0.8_b03v2,1,agg_static,0.8,86,upsert,L0008,A_no_future_use,
b03v2,base,agg_static@rho0.8,rep1_base_agg_static@rho0.8_b03v2,1,agg_static,0.8,87,upsert,L0029,A_no_future_use,
b03v2,base,agg_static@rho0.8,rep1_base_agg_static@rho0.8_b03v2,1,agg_static,0.8,88,upsert,L0057,A_no_future_use,
b03v2,base,agg_static@rho0.8,rep1_base_agg_static@rho0.8_b03v2,1,agg_static,0.8,89,upsert,L0004,A_no_future_use,
b03v2,base,agg_static@rho0.8,rep1_base_agg_static@rho0.8_b03v2,1,agg_static,0.8,90,upsert,L0003,A_no_future_use,
b03v2,base,agg_static@rho0.8,rep1_base_agg_static@rho0.8_b03v2,1,agg_static,0.8,91,upsert,L0001,A_no_future_use,
b03v2,base,agg_static@rho0.8,rep1_base_agg_static@rho0.8_b03v2,1,agg_static,0.8,92,upsert,L0029,A_no_future_use,
b03v2,base,agg_static@rho0.8,rep1_base_agg_static@rho0.8_b03v2,1,agg_static,0.8,93,upsert,L0020,A_no_future_use,
b03v2,base,agg_static@rho0.8,rep1_base_agg_static@rho0.8_b03v2,1,agg_static,0.8,94,upsert,L0000,A_no_future_use,
b03v2,base,agg_static@rho0.8,rep1_base_agg_static@rho0.8_b03v2,1,agg_static,0.8,95,upsert,L0038,A_no_future_use,
b03v2,base,agg_static@rho0.8,rep1_base_agg_static@rho0.8_b03v2,1,agg_static,0.8,96,upsert,L0076,B_no_decision_flip,0.0
b03v2,base,agg_static@rho0.8,rep1_base_agg_static@rho0.8_b03v2,1,agg_static,0.8,97,upsert,L0074,D_meaningful_value_flip,40.96
b03v2,base,agg_static@rho0.8,rep1_base_agg_static@rho0.8_b03v2,1,agg_static,0.8,98,upsert,L0076,D_meaningful_value_flip,10.24
b03v2,base,agg_static@rho0.8,rep1_base_agg_static@rho0.8_b03v2,1,agg_static,0.8,99,upsert,L0098,A_no_future_use,
b03v2,base,agg_static@rho0.8,rep1_base_agg_static@rho0.8_b03v2,1,agg_static,0.8,100,upsert,L0116,A_no_future_use,
b03v2,base,agg_static@rho0.8,rep1_base_agg_static@rho0.8_b03v2,1,agg_static,0.8,101,upsert,L0070,B_no_decision_flip,0.0
b03v2,base,agg_static@rho0.8,rep1_base_agg_static@rho0.8_b03v2,1,agg_static,0.8,102,upsert,L0066,A_no_future_use,
b03v2,base,agg_static@rho0.8,rep1_base_agg_static@rho0.8_b03v2,1,agg_static,0.8,103,upsert,L0084,D_meaningful_value_flip,38.96
b03v2,base,agg_static@rho0.8,rep1_base_agg_static@rho0.8_b03v2,1,agg_static,0.8,104,upsert,L0069,B_no_decision_flip,0.0
b03v2,base,agg_static@rho0.8,rep1_base_agg_static@rho0.8_b03v2,1,agg_static,0.8,105,upsert,L0095,A_no_future_use,
b03v2,base,agg_static@rho0.8,rep1_base_agg_static@rho0.8_b03v2,1,agg_static,0.8,106,upsert,L0065,D_meaningful_value_flip,40.96
b03v2,base,agg_static@rho0.8,rep1_base_agg_static@rho0.8_b03v2,1,agg_static,0.8,107,upsert,L0071,D_meaningful_value_flip,40.96
b03v2,base,agg_static@rho0.8,rep1_base_agg_static@rho0.8_b03v2,1,agg_static,0.8,108,upsert,L0104,A_no_future_use,
b03v2,base,agg_static@rho0.8,rep1_base_agg_static@rho0.8_b03v2,1,agg_static,0.8,109,upsert,L0084,B_no_decision_flip,10.24
b03v2,base,agg_static@rho0.8,rep1_base_agg_static@rho0.8_b03v2,1,agg_static,0.8,110,upsert,L0083,D_meaningful_value_flip,40.96
b03v2,base,agg_static@rho0.8,rep1_base_agg_static@rho0.8_b03v2,1,agg_static,0.8,111,upsert,L0103,A_no_future_use,
b03v2,base,agg_static@rho0.8,rep1_base_agg_static@rho0.8_b03v2,1,agg_static,0.8,112,upsert,L0110,A_no_future_use,
b03v2,base,agg_static@rho0.8,rep1_base_agg_static@rho0.8_b03v2,1,agg_static,0.8,113,upsert,L0116,A_no_future_use,
b03v2,base,agg_static@rho0.8,rep1_base_agg_static@rho0.8_b03v2,1,agg_static,0.8,114,upsert,L0098,A_no_future_use,
b03v2,base,agg_static@rho0.8,rep1_base_agg_static@rho0.8_b03v2,1,agg_static,0.8,115,upsert,L0066,A_no_future_use,
b03v2,base,agg_static@rho0.8,rep1_base_agg_static@rho0.8_b03v2,1,agg_static,0.8,116,upsert,L0064,B_no_decision_flip,0.0
b03v2,base,agg_static@rho0.8,rep1_base_agg_static@rho0.8_b03v2,1,agg_static,0.8,117,upsert,L0080,A_no_future_use,
b03v2,base,agg_static@rho0.8,rep1_base_agg_static@rho0.8_b03v2,1,agg_static,0.8,118,upsert,L0072,D_meaningful_value_flip,40.96
b03v2,base,agg_static@rho0.8,rep1_base_agg_static@rho0.8_b03v2,1,agg_static,0.8,119,upsert,L0065,B_no_decision_flip,0.0
b03v2,base,agg_static@rho0.8,rep1_base_agg_static@rho0.8_b03v2,1,agg_static,0.8,120,upsert,L0064,B_no_decision_flip,0.0
b03v2,base,agg_static@rho0.8,rep1_base_agg_static@rho0.8_b03v2,1,agg_static,0.8,121,upsert,L0065,D_meaningful_value_flip,12.24
b03v2,base,agg_static@rho0.8,rep1_base_agg_static@rho0.8_b03v2,1,agg_static,0.8,122,upsert,L0068,D_meaningful_value_flip,40.96
b03v2,base,agg_static@rho0.8,rep1_base_agg_static@rho0.8_b03v2,1,agg_static,0.8,123,upsert,L0095,A_no_future_use,
b03v2,base,agg_static@rho0.8,rep1_base_agg_static@rho0.8_b03v2,1,agg_static,0.8,124,upsert,L0099,A_no_future_use,
b03v2,base,agg_static@rho0.8,rep1_base_agg_static@rho0.8_b03v2,1,agg_static,0.8,125,upsert,L0096,A_no_future_use,
b03v2,base,agg_static@rho0.8,rep1_base_agg_static@rho0.8_b03v2,1,agg_static,0.8,126,upsert,L0072,A_no_future_use,
b03v2,base,agg_static@rho0.8,rep1_base_agg_static@rho0.8_b03v2,1,agg_static,0.8,128,upsert,L0077,A_no_future_use,
b03v2,base,agg_static@rho0.8,rep1_base_agg_static@rho0.8_b03v2,1,agg_static,0.8,129,upsert,L0072,A_no_future_use,
b03v2,base,agg_static@rho0.8,rep1_base_agg_static@rho0.8_b03v2,1,agg_static,0.8,130,upsert,L0070,A_no_future_use,
b03v2,base,agg_static@rho0.8,rep1_base_agg_static@rho0.8_b03v2,1,agg_static,0.8,131,upsert,L0068,A_no_future_use,
b03v2,base,agg_static@rho0.8,rep1_base_agg_static@rho0.8_b03v2,1,agg_static,0.8,133,upsert,L0069,D_meaningful_value_flip,12.24
b03v2,base,agg_static@rho0.8,rep1_base_agg_static@rho0.8_b03v2,1,agg_static,0.8,134,upsert,L0072,A_no_future_use,
b03v2,base,agg_static@rho0.8,rep1_base_agg_static@rho0.8_b03v2,1,agg_static,0.8,135,upsert,L0068,A_no_future_use,
b03v2,base,agg_static@rho0.8,rep1_base_agg_static@rho0.8_b03v2,1,agg_static,0.8,136,upsert,L0124,A_no_future_use,
b03v2,base,agg_static@rho0.8,rep1_base_agg_static@rho0.8_b03v2,1,agg_static,0.8,137,upsert,L0126,A_no_future_use,
b03v2,base,agg_static@rho0.8,rep1_base_agg_static@rho0.8_b03v2,1,agg_static,0.8,138,upsert,L0113,A_no_future_use,
b03v2,base,agg_static@rho0.8,rep1_base_agg_static@rho0.8_b03v2,1,agg_static,0.8,139,upsert,L0079,D_meaningful_value_flip,40.96
b03v2,base,agg_static@rho0.8,rep1_base_agg_static@rho0.8_b03v2,1,agg_static,0.8,140,upsert,L0093,A_no_future_use,
b03v2,base,agg_static@rho0.8,rep1_base_agg_static@rho0.8_b03v2,1,agg_static,0.8,141,upsert,L0086,A_no_future_use,
b03v2,base,agg_static@rho0.8,rep1_base_agg_static@rho0.8_b03v2,1,agg_static,0.8,143,upsert,L0108,A_no_future_use,
b03v2,base,agg_static@rho0.8,rep1_base_agg_static@rho0.8_b03v2,1,agg_static,0.8,144,upsert,L0074,A_no_future_use,
b03v2,base,agg_static@rho0.8,rep1_base_agg_static@rho0.8_b03v2,1,agg_static,0.8,145,upsert,L0103,A_no_future_use,
b03v2,base,agg_static@rho0.8,rep1_base_agg_static@rho0.8_b03v2,1,agg_static,0.8,146,upsert,L0089,D_meaningful_value_flip,38.96
b03v2,base,agg_static@rho0.8,rep1_base_agg_static@rho0.8_b03v2,1,agg_static,0.8,147,upsert,L0084,A_no_future_use,
b03v2,base,agg_static@rho0.8,rep1_base_agg_static@rho0.8_b03v2,1,agg_static,0.8,148,upsert,L0065,A_no_future_use,
b03v2,base,agg_static@rho0.8,rep1_base_agg_static@rho0.8_b03v2,1,agg_static,0.8,149,upsert,L0070,A_no_future_use,
b03v2,base,agg_static@rho0.8,rep1_base_agg_static@rho0.8_b03v2,1,agg_static,0.8,150,upsert,L0097,A_no_future_use,
b03v2,base,agg_static@rho0.8,rep1_base_agg_static@rho0.8_b03v2,1,agg_static,0.8,151,upsert,L0088,A_no_future_use,
b03v2,base,agg_static@rho0.8,rep1_base_agg_static@rho0.8_b03v2,1,agg_static,0.8,152,upsert,L0092,A_no_future_use,
b03v2,base,agg_static@rho0.8,rep1_base_agg_static@rho0.8_b03v2,1,agg_static,0.8,153,upsert,L0107,A_no_future_use,
b03v2,base,agg_static@rho0.8,rep1_base_agg_static@rho0.8_b03v2,1,agg_static,0.8,154,upsert,L0109,A_no_future_use,
b03v2,base,agg_static@rho0.8,rep1_base_agg_static@rho0.8_b03v2,1,agg_static,0.8,155,upsert,L0070,A_no_future_use,
b03v2,base,agg_static@rho0.8,rep1_base_agg_static@rho0.8_b03v2,1,agg_static,0.8,156,upsert,L0125,A_no_future_use,
b03v2,base,agg_static@rho0.8,rep1_base_agg_static@rho0.8_b03v2,1,agg_static,0.8,157,upsert,L0065,A_no_future_use,
b03v2,base,agg_static@rho0.8,rep1_base_agg_static@rho0.8_b03v2,1,agg_static,0.8,158,upsert,L0108,A_no_future_use,
b03v2,base,agg_static@rho0.8,rep1_base_agg_static@rho0.8_b03v2,1,agg_static,0.8,159,upsert,L0073,A_no_future_use,
b03v2,base,agg_static@rho0.8,rep1_base_agg_static@rho0.8_b03v2,1,agg_static,0.8,160,upsert,L0072,A_no_future_use,
b03v2,base,agg_static@rho0.8,rep1_base_agg_static@rho0.8_b03v2,1,agg_static,0.8,161,upsert,L0105,A_no_future_use,
b03v2,base,agg_static@rho0.8,rep1_base_agg_static@rho0.8_b03v2,1,agg_static,0.8,162,upsert,L0077,A_no_future_use,
b03v2,base,agg_static@rho0.8,rep1_base_agg_static@rho0.8_b03v2,1,agg_static,0.8,163,upsert,L0124,A_no_future_use,
b03v2,base,agg_static@rho0.8,rep1_base_agg_static@rho0.8_b03v2,1,agg_static,0.8,164,upsert,L0121,A_no_future_use,
b03v2,base,agg_static@rho0.8,rep1_base_agg_static@rho0.8_b03v2,1,agg_static,0.8,165,upsert,L0100,A_no_future_use,
b03v2,base,agg_static@rho0.8,rep1_base_agg_static@rho0.8_b03v2,1,agg_static,0.8,166,upsert,L0068,A_no_future_use,
b03v2,base,agg_static@rho1.0,rep1_base_agg_static@rho1.0_b03v2,1,agg_static,1.0,2,upsert,L0027,A_no_future_use,
b03v2,base,agg_static@rho1.0,rep1_base_agg_static@rho1.0_b03v2,1,agg_static,1.0,3,upsert,L0048,B_no_decision_flip,0.0
b03v2,base,agg_static@rho1.0,rep1_base_agg_static@rho1.0_b03v2,1,agg_static,1.0,4,upsert,L0010,D_meaningful_value_flip,38.96
b03v2,base,agg_static@rho1.0,rep1_base_agg_static@rho1.0_b03v2,1,agg_static,1.0,6,upsert,L0055,B_no_decision_flip,0.0
b03v2,base,agg_static@rho1.0,rep1_base_agg_static@rho1.0_b03v2,1,agg_static,1.0,8,upsert,L0013,A_no_future_use,
b03v2,base,agg_static@rho1.0,rep1_base_agg_static@rho1.0_b03v2,1,agg_static,1.0,10,upsert,L0017,A_no_future_use,
b03v2,base,agg_static@rho1.0,rep1_base_agg_static@rho1.0_b03v2,1,agg_static,1.0,11,upsert,L0002,B_no_decision_flip,0.0
b03v2,base,agg_static@rho1.0,rep1_base_agg_static@rho1.0_b03v2,1,agg_static,1.0,14,upsert,L0002,D_meaningful_value_flip,8.24
b03v2,base,agg_static@rho1.0,rep1_base_agg_static@rho1.0_b03v2,1,agg_static,1.0,16,upsert,L0055,D_meaningful_value_flip,8.24
b03v2,base,agg_static@rho1.0,rep1_base_agg_static@rho1.0_b03v2,1,agg_static,1.0,18,upsert,L0004,B_no_decision_flip,0.0
b03v2,base,agg_static@rho1.0,rep1_base_agg_static@rho1.0_b03v2,1,agg_static,1.0,21,upsert,L0006,A_no_future_use,
b03v2,base,agg_static@rho1.0,rep1_base_agg_static@rho1.0_b03v2,1,agg_static,1.0,22,upsert,L0039,A_no_future_use,
b03v2,base,agg_static@rho1.0,rep1_base_agg_static@rho1.0_b03v2,1,agg_static,1.0,28,upsert,L0042,A_no_future_use,
b03v2,base,agg_static@rho1.0,rep1_base_agg_static@rho1.0_b03v2,1,agg_static,1.0,30,upsert,L0062,A_no_future_use,
b03v2,base,agg_static@rho1.0,rep1_base_agg_static@rho1.0_b03v2,1,agg_static,1.0,32,upsert,L0006,A_no_future_use,
b03v2,base,agg_static@rho1.0,rep1_base_agg_static@rho1.0_b03v2,1,agg_static,1.0,35,upsert,L0011,A_no_future_use,
b03v2,base,agg_static@rho1.0,rep1_base_agg_static@rho1.0_b03v2,1,agg_static,1.0,37,upsert,L0015,D_meaningful_value_flip,40.96
b03v2,base,agg_static@rho1.0,rep1_base_agg_static@rho1.0_b03v2,1,agg_static,1.0,40,upsert,L0053,D_meaningful_value_flip,40.96
b03v2,base,agg_static@rho1.0,rep1_base_agg_static@rho1.0_b03v2,1,agg_static,1.0,41,upsert,L0027,A_no_future_use,
b03v2,base,agg_static@rho1.0,rep1_base_agg_static@rho1.0_b03v2,1,agg_static,1.0,43,upsert,L0005,A_no_future_use,
b03v2,base,agg_static@rho1.0,rep1_base_agg_static@rho1.0_b03v2,1,agg_static,1.0,44,upsert,L0001,D_meaningful_value_flip,40.96
b03v2,base,agg_static@rho1.0,rep1_base_agg_static@rho1.0_b03v2,1,agg_static,1.0,45,upsert,L0056,A_no_future_use,
b03v2,base,agg_static@rho1.0,rep1_base_agg_static@rho1.0_b03v2,1,agg_static,1.0,46,upsert,L0000,B_no_decision_flip,0.0
b03v2,base,agg_static@rho1.0,rep1_base_agg_static@rho1.0_b03v2,1,agg_static,1.0,47,upsert,L0009,A_no_future_use,
b03v2,base,agg_static@rho1.0,rep1_base_agg_static@rho1.0_b03v2,1,agg_static,1.0,48,upsert,L0048,A_no_future_use,
b03v2,base,agg_static@rho1.0,rep1_base_agg_static@rho1.0_b03v2,1,agg_static,1.0,49,upsert,L0017,A_no_future_use,
b03v2,base,agg_static@rho1.0,rep1_base_agg_static@rho1.0_b03v2,1,agg_static,1.0,50,upsert,L0008,A_no_future_use,
b03v2,base,agg_static@rho1.0,rep1_base_agg_static@rho1.0_b03v2,1,agg_static,1.0,51,upsert,L0003,A_no_future_use,
b03v2,base,agg_static@rho1.0,rep1_base_agg_static@rho1.0_b03v2,1,agg_static,1.0,52,upsert,L0007,A_no_future_use,
b03v2,base,agg_static@rho1.0,rep1_base_agg_static@rho1.0_b03v2,1,agg_static,1.0,53,upsert,L0048,A_no_future_use,
b03v2,base,agg_static@rho1.0,rep1_base_agg_static@rho1.0_b03v2,1,agg_static,1.0,55,upsert,L0038,A_no_future_use,
b03v2,base,agg_static@rho1.0,rep1_base_agg_static@rho1.0_b03v2,1,agg_static,1.0,56,upsert,L0003,A_no_future_use,
b03v2,base,agg_static@rho1.0,rep1_base_agg_static@rho1.0_b03v2,1,agg_static,1.0,57,upsert,L0000,A_no_future_use,
b03v2,base,agg_static@rho1.0,rep1_base_agg_static@rho1.0_b03v2,1,agg_static,1.0,58,upsert,L0059,A_no_future_use,
b03v2,base,agg_static@rho1.0,rep1_base_agg_static@rho1.0_b03v2,1,agg_static,1.0,59,upsert,L0030,A_no_future_use,
b03v2,base,agg_static@rho1.0,rep1_base_agg_static@rho1.0_b03v2,1,agg_static,1.0,60,upsert,L0062,A_no_future_use,
b03v2,base,agg_static@rho1.0,rep1_base_agg_static@rho1.0_b03v2,1,agg_static,1.0,61,upsert,L0002,A_no_future_use,
b03v2,base,agg_static@rho1.0,rep1_base_agg_static@rho1.0_b03v2,1,agg_static,1.0,62,upsert,L0002,A_no_future_use,
b03v2,base,agg_static@rho1.0,rep1_base_agg_static@rho1.0_b03v2,1,agg_static,1.0,63,upsert,L0036,A_no_future_use,
b03v2,base,agg_static@rho1.0,rep1_base_agg_static@rho1.0_b03v2,1,agg_static,1.0,64,upsert,L0001,A_no_future_use,
b03v2,base,agg_static@rho1.0,rep1_base_agg_static@rho1.0_b03v2,1,agg_static,1.0,65,upsert,L0000,A_no_future_use,
b03v2,base,agg_static@rho1.0,rep1_base_agg_static@rho1.0_b03v2,1,agg_static,1.0,66,upsert,L0003,A_no_future_use,
b03v2,base,agg_static@rho1.0,rep1_base_agg_static@rho1.0_b03v2,1,agg_static,1.0,67,upsert,L0023,A_no_future_use,
b03v2,base,agg_static@rho1.0,rep1_base_agg_static@rho1.0_b03v2,1,agg_static,1.0,68,upsert,L0000,A_no_future_use,
b03v2,base,agg_static@rho1.0,rep1_base_agg_static@rho1.0_b03v2,1,agg_static,1.0,69,upsert,L0021,A_no_future_use,
b03v2,base,agg_static@rho1.0,rep1_base_agg_static@rho1.0_b03v2,1,agg_static,1.0,70,upsert,L0032,A_no_future_use,
b03v2,base,agg_static@rho1.0,rep1_base_agg_static@rho1.0_b03v2,1,agg_static,1.0,71,upsert,L0055,A_no_future_use,
b03v2,base,agg_static@rho1.0,rep1_base_agg_static@rho1.0_b03v2,1,agg_static,1.0,72,upsert,L0015,A_no_future_use,
b03v2,base,agg_static@rho1.0,rep1_base_agg_static@rho1.0_b03v2,1,agg_static,1.0,73,upsert,L0008,A_no_future_use,
b03v2,base,agg_static@rho1.0,rep1_base_agg_static@rho1.0_b03v2,1,agg_static,1.0,74,upsert,L0030,A_no_future_use,
b03v2,base,agg_static@rho1.0,rep1_base_agg_static@rho1.0_b03v2,1,agg_static,1.0,75,upsert,L0004,A_no_future_use,
b03v2,base,agg_static@rho1.0,rep1_base_agg_static@rho1.0_b03v2,1,agg_static,1.0,76,upsert,L0035,A_no_future_use,
b03v2,base,agg_static@rho1.0,rep1_base_agg_static@rho1.0_b03v2,1,agg_static,1.0,77,upsert,L0022,A_no_future_use,
b03v2,base,agg_static@rho1.0,rep1_base_agg_static@rho1.0_b03v2,1,agg_static,1.0,79,upsert,L0005,A_no_future_use,
b03v2,base,agg_static@rho1.0,rep1_base_agg_static@rho1.0_b03v2,1,agg_static,1.0,80,upsert,L0053,A_no_future_use,
b03v2,base,agg_static@rho1.0,rep1_base_agg_static@rho1.0_b03v2,1,agg_static,1.0,81,upsert,L0000,A_no_future_use,
b03v2,base,agg_static@rho1.0,rep1_base_agg_static@rho1.0_b03v2,1,agg_static,1.0,82,upsert,L0010,A_no_future_use,
b03v2,base,agg_static@rho1.0,rep1_base_agg_static@rho1.0_b03v2,1,agg_static,1.0,83,upsert,L0008,A_no_future_use,
b03v2,base,agg_static@rho1.0,rep1_base_agg_static@rho1.0_b03v2,1,agg_static,1.0,84,upsert,L0033,A_no_future_use,
b03v2,base,agg_static@rho1.0,rep1_base_agg_static@rho1.0_b03v2,1,agg_static,1.0,85,upsert,L0012,A_no_future_use,
b03v2,base,agg_static@rho1.0,rep1_base_agg_static@rho1.0_b03v2,1,agg_static,1.0,87,upsert,L0029,A_no_future_use,
b03v2,base,agg_static@rho1.0,rep1_base_agg_static@rho1.0_b03v2,1,agg_static,1.0,88,upsert,L0057,A_no_future_use,
b03v2,base,agg_static@rho1.0,rep1_base_agg_static@rho1.0_b03v2,1,agg_static,1.0,89,upsert,L0004,A_no_future_use,
b03v2,base,agg_static@rho1.0,rep1_base_agg_static@rho1.0_b03v2,1,agg_static,1.0,91,upsert,L0001,A_no_future_use,
b03v2,base,agg_static@rho1.0,rep1_base_agg_static@rho1.0_b03v2,1,agg_static,1.0,92,upsert,L0029,A_no_future_use,
b03v2,base,agg_static@rho1.0,rep1_base_agg_static@rho1.0_b03v2,1,agg_static,1.0,93,upsert,L0020,A_no_future_use,
b03v2,base,agg_static@rho1.0,rep1_base_agg_static@rho1.0_b03v2,1,agg_static,1.0,94,upsert,L0000,A_no_future_use,
b03v2,base,agg_static@rho1.0,rep1_base_agg_static@rho1.0_b03v2,1,agg_static,1.0,95,upsert,L0038,A_no_future_use,
b03v2,base,agg_static@rho1.0,rep1_base_agg_static@rho1.0_b03v2,1,agg_static,1.0,96,upsert,L0076,B_no_decision_flip,0.0
b03v2,base,agg_static@rho1.0,rep1_base_agg_static@rho1.0_b03v2,1,agg_static,1.0,97,upsert,L0074,D_meaningful_value_flip,40.96
b03v2,base,agg_static@rho1.0,rep1_base_agg_static@rho1.0_b03v2,1,agg_static,1.0,98,upsert,L0076,D_meaningful_value_flip,10.24
b03v2,base,agg_static@rho1.0,rep1_base_agg_static@rho1.0_b03v2,1,agg_static,1.0,99,upsert,L0098,A_no_future_use,
b03v2,base,agg_static@rho1.0,rep1_base_agg_static@rho1.0_b03v2,1,agg_static,1.0,100,upsert,L0116,A_no_future_use,
b03v2,base,agg_static@rho1.0,rep1_base_agg_static@rho1.0_b03v2,1,agg_static,1.0,101,upsert,L0070,A_no_future_use,
b03v2,base,agg_static@rho1.0,rep1_base_agg_static@rho1.0_b03v2,1,agg_static,1.0,102,upsert,L0066,A_no_future_use,
b03v2,base,agg_static@rho1.0,rep1_base_agg_static@rho1.0_b03v2,1,agg_static,1.0,103,upsert,L0084,A_no_future_use,
b03v2,base,agg_static@rho1.0,rep1_base_agg_static@rho1.0_b03v2,1,agg_static,1.0,104,upsert,L0069,D_meaningful_value_flip,38.96
b03v2,base,agg_static@rho1.0,rep1_base_agg_static@rho1.0_b03v2,1,agg_static,1.0,105,upsert,L0095,A_no_future_use,
b03v2,base,agg_static@rho1.0,rep1_base_agg_static@rho1.0_b03v2,1,agg_static,1.0,106,upsert,L0065,A_no_future_use,
b03v2,base,agg_static@rho1.0,rep1_base_agg_static@rho1.0_b03v2,1,agg_static,1.0,107,upsert,L0071,D_meaningful_value_flip,40.96
b03v2,base,agg_static@rho1.0,rep1_base_agg_static@rho1.0_b03v2,1,agg_static,1.0,108,upsert,L0104,A_no_future_use,
b03v2,base,agg_static@rho1.0,rep1_base_agg_static@rho1.0_b03v2,1,agg_static,1.0,109,upsert,L0084,A_no_future_use,
b03v2,base,agg_static@rho1.0,rep1_base_agg_static@rho1.0_b03v2,1,agg_static,1.0,110,upsert,L0083,A_no_future_use,
b03v2,base,agg_static@rho1.0,rep1_base_agg_static@rho1.0_b03v2,1,agg_static,1.0,111,upsert,L0103,A_no_future_use,
b03v2,base,agg_static@rho1.0,rep1_base_agg_static@rho1.0_b03v2,1,agg_static,1.0,112,upsert,L0110,A_no_future_use,
b03v2,base,agg_static@rho1.0,rep1_base_agg_static@rho1.0_b03v2,1,agg_static,1.0,113,upsert,L0116,A_no_future_use,
b03v2,base,agg_static@rho1.0,rep1_base_agg_static@rho1.0_b03v2,1,agg_static,1.0,114,upsert,L0098,A_no_future_use,
b03v2,base,agg_static@rho1.0,rep1_base_agg_static@rho1.0_b03v2,1,agg_static,1.0,115,upsert,L0066,A_no_future_use,
b03v2,base,agg_static@rho1.0,rep1_base_agg_static@rho1.0_b03v2,1,agg_static,1.0,116,upsert,L0064,A_no_future_use,
b03v2,base,agg_static@rho1.0,rep1_base_agg_static@rho1.0_b03v2,1,agg_static,1.0,117,upsert,L0080,A_no_future_use,
b03v2,base,agg_static@rho1.0,rep1_base_agg_static@rho1.0_b03v2,1,agg_static,1.0,118,upsert,L0072,A_no_future_use,
b03v2,base,agg_static@rho1.0,rep1_base_agg_static@rho1.0_b03v2,1,agg_static,1.0,119,upsert,L0065,A_no_future_use,
b03v2,base,agg_static@rho1.0,rep1_base_agg_static@rho1.0_b03v2,1,agg_static,1.0,120,upsert,L0064,A_no_future_use,
b03v2,base,agg_static@rho1.0,rep1_base_agg_static@rho1.0_b03v2,1,agg_static,1.0,121,upsert,L0065,A_no_future_use,
b03v2,base,agg_static@rho1.0,rep1_base_agg_static@rho1.0_b03v2,1,agg_static,1.0,122,upsert,L0068,A_no_future_use,
b03v2,base,agg_static@rho1.0,rep1_base_agg_static@rho1.0_b03v2,1,agg_static,1.0,123,upsert,L0095,A_no_future_use,
b03v2,base,agg_static@rho1.0,rep1_base_agg_static@rho1.0_b03v2,1,agg_static,1.0,124,upsert,L0099,A_no_future_use,
b03v2,base,agg_static@rho1.0,rep1_base_agg_static@rho1.0_b03v2,1,agg_static,1.0,125,upsert,L0096,A_no_future_use,
b03v2,base,agg_static@rho1.0,rep1_base_agg_static@rho1.0_b03v2,1,agg_static,1.0,126,upsert,L0072,A_no_future_use,
b03v2,base,agg_static@rho1.0,rep1_base_agg_static@rho1.0_b03v2,1,agg_static,1.0,128,upsert,L0077,A_no_future_use,
b03v2,base,agg_static@rho1.0,rep1_base_agg_static@rho1.0_b03v2,1,agg_static,1.0,129,upsert,L0072,A_no_future_use,
b03v2,base,agg_static@rho1.0,rep1_base_agg_static@rho1.0_b03v2,1,agg_static,1.0,130,upsert,L0070,A_no_future_use,
b03v2,base,agg_static@rho1.0,rep1_base_agg_static@rho1.0_b03v2,1,agg_static,1.0,131,upsert,L0068,A_no_future_use,
b03v2,base,agg_static@rho1.0,rep1_base_agg_static@rho1.0_b03v2,1,agg_static,1.0,133,upsert,L0069,A_no_future_use,
b03v2,base,agg_static@rho1.0,rep1_base_agg_static@rho1.0_b03v2,1,agg_static,1.0,134,upsert,L0072,A_no_future_use,
b03v2,base,agg_static@rho1.0,rep1_base_agg_static@rho1.0_b03v2,1,agg_static,1.0,135,upsert,L0068,A_no_future_use,
b03v2,base,agg_static@rho1.0,rep1_base_agg_static@rho1.0_b03v2,1,agg_static,1.0,136,upsert,L0124,A_no_future_use,
b03v2,base,agg_static@rho1.0,rep1_base_agg_static@rho1.0_b03v2,1,agg_static,1.0,137,upsert,L0126,A_no_future_use,
b03v2,base,agg_static@rho1.0,rep1_base_agg_static@rho1.0_b03v2,1,agg_static,1.0,138,upsert,L0113,A_no_future_use,
b03v2,base,agg_static@rho1.0,rep1_base_agg_static@rho1.0_b03v2,1,agg_static,1.0,139,upsert,L0079,A_no_future_use,
b03v2,base,agg_static@rho1.0,rep1_base_agg_static@rho1.0_b03v2,1,agg_static,1.0,140,upsert,L0093,A_no_future_use,
b03v2,base,agg_static@rho1.0,rep1_base_agg_static@rho1.0_b03v2,1,agg_static,1.0,141,upsert,L0086,A_no_future_use,
b03v2,base,agg_static@rho1.0,rep1_base_agg_static@rho1.0_b03v2,1,agg_static,1.0,143,upsert,L0108,A_no_future_use,
b03v2,base,agg_static@rho1.0,rep1_base_agg_static@rho1.0_b03v2,1,agg_static,1.0,144,upsert,L0074,A_no_future_use,
b03v2,base,agg_static@rho1.0,rep1_base_agg_static@rho1.0_b03v2,1,agg_static,1.0,145,upsert,L0103,A_no_future_use,
b03v2,base,agg_static@rho1.0,rep1_base_agg_static@rho1.0_b03v2,1,agg_static,1.0,146,upsert,L0089,A_no_future_use,
b03v2,base,agg_static@rho1.0,rep1_base_agg_static@rho1.0_b03v2,1,agg_static,1.0,147,upsert,L0084,A_no_future_use,
b03v2,base,exact_fifo@rho0.8,rep1_base_exact_fifo@rho0.8_b03v2,1,exact_fifo,0.8,0,upsert,L0060,A_no_future_use,
b03v2,base,exact_fifo@rho0.8,rep1_base_exact_fifo@rho0.8_b03v2,1,exact_fifo,0.8,1,upsert,L0032,D_meaningful_value_flip,38.96
b03v2,base,exact_fifo@rho0.8,rep1_base_exact_fifo@rho0.8_b03v2,1,exact_fifo,0.8,2,upsert,L0027,D_meaningful_value_flip,40.96
b03v2,base,exact_fifo@rho0.8,rep1_base_exact_fifo@rho0.8_b03v2,1,exact_fifo,0.8,3,upsert,L0048,D_meaningful_value_flip,40.96
b03v2,base,exact_fifo@rho0.8,rep1_base_exact_fifo@rho0.8_b03v2,1,exact_fifo,0.8,4,upsert,L0010,B_no_decision_flip,0.0
b03v2,base,exact_fifo@rho0.8,rep1_base_exact_fifo@rho0.8_b03v2,1,exact_fifo,0.8,5,upsert,L0019,A_no_future_use,
b03v2,base,exact_fifo@rho0.8,rep1_base_exact_fifo@rho0.8_b03v2,1,exact_fifo,0.8,6,upsert,L0055,B_no_decision_flip,0.0
b03v2,base,exact_fifo@rho0.8,rep1_base_exact_fifo@rho0.8_b03v2,1,exact_fifo,0.8,7,upsert,L0039,A_no_future_use,
b03v2,base,exact_fifo@rho0.8,rep1_base_exact_fifo@rho0.8_b03v2,1,exact_fifo,0.8,8,upsert,L0013,A_no_future_use,
b03v2,base,exact_fifo@rho0.8,rep1_base_exact_fifo@rho0.8_b03v2,1,exact_fifo,0.8,11,upsert,L0002,B_no_decision_flip,0.0
b03v2,base,exact_fifo@rho0.8,rep1_base_exact_fifo@rho0.8_b03v2,1,exact_fifo,0.8,9,upsert,L0000,B_no_decision_flip,0.0
b03v2,base,exact_fifo@rho0.8,rep1_base_exact_fifo@rho0.8_b03v2,1,exact_fifo,0.8,10,upsert,L0017,A_no_future_use,
b03v2,base,exact_fifo@rho0.8,rep1_base_exact_fifo@rho0.8_b03v2,1,exact_fifo,0.8,12,upsert,L0000,B_no_decision_flip,0.0
b03v2,base,exact_fifo@rho0.8,rep1_base_exact_fifo@rho0.8_b03v2,1,exact_fifo,0.8,15,upsert,L0051,A_no_future_use,
b03v2,base,exact_fifo@rho0.8,rep1_base_exact_fifo@rho0.8_b03v2,1,exact_fifo,0.8,14,upsert,L0002,D_meaningful_value_flip,10.24
b03v2,base,exact_fifo@rho0.8,rep1_base_exact_fifo@rho0.8_b03v2,1,exact_fifo,0.8,13,upsert,L0000,D_meaningful_value_flip,10.24
b03v2,base,exact_fifo@rho0.8,rep1_base_exact_fifo@rho0.8_b03v2,1,exact_fifo,0.8,16,upsert,L0055,B_no_decision_flip,0.0
b03v2,base,exact_fifo@rho0.8,rep1_base_exact_fifo@rho0.8_b03v2,1,exact_fifo,0.8,17,upsert,L0055,D_meaningful_value_flip,8.24
b03v2,base,exact_fifo@rho0.8,rep1_base_exact_fifo@rho0.8_b03v2,1,exact_fifo,0.8,18,upsert,L0004,B_no_decision_flip,0.0
b03v2,base,exact_fifo@rho0.8,rep1_base_exact_fifo@rho0.8_b03v2,1,exact_fifo,0.8,19,upsert,L0025,A_no_future_use,
b03v2,base,exact_fifo@rho0.8,rep1_base_exact_fifo@rho0.8_b03v2,1,exact_fifo,0.8,20,upsert,L0000,B_no_decision_flip,0.0
b03v2,base,exact_fifo@rho0.8,rep1_base_exact_fifo@rho0.8_b03v2,1,exact_fifo,0.8,21,upsert,L0006,A_no_future_use,
b03v2,base,exact_fifo@rho0.8,rep1_base_exact_fifo@rho0.8_b03v2,1,exact_fifo,0.8,22,upsert,L0039,A_no_future_use,
b03v2,base,exact_fifo@rho0.8,rep1_base_exact_fifo@rho0.8_b03v2,1,exact_fifo,0.8,23,upsert,L0000,B_no_decision_flip,0.0
b03v2,base,exact_fifo@rho0.8,rep1_base_exact_fifo@rho0.8_b03v2,1,exact_fifo,0.8,24,upsert,L0047,A_no_future_use,
b03v2,base,exact_fifo@rho0.8,rep1_base_exact_fifo@rho0.8_b03v2,1,exact_fifo,0.8,25,upsert,L0002,A_no_future_use,
b03v2,base,exact_fifo@rho0.8,rep1_base_exact_fifo@rho0.8_b03v2,1,exact_fifo,0.8,26,upsert,L0003,D_meaningful_value_flip,40.96
b03v2,base,exact_fifo@rho0.8,rep1_base_exact_fifo@rho0.8_b03v2,1,exact_fifo,0.8,27,upsert,L0022,D_meaningful_value_flip,38.96
b03v2,base,exact_fifo@rho0.8,rep1_base_exact_fifo@rho0.8_b03v2,1,exact_fifo,0.8,28,upsert,L0042,A_no_future_use,
b03v2,base,exact_fifo@rho0.8,rep1_base_exact_fifo@rho0.8_b03v2,1,exact_fifo,0.8,29,upsert,L0008,B_no_decision_flip,0.0
b03v2,base,exact_fifo@rho0.8,rep1_base_exact_fifo@rho0.8_b03v2,1,exact_fifo,0.8,30,upsert,L0062,A_no_future_use,
b03v2,base,exact_fifo@rho0.8,rep1_base_exact_fifo@rho0.8_b03v2,1,exact_fifo,0.8,31,upsert,L0021,A_no_future_use,
b03v2,base,exact_fifo@rho0.8,rep1_base_exact_fifo@rho0.8_b03v2,1,exact_fifo,0.8,32,upsert,L0006,A_no_future_use,
b03v2,base,exact_fifo@rho0.8,rep1_base_exact_fifo@rho0.8_b03v2,1,exact_fifo,0.8,33,upsert,L0011,A_no_future_use,
b03v2,base,exact_fifo@rho0.8,rep1_base_exact_fifo@rho0.8_b03v2,1,exact_fifo,0.8,34,upsert,L0002,A_no_future_use,
b03v2,base,exact_fifo@rho0.8,rep1_base_exact_fifo@rho0.8_b03v2,1,exact_fifo,0.8,35,upsert,L0011,A_no_future_use,
b03v2,base,exact_fifo@rho0.8,rep1_base_exact_fifo@rho0.8_b03v2,1,exact_fifo,0.8,36,upsert,L0002,A_no_future_use,
b03v2,base,exact_fifo@rho0.8,rep1_base_exact_fifo@rho0.8_b03v2,1,exact_fifo,0.8,37,upsert,L0015,A_no_future_use,
b03v2,base,exact_fifo@rho0.8,rep1_base_exact_fifo@rho0.8_b03v2,1,exact_fifo,0.8,38,upsert,L0046,A_no_future_use,
b03v2,base,exact_fifo@rho0.8,rep1_base_exact_fifo@rho0.8_b03v2,1,exact_fifo,0.8,39,upsert,L0043,A_no_future_use,
b03v2,base,exact_fifo@rho0.8,rep1_base_exact_fifo@rho0.8_b03v2,1,exact_fifo,0.8,40,upsert,L0053,A_no_future_use,
b03v2,base,exact_fifo@rho0.8,rep1_base_exact_fifo@rho0.8_b03v2,1,exact_fifo,0.8,41,upsert,L0027,A_no_future_use,
b03v2,base,exact_fifo@rho0.8,rep1_base_exact_fifo@rho0.8_b03v2,1,exact_fifo,0.8,42,upsert,L0041,A_no_future_use,
b03v2,base,exact_fifo@rho0.8,rep1_base_exact_fifo@rho0.8_b03v2,1,exact_fifo,0.8,43,upsert,L0005,A_no_future_use,
b03v2,base,exact_fifo@rho0.8,rep1_base_exact_fifo@rho0.8_b03v2,1,exact_fifo,0.8,44,upsert,L0001,A_no_future_use,
b03v2,base,exact_fifo@rho0.8,rep1_base_exact_fifo@rho0.8_b03v2,1,exact_fifo,0.8,45,upsert,L0056,A_no_future_use,
b03v2,base,exact_fifo@rho0.8,rep1_base_exact_fifo@rho0.8_b03v2,1,exact_fifo,0.8,46,upsert,L0000,B_no_decision_flip,0.0
b03v2,base,exact_fifo@rho0.8,rep1_base_exact_fifo@rho0.8_b03v2,1,exact_fifo,0.8,47,upsert,L0009,A_no_future_use,
b03v2,base,exact_fifo@rho0.8,rep1_base_exact_fifo@rho0.8_b03v2,1,exact_fifo,0.8,48,upsert,L0048,A_no_future_use,
b03v2,base,exact_fifo@rho0.8,rep1_base_exact_fifo@rho0.8_b03v2,1,exact_fifo,0.8,49,upsert,L0017,A_no_future_use,
b03v2,base,exact_fifo@rho0.8,rep1_base_exact_fifo@rho0.8_b03v2,1,exact_fifo,0.8,50,upsert,L0008,A_no_future_use,
b03v2,base,exact_fifo@rho0.8,rep1_base_exact_fifo@rho0.8_b03v2,1,exact_fifo,0.8,51,upsert,L0003,A_no_future_use,
b03v2,base,exact_fifo@rho0.8,rep1_base_exact_fifo@rho0.8_b03v2,1,exact_fifo,0.8,52,upsert,L0007,A_no_future_use,
b03v2,base,exact_fifo@rho0.8,rep1_base_exact_fifo@rho0.8_b03v2,1,exact_fifo,0.8,53,upsert,L0048,A_no_future_use,
b03v2,base,exact_fifo@rho0.8,rep1_base_exact_fifo@rho0.8_b03v2,1,exact_fifo,0.8,54,upsert,L0006,A_no_future_use,
b03v2,base,exact_fifo@rho0.8,rep1_base_exact_fifo@rho0.8_b03v2,1,exact_fifo,0.8,55,upsert,L0038,A_no_future_use,
b03v2,base,exact_fifo@rho0.8,rep1_base_exact_fifo@rho0.8_b03v2,1,exact_fifo,0.8,56,upsert,L0003,A_no_future_use,
b03v2,base,exact_fifo@rho0.8,rep1_base_exact_fifo@rho0.8_b03v2,1,exact_fifo,0.8,57,upsert,L0000,A_no_future_use,
b03v2,base,exact_fifo@rho0.8,rep1_base_exact_fifo@rho0.8_b03v2,1,exact_fifo,0.8,58,upsert,L0059,A_no_future_use,
b03v2,base,exact_fifo@rho0.8,rep1_base_exact_fifo@rho0.8_b03v2,1,exact_fifo,0.8,59,upsert,L0030,A_no_future_use,
b03v2,base,exact_fifo@rho0.8,rep1_base_exact_fifo@rho0.8_b03v2,1,exact_fifo,0.8,60,upsert,L0062,A_no_future_use,
b03v2,base,exact_fifo@rho0.8,rep1_base_exact_fifo@rho0.8_b03v2,1,exact_fifo,0.8,61,upsert,L0002,A_no_future_use,
b03v2,base,exact_fifo@rho0.8,rep1_base_exact_fifo@rho0.8_b03v2,1,exact_fifo,0.8,62,upsert,L0002,A_no_future_use,
b03v2,base,exact_fifo@rho0.8,rep1_base_exact_fifo@rho0.8_b03v2,1,exact_fifo,0.8,63,upsert,L0036,A_no_future_use,
b03v2,base,exact_fifo@rho0.8,rep1_base_exact_fifo@rho0.8_b03v2,1,exact_fifo,0.8,64,upsert,L0001,A_no_future_use,
b03v2,base,exact_fifo@rho0.8,rep1_base_exact_fifo@rho0.8_b03v2,1,exact_fifo,0.8,65,upsert,L0000,A_no_future_use,
b03v2,base,exact_fifo@rho0.8,rep1_base_exact_fifo@rho0.8_b03v2,1,exact_fifo,0.8,66,upsert,L0003,A_no_future_use,
b03v2,base,exact_fifo@rho0.8,rep1_base_exact_fifo@rho0.8_b03v2,1,exact_fifo,0.8,67,upsert,L0023,A_no_future_use,
b03v2,base,exact_fifo@rho0.8,rep1_base_exact_fifo@rho0.8_b03v2,1,exact_fifo,0.8,68,upsert,L0000,A_no_future_use,
b03v2,base,exact_fifo@rho0.8,rep1_base_exact_fifo@rho0.8_b03v2,1,exact_fifo,0.8,69,upsert,L0021,A_no_future_use,
b03v2,base,exact_fifo@rho0.8,rep1_base_exact_fifo@rho0.8_b03v2,1,exact_fifo,0.8,70,upsert,L0032,A_no_future_use,
b03v2,base,exact_fifo@rho0.8,rep1_base_exact_fifo@rho0.8_b03v2,1,exact_fifo,0.8,71,upsert,L0055,A_no_future_use,
b03v2,base,exact_fifo@rho0.8,rep1_base_exact_fifo@rho0.8_b03v2,1,exact_fifo,0.8,72,upsert,L0015,A_no_future_use,
b03v2,base,exact_fifo@rho0.8,rep1_base_exact_fifo@rho0.8_b03v2,1,exact_fifo,0.8,73,upsert,L0008,A_no_future_use,
b03v2,base,exact_fifo@rho0.8,rep1_base_exact_fifo@rho0.8_b03v2,1,exact_fifo,0.8,74,upsert,L0030,A_no_future_use,
b03v2,base,exact_fifo@rho0.8,rep1_base_exact_fifo@rho0.8_b03v2,1,exact_fifo,0.8,75,upsert,L0004,A_no_future_use,
b03v2,base,exact_fifo@rho0.8,rep1_base_exact_fifo@rho0.8_b03v2,1,exact_fifo,0.8,76,upsert,L0035,A_no_future_use,
b03v2,base,exact_fifo@rho0.8,rep1_base_exact_fifo@rho0.8_b03v2,1,exact_fifo,0.8,77,upsert,L0022,A_no_future_use,
b03v2,base,exact_fifo@rho0.8,rep1_base_exact_fifo@rho0.8_b03v2,1,exact_fifo,0.8,78,upsert,L0003,A_no_future_use,
b03v2,base,exact_fifo@rho0.8,rep1_base_exact_fifo@rho0.8_b03v2,1,exact_fifo,0.8,79,upsert,L0005,A_no_future_use,
b03v2,base,exact_fifo@rho0.8,rep1_base_exact_fifo@rho0.8_b03v2,1,exact_fifo,0.8,80,upsert,L0053,A_no_future_use,
b03v2,base,exact_fifo@rho0.8,rep1_base_exact_fifo@rho0.8_b03v2,1,exact_fifo,0.8,81,upsert,L0000,A_no_future_use,
b03v2,base,exact_fifo@rho0.8,rep1_base_exact_fifo@rho0.8_b03v2,1,exact_fifo,0.8,82,upsert,L0010,A_no_future_use,
b03v2,base,exact_fifo@rho0.8,rep1_base_exact_fifo@rho0.8_b03v2,1,exact_fifo,0.8,83,upsert,L0008,A_no_future_use,
b03v2,base,exact_fifo@rho0.8,rep1_base_exact_fifo@rho0.8_b03v2,1,exact_fifo,0.8,84,upsert,L0033,A_no_future_use,
b03v2,base,exact_fifo@rho0.8,rep1_base_exact_fifo@rho0.8_b03v2,1,exact_fifo,0.8,85,upsert,L0012,A_no_future_use,
b03v2,base,exact_fifo@rho0.8,rep1_base_exact_fifo@rho0.8_b03v2,1,exact_fifo,0.8,86,upsert,L0008,A_no_future_use,
b03v2,base,exact_fifo@rho0.8,rep1_base_exact_fifo@rho0.8_b03v2,1,exact_fifo,0.8,87,upsert,L0029,A_no_future_use,
b03v2,base,exact_fifo@rho0.8,rep1_base_exact_fifo@rho0.8_b03v2,1,exact_fifo,0.8,88,upsert,L0057,A_no_future_use,
b03v2,base,exact_fifo@rho0.8,rep1_base_exact_fifo@rho0.8_b03v2,1,exact_fifo,0.8,89,upsert,L0004,A_no_future_use,
b03v2,base,exact_fifo@rho0.8,rep1_base_exact_fifo@rho0.8_b03v2,1,exact_fifo,0.8,90,upsert,L0003,A_no_future_use,
b03v2,base,exact_fifo@rho0.8,rep1_base_exact_fifo@rho0.8_b03v2,1,exact_fifo,0.8,91,upsert,L0001,A_no_future_use,
b03v2,base,exact_fifo@rho0.8,rep1_base_exact_fifo@rho0.8_b03v2,1,exact_fifo,0.8,92,upsert,L0029,A_no_future_use,
b03v2,base,exact_fifo@rho0.8,rep1_base_exact_fifo@rho0.8_b03v2,1,exact_fifo,0.8,93,upsert,L0020,A_no_future_use,
b03v2,base,exact_fifo@rho0.8,rep1_base_exact_fifo@rho0.8_b03v2,1,exact_fifo,0.8,94,upsert,L0000,A_no_future_use,
b03v2,base,exact_fifo@rho0.8,rep1_base_exact_fifo@rho0.8_b03v2,1,exact_fifo,0.8,95,upsert,L0038,A_no_future_use,
b03v2,base,exact_fifo@rho0.8,rep1_base_exact_fifo@rho0.8_b03v2,1,exact_fifo,0.8,96,upsert,L0076,B_no_decision_flip,0.0
b03v2,base,exact_fifo@rho0.8,rep1_base_exact_fifo@rho0.8_b03v2,1,exact_fifo,0.8,97,upsert,L0074,D_meaningful_value_flip,40.96
b03v2,base,exact_fifo@rho0.8,rep1_base_exact_fifo@rho0.8_b03v2,1,exact_fifo,0.8,98,upsert,L0076,D_meaningful_value_flip,10.24
b03v2,base,exact_fifo@rho0.8,rep1_base_exact_fifo@rho0.8_b03v2,1,exact_fifo,0.8,99,upsert,L0098,A_no_future_use,
b03v2,base,exact_fifo@rho0.8,rep1_base_exact_fifo@rho0.8_b03v2,1,exact_fifo,0.8,100,upsert,L0116,A_no_future_use,
b03v2,base,exact_fifo@rho0.8,rep1_base_exact_fifo@rho0.8_b03v2,1,exact_fifo,0.8,101,upsert,L0070,A_no_future_use,
b03v2,base,exact_fifo@rho0.8,rep1_base_exact_fifo@rho0.8_b03v2,1,exact_fifo,0.8,102,upsert,L0066,A_no_future_use,
b03v2,base,exact_fifo@rho0.8,rep1_base_exact_fifo@rho0.8_b03v2,1,exact_fifo,0.8,103,upsert,L0084,A_no_future_use,
b03v2,base,exact_fifo@rho0.8,rep1_base_exact_fifo@rho0.8_b03v2,1,exact_fifo,0.8,104,upsert,L0069,D_meaningful_value_flip,38.96
b03v2,base,exact_fifo@rho0.8,rep1_base_exact_fifo@rho0.8_b03v2,1,exact_fifo,0.8,105,upsert,L0095,A_no_future_use,
b03v2,base,exact_fifo@rho0.8,rep1_base_exact_fifo@rho0.8_b03v2,1,exact_fifo,0.8,106,upsert,L0065,D_meaningful_value_flip,38.96
b03v2,base,exact_fifo@rho0.8,rep1_base_exact_fifo@rho0.8_b03v2,1,exact_fifo,0.8,107,upsert,L0071,D_meaningful_value_flip,40.96
b03v2,base,exact_fifo@rho0.8,rep1_base_exact_fifo@rho0.8_b03v2,1,exact_fifo,0.8,108,upsert,L0104,A_no_future_use,
b03v2,base,exact_fifo@rho0.8,rep1_base_exact_fifo@rho0.8_b03v2,1,exact_fifo,0.8,109,upsert,L0084,A_no_future_use,
b03v2,base,exact_fifo@rho0.8,rep1_base_exact_fifo@rho0.8_b03v2,1,exact_fifo,0.8,110,upsert,L0083,A_no_future_use,
b03v2,base,exact_fifo@rho0.8,rep1_base_exact_fifo@rho0.8_b03v2,1,exact_fifo,0.8,111,upsert,L0103,A_no_future_use,
b03v2,base,exact_fifo@rho0.8,rep1_base_exact_fifo@rho0.8_b03v2,1,exact_fifo,0.8,112,upsert,L0110,A_no_future_use,
b03v2,base,exact_fifo@rho0.8,rep1_base_exact_fifo@rho0.8_b03v2,1,exact_fifo,0.8,113,upsert,L0116,A_no_future_use,
b03v2,base,exact_fifo@rho0.8,rep1_base_exact_fifo@rho0.8_b03v2,1,exact_fifo,0.8,114,upsert,L0098,A_no_future_use,
b03v2,base,exact_fifo@rho0.8,rep1_base_exact_fifo@rho0.8_b03v2,1,exact_fifo,0.8,115,upsert,L0066,A_no_future_use,
b03v2,base,exact_fifo@rho0.8,rep1_base_exact_fifo@rho0.8_b03v2,1,exact_fifo,0.8,116,upsert,L0064,B_no_decision_flip,0.0
b03v2,base,exact_fifo@rho0.8,rep1_base_exact_fifo@rho0.8_b03v2,1,exact_fifo,0.8,117,upsert,L0080,A_no_future_use,
b03v2,base,exact_fifo@rho0.8,rep1_base_exact_fifo@rho0.8_b03v2,1,exact_fifo,0.8,118,upsert,L0072,A_no_future_use,
b03v2,base,exact_fifo@rho0.8,rep1_base_exact_fifo@rho0.8_b03v2,1,exact_fifo,0.8,119,upsert,L0065,A_no_future_use,
b03v2,base,exact_fifo@rho0.8,rep1_base_exact_fifo@rho0.8_b03v2,1,exact_fifo,0.8,120,upsert,L0064,A_no_future_use,
b03v2,base,exact_fifo@rho0.8,rep1_base_exact_fifo@rho0.8_b03v2,1,exact_fifo,0.8,121,upsert,L0065,A_no_future_use,
b03v2,base,exact_fifo@rho0.8,rep1_base_exact_fifo@rho0.8_b03v2,1,exact_fifo,0.8,122,upsert,L0068,A_no_future_use,
b03v2,base,exact_fifo@rho0.8,rep1_base_exact_fifo@rho0.8_b03v2,1,exact_fifo,0.8,123,upsert,L0095,A_no_future_use,
b03v2,base,exact_fifo@rho0.8,rep1_base_exact_fifo@rho0.8_b03v2,1,exact_fifo,0.8,124,upsert,L0099,A_no_future_use,
b03v2,base,exact_fifo@rho0.8,rep1_base_exact_fifo@rho0.8_b03v2,1,exact_fifo,0.8,125,upsert,L0096,A_no_future_use,
b03v2,base,exact_fifo@rho0.8,rep1_base_exact_fifo@rho0.8_b03v2,1,exact_fifo,0.8,126,upsert,L0072,A_no_future_use,
b03v2,base,exact_fifo@rho0.8,rep1_base_exact_fifo@rho0.8_b03v2,1,exact_fifo,0.8,127,upsert,L0095,A_no_future_use,
b03v2,base,exact_fifo@rho0.8,rep1_base_exact_fifo@rho0.8_b03v2,1,exact_fifo,0.8,128,upsert,L0077,A_no_future_use,
b03v2,base,exact_fifo@rho0.8,rep1_base_exact_fifo@rho0.8_b03v2,1,exact_fifo,0.8,129,upsert,L0072,A_no_future_use,
b03v2,base,exact_fifo@rho0.8,rep1_base_exact_fifo@rho0.8_b03v2,1,exact_fifo,0.8,130,upsert,L0070,A_no_future_use,
b03v2,base,exact_fifo@rho0.8,rep1_base_exact_fifo@rho0.8_b03v2,1,exact_fifo,0.8,131,upsert,L0068,A_no_future_use,
b03v2,base,exact_fifo@rho0.8,rep1_base_exact_fifo@rho0.8_b03v2,1,exact_fifo,0.8,132,upsert,L0095,A_no_future_use,
b03v2,base,exact_fifo@rho0.8,rep1_base_exact_fifo@rho0.8_b03v2,1,exact_fifo,0.8,133,upsert,L0069,A_no_future_use,
b03v2,base,exact_fifo@rho0.8,rep1_base_exact_fifo@rho0.8_b03v2,1,exact_fifo,0.8,134,upsert,L0072,A_no_future_use,
b03v2,base,exact_fifo@rho0.8,rep1_base_exact_fifo@rho0.8_b03v2,1,exact_fifo,0.8,135,upsert,L0068,A_no_future_use,
b03v2,base,exact_fifo@rho0.8,rep1_base_exact_fifo@rho0.8_b03v2,1,exact_fifo,0.8,136,upsert,L0124,A_no_future_use,
b03v2,base,exact_fifo@rho0.8,rep1_base_exact_fifo@rho0.8_b03v2,1,exact_fifo,0.8,137,upsert,L0126,A_no_future_use,
b03v2,base,exact_fifo@rho0.8,rep1_base_exact_fifo@rho0.8_b03v2,1,exact_fifo,0.8,138,upsert,L0113,A_no_future_use,
b03v2,base,exact_fifo@rho0.8,rep1_base_exact_fifo@rho0.8_b03v2,1,exact_fifo,0.8,139,upsert,L0079,A_no_future_use,
b03v2,base,exact_fifo@rho0.8,rep1_base_exact_fifo@rho0.8_b03v2,1,exact_fifo,0.8,140,upsert,L0093,A_no_future_use,
b03v2,base,exact_fifo@rho0.8,rep1_base_exact_fifo@rho0.8_b03v2,1,exact_fifo,0.8,141,upsert,L0086,A_no_future_use,
b03v2,base,exact_fifo@rho0.8,rep1_base_exact_fifo@rho0.8_b03v2,1,exact_fifo,0.8,142,upsert,L0068,A_no_future_use,
b03v2,base,exact_fifo@rho0.8,rep1_base_exact_fifo@rho0.8_b03v2,1,exact_fifo,0.8,143,upsert,L0108,A_no_future_use,
b03v2,base,exact_fifo@rho0.8,rep1_base_exact_fifo@rho0.8_b03v2,1,exact_fifo,0.8,144,upsert,L0074,A_no_future_use,
b03v2,base,exact_fifo@rho0.8,rep1_base_exact_fifo@rho0.8_b03v2,1,exact_fifo,0.8,145,upsert,L0103,A_no_future_use,
b03v2,base,exact_fifo@rho0.8,rep1_base_exact_fifo@rho0.8_b03v2,1,exact_fifo,0.8,146,upsert,L0089,A_no_future_use,
b03v2,base,exact_fifo@rho0.8,rep1_base_exact_fifo@rho0.8_b03v2,1,exact_fifo,0.8,147,upsert,L0084,A_no_future_use,
b03v2,base,exact_fifo@rho0.8,rep1_base_exact_fifo@rho0.8_b03v2,1,exact_fifo,0.8,148,upsert,L0065,A_no_future_use,
b03v2,base,exact_fifo@rho0.8,rep1_base_exact_fifo@rho0.8_b03v2,1,exact_fifo,0.8,149,upsert,L0070,A_no_future_use,
b03v2,base,exact_fifo@rho0.8,rep1_base_exact_fifo@rho0.8_b03v2,1,exact_fifo,0.8,150,upsert,L0097,A_no_future_use,
b03v2,base,exact_fifo@rho0.8,rep1_base_exact_fifo@rho0.8_b03v2,1,exact_fifo,0.8,151,upsert,L0088,A_no_future_use,
b03v2,base,exact_fifo@rho0.8,rep1_base_exact_fifo@rho0.8_b03v2,1,exact_fifo,0.8,152,upsert,L0092,A_no_future_use,
b03v2,base,exact_fifo@rho0.8,rep1_base_exact_fifo@rho0.8_b03v2,1,exact_fifo,0.8,153,upsert,L0107,A_no_future_use,
b03v2,base,exact_fifo@rho0.8,rep1_base_exact_fifo@rho0.8_b03v2,1,exact_fifo,0.8,154,upsert,L0109,A_no_future_use,
b03v2,base,exact_fifo@rho0.8,rep1_base_exact_fifo@rho0.8_b03v2,1,exact_fifo,0.8,155,upsert,L0070,A_no_future_use,
b03v2,base,exact_fifo@rho0.8,rep1_base_exact_fifo@rho0.8_b03v2,1,exact_fifo,0.8,156,upsert,L0125,A_no_future_use,
b03v2,base,exact_fifo@rho0.8,rep1_base_exact_fifo@rho0.8_b03v2,1,exact_fifo,0.8,157,upsert,L0065,A_no_future_use,
b03v2,base,exact_fifo@rho0.8,rep1_base_exact_fifo@rho0.8_b03v2,1,exact_fifo,0.8,158,upsert,L0108,A_no_future_use,
b03v2,base,exact_fifo@rho0.8,rep1_base_exact_fifo@rho0.8_b03v2,1,exact_fifo,0.8,159,upsert,L0073,A_no_future_use,
b03v2,base,exact_fifo@rho0.8,rep1_base_exact_fifo@rho0.8_b03v2,1,exact_fifo,0.8,160,upsert,L0072,A_no_future_use,
b03v2,base,exact_fifo@rho0.8,rep1_base_exact_fifo@rho0.8_b03v2,1,exact_fifo,0.8,161,upsert,L0105,A_no_future_use,
b03v2,base,exact_fifo@rho0.8,rep1_base_exact_fifo@rho0.8_b03v2,1,exact_fifo,0.8,162,upsert,L0077,A_no_future_use,
b03v2,base,exact_fifo@rho0.8,rep1_base_exact_fifo@rho0.8_b03v2,1,exact_fifo,0.8,163,upsert,L0124,A_no_future_use,
b03v2,base,exact_fifo@rho0.8,rep1_base_exact_fifo@rho0.8_b03v2,1,exact_fifo,0.8,164,upsert,L0121,A_no_future_use,
b03v2,base,exact_fifo@rho0.8,rep1_base_exact_fifo@rho0.8_b03v2,1,exact_fifo,0.8,165,upsert,L0100,A_no_future_use,
b03v2,base,exact_fifo@rho0.8,rep1_base_exact_fifo@rho0.8_b03v2,1,exact_fifo,0.8,166,upsert,L0068,A_no_future_use,
b03v2,base,exact_fifo@rho0.8,rep1_base_exact_fifo@rho0.8_b03v2,1,exact_fifo,0.8,167,upsert,L0084,A_no_future_use,
b03v2,base,exact_fifo@rho0.8,rep1_base_exact_fifo@rho0.8_b03v2,1,exact_fifo,0.8,168,upsert,L0093,A_no_future_use,
b03v2,base,exact_fifo@rho0.8,rep1_base_exact_fifo@rho0.8_b03v2,1,exact_fifo,0.8,169,upsert,L0093,A_no_future_use,
b03v2,base,exact_fifo@rho0.8,rep1_base_exact_fifo@rho0.8_b03v2,1,exact_fifo,0.8,170,upsert,L0124,A_no_future_use,
b03v2,base,exact_fifo@rho0.8,rep1_base_exact_fifo@rho0.8_b03v2,1,exact_fifo,0.8,171,upsert,L0065,A_no_future_use,
b03v2,base,exact_fifo@rho0.8,rep1_base_exact_fifo@rho0.8_b03v2,1,exact_fifo,0.8,172,upsert,L0074,A_no_future_use,
b03v2,base,exact_fifo@rho0.8,rep1_base_exact_fifo@rho0.8_b03v2,1,exact_fifo,0.8,173,upsert,L0076,A_no_future_use,
b03v2,base,exact_fifo@rho0.8,rep1_base_exact_fifo@rho0.8_b03v2,1,exact_fifo,0.8,174,upsert,L0093,A_no_future_use,
b03v2,base,exact_fifo@rho0.8,rep1_base_exact_fifo@rho0.8_b03v2,1,exact_fifo,0.8,175,upsert,L0120,A_no_future_use,
b03v2,base,exact_fifo@rho0.8,rep1_base_exact_fifo@rho0.8_b03v2,1,exact_fifo,0.8,176,upsert,L0064,A_no_future_use,
b03v2,base,exact_fifo@rho0.8,rep1_base_exact_fifo@rho0.8_b03v2,1,exact_fifo,0.8,177,upsert,L0097,A_no_future_use,
b03v2,base,exact_fifo@rho0.8,rep1_base_exact_fifo@rho0.8_b03v2,1,exact_fifo,0.8,178,upsert,L0065,A_no_future_use,
b03v2,base,exact_fifo@rho0.8,rep1_base_exact_fifo@rho0.8_b03v2,1,exact_fifo,0.8,179,upsert,L0083,A_no_future_use,
b03v2,base,exact_fifo@rho0.8,rep1_base_exact_fifo@rho0.8_b03v2,1,exact_fifo,0.8,180,upsert,L0064,A_no_future_use,
b03v2,base,exact_fifo@rho0.8,rep1_base_exact_fifo@rho0.8_b03v2,1,exact_fifo,0.8,181,upsert,L0079,A_no_future_use,
b03v2,base,exact_fifo@rho0.8,rep1_base_exact_fifo@rho0.8_b03v2,1,exact_fifo,0.8,182,upsert,L0065,A_no_future_use,
b03v2,base,exact_fifo@rho0.8,rep1_base_exact_fifo@rho0.8_b03v2,1,exact_fifo,0.8,183,upsert,L0123,A_no_future_use,
b03v2,base,exact_fifo@rho0.8,rep1_base_exact_fifo@rho0.8_b03v2,1,exact_fifo,0.8,184,upsert,L0071,A_no_future_use,
b03v2,base,exact_fifo@rho0.8,rep1_base_exact_fifo@rho0.8_b03v2,1,exact_fifo,0.8,185,upsert,L0064,A_no_future_use,
b03v2,base,exact_fifo@rho0.8,rep1_base_exact_fifo@rho0.8_b03v2,1,exact_fifo,0.8,186,upsert,L0076,A_no_future_use,
b03v2,base,exact_fifo@rho0.8,rep1_base_exact_fifo@rho0.8_b03v2,1,exact_fifo,0.8,187,upsert,L0089,A_no_future_use,
b03v2,base,exact_fifo@rho0.8,rep1_base_exact_fifo@rho0.8_b03v2,1,exact_fifo,0.8,188,upsert,L0064,A_no_future_use,
b03v2,base,exact_fifo@rho0.8,rep1_base_exact_fifo@rho0.8_b03v2,1,exact_fifo,0.8,189,upsert,L0069,A_no_future_use,
b03v2,base,exact_fifo@rho0.8,rep1_base_exact_fifo@rho0.8_b03v2,1,exact_fifo,0.8,190,upsert,L0078,A_no_future_use,
b03v2,base,exact_fifo@rho0.8,rep1_base_exact_fifo@rho0.8_b03v2,1,exact_fifo,0.8,191,upsert,L0100,A_no_future_use,
b03v2,base,agg_full@rho1.2,rep1_base_agg_full@rho1.2_b03v2,1,agg_full,1.2,0,upsert,L0060,A_no_future_use,
b03v2,base,agg_full@rho1.2,rep1_base_agg_full@rho1.2_b03v2,1,agg_full,1.2,1,upsert,L0032,D_meaningful_value_flip,38.96
b03v2,base,agg_full@rho1.2,rep1_base_agg_full@rho1.2_b03v2,1,agg_full,1.2,2,upsert,L0027,D_meaningful_value_flip,38.96
b03v2,base,agg_full@rho1.2,rep1_base_agg_full@rho1.2_b03v2,1,agg_full,1.2,3,upsert,L0048,B_no_decision_flip,0.0
b03v2,base,agg_full@rho1.2,rep1_base_agg_full@rho1.2_b03v2,1,agg_full,1.2,4,upsert,L0010,D_meaningful_value_flip,38.96
b03v2,base,agg_full@rho1.2,rep1_base_agg_full@rho1.2_b03v2,1,agg_full,1.2,5,upsert,L0019,A_no_future_use,
b03v2,base,agg_full@rho1.2,rep1_base_agg_full@rho1.2_b03v2,1,agg_full,1.2,6,upsert,L0055,B_no_decision_flip,0.0
b03v2,base,agg_full@rho1.2,rep1_base_agg_full@rho1.2_b03v2,1,agg_full,1.2,7,upsert,L0039,A_no_future_use,
b03v2,base,agg_full@rho1.2,rep1_base_agg_full@rho1.2_b03v2,1,agg_full,1.2,8,upsert,L0013,A_no_future_use,
b03v2,base,agg_full@rho1.2,rep1_base_agg_full@rho1.2_b03v2,1,agg_full,1.2,9,upsert,L0000,B_no_decision_flip,0.0
b03v2,base,agg_full@rho1.2,rep1_base_agg_full@rho1.2_b03v2,1,agg_full,1.2,10,upsert,L0017,B_no_decision_flip,0.0
b03v2,base,agg_full@rho1.2,rep1_base_agg_full@rho1.2_b03v2,1,agg_full,1.2,11,upsert,L0002,B_no_decision_flip,0.0
b03v2,base,agg_full@rho1.2,rep1_base_agg_full@rho1.2_b03v2,1,agg_full,1.2,12,upsert,L0000,C_low_value_flip,0.0
b03v2,base,agg_full@rho1.2,rep1_base_agg_full@rho1.2_b03v2,1,agg_full,1.2,14,upsert,L0002,D_meaningful_value_flip,10.24
b03v2,base,agg_full@rho1.2,rep1_base_agg_full@rho1.2_b03v2,1,agg_full,1.2,15,upsert,L0051,A_no_future_use,
b03v2,base,agg_full@rho1.2,rep1_base_agg_full@rho1.2_b03v2,1,agg_full,1.2,16,upsert,L0055,C_low_value_flip,2.0
b03v2,base,agg_full@rho1.2,rep1_base_agg_full@rho1.2_b03v2,1,agg_full,1.2,18,upsert,L0004,D_meaningful_value_flip,38.96
b03v2,base,agg_full@rho1.2,rep1_base_agg_full@rho1.2_b03v2,1,agg_full,1.2,19,upsert,L0025,A_no_future_use,
b03v2,base,agg_full@rho1.2,rep1_base_agg_full@rho1.2_b03v2,1,agg_full,1.2,20,upsert,L0000,B_no_decision_flip,-10.24
b03v2,base,agg_full@rho1.2,rep1_base_agg_full@rho1.2_b03v2,1,agg_full,1.2,21,upsert,L0006,D_meaningful_value_flip,38.96
b03v2,base,agg_full@rho1.2,rep1_base_agg_full@rho1.2_b03v2,1,agg_full,1.2,22,upsert,L0039,A_no_future_use,
b03v2,base,agg_full@rho1.2,rep1_base_agg_full@rho1.2_b03v2,1,agg_full,1.2,24,upsert,L0047,A_no_future_use,
b03v2,base,agg_full@rho1.2,rep1_base_agg_full@rho1.2_b03v2,1,agg_full,1.2,26,upsert,L0003,D_meaningful_value_flip,40.96
b03v2,base,agg_full@rho1.2,rep1_base_agg_full@rho1.2_b03v2,1,agg_full,1.2,27,upsert,L0022,D_meaningful_value_flip,40.96
b03v2,base,agg_full@rho1.2,rep1_base_agg_full@rho1.2_b03v2,1,agg_full,1.2,28,upsert,L0042,A_no_future_use,
b03v2,base,agg_full@rho1.2,rep1_base_agg_full@rho1.2_b03v2,1,agg_full,1.2,29,upsert,L0008,D_meaningful_value_flip,40.96
b03v2,base,agg_full@rho1.2,rep1_base_agg_full@rho1.2_b03v2,1,agg_full,1.2,30,upsert,L0062,B_no_decision_flip,0.0
b03v2,base,agg_full@rho1.2,rep1_base_agg_full@rho1.2_b03v2,1,agg_full,1.2,31,upsert,L0021,D_meaningful_value_flip,40.96
b03v2,base,agg_full@rho1.2,rep1_base_agg_full@rho1.2_b03v2,1,agg_full,1.2,32,upsert,L0006,A_no_future_use,
b03v2,base,agg_full@rho1.2,rep1_base_agg_full@rho1.2_b03v2,1,agg_full,1.2,33,upsert,L0011,A_no_future_use,
b03v2,base,agg_full@rho1.2,rep1_base_agg_full@rho1.2_b03v2,1,agg_full,1.2,35,upsert,L0011,A_no_future_use,
b03v2,base,agg_full@rho1.2,rep1_base_agg_full@rho1.2_b03v2,1,agg_full,1.2,36,upsert,L0002,A_no_future_use,
b03v2,base,agg_full@rho1.2,rep1_base_agg_full@rho1.2_b03v2,1,agg_full,1.2,37,upsert,L0015,A_no_future_use,
b03v2,base,agg_full@rho1.2,rep1_base_agg_full@rho1.2_b03v2,1,agg_full,1.2,38,upsert,L0046,A_no_future_use,
b03v2,base,agg_full@rho1.2,rep1_base_agg_full@rho1.2_b03v2,1,agg_full,1.2,39,upsert,L0043,A_no_future_use,
b03v2,base,agg_full@rho1.2,rep1_base_agg_full@rho1.2_b03v2,1,agg_full,1.2,40,upsert,L0053,D_meaningful_value_flip,40.96
b03v2,base,agg_full@rho1.2,rep1_base_agg_full@rho1.2_b03v2,1,agg_full,1.2,41,upsert,L0027,A_no_future_use,
b03v2,base,agg_full@rho1.2,rep1_base_agg_full@rho1.2_b03v2,1,agg_full,1.2,42,upsert,L0041,A_no_future_use,
b03v2,base,agg_full@rho1.2,rep1_base_agg_full@rho1.2_b03v2,1,agg_full,1.2,43,upsert,L0005,B_no_decision_flip,0.0
b03v2,base,agg_full@rho1.2,rep1_base_agg_full@rho1.2_b03v2,1,agg_full,1.2,44,upsert,L0001,D_meaningful_value_flip,40.96
b03v2,base,agg_full@rho1.2,rep1_base_agg_full@rho1.2_b03v2,1,agg_full,1.2,45,upsert,L0056,A_no_future_use,
b03v2,base,agg_full@rho1.2,rep1_base_agg_full@rho1.2_b03v2,1,agg_full,1.2,46,upsert,L0000,B_no_decision_flip,20.48
b03v2,base,agg_full@rho1.2,rep1_base_agg_full@rho1.2_b03v2,1,agg_full,1.2,47,upsert,L0009,A_no_future_use,
b03v2,base,agg_full@rho1.2,rep1_base_agg_full@rho1.2_b03v2,1,agg_full,1.2,48,upsert,L0048,A_no_future_use,
b03v2,base,agg_full@rho1.2,rep1_base_agg_full@rho1.2_b03v2,1,agg_full,1.2,49,upsert,L0017,A_no_future_use,
b03v2,base,agg_full@rho1.2,rep1_base_agg_full@rho1.2_b03v2,1,agg_full,1.2,50,upsert,L0008,A_no_future_use,
b03v2,base,agg_full@rho1.2,rep1_base_agg_full@rho1.2_b03v2,1,agg_full,1.2,51,upsert,L0003,D_meaningful_value_flip,10.24
b03v2,base,agg_full@rho1.2,rep1_base_agg_full@rho1.2_b03v2,1,agg_full,1.2,52,upsert,L0007,A_no_future_use,
b03v2,base,agg_full@rho1.2,rep1_base_agg_full@rho1.2_b03v2,1,agg_full,1.2,53,upsert,L0048,A_no_future_use,
b03v2,base,agg_full@rho1.2,rep1_base_agg_full@rho1.2_b03v2,1,agg_full,1.2,54,upsert,L0006,A_no_future_use,
b03v2,base,agg_full@rho1.2,rep1_base_agg_full@rho1.2_b03v2,1,agg_full,1.2,55,upsert,L0038,A_no_future_use,
b03v2,base,agg_full@rho1.2,rep1_base_agg_full@rho1.2_b03v2,1,agg_full,1.2,56,upsert,L0003,A_no_future_use,
b03v2,base,agg_full@rho1.2,rep1_base_agg_full@rho1.2_b03v2,1,agg_full,1.2,57,upsert,L0000,A_no_future_use,
b03v2,base,agg_full@rho1.2,rep1_base_agg_full@rho1.2_b03v2,1,agg_full,1.2,58,upsert,L0059,A_no_future_use,
b03v2,base,agg_full@rho1.2,rep1_base_agg_full@rho1.2_b03v2,1,agg_full,1.2,59,upsert,L0030,A_no_future_use,
b03v2,base,agg_full@rho1.2,rep1_base_agg_full@rho1.2_b03v2,1,agg_full,1.2,60,upsert,L0062,A_no_future_use,
b03v2,base,agg_full@rho1.2,rep1_base_agg_full@rho1.2_b03v2,1,agg_full,1.2,61,upsert,L0002,A_no_future_use,
b03v2,base,agg_full@rho1.2,rep1_base_agg_full@rho1.2_b03v2,1,agg_full,1.2,62,upsert,L0002,A_no_future_use,
b03v2,base,agg_full@rho1.2,rep1_base_agg_full@rho1.2_b03v2,1,agg_full,1.2,63,upsert,L0036,A_no_future_use,
b03v2,base,agg_full@rho1.2,rep1_base_agg_full@rho1.2_b03v2,1,agg_full,1.2,64,upsert,L0001,A_no_future_use,
b03v2,base,agg_full@rho1.2,rep1_base_agg_full@rho1.2_b03v2,1,agg_full,1.2,65,upsert,L0000,A_no_future_use,
b03v2,base,agg_full@rho1.2,rep1_base_agg_full@rho1.2_b03v2,1,agg_full,1.2,66,upsert,L0003,A_no_future_use,
b03v2,base,agg_full@rho1.2,rep1_base_agg_full@rho1.2_b03v2,1,agg_full,1.2,67,upsert,L0023,A_no_future_use,
b03v2,base,agg_full@rho1.2,rep1_base_agg_full@rho1.2_b03v2,1,agg_full,1.2,68,upsert,L0000,A_no_future_use,
b03v2,base,agg_full@rho1.2,rep1_base_agg_full@rho1.2_b03v2,1,agg_full,1.2,69,upsert,L0021,A_no_future_use,
b03v2,base,agg_full@rho1.2,rep1_base_agg_full@rho1.2_b03v2,1,agg_full,1.2,70,upsert,L0032,A_no_future_use,
b03v2,base,agg_full@rho1.2,rep1_base_agg_full@rho1.2_b03v2,1,agg_full,1.2,71,upsert,L0055,A_no_future_use,
b03v2,base,agg_full@rho1.2,rep1_base_agg_full@rho1.2_b03v2,1,agg_full,1.2,72,upsert,L0015,A_no_future_use,
b03v2,base,agg_full@rho1.2,rep1_base_agg_full@rho1.2_b03v2,1,agg_full,1.2,73,upsert,L0008,A_no_future_use,
b03v2,base,agg_full@rho1.2,rep1_base_agg_full@rho1.2_b03v2,1,agg_full,1.2,74,upsert,L0030,A_no_future_use,
b03v2,base,agg_full@rho1.2,rep1_base_agg_full@rho1.2_b03v2,1,agg_full,1.2,75,upsert,L0004,A_no_future_use,
b03v2,base,agg_full@rho1.2,rep1_base_agg_full@rho1.2_b03v2,1,agg_full,1.2,76,upsert,L0035,A_no_future_use,
b03v2,base,agg_full@rho1.2,rep1_base_agg_full@rho1.2_b03v2,1,agg_full,1.2,77,upsert,L0022,A_no_future_use,
b03v2,base,agg_full@rho1.2,rep1_base_agg_full@rho1.2_b03v2,1,agg_full,1.2,78,upsert,L0003,A_no_future_use,
b03v2,base,agg_full@rho1.2,rep1_base_agg_full@rho1.2_b03v2,1,agg_full,1.2,79,upsert,L0005,A_no_future_use,
b03v2,base,agg_full@rho1.2,rep1_base_agg_full@rho1.2_b03v2,1,agg_full,1.2,80,upsert,L0053,A_no_future_use,
b03v2,base,agg_full@rho1.2,rep1_base_agg_full@rho1.2_b03v2,1,agg_full,1.2,81,upsert,L0000,A_no_future_use,
b03v2,base,agg_full@rho1.2,rep1_base_agg_full@rho1.2_b03v2,1,agg_full,1.2,82,upsert,L0010,A_no_future_use,
b03v2,base,agg_full@rho1.2,rep1_base_agg_full@rho1.2_b03v2,1,agg_full,1.2,83,upsert,L0008,A_no_future_use,
b03v2,base,agg_full@rho1.2,rep1_base_agg_full@rho1.2_b03v2,1,agg_full,1.2,84,upsert,L0033,A_no_future_use,
b03v2,base,agg_full@rho1.2,rep1_base_agg_full@rho1.2_b03v2,1,agg_full,1.2,85,upsert,L0012,A_no_future_use,
b03v2,base,agg_full@rho1.2,rep1_base_agg_full@rho1.2_b03v2,1,agg_full,1.2,86,upsert,L0008,A_no_future_use,
b03v2,base,agg_full@rho1.2,rep1_base_agg_full@rho1.2_b03v2,1,agg_full,1.2,87,upsert,L0029,A_no_future_use,
b03v2,base,agg_full@rho1.2,rep1_base_agg_full@rho1.2_b03v2,1,agg_full,1.2,88,upsert,L0057,A_no_future_use,
b03v2,base,agg_full@rho1.2,rep1_base_agg_full@rho1.2_b03v2,1,agg_full,1.2,89,upsert,L0004,A_no_future_use,
b03v2,base,agg_full@rho1.2,rep1_base_agg_full@rho1.2_b03v2,1,agg_full,1.2,90,upsert,L0003,A_no_future_use,
b03v2,base,agg_full@rho1.2,rep1_base_agg_full@rho1.2_b03v2,1,agg_full,1.2,91,upsert,L0001,A_no_future_use,
b03v2,base,agg_full@rho1.2,rep1_base_agg_full@rho1.2_b03v2,1,agg_full,1.2,92,upsert,L0029,A_no_future_use,
b03v2,base,agg_full@rho1.2,rep1_base_agg_full@rho1.2_b03v2,1,agg_full,1.2,93,upsert,L0020,A_no_future_use,
b03v2,base,agg_full@rho1.2,rep1_base_agg_full@rho1.2_b03v2,1,agg_full,1.2,94,upsert,L0000,A_no_future_use,
b03v2,base,agg_full@rho1.2,rep1_base_agg_full@rho1.2_b03v2,1,agg_full,1.2,95,upsert,L0038,A_no_future_use,
b03v2,base,agg_full@rho1.2,rep1_base_agg_full@rho1.2_b03v2,1,agg_full,1.2,96,upsert,L0076,B_no_decision_flip,0.0
b03v2,base,agg_full@rho1.2,rep1_base_agg_full@rho1.2_b03v2,1,agg_full,1.2,97,upsert,L0074,A_no_future_use,
b03v2,base,agg_full@rho1.2,rep1_base_agg_full@rho1.2_b03v2,1,agg_full,1.2,98,upsert,L0076,D_meaningful_value_flip,10.24
b03v2,base,agg_full@rho1.2,rep1_base_agg_full@rho1.2_b03v2,1,agg_full,1.2,99,upsert,L0098,A_no_future_use,
b03v2,base,agg_full@rho1.2,rep1_base_agg_full@rho1.2_b03v2,1,agg_full,1.2,100,upsert,L0116,A_no_future_use,
b03v2,base,agg_full@rho1.2,rep1_base_agg_full@rho1.2_b03v2,1,agg_full,1.2,101,upsert,L0070,A_no_future_use,
b03v2,base,agg_full@rho1.2,rep1_base_agg_full@rho1.2_b03v2,1,agg_full,1.2,102,upsert,L0066,A_no_future_use,
b03v2,base,agg_full@rho1.2,rep1_base_agg_full@rho1.2_b03v2,1,agg_full,1.2,103,upsert,L0084,A_no_future_use,
b03v2,base,agg_full@rho0.8,rep1_base_agg_full@rho0.8_b03v2,1,agg_full,0.8,10,upsert,L0017,D_meaningful_value_flip,40.96
b03v2,base,agg_full@rho0.8,rep1_base_agg_full@rho0.8_b03v2,1,agg_full,0.8,13,upsert,L0000,D_meaningful_value_flip,18.48
b03v2,base,agg_full@rho0.8,rep1_base_agg_full@rho0.8_b03v2,1,agg_full,0.8,14,upsert,L0002,D_meaningful_value_flip,49.2
b03v2,base,agg_full@rho0.8,rep1_base_agg_full@rho0.8_b03v2,1,agg_full,0.8,16,upsert,L0055,B_no_decision_flip,0.0
b03v2,base,agg_full@rho0.8,rep1_base_agg_full@rho0.8_b03v2,1,agg_full,0.8,17,upsert,L0055,D_meaningful_value_flip,10.24
b03v2,base,agg_full@rho0.8,rep1_base_agg_full@rho0.8_b03v2,1,agg_full,0.8,20,upsert,L0000,B_no_decision_flip,0.0
b03v2,base,agg_full@rho0.8,rep1_base_agg_full@rho0.8_b03v2,1,agg_full,0.8,22,upsert,L0039,A_no_future_use,
b03v2,base,agg_full@rho0.8,rep1_base_agg_full@rho0.8_b03v2,1,agg_full,0.8,24,upsert,L0047,A_no_future_use,
b03v2,base,agg_full@rho0.8,rep1_base_agg_full@rho0.8_b03v2,1,agg_full,0.8,25,upsert,L0002,D_meaningful_value_flip,10.24
b03v2,base,agg_full@rho0.8,rep1_base_agg_full@rho0.8_b03v2,1,agg_full,0.8,26,upsert,L0003,D_meaningful_value_flip,40.96
b03v2,base,agg_full@rho0.8,rep1_base_agg_full@rho0.8_b03v2,1,agg_full,0.8,27,upsert,L0022,B_no_decision_flip,0.0
b03v2,base,agg_full@rho0.8,rep1_base_agg_full@rho0.8_b03v2,1,agg_full,0.8,28,upsert,L0042,A_no_future_use,
b03v2,base,agg_full@rho0.8,rep1_base_agg_full@rho0.8_b03v2,1,agg_full,0.8,29,upsert,L0008,D_meaningful_value_flip,38.96
b03v2,base,agg_full@rho0.8,rep1_base_agg_full@rho0.8_b03v2,1,agg_full,0.8,30,upsert,L0062,D_meaningful_value_flip,40.96
b03v2,base,agg_full@rho0.8,rep1_base_agg_full@rho0.8_b03v2,1,agg_full,0.8,31,upsert,L0021,D_meaningful_value_flip,38.96
b03v2,base,agg_full@rho0.8,rep1_base_agg_full@rho0.8_b03v2,1,agg_full,0.8,32,upsert,L0006,A_no_future_use,
b03v2,base,agg_full@rho0.8,rep1_base_agg_full@rho0.8_b03v2,1,agg_full,0.8,33,upsert,L0011,A_no_future_use,
b03v2,base,agg_full@rho0.8,rep1_base_agg_full@rho0.8_b03v2,1,agg_full,0.8,34,upsert,L0002,B_no_decision_flip,0.0
b03v2,base,agg_full@rho0.8,rep1_base_agg_full@rho0.8_b03v2,1,agg_full,0.8,35,upsert,L0011,A_no_future_use,
b03v2,base,agg_full@rho0.8,rep1_base_agg_full@rho0.8_b03v2,1,agg_full,0.8,36,upsert,L0002,A_no_future_use,
b03v2,base,agg_full@rho0.8,rep1_base_agg_full@rho0.8_b03v2,1,agg_full,0.8,37,upsert,L0015,B_no_decision_flip,0.0
b03v2,base,agg_full@rho0.8,rep1_base_agg_full@rho0.8_b03v2,1,agg_full,0.8,38,upsert,L0046,A_no_future_use,
b03v2,base,agg_full@rho0.8,rep1_base_agg_full@rho0.8_b03v2,1,agg_full,0.8,39,upsert,L0043,A_no_future_use,
b03v2,base,agg_full@rho0.8,rep1_base_agg_full@rho0.8_b03v2,1,agg_full,0.8,40,upsert,L0053,D_meaningful_value_flip,40.96
b03v2,base,agg_full@rho0.8,rep1_base_agg_full@rho0.8_b03v2,1,agg_full,0.8,41,upsert,L0027,A_no_future_use,
b03v2,base,agg_full@rho0.8,rep1_base_agg_full@rho0.8_b03v2,1,agg_full,0.8,42,upsert,L0041,A_no_future_use,
b03v2,base,agg_full@rho0.8,rep1_base_agg_full@rho0.8_b03v2,1,agg_full,0.8,43,upsert,L0005,D_meaningful_value_flip,38.96
b03v2,base,agg_full@rho0.8,rep1_base_agg_full@rho0.8_b03v2,1,agg_full,0.8,44,upsert,L0001,D_meaningful_value_flip,40.96
b03v2,base,agg_full@rho0.8,rep1_base_agg_full@rho0.8_b03v2,1,agg_full,0.8,45,upsert,L0056,A_no_future_use,
b03v2,base,agg_full@rho0.8,rep1_base_agg_full@rho0.8_b03v2,1,agg_full,0.8,46,upsert,L0000,B_no_decision_flip,0.0
b03v2,base,agg_full@rho0.8,rep1_base_agg_full@rho0.8_b03v2,1,agg_full,0.8,47,upsert,L0009,A_no_future_use,
b03v2,base,agg_full@rho0.8,rep1_base_agg_full@rho0.8_b03v2,1,agg_full,0.8,48,upsert,L0048,A_no_future_use,
b03v2,base,agg_full@rho0.8,rep1_base_agg_full@rho0.8_b03v2,1,agg_full,0.8,49,upsert,L0017,A_no_future_use,
b03v2,base,agg_full@rho0.8,rep1_base_agg_full@rho0.8_b03v2,1,agg_full,0.8,50,upsert,L0008,B_no_decision_flip,10.24
b03v2,base,agg_full@rho0.8,rep1_base_agg_full@rho0.8_b03v2,1,agg_full,0.8,51,upsert,L0003,A_no_future_use,
b03v2,base,agg_full@rho0.8,rep1_base_agg_full@rho0.8_b03v2,1,agg_full,0.8,52,upsert,L0007,A_no_future_use,
b03v2,base,agg_full@rho0.8,rep1_base_agg_full@rho0.8_b03v2,1,agg_full,0.8,53,upsert,L0048,A_no_future_use,
b03v2,base,agg_full@rho0.8,rep1_base_agg_full@rho0.8_b03v2,1,agg_full,0.8,54,upsert,L0006,A_no_future_use,
b03v2,base,agg_full@rho0.8,rep1_base_agg_full@rho0.8_b03v2,1,agg_full,0.8,55,upsert,L0038,B_no_decision_flip,0.0
b03v2,base,agg_full@rho0.8,rep1_base_agg_full@rho0.8_b03v2,1,agg_full,0.8,56,upsert,L0003,A_no_future_use,
b03v2,base,agg_full@rho0.8,rep1_base_agg_full@rho0.8_b03v2,1,agg_full,0.8,57,upsert,L0000,B_no_decision_flip,0.0
b03v2,base,agg_full@rho0.8,rep1_base_agg_full@rho0.8_b03v2,1,agg_full,0.8,58,upsert,L0059,A_no_future_use,
b03v2,base,agg_full@rho0.8,rep1_base_agg_full@rho0.8_b03v2,1,agg_full,0.8,59,upsert,L0030,A_no_future_use,
b03v2,base,agg_full@rho0.8,rep1_base_agg_full@rho0.8_b03v2,1,agg_full,0.8,60,upsert,L0062,A_no_future_use,
b03v2,base,agg_full@rho0.8,rep1_base_agg_full@rho0.8_b03v2,1,agg_full,0.8,61,upsert,L0002,A_no_future_use,
b03v2,base,agg_full@rho0.8,rep1_base_agg_full@rho0.8_b03v2,1,agg_full,0.8,62,upsert,L0002,A_no_future_use,
b03v2,base,agg_full@rho0.8,rep1_base_agg_full@rho0.8_b03v2,1,agg_full,0.8,63,upsert,L0036,A_no_future_use,
b03v2,base,agg_full@rho0.8,rep1_base_agg_full@rho0.8_b03v2,1,agg_full,0.8,64,upsert,L0001,A_no_future_use,
b03v2,base,agg_full@rho0.8,rep1_base_agg_full@rho0.8_b03v2,1,agg_full,0.8,65,upsert,L0000,A_no_future_use,
b03v2,base,agg_full@rho0.8,rep1_base_agg_full@rho0.8_b03v2,1,agg_full,0.8,66,upsert,L0003,A_no_future_use,
b03v2,base,agg_full@rho0.8,rep1_base_agg_full@rho0.8_b03v2,1,agg_full,0.8,67,upsert,L0023,A_no_future_use,
b03v2,base,agg_full@rho0.8,rep1_base_agg_full@rho0.8_b03v2,1,agg_full,0.8,68,upsert,L0000,A_no_future_use,
b03v2,base,agg_full@rho0.8,rep1_base_agg_full@rho0.8_b03v2,1,agg_full,0.8,69,upsert,L0021,A_no_future_use,
b03v2,base,agg_full@rho0.8,rep1_base_agg_full@rho0.8_b03v2,1,agg_full,0.8,70,upsert,L0032,A_no_future_use,
b03v2,base,agg_full@rho0.8,rep1_base_agg_full@rho0.8_b03v2,1,agg_full,0.8,71,upsert,L0055,A_no_future_use,
b03v2,base,agg_full@rho0.8,rep1_base_agg_full@rho0.8_b03v2,1,agg_full,0.8,72,upsert,L0015,A_no_future_use,
b03v2,base,agg_full@rho0.8,rep1_base_agg_full@rho0.8_b03v2,1,agg_full,0.8,73,upsert,L0008,A_no_future_use,
b03v2,base,agg_full@rho0.8,rep1_base_agg_full@rho0.8_b03v2,1,agg_full,0.8,74,upsert,L0030,A_no_future_use,
b03v2,base,agg_full@rho0.8,rep1_base_agg_full@rho0.8_b03v2,1,agg_full,0.8,75,upsert,L0004,A_no_future_use,
b03v2,base,agg_full@rho0.8,rep1_base_agg_full@rho0.8_b03v2,1,agg_full,0.8,76,upsert,L0035,A_no_future_use,
b03v2,base,agg_full@rho0.8,rep1_base_agg_full@rho0.8_b03v2,1,agg_full,0.8,77,upsert,L0022,A_no_future_use,
b03v2,base,agg_full@rho0.8,rep1_base_agg_full@rho0.8_b03v2,1,agg_full,0.8,78,upsert,L0003,A_no_future_use,
b03v2,base,agg_full@rho0.8,rep1_base_agg_full@rho0.8_b03v2,1,agg_full,0.8,79,upsert,L0005,A_no_future_use,
b03v2,base,agg_full@rho0.8,rep1_base_agg_full@rho0.8_b03v2,1,agg_full,0.8,80,upsert,L0053,A_no_future_use,
b03v2,base,agg_full@rho0.8,rep1_base_agg_full@rho0.8_b03v2,1,agg_full,0.8,81,upsert,L0000,A_no_future_use,
b03v2,base,agg_full@rho0.8,rep1_base_agg_full@rho0.8_b03v2,1,agg_full,0.8,82,upsert,L0010,A_no_future_use,
b03v2,base,agg_full@rho0.8,rep1_base_agg_full@rho0.8_b03v2,1,agg_full,0.8,83,upsert,L0008,A_no_future_use,
b03v2,base,agg_full@rho0.8,rep1_base_agg_full@rho0.8_b03v2,1,agg_full,0.8,84,upsert,L0033,A_no_future_use,
b03v2,base,agg_full@rho0.8,rep1_base_agg_full@rho0.8_b03v2,1,agg_full,0.8,85,upsert,L0012,A_no_future_use,
b03v2,base,agg_full@rho0.8,rep1_base_agg_full@rho0.8_b03v2,1,agg_full,0.8,86,upsert,L0008,A_no_future_use,
b03v2,base,agg_full@rho0.8,rep1_base_agg_full@rho0.8_b03v2,1,agg_full,0.8,87,upsert,L0029,A_no_future_use,
b03v2,base,agg_full@rho0.8,rep1_base_agg_full@rho0.8_b03v2,1,agg_full,0.8,88,upsert,L0057,A_no_future_use,
b03v2,base,agg_full@rho0.8,rep1_base_agg_full@rho0.8_b03v2,1,agg_full,0.8,89,upsert,L0004,A_no_future_use,
b03v2,base,agg_full@rho0.8,rep1_base_agg_full@rho0.8_b03v2,1,agg_full,0.8,90,upsert,L0003,A_no_future_use,
b03v2,base,agg_full@rho0.8,rep1_base_agg_full@rho0.8_b03v2,1,agg_full,0.8,91,upsert,L0001,A_no_future_use,
b03v2,base,agg_full@rho0.8,rep1_base_agg_full@rho0.8_b03v2,1,agg_full,0.8,92,upsert,L0029,A_no_future_use,
b03v2,base,agg_full@rho0.8,rep1_base_agg_full@rho0.8_b03v2,1,agg_full,0.8,93,upsert,L0020,A_no_future_use,
b03v2,base,agg_full@rho0.8,rep1_base_agg_full@rho0.8_b03v2,1,agg_full,0.8,94,upsert,L0000,A_no_future_use,
b03v2,base,agg_full@rho0.8,rep1_base_agg_full@rho0.8_b03v2,1,agg_full,0.8,95,upsert,L0038,A_no_future_use,
b03v2,base,agg_full@rho0.8,rep1_base_agg_full@rho0.8_b03v2,1,agg_full,0.8,96,upsert,L0076,B_no_decision_flip,0.0
b03v2,base,agg_full@rho0.8,rep1_base_agg_full@rho0.8_b03v2,1,agg_full,0.8,97,upsert,L0074,D_meaningful_value_flip,40.96
b03v2,base,agg_full@rho0.8,rep1_base_agg_full@rho0.8_b03v2,1,agg_full,0.8,98,upsert,L0076,D_meaningful_value_flip,10.24
b03v2,base,agg_full@rho0.8,rep1_base_agg_full@rho0.8_b03v2,1,agg_full,0.8,99,upsert,L0098,A_no_future_use,
b03v2,base,agg_full@rho0.8,rep1_base_agg_full@rho0.8_b03v2,1,agg_full,0.8,100,upsert,L0116,A_no_future_use,
b03v2,base,agg_full@rho0.8,rep1_base_agg_full@rho0.8_b03v2,1,agg_full,0.8,101,upsert,L0070,A_no_future_use,
b03v2,base,agg_full@rho0.8,rep1_base_agg_full@rho0.8_b03v2,1,agg_full,0.8,102,upsert,L0066,A_no_future_use,
b03v2,base,agg_full@rho0.8,rep1_base_agg_full@rho0.8_b03v2,1,agg_full,0.8,103,upsert,L0084,B_no_decision_flip,0.0
b03v2,base,agg_full@rho0.8,rep1_base_agg_full@rho0.8_b03v2,1,agg_full,0.8,104,upsert,L0069,D_meaningful_value_flip,38.96
b03v2,base,agg_full@rho0.8,rep1_base_agg_full@rho0.8_b03v2,1,agg_full,0.8,105,upsert,L0095,A_no_future_use,
b03v2,base,agg_full@rho0.8,rep1_base_agg_full@rho0.8_b03v2,1,agg_full,0.8,106,upsert,L0065,D_meaningful_value_flip,40.96
b03v2,base,agg_full@rho0.8,rep1_base_agg_full@rho0.8_b03v2,1,agg_full,0.8,107,upsert,L0071,D_meaningful_value_flip,40.96
b03v2,base,agg_full@rho0.8,rep1_base_agg_full@rho0.8_b03v2,1,agg_full,0.8,108,upsert,L0104,A_no_future_use,
b03v2,base,agg_full@rho0.8,rep1_base_agg_full@rho0.8_b03v2,1,agg_full,0.8,109,upsert,L0084,A_no_future_use,
b03v2,base,agg_full@rho0.8,rep1_base_agg_full@rho0.8_b03v2,1,agg_full,0.8,110,upsert,L0083,D_meaningful_value_flip,38.96
b03v2,base,agg_full@rho0.8,rep1_base_agg_full@rho0.8_b03v2,1,agg_full,0.8,111,upsert,L0103,A_no_future_use,
b03v2,base,agg_full@rho0.8,rep1_base_agg_full@rho0.8_b03v2,1,agg_full,0.8,112,upsert,L0110,A_no_future_use,
b03v2,base,agg_full@rho0.8,rep1_base_agg_full@rho0.8_b03v2,1,agg_full,0.8,113,upsert,L0116,A_no_future_use,
b03v2,base,agg_full@rho0.8,rep1_base_agg_full@rho0.8_b03v2,1,agg_full,0.8,114,upsert,L0098,A_no_future_use,
b03v2,base,agg_full@rho0.8,rep1_base_agg_full@rho0.8_b03v2,1,agg_full,0.8,115,upsert,L0066,A_no_future_use,
b03v2,base,agg_full@rho0.8,rep1_base_agg_full@rho0.8_b03v2,1,agg_full,0.8,116,upsert,L0064,D_meaningful_value_flip,40.96
b03v2,base,agg_full@rho0.8,rep1_base_agg_full@rho0.8_b03v2,1,agg_full,0.8,117,upsert,L0080,A_no_future_use,
b03v2,base,agg_full@rho0.8,rep1_base_agg_full@rho0.8_b03v2,1,agg_full,0.8,118,upsert,L0072,A_no_future_use,
b03v2,base,agg_full@rho0.8,rep1_base_agg_full@rho0.8_b03v2,1,agg_full,0.8,119,upsert,L0065,A_no_future_use,
b03v2,base,agg_full@rho0.8,rep1_base_agg_full@rho0.8_b03v2,1,agg_full,0.8,120,upsert,L0064,A_no_future_use,
b03v2,base,agg_full@rho0.8,rep1_base_agg_full@rho0.8_b03v2,1,agg_full,0.8,121,upsert,L0065,A_no_future_use,
b03v2,base,agg_full@rho0.8,rep1_base_agg_full@rho0.8_b03v2,1,agg_full,0.8,122,upsert,L0068,A_no_future_use,
b03v2,base,agg_full@rho0.8,rep1_base_agg_full@rho0.8_b03v2,1,agg_full,0.8,123,upsert,L0095,A_no_future_use,
b03v2,base,agg_full@rho0.8,rep1_base_agg_full@rho0.8_b03v2,1,agg_full,0.8,126,upsert,L0072,A_no_future_use,
b03v2,base,agg_full@rho0.8,rep1_base_agg_full@rho0.8_b03v2,1,agg_full,0.8,129,upsert,L0072,A_no_future_use,
b03v2,base,agg_full@rho0.8,rep1_base_agg_full@rho0.8_b03v2,1,agg_full,0.8,130,upsert,L0070,A_no_future_use,
b03v2,base,agg_full@rho0.8,rep1_base_agg_full@rho0.8_b03v2,1,agg_full,0.8,131,upsert,L0068,A_no_future_use,
b03v2,base,agg_full@rho0.8,rep1_base_agg_full@rho0.8_b03v2,1,agg_full,0.8,133,upsert,L0069,A_no_future_use,
b03v2,base,agg_full@rho0.8,rep1_base_agg_full@rho0.8_b03v2,1,agg_full,0.8,147,upsert,L0084,A_no_future_use,
b03v2,base,agg_full@rho0.8,rep1_base_agg_full@rho0.8_b03v2,1,agg_full,0.8,149,upsert,L0070,A_no_future_use,
b03v2,base,agg_full@rho1.0,rep1_base_agg_full@rho1.0_b03v2,1,agg_full,1.0,0,upsert,L0060,A_no_future_use,
b03v2,base,agg_full@rho1.0,rep1_base_agg_full@rho1.0_b03v2,1,agg_full,1.0,1,upsert,L0032,D_meaningful_value_flip,40.96
b03v2,base,agg_full@rho1.0,rep1_base_agg_full@rho1.0_b03v2,1,agg_full,1.0,2,upsert,L0027,B_no_decision_flip,0.0
b03v2,base,agg_full@rho1.0,rep1_base_agg_full@rho1.0_b03v2,1,agg_full,1.0,3,upsert,L0048,D_meaningful_value_flip,40.96
b03v2,base,agg_full@rho1.0,rep1_base_agg_full@rho1.0_b03v2,1,agg_full,1.0,4,upsert,L0010,D_meaningful_value_flip,38.96
b03v2,base,agg_full@rho1.0,rep1_base_agg_full@rho1.0_b03v2,1,agg_full,1.0,5,upsert,L0019,A_no_future_use,
b03v2,base,agg_full@rho1.0,rep1_base_agg_full@rho1.0_b03v2,1,agg_full,1.0,6,upsert,L0055,B_no_decision_flip,0.0
b03v2,base,agg_full@rho1.0,rep1_base_agg_full@rho1.0_b03v2,1,agg_full,1.0,7,upsert,L0039,A_no_future_use,
b03v2,base,agg_full@rho1.0,rep1_base_agg_full@rho1.0_b03v2,1,agg_full,1.0,8,upsert,L0013,A_no_future_use,
b03v2,base,agg_full@rho1.0,rep1_base_agg_full@rho1.0_b03v2,1,agg_full,1.0,9,upsert,L0000,B_no_decision_flip,0.0
b03v2,base,agg_full@rho1.0,rep1_base_agg_full@rho1.0_b03v2,1,agg_full,1.0,10,upsert,L0017,B_no_decision_flip,0.0
b03v2,base,agg_full@rho1.0,rep1_base_agg_full@rho1.0_b03v2,1,agg_full,1.0,11,upsert,L0002,B_no_decision_flip,0.0
b03v2,base,agg_full@rho1.0,rep1_base_agg_full@rho1.0_b03v2,1,agg_full,1.0,12,upsert,L0000,D_meaningful_value_flip,12.24
b03v2,base,agg_full@rho1.0,rep1_base_agg_full@rho1.0_b03v2,1,agg_full,1.0,14,upsert,L0002,D_meaningful_value_flip,10.24
b03v2,base,agg_full@rho1.0,rep1_base_agg_full@rho1.0_b03v2,1,agg_full,1.0,15,upsert,L0051,A_no_future_use,
b03v2,base,agg_full@rho1.0,rep1_base_agg_full@rho1.0_b03v2,1,agg_full,1.0,16,upsert,L0055,B_no_decision_flip,0.0
b03v2,base,agg_full@rho1.0,rep1_base_agg_full@rho1.0_b03v2,1,agg_full,1.0,17,upsert,L0055,B_no_decision_flip,0.0
b03v2,base,agg_full@rho1.0,rep1_base_agg_full@rho1.0_b03v2,1,agg_full,1.0,18,upsert,L0004,D_meaningful_value_flip,40.96
b03v2,base,agg_full@rho1.0,rep1_base_agg_full@rho1.0_b03v2,1,agg_full,1.0,19,upsert,L0025,A_no_future_use,
b03v2,base,agg_full@rho1.0,rep1_base_agg_full@rho1.0_b03v2,1,agg_full,1.0,21,upsert,L0006,A_no_future_use,
b03v2,base,agg_full@rho1.0,rep1_base_agg_full@rho1.0_b03v2,1,agg_full,1.0,22,upsert,L0039,A_no_future_use,
b03v2,base,agg_full@rho1.0,rep1_base_agg_full@rho1.0_b03v2,1,agg_full,1.0,23,upsert,L0000,B_no_decision_flip,0.0
b03v2,base,agg_full@rho1.0,rep1_base_agg_full@rho1.0_b03v2,1,agg_full,1.0,24,upsert,L0047,A_no_future_use,
b03v2,base,agg_full@rho1.0,rep1_base_agg_full@rho1.0_b03v2,1,agg_full,1.0,25,upsert,L0002,A_no_future_use,
b03v2,base,agg_full@rho1.0,rep1_base_agg_full@rho1.0_b03v2,1,agg_full,1.0,26,upsert,L0003,B_no_decision_flip,0.0
b03v2,base,agg_full@rho1.0,rep1_base_agg_full@rho1.0_b03v2,1,agg_full,1.0,27,upsert,L0022,D_meaningful_value_flip,38.96
b03v2,base,agg_full@rho1.0,rep1_base_agg_full@rho1.0_b03v2,1,agg_full,1.0,28,upsert,L0042,A_no_future_use,
b03v2,base,agg_full@rho1.0,rep1_base_agg_full@rho1.0_b03v2,1,agg_full,1.0,29,upsert,L0008,D_meaningful_value_flip,38.96
b03v2,base,agg_full@rho1.0,rep1_base_agg_full@rho1.0_b03v2,1,agg_full,1.0,30,upsert,L0062,A_no_future_use,
b03v2,base,agg_full@rho1.0,rep1_base_agg_full@rho1.0_b03v2,1,agg_full,1.0,31,upsert,L0021,D_meaningful_value_flip,38.96
b03v2,base,agg_full@rho1.0,rep1_base_agg_full@rho1.0_b03v2,1,agg_full,1.0,32,upsert,L0006,A_no_future_use,
b03v2,base,agg_full@rho1.0,rep1_base_agg_full@rho1.0_b03v2,1,agg_full,1.0,33,upsert,L0011,A_no_future_use,
b03v2,base,agg_full@rho1.0,rep1_base_agg_full@rho1.0_b03v2,1,agg_full,1.0,35,upsert,L0011,A_no_future_use,
b03v2,base,agg_full@rho1.0,rep1_base_agg_full@rho1.0_b03v2,1,agg_full,1.0,36,upsert,L0002,A_no_future_use,
b03v2,base,agg_full@rho1.0,rep1_base_agg_full@rho1.0_b03v2,1,agg_full,1.0,37,upsert,L0015,A_no_future_use,
b03v2,base,agg_full@rho1.0,rep1_base_agg_full@rho1.0_b03v2,1,agg_full,1.0,38,upsert,L0046,A_no_future_use,
b03v2,base,agg_full@rho1.0,rep1_base_agg_full@rho1.0_b03v2,1,agg_full,1.0,39,upsert,L0043,A_no_future_use,
b03v2,base,agg_full@rho1.0,rep1_base_agg_full@rho1.0_b03v2,1,agg_full,1.0,40,upsert,L0053,A_no_future_use,
b03v2,base,agg_full@rho1.0,rep1_base_agg_full@rho1.0_b03v2,1,agg_full,1.0,41,upsert,L0027,A_no_future_use,
b03v2,base,agg_full@rho1.0,rep1_base_agg_full@rho1.0_b03v2,1,agg_full,1.0,42,upsert,L0041,A_no_future_use,
b03v2,base,agg_full@rho1.0,rep1_base_agg_full@rho1.0_b03v2,1,agg_full,1.0,43,upsert,L0005,A_no_future_use,
b03v2,base,agg_full@rho1.0,rep1_base_agg_full@rho1.0_b03v2,1,agg_full,1.0,44,upsert,L0001,B_no_decision_flip,0.0
b03v2,base,agg_full@rho1.0,rep1_base_agg_full@rho1.0_b03v2,1,agg_full,1.0,45,upsert,L0056,A_no_future_use,
b03v2,base,agg_full@rho1.0,rep1_base_agg_full@rho1.0_b03v2,1,agg_full,1.0,46,upsert,L0000,B_no_decision_flip,10.24
b03v2,base,agg_full@rho1.0,rep1_base_agg_full@rho1.0_b03v2,1,agg_full,1.0,47,upsert,L0009,A_no_future_use,
b03v2,base,agg_full@rho1.0,rep1_base_agg_full@rho1.0_b03v2,1,agg_full,1.0,48,upsert,L0048,A_no_future_use,
b03v2,base,agg_full@rho1.0,rep1_base_agg_full@rho1.0_b03v2,1,agg_full,1.0,49,upsert,L0017,A_no_future_use,
b03v2,base,agg_full@rho1.0,rep1_base_agg_full@rho1.0_b03v2,1,agg_full,1.0,50,upsert,L0008,A_no_future_use,
b03v2,base,agg_full@rho1.0,rep1_base_agg_full@rho1.0_b03v2,1,agg_full,1.0,51,upsert,L0003,A_no_future_use,
b03v2,base,agg_full@rho1.0,rep1_base_agg_full@rho1.0_b03v2,1,agg_full,1.0,52,upsert,L0007,A_no_future_use,
b03v2,base,agg_full@rho1.0,rep1_base_agg_full@rho1.0_b03v2,1,agg_full,1.0,53,upsert,L0048,A_no_future_use,
b03v2,base,agg_full@rho1.0,rep1_base_agg_full@rho1.0_b03v2,1,agg_full,1.0,54,upsert,L0006,A_no_future_use,
b03v2,base,agg_full@rho1.0,rep1_base_agg_full@rho1.0_b03v2,1,agg_full,1.0,55,upsert,L0038,A_no_future_use,
b03v2,base,agg_full@rho1.0,rep1_base_agg_full@rho1.0_b03v2,1,agg_full,1.0,56,upsert,L0003,A_no_future_use,
b03v2,base,agg_full@rho1.0,rep1_base_agg_full@rho1.0_b03v2,1,agg_full,1.0,57,upsert,L0000,A_no_future_use,
b03v2,base,agg_full@rho1.0,rep1_base_agg_full@rho1.0_b03v2,1,agg_full,1.0,58,upsert,L0059,A_no_future_use,
b03v2,base,agg_full@rho1.0,rep1_base_agg_full@rho1.0_b03v2,1,agg_full,1.0,59,upsert,L0030,A_no_future_use,
b03v2,base,agg_full@rho1.0,rep1_base_agg_full@rho1.0_b03v2,1,agg_full,1.0,60,upsert,L0062,A_no_future_use,
b03v2,base,agg_full@rho1.0,rep1_base_agg_full@rho1.0_b03v2,1,agg_full,1.0,61,upsert,L0002,A_no_future_use,
b03v2,base,agg_full@rho1.0,rep1_base_agg_full@rho1.0_b03v2,1,agg_full,1.0,62,upsert,L0002,A_no_future_use,
b03v2,base,agg_full@rho1.0,rep1_base_agg_full@rho1.0_b03v2,1,agg_full,1.0,63,upsert,L0036,A_no_future_use,
b03v2,base,agg_full@rho1.0,rep1_base_agg_full@rho1.0_b03v2,1,agg_full,1.0,64,upsert,L0001,A_no_future_use,
b03v2,base,agg_full@rho1.0,rep1_base_agg_full@rho1.0_b03v2,1,agg_full,1.0,65,upsert,L0000,A_no_future_use,
b03v2,base,agg_full@rho1.0,rep1_base_agg_full@rho1.0_b03v2,1,agg_full,1.0,66,upsert,L0003,A_no_future_use,
b03v2,base,agg_full@rho1.0,rep1_base_agg_full@rho1.0_b03v2,1,agg_full,1.0,67,upsert,L0023,A_no_future_use,
b03v2,base,agg_full@rho1.0,rep1_base_agg_full@rho1.0_b03v2,1,agg_full,1.0,68,upsert,L0000,A_no_future_use,
b03v2,base,agg_full@rho1.0,rep1_base_agg_full@rho1.0_b03v2,1,agg_full,1.0,69,upsert,L0021,A_no_future_use,
b03v2,base,agg_full@rho1.0,rep1_base_agg_full@rho1.0_b03v2,1,agg_full,1.0,70,upsert,L0032,A_no_future_use,
b03v2,base,agg_full@rho1.0,rep1_base_agg_full@rho1.0_b03v2,1,agg_full,1.0,71,upsert,L0055,A_no_future_use,
b03v2,base,agg_full@rho1.0,rep1_base_agg_full@rho1.0_b03v2,1,agg_full,1.0,72,upsert,L0015,A_no_future_use,
b03v2,base,agg_full@rho1.0,rep1_base_agg_full@rho1.0_b03v2,1,agg_full,1.0,73,upsert,L0008,A_no_future_use,
b03v2,base,agg_full@rho1.0,rep1_base_agg_full@rho1.0_b03v2,1,agg_full,1.0,74,upsert,L0030,A_no_future_use,
b03v2,base,agg_full@rho1.0,rep1_base_agg_full@rho1.0_b03v2,1,agg_full,1.0,75,upsert,L0004,A_no_future_use,
b03v2,base,agg_full@rho1.0,rep1_base_agg_full@rho1.0_b03v2,1,agg_full,1.0,76,upsert,L0035,A_no_future_use,
b03v2,base,agg_full@rho1.0,rep1_base_agg_full@rho1.0_b03v2,1,agg_full,1.0,77,upsert,L0022,A_no_future_use,
b03v2,base,agg_full@rho1.0,rep1_base_agg_full@rho1.0_b03v2,1,agg_full,1.0,78,upsert,L0003,A_no_future_use,
b03v2,base,agg_full@rho1.0,rep1_base_agg_full@rho1.0_b03v2,1,agg_full,1.0,79,upsert,L0005,A_no_future_use,
b03v2,base,agg_full@rho1.0,rep1_base_agg_full@rho1.0_b03v2,1,agg_full,1.0,80,upsert,L0053,A_no_future_use,
b03v2,base,agg_full@rho1.0,rep1_base_agg_full@rho1.0_b03v2,1,agg_full,1.0,81,upsert,L0000,A_no_future_use,
b03v2,base,agg_full@rho1.0,rep1_base_agg_full@rho1.0_b03v2,1,agg_full,1.0,82,upsert,L0010,A_no_future_use,
b03v2,base,agg_full@rho1.0,rep1_base_agg_full@rho1.0_b03v2,1,agg_full,1.0,83,upsert,L0008,A_no_future_use,
b03v2,base,agg_full@rho1.0,rep1_base_agg_full@rho1.0_b03v2,1,agg_full,1.0,86,upsert,L0008,A_no_future_use,
b03v2,base,agg_full@rho1.0,rep1_base_agg_full@rho1.0_b03v2,1,agg_full,1.0,89,upsert,L0004,A_no_future_use,
b03v2,base,agg_full@rho1.0,rep1_base_agg_full@rho1.0_b03v2,1,agg_full,1.0,90,upsert,L0003,A_no_future_use,
b03v2,base,agg_full@rho1.0,rep1_base_agg_full@rho1.0_b03v2,1,agg_full,1.0,91,upsert,L0001,A_no_future_use,
b03v2,base,agg_full@rho1.0,rep1_base_agg_full@rho1.0_b03v2,1,agg_full,1.0,92,upsert,L0029,A_no_future_use,
b03v2,base,agg_full@rho1.0,rep1_base_agg_full@rho1.0_b03v2,1,agg_full,1.0,94,upsert,L0000,A_no_future_use,
b03v2,base,agg_full@rho1.0,rep1_base_agg_full@rho1.0_b03v2,1,agg_full,1.0,95,upsert,L0038,A_no_future_use,
b03v2,base,agg_full@rho1.0,rep1_base_agg_full@rho1.0_b03v2,1,agg_full,1.0,98,upsert,L0076,D_meaningful_value_flip,49.2
b03v2,base,agg_full@rho1.0,rep1_base_agg_full@rho1.0_b03v2,1,agg_full,1.0,109,upsert,L0084,D_meaningful_value_flip,49.2
b03v2,base,agg_full@rho1.0,rep1_base_agg_full@rho1.0_b03v2,1,agg_full,1.0,113,upsert,L0116,A_no_future_use,
b03v2,base,agg_full@rho1.0,rep1_base_agg_full@rho1.0_b03v2,1,agg_full,1.0,114,upsert,L0098,A_no_future_use,
b03v2,base,agg_full@rho1.0,rep1_base_agg_full@rho1.0_b03v2,1,agg_full,1.0,115,upsert,L0066,A_no_future_use,
b03v2,base,agg_full@rho1.0,rep1_base_agg_full@rho1.0_b03v2,1,agg_full,1.0,119,upsert,L0065,B_no_decision_flip,0.0
b03v2,base,agg_full@rho1.0,rep1_base_agg_full@rho1.0_b03v2,1,agg_full,1.0,120,upsert,L0064,D_meaningful_value_flip,51.2
b03v2,base,agg_full@rho1.0,rep1_base_agg_full@rho1.0_b03v2,1,agg_full,1.0,121,upsert,L0065,D_meaningful_value_flip,12.24
b03v2,base,agg_full@rho1.0,rep1_base_agg_full@rho1.0_b03v2,1,agg_full,1.0,123,upsert,L0095,A_no_future_use,
b03v2,base,agg_full@rho1.0,rep1_base_agg_full@rho1.0_b03v2,1,agg_full,1.0,126,upsert,L0072,B_no_decision_flip,0.0
b03v2,base,agg_full@rho1.0,rep1_base_agg_full@rho1.0_b03v2,1,agg_full,1.0,127,upsert,L0095,A_no_future_use,
b03v2,base,agg_full@rho1.0,rep1_base_agg_full@rho1.0_b03v2,1,agg_full,1.0,129,upsert,L0072,A_no_future_use,
b03v2,base,agg_full@rho1.0,rep1_base_agg_full@rho1.0_b03v2,1,agg_full,1.0,130,upsert,L0070,A_no_future_use,
b03v2,base,agg_full@rho1.0,rep1_base_agg_full@rho1.0_b03v2,1,agg_full,1.0,131,upsert,L0068,B_no_decision_flip,0.0
b03v2,base,agg_full@rho1.0,rep1_base_agg_full@rho1.0_b03v2,1,agg_full,1.0,133,upsert,L0069,B_no_decision_flip,0.0
b03v2,base,agg_full@rho1.0,rep1_base_agg_full@rho1.0_b03v2,1,agg_full,1.0,135,upsert,L0068,B_no_decision_flip,0.0
b03v2,base,agg_full@rho1.0,rep1_base_agg_full@rho1.0_b03v2,1,agg_full,1.0,136,upsert,L0124,A_no_future_use,
b03v2,base,agg_full@rho1.0,rep1_base_agg_full@rho1.0_b03v2,1,agg_full,1.0,137,upsert,L0126,A_no_future_use,
b03v2,base,agg_full@rho1.0,rep1_base_agg_full@rho1.0_b03v2,1,agg_full,1.0,138,upsert,L0113,A_no_future_use,
b03v2,base,agg_full@rho1.0,rep1_base_agg_full@rho1.0_b03v2,1,agg_full,1.0,139,upsert,L0079,D_meaningful_value_flip,40.96
b03v2,base,agg_full@rho1.0,rep1_base_agg_full@rho1.0_b03v2,1,agg_full,1.0,140,upsert,L0093,A_no_future_use,
b03v2,base,agg_full@rho1.0,rep1_base_agg_full@rho1.0_b03v2,1,agg_full,1.0,141,upsert,L0086,A_no_future_use,
b03v2,base,agg_full@rho1.0,rep1_base_agg_full@rho1.0_b03v2,1,agg_full,1.0,142,upsert,L0068,A_no_future_use,
b03v2,base,agg_full@rho1.0,rep1_base_agg_full@rho1.0_b03v2,1,agg_full,1.0,143,upsert,L0108,A_no_future_use,
b03v2,base,agg_full@rho1.0,rep1_base_agg_full@rho1.0_b03v2,1,agg_full,1.0,144,upsert,L0074,A_no_future_use,
b03v2,base,agg_full@rho1.0,rep1_base_agg_full@rho1.0_b03v2,1,agg_full,1.0,145,upsert,L0103,A_no_future_use,
b03v2,base,agg_full@rho1.0,rep1_base_agg_full@rho1.0_b03v2,1,agg_full,1.0,146,upsert,L0089,D_meaningful_value_flip,38.96
b03v2,base,agg_full@rho1.0,rep1_base_agg_full@rho1.0_b03v2,1,agg_full,1.0,147,upsert,L0084,A_no_future_use,
b03v2,base,agg_full@rho1.0,rep1_base_agg_full@rho1.0_b03v2,1,agg_full,1.0,148,upsert,L0065,A_no_future_use,
b03v2,base,agg_full@rho1.0,rep1_base_agg_full@rho1.0_b03v2,1,agg_full,1.0,149,upsert,L0070,A_no_future_use,
b03v2,base,agg_full@rho1.0,rep1_base_agg_full@rho1.0_b03v2,1,agg_full,1.0,150,upsert,L0097,A_no_future_use,
b03v2,base,agg_full@rho1.0,rep1_base_agg_full@rho1.0_b03v2,1,agg_full,1.0,151,upsert,L0088,A_no_future_use,
b03v2,base,agg_full@rho1.0,rep1_base_agg_full@rho1.0_b03v2,1,agg_full,1.0,152,upsert,L0092,A_no_future_use,
b03v2,base,agg_full@rho1.0,rep1_base_agg_full@rho1.0_b03v2,1,agg_full,1.0,153,upsert,L0107,A_no_future_use,
b03v2,base,agg_full@rho1.0,rep1_base_agg_full@rho1.0_b03v2,1,agg_full,1.0,154,upsert,L0109,A_no_future_use,
b03v2,base,agg_full@rho1.0,rep1_base_agg_full@rho1.0_b03v2,1,agg_full,1.0,155,upsert,L0070,A_no_future_use,
b03v2,base,agg_full@rho1.0,rep1_base_agg_full@rho1.0_b03v2,1,agg_full,1.0,156,upsert,L0125,A_no_future_use,
b03v2,base,agg_full@rho1.0,rep1_base_agg_full@rho1.0_b03v2,1,agg_full,1.0,157,upsert,L0065,A_no_future_use,
b03v2,base,agg_full@rho1.0,rep1_base_agg_full@rho1.0_b03v2,1,agg_full,1.0,158,upsert,L0108,A_no_future_use,
b03v2,base,agg_full@rho1.0,rep1_base_agg_full@rho1.0_b03v2,1,agg_full,1.0,159,upsert,L0073,A_no_future_use,
b03v2,base,agg_full@rho0.5,rep1_base_agg_full@rho0.5_b03v2,1,agg_full,0.5,4,upsert,L0010,D_meaningful_value_flip,38.96
b03v2,base,agg_full@rho0.5,rep1_base_agg_full@rho0.5_b03v2,1,agg_full,0.5,10,upsert,L0017,B_no_decision_flip,0.0
b03v2,base,agg_full@rho0.5,rep1_base_agg_full@rho0.5_b03v2,1,agg_full,0.5,12,upsert,L0000,B_no_decision_flip,0.0
b03v2,base,agg_full@rho0.5,rep1_base_agg_full@rho0.5_b03v2,1,agg_full,0.5,13,upsert,L0000,D_meaningful_value_flip,10.24
b03v2,base,agg_full@rho0.5,rep1_base_agg_full@rho0.5_b03v2,1,agg_full,0.5,14,upsert,L0002,B_no_decision_flip,0.0
b03v2,base,agg_full@rho0.5,rep1_base_agg_full@rho0.5_b03v2,1,agg_full,0.5,16,upsert,L0055,B_no_decision_flip,0.0
b03v2,base,agg_full@rho0.5,rep1_base_agg_full@rho0.5_b03v2,1,agg_full,0.5,17,upsert,L0055,D_meaningful_value_flip,14.24
b03v2,base,agg_full@rho0.5,rep1_base_agg_full@rho0.5_b03v2,1,agg_full,0.5,18,upsert,L0004,B_no_decision_flip,0.0
b03v2,base,agg_full@rho0.5,rep1_base_agg_full@rho0.5_b03v2,1,agg_full,0.5,19,upsert,L0025,A_no_future_use,
b03v2,base,agg_full@rho0.5,rep1_base_agg_full@rho0.5_b03v2,1,agg_full,0.5,20,upsert,L0000,B_no_decision_flip,0.0
b03v2,base,agg_full@rho0.5,rep1_base_agg_full@rho0.5_b03v2,1,agg_full,0.5,21,upsert,L0006,D_meaningful_value_flip,40.96
b03v2,base,agg_full@rho0.5,rep1_base_agg_full@rho0.5_b03v2,1,agg_full,0.5,22,upsert,L0039,A_no_future_use,
b03v2,base,agg_full@rho0.5,rep1_base_agg_full@rho0.5_b03v2,1,agg_full,0.5,23,upsert,L0000,B_no_decision_flip,0.0
b03v2,base,agg_full@rho0.5,rep1_base_agg_full@rho0.5_b03v2,1,agg_full,0.5,24,upsert,L0047,A_no_future_use,
b03v2,base,agg_full@rho0.5,rep1_base_agg_full@rho0.5_b03v2,1,agg_full,0.5,25,upsert,L0002,B_no_decision_flip,10.24
b03v2,base,agg_full@rho0.5,rep1_base_agg_full@rho0.5_b03v2,1,agg_full,0.5,26,upsert,L0003,D_meaningful_value_flip,38.96
b03v2,base,agg_full@rho0.5,rep1_base_agg_full@rho0.5_b03v2,1,agg_full,0.5,27,upsert,L0022,D_meaningful_value_flip,40.96
b03v2,base,agg_full@rho0.5,rep1_base_agg_full@rho0.5_b03v2,1,agg_full,0.5,28,upsert,L0042,A_no_future_use,
b03v2,base,agg_full@rho0.5,rep1_base_agg_full@rho0.5_b03v2,1,agg_full,0.5,29,upsert,L0008,D_meaningful_value_flip,38.96
b03v2,base,agg_full@rho0.5,rep1_base_agg_full@rho0.5_b03v2,1,agg_full,0.5,30,upsert,L0062,B_no_decision_flip,0.0
b03v2,base,agg_full@rho0.5,rep1_base_agg_full@rho0.5_b03v2,1,agg_full,0.5,31,upsert,L0021,D_meaningful_value_flip,38.96
b03v2,base,agg_full@rho0.5,rep1_base_agg_full@rho0.5_b03v2,1,agg_full,0.5,32,upsert,L0006,B_no_decision_flip,10.24
b03v2,base,agg_full@rho0.5,rep1_base_agg_full@rho0.5_b03v2,1,agg_full,0.5,33,upsert,L0011,A_no_future_use,
b03v2,base,agg_full@rho0.5,rep1_base_agg_full@rho0.5_b03v2,1,agg_full,0.5,34,upsert,L0002,B_no_decision_flip,0.0
b03v2,base,agg_full@rho0.5,rep1_base_agg_full@rho0.5_b03v2,1,agg_full,0.5,35,upsert,L0011,A_no_future_use,
b03v2,base,agg_full@rho0.5,rep1_base_agg_full@rho0.5_b03v2,1,agg_full,0.5,36,upsert,L0002,B_no_decision_flip,10.24
b03v2,base,agg_full@rho0.5,rep1_base_agg_full@rho0.5_b03v2,1,agg_full,0.5,37,upsert,L0015,B_no_decision_flip,0.0
b03v2,base,agg_full@rho0.5,rep1_base_agg_full@rho0.5_b03v2,1,agg_full,0.5,38,upsert,L0046,A_no_future_use,
b03v2,base,agg_full@rho0.5,rep1_base_agg_full@rho0.5_b03v2,1,agg_full,0.5,39,upsert,L0043,A_no_future_use,
b03v2,base,agg_full@rho0.5,rep1_base_agg_full@rho0.5_b03v2,1,agg_full,0.5,40,upsert,L0053,D_meaningful_value_flip,40.96
b03v2,base,agg_full@rho0.5,rep1_base_agg_full@rho0.5_b03v2,1,agg_full,0.5,41,upsert,L0027,A_no_future_use,
b03v2,base,agg_full@rho0.5,rep1_base_agg_full@rho0.5_b03v2,1,agg_full,0.5,42,upsert,L0041,A_no_future_use,
b03v2,base,agg_full@rho0.5,rep1_base_agg_full@rho0.5_b03v2,1,agg_full,0.5,43,upsert,L0005,B_no_decision_flip,0.0
b03v2,base,agg_full@rho0.5,rep1_base_agg_full@rho0.5_b03v2,1,agg_full,0.5,44,upsert,L0001,D_meaningful_value_flip,40.96
b03v2,base,agg_full@rho0.5,rep1_base_agg_full@rho0.5_b03v2,1,agg_full,0.5,45,upsert,L0056,A_no_future_use,
b03v2,base,agg_full@rho0.5,rep1_base_agg_full@rho0.5_b03v2,1,agg_full,0.5,46,upsert,L0000,B_no_decision_flip,0.0
b03v2,base,agg_full@rho0.5,rep1_base_agg_full@rho0.5_b03v2,1,agg_full,0.5,47,upsert,L0009,A_no_future_use,
b03v2,base,agg_full@rho0.5,rep1_base_agg_full@rho0.5_b03v2,1,agg_full,0.5,48,upsert,L0048,A_no_future_use,
b03v2,base,agg_full@rho0.5,rep1_base_agg_full@rho0.5_b03v2,1,agg_full,0.5,49,upsert,L0017,A_no_future_use,
b03v2,base,agg_full@rho0.5,rep1_base_agg_full@rho0.5_b03v2,1,agg_full,0.5,50,upsert,L0008,B_no_decision_flip,10.24
b03v2,base,agg_full@rho0.5,rep1_base_agg_full@rho0.5_b03v2,1,agg_full,0.5,51,upsert,L0003,B_no_decision_flip,0.0
b03v2,base,agg_full@rho0.5,rep1_base_agg_full@rho0.5_b03v2,1,agg_full,0.5,52,upsert,L0007,A_no_future_use,
b03v2,base,agg_full@rho0.5,rep1_base_agg_full@rho0.5_b03v2,1,agg_full,0.5,53,upsert,L0048,A_no_future_use,
b03v2,base,agg_full@rho0.5,rep1_base_agg_full@rho0.5_b03v2,1,agg_full,0.5,54,upsert,L0006,A_no_future_use,
b03v2,base,agg_full@rho0.5,rep1_base_agg_full@rho0.5_b03v2,1,agg_full,0.5,55,upsert,L0038,B_no_decision_flip,0.0
b03v2,base,agg_full@rho0.5,rep1_base_agg_full@rho0.5_b03v2,1,agg_full,0.5,56,upsert,L0003,B_no_decision_flip,10.24
b03v2,base,agg_full@rho0.5,rep1_base_agg_full@rho0.5_b03v2,1,agg_full,0.5,57,upsert,L0000,E_negative_value_flip,-8.24
b03v2,base,agg_full@rho0.5,rep1_base_agg_full@rho0.5_b03v2,1,agg_full,0.5,58,upsert,L0059,A_no_future_use,
b03v2,base,agg_full@rho0.5,rep1_base_agg_full@rho0.5_b03v2,1,agg_full,0.5,59,upsert,L0030,D_meaningful_value_flip,40.96
b03v2,base,agg_full@rho0.5,rep1_base_agg_full@rho0.5_b03v2,1,agg_full,0.5,60,upsert,L0062,A_no_future_use,
b03v2,base,agg_full@rho0.5,rep1_base_agg_full@rho0.5_b03v2,1,agg_full,0.5,61,upsert,L0002,A_no_future_use,
b03v2,base,agg_full@rho0.5,rep1_base_agg_full@rho0.5_b03v2,1,agg_full,0.5,62,upsert,L0002,A_no_future_use,
b03v2,base,agg_full@rho0.5,rep1_base_agg_full@rho0.5_b03v2,1,agg_full,0.5,63,upsert,L0036,A_no_future_use,
b03v2,base,agg_full@rho0.5,rep1_base_agg_full@rho0.5_b03v2,1,agg_full,0.5,64,upsert,L0001,B_no_decision_flip,10.24
b03v2,base,agg_full@rho0.5,rep1_base_agg_full@rho0.5_b03v2,1,agg_full,0.5,65,upsert,L0000,B_no_decision_flip,0.0
b03v2,base,agg_full@rho0.5,rep1_base_agg_full@rho0.5_b03v2,1,agg_full,0.5,66,upsert,L0003,B_no_decision_flip,0.0
b03v2,base,agg_full@rho0.5,rep1_base_agg_full@rho0.5_b03v2,1,agg_full,0.5,67,upsert,L0023,A_no_future_use,
b03v2,base,agg_full@rho0.5,rep1_base_agg_full@rho0.5_b03v2,1,agg_full,0.5,68,upsert,L0000,B_no_decision_flip,0.0
b03v2,base,agg_full@rho0.5,rep1_base_agg_full@rho0.5_b03v2,1,agg_full,0.5,69,upsert,L0021,A_no_future_use,
b03v2,base,agg_full@rho0.5,rep1_base_agg_full@rho0.5_b03v2,1,agg_full,0.5,70,upsert,L0032,A_no_future_use,
b03v2,base,agg_full@rho0.5,rep1_base_agg_full@rho0.5_b03v2,1,agg_full,0.5,71,upsert,L0055,A_no_future_use,
b03v2,base,agg_full@rho0.5,rep1_base_agg_full@rho0.5_b03v2,1,agg_full,0.5,72,upsert,L0015,A_no_future_use,
b03v2,base,agg_full@rho0.5,rep1_base_agg_full@rho0.5_b03v2,1,agg_full,0.5,73,upsert,L0008,B_no_decision_flip,10.24
b03v2,base,agg_full@rho0.5,rep1_base_agg_full@rho0.5_b03v2,1,agg_full,0.5,74,upsert,L0030,A_no_future_use,
b03v2,base,agg_full@rho0.5,rep1_base_agg_full@rho0.5_b03v2,1,agg_full,0.5,75,upsert,L0004,B_no_decision_flip,10.24
b03v2,base,agg_full@rho0.5,rep1_base_agg_full@rho0.5_b03v2,1,agg_full,0.5,76,upsert,L0035,A_no_future_use,
b03v2,base,agg_full@rho0.5,rep1_base_agg_full@rho0.5_b03v2,1,agg_full,0.5,77,upsert,L0022,A_no_future_use,
b03v2,base,agg_full@rho0.5,rep1_base_agg_full@rho0.5_b03v2,1,agg_full,0.5,78,upsert,L0003,B_no_decision_flip,0.0
b03v2,base,agg_full@rho0.5,rep1_base_agg_full@rho0.5_b03v2,1,agg_full,0.5,79,upsert,L0005,A_no_future_use,
b03v2,base,agg_full@rho0.5,rep1_base_agg_full@rho0.5_b03v2,1,agg_full,0.5,80,upsert,L0053,A_no_future_use,
b03v2,base,agg_full@rho0.5,rep1_base_agg_full@rho0.5_b03v2,1,agg_full,0.5,81,upsert,L0000,B_no_decision_flip,0.0
b03v2,base,agg_full@rho0.5,rep1_base_agg_full@rho0.5_b03v2,1,agg_full,0.5,82,upsert,L0010,A_no_future_use,
b03v2,base,agg_full@rho0.5,rep1_base_agg_full@rho0.5_b03v2,1,agg_full,0.5,83,upsert,L0008,A_no_future_use,
b03v2,base,agg_full@rho0.5,rep1_base_agg_full@rho0.5_b03v2,1,agg_full,0.5,84,upsert,L0033,A_no_future_use,
b03v2,base,agg_full@rho0.5,rep1_base_agg_full@rho0.5_b03v2,1,agg_full,0.5,85,upsert,L0012,A_no_future_use,
b03v2,base,agg_full@rho0.5,rep1_base_agg_full@rho0.5_b03v2,1,agg_full,0.5,86,upsert,L0008,A_no_future_use,
b03v2,base,agg_full@rho0.5,rep1_base_agg_full@rho0.5_b03v2,1,agg_full,0.5,87,upsert,L0029,D_meaningful_value_flip,40.96
b03v2,base,agg_full@rho0.5,rep1_base_agg_full@rho0.5_b03v2,1,agg_full,0.5,88,upsert,L0057,A_no_future_use,
b03v2,base,agg_full@rho0.5,rep1_base_agg_full@rho0.5_b03v2,1,agg_full,0.5,89,upsert,L0004,A_no_future_use,
b03v2,base,agg_full@rho0.5,rep1_base_agg_full@rho0.5_b03v2,1,agg_full,0.5,90,upsert,L0003,A_no_future_use,
b03v2,base,agg_full@rho0.5,rep1_base_agg_full@rho0.5_b03v2,1,agg_full,0.5,91,upsert,L0001,A_no_future_use,
b03v2,base,agg_full@rho0.5,rep1_base_agg_full@rho0.5_b03v2,1,agg_full,0.5,92,upsert,L0029,A_no_future_use,
b03v2,base,agg_full@rho0.5,rep1_base_agg_full@rho0.5_b03v2,1,agg_full,0.5,93,upsert,L0020,A_no_future_use,
b03v2,base,agg_full@rho0.5,rep1_base_agg_full@rho0.5_b03v2,1,agg_full,0.5,94,upsert,L0000,A_no_future_use,
b03v2,base,agg_full@rho0.5,rep1_base_agg_full@rho0.5_b03v2,1,agg_full,0.5,95,upsert,L0038,A_no_future_use,
b03v2,base,agg_full@rho0.5,rep1_base_agg_full@rho0.5_b03v2,1,agg_full,0.5,96,upsert,L0076,B_no_decision_flip,0.0
b03v2,base,agg_full@rho0.5,rep1_base_agg_full@rho0.5_b03v2,1,agg_full,0.5,97,upsert,L0074,D_meaningful_value_flip,40.96
b03v2,base,agg_full@rho0.5,rep1_base_agg_full@rho0.5_b03v2,1,agg_full,0.5,98,upsert,L0076,D_meaningful_value_flip,10.24
b03v2,base,agg_full@rho0.5,rep1_base_agg_full@rho0.5_b03v2,1,agg_full,0.5,99,upsert,L0098,B_no_decision_flip,0.0
b03v2,base,agg_full@rho0.5,rep1_base_agg_full@rho0.5_b03v2,1,agg_full,0.5,100,upsert,L0116,D_meaningful_value_flip,40.96
b03v2,base,agg_full@rho0.5,rep1_base_agg_full@rho0.5_b03v2,1,agg_full,0.5,101,upsert,L0070,D_meaningful_value_flip,36.96
b03v2,base,agg_full@rho0.5,rep1_base_agg_full@rho0.5_b03v2,1,agg_full,0.5,102,upsert,L0066,D_meaningful_value_flip,38.96
b03v2,base,agg_full@rho0.5,rep1_base_agg_full@rho0.5_b03v2,1,agg_full,0.5,103,upsert,L0084,B_no_decision_flip,0.0
b03v2,base,agg_full@rho0.5,rep1_base_agg_full@rho0.5_b03v2,1,agg_full,0.5,104,upsert,L0069,B_no_decision_flip,0.0
b03v2,base,agg_full@rho0.5,rep1_base_agg_full@rho0.5_b03v2,1,agg_full,0.5,105,upsert,L0095,D_meaningful_value_flip,40.96
b03v2,base,agg_full@rho0.5,rep1_base_agg_full@rho0.5_b03v2,1,agg_full,0.5,106,upsert,L0065,D_meaningful_value_flip,38.96
b03v2,base,agg_full@rho0.5,rep1_base_agg_full@rho0.5_b03v2,1,agg_full,0.5,107,upsert,L0071,D_meaningful_value_flip,40.96
b03v2,base,agg_full@rho0.5,rep1_base_agg_full@rho0.5_b03v2,1,agg_full,0.5,108,upsert,L0104,A_no_future_use,
b03v2,base,agg_full@rho0.5,rep1_base_agg_full@rho0.5_b03v2,1,agg_full,0.5,109,upsert,L0084,B_no_decision_flip,10.24
b03v2,base,agg_full@rho0.5,rep1_base_agg_full@rho0.5_b03v2,1,agg_full,0.5,110,upsert,L0083,B_no_decision_flip,0.0
b03v2,base,agg_full@rho0.5,rep1_base_agg_full@rho0.5_b03v2,1,agg_full,0.5,111,upsert,L0103,D_meaningful_value_flip,40.96
b03v2,base,agg_full@rho0.5,rep1_base_agg_full@rho0.5_b03v2,1,agg_full,0.5,112,upsert,L0110,A_no_future_use,
b03v2,base,agg_full@rho0.5,rep1_base_agg_full@rho0.5_b03v2,1,agg_full,0.5,113,upsert,L0116,A_no_future_use,
b03v2,base,agg_full@rho0.5,rep1_base_agg_full@rho0.5_b03v2,1,agg_full,0.5,114,upsert,L0098,A_no_future_use,
b03v2,base,agg_full@rho0.5,rep1_base_agg_full@rho0.5_b03v2,1,agg_full,0.5,115,upsert,L0066,A_no_future_use,
b03v2,base,agg_full@rho0.5,rep1_base_agg_full@rho0.5_b03v2,1,agg_full,0.5,116,upsert,L0064,B_no_decision_flip,0.0
b03v2,base,agg_full@rho0.5,rep1_base_agg_full@rho0.5_b03v2,1,agg_full,0.5,117,upsert,L0080,A_no_future_use,
b03v2,base,agg_full@rho0.5,rep1_base_agg_full@rho0.5_b03v2,1,agg_full,0.5,118,upsert,L0072,D_meaningful_value_flip,38.96
b03v2,base,agg_full@rho0.5,rep1_base_agg_full@rho0.5_b03v2,1,agg_full,0.5,119,upsert,L0065,B_no_decision_flip,0.0
b03v2,base,agg_full@rho0.5,rep1_base_agg_full@rho0.5_b03v2,1,agg_full,0.5,120,upsert,L0064,C_low_value_flip,0.0
b03v2,base,agg_full@rho0.5,rep1_base_agg_full@rho0.5_b03v2,1,agg_full,0.5,121,upsert,L0065,B_no_decision_flip,10.24
b03v2,base,agg_full@rho0.5,rep1_base_agg_full@rho0.5_b03v2,1,agg_full,0.5,122,upsert,L0068,D_meaningful_value_flip,40.96
b03v2,base,agg_full@rho0.5,rep1_base_agg_full@rho0.5_b03v2,1,agg_full,0.5,123,upsert,L0095,B_no_decision_flip,0.0
b03v2,base,agg_full@rho0.5,rep1_base_agg_full@rho0.5_b03v2,1,agg_full,0.5,124,upsert,L0099,A_no_future_use,
b03v2,base,agg_full@rho0.5,rep1_base_agg_full@rho0.5_b03v2,1,agg_full,0.5,125,upsert,L0096,A_no_future_use,
b03v2,base,agg_full@rho0.5,rep1_base_agg_full@rho0.5_b03v2,1,agg_full,0.5,126,upsert,L0072,B_no_decision_flip,0.0
b03v2,base,agg_full@rho0.5,rep1_base_agg_full@rho0.5_b03v2,1,agg_full,0.5,127,upsert,L0095,B_no_decision_flip,10.24
b03v2,base,agg_full@rho0.5,rep1_base_agg_full@rho0.5_b03v2,1,agg_full,0.5,128,upsert,L0077,D_meaningful_value_flip,38.96
b03v2,base,agg_full@rho0.5,rep1_base_agg_full@rho0.5_b03v2,1,agg_full,0.5,129,upsert,L0072,B_no_decision_flip,0.0
b03v2,base,agg_full@rho0.5,rep1_base_agg_full@rho0.5_b03v2,1,agg_full,0.5,130,upsert,L0070,B_no_decision_flip,10.24
b03v2,base,agg_full@rho0.5,rep1_base_agg_full@rho0.5_b03v2,1,agg_full,0.5,131,upsert,L0068,B_no_decision_flip,0.0
b03v2,base,agg_full@rho0.5,rep1_base_agg_full@rho0.5_b03v2,1,agg_full,0.5,132,upsert,L0095,A_no_future_use,
b03v2,base,agg_full@rho0.5,rep1_base_agg_full@rho0.5_b03v2,1,agg_full,0.5,133,upsert,L0069,B_no_decision_flip,10.24
b03v2,base,agg_full@rho0.5,rep1_base_agg_full@rho0.5_b03v2,1,agg_full,0.5,134,upsert,L0072,B_no_decision_flip,0.0
b03v2,base,agg_full@rho0.5,rep1_base_agg_full@rho0.5_b03v2,1,agg_full,0.5,135,upsert,L0068,B_no_decision_flip,10.24
b03v2,base,agg_full@rho0.5,rep1_base_agg_full@rho0.5_b03v2,1,agg_full,0.5,136,upsert,L0124,B_no_decision_flip,0.0
b03v2,base,agg_full@rho0.5,rep1_base_agg_full@rho0.5_b03v2,1,agg_full,0.5,137,upsert,L0126,A_no_future_use,
b03v2,base,agg_full@rho0.5,rep1_base_agg_full@rho0.5_b03v2,1,agg_full,0.5,138,upsert,L0113,A_no_future_use,
b03v2,base,agg_full@rho0.5,rep1_base_agg_full@rho0.5_b03v2,1,agg_full,0.5,139,upsert,L0079,B_no_decision_flip,0.0
b03v2,base,agg_full@rho0.5,rep1_base_agg_full@rho0.5_b03v2,1,agg_full,0.5,140,upsert,L0093,D_meaningful_value_flip,40.96
b03v2,base,agg_full@rho0.5,rep1_base_agg_full@rho0.5_b03v2,1,agg_full,0.5,141,upsert,L0086,A_no_future_use,
b03v2,base,agg_full@rho0.5,rep1_base_agg_full@rho0.5_b03v2,1,agg_full,0.5,142,upsert,L0068,B_no_decision_flip,-20.48
b03v2,base,agg_full@rho0.5,rep1_base_agg_full@rho0.5_b03v2,1,agg_full,0.5,143,upsert,L0108,D_meaningful_value_flip,38.96
b03v2,base,agg_full@rho0.5,rep1_base_agg_full@rho0.5_b03v2,1,agg_full,0.5,144,upsert,L0074,B_no_decision_flip,10.24
b03v2,base,agg_full@rho0.5,rep1_base_agg_full@rho0.5_b03v2,1,agg_full,0.5,145,upsert,L0103,A_no_future_use,
b03v2,base,agg_full@rho0.5,rep1_base_agg_full@rho0.5_b03v2,1,agg_full,0.5,146,upsert,L0089,D_meaningful_value_flip,40.96
b03v2,base,agg_full@rho0.5,rep1_base_agg_full@rho0.5_b03v2,1,agg_full,0.5,147,upsert,L0084,B_no_decision_flip,10.24
b03v2,base,agg_full@rho0.5,rep1_base_agg_full@rho0.5_b03v2,1,agg_full,0.5,148,upsert,L0065,B_no_decision_flip,0.0
b03v2,base,agg_full@rho0.5,rep1_base_agg_full@rho0.5_b03v2,1,agg_full,0.5,149,upsert,L0070,A_no_future_use,
b03v2,base,agg_full@rho0.5,rep1_base_agg_full@rho0.5_b03v2,1,agg_full,0.5,150,upsert,L0097,D_meaningful_value_flip,40.96
b03v2,base,agg_full@rho0.5,rep1_base_agg_full@rho0.5_b03v2,1,agg_full,0.5,151,upsert,L0088,A_no_future_use,
b03v2,base,agg_full@rho0.5,rep1_base_agg_full@rho0.5_b03v2,1,agg_full,0.5,152,upsert,L0092,A_no_future_use,
b03v2,base,agg_full@rho0.5,rep1_base_agg_full@rho0.5_b03v2,1,agg_full,0.5,153,upsert,L0107,A_no_future_use,
b03v2,base,agg_full@rho0.5,rep1_base_agg_full@rho0.5_b03v2,1,agg_full,0.5,154,upsert,L0109,A_no_future_use,
b03v2,base,agg_full@rho0.5,rep1_base_agg_full@rho0.5_b03v2,1,agg_full,0.5,155,upsert,L0070,A_no_future_use,
b03v2,base,agg_full@rho0.5,rep1_base_agg_full@rho0.5_b03v2,1,agg_full,0.5,156,upsert,L0125,A_no_future_use,
b03v2,base,agg_full@rho0.5,rep1_base_agg_full@rho0.5_b03v2,1,agg_full,0.5,157,upsert,L0065,B_no_decision_flip,10.24
b03v2,base,agg_full@rho0.5,rep1_base_agg_full@rho0.5_b03v2,1,agg_full,0.5,158,upsert,L0108,A_no_future_use,
b03v2,base,agg_full@rho0.5,rep1_base_agg_full@rho0.5_b03v2,1,agg_full,0.5,159,upsert,L0073,A_no_future_use,
b03v2,base,agg_full@rho0.5,rep1_base_agg_full@rho0.5_b03v2,1,agg_full,0.5,160,upsert,L0072,A_no_future_use,
b03v2,base,agg_full@rho0.5,rep1_base_agg_full@rho0.5_b03v2,1,agg_full,0.5,161,upsert,L0105,A_no_future_use,
b03v2,base,agg_full@rho0.5,rep1_base_agg_full@rho0.5_b03v2,1,agg_full,0.5,162,upsert,L0077,A_no_future_use,
b03v2,base,agg_full@rho0.5,rep1_base_agg_full@rho0.5_b03v2,1,agg_full,0.5,163,upsert,L0124,B_no_decision_flip,10.24
b03v2,base,agg_full@rho0.5,rep1_base_agg_full@rho0.5_b03v2,1,agg_full,0.5,164,upsert,L0121,A_no_future_use,
b03v2,base,agg_full@rho0.5,rep1_base_agg_full@rho0.5_b03v2,1,agg_full,0.5,165,upsert,L0100,B_no_decision_flip,0.0
b03v2,base,agg_full@rho0.5,rep1_base_agg_full@rho0.5_b03v2,1,agg_full,0.5,166,upsert,L0068,A_no_future_use,
b03v2,base,agg_full@rho0.5,rep1_base_agg_full@rho0.5_b03v2,1,agg_full,0.5,167,upsert,L0084,A_no_future_use,
b03v2,base,agg_full@rho0.5,rep1_base_agg_full@rho0.5_b03v2,1,agg_full,0.5,168,upsert,L0093,A_no_future_use,
b03v2,base,agg_full@rho0.5,rep1_base_agg_full@rho0.5_b03v2,1,agg_full,0.5,169,upsert,L0093,A_no_future_use,
b03v2,base,agg_full@rho0.5,rep1_base_agg_full@rho0.5_b03v2,1,agg_full,0.5,170,upsert,L0124,A_no_future_use,
b03v2,base,agg_full@rho0.5,rep1_base_agg_full@rho0.5_b03v2,1,agg_full,0.5,171,upsert,L0065,B_no_decision_flip,10.24
b03v2,base,agg_full@rho0.5,rep1_base_agg_full@rho0.5_b03v2,1,agg_full,0.5,172,upsert,L0074,A_no_future_use,
b03v2,base,agg_full@rho0.5,rep1_base_agg_full@rho0.5_b03v2,1,agg_full,0.5,173,upsert,L0076,B_no_decision_flip,10.24
b03v2,base,agg_full@rho0.5,rep1_base_agg_full@rho0.5_b03v2,1,agg_full,0.5,174,upsert,L0093,A_no_future_use,
b03v2,base,agg_full@rho0.5,rep1_base_agg_full@rho0.5_b03v2,1,agg_full,0.5,175,upsert,L0120,A_no_future_use,
b03v2,base,agg_full@rho0.5,rep1_base_agg_full@rho0.5_b03v2,1,agg_full,0.5,176,upsert,L0064,B_no_decision_flip,10.24
b03v2,base,agg_full@rho0.5,rep1_base_agg_full@rho0.5_b03v2,1,agg_full,0.5,177,upsert,L0097,A_no_future_use,
b03v2,base,agg_full@rho0.5,rep1_base_agg_full@rho0.5_b03v2,1,agg_full,0.5,178,upsert,L0065,A_no_future_use,
b03v2,base,agg_full@rho0.5,rep1_base_agg_full@rho0.5_b03v2,1,agg_full,0.5,179,upsert,L0083,A_no_future_use,
b03v2,base,agg_full@rho0.5,rep1_base_agg_full@rho0.5_b03v2,1,agg_full,0.5,180,upsert,L0064,E_negative_value_flip,-20.48
b03v2,base,agg_full@rho0.5,rep1_base_agg_full@rho0.5_b03v2,1,agg_full,0.5,181,upsert,L0079,A_no_future_use,
b03v2,base,agg_full@rho0.5,rep1_base_agg_full@rho0.5_b03v2,1,agg_full,0.5,182,upsert,L0065,A_no_future_use,
b03v2,base,agg_full@rho0.5,rep1_base_agg_full@rho0.5_b03v2,1,agg_full,0.5,183,upsert,L0123,A_no_future_use,
b03v2,base,agg_full@rho0.5,rep1_base_agg_full@rho0.5_b03v2,1,agg_full,0.5,184,upsert,L0071,A_no_future_use,
b03v2,base,agg_full@rho0.5,rep1_base_agg_full@rho0.5_b03v2,1,agg_full,0.5,185,upsert,L0064,A_no_future_use,
b03v2,base,agg_full@rho0.5,rep1_base_agg_full@rho0.5_b03v2,1,agg_full,0.5,186,upsert,L0076,A_no_future_use,
b03v2,base,agg_full@rho0.5,rep1_base_agg_full@rho0.5_b03v2,1,agg_full,0.5,187,upsert,L0089,A_no_future_use,
b03v2,base,agg_full@rho0.5,rep1_base_agg_full@rho0.5_b03v2,1,agg_full,0.5,188,upsert,L0064,A_no_future_use,
b03v2,base,agg_full@rho0.5,rep1_base_agg_full@rho0.5_b03v2,1,agg_full,0.5,189,upsert,L0069,A_no_future_use,
b03v2,base,agg_full@rho0.5,rep1_base_agg_full@rho0.5_b03v2,1,agg_full,0.5,190,upsert,L0078,A_no_future_use,
b03v2,base,agg_full@rho0.5,rep1_base_agg_full@rho0.5_b03v2,1,agg_full,0.5,191,upsert,L0100,A_no_future_use,
b03v2,base,agg_static@rho1.2,rep1_base_agg_static@rho1.2_b03v2,1,agg_static,1.2,0,upsert,L0060,A_no_future_use,
b03v2,base,agg_static@rho1.2,rep1_base_agg_static@rho1.2_b03v2,1,agg_static,1.2,2,upsert,L0027,D_meaningful_value_flip,40.96
b03v2,base,agg_static@rho1.2,rep1_base_agg_static@rho1.2_b03v2,1,agg_static,1.2,1,upsert,L0032,D_meaningful_value_flip,38.96
b03v2,base,agg_static@rho1.2,rep1_base_agg_static@rho1.2_b03v2,1,agg_static,1.2,3,upsert,L0048,D_meaningful_value_flip,40.96
b03v2,base,agg_static@rho1.2,rep1_base_agg_static@rho1.2_b03v2,1,agg_static,1.2,4,upsert,L0010,D_meaningful_value_flip,38.96
b03v2,base,agg_static@rho1.2,rep1_base_agg_static@rho1.2_b03v2,1,agg_static,1.2,5,upsert,L0019,A_no_future_use,
b03v2,base,agg_static@rho1.2,rep1_base_agg_static@rho1.2_b03v2,1,agg_static,1.2,6,upsert,L0055,B_no_decision_flip,0.0
b03v2,base,agg_static@rho1.2,rep1_base_agg_static@rho1.2_b03v2,1,agg_static,1.2,7,upsert,L0039,A_no_future_use,
b03v2,base,agg_static@rho1.2,rep1_base_agg_static@rho1.2_b03v2,1,agg_static,1.2,8,upsert,L0013,A_no_future_use,
b03v2,base,agg_static@rho1.2,rep1_base_agg_static@rho1.2_b03v2,1,agg_static,1.2,9,upsert,L0000,B_no_decision_flip,0.0
b03v2,base,agg_static@rho1.2,rep1_base_agg_static@rho1.2_b03v2,1,agg_static,1.2,10,upsert,L0017,D_meaningful_value_flip,40.96
b03v2,base,agg_static@rho1.2,rep1_base_agg_static@rho1.2_b03v2,1,agg_static,1.2,11,upsert,L0002,B_no_decision_flip,0.0
b03v2,base,agg_static@rho1.2,rep1_base_agg_static@rho1.2_b03v2,1,agg_static,1.2,12,upsert,L0000,D_meaningful_value_flip,8.24
b03v2,base,agg_static@rho1.2,rep1_base_agg_static@rho1.2_b03v2,1,agg_static,1.2,14,upsert,L0002,B_no_decision_flip,0.0
b03v2,base,agg_static@rho1.2,rep1_base_agg_static@rho1.2_b03v2,1,agg_static,1.2,15,upsert,L0051,A_no_future_use,
b03v2,base,agg_static@rho1.2,rep1_base_agg_static@rho1.2_b03v2,1,agg_static,1.2,17,upsert,L0055,B_no_decision_flip,20.48
b03v2,base,agg_static@rho1.2,rep1_base_agg_static@rho1.2_b03v2,1,agg_static,1.2,18,upsert,L0004,D_meaningful_value_flip,38.96
b03v2,base,agg_static@rho1.2,rep1_base_agg_static@rho1.2_b03v2,1,agg_static,1.2,19,upsert,L0025,A_no_future_use,
b03v2,base,agg_static@rho1.2,rep1_base_agg_static@rho1.2_b03v2,1,agg_static,1.2,21,upsert,L0006,A_no_future_use,
b03v2,base,agg_static@rho1.2,rep1_base_agg_static@rho1.2_b03v2,1,agg_static,1.2,22,upsert,L0039,A_no_future_use,
b03v2,base,agg_static@rho1.2,rep1_base_agg_static@rho1.2_b03v2,1,agg_static,1.2,23,upsert,L0000,B_no_decision_flip,0.0
b03v2,base,agg_static@rho1.2,rep1_base_agg_static@rho1.2_b03v2,1,agg_static,1.2,24,upsert,L0047,A_no_future_use,
b03v2,base,agg_static@rho1.2,rep1_base_agg_static@rho1.2_b03v2,1,agg_static,1.2,25,upsert,L0002,B_no_decision_flip,10.24
b03v2,base,agg_static@rho1.2,rep1_base_agg_static@rho1.2_b03v2,1,agg_static,1.2,26,upsert,L0003,B_no_decision_flip,0.0
b03v2,base,agg_static@rho1.2,rep1_base_agg_static@rho1.2_b03v2,1,agg_static,1.2,27,upsert,L0022,D_meaningful_value_flip,40.96
b03v2,base,agg_static@rho1.2,rep1_base_agg_static@rho1.2_b03v2,1,agg_static,1.2,28,upsert,L0042,A_no_future_use,
b03v2,base,agg_static@rho1.2,rep1_base_agg_static@rho1.2_b03v2,1,agg_static,1.2,29,upsert,L0008,D_meaningful_value_flip,40.96
b03v2,base,agg_static@rho1.2,rep1_base_agg_static@rho1.2_b03v2,1,agg_static,1.2,30,upsert,L0062,A_no_future_use,
b03v2,base,agg_static@rho1.2,rep1_base_agg_static@rho1.2_b03v2,1,agg_static,1.2,31,upsert,L0021,A_no_future_use,
b03v2,base,agg_static@rho1.2,rep1_base_agg_static@rho1.2_b03v2,1,agg_static,1.2,32,upsert,L0006,A_no_future_use,
b03v2,base,agg_static@rho1.2,rep1_base_agg_static@rho1.2_b03v2,1,agg_static,1.2,33,upsert,L0011,A_no_future_use,
b03v2,base,agg_static@rho1.2,rep1_base_agg_static@rho1.2_b03v2,1,agg_static,1.2,35,upsert,L0011,A_no_future_use,
b03v2,base,agg_static@rho1.2,rep1_base_agg_static@rho1.2_b03v2,1,agg_static,1.2,36,upsert,L0002,A_no_future_use,
b03v2,base,agg_static@rho1.2,rep1_base_agg_static@rho1.2_b03v2,1,agg_static,1.2,37,upsert,L0015,A_no_future_use,
b03v2,base,agg_static@rho1.2,rep1_base_agg_static@rho1.2_b03v2,1,agg_static,1.2,38,upsert,L0046,A_no_future_use,
b03v2,base,agg_static@rho1.2,rep1_base_agg_static@rho1.2_b03v2,1,agg_static,1.2,39,upsert,L0043,A_no_future_use,
b03v2,base,agg_static@rho1.2,rep1_base_agg_static@rho1.2_b03v2,1,agg_static,1.2,40,upsert,L0053,B_no_decision_flip,0.0
b03v2,base,agg_static@rho1.2,rep1_base_agg_static@rho1.2_b03v2,1,agg_static,1.2,41,upsert,L0027,A_no_future_use,
b03v2,base,agg_static@rho1.2,rep1_base_agg_static@rho1.2_b03v2,1,agg_static,1.2,42,upsert,L0041,A_no_future_use,
b03v2,base,agg_static@rho1.2,rep1_base_agg_static@rho1.2_b03v2,1,agg_static,1.2,43,upsert,L0005,A_no_future_use,
b03v2,base,agg_static@rho1.2,rep1_base_agg_static@rho1.2_b03v2,1,agg_static,1.2,44,upsert,L0001,A_no_future_use,
b03v2,base,agg_static@rho1.2,rep1_base_agg_static@rho1.2_b03v2,1,agg_static,1.2,45,upsert,L0056,A_no_future_use,
b03v2,base,agg_static@rho1.2,rep1_base_agg_static@rho1.2_b03v2,1,agg_static,1.2,46,upsert,L0000,A_no_future_use,
b03v2,base,agg_static@rho1.2,rep1_base_agg_static@rho1.2_b03v2,1,agg_static,1.2,47,upsert,L0009,A_no_future_use,
b03v2,base,agg_static@rho1.2,rep1_base_agg_static@rho1.2_b03v2,1,agg_static,1.2,48,upsert,L0048,A_no_future_use,
b03v2,base,agg_static@rho1.2,rep1_base_agg_static@rho1.2_b03v2,1,agg_static,1.2,49,upsert,L0017,A_no_future_use,
b03v2,base,agg_static@rho1.2,rep1_base_agg_static@rho1.2_b03v2,1,agg_static,1.2,50,upsert,L0008,A_no_future_use,
b03v2,base,agg_static@rho1.2,rep1_base_agg_static@rho1.2_b03v2,1,agg_static,1.2,51,upsert,L0003,A_no_future_use,
b03v2,base,agg_static@rho1.2,rep1_base_agg_static@rho1.2_b03v2,1,agg_static,1.2,52,upsert,L0007,A_no_future_use,
b03v2,base,agg_static@rho1.2,rep1_base_agg_static@rho1.2_b03v2,1,agg_static,1.2,53,upsert,L0048,A_no_future_use,
b03v2,base,agg_static@rho1.2,rep1_base_agg_static@rho1.2_b03v2,1,agg_static,1.2,54,upsert,L0006,A_no_future_use,
b03v2,base,agg_static@rho1.2,rep1_base_agg_static@rho1.2_b03v2,1,agg_static,1.2,55,upsert,L0038,A_no_future_use,
b03v2,base,agg_static@rho1.2,rep1_base_agg_static@rho1.2_b03v2,1,agg_static,1.2,56,upsert,L0003,A_no_future_use,
b03v2,base,agg_static@rho1.2,rep1_base_agg_static@rho1.2_b03v2,1,agg_static,1.2,57,upsert,L0000,A_no_future_use,
b03v2,base,agg_static@rho1.2,rep1_base_agg_static@rho1.2_b03v2,1,agg_static,1.2,58,upsert,L0059,A_no_future_use,
b03v2,base,agg_static@rho1.2,rep1_base_agg_static@rho1.2_b03v2,1,agg_static,1.2,59,upsert,L0030,A_no_future_use,
b03v2,base,agg_static@rho1.2,rep1_base_agg_static@rho1.2_b03v2,1,agg_static,1.2,60,upsert,L0062,A_no_future_use,
b03v2,base,agg_static@rho1.2,rep1_base_agg_static@rho1.2_b03v2,1,agg_static,1.2,61,upsert,L0002,A_no_future_use,
b03v2,base,agg_static@rho1.2,rep1_base_agg_static@rho1.2_b03v2,1,agg_static,1.2,62,upsert,L0002,A_no_future_use,
b03v2,base,agg_static@rho1.2,rep1_base_agg_static@rho1.2_b03v2,1,agg_static,1.2,63,upsert,L0036,A_no_future_use,
b03v2,base,agg_static@rho1.2,rep1_base_agg_static@rho1.2_b03v2,1,agg_static,1.2,64,upsert,L0001,A_no_future_use,
b03v2,base,agg_static@rho1.2,rep1_base_agg_static@rho1.2_b03v2,1,agg_static,1.2,65,upsert,L0000,A_no_future_use,
b03v2,base,agg_static@rho1.2,rep1_base_agg_static@rho1.2_b03v2,1,agg_static,1.2,67,upsert,L0023,A_no_future_use,
b03v2,base,agg_static@rho1.2,rep1_base_agg_static@rho1.2_b03v2,1,agg_static,1.2,68,upsert,L0000,A_no_future_use,
b03v2,base,agg_static@rho1.2,rep1_base_agg_static@rho1.2_b03v2,1,agg_static,1.2,69,upsert,L0021,A_no_future_use,
b03v2,base,agg_static@rho1.2,rep1_base_agg_static@rho1.2_b03v2,1,agg_static,1.2,70,upsert,L0032,A_no_future_use,
b03v2,base,agg_static@rho1.2,rep1_base_agg_static@rho1.2_b03v2,1,agg_static,1.2,71,upsert,L0055,A_no_future_use,
b03v2,base,agg_static@rho1.2,rep1_base_agg_static@rho1.2_b03v2,1,agg_static,1.2,72,upsert,L0015,A_no_future_use,
b03v2,base,agg_static@rho1.2,rep1_base_agg_static@rho1.2_b03v2,1,agg_static,1.2,73,upsert,L0008,A_no_future_use,
b03v2,base,agg_static@rho1.2,rep1_base_agg_static@rho1.2_b03v2,1,agg_static,1.2,74,upsert,L0030,A_no_future_use,
b03v2,base,agg_static@rho1.2,rep1_base_agg_static@rho1.2_b03v2,1,agg_static,1.2,75,upsert,L0004,A_no_future_use,
b03v2,base,agg_static@rho1.2,rep1_base_agg_static@rho1.2_b03v2,1,agg_static,1.2,76,upsert,L0035,A_no_future_use,
b03v2,base,agg_static@rho1.2,rep1_base_agg_static@rho1.2_b03v2,1,agg_static,1.2,77,upsert,L0022,A_no_future_use,
b03v2,base,agg_static@rho1.2,rep1_base_agg_static@rho1.2_b03v2,1,agg_static,1.2,78,upsert,L0003,A_no_future_use,
b03v2,base,agg_static@rho1.2,rep1_base_agg_static@rho1.2_b03v2,1,agg_static,1.2,79,upsert,L0005,A_no_future_use,
b03v2,base,agg_static@rho1.2,rep1_base_agg_static@rho1.2_b03v2,1,agg_static,1.2,80,upsert,L0053,A_no_future_use,
b03v2,base,agg_static@rho1.2,rep1_base_agg_static@rho1.2_b03v2,1,agg_static,1.2,81,upsert,L0000,A_no_future_use,
b03v2,base,agg_static@rho1.2,rep1_base_agg_static@rho1.2_b03v2,1,agg_static,1.2,82,upsert,L0010,A_no_future_use,
b03v2,base,agg_static@rho1.2,rep1_base_agg_static@rho1.2_b03v2,1,agg_static,1.2,83,upsert,L0008,A_no_future_use,
b03v2,base,agg_static@rho1.2,rep1_base_agg_static@rho1.2_b03v2,1,agg_static,1.2,84,upsert,L0033,A_no_future_use,
b03v2,base,agg_static@rho1.2,rep1_base_agg_static@rho1.2_b03v2,1,agg_static,1.2,85,upsert,L0012,A_no_future_use,
b03v2,base,agg_static@rho1.2,rep1_base_agg_static@rho1.2_b03v2,1,agg_static,1.2,86,upsert,L0008,A_no_future_use,
b03v2,base,agg_static@rho1.2,rep1_base_agg_static@rho1.2_b03v2,1,agg_static,1.2,87,upsert,L0029,A_no_future_use,
b03v2,base,agg_static@rho1.2,rep1_base_agg_static@rho1.2_b03v2,1,agg_static,1.2,88,upsert,L0057,A_no_future_use,
b03v2,base,agg_static@rho1.2,rep1_base_agg_static@rho1.2_b03v2,1,agg_static,1.2,89,upsert,L0004,A_no_future_use,
b03v2,base,agg_static@rho1.2,rep1_base_agg_static@rho1.2_b03v2,1,agg_static,1.2,90,upsert,L0003,A_no_future_use,
b03v2,base,agg_static@rho1.2,rep1_base_agg_static@rho1.2_b03v2,1,agg_static,1.2,92,upsert,L0029,A_no_future_use,
b03v2,base,agg_static@rho1.2,rep1_base_agg_static@rho1.2_b03v2,1,agg_static,1.2,93,upsert,L0020,A_no_future_use,
b03v2,base,agg_static@rho1.2,rep1_base_agg_static@rho1.2_b03v2,1,agg_static,1.2,94,upsert,L0000,A_no_future_use,
b03v2,base,agg_static@rho1.2,rep1_base_agg_static@rho1.2_b03v2,1,agg_static,1.2,95,upsert,L0038,A_no_future_use,
b03v2,base,agg_static@rho1.2,rep1_base_agg_static@rho1.2_b03v2,1,agg_static,1.2,96,upsert,L0076,D_meaningful_value_flip,40.96
b03v2,base,agg_static@rho1.2,rep1_base_agg_static@rho1.2_b03v2,1,agg_static,1.2,97,upsert,L0074,D_meaningful_value_flip,40.96
b03v2,base,agg_static@rho1.2,rep1_base_agg_static@rho1.2_b03v2,1,agg_static,1.2,98,upsert,L0076,C_low_value_flip,2.0
b03v2,base,agg_static@rho1.2,rep1_base_agg_static@rho1.2_b03v2,1,agg_static,1.2,99,upsert,L0098,A_no_future_use,
b03v2,base,agg_static@rho1.2,rep1_base_agg_static@rho1.2_b03v2,1,agg_static,1.2,100,upsert,L0116,A_no_future_use,
b03v2,base,agg_static@rho1.2,rep1_base_agg_static@rho1.2_b03v2,1,agg_static,1.2,101,upsert,L0070,A_no_future_use,
b03v2,base,agg_static@rho1.2,rep1_base_agg_static@rho1.2_b03v2,1,agg_static,1.2,102,upsert,L0066,A_no_future_use,
b03v2,base,agg_static@rho1.2,rep1_base_agg_static@rho1.2_b03v2,1,agg_static,1.2,103,upsert,L0084,A_no_future_use,
b03v2,base,agg_static@rho1.2,rep1_base_agg_static@rho1.2_b03v2,1,agg_static,1.2,104,upsert,L0069,D_meaningful_value_flip,38.96
b03v2,base,agg_static@rho1.2,rep1_base_agg_static@rho1.2_b03v2,1,agg_static,1.2,105,upsert,L0095,A_no_future_use,
b03v2,base,agg_static@rho1.2,rep1_base_agg_static@rho1.2_b03v2,1,agg_static,1.2,106,upsert,L0065,B_no_decision_flip,0.0
b03v2,base,agg_static@rho1.2,rep1_base_agg_static@rho1.2_b03v2,1,agg_static,1.2,107,upsert,L0071,D_meaningful_value_flip,40.96
b03v2,base,agg_static@rho1.2,rep1_base_agg_static@rho1.2_b03v2,1,agg_static,1.2,108,upsert,L0104,A_no_future_use,
b03v2,base,agg_static@rho1.2,rep1_base_agg_static@rho1.2_b03v2,1,agg_static,1.2,109,upsert,L0084,A_no_future_use,
b03v2,base,agg_static@rho1.2,rep1_base_agg_static@rho1.2_b03v2,1,agg_static,1.2,110,upsert,L0083,A_no_future_use,
b03v2,base,agg_static@rho1.2,rep1_base_agg_static@rho1.2_b03v2,1,agg_static,1.2,111,upsert,L0103,A_no_future_use,
b03v2,base,agg_static@rho1.2,rep1_base_agg_static@rho1.2_b03v2,1,agg_static,1.2,112,upsert,L0110,A_no_future_use,
b03v2,base,agg_static@rho1.2,rep1_base_agg_static@rho1.2_b03v2,1,agg_static,1.2,113,upsert,L0116,A_no_future_use,
b03v2,base,agg_static@rho1.2,rep1_base_agg_static@rho1.2_b03v2,1,agg_static,1.2,114,upsert,L0098,A_no_future_use,
b03v2,base,agg_static@rho1.2,rep1_base_agg_static@rho1.2_b03v2,1,agg_static,1.2,115,upsert,L0066,A_no_future_use,
b03v2,base,agg_static@rho1.2,rep1_base_agg_static@rho1.2_b03v2,1,agg_static,1.2,116,upsert,L0064,D_meaningful_value_flip,40.96
b03v2,base,agg_static@rho1.2,rep1_base_agg_static@rho1.2_b03v2,1,agg_static,1.2,117,upsert,L0080,A_no_future_use,
b03v2,base,agg_static@rho1.2,rep1_base_agg_static@rho1.2_b03v2,1,agg_static,1.2,118,upsert,L0072,A_no_future_use,
b03v2,base,agg_static@rho1.2,rep1_base_agg_static@rho1.2_b03v2,1,agg_static,1.2,119,upsert,L0065,D_meaningful_value_flip,8.24
b03v2,base,exact_fifo@rho1.0,rep1_base_exact_fifo@rho1.0_b03v2,1,exact_fifo,1.0,0,upsert,L0060,A_no_future_use,
b03v2,base,exact_fifo@rho1.0,rep1_base_exact_fifo@rho1.0_b03v2,1,exact_fifo,1.0,1,upsert,L0032,A_no_future_use,
b03v2,base,exact_fifo@rho1.0,rep1_base_exact_fifo@rho1.0_b03v2,1,exact_fifo,1.0,2,upsert,L0027,A_no_future_use,
b03v2,base,exact_fifo@rho1.0,rep1_base_exact_fifo@rho1.0_b03v2,1,exact_fifo,1.0,3,upsert,L0048,A_no_future_use,
b03v2,base,exact_fifo@rho1.0,rep1_base_exact_fifo@rho1.0_b03v2,1,exact_fifo,1.0,4,upsert,L0010,D_meaningful_value_flip,38.96
b03v2,base,exact_fifo@rho1.0,rep1_base_exact_fifo@rho1.0_b03v2,1,exact_fifo,1.0,7,upsert,L0039,A_no_future_use,
b03v2,base,exact_fifo@rho1.0,rep1_base_exact_fifo@rho1.0_b03v2,1,exact_fifo,1.0,6,upsert,L0055,A_no_future_use,
b03v2,base,exact_fifo@rho1.0,rep1_base_exact_fifo@rho1.0_b03v2,1,exact_fifo,1.0,5,upsert,L0019,A_no_future_use,
b03v2,base,exact_fifo@rho1.0,rep1_base_exact_fifo@rho1.0_b03v2,1,exact_fifo,1.0,8,upsert,L0013,A_no_future_use,
b03v2,base,exact_fifo@rho1.0,rep1_base_exact_fifo@rho1.0_b03v2,1,exact_fifo,1.0,11,upsert,L0002,A_no_future_use,
b03v2,base,exact_fifo@rho1.0,rep1_base_exact_fifo@rho1.0_b03v2,1,exact_fifo,1.0,10,upsert,L0017,A_no_future_use,
b03v2,base,exact_fifo@rho1.0,rep1_base_exact_fifo@rho1.0_b03v2,1,exact_fifo,1.0,9,upsert,L0000,B_no_decision_flip,0.0
b03v2,base,exact_fifo@rho1.0,rep1_base_exact_fifo@rho1.0_b03v2,1,exact_fifo,1.0,12,upsert,L0000,B_no_decision_flip,0.0
b03v2,base,exact_fifo@rho1.0,rep1_base_exact_fifo@rho1.0_b03v2,1,exact_fifo,1.0,13,upsert,L0000,D_meaningful_value_flip,8.24
b03v2,base,exact_fifo@rho1.0,rep1_base_exact_fifo@rho1.0_b03v2,1,exact_fifo,1.0,14,upsert,L0002,A_no_future_use,
b03v2,base,exact_fifo@rho1.0,rep1_base_exact_fifo@rho1.0_b03v2,1,exact_fifo,1.0,15,upsert,L0051,A_no_future_use,
b03v2,base,exact_fifo@rho1.0,rep1_base_exact_fifo@rho1.0_b03v2,1,exact_fifo,1.0,16,upsert,L0055,A_no_future_use,
b03v2,base,exact_fifo@rho1.0,rep1_base_exact_fifo@rho1.0_b03v2,1,exact_fifo,1.0,19,upsert,L0025,A_no_future_use,
b03v2,base,exact_fifo@rho1.0,rep1_base_exact_fifo@rho1.0_b03v2,1,exact_fifo,1.0,17,upsert,L0055,A_no_future_use,
b03v2,base,exact_fifo@rho1.0,rep1_base_exact_fifo@rho1.0_b03v2,1,exact_fifo,1.0,18,upsert,L0004,A_no_future_use,
b03v2,base,exact_fifo@rho1.0,rep1_base_exact_fifo@rho1.0_b03v2,1,exact_fifo,1.0,20,upsert,L0000,B_no_decision_flip,0.0
b03v2,base,exact_fifo@rho1.0,rep1_base_exact_fifo@rho1.0_b03v2,1,exact_fifo,1.0,22,upsert,L0039,A_no_future_use,
b03v2,base,exact_fifo@rho1.0,rep1_base_exact_fifo@rho1.0_b03v2,1,exact_fifo,1.0,21,upsert,L0006,A_no_future_use,
b03v2,base,exact_fifo@rho1.0,rep1_base_exact_fifo@rho1.0_b03v2,1,exact_fifo,1.0,23,upsert,L0000,B_no_decision_flip,0.0
b03v2,base,exact_fifo@rho1.0,rep1_base_exact_fifo@rho1.0_b03v2,1,exact_fifo,1.0,24,upsert,L0047,A_no_future_use,
b03v2,base,exact_fifo@rho1.0,rep1_base_exact_fifo@rho1.0_b03v2,1,exact_fifo,1.0,25,upsert,L0002,A_no_future_use,
b03v2,base,exact_fifo@rho1.0,rep1_base_exact_fifo@rho1.0_b03v2,1,exact_fifo,1.0,26,upsert,L0003,A_no_future_use,
b03v2,base,exact_fifo@rho1.0,rep1_base_exact_fifo@rho1.0_b03v2,1,exact_fifo,1.0,27,upsert,L0022,A_no_future_use,
b03v2,base,exact_fifo@rho1.0,rep1_base_exact_fifo@rho1.0_b03v2,1,exact_fifo,1.0,28,upsert,L0042,A_no_future_use,
b03v2,base,exact_fifo@rho1.0,rep1_base_exact_fifo@rho1.0_b03v2,1,exact_fifo,1.0,29,upsert,L0008,A_no_future_use,
b03v2,base,exact_fifo@rho1.0,rep1_base_exact_fifo@rho1.0_b03v2,1,exact_fifo,1.0,30,upsert,L0062,A_no_future_use,
b03v2,base,exact_fifo@rho1.0,rep1_base_exact_fifo@rho1.0_b03v2,1,exact_fifo,1.0,31,upsert,L0021,A_no_future_use,
b03v2,base,exact_fifo@rho1.0,rep1_base_exact_fifo@rho1.0_b03v2,1,exact_fifo,1.0,32,upsert,L0006,A_no_future_use,
b03v2,base,exact_fifo@rho1.0,rep1_base_exact_fifo@rho1.0_b03v2,1,exact_fifo,1.0,33,upsert,L0011,A_no_future_use,
b03v2,base,exact_fifo@rho1.0,rep1_base_exact_fifo@rho1.0_b03v2,1,exact_fifo,1.0,34,upsert,L0002,A_no_future_use,
b03v2,base,exact_fifo@rho1.0,rep1_base_exact_fifo@rho1.0_b03v2,1,exact_fifo,1.0,35,upsert,L0011,A_no_future_use,
b03v2,base,exact_fifo@rho1.0,rep1_base_exact_fifo@rho1.0_b03v2,1,exact_fifo,1.0,36,upsert,L0002,A_no_future_use,
b03v2,base,exact_fifo@rho1.0,rep1_base_exact_fifo@rho1.0_b03v2,1,exact_fifo,1.0,37,upsert,L0015,A_no_future_use,
b03v2,base,exact_fifo@rho1.0,rep1_base_exact_fifo@rho1.0_b03v2,1,exact_fifo,1.0,38,upsert,L0046,A_no_future_use,
b03v2,base,exact_fifo@rho1.0,rep1_base_exact_fifo@rho1.0_b03v2,1,exact_fifo,1.0,39,upsert,L0043,A_no_future_use,
b03v2,base,exact_fifo@rho1.0,rep1_base_exact_fifo@rho1.0_b03v2,1,exact_fifo,1.0,40,upsert,L0053,A_no_future_use,
b03v2,base,exact_fifo@rho1.0,rep1_base_exact_fifo@rho1.0_b03v2,1,exact_fifo,1.0,41,upsert,L0027,A_no_future_use,
b03v2,base,exact_fifo@rho1.0,rep1_base_exact_fifo@rho1.0_b03v2,1,exact_fifo,1.0,42,upsert,L0041,A_no_future_use,
b03v2,base,exact_fifo@rho1.0,rep1_base_exact_fifo@rho1.0_b03v2,1,exact_fifo,1.0,43,upsert,L0005,A_no_future_use,
b03v2,base,exact_fifo@rho1.0,rep1_base_exact_fifo@rho1.0_b03v2,1,exact_fifo,1.0,44,upsert,L0001,A_no_future_use,
b03v2,base,exact_fifo@rho1.0,rep1_base_exact_fifo@rho1.0_b03v2,1,exact_fifo,1.0,45,upsert,L0056,A_no_future_use,
b03v2,base,exact_fifo@rho1.0,rep1_base_exact_fifo@rho1.0_b03v2,1,exact_fifo,1.0,46,upsert,L0000,A_no_future_use,
b03v2,base,exact_fifo@rho1.0,rep1_base_exact_fifo@rho1.0_b03v2,1,exact_fifo,1.0,47,upsert,L0009,A_no_future_use,
b03v2,base,exact_fifo@rho1.0,rep1_base_exact_fifo@rho1.0_b03v2,1,exact_fifo,1.0,48,upsert,L0048,A_no_future_use,
b03v2,base,exact_fifo@rho1.0,rep1_base_exact_fifo@rho1.0_b03v2,1,exact_fifo,1.0,49,upsert,L0017,A_no_future_use,
b03v2,base,exact_fifo@rho1.0,rep1_base_exact_fifo@rho1.0_b03v2,1,exact_fifo,1.0,50,upsert,L0008,A_no_future_use,
b03v2,base,exact_fifo@rho1.0,rep1_base_exact_fifo@rho1.0_b03v2,1,exact_fifo,1.0,51,upsert,L0003,A_no_future_use,
b03v2,base,exact_fifo@rho1.0,rep1_base_exact_fifo@rho1.0_b03v2,1,exact_fifo,1.0,52,upsert,L0007,A_no_future_use,
b03v2,base,exact_fifo@rho1.0,rep1_base_exact_fifo@rho1.0_b03v2,1,exact_fifo,1.0,53,upsert,L0048,A_no_future_use,
b03v2,base,exact_fifo@rho1.0,rep1_base_exact_fifo@rho1.0_b03v2,1,exact_fifo,1.0,54,upsert,L0006,A_no_future_use,
b03v2,base,exact_fifo@rho1.0,rep1_base_exact_fifo@rho1.0_b03v2,1,exact_fifo,1.0,55,upsert,L0038,A_no_future_use,
b03v2,base,exact_fifo@rho1.0,rep1_base_exact_fifo@rho1.0_b03v2,1,exact_fifo,1.0,56,upsert,L0003,A_no_future_use,
b03v2,base,exact_fifo@rho1.0,rep1_base_exact_fifo@rho1.0_b03v2,1,exact_fifo,1.0,57,upsert,L0000,A_no_future_use,
b03v2,base,exact_fifo@rho1.0,rep1_base_exact_fifo@rho1.0_b03v2,1,exact_fifo,1.0,58,upsert,L0059,A_no_future_use,
b03v2,base,exact_fifo@rho1.0,rep1_base_exact_fifo@rho1.0_b03v2,1,exact_fifo,1.0,59,upsert,L0030,A_no_future_use,
b03v2,base,exact_fifo@rho1.0,rep1_base_exact_fifo@rho1.0_b03v2,1,exact_fifo,1.0,60,upsert,L0062,A_no_future_use,
b03v2,base,exact_fifo@rho1.0,rep1_base_exact_fifo@rho1.0_b03v2,1,exact_fifo,1.0,61,upsert,L0002,A_no_future_use,
b03v2,base,exact_fifo@rho1.0,rep1_base_exact_fifo@rho1.0_b03v2,1,exact_fifo,1.0,62,upsert,L0002,A_no_future_use,
b03v2,base,exact_fifo@rho1.0,rep1_base_exact_fifo@rho1.0_b03v2,1,exact_fifo,1.0,63,upsert,L0036,A_no_future_use,
b03v2,base,exact_fifo@rho1.0,rep1_base_exact_fifo@rho1.0_b03v2,1,exact_fifo,1.0,64,upsert,L0001,A_no_future_use,
b03v2,base,exact_fifo@rho1.0,rep1_base_exact_fifo@rho1.0_b03v2,1,exact_fifo,1.0,65,upsert,L0000,A_no_future_use,
b03v2,base,exact_fifo@rho1.0,rep1_base_exact_fifo@rho1.0_b03v2,1,exact_fifo,1.0,66,upsert,L0003,A_no_future_use,
b03v2,base,exact_fifo@rho1.0,rep1_base_exact_fifo@rho1.0_b03v2,1,exact_fifo,1.0,67,upsert,L0023,A_no_future_use,
b03v2,base,exact_fifo@rho1.0,rep1_base_exact_fifo@rho1.0_b03v2,1,exact_fifo,1.0,68,upsert,L0000,A_no_future_use,
b03v2,base,exact_fifo@rho1.0,rep1_base_exact_fifo@rho1.0_b03v2,1,exact_fifo,1.0,69,upsert,L0021,A_no_future_use,
b03v2,base,exact_fifo@rho1.0,rep1_base_exact_fifo@rho1.0_b03v2,1,exact_fifo,1.0,70,upsert,L0032,A_no_future_use,
b03v2,base,exact_fifo@rho1.0,rep1_base_exact_fifo@rho1.0_b03v2,1,exact_fifo,1.0,71,upsert,L0055,A_no_future_use,
b03v2,base,exact_fifo@rho1.0,rep1_base_exact_fifo@rho1.0_b03v2,1,exact_fifo,1.0,72,upsert,L0015,A_no_future_use,
b03v2,base,exact_fifo@rho1.0,rep1_base_exact_fifo@rho1.0_b03v2,1,exact_fifo,1.0,73,upsert,L0008,A_no_future_use,
b03v2,base,exact_fifo@rho1.0,rep1_base_exact_fifo@rho1.0_b03v2,1,exact_fifo,1.0,74,upsert,L0030,A_no_future_use,
b03v2,base,exact_fifo@rho1.0,rep1_base_exact_fifo@rho1.0_b03v2,1,exact_fifo,1.0,75,upsert,L0004,A_no_future_use,
b03v2,base,exact_fifo@rho1.0,rep1_base_exact_fifo@rho1.0_b03v2,1,exact_fifo,1.0,76,upsert,L0035,A_no_future_use,
b03v2,base,exact_fifo@rho1.0,rep1_base_exact_fifo@rho1.0_b03v2,1,exact_fifo,1.0,77,upsert,L0022,A_no_future_use,
b03v2,base,exact_fifo@rho1.0,rep1_base_exact_fifo@rho1.0_b03v2,1,exact_fifo,1.0,78,upsert,L0003,A_no_future_use,
b03v2,base,exact_fifo@rho1.0,rep1_base_exact_fifo@rho1.0_b03v2,1,exact_fifo,1.0,79,upsert,L0005,A_no_future_use,
b03v2,base,exact_fifo@rho1.0,rep1_base_exact_fifo@rho1.0_b03v2,1,exact_fifo,1.0,80,upsert,L0053,A_no_future_use,
b03v2,base,exact_fifo@rho1.0,rep1_base_exact_fifo@rho1.0_b03v2,1,exact_fifo,1.0,81,upsert,L0000,A_no_future_use,
b03v2,base,exact_fifo@rho1.0,rep1_base_exact_fifo@rho1.0_b03v2,1,exact_fifo,1.0,82,upsert,L0010,A_no_future_use,
b03v2,base,exact_fifo@rho1.0,rep1_base_exact_fifo@rho1.0_b03v2,1,exact_fifo,1.0,83,upsert,L0008,A_no_future_use,
b03v2,base,exact_fifo@rho1.0,rep1_base_exact_fifo@rho1.0_b03v2,1,exact_fifo,1.0,84,upsert,L0033,A_no_future_use,
b03v2,base,exact_fifo@rho1.0,rep1_base_exact_fifo@rho1.0_b03v2,1,exact_fifo,1.0,85,upsert,L0012,A_no_future_use,
b03v2,base,exact_fifo@rho1.0,rep1_base_exact_fifo@rho1.0_b03v2,1,exact_fifo,1.0,86,upsert,L0008,A_no_future_use,
b03v2,base,exact_fifo@rho1.0,rep1_base_exact_fifo@rho1.0_b03v2,1,exact_fifo,1.0,87,upsert,L0029,A_no_future_use,
b03v2,base,exact_fifo@rho1.0,rep1_base_exact_fifo@rho1.0_b03v2,1,exact_fifo,1.0,88,upsert,L0057,A_no_future_use,
b03v2,base,exact_fifo@rho1.0,rep1_base_exact_fifo@rho1.0_b03v2,1,exact_fifo,1.0,89,upsert,L0004,A_no_future_use,
b03v2,base,exact_fifo@rho1.0,rep1_base_exact_fifo@rho1.0_b03v2,1,exact_fifo,1.0,90,upsert,L0003,A_no_future_use,
b03v2,base,exact_fifo@rho1.0,rep1_base_exact_fifo@rho1.0_b03v2,1,exact_fifo,1.0,91,upsert,L0001,A_no_future_use,
b03v2,base,exact_fifo@rho1.0,rep1_base_exact_fifo@rho1.0_b03v2,1,exact_fifo,1.0,92,upsert,L0029,A_no_future_use,
b03v2,base,exact_fifo@rho1.0,rep1_base_exact_fifo@rho1.0_b03v2,1,exact_fifo,1.0,93,upsert,L0020,A_no_future_use,
b03v2,base,exact_fifo@rho1.0,rep1_base_exact_fifo@rho1.0_b03v2,1,exact_fifo,1.0,94,upsert,L0000,A_no_future_use,
b03v2,base,exact_fifo@rho1.0,rep1_base_exact_fifo@rho1.0_b03v2,1,exact_fifo,1.0,95,upsert,L0038,A_no_future_use,
b03v2,base,exact_fifo@rho1.0,rep1_base_exact_fifo@rho1.0_b03v2,1,exact_fifo,1.0,96,upsert,L0076,A_no_future_use,
b03v2,base,exact_fifo@rho1.0,rep1_base_exact_fifo@rho1.0_b03v2,1,exact_fifo,1.0,97,upsert,L0074,A_no_future_use,
b03v2,base,exact_fifo@rho1.0,rep1_base_exact_fifo@rho1.0_b03v2,1,exact_fifo,1.0,98,upsert,L0076,A_no_future_use,
b03v2,base,exact_fifo@rho1.0,rep1_base_exact_fifo@rho1.0_b03v2,1,exact_fifo,1.0,99,upsert,L0098,A_no_future_use,
b03v2,base,exact_fifo@rho1.0,rep1_base_exact_fifo@rho1.0_b03v2,1,exact_fifo,1.0,100,upsert,L0116,A_no_future_use,
b03v2,base,exact_fifo@rho1.0,rep1_base_exact_fifo@rho1.0_b03v2,1,exact_fifo,1.0,101,upsert,L0070,A_no_future_use,
b03v2,base,exact_fifo@rho1.0,rep1_base_exact_fifo@rho1.0_b03v2,1,exact_fifo,1.0,102,upsert,L0066,A_no_future_use,
b03v2,base,exact_fifo@rho1.0,rep1_base_exact_fifo@rho1.0_b03v2,1,exact_fifo,1.0,103,upsert,L0084,A_no_future_use,
b03v2,base,exact_fifo@rho1.0,rep1_base_exact_fifo@rho1.0_b03v2,1,exact_fifo,1.0,104,upsert,L0069,A_no_future_use,
b03v2,base,exact_fifo@rho1.0,rep1_base_exact_fifo@rho1.0_b03v2,1,exact_fifo,1.0,105,upsert,L0095,A_no_future_use,
b03v2,base,exact_fifo@rho1.0,rep1_base_exact_fifo@rho1.0_b03v2,1,exact_fifo,1.0,106,upsert,L0065,A_no_future_use,
b03v2,base,exact_fifo@rho1.0,rep1_base_exact_fifo@rho1.0_b03v2,1,exact_fifo,1.0,107,upsert,L0071,A_no_future_use,
b03v2,base,exact_fifo@rho1.0,rep1_base_exact_fifo@rho1.0_b03v2,1,exact_fifo,1.0,108,upsert,L0104,A_no_future_use,
b03v2,base,exact_fifo@rho1.0,rep1_base_exact_fifo@rho1.0_b03v2,1,exact_fifo,1.0,109,upsert,L0084,A_no_future_use,
b03v2,base,exact_fifo@rho1.0,rep1_base_exact_fifo@rho1.0_b03v2,1,exact_fifo,1.0,110,upsert,L0083,A_no_future_use,
b03v2,base,exact_fifo@rho1.0,rep1_base_exact_fifo@rho1.0_b03v2,1,exact_fifo,1.0,111,upsert,L0103,A_no_future_use,
b03v2,base,exact_fifo@rho1.0,rep1_base_exact_fifo@rho1.0_b03v2,1,exact_fifo,1.0,112,upsert,L0110,A_no_future_use,
b03v2,base,exact_fifo@rho1.0,rep1_base_exact_fifo@rho1.0_b03v2,1,exact_fifo,1.0,113,upsert,L0116,A_no_future_use,
b03v2,base,exact_fifo@rho1.0,rep1_base_exact_fifo@rho1.0_b03v2,1,exact_fifo,1.0,114,upsert,L0098,A_no_future_use,
b03v2,base,exact_fifo@rho1.0,rep1_base_exact_fifo@rho1.0_b03v2,1,exact_fifo,1.0,115,upsert,L0066,A_no_future_use,
b03v2,base,exact_fifo@rho1.0,rep1_base_exact_fifo@rho1.0_b03v2,1,exact_fifo,1.0,116,upsert,L0064,A_no_future_use,
b03v2,base,agg_full@rho0.5,rep2_base_agg_full@rho0.5_b03v2,2,agg_full,0.5,0,upsert,L0001,B_no_decision_flip,0.0
b03v2,base,agg_full@rho0.5,rep2_base_agg_full@rho0.5_b03v2,2,agg_full,0.5,1,upsert,L0013,B_no_decision_flip,0.0
b03v2,base,agg_full@rho0.5,rep2_base_agg_full@rho0.5_b03v2,2,agg_full,0.5,2,upsert,L0016,D_meaningful_value_flip,40.96
b03v2,base,agg_full@rho0.5,rep2_base_agg_full@rho0.5_b03v2,2,agg_full,0.5,4,upsert,L0043,D_meaningful_value_flip,40.96
b03v2,base,agg_full@rho0.5,rep2_base_agg_full@rho0.5_b03v2,2,agg_full,0.5,5,upsert,L0004,D_meaningful_value_flip,49.2
b03v2,base,agg_full@rho0.5,rep2_base_agg_full@rho0.5_b03v2,2,agg_full,0.5,6,upsert,L0000,B_no_decision_flip,0.0
b03v2,base,agg_full@rho0.5,rep2_base_agg_full@rho0.5_b03v2,2,agg_full,0.5,7,upsert,L0006,A_no_future_use,
b03v2,base,agg_full@rho0.5,rep2_base_agg_full@rho0.5_b03v2,2,agg_full,0.5,8,upsert,L0006,A_no_future_use,
b03v2,base,agg_full@rho0.5,rep2_base_agg_full@rho0.5_b03v2,2,agg_full,0.5,9,upsert,L0002,D_meaningful_value_flip,38.96
b03v2,base,agg_full@rho0.5,rep2_base_agg_full@rho0.5_b03v2,2,agg_full,0.5,10,upsert,L0013,B_no_decision_flip,0.0
b03v2,base,agg_full@rho0.5,rep2_base_agg_full@rho0.5_b03v2,2,agg_full,0.5,11,upsert,L0005,D_meaningful_value_flip,40.96
b03v2,base,agg_full@rho0.5,rep2_base_agg_full@rho0.5_b03v2,2,agg_full,0.5,12,upsert,L0013,D_meaningful_value_flip,8.24
b03v2,base,agg_full@rho0.5,rep2_base_agg_full@rho0.5_b03v2,2,agg_full,0.5,13,upsert,L0010,B_no_decision_flip,0.0
b03v2,base,agg_full@rho0.5,rep2_base_agg_full@rho0.5_b03v2,2,agg_full,0.5,14,upsert,L0019,A_no_future_use,
b03v2,base,agg_full@rho0.5,rep2_base_agg_full@rho0.5_b03v2,2,agg_full,0.5,15,upsert,L0038,D_meaningful_value_flip,38.96
b03v2,base,agg_full@rho0.5,rep2_base_agg_full@rho0.5_b03v2,2,agg_full,0.5,16,upsert,L0000,D_meaningful_value_flip,10.24
b03v2,base,agg_full@rho0.5,rep2_base_agg_full@rho0.5_b03v2,2,agg_full,0.5,17,upsert,L0037,D_meaningful_value_flip,38.96
b03v2,base,agg_full@rho0.5,rep2_base_agg_full@rho0.5_b03v2,2,agg_full,0.5,18,upsert,L0019,A_no_future_use,
b03v2,base,agg_full@rho0.5,rep2_base_agg_full@rho0.5_b03v2,2,agg_full,0.5,19,upsert,L0017,A_no_future_use,
b03v2,base,agg_full@rho0.5,rep2_base_agg_full@rho0.5_b03v2,2,agg_full,0.5,20,upsert,L0053,D_meaningful_value_flip,40.96
b03v2,base,agg_full@rho0.5,rep2_base_agg_full@rho0.5_b03v2,2,agg_full,0.5,21,upsert,L0004,D_meaningful_value_flip,18.48
b03v2,base,agg_full@rho0.5,rep2_base_agg_full@rho0.5_b03v2,2,agg_full,0.5,23,upsert,L0024,D_meaningful_value_flip,38.96
b03v2,base,agg_full@rho0.5,rep2_base_agg_full@rho0.5_b03v2,2,agg_full,0.5,24,upsert,L0021,A_no_future_use,
b03v2,base,agg_full@rho0.5,rep2_base_agg_full@rho0.5_b03v2,2,agg_full,0.5,25,upsert,L0028,A_no_future_use,
b03v2,base,agg_full@rho0.5,rep2_base_agg_full@rho0.5_b03v2,2,agg_full,0.5,26,upsert,L0019,A_no_future_use,
b03v2,base,agg_full@rho0.5,rep2_base_agg_full@rho0.5_b03v2,2,agg_full,0.5,27,upsert,L0000,B_no_decision_flip,0.0
b03v2,base,agg_full@rho0.5,rep2_base_agg_full@rho0.5_b03v2,2,agg_full,0.5,28,upsert,L0005,B_no_decision_flip,0.0
b03v2,base,agg_full@rho0.5,rep2_base_agg_full@rho0.5_b03v2,2,agg_full,0.5,29,upsert,L0000,B_no_decision_flip,0.0
b03v2,base,agg_full@rho0.5,rep2_base_agg_full@rho0.5_b03v2,2,agg_full,0.5,30,upsert,L0011,D_meaningful_value_flip,40.96
b03v2,base,agg_full@rho0.5,rep2_base_agg_full@rho0.5_b03v2,2,agg_full,0.5,31,upsert,L0020,D_meaningful_value_flip,38.96
b03v2,base,agg_full@rho0.5,rep2_base_agg_full@rho0.5_b03v2,2,agg_full,0.5,32,upsert,L0056,A_no_future_use,
b03v2,base,agg_full@rho0.5,rep2_base_agg_full@rho0.5_b03v2,2,agg_full,0.5,33,upsert,L0034,A_no_future_use,
b03v2,base,agg_full@rho0.5,rep2_base_agg_full@rho0.5_b03v2,2,agg_full,0.5,34,upsert,L0004,B_no_decision_flip,0.0
b03v2,base,agg_full@rho0.5,rep2_base_agg_full@rho0.5_b03v2,2,agg_full,0.5,35,upsert,L0013,D_meaningful_value_flip,10.24
b03v2,base,agg_full@rho0.5,rep2_base_agg_full@rho0.5_b03v2,2,agg_full,0.5,36,upsert,L0041,B_no_decision_flip,0.0
b03v2,base,agg_full@rho0.5,rep2_base_agg_full@rho0.5_b03v2,2,agg_full,0.5,37,upsert,L0041,D_meaningful_value_flip,8.24
b03v2,base,agg_full@rho0.5,rep2_base_agg_full@rho0.5_b03v2,2,agg_full,0.5,38,upsert,L0007,A_no_future_use,
b03v2,base,agg_full@rho0.5,rep2_base_agg_full@rho0.5_b03v2,2,agg_full,0.5,39,upsert,L0002,B_no_decision_flip,10.24
b03v2,base,agg_full@rho0.5,rep2_base_agg_full@rho0.5_b03v2,2,agg_full,0.5,40,upsert,L0029,B_no_decision_flip,0.0
b03v2,base,agg_full@rho0.5,rep2_base_agg_full@rho0.5_b03v2,2,agg_full,0.5,41,upsert,L0000,B_no_decision_flip,10.24
b03v2,base,agg_full@rho0.5,rep2_base_agg_full@rho0.5_b03v2,2,agg_full,0.5,42,upsert,L0040,A_no_future_use,
b03v2,base,agg_full@rho0.5,rep2_base_agg_full@rho0.5_b03v2,2,agg_full,0.5,43,upsert,L0033,A_no_future_use,
b03v2,base,agg_full@rho0.5,rep2_base_agg_full@rho0.5_b03v2,2,agg_full,0.5,44,upsert,L0012,D_meaningful_value_flip,40.96
b03v2,base,agg_full@rho0.5,rep2_base_agg_full@rho0.5_b03v2,2,agg_full,0.5,45,upsert,L0028,A_no_future_use,
b03v2,base,agg_full@rho0.5,rep2_base_agg_full@rho0.5_b03v2,2,agg_full,0.5,46,upsert,L0038,B_no_decision_flip,0.0
b03v2,base,agg_full@rho0.5,rep2_base_agg_full@rho0.5_b03v2,2,agg_full,0.5,47,upsert,L0056,A_no_future_use,
b03v2,base,agg_full@rho0.5,rep2_base_agg_full@rho0.5_b03v2,2,agg_full,0.5,48,upsert,L0062,A_no_future_use,
b03v2,base,agg_full@rho0.5,rep2_base_agg_full@rho0.5_b03v2,2,agg_full,0.5,49,upsert,L0005,B_no_decision_flip,0.0
b03v2,base,agg_full@rho0.5,rep2_base_agg_full@rho0.5_b03v2,2,agg_full,0.5,50,upsert,L0042,A_no_future_use,
b03v2,base,agg_full@rho0.5,rep2_base_agg_full@rho0.5_b03v2,2,agg_full,0.5,51,upsert,L0014,A_no_future_use,
b03v2,base,agg_full@rho0.5,rep2_base_agg_full@rho0.5_b03v2,2,agg_full,0.5,52,upsert,L0053,A_no_future_use,
b03v2,base,agg_full@rho0.5,rep2_base_agg_full@rho0.5_b03v2,2,agg_full,0.5,53,upsert,L0011,A_no_future_use,
b03v2,base,agg_full@rho0.5,rep2_base_agg_full@rho0.5_b03v2,2,agg_full,0.5,54,upsert,L0055,A_no_future_use,
b03v2,base,agg_full@rho0.5,rep2_base_agg_full@rho0.5_b03v2,2,agg_full,0.5,55,upsert,L0037,A_no_future_use,
b03v2,base,agg_full@rho0.5,rep2_base_agg_full@rho0.5_b03v2,2,agg_full,0.5,56,upsert,L0022,B_no_decision_flip,0.0
b03v2,base,agg_full@rho0.5,rep2_base_agg_full@rho0.5_b03v2,2,agg_full,0.5,57,upsert,L0015,A_no_future_use,
b03v2,base,agg_full@rho0.5,rep2_base_agg_full@rho0.5_b03v2,2,agg_full,0.5,58,upsert,L0004,A_no_future_use,
b03v2,base,agg_full@rho0.5,rep2_base_agg_full@rho0.5_b03v2,2,agg_full,0.5,59,upsert,L0037,A_no_future_use,
b03v2,base,agg_full@rho0.5,rep2_base_agg_full@rho0.5_b03v2,2,agg_full,0.5,60,upsert,L0027,A_no_future_use,
b03v2,base,agg_full@rho0.5,rep2_base_agg_full@rho0.5_b03v2,2,agg_full,0.5,61,upsert,L0001,A_no_future_use,
b03v2,base,agg_full@rho0.5,rep2_base_agg_full@rho0.5_b03v2,2,agg_full,0.5,62,upsert,L0005,B_no_decision_flip,0.0
b03v2,base,agg_full@rho0.5,rep2_base_agg_full@rho0.5_b03v2,2,agg_full,0.5,63,upsert,L0005,B_no_decision_flip,10.24
b03v2,base,agg_full@rho0.5,rep2_base_agg_full@rho0.5_b03v2,2,agg_full,0.5,64,upsert,L0027,A_no_future_use,
b03v2,base,agg_full@rho0.5,rep2_base_agg_full@rho0.5_b03v2,2,agg_full,0.5,65,upsert,L0000,A_no_future_use,
b03v2,base,agg_full@rho0.5,rep2_base_agg_full@rho0.5_b03v2,2,agg_full,0.5,66,upsert,L0053,A_no_future_use,
b03v2,base,agg_full@rho0.5,rep2_base_agg_full@rho0.5_b03v2,2,agg_full,0.5,67,upsert,L0010,B_no_decision_flip,0.0
b03v2,base,agg_full@rho0.5,rep2_base_agg_full@rho0.5_b03v2,2,agg_full,0.5,68,upsert,L0000,A_no_future_use,
b03v2,base,agg_full@rho0.5,rep2_base_agg_full@rho0.5_b03v2,2,agg_full,0.5,69,upsert,L0030,A_no_future_use,
b03v2,base,agg_full@rho0.5,rep2_base_agg_full@rho0.5_b03v2,2,agg_full,0.5,70,upsert,L0032,D_meaningful_value_flip,40.96
b03v2,base,agg_full@rho0.5,rep2_base_agg_full@rho0.5_b03v2,2,agg_full,0.5,71,upsert,L0020,A_no_future_use,
b03v2,base,agg_full@rho0.5,rep2_base_agg_full@rho0.5_b03v2,2,agg_full,0.5,72,upsert,L0035,A_no_future_use,
b03v2,base,agg_full@rho0.5,rep2_base_agg_full@rho0.5_b03v2,2,agg_full,0.5,73,upsert,L0038,A_no_future_use,
b03v2,base,agg_full@rho0.5,rep2_base_agg_full@rho0.5_b03v2,2,agg_full,0.5,74,upsert,L0049,A_no_future_use,
b03v2,base,agg_full@rho0.5,rep2_base_agg_full@rho0.5_b03v2,2,agg_full,0.5,75,upsert,L0022,B_no_decision_flip,10.24
b03v2,base,agg_full@rho0.5,rep2_base_agg_full@rho0.5_b03v2,2,agg_full,0.5,76,upsert,L0008,A_no_future_use,
b03v2,base,agg_full@rho0.5,rep2_base_agg_full@rho0.5_b03v2,2,agg_full,0.5,77,upsert,L0041,A_no_future_use,
b03v2,base,agg_full@rho0.5,rep2_base_agg_full@rho0.5_b03v2,2,agg_full,0.5,78,upsert,L0016,A_no_future_use,
b03v2,base,agg_full@rho0.5,rep2_base_agg_full@rho0.5_b03v2,2,agg_full,0.5,79,upsert,L0002,B_no_decision_flip,0.0
b03v2,base,agg_full@rho0.5,rep2_base_agg_full@rho0.5_b03v2,2,agg_full,0.5,80,upsert,L0025,A_no_future_use,
b03v2,base,agg_full@rho0.5,rep2_base_agg_full@rho0.5_b03v2,2,agg_full,0.5,81,upsert,L0002,A_no_future_use,
b03v2,base,agg_full@rho0.5,rep2_base_agg_full@rho0.5_b03v2,2,agg_full,0.5,82,upsert,L0013,A_no_future_use,
b03v2,base,agg_full@rho0.5,rep2_base_agg_full@rho0.5_b03v2,2,agg_full,0.5,83,upsert,L0024,A_no_future_use,
b03v2,base,agg_full@rho0.5,rep2_base_agg_full@rho0.5_b03v2,2,agg_full,0.5,84,upsert,L0032,A_no_future_use,
b03v2,base,agg_full@rho0.5,rep2_base_agg_full@rho0.5_b03v2,2,agg_full,0.5,85,upsert,L0032,A_no_future_use,
b03v2,base,agg_full@rho0.5,rep2_base_agg_full@rho0.5_b03v2,2,agg_full,0.5,86,upsert,L0043,A_no_future_use,
b03v2,base,agg_full@rho0.5,rep2_base_agg_full@rho0.5_b03v2,2,agg_full,0.5,87,upsert,L0002,A_no_future_use,
b03v2,base,agg_full@rho0.5,rep2_base_agg_full@rho0.5_b03v2,2,agg_full,0.5,88,upsert,L0012,A_no_future_use,
b03v2,base,agg_full@rho0.5,rep2_base_agg_full@rho0.5_b03v2,2,agg_full,0.5,89,upsert,L0026,A_no_future_use,
b03v2,base,agg_full@rho0.5,rep2_base_agg_full@rho0.5_b03v2,2,agg_full,0.5,90,upsert,L0010,A_no_future_use,
b03v2,base,agg_full@rho0.5,rep2_base_agg_full@rho0.5_b03v2,2,agg_full,0.5,91,upsert,L0005,A_no_future_use,
b03v2,base,agg_full@rho0.5,rep2_base_agg_full@rho0.5_b03v2,2,agg_full,0.5,92,upsert,L0022,A_no_future_use,
b03v2,base,agg_full@rho0.5,rep2_base_agg_full@rho0.5_b03v2,2,agg_full,0.5,93,upsert,L0026,A_no_future_use,
b03v2,base,agg_full@rho0.5,rep2_base_agg_full@rho0.5_b03v2,2,agg_full,0.5,94,upsert,L0045,A_no_future_use,
b03v2,base,agg_full@rho0.5,rep2_base_agg_full@rho0.5_b03v2,2,agg_full,0.5,95,upsert,L0029,A_no_future_use,
b03v2,base,agg_full@rho0.5,rep2_base_agg_full@rho0.5_b03v2,2,agg_full,0.5,96,upsert,L0071,D_meaningful_value_flip,40.96
b03v2,base,agg_full@rho0.5,rep2_base_agg_full@rho0.5_b03v2,2,agg_full,0.5,97,upsert,L0116,D_meaningful_value_flip,40.96
b03v2,base,agg_full@rho0.5,rep2_base_agg_full@rho0.5_b03v2,2,agg_full,0.5,98,upsert,L0064,B_no_decision_flip,0.0
b03v2,base,agg_full@rho0.5,rep2_base_agg_full@rho0.5_b03v2,2,agg_full,0.5,99,upsert,L0120,A_no_future_use,
b03v2,base,agg_full@rho0.5,rep2_base_agg_full@rho0.5_b03v2,2,agg_full,0.5,100,upsert,L0085,D_meaningful_value_flip,38.96
b03v2,base,agg_full@rho0.5,rep2_base_agg_full@rho0.5_b03v2,2,agg_full,0.5,101,upsert,L0066,D_meaningful_value_flip,40.96
b03v2,base,agg_full@rho0.5,rep2_base_agg_full@rho0.5_b03v2,2,agg_full,0.5,102,upsert,L0104,B_no_decision_flip,0.0
b03v2,base,agg_full@rho0.5,rep2_base_agg_full@rho0.5_b03v2,2,agg_full,0.5,103,upsert,L0064,D_meaningful_value_flip,10.24
b03v2,base,agg_full@rho0.5,rep2_base_agg_full@rho0.5_b03v2,2,agg_full,0.5,104,upsert,L0081,A_no_future_use,
b03v2,base,agg_full@rho0.5,rep2_base_agg_full@rho0.5_b03v2,2,agg_full,0.5,105,upsert,L0116,B_no_decision_flip,10.24
b03v2,base,agg_full@rho0.5,rep2_base_agg_full@rho0.5_b03v2,2,agg_full,0.5,106,upsert,L0078,B_no_decision_flip,0.0
b03v2,base,agg_full@rho0.5,rep2_base_agg_full@rho0.5_b03v2,2,agg_full,0.5,107,upsert,L0106,A_no_future_use,
b03v2,base,agg_full@rho0.5,rep2_base_agg_full@rho0.5_b03v2,2,agg_full,0.5,108,upsert,L0072,D_meaningful_value_flip,36.96
b03v2,base,agg_full@rho0.5,rep2_base_agg_full@rho0.5_b03v2,2,agg_full,0.5,109,upsert,L0108,A_no_future_use,
b03v2,base,agg_full@rho0.5,rep2_base_agg_full@rho0.5_b03v2,2,agg_full,0.5,110,upsert,L0066,B_no_decision_flip,0.0
b03v2,base,agg_full@rho0.5,rep2_base_agg_full@rho0.5_b03v2,2,agg_full,0.5,111,upsert,L0112,B_no_decision_flip,0.0
b03v2,base,agg_full@rho0.5,rep2_base_agg_full@rho0.5_b03v2,2,agg_full,0.5,112,upsert,L0089,B_no_decision_flip,0.0
b03v2,base,agg_full@rho0.5,rep2_base_agg_full@rho0.5_b03v2,2,agg_full,0.5,113,upsert,L0079,D_meaningful_value_flip,38.96
b03v2,base,agg_full@rho0.5,rep2_base_agg_full@rho0.5_b03v2,2,agg_full,0.5,114,upsert,L0068,B_no_decision_flip,0.0
b03v2,base,agg_full@rho0.5,rep2_base_agg_full@rho0.5_b03v2,2,agg_full,0.5,115,upsert,L0065,B_no_decision_flip,0.0
b03v2,base,agg_full@rho0.5,rep2_base_agg_full@rho0.5_b03v2,2,agg_full,0.5,116,upsert,L0094,A_no_future_use,
b03v2,base,agg_full@rho0.5,rep2_base_agg_full@rho0.5_b03v2,2,agg_full,0.5,117,upsert,L0089,C_low_value_flip,0.0
b03v2,base,agg_full@rho0.5,rep2_base_agg_full@rho0.5_b03v2,2,agg_full,0.5,118,upsert,L0068,D_meaningful_value_flip,10.24
b03v2,base,agg_full@rho0.5,rep2_base_agg_full@rho0.5_b03v2,2,agg_full,0.5,119,upsert,L0107,A_no_future_use,
b03v2,base,agg_full@rho0.5,rep2_base_agg_full@rho0.5_b03v2,2,agg_full,0.5,120,upsert,L0121,D_meaningful_value_flip,40.96
b03v2,base,agg_full@rho0.5,rep2_base_agg_full@rho0.5_b03v2,2,agg_full,0.5,121,upsert,L0065,B_no_decision_flip,0.0
b03v2,base,agg_full@rho0.5,rep2_base_agg_full@rho0.5_b03v2,2,agg_full,0.5,122,upsert,L0066,B_no_decision_flip,0.0
b03v2,base,agg_full@rho0.5,rep2_base_agg_full@rho0.5_b03v2,2,agg_full,0.5,123,upsert,L0079,B_no_decision_flip,10.24
b03v2,base,agg_full@rho0.5,rep2_base_agg_full@rho0.5_b03v2,2,agg_full,0.5,124,upsert,L0068,B_no_decision_flip,10.24
b03v2,base,agg_full@rho0.5,rep2_base_agg_full@rho0.5_b03v2,2,agg_full,0.5,125,upsert,L0089,A_no_future_use,
b03v2,base,agg_full@rho0.5,rep2_base_agg_full@rho0.5_b03v2,2,agg_full,0.5,126,upsert,L0066,B_no_decision_flip,-20.48
b03v2,base,agg_full@rho0.5,rep2_base_agg_full@rho0.5_b03v2,2,agg_full,0.5,127,upsert,L0078,B_no_decision_flip,10.24
b03v2,base,agg_full@rho0.5,rep2_base_agg_full@rho0.5_b03v2,2,agg_full,0.5,128,upsert,L0079,A_no_future_use,
b03v2,base,agg_full@rho0.5,rep2_base_agg_full@rho0.5_b03v2,2,agg_full,0.5,129,upsert,L0102,A_no_future_use,
b03v2,base,agg_full@rho0.5,rep2_base_agg_full@rho0.5_b03v2,2,agg_full,0.5,130,upsert,L0093,A_no_future_use,
b03v2,base,agg_full@rho0.5,rep2_base_agg_full@rho0.5_b03v2,2,agg_full,0.5,131,upsert,L0093,A_no_future_use,
b03v2,base,agg_full@rho0.5,rep2_base_agg_full@rho0.5_b03v2,2,agg_full,0.5,132,upsert,L0078,B_no_decision_flip,10.24
b03v2,base,agg_full@rho0.5,rep2_base_agg_full@rho0.5_b03v2,2,agg_full,0.5,133,upsert,L0068,B_no_decision_flip,0.0
b03v2,base,agg_full@rho0.5,rep2_base_agg_full@rho0.5_b03v2,2,agg_full,0.5,134,upsert,L0064,B_no_decision_flip,10.24
b03v2,base,agg_full@rho0.5,rep2_base_agg_full@rho0.5_b03v2,2,agg_full,0.5,135,upsert,L0096,B_no_decision_flip,0.0
b03v2,base,agg_full@rho0.5,rep2_base_agg_full@rho0.5_b03v2,2,agg_full,0.5,136,upsert,L0087,D_meaningful_value_flip,40.96
b03v2,base,agg_full@rho0.5,rep2_base_agg_full@rho0.5_b03v2,2,agg_full,0.5,137,upsert,L0080,A_no_future_use,
b03v2,base,agg_full@rho0.5,rep2_base_agg_full@rho0.5_b03v2,2,agg_full,0.5,138,upsert,L0071,B_no_decision_flip,10.24
b03v2,base,agg_full@rho0.5,rep2_base_agg_full@rho0.5_b03v2,2,agg_full,0.5,139,upsert,L0073,B_no_decision_flip,0.0
b03v2,base,agg_full@rho0.5,rep2_base_agg_full@rho0.5_b03v2,2,agg_full,0.5,140,upsert,L0112,A_no_future_use,
b03v2,base,agg_full@rho0.5,rep2_base_agg_full@rho0.5_b03v2,2,agg_full,0.5,141,upsert,L0069,A_no_future_use,
b03v2,base,agg_full@rho0.5,rep2_base_agg_full@rho0.5_b03v2,2,agg_full,0.5,142,upsert,L0113,A_no_future_use,
b03v2,base,agg_full@rho0.5,rep2_base_agg_full@rho0.5_b03v2,2,agg_full,0.5,143,upsert,L0064,B_no_decision_flip,0.0
b03v2,base,agg_full@rho0.5,rep2_base_agg_full@rho0.5_b03v2,2,agg_full,0.5,144,upsert,L0064,B_no_decision_flip,10.24
b03v2,base,agg_full@rho0.5,rep2_base_agg_full@rho0.5_b03v2,2,agg_full,0.5,145,upsert,L0086,B_no_decision_flip,0.0
b03v2,base,agg_full@rho0.5,rep2_base_agg_full@rho0.5_b03v2,2,agg_full,0.5,146,upsert,L0118,A_no_future_use,
b03v2,base,agg_full@rho0.5,rep2_base_agg_full@rho0.5_b03v2,2,agg_full,0.5,147,upsert,L0078,A_no_future_use,
b03v2,base,agg_full@rho0.5,rep2_base_agg_full@rho0.5_b03v2,2,agg_full,0.5,148,upsert,L0104,A_no_future_use,
b03v2,base,agg_full@rho0.5,rep2_base_agg_full@rho0.5_b03v2,2,agg_full,0.5,149,upsert,L0088,A_no_future_use,
b03v2,base,agg_full@rho0.5,rep2_base_agg_full@rho0.5_b03v2,2,agg_full,0.5,150,upsert,L0126,A_no_future_use,
b03v2,base,agg_full@rho0.5,rep2_base_agg_full@rho0.5_b03v2,2,agg_full,0.5,151,upsert,L0075,D_meaningful_value_flip,40.96
b03v2,base,agg_full@rho0.5,rep2_base_agg_full@rho0.5_b03v2,2,agg_full,0.5,152,upsert,L0110,D_meaningful_value_flip,36.96
b03v2,base,agg_full@rho0.5,rep2_base_agg_full@rho0.5_b03v2,2,agg_full,0.5,153,upsert,L0123,A_no_future_use,
b03v2,base,agg_full@rho0.5,rep2_base_agg_full@rho0.5_b03v2,2,agg_full,0.5,154,upsert,L0074,B_no_decision_flip,0.0
b03v2,base,agg_full@rho0.5,rep2_base_agg_full@rho0.5_b03v2,2,agg_full,0.5,155,upsert,L0064,B_no_decision_flip,10.24
b03v2,base,agg_full@rho0.5,rep2_base_agg_full@rho0.5_b03v2,2,agg_full,0.5,156,upsert,L0096,A_no_future_use,
b03v2,base,agg_full@rho0.5,rep2_base_agg_full@rho0.5_b03v2,2,agg_full,0.5,157,upsert,L0086,A_no_future_use,
b03v2,base,agg_full@rho0.5,rep2_base_agg_full@rho0.5_b03v2,2,agg_full,0.5,158,upsert,L0068,D_meaningful_value_flip,8.24
b03v2,base,agg_full@rho0.5,rep2_base_agg_full@rho0.5_b03v2,2,agg_full,0.5,159,upsert,L0111,A_no_future_use,
b03v2,base,agg_full@rho0.5,rep2_base_agg_full@rho0.5_b03v2,2,agg_full,0.5,160,upsert,L0075,A_no_future_use,
b03v2,base,agg_full@rho0.5,rep2_base_agg_full@rho0.5_b03v2,2,agg_full,0.5,161,upsert,L0101,D_meaningful_value_flip,40.96
b03v2,base,agg_full@rho0.5,rep2_base_agg_full@rho0.5_b03v2,2,agg_full,0.5,162,upsert,L0109,A_no_future_use,
b03v2,base,agg_full@rho0.5,rep2_base_agg_full@rho0.5_b03v2,2,agg_full,0.5,163,upsert,L0065,A_no_future_use,
b03v2,base,agg_full@rho0.5,rep2_base_agg_full@rho0.5_b03v2,2,agg_full,0.5,164,upsert,L0082,A_no_future_use,
b03v2,base,agg_full@rho0.5,rep2_base_agg_full@rho0.5_b03v2,2,agg_full,0.5,165,upsert,L0073,B_no_decision_flip,10.24
b03v2,base,agg_full@rho0.5,rep2_base_agg_full@rho0.5_b03v2,2,agg_full,0.5,166,upsert,L0064,B_no_decision_flip,0.0
b03v2,base,agg_full@rho0.5,rep2_base_agg_full@rho0.5_b03v2,2,agg_full,0.5,167,upsert,L0115,B_no_decision_flip,0.0
b03v2,base,agg_full@rho0.5,rep2_base_agg_full@rho0.5_b03v2,2,agg_full,0.5,168,upsert,L0087,A_no_future_use,
b03v2,base,agg_full@rho0.5,rep2_base_agg_full@rho0.5_b03v2,2,agg_full,0.5,169,upsert,L0064,B_no_decision_flip,10.24
b03v2,base,agg_full@rho0.5,rep2_base_agg_full@rho0.5_b03v2,2,agg_full,0.5,170,upsert,L0115,D_meaningful_value_flip,10.24
b03v2,base,agg_full@rho0.5,rep2_base_agg_full@rho0.5_b03v2,2,agg_full,0.5,171,upsert,L0072,A_no_future_use,
b03v2,base,agg_full@rho0.5,rep2_base_agg_full@rho0.5_b03v2,2,agg_full,0.5,172,upsert,L0101,A_no_future_use,
b03v2,base,agg_full@rho0.5,rep2_base_agg_full@rho0.5_b03v2,2,agg_full,0.5,173,upsert,L0071,A_no_future_use,
b03v2,base,agg_full@rho0.5,rep2_base_agg_full@rho0.5_b03v2,2,agg_full,0.5,174,upsert,L0073,B_no_decision_flip,0.0
b03v2,base,agg_full@rho0.5,rep2_base_agg_full@rho0.5_b03v2,2,agg_full,0.5,175,upsert,L0091,A_no_future_use,
b03v2,base,agg_full@rho0.5,rep2_base_agg_full@rho0.5_b03v2,2,agg_full,0.5,176,upsert,L0074,B_no_decision_flip,10.24
b03v2,base,agg_full@rho0.5,rep2_base_agg_full@rho0.5_b03v2,2,agg_full,0.5,177,upsert,L0091,A_no_future_use,
b03v2,base,agg_full@rho0.5,rep2_base_agg_full@rho0.5_b03v2,2,agg_full,0.5,178,upsert,L0068,A_no_future_use,
b03v2,base,agg_full@rho0.5,rep2_base_agg_full@rho0.5_b03v2,2,agg_full,0.5,179,upsert,L0110,A_no_future_use,
b03v2,base,agg_full@rho0.5,rep2_base_agg_full@rho0.5_b03v2,2,agg_full,0.5,180,upsert,L0105,A_no_future_use,
b03v2,base,agg_full@rho0.5,rep2_base_agg_full@rho0.5_b03v2,2,agg_full,0.5,181,upsert,L0066,A_no_future_use,
b03v2,base,agg_full@rho0.5,rep2_base_agg_full@rho0.5_b03v2,2,agg_full,0.5,182,upsert,L0085,A_no_future_use,
b03v2,base,agg_full@rho0.5,rep2_base_agg_full@rho0.5_b03v2,2,agg_full,0.5,183,upsert,L0067,A_no_future_use,
b03v2,base,agg_full@rho0.5,rep2_base_agg_full@rho0.5_b03v2,2,agg_full,0.5,184,upsert,L0097,A_no_future_use,
b03v2,base,agg_full@rho0.5,rep2_base_agg_full@rho0.5_b03v2,2,agg_full,0.5,185,upsert,L0073,A_no_future_use,
b03v2,base,agg_full@rho0.5,rep2_base_agg_full@rho0.5_b03v2,2,agg_full,0.5,186,upsert,L0116,A_no_future_use,
b03v2,base,agg_full@rho0.5,rep2_base_agg_full@rho0.5_b03v2,2,agg_full,0.5,187,upsert,L0098,A_no_future_use,
b03v2,base,agg_full@rho0.5,rep2_base_agg_full@rho0.5_b03v2,2,agg_full,0.5,188,upsert,L0064,A_no_future_use,
b03v2,base,agg_full@rho0.5,rep2_base_agg_full@rho0.5_b03v2,2,agg_full,0.5,189,upsert,L0121,A_no_future_use,
b03v2,base,agg_full@rho0.5,rep2_base_agg_full@rho0.5_b03v2,2,agg_full,0.5,190,upsert,L0115,A_no_future_use,
b03v2,base,agg_full@rho0.5,rep2_base_agg_full@rho0.5_b03v2,2,agg_full,0.5,191,upsert,L0074,A_no_future_use,
b03v2,base,agg_full@rho0.8,rep2_base_agg_full@rho0.8_b03v2,2,agg_full,0.8,0,upsert,L0001,D_meaningful_value_flip,40.96
b03v2,base,agg_full@rho0.8,rep2_base_agg_full@rho0.8_b03v2,2,agg_full,0.8,1,upsert,L0013,B_no_decision_flip,0.0
b03v2,base,agg_full@rho0.8,rep2_base_agg_full@rho0.8_b03v2,2,agg_full,0.8,3,upsert,L0004,B_no_decision_flip,0.0
b03v2,base,agg_full@rho0.8,rep2_base_agg_full@rho0.8_b03v2,2,agg_full,0.8,2,upsert,L0016,D_meaningful_value_flip,40.96
b03v2,base,agg_full@rho0.8,rep2_base_agg_full@rho0.8_b03v2,2,agg_full,0.8,4,upsert,L0043,D_meaningful_value_flip,36.96
b03v2,base,agg_full@rho0.8,rep2_base_agg_full@rho0.8_b03v2,2,agg_full,0.8,5,upsert,L0004,B_no_decision_flip,0.0
b03v2,base,agg_full@rho0.8,rep2_base_agg_full@rho0.8_b03v2,2,agg_full,0.8,6,upsert,L0000,B_no_decision_flip,0.0
b03v2,base,agg_full@rho0.8,rep2_base_agg_full@rho0.8_b03v2,2,agg_full,0.8,7,upsert,L0006,A_no_future_use,
b03v2,base,agg_full@rho0.8,rep2_base_agg_full@rho0.8_b03v2,2,agg_full,0.8,8,upsert,L0006,A_no_future_use,
b03v2,base,agg_full@rho0.8,rep2_base_agg_full@rho0.8_b03v2,2,agg_full,0.8,9,upsert,L0002,B_no_decision_flip,0.0
b03v2,base,agg_full@rho0.8,rep2_base_agg_full@rho0.8_b03v2,2,agg_full,0.8,10,upsert,L0013,B_no_decision_flip,0.0
b03v2,base,agg_full@rho0.8,rep2_base_agg_full@rho0.8_b03v2,2,agg_full,0.8,11,upsert,L0005,B_no_decision_flip,0.0
b03v2,base,agg_full@rho0.8,rep2_base_agg_full@rho0.8_b03v2,2,agg_full,0.8,12,upsert,L0013,B_no_decision_flip,0.0
b03v2,base,agg_full@rho0.8,rep2_base_agg_full@rho0.8_b03v2,2,agg_full,0.8,13,upsert,L0010,D_meaningful_value_flip,38.96
b03v2,base,agg_full@rho0.8,rep2_base_agg_full@rho0.8_b03v2,2,agg_full,0.8,14,upsert,L0019,A_no_future_use,
b03v2,base,agg_full@rho0.8,rep2_base_agg_full@rho0.8_b03v2,2,agg_full,0.8,15,upsert,L0038,D_meaningful_value_flip,40.96
b03v2,base,agg_full@rho0.8,rep2_base_agg_full@rho0.8_b03v2,2,agg_full,0.8,16,upsert,L0000,B_no_decision_flip,0.0
b03v2,base,agg_full@rho0.8,rep2_base_agg_full@rho0.8_b03v2,2,agg_full,0.8,17,upsert,L0037,D_meaningful_value_flip,38.96
b03v2,base,agg_full@rho0.8,rep2_base_agg_full@rho0.8_b03v2,2,agg_full,0.8,18,upsert,L0019,A_no_future_use,
b03v2,base,agg_full@rho0.8,rep2_base_agg_full@rho0.8_b03v2,2,agg_full,0.8,19,upsert,L0017,A_no_future_use,
b03v2,base,agg_full@rho0.8,rep2_base_agg_full@rho0.8_b03v2,2,agg_full,0.8,20,upsert,L0053,D_meaningful_value_flip,40.96
b03v2,base,agg_full@rho0.8,rep2_base_agg_full@rho0.8_b03v2,2,agg_full,0.8,21,upsert,L0004,B_no_decision_flip,0.0
b03v2,base,agg_full@rho0.8,rep2_base_agg_full@rho0.8_b03v2,2,agg_full,0.8,22,upsert,L0000,B_no_decision_flip,0.0
b03v2,base,agg_full@rho0.8,rep2_base_agg_full@rho0.8_b03v2,2,agg_full,0.8,23,upsert,L0024,B_no_decision_flip,0.0
b03v2,base,agg_full@rho0.8,rep2_base_agg_full@rho0.8_b03v2,2,agg_full,0.8,24,upsert,L0021,A_no_future_use,
b03v2,base,agg_full@rho0.8,rep2_base_agg_full@rho0.8_b03v2,2,agg_full,0.8,25,upsert,L0028,D_meaningful_value_flip,40.96
b03v2,base,agg_full@rho0.8,rep2_base_agg_full@rho0.8_b03v2,2,agg_full,0.8,26,upsert,L0019,A_no_future_use,
b03v2,base,agg_full@rho0.8,rep2_base_agg_full@rho0.8_b03v2,2,agg_full,0.8,27,upsert,L0000,B_no_decision_flip,-20.48
b03v2,base,agg_full@rho0.8,rep2_base_agg_full@rho0.8_b03v2,2,agg_full,0.8,28,upsert,L0005,B_no_decision_flip,10.24
b03v2,base,agg_full@rho0.8,rep2_base_agg_full@rho0.8_b03v2,2,agg_full,0.8,29,upsert,L0000,B_no_decision_flip,0.0
b03v2,base,agg_full@rho0.8,rep2_base_agg_full@rho0.8_b03v2,2,agg_full,0.8,30,upsert,L0011,D_meaningful_value_flip,40.96
b03v2,base,agg_full@rho0.8,rep2_base_agg_full@rho0.8_b03v2,2,agg_full,0.8,31,upsert,L0020,D_meaningful_value_flip,38.96
b03v2,base,agg_full@rho0.8,rep2_base_agg_full@rho0.8_b03v2,2,agg_full,0.8,32,upsert,L0056,A_no_future_use,
b03v2,base,agg_full@rho0.8,rep2_base_agg_full@rho0.8_b03v2,2,agg_full,0.8,33,upsert,L0034,A_no_future_use,
b03v2,base,agg_full@rho0.8,rep2_base_agg_full@rho0.8_b03v2,2,agg_full,0.8,34,upsert,L0004,B_no_decision_flip,-20.48
b03v2,base,agg_full@rho0.8,rep2_base_agg_full@rho0.8_b03v2,2,agg_full,0.8,35,upsert,L0013,B_no_decision_flip,-20.48
b03v2,base,agg_full@rho0.8,rep2_base_agg_full@rho0.8_b03v2,2,agg_full,0.8,36,upsert,L0041,B_no_decision_flip,0.0
b03v2,base,agg_full@rho0.8,rep2_base_agg_full@rho0.8_b03v2,2,agg_full,0.8,37,upsert,L0041,D_meaningful_value_flip,10.24
b03v2,base,agg_full@rho0.8,rep2_base_agg_full@rho0.8_b03v2,2,agg_full,0.8,38,upsert,L0007,A_no_future_use,
b03v2,base,agg_full@rho0.8,rep2_base_agg_full@rho0.8_b03v2,2,agg_full,0.8,39,upsert,L0002,B_no_decision_flip,10.24
b03v2,base,agg_full@rho0.8,rep2_base_agg_full@rho0.8_b03v2,2,agg_full,0.8,40,upsert,L0029,D_meaningful_value_flip,38.96
b03v2,base,agg_full@rho0.8,rep2_base_agg_full@rho0.8_b03v2,2,agg_full,0.8,41,upsert,L0000,B_no_decision_flip,10.24
b03v2,base,agg_full@rho0.8,rep2_base_agg_full@rho0.8_b03v2,2,agg_full,0.8,42,upsert,L0040,A_no_future_use,
b03v2,base,agg_full@rho0.8,rep2_base_agg_full@rho0.8_b03v2,2,agg_full,0.8,43,upsert,L0033,A_no_future_use,
b03v2,base,agg_full@rho0.8,rep2_base_agg_full@rho0.8_b03v2,2,agg_full,0.8,44,upsert,L0012,D_meaningful_value_flip,40.96
b03v2,base,agg_full@rho0.8,rep2_base_agg_full@rho0.8_b03v2,2,agg_full,0.8,45,upsert,L0028,A_no_future_use,
b03v2,base,agg_full@rho0.8,rep2_base_agg_full@rho0.8_b03v2,2,agg_full,0.8,46,upsert,L0038,B_no_decision_flip,10.24
b03v2,base,agg_full@rho0.8,rep2_base_agg_full@rho0.8_b03v2,2,agg_full,0.8,47,upsert,L0056,A_no_future_use,
b03v2,base,agg_full@rho0.8,rep2_base_agg_full@rho0.8_b03v2,2,agg_full,0.8,48,upsert,L0062,A_no_future_use,
b03v2,base,agg_full@rho0.8,rep2_base_agg_full@rho0.8_b03v2,2,agg_full,0.8,49,upsert,L0005,B_no_decision_flip,10.24
b03v2,base,agg_full@rho0.8,rep2_base_agg_full@rho0.8_b03v2,2,agg_full,0.8,50,upsert,L0042,A_no_future_use,
b03v2,base,agg_full@rho0.8,rep2_base_agg_full@rho0.8_b03v2,2,agg_full,0.8,51,upsert,L0014,A_no_future_use,
b03v2,base,agg_full@rho0.8,rep2_base_agg_full@rho0.8_b03v2,2,agg_full,0.8,52,upsert,L0053,B_no_decision_flip,0.0
b03v2,base,agg_full@rho0.8,rep2_base_agg_full@rho0.8_b03v2,2,agg_full,0.8,53,upsert,L0011,A_no_future_use,
b03v2,base,agg_full@rho0.8,rep2_base_agg_full@rho0.8_b03v2,2,agg_full,0.8,54,upsert,L0055,A_no_future_use,
b03v2,base,agg_full@rho0.8,rep2_base_agg_full@rho0.8_b03v2,2,agg_full,0.8,55,upsert,L0037,A_no_future_use,
b03v2,base,agg_full@rho0.8,rep2_base_agg_full@rho0.8_b03v2,2,agg_full,0.8,56,upsert,L0022,B_no_decision_flip,0.0
b03v2,base,agg_full@rho0.8,rep2_base_agg_full@rho0.8_b03v2,2,agg_full,0.8,57,upsert,L0015,A_no_future_use,
b03v2,base,agg_full@rho0.8,rep2_base_agg_full@rho0.8_b03v2,2,agg_full,0.8,58,upsert,L0004,A_no_future_use,
b03v2,base,agg_full@rho0.8,rep2_base_agg_full@rho0.8_b03v2,2,agg_full,0.8,59,upsert,L0037,A_no_future_use,
b03v2,base,agg_full@rho0.8,rep2_base_agg_full@rho0.8_b03v2,2,agg_full,0.8,60,upsert,L0027,A_no_future_use,
b03v2,base,agg_full@rho0.8,rep2_base_agg_full@rho0.8_b03v2,2,agg_full,0.8,61,upsert,L0001,A_no_future_use,
b03v2,base,agg_full@rho0.8,rep2_base_agg_full@rho0.8_b03v2,2,agg_full,0.8,62,upsert,L0005,B_no_decision_flip,0.0
b03v2,base,agg_full@rho0.8,rep2_base_agg_full@rho0.8_b03v2,2,agg_full,0.8,63,upsert,L0005,B_no_decision_flip,0.0
b03v2,base,agg_full@rho0.8,rep2_base_agg_full@rho0.8_b03v2,2,agg_full,0.8,64,upsert,L0027,A_no_future_use,
b03v2,base,agg_full@rho0.8,rep2_base_agg_full@rho0.8_b03v2,2,agg_full,0.8,65,upsert,L0000,A_no_future_use,
b03v2,base,agg_full@rho0.8,rep2_base_agg_full@rho0.8_b03v2,2,agg_full,0.8,66,upsert,L0053,A_no_future_use,
b03v2,base,agg_full@rho0.8,rep2_base_agg_full@rho0.8_b03v2,2,agg_full,0.8,67,upsert,L0010,B_no_decision_flip,10.24
b03v2,base,agg_full@rho0.8,rep2_base_agg_full@rho0.8_b03v2,2,agg_full,0.8,68,upsert,L0000,A_no_future_use,
b03v2,base,agg_full@rho0.8,rep2_base_agg_full@rho0.8_b03v2,2,agg_full,0.8,69,upsert,L0030,A_no_future_use,
b03v2,base,agg_full@rho0.8,rep2_base_agg_full@rho0.8_b03v2,2,agg_full,0.8,70,upsert,L0032,B_no_decision_flip,0.0
b03v2,base,agg_full@rho0.8,rep2_base_agg_full@rho0.8_b03v2,2,agg_full,0.8,71,upsert,L0020,A_no_future_use,
b03v2,base,agg_full@rho0.8,rep2_base_agg_full@rho0.8_b03v2,2,agg_full,0.8,72,upsert,L0035,A_no_future_use,
b03v2,base,agg_full@rho0.8,rep2_base_agg_full@rho0.8_b03v2,2,agg_full,0.8,73,upsert,L0038,A_no_future_use,
b03v2,base,agg_full@rho0.8,rep2_base_agg_full@rho0.8_b03v2,2,agg_full,0.8,74,upsert,L0049,A_no_future_use,
b03v2,base,agg_full@rho0.8,rep2_base_agg_full@rho0.8_b03v2,2,agg_full,0.8,75,upsert,L0022,D_meaningful_value_flip,10.24
b03v2,base,agg_full@rho0.8,rep2_base_agg_full@rho0.8_b03v2,2,agg_full,0.8,76,upsert,L0008,A_no_future_use,
b03v2,base,agg_full@rho0.8,rep2_base_agg_full@rho0.8_b03v2,2,agg_full,0.8,77,upsert,L0041,A_no_future_use,
b03v2,base,agg_full@rho0.8,rep2_base_agg_full@rho0.8_b03v2,2,agg_full,0.8,78,upsert,L0016,A_no_future_use,
b03v2,base,agg_full@rho0.8,rep2_base_agg_full@rho0.8_b03v2,2,agg_full,0.8,79,upsert,L0002,A_no_future_use,
b03v2,base,agg_full@rho0.8,rep2_base_agg_full@rho0.8_b03v2,2,agg_full,0.8,80,upsert,L0025,A_no_future_use,
b03v2,base,agg_full@rho0.8,rep2_base_agg_full@rho0.8_b03v2,2,agg_full,0.8,81,upsert,L0002,A_no_future_use,
b03v2,base,agg_full@rho0.8,rep2_base_agg_full@rho0.8_b03v2,2,agg_full,0.8,82,upsert,L0013,A_no_future_use,
b03v2,base,agg_full@rho0.8,rep2_base_agg_full@rho0.8_b03v2,2,agg_full,0.8,83,upsert,L0024,A_no_future_use,
b03v2,base,agg_full@rho0.8,rep2_base_agg_full@rho0.8_b03v2,2,agg_full,0.8,84,upsert,L0032,A_no_future_use,
b03v2,base,agg_full@rho0.8,rep2_base_agg_full@rho0.8_b03v2,2,agg_full,0.8,85,upsert,L0032,A_no_future_use,
b03v2,base,agg_full@rho0.8,rep2_base_agg_full@rho0.8_b03v2,2,agg_full,0.8,86,upsert,L0043,A_no_future_use,
b03v2,base,agg_full@rho0.8,rep2_base_agg_full@rho0.8_b03v2,2,agg_full,0.8,87,upsert,L0002,A_no_future_use,
b03v2,base,agg_full@rho0.8,rep2_base_agg_full@rho0.8_b03v2,2,agg_full,0.8,88,upsert,L0012,A_no_future_use,
b03v2,base,agg_full@rho0.8,rep2_base_agg_full@rho0.8_b03v2,2,agg_full,0.8,89,upsert,L0026,A_no_future_use,
b03v2,base,agg_full@rho0.8,rep2_base_agg_full@rho0.8_b03v2,2,agg_full,0.8,90,upsert,L0010,A_no_future_use,
b03v2,base,agg_full@rho0.8,rep2_base_agg_full@rho0.8_b03v2,2,agg_full,0.8,91,upsert,L0005,A_no_future_use,
b03v2,base,agg_full@rho0.8,rep2_base_agg_full@rho0.8_b03v2,2,agg_full,0.8,92,upsert,L0022,A_no_future_use,
b03v2,base,agg_full@rho0.8,rep2_base_agg_full@rho0.8_b03v2,2,agg_full,0.8,93,upsert,L0026,A_no_future_use,
b03v2,base,agg_full@rho0.8,rep2_base_agg_full@rho0.8_b03v2,2,agg_full,0.8,94,upsert,L0045,A_no_future_use,
b03v2,base,agg_full@rho0.8,rep2_base_agg_full@rho0.8_b03v2,2,agg_full,0.8,95,upsert,L0029,A_no_future_use,
b03v2,base,agg_full@rho0.8,rep2_base_agg_full@rho0.8_b03v2,2,agg_full,0.8,96,upsert,L0071,D_meaningful_value_flip,38.96
b03v2,base,agg_full@rho0.8,rep2_base_agg_full@rho0.8_b03v2,2,agg_full,0.8,97,upsert,L0116,B_no_decision_flip,0.0
b03v2,base,agg_full@rho0.8,rep2_base_agg_full@rho0.8_b03v2,2,agg_full,0.8,98,upsert,L0064,B_no_decision_flip,0.0
b03v2,base,agg_full@rho0.8,rep2_base_agg_full@rho0.8_b03v2,2,agg_full,0.8,99,upsert,L0120,A_no_future_use,
b03v2,base,agg_full@rho0.8,rep2_base_agg_full@rho0.8_b03v2,2,agg_full,0.8,100,upsert,L0085,D_meaningful_value_flip,40.96
b03v2,base,agg_full@rho0.8,rep2_base_agg_full@rho0.8_b03v2,2,agg_full,0.8,101,upsert,L0066,B_no_decision_flip,0.0
b03v2,base,agg_full@rho0.8,rep2_base_agg_full@rho0.8_b03v2,2,agg_full,0.8,102,upsert,L0104,D_meaningful_value_flip,40.96
b03v2,base,agg_full@rho0.8,rep2_base_agg_full@rho0.8_b03v2,2,agg_full,0.8,103,upsert,L0064,D_meaningful_value_flip,12.24
b03v2,base,agg_full@rho0.8,rep2_base_agg_full@rho0.8_b03v2,2,agg_full,0.8,104,upsert,L0081,A_no_future_use,
b03v2,base,agg_full@rho0.8,rep2_base_agg_full@rho0.8_b03v2,2,agg_full,0.8,105,upsert,L0116,C_low_value_flip,4.0
b03v2,base,agg_full@rho0.8,rep2_base_agg_full@rho0.8_b03v2,2,agg_full,0.8,106,upsert,L0078,D_meaningful_value_flip,38.96
b03v2,base,agg_full@rho0.8,rep2_base_agg_full@rho0.8_b03v2,2,agg_full,0.8,107,upsert,L0106,A_no_future_use,
b03v2,base,agg_full@rho0.8,rep2_base_agg_full@rho0.8_b03v2,2,agg_full,0.8,108,upsert,L0072,D_meaningful_value_flip,40.96
b03v2,base,agg_full@rho0.8,rep2_base_agg_full@rho0.8_b03v2,2,agg_full,0.8,109,upsert,L0108,A_no_future_use,
b03v2,base,agg_full@rho0.8,rep2_base_agg_full@rho0.8_b03v2,2,agg_full,0.8,110,upsert,L0066,B_no_decision_flip,0.0
b03v2,base,agg_full@rho0.8,rep2_base_agg_full@rho0.8_b03v2,2,agg_full,0.8,111,upsert,L0112,D_meaningful_value_flip,40.96
b03v2,base,agg_full@rho0.8,rep2_base_agg_full@rho0.8_b03v2,2,agg_full,0.8,112,upsert,L0089,A_no_future_use,
b03v2,base,agg_full@rho0.8,rep2_base_agg_full@rho0.8_b03v2,2,agg_full,0.8,113,upsert,L0079,D_meaningful_value_flip,40.96
b03v2,base,agg_full@rho0.8,rep2_base_agg_full@rho0.8_b03v2,2,agg_full,0.8,114,upsert,L0068,D_meaningful_value_flip,40.96
b03v2,base,agg_full@rho0.8,rep2_base_agg_full@rho0.8_b03v2,2,agg_full,0.8,115,upsert,L0065,B_no_decision_flip,0.0
b03v2,base,agg_full@rho0.8,rep2_base_agg_full@rho0.8_b03v2,2,agg_full,0.8,116,upsert,L0094,A_no_future_use,
b03v2,base,agg_full@rho0.8,rep2_base_agg_full@rho0.8_b03v2,2,agg_full,0.8,117,upsert,L0089,A_no_future_use,
b03v2,base,agg_full@rho0.8,rep2_base_agg_full@rho0.8_b03v2,2,agg_full,0.8,118,upsert,L0068,D_meaningful_value_flip,12.24
b03v2,base,agg_full@rho0.8,rep2_base_agg_full@rho0.8_b03v2,2,agg_full,0.8,119,upsert,L0107,A_no_future_use,
b03v2,base,agg_full@rho0.8,rep2_base_agg_full@rho0.8_b03v2,2,agg_full,0.8,120,upsert,L0121,D_meaningful_value_flip,40.96
b03v2,base,agg_full@rho0.8,rep2_base_agg_full@rho0.8_b03v2,2,agg_full,0.8,121,upsert,L0065,C_low_value_flip,2.0
b03v2,base,agg_full@rho0.8,rep2_base_agg_full@rho0.8_b03v2,2,agg_full,0.8,122,upsert,L0066,B_no_decision_flip,0.0
b03v2,base,agg_full@rho0.8,rep2_base_agg_full@rho0.8_b03v2,2,agg_full,0.8,123,upsert,L0079,A_no_future_use,
b03v2,base,agg_full@rho0.8,rep2_base_agg_full@rho0.8_b03v2,2,agg_full,0.8,124,upsert,L0068,B_no_decision_flip,0.0
b03v2,base,agg_full@rho0.8,rep2_base_agg_full@rho0.8_b03v2,2,agg_full,0.8,125,upsert,L0089,A_no_future_use,
b03v2,base,agg_full@rho0.8,rep2_base_agg_full@rho0.8_b03v2,2,agg_full,0.8,126,upsert,L0066,B_no_decision_flip,-20.48
b03v2,base,agg_full@rho0.8,rep2_base_agg_full@rho0.8_b03v2,2,agg_full,0.8,127,upsert,L0078,A_no_future_use,
b03v2,base,agg_full@rho0.8,rep2_base_agg_full@rho0.8_b03v2,2,agg_full,0.8,128,upsert,L0079,A_no_future_use,
b03v2,base,agg_full@rho0.8,rep2_base_agg_full@rho0.8_b03v2,2,agg_full,0.8,129,upsert,L0102,A_no_future_use,
b03v2,base,agg_full@rho0.8,rep2_base_agg_full@rho0.8_b03v2,2,agg_full,0.8,130,upsert,L0093,A_no_future_use,
b03v2,base,agg_full@rho0.8,rep2_base_agg_full@rho0.8_b03v2,2,agg_full,0.8,131,upsert,L0093,A_no_future_use,
b03v2,base,agg_full@rho0.8,rep2_base_agg_full@rho0.8_b03v2,2,agg_full,0.8,132,upsert,L0078,A_no_future_use,
b03v2,base,agg_full@rho0.8,rep2_base_agg_full@rho0.8_b03v2,2,agg_full,0.8,133,upsert,L0068,E_negative_value_flip,-8.24
b03v2,base,agg_full@rho0.8,rep2_base_agg_full@rho0.8_b03v2,2,agg_full,0.8,134,upsert,L0064,B_no_decision_flip,10.24
b03v2,base,agg_full@rho0.8,rep2_base_agg_full@rho0.8_b03v2,2,agg_full,0.8,135,upsert,L0096,D_meaningful_value_flip,40.96
b03v2,base,agg_full@rho0.8,rep2_base_agg_full@rho0.8_b03v2,2,agg_full,0.8,136,upsert,L0087,B_no_decision_flip,0.0
b03v2,base,agg_full@rho0.8,rep2_base_agg_full@rho0.8_b03v2,2,agg_full,0.8,137,upsert,L0080,A_no_future_use,
b03v2,base,agg_full@rho0.8,rep2_base_agg_full@rho0.8_b03v2,2,agg_full,0.8,138,upsert,L0071,B_no_decision_flip,10.24
b03v2,base,agg_full@rho0.8,rep2_base_agg_full@rho0.8_b03v2,2,agg_full,0.8,139,upsert,L0073,D_meaningful_value_flip,38.96
b03v2,base,agg_full@rho0.8,rep2_base_agg_full@rho0.8_b03v2,2,agg_full,0.8,140,upsert,L0112,A_no_future_use,
b03v2,base,agg_full@rho0.8,rep2_base_agg_full@rho0.8_b03v2,2,agg_full,0.8,141,upsert,L0069,A_no_future_use,
b03v2,base,agg_full@rho0.8,rep2_base_agg_full@rho0.8_b03v2,2,agg_full,0.8,142,upsert,L0113,A_no_future_use,
b03v2,base,agg_full@rho0.8,rep2_base_agg_full@rho0.8_b03v2,2,agg_full,0.8,143,upsert,L0064,B_no_decision_flip,0.0
b03v2,base,agg_full@rho0.8,rep2_base_agg_full@rho0.8_b03v2,2,agg_full,0.8,144,upsert,L0064,B_no_decision_flip,10.24
b03v2,base,agg_full@rho0.8,rep2_base_agg_full@rho0.8_b03v2,2,agg_full,0.8,145,upsert,L0086,A_no_future_use,
b03v2,base,agg_full@rho0.8,rep2_base_agg_full@rho0.8_b03v2,2,agg_full,0.8,146,upsert,L0118,A_no_future_use,
b03v2,base,agg_full@rho0.8,rep2_base_agg_full@rho0.8_b03v2,2,agg_full,0.8,147,upsert,L0078,A_no_future_use,
b03v2,base,agg_full@rho0.8,rep2_base_agg_full@rho0.8_b03v2,2,agg_full,0.8,148,upsert,L0104,A_no_future_use,
b03v2,base,agg_full@rho0.8,rep2_base_agg_full@rho0.8_b03v2,2,agg_full,0.8,149,upsert,L0088,A_no_future_use,
b03v2,base,agg_full@rho0.8,rep2_base_agg_full@rho0.8_b03v2,2,agg_full,0.8,150,upsert,L0126,A_no_future_use,
b03v2,base,agg_full@rho0.8,rep2_base_agg_full@rho0.8_b03v2,2,agg_full,0.8,151,upsert,L0075,A_no_future_use,
b03v2,base,agg_full@rho0.8,rep2_base_agg_full@rho0.8_b03v2,2,agg_full,0.8,152,upsert,L0110,D_meaningful_value_flip,38.96
b03v2,base,agg_full@rho0.8,rep2_base_agg_full@rho0.8_b03v2,2,agg_full,0.8,153,upsert,L0123,A_no_future_use,
b03v2,base,agg_full@rho0.8,rep2_base_agg_full@rho0.8_b03v2,2,agg_full,0.8,154,upsert,L0074,D_meaningful_value_flip,40.96
b03v2,base,agg_full@rho0.8,rep2_base_agg_full@rho0.8_b03v2,2,agg_full,0.8,155,upsert,L0064,B_no_decision_flip,10.24
b03v2,base,agg_full@rho0.8,rep2_base_agg_full@rho0.8_b03v2,2,agg_full,0.8,156,upsert,L0096,A_no_future_use,
b03v2,base,agg_full@rho0.8,rep2_base_agg_full@rho0.8_b03v2,2,agg_full,0.8,157,upsert,L0086,A_no_future_use,
b03v2,base,agg_full@rho0.8,rep2_base_agg_full@rho0.8_b03v2,2,agg_full,0.8,158,upsert,L0068,A_no_future_use,
b03v2,base,agg_full@rho0.8,rep2_base_agg_full@rho0.8_b03v2,2,agg_full,0.8,159,upsert,L0111,A_no_future_use,
b03v2,base,agg_full@rho0.8,rep2_base_agg_full@rho0.8_b03v2,2,agg_full,0.8,160,upsert,L0075,A_no_future_use,
b03v2,base,agg_full@rho0.8,rep2_base_agg_full@rho0.8_b03v2,2,agg_full,0.8,161,upsert,L0101,A_no_future_use,
b03v2,base,agg_full@rho0.8,rep2_base_agg_full@rho0.8_b03v2,2,agg_full,0.8,162,upsert,L0109,A_no_future_use,
b03v2,base,agg_full@rho0.8,rep2_base_agg_full@rho0.8_b03v2,2,agg_full,0.8,163,upsert,L0065,A_no_future_use,
b03v2,base,agg_full@rho0.8,rep2_base_agg_full@rho0.8_b03v2,2,agg_full,0.8,164,upsert,L0082,A_no_future_use,
b03v2,base,agg_full@rho0.8,rep2_base_agg_full@rho0.8_b03v2,2,agg_full,0.8,165,upsert,L0073,A_no_future_use,
b03v2,base,agg_full@rho0.8,rep2_base_agg_full@rho0.8_b03v2,2,agg_full,0.8,166,upsert,L0064,A_no_future_use,
b03v2,base,agg_full@rho0.8,rep2_base_agg_full@rho0.8_b03v2,2,agg_full,0.8,167,upsert,L0115,A_no_future_use,
b03v2,base,agg_full@rho0.8,rep2_base_agg_full@rho0.8_b03v2,2,agg_full,0.8,168,upsert,L0087,A_no_future_use,
b03v2,base,agg_full@rho0.8,rep2_base_agg_full@rho0.8_b03v2,2,agg_full,0.8,169,upsert,L0064,A_no_future_use,
b03v2,base,agg_full@rho0.8,rep2_base_agg_full@rho0.8_b03v2,2,agg_full,0.8,170,upsert,L0115,A_no_future_use,
b03v2,base,agg_full@rho0.8,rep2_base_agg_full@rho0.8_b03v2,2,agg_full,0.8,171,upsert,L0072,A_no_future_use,
b03v2,base,agg_full@rho0.8,rep2_base_agg_full@rho0.8_b03v2,2,agg_full,0.8,172,upsert,L0101,A_no_future_use,
b03v2,base,agg_full@rho0.8,rep2_base_agg_full@rho0.8_b03v2,2,agg_full,0.8,173,upsert,L0071,A_no_future_use,
b03v2,base,agg_full@rho0.8,rep2_base_agg_full@rho0.8_b03v2,2,agg_full,0.8,174,upsert,L0073,A_no_future_use,
b03v2,base,agg_full@rho0.8,rep2_base_agg_full@rho0.8_b03v2,2,agg_full,0.8,175,upsert,L0091,A_no_future_use,
b03v2,base,agg_full@rho0.8,rep2_base_agg_full@rho0.8_b03v2,2,agg_full,0.8,176,upsert,L0074,A_no_future_use,
b03v2,base,agg_full@rho0.8,rep2_base_agg_full@rho0.8_b03v2,2,agg_full,0.8,177,upsert,L0091,A_no_future_use,
b03v2,base,agg_full@rho0.8,rep2_base_agg_full@rho0.8_b03v2,2,agg_full,0.8,178,upsert,L0068,A_no_future_use,
b03v2,base,agg_full@rho0.8,rep2_base_agg_full@rho0.8_b03v2,2,agg_full,0.8,179,upsert,L0110,A_no_future_use,
b03v2,base,agg_full@rho0.8,rep2_base_agg_full@rho0.8_b03v2,2,agg_full,0.8,180,upsert,L0105,A_no_future_use,
b03v2,base,agg_full@rho0.8,rep2_base_agg_full@rho0.8_b03v2,2,agg_full,0.8,181,upsert,L0066,A_no_future_use,
b03v2,base,agg_full@rho0.8,rep2_base_agg_full@rho0.8_b03v2,2,agg_full,0.8,182,upsert,L0085,A_no_future_use,
b03v2,base,agg_full@rho0.8,rep2_base_agg_full@rho0.8_b03v2,2,agg_full,0.8,183,upsert,L0067,A_no_future_use,
b03v2,base,agg_full@rho0.8,rep2_base_agg_full@rho0.8_b03v2,2,agg_full,0.8,184,upsert,L0097,A_no_future_use,
b03v2,base,agg_full@rho0.8,rep2_base_agg_full@rho0.8_b03v2,2,agg_full,0.8,185,upsert,L0073,A_no_future_use,
b03v2,base,agg_full@rho0.8,rep2_base_agg_full@rho0.8_b03v2,2,agg_full,0.8,186,upsert,L0116,A_no_future_use,
b03v2,base,agg_full@rho0.8,rep2_base_agg_full@rho0.8_b03v2,2,agg_full,0.8,187,upsert,L0098,A_no_future_use,
b03v2,base,agg_full@rho0.8,rep2_base_agg_full@rho0.8_b03v2,2,agg_full,0.8,188,upsert,L0064,A_no_future_use,
b03v2,base,agg_full@rho0.8,rep2_base_agg_full@rho0.8_b03v2,2,agg_full,0.8,189,upsert,L0121,A_no_future_use,
b03v2,base,agg_full@rho0.8,rep2_base_agg_full@rho0.8_b03v2,2,agg_full,0.8,190,upsert,L0115,A_no_future_use,
b03v2,base,agg_full@rho0.8,rep2_base_agg_full@rho0.8_b03v2,2,agg_full,0.8,191,upsert,L0074,A_no_future_use,
b03v2,base,exact_fifo@rho1.2,rep2_base_exact_fifo@rho1.2_b03v2,2,exact_fifo,1.2,0,upsert,L0001,D_meaningful_value_flip,38.96
b03v2,base,exact_fifo@rho1.2,rep2_base_exact_fifo@rho1.2_b03v2,2,exact_fifo,1.2,1,upsert,L0013,B_no_decision_flip,0.0
b03v2,base,exact_fifo@rho1.2,rep2_base_exact_fifo@rho1.2_b03v2,2,exact_fifo,1.2,2,upsert,L0016,D_meaningful_value_flip,36.96
b03v2,base,exact_fifo@rho1.2,rep2_base_exact_fifo@rho1.2_b03v2,2,exact_fifo,1.2,3,upsert,L0004,B_no_decision_flip,0.0
b03v2,base,exact_fifo@rho1.2,rep2_base_exact_fifo@rho1.2_b03v2,2,exact_fifo,1.2,4,upsert,L0043,D_meaningful_value_flip,40.96
b03v2,base,exact_fifo@rho1.2,rep2_base_exact_fifo@rho1.2_b03v2,2,exact_fifo,1.2,5,upsert,L0004,B_no_decision_flip,10.24
b03v2,base,exact_fifo@rho1.2,rep2_base_exact_fifo@rho1.2_b03v2,2,exact_fifo,1.2,6,upsert,L0000,B_no_decision_flip,0.0
b03v2,base,exact_fifo@rho1.2,rep2_base_exact_fifo@rho1.2_b03v2,2,exact_fifo,1.2,7,upsert,L0006,A_no_future_use,
b03v2,base,exact_fifo@rho1.2,rep2_base_exact_fifo@rho1.2_b03v2,2,exact_fifo,1.2,8,upsert,L0006,A_no_future_use,
b03v2,base,exact_fifo@rho1.2,rep2_base_exact_fifo@rho1.2_b03v2,2,exact_fifo,1.2,9,upsert,L0002,D_meaningful_value_flip,38.96
b03v2,base,exact_fifo@rho1.2,rep2_base_exact_fifo@rho1.2_b03v2,2,exact_fifo,1.2,10,upsert,L0013,B_no_decision_flip,10.24
b03v2,base,exact_fifo@rho1.2,rep2_base_exact_fifo@rho1.2_b03v2,2,exact_fifo,1.2,11,upsert,L0005,D_meaningful_value_flip,38.96
b03v2,base,exact_fifo@rho1.2,rep2_base_exact_fifo@rho1.2_b03v2,2,exact_fifo,1.2,12,upsert,L0013,B_no_decision_flip,0.0
b03v2,base,exact_fifo@rho1.2,rep2_base_exact_fifo@rho1.2_b03v2,2,exact_fifo,1.2,13,upsert,L0010,B_no_decision_flip,0.0
b03v2,base,exact_fifo@rho1.2,rep2_base_exact_fifo@rho1.2_b03v2,2,exact_fifo,1.2,14,upsert,L0019,A_no_future_use,
b03v2,base,exact_fifo@rho1.2,rep2_base_exact_fifo@rho1.2_b03v2,2,exact_fifo,1.2,15,upsert,L0038,D_meaningful_value_flip,40.96
b03v2,base,exact_fifo@rho1.2,rep2_base_exact_fifo@rho1.2_b03v2,2,exact_fifo,1.2,16,upsert,L0000,D_meaningful_value_flip,12.24
b03v2,base,exact_fifo@rho1.2,rep2_base_exact_fifo@rho1.2_b03v2,2,exact_fifo,1.2,17,upsert,L0037,B_no_decision_flip,0.0
b03v2,base,exact_fifo@rho1.2,rep2_base_exact_fifo@rho1.2_b03v2,2,exact_fifo,1.2,18,upsert,L0019,A_no_future_use,
b03v2,base,exact_fifo@rho1.2,rep2_base_exact_fifo@rho1.2_b03v2,2,exact_fifo,1.2,19,upsert,L0017,A_no_future_use,
b03v2,base,exact_fifo@rho1.2,rep2_base_exact_fifo@rho1.2_b03v2,2,exact_fifo,1.2,20,upsert,L0053,D_meaningful_value_flip,40.96
b03v2,base,exact_fifo@rho1.2,rep2_base_exact_fifo@rho1.2_b03v2,2,exact_fifo,1.2,21,upsert,L0004,B_no_decision_flip,10.24
b03v2,base,exact_fifo@rho1.2,rep2_base_exact_fifo@rho1.2_b03v2,2,exact_fifo,1.2,22,upsert,L0000,B_no_decision_flip,0.0
b03v2,base,exact_fifo@rho1.2,rep2_base_exact_fifo@rho1.2_b03v2,2,exact_fifo,1.2,23,upsert,L0024,D_meaningful_value_flip,38.96
b03v2,base,exact_fifo@rho1.2,rep2_base_exact_fifo@rho1.2_b03v2,2,exact_fifo,1.2,24,upsert,L0021,A_no_future_use,
b03v2,base,exact_fifo@rho1.2,rep2_base_exact_fifo@rho1.2_b03v2,2,exact_fifo,1.2,25,upsert,L0028,A_no_future_use,
b03v2,base,exact_fifo@rho1.2,rep2_base_exact_fifo@rho1.2_b03v2,2,exact_fifo,1.2,26,upsert,L0019,A_no_future_use,
b03v2,base,exact_fifo@rho1.2,rep2_base_exact_fifo@rho1.2_b03v2,2,exact_fifo,1.2,27,upsert,L0000,B_no_decision_flip,0.0
b03v2,base,exact_fifo@rho1.2,rep2_base_exact_fifo@rho1.2_b03v2,2,exact_fifo,1.2,28,upsert,L0005,D_meaningful_value_flip,10.24
b03v2,base,exact_fifo@rho1.2,rep2_base_exact_fifo@rho1.2_b03v2,2,exact_fifo,1.2,29,upsert,L0000,B_no_decision_flip,0.0
b03v2,base,exact_fifo@rho1.2,rep2_base_exact_fifo@rho1.2_b03v2,2,exact_fifo,1.2,30,upsert,L0011,A_no_future_use,
b03v2,base,exact_fifo@rho1.2,rep2_base_exact_fifo@rho1.2_b03v2,2,exact_fifo,1.2,31,upsert,L0020,D_meaningful_value_flip,38.96
b03v2,base,exact_fifo@rho1.2,rep2_base_exact_fifo@rho1.2_b03v2,2,exact_fifo,1.2,32,upsert,L0056,A_no_future_use,
b03v2,base,exact_fifo@rho1.2,rep2_base_exact_fifo@rho1.2_b03v2,2,exact_fifo,1.2,33,upsert,L0034,A_no_future_use,
b03v2,base,exact_fifo@rho1.2,rep2_base_exact_fifo@rho1.2_b03v2,2,exact_fifo,1.2,34,upsert,L0004,A_no_future_use,
b03v2,base,exact_fifo@rho1.2,rep2_base_exact_fifo@rho1.2_b03v2,2,exact_fifo,1.2,35,upsert,L0013,B_no_decision_flip,-20.48
b03v2,base,exact_fifo@rho1.2,rep2_base_exact_fifo@rho1.2_b03v2,2,exact_fifo,1.2,36,upsert,L0041,B_no_decision_flip,0.0
b03v2,base,exact_fifo@rho1.2,rep2_base_exact_fifo@rho1.2_b03v2,2,exact_fifo,1.2,37,upsert,L0041,D_meaningful_value_flip,8.24
b03v2,base,exact_fifo@rho1.2,rep2_base_exact_fifo@rho1.2_b03v2,2,exact_fifo,1.2,38,upsert,L0007,A_no_future_use,
b03v2,base,exact_fifo@rho1.2,rep2_base_exact_fifo@rho1.2_b03v2,2,exact_fifo,1.2,39,upsert,L0002,B_no_decision_flip,10.24
b03v2,base,exact_fifo@rho1.2,rep2_base_exact_fifo@rho1.2_b03v2,2,exact_fifo,1.2,40,upsert,L0029,D_meaningful_value_flip,38.96
b03v2,base,exact_fifo@rho1.2,rep2_base_exact_fifo@rho1.2_b03v2,2,exact_fifo,1.2,41,upsert,L0000,A_no_future_use,
b03v2,base,exact_fifo@rho1.2,rep2_base_exact_fifo@rho1.2_b03v2,2,exact_fifo,1.2,42,upsert,L0040,A_no_future_use,
b03v2,base,exact_fifo@rho1.2,rep2_base_exact_fifo@rho1.2_b03v2,2,exact_fifo,1.2,43,upsert,L0033,A_no_future_use,
b03v2,base,exact_fifo@rho1.2,rep2_base_exact_fifo@rho1.2_b03v2,2,exact_fifo,1.2,44,upsert,L0012,D_meaningful_value_flip,40.96
b03v2,base,exact_fifo@rho1.2,rep2_base_exact_fifo@rho1.2_b03v2,2,exact_fifo,1.2,45,upsert,L0028,A_no_future_use,
b03v2,base,exact_fifo@rho1.2,rep2_base_exact_fifo@rho1.2_b03v2,2,exact_fifo,1.2,46,upsert,L0038,A_no_future_use,
b03v2,base,exact_fifo@rho1.2,rep2_base_exact_fifo@rho1.2_b03v2,2,exact_fifo,1.2,47,upsert,L0056,A_no_future_use,
b03v2,base,exact_fifo@rho1.2,rep2_base_exact_fifo@rho1.2_b03v2,2,exact_fifo,1.2,48,upsert,L0062,A_no_future_use,
b03v2,base,exact_fifo@rho1.2,rep2_base_exact_fifo@rho1.2_b03v2,2,exact_fifo,1.2,49,upsert,L0005,D_meaningful_value_flip,10.24
b03v2,base,exact_fifo@rho1.2,rep2_base_exact_fifo@rho1.2_b03v2,2,exact_fifo,1.2,50,upsert,L0042,A_no_future_use,
b03v2,base,exact_fifo@rho1.2,rep2_base_exact_fifo@rho1.2_b03v2,2,exact_fifo,1.2,51,upsert,L0014,A_no_future_use,
b03v2,base,exact_fifo@rho1.2,rep2_base_exact_fifo@rho1.2_b03v2,2,exact_fifo,1.2,52,upsert,L0053,A_no_future_use,
b03v2,base,exact_fifo@rho1.2,rep2_base_exact_fifo@rho1.2_b03v2,2,exact_fifo,1.2,53,upsert,L0011,A_no_future_use,
b03v2,base,exact_fifo@rho1.2,rep2_base_exact_fifo@rho1.2_b03v2,2,exact_fifo,1.2,54,upsert,L0055,A_no_future_use,
b03v2,base,exact_fifo@rho1.2,rep2_base_exact_fifo@rho1.2_b03v2,2,exact_fifo,1.2,55,upsert,L0037,A_no_future_use,
b03v2,base,exact_fifo@rho1.2,rep2_base_exact_fifo@rho1.2_b03v2,2,exact_fifo,1.2,56,upsert,L0022,D_meaningful_value_flip,40.96
b03v2,base,exact_fifo@rho1.2,rep2_base_exact_fifo@rho1.2_b03v2,2,exact_fifo,1.2,57,upsert,L0015,A_no_future_use,
b03v2,base,exact_fifo@rho1.2,rep2_base_exact_fifo@rho1.2_b03v2,2,exact_fifo,1.2,58,upsert,L0004,A_no_future_use,
b03v2,base,exact_fifo@rho1.2,rep2_base_exact_fifo@rho1.2_b03v2,2,exact_fifo,1.2,59,upsert,L0037,A_no_future_use,
b03v2,base,exact_fifo@rho1.2,rep2_base_exact_fifo@rho1.2_b03v2,2,exact_fifo,1.2,60,upsert,L0027,A_no_future_use,
b03v2,base,exact_fifo@rho1.2,rep2_base_exact_fifo@rho1.2_b03v2,2,exact_fifo,1.2,61,upsert,L0001,A_no_future_use,
b03v2,base,exact_fifo@rho1.2,rep2_base_exact_fifo@rho1.2_b03v2,2,exact_fifo,1.2,62,upsert,L0005,A_no_future_use,
b03v2,base,exact_fifo@rho1.2,rep2_base_exact_fifo@rho1.2_b03v2,2,exact_fifo,1.2,63,upsert,L0005,A_no_future_use,
b03v2,base,exact_fifo@rho1.2,rep2_base_exact_fifo@rho1.2_b03v2,2,exact_fifo,1.2,64,upsert,L0027,A_no_future_use,
b03v2,base,exact_fifo@rho1.2,rep2_base_exact_fifo@rho1.2_b03v2,2,exact_fifo,1.2,65,upsert,L0000,A_no_future_use,
b03v2,base,exact_fifo@rho1.2,rep2_base_exact_fifo@rho1.2_b03v2,2,exact_fifo,1.2,66,upsert,L0053,A_no_future_use,
b03v2,base,exact_fifo@rho1.2,rep2_base_exact_fifo@rho1.2_b03v2,2,exact_fifo,1.2,67,upsert,L0010,A_no_future_use,
b03v2,base,exact_fifo@rho1.2,rep2_base_exact_fifo@rho1.2_b03v2,2,exact_fifo,1.2,68,upsert,L0000,A_no_future_use,
b03v2,base,exact_fifo@rho1.2,rep2_base_exact_fifo@rho1.2_b03v2,2,exact_fifo,1.2,69,upsert,L0030,A_no_future_use,
b03v2,base,exact_fifo@rho1.2,rep2_base_exact_fifo@rho1.2_b03v2,2,exact_fifo,1.2,70,upsert,L0032,A_no_future_use,
b03v2,base,exact_fifo@rho1.2,rep2_base_exact_fifo@rho1.2_b03v2,2,exact_fifo,1.2,71,upsert,L0020,A_no_future_use,
b03v2,base,exact_fifo@rho1.2,rep2_base_exact_fifo@rho1.2_b03v2,2,exact_fifo,1.2,72,upsert,L0035,A_no_future_use,
b03v2,base,exact_fifo@rho1.2,rep2_base_exact_fifo@rho1.2_b03v2,2,exact_fifo,1.2,73,upsert,L0038,A_no_future_use,
b03v2,base,exact_fifo@rho1.2,rep2_base_exact_fifo@rho1.2_b03v2,2,exact_fifo,1.2,74,upsert,L0049,A_no_future_use,
b03v2,base,exact_fifo@rho1.2,rep2_base_exact_fifo@rho1.2_b03v2,2,exact_fifo,1.2,75,upsert,L0022,A_no_future_use,
b03v2,base,exact_fifo@rho1.2,rep2_base_exact_fifo@rho1.2_b03v2,2,exact_fifo,1.2,76,upsert,L0008,A_no_future_use,
b03v2,base,exact_fifo@rho1.2,rep2_base_exact_fifo@rho1.2_b03v2,2,exact_fifo,1.2,77,upsert,L0041,A_no_future_use,
b03v2,base,exact_fifo@rho1.2,rep2_base_exact_fifo@rho1.2_b03v2,2,exact_fifo,1.2,78,upsert,L0016,A_no_future_use,
b03v2,base,exact_fifo@rho1.2,rep2_base_exact_fifo@rho1.2_b03v2,2,exact_fifo,1.2,79,upsert,L0002,A_no_future_use,
b03v2,base,exact_fifo@rho1.2,rep2_base_exact_fifo@rho1.2_b03v2,2,exact_fifo,1.2,80,upsert,L0025,A_no_future_use,
b03v2,base,exact_fifo@rho1.2,rep2_base_exact_fifo@rho1.2_b03v2,2,exact_fifo,1.2,81,upsert,L0002,A_no_future_use,
b03v2,base,exact_fifo@rho1.2,rep2_base_exact_fifo@rho1.2_b03v2,2,exact_fifo,1.2,82,upsert,L0013,A_no_future_use,
b03v2,base,exact_fifo@rho1.2,rep2_base_exact_fifo@rho1.2_b03v2,2,exact_fifo,1.2,83,upsert,L0024,A_no_future_use,
b03v2,base,exact_fifo@rho1.2,rep2_base_exact_fifo@rho1.2_b03v2,2,exact_fifo,1.2,84,upsert,L0032,A_no_future_use,
b03v2,base,exact_fifo@rho1.2,rep2_base_exact_fifo@rho1.2_b03v2,2,exact_fifo,1.2,85,upsert,L0032,A_no_future_use,
b03v2,base,exact_fifo@rho1.2,rep2_base_exact_fifo@rho1.2_b03v2,2,exact_fifo,1.2,86,upsert,L0043,A_no_future_use,
b03v2,base,exact_fifo@rho1.2,rep2_base_exact_fifo@rho1.2_b03v2,2,exact_fifo,1.2,87,upsert,L0002,A_no_future_use,
b03v2,base,exact_fifo@rho1.2,rep2_base_exact_fifo@rho1.2_b03v2,2,exact_fifo,1.2,88,upsert,L0012,A_no_future_use,
b03v2,base,exact_fifo@rho1.2,rep2_base_exact_fifo@rho1.2_b03v2,2,exact_fifo,1.2,89,upsert,L0026,A_no_future_use,
b03v2,base,exact_fifo@rho1.2,rep2_base_exact_fifo@rho1.2_b03v2,2,exact_fifo,1.2,90,upsert,L0010,A_no_future_use,
b03v2,base,exact_fifo@rho1.2,rep2_base_exact_fifo@rho1.2_b03v2,2,exact_fifo,1.2,91,upsert,L0005,A_no_future_use,
b03v2,base,exact_fifo@rho1.2,rep2_base_exact_fifo@rho1.2_b03v2,2,exact_fifo,1.2,92,upsert,L0022,A_no_future_use,
b03v2,base,exact_fifo@rho1.2,rep2_base_exact_fifo@rho1.2_b03v2,2,exact_fifo,1.2,93,upsert,L0026,A_no_future_use,
b03v2,base,exact_fifo@rho1.2,rep2_base_exact_fifo@rho1.2_b03v2,2,exact_fifo,1.2,94,upsert,L0045,A_no_future_use,
b03v2,base,exact_fifo@rho1.2,rep2_base_exact_fifo@rho1.2_b03v2,2,exact_fifo,1.2,95,upsert,L0029,A_no_future_use,
b03v2,base,exact_fifo@rho1.2,rep2_base_exact_fifo@rho1.2_b03v2,2,exact_fifo,1.2,96,upsert,L0071,D_meaningful_value_flip,38.96
b03v2,base,exact_fifo@rho1.2,rep2_base_exact_fifo@rho1.2_b03v2,2,exact_fifo,1.2,97,upsert,L0116,B_no_decision_flip,0.0
b03v2,base,exact_fifo@rho1.2,rep2_base_exact_fifo@rho1.2_b03v2,2,exact_fifo,1.2,98,upsert,L0064,B_no_decision_flip,0.0
b03v2,base,exact_fifo@rho1.2,rep2_base_exact_fifo@rho1.2_b03v2,2,exact_fifo,1.2,99,upsert,L0120,A_no_future_use,
b03v2,base,exact_fifo@rho1.2,rep2_base_exact_fifo@rho1.2_b03v2,2,exact_fifo,1.2,100,upsert,L0085,D_meaningful_value_flip,40.96
b03v2,base,exact_fifo@rho1.2,rep2_base_exact_fifo@rho1.2_b03v2,2,exact_fifo,1.2,101,upsert,L0066,B_no_decision_flip,0.0
b03v2,base,exact_fifo@rho1.2,rep2_base_exact_fifo@rho1.2_b03v2,2,exact_fifo,1.2,102,upsert,L0104,D_meaningful_value_flip,40.96
b03v2,base,exact_fifo@rho1.2,rep2_base_exact_fifo@rho1.2_b03v2,2,exact_fifo,1.2,103,upsert,L0064,D_meaningful_value_flip,8.24
b03v2,base,exact_fifo@rho1.2,rep2_base_exact_fifo@rho1.2_b03v2,2,exact_fifo,1.2,104,upsert,L0081,A_no_future_use,
b03v2,base,exact_fifo@rho1.2,rep2_base_exact_fifo@rho1.2_b03v2,2,exact_fifo,1.2,105,upsert,L0116,D_meaningful_value_flip,10.24
b03v2,base,exact_fifo@rho1.2,rep2_base_exact_fifo@rho1.2_b03v2,2,exact_fifo,1.2,106,upsert,L0078,D_meaningful_value_flip,38.96
b03v2,base,exact_fifo@rho1.2,rep2_base_exact_fifo@rho1.2_b03v2,2,exact_fifo,1.2,107,upsert,L0106,A_no_future_use,
b03v2,base,exact_fifo@rho1.2,rep2_base_exact_fifo@rho1.2_b03v2,2,exact_fifo,1.2,108,upsert,L0072,D_meaningful_value_flip,38.96
b03v2,base,exact_fifo@rho1.2,rep2_base_exact_fifo@rho1.2_b03v2,2,exact_fifo,1.2,109,upsert,L0108,A_no_future_use,
b03v2,base,exact_fifo@rho1.2,rep2_base_exact_fifo@rho1.2_b03v2,2,exact_fifo,1.2,110,upsert,L0066,B_no_decision_flip,10.24
b03v2,base,exact_fifo@rho1.2,rep2_base_exact_fifo@rho1.2_b03v2,2,exact_fifo,1.2,111,upsert,L0112,A_no_future_use,
b03v2,base,exact_fifo@rho1.2,rep2_base_exact_fifo@rho1.2_b03v2,2,exact_fifo,1.2,112,upsert,L0089,A_no_future_use,
b03v2,base,exact_fifo@rho1.2,rep2_base_exact_fifo@rho1.2_b03v2,2,exact_fifo,1.2,113,upsert,L0079,A_no_future_use,
b03v2,base,exact_fifo@rho1.2,rep2_base_exact_fifo@rho1.2_b03v2,2,exact_fifo,1.2,114,upsert,L0068,B_no_decision_flip,0.0
b03v2,base,exact_fifo@rho1.2,rep2_base_exact_fifo@rho1.2_b03v2,2,exact_fifo,1.2,115,upsert,L0065,A_no_future_use,
b03v2,base,exact_fifo@rho1.2,rep2_base_exact_fifo@rho1.2_b03v2,2,exact_fifo,1.2,116,upsert,L0094,A_no_future_use,
b03v2,base,exact_fifo@rho1.2,rep2_base_exact_fifo@rho1.2_b03v2,2,exact_fifo,1.2,117,upsert,L0089,A_no_future_use,
b03v2,base,exact_fifo@rho1.2,rep2_base_exact_fifo@rho1.2_b03v2,2,exact_fifo,1.2,118,upsert,L0068,B_no_decision_flip,10.24
b03v2,base,exact_fifo@rho1.2,rep2_base_exact_fifo@rho1.2_b03v2,2,exact_fifo,1.2,119,upsert,L0107,A_no_future_use,
b03v2,base,exact_fifo@rho1.2,rep2_base_exact_fifo@rho1.2_b03v2,2,exact_fifo,1.2,120,upsert,L0121,B_no_decision_flip,0.0
b03v2,base,exact_fifo@rho1.2,rep2_base_exact_fifo@rho1.2_b03v2,2,exact_fifo,1.2,121,upsert,L0065,A_no_future_use,
b03v2,base,exact_fifo@rho1.2,rep2_base_exact_fifo@rho1.2_b03v2,2,exact_fifo,1.2,122,upsert,L0066,A_no_future_use,
b03v2,base,exact_fifo@rho1.2,rep2_base_exact_fifo@rho1.2_b03v2,2,exact_fifo,1.2,123,upsert,L0079,A_no_future_use,
b03v2,base,exact_fifo@rho1.2,rep2_base_exact_fifo@rho1.2_b03v2,2,exact_fifo,1.2,124,upsert,L0068,A_no_future_use,
b03v2,base,exact_fifo@rho1.2,rep2_base_exact_fifo@rho1.2_b03v2,2,exact_fifo,1.2,125,upsert,L0089,A_no_future_use,
b03v2,base,exact_fifo@rho1.2,rep2_base_exact_fifo@rho1.2_b03v2,2,exact_fifo,1.2,126,upsert,L0066,A_no_future_use,
b03v2,base,exact_fifo@rho1.2,rep2_base_exact_fifo@rho1.2_b03v2,2,exact_fifo,1.2,127,upsert,L0078,A_no_future_use,
b03v2,base,exact_fifo@rho1.2,rep2_base_exact_fifo@rho1.2_b03v2,2,exact_fifo,1.2,128,upsert,L0079,A_no_future_use,
b03v2,base,exact_fifo@rho1.2,rep2_base_exact_fifo@rho1.2_b03v2,2,exact_fifo,1.2,129,upsert,L0102,A_no_future_use,
b03v2,base,exact_fifo@rho1.2,rep2_base_exact_fifo@rho1.2_b03v2,2,exact_fifo,1.2,130,upsert,L0093,A_no_future_use,
b03v2,base,exact_fifo@rho1.2,rep2_base_exact_fifo@rho1.2_b03v2,2,exact_fifo,1.2,131,upsert,L0093,A_no_future_use,
b03v2,base,exact_fifo@rho1.2,rep2_base_exact_fifo@rho1.2_b03v2,2,exact_fifo,1.2,132,upsert,L0078,A_no_future_use,
b03v2,base,exact_fifo@rho1.2,rep2_base_exact_fifo@rho1.2_b03v2,2,exact_fifo,1.2,133,upsert,L0068,A_no_future_use,
b03v2,base,exact_fifo@rho1.2,rep2_base_exact_fifo@rho1.2_b03v2,2,exact_fifo,1.2,134,upsert,L0064,D_meaningful_value_flip,10.24
b03v2,base,exact_fifo@rho1.2,rep2_base_exact_fifo@rho1.2_b03v2,2,exact_fifo,1.2,135,upsert,L0096,A_no_future_use,
b03v2,base,exact_fifo@rho1.0,rep2_base_exact_fifo@rho1.0_b03v2,2,exact_fifo,1.0,0,upsert,L0001,A_no_future_use,
b03v2,base,exact_fifo@rho1.0,rep2_base_exact_fifo@rho1.0_b03v2,2,exact_fifo,1.0,1,upsert,L0013,B_no_decision_flip,0.0
b03v2,base,exact_fifo@rho1.0,rep2_base_exact_fifo@rho1.0_b03v2,2,exact_fifo,1.0,2,upsert,L0016,B_no_decision_flip,0.0
b03v2,base,exact_fifo@rho1.0,rep2_base_exact_fifo@rho1.0_b03v2,2,exact_fifo,1.0,3,upsert,L0004,A_no_future_use,
b03v2,base,exact_fifo@rho1.0,rep2_base_exact_fifo@rho1.0_b03v2,2,exact_fifo,1.0,4,upsert,L0043,D_meaningful_value_flip,38.96
b03v2,base,exact_fifo@rho1.0,rep2_base_exact_fifo@rho1.0_b03v2,2,exact_fifo,1.0,5,upsert,L0004,A_no_future_use,
b03v2,base,exact_fifo@rho1.0,rep2_base_exact_fifo@rho1.0_b03v2,2,exact_fifo,1.0,6,upsert,L0000,A_no_future_use,
b03v2,base,exact_fifo@rho1.0,rep2_base_exact_fifo@rho1.0_b03v2,2,exact_fifo,1.0,7,upsert,L0006,A_no_future_use,
b03v2,base,exact_fifo@rho1.0,rep2_base_exact_fifo@rho1.0_b03v2,2,exact_fifo,1.0,8,upsert,L0006,A_no_future_use,
b03v2,base,exact_fifo@rho1.0,rep2_base_exact_fifo@rho1.0_b03v2,2,exact_fifo,1.0,9,upsert,L0002,D_meaningful_value_flip,38.96
b03v2,base,exact_fifo@rho1.0,rep2_base_exact_fifo@rho1.0_b03v2,2,exact_fifo,1.0,10,upsert,L0013,B_no_decision_flip,0.0
b03v2,base,exact_fifo@rho1.0,rep2_base_exact_fifo@rho1.0_b03v2,2,exact_fifo,1.0,11,upsert,L0005,D_meaningful_value_flip,38.96
b03v2,base,exact_fifo@rho1.0,rep2_base_exact_fifo@rho1.0_b03v2,2,exact_fifo,1.0,12,upsert,L0013,D_meaningful_value_flip,12.24
b03v2,base,exact_fifo@rho1.0,rep2_base_exact_fifo@rho1.0_b03v2,2,exact_fifo,1.0,13,upsert,L0010,D_meaningful_value_flip,38.96
b03v2,base,exact_fifo@rho1.0,rep2_base_exact_fifo@rho1.0_b03v2,2,exact_fifo,1.0,14,upsert,L0019,A_no_future_use,
b03v2,base,exact_fifo@rho1.0,rep2_base_exact_fifo@rho1.0_b03v2,2,exact_fifo,1.0,15,upsert,L0038,A_no_future_use,
b03v2,base,exact_fifo@rho1.0,rep2_base_exact_fifo@rho1.0_b03v2,2,exact_fifo,1.0,16,upsert,L0000,A_no_future_use,
b03v2,base,exact_fifo@rho1.0,rep2_base_exact_fifo@rho1.0_b03v2,2,exact_fifo,1.0,17,upsert,L0037,A_no_future_use,
b03v2,base,exact_fifo@rho1.0,rep2_base_exact_fifo@rho1.0_b03v2,2,exact_fifo,1.0,18,upsert,L0019,A_no_future_use,
b03v2,base,exact_fifo@rho1.0,rep2_base_exact_fifo@rho1.0_b03v2,2,exact_fifo,1.0,19,upsert,L0017,A_no_future_use,
b03v2,base,exact_fifo@rho1.0,rep2_base_exact_fifo@rho1.0_b03v2,2,exact_fifo,1.0,20,upsert,L0053,A_no_future_use,
b03v2,base,exact_fifo@rho1.0,rep2_base_exact_fifo@rho1.0_b03v2,2,exact_fifo,1.0,21,upsert,L0004,A_no_future_use,
b03v2,base,exact_fifo@rho1.0,rep2_base_exact_fifo@rho1.0_b03v2,2,exact_fifo,1.0,22,upsert,L0000,A_no_future_use,
b03v2,base,exact_fifo@rho1.0,rep2_base_exact_fifo@rho1.0_b03v2,2,exact_fifo,1.0,23,upsert,L0024,A_no_future_use,
b03v2,base,exact_fifo@rho1.0,rep2_base_exact_fifo@rho1.0_b03v2,2,exact_fifo,1.0,24,upsert,L0021,A_no_future_use,
b03v2,base,exact_fifo@rho1.0,rep2_base_exact_fifo@rho1.0_b03v2,2,exact_fifo,1.0,25,upsert,L0028,A_no_future_use,
b03v2,base,exact_fifo@rho1.0,rep2_base_exact_fifo@rho1.0_b03v2,2,exact_fifo,1.0,26,upsert,L0019,A_no_future_use,
b03v2,base,exact_fifo@rho1.0,rep2_base_exact_fifo@rho1.0_b03v2,2,exact_fifo,1.0,27,upsert,L0000,A_no_future_use,
b03v2,base,exact_fifo@rho1.0,rep2_base_exact_fifo@rho1.0_b03v2,2,exact_fifo,1.0,28,upsert,L0005,A_no_future_use,
b03v2,base,exact_fifo@rho1.0,rep2_base_exact_fifo@rho1.0_b03v2,2,exact_fifo,1.0,29,upsert,L0000,A_no_future_use,
b03v2,base,exact_fifo@rho1.0,rep2_base_exact_fifo@rho1.0_b03v2,2,exact_fifo,1.0,30,upsert,L0011,A_no_future_use,
b03v2,base,exact_fifo@rho1.0,rep2_base_exact_fifo@rho1.0_b03v2,2,exact_fifo,1.0,31,upsert,L0020,A_no_future_use,
b03v2,base,exact_fifo@rho1.0,rep2_base_exact_fifo@rho1.0_b03v2,2,exact_fifo,1.0,32,upsert,L0056,A_no_future_use,
b03v2,base,exact_fifo@rho1.0,rep2_base_exact_fifo@rho1.0_b03v2,2,exact_fifo,1.0,33,upsert,L0034,A_no_future_use,
b03v2,base,exact_fifo@rho1.0,rep2_base_exact_fifo@rho1.0_b03v2,2,exact_fifo,1.0,34,upsert,L0004,A_no_future_use,
b03v2,base,exact_fifo@rho1.0,rep2_base_exact_fifo@rho1.0_b03v2,2,exact_fifo,1.0,35,upsert,L0013,A_no_future_use,
b03v2,base,exact_fifo@rho1.0,rep2_base_exact_fifo@rho1.0_b03v2,2,exact_fifo,1.0,36,upsert,L0041,A_no_future_use,
b03v2,base,exact_fifo@rho1.0,rep2_base_exact_fifo@rho1.0_b03v2,2,exact_fifo,1.0,37,upsert,L0041,A_no_future_use,
b03v2,base,exact_fifo@rho1.0,rep2_base_exact_fifo@rho1.0_b03v2,2,exact_fifo,1.0,38,upsert,L0007,A_no_future_use,
b03v2,base,exact_fifo@rho1.0,rep2_base_exact_fifo@rho1.0_b03v2,2,exact_fifo,1.0,39,upsert,L0002,A_no_future_use,
b03v2,base,exact_fifo@rho1.0,rep2_base_exact_fifo@rho1.0_b03v2,2,exact_fifo,1.0,40,upsert,L0029,A_no_future_use,
b03v2,base,exact_fifo@rho1.0,rep2_base_exact_fifo@rho1.0_b03v2,2,exact_fifo,1.0,41,upsert,L0000,A_no_future_use,
b03v2,base,exact_fifo@rho1.0,rep2_base_exact_fifo@rho1.0_b03v2,2,exact_fifo,1.0,42,upsert,L0040,A_no_future_use,
b03v2,base,exact_fifo@rho1.0,rep2_base_exact_fifo@rho1.0_b03v2,2,exact_fifo,1.0,43,upsert,L0033,A_no_future_use,
b03v2,base,exact_fifo@rho1.0,rep2_base_exact_fifo@rho1.0_b03v2,2,exact_fifo,1.0,44,upsert,L0012,A_no_future_use,
b03v2,base,exact_fifo@rho1.0,rep2_base_exact_fifo@rho1.0_b03v2,2,exact_fifo,1.0,45,upsert,L0028,A_no_future_use,
b03v2,base,exact_fifo@rho1.0,rep2_base_exact_fifo@rho1.0_b03v2,2,exact_fifo,1.0,46,upsert,L0038,A_no_future_use,
b03v2,base,exact_fifo@rho1.0,rep2_base_exact_fifo@rho1.0_b03v2,2,exact_fifo,1.0,47,upsert,L0056,A_no_future_use,
b03v2,base,exact_fifo@rho1.0,rep2_base_exact_fifo@rho1.0_b03v2,2,exact_fifo,1.0,48,upsert,L0062,A_no_future_use,
b03v2,base,exact_fifo@rho1.0,rep2_base_exact_fifo@rho1.0_b03v2,2,exact_fifo,1.0,49,upsert,L0005,A_no_future_use,
b03v2,base,exact_fifo@rho1.0,rep2_base_exact_fifo@rho1.0_b03v2,2,exact_fifo,1.0,50,upsert,L0042,A_no_future_use,
b03v2,base,exact_fifo@rho1.0,rep2_base_exact_fifo@rho1.0_b03v2,2,exact_fifo,1.0,51,upsert,L0014,A_no_future_use,
b03v2,base,exact_fifo@rho1.0,rep2_base_exact_fifo@rho1.0_b03v2,2,exact_fifo,1.0,52,upsert,L0053,A_no_future_use,
b03v2,base,exact_fifo@rho1.0,rep2_base_exact_fifo@rho1.0_b03v2,2,exact_fifo,1.0,53,upsert,L0011,A_no_future_use,
b03v2,base,exact_fifo@rho1.0,rep2_base_exact_fifo@rho1.0_b03v2,2,exact_fifo,1.0,54,upsert,L0055,A_no_future_use,
b03v2,base,exact_fifo@rho1.0,rep2_base_exact_fifo@rho1.0_b03v2,2,exact_fifo,1.0,55,upsert,L0037,A_no_future_use,
b03v2,base,exact_fifo@rho1.0,rep2_base_exact_fifo@rho1.0_b03v2,2,exact_fifo,1.0,56,upsert,L0022,A_no_future_use,
b03v2,base,exact_fifo@rho1.0,rep2_base_exact_fifo@rho1.0_b03v2,2,exact_fifo,1.0,57,upsert,L0015,A_no_future_use,
b03v2,base,exact_fifo@rho1.0,rep2_base_exact_fifo@rho1.0_b03v2,2,exact_fifo,1.0,58,upsert,L0004,A_no_future_use,
b03v2,base,exact_fifo@rho1.0,rep2_base_exact_fifo@rho1.0_b03v2,2,exact_fifo,1.0,59,upsert,L0037,A_no_future_use,
b03v2,base,exact_fifo@rho1.0,rep2_base_exact_fifo@rho1.0_b03v2,2,exact_fifo,1.0,60,upsert,L0027,A_no_future_use,
b03v2,base,exact_fifo@rho1.0,rep2_base_exact_fifo@rho1.0_b03v2,2,exact_fifo,1.0,61,upsert,L0001,A_no_future_use,
b03v2,base,exact_fifo@rho1.0,rep2_base_exact_fifo@rho1.0_b03v2,2,exact_fifo,1.0,62,upsert,L0005,A_no_future_use,
b03v2,base,exact_fifo@rho1.0,rep2_base_exact_fifo@rho1.0_b03v2,2,exact_fifo,1.0,63,upsert,L0005,A_no_future_use,
b03v2,base,exact_fifo@rho1.0,rep2_base_exact_fifo@rho1.0_b03v2,2,exact_fifo,1.0,64,upsert,L0027,A_no_future_use,
b03v2,base,exact_fifo@rho1.0,rep2_base_exact_fifo@rho1.0_b03v2,2,exact_fifo,1.0,65,upsert,L0000,A_no_future_use,
b03v2,base,exact_fifo@rho1.0,rep2_base_exact_fifo@rho1.0_b03v2,2,exact_fifo,1.0,66,upsert,L0053,A_no_future_use,
b03v2,base,exact_fifo@rho1.0,rep2_base_exact_fifo@rho1.0_b03v2,2,exact_fifo,1.0,67,upsert,L0010,A_no_future_use,
b03v2,base,exact_fifo@rho1.0,rep2_base_exact_fifo@rho1.0_b03v2,2,exact_fifo,1.0,68,upsert,L0000,A_no_future_use,
b03v2,base,exact_fifo@rho1.0,rep2_base_exact_fifo@rho1.0_b03v2,2,exact_fifo,1.0,69,upsert,L0030,A_no_future_use,
b03v2,base,exact_fifo@rho1.0,rep2_base_exact_fifo@rho1.0_b03v2,2,exact_fifo,1.0,70,upsert,L0032,A_no_future_use,
b03v2,base,exact_fifo@rho1.0,rep2_base_exact_fifo@rho1.0_b03v2,2,exact_fifo,1.0,71,upsert,L0020,A_no_future_use,
b03v2,base,exact_fifo@rho1.0,rep2_base_exact_fifo@rho1.0_b03v2,2,exact_fifo,1.0,72,upsert,L0035,A_no_future_use,
b03v2,base,exact_fifo@rho1.0,rep2_base_exact_fifo@rho1.0_b03v2,2,exact_fifo,1.0,73,upsert,L0038,A_no_future_use,
b03v2,base,exact_fifo@rho1.0,rep2_base_exact_fifo@rho1.0_b03v2,2,exact_fifo,1.0,74,upsert,L0049,A_no_future_use,
b03v2,base,exact_fifo@rho1.0,rep2_base_exact_fifo@rho1.0_b03v2,2,exact_fifo,1.0,75,upsert,L0022,A_no_future_use,
b03v2,base,exact_fifo@rho1.0,rep2_base_exact_fifo@rho1.0_b03v2,2,exact_fifo,1.0,76,upsert,L0008,A_no_future_use,
b03v2,base,exact_fifo@rho1.0,rep2_base_exact_fifo@rho1.0_b03v2,2,exact_fifo,1.0,77,upsert,L0041,A_no_future_use,
b03v2,base,exact_fifo@rho1.0,rep2_base_exact_fifo@rho1.0_b03v2,2,exact_fifo,1.0,78,upsert,L0016,A_no_future_use,
b03v2,base,exact_fifo@rho1.0,rep2_base_exact_fifo@rho1.0_b03v2,2,exact_fifo,1.0,79,upsert,L0002,A_no_future_use,
b03v2,base,exact_fifo@rho1.0,rep2_base_exact_fifo@rho1.0_b03v2,2,exact_fifo,1.0,80,upsert,L0025,A_no_future_use,
b03v2,base,exact_fifo@rho1.0,rep2_base_exact_fifo@rho1.0_b03v2,2,exact_fifo,1.0,81,upsert,L0002,A_no_future_use,
b03v2,base,exact_fifo@rho1.0,rep2_base_exact_fifo@rho1.0_b03v2,2,exact_fifo,1.0,82,upsert,L0013,A_no_future_use,
b03v2,base,exact_fifo@rho1.0,rep2_base_exact_fifo@rho1.0_b03v2,2,exact_fifo,1.0,83,upsert,L0024,A_no_future_use,
b03v2,base,exact_fifo@rho1.0,rep2_base_exact_fifo@rho1.0_b03v2,2,exact_fifo,1.0,84,upsert,L0032,A_no_future_use,
b03v2,base,exact_fifo@rho1.0,rep2_base_exact_fifo@rho1.0_b03v2,2,exact_fifo,1.0,85,upsert,L0032,A_no_future_use,
b03v2,base,exact_fifo@rho1.0,rep2_base_exact_fifo@rho1.0_b03v2,2,exact_fifo,1.0,86,upsert,L0043,A_no_future_use,
b03v2,base,exact_fifo@rho1.0,rep2_base_exact_fifo@rho1.0_b03v2,2,exact_fifo,1.0,87,upsert,L0002,A_no_future_use,
b03v2,base,exact_fifo@rho1.0,rep2_base_exact_fifo@rho1.0_b03v2,2,exact_fifo,1.0,88,upsert,L0012,A_no_future_use,
b03v2,base,exact_fifo@rho1.0,rep2_base_exact_fifo@rho1.0_b03v2,2,exact_fifo,1.0,89,upsert,L0026,A_no_future_use,
b03v2,base,exact_fifo@rho1.0,rep2_base_exact_fifo@rho1.0_b03v2,2,exact_fifo,1.0,90,upsert,L0010,A_no_future_use,
b03v2,base,exact_fifo@rho1.0,rep2_base_exact_fifo@rho1.0_b03v2,2,exact_fifo,1.0,91,upsert,L0005,A_no_future_use,
b03v2,base,exact_fifo@rho1.0,rep2_base_exact_fifo@rho1.0_b03v2,2,exact_fifo,1.0,92,upsert,L0022,A_no_future_use,
b03v2,base,exact_fifo@rho1.0,rep2_base_exact_fifo@rho1.0_b03v2,2,exact_fifo,1.0,93,upsert,L0026,A_no_future_use,
b03v2,base,exact_fifo@rho1.0,rep2_base_exact_fifo@rho1.0_b03v2,2,exact_fifo,1.0,94,upsert,L0045,A_no_future_use,
b03v2,base,exact_fifo@rho1.0,rep2_base_exact_fifo@rho1.0_b03v2,2,exact_fifo,1.0,95,upsert,L0029,A_no_future_use,
b03v2,base,exact_fifo@rho1.0,rep2_base_exact_fifo@rho1.0_b03v2,2,exact_fifo,1.0,96,upsert,L0071,A_no_future_use,
b03v2,base,exact_fifo@rho1.0,rep2_base_exact_fifo@rho1.0_b03v2,2,exact_fifo,1.0,97,upsert,L0116,A_no_future_use,
b03v2,base,exact_fifo@rho1.0,rep2_base_exact_fifo@rho1.0_b03v2,2,exact_fifo,1.0,98,upsert,L0064,D_meaningful_value_flip,40.96
b03v2,base,exact_fifo@rho1.0,rep2_base_exact_fifo@rho1.0_b03v2,2,exact_fifo,1.0,99,upsert,L0120,A_no_future_use,
b03v2,base,exact_fifo@rho1.0,rep2_base_exact_fifo@rho1.0_b03v2,2,exact_fifo,1.0,100,upsert,L0085,A_no_future_use,
b03v2,base,exact_fifo@rho1.0,rep2_base_exact_fifo@rho1.0_b03v2,2,exact_fifo,1.0,101,upsert,L0066,A_no_future_use,
b03v2,base,exact_fifo@rho1.0,rep2_base_exact_fifo@rho1.0_b03v2,2,exact_fifo,1.0,102,upsert,L0104,A_no_future_use,
b03v2,base,exact_fifo@rho1.0,rep2_base_exact_fifo@rho1.0_b03v2,2,exact_fifo,1.0,103,upsert,L0064,A_no_future_use,
b03v2,base,exact_fifo@rho1.0,rep2_base_exact_fifo@rho1.0_b03v2,2,exact_fifo,1.0,104,upsert,L0081,A_no_future_use,
b03v2,base,exact_fifo@rho1.0,rep2_base_exact_fifo@rho1.0_b03v2,2,exact_fifo,1.0,105,upsert,L0116,A_no_future_use,
b03v2,base,exact_fifo@rho1.0,rep2_base_exact_fifo@rho1.0_b03v2,2,exact_fifo,1.0,106,upsert,L0078,A_no_future_use,
b03v2,base,exact_fifo@rho1.0,rep2_base_exact_fifo@rho1.0_b03v2,2,exact_fifo,1.0,107,upsert,L0106,A_no_future_use,
b03v2,base,exact_fifo@rho1.0,rep2_base_exact_fifo@rho1.0_b03v2,2,exact_fifo,1.0,108,upsert,L0072,A_no_future_use,
b03v2,base,exact_fifo@rho1.0,rep2_base_exact_fifo@rho1.0_b03v2,2,exact_fifo,1.0,109,upsert,L0108,A_no_future_use,
b03v2,base,exact_fifo@rho1.0,rep2_base_exact_fifo@rho1.0_b03v2,2,exact_fifo,1.0,110,upsert,L0066,A_no_future_use,
b03v2,base,exact_fifo@rho1.0,rep2_base_exact_fifo@rho1.0_b03v2,2,exact_fifo,1.0,111,upsert,L0112,A_no_future_use,
b03v2,base,exact_fifo@rho1.0,rep2_base_exact_fifo@rho1.0_b03v2,2,exact_fifo,1.0,112,upsert,L0089,A_no_future_use,
b03v2,base,exact_fifo@rho1.0,rep2_base_exact_fifo@rho1.0_b03v2,2,exact_fifo,1.0,113,upsert,L0079,A_no_future_use,
b03v2,base,exact_fifo@rho1.0,rep2_base_exact_fifo@rho1.0_b03v2,2,exact_fifo,1.0,114,upsert,L0068,A_no_future_use,
b03v2,base,exact_fifo@rho1.0,rep2_base_exact_fifo@rho1.0_b03v2,2,exact_fifo,1.0,115,upsert,L0065,A_no_future_use,
b03v2,base,exact_fifo@rho1.0,rep2_base_exact_fifo@rho1.0_b03v2,2,exact_fifo,1.0,116,upsert,L0094,A_no_future_use,
b03v2,base,exact_fifo@rho1.0,rep2_base_exact_fifo@rho1.0_b03v2,2,exact_fifo,1.0,117,upsert,L0089,A_no_future_use,
b03v2,base,exact_fifo@rho1.0,rep2_base_exact_fifo@rho1.0_b03v2,2,exact_fifo,1.0,118,upsert,L0068,A_no_future_use,
b03v2,base,exact_fifo@rho1.0,rep2_base_exact_fifo@rho1.0_b03v2,2,exact_fifo,1.0,119,upsert,L0107,A_no_future_use,
b03v2,base,exact_fifo@rho1.0,rep2_base_exact_fifo@rho1.0_b03v2,2,exact_fifo,1.0,120,upsert,L0121,A_no_future_use,
b03v2,base,exact_fifo@rho1.0,rep2_base_exact_fifo@rho1.0_b03v2,2,exact_fifo,1.0,121,upsert,L0065,A_no_future_use,
b03v2,base,exact_fifo@rho1.0,rep2_base_exact_fifo@rho1.0_b03v2,2,exact_fifo,1.0,122,upsert,L0066,A_no_future_use,
b03v2,base,exact_fifo@rho1.0,rep2_base_exact_fifo@rho1.0_b03v2,2,exact_fifo,1.0,123,upsert,L0079,A_no_future_use,
b03v2,base,exact_fifo@rho1.0,rep2_base_exact_fifo@rho1.0_b03v2,2,exact_fifo,1.0,124,upsert,L0068,A_no_future_use,
b03v2,base,exact_fifo@rho1.0,rep2_base_exact_fifo@rho1.0_b03v2,2,exact_fifo,1.0,125,upsert,L0089,A_no_future_use,
b03v2,base,exact_fifo@rho1.0,rep2_base_exact_fifo@rho1.0_b03v2,2,exact_fifo,1.0,126,upsert,L0066,A_no_future_use,
b03v2,base,exact_fifo@rho1.0,rep2_base_exact_fifo@rho1.0_b03v2,2,exact_fifo,1.0,127,upsert,L0078,A_no_future_use,
b03v2,base,exact_fifo@rho1.0,rep2_base_exact_fifo@rho1.0_b03v2,2,exact_fifo,1.0,128,upsert,L0079,A_no_future_use,
b03v2,base,exact_fifo@rho1.0,rep2_base_exact_fifo@rho1.0_b03v2,2,exact_fifo,1.0,129,upsert,L0102,A_no_future_use,
b03v2,base,exact_fifo@rho1.0,rep2_base_exact_fifo@rho1.0_b03v2,2,exact_fifo,1.0,130,upsert,L0093,A_no_future_use,
b03v2,base,exact_fifo@rho1.0,rep2_base_exact_fifo@rho1.0_b03v2,2,exact_fifo,1.0,131,upsert,L0093,A_no_future_use,
b03v2,base,exact_fifo@rho1.0,rep2_base_exact_fifo@rho1.0_b03v2,2,exact_fifo,1.0,132,upsert,L0078,A_no_future_use,
b03v2,base,exact_fifo@rho1.0,rep2_base_exact_fifo@rho1.0_b03v2,2,exact_fifo,1.0,133,upsert,L0068,A_no_future_use,
b03v2,base,exact_fifo@rho1.0,rep2_base_exact_fifo@rho1.0_b03v2,2,exact_fifo,1.0,134,upsert,L0064,A_no_future_use,
b03v2,base,exact_fifo@rho1.0,rep2_base_exact_fifo@rho1.0_b03v2,2,exact_fifo,1.0,135,upsert,L0096,A_no_future_use,
b03v2,base,exact_fifo@rho1.0,rep2_base_exact_fifo@rho1.0_b03v2,2,exact_fifo,1.0,136,upsert,L0087,A_no_future_use,
b03v2,base,exact_fifo@rho1.0,rep2_base_exact_fifo@rho1.0_b03v2,2,exact_fifo,1.0,137,upsert,L0080,A_no_future_use,
b03v2,base,exact_fifo@rho1.0,rep2_base_exact_fifo@rho1.0_b03v2,2,exact_fifo,1.0,138,upsert,L0071,A_no_future_use,
b03v2,base,exact_fifo@rho1.0,rep2_base_exact_fifo@rho1.0_b03v2,2,exact_fifo,1.0,139,upsert,L0073,A_no_future_use,
b03v2,base,exact_fifo@rho1.0,rep2_base_exact_fifo@rho1.0_b03v2,2,exact_fifo,1.0,140,upsert,L0112,A_no_future_use,
b03v2,base,exact_fifo@rho1.0,rep2_base_exact_fifo@rho1.0_b03v2,2,exact_fifo,1.0,141,upsert,L0069,A_no_future_use,
b03v2,base,exact_fifo@rho1.0,rep2_base_exact_fifo@rho1.0_b03v2,2,exact_fifo,1.0,142,upsert,L0113,A_no_future_use,
b03v2,base,exact_fifo@rho1.0,rep2_base_exact_fifo@rho1.0_b03v2,2,exact_fifo,1.0,143,upsert,L0064,A_no_future_use,
b03v2,base,exact_fifo@rho1.0,rep2_base_exact_fifo@rho1.0_b03v2,2,exact_fifo,1.0,144,upsert,L0064,A_no_future_use,
b03v2,base,exact_fifo@rho1.0,rep2_base_exact_fifo@rho1.0_b03v2,2,exact_fifo,1.0,145,upsert,L0086,A_no_future_use,
b03v2,base,exact_fifo@rho1.0,rep2_base_exact_fifo@rho1.0_b03v2,2,exact_fifo,1.0,146,upsert,L0118,A_no_future_use,
b03v2,base,exact_fifo@rho1.0,rep2_base_exact_fifo@rho1.0_b03v2,2,exact_fifo,1.0,147,upsert,L0078,A_no_future_use,
b03v2,base,exact_fifo@rho1.0,rep2_base_exact_fifo@rho1.0_b03v2,2,exact_fifo,1.0,148,upsert,L0104,A_no_future_use,
b03v2,base,exact_fifo@rho1.0,rep2_base_exact_fifo@rho1.0_b03v2,2,exact_fifo,1.0,149,upsert,L0088,A_no_future_use,
b03v2,base,exact_fifo@rho1.0,rep2_base_exact_fifo@rho1.0_b03v2,2,exact_fifo,1.0,150,upsert,L0126,A_no_future_use,
b03v2,base,exact_fifo@rho1.0,rep2_base_exact_fifo@rho1.0_b03v2,2,exact_fifo,1.0,151,upsert,L0075,A_no_future_use,
b03v2,base,exact_fifo@rho1.0,rep2_base_exact_fifo@rho1.0_b03v2,2,exact_fifo,1.0,152,upsert,L0110,A_no_future_use,
b03v2,base,exact_fifo@rho1.0,rep2_base_exact_fifo@rho1.0_b03v2,2,exact_fifo,1.0,153,upsert,L0123,A_no_future_use,
b03v2,base,exact_fifo@rho1.0,rep2_base_exact_fifo@rho1.0_b03v2,2,exact_fifo,1.0,154,upsert,L0074,A_no_future_use,
b03v2,base,exact_fifo@rho1.0,rep2_base_exact_fifo@rho1.0_b03v2,2,exact_fifo,1.0,155,upsert,L0064,A_no_future_use,
b03v2,base,exact_fifo@rho1.0,rep2_base_exact_fifo@rho1.0_b03v2,2,exact_fifo,1.0,156,upsert,L0096,A_no_future_use,
b03v2,base,exact_fifo@rho1.0,rep2_base_exact_fifo@rho1.0_b03v2,2,exact_fifo,1.0,157,upsert,L0086,A_no_future_use,
b03v2,base,exact_fifo@rho1.0,rep2_base_exact_fifo@rho1.0_b03v2,2,exact_fifo,1.0,158,upsert,L0068,A_no_future_use,
b03v2,base,exact_fifo@rho1.0,rep2_base_exact_fifo@rho1.0_b03v2,2,exact_fifo,1.0,159,upsert,L0111,A_no_future_use,
b03v2,base,exact_fifo@rho1.0,rep2_base_exact_fifo@rho1.0_b03v2,2,exact_fifo,1.0,160,upsert,L0075,A_no_future_use,
b03v2,base,exact_fifo@rho1.0,rep2_base_exact_fifo@rho1.0_b03v2,2,exact_fifo,1.0,161,upsert,L0101,A_no_future_use,
b03v2,base,exact_fifo@rho1.0,rep2_base_exact_fifo@rho1.0_b03v2,2,exact_fifo,1.0,162,upsert,L0109,A_no_future_use,
b03v2,base,exact_fifo@rho1.0,rep2_base_exact_fifo@rho1.0_b03v2,2,exact_fifo,1.0,163,upsert,L0065,A_no_future_use,
b03v2,base,exact_fifo@rho1.0,rep2_base_exact_fifo@rho1.0_b03v2,2,exact_fifo,1.0,164,upsert,L0082,A_no_future_use,
b03v2,base,exact_fifo@rho1.0,rep2_base_exact_fifo@rho1.0_b03v2,2,exact_fifo,1.0,165,upsert,L0073,A_no_future_use,
b03v2,base,exact_fifo@rho1.0,rep2_base_exact_fifo@rho1.0_b03v2,2,exact_fifo,1.0,166,upsert,L0064,A_no_future_use,
b03v2,base,exact_fifo@rho1.0,rep2_base_exact_fifo@rho1.0_b03v2,2,exact_fifo,1.0,167,upsert,L0115,A_no_future_use,
b03v2,base,exact_fifo@rho1.0,rep2_base_exact_fifo@rho1.0_b03v2,2,exact_fifo,1.0,168,upsert,L0087,A_no_future_use,
b03v2,base,exact_fifo@rho1.0,rep2_base_exact_fifo@rho1.0_b03v2,2,exact_fifo,1.0,169,upsert,L0064,A_no_future_use,
b03v2,base,agg_static@rho1.0,rep2_base_agg_static@rho1.0_b03v2,2,agg_static,1.0,0,upsert,L0001,D_meaningful_value_flip,40.96
b03v2,base,agg_static@rho1.0,rep2_base_agg_static@rho1.0_b03v2,2,agg_static,1.0,2,upsert,L0016,B_no_decision_flip,0.0
b03v2,base,agg_static@rho1.0,rep2_base_agg_static@rho1.0_b03v2,2,agg_static,1.0,4,upsert,L0043,D_meaningful_value_flip,36.96
b03v2,base,agg_static@rho1.0,rep2_base_agg_static@rho1.0_b03v2,2,agg_static,1.0,5,upsert,L0004,B_no_decision_flip,0.0
b03v2,base,agg_static@rho1.0,rep2_base_agg_static@rho1.0_b03v2,2,agg_static,1.0,6,upsert,L0000,D_meaningful_value_flip,38.96
b03v2,base,agg_static@rho1.0,rep2_base_agg_static@rho1.0_b03v2,2,agg_static,1.0,7,upsert,L0006,A_no_future_use,
b03v2,base,agg_static@rho1.0,rep2_base_agg_static@rho1.0_b03v2,2,agg_static,1.0,8,upsert,L0006,A_no_future_use,
b03v2,base,agg_static@rho1.0,rep2_base_agg_static@rho1.0_b03v2,2,agg_static,1.0,9,upsert,L0002,D_meaningful_value_flip,38.96
b03v2,base,agg_static@rho1.0,rep2_base_agg_static@rho1.0_b03v2,2,agg_static,1.0,10,upsert,L0013,B_no_decision_flip,0.0
b03v2,base,agg_static@rho1.0,rep2_base_agg_static@rho1.0_b03v2,2,agg_static,1.0,11,upsert,L0005,B_no_decision_flip,0.0
b03v2,base,agg_static@rho1.0,rep2_base_agg_static@rho1.0_b03v2,2,agg_static,1.0,12,upsert,L0013,D_meaningful_value_flip,10.24
b03v2,base,agg_static@rho1.0,rep2_base_agg_static@rho1.0_b03v2,2,agg_static,1.0,13,upsert,L0010,D_meaningful_value_flip,40.96
b03v2,base,agg_static@rho1.0,rep2_base_agg_static@rho1.0_b03v2,2,agg_static,1.0,15,upsert,L0038,D_meaningful_value_flip,38.96
b03v2,base,agg_static@rho1.0,rep2_base_agg_static@rho1.0_b03v2,2,agg_static,1.0,16,upsert,L0000,B_no_decision_flip,0.0
b03v2,base,agg_static@rho1.0,rep2_base_agg_static@rho1.0_b03v2,2,agg_static,1.0,17,upsert,L0037,B_no_decision_flip,0.0
b03v2,base,agg_static@rho1.0,rep2_base_agg_static@rho1.0_b03v2,2,agg_static,1.0,18,upsert,L0019,A_no_future_use,
b03v2,base,agg_static@rho1.0,rep2_base_agg_static@rho1.0_b03v2,2,agg_static,1.0,19,upsert,L0017,A_no_future_use,
b03v2,base,agg_static@rho1.0,rep2_base_agg_static@rho1.0_b03v2,2,agg_static,1.0,20,upsert,L0053,B_no_decision_flip,0.0
b03v2,base,agg_static@rho1.0,rep2_base_agg_static@rho1.0_b03v2,2,agg_static,1.0,21,upsert,L0004,D_meaningful_value_flip,10.24
b03v2,base,agg_static@rho1.0,rep2_base_agg_static@rho1.0_b03v2,2,agg_static,1.0,23,upsert,L0024,D_meaningful_value_flip,40.96
b03v2,base,agg_static@rho1.0,rep2_base_agg_static@rho1.0_b03v2,2,agg_static,1.0,24,upsert,L0021,A_no_future_use,
b03v2,base,agg_static@rho1.0,rep2_base_agg_static@rho1.0_b03v2,2,agg_static,1.0,25,upsert,L0028,A_no_future_use,
b03v2,base,agg_static@rho1.0,rep2_base_agg_static@rho1.0_b03v2,2,agg_static,1.0,26,upsert,L0019,A_no_future_use,
b03v2,base,agg_static@rho1.0,rep2_base_agg_static@rho1.0_b03v2,2,agg_static,1.0,28,upsert,L0005,D_meaningful_value_flip,12.24
b03v2,base,agg_static@rho1.0,rep2_base_agg_static@rho1.0_b03v2,2,agg_static,1.0,30,upsert,L0011,D_meaningful_value_flip,40.96
b03v2,base,agg_static@rho1.0,rep2_base_agg_static@rho1.0_b03v2,2,agg_static,1.0,31,upsert,L0020,D_meaningful_value_flip,38.96
b03v2,base,agg_static@rho1.0,rep2_base_agg_static@rho1.0_b03v2,2,agg_static,1.0,32,upsert,L0056,A_no_future_use,
b03v2,base,agg_static@rho1.0,rep2_base_agg_static@rho1.0_b03v2,2,agg_static,1.0,33,upsert,L0034,A_no_future_use,
b03v2,base,agg_static@rho1.0,rep2_base_agg_static@rho1.0_b03v2,2,agg_static,1.0,36,upsert,L0041,B_no_decision_flip,0.0
b03v2,base,agg_static@rho1.0,rep2_base_agg_static@rho1.0_b03v2,2,agg_static,1.0,37,upsert,L0041,D_meaningful_value_flip,8.24
b03v2,base,agg_static@rho1.0,rep2_base_agg_static@rho1.0_b03v2,2,agg_static,1.0,38,upsert,L0007,A_no_future_use,
b03v2,base,agg_static@rho1.0,rep2_base_agg_static@rho1.0_b03v2,2,agg_static,1.0,39,upsert,L0002,B_no_decision_flip,10.24
b03v2,base,agg_static@rho1.0,rep2_base_agg_static@rho1.0_b03v2,2,agg_static,1.0,40,upsert,L0029,B_no_decision_flip,0.0
b03v2,base,agg_static@rho1.0,rep2_base_agg_static@rho1.0_b03v2,2,agg_static,1.0,41,upsert,L0000,D_meaningful_value_flip,12.24
b03v2,base,agg_static@rho1.0,rep2_base_agg_static@rho1.0_b03v2,2,agg_static,1.0,42,upsert,L0040,A_no_future_use,
b03v2,base,agg_static@rho1.0,rep2_base_agg_static@rho1.0_b03v2,2,agg_static,1.0,43,upsert,L0033,A_no_future_use,
b03v2,base,agg_static@rho1.0,rep2_base_agg_static@rho1.0_b03v2,2,agg_static,1.0,44,upsert,L0012,D_meaningful_value_flip,40.96
b03v2,base,agg_static@rho1.0,rep2_base_agg_static@rho1.0_b03v2,2,agg_static,1.0,45,upsert,L0028,A_no_future_use,
b03v2,base,agg_static@rho1.0,rep2_base_agg_static@rho1.0_b03v2,2,agg_static,1.0,46,upsert,L0038,B_no_decision_flip,10.24
b03v2,base,agg_static@rho1.0,rep2_base_agg_static@rho1.0_b03v2,2,agg_static,1.0,47,upsert,L0056,A_no_future_use,
b03v2,base,agg_static@rho1.0,rep2_base_agg_static@rho1.0_b03v2,2,agg_static,1.0,48,upsert,L0062,A_no_future_use,
b03v2,base,agg_static@rho1.0,rep2_base_agg_static@rho1.0_b03v2,2,agg_static,1.0,49,upsert,L0005,B_no_decision_flip,0.0
b03v2,base,agg_static@rho1.0,rep2_base_agg_static@rho1.0_b03v2,2,agg_static,1.0,50,upsert,L0042,A_no_future_use,
b03v2,base,agg_static@rho1.0,rep2_base_agg_static@rho1.0_b03v2,2,agg_static,1.0,51,upsert,L0014,A_no_future_use,
b03v2,base,agg_static@rho1.0,rep2_base_agg_static@rho1.0_b03v2,2,agg_static,1.0,52,upsert,L0053,A_no_future_use,
b03v2,base,agg_static@rho1.0,rep2_base_agg_static@rho1.0_b03v2,2,agg_static,1.0,53,upsert,L0011,A_no_future_use,
b03v2,base,agg_static@rho1.0,rep2_base_agg_static@rho1.0_b03v2,2,agg_static,1.0,54,upsert,L0055,A_no_future_use,
b03v2,base,agg_static@rho1.0,rep2_base_agg_static@rho1.0_b03v2,2,agg_static,1.0,55,upsert,L0037,A_no_future_use,
b03v2,base,agg_static@rho1.0,rep2_base_agg_static@rho1.0_b03v2,2,agg_static,1.0,56,upsert,L0022,B_no_decision_flip,0.0
b03v2,base,agg_static@rho1.0,rep2_base_agg_static@rho1.0_b03v2,2,agg_static,1.0,57,upsert,L0015,A_no_future_use,
b03v2,base,agg_static@rho1.0,rep2_base_agg_static@rho1.0_b03v2,2,agg_static,1.0,58,upsert,L0004,A_no_future_use,
b03v2,base,agg_static@rho1.0,rep2_base_agg_static@rho1.0_b03v2,2,agg_static,1.0,59,upsert,L0037,A_no_future_use,
b03v2,base,agg_static@rho1.0,rep2_base_agg_static@rho1.0_b03v2,2,agg_static,1.0,60,upsert,L0027,A_no_future_use,
b03v2,base,agg_static@rho1.0,rep2_base_agg_static@rho1.0_b03v2,2,agg_static,1.0,61,upsert,L0001,A_no_future_use,
b03v2,base,agg_static@rho1.0,rep2_base_agg_static@rho1.0_b03v2,2,agg_static,1.0,62,upsert,L0005,B_no_decision_flip,0.0
b03v2,base,agg_static@rho1.0,rep2_base_agg_static@rho1.0_b03v2,2,agg_static,1.0,63,upsert,L0005,D_meaningful_value_flip,10.24
b03v2,base,agg_static@rho1.0,rep2_base_agg_static@rho1.0_b03v2,2,agg_static,1.0,64,upsert,L0027,A_no_future_use,
b03v2,base,agg_static@rho1.0,rep2_base_agg_static@rho1.0_b03v2,2,agg_static,1.0,65,upsert,L0000,A_no_future_use,
b03v2,base,agg_static@rho1.0,rep2_base_agg_static@rho1.0_b03v2,2,agg_static,1.0,66,upsert,L0053,A_no_future_use,
b03v2,base,agg_static@rho1.0,rep2_base_agg_static@rho1.0_b03v2,2,agg_static,1.0,67,upsert,L0010,B_no_decision_flip,10.24
b03v2,base,agg_static@rho1.0,rep2_base_agg_static@rho1.0_b03v2,2,agg_static,1.0,68,upsert,L0000,A_no_future_use,
b03v2,base,agg_static@rho1.0,rep2_base_agg_static@rho1.0_b03v2,2,agg_static,1.0,69,upsert,L0030,A_no_future_use,
b03v2,base,agg_static@rho1.0,rep2_base_agg_static@rho1.0_b03v2,2,agg_static,1.0,70,upsert,L0032,B_no_decision_flip,0.0
b03v2,base,agg_static@rho1.0,rep2_base_agg_static@rho1.0_b03v2,2,agg_static,1.0,71,upsert,L0020,A_no_future_use,
b03v2,base,agg_static@rho1.0,rep2_base_agg_static@rho1.0_b03v2,2,agg_static,1.0,72,upsert,L0035,A_no_future_use,
b03v2,base,agg_static@rho1.0,rep2_base_agg_static@rho1.0_b03v2,2,agg_static,1.0,73,upsert,L0038,A_no_future_use,
b03v2,base,agg_static@rho1.0,rep2_base_agg_static@rho1.0_b03v2,2,agg_static,1.0,74,upsert,L0049,A_no_future_use,
b03v2,base,agg_static@rho1.0,rep2_base_agg_static@rho1.0_b03v2,2,agg_static,1.0,75,upsert,L0022,A_no_future_use,
b03v2,base,agg_static@rho1.0,rep2_base_agg_static@rho1.0_b03v2,2,agg_static,1.0,76,upsert,L0008,A_no_future_use,
b03v2,base,agg_static@rho1.0,rep2_base_agg_static@rho1.0_b03v2,2,agg_static,1.0,77,upsert,L0041,A_no_future_use,
b03v2,base,agg_static@rho1.0,rep2_base_agg_static@rho1.0_b03v2,2,agg_static,1.0,78,upsert,L0016,A_no_future_use,
b03v2,base,agg_static@rho1.0,rep2_base_agg_static@rho1.0_b03v2,2,agg_static,1.0,79,upsert,L0002,A_no_future_use,
b03v2,base,agg_static@rho1.0,rep2_base_agg_static@rho1.0_b03v2,2,agg_static,1.0,80,upsert,L0025,A_no_future_use,
b03v2,base,agg_static@rho1.0,rep2_base_agg_static@rho1.0_b03v2,2,agg_static,1.0,81,upsert,L0002,A_no_future_use,
b03v2,base,agg_static@rho1.0,rep2_base_agg_static@rho1.0_b03v2,2,agg_static,1.0,82,upsert,L0013,A_no_future_use,
b03v2,base,agg_static@rho1.0,rep2_base_agg_static@rho1.0_b03v2,2,agg_static,1.0,83,upsert,L0024,A_no_future_use,
b03v2,base,agg_static@rho1.0,rep2_base_agg_static@rho1.0_b03v2,2,agg_static,1.0,84,upsert,L0032,A_no_future_use,
b03v2,base,agg_static@rho1.0,rep2_base_agg_static@rho1.0_b03v2,2,agg_static,1.0,85,upsert,L0032,A_no_future_use,
b03v2,base,agg_static@rho1.0,rep2_base_agg_static@rho1.0_b03v2,2,agg_static,1.0,86,upsert,L0043,A_no_future_use,
b03v2,base,agg_static@rho1.0,rep2_base_agg_static@rho1.0_b03v2,2,agg_static,1.0,87,upsert,L0002,A_no_future_use,
b03v2,base,agg_static@rho1.0,rep2_base_agg_static@rho1.0_b03v2,2,agg_static,1.0,88,upsert,L0012,A_no_future_use,
b03v2,base,agg_static@rho1.0,rep2_base_agg_static@rho1.0_b03v2,2,agg_static,1.0,89,upsert,L0026,A_no_future_use,
b03v2,base,agg_static@rho1.0,rep2_base_agg_static@rho1.0_b03v2,2,agg_static,1.0,90,upsert,L0010,A_no_future_use,
b03v2,base,agg_static@rho1.0,rep2_base_agg_static@rho1.0_b03v2,2,agg_static,1.0,91,upsert,L0005,A_no_future_use,
b03v2,base,agg_static@rho1.0,rep2_base_agg_static@rho1.0_b03v2,2,agg_static,1.0,92,upsert,L0022,A_no_future_use,
b03v2,base,agg_static@rho1.0,rep2_base_agg_static@rho1.0_b03v2,2,agg_static,1.0,93,upsert,L0026,A_no_future_use,
b03v2,base,agg_static@rho1.0,rep2_base_agg_static@rho1.0_b03v2,2,agg_static,1.0,94,upsert,L0045,A_no_future_use,
b03v2,base,agg_static@rho1.0,rep2_base_agg_static@rho1.0_b03v2,2,agg_static,1.0,95,upsert,L0029,A_no_future_use,
b03v2,base,agg_static@rho1.0,rep2_base_agg_static@rho1.0_b03v2,2,agg_static,1.0,96,upsert,L0071,B_no_decision_flip,0.0
b03v2,base,agg_static@rho1.0,rep2_base_agg_static@rho1.0_b03v2,2,agg_static,1.0,97,upsert,L0116,B_no_decision_flip,0.0
b03v2,base,agg_static@rho1.0,rep2_base_agg_static@rho1.0_b03v2,2,agg_static,1.0,98,upsert,L0064,B_no_decision_flip,0.0
b03v2,base,agg_static@rho1.0,rep2_base_agg_static@rho1.0_b03v2,2,agg_static,1.0,99,upsert,L0120,A_no_future_use,
b03v2,base,agg_static@rho1.0,rep2_base_agg_static@rho1.0_b03v2,2,agg_static,1.0,100,upsert,L0085,D_meaningful_value_flip,40.96
b03v2,base,agg_static@rho1.0,rep2_base_agg_static@rho1.0_b03v2,2,agg_static,1.0,101,upsert,L0066,B_no_decision_flip,0.0
b03v2,base,agg_static@rho1.0,rep2_base_agg_static@rho1.0_b03v2,2,agg_static,1.0,102,upsert,L0104,D_meaningful_value_flip,40.96
b03v2,base,agg_static@rho1.0,rep2_base_agg_static@rho1.0_b03v2,2,agg_static,1.0,103,upsert,L0064,D_meaningful_value_flip,8.24
b03v2,base,agg_static@rho1.0,rep2_base_agg_static@rho1.0_b03v2,2,agg_static,1.0,104,upsert,L0081,A_no_future_use,
b03v2,base,agg_static@rho1.0,rep2_base_agg_static@rho1.0_b03v2,2,agg_static,1.0,105,upsert,L0116,D_meaningful_value_flip,12.24
b03v2,base,agg_static@rho1.0,rep2_base_agg_static@rho1.0_b03v2,2,agg_static,1.0,106,upsert,L0078,B_no_decision_flip,0.0
b03v2,base,agg_static@rho1.0,rep2_base_agg_static@rho1.0_b03v2,2,agg_static,1.0,107,upsert,L0106,A_no_future_use,
b03v2,base,agg_static@rho1.0,rep2_base_agg_static@rho1.0_b03v2,2,agg_static,1.0,108,upsert,L0072,B_no_decision_flip,0.0
b03v2,base,agg_static@rho1.0,rep2_base_agg_static@rho1.0_b03v2,2,agg_static,1.0,109,upsert,L0108,A_no_future_use,
b03v2,base,agg_static@rho1.0,rep2_base_agg_static@rho1.0_b03v2,2,agg_static,1.0,110,upsert,L0066,B_no_decision_flip,0.0
b03v2,base,agg_static@rho1.0,rep2_base_agg_static@rho1.0_b03v2,2,agg_static,1.0,111,upsert,L0112,D_meaningful_value_flip,40.96
b03v2,base,agg_static@rho1.0,rep2_base_agg_static@rho1.0_b03v2,2,agg_static,1.0,112,upsert,L0089,A_no_future_use,
b03v2,base,agg_static@rho1.0,rep2_base_agg_static@rho1.0_b03v2,2,agg_static,1.0,113,upsert,L0079,A_no_future_use,
b03v2,base,agg_static@rho1.0,rep2_base_agg_static@rho1.0_b03v2,2,agg_static,1.0,114,upsert,L0068,B_no_decision_flip,0.0
b03v2,base,agg_static@rho1.0,rep2_base_agg_static@rho1.0_b03v2,2,agg_static,1.0,115,upsert,L0065,B_no_decision_flip,0.0
b03v2,base,agg_static@rho1.0,rep2_base_agg_static@rho1.0_b03v2,2,agg_static,1.0,116,upsert,L0094,A_no_future_use,
b03v2,base,agg_static@rho1.0,rep2_base_agg_static@rho1.0_b03v2,2,agg_static,1.0,117,upsert,L0089,A_no_future_use,
b03v2,base,agg_static@rho1.0,rep2_base_agg_static@rho1.0_b03v2,2,agg_static,1.0,118,upsert,L0068,D_meaningful_value_flip,12.24
b03v2,base,agg_static@rho1.0,rep2_base_agg_static@rho1.0_b03v2,2,agg_static,1.0,119,upsert,L0107,A_no_future_use,
b03v2,base,agg_static@rho1.0,rep2_base_agg_static@rho1.0_b03v2,2,agg_static,1.0,120,upsert,L0121,D_meaningful_value_flip,40.96
b03v2,base,agg_static@rho1.0,rep2_base_agg_static@rho1.0_b03v2,2,agg_static,1.0,121,upsert,L0065,D_meaningful_value_flip,10.24
b03v2,base,agg_static@rho1.0,rep2_base_agg_static@rho1.0_b03v2,2,agg_static,1.0,122,upsert,L0066,B_no_decision_flip,0.0
b03v2,base,agg_static@rho1.0,rep2_base_agg_static@rho1.0_b03v2,2,agg_static,1.0,123,upsert,L0079,A_no_future_use,
b03v2,base,agg_static@rho1.0,rep2_base_agg_static@rho1.0_b03v2,2,agg_static,1.0,126,upsert,L0066,B_no_decision_flip,0.0
b03v2,base,agg_static@rho1.0,rep2_base_agg_static@rho1.0_b03v2,2,agg_static,1.0,127,upsert,L0078,A_no_future_use,
b03v2,base,agg_static@rho1.0,rep2_base_agg_static@rho1.0_b03v2,2,agg_static,1.0,129,upsert,L0102,A_no_future_use,
b03v2,base,agg_static@rho1.0,rep2_base_agg_static@rho1.0_b03v2,2,agg_static,1.0,130,upsert,L0093,A_no_future_use,
b03v2,base,agg_static@rho1.0,rep2_base_agg_static@rho1.0_b03v2,2,agg_static,1.0,131,upsert,L0093,A_no_future_use,
b03v2,base,agg_static@rho1.0,rep2_base_agg_static@rho1.0_b03v2,2,agg_static,1.0,133,upsert,L0068,B_no_decision_flip,0.0
b03v2,base,agg_static@rho1.0,rep2_base_agg_static@rho1.0_b03v2,2,agg_static,1.0,134,upsert,L0064,D_meaningful_value_flip,10.24
b03v2,base,agg_static@rho1.0,rep2_base_agg_static@rho1.0_b03v2,2,agg_static,1.0,135,upsert,L0096,D_meaningful_value_flip,40.96
b03v2,base,agg_static@rho1.0,rep2_base_agg_static@rho1.0_b03v2,2,agg_static,1.0,136,upsert,L0087,B_no_decision_flip,0.0
b03v2,base,agg_static@rho1.0,rep2_base_agg_static@rho1.0_b03v2,2,agg_static,1.0,137,upsert,L0080,A_no_future_use,
b03v2,base,agg_static@rho1.0,rep2_base_agg_static@rho1.0_b03v2,2,agg_static,1.0,138,upsert,L0071,B_no_decision_flip,10.24
b03v2,base,agg_static@rho1.0,rep2_base_agg_static@rho1.0_b03v2,2,agg_static,1.0,139,upsert,L0073,B_no_decision_flip,0.0
b03v2,base,agg_static@rho1.0,rep2_base_agg_static@rho1.0_b03v2,2,agg_static,1.0,140,upsert,L0112,A_no_future_use,
b03v2,base,agg_static@rho1.0,rep2_base_agg_static@rho1.0_b03v2,2,agg_static,1.0,141,upsert,L0069,A_no_future_use,
b03v2,base,agg_static@rho1.0,rep2_base_agg_static@rho1.0_b03v2,2,agg_static,1.0,142,upsert,L0113,A_no_future_use,
b03v2,base,agg_static@rho1.0,rep2_base_agg_static@rho1.0_b03v2,2,agg_static,1.0,143,upsert,L0064,B_no_decision_flip,0.0
b03v2,base,agg_static@rho1.0,rep2_base_agg_static@rho1.0_b03v2,2,agg_static,1.0,144,upsert,L0064,B_no_decision_flip,0.0
b03v2,base,agg_static@rho1.0,rep2_base_agg_static@rho1.0_b03v2,2,agg_static,1.0,145,upsert,L0086,A_no_future_use,
b03v2,base,agg_static@rho1.0,rep2_base_agg_static@rho1.0_b03v2,2,agg_static,1.0,146,upsert,L0118,A_no_future_use,
b03v2,base,agg_static@rho1.0,rep2_base_agg_static@rho1.0_b03v2,2,agg_static,1.0,147,upsert,L0078,A_no_future_use,
b03v2,base,agg_static@rho1.0,rep2_base_agg_static@rho1.0_b03v2,2,agg_static,1.0,148,upsert,L0104,A_no_future_use,
b03v2,base,agg_static@rho1.0,rep2_base_agg_static@rho1.0_b03v2,2,agg_static,1.0,149,upsert,L0088,A_no_future_use,
b03v2,base,agg_static@rho1.0,rep2_base_agg_static@rho1.0_b03v2,2,agg_static,1.0,150,upsert,L0126,A_no_future_use,
b03v2,base,agg_static@rho1.0,rep2_base_agg_static@rho1.0_b03v2,2,agg_static,1.0,151,upsert,L0075,A_no_future_use,
b03v2,base,agg_static@rho1.0,rep2_base_agg_static@rho1.0_b03v2,2,agg_static,1.0,152,upsert,L0110,A_no_future_use,
b03v2,base,agg_static@rho1.0,rep2_base_agg_static@rho1.0_b03v2,2,agg_static,1.0,153,upsert,L0123,A_no_future_use,
b03v2,base,agg_static@rho1.0,rep2_base_agg_static@rho1.0_b03v2,2,agg_static,1.0,154,upsert,L0074,D_meaningful_value_flip,38.96
b03v2,base,agg_static@rho1.0,rep2_base_agg_static@rho1.0_b03v2,2,agg_static,1.0,155,upsert,L0064,A_no_future_use,
b03v2,base,agg_static@rho1.0,rep2_base_agg_static@rho1.0_b03v2,2,agg_static,1.0,156,upsert,L0096,A_no_future_use,
b03v2,base,agg_static@rho1.0,rep2_base_agg_static@rho1.0_b03v2,2,agg_static,1.0,157,upsert,L0086,A_no_future_use,
b03v2,base,agg_static@rho1.0,rep2_base_agg_static@rho1.0_b03v2,2,agg_static,1.0,158,upsert,L0068,A_no_future_use,
b03v2,base,agg_static@rho1.0,rep2_base_agg_static@rho1.0_b03v2,2,agg_static,1.0,159,upsert,L0111,A_no_future_use,
b03v2,base,agg_static@rho1.0,rep2_base_agg_static@rho1.0_b03v2,2,agg_static,1.0,160,upsert,L0075,A_no_future_use,
b03v2,base,agg_static@rho1.0,rep2_base_agg_static@rho1.0_b03v2,2,agg_static,1.0,161,upsert,L0101,A_no_future_use,
b03v2,base,agg_static@rho1.0,rep2_base_agg_static@rho1.0_b03v2,2,agg_static,1.0,162,upsert,L0109,A_no_future_use,
b03v2,base,agg_static@rho1.0,rep2_base_agg_static@rho1.0_b03v2,2,agg_static,1.0,163,upsert,L0065,A_no_future_use,
b03v2,base,agg_static@rho1.0,rep2_base_agg_static@rho1.0_b03v2,2,agg_static,1.0,164,upsert,L0082,A_no_future_use,
b03v2,base,agg_static@rho1.0,rep2_base_agg_static@rho1.0_b03v2,2,agg_static,1.0,165,upsert,L0073,A_no_future_use,
b03v2,base,agg_static@rho1.0,rep2_base_agg_static@rho1.0_b03v2,2,agg_static,1.0,166,upsert,L0064,A_no_future_use,
b03v2,base,agg_static@rho1.0,rep2_base_agg_static@rho1.0_b03v2,2,agg_static,1.0,167,upsert,L0115,A_no_future_use,
b03v2,base,agg_static@rho1.0,rep2_base_agg_static@rho1.0_b03v2,2,agg_static,1.0,168,upsert,L0087,A_no_future_use,
b03v2,base,agg_static@rho1.0,rep2_base_agg_static@rho1.0_b03v2,2,agg_static,1.0,169,upsert,L0064,A_no_future_use,
b03v2,base,agg_static@rho1.0,rep2_base_agg_static@rho1.0_b03v2,2,agg_static,1.0,170,upsert,L0115,A_no_future_use,
b03v2,base,agg_static@rho1.0,rep2_base_agg_static@rho1.0_b03v2,2,agg_static,1.0,171,upsert,L0072,A_no_future_use,
b03v2,base,agg_static@rho1.0,rep2_base_agg_static@rho1.0_b03v2,2,agg_static,1.0,172,upsert,L0101,A_no_future_use,
b03v2,base,agg_static@rho1.0,rep2_base_agg_static@rho1.0_b03v2,2,agg_static,1.0,173,upsert,L0071,A_no_future_use,
b03v2,base,agg_static@rho1.0,rep2_base_agg_static@rho1.0_b03v2,2,agg_static,1.0,174,upsert,L0073,A_no_future_use,
b03v2,base,agg_static@rho1.0,rep2_base_agg_static@rho1.0_b03v2,2,agg_static,1.0,175,upsert,L0091,A_no_future_use,
b03v2,base,agg_static@rho1.0,rep2_base_agg_static@rho1.0_b03v2,2,agg_static,1.0,176,upsert,L0074,A_no_future_use,
b03v2,base,agg_static@rho1.0,rep2_base_agg_static@rho1.0_b03v2,2,agg_static,1.0,177,upsert,L0091,A_no_future_use,
b03v2,base,agg_static@rho1.0,rep2_base_agg_static@rho1.0_b03v2,2,agg_static,1.0,178,upsert,L0068,A_no_future_use,
b03v2,base,agg_static@rho1.0,rep2_base_agg_static@rho1.0_b03v2,2,agg_static,1.0,179,upsert,L0110,A_no_future_use,
b03v2,base,agg_static@rho1.0,rep2_base_agg_static@rho1.0_b03v2,2,agg_static,1.0,180,upsert,L0105,A_no_future_use,
b03v2,base,agg_static@rho1.0,rep2_base_agg_static@rho1.0_b03v2,2,agg_static,1.0,181,upsert,L0066,A_no_future_use,
b03v2,base,agg_static@rho1.0,rep2_base_agg_static@rho1.0_b03v2,2,agg_static,1.0,182,upsert,L0085,A_no_future_use,
b03v2,base,agg_static@rho1.0,rep2_base_agg_static@rho1.0_b03v2,2,agg_static,1.0,183,upsert,L0067,A_no_future_use,
b03v2,base,agg_static@rho1.0,rep2_base_agg_static@rho1.0_b03v2,2,agg_static,1.0,184,upsert,L0097,A_no_future_use,
b03v2,base,agg_static@rho1.0,rep2_base_agg_static@rho1.0_b03v2,2,agg_static,1.0,185,upsert,L0073,A_no_future_use,
b03v2,base,agg_static@rho1.0,rep2_base_agg_static@rho1.0_b03v2,2,agg_static,1.0,186,upsert,L0116,A_no_future_use,
b03v2,base,agg_static@rho1.0,rep2_base_agg_static@rho1.0_b03v2,2,agg_static,1.0,187,upsert,L0098,A_no_future_use,
b03v2,base,agg_static@rho1.0,rep2_base_agg_static@rho1.0_b03v2,2,agg_static,1.0,188,upsert,L0064,A_no_future_use,
b03v2,base,agg_static@rho1.0,rep2_base_agg_static@rho1.0_b03v2,2,agg_static,1.0,189,upsert,L0121,A_no_future_use,
b03v2,base,agg_static@rho1.0,rep2_base_agg_static@rho1.0_b03v2,2,agg_static,1.0,190,upsert,L0115,A_no_future_use,
b03v2,base,agg_static@rho1.0,rep2_base_agg_static@rho1.0_b03v2,2,agg_static,1.0,191,upsert,L0074,A_no_future_use,
b03v2,base,exact_fifo@rho0.8,rep2_base_exact_fifo@rho0.8_b03v2,2,exact_fifo,0.8,0,upsert,L0001,D_meaningful_value_flip,40.96
b03v2,base,exact_fifo@rho0.8,rep2_base_exact_fifo@rho0.8_b03v2,2,exact_fifo,0.8,1,upsert,L0013,B_no_decision_flip,0.0
b03v2,base,exact_fifo@rho0.8,rep2_base_exact_fifo@rho0.8_b03v2,2,exact_fifo,0.8,2,upsert,L0016,B_no_decision_flip,0.0
b03v2,base,exact_fifo@rho0.8,rep2_base_exact_fifo@rho0.8_b03v2,2,exact_fifo,0.8,3,upsert,L0004,B_no_decision_flip,0.0
b03v2,base,exact_fifo@rho0.8,rep2_base_exact_fifo@rho0.8_b03v2,2,exact_fifo,0.8,4,upsert,L0043,B_no_decision_flip,0.0
b03v2,base,exact_fifo@rho0.8,rep2_base_exact_fifo@rho0.8_b03v2,2,exact_fifo,0.8,5,upsert,L0004,B_no_decision_flip,0.0
b03v2,base,exact_fifo@rho0.8,rep2_base_exact_fifo@rho0.8_b03v2,2,exact_fifo,0.8,6,upsert,L0000,B_no_decision_flip,0.0
b03v2,base,exact_fifo@rho0.8,rep2_base_exact_fifo@rho0.8_b03v2,2,exact_fifo,0.8,7,upsert,L0006,A_no_future_use,
b03v2,base,exact_fifo@rho0.8,rep2_base_exact_fifo@rho0.8_b03v2,2,exact_fifo,0.8,8,upsert,L0006,A_no_future_use,
b03v2,base,exact_fifo@rho0.8,rep2_base_exact_fifo@rho0.8_b03v2,2,exact_fifo,0.8,9,upsert,L0002,B_no_decision_flip,0.0
b03v2,base,exact_fifo@rho0.8,rep2_base_exact_fifo@rho0.8_b03v2,2,exact_fifo,0.8,10,upsert,L0013,B_no_decision_flip,0.0
b03v2,base,exact_fifo@rho0.8,rep2_base_exact_fifo@rho0.8_b03v2,2,exact_fifo,0.8,11,upsert,L0005,B_no_decision_flip,0.0
b03v2,base,exact_fifo@rho0.8,rep2_base_exact_fifo@rho0.8_b03v2,2,exact_fifo,0.8,12,upsert,L0013,B_no_decision_flip,0.0
b03v2,base,exact_fifo@rho0.8,rep2_base_exact_fifo@rho0.8_b03v2,2,exact_fifo,0.8,13,upsert,L0010,B_no_decision_flip,0.0
b03v2,base,exact_fifo@rho0.8,rep2_base_exact_fifo@rho0.8_b03v2,2,exact_fifo,0.8,14,upsert,L0019,A_no_future_use,
b03v2,base,exact_fifo@rho0.8,rep2_base_exact_fifo@rho0.8_b03v2,2,exact_fifo,0.8,15,upsert,L0038,D_meaningful_value_flip,40.96
b03v2,base,exact_fifo@rho0.8,rep2_base_exact_fifo@rho0.8_b03v2,2,exact_fifo,0.8,16,upsert,L0000,B_no_decision_flip,0.0
b03v2,base,exact_fifo@rho0.8,rep2_base_exact_fifo@rho0.8_b03v2,2,exact_fifo,0.8,17,upsert,L0037,D_meaningful_value_flip,38.96
b03v2,base,exact_fifo@rho0.8,rep2_base_exact_fifo@rho0.8_b03v2,2,exact_fifo,0.8,18,upsert,L0019,A_no_future_use,
b03v2,base,exact_fifo@rho0.8,rep2_base_exact_fifo@rho0.8_b03v2,2,exact_fifo,0.8,19,upsert,L0017,A_no_future_use,
b03v2,base,exact_fifo@rho0.8,rep2_base_exact_fifo@rho0.8_b03v2,2,exact_fifo,0.8,20,upsert,L0053,D_meaningful_value_flip,40.96
b03v2,base,exact_fifo@rho0.8,rep2_base_exact_fifo@rho0.8_b03v2,2,exact_fifo,0.8,21,upsert,L0004,B_no_decision_flip,0.0
b03v2,base,exact_fifo@rho0.8,rep2_base_exact_fifo@rho0.8_b03v2,2,exact_fifo,0.8,22,upsert,L0000,B_no_decision_flip,0.0
b03v2,base,exact_fifo@rho0.8,rep2_base_exact_fifo@rho0.8_b03v2,2,exact_fifo,0.8,23,upsert,L0024,B_no_decision_flip,0.0
b03v2,base,exact_fifo@rho0.8,rep2_base_exact_fifo@rho0.8_b03v2,2,exact_fifo,0.8,24,upsert,L0021,A_no_future_use,
b03v2,base,exact_fifo@rho0.8,rep2_base_exact_fifo@rho0.8_b03v2,2,exact_fifo,0.8,25,upsert,L0028,D_meaningful_value_flip,40.96
b03v2,base,exact_fifo@rho0.8,rep2_base_exact_fifo@rho0.8_b03v2,2,exact_fifo,0.8,26,upsert,L0019,A_no_future_use,
b03v2,base,exact_fifo@rho0.8,rep2_base_exact_fifo@rho0.8_b03v2,2,exact_fifo,0.8,27,upsert,L0000,B_no_decision_flip,-20.48
b03v2,base,exact_fifo@rho0.8,rep2_base_exact_fifo@rho0.8_b03v2,2,exact_fifo,0.8,28,upsert,L0005,B_no_decision_flip,0.0
b03v2,base,exact_fifo@rho0.8,rep2_base_exact_fifo@rho0.8_b03v2,2,exact_fifo,0.8,29,upsert,L0000,B_no_decision_flip,0.0
b03v2,base,exact_fifo@rho0.8,rep2_base_exact_fifo@rho0.8_b03v2,2,exact_fifo,0.8,30,upsert,L0011,B_no_decision_flip,0.0
b03v2,base,exact_fifo@rho0.8,rep2_base_exact_fifo@rho0.8_b03v2,2,exact_fifo,0.8,31,upsert,L0020,B_no_decision_flip,0.0
b03v2,base,exact_fifo@rho0.8,rep2_base_exact_fifo@rho0.8_b03v2,2,exact_fifo,0.8,32,upsert,L0056,D_meaningful_value_flip,38.96
b03v2,base,exact_fifo@rho0.8,rep2_base_exact_fifo@rho0.8_b03v2,2,exact_fifo,0.8,33,upsert,L0034,A_no_future_use,
b03v2,base,exact_fifo@rho0.8,rep2_base_exact_fifo@rho0.8_b03v2,2,exact_fifo,0.8,34,upsert,L0004,B_no_decision_flip,-20.48
b03v2,base,exact_fifo@rho0.8,rep2_base_exact_fifo@rho0.8_b03v2,2,exact_fifo,0.8,35,upsert,L0013,B_no_decision_flip,-20.48
b03v2,base,exact_fifo@rho0.8,rep2_base_exact_fifo@rho0.8_b03v2,2,exact_fifo,0.8,36,upsert,L0041,B_no_decision_flip,0.0
b03v2,base,exact_fifo@rho0.8,rep2_base_exact_fifo@rho0.8_b03v2,2,exact_fifo,0.8,37,upsert,L0041,D_meaningful_value_flip,8.24
b03v2,base,exact_fifo@rho0.8,rep2_base_exact_fifo@rho0.8_b03v2,2,exact_fifo,0.8,38,upsert,L0007,A_no_future_use,
b03v2,base,exact_fifo@rho0.8,rep2_base_exact_fifo@rho0.8_b03v2,2,exact_fifo,0.8,39,upsert,L0002,B_no_decision_flip,10.24
b03v2,base,exact_fifo@rho0.8,rep2_base_exact_fifo@rho0.8_b03v2,2,exact_fifo,0.8,40,upsert,L0029,D_meaningful_value_flip,38.96
b03v2,base,exact_fifo@rho0.8,rep2_base_exact_fifo@rho0.8_b03v2,2,exact_fifo,0.8,41,upsert,L0000,B_no_decision_flip,10.24
b03v2,base,exact_fifo@rho0.8,rep2_base_exact_fifo@rho0.8_b03v2,2,exact_fifo,0.8,42,upsert,L0040,A_no_future_use,
b03v2,base,exact_fifo@rho0.8,rep2_base_exact_fifo@rho0.8_b03v2,2,exact_fifo,0.8,43,upsert,L0033,A_no_future_use,
b03v2,base,exact_fifo@rho0.8,rep2_base_exact_fifo@rho0.8_b03v2,2,exact_fifo,0.8,44,upsert,L0012,D_meaningful_value_flip,40.96
b03v2,base,exact_fifo@rho0.8,rep2_base_exact_fifo@rho0.8_b03v2,2,exact_fifo,0.8,45,upsert,L0028,A_no_future_use,
b03v2,base,exact_fifo@rho0.8,rep2_base_exact_fifo@rho0.8_b03v2,2,exact_fifo,0.8,46,upsert,L0038,B_no_decision_flip,10.24
b03v2,base,exact_fifo@rho0.8,rep2_base_exact_fifo@rho0.8_b03v2,2,exact_fifo,0.8,47,upsert,L0056,A_no_future_use,
b03v2,base,exact_fifo@rho0.8,rep2_base_exact_fifo@rho0.8_b03v2,2,exact_fifo,0.8,48,upsert,L0062,A_no_future_use,
b03v2,base,exact_fifo@rho0.8,rep2_base_exact_fifo@rho0.8_b03v2,2,exact_fifo,0.8,49,upsert,L0005,B_no_decision_flip,0.0
b03v2,base,exact_fifo@rho0.8,rep2_base_exact_fifo@rho0.8_b03v2,2,exact_fifo,0.8,50,upsert,L0042,A_no_future_use,
b03v2,base,exact_fifo@rho0.8,rep2_base_exact_fifo@rho0.8_b03v2,2,exact_fifo,0.8,51,upsert,L0014,A_no_future_use,
b03v2,base,exact_fifo@rho0.8,rep2_base_exact_fifo@rho0.8_b03v2,2,exact_fifo,0.8,52,upsert,L0053,B_no_decision_flip,0.0
b03v2,base,exact_fifo@rho0.8,rep2_base_exact_fifo@rho0.8_b03v2,2,exact_fifo,0.8,53,upsert,L0011,A_no_future_use,
b03v2,base,exact_fifo@rho0.8,rep2_base_exact_fifo@rho0.8_b03v2,2,exact_fifo,0.8,54,upsert,L0055,A_no_future_use,
b03v2,base,exact_fifo@rho0.8,rep2_base_exact_fifo@rho0.8_b03v2,2,exact_fifo,0.8,55,upsert,L0037,A_no_future_use,
b03v2,base,exact_fifo@rho0.8,rep2_base_exact_fifo@rho0.8_b03v2,2,exact_fifo,0.8,56,upsert,L0022,B_no_decision_flip,0.0
b03v2,base,exact_fifo@rho0.8,rep2_base_exact_fifo@rho0.8_b03v2,2,exact_fifo,0.8,57,upsert,L0015,A_no_future_use,
b03v2,base,exact_fifo@rho0.8,rep2_base_exact_fifo@rho0.8_b03v2,2,exact_fifo,0.8,58,upsert,L0004,A_no_future_use,
b03v2,base,exact_fifo@rho0.8,rep2_base_exact_fifo@rho0.8_b03v2,2,exact_fifo,0.8,59,upsert,L0037,A_no_future_use,
b03v2,base,exact_fifo@rho0.8,rep2_base_exact_fifo@rho0.8_b03v2,2,exact_fifo,0.8,60,upsert,L0027,A_no_future_use,
b03v2,base,exact_fifo@rho0.8,rep2_base_exact_fifo@rho0.8_b03v2,2,exact_fifo,0.8,61,upsert,L0001,A_no_future_use,
b03v2,base,exact_fifo@rho0.8,rep2_base_exact_fifo@rho0.8_b03v2,2,exact_fifo,0.8,62,upsert,L0005,B_no_decision_flip,0.0
b03v2,base,exact_fifo@rho0.8,rep2_base_exact_fifo@rho0.8_b03v2,2,exact_fifo,0.8,63,upsert,L0005,B_no_decision_flip,0.0
b03v2,base,exact_fifo@rho0.8,rep2_base_exact_fifo@rho0.8_b03v2,2,exact_fifo,0.8,64,upsert,L0027,A_no_future_use,
b03v2,base,exact_fifo@rho0.8,rep2_base_exact_fifo@rho0.8_b03v2,2,exact_fifo,0.8,65,upsert,L0000,A_no_future_use,
b03v2,base,exact_fifo@rho0.8,rep2_base_exact_fifo@rho0.8_b03v2,2,exact_fifo,0.8,66,upsert,L0053,A_no_future_use,
b03v2,base,exact_fifo@rho0.8,rep2_base_exact_fifo@rho0.8_b03v2,2,exact_fifo,0.8,67,upsert,L0010,B_no_decision_flip,10.24
b03v2,base,exact_fifo@rho0.8,rep2_base_exact_fifo@rho0.8_b03v2,2,exact_fifo,0.8,68,upsert,L0000,A_no_future_use,
b03v2,base,exact_fifo@rho0.8,rep2_base_exact_fifo@rho0.8_b03v2,2,exact_fifo,0.8,69,upsert,L0030,A_no_future_use,
b03v2,base,exact_fifo@rho0.8,rep2_base_exact_fifo@rho0.8_b03v2,2,exact_fifo,0.8,70,upsert,L0032,B_no_decision_flip,0.0
b03v2,base,exact_fifo@rho0.8,rep2_base_exact_fifo@rho0.8_b03v2,2,exact_fifo,0.8,71,upsert,L0020,A_no_future_use,
b03v2,base,exact_fifo@rho0.8,rep2_base_exact_fifo@rho0.8_b03v2,2,exact_fifo,0.8,72,upsert,L0035,A_no_future_use,
b03v2,base,exact_fifo@rho0.8,rep2_base_exact_fifo@rho0.8_b03v2,2,exact_fifo,0.8,73,upsert,L0038,A_no_future_use,
b03v2,base,exact_fifo@rho0.8,rep2_base_exact_fifo@rho0.8_b03v2,2,exact_fifo,0.8,74,upsert,L0049,A_no_future_use,
b03v2,base,exact_fifo@rho0.8,rep2_base_exact_fifo@rho0.8_b03v2,2,exact_fifo,0.8,75,upsert,L0022,B_no_decision_flip,10.24
b03v2,base,exact_fifo@rho0.8,rep2_base_exact_fifo@rho0.8_b03v2,2,exact_fifo,0.8,76,upsert,L0008,A_no_future_use,
b03v2,base,exact_fifo@rho0.8,rep2_base_exact_fifo@rho0.8_b03v2,2,exact_fifo,0.8,77,upsert,L0041,A_no_future_use,
b03v2,base,exact_fifo@rho0.8,rep2_base_exact_fifo@rho0.8_b03v2,2,exact_fifo,0.8,78,upsert,L0016,A_no_future_use,
b03v2,base,exact_fifo@rho0.8,rep2_base_exact_fifo@rho0.8_b03v2,2,exact_fifo,0.8,79,upsert,L0002,A_no_future_use,
b03v2,base,exact_fifo@rho0.8,rep2_base_exact_fifo@rho0.8_b03v2,2,exact_fifo,0.8,80,upsert,L0025,A_no_future_use,
b03v2,base,exact_fifo@rho0.8,rep2_base_exact_fifo@rho0.8_b03v2,2,exact_fifo,0.8,81,upsert,L0002,A_no_future_use,
b03v2,base,exact_fifo@rho0.8,rep2_base_exact_fifo@rho0.8_b03v2,2,exact_fifo,0.8,82,upsert,L0013,A_no_future_use,
b03v2,base,exact_fifo@rho0.8,rep2_base_exact_fifo@rho0.8_b03v2,2,exact_fifo,0.8,83,upsert,L0024,A_no_future_use,
b03v2,base,exact_fifo@rho0.8,rep2_base_exact_fifo@rho0.8_b03v2,2,exact_fifo,0.8,84,upsert,L0032,A_no_future_use,
b03v2,base,exact_fifo@rho0.8,rep2_base_exact_fifo@rho0.8_b03v2,2,exact_fifo,0.8,85,upsert,L0032,A_no_future_use,
b03v2,base,exact_fifo@rho0.8,rep2_base_exact_fifo@rho0.8_b03v2,2,exact_fifo,0.8,86,upsert,L0043,A_no_future_use,
b03v2,base,exact_fifo@rho0.8,rep2_base_exact_fifo@rho0.8_b03v2,2,exact_fifo,0.8,87,upsert,L0002,A_no_future_use,
b03v2,base,exact_fifo@rho0.8,rep2_base_exact_fifo@rho0.8_b03v2,2,exact_fifo,0.8,88,upsert,L0012,A_no_future_use,
b03v2,base,exact_fifo@rho0.8,rep2_base_exact_fifo@rho0.8_b03v2,2,exact_fifo,0.8,89,upsert,L0026,A_no_future_use,
b03v2,base,exact_fifo@rho0.8,rep2_base_exact_fifo@rho0.8_b03v2,2,exact_fifo,0.8,90,upsert,L0010,A_no_future_use,
b03v2,base,exact_fifo@rho0.8,rep2_base_exact_fifo@rho0.8_b03v2,2,exact_fifo,0.8,91,upsert,L0005,A_no_future_use,
b03v2,base,exact_fifo@rho0.8,rep2_base_exact_fifo@rho0.8_b03v2,2,exact_fifo,0.8,92,upsert,L0022,A_no_future_use,
b03v2,base,exact_fifo@rho0.8,rep2_base_exact_fifo@rho0.8_b03v2,2,exact_fifo,0.8,93,upsert,L0026,A_no_future_use,
b03v2,base,exact_fifo@rho0.8,rep2_base_exact_fifo@rho0.8_b03v2,2,exact_fifo,0.8,94,upsert,L0045,A_no_future_use,
b03v2,base,exact_fifo@rho0.8,rep2_base_exact_fifo@rho0.8_b03v2,2,exact_fifo,0.8,95,upsert,L0029,A_no_future_use,
b03v2,base,exact_fifo@rho0.8,rep2_base_exact_fifo@rho0.8_b03v2,2,exact_fifo,0.8,96,upsert,L0071,D_meaningful_value_flip,40.96
b03v2,base,exact_fifo@rho0.8,rep2_base_exact_fifo@rho0.8_b03v2,2,exact_fifo,0.8,97,upsert,L0116,B_no_decision_flip,0.0
b03v2,base,exact_fifo@rho0.8,rep2_base_exact_fifo@rho0.8_b03v2,2,exact_fifo,0.8,98,upsert,L0064,B_no_decision_flip,0.0
b03v2,base,exact_fifo@rho0.8,rep2_base_exact_fifo@rho0.8_b03v2,2,exact_fifo,0.8,99,upsert,L0120,A_no_future_use,
b03v2,base,exact_fifo@rho0.8,rep2_base_exact_fifo@rho0.8_b03v2,2,exact_fifo,0.8,100,upsert,L0085,B_no_decision_flip,0.0
b03v2,base,exact_fifo@rho0.8,rep2_base_exact_fifo@rho0.8_b03v2,2,exact_fifo,0.8,101,upsert,L0066,D_meaningful_value_flip,40.96
b03v2,base,exact_fifo@rho0.8,rep2_base_exact_fifo@rho0.8_b03v2,2,exact_fifo,0.8,102,upsert,L0104,D_meaningful_value_flip,40.96
b03v2,base,exact_fifo@rho0.8,rep2_base_exact_fifo@rho0.8_b03v2,2,exact_fifo,0.8,103,upsert,L0064,C_low_value_flip,0.0
b03v2,base,exact_fifo@rho0.8,rep2_base_exact_fifo@rho0.8_b03v2,2,exact_fifo,0.8,104,upsert,L0081,A_no_future_use,
b03v2,base,exact_fifo@rho0.8,rep2_base_exact_fifo@rho0.8_b03v2,2,exact_fifo,0.8,105,upsert,L0116,D_meaningful_value_flip,8.24
b03v2,base,exact_fifo@rho0.8,rep2_base_exact_fifo@rho0.8_b03v2,2,exact_fifo,0.8,106,upsert,L0078,D_meaningful_value_flip,40.96
b03v2,base,exact_fifo@rho0.8,rep2_base_exact_fifo@rho0.8_b03v2,2,exact_fifo,0.8,107,upsert,L0106,A_no_future_use,
b03v2,base,exact_fifo@rho0.8,rep2_base_exact_fifo@rho0.8_b03v2,2,exact_fifo,0.8,108,upsert,L0072,B_no_decision_flip,0.0
b03v2,base,exact_fifo@rho0.8,rep2_base_exact_fifo@rho0.8_b03v2,2,exact_fifo,0.8,109,upsert,L0108,A_no_future_use,
b03v2,base,exact_fifo@rho0.8,rep2_base_exact_fifo@rho0.8_b03v2,2,exact_fifo,0.8,110,upsert,L0066,D_meaningful_value_flip,8.24
b03v2,base,exact_fifo@rho0.8,rep2_base_exact_fifo@rho0.8_b03v2,2,exact_fifo,0.8,111,upsert,L0112,B_no_decision_flip,0.0
b03v2,base,exact_fifo@rho0.8,rep2_base_exact_fifo@rho0.8_b03v2,2,exact_fifo,0.8,112,upsert,L0089,D_meaningful_value_flip,40.96
b03v2,base,exact_fifo@rho0.8,rep2_base_exact_fifo@rho0.8_b03v2,2,exact_fifo,0.8,113,upsert,L0079,D_meaningful_value_flip,40.96
b03v2,base,exact_fifo@rho0.8,rep2_base_exact_fifo@rho0.8_b03v2,2,exact_fifo,0.8,114,upsert,L0068,D_meaningful_value_flip,40.96
b03v2,base,exact_fifo@rho0.8,rep2_base_exact_fifo@rho0.8_b03v2,2,exact_fifo,0.8,115,upsert,L0065,B_no_decision_flip,0.0
b03v2,base,exact_fifo@rho0.8,rep2_base_exact_fifo@rho0.8_b03v2,2,exact_fifo,0.8,116,upsert,L0094,A_no_future_use,
b03v2,base,exact_fifo@rho0.8,rep2_base_exact_fifo@rho0.8_b03v2,2,exact_fifo,0.8,117,upsert,L0089,A_no_future_use,
b03v2,base,exact_fifo@rho0.8,rep2_base_exact_fifo@rho0.8_b03v2,2,exact_fifo,0.8,118,upsert,L0068,D_meaningful_value_flip,8.24
b03v2,base,exact_fifo@rho0.8,rep2_base_exact_fifo@rho0.8_b03v2,2,exact_fifo,0.8,119,upsert,L0107,A_no_future_use,
b03v2,base,exact_fifo@rho0.8,rep2_base_exact_fifo@rho0.8_b03v2,2,exact_fifo,0.8,120,upsert,L0121,D_meaningful_value_flip,40.96
b03v2,base,exact_fifo@rho0.8,rep2_base_exact_fifo@rho0.8_b03v2,2,exact_fifo,0.8,121,upsert,L0065,B_no_decision_flip,0.0
b03v2,base,exact_fifo@rho0.8,rep2_base_exact_fifo@rho0.8_b03v2,2,exact_fifo,0.8,122,upsert,L0066,B_no_decision_flip,20.48
b03v2,base,exact_fifo@rho0.8,rep2_base_exact_fifo@rho0.8_b03v2,2,exact_fifo,0.8,123,upsert,L0079,A_no_future_use,
b03v2,base,exact_fifo@rho0.8,rep2_base_exact_fifo@rho0.8_b03v2,2,exact_fifo,0.8,124,upsert,L0068,D_meaningful_value_flip,18.48
b03v2,base,exact_fifo@rho0.8,rep2_base_exact_fifo@rho0.8_b03v2,2,exact_fifo,0.8,125,upsert,L0089,A_no_future_use,
b03v2,base,exact_fifo@rho0.8,rep2_base_exact_fifo@rho0.8_b03v2,2,exact_fifo,0.8,126,upsert,L0066,B_no_decision_flip,0.0
b03v2,base,exact_fifo@rho0.8,rep2_base_exact_fifo@rho0.8_b03v2,2,exact_fifo,0.8,127,upsert,L0078,B_no_decision_flip,10.24
b03v2,base,exact_fifo@rho0.8,rep2_base_exact_fifo@rho0.8_b03v2,2,exact_fifo,0.8,128,upsert,L0079,A_no_future_use,
b03v2,base,exact_fifo@rho0.8,rep2_base_exact_fifo@rho0.8_b03v2,2,exact_fifo,0.8,129,upsert,L0102,A_no_future_use,
b03v2,base,exact_fifo@rho0.8,rep2_base_exact_fifo@rho0.8_b03v2,2,exact_fifo,0.8,130,upsert,L0093,A_no_future_use,
b03v2,base,exact_fifo@rho0.8,rep2_base_exact_fifo@rho0.8_b03v2,2,exact_fifo,0.8,131,upsert,L0093,A_no_future_use,
b03v2,base,exact_fifo@rho0.8,rep2_base_exact_fifo@rho0.8_b03v2,2,exact_fifo,0.8,132,upsert,L0078,A_no_future_use,
b03v2,base,exact_fifo@rho0.8,rep2_base_exact_fifo@rho0.8_b03v2,2,exact_fifo,0.8,133,upsert,L0068,B_no_decision_flip,0.0
b03v2,base,exact_fifo@rho0.8,rep2_base_exact_fifo@rho0.8_b03v2,2,exact_fifo,0.8,134,upsert,L0064,B_no_decision_flip,10.24
b03v2,base,exact_fifo@rho0.8,rep2_base_exact_fifo@rho0.8_b03v2,2,exact_fifo,0.8,135,upsert,L0096,B_no_decision_flip,0.0
b03v2,base,exact_fifo@rho0.8,rep2_base_exact_fifo@rho0.8_b03v2,2,exact_fifo,0.8,136,upsert,L0087,B_no_decision_flip,0.0
b03v2,base,exact_fifo@rho0.8,rep2_base_exact_fifo@rho0.8_b03v2,2,exact_fifo,0.8,137,upsert,L0080,A_no_future_use,
b03v2,base,exact_fifo@rho0.8,rep2_base_exact_fifo@rho0.8_b03v2,2,exact_fifo,0.8,138,upsert,L0071,B_no_decision_flip,10.24
b03v2,base,exact_fifo@rho0.8,rep2_base_exact_fifo@rho0.8_b03v2,2,exact_fifo,0.8,139,upsert,L0073,D_meaningful_value_flip,40.96
b03v2,base,exact_fifo@rho0.8,rep2_base_exact_fifo@rho0.8_b03v2,2,exact_fifo,0.8,140,upsert,L0112,A_no_future_use,
b03v2,base,exact_fifo@rho0.8,rep2_base_exact_fifo@rho0.8_b03v2,2,exact_fifo,0.8,141,upsert,L0069,A_no_future_use,
b03v2,base,exact_fifo@rho0.8,rep2_base_exact_fifo@rho0.8_b03v2,2,exact_fifo,0.8,142,upsert,L0113,A_no_future_use,
b03v2,base,exact_fifo@rho0.8,rep2_base_exact_fifo@rho0.8_b03v2,2,exact_fifo,0.8,143,upsert,L0064,B_no_decision_flip,0.0
b03v2,base,exact_fifo@rho0.8,rep2_base_exact_fifo@rho0.8_b03v2,2,exact_fifo,0.8,144,upsert,L0064,B_no_decision_flip,10.24
b03v2,base,exact_fifo@rho0.8,rep2_base_exact_fifo@rho0.8_b03v2,2,exact_fifo,0.8,145,upsert,L0086,A_no_future_use,
b03v2,base,exact_fifo@rho0.8,rep2_base_exact_fifo@rho0.8_b03v2,2,exact_fifo,0.8,146,upsert,L0118,A_no_future_use,
b03v2,base,exact_fifo@rho0.8,rep2_base_exact_fifo@rho0.8_b03v2,2,exact_fifo,0.8,147,upsert,L0078,A_no_future_use,
b03v2,base,exact_fifo@rho0.8,rep2_base_exact_fifo@rho0.8_b03v2,2,exact_fifo,0.8,148,upsert,L0104,A_no_future_use,
b03v2,base,exact_fifo@rho0.8,rep2_base_exact_fifo@rho0.8_b03v2,2,exact_fifo,0.8,149,upsert,L0088,A_no_future_use,
b03v2,base,exact_fifo@rho0.8,rep2_base_exact_fifo@rho0.8_b03v2,2,exact_fifo,0.8,150,upsert,L0126,A_no_future_use,
b03v2,base,exact_fifo@rho0.8,rep2_base_exact_fifo@rho0.8_b03v2,2,exact_fifo,0.8,151,upsert,L0075,A_no_future_use,
b03v2,base,exact_fifo@rho0.8,rep2_base_exact_fifo@rho0.8_b03v2,2,exact_fifo,0.8,152,upsert,L0110,D_meaningful_value_flip,38.96
b03v2,base,exact_fifo@rho0.8,rep2_base_exact_fifo@rho0.8_b03v2,2,exact_fifo,0.8,153,upsert,L0123,A_no_future_use,
b03v2,base,exact_fifo@rho0.8,rep2_base_exact_fifo@rho0.8_b03v2,2,exact_fifo,0.8,154,upsert,L0074,D_meaningful_value_flip,40.96
b03v2,base,exact_fifo@rho0.8,rep2_base_exact_fifo@rho0.8_b03v2,2,exact_fifo,0.8,155,upsert,L0064,B_no_decision_flip,10.24
b03v2,base,exact_fifo@rho0.8,rep2_base_exact_fifo@rho0.8_b03v2,2,exact_fifo,0.8,156,upsert,L0096,A_no_future_use,
b03v2,base,exact_fifo@rho0.8,rep2_base_exact_fifo@rho0.8_b03v2,2,exact_fifo,0.8,157,upsert,L0086,A_no_future_use,
b03v2,base,exact_fifo@rho0.8,rep2_base_exact_fifo@rho0.8_b03v2,2,exact_fifo,0.8,158,upsert,L0068,B_no_decision_flip,-10.24
b03v2,base,exact_fifo@rho0.8,rep2_base_exact_fifo@rho0.8_b03v2,2,exact_fifo,0.8,159,upsert,L0111,A_no_future_use,
b03v2,base,exact_fifo@rho0.8,rep2_base_exact_fifo@rho0.8_b03v2,2,exact_fifo,0.8,160,upsert,L0075,A_no_future_use,
b03v2,base,exact_fifo@rho0.8,rep2_base_exact_fifo@rho0.8_b03v2,2,exact_fifo,0.8,161,upsert,L0101,A_no_future_use,
b03v2,base,exact_fifo@rho0.8,rep2_base_exact_fifo@rho0.8_b03v2,2,exact_fifo,0.8,162,upsert,L0109,A_no_future_use,
b03v2,base,exact_fifo@rho0.8,rep2_base_exact_fifo@rho0.8_b03v2,2,exact_fifo,0.8,163,upsert,L0065,A_no_future_use,
b03v2,base,exact_fifo@rho0.8,rep2_base_exact_fifo@rho0.8_b03v2,2,exact_fifo,0.8,164,upsert,L0082,A_no_future_use,
b03v2,base,exact_fifo@rho0.8,rep2_base_exact_fifo@rho0.8_b03v2,2,exact_fifo,0.8,165,upsert,L0073,B_no_decision_flip,10.24
b03v2,base,exact_fifo@rho0.8,rep2_base_exact_fifo@rho0.8_b03v2,2,exact_fifo,0.8,166,upsert,L0064,B_no_decision_flip,0.0
b03v2,base,exact_fifo@rho0.8,rep2_base_exact_fifo@rho0.8_b03v2,2,exact_fifo,0.8,167,upsert,L0115,B_no_decision_flip,0.0
b03v2,base,exact_fifo@rho0.8,rep2_base_exact_fifo@rho0.8_b03v2,2,exact_fifo,0.8,168,upsert,L0087,A_no_future_use,
b03v2,base,exact_fifo@rho0.8,rep2_base_exact_fifo@rho0.8_b03v2,2,exact_fifo,0.8,169,upsert,L0064,B_no_decision_flip,0.0
b03v2,base,exact_fifo@rho0.8,rep2_base_exact_fifo@rho0.8_b03v2,2,exact_fifo,0.8,170,upsert,L0115,C_low_value_flip,2.0
b03v2,base,exact_fifo@rho0.8,rep2_base_exact_fifo@rho0.8_b03v2,2,exact_fifo,0.8,171,upsert,L0072,A_no_future_use,
b03v2,base,exact_fifo@rho0.8,rep2_base_exact_fifo@rho0.8_b03v2,2,exact_fifo,0.8,172,upsert,L0101,A_no_future_use,
b03v2,base,exact_fifo@rho0.8,rep2_base_exact_fifo@rho0.8_b03v2,2,exact_fifo,0.8,173,upsert,L0071,A_no_future_use,
b03v2,base,exact_fifo@rho0.8,rep2_base_exact_fifo@rho0.8_b03v2,2,exact_fifo,0.8,174,upsert,L0073,A_no_future_use,
b03v2,base,exact_fifo@rho0.8,rep2_base_exact_fifo@rho0.8_b03v2,2,exact_fifo,0.8,175,upsert,L0091,A_no_future_use,
b03v2,base,exact_fifo@rho0.8,rep2_base_exact_fifo@rho0.8_b03v2,2,exact_fifo,0.8,176,upsert,L0074,A_no_future_use,
b03v2,base,exact_fifo@rho0.8,rep2_base_exact_fifo@rho0.8_b03v2,2,exact_fifo,0.8,177,upsert,L0091,A_no_future_use,
b03v2,base,exact_fifo@rho0.8,rep2_base_exact_fifo@rho0.8_b03v2,2,exact_fifo,0.8,178,upsert,L0068,A_no_future_use,
b03v2,base,exact_fifo@rho0.8,rep2_base_exact_fifo@rho0.8_b03v2,2,exact_fifo,0.8,179,upsert,L0110,A_no_future_use,
b03v2,base,exact_fifo@rho0.8,rep2_base_exact_fifo@rho0.8_b03v2,2,exact_fifo,0.8,180,upsert,L0105,A_no_future_use,
b03v2,base,exact_fifo@rho0.8,rep2_base_exact_fifo@rho0.8_b03v2,2,exact_fifo,0.8,181,upsert,L0066,A_no_future_use,
b03v2,base,exact_fifo@rho0.8,rep2_base_exact_fifo@rho0.8_b03v2,2,exact_fifo,0.8,182,upsert,L0085,A_no_future_use,
b03v2,base,exact_fifo@rho0.8,rep2_base_exact_fifo@rho0.8_b03v2,2,exact_fifo,0.8,183,upsert,L0067,A_no_future_use,
b03v2,base,exact_fifo@rho0.8,rep2_base_exact_fifo@rho0.8_b03v2,2,exact_fifo,0.8,184,upsert,L0097,A_no_future_use,
b03v2,base,exact_fifo@rho0.8,rep2_base_exact_fifo@rho0.8_b03v2,2,exact_fifo,0.8,185,upsert,L0073,A_no_future_use,
b03v2,base,exact_fifo@rho0.8,rep2_base_exact_fifo@rho0.8_b03v2,2,exact_fifo,0.8,186,upsert,L0116,A_no_future_use,
b03v2,base,exact_fifo@rho0.8,rep2_base_exact_fifo@rho0.8_b03v2,2,exact_fifo,0.8,187,upsert,L0098,A_no_future_use,
b03v2,base,exact_fifo@rho0.8,rep2_base_exact_fifo@rho0.8_b03v2,2,exact_fifo,0.8,188,upsert,L0064,A_no_future_use,
b03v2,base,exact_fifo@rho0.8,rep2_base_exact_fifo@rho0.8_b03v2,2,exact_fifo,0.8,189,upsert,L0121,A_no_future_use,
b03v2,base,exact_fifo@rho0.8,rep2_base_exact_fifo@rho0.8_b03v2,2,exact_fifo,0.8,190,upsert,L0115,A_no_future_use,
b03v2,base,exact_fifo@rho0.8,rep2_base_exact_fifo@rho0.8_b03v2,2,exact_fifo,0.8,191,upsert,L0074,A_no_future_use,
b03v2,base,agg_full@rho1.2,rep2_base_agg_full@rho1.2_b03v2,2,agg_full,1.2,0,upsert,L0001,B_no_decision_flip,0.0
b03v2,base,agg_full@rho1.2,rep2_base_agg_full@rho1.2_b03v2,2,agg_full,1.2,1,upsert,L0013,B_no_decision_flip,0.0
b03v2,base,agg_full@rho1.2,rep2_base_agg_full@rho1.2_b03v2,2,agg_full,1.2,2,upsert,L0016,D_meaningful_value_flip,38.96
b03v2,base,agg_full@rho1.2,rep2_base_agg_full@rho1.2_b03v2,2,agg_full,1.2,3,upsert,L0004,B_no_decision_flip,0.0
b03v2,base,agg_full@rho1.2,rep2_base_agg_full@rho1.2_b03v2,2,agg_full,1.2,4,upsert,L0043,B_no_decision_flip,0.0
b03v2,base,agg_full@rho1.2,rep2_base_agg_full@rho1.2_b03v2,2,agg_full,1.2,5,upsert,L0004,B_no_decision_flip,10.24
b03v2,base,agg_full@rho1.2,rep2_base_agg_full@rho1.2_b03v2,2,agg_full,1.2,6,upsert,L0000,B_no_decision_flip,0.0
b03v2,base,agg_full@rho1.2,rep2_base_agg_full@rho1.2_b03v2,2,agg_full,1.2,7,upsert,L0006,A_no_future_use,
b03v2,base,agg_full@rho1.2,rep2_base_agg_full@rho1.2_b03v2,2,agg_full,1.2,8,upsert,L0006,A_no_future_use,
b03v2,base,agg_full@rho1.2,rep2_base_agg_full@rho1.2_b03v2,2,agg_full,1.2,9,upsert,L0002,B_no_decision_flip,0.0
b03v2,base,agg_full@rho1.2,rep2_base_agg_full@rho1.2_b03v2,2,agg_full,1.2,10,upsert,L0013,B_no_decision_flip,0.0
b03v2,base,agg_full@rho1.2,rep2_base_agg_full@rho1.2_b03v2,2,agg_full,1.2,11,upsert,L0005,B_no_decision_flip,0.0
b03v2,base,agg_full@rho1.2,rep2_base_agg_full@rho1.2_b03v2,2,agg_full,1.2,12,upsert,L0013,B_no_decision_flip,10.24
b03v2,base,agg_full@rho1.2,rep2_base_agg_full@rho1.2_b03v2,2,agg_full,1.2,13,upsert,L0010,D_meaningful_value_flip,38.96
b03v2,base,agg_full@rho1.2,rep2_base_agg_full@rho1.2_b03v2,2,agg_full,1.2,14,upsert,L0019,A_no_future_use,
b03v2,base,agg_full@rho1.2,rep2_base_agg_full@rho1.2_b03v2,2,agg_full,1.2,15,upsert,L0038,D_meaningful_value_flip,40.96
b03v2,base,agg_full@rho1.2,rep2_base_agg_full@rho1.2_b03v2,2,agg_full,1.2,16,upsert,L0000,B_no_decision_flip,0.0
b03v2,base,agg_full@rho1.2,rep2_base_agg_full@rho1.2_b03v2,2,agg_full,1.2,17,upsert,L0037,B_no_decision_flip,0.0
b03v2,base,agg_full@rho1.2,rep2_base_agg_full@rho1.2_b03v2,2,agg_full,1.2,18,upsert,L0019,A_no_future_use,
b03v2,base,agg_full@rho1.2,rep2_base_agg_full@rho1.2_b03v2,2,agg_full,1.2,19,upsert,L0017,A_no_future_use,
b03v2,base,agg_full@rho1.2,rep2_base_agg_full@rho1.2_b03v2,2,agg_full,1.2,20,upsert,L0053,B_no_decision_flip,0.0
b03v2,base,agg_full@rho1.2,rep2_base_agg_full@rho1.2_b03v2,2,agg_full,1.2,21,upsert,L0004,A_no_future_use,
b03v2,base,agg_full@rho1.2,rep2_base_agg_full@rho1.2_b03v2,2,agg_full,1.2,22,upsert,L0000,B_no_decision_flip,10.24
b03v2,base,agg_full@rho1.2,rep2_base_agg_full@rho1.2_b03v2,2,agg_full,1.2,23,upsert,L0024,B_no_decision_flip,0.0
b03v2,base,agg_full@rho1.2,rep2_base_agg_full@rho1.2_b03v2,2,agg_full,1.2,24,upsert,L0021,A_no_future_use,
b03v2,base,agg_full@rho1.2,rep2_base_agg_full@rho1.2_b03v2,2,agg_full,1.2,25,upsert,L0028,A_no_future_use,
b03v2,base,agg_full@rho1.2,rep2_base_agg_full@rho1.2_b03v2,2,agg_full,1.2,27,upsert,L0000,B_no_decision_flip,-20.48
b03v2,base,agg_full@rho1.2,rep2_base_agg_full@rho1.2_b03v2,2,agg_full,1.2,28,upsert,L0005,B_no_decision_flip,10.24
b03v2,base,agg_full@rho1.2,rep2_base_agg_full@rho1.2_b03v2,2,agg_full,1.2,29,upsert,L0000,A_no_future_use,
b03v2,base,agg_full@rho1.2,rep2_base_agg_full@rho1.2_b03v2,2,agg_full,1.2,30,upsert,L0011,A_no_future_use,
b03v2,base,agg_full@rho1.2,rep2_base_agg_full@rho1.2_b03v2,2,agg_full,1.2,31,upsert,L0020,A_no_future_use,
b03v2,base,agg_full@rho1.2,rep2_base_agg_full@rho1.2_b03v2,2,agg_full,1.2,32,upsert,L0056,A_no_future_use,
b03v2,base,agg_full@rho1.2,rep2_base_agg_full@rho1.2_b03v2,2,agg_full,1.2,33,upsert,L0034,A_no_future_use,
b03v2,base,agg_full@rho1.2,rep2_base_agg_full@rho1.2_b03v2,2,agg_full,1.2,34,upsert,L0004,A_no_future_use,
b03v2,base,agg_full@rho1.2,rep2_base_agg_full@rho1.2_b03v2,2,agg_full,1.2,35,upsert,L0013,A_no_future_use,
b03v2,base,agg_full@rho1.2,rep2_base_agg_full@rho1.2_b03v2,2,agg_full,1.2,36,upsert,L0041,A_no_future_use,
b03v2,base,agg_full@rho1.2,rep2_base_agg_full@rho1.2_b03v2,2,agg_full,1.2,37,upsert,L0041,A_no_future_use,
b03v2,base,agg_full@rho1.2,rep2_base_agg_full@rho1.2_b03v2,2,agg_full,1.2,38,upsert,L0007,A_no_future_use,
b03v2,base,agg_full@rho1.2,rep2_base_agg_full@rho1.2_b03v2,2,agg_full,1.2,39,upsert,L0002,A_no_future_use,
b03v2,base,agg_full@rho1.2,rep2_base_agg_full@rho1.2_b03v2,2,agg_full,1.2,40,upsert,L0029,A_no_future_use,
b03v2,base,agg_full@rho1.2,rep2_base_agg_full@rho1.2_b03v2,2,agg_full,1.2,41,upsert,L0000,A_no_future_use,
b03v2,base,agg_full@rho1.2,rep2_base_agg_full@rho1.2_b03v2,2,agg_full,1.2,42,upsert,L0040,A_no_future_use,
b03v2,base,agg_full@rho1.2,rep2_base_agg_full@rho1.2_b03v2,2,agg_full,1.2,43,upsert,L0033,A_no_future_use,
b03v2,base,agg_full@rho1.2,rep2_base_agg_full@rho1.2_b03v2,2,agg_full,1.2,44,upsert,L0012,A_no_future_use,
b03v2,base,agg_full@rho1.2,rep2_base_agg_full@rho1.2_b03v2,2,agg_full,1.2,45,upsert,L0028,A_no_future_use,
b03v2,base,agg_full@rho1.2,rep2_base_agg_full@rho1.2_b03v2,2,agg_full,1.2,46,upsert,L0038,A_no_future_use,
b03v2,base,agg_full@rho1.2,rep2_base_agg_full@rho1.2_b03v2,2,agg_full,1.2,47,upsert,L0056,A_no_future_use,
b03v2,base,agg_full@rho1.2,rep2_base_agg_full@rho1.2_b03v2,2,agg_full,1.2,48,upsert,L0062,A_no_future_use,
b03v2,base,agg_full@rho1.2,rep2_base_agg_full@rho1.2_b03v2,2,agg_full,1.2,49,upsert,L0005,A_no_future_use,
b03v2,base,agg_full@rho1.2,rep2_base_agg_full@rho1.2_b03v2,2,agg_full,1.2,50,upsert,L0042,A_no_future_use,
b03v2,base,agg_full@rho1.2,rep2_base_agg_full@rho1.2_b03v2,2,agg_full,1.2,51,upsert,L0014,A_no_future_use,
b03v2,base,agg_full@rho1.2,rep2_base_agg_full@rho1.2_b03v2,2,agg_full,1.2,52,upsert,L0053,A_no_future_use,
b03v2,base,agg_full@rho1.2,rep2_base_agg_full@rho1.2_b03v2,2,agg_full,1.2,53,upsert,L0011,A_no_future_use,
b03v2,base,agg_full@rho1.2,rep2_base_agg_full@rho1.2_b03v2,2,agg_full,1.2,54,upsert,L0055,A_no_future_use,
b03v2,base,agg_full@rho1.2,rep2_base_agg_full@rho1.2_b03v2,2,agg_full,1.2,55,upsert,L0037,A_no_future_use,
b03v2,base,agg_full@rho1.2,rep2_base_agg_full@rho1.2_b03v2,2,agg_full,1.2,56,upsert,L0022,A_no_future_use,
b03v2,base,agg_full@rho1.2,rep2_base_agg_full@rho1.2_b03v2,2,agg_full,1.2,57,upsert,L0015,A_no_future_use,
b03v2,base,agg_full@rho1.2,rep2_base_agg_full@rho1.2_b03v2,2,agg_full,1.2,58,upsert,L0004,A_no_future_use,
b03v2,base,agg_full@rho1.2,rep2_base_agg_full@rho1.2_b03v2,2,agg_full,1.2,59,upsert,L0037,A_no_future_use,
b03v2,base,agg_full@rho1.2,rep2_base_agg_full@rho1.2_b03v2,2,agg_full,1.2,60,upsert,L0027,A_no_future_use,
b03v2,base,agg_full@rho1.2,rep2_base_agg_full@rho1.2_b03v2,2,agg_full,1.2,61,upsert,L0001,A_no_future_use,
b03v2,base,agg_full@rho1.2,rep2_base_agg_full@rho1.2_b03v2,2,agg_full,1.2,62,upsert,L0005,A_no_future_use,
b03v2,base,agg_full@rho1.2,rep2_base_agg_full@rho1.2_b03v2,2,agg_full,1.2,63,upsert,L0005,A_no_future_use,
b03v2,base,agg_full@rho1.2,rep2_base_agg_full@rho1.2_b03v2,2,agg_full,1.2,64,upsert,L0027,A_no_future_use,
b03v2,base,agg_full@rho1.2,rep2_base_agg_full@rho1.2_b03v2,2,agg_full,1.2,66,upsert,L0053,A_no_future_use,
b03v2,base,agg_full@rho1.2,rep2_base_agg_full@rho1.2_b03v2,2,agg_full,1.2,67,upsert,L0010,A_no_future_use,
b03v2,base,agg_full@rho1.2,rep2_base_agg_full@rho1.2_b03v2,2,agg_full,1.2,68,upsert,L0000,A_no_future_use,
b03v2,base,agg_full@rho1.2,rep2_base_agg_full@rho1.2_b03v2,2,agg_full,1.2,71,upsert,L0020,A_no_future_use,
b03v2,base,agg_full@rho1.2,rep2_base_agg_full@rho1.2_b03v2,2,agg_full,1.2,73,upsert,L0038,A_no_future_use,
b03v2,base,agg_full@rho1.2,rep2_base_agg_full@rho1.2_b03v2,2,agg_full,1.2,75,upsert,L0022,A_no_future_use,
b03v2,base,agg_full@rho1.2,rep2_base_agg_full@rho1.2_b03v2,2,agg_full,1.2,78,upsert,L0016,A_no_future_use,
b03v2,base,agg_full@rho1.2,rep2_base_agg_full@rho1.2_b03v2,2,agg_full,1.2,79,upsert,L0002,A_no_future_use,
b03v2,base,agg_full@rho1.2,rep2_base_agg_full@rho1.2_b03v2,2,agg_full,1.2,85,upsert,L0032,A_no_future_use,
b03v2,base,agg_full@rho1.2,rep2_base_agg_full@rho1.2_b03v2,2,agg_full,1.2,90,upsert,L0010,A_no_future_use,
b03v2,base,agg_full@rho1.2,rep2_base_agg_full@rho1.2_b03v2,2,agg_full,1.2,91,upsert,L0005,A_no_future_use,
b03v2,base,agg_static@rho0.8,rep2_base_agg_static@rho0.8_b03v2,2,agg_static,0.8,0,upsert,L0001,D_meaningful_value_flip,40.96
b03v2,base,agg_static@rho0.8,rep2_base_agg_static@rho0.8_b03v2,2,agg_static,0.8,1,upsert,L0013,B_no_decision_flip,0.0
b03v2,base,agg_static@rho0.8,rep2_base_agg_static@rho0.8_b03v2,2,agg_static,0.8,2,upsert,L0016,B_no_decision_flip,0.0
b03v2,base,agg_static@rho0.8,rep2_base_agg_static@rho0.8_b03v2,2,agg_static,0.8,3,upsert,L0004,B_no_decision_flip,0.0
b03v2,base,agg_static@rho0.8,rep2_base_agg_static@rho0.8_b03v2,2,agg_static,0.8,4,upsert,L0043,D_meaningful_value_flip,40.96
b03v2,base,agg_static@rho0.8,rep2_base_agg_static@rho0.8_b03v2,2,agg_static,0.8,5,upsert,L0004,B_no_decision_flip,10.24
b03v2,base,agg_static@rho0.8,rep2_base_agg_static@rho0.8_b03v2,2,agg_static,0.8,6,upsert,L0000,B_no_decision_flip,0.0
b03v2,base,agg_static@rho0.8,rep2_base_agg_static@rho0.8_b03v2,2,agg_static,0.8,7,upsert,L0006,A_no_future_use,
b03v2,base,agg_static@rho0.8,rep2_base_agg_static@rho0.8_b03v2,2,agg_static,0.8,8,upsert,L0006,A_no_future_use,
b03v2,base,agg_static@rho0.8,rep2_base_agg_static@rho0.8_b03v2,2,agg_static,0.8,9,upsert,L0002,B_no_decision_flip,0.0
b03v2,base,agg_static@rho0.8,rep2_base_agg_static@rho0.8_b03v2,2,agg_static,0.8,10,upsert,L0013,B_no_decision_flip,0.0
b03v2,base,agg_static@rho0.8,rep2_base_agg_static@rho0.8_b03v2,2,agg_static,0.8,11,upsert,L0005,B_no_decision_flip,0.0
b03v2,base,agg_static@rho0.8,rep2_base_agg_static@rho0.8_b03v2,2,agg_static,0.8,12,upsert,L0013,B_no_decision_flip,10.24
b03v2,base,agg_static@rho0.8,rep2_base_agg_static@rho0.8_b03v2,2,agg_static,0.8,13,upsert,L0010,B_no_decision_flip,0.0
b03v2,base,agg_static@rho0.8,rep2_base_agg_static@rho0.8_b03v2,2,agg_static,0.8,14,upsert,L0019,A_no_future_use,
b03v2,base,agg_static@rho0.8,rep2_base_agg_static@rho0.8_b03v2,2,agg_static,0.8,15,upsert,L0038,D_meaningful_value_flip,40.96
b03v2,base,agg_static@rho0.8,rep2_base_agg_static@rho0.8_b03v2,2,agg_static,0.8,16,upsert,L0000,B_no_decision_flip,0.0
b03v2,base,agg_static@rho0.8,rep2_base_agg_static@rho0.8_b03v2,2,agg_static,0.8,17,upsert,L0037,D_meaningful_value_flip,38.96
b03v2,base,agg_static@rho0.8,rep2_base_agg_static@rho0.8_b03v2,2,agg_static,0.8,18,upsert,L0019,A_no_future_use,
b03v2,base,agg_static@rho0.8,rep2_base_agg_static@rho0.8_b03v2,2,agg_static,0.8,19,upsert,L0017,A_no_future_use,
b03v2,base,agg_static@rho0.8,rep2_base_agg_static@rho0.8_b03v2,2,agg_static,0.8,20,upsert,L0053,D_meaningful_value_flip,40.96
b03v2,base,agg_static@rho0.8,rep2_base_agg_static@rho0.8_b03v2,2,agg_static,0.8,21,upsert,L0004,B_no_decision_flip,0.0
b03v2,base,agg_static@rho0.8,rep2_base_agg_static@rho0.8_b03v2,2,agg_static,0.8,22,upsert,L0000,B_no_decision_flip,0.0
b03v2,base,agg_static@rho0.8,rep2_base_agg_static@rho0.8_b03v2,2,agg_static,0.8,23,upsert,L0024,D_meaningful_value_flip,40.96
b03v2,base,agg_static@rho0.8,rep2_base_agg_static@rho0.8_b03v2,2,agg_static,0.8,24,upsert,L0021,A_no_future_use,
b03v2,base,agg_static@rho0.8,rep2_base_agg_static@rho0.8_b03v2,2,agg_static,0.8,25,upsert,L0028,A_no_future_use,
b03v2,base,agg_static@rho0.8,rep2_base_agg_static@rho0.8_b03v2,2,agg_static,0.8,27,upsert,L0000,B_no_decision_flip,0.0
b03v2,base,agg_static@rho0.8,rep2_base_agg_static@rho0.8_b03v2,2,agg_static,0.8,28,upsert,L0005,B_no_decision_flip,0.0
b03v2,base,agg_static@rho0.8,rep2_base_agg_static@rho0.8_b03v2,2,agg_static,0.8,29,upsert,L0000,B_no_decision_flip,10.24
b03v2,base,agg_static@rho0.8,rep2_base_agg_static@rho0.8_b03v2,2,agg_static,0.8,30,upsert,L0011,A_no_future_use,
b03v2,base,agg_static@rho0.8,rep2_base_agg_static@rho0.8_b03v2,2,agg_static,0.8,31,upsert,L0020,D_meaningful_value_flip,38.96
b03v2,base,agg_static@rho0.8,rep2_base_agg_static@rho0.8_b03v2,2,agg_static,0.8,32,upsert,L0056,A_no_future_use,
b03v2,base,agg_static@rho0.8,rep2_base_agg_static@rho0.8_b03v2,2,agg_static,0.8,33,upsert,L0034,A_no_future_use,
b03v2,base,agg_static@rho0.8,rep2_base_agg_static@rho0.8_b03v2,2,agg_static,0.8,34,upsert,L0004,B_no_decision_flip,-20.48
b03v2,base,agg_static@rho0.8,rep2_base_agg_static@rho0.8_b03v2,2,agg_static,0.8,35,upsert,L0013,B_no_decision_flip,-20.48
b03v2,base,agg_static@rho0.8,rep2_base_agg_static@rho0.8_b03v2,2,agg_static,0.8,36,upsert,L0041,B_no_decision_flip,0.0
b03v2,base,agg_static@rho0.8,rep2_base_agg_static@rho0.8_b03v2,2,agg_static,0.8,37,upsert,L0041,D_meaningful_value_flip,8.24
b03v2,base,agg_static@rho0.8,rep2_base_agg_static@rho0.8_b03v2,2,agg_static,0.8,38,upsert,L0007,A_no_future_use,
b03v2,base,agg_static@rho0.8,rep2_base_agg_static@rho0.8_b03v2,2,agg_static,0.8,39,upsert,L0002,B_no_decision_flip,10.24
b03v2,base,agg_static@rho0.8,rep2_base_agg_static@rho0.8_b03v2,2,agg_static,0.8,40,upsert,L0029,D_meaningful_value_flip,38.96
b03v2,base,agg_static@rho0.8,rep2_base_agg_static@rho0.8_b03v2,2,agg_static,0.8,41,upsert,L0000,A_no_future_use,
b03v2,base,agg_static@rho0.8,rep2_base_agg_static@rho0.8_b03v2,2,agg_static,0.8,42,upsert,L0040,A_no_future_use,
b03v2,base,agg_static@rho0.8,rep2_base_agg_static@rho0.8_b03v2,2,agg_static,0.8,43,upsert,L0033,A_no_future_use,
b03v2,base,agg_static@rho0.8,rep2_base_agg_static@rho0.8_b03v2,2,agg_static,0.8,44,upsert,L0012,D_meaningful_value_flip,40.96
b03v2,base,agg_static@rho0.8,rep2_base_agg_static@rho0.8_b03v2,2,agg_static,0.8,45,upsert,L0028,A_no_future_use,
b03v2,base,agg_static@rho0.8,rep2_base_agg_static@rho0.8_b03v2,2,agg_static,0.8,46,upsert,L0038,B_no_decision_flip,10.24
b03v2,base,agg_static@rho0.8,rep2_base_agg_static@rho0.8_b03v2,2,agg_static,0.8,47,upsert,L0056,A_no_future_use,
b03v2,base,agg_static@rho0.8,rep2_base_agg_static@rho0.8_b03v2,2,agg_static,0.8,48,upsert,L0062,A_no_future_use,
b03v2,base,agg_static@rho0.8,rep2_base_agg_static@rho0.8_b03v2,2,agg_static,0.8,49,upsert,L0005,B_no_decision_flip,10.24
b03v2,base,agg_static@rho0.8,rep2_base_agg_static@rho0.8_b03v2,2,agg_static,0.8,50,upsert,L0042,A_no_future_use,
b03v2,base,agg_static@rho0.8,rep2_base_agg_static@rho0.8_b03v2,2,agg_static,0.8,51,upsert,L0014,A_no_future_use,
b03v2,base,agg_static@rho0.8,rep2_base_agg_static@rho0.8_b03v2,2,agg_static,0.8,52,upsert,L0053,A_no_future_use,
b03v2,base,agg_static@rho0.8,rep2_base_agg_static@rho0.8_b03v2,2,agg_static,0.8,53,upsert,L0011,A_no_future_use,
b03v2,base,agg_static@rho0.8,rep2_base_agg_static@rho0.8_b03v2,2,agg_static,0.8,54,upsert,L0055,A_no_future_use,
b03v2,base,agg_static@rho0.8,rep2_base_agg_static@rho0.8_b03v2,2,agg_static,0.8,55,upsert,L0037,A_no_future_use,
b03v2,base,agg_static@rho0.8,rep2_base_agg_static@rho0.8_b03v2,2,agg_static,0.8,56,upsert,L0022,A_no_future_use,
b03v2,base,agg_static@rho0.8,rep2_base_agg_static@rho0.8_b03v2,2,agg_static,0.8,57,upsert,L0015,A_no_future_use,
b03v2,base,agg_static@rho0.8,rep2_base_agg_static@rho0.8_b03v2,2,agg_static,0.8,58,upsert,L0004,A_no_future_use,
b03v2,base,agg_static@rho0.8,rep2_base_agg_static@rho0.8_b03v2,2,agg_static,0.8,59,upsert,L0037,A_no_future_use,
b03v2,base,agg_static@rho0.8,rep2_base_agg_static@rho0.8_b03v2,2,agg_static,0.8,60,upsert,L0027,A_no_future_use,
b03v2,base,agg_static@rho0.8,rep2_base_agg_static@rho0.8_b03v2,2,agg_static,0.8,61,upsert,L0001,A_no_future_use,
b03v2,base,agg_static@rho0.8,rep2_base_agg_static@rho0.8_b03v2,2,agg_static,0.8,62,upsert,L0005,A_no_future_use,
b03v2,base,agg_static@rho0.8,rep2_base_agg_static@rho0.8_b03v2,2,agg_static,0.8,63,upsert,L0005,A_no_future_use,
b03v2,base,agg_static@rho0.8,rep2_base_agg_static@rho0.8_b03v2,2,agg_static,0.8,64,upsert,L0027,A_no_future_use,
b03v2,base,agg_static@rho0.8,rep2_base_agg_static@rho0.8_b03v2,2,agg_static,0.8,65,upsert,L0000,A_no_future_use,
b03v2,base,agg_static@rho0.8,rep2_base_agg_static@rho0.8_b03v2,2,agg_static,0.8,66,upsert,L0053,A_no_future_use,
b03v2,base,agg_static@rho0.8,rep2_base_agg_static@rho0.8_b03v2,2,agg_static,0.8,67,upsert,L0010,A_no_future_use,
b03v2,base,agg_static@rho0.8,rep2_base_agg_static@rho0.8_b03v2,2,agg_static,0.8,68,upsert,L0000,A_no_future_use,
b03v2,base,agg_static@rho0.8,rep2_base_agg_static@rho0.8_b03v2,2,agg_static,0.8,69,upsert,L0030,A_no_future_use,
b03v2,base,agg_static@rho0.8,rep2_base_agg_static@rho0.8_b03v2,2,agg_static,0.8,70,upsert,L0032,A_no_future_use,
b03v2,base,agg_static@rho0.8,rep2_base_agg_static@rho0.8_b03v2,2,agg_static,0.8,71,upsert,L0020,A_no_future_use,
b03v2,base,agg_static@rho0.8,rep2_base_agg_static@rho0.8_b03v2,2,agg_static,0.8,72,upsert,L0035,A_no_future_use,
b03v2,base,agg_static@rho0.8,rep2_base_agg_static@rho0.8_b03v2,2,agg_static,0.8,73,upsert,L0038,A_no_future_use,
b03v2,base,agg_static@rho0.8,rep2_base_agg_static@rho0.8_b03v2,2,agg_static,0.8,74,upsert,L0049,A_no_future_use,
b03v2,base,agg_static@rho0.8,rep2_base_agg_static@rho0.8_b03v2,2,agg_static,0.8,75,upsert,L0022,A_no_future_use,
b03v2,base,agg_static@rho0.8,rep2_base_agg_static@rho0.8_b03v2,2,agg_static,0.8,76,upsert,L0008,A_no_future_use,
b03v2,base,agg_static@rho0.8,rep2_base_agg_static@rho0.8_b03v2,2,agg_static,0.8,77,upsert,L0041,A_no_future_use,
b03v2,base,agg_static@rho0.8,rep2_base_agg_static@rho0.8_b03v2,2,agg_static,0.8,78,upsert,L0016,A_no_future_use,
b03v2,base,agg_static@rho0.8,rep2_base_agg_static@rho0.8_b03v2,2,agg_static,0.8,79,upsert,L0002,A_no_future_use,
b03v2,base,agg_static@rho0.8,rep2_base_agg_static@rho0.8_b03v2,2,agg_static,0.8,80,upsert,L0025,A_no_future_use,
b03v2,base,agg_static@rho0.8,rep2_base_agg_static@rho0.8_b03v2,2,agg_static,0.8,81,upsert,L0002,A_no_future_use,
b03v2,base,agg_static@rho0.8,rep2_base_agg_static@rho0.8_b03v2,2,agg_static,0.8,82,upsert,L0013,A_no_future_use,
b03v2,base,agg_static@rho0.8,rep2_base_agg_static@rho0.8_b03v2,2,agg_static,0.8,83,upsert,L0024,A_no_future_use,
b03v2,base,agg_static@rho0.8,rep2_base_agg_static@rho0.8_b03v2,2,agg_static,0.8,84,upsert,L0032,A_no_future_use,
b03v2,base,agg_static@rho0.8,rep2_base_agg_static@rho0.8_b03v2,2,agg_static,0.8,86,upsert,L0043,A_no_future_use,
b03v2,base,agg_static@rho0.8,rep2_base_agg_static@rho0.8_b03v2,2,agg_static,0.8,87,upsert,L0002,A_no_future_use,
b03v2,base,agg_static@rho0.8,rep2_base_agg_static@rho0.8_b03v2,2,agg_static,0.8,88,upsert,L0012,A_no_future_use,
b03v2,base,agg_static@rho0.8,rep2_base_agg_static@rho0.8_b03v2,2,agg_static,0.8,89,upsert,L0026,A_no_future_use,
b03v2,base,agg_static@rho0.8,rep2_base_agg_static@rho0.8_b03v2,2,agg_static,0.8,90,upsert,L0010,A_no_future_use,
b03v2,base,agg_static@rho0.8,rep2_base_agg_static@rho0.8_b03v2,2,agg_static,0.8,91,upsert,L0005,A_no_future_use,
b03v2,base,agg_static@rho0.8,rep2_base_agg_static@rho0.8_b03v2,2,agg_static,0.8,92,upsert,L0022,A_no_future_use,
b03v2,base,agg_static@rho0.8,rep2_base_agg_static@rho0.8_b03v2,2,agg_static,0.8,93,upsert,L0026,A_no_future_use,
b03v2,base,agg_static@rho0.8,rep2_base_agg_static@rho0.8_b03v2,2,agg_static,0.8,94,upsert,L0045,A_no_future_use,
b03v2,base,agg_static@rho0.8,rep2_base_agg_static@rho0.8_b03v2,2,agg_static,0.8,95,upsert,L0029,A_no_future_use,
b03v2,base,agg_static@rho0.8,rep2_base_agg_static@rho0.8_b03v2,2,agg_static,0.8,96,upsert,L0071,D_meaningful_value_flip,40.96
b03v2,base,agg_static@rho0.8,rep2_base_agg_static@rho0.8_b03v2,2,agg_static,0.8,97,upsert,L0116,B_no_decision_flip,0.0
b03v2,base,agg_static@rho0.8,rep2_base_agg_static@rho0.8_b03v2,2,agg_static,0.8,98,upsert,L0064,B_no_decision_flip,0.0
b03v2,base,agg_static@rho0.8,rep2_base_agg_static@rho0.8_b03v2,2,agg_static,0.8,99,upsert,L0120,A_no_future_use,
b03v2,base,agg_static@rho0.8,rep2_base_agg_static@rho0.8_b03v2,2,agg_static,0.8,100,upsert,L0085,D_meaningful_value_flip,40.96
b03v2,base,agg_static@rho0.8,rep2_base_agg_static@rho0.8_b03v2,2,agg_static,0.8,101,upsert,L0066,B_no_decision_flip,0.0
b03v2,base,agg_static@rho0.8,rep2_base_agg_static@rho0.8_b03v2,2,agg_static,0.8,102,upsert,L0104,D_meaningful_value_flip,40.96
b03v2,base,agg_static@rho0.8,rep2_base_agg_static@rho0.8_b03v2,2,agg_static,0.8,103,upsert,L0064,D_meaningful_value_flip,10.24
b03v2,base,agg_static@rho0.8,rep2_base_agg_static@rho0.8_b03v2,2,agg_static,0.8,104,upsert,L0081,A_no_future_use,
b03v2,base,agg_static@rho0.8,rep2_base_agg_static@rho0.8_b03v2,2,agg_static,0.8,105,upsert,L0116,D_meaningful_value_flip,8.24
b03v2,base,agg_static@rho0.8,rep2_base_agg_static@rho0.8_b03v2,2,agg_static,0.8,106,upsert,L0078,A_no_future_use,
b03v2,base,agg_static@rho0.8,rep2_base_agg_static@rho0.8_b03v2,2,agg_static,0.8,107,upsert,L0106,A_no_future_use,
b03v2,base,agg_static@rho0.8,rep2_base_agg_static@rho0.8_b03v2,2,agg_static,0.8,108,upsert,L0072,D_meaningful_value_flip,38.96
b03v2,base,agg_static@rho0.8,rep2_base_agg_static@rho0.8_b03v2,2,agg_static,0.8,109,upsert,L0108,A_no_future_use,
b03v2,base,agg_static@rho0.8,rep2_base_agg_static@rho0.8_b03v2,2,agg_static,0.8,110,upsert,L0066,B_no_decision_flip,0.0
b03v2,base,agg_static@rho0.8,rep2_base_agg_static@rho0.8_b03v2,2,agg_static,0.8,111,upsert,L0112,A_no_future_use,
b03v2,base,agg_static@rho0.8,rep2_base_agg_static@rho0.8_b03v2,2,agg_static,0.8,112,upsert,L0089,A_no_future_use,
b03v2,base,agg_static@rho0.8,rep2_base_agg_static@rho0.8_b03v2,2,agg_static,0.8,113,upsert,L0079,A_no_future_use,
b03v2,base,agg_static@rho0.8,rep2_base_agg_static@rho0.8_b03v2,2,agg_static,0.8,114,upsert,L0068,B_no_decision_flip,0.0
b03v2,base,agg_static@rho0.8,rep2_base_agg_static@rho0.8_b03v2,2,agg_static,0.8,115,upsert,L0065,A_no_future_use,
b03v2,base,agg_static@rho0.8,rep2_base_agg_static@rho0.8_b03v2,2,agg_static,0.8,116,upsert,L0094,A_no_future_use,
b03v2,base,agg_static@rho0.8,rep2_base_agg_static@rho0.8_b03v2,2,agg_static,0.8,117,upsert,L0089,A_no_future_use,
b03v2,base,agg_static@rho0.8,rep2_base_agg_static@rho0.8_b03v2,2,agg_static,0.8,118,upsert,L0068,D_meaningful_value_flip,12.24
b03v2,base,agg_static@rho0.8,rep2_base_agg_static@rho0.8_b03v2,2,agg_static,0.8,119,upsert,L0107,A_no_future_use,
b03v2,base,agg_static@rho0.8,rep2_base_agg_static@rho0.8_b03v2,2,agg_static,0.8,120,upsert,L0121,B_no_decision_flip,0.0
b03v2,base,agg_static@rho0.8,rep2_base_agg_static@rho0.8_b03v2,2,agg_static,0.8,121,upsert,L0065,A_no_future_use,
b03v2,base,agg_static@rho0.8,rep2_base_agg_static@rho0.8_b03v2,2,agg_static,0.8,122,upsert,L0066,B_no_decision_flip,10.24
b03v2,base,agg_static@rho0.8,rep2_base_agg_static@rho0.8_b03v2,2,agg_static,0.8,123,upsert,L0079,A_no_future_use,
b03v2,base,agg_static@rho0.8,rep2_base_agg_static@rho0.8_b03v2,2,agg_static,0.8,126,upsert,L0066,B_no_decision_flip,0.0
b03v2,base,agg_static@rho0.8,rep2_base_agg_static@rho0.8_b03v2,2,agg_static,0.8,127,upsert,L0078,A_no_future_use,
b03v2,base,agg_static@rho0.8,rep2_base_agg_static@rho0.8_b03v2,2,agg_static,0.8,129,upsert,L0102,A_no_future_use,
b03v2,base,agg_static@rho0.8,rep2_base_agg_static@rho0.8_b03v2,2,agg_static,0.8,130,upsert,L0093,A_no_future_use,
b03v2,base,agg_static@rho0.8,rep2_base_agg_static@rho0.8_b03v2,2,agg_static,0.8,131,upsert,L0093,A_no_future_use,
b03v2,base,agg_static@rho0.8,rep2_base_agg_static@rho0.8_b03v2,2,agg_static,0.8,133,upsert,L0068,A_no_future_use,
b03v2,base,agg_static@rho0.8,rep2_base_agg_static@rho0.8_b03v2,2,agg_static,0.8,134,upsert,L0064,A_no_future_use,
b03v2,base,agg_static@rho0.8,rep2_base_agg_static@rho0.8_b03v2,2,agg_static,0.8,135,upsert,L0096,A_no_future_use,
b03v2,base,agg_static@rho0.8,rep2_base_agg_static@rho0.8_b03v2,2,agg_static,0.8,136,upsert,L0087,A_no_future_use,
b03v2,base,agg_static@rho0.8,rep2_base_agg_static@rho0.8_b03v2,2,agg_static,0.8,137,upsert,L0080,A_no_future_use,
b03v2,base,agg_static@rho0.8,rep2_base_agg_static@rho0.8_b03v2,2,agg_static,0.8,138,upsert,L0071,A_no_future_use,
b03v2,base,agg_static@rho0.8,rep2_base_agg_static@rho0.8_b03v2,2,agg_static,0.8,139,upsert,L0073,A_no_future_use,
b03v2,base,agg_static@rho0.8,rep2_base_agg_static@rho0.8_b03v2,2,agg_static,0.8,140,upsert,L0112,A_no_future_use,
b03v2,base,agg_static@rho0.8,rep2_base_agg_static@rho0.8_b03v2,2,agg_static,0.8,141,upsert,L0069,A_no_future_use,
b03v2,base,agg_static@rho0.8,rep2_base_agg_static@rho0.8_b03v2,2,agg_static,0.8,142,upsert,L0113,A_no_future_use,
b03v2,base,exact_fifo@rho0.5,rep2_base_exact_fifo@rho0.5_b03v2,2,exact_fifo,0.5,0,upsert,L0001,D_meaningful_value_flip,40.96
b03v2,base,exact_fifo@rho0.5,rep2_base_exact_fifo@rho0.5_b03v2,2,exact_fifo,0.5,1,upsert,L0013,B_no_decision_flip,0.0
b03v2,base,exact_fifo@rho0.5,rep2_base_exact_fifo@rho0.5_b03v2,2,exact_fifo,0.5,2,upsert,L0016,D_meaningful_value_flip,40.96
b03v2,base,exact_fifo@rho0.5,rep2_base_exact_fifo@rho0.5_b03v2,2,exact_fifo,0.5,3,upsert,L0004,B_no_decision_flip,0.0
b03v2,base,exact_fifo@rho0.5,rep2_base_exact_fifo@rho0.5_b03v2,2,exact_fifo,0.5,4,upsert,L0043,D_meaningful_value_flip,36.96
b03v2,base,exact_fifo@rho0.5,rep2_base_exact_fifo@rho0.5_b03v2,2,exact_fifo,0.5,5,upsert,L0004,B_no_decision_flip,0.0
b03v2,base,exact_fifo@rho0.5,rep2_base_exact_fifo@rho0.5_b03v2,2,exact_fifo,0.5,6,upsert,L0000,B_no_decision_flip,0.0
b03v2,base,exact_fifo@rho0.5,rep2_base_exact_fifo@rho0.5_b03v2,2,exact_fifo,0.5,7,upsert,L0006,A_no_future_use,
b03v2,base,exact_fifo@rho0.5,rep2_base_exact_fifo@rho0.5_b03v2,2,exact_fifo,0.5,8,upsert,L0006,A_no_future_use,
b03v2,base,exact_fifo@rho0.5,rep2_base_exact_fifo@rho0.5_b03v2,2,exact_fifo,0.5,9,upsert,L0002,B_no_decision_flip,0.0
b03v2,base,exact_fifo@rho0.5,rep2_base_exact_fifo@rho0.5_b03v2,2,exact_fifo,0.5,10,upsert,L0013,B_no_decision_flip,0.0
b03v2,base,exact_fifo@rho0.5,rep2_base_exact_fifo@rho0.5_b03v2,2,exact_fifo,0.5,11,upsert,L0005,D_meaningful_value_flip,38.96
b03v2,base,exact_fifo@rho0.5,rep2_base_exact_fifo@rho0.5_b03v2,2,exact_fifo,0.5,12,upsert,L0013,D_meaningful_value_flip,10.24
b03v2,base,exact_fifo@rho0.5,rep2_base_exact_fifo@rho0.5_b03v2,2,exact_fifo,0.5,13,upsert,L0010,D_meaningful_value_flip,36.96
b03v2,base,exact_fifo@rho0.5,rep2_base_exact_fifo@rho0.5_b03v2,2,exact_fifo,0.5,14,upsert,L0019,A_no_future_use,
b03v2,base,exact_fifo@rho0.5,rep2_base_exact_fifo@rho0.5_b03v2,2,exact_fifo,0.5,15,upsert,L0038,D_meaningful_value_flip,38.96
b03v2,base,exact_fifo@rho0.5,rep2_base_exact_fifo@rho0.5_b03v2,2,exact_fifo,0.5,16,upsert,L0000,B_no_decision_flip,0.0
b03v2,base,exact_fifo@rho0.5,rep2_base_exact_fifo@rho0.5_b03v2,2,exact_fifo,0.5,17,upsert,L0037,D_meaningful_value_flip,38.96
b03v2,base,exact_fifo@rho0.5,rep2_base_exact_fifo@rho0.5_b03v2,2,exact_fifo,0.5,18,upsert,L0019,A_no_future_use,
b03v2,base,exact_fifo@rho0.5,rep2_base_exact_fifo@rho0.5_b03v2,2,exact_fifo,0.5,19,upsert,L0017,A_no_future_use,
b03v2,base,exact_fifo@rho0.5,rep2_base_exact_fifo@rho0.5_b03v2,2,exact_fifo,0.5,20,upsert,L0053,D_meaningful_value_flip,40.96
b03v2,base,exact_fifo@rho0.5,rep2_base_exact_fifo@rho0.5_b03v2,2,exact_fifo,0.5,21,upsert,L0004,D_meaningful_value_flip,8.24
b03v2,base,exact_fifo@rho0.5,rep2_base_exact_fifo@rho0.5_b03v2,2,exact_fifo,0.5,22,upsert,L0000,D_meaningful_value_flip,8.24
b03v2,base,exact_fifo@rho0.5,rep2_base_exact_fifo@rho0.5_b03v2,2,exact_fifo,0.5,23,upsert,L0024,D_meaningful_value_flip,36.96
b03v2,base,exact_fifo@rho0.5,rep2_base_exact_fifo@rho0.5_b03v2,2,exact_fifo,0.5,24,upsert,L0021,A_no_future_use,
b03v2,base,exact_fifo@rho0.5,rep2_base_exact_fifo@rho0.5_b03v2,2,exact_fifo,0.5,25,upsert,L0028,A_no_future_use,
b03v2,base,exact_fifo@rho0.5,rep2_base_exact_fifo@rho0.5_b03v2,2,exact_fifo,0.5,26,upsert,L0019,A_no_future_use,
b03v2,base,exact_fifo@rho0.5,rep2_base_exact_fifo@rho0.5_b03v2,2,exact_fifo,0.5,27,upsert,L0000,B_no_decision_flip,0.0
b03v2,base,exact_fifo@rho0.5,rep2_base_exact_fifo@rho0.5_b03v2,2,exact_fifo,0.5,28,upsert,L0005,B_no_decision_flip,0.0
b03v2,base,exact_fifo@rho0.5,rep2_base_exact_fifo@rho0.5_b03v2,2,exact_fifo,0.5,29,upsert,L0000,B_no_decision_flip,0.0
b03v2,base,exact_fifo@rho0.5,rep2_base_exact_fifo@rho0.5_b03v2,2,exact_fifo,0.5,30,upsert,L0011,A_no_future_use,
b03v2,base,exact_fifo@rho0.5,rep2_base_exact_fifo@rho0.5_b03v2,2,exact_fifo,0.5,31,upsert,L0020,D_meaningful_value_flip,38.96
b03v2,base,exact_fifo@rho0.5,rep2_base_exact_fifo@rho0.5_b03v2,2,exact_fifo,0.5,32,upsert,L0056,A_no_future_use,
b03v2,base,exact_fifo@rho0.5,rep2_base_exact_fifo@rho0.5_b03v2,2,exact_fifo,0.5,33,upsert,L0034,A_no_future_use,
b03v2,base,exact_fifo@rho0.5,rep2_base_exact_fifo@rho0.5_b03v2,2,exact_fifo,0.5,34,upsert,L0004,A_no_future_use,
b03v2,base,exact_fifo@rho0.5,rep2_base_exact_fifo@rho0.5_b03v2,2,exact_fifo,0.5,35,upsert,L0013,B_no_decision_flip,0.0
b03v2,base,exact_fifo@rho0.5,rep2_base_exact_fifo@rho0.5_b03v2,2,exact_fifo,0.5,36,upsert,L0041,B_no_decision_flip,0.0
b03v2,base,exact_fifo@rho0.5,rep2_base_exact_fifo@rho0.5_b03v2,2,exact_fifo,0.5,37,upsert,L0041,D_meaningful_value_flip,12.24
b03v2,base,exact_fifo@rho0.5,rep2_base_exact_fifo@rho0.5_b03v2,2,exact_fifo,0.5,38,upsert,L0007,A_no_future_use,
b03v2,base,exact_fifo@rho0.5,rep2_base_exact_fifo@rho0.5_b03v2,2,exact_fifo,0.5,39,upsert,L0002,C_low_value_flip,2.0
b03v2,base,exact_fifo@rho0.5,rep2_base_exact_fifo@rho0.5_b03v2,2,exact_fifo,0.5,40,upsert,L0029,D_meaningful_value_flip,38.96
b03v2,base,exact_fifo@rho0.5,rep2_base_exact_fifo@rho0.5_b03v2,2,exact_fifo,0.5,41,upsert,L0000,A_no_future_use,
b03v2,base,exact_fifo@rho0.5,rep2_base_exact_fifo@rho0.5_b03v2,2,exact_fifo,0.5,42,upsert,L0040,A_no_future_use,
b03v2,base,exact_fifo@rho0.5,rep2_base_exact_fifo@rho0.5_b03v2,2,exact_fifo,0.5,43,upsert,L0033,A_no_future_use,
b03v2,base,exact_fifo@rho0.5,rep2_base_exact_fifo@rho0.5_b03v2,2,exact_fifo,0.5,44,upsert,L0012,D_meaningful_value_flip,40.96
b03v2,base,exact_fifo@rho0.5,rep2_base_exact_fifo@rho0.5_b03v2,2,exact_fifo,0.5,45,upsert,L0028,A_no_future_use,
b03v2,base,exact_fifo@rho0.5,rep2_base_exact_fifo@rho0.5_b03v2,2,exact_fifo,0.5,46,upsert,L0038,A_no_future_use,
b03v2,base,exact_fifo@rho0.5,rep2_base_exact_fifo@rho0.5_b03v2,2,exact_fifo,0.5,47,upsert,L0056,A_no_future_use,
b03v2,base,exact_fifo@rho0.5,rep2_base_exact_fifo@rho0.5_b03v2,2,exact_fifo,0.5,48,upsert,L0062,A_no_future_use,
b03v2,base,exact_fifo@rho0.5,rep2_base_exact_fifo@rho0.5_b03v2,2,exact_fifo,0.5,49,upsert,L0005,D_meaningful_value_flip,6.24
b03v2,base,exact_fifo@rho0.5,rep2_base_exact_fifo@rho0.5_b03v2,2,exact_fifo,0.5,50,upsert,L0042,A_no_future_use,
b03v2,base,exact_fifo@rho0.5,rep2_base_exact_fifo@rho0.5_b03v2,2,exact_fifo,0.5,51,upsert,L0014,A_no_future_use,
b03v2,base,exact_fifo@rho0.5,rep2_base_exact_fifo@rho0.5_b03v2,2,exact_fifo,0.5,52,upsert,L0053,A_no_future_use,
b03v2,base,exact_fifo@rho0.5,rep2_base_exact_fifo@rho0.5_b03v2,2,exact_fifo,0.5,53,upsert,L0011,A_no_future_use,
b03v2,base,exact_fifo@rho0.5,rep2_base_exact_fifo@rho0.5_b03v2,2,exact_fifo,0.5,54,upsert,L0055,A_no_future_use,
b03v2,base,exact_fifo@rho0.5,rep2_base_exact_fifo@rho0.5_b03v2,2,exact_fifo,0.5,55,upsert,L0037,A_no_future_use,
b03v2,base,exact_fifo@rho0.5,rep2_base_exact_fifo@rho0.5_b03v2,2,exact_fifo,0.5,56,upsert,L0022,B_no_decision_flip,0.0
b03v2,base,exact_fifo@rho0.5,rep2_base_exact_fifo@rho0.5_b03v2,2,exact_fifo,0.5,57,upsert,L0015,A_no_future_use,
b03v2,base,exact_fifo@rho0.5,rep2_base_exact_fifo@rho0.5_b03v2,2,exact_fifo,0.5,58,upsert,L0004,A_no_future_use,
b03v2,base,exact_fifo@rho0.5,rep2_base_exact_fifo@rho0.5_b03v2,2,exact_fifo,0.5,59,upsert,L0037,A_no_future_use,
b03v2,base,exact_fifo@rho0.5,rep2_base_exact_fifo@rho0.5_b03v2,2,exact_fifo,0.5,60,upsert,L0027,A_no_future_use,
b03v2,base,exact_fifo@rho0.5,rep2_base_exact_fifo@rho0.5_b03v2,2,exact_fifo,0.5,61,upsert,L0001,A_no_future_use,
b03v2,base,exact_fifo@rho0.5,rep2_base_exact_fifo@rho0.5_b03v2,2,exact_fifo,0.5,62,upsert,L0005,B_no_decision_flip,0.0
b03v2,base,exact_fifo@rho0.5,rep2_base_exact_fifo@rho0.5_b03v2,2,exact_fifo,0.5,63,upsert,L0005,B_no_decision_flip,0.0
b03v2,base,exact_fifo@rho0.5,rep2_base_exact_fifo@rho0.5_b03v2,2,exact_fifo,0.5,64,upsert,L0027,A_no_future_use,
b03v2,base,exact_fifo@rho0.5,rep2_base_exact_fifo@rho0.5_b03v2,2,exact_fifo,0.5,65,upsert,L0000,A_no_future_use,
b03v2,base,exact_fifo@rho0.5,rep2_base_exact_fifo@rho0.5_b03v2,2,exact_fifo,0.5,66,upsert,L0053,A_no_future_use,
b03v2,base,exact_fifo@rho0.5,rep2_base_exact_fifo@rho0.5_b03v2,2,exact_fifo,0.5,67,upsert,L0010,B_no_decision_flip,10.24
b03v2,base,exact_fifo@rho0.5,rep2_base_exact_fifo@rho0.5_b03v2,2,exact_fifo,0.5,68,upsert,L0000,A_no_future_use,
b03v2,base,exact_fifo@rho0.5,rep2_base_exact_fifo@rho0.5_b03v2,2,exact_fifo,0.5,69,upsert,L0030,A_no_future_use,
b03v2,base,exact_fifo@rho0.5,rep2_base_exact_fifo@rho0.5_b03v2,2,exact_fifo,0.5,70,upsert,L0032,D_meaningful_value_flip,40.96
b03v2,base,exact_fifo@rho0.5,rep2_base_exact_fifo@rho0.5_b03v2,2,exact_fifo,0.5,71,upsert,L0020,A_no_future_use,
b03v2,base,exact_fifo@rho0.5,rep2_base_exact_fifo@rho0.5_b03v2,2,exact_fifo,0.5,72,upsert,L0035,A_no_future_use,
b03v2,base,exact_fifo@rho0.5,rep2_base_exact_fifo@rho0.5_b03v2,2,exact_fifo,0.5,73,upsert,L0038,A_no_future_use,
b03v2,base,exact_fifo@rho0.5,rep2_base_exact_fifo@rho0.5_b03v2,2,exact_fifo,0.5,74,upsert,L0049,A_no_future_use,
b03v2,base,exact_fifo@rho0.5,rep2_base_exact_fifo@rho0.5_b03v2,2,exact_fifo,0.5,75,upsert,L0022,B_no_decision_flip,0.0
b03v2,base,exact_fifo@rho0.5,rep2_base_exact_fifo@rho0.5_b03v2,2,exact_fifo,0.5,76,upsert,L0008,A_no_future_use,
b03v2,base,exact_fifo@rho0.5,rep2_base_exact_fifo@rho0.5_b03v2,2,exact_fifo,0.5,77,upsert,L0041,A_no_future_use,
b03v2,base,exact_fifo@rho0.5,rep2_base_exact_fifo@rho0.5_b03v2,2,exact_fifo,0.5,78,upsert,L0016,A_no_future_use,
b03v2,base,exact_fifo@rho0.5,rep2_base_exact_fifo@rho0.5_b03v2,2,exact_fifo,0.5,79,upsert,L0002,A_no_future_use,
b03v2,base,exact_fifo@rho0.5,rep2_base_exact_fifo@rho0.5_b03v2,2,exact_fifo,0.5,80,upsert,L0025,A_no_future_use,
b03v2,base,exact_fifo@rho0.5,rep2_base_exact_fifo@rho0.5_b03v2,2,exact_fifo,0.5,81,upsert,L0002,A_no_future_use,
b03v2,base,exact_fifo@rho0.5,rep2_base_exact_fifo@rho0.5_b03v2,2,exact_fifo,0.5,82,upsert,L0013,A_no_future_use,
b03v2,base,exact_fifo@rho0.5,rep2_base_exact_fifo@rho0.5_b03v2,2,exact_fifo,0.5,83,upsert,L0024,A_no_future_use,
b03v2,base,exact_fifo@rho0.5,rep2_base_exact_fifo@rho0.5_b03v2,2,exact_fifo,0.5,84,upsert,L0032,A_no_future_use,
b03v2,base,exact_fifo@rho0.5,rep2_base_exact_fifo@rho0.5_b03v2,2,exact_fifo,0.5,85,upsert,L0032,A_no_future_use,
b03v2,base,exact_fifo@rho0.5,rep2_base_exact_fifo@rho0.5_b03v2,2,exact_fifo,0.5,86,upsert,L0043,A_no_future_use,
b03v2,base,exact_fifo@rho0.5,rep2_base_exact_fifo@rho0.5_b03v2,2,exact_fifo,0.5,87,upsert,L0002,A_no_future_use,
b03v2,base,exact_fifo@rho0.5,rep2_base_exact_fifo@rho0.5_b03v2,2,exact_fifo,0.5,88,upsert,L0012,A_no_future_use,
b03v2,base,exact_fifo@rho0.5,rep2_base_exact_fifo@rho0.5_b03v2,2,exact_fifo,0.5,89,upsert,L0026,A_no_future_use,
b03v2,base,exact_fifo@rho0.5,rep2_base_exact_fifo@rho0.5_b03v2,2,exact_fifo,0.5,90,upsert,L0010,A_no_future_use,
b03v2,base,exact_fifo@rho0.5,rep2_base_exact_fifo@rho0.5_b03v2,2,exact_fifo,0.5,91,upsert,L0005,A_no_future_use,
b03v2,base,exact_fifo@rho0.5,rep2_base_exact_fifo@rho0.5_b03v2,2,exact_fifo,0.5,92,upsert,L0022,A_no_future_use,
b03v2,base,exact_fifo@rho0.5,rep2_base_exact_fifo@rho0.5_b03v2,2,exact_fifo,0.5,93,upsert,L0026,A_no_future_use,
b03v2,base,exact_fifo@rho0.5,rep2_base_exact_fifo@rho0.5_b03v2,2,exact_fifo,0.5,94,upsert,L0045,A_no_future_use,
b03v2,base,exact_fifo@rho0.5,rep2_base_exact_fifo@rho0.5_b03v2,2,exact_fifo,0.5,95,upsert,L0029,A_no_future_use,
b03v2,base,exact_fifo@rho0.5,rep2_base_exact_fifo@rho0.5_b03v2,2,exact_fifo,0.5,96,upsert,L0071,D_meaningful_value_flip,40.96
b03v2,base,exact_fifo@rho0.5,rep2_base_exact_fifo@rho0.5_b03v2,2,exact_fifo,0.5,97,upsert,L0116,B_no_decision_flip,0.0
b03v2,base,exact_fifo@rho0.5,rep2_base_exact_fifo@rho0.5_b03v2,2,exact_fifo,0.5,98,upsert,L0064,B_no_decision_flip,0.0
b03v2,base,exact_fifo@rho0.5,rep2_base_exact_fifo@rho0.5_b03v2,2,exact_fifo,0.5,99,upsert,L0120,A_no_future_use,
b03v2,base,exact_fifo@rho0.5,rep2_base_exact_fifo@rho0.5_b03v2,2,exact_fifo,0.5,100,upsert,L0085,D_meaningful_value_flip,40.96
b03v2,base,exact_fifo@rho0.5,rep2_base_exact_fifo@rho0.5_b03v2,2,exact_fifo,0.5,101,upsert,L0066,B_no_decision_flip,0.0
b03v2,base,exact_fifo@rho0.5,rep2_base_exact_fifo@rho0.5_b03v2,2,exact_fifo,0.5,102,upsert,L0104,D_meaningful_value_flip,40.96
b03v2,base,exact_fifo@rho0.5,rep2_base_exact_fifo@rho0.5_b03v2,2,exact_fifo,0.5,103,upsert,L0064,D_meaningful_value_flip,12.24
b03v2,base,exact_fifo@rho0.5,rep2_base_exact_fifo@rho0.5_b03v2,2,exact_fifo,0.5,104,upsert,L0081,A_no_future_use,
b03v2,base,exact_fifo@rho0.5,rep2_base_exact_fifo@rho0.5_b03v2,2,exact_fifo,0.5,105,upsert,L0116,D_meaningful_value_flip,8.24
b03v2,base,exact_fifo@rho0.5,rep2_base_exact_fifo@rho0.5_b03v2,2,exact_fifo,0.5,106,upsert,L0078,D_meaningful_value_flip,38.96
b03v2,base,exact_fifo@rho0.5,rep2_base_exact_fifo@rho0.5_b03v2,2,exact_fifo,0.5,107,upsert,L0106,A_no_future_use,
b03v2,base,exact_fifo@rho0.5,rep2_base_exact_fifo@rho0.5_b03v2,2,exact_fifo,0.5,108,upsert,L0072,D_meaningful_value_flip,38.96
b03v2,base,exact_fifo@rho0.5,rep2_base_exact_fifo@rho0.5_b03v2,2,exact_fifo,0.5,109,upsert,L0108,A_no_future_use,
b03v2,base,exact_fifo@rho0.5,rep2_base_exact_fifo@rho0.5_b03v2,2,exact_fifo,0.5,110,upsert,L0066,B_no_decision_flip,10.24
b03v2,base,exact_fifo@rho0.5,rep2_base_exact_fifo@rho0.5_b03v2,2,exact_fifo,0.5,111,upsert,L0112,D_meaningful_value_flip,40.96
b03v2,base,exact_fifo@rho0.5,rep2_base_exact_fifo@rho0.5_b03v2,2,exact_fifo,0.5,112,upsert,L0089,D_meaningful_value_flip,40.96
b03v2,base,exact_fifo@rho0.5,rep2_base_exact_fifo@rho0.5_b03v2,2,exact_fifo,0.5,113,upsert,L0079,D_meaningful_value_flip,38.96
b03v2,base,exact_fifo@rho0.5,rep2_base_exact_fifo@rho0.5_b03v2,2,exact_fifo,0.5,114,upsert,L0068,D_meaningful_value_flip,40.96
b03v2,base,exact_fifo@rho0.5,rep2_base_exact_fifo@rho0.5_b03v2,2,exact_fifo,0.5,115,upsert,L0065,D_meaningful_value_flip,40.96
b03v2,base,exact_fifo@rho0.5,rep2_base_exact_fifo@rho0.5_b03v2,2,exact_fifo,0.5,116,upsert,L0094,A_no_future_use,
b03v2,base,exact_fifo@rho0.5,rep2_base_exact_fifo@rho0.5_b03v2,2,exact_fifo,0.5,117,upsert,L0089,A_no_future_use,
b03v2,base,exact_fifo@rho0.5,rep2_base_exact_fifo@rho0.5_b03v2,2,exact_fifo,0.5,118,upsert,L0068,B_no_decision_flip,0.0
b03v2,base,exact_fifo@rho0.5,rep2_base_exact_fifo@rho0.5_b03v2,2,exact_fifo,0.5,119,upsert,L0107,A_no_future_use,
b03v2,base,exact_fifo@rho0.5,rep2_base_exact_fifo@rho0.5_b03v2,2,exact_fifo,0.5,120,upsert,L0121,D_meaningful_value_flip,40.96
b03v2,base,exact_fifo@rho0.5,rep2_base_exact_fifo@rho0.5_b03v2,2,exact_fifo,0.5,121,upsert,L0065,B_no_decision_flip,10.24
b03v2,base,exact_fifo@rho0.5,rep2_base_exact_fifo@rho0.5_b03v2,2,exact_fifo,0.5,122,upsert,L0066,B_no_decision_flip,0.0
b03v2,base,exact_fifo@rho0.5,rep2_base_exact_fifo@rho0.5_b03v2,2,exact_fifo,0.5,123,upsert,L0079,B_no_decision_flip,0.0
b03v2,base,exact_fifo@rho0.5,rep2_base_exact_fifo@rho0.5_b03v2,2,exact_fifo,0.5,124,upsert,L0068,C_low_value_flip,2.0
b03v2,base,exact_fifo@rho0.5,rep2_base_exact_fifo@rho0.5_b03v2,2,exact_fifo,0.5,125,upsert,L0089,A_no_future_use,
b03v2,base,exact_fifo@rho0.5,rep2_base_exact_fifo@rho0.5_b03v2,2,exact_fifo,0.5,126,upsert,L0066,B_no_decision_flip,-20.48
b03v2,base,exact_fifo@rho0.5,rep2_base_exact_fifo@rho0.5_b03v2,2,exact_fifo,0.5,127,upsert,L0078,B_no_decision_flip,0.0
b03v2,base,exact_fifo@rho0.5,rep2_base_exact_fifo@rho0.5_b03v2,2,exact_fifo,0.5,128,upsert,L0079,A_no_future_use,
b03v2,base,exact_fifo@rho0.5,rep2_base_exact_fifo@rho0.5_b03v2,2,exact_fifo,0.5,129,upsert,L0102,A_no_future_use,
b03v2,base,exact_fifo@rho0.5,rep2_base_exact_fifo@rho0.5_b03v2,2,exact_fifo,0.5,130,upsert,L0093,A_no_future_use,
b03v2,base,exact_fifo@rho0.5,rep2_base_exact_fifo@rho0.5_b03v2,2,exact_fifo,0.5,131,upsert,L0093,A_no_future_use,
b03v2,base,exact_fifo@rho0.5,rep2_base_exact_fifo@rho0.5_b03v2,2,exact_fifo,0.5,132,upsert,L0078,B_no_decision_flip,10.24
b03v2,base,exact_fifo@rho0.5,rep2_base_exact_fifo@rho0.5_b03v2,2,exact_fifo,0.5,133,upsert,L0068,D_meaningful_value_flip,8.24
b03v2,base,exact_fifo@rho0.5,rep2_base_exact_fifo@rho0.5_b03v2,2,exact_fifo,0.5,134,upsert,L0064,B_no_decision_flip,10.24
b03v2,base,exact_fifo@rho0.5,rep2_base_exact_fifo@rho0.5_b03v2,2,exact_fifo,0.5,135,upsert,L0096,D_meaningful_value_flip,40.96
b03v2,base,exact_fifo@rho0.5,rep2_base_exact_fifo@rho0.5_b03v2,2,exact_fifo,0.5,136,upsert,L0087,D_meaningful_value_flip,40.96
b03v2,base,exact_fifo@rho0.5,rep2_base_exact_fifo@rho0.5_b03v2,2,exact_fifo,0.5,137,upsert,L0080,A_no_future_use,
b03v2,base,exact_fifo@rho0.5,rep2_base_exact_fifo@rho0.5_b03v2,2,exact_fifo,0.5,138,upsert,L0071,B_no_decision_flip,10.24
b03v2,base,exact_fifo@rho0.5,rep2_base_exact_fifo@rho0.5_b03v2,2,exact_fifo,0.5,139,upsert,L0073,D_meaningful_value_flip,40.96
b03v2,base,exact_fifo@rho0.5,rep2_base_exact_fifo@rho0.5_b03v2,2,exact_fifo,0.5,140,upsert,L0112,A_no_future_use,
b03v2,base,exact_fifo@rho0.5,rep2_base_exact_fifo@rho0.5_b03v2,2,exact_fifo,0.5,141,upsert,L0069,A_no_future_use,
b03v2,base,exact_fifo@rho0.5,rep2_base_exact_fifo@rho0.5_b03v2,2,exact_fifo,0.5,142,upsert,L0113,A_no_future_use,
b03v2,base,exact_fifo@rho0.5,rep2_base_exact_fifo@rho0.5_b03v2,2,exact_fifo,0.5,143,upsert,L0064,E_negative_value_flip,-18.48
b03v2,base,exact_fifo@rho0.5,rep2_base_exact_fifo@rho0.5_b03v2,2,exact_fifo,0.5,144,upsert,L0064,B_no_decision_flip,0.0
b03v2,base,exact_fifo@rho0.5,rep2_base_exact_fifo@rho0.5_b03v2,2,exact_fifo,0.5,145,upsert,L0086,B_no_decision_flip,0.0
b03v2,base,exact_fifo@rho0.5,rep2_base_exact_fifo@rho0.5_b03v2,2,exact_fifo,0.5,146,upsert,L0118,A_no_future_use,
b03v2,base,exact_fifo@rho0.5,rep2_base_exact_fifo@rho0.5_b03v2,2,exact_fifo,0.5,147,upsert,L0078,A_no_future_use,
b03v2,base,exact_fifo@rho0.5,rep2_base_exact_fifo@rho0.5_b03v2,2,exact_fifo,0.5,148,upsert,L0104,A_no_future_use,
b03v2,base,exact_fifo@rho0.5,rep2_base_exact_fifo@rho0.5_b03v2,2,exact_fifo,0.5,149,upsert,L0088,A_no_future_use,
b03v2,base,exact_fifo@rho0.5,rep2_base_exact_fifo@rho0.5_b03v2,2,exact_fifo,0.5,150,upsert,L0126,A_no_future_use,
b03v2,base,exact_fifo@rho0.5,rep2_base_exact_fifo@rho0.5_b03v2,2,exact_fifo,0.5,151,upsert,L0075,D_meaningful_value_flip,40.96
b03v2,base,exact_fifo@rho0.5,rep2_base_exact_fifo@rho0.5_b03v2,2,exact_fifo,0.5,152,upsert,L0110,B_no_decision_flip,0.0
b03v2,base,exact_fifo@rho0.5,rep2_base_exact_fifo@rho0.5_b03v2,2,exact_fifo,0.5,153,upsert,L0123,A_no_future_use,
b03v2,base,exact_fifo@rho0.5,rep2_base_exact_fifo@rho0.5_b03v2,2,exact_fifo,0.5,154,upsert,L0074,D_meaningful_value_flip,40.96
b03v2,base,exact_fifo@rho0.5,rep2_base_exact_fifo@rho0.5_b03v2,2,exact_fifo,0.5,155,upsert,L0064,D_meaningful_value_flip,10.24
b03v2,base,exact_fifo@rho0.5,rep2_base_exact_fifo@rho0.5_b03v2,2,exact_fifo,0.5,156,upsert,L0096,A_no_future_use,
b03v2,base,exact_fifo@rho0.5,rep2_base_exact_fifo@rho0.5_b03v2,2,exact_fifo,0.5,157,upsert,L0086,A_no_future_use,
b03v2,base,exact_fifo@rho0.5,rep2_base_exact_fifo@rho0.5_b03v2,2,exact_fifo,0.5,158,upsert,L0068,B_no_decision_flip,0.0
b03v2,base,exact_fifo@rho0.5,rep2_base_exact_fifo@rho0.5_b03v2,2,exact_fifo,0.5,159,upsert,L0111,A_no_future_use,
b03v2,base,exact_fifo@rho0.5,rep2_base_exact_fifo@rho0.5_b03v2,2,exact_fifo,0.5,160,upsert,L0075,A_no_future_use,
b03v2,base,exact_fifo@rho0.5,rep2_base_exact_fifo@rho0.5_b03v2,2,exact_fifo,0.5,161,upsert,L0101,D_meaningful_value_flip,40.96
b03v2,base,exact_fifo@rho0.5,rep2_base_exact_fifo@rho0.5_b03v2,2,exact_fifo,0.5,162,upsert,L0109,A_no_future_use,
b03v2,base,exact_fifo@rho0.5,rep2_base_exact_fifo@rho0.5_b03v2,2,exact_fifo,0.5,163,upsert,L0065,A_no_future_use,
b03v2,base,exact_fifo@rho0.5,rep2_base_exact_fifo@rho0.5_b03v2,2,exact_fifo,0.5,164,upsert,L0082,A_no_future_use,
b03v2,base,exact_fifo@rho0.5,rep2_base_exact_fifo@rho0.5_b03v2,2,exact_fifo,0.5,165,upsert,L0073,B_no_decision_flip,0.0
b03v2,base,exact_fifo@rho0.5,rep2_base_exact_fifo@rho0.5_b03v2,2,exact_fifo,0.5,166,upsert,L0064,B_no_decision_flip,0.0
b03v2,base,exact_fifo@rho0.5,rep2_base_exact_fifo@rho0.5_b03v2,2,exact_fifo,0.5,167,upsert,L0115,B_no_decision_flip,0.0
b03v2,base,exact_fifo@rho0.5,rep2_base_exact_fifo@rho0.5_b03v2,2,exact_fifo,0.5,168,upsert,L0087,A_no_future_use,
b03v2,base,exact_fifo@rho0.5,rep2_base_exact_fifo@rho0.5_b03v2,2,exact_fifo,0.5,169,upsert,L0064,B_no_decision_flip,0.0
b03v2,base,exact_fifo@rho0.5,rep2_base_exact_fifo@rho0.5_b03v2,2,exact_fifo,0.5,170,upsert,L0115,B_no_decision_flip,10.24
b03v2,base,exact_fifo@rho0.5,rep2_base_exact_fifo@rho0.5_b03v2,2,exact_fifo,0.5,171,upsert,L0072,A_no_future_use,
b03v2,base,exact_fifo@rho0.5,rep2_base_exact_fifo@rho0.5_b03v2,2,exact_fifo,0.5,172,upsert,L0101,A_no_future_use,
b03v2,base,exact_fifo@rho0.5,rep2_base_exact_fifo@rho0.5_b03v2,2,exact_fifo,0.5,173,upsert,L0071,A_no_future_use,
b03v2,base,exact_fifo@rho0.5,rep2_base_exact_fifo@rho0.5_b03v2,2,exact_fifo,0.5,174,upsert,L0073,B_no_decision_flip,10.24
b03v2,base,exact_fifo@rho0.5,rep2_base_exact_fifo@rho0.5_b03v2,2,exact_fifo,0.5,175,upsert,L0091,A_no_future_use,
b03v2,base,exact_fifo@rho0.5,rep2_base_exact_fifo@rho0.5_b03v2,2,exact_fifo,0.5,176,upsert,L0074,B_no_decision_flip,10.24
b03v2,base,exact_fifo@rho0.5,rep2_base_exact_fifo@rho0.5_b03v2,2,exact_fifo,0.5,177,upsert,L0091,A_no_future_use,
b03v2,base,exact_fifo@rho0.5,rep2_base_exact_fifo@rho0.5_b03v2,2,exact_fifo,0.5,178,upsert,L0068,A_no_future_use,
b03v2,base,exact_fifo@rho0.5,rep2_base_exact_fifo@rho0.5_b03v2,2,exact_fifo,0.5,179,upsert,L0110,A_no_future_use,
b03v2,base,exact_fifo@rho0.5,rep2_base_exact_fifo@rho0.5_b03v2,2,exact_fifo,0.5,180,upsert,L0105,A_no_future_use,
b03v2,base,exact_fifo@rho0.5,rep2_base_exact_fifo@rho0.5_b03v2,2,exact_fifo,0.5,181,upsert,L0066,A_no_future_use,
b03v2,base,exact_fifo@rho0.5,rep2_base_exact_fifo@rho0.5_b03v2,2,exact_fifo,0.5,182,upsert,L0085,A_no_future_use,
b03v2,base,exact_fifo@rho0.5,rep2_base_exact_fifo@rho0.5_b03v2,2,exact_fifo,0.5,183,upsert,L0067,A_no_future_use,
b03v2,base,exact_fifo@rho0.5,rep2_base_exact_fifo@rho0.5_b03v2,2,exact_fifo,0.5,184,upsert,L0097,A_no_future_use,
b03v2,base,exact_fifo@rho0.5,rep2_base_exact_fifo@rho0.5_b03v2,2,exact_fifo,0.5,185,upsert,L0073,A_no_future_use,
b03v2,base,exact_fifo@rho0.5,rep2_base_exact_fifo@rho0.5_b03v2,2,exact_fifo,0.5,186,upsert,L0116,A_no_future_use,
b03v2,base,exact_fifo@rho0.5,rep2_base_exact_fifo@rho0.5_b03v2,2,exact_fifo,0.5,187,upsert,L0098,A_no_future_use,
b03v2,base,exact_fifo@rho0.5,rep2_base_exact_fifo@rho0.5_b03v2,2,exact_fifo,0.5,188,upsert,L0064,A_no_future_use,
b03v2,base,exact_fifo@rho0.5,rep2_base_exact_fifo@rho0.5_b03v2,2,exact_fifo,0.5,189,upsert,L0121,A_no_future_use,
b03v2,base,exact_fifo@rho0.5,rep2_base_exact_fifo@rho0.5_b03v2,2,exact_fifo,0.5,190,upsert,L0115,A_no_future_use,
b03v2,base,exact_fifo@rho0.5,rep2_base_exact_fifo@rho0.5_b03v2,2,exact_fifo,0.5,191,upsert,L0074,A_no_future_use,
b03v2,base,agg_static@rho1.2,rep2_base_agg_static@rho1.2_b03v2,2,agg_static,1.2,0,upsert,L0001,D_meaningful_value_flip,38.96
b03v2,base,agg_static@rho1.2,rep2_base_agg_static@rho1.2_b03v2,2,agg_static,1.2,1,upsert,L0013,B_no_decision_flip,0.0
b03v2,base,agg_static@rho1.2,rep2_base_agg_static@rho1.2_b03v2,2,agg_static,1.2,2,upsert,L0016,D_meaningful_value_flip,38.96
b03v2,base,agg_static@rho1.2,rep2_base_agg_static@rho1.2_b03v2,2,agg_static,1.2,3,upsert,L0004,B_no_decision_flip,0.0
b03v2,base,agg_static@rho1.2,rep2_base_agg_static@rho1.2_b03v2,2,agg_static,1.2,4,upsert,L0043,B_no_decision_flip,0.0
b03v2,base,agg_static@rho1.2,rep2_base_agg_static@rho1.2_b03v2,2,agg_static,1.2,5,upsert,L0004,B_no_decision_flip,10.24
b03v2,base,agg_static@rho1.2,rep2_base_agg_static@rho1.2_b03v2,2,agg_static,1.2,6,upsert,L0000,D_meaningful_value_flip,38.96
b03v2,base,agg_static@rho1.2,rep2_base_agg_static@rho1.2_b03v2,2,agg_static,1.2,7,upsert,L0006,A_no_future_use,
b03v2,base,agg_static@rho1.2,rep2_base_agg_static@rho1.2_b03v2,2,agg_static,1.2,8,upsert,L0006,A_no_future_use,
b03v2,base,agg_static@rho1.2,rep2_base_agg_static@rho1.2_b03v2,2,agg_static,1.2,9,upsert,L0002,D_meaningful_value_flip,38.96
b03v2,base,agg_static@rho1.2,rep2_base_agg_static@rho1.2_b03v2,2,agg_static,1.2,10,upsert,L0013,B_no_decision_flip,10.24
b03v2,base,agg_static@rho1.2,rep2_base_agg_static@rho1.2_b03v2,2,agg_static,1.2,11,upsert,L0005,D_meaningful_value_flip,38.96
b03v2,base,agg_static@rho1.2,rep2_base_agg_static@rho1.2_b03v2,2,agg_static,1.2,12,upsert,L0013,B_no_decision_flip,0.0
b03v2,base,agg_static@rho1.2,rep2_base_agg_static@rho1.2_b03v2,2,agg_static,1.2,13,upsert,L0010,B_no_decision_flip,0.0
b03v2,base,agg_static@rho1.2,rep2_base_agg_static@rho1.2_b03v2,2,agg_static,1.2,14,upsert,L0019,A_no_future_use,
b03v2,base,agg_static@rho1.2,rep2_base_agg_static@rho1.2_b03v2,2,agg_static,1.2,15,upsert,L0038,D_meaningful_value_flip,40.96
b03v2,base,agg_static@rho1.2,rep2_base_agg_static@rho1.2_b03v2,2,agg_static,1.2,16,upsert,L0000,C_low_value_flip,0.0
b03v2,base,agg_static@rho1.2,rep2_base_agg_static@rho1.2_b03v2,2,agg_static,1.2,17,upsert,L0037,B_no_decision_flip,0.0
b03v2,base,agg_static@rho1.2,rep2_base_agg_static@rho1.2_b03v2,2,agg_static,1.2,18,upsert,L0019,A_no_future_use,
b03v2,base,agg_static@rho1.2,rep2_base_agg_static@rho1.2_b03v2,2,agg_static,1.2,19,upsert,L0017,A_no_future_use,
b03v2,base,agg_static@rho1.2,rep2_base_agg_static@rho1.2_b03v2,2,agg_static,1.2,20,upsert,L0053,D_meaningful_value_flip,40.96
b03v2,base,agg_static@rho1.2,rep2_base_agg_static@rho1.2_b03v2,2,agg_static,1.2,21,upsert,L0004,B_no_decision_flip,10.24
b03v2,base,agg_static@rho1.2,rep2_base_agg_static@rho1.2_b03v2,2,agg_static,1.2,22,upsert,L0000,B_no_decision_flip,0.0
b03v2,base,agg_static@rho1.2,rep2_base_agg_static@rho1.2_b03v2,2,agg_static,1.2,23,upsert,L0024,B_no_decision_flip,0.0
b03v2,base,agg_static@rho1.2,rep2_base_agg_static@rho1.2_b03v2,2,agg_static,1.2,24,upsert,L0021,A_no_future_use,
b03v2,base,agg_static@rho1.2,rep2_base_agg_static@rho1.2_b03v2,2,agg_static,1.2,25,upsert,L0028,A_no_future_use,
b03v2,base,agg_static@rho1.2,rep2_base_agg_static@rho1.2_b03v2,2,agg_static,1.2,26,upsert,L0019,A_no_future_use,
b03v2,base,agg_static@rho1.2,rep2_base_agg_static@rho1.2_b03v2,2,agg_static,1.2,27,upsert,L0000,B_no_decision_flip,0.0
b03v2,base,agg_static@rho1.2,rep2_base_agg_static@rho1.2_b03v2,2,agg_static,1.2,28,upsert,L0005,C_low_value_flip,2.0
b03v2,base,agg_static@rho1.2,rep2_base_agg_static@rho1.2_b03v2,2,agg_static,1.2,29,upsert,L0000,B_no_decision_flip,0.0
b03v2,base,agg_static@rho1.2,rep2_base_agg_static@rho1.2_b03v2,2,agg_static,1.2,30,upsert,L0011,A_no_future_use,
b03v2,base,agg_static@rho1.2,rep2_base_agg_static@rho1.2_b03v2,2,agg_static,1.2,31,upsert,L0020,D_meaningful_value_flip,38.96
b03v2,base,agg_static@rho1.2,rep2_base_agg_static@rho1.2_b03v2,2,agg_static,1.2,32,upsert,L0056,A_no_future_use,
b03v2,base,agg_static@rho1.2,rep2_base_agg_static@rho1.2_b03v2,2,agg_static,1.2,33,upsert,L0034,A_no_future_use,
b03v2,base,agg_static@rho1.2,rep2_base_agg_static@rho1.2_b03v2,2,agg_static,1.2,34,upsert,L0004,A_no_future_use,
b03v2,base,agg_static@rho1.2,rep2_base_agg_static@rho1.2_b03v2,2,agg_static,1.2,35,upsert,L0013,B_no_decision_flip,-20.48
b03v2,base,agg_static@rho1.2,rep2_base_agg_static@rho1.2_b03v2,2,agg_static,1.2,36,upsert,L0041,A_no_future_use,
b03v2,base,agg_static@rho1.2,rep2_base_agg_static@rho1.2_b03v2,2,agg_static,1.2,37,upsert,L0041,A_no_future_use,
b03v2,base,agg_static@rho1.2,rep2_base_agg_static@rho1.2_b03v2,2,agg_static,1.2,38,upsert,L0007,A_no_future_use,
b03v2,base,agg_static@rho1.2,rep2_base_agg_static@rho1.2_b03v2,2,agg_static,1.2,39,upsert,L0002,B_no_decision_flip,10.24
b03v2,base,agg_static@rho1.2,rep2_base_agg_static@rho1.2_b03v2,2,agg_static,1.2,40,upsert,L0029,D_meaningful_value_flip,38.96
b03v2,base,agg_static@rho1.2,rep2_base_agg_static@rho1.2_b03v2,2,agg_static,1.2,41,upsert,L0000,A_no_future_use,
b03v2,base,agg_static@rho1.2,rep2_base_agg_static@rho1.2_b03v2,2,agg_static,1.2,42,upsert,L0040,A_no_future_use,
b03v2,base,agg_static@rho1.2,rep2_base_agg_static@rho1.2_b03v2,2,agg_static,1.2,43,upsert,L0033,A_no_future_use,
b03v2,base,agg_static@rho1.2,rep2_base_agg_static@rho1.2_b03v2,2,agg_static,1.2,44,upsert,L0012,D_meaningful_value_flip,40.96
b03v2,base,agg_static@rho1.2,rep2_base_agg_static@rho1.2_b03v2,2,agg_static,1.2,45,upsert,L0028,A_no_future_use,
b03v2,base,agg_static@rho1.2,rep2_base_agg_static@rho1.2_b03v2,2,agg_static,1.2,46,upsert,L0038,A_no_future_use,
b03v2,base,agg_static@rho1.2,rep2_base_agg_static@rho1.2_b03v2,2,agg_static,1.2,47,upsert,L0056,A_no_future_use,
b03v2,base,agg_static@rho1.2,rep2_base_agg_static@rho1.2_b03v2,2,agg_static,1.2,48,upsert,L0062,A_no_future_use,
b03v2,base,agg_static@rho1.2,rep2_base_agg_static@rho1.2_b03v2,2,agg_static,1.2,49,upsert,L0005,A_no_future_use,
b03v2,base,agg_static@rho1.2,rep2_base_agg_static@rho1.2_b03v2,2,agg_static,1.2,50,upsert,L0042,A_no_future_use,
b03v2,base,agg_static@rho1.2,rep2_base_agg_static@rho1.2_b03v2,2,agg_static,1.2,51,upsert,L0014,A_no_future_use,
b03v2,base,agg_static@rho1.2,rep2_base_agg_static@rho1.2_b03v2,2,agg_static,1.2,52,upsert,L0053,A_no_future_use,
b03v2,base,agg_static@rho1.2,rep2_base_agg_static@rho1.2_b03v2,2,agg_static,1.2,53,upsert,L0011,A_no_future_use,
b03v2,base,agg_static@rho1.2,rep2_base_agg_static@rho1.2_b03v2,2,agg_static,1.2,54,upsert,L0055,A_no_future_use,
b03v2,base,agg_static@rho1.2,rep2_base_agg_static@rho1.2_b03v2,2,agg_static,1.2,55,upsert,L0037,A_no_future_use,
b03v2,base,agg_static@rho1.2,rep2_base_agg_static@rho1.2_b03v2,2,agg_static,1.2,56,upsert,L0022,A_no_future_use,
b03v2,base,agg_static@rho1.2,rep2_base_agg_static@rho1.2_b03v2,2,agg_static,1.2,57,upsert,L0015,A_no_future_use,
b03v2,base,agg_static@rho1.2,rep2_base_agg_static@rho1.2_b03v2,2,agg_static,1.2,58,upsert,L0004,A_no_future_use,
b03v2,base,agg_static@rho1.2,rep2_base_agg_static@rho1.2_b03v2,2,agg_static,1.2,59,upsert,L0037,A_no_future_use,
b03v2,base,agg_static@rho1.2,rep2_base_agg_static@rho1.2_b03v2,2,agg_static,1.2,60,upsert,L0027,A_no_future_use,
b03v2,base,agg_static@rho1.2,rep2_base_agg_static@rho1.2_b03v2,2,agg_static,1.2,61,upsert,L0001,A_no_future_use,
b03v2,base,agg_static@rho1.2,rep2_base_agg_static@rho1.2_b03v2,2,agg_static,1.2,62,upsert,L0005,A_no_future_use,
b03v2,base,agg_static@rho1.2,rep2_base_agg_static@rho1.2_b03v2,2,agg_static,1.2,63,upsert,L0005,A_no_future_use,
b03v2,base,agg_static@rho1.2,rep2_base_agg_static@rho1.2_b03v2,2,agg_static,1.2,64,upsert,L0027,A_no_future_use,
b03v2,base,agg_static@rho1.2,rep2_base_agg_static@rho1.2_b03v2,2,agg_static,1.2,65,upsert,L0000,A_no_future_use,
b03v2,base,agg_static@rho1.2,rep2_base_agg_static@rho1.2_b03v2,2,agg_static,1.2,66,upsert,L0053,A_no_future_use,
b03v2,base,agg_static@rho1.2,rep2_base_agg_static@rho1.2_b03v2,2,agg_static,1.2,67,upsert,L0010,A_no_future_use,
b03v2,base,agg_static@rho1.2,rep2_base_agg_static@rho1.2_b03v2,2,agg_static,1.2,68,upsert,L0000,A_no_future_use,
b03v2,base,agg_static@rho1.2,rep2_base_agg_static@rho1.2_b03v2,2,agg_static,1.2,69,upsert,L0030,A_no_future_use,
b03v2,base,agg_static@rho1.2,rep2_base_agg_static@rho1.2_b03v2,2,agg_static,1.2,70,upsert,L0032,A_no_future_use,
b03v2,base,agg_static@rho1.2,rep2_base_agg_static@rho1.2_b03v2,2,agg_static,1.2,71,upsert,L0020,A_no_future_use,
b03v2,base,agg_static@rho1.2,rep2_base_agg_static@rho1.2_b03v2,2,agg_static,1.2,72,upsert,L0035,A_no_future_use,
b03v2,base,agg_static@rho1.2,rep2_base_agg_static@rho1.2_b03v2,2,agg_static,1.2,73,upsert,L0038,A_no_future_use,
b03v2,base,agg_static@rho1.2,rep2_base_agg_static@rho1.2_b03v2,2,agg_static,1.2,74,upsert,L0049,A_no_future_use,
b03v2,base,agg_static@rho1.2,rep2_base_agg_static@rho1.2_b03v2,2,agg_static,1.2,75,upsert,L0022,A_no_future_use,
b03v2,base,agg_static@rho1.2,rep2_base_agg_static@rho1.2_b03v2,2,agg_static,1.2,76,upsert,L0008,A_no_future_use,
b03v2,base,agg_static@rho1.2,rep2_base_agg_static@rho1.2_b03v2,2,agg_static,1.2,77,upsert,L0041,A_no_future_use,
b03v2,base,agg_static@rho1.2,rep2_base_agg_static@rho1.2_b03v2,2,agg_static,1.2,78,upsert,L0016,A_no_future_use,
b03v2,base,agg_static@rho1.2,rep2_base_agg_static@rho1.2_b03v2,2,agg_static,1.2,79,upsert,L0002,A_no_future_use,
b03v2,base,agg_static@rho1.2,rep2_base_agg_static@rho1.2_b03v2,2,agg_static,1.2,80,upsert,L0025,A_no_future_use,
b03v2,base,agg_static@rho1.2,rep2_base_agg_static@rho1.2_b03v2,2,agg_static,1.2,81,upsert,L0002,A_no_future_use,
b03v2,base,agg_static@rho1.2,rep2_base_agg_static@rho1.2_b03v2,2,agg_static,1.2,82,upsert,L0013,A_no_future_use,
b03v2,base,agg_static@rho1.2,rep2_base_agg_static@rho1.2_b03v2,2,agg_static,1.2,83,upsert,L0024,A_no_future_use,
b03v2,base,agg_static@rho1.2,rep2_base_agg_static@rho1.2_b03v2,2,agg_static,1.2,84,upsert,L0032,A_no_future_use,
b03v2,base,agg_static@rho1.2,rep2_base_agg_static@rho1.2_b03v2,2,agg_static,1.2,85,upsert,L0032,A_no_future_use,
b03v2,base,agg_static@rho1.2,rep2_base_agg_static@rho1.2_b03v2,2,agg_static,1.2,86,upsert,L0043,A_no_future_use,
b03v2,base,agg_static@rho1.2,rep2_base_agg_static@rho1.2_b03v2,2,agg_static,1.2,87,upsert,L0002,A_no_future_use,
b03v2,base,agg_static@rho1.2,rep2_base_agg_static@rho1.2_b03v2,2,agg_static,1.2,88,upsert,L0012,A_no_future_use,
b03v2,base,agg_static@rho1.2,rep2_base_agg_static@rho1.2_b03v2,2,agg_static,1.2,89,upsert,L0026,A_no_future_use,
b03v2,base,agg_static@rho1.2,rep2_base_agg_static@rho1.2_b03v2,2,agg_static,1.2,90,upsert,L0010,A_no_future_use,
b03v2,base,agg_static@rho1.2,rep2_base_agg_static@rho1.2_b03v2,2,agg_static,1.2,91,upsert,L0005,A_no_future_use,
b03v2,base,agg_static@rho1.2,rep2_base_agg_static@rho1.2_b03v2,2,agg_static,1.2,93,upsert,L0026,A_no_future_use,
b03v2,base,agg_static@rho1.2,rep2_base_agg_static@rho1.2_b03v2,2,agg_static,1.2,94,upsert,L0045,A_no_future_use,
b03v2,base,agg_static@rho1.2,rep2_base_agg_static@rho1.2_b03v2,2,agg_static,1.2,95,upsert,L0029,A_no_future_use,
b03v2,base,agg_static@rho1.2,rep2_base_agg_static@rho1.2_b03v2,2,agg_static,1.2,96,upsert,L0071,A_no_future_use,
b03v2,base,agg_static@rho1.2,rep2_base_agg_static@rho1.2_b03v2,2,agg_static,1.2,97,upsert,L0116,A_no_future_use,
b03v2,base,agg_static@rho1.2,rep2_base_agg_static@rho1.2_b03v2,2,agg_static,1.2,98,upsert,L0064,B_no_decision_flip,0.0
b03v2,base,agg_static@rho1.2,rep2_base_agg_static@rho1.2_b03v2,2,agg_static,1.2,99,upsert,L0120,A_no_future_use,
b03v2,base,agg_static@rho1.2,rep2_base_agg_static@rho1.2_b03v2,2,agg_static,1.2,100,upsert,L0085,A_no_future_use,
b03v2,base,agg_static@rho1.2,rep2_base_agg_static@rho1.2_b03v2,2,agg_static,1.2,101,upsert,L0066,A_no_future_use,
b03v2,base,agg_static@rho1.2,rep2_base_agg_static@rho1.2_b03v2,2,agg_static,1.2,102,upsert,L0104,A_no_future_use,
b03v2,base,agg_static@rho1.2,rep2_base_agg_static@rho1.2_b03v2,2,agg_static,1.2,103,upsert,L0064,D_meaningful_value_flip,10.24
b03v2,base,agg_static@rho1.2,rep2_base_agg_static@rho1.2_b03v2,2,agg_static,1.2,104,upsert,L0081,A_no_future_use,
b03v2,base,agg_static@rho1.2,rep2_base_agg_static@rho1.2_b03v2,2,agg_static,1.2,105,upsert,L0116,A_no_future_use,
b03v2,base,agg_static@rho1.2,rep2_base_agg_static@rho1.2_b03v2,2,agg_static,1.2,106,upsert,L0078,A_no_future_use,
b03v2,base,agg_static@rho1.2,rep2_base_agg_static@rho1.2_b03v2,2,agg_static,1.2,107,upsert,L0106,A_no_future_use,
b03v2,base,agg_static@rho1.2,rep2_base_agg_static@rho1.2_b03v2,2,agg_static,1.2,108,upsert,L0072,A_no_future_use,
b03v2,base,agg_static@rho1.2,rep2_base_agg_static@rho1.2_b03v2,2,agg_static,1.2,109,upsert,L0108,A_no_future_use,
b03v2,base,agg_static@rho1.2,rep2_base_agg_static@rho1.2_b03v2,2,agg_static,1.2,110,upsert,L0066,A_no_future_use,
b03v2,base,agg_full@rho1.0,rep2_base_agg_full@rho1.0_b03v2,2,agg_full,1.0,59,upsert,L0037,A_no_future_use,
b03v2,base,agg_full@rho1.0,rep2_base_agg_full@rho1.0_b03v2,2,agg_full,1.0,62,upsert,L0005,A_no_future_use,
b03v2,base,agg_full@rho1.0,rep2_base_agg_full@rho1.0_b03v2,2,agg_full,1.0,73,upsert,L0038,A_no_future_use,
b03v2,base,agg_full@rho1.0,rep2_base_agg_full@rho1.0_b03v2,2,agg_full,1.0,90,upsert,L0010,A_no_future_use,
b03v2,base,agg_full@rho1.0,rep2_base_agg_full@rho1.0_b03v2,2,agg_full,1.0,91,upsert,L0005,A_no_future_use,
b03v2,base,agg_full@rho1.0,rep2_base_agg_full@rho1.0_b03v2,2,agg_full,1.0,107,upsert,L0106,A_no_future_use,
b03v2,base,agg_full@rho1.0,rep2_base_agg_full@rho1.0_b03v2,2,agg_full,1.0,108,upsert,L0072,B_no_decision_flip,0.0
b03v2,base,agg_full@rho1.0,rep2_base_agg_full@rho1.0_b03v2,2,agg_full,1.0,109,upsert,L0108,A_no_future_use,
b03v2,base,agg_full@rho1.0,rep2_base_agg_full@rho1.0_b03v2,2,agg_full,1.0,110,upsert,L0066,B_no_decision_flip,0.0
b03v2,base,agg_full@rho1.0,rep2_base_agg_full@rho1.0_b03v2,2,agg_full,1.0,111,upsert,L0112,D_meaningful_value_flip,40.96
b03v2,base,agg_full@rho1.0,rep2_base_agg_full@rho1.0_b03v2,2,agg_full,1.0,112,upsert,L0089,A_no_future_use,
b03v2,base,agg_full@rho1.0,rep2_base_agg_full@rho1.0_b03v2,2,agg_full,1.0,113,upsert,L0079,A_no_future_use,
b03v2,base,agg_full@rho1.0,rep2_base_agg_full@rho1.0_b03v2,2,agg_full,1.0,114,upsert,L0068,B_no_decision_flip,0.0
b03v2,base,agg_full@rho1.0,rep2_base_agg_full@rho1.0_b03v2,2,agg_full,1.0,115,upsert,L0065,D_meaningful_value_flip,38.96
b03v2,base,agg_full@rho1.0,rep2_base_agg_full@rho1.0_b03v2,2,agg_full,1.0,116,upsert,L0094,A_no_future_use,
b03v2,base,agg_full@rho1.0,rep2_base_agg_full@rho1.0_b03v2,2,agg_full,1.0,117,upsert,L0089,A_no_future_use,
b03v2,base,agg_full@rho1.0,rep2_base_agg_full@rho1.0_b03v2,2,agg_full,1.0,118,upsert,L0068,C_low_value_flip,2.0
b03v2,base,agg_full@rho1.0,rep2_base_agg_full@rho1.0_b03v2,2,agg_full,1.0,119,upsert,L0107,A_no_future_use,
b03v2,base,agg_full@rho1.0,rep2_base_agg_full@rho1.0_b03v2,2,agg_full,1.0,120,upsert,L0121,D_meaningful_value_flip,40.96
b03v2,base,agg_full@rho1.0,rep2_base_agg_full@rho1.0_b03v2,2,agg_full,1.0,121,upsert,L0065,A_no_future_use,
b03v2,base,agg_full@rho1.0,rep2_base_agg_full@rho1.0_b03v2,2,agg_full,1.0,122,upsert,L0066,B_no_decision_flip,0.0
b03v2,base,agg_full@rho1.0,rep2_base_agg_full@rho1.0_b03v2,2,agg_full,1.0,123,upsert,L0079,A_no_future_use,
b03v2,base,agg_full@rho1.0,rep2_base_agg_full@rho1.0_b03v2,2,agg_full,1.0,126,upsert,L0066,B_no_decision_flip,-20.48
b03v2,base,agg_full@rho1.0,rep2_base_agg_full@rho1.0_b03v2,2,agg_full,1.0,127,upsert,L0078,A_no_future_use,
b03v2,base,agg_full@rho1.0,rep2_base_agg_full@rho1.0_b03v2,2,agg_full,1.0,128,upsert,L0079,A_no_future_use,
b03v2,base,agg_full@rho1.0,rep2_base_agg_full@rho1.0_b03v2,2,agg_full,1.0,129,upsert,L0102,A_no_future_use,
b03v2,base,agg_full@rho1.0,rep2_base_agg_full@rho1.0_b03v2,2,agg_full,1.0,130,upsert,L0093,A_no_future_use,
b03v2,base,agg_full@rho1.0,rep2_base_agg_full@rho1.0_b03v2,2,agg_full,1.0,131,upsert,L0093,A_no_future_use,
b03v2,base,agg_full@rho1.0,rep2_base_agg_full@rho1.0_b03v2,2,agg_full,1.0,132,upsert,L0078,A_no_future_use,
b03v2,base,agg_full@rho1.0,rep2_base_agg_full@rho1.0_b03v2,2,agg_full,1.0,134,upsert,L0064,B_no_decision_flip,0.0
b03v2,base,agg_full@rho1.0,rep2_base_agg_full@rho1.0_b03v2,2,agg_full,1.0,138,upsert,L0071,A_no_future_use,
b03v2,base,agg_full@rho1.0,rep2_base_agg_full@rho1.0_b03v2,2,agg_full,1.0,140,upsert,L0112,A_no_future_use,
b03v2,base,agg_full@rho1.0,rep2_base_agg_full@rho1.0_b03v2,2,agg_full,1.0,144,upsert,L0064,B_no_decision_flip,-10.24
b03v2,base,agg_full@rho1.0,rep2_base_agg_full@rho1.0_b03v2,2,agg_full,1.0,148,upsert,L0104,A_no_future_use,
b03v2,base,agg_full@rho1.0,rep2_base_agg_full@rho1.0_b03v2,2,agg_full,1.0,155,upsert,L0064,A_no_future_use,
b03v2,base,agg_full@rho1.0,rep2_base_agg_full@rho1.0_b03v2,2,agg_full,1.0,156,upsert,L0096,A_no_future_use,
b03v2,base,agg_full@rho1.0,rep2_base_agg_full@rho1.0_b03v2,2,agg_full,1.0,157,upsert,L0086,A_no_future_use,
b03v2,base,agg_full@rho1.0,rep2_base_agg_full@rho1.0_b03v2,2,agg_full,1.0,158,upsert,L0068,A_no_future_use,
b03v2,base,agg_full@rho1.0,rep2_base_agg_full@rho1.0_b03v2,2,agg_full,1.0,160,upsert,L0075,A_no_future_use,
b03v2,base,agg_full@rho1.0,rep2_base_agg_full@rho1.0_b03v2,2,agg_full,1.0,163,upsert,L0065,A_no_future_use,
b03v2,base,agg_static@rho0.5,rep2_base_agg_static@rho0.5_b03v2,2,agg_static,0.5,0,upsert,L0001,D_meaningful_value_flip,40.96
b03v2,base,agg_static@rho0.5,rep2_base_agg_static@rho0.5_b03v2,2,agg_static,0.5,2,upsert,L0016,D_meaningful_value_flip,40.96
b03v2,base,agg_static@rho0.5,rep2_base_agg_static@rho0.5_b03v2,2,agg_static,0.5,4,upsert,L0043,B_no_decision_flip,0.0
b03v2,base,agg_static@rho0.5,rep2_base_agg_static@rho0.5_b03v2,2,agg_static,0.5,5,upsert,L0004,D_meaningful_value_flip,49.2
b03v2,base,agg_static@rho0.5,rep2_base_agg_static@rho0.5_b03v2,2,agg_static,0.5,6,upsert,L0000,B_no_decision_flip,0.0
b03v2,base,agg_static@rho0.5,rep2_base_agg_static@rho0.5_b03v2,2,agg_static,0.5,7,upsert,L0006,A_no_future_use,
b03v2,base,agg_static@rho0.5,rep2_base_agg_static@rho0.5_b03v2,2,agg_static,0.5,8,upsert,L0006,A_no_future_use,
b03v2,base,agg_static@rho0.5,rep2_base_agg_static@rho0.5_b03v2,2,agg_static,0.5,9,upsert,L0002,D_meaningful_value_flip,38.96
b03v2,base,agg_static@rho0.5,rep2_base_agg_static@rho0.5_b03v2,2,agg_static,0.5,10,upsert,L0013,B_no_decision_flip,0.0
b03v2,base,agg_static@rho0.5,rep2_base_agg_static@rho0.5_b03v2,2,agg_static,0.5,11,upsert,L0005,B_no_decision_flip,0.0
b03v2,base,agg_static@rho0.5,rep2_base_agg_static@rho0.5_b03v2,2,agg_static,0.5,12,upsert,L0013,D_meaningful_value_flip,8.24
b03v2,base,agg_static@rho0.5,rep2_base_agg_static@rho0.5_b03v2,2,agg_static,0.5,15,upsert,L0038,D_meaningful_value_flip,38.96
b03v2,base,agg_static@rho0.5,rep2_base_agg_static@rho0.5_b03v2,2,agg_static,0.5,14,upsert,L0019,A_no_future_use,
b03v2,base,agg_static@rho0.5,rep2_base_agg_static@rho0.5_b03v2,2,agg_static,0.5,13,upsert,L0010,D_meaningful_value_flip,38.96
b03v2,base,agg_static@rho0.5,rep2_base_agg_static@rho0.5_b03v2,2,agg_static,0.5,16,upsert,L0000,D_meaningful_value_flip,10.24
b03v2,base,agg_static@rho0.5,rep2_base_agg_static@rho0.5_b03v2,2,agg_static,0.5,17,upsert,L0037,B_no_decision_flip,0.0
b03v2,base,agg_static@rho0.5,rep2_base_agg_static@rho0.5_b03v2,2,agg_static,0.5,18,upsert,L0019,A_no_future_use,
b03v2,base,agg_static@rho0.5,rep2_base_agg_static@rho0.5_b03v2,2,agg_static,0.5,19,upsert,L0017,A_no_future_use,
b03v2,base,agg_static@rho0.5,rep2_base_agg_static@rho0.5_b03v2,2,agg_static,0.5,20,upsert,L0053,D_meaningful_value_flip,40.96
b03v2,base,agg_static@rho0.5,rep2_base_agg_static@rho0.5_b03v2,2,agg_static,0.5,21,upsert,L0004,D_meaningful_value_flip,18.48
b03v2,base,agg_static@rho0.5,rep2_base_agg_static@rho0.5_b03v2,2,agg_static,0.5,23,upsert,L0024,D_meaningful_value_flip,38.96
b03v2,base,agg_static@rho0.5,rep2_base_agg_static@rho0.5_b03v2,2,agg_static,0.5,24,upsert,L0021,A_no_future_use,
b03v2,base,agg_static@rho0.5,rep2_base_agg_static@rho0.5_b03v2,2,agg_static,0.5,25,upsert,L0028,D_meaningful_value_flip,40.96
b03v2,base,agg_static@rho0.5,rep2_base_agg_static@rho0.5_b03v2,2,agg_static,0.5,26,upsert,L0019,A_no_future_use,
b03v2,base,agg_static@rho0.5,rep2_base_agg_static@rho0.5_b03v2,2,agg_static,0.5,27,upsert,L0000,B_no_decision_flip,0.0
b03v2,base,agg_static@rho0.5,rep2_base_agg_static@rho0.5_b03v2,2,agg_static,0.5,28,upsert,L0005,B_no_decision_flip,10.24
b03v2,base,agg_static@rho0.5,rep2_base_agg_static@rho0.5_b03v2,2,agg_static,0.5,29,upsert,L0000,B_no_decision_flip,0.0
b03v2,base,agg_static@rho0.5,rep2_base_agg_static@rho0.5_b03v2,2,agg_static,0.5,30,upsert,L0011,B_no_decision_flip,0.0
b03v2,base,agg_static@rho0.5,rep2_base_agg_static@rho0.5_b03v2,2,agg_static,0.5,31,upsert,L0020,D_meaningful_value_flip,38.96
b03v2,base,agg_static@rho0.5,rep2_base_agg_static@rho0.5_b03v2,2,agg_static,0.5,32,upsert,L0056,A_no_future_use,
b03v2,base,agg_static@rho0.5,rep2_base_agg_static@rho0.5_b03v2,2,agg_static,0.5,33,upsert,L0034,A_no_future_use,
b03v2,base,agg_static@rho0.5,rep2_base_agg_static@rho0.5_b03v2,2,agg_static,0.5,34,upsert,L0004,B_no_decision_flip,0.0
b03v2,base,agg_static@rho0.5,rep2_base_agg_static@rho0.5_b03v2,2,agg_static,0.5,35,upsert,L0013,D_meaningful_value_flip,10.24
b03v2,base,agg_static@rho0.5,rep2_base_agg_static@rho0.5_b03v2,2,agg_static,0.5,36,upsert,L0041,B_no_decision_flip,0.0
b03v2,base,agg_static@rho0.5,rep2_base_agg_static@rho0.5_b03v2,2,agg_static,0.5,37,upsert,L0041,D_meaningful_value_flip,8.24
b03v2,base,agg_static@rho0.5,rep2_base_agg_static@rho0.5_b03v2,2,agg_static,0.5,38,upsert,L0007,A_no_future_use,
b03v2,base,agg_static@rho0.5,rep2_base_agg_static@rho0.5_b03v2,2,agg_static,0.5,39,upsert,L0002,B_no_decision_flip,10.24
b03v2,base,agg_static@rho0.5,rep2_base_agg_static@rho0.5_b03v2,2,agg_static,0.5,40,upsert,L0029,D_meaningful_value_flip,38.96
b03v2,base,agg_static@rho0.5,rep2_base_agg_static@rho0.5_b03v2,2,agg_static,0.5,41,upsert,L0000,B_no_decision_flip,10.24
b03v2,base,agg_static@rho0.5,rep2_base_agg_static@rho0.5_b03v2,2,agg_static,0.5,42,upsert,L0040,A_no_future_use,
b03v2,base,agg_static@rho0.5,rep2_base_agg_static@rho0.5_b03v2,2,agg_static,0.5,43,upsert,L0033,A_no_future_use,
b03v2,base,agg_static@rho0.5,rep2_base_agg_static@rho0.5_b03v2,2,agg_static,0.5,44,upsert,L0012,D_meaningful_value_flip,40.96
b03v2,base,agg_static@rho0.5,rep2_base_agg_static@rho0.5_b03v2,2,agg_static,0.5,45,upsert,L0028,A_no_future_use,
b03v2,base,agg_static@rho0.5,rep2_base_agg_static@rho0.5_b03v2,2,agg_static,0.5,46,upsert,L0038,B_no_decision_flip,10.24
b03v2,base,agg_static@rho0.5,rep2_base_agg_static@rho0.5_b03v2,2,agg_static,0.5,47,upsert,L0056,A_no_future_use,
b03v2,base,agg_static@rho0.5,rep2_base_agg_static@rho0.5_b03v2,2,agg_static,0.5,48,upsert,L0062,A_no_future_use,
b03v2,base,agg_static@rho0.5,rep2_base_agg_static@rho0.5_b03v2,2,agg_static,0.5,49,upsert,L0005,B_no_decision_flip,0.0
b03v2,base,agg_static@rho0.5,rep2_base_agg_static@rho0.5_b03v2,2,agg_static,0.5,50,upsert,L0042,A_no_future_use,
b03v2,base,agg_static@rho0.5,rep2_base_agg_static@rho0.5_b03v2,2,agg_static,0.5,51,upsert,L0014,A_no_future_use,
b03v2,base,agg_static@rho0.5,rep2_base_agg_static@rho0.5_b03v2,2,agg_static,0.5,52,upsert,L0053,A_no_future_use,
b03v2,base,agg_static@rho0.5,rep2_base_agg_static@rho0.5_b03v2,2,agg_static,0.5,53,upsert,L0011,A_no_future_use,
b03v2,base,agg_static@rho0.5,rep2_base_agg_static@rho0.5_b03v2,2,agg_static,0.5,54,upsert,L0055,A_no_future_use,
b03v2,base,agg_static@rho0.5,rep2_base_agg_static@rho0.5_b03v2,2,agg_static,0.5,55,upsert,L0037,A_no_future_use,
b03v2,base,agg_static@rho0.5,rep2_base_agg_static@rho0.5_b03v2,2,agg_static,0.5,56,upsert,L0022,B_no_decision_flip,0.0
b03v2,base,agg_static@rho0.5,rep2_base_agg_static@rho0.5_b03v2,2,agg_static,0.5,57,upsert,L0015,A_no_future_use,
b03v2,base,agg_static@rho0.5,rep2_base_agg_static@rho0.5_b03v2,2,agg_static,0.5,58,upsert,L0004,A_no_future_use,
b03v2,base,agg_static@rho0.5,rep2_base_agg_static@rho0.5_b03v2,2,agg_static,0.5,59,upsert,L0037,A_no_future_use,
b03v2,base,agg_static@rho0.5,rep2_base_agg_static@rho0.5_b03v2,2,agg_static,0.5,60,upsert,L0027,A_no_future_use,
b03v2,base,agg_static@rho0.5,rep2_base_agg_static@rho0.5_b03v2,2,agg_static,0.5,61,upsert,L0001,A_no_future_use,
b03v2,base,agg_static@rho0.5,rep2_base_agg_static@rho0.5_b03v2,2,agg_static,0.5,62,upsert,L0005,B_no_decision_flip,0.0
b03v2,base,agg_static@rho0.5,rep2_base_agg_static@rho0.5_b03v2,2,agg_static,0.5,63,upsert,L0005,B_no_decision_flip,10.24
b03v2,base,agg_static@rho0.5,rep2_base_agg_static@rho0.5_b03v2,2,agg_static,0.5,64,upsert,L0027,A_no_future_use,
b03v2,base,agg_static@rho0.5,rep2_base_agg_static@rho0.5_b03v2,2,agg_static,0.5,65,upsert,L0000,A_no_future_use,
b03v2,base,agg_static@rho0.5,rep2_base_agg_static@rho0.5_b03v2,2,agg_static,0.5,66,upsert,L0053,A_no_future_use,
b03v2,base,agg_static@rho0.5,rep2_base_agg_static@rho0.5_b03v2,2,agg_static,0.5,67,upsert,L0010,B_no_decision_flip,10.24
b03v2,base,agg_static@rho0.5,rep2_base_agg_static@rho0.5_b03v2,2,agg_static,0.5,68,upsert,L0000,A_no_future_use,
b03v2,base,agg_static@rho0.5,rep2_base_agg_static@rho0.5_b03v2,2,agg_static,0.5,69,upsert,L0030,A_no_future_use,
b03v2,base,agg_static@rho0.5,rep2_base_agg_static@rho0.5_b03v2,2,agg_static,0.5,70,upsert,L0032,A_no_future_use,
b03v2,base,agg_static@rho0.5,rep2_base_agg_static@rho0.5_b03v2,2,agg_static,0.5,71,upsert,L0020,A_no_future_use,
b03v2,base,agg_static@rho0.5,rep2_base_agg_static@rho0.5_b03v2,2,agg_static,0.5,72,upsert,L0035,A_no_future_use,
b03v2,base,agg_static@rho0.5,rep2_base_agg_static@rho0.5_b03v2,2,agg_static,0.5,73,upsert,L0038,A_no_future_use,
b03v2,base,agg_static@rho0.5,rep2_base_agg_static@rho0.5_b03v2,2,agg_static,0.5,74,upsert,L0049,A_no_future_use,
b03v2,base,agg_static@rho0.5,rep2_base_agg_static@rho0.5_b03v2,2,agg_static,0.5,75,upsert,L0022,B_no_decision_flip,10.24
b03v2,base,agg_static@rho0.5,rep2_base_agg_static@rho0.5_b03v2,2,agg_static,0.5,76,upsert,L0008,A_no_future_use,
b03v2,base,agg_static@rho0.5,rep2_base_agg_static@rho0.5_b03v2,2,agg_static,0.5,77,upsert,L0041,A_no_future_use,
b03v2,base,agg_static@rho0.5,rep2_base_agg_static@rho0.5_b03v2,2,agg_static,0.5,78,upsert,L0016,A_no_future_use,
b03v2,base,agg_static@rho0.5,rep2_base_agg_static@rho0.5_b03v2,2,agg_static,0.5,79,upsert,L0002,A_no_future_use,
b03v2,base,agg_static@rho0.5,rep2_base_agg_static@rho0.5_b03v2,2,agg_static,0.5,80,upsert,L0025,A_no_future_use,
b03v2,base,agg_static@rho0.5,rep2_base_agg_static@rho0.5_b03v2,2,agg_static,0.5,81,upsert,L0002,A_no_future_use,
b03v2,base,agg_static@rho0.5,rep2_base_agg_static@rho0.5_b03v2,2,agg_static,0.5,82,upsert,L0013,A_no_future_use,
b03v2,base,agg_static@rho0.5,rep2_base_agg_static@rho0.5_b03v2,2,agg_static,0.5,83,upsert,L0024,A_no_future_use,
b03v2,base,agg_static@rho0.5,rep2_base_agg_static@rho0.5_b03v2,2,agg_static,0.5,84,upsert,L0032,A_no_future_use,
b03v2,base,agg_static@rho0.5,rep2_base_agg_static@rho0.5_b03v2,2,agg_static,0.5,85,upsert,L0032,A_no_future_use,
b03v2,base,agg_static@rho0.5,rep2_base_agg_static@rho0.5_b03v2,2,agg_static,0.5,86,upsert,L0043,A_no_future_use,
b03v2,base,agg_static@rho0.5,rep2_base_agg_static@rho0.5_b03v2,2,agg_static,0.5,87,upsert,L0002,A_no_future_use,
b03v2,base,agg_static@rho0.5,rep2_base_agg_static@rho0.5_b03v2,2,agg_static,0.5,88,upsert,L0012,A_no_future_use,
b03v2,base,agg_static@rho0.5,rep2_base_agg_static@rho0.5_b03v2,2,agg_static,0.5,89,upsert,L0026,A_no_future_use,
b03v2,base,agg_static@rho0.5,rep2_base_agg_static@rho0.5_b03v2,2,agg_static,0.5,90,upsert,L0010,A_no_future_use,
b03v2,base,agg_static@rho0.5,rep2_base_agg_static@rho0.5_b03v2,2,agg_static,0.5,91,upsert,L0005,A_no_future_use,
b03v2,base,agg_static@rho0.5,rep2_base_agg_static@rho0.5_b03v2,2,agg_static,0.5,92,upsert,L0022,A_no_future_use,
b03v2,base,agg_static@rho0.5,rep2_base_agg_static@rho0.5_b03v2,2,agg_static,0.5,93,upsert,L0026,A_no_future_use,
b03v2,base,agg_static@rho0.5,rep2_base_agg_static@rho0.5_b03v2,2,agg_static,0.5,94,upsert,L0045,A_no_future_use,
b03v2,base,agg_static@rho0.5,rep2_base_agg_static@rho0.5_b03v2,2,agg_static,0.5,95,upsert,L0029,A_no_future_use,
b03v2,base,agg_static@rho0.5,rep2_base_agg_static@rho0.5_b03v2,2,agg_static,0.5,96,upsert,L0071,B_no_decision_flip,0.0
b03v2,base,agg_static@rho0.5,rep2_base_agg_static@rho0.5_b03v2,2,agg_static,0.5,97,upsert,L0116,B_no_decision_flip,0.0
b03v2,base,agg_static@rho0.5,rep2_base_agg_static@rho0.5_b03v2,2,agg_static,0.5,98,upsert,L0064,B_no_decision_flip,0.0
b03v2,base,agg_static@rho0.5,rep2_base_agg_static@rho0.5_b03v2,2,agg_static,0.5,99,upsert,L0120,A_no_future_use,
b03v2,base,agg_static@rho0.5,rep2_base_agg_static@rho0.5_b03v2,2,agg_static,0.5,100,upsert,L0085,D_meaningful_value_flip,40.96
b03v2,base,agg_static@rho0.5,rep2_base_agg_static@rho0.5_b03v2,2,agg_static,0.5,101,upsert,L0066,D_meaningful_value_flip,40.96
b03v2,base,agg_static@rho0.5,rep2_base_agg_static@rho0.5_b03v2,2,agg_static,0.5,102,upsert,L0104,D_meaningful_value_flip,40.96
b03v2,base,agg_static@rho0.5,rep2_base_agg_static@rho0.5_b03v2,2,agg_static,0.5,103,upsert,L0064,B_no_decision_flip,10.24
b03v2,base,agg_static@rho0.5,rep2_base_agg_static@rho0.5_b03v2,2,agg_static,0.5,104,upsert,L0081,A_no_future_use,
b03v2,base,agg_static@rho0.5,rep2_base_agg_static@rho0.5_b03v2,2,agg_static,0.5,105,upsert,L0116,C_low_value_flip,2.0
b03v2,base,agg_static@rho0.5,rep2_base_agg_static@rho0.5_b03v2,2,agg_static,0.5,106,upsert,L0078,D_meaningful_value_flip,40.96
b03v2,base,agg_static@rho0.5,rep2_base_agg_static@rho0.5_b03v2,2,agg_static,0.5,107,upsert,L0106,A_no_future_use,
b03v2,base,agg_static@rho0.5,rep2_base_agg_static@rho0.5_b03v2,2,agg_static,0.5,108,upsert,L0072,B_no_decision_flip,0.0
b03v2,base,agg_static@rho0.5,rep2_base_agg_static@rho0.5_b03v2,2,agg_static,0.5,109,upsert,L0108,A_no_future_use,
b03v2,base,agg_static@rho0.5,rep2_base_agg_static@rho0.5_b03v2,2,agg_static,0.5,110,upsert,L0066,D_meaningful_value_flip,8.24
b03v2,base,agg_static@rho0.5,rep2_base_agg_static@rho0.5_b03v2,2,agg_static,0.5,111,upsert,L0112,D_meaningful_value_flip,40.96
b03v2,base,agg_static@rho0.5,rep2_base_agg_static@rho0.5_b03v2,2,agg_static,0.5,112,upsert,L0089,A_no_future_use,
b03v2,base,agg_static@rho0.5,rep2_base_agg_static@rho0.5_b03v2,2,agg_static,0.5,113,upsert,L0079,B_no_decision_flip,0.0
b03v2,base,agg_static@rho0.5,rep2_base_agg_static@rho0.5_b03v2,2,agg_static,0.5,114,upsert,L0068,B_no_decision_flip,0.0
b03v2,base,agg_static@rho0.5,rep2_base_agg_static@rho0.5_b03v2,2,agg_static,0.5,115,upsert,L0065,B_no_decision_flip,0.0
b03v2,base,agg_static@rho0.5,rep2_base_agg_static@rho0.5_b03v2,2,agg_static,0.5,116,upsert,L0094,A_no_future_use,
b03v2,base,agg_static@rho0.5,rep2_base_agg_static@rho0.5_b03v2,2,agg_static,0.5,117,upsert,L0089,A_no_future_use,
b03v2,base,agg_static@rho0.5,rep2_base_agg_static@rho0.5_b03v2,2,agg_static,0.5,118,upsert,L0068,B_no_decision_flip,10.24
b03v2,base,agg_static@rho0.5,rep2_base_agg_static@rho0.5_b03v2,2,agg_static,0.5,119,upsert,L0107,A_no_future_use,
b03v2,base,agg_static@rho0.5,rep2_base_agg_static@rho0.5_b03v2,2,agg_static,0.5,120,upsert,L0121,D_meaningful_value_flip,40.96
b03v2,base,agg_static@rho0.5,rep2_base_agg_static@rho0.5_b03v2,2,agg_static,0.5,121,upsert,L0065,D_meaningful_value_flip,10.24
b03v2,base,agg_static@rho0.5,rep2_base_agg_static@rho0.5_b03v2,2,agg_static,0.5,122,upsert,L0066,B_no_decision_flip,20.48
b03v2,base,agg_static@rho0.5,rep2_base_agg_static@rho0.5_b03v2,2,agg_static,0.5,123,upsert,L0079,A_no_future_use,
b03v2,base,agg_static@rho0.5,rep2_base_agg_static@rho0.5_b03v2,2,agg_static,0.5,124,upsert,L0068,D_meaningful_value_flip,22.48
b03v2,base,agg_static@rho0.5,rep2_base_agg_static@rho0.5_b03v2,2,agg_static,0.5,125,upsert,L0089,A_no_future_use,
b03v2,base,agg_static@rho0.5,rep2_base_agg_static@rho0.5_b03v2,2,agg_static,0.5,126,upsert,L0066,B_no_decision_flip,0.0
b03v2,base,agg_static@rho0.5,rep2_base_agg_static@rho0.5_b03v2,2,agg_static,0.5,127,upsert,L0078,B_no_decision_flip,0.0
b03v2,base,agg_static@rho0.5,rep2_base_agg_static@rho0.5_b03v2,2,agg_static,0.5,128,upsert,L0079,A_no_future_use,
b03v2,base,agg_static@rho0.5,rep2_base_agg_static@rho0.5_b03v2,2,agg_static,0.5,129,upsert,L0102,A_no_future_use,
b03v2,base,agg_static@rho0.5,rep2_base_agg_static@rho0.5_b03v2,2,agg_static,0.5,130,upsert,L0093,A_no_future_use,
b03v2,base,agg_static@rho0.5,rep2_base_agg_static@rho0.5_b03v2,2,agg_static,0.5,131,upsert,L0093,A_no_future_use,
b03v2,base,agg_static@rho0.5,rep2_base_agg_static@rho0.5_b03v2,2,agg_static,0.5,132,upsert,L0078,B_no_decision_flip,0.0
b03v2,base,agg_static@rho0.5,rep2_base_agg_static@rho0.5_b03v2,2,agg_static,0.5,133,upsert,L0068,B_no_decision_flip,0.0
b03v2,base,agg_static@rho0.5,rep2_base_agg_static@rho0.5_b03v2,2,agg_static,0.5,134,upsert,L0064,B_no_decision_flip,10.24
b03v2,base,agg_static@rho0.5,rep2_base_agg_static@rho0.5_b03v2,2,agg_static,0.5,135,upsert,L0096,D_meaningful_value_flip,40.96
b03v2,base,agg_static@rho0.5,rep2_base_agg_static@rho0.5_b03v2,2,agg_static,0.5,136,upsert,L0087,D_meaningful_value_flip,40.96
b03v2,base,agg_static@rho0.5,rep2_base_agg_static@rho0.5_b03v2,2,agg_static,0.5,137,upsert,L0080,A_no_future_use,
b03v2,base,agg_static@rho0.5,rep2_base_agg_static@rho0.5_b03v2,2,agg_static,0.5,138,upsert,L0071,B_no_decision_flip,10.24
b03v2,base,agg_static@rho0.5,rep2_base_agg_static@rho0.5_b03v2,2,agg_static,0.5,139,upsert,L0073,D_meaningful_value_flip,38.96
b03v2,base,agg_static@rho0.5,rep2_base_agg_static@rho0.5_b03v2,2,agg_static,0.5,140,upsert,L0112,A_no_future_use,
b03v2,base,agg_static@rho0.5,rep2_base_agg_static@rho0.5_b03v2,2,agg_static,0.5,141,upsert,L0069,A_no_future_use,
b03v2,base,agg_static@rho0.5,rep2_base_agg_static@rho0.5_b03v2,2,agg_static,0.5,142,upsert,L0113,A_no_future_use,
b03v2,base,agg_static@rho0.5,rep2_base_agg_static@rho0.5_b03v2,2,agg_static,0.5,143,upsert,L0064,B_no_decision_flip,0.0
b03v2,base,agg_static@rho0.5,rep2_base_agg_static@rho0.5_b03v2,2,agg_static,0.5,144,upsert,L0064,B_no_decision_flip,0.0
b03v2,base,agg_static@rho0.5,rep2_base_agg_static@rho0.5_b03v2,2,agg_static,0.5,145,upsert,L0086,A_no_future_use,
b03v2,base,agg_static@rho0.5,rep2_base_agg_static@rho0.5_b03v2,2,agg_static,0.5,146,upsert,L0118,A_no_future_use,
b03v2,base,agg_static@rho0.5,rep2_base_agg_static@rho0.5_b03v2,2,agg_static,0.5,147,upsert,L0078,A_no_future_use,
b03v2,base,agg_static@rho0.5,rep2_base_agg_static@rho0.5_b03v2,2,agg_static,0.5,148,upsert,L0104,A_no_future_use,
b03v2,base,agg_static@rho0.5,rep2_base_agg_static@rho0.5_b03v2,2,agg_static,0.5,149,upsert,L0088,A_no_future_use,
b03v2,base,agg_static@rho0.5,rep2_base_agg_static@rho0.5_b03v2,2,agg_static,0.5,150,upsert,L0126,A_no_future_use,
b03v2,base,agg_static@rho0.5,rep2_base_agg_static@rho0.5_b03v2,2,agg_static,0.5,151,upsert,L0075,D_meaningful_value_flip,40.96
b03v2,base,agg_static@rho0.5,rep2_base_agg_static@rho0.5_b03v2,2,agg_static,0.5,152,upsert,L0110,D_meaningful_value_flip,36.96
b03v2,base,agg_static@rho0.5,rep2_base_agg_static@rho0.5_b03v2,2,agg_static,0.5,153,upsert,L0123,A_no_future_use,
b03v2,base,agg_static@rho0.5,rep2_base_agg_static@rho0.5_b03v2,2,agg_static,0.5,154,upsert,L0074,D_meaningful_value_flip,40.96
b03v2,base,agg_static@rho0.5,rep2_base_agg_static@rho0.5_b03v2,2,agg_static,0.5,155,upsert,L0064,B_no_decision_flip,10.24
b03v2,base,agg_static@rho0.5,rep2_base_agg_static@rho0.5_b03v2,2,agg_static,0.5,156,upsert,L0096,A_no_future_use,
b03v2,base,agg_static@rho0.5,rep2_base_agg_static@rho0.5_b03v2,2,agg_static,0.5,157,upsert,L0086,A_no_future_use,
b03v2,base,agg_static@rho0.5,rep2_base_agg_static@rho0.5_b03v2,2,agg_static,0.5,158,upsert,L0068,B_no_decision_flip,-10.24
b03v2,base,agg_static@rho0.5,rep2_base_agg_static@rho0.5_b03v2,2,agg_static,0.5,159,upsert,L0111,A_no_future_use,
b03v2,base,agg_static@rho0.5,rep2_base_agg_static@rho0.5_b03v2,2,agg_static,0.5,160,upsert,L0075,A_no_future_use,
b03v2,base,agg_static@rho0.5,rep2_base_agg_static@rho0.5_b03v2,2,agg_static,0.5,161,upsert,L0101,D_meaningful_value_flip,40.96
b03v2,base,agg_static@rho0.5,rep2_base_agg_static@rho0.5_b03v2,2,agg_static,0.5,162,upsert,L0109,A_no_future_use,
b03v2,base,agg_static@rho0.5,rep2_base_agg_static@rho0.5_b03v2,2,agg_static,0.5,163,upsert,L0065,A_no_future_use,
b03v2,base,agg_static@rho0.5,rep2_base_agg_static@rho0.5_b03v2,2,agg_static,0.5,164,upsert,L0082,A_no_future_use,
b03v2,base,agg_static@rho0.5,rep2_base_agg_static@rho0.5_b03v2,2,agg_static,0.5,165,upsert,L0073,B_no_decision_flip,10.24
b03v2,base,agg_static@rho0.5,rep2_base_agg_static@rho0.5_b03v2,2,agg_static,0.5,166,upsert,L0064,B_no_decision_flip,0.0
b03v2,base,agg_static@rho0.5,rep2_base_agg_static@rho0.5_b03v2,2,agg_static,0.5,167,upsert,L0115,B_no_decision_flip,0.0
b03v2,base,agg_static@rho0.5,rep2_base_agg_static@rho0.5_b03v2,2,agg_static,0.5,168,upsert,L0087,A_no_future_use,
b03v2,base,agg_static@rho0.5,rep2_base_agg_static@rho0.5_b03v2,2,agg_static,0.5,169,upsert,L0064,B_no_decision_flip,0.0
b03v2,base,agg_static@rho0.5,rep2_base_agg_static@rho0.5_b03v2,2,agg_static,0.5,170,upsert,L0115,D_meaningful_value_flip,10.24
b03v2,base,agg_static@rho0.5,rep2_base_agg_static@rho0.5_b03v2,2,agg_static,0.5,171,upsert,L0072,A_no_future_use,
b03v2,base,agg_static@rho0.5,rep2_base_agg_static@rho0.5_b03v2,2,agg_static,0.5,172,upsert,L0101,A_no_future_use,
b03v2,base,agg_static@rho0.5,rep2_base_agg_static@rho0.5_b03v2,2,agg_static,0.5,173,upsert,L0071,A_no_future_use,
b03v2,base,agg_static@rho0.5,rep2_base_agg_static@rho0.5_b03v2,2,agg_static,0.5,174,upsert,L0073,B_no_decision_flip,10.24
b03v2,base,agg_static@rho0.5,rep2_base_agg_static@rho0.5_b03v2,2,agg_static,0.5,175,upsert,L0091,A_no_future_use,
b03v2,base,agg_static@rho0.5,rep2_base_agg_static@rho0.5_b03v2,2,agg_static,0.5,176,upsert,L0074,B_no_decision_flip,0.0
b03v2,base,agg_static@rho0.5,rep2_base_agg_static@rho0.5_b03v2,2,agg_static,0.5,177,upsert,L0091,A_no_future_use,
b03v2,base,agg_static@rho0.5,rep2_base_agg_static@rho0.5_b03v2,2,agg_static,0.5,178,upsert,L0068,A_no_future_use,
b03v2,base,agg_static@rho0.5,rep2_base_agg_static@rho0.5_b03v2,2,agg_static,0.5,179,upsert,L0110,A_no_future_use,
b03v2,base,agg_static@rho0.5,rep2_base_agg_static@rho0.5_b03v2,2,agg_static,0.5,180,upsert,L0105,A_no_future_use,
b03v2,base,agg_static@rho0.5,rep2_base_agg_static@rho0.5_b03v2,2,agg_static,0.5,181,upsert,L0066,A_no_future_use,
b03v2,base,agg_static@rho0.5,rep2_base_agg_static@rho0.5_b03v2,2,agg_static,0.5,182,upsert,L0085,A_no_future_use,
b03v2,base,agg_static@rho0.5,rep2_base_agg_static@rho0.5_b03v2,2,agg_static,0.5,183,upsert,L0067,A_no_future_use,
b03v2,base,agg_static@rho0.5,rep2_base_agg_static@rho0.5_b03v2,2,agg_static,0.5,184,upsert,L0097,A_no_future_use,
b03v2,base,agg_static@rho0.5,rep2_base_agg_static@rho0.5_b03v2,2,agg_static,0.5,185,upsert,L0073,A_no_future_use,
b03v2,base,agg_static@rho0.5,rep2_base_agg_static@rho0.5_b03v2,2,agg_static,0.5,186,upsert,L0116,A_no_future_use,
b03v2,base,agg_static@rho0.5,rep2_base_agg_static@rho0.5_b03v2,2,agg_static,0.5,187,upsert,L0098,A_no_future_use,
b03v2,base,agg_static@rho0.5,rep2_base_agg_static@rho0.5_b03v2,2,agg_static,0.5,188,upsert,L0064,A_no_future_use,
b03v2,base,agg_static@rho0.5,rep2_base_agg_static@rho0.5_b03v2,2,agg_static,0.5,189,upsert,L0121,A_no_future_use,
b03v2,base,agg_static@rho0.5,rep2_base_agg_static@rho0.5_b03v2,2,agg_static,0.5,190,upsert,L0115,A_no_future_use,
b03v2,base,agg_static@rho0.5,rep2_base_agg_static@rho0.5_b03v2,2,agg_static,0.5,191,upsert,L0074,A_no_future_use,
b03v2,base,agg_static@rho0.5,rep3_base_agg_static@rho0.5_b03v2,3,agg_static,0.5,0,upsert,L0003,D_meaningful_value_flip,40.96
b03v2,base,agg_static@rho0.5,rep3_base_agg_static@rho0.5_b03v2,3,agg_static,0.5,1,upsert,L0045,B_no_decision_flip,0.0
b03v2,base,agg_static@rho0.5,rep3_base_agg_static@rho0.5_b03v2,3,agg_static,0.5,2,upsert,L0000,B_no_decision_flip,0.0
b03v2,base,agg_static@rho0.5,rep3_base_agg_static@rho0.5_b03v2,3,agg_static,0.5,3,upsert,L0006,B_no_decision_flip,0.0
b03v2,base,agg_static@rho0.5,rep3_base_agg_static@rho0.5_b03v2,3,agg_static,0.5,4,upsert,L0002,B_no_decision_flip,0.0
b03v2,base,agg_static@rho0.5,rep3_base_agg_static@rho0.5_b03v2,3,agg_static,0.5,5,upsert,L0005,B_no_decision_flip,0.0
b03v2,base,agg_static@rho0.5,rep3_base_agg_static@rho0.5_b03v2,3,agg_static,0.5,6,upsert,L0040,A_no_future_use,
b03v2,base,agg_static@rho0.5,rep3_base_agg_static@rho0.5_b03v2,3,agg_static,0.5,7,upsert,L0012,D_meaningful_value_flip,40.96
b03v2,base,agg_static@rho0.5,rep3_base_agg_static@rho0.5_b03v2,3,agg_static,0.5,8,upsert,L0038,D_meaningful_value_flip,38.96
b03v2,base,agg_static@rho0.5,rep3_base_agg_static@rho0.5_b03v2,3,agg_static,0.5,9,upsert,L0056,A_no_future_use,
b03v2,base,agg_static@rho0.5,rep3_base_agg_static@rho0.5_b03v2,3,agg_static,0.5,10,upsert,L0036,A_no_future_use,
b03v2,base,agg_static@rho0.5,rep3_base_agg_static@rho0.5_b03v2,3,agg_static,0.5,11,upsert,L0030,B_no_decision_flip,0.0
b03v2,base,agg_static@rho0.5,rep3_base_agg_static@rho0.5_b03v2,3,agg_static,0.5,12,upsert,L0032,D_meaningful_value_flip,40.96
b03v2,base,agg_static@rho0.5,rep3_base_agg_static@rho0.5_b03v2,3,agg_static,0.5,13,upsert,L0008,D_meaningful_value_flip,36.96
b03v2,base,agg_static@rho0.5,rep3_base_agg_static@rho0.5_b03v2,3,agg_static,0.5,14,upsert,L0006,B_no_decision_flip,10.24
b03v2,base,agg_static@rho0.5,rep3_base_agg_static@rho0.5_b03v2,3,agg_static,0.5,15,upsert,L0044,A_no_future_use,
b03v2,base,agg_static@rho0.5,rep3_base_agg_static@rho0.5_b03v2,3,agg_static,0.5,16,upsert,L0002,B_no_decision_flip,10.24
b03v2,base,agg_static@rho0.5,rep3_base_agg_static@rho0.5_b03v2,3,agg_static,0.5,17,upsert,L0052,A_no_future_use,
b03v2,base,agg_static@rho0.5,rep3_base_agg_static@rho0.5_b03v2,3,agg_static,0.5,18,upsert,L0021,B_no_decision_flip,0.0
b03v2,base,agg_static@rho0.5,rep3_base_agg_static@rho0.5_b03v2,3,agg_static,0.5,19,upsert,L0025,B_no_decision_flip,0.0
b03v2,base,agg_static@rho0.5,rep3_base_agg_static@rho0.5_b03v2,3,agg_static,0.5,20,upsert,L0062,D_meaningful_value_flip,38.96
b03v2,base,agg_static@rho0.5,rep3_base_agg_static@rho0.5_b03v2,3,agg_static,0.5,21,upsert,L0031,D_meaningful_value_flip,40.96
b03v2,base,agg_static@rho0.5,rep3_base_agg_static@rho0.5_b03v2,3,agg_static,0.5,22,upsert,L0001,D_meaningful_value_flip,40.96
b03v2,base,agg_static@rho0.5,rep3_base_agg_static@rho0.5_b03v2,3,agg_static,0.5,23,upsert,L0054,A_no_future_use,
b03v2,base,agg_static@rho0.5,rep3_base_agg_static@rho0.5_b03v2,3,agg_static,0.5,24,upsert,L0000,B_no_decision_flip,10.24
b03v2,base,agg_static@rho0.5,rep3_base_agg_static@rho0.5_b03v2,3,agg_static,0.5,25,upsert,L0017,A_no_future_use,
b03v2,base,agg_static@rho0.5,rep3_base_agg_static@rho0.5_b03v2,3,agg_static,0.5,26,upsert,L0016,B_no_decision_flip,0.0
b03v2,base,agg_static@rho0.5,rep3_base_agg_static@rho0.5_b03v2,3,agg_static,0.5,27,upsert,L0025,B_no_decision_flip,10.24
b03v2,base,agg_static@rho0.5,rep3_base_agg_static@rho0.5_b03v2,3,agg_static,0.5,28,upsert,L0036,A_no_future_use,
b03v2,base,agg_static@rho0.5,rep3_base_agg_static@rho0.5_b03v2,3,agg_static,0.5,29,upsert,L0000,B_no_decision_flip,0.0
b03v2,base,agg_static@rho0.5,rep3_base_agg_static@rho0.5_b03v2,3,agg_static,0.5,30,upsert,L0020,D_meaningful_value_flip,40.96
b03v2,base,agg_static@rho0.5,rep3_base_agg_static@rho0.5_b03v2,3,agg_static,0.5,31,upsert,L0019,D_meaningful_value_flip,40.96
b03v2,base,agg_static@rho0.5,rep3_base_agg_static@rho0.5_b03v2,3,agg_static,0.5,32,upsert,L0045,A_no_future_use,
b03v2,base,agg_static@rho0.5,rep3_base_agg_static@rho0.5_b03v2,3,agg_static,0.5,33,upsert,L0042,A_no_future_use,
b03v2,base,agg_static@rho0.5,rep3_base_agg_static@rho0.5_b03v2,3,agg_static,0.5,34,upsert,L0000,B_no_decision_flip,-20.48
b03v2,base,agg_static@rho0.5,rep3_base_agg_static@rho0.5_b03v2,3,agg_static,0.5,35,upsert,L0032,A_no_future_use,
b03v2,base,agg_static@rho0.5,rep3_base_agg_static@rho0.5_b03v2,3,agg_static,0.5,36,upsert,L0001,B_no_decision_flip,10.24
b03v2,base,agg_static@rho0.5,rep3_base_agg_static@rho0.5_b03v2,3,agg_static,0.5,37,upsert,L0059,A_no_future_use,
b03v2,base,agg_static@rho0.5,rep3_base_agg_static@rho0.5_b03v2,3,agg_static,0.5,38,upsert,L0050,A_no_future_use,
b03v2,base,agg_static@rho0.5,rep3_base_agg_static@rho0.5_b03v2,3,agg_static,0.5,39,upsert,L0009,A_no_future_use,
b03v2,base,agg_static@rho0.5,rep3_base_agg_static@rho0.5_b03v2,3,agg_static,0.5,40,upsert,L0018,A_no_future_use,
b03v2,base,agg_static@rho0.5,rep3_base_agg_static@rho0.5_b03v2,3,agg_static,0.5,41,upsert,L0004,A_no_future_use,
b03v2,base,agg_static@rho0.5,rep3_base_agg_static@rho0.5_b03v2,3,agg_static,0.5,42,upsert,L0053,A_no_future_use,
b03v2,base,agg_static@rho0.5,rep3_base_agg_static@rho0.5_b03v2,3,agg_static,0.5,43,upsert,L0055,A_no_future_use,
b03v2,base,agg_static@rho0.5,rep3_base_agg_static@rho0.5_b03v2,3,agg_static,0.5,44,upsert,L0043,A_no_future_use,
b03v2,base,agg_static@rho0.5,rep3_base_agg_static@rho0.5_b03v2,3,agg_static,0.5,45,upsert,L0018,A_no_future_use,
b03v2,base,agg_static@rho0.5,rep3_base_agg_static@rho0.5_b03v2,3,agg_static,0.5,46,upsert,L0034,A_no_future_use,
b03v2,base,agg_static@rho0.5,rep3_base_agg_static@rho0.5_b03v2,3,agg_static,0.5,47,upsert,L0016,A_no_future_use,
b03v2,base,agg_static@rho0.5,rep3_base_agg_static@rho0.5_b03v2,3,agg_static,0.5,48,upsert,L0005,A_no_future_use,
b03v2,base,agg_static@rho0.5,rep3_base_agg_static@rho0.5_b03v2,3,agg_static,0.5,49,upsert,L0002,A_no_future_use,
b03v2,base,agg_static@rho0.5,rep3_base_agg_static@rho0.5_b03v2,3,agg_static,0.5,50,upsert,L0037,D_meaningful_value_flip,40.96
b03v2,base,agg_static@rho0.5,rep3_base_agg_static@rho0.5_b03v2,3,agg_static,0.5,51,upsert,L0029,D_meaningful_value_flip,38.96
b03v2,base,agg_static@rho0.5,rep3_base_agg_static@rho0.5_b03v2,3,agg_static,0.5,52,upsert,L0021,A_no_future_use,
b03v2,base,agg_static@rho0.5,rep3_base_agg_static@rho0.5_b03v2,3,agg_static,0.5,53,upsert,L0003,A_no_future_use,
b03v2,base,agg_static@rho0.5,rep3_base_agg_static@rho0.5_b03v2,3,agg_static,0.5,54,upsert,L0060,A_no_future_use,
b03v2,base,agg_static@rho0.5,rep3_base_agg_static@rho0.5_b03v2,3,agg_static,0.5,55,upsert,L0038,B_no_decision_flip,10.24
b03v2,base,agg_static@rho0.5,rep3_base_agg_static@rho0.5_b03v2,3,agg_static,0.5,56,upsert,L0019,A_no_future_use,
b03v2,base,agg_static@rho0.5,rep3_base_agg_static@rho0.5_b03v2,3,agg_static,0.5,57,upsert,L0021,A_no_future_use,
b03v2,base,agg_static@rho0.5,rep3_base_agg_static@rho0.5_b03v2,3,agg_static,0.5,58,upsert,L0058,A_no_future_use,
b03v2,base,agg_static@rho0.5,rep3_base_agg_static@rho0.5_b03v2,3,agg_static,0.5,59,upsert,L0006,A_no_future_use,
b03v2,base,agg_static@rho0.5,rep3_base_agg_static@rho0.5_b03v2,3,agg_static,0.5,60,upsert,L0020,A_no_future_use,
b03v2,base,agg_static@rho0.5,rep3_base_agg_static@rho0.5_b03v2,3,agg_static,0.5,61,upsert,L0025,A_no_future_use,
b03v2,base,agg_static@rho0.5,rep3_base_agg_static@rho0.5_b03v2,3,agg_static,0.5,62,upsert,L0013,D_meaningful_value_flip,40.96
b03v2,base,agg_static@rho0.5,rep3_base_agg_static@rho0.5_b03v2,3,agg_static,0.5,63,upsert,L0024,A_no_future_use,
b03v2,base,agg_static@rho0.5,rep3_base_agg_static@rho0.5_b03v2,3,agg_static,0.5,64,upsert,L0001,B_no_decision_flip,0.0
b03v2,base,agg_static@rho0.5,rep3_base_agg_static@rho0.5_b03v2,3,agg_static,0.5,65,upsert,L0012,A_no_future_use,
b03v2,base,agg_static@rho0.5,rep3_base_agg_static@rho0.5_b03v2,3,agg_static,0.5,66,upsert,L0024,A_no_future_use,
b03v2,base,agg_static@rho0.5,rep3_base_agg_static@rho0.5_b03v2,3,agg_static,0.5,67,upsert,L0046,A_no_future_use,
b03v2,base,agg_static@rho0.5,rep3_base_agg_static@rho0.5_b03v2,3,agg_static,0.5,68,upsert,L0030,A_no_future_use,
b03v2,base,agg_static@rho0.5,rep3_base_agg_static@rho0.5_b03v2,3,agg_static,0.5,69,upsert,L0013,A_no_future_use,
b03v2,base,agg_static@rho0.5,rep3_base_agg_static@rho0.5_b03v2,3,agg_static,0.5,70,upsert,L0013,A_no_future_use,
b03v2,base,agg_static@rho0.5,rep3_base_agg_static@rho0.5_b03v2,3,agg_static,0.5,71,upsert,L0008,B_no_decision_flip,10.24
b03v2,base,agg_static@rho0.5,rep3_base_agg_static@rho0.5_b03v2,3,agg_static,0.5,72,upsert,L0037,A_no_future_use,
b03v2,base,agg_static@rho0.5,rep3_base_agg_static@rho0.5_b03v2,3,agg_static,0.5,73,upsert,L0015,D_meaningful_value_flip,40.96
b03v2,base,agg_static@rho0.5,rep3_base_agg_static@rho0.5_b03v2,3,agg_static,0.5,74,upsert,L0000,A_no_future_use,
b03v2,base,agg_static@rho0.5,rep3_base_agg_static@rho0.5_b03v2,3,agg_static,0.5,75,upsert,L0001,B_no_decision_flip,-20.48
b03v2,base,agg_static@rho0.5,rep3_base_agg_static@rho0.5_b03v2,3,agg_static,0.5,76,upsert,L0063,A_no_future_use,
b03v2,base,agg_static@rho0.5,rep3_base_agg_static@rho0.5_b03v2,3,agg_static,0.5,77,upsert,L0011,A_no_future_use,
b03v2,base,agg_static@rho0.5,rep3_base_agg_static@rho0.5_b03v2,3,agg_static,0.5,78,upsert,L0062,B_no_decision_flip,10.24
b03v2,base,agg_static@rho0.5,rep3_base_agg_static@rho0.5_b03v2,3,agg_static,0.5,79,upsert,L0007,D_meaningful_value_flip,36.96
b03v2,base,agg_static@rho0.5,rep3_base_agg_static@rho0.5_b03v2,3,agg_static,0.5,80,upsert,L0061,A_no_future_use,
b03v2,base,agg_static@rho0.5,rep3_base_agg_static@rho0.5_b03v2,3,agg_static,0.5,81,upsert,L0001,B_no_decision_flip,10.24
b03v2,base,agg_static@rho0.5,rep3_base_agg_static@rho0.5_b03v2,3,agg_static,0.5,82,upsert,L0010,D_meaningful_value_flip,40.96
b03v2,base,agg_static@rho0.5,rep3_base_agg_static@rho0.5_b03v2,3,agg_static,0.5,83,upsert,L0029,A_no_future_use,
b03v2,base,agg_static@rho0.5,rep3_base_agg_static@rho0.5_b03v2,3,agg_static,0.5,84,upsert,L0031,A_no_future_use,
b03v2,base,agg_static@rho0.5,rep3_base_agg_static@rho0.5_b03v2,3,agg_static,0.5,85,upsert,L0001,B_no_decision_flip,10.24
b03v2,base,agg_static@rho0.5,rep3_base_agg_static@rho0.5_b03v2,3,agg_static,0.5,86,upsert,L0038,B_no_decision_flip,0.0
b03v2,base,agg_static@rho0.5,rep3_base_agg_static@rho0.5_b03v2,3,agg_static,0.5,87,upsert,L0007,A_no_future_use,
b03v2,base,agg_static@rho0.5,rep3_base_agg_static@rho0.5_b03v2,3,agg_static,0.5,88,upsert,L0015,A_no_future_use,
b03v2,base,agg_static@rho0.5,rep3_base_agg_static@rho0.5_b03v2,3,agg_static,0.5,89,upsert,L0001,A_no_future_use,
b03v2,base,agg_static@rho0.5,rep3_base_agg_static@rho0.5_b03v2,3,agg_static,0.5,90,upsert,L0015,A_no_future_use,
b03v2,base,agg_static@rho0.5,rep3_base_agg_static@rho0.5_b03v2,3,agg_static,0.5,91,upsert,L0010,A_no_future_use,
b03v2,base,agg_static@rho0.5,rep3_base_agg_static@rho0.5_b03v2,3,agg_static,0.5,92,upsert,L0062,A_no_future_use,
b03v2,base,agg_static@rho0.5,rep3_base_agg_static@rho0.5_b03v2,3,agg_static,0.5,93,upsert,L0038,A_no_future_use,
b03v2,base,agg_static@rho0.5,rep3_base_agg_static@rho0.5_b03v2,3,agg_static,0.5,94,upsert,L0001,A_no_future_use,
b03v2,base,agg_static@rho0.5,rep3_base_agg_static@rho0.5_b03v2,3,agg_static,0.5,95,upsert,L0008,A_no_future_use,
b03v2,base,agg_static@rho0.5,rep3_base_agg_static@rho0.5_b03v2,3,agg_static,0.5,96,upsert,L0065,B_no_decision_flip,0.0
b03v2,base,agg_static@rho0.5,rep3_base_agg_static@rho0.5_b03v2,3,agg_static,0.5,97,upsert,L0070,D_meaningful_value_flip,38.96
b03v2,base,agg_static@rho0.5,rep3_base_agg_static@rho0.5_b03v2,3,agg_static,0.5,98,upsert,L0102,A_no_future_use,
b03v2,base,agg_static@rho0.5,rep3_base_agg_static@rho0.5_b03v2,3,agg_static,0.5,99,upsert,L0068,D_meaningful_value_flip,38.96
b03v2,base,agg_static@rho0.5,rep3_base_agg_static@rho0.5_b03v2,3,agg_static,0.5,100,upsert,L0106,D_meaningful_value_flip,40.96
b03v2,base,agg_static@rho0.5,rep3_base_agg_static@rho0.5_b03v2,3,agg_static,0.5,101,upsert,L0074,B_no_decision_flip,0.0
b03v2,base,agg_static@rho0.5,rep3_base_agg_static@rho0.5_b03v2,3,agg_static,0.5,102,upsert,L0091,D_meaningful_value_flip,40.96
b03v2,base,agg_static@rho0.5,rep3_base_agg_static@rho0.5_b03v2,3,agg_static,0.5,103,upsert,L0095,B_no_decision_flip,0.0
b03v2,base,agg_static@rho0.5,rep3_base_agg_static@rho0.5_b03v2,3,agg_static,0.5,104,upsert,L0074,D_meaningful_value_flip,10.24
b03v2,base,agg_static@rho0.5,rep3_base_agg_static@rho0.5_b03v2,3,agg_static,0.5,105,upsert,L0083,D_meaningful_value_flip,38.96
b03v2,base,agg_static@rho0.5,rep3_base_agg_static@rho0.5_b03v2,3,agg_static,0.5,106,upsert,L0109,A_no_future_use,
b03v2,base,agg_static@rho0.5,rep3_base_agg_static@rho0.5_b03v2,3,agg_static,0.5,107,upsert,L0068,B_no_decision_flip,0.0
b03v2,base,agg_static@rho0.5,rep3_base_agg_static@rho0.5_b03v2,3,agg_static,0.5,108,upsert,L0068,B_no_decision_flip,10.24
b03v2,base,agg_static@rho0.5,rep3_base_agg_static@rho0.5_b03v2,3,agg_static,0.5,109,upsert,L0081,B_no_decision_flip,0.0
b03v2,base,agg_static@rho0.5,rep3_base_agg_static@rho0.5_b03v2,3,agg_static,0.5,110,upsert,L0110,A_no_future_use,
b03v2,base,agg_static@rho0.5,rep3_base_agg_static@rho0.5_b03v2,3,agg_static,0.5,111,upsert,L0097,B_no_decision_flip,0.0
b03v2,base,agg_static@rho0.5,rep3_base_agg_static@rho0.5_b03v2,3,agg_static,0.5,112,upsert,L0114,D_meaningful_value_flip,38.96
b03v2,base,agg_static@rho0.5,rep3_base_agg_static@rho0.5_b03v2,3,agg_static,0.5,113,upsert,L0065,B_no_decision_flip,0.0
b03v2,base,agg_static@rho0.5,rep3_base_agg_static@rho0.5_b03v2,3,agg_static,0.5,114,upsert,L0099,D_meaningful_value_flip,38.96
b03v2,base,agg_static@rho0.5,rep3_base_agg_static@rho0.5_b03v2,3,agg_static,0.5,115,upsert,L0111,D_meaningful_value_flip,40.96
b03v2,base,agg_static@rho0.5,rep3_base_agg_static@rho0.5_b03v2,3,agg_static,0.5,116,upsert,L0064,D_meaningful_value_flip,40.96
b03v2,base,agg_static@rho0.5,rep3_base_agg_static@rho0.5_b03v2,3,agg_static,0.5,117,upsert,L0065,B_no_decision_flip,10.24
b03v2,base,agg_static@rho0.5,rep3_base_agg_static@rho0.5_b03v2,3,agg_static,0.5,118,upsert,L0083,B_no_decision_flip,0.0
b03v2,base,agg_static@rho0.5,rep3_base_agg_static@rho0.5_b03v2,3,agg_static,0.5,119,upsert,L0072,D_meaningful_value_flip,40.96
b03v2,base,agg_static@rho0.5,rep3_base_agg_static@rho0.5_b03v2,3,agg_static,0.5,120,upsert,L0125,D_meaningful_value_flip,38.96
b03v2,base,agg_static@rho0.5,rep3_base_agg_static@rho0.5_b03v2,3,agg_static,0.5,121,upsert,L0071,B_no_decision_flip,0.0
b03v2,base,agg_static@rho0.5,rep3_base_agg_static@rho0.5_b03v2,3,agg_static,0.5,122,upsert,L0069,B_no_decision_flip,0.0
b03v2,base,agg_static@rho0.5,rep3_base_agg_static@rho0.5_b03v2,3,agg_static,0.5,123,upsert,L0100,A_no_future_use,
b03v2,base,agg_static@rho0.5,rep3_base_agg_static@rho0.5_b03v2,3,agg_static,0.5,124,upsert,L0090,A_no_future_use,
b03v2,base,agg_static@rho0.5,rep3_base_agg_static@rho0.5_b03v2,3,agg_static,0.5,125,upsert,L0064,B_no_decision_flip,10.24
b03v2,base,agg_static@rho0.5,rep3_base_agg_static@rho0.5_b03v2,3,agg_static,0.5,126,upsert,L0071,D_meaningful_value_flip,12.24
b03v2,base,agg_static@rho0.5,rep3_base_agg_static@rho0.5_b03v2,3,agg_static,0.5,127,upsert,L0066,B_no_decision_flip,0.0
b03v2,base,agg_static@rho0.5,rep3_base_agg_static@rho0.5_b03v2,3,agg_static,0.5,128,upsert,L0065,B_no_decision_flip,-20.48
b03v2,base,agg_static@rho0.5,rep3_base_agg_static@rho0.5_b03v2,3,agg_static,0.5,129,upsert,L0090,A_no_future_use,
b03v2,base,agg_static@rho0.5,rep3_base_agg_static@rho0.5_b03v2,3,agg_static,0.5,130,upsert,L0095,B_no_decision_flip,10.24
b03v2,base,agg_static@rho0.5,rep3_base_agg_static@rho0.5_b03v2,3,agg_static,0.5,131,upsert,L0093,A_no_future_use,
b03v2,base,agg_static@rho0.5,rep3_base_agg_static@rho0.5_b03v2,3,agg_static,0.5,132,upsert,L0081,B_no_decision_flip,10.24
b03v2,base,agg_static@rho0.5,rep3_base_agg_static@rho0.5_b03v2,3,agg_static,0.5,133,upsert,L0072,A_no_future_use,
b03v2,base,agg_static@rho0.5,rep3_base_agg_static@rho0.5_b03v2,3,agg_static,0.5,134,upsert,L0092,B_no_decision_flip,0.0
b03v2,base,agg_static@rho0.5,rep3_base_agg_static@rho0.5_b03v2,3,agg_static,0.5,135,upsert,L0083,B_no_decision_flip,10.24
b03v2,base,agg_static@rho0.5,rep3_base_agg_static@rho0.5_b03v2,3,agg_static,0.5,136,upsert,L0111,B_no_decision_flip,10.24
b03v2,base,agg_static@rho0.5,rep3_base_agg_static@rho0.5_b03v2,3,agg_static,0.5,137,upsert,L0092,C_low_value_flip,0.0
b03v2,base,agg_static@rho0.5,rep3_base_agg_static@rho0.5_b03v2,3,agg_static,0.5,138,upsert,L0079,D_meaningful_value_flip,40.96
b03v2,base,agg_static@rho0.5,rep3_base_agg_static@rho0.5_b03v2,3,agg_static,0.5,139,upsert,L0070,B_no_decision_flip,10.24
b03v2,base,agg_static@rho0.5,rep3_base_agg_static@rho0.5_b03v2,3,agg_static,0.5,140,upsert,L0097,A_no_future_use,
b03v2,base,agg_static@rho0.5,rep3_base_agg_static@rho0.5_b03v2,3,agg_static,0.5,141,upsert,L0064,B_no_decision_flip,10.24
b03v2,base,agg_static@rho0.5,rep3_base_agg_static@rho0.5_b03v2,3,agg_static,0.5,142,upsert,L0066,B_no_decision_flip,10.24
b03v2,base,agg_static@rho0.5,rep3_base_agg_static@rho0.5_b03v2,3,agg_static,0.5,143,upsert,L0067,B_no_decision_flip,0.0
b03v2,base,agg_static@rho0.5,rep3_base_agg_static@rho0.5_b03v2,3,agg_static,0.5,144,upsert,L0083,B_no_decision_flip,-20.48
b03v2,base,agg_static@rho0.5,rep3_base_agg_static@rho0.5_b03v2,3,agg_static,0.5,145,upsert,L0068,B_no_decision_flip,0.0
b03v2,base,agg_static@rho0.5,rep3_base_agg_static@rho0.5_b03v2,3,agg_static,0.5,146,upsert,L0106,A_no_future_use,
b03v2,base,agg_static@rho0.5,rep3_base_agg_static@rho0.5_b03v2,3,agg_static,0.5,147,upsert,L0087,D_meaningful_value_flip,38.96
b03v2,base,agg_static@rho0.5,rep3_base_agg_static@rho0.5_b03v2,3,agg_static,0.5,148,upsert,L0111,A_no_future_use,
b03v2,base,agg_static@rho0.5,rep3_base_agg_static@rho0.5_b03v2,3,agg_static,0.5,149,upsert,L0064,B_no_decision_flip,-20.48
b03v2,base,agg_static@rho0.5,rep3_base_agg_static@rho0.5_b03v2,3,agg_static,0.5,150,upsert,L0071,B_no_decision_flip,10.24
b03v2,base,agg_static@rho0.5,rep3_base_agg_static@rho0.5_b03v2,3,agg_static,0.5,151,upsert,L0067,D_meaningful_value_flip,10.24
b03v2,base,agg_static@rho0.5,rep3_base_agg_static@rho0.5_b03v2,3,agg_static,0.5,152,upsert,L0078,A_no_future_use,
b03v2,base,agg_static@rho0.5,rep3_base_agg_static@rho0.5_b03v2,3,agg_static,0.5,153,upsert,L0096,A_no_future_use,
b03v2,base,agg_static@rho0.5,rep3_base_agg_static@rho0.5_b03v2,3,agg_static,0.5,154,upsert,L0076,B_no_decision_flip,0.0
b03v2,base,agg_static@rho0.5,rep3_base_agg_static@rho0.5_b03v2,3,agg_static,0.5,155,upsert,L0076,C_low_value_flip,0.0
b03v2,base,agg_static@rho0.5,rep3_base_agg_static@rho0.5_b03v2,3,agg_static,0.5,156,upsert,L0065,A_no_future_use,
b03v2,base,agg_static@rho0.5,rep3_base_agg_static@rho0.5_b03v2,3,agg_static,0.5,157,upsert,L0068,B_no_decision_flip,10.24
b03v2,base,agg_static@rho0.5,rep3_base_agg_static@rho0.5_b03v2,3,agg_static,0.5,158,upsert,L0075,D_meaningful_value_flip,40.96
b03v2,base,agg_static@rho0.5,rep3_base_agg_static@rho0.5_b03v2,3,agg_static,0.5,159,upsert,L0081,A_no_future_use,
b03v2,base,agg_static@rho0.5,rep3_base_agg_static@rho0.5_b03v2,3,agg_static,0.5,160,upsert,L0074,B_no_decision_flip,0.0
b03v2,base,agg_static@rho0.5,rep3_base_agg_static@rho0.5_b03v2,3,agg_static,0.5,161,upsert,L0066,B_no_decision_flip,10.24
b03v2,base,agg_static@rho0.5,rep3_base_agg_static@rho0.5_b03v2,3,agg_static,0.5,162,upsert,L0116,A_no_future_use,
b03v2,base,agg_static@rho0.5,rep3_base_agg_static@rho0.5_b03v2,3,agg_static,0.5,163,upsert,L0092,A_no_future_use,
b03v2,base,agg_static@rho0.5,rep3_base_agg_static@rho0.5_b03v2,3,agg_static,0.5,164,upsert,L0083,A_no_future_use,
b03v2,base,agg_static@rho0.5,rep3_base_agg_static@rho0.5_b03v2,3,agg_static,0.5,165,upsert,L0099,A_no_future_use,
b03v2,base,agg_static@rho0.5,rep3_base_agg_static@rho0.5_b03v2,3,agg_static,0.5,166,upsert,L0067,A_no_future_use,
b03v2,base,agg_static@rho0.5,rep3_base_agg_static@rho0.5_b03v2,3,agg_static,0.5,167,upsert,L0091,A_no_future_use,
b03v2,base,agg_static@rho0.5,rep3_base_agg_static@rho0.5_b03v2,3,agg_static,0.5,168,upsert,L0069,A_no_future_use,
b03v2,base,agg_static@rho0.5,rep3_base_agg_static@rho0.5_b03v2,3,agg_static,0.5,169,upsert,L0075,B_no_decision_flip,0.0
b03v2,base,agg_static@rho0.5,rep3_base_agg_static@rho0.5_b03v2,3,agg_static,0.5,170,upsert,L0087,A_no_future_use,
b03v2,base,agg_static@rho0.5,rep3_base_agg_static@rho0.5_b03v2,3,agg_static,0.5,171,upsert,L0069,A_no_future_use,
b03v2,base,agg_static@rho0.5,rep3_base_agg_static@rho0.5_b03v2,3,agg_static,0.5,172,upsert,L0105,A_no_future_use,
b03v2,base,agg_static@rho0.5,rep3_base_agg_static@rho0.5_b03v2,3,agg_static,0.5,173,upsert,L0066,A_no_future_use,
b03v2,base,agg_static@rho0.5,rep3_base_agg_static@rho0.5_b03v2,3,agg_static,0.5,174,upsert,L0071,A_no_future_use,
b03v2,base,agg_static@rho0.5,rep3_base_agg_static@rho0.5_b03v2,3,agg_static,0.5,175,upsert,L0070,A_no_future_use,
b03v2,base,agg_static@rho0.5,rep3_base_agg_static@rho0.5_b03v2,3,agg_static,0.5,176,upsert,L0076,A_no_future_use,
b03v2,base,agg_static@rho0.5,rep3_base_agg_static@rho0.5_b03v2,3,agg_static,0.5,177,upsert,L0066,A_no_future_use,
b03v2,base,agg_static@rho0.5,rep3_base_agg_static@rho0.5_b03v2,3,agg_static,0.5,178,upsert,L0089,A_no_future_use,
b03v2,base,agg_static@rho0.5,rep3_base_agg_static@rho0.5_b03v2,3,agg_static,0.5,179,upsert,L0075,A_no_future_use,
b03v2,base,agg_static@rho0.5,rep3_base_agg_static@rho0.5_b03v2,3,agg_static,0.5,180,upsert,L0073,A_no_future_use,
b03v2,base,agg_static@rho0.5,rep3_base_agg_static@rho0.5_b03v2,3,agg_static,0.5,181,upsert,L0064,A_no_future_use,
b03v2,base,agg_static@rho0.5,rep3_base_agg_static@rho0.5_b03v2,3,agg_static,0.5,182,upsert,L0114,A_no_future_use,
b03v2,base,agg_static@rho0.5,rep3_base_agg_static@rho0.5_b03v2,3,agg_static,0.5,183,upsert,L0071,A_no_future_use,
b03v2,base,agg_static@rho0.5,rep3_base_agg_static@rho0.5_b03v2,3,agg_static,0.5,184,upsert,L0108,A_no_future_use,
b03v2,base,agg_static@rho0.5,rep3_base_agg_static@rho0.5_b03v2,3,agg_static,0.5,185,upsert,L0125,A_no_future_use,
b03v2,base,agg_static@rho0.5,rep3_base_agg_static@rho0.5_b03v2,3,agg_static,0.5,186,upsert,L0074,A_no_future_use,
b03v2,base,agg_static@rho0.5,rep3_base_agg_static@rho0.5_b03v2,3,agg_static,0.5,187,upsert,L0104,A_no_future_use,
b03v2,base,agg_static@rho0.5,rep3_base_agg_static@rho0.5_b03v2,3,agg_static,0.5,188,upsert,L0121,A_no_future_use,
b03v2,base,agg_static@rho0.5,rep3_base_agg_static@rho0.5_b03v2,3,agg_static,0.5,189,upsert,L0079,A_no_future_use,
b03v2,base,agg_static@rho0.5,rep3_base_agg_static@rho0.5_b03v2,3,agg_static,0.5,190,upsert,L0095,A_no_future_use,
b03v2,base,agg_static@rho0.5,rep3_base_agg_static@rho0.5_b03v2,3,agg_static,0.5,191,upsert,L0068,A_no_future_use,
b03v2,base,exact_fifo@rho1.2,rep3_base_exact_fifo@rho1.2_b03v2,3,exact_fifo,1.2,0,upsert,L0003,D_meaningful_value_flip,40.96
b03v2,base,exact_fifo@rho1.2,rep3_base_exact_fifo@rho1.2_b03v2,3,exact_fifo,1.2,1,upsert,L0045,D_meaningful_value_flip,40.96
b03v2,base,exact_fifo@rho1.2,rep3_base_exact_fifo@rho1.2_b03v2,3,exact_fifo,1.2,2,upsert,L0000,D_meaningful_value_flip,38.96
b03v2,base,exact_fifo@rho1.2,rep3_base_exact_fifo@rho1.2_b03v2,3,exact_fifo,1.2,3,upsert,L0006,B_no_decision_flip,0.0
b03v2,base,exact_fifo@rho1.2,rep3_base_exact_fifo@rho1.2_b03v2,3,exact_fifo,1.2,4,upsert,L0002,D_meaningful_value_flip,40.96
b03v2,base,exact_fifo@rho1.2,rep3_base_exact_fifo@rho1.2_b03v2,3,exact_fifo,1.2,5,upsert,L0005,D_meaningful_value_flip,40.96
b03v2,base,exact_fifo@rho1.2,rep3_base_exact_fifo@rho1.2_b03v2,3,exact_fifo,1.2,6,upsert,L0040,A_no_future_use,
b03v2,base,exact_fifo@rho1.2,rep3_base_exact_fifo@rho1.2_b03v2,3,exact_fifo,1.2,7,upsert,L0012,D_meaningful_value_flip,40.96
b03v2,base,exact_fifo@rho1.2,rep3_base_exact_fifo@rho1.2_b03v2,3,exact_fifo,1.2,8,upsert,L0038,D_meaningful_value_flip,38.96
b03v2,base,exact_fifo@rho1.2,rep3_base_exact_fifo@rho1.2_b03v2,3,exact_fifo,1.2,9,upsert,L0056,A_no_future_use,
b03v2,base,exact_fifo@rho1.2,rep3_base_exact_fifo@rho1.2_b03v2,3,exact_fifo,1.2,10,upsert,L0036,A_no_future_use,
b03v2,base,exact_fifo@rho1.2,rep3_base_exact_fifo@rho1.2_b03v2,3,exact_fifo,1.2,11,upsert,L0030,D_meaningful_value_flip,40.96
b03v2,base,exact_fifo@rho1.2,rep3_base_exact_fifo@rho1.2_b03v2,3,exact_fifo,1.2,12,upsert,L0032,A_no_future_use,
b03v2,base,exact_fifo@rho1.2,rep3_base_exact_fifo@rho1.2_b03v2,3,exact_fifo,1.2,13,upsert,L0008,D_meaningful_value_flip,38.96
b03v2,base,exact_fifo@rho1.2,rep3_base_exact_fifo@rho1.2_b03v2,3,exact_fifo,1.2,14,upsert,L0006,B_no_decision_flip,10.24
b03v2,base,exact_fifo@rho1.2,rep3_base_exact_fifo@rho1.2_b03v2,3,exact_fifo,1.2,15,upsert,L0044,A_no_future_use,
b03v2,base,exact_fifo@rho1.2,rep3_base_exact_fifo@rho1.2_b03v2,3,exact_fifo,1.2,16,upsert,L0002,A_no_future_use,
b03v2,base,exact_fifo@rho1.2,rep3_base_exact_fifo@rho1.2_b03v2,3,exact_fifo,1.2,17,upsert,L0052,A_no_future_use,
b03v2,base,exact_fifo@rho1.2,rep3_base_exact_fifo@rho1.2_b03v2,3,exact_fifo,1.2,18,upsert,L0021,B_no_decision_flip,0.0
b03v2,base,exact_fifo@rho1.2,rep3_base_exact_fifo@rho1.2_b03v2,3,exact_fifo,1.2,19,upsert,L0025,A_no_future_use,
b03v2,base,exact_fifo@rho1.2,rep3_base_exact_fifo@rho1.2_b03v2,3,exact_fifo,1.2,20,upsert,L0062,D_meaningful_value_flip,40.96
b03v2,base,exact_fifo@rho1.2,rep3_base_exact_fifo@rho1.2_b03v2,3,exact_fifo,1.2,21,upsert,L0031,D_meaningful_value_flip,40.96
b03v2,base,exact_fifo@rho1.2,rep3_base_exact_fifo@rho1.2_b03v2,3,exact_fifo,1.2,22,upsert,L0001,D_meaningful_value_flip,40.96
b03v2,base,exact_fifo@rho1.2,rep3_base_exact_fifo@rho1.2_b03v2,3,exact_fifo,1.2,23,upsert,L0054,A_no_future_use,
b03v2,base,exact_fifo@rho1.2,rep3_base_exact_fifo@rho1.2_b03v2,3,exact_fifo,1.2,24,upsert,L0000,B_no_decision_flip,0.0
b03v2,base,exact_fifo@rho1.2,rep3_base_exact_fifo@rho1.2_b03v2,3,exact_fifo,1.2,25,upsert,L0017,A_no_future_use,
b03v2,base,exact_fifo@rho1.2,rep3_base_exact_fifo@rho1.2_b03v2,3,exact_fifo,1.2,26,upsert,L0016,A_no_future_use,
b03v2,base,exact_fifo@rho1.2,rep3_base_exact_fifo@rho1.2_b03v2,3,exact_fifo,1.2,27,upsert,L0025,A_no_future_use,
b03v2,base,exact_fifo@rho1.2,rep3_base_exact_fifo@rho1.2_b03v2,3,exact_fifo,1.2,28,upsert,L0036,A_no_future_use,
b03v2,base,exact_fifo@rho1.2,rep3_base_exact_fifo@rho1.2_b03v2,3,exact_fifo,1.2,29,upsert,L0000,A_no_future_use,
b03v2,base,exact_fifo@rho1.2,rep3_base_exact_fifo@rho1.2_b03v2,3,exact_fifo,1.2,30,upsert,L0020,A_no_future_use,
b03v2,base,exact_fifo@rho1.2,rep3_base_exact_fifo@rho1.2_b03v2,3,exact_fifo,1.2,31,upsert,L0019,A_no_future_use,
b03v2,base,exact_fifo@rho1.2,rep3_base_exact_fifo@rho1.2_b03v2,3,exact_fifo,1.2,32,upsert,L0045,A_no_future_use,
b03v2,base,exact_fifo@rho1.2,rep3_base_exact_fifo@rho1.2_b03v2,3,exact_fifo,1.2,33,upsert,L0042,A_no_future_use,
b03v2,base,exact_fifo@rho1.2,rep3_base_exact_fifo@rho1.2_b03v2,3,exact_fifo,1.2,34,upsert,L0000,A_no_future_use,
b03v2,base,exact_fifo@rho1.2,rep3_base_exact_fifo@rho1.2_b03v2,3,exact_fifo,1.2,35,upsert,L0032,A_no_future_use,
b03v2,base,exact_fifo@rho1.2,rep3_base_exact_fifo@rho1.2_b03v2,3,exact_fifo,1.2,36,upsert,L0001,D_meaningful_value_flip,8.24
b03v2,base,exact_fifo@rho1.2,rep3_base_exact_fifo@rho1.2_b03v2,3,exact_fifo,1.2,37,upsert,L0059,A_no_future_use,
b03v2,base,exact_fifo@rho1.2,rep3_base_exact_fifo@rho1.2_b03v2,3,exact_fifo,1.2,38,upsert,L0050,A_no_future_use,
b03v2,base,exact_fifo@rho1.2,rep3_base_exact_fifo@rho1.2_b03v2,3,exact_fifo,1.2,39,upsert,L0009,A_no_future_use,
b03v2,base,exact_fifo@rho1.2,rep3_base_exact_fifo@rho1.2_b03v2,3,exact_fifo,1.2,40,upsert,L0018,A_no_future_use,
b03v2,base,exact_fifo@rho1.2,rep3_base_exact_fifo@rho1.2_b03v2,3,exact_fifo,1.2,41,upsert,L0004,A_no_future_use,
b03v2,base,exact_fifo@rho1.2,rep3_base_exact_fifo@rho1.2_b03v2,3,exact_fifo,1.2,42,upsert,L0053,A_no_future_use,
b03v2,base,exact_fifo@rho1.2,rep3_base_exact_fifo@rho1.2_b03v2,3,exact_fifo,1.2,43,upsert,L0055,A_no_future_use,
b03v2,base,exact_fifo@rho1.2,rep3_base_exact_fifo@rho1.2_b03v2,3,exact_fifo,1.2,44,upsert,L0043,A_no_future_use,
b03v2,base,exact_fifo@rho1.2,rep3_base_exact_fifo@rho1.2_b03v2,3,exact_fifo,1.2,45,upsert,L0018,A_no_future_use,
b03v2,base,exact_fifo@rho1.2,rep3_base_exact_fifo@rho1.2_b03v2,3,exact_fifo,1.2,46,upsert,L0034,A_no_future_use,
b03v2,base,exact_fifo@rho1.2,rep3_base_exact_fifo@rho1.2_b03v2,3,exact_fifo,1.2,47,upsert,L0016,A_no_future_use,
b03v2,base,exact_fifo@rho1.2,rep3_base_exact_fifo@rho1.2_b03v2,3,exact_fifo,1.2,48,upsert,L0005,A_no_future_use,
b03v2,base,exact_fifo@rho1.2,rep3_base_exact_fifo@rho1.2_b03v2,3,exact_fifo,1.2,49,upsert,L0002,A_no_future_use,
b03v2,base,exact_fifo@rho1.2,rep3_base_exact_fifo@rho1.2_b03v2,3,exact_fifo,1.2,50,upsert,L0037,A_no_future_use,
b03v2,base,exact_fifo@rho1.2,rep3_base_exact_fifo@rho1.2_b03v2,3,exact_fifo,1.2,51,upsert,L0029,A_no_future_use,
b03v2,base,exact_fifo@rho1.2,rep3_base_exact_fifo@rho1.2_b03v2,3,exact_fifo,1.2,52,upsert,L0021,A_no_future_use,
b03v2,base,exact_fifo@rho1.2,rep3_base_exact_fifo@rho1.2_b03v2,3,exact_fifo,1.2,53,upsert,L0003,A_no_future_use,
b03v2,base,exact_fifo@rho1.2,rep3_base_exact_fifo@rho1.2_b03v2,3,exact_fifo,1.2,54,upsert,L0060,A_no_future_use,
b03v2,base,exact_fifo@rho1.2,rep3_base_exact_fifo@rho1.2_b03v2,3,exact_fifo,1.2,55,upsert,L0038,A_no_future_use,
b03v2,base,exact_fifo@rho1.2,rep3_base_exact_fifo@rho1.2_b03v2,3,exact_fifo,1.2,56,upsert,L0019,A_no_future_use,
b03v2,base,exact_fifo@rho1.2,rep3_base_exact_fifo@rho1.2_b03v2,3,exact_fifo,1.2,57,upsert,L0021,A_no_future_use,
b03v2,base,exact_fifo@rho1.2,rep3_base_exact_fifo@rho1.2_b03v2,3,exact_fifo,1.2,58,upsert,L0058,A_no_future_use,
b03v2,base,exact_fifo@rho1.2,rep3_base_exact_fifo@rho1.2_b03v2,3,exact_fifo,1.2,59,upsert,L0006,A_no_future_use,
b03v2,base,exact_fifo@rho1.2,rep3_base_exact_fifo@rho1.2_b03v2,3,exact_fifo,1.2,60,upsert,L0020,A_no_future_use,
b03v2,base,exact_fifo@rho1.2,rep3_base_exact_fifo@rho1.2_b03v2,3,exact_fifo,1.2,61,upsert,L0025,A_no_future_use,
b03v2,base,exact_fifo@rho1.2,rep3_base_exact_fifo@rho1.2_b03v2,3,exact_fifo,1.2,62,upsert,L0013,A_no_future_use,
b03v2,base,exact_fifo@rho1.2,rep3_base_exact_fifo@rho1.2_b03v2,3,exact_fifo,1.2,63,upsert,L0024,A_no_future_use,
b03v2,base,exact_fifo@rho1.2,rep3_base_exact_fifo@rho1.2_b03v2,3,exact_fifo,1.2,64,upsert,L0001,A_no_future_use,
b03v2,base,exact_fifo@rho1.2,rep3_base_exact_fifo@rho1.2_b03v2,3,exact_fifo,1.2,65,upsert,L0012,A_no_future_use,
b03v2,base,exact_fifo@rho1.2,rep3_base_exact_fifo@rho1.2_b03v2,3,exact_fifo,1.2,66,upsert,L0024,A_no_future_use,
b03v2,base,exact_fifo@rho1.2,rep3_base_exact_fifo@rho1.2_b03v2,3,exact_fifo,1.2,67,upsert,L0046,A_no_future_use,
b03v2,base,exact_fifo@rho1.2,rep3_base_exact_fifo@rho1.2_b03v2,3,exact_fifo,1.2,68,upsert,L0030,A_no_future_use,
b03v2,base,exact_fifo@rho1.2,rep3_base_exact_fifo@rho1.2_b03v2,3,exact_fifo,1.2,69,upsert,L0013,A_no_future_use,
b03v2,base,exact_fifo@rho1.2,rep3_base_exact_fifo@rho1.2_b03v2,3,exact_fifo,1.2,70,upsert,L0013,A_no_future_use,
b03v2,base,exact_fifo@rho1.2,rep3_base_exact_fifo@rho1.2_b03v2,3,exact_fifo,1.2,71,upsert,L0008,A_no_future_use,
b03v2,base,exact_fifo@rho1.2,rep3_base_exact_fifo@rho1.2_b03v2,3,exact_fifo,1.2,72,upsert,L0037,A_no_future_use,
b03v2,base,exact_fifo@rho1.2,rep3_base_exact_fifo@rho1.2_b03v2,3,exact_fifo,1.2,73,upsert,L0015,A_no_future_use,
b03v2,base,exact_fifo@rho1.2,rep3_base_exact_fifo@rho1.2_b03v2,3,exact_fifo,1.2,74,upsert,L0000,A_no_future_use,
b03v2,base,exact_fifo@rho1.2,rep3_base_exact_fifo@rho1.2_b03v2,3,exact_fifo,1.2,75,upsert,L0001,A_no_future_use,
b03v2,base,exact_fifo@rho1.2,rep3_base_exact_fifo@rho1.2_b03v2,3,exact_fifo,1.2,76,upsert,L0063,A_no_future_use,
b03v2,base,exact_fifo@rho1.2,rep3_base_exact_fifo@rho1.2_b03v2,3,exact_fifo,1.2,77,upsert,L0011,A_no_future_use,
b03v2,base,exact_fifo@rho1.2,rep3_base_exact_fifo@rho1.2_b03v2,3,exact_fifo,1.2,78,upsert,L0062,A_no_future_use,
b03v2,base,exact_fifo@rho1.2,rep3_base_exact_fifo@rho1.2_b03v2,3,exact_fifo,1.2,79,upsert,L0007,A_no_future_use,
b03v2,base,exact_fifo@rho1.2,rep3_base_exact_fifo@rho1.2_b03v2,3,exact_fifo,1.2,80,upsert,L0061,A_no_future_use,
b03v2,base,exact_fifo@rho1.2,rep3_base_exact_fifo@rho1.2_b03v2,3,exact_fifo,1.2,81,upsert,L0001,A_no_future_use,
b03v2,base,exact_fifo@rho1.2,rep3_base_exact_fifo@rho1.2_b03v2,3,exact_fifo,1.2,82,upsert,L0010,A_no_future_use,
b03v2,base,exact_fifo@rho1.2,rep3_base_exact_fifo@rho1.2_b03v2,3,exact_fifo,1.2,83,upsert,L0029,A_no_future_use,
b03v2,base,exact_fifo@rho1.2,rep3_base_exact_fifo@rho1.2_b03v2,3,exact_fifo,1.2,84,upsert,L0031,A_no_future_use,
b03v2,base,exact_fifo@rho1.2,rep3_base_exact_fifo@rho1.2_b03v2,3,exact_fifo,1.2,85,upsert,L0001,A_no_future_use,
b03v2,base,exact_fifo@rho1.2,rep3_base_exact_fifo@rho1.2_b03v2,3,exact_fifo,1.2,86,upsert,L0038,A_no_future_use,
b03v2,base,exact_fifo@rho1.2,rep3_base_exact_fifo@rho1.2_b03v2,3,exact_fifo,1.2,87,upsert,L0007,A_no_future_use,
b03v2,base,exact_fifo@rho1.2,rep3_base_exact_fifo@rho1.2_b03v2,3,exact_fifo,1.2,88,upsert,L0015,A_no_future_use,
b03v2,base,exact_fifo@rho1.2,rep3_base_exact_fifo@rho1.2_b03v2,3,exact_fifo,1.2,89,upsert,L0001,A_no_future_use,
b03v2,base,exact_fifo@rho1.2,rep3_base_exact_fifo@rho1.2_b03v2,3,exact_fifo,1.2,90,upsert,L0015,A_no_future_use,
b03v2,base,exact_fifo@rho1.2,rep3_base_exact_fifo@rho1.2_b03v2,3,exact_fifo,1.2,91,upsert,L0010,A_no_future_use,
b03v2,base,exact_fifo@rho1.2,rep3_base_exact_fifo@rho1.2_b03v2,3,exact_fifo,1.2,92,upsert,L0062,A_no_future_use,
b03v2,base,exact_fifo@rho1.2,rep3_base_exact_fifo@rho1.2_b03v2,3,exact_fifo,1.2,93,upsert,L0038,A_no_future_use,
b03v2,base,exact_fifo@rho1.2,rep3_base_exact_fifo@rho1.2_b03v2,3,exact_fifo,1.2,94,upsert,L0001,A_no_future_use,
b03v2,base,exact_fifo@rho1.2,rep3_base_exact_fifo@rho1.2_b03v2,3,exact_fifo,1.2,95,upsert,L0008,A_no_future_use,
b03v2,base,exact_fifo@rho1.2,rep3_base_exact_fifo@rho1.2_b03v2,3,exact_fifo,1.2,96,upsert,L0065,A_no_future_use,
b03v2,base,exact_fifo@rho1.2,rep3_base_exact_fifo@rho1.2_b03v2,3,exact_fifo,1.2,97,upsert,L0070,A_no_future_use,
b03v2,base,exact_fifo@rho1.2,rep3_base_exact_fifo@rho1.2_b03v2,3,exact_fifo,1.2,98,upsert,L0102,A_no_future_use,
b03v2,base,exact_fifo@rho1.2,rep3_base_exact_fifo@rho1.2_b03v2,3,exact_fifo,1.2,99,upsert,L0068,A_no_future_use,
b03v2,base,exact_fifo@rho1.2,rep3_base_exact_fifo@rho1.2_b03v2,3,exact_fifo,1.2,100,upsert,L0106,A_no_future_use,
b03v2,base,exact_fifo@rho1.2,rep3_base_exact_fifo@rho1.2_b03v2,3,exact_fifo,1.2,101,upsert,L0074,A_no_future_use,
b03v2,base,exact_fifo@rho1.2,rep3_base_exact_fifo@rho1.2_b03v2,3,exact_fifo,1.2,102,upsert,L0091,A_no_future_use,
b03v2,base,exact_fifo@rho0.5,rep3_base_exact_fifo@rho0.5_b03v2,3,exact_fifo,0.5,0,upsert,L0003,A_no_future_use,
b03v2,base,exact_fifo@rho0.5,rep3_base_exact_fifo@rho0.5_b03v2,3,exact_fifo,0.5,1,upsert,L0045,A_no_future_use,
b03v2,base,exact_fifo@rho0.5,rep3_base_exact_fifo@rho0.5_b03v2,3,exact_fifo,0.5,2,upsert,L0000,A_no_future_use,
b03v2,base,exact_fifo@rho0.5,rep3_base_exact_fifo@rho0.5_b03v2,3,exact_fifo,0.5,3,upsert,L0006,A_no_future_use,
b03v2,base,exact_fifo@rho0.5,rep3_base_exact_fifo@rho0.5_b03v2,3,exact_fifo,0.5,4,upsert,L0002,A_no_future_use,
b03v2,base,exact_fifo@rho0.5,rep3_base_exact_fifo@rho0.5_b03v2,3,exact_fifo,0.5,5,upsert,L0005,A_no_future_use,
b03v2,base,exact_fifo@rho0.5,rep3_base_exact_fifo@rho0.5_b03v2,3,exact_fifo,0.5,6,upsert,L0040,A_no_future_use,
b03v2,base,exact_fifo@rho0.5,rep3_base_exact_fifo@rho0.5_b03v2,3,exact_fifo,0.5,7,upsert,L0012,A_no_future_use,
b03v2,base,exact_fifo@rho0.5,rep3_base_exact_fifo@rho0.5_b03v2,3,exact_fifo,0.5,8,upsert,L0038,D_meaningful_value_flip,38.96
b03v2,base,exact_fifo@rho0.5,rep3_base_exact_fifo@rho0.5_b03v2,3,exact_fifo,0.5,9,upsert,L0056,A_no_future_use,
b03v2,base,exact_fifo@rho0.5,rep3_base_exact_fifo@rho0.5_b03v2,3,exact_fifo,0.5,10,upsert,L0036,A_no_future_use,
b03v2,base,exact_fifo@rho0.5,rep3_base_exact_fifo@rho0.5_b03v2,3,exact_fifo,0.5,11,upsert,L0030,A_no_future_use,
b03v2,base,exact_fifo@rho0.5,rep3_base_exact_fifo@rho0.5_b03v2,3,exact_fifo,0.5,12,upsert,L0032,A_no_future_use,
b03v2,base,exact_fifo@rho0.5,rep3_base_exact_fifo@rho0.5_b03v2,3,exact_fifo,0.5,13,upsert,L0008,D_meaningful_value_flip,38.96
b03v2,base,exact_fifo@rho0.5,rep3_base_exact_fifo@rho0.5_b03v2,3,exact_fifo,0.5,14,upsert,L0006,A_no_future_use,
b03v2,base,exact_fifo@rho0.5,rep3_base_exact_fifo@rho0.5_b03v2,3,exact_fifo,0.5,15,upsert,L0044,A_no_future_use,
b03v2,base,exact_fifo@rho0.5,rep3_base_exact_fifo@rho0.5_b03v2,3,exact_fifo,0.5,16,upsert,L0002,A_no_future_use,
b03v2,base,exact_fifo@rho0.5,rep3_base_exact_fifo@rho0.5_b03v2,3,exact_fifo,0.5,17,upsert,L0052,A_no_future_use,
b03v2,base,exact_fifo@rho0.5,rep3_base_exact_fifo@rho0.5_b03v2,3,exact_fifo,0.5,18,upsert,L0021,A_no_future_use,
b03v2,base,exact_fifo@rho0.5,rep3_base_exact_fifo@rho0.5_b03v2,3,exact_fifo,0.5,19,upsert,L0025,A_no_future_use,
b03v2,base,exact_fifo@rho0.5,rep3_base_exact_fifo@rho0.5_b03v2,3,exact_fifo,0.5,20,upsert,L0062,D_meaningful_value_flip,40.96
b03v2,base,exact_fifo@rho0.5,rep3_base_exact_fifo@rho0.5_b03v2,3,exact_fifo,0.5,21,upsert,L0031,A_no_future_use,
b03v2,base,exact_fifo@rho0.5,rep3_base_exact_fifo@rho0.5_b03v2,3,exact_fifo,0.5,22,upsert,L0001,B_no_decision_flip,0.0
b03v2,base,exact_fifo@rho0.5,rep3_base_exact_fifo@rho0.5_b03v2,3,exact_fifo,0.5,23,upsert,L0054,A_no_future_use,
b03v2,base,exact_fifo@rho0.5,rep3_base_exact_fifo@rho0.5_b03v2,3,exact_fifo,0.5,24,upsert,L0000,A_no_future_use,
b03v2,base,exact_fifo@rho0.5,rep3_base_exact_fifo@rho0.5_b03v2,3,exact_fifo,0.5,25,upsert,L0017,A_no_future_use,
b03v2,base,exact_fifo@rho0.5,rep3_base_exact_fifo@rho0.5_b03v2,3,exact_fifo,0.5,26,upsert,L0016,A_no_future_use,
b03v2,base,exact_fifo@rho0.5,rep3_base_exact_fifo@rho0.5_b03v2,3,exact_fifo,0.5,27,upsert,L0025,A_no_future_use,
b03v2,base,exact_fifo@rho0.5,rep3_base_exact_fifo@rho0.5_b03v2,3,exact_fifo,0.5,28,upsert,L0036,A_no_future_use,
b03v2,base,exact_fifo@rho0.5,rep3_base_exact_fifo@rho0.5_b03v2,3,exact_fifo,0.5,29,upsert,L0000,A_no_future_use,
b03v2,base,exact_fifo@rho0.5,rep3_base_exact_fifo@rho0.5_b03v2,3,exact_fifo,0.5,30,upsert,L0020,A_no_future_use,
b03v2,base,exact_fifo@rho0.5,rep3_base_exact_fifo@rho0.5_b03v2,3,exact_fifo,0.5,31,upsert,L0019,A_no_future_use,
b03v2,base,exact_fifo@rho0.5,rep3_base_exact_fifo@rho0.5_b03v2,3,exact_fifo,0.5,32,upsert,L0045,A_no_future_use,
b03v2,base,exact_fifo@rho0.5,rep3_base_exact_fifo@rho0.5_b03v2,3,exact_fifo,0.5,33,upsert,L0042,A_no_future_use,
b03v2,base,exact_fifo@rho0.5,rep3_base_exact_fifo@rho0.5_b03v2,3,exact_fifo,0.5,34,upsert,L0000,A_no_future_use,
b03v2,base,exact_fifo@rho0.5,rep3_base_exact_fifo@rho0.5_b03v2,3,exact_fifo,0.5,35,upsert,L0032,A_no_future_use,
b03v2,base,exact_fifo@rho0.5,rep3_base_exact_fifo@rho0.5_b03v2,3,exact_fifo,0.5,36,upsert,L0001,A_no_future_use,
b03v2,base,exact_fifo@rho0.5,rep3_base_exact_fifo@rho0.5_b03v2,3,exact_fifo,0.5,37,upsert,L0059,A_no_future_use,
b03v2,base,exact_fifo@rho0.5,rep3_base_exact_fifo@rho0.5_b03v2,3,exact_fifo,0.5,38,upsert,L0050,A_no_future_use,
b03v2,base,exact_fifo@rho0.5,rep3_base_exact_fifo@rho0.5_b03v2,3,exact_fifo,0.5,39,upsert,L0009,A_no_future_use,
b03v2,base,exact_fifo@rho0.5,rep3_base_exact_fifo@rho0.5_b03v2,3,exact_fifo,0.5,40,upsert,L0018,A_no_future_use,
b03v2,base,exact_fifo@rho0.5,rep3_base_exact_fifo@rho0.5_b03v2,3,exact_fifo,0.5,41,upsert,L0004,A_no_future_use,
b03v2,base,exact_fifo@rho0.5,rep3_base_exact_fifo@rho0.5_b03v2,3,exact_fifo,0.5,42,upsert,L0053,A_no_future_use,
b03v2,base,exact_fifo@rho0.5,rep3_base_exact_fifo@rho0.5_b03v2,3,exact_fifo,0.5,43,upsert,L0055,A_no_future_use,
b03v2,base,exact_fifo@rho0.5,rep3_base_exact_fifo@rho0.5_b03v2,3,exact_fifo,0.5,44,upsert,L0043,A_no_future_use,
b03v2,base,exact_fifo@rho0.5,rep3_base_exact_fifo@rho0.5_b03v2,3,exact_fifo,0.5,45,upsert,L0018,A_no_future_use,
b03v2,base,exact_fifo@rho0.5,rep3_base_exact_fifo@rho0.5_b03v2,3,exact_fifo,0.5,46,upsert,L0034,A_no_future_use,
b03v2,base,exact_fifo@rho0.5,rep3_base_exact_fifo@rho0.5_b03v2,3,exact_fifo,0.5,47,upsert,L0016,A_no_future_use,
b03v2,base,exact_fifo@rho0.5,rep3_base_exact_fifo@rho0.5_b03v2,3,exact_fifo,0.5,48,upsert,L0005,A_no_future_use,
b03v2,base,exact_fifo@rho0.5,rep3_base_exact_fifo@rho0.5_b03v2,3,exact_fifo,0.5,49,upsert,L0002,A_no_future_use,
b03v2,base,exact_fifo@rho0.5,rep3_base_exact_fifo@rho0.5_b03v2,3,exact_fifo,0.5,50,upsert,L0037,A_no_future_use,
b03v2,base,exact_fifo@rho0.5,rep3_base_exact_fifo@rho0.5_b03v2,3,exact_fifo,0.5,51,upsert,L0029,A_no_future_use,
b03v2,base,exact_fifo@rho0.5,rep3_base_exact_fifo@rho0.5_b03v2,3,exact_fifo,0.5,52,upsert,L0021,A_no_future_use,
b03v2,base,exact_fifo@rho0.5,rep3_base_exact_fifo@rho0.5_b03v2,3,exact_fifo,0.5,53,upsert,L0003,A_no_future_use,
b03v2,base,exact_fifo@rho0.5,rep3_base_exact_fifo@rho0.5_b03v2,3,exact_fifo,0.5,54,upsert,L0060,A_no_future_use,
b03v2,base,exact_fifo@rho0.5,rep3_base_exact_fifo@rho0.5_b03v2,3,exact_fifo,0.5,55,upsert,L0038,A_no_future_use,
b03v2,base,exact_fifo@rho0.5,rep3_base_exact_fifo@rho0.5_b03v2,3,exact_fifo,0.5,56,upsert,L0019,A_no_future_use,
b03v2,base,exact_fifo@rho0.5,rep3_base_exact_fifo@rho0.5_b03v2,3,exact_fifo,0.5,57,upsert,L0021,A_no_future_use,
b03v2,base,exact_fifo@rho0.5,rep3_base_exact_fifo@rho0.5_b03v2,3,exact_fifo,0.5,58,upsert,L0058,A_no_future_use,
b03v2,base,exact_fifo@rho0.5,rep3_base_exact_fifo@rho0.5_b03v2,3,exact_fifo,0.5,59,upsert,L0006,A_no_future_use,
b03v2,base,exact_fifo@rho0.5,rep3_base_exact_fifo@rho0.5_b03v2,3,exact_fifo,0.5,60,upsert,L0020,A_no_future_use,
b03v2,base,exact_fifo@rho0.5,rep3_base_exact_fifo@rho0.5_b03v2,3,exact_fifo,0.5,61,upsert,L0025,A_no_future_use,
b03v2,base,exact_fifo@rho0.5,rep3_base_exact_fifo@rho0.5_b03v2,3,exact_fifo,0.5,62,upsert,L0013,A_no_future_use,
b03v2,base,exact_fifo@rho0.5,rep3_base_exact_fifo@rho0.5_b03v2,3,exact_fifo,0.5,63,upsert,L0024,A_no_future_use,
b03v2,base,exact_fifo@rho0.5,rep3_base_exact_fifo@rho0.5_b03v2,3,exact_fifo,0.5,64,upsert,L0001,A_no_future_use,
b03v2,base,exact_fifo@rho0.5,rep3_base_exact_fifo@rho0.5_b03v2,3,exact_fifo,0.5,65,upsert,L0012,A_no_future_use,
b03v2,base,exact_fifo@rho0.5,rep3_base_exact_fifo@rho0.5_b03v2,3,exact_fifo,0.5,66,upsert,L0024,A_no_future_use,
b03v2,base,exact_fifo@rho0.5,rep3_base_exact_fifo@rho0.5_b03v2,3,exact_fifo,0.5,67,upsert,L0046,A_no_future_use,
b03v2,base,exact_fifo@rho0.5,rep3_base_exact_fifo@rho0.5_b03v2,3,exact_fifo,0.5,68,upsert,L0030,A_no_future_use,
b03v2,base,exact_fifo@rho0.5,rep3_base_exact_fifo@rho0.5_b03v2,3,exact_fifo,0.5,69,upsert,L0013,A_no_future_use,
b03v2,base,exact_fifo@rho0.5,rep3_base_exact_fifo@rho0.5_b03v2,3,exact_fifo,0.5,70,upsert,L0013,A_no_future_use,
b03v2,base,exact_fifo@rho0.5,rep3_base_exact_fifo@rho0.5_b03v2,3,exact_fifo,0.5,71,upsert,L0008,A_no_future_use,
b03v2,base,exact_fifo@rho0.5,rep3_base_exact_fifo@rho0.5_b03v2,3,exact_fifo,0.5,72,upsert,L0037,A_no_future_use,
b03v2,base,exact_fifo@rho0.5,rep3_base_exact_fifo@rho0.5_b03v2,3,exact_fifo,0.5,73,upsert,L0015,A_no_future_use,
b03v2,base,exact_fifo@rho0.5,rep3_base_exact_fifo@rho0.5_b03v2,3,exact_fifo,0.5,74,upsert,L0000,A_no_future_use,
b03v2,base,exact_fifo@rho0.5,rep3_base_exact_fifo@rho0.5_b03v2,3,exact_fifo,0.5,75,upsert,L0001,A_no_future_use,
b03v2,base,exact_fifo@rho0.5,rep3_base_exact_fifo@rho0.5_b03v2,3,exact_fifo,0.5,76,upsert,L0063,A_no_future_use,
b03v2,base,exact_fifo@rho0.5,rep3_base_exact_fifo@rho0.5_b03v2,3,exact_fifo,0.5,77,upsert,L0011,A_no_future_use,
b03v2,base,exact_fifo@rho0.5,rep3_base_exact_fifo@rho0.5_b03v2,3,exact_fifo,0.5,78,upsert,L0062,A_no_future_use,
b03v2,base,exact_fifo@rho0.5,rep3_base_exact_fifo@rho0.5_b03v2,3,exact_fifo,0.5,79,upsert,L0007,A_no_future_use,
b03v2,base,exact_fifo@rho0.5,rep3_base_exact_fifo@rho0.5_b03v2,3,exact_fifo,0.5,80,upsert,L0061,A_no_future_use,
b03v2,base,exact_fifo@rho0.5,rep3_base_exact_fifo@rho0.5_b03v2,3,exact_fifo,0.5,81,upsert,L0001,A_no_future_use,
b03v2,base,exact_fifo@rho0.5,rep3_base_exact_fifo@rho0.5_b03v2,3,exact_fifo,0.5,82,upsert,L0010,A_no_future_use,
b03v2,base,exact_fifo@rho0.5,rep3_base_exact_fifo@rho0.5_b03v2,3,exact_fifo,0.5,83,upsert,L0029,A_no_future_use,
b03v2,base,exact_fifo@rho0.5,rep3_base_exact_fifo@rho0.5_b03v2,3,exact_fifo,0.5,84,upsert,L0031,A_no_future_use,
b03v2,base,exact_fifo@rho0.5,rep3_base_exact_fifo@rho0.5_b03v2,3,exact_fifo,0.5,85,upsert,L0001,A_no_future_use,
b03v2,base,exact_fifo@rho0.5,rep3_base_exact_fifo@rho0.5_b03v2,3,exact_fifo,0.5,86,upsert,L0038,A_no_future_use,
b03v2,base,exact_fifo@rho0.5,rep3_base_exact_fifo@rho0.5_b03v2,3,exact_fifo,0.5,87,upsert,L0007,A_no_future_use,
b03v2,base,exact_fifo@rho0.5,rep3_base_exact_fifo@rho0.5_b03v2,3,exact_fifo,0.5,88,upsert,L0015,A_no_future_use,
b03v2,base,exact_fifo@rho0.5,rep3_base_exact_fifo@rho0.5_b03v2,3,exact_fifo,0.5,89,upsert,L0001,A_no_future_use,
b03v2,base,exact_fifo@rho0.5,rep3_base_exact_fifo@rho0.5_b03v2,3,exact_fifo,0.5,90,upsert,L0015,A_no_future_use,
b03v2,base,exact_fifo@rho0.5,rep3_base_exact_fifo@rho0.5_b03v2,3,exact_fifo,0.5,91,upsert,L0010,A_no_future_use,
b03v2,base,exact_fifo@rho0.5,rep3_base_exact_fifo@rho0.5_b03v2,3,exact_fifo,0.5,92,upsert,L0062,A_no_future_use,
b03v2,base,exact_fifo@rho0.5,rep3_base_exact_fifo@rho0.5_b03v2,3,exact_fifo,0.5,93,upsert,L0038,A_no_future_use,
b03v2,base,exact_fifo@rho0.5,rep3_base_exact_fifo@rho0.5_b03v2,3,exact_fifo,0.5,94,upsert,L0001,A_no_future_use,
b03v2,base,exact_fifo@rho0.5,rep3_base_exact_fifo@rho0.5_b03v2,3,exact_fifo,0.5,95,upsert,L0008,A_no_future_use,
b03v2,base,exact_fifo@rho0.5,rep3_base_exact_fifo@rho0.5_b03v2,3,exact_fifo,0.5,96,upsert,L0065,B_no_decision_flip,0.0
b03v2,base,exact_fifo@rho0.5,rep3_base_exact_fifo@rho0.5_b03v2,3,exact_fifo,0.5,97,upsert,L0070,B_no_decision_flip,0.0
b03v2,base,exact_fifo@rho0.5,rep3_base_exact_fifo@rho0.5_b03v2,3,exact_fifo,0.5,98,upsert,L0102,A_no_future_use,
b03v2,base,exact_fifo@rho0.5,rep3_base_exact_fifo@rho0.5_b03v2,3,exact_fifo,0.5,99,upsert,L0068,B_no_decision_flip,0.0
b03v2,base,exact_fifo@rho0.5,rep3_base_exact_fifo@rho0.5_b03v2,3,exact_fifo,0.5,100,upsert,L0106,D_meaningful_value_flip,38.96
b03v2,base,exact_fifo@rho0.5,rep3_base_exact_fifo@rho0.5_b03v2,3,exact_fifo,0.5,101,upsert,L0074,B_no_decision_flip,0.0
b03v2,base,exact_fifo@rho0.5,rep3_base_exact_fifo@rho0.5_b03v2,3,exact_fifo,0.5,102,upsert,L0091,D_meaningful_value_flip,36.96
b03v2,base,exact_fifo@rho0.5,rep3_base_exact_fifo@rho0.5_b03v2,3,exact_fifo,0.5,103,upsert,L0095,B_no_decision_flip,0.0
b03v2,base,exact_fifo@rho0.5,rep3_base_exact_fifo@rho0.5_b03v2,3,exact_fifo,0.5,104,upsert,L0074,D_meaningful_value_flip,10.24
b03v2,base,exact_fifo@rho0.5,rep3_base_exact_fifo@rho0.5_b03v2,3,exact_fifo,0.5,105,upsert,L0083,B_no_decision_flip,0.0
b03v2,base,exact_fifo@rho0.5,rep3_base_exact_fifo@rho0.5_b03v2,3,exact_fifo,0.5,106,upsert,L0109,A_no_future_use,
b03v2,base,exact_fifo@rho0.5,rep3_base_exact_fifo@rho0.5_b03v2,3,exact_fifo,0.5,107,upsert,L0068,B_no_decision_flip,0.0
b03v2,base,exact_fifo@rho0.5,rep3_base_exact_fifo@rho0.5_b03v2,3,exact_fifo,0.5,108,upsert,L0068,D_meaningful_value_flip,10.24
b03v2,base,exact_fifo@rho0.5,rep3_base_exact_fifo@rho0.5_b03v2,3,exact_fifo,0.5,109,upsert,L0081,B_no_decision_flip,0.0
b03v2,base,exact_fifo@rho0.5,rep3_base_exact_fifo@rho0.5_b03v2,3,exact_fifo,0.5,110,upsert,L0110,A_no_future_use,
b03v2,base,exact_fifo@rho0.5,rep3_base_exact_fifo@rho0.5_b03v2,3,exact_fifo,0.5,111,upsert,L0097,A_no_future_use,
b03v2,base,exact_fifo@rho0.5,rep3_base_exact_fifo@rho0.5_b03v2,3,exact_fifo,0.5,112,upsert,L0114,D_meaningful_value_flip,40.96
b03v2,base,exact_fifo@rho0.5,rep3_base_exact_fifo@rho0.5_b03v2,3,exact_fifo,0.5,113,upsert,L0065,B_no_decision_flip,0.0
b03v2,base,exact_fifo@rho0.5,rep3_base_exact_fifo@rho0.5_b03v2,3,exact_fifo,0.5,114,upsert,L0099,D_meaningful_value_flip,40.96
b03v2,base,exact_fifo@rho0.5,rep3_base_exact_fifo@rho0.5_b03v2,3,exact_fifo,0.5,115,upsert,L0111,D_meaningful_value_flip,40.96
b03v2,base,exact_fifo@rho0.5,rep3_base_exact_fifo@rho0.5_b03v2,3,exact_fifo,0.5,116,upsert,L0064,B_no_decision_flip,0.0
b03v2,base,exact_fifo@rho0.5,rep3_base_exact_fifo@rho0.5_b03v2,3,exact_fifo,0.5,117,upsert,L0065,D_meaningful_value_flip,10.24
b03v2,base,exact_fifo@rho0.5,rep3_base_exact_fifo@rho0.5_b03v2,3,exact_fifo,0.5,118,upsert,L0083,C_low_value_flip,0.0
b03v2,base,exact_fifo@rho0.5,rep3_base_exact_fifo@rho0.5_b03v2,3,exact_fifo,0.5,119,upsert,L0072,A_no_future_use,
b03v2,base,exact_fifo@rho0.5,rep3_base_exact_fifo@rho0.5_b03v2,3,exact_fifo,0.5,120,upsert,L0125,B_no_decision_flip,0.0
b03v2,base,exact_fifo@rho0.5,rep3_base_exact_fifo@rho0.5_b03v2,3,exact_fifo,0.5,121,upsert,L0071,B_no_decision_flip,0.0
b03v2,base,exact_fifo@rho0.5,rep3_base_exact_fifo@rho0.5_b03v2,3,exact_fifo,0.5,122,upsert,L0069,D_meaningful_value_flip,40.96
b03v2,base,exact_fifo@rho0.5,rep3_base_exact_fifo@rho0.5_b03v2,3,exact_fifo,0.5,123,upsert,L0100,A_no_future_use,
b03v2,base,exact_fifo@rho0.5,rep3_base_exact_fifo@rho0.5_b03v2,3,exact_fifo,0.5,124,upsert,L0090,A_no_future_use,
b03v2,base,exact_fifo@rho0.5,rep3_base_exact_fifo@rho0.5_b03v2,3,exact_fifo,0.5,125,upsert,L0064,D_meaningful_value_flip,10.24
b03v2,base,exact_fifo@rho0.5,rep3_base_exact_fifo@rho0.5_b03v2,3,exact_fifo,0.5,126,upsert,L0071,C_low_value_flip,2.0
b03v2,base,exact_fifo@rho0.5,rep3_base_exact_fifo@rho0.5_b03v2,3,exact_fifo,0.5,127,upsert,L0066,B_no_decision_flip,0.0
b03v2,base,exact_fifo@rho0.5,rep3_base_exact_fifo@rho0.5_b03v2,3,exact_fifo,0.5,128,upsert,L0065,B_no_decision_flip,0.0
b03v2,base,exact_fifo@rho0.5,rep3_base_exact_fifo@rho0.5_b03v2,3,exact_fifo,0.5,129,upsert,L0090,A_no_future_use,
b03v2,base,exact_fifo@rho0.5,rep3_base_exact_fifo@rho0.5_b03v2,3,exact_fifo,0.5,130,upsert,L0095,D_meaningful_value_flip,10.24
b03v2,base,exact_fifo@rho0.5,rep3_base_exact_fifo@rho0.5_b03v2,3,exact_fifo,0.5,131,upsert,L0093,A_no_future_use,
b03v2,base,exact_fifo@rho0.5,rep3_base_exact_fifo@rho0.5_b03v2,3,exact_fifo,0.5,132,upsert,L0081,D_meaningful_value_flip,10.24
b03v2,base,exact_fifo@rho0.5,rep3_base_exact_fifo@rho0.5_b03v2,3,exact_fifo,0.5,133,upsert,L0072,A_no_future_use,
b03v2,base,exact_fifo@rho0.5,rep3_base_exact_fifo@rho0.5_b03v2,3,exact_fifo,0.5,134,upsert,L0092,B_no_decision_flip,0.0
b03v2,base,exact_fifo@rho0.5,rep3_base_exact_fifo@rho0.5_b03v2,3,exact_fifo,0.5,135,upsert,L0083,B_no_decision_flip,0.0
b03v2,base,exact_fifo@rho0.5,rep3_base_exact_fifo@rho0.5_b03v2,3,exact_fifo,0.5,136,upsert,L0111,A_no_future_use,
b03v2,base,exact_fifo@rho0.5,rep3_base_exact_fifo@rho0.5_b03v2,3,exact_fifo,0.5,137,upsert,L0092,C_low_value_flip,2.0
b03v2,base,exact_fifo@rho0.5,rep3_base_exact_fifo@rho0.5_b03v2,3,exact_fifo,0.5,138,upsert,L0079,D_meaningful_value_flip,40.96
b03v2,base,exact_fifo@rho0.5,rep3_base_exact_fifo@rho0.5_b03v2,3,exact_fifo,0.5,139,upsert,L0070,B_no_decision_flip,10.24
b03v2,base,exact_fifo@rho0.5,rep3_base_exact_fifo@rho0.5_b03v2,3,exact_fifo,0.5,140,upsert,L0097,A_no_future_use,
b03v2,base,exact_fifo@rho0.5,rep3_base_exact_fifo@rho0.5_b03v2,3,exact_fifo,0.5,141,upsert,L0064,D_meaningful_value_flip,18.48
b03v2,base,exact_fifo@rho0.5,rep3_base_exact_fifo@rho0.5_b03v2,3,exact_fifo,0.5,142,upsert,L0066,B_no_decision_flip,0.0
b03v2,base,exact_fifo@rho0.5,rep3_base_exact_fifo@rho0.5_b03v2,3,exact_fifo,0.5,143,upsert,L0067,D_meaningful_value_flip,38.96
b03v2,base,exact_fifo@rho0.5,rep3_base_exact_fifo@rho0.5_b03v2,3,exact_fifo,0.5,144,upsert,L0083,A_no_future_use,
b03v2,base,exact_fifo@rho0.5,rep3_base_exact_fifo@rho0.5_b03v2,3,exact_fifo,0.5,145,upsert,L0068,B_no_decision_flip,0.0
b03v2,base,exact_fifo@rho0.5,rep3_base_exact_fifo@rho0.5_b03v2,3,exact_fifo,0.5,146,upsert,L0106,A_no_future_use,
b03v2,base,exact_fifo@rho0.5,rep3_base_exact_fifo@rho0.5_b03v2,3,exact_fifo,0.5,147,upsert,L0087,D_meaningful_value_flip,38.96
b03v2,base,exact_fifo@rho0.5,rep3_base_exact_fifo@rho0.5_b03v2,3,exact_fifo,0.5,148,upsert,L0111,A_no_future_use,
b03v2,base,exact_fifo@rho0.5,rep3_base_exact_fifo@rho0.5_b03v2,3,exact_fifo,0.5,149,upsert,L0064,B_no_decision_flip,0.0
b03v2,base,exact_fifo@rho0.5,rep3_base_exact_fifo@rho0.5_b03v2,3,exact_fifo,0.5,150,upsert,L0071,B_no_decision_flip,0.0
b03v2,base,exact_fifo@rho0.5,rep3_base_exact_fifo@rho0.5_b03v2,3,exact_fifo,0.5,151,upsert,L0067,A_no_future_use,
b03v2,base,exact_fifo@rho0.5,rep3_base_exact_fifo@rho0.5_b03v2,3,exact_fifo,0.5,152,upsert,L0078,A_no_future_use,
b03v2,base,exact_fifo@rho0.5,rep3_base_exact_fifo@rho0.5_b03v2,3,exact_fifo,0.5,153,upsert,L0096,A_no_future_use,
b03v2,base,exact_fifo@rho0.5,rep3_base_exact_fifo@rho0.5_b03v2,3,exact_fifo,0.5,154,upsert,L0076,B_no_decision_flip,0.0
b03v2,base,exact_fifo@rho0.5,rep3_base_exact_fifo@rho0.5_b03v2,3,exact_fifo,0.5,155,upsert,L0076,D_meaningful_value_flip,10.24
b03v2,base,exact_fifo@rho0.5,rep3_base_exact_fifo@rho0.5_b03v2,3,exact_fifo,0.5,156,upsert,L0065,A_no_future_use,
b03v2,base,exact_fifo@rho0.5,rep3_base_exact_fifo@rho0.5_b03v2,3,exact_fifo,0.5,157,upsert,L0068,B_no_decision_flip,0.0
b03v2,base,exact_fifo@rho0.5,rep3_base_exact_fifo@rho0.5_b03v2,3,exact_fifo,0.5,158,upsert,L0075,B_no_decision_flip,0.0
b03v2,base,exact_fifo@rho0.5,rep3_base_exact_fifo@rho0.5_b03v2,3,exact_fifo,0.5,159,upsert,L0081,A_no_future_use,
b03v2,base,exact_fifo@rho0.5,rep3_base_exact_fifo@rho0.5_b03v2,3,exact_fifo,0.5,160,upsert,L0074,B_no_decision_flip,10.24
b03v2,base,exact_fifo@rho0.5,rep3_base_exact_fifo@rho0.5_b03v2,3,exact_fifo,0.5,161,upsert,L0066,D_meaningful_value_flip,10.24
b03v2,base,exact_fifo@rho0.5,rep3_base_exact_fifo@rho0.5_b03v2,3,exact_fifo,0.5,162,upsert,L0116,A_no_future_use,
b03v2,base,exact_fifo@rho0.5,rep3_base_exact_fifo@rho0.5_b03v2,3,exact_fifo,0.5,163,upsert,L0092,A_no_future_use,
b03v2,base,exact_fifo@rho0.5,rep3_base_exact_fifo@rho0.5_b03v2,3,exact_fifo,0.5,164,upsert,L0083,A_no_future_use,
b03v2,base,exact_fifo@rho0.5,rep3_base_exact_fifo@rho0.5_b03v2,3,exact_fifo,0.5,165,upsert,L0099,A_no_future_use,
b03v2,base,exact_fifo@rho0.5,rep3_base_exact_fifo@rho0.5_b03v2,3,exact_fifo,0.5,166,upsert,L0067,A_no_future_use,
b03v2,base,exact_fifo@rho0.5,rep3_base_exact_fifo@rho0.5_b03v2,3,exact_fifo,0.5,167,upsert,L0091,A_no_future_use,
b03v2,base,exact_fifo@rho0.5,rep3_base_exact_fifo@rho0.5_b03v2,3,exact_fifo,0.5,168,upsert,L0069,A_no_future_use,
b03v2,base,exact_fifo@rho0.5,rep3_base_exact_fifo@rho0.5_b03v2,3,exact_fifo,0.5,169,upsert,L0075,B_no_decision_flip,10.24
b03v2,base,exact_fifo@rho0.5,rep3_base_exact_fifo@rho0.5_b03v2,3,exact_fifo,0.5,170,upsert,L0087,A_no_future_use,
b03v2,base,exact_fifo@rho0.5,rep3_base_exact_fifo@rho0.5_b03v2,3,exact_fifo,0.5,171,upsert,L0069,A_no_future_use,
b03v2,base,exact_fifo@rho0.5,rep3_base_exact_fifo@rho0.5_b03v2,3,exact_fifo,0.5,172,upsert,L0105,A_no_future_use,
b03v2,base,exact_fifo@rho0.5,rep3_base_exact_fifo@rho0.5_b03v2,3,exact_fifo,0.5,173,upsert,L0066,A_no_future_use,
b03v2,base,exact_fifo@rho0.5,rep3_base_exact_fifo@rho0.5_b03v2,3,exact_fifo,0.5,174,upsert,L0071,A_no_future_use,
b03v2,base,exact_fifo@rho0.5,rep3_base_exact_fifo@rho0.5_b03v2,3,exact_fifo,0.5,175,upsert,L0070,A_no_future_use,
b03v2,base,exact_fifo@rho0.5,rep3_base_exact_fifo@rho0.5_b03v2,3,exact_fifo,0.5,176,upsert,L0076,A_no_future_use,
b03v2,base,exact_fifo@rho0.5,rep3_base_exact_fifo@rho0.5_b03v2,3,exact_fifo,0.5,177,upsert,L0066,A_no_future_use,
b03v2,base,exact_fifo@rho0.5,rep3_base_exact_fifo@rho0.5_b03v2,3,exact_fifo,0.5,178,upsert,L0089,A_no_future_use,
b03v2,base,exact_fifo@rho0.5,rep3_base_exact_fifo@rho0.5_b03v2,3,exact_fifo,0.5,179,upsert,L0075,A_no_future_use,
b03v2,base,exact_fifo@rho0.5,rep3_base_exact_fifo@rho0.5_b03v2,3,exact_fifo,0.5,180,upsert,L0073,A_no_future_use,
b03v2,base,exact_fifo@rho0.5,rep3_base_exact_fifo@rho0.5_b03v2,3,exact_fifo,0.5,181,upsert,L0064,A_no_future_use,
b03v2,base,exact_fifo@rho0.5,rep3_base_exact_fifo@rho0.5_b03v2,3,exact_fifo,0.5,182,upsert,L0114,A_no_future_use,
b03v2,base,exact_fifo@rho0.5,rep3_base_exact_fifo@rho0.5_b03v2,3,exact_fifo,0.5,183,upsert,L0071,A_no_future_use,
b03v2,base,exact_fifo@rho0.5,rep3_base_exact_fifo@rho0.5_b03v2,3,exact_fifo,0.5,184,upsert,L0108,A_no_future_use,
b03v2,base,exact_fifo@rho0.5,rep3_base_exact_fifo@rho0.5_b03v2,3,exact_fifo,0.5,185,upsert,L0125,A_no_future_use,
b03v2,base,exact_fifo@rho0.5,rep3_base_exact_fifo@rho0.5_b03v2,3,exact_fifo,0.5,186,upsert,L0074,A_no_future_use,
b03v2,base,exact_fifo@rho0.5,rep3_base_exact_fifo@rho0.5_b03v2,3,exact_fifo,0.5,187,upsert,L0104,A_no_future_use,
b03v2,base,exact_fifo@rho0.5,rep3_base_exact_fifo@rho0.5_b03v2,3,exact_fifo,0.5,188,upsert,L0121,A_no_future_use,
b03v2,base,exact_fifo@rho0.5,rep3_base_exact_fifo@rho0.5_b03v2,3,exact_fifo,0.5,189,upsert,L0079,A_no_future_use,
b03v2,base,exact_fifo@rho0.5,rep3_base_exact_fifo@rho0.5_b03v2,3,exact_fifo,0.5,190,upsert,L0095,A_no_future_use,
b03v2,base,exact_fifo@rho0.5,rep3_base_exact_fifo@rho0.5_b03v2,3,exact_fifo,0.5,191,upsert,L0068,A_no_future_use,
b03v2,base,agg_full@rho0.5,rep3_base_agg_full@rho0.5_b03v2,3,agg_full,0.5,0,upsert,L0003,D_meaningful_value_flip,40.96
b03v2,base,agg_full@rho0.5,rep3_base_agg_full@rho0.5_b03v2,3,agg_full,0.5,1,upsert,L0045,B_no_decision_flip,0.0
b03v2,base,agg_full@rho0.5,rep3_base_agg_full@rho0.5_b03v2,3,agg_full,0.5,2,upsert,L0000,B_no_decision_flip,0.0
b03v2,base,agg_full@rho0.5,rep3_base_agg_full@rho0.5_b03v2,3,agg_full,0.5,3,upsert,L0006,B_no_decision_flip,0.0
b03v2,base,agg_full@rho0.5,rep3_base_agg_full@rho0.5_b03v2,3,agg_full,0.5,4,upsert,L0002,B_no_decision_flip,0.0
b03v2,base,agg_full@rho0.5,rep3_base_agg_full@rho0.5_b03v2,3,agg_full,0.5,5,upsert,L0005,B_no_decision_flip,0.0
b03v2,base,agg_full@rho0.5,rep3_base_agg_full@rho0.5_b03v2,3,agg_full,0.5,6,upsert,L0040,A_no_future_use,
b03v2,base,agg_full@rho0.5,rep3_base_agg_full@rho0.5_b03v2,3,agg_full,0.5,7,upsert,L0012,D_meaningful_value_flip,40.96
b03v2,base,agg_full@rho0.5,rep3_base_agg_full@rho0.5_b03v2,3,agg_full,0.5,8,upsert,L0038,D_meaningful_value_flip,38.96
b03v2,base,agg_full@rho0.5,rep3_base_agg_full@rho0.5_b03v2,3,agg_full,0.5,9,upsert,L0056,A_no_future_use,
b03v2,base,agg_full@rho0.5,rep3_base_agg_full@rho0.5_b03v2,3,agg_full,0.5,10,upsert,L0036,A_no_future_use,
b03v2,base,agg_full@rho0.5,rep3_base_agg_full@rho0.5_b03v2,3,agg_full,0.5,11,upsert,L0030,B_no_decision_flip,0.0
b03v2,base,agg_full@rho0.5,rep3_base_agg_full@rho0.5_b03v2,3,agg_full,0.5,12,upsert,L0032,D_meaningful_value_flip,40.96
b03v2,base,agg_full@rho0.5,rep3_base_agg_full@rho0.5_b03v2,3,agg_full,0.5,13,upsert,L0008,D_meaningful_value_flip,36.96
b03v2,base,agg_full@rho0.5,rep3_base_agg_full@rho0.5_b03v2,3,agg_full,0.5,14,upsert,L0006,B_no_decision_flip,10.24
b03v2,base,agg_full@rho0.5,rep3_base_agg_full@rho0.5_b03v2,3,agg_full,0.5,15,upsert,L0044,A_no_future_use,
b03v2,base,agg_full@rho0.5,rep3_base_agg_full@rho0.5_b03v2,3,agg_full,0.5,16,upsert,L0002,B_no_decision_flip,10.24
b03v2,base,agg_full@rho0.5,rep3_base_agg_full@rho0.5_b03v2,3,agg_full,0.5,17,upsert,L0052,A_no_future_use,
b03v2,base,agg_full@rho0.5,rep3_base_agg_full@rho0.5_b03v2,3,agg_full,0.5,18,upsert,L0021,B_no_decision_flip,0.0
b03v2,base,agg_full@rho0.5,rep3_base_agg_full@rho0.5_b03v2,3,agg_full,0.5,19,upsert,L0025,B_no_decision_flip,0.0
b03v2,base,agg_full@rho0.5,rep3_base_agg_full@rho0.5_b03v2,3,agg_full,0.5,20,upsert,L0062,D_meaningful_value_flip,38.96
b03v2,base,agg_full@rho0.5,rep3_base_agg_full@rho0.5_b03v2,3,agg_full,0.5,21,upsert,L0031,D_meaningful_value_flip,40.96
b03v2,base,agg_full@rho0.5,rep3_base_agg_full@rho0.5_b03v2,3,agg_full,0.5,22,upsert,L0001,D_meaningful_value_flip,40.96
b03v2,base,agg_full@rho0.5,rep3_base_agg_full@rho0.5_b03v2,3,agg_full,0.5,23,upsert,L0054,A_no_future_use,
b03v2,base,agg_full@rho0.5,rep3_base_agg_full@rho0.5_b03v2,3,agg_full,0.5,24,upsert,L0000,B_no_decision_flip,10.24
b03v2,base,agg_full@rho0.5,rep3_base_agg_full@rho0.5_b03v2,3,agg_full,0.5,25,upsert,L0017,A_no_future_use,
b03v2,base,agg_full@rho0.5,rep3_base_agg_full@rho0.5_b03v2,3,agg_full,0.5,26,upsert,L0016,B_no_decision_flip,0.0
b03v2,base,agg_full@rho0.5,rep3_base_agg_full@rho0.5_b03v2,3,agg_full,0.5,27,upsert,L0025,B_no_decision_flip,10.24
b03v2,base,agg_full@rho0.5,rep3_base_agg_full@rho0.5_b03v2,3,agg_full,0.5,28,upsert,L0036,A_no_future_use,
b03v2,base,agg_full@rho0.5,rep3_base_agg_full@rho0.5_b03v2,3,agg_full,0.5,29,upsert,L0000,B_no_decision_flip,0.0
b03v2,base,agg_full@rho0.5,rep3_base_agg_full@rho0.5_b03v2,3,agg_full,0.5,30,upsert,L0020,D_meaningful_value_flip,40.96
b03v2,base,agg_full@rho0.5,rep3_base_agg_full@rho0.5_b03v2,3,agg_full,0.5,31,upsert,L0019,D_meaningful_value_flip,40.96
b03v2,base,agg_full@rho0.5,rep3_base_agg_full@rho0.5_b03v2,3,agg_full,0.5,32,upsert,L0045,A_no_future_use,
b03v2,base,agg_full@rho0.5,rep3_base_agg_full@rho0.5_b03v2,3,agg_full,0.5,33,upsert,L0042,A_no_future_use,
b03v2,base,agg_full@rho0.5,rep3_base_agg_full@rho0.5_b03v2,3,agg_full,0.5,34,upsert,L0000,B_no_decision_flip,-20.48
b03v2,base,agg_full@rho0.5,rep3_base_agg_full@rho0.5_b03v2,3,agg_full,0.5,35,upsert,L0032,A_no_future_use,
b03v2,base,agg_full@rho0.5,rep3_base_agg_full@rho0.5_b03v2,3,agg_full,0.5,36,upsert,L0001,B_no_decision_flip,10.24
b03v2,base,agg_full@rho0.5,rep3_base_agg_full@rho0.5_b03v2,3,agg_full,0.5,37,upsert,L0059,A_no_future_use,
b03v2,base,agg_full@rho0.5,rep3_base_agg_full@rho0.5_b03v2,3,agg_full,0.5,38,upsert,L0050,A_no_future_use,
b03v2,base,agg_full@rho0.5,rep3_base_agg_full@rho0.5_b03v2,3,agg_full,0.5,39,upsert,L0009,A_no_future_use,
b03v2,base,agg_full@rho0.5,rep3_base_agg_full@rho0.5_b03v2,3,agg_full,0.5,40,upsert,L0018,A_no_future_use,
b03v2,base,agg_full@rho0.5,rep3_base_agg_full@rho0.5_b03v2,3,agg_full,0.5,41,upsert,L0004,A_no_future_use,
b03v2,base,agg_full@rho0.5,rep3_base_agg_full@rho0.5_b03v2,3,agg_full,0.5,42,upsert,L0053,A_no_future_use,
b03v2,base,agg_full@rho0.5,rep3_base_agg_full@rho0.5_b03v2,3,agg_full,0.5,43,upsert,L0055,A_no_future_use,
b03v2,base,agg_full@rho0.5,rep3_base_agg_full@rho0.5_b03v2,3,agg_full,0.5,44,upsert,L0043,A_no_future_use,
b03v2,base,agg_full@rho0.5,rep3_base_agg_full@rho0.5_b03v2,3,agg_full,0.5,45,upsert,L0018,A_no_future_use,
b03v2,base,agg_full@rho0.5,rep3_base_agg_full@rho0.5_b03v2,3,agg_full,0.5,46,upsert,L0034,A_no_future_use,
b03v2,base,agg_full@rho0.5,rep3_base_agg_full@rho0.5_b03v2,3,agg_full,0.5,47,upsert,L0016,A_no_future_use,
b03v2,base,agg_full@rho0.5,rep3_base_agg_full@rho0.5_b03v2,3,agg_full,0.5,48,upsert,L0005,A_no_future_use,
b03v2,base,agg_full@rho0.5,rep3_base_agg_full@rho0.5_b03v2,3,agg_full,0.5,49,upsert,L0002,A_no_future_use,
b03v2,base,agg_full@rho0.5,rep3_base_agg_full@rho0.5_b03v2,3,agg_full,0.5,50,upsert,L0037,D_meaningful_value_flip,40.96
b03v2,base,agg_full@rho0.5,rep3_base_agg_full@rho0.5_b03v2,3,agg_full,0.5,51,upsert,L0029,D_meaningful_value_flip,38.96
b03v2,base,agg_full@rho0.5,rep3_base_agg_full@rho0.5_b03v2,3,agg_full,0.5,52,upsert,L0021,A_no_future_use,
b03v2,base,agg_full@rho0.5,rep3_base_agg_full@rho0.5_b03v2,3,agg_full,0.5,53,upsert,L0003,A_no_future_use,
b03v2,base,agg_full@rho0.5,rep3_base_agg_full@rho0.5_b03v2,3,agg_full,0.5,54,upsert,L0060,A_no_future_use,
b03v2,base,agg_full@rho0.5,rep3_base_agg_full@rho0.5_b03v2,3,agg_full,0.5,55,upsert,L0038,B_no_decision_flip,10.24
b03v2,base,agg_full@rho0.5,rep3_base_agg_full@rho0.5_b03v2,3,agg_full,0.5,56,upsert,L0019,A_no_future_use,
b03v2,base,agg_full@rho0.5,rep3_base_agg_full@rho0.5_b03v2,3,agg_full,0.5,57,upsert,L0021,A_no_future_use,
b03v2,base,agg_full@rho0.5,rep3_base_agg_full@rho0.5_b03v2,3,agg_full,0.5,58,upsert,L0058,A_no_future_use,
b03v2,base,agg_full@rho0.5,rep3_base_agg_full@rho0.5_b03v2,3,agg_full,0.5,59,upsert,L0006,A_no_future_use,
b03v2,base,agg_full@rho0.5,rep3_base_agg_full@rho0.5_b03v2,3,agg_full,0.5,60,upsert,L0020,A_no_future_use,
b03v2,base,agg_full@rho0.5,rep3_base_agg_full@rho0.5_b03v2,3,agg_full,0.5,61,upsert,L0025,A_no_future_use,
b03v2,base,agg_full@rho0.5,rep3_base_agg_full@rho0.5_b03v2,3,agg_full,0.5,62,upsert,L0013,D_meaningful_value_flip,40.96
b03v2,base,agg_full@rho0.5,rep3_base_agg_full@rho0.5_b03v2,3,agg_full,0.5,63,upsert,L0024,A_no_future_use,
b03v2,base,agg_full@rho0.5,rep3_base_agg_full@rho0.5_b03v2,3,agg_full,0.5,64,upsert,L0001,B_no_decision_flip,0.0
b03v2,base,agg_full@rho0.5,rep3_base_agg_full@rho0.5_b03v2,3,agg_full,0.5,65,upsert,L0012,A_no_future_use,
b03v2,base,agg_full@rho0.5,rep3_base_agg_full@rho0.5_b03v2,3,agg_full,0.5,66,upsert,L0024,A_no_future_use,
b03v2,base,agg_full@rho0.5,rep3_base_agg_full@rho0.5_b03v2,3,agg_full,0.5,67,upsert,L0046,A_no_future_use,
b03v2,base,agg_full@rho0.5,rep3_base_agg_full@rho0.5_b03v2,3,agg_full,0.5,68,upsert,L0030,A_no_future_use,
b03v2,base,agg_full@rho0.5,rep3_base_agg_full@rho0.5_b03v2,3,agg_full,0.5,69,upsert,L0013,A_no_future_use,
b03v2,base,agg_full@rho0.5,rep3_base_agg_full@rho0.5_b03v2,3,agg_full,0.5,70,upsert,L0013,A_no_future_use,
b03v2,base,agg_full@rho0.5,rep3_base_agg_full@rho0.5_b03v2,3,agg_full,0.5,71,upsert,L0008,B_no_decision_flip,10.24
b03v2,base,agg_full@rho0.5,rep3_base_agg_full@rho0.5_b03v2,3,agg_full,0.5,72,upsert,L0037,A_no_future_use,
b03v2,base,agg_full@rho0.5,rep3_base_agg_full@rho0.5_b03v2,3,agg_full,0.5,73,upsert,L0015,D_meaningful_value_flip,40.96
b03v2,base,agg_full@rho0.5,rep3_base_agg_full@rho0.5_b03v2,3,agg_full,0.5,74,upsert,L0000,A_no_future_use,
b03v2,base,agg_full@rho0.5,rep3_base_agg_full@rho0.5_b03v2,3,agg_full,0.5,75,upsert,L0001,B_no_decision_flip,-20.48
b03v2,base,agg_full@rho0.5,rep3_base_agg_full@rho0.5_b03v2,3,agg_full,0.5,76,upsert,L0063,A_no_future_use,
b03v2,base,agg_full@rho0.5,rep3_base_agg_full@rho0.5_b03v2,3,agg_full,0.5,77,upsert,L0011,A_no_future_use,
b03v2,base,agg_full@rho0.5,rep3_base_agg_full@rho0.5_b03v2,3,agg_full,0.5,78,upsert,L0062,B_no_decision_flip,10.24
b03v2,base,agg_full@rho0.5,rep3_base_agg_full@rho0.5_b03v2,3,agg_full,0.5,79,upsert,L0007,D_meaningful_value_flip,36.96
b03v2,base,agg_full@rho0.5,rep3_base_agg_full@rho0.5_b03v2,3,agg_full,0.5,80,upsert,L0061,A_no_future_use,
b03v2,base,agg_full@rho0.5,rep3_base_agg_full@rho0.5_b03v2,3,agg_full,0.5,81,upsert,L0001,B_no_decision_flip,10.24
b03v2,base,agg_full@rho0.5,rep3_base_agg_full@rho0.5_b03v2,3,agg_full,0.5,82,upsert,L0010,D_meaningful_value_flip,40.96
b03v2,base,agg_full@rho0.5,rep3_base_agg_full@rho0.5_b03v2,3,agg_full,0.5,83,upsert,L0029,A_no_future_use,
b03v2,base,agg_full@rho0.5,rep3_base_agg_full@rho0.5_b03v2,3,agg_full,0.5,84,upsert,L0031,A_no_future_use,
b03v2,base,agg_full@rho0.5,rep3_base_agg_full@rho0.5_b03v2,3,agg_full,0.5,85,upsert,L0001,B_no_decision_flip,10.24
b03v2,base,agg_full@rho0.5,rep3_base_agg_full@rho0.5_b03v2,3,agg_full,0.5,86,upsert,L0038,B_no_decision_flip,0.0
b03v2,base,agg_full@rho0.5,rep3_base_agg_full@rho0.5_b03v2,3,agg_full,0.5,87,upsert,L0007,A_no_future_use,
b03v2,base,agg_full@rho0.5,rep3_base_agg_full@rho0.5_b03v2,3,agg_full,0.5,88,upsert,L0015,A_no_future_use,
b03v2,base,agg_full@rho0.5,rep3_base_agg_full@rho0.5_b03v2,3,agg_full,0.5,89,upsert,L0001,A_no_future_use,
b03v2,base,agg_full@rho0.5,rep3_base_agg_full@rho0.5_b03v2,3,agg_full,0.5,90,upsert,L0015,A_no_future_use,
b03v2,base,agg_full@rho0.5,rep3_base_agg_full@rho0.5_b03v2,3,agg_full,0.5,91,upsert,L0010,A_no_future_use,
b03v2,base,agg_full@rho0.5,rep3_base_agg_full@rho0.5_b03v2,3,agg_full,0.5,92,upsert,L0062,A_no_future_use,
b03v2,base,agg_full@rho0.5,rep3_base_agg_full@rho0.5_b03v2,3,agg_full,0.5,93,upsert,L0038,A_no_future_use,
b03v2,base,agg_full@rho0.5,rep3_base_agg_full@rho0.5_b03v2,3,agg_full,0.5,94,upsert,L0001,A_no_future_use,
b03v2,base,agg_full@rho0.5,rep3_base_agg_full@rho0.5_b03v2,3,agg_full,0.5,95,upsert,L0008,A_no_future_use,
b03v2,base,agg_full@rho0.5,rep3_base_agg_full@rho0.5_b03v2,3,agg_full,0.5,96,upsert,L0065,B_no_decision_flip,0.0
b03v2,base,agg_full@rho0.5,rep3_base_agg_full@rho0.5_b03v2,3,agg_full,0.5,97,upsert,L0070,D_meaningful_value_flip,38.96
b03v2,base,agg_full@rho0.5,rep3_base_agg_full@rho0.5_b03v2,3,agg_full,0.5,98,upsert,L0102,A_no_future_use,
b03v2,base,agg_full@rho0.5,rep3_base_agg_full@rho0.5_b03v2,3,agg_full,0.5,99,upsert,L0068,D_meaningful_value_flip,38.96
b03v2,base,agg_full@rho0.5,rep3_base_agg_full@rho0.5_b03v2,3,agg_full,0.5,100,upsert,L0106,D_meaningful_value_flip,40.96
b03v2,base,agg_full@rho0.5,rep3_base_agg_full@rho0.5_b03v2,3,agg_full,0.5,101,upsert,L0074,B_no_decision_flip,0.0
b03v2,base,agg_full@rho0.5,rep3_base_agg_full@rho0.5_b03v2,3,agg_full,0.5,102,upsert,L0091,D_meaningful_value_flip,40.96
b03v2,base,agg_full@rho0.5,rep3_base_agg_full@rho0.5_b03v2,3,agg_full,0.5,103,upsert,L0095,B_no_decision_flip,0.0
b03v2,base,agg_full@rho0.5,rep3_base_agg_full@rho0.5_b03v2,3,agg_full,0.5,104,upsert,L0074,D_meaningful_value_flip,10.24
b03v2,base,agg_full@rho0.5,rep3_base_agg_full@rho0.5_b03v2,3,agg_full,0.5,105,upsert,L0083,D_meaningful_value_flip,38.96
b03v2,base,agg_full@rho0.5,rep3_base_agg_full@rho0.5_b03v2,3,agg_full,0.5,106,upsert,L0109,A_no_future_use,
b03v2,base,agg_full@rho0.5,rep3_base_agg_full@rho0.5_b03v2,3,agg_full,0.5,107,upsert,L0068,B_no_decision_flip,0.0
b03v2,base,agg_full@rho0.5,rep3_base_agg_full@rho0.5_b03v2,3,agg_full,0.5,108,upsert,L0068,B_no_decision_flip,10.24
b03v2,base,agg_full@rho0.5,rep3_base_agg_full@rho0.5_b03v2,3,agg_full,0.5,109,upsert,L0081,B_no_decision_flip,0.0
b03v2,base,agg_full@rho0.5,rep3_base_agg_full@rho0.5_b03v2,3,agg_full,0.5,110,upsert,L0110,A_no_future_use,
b03v2,base,agg_full@rho0.5,rep3_base_agg_full@rho0.5_b03v2,3,agg_full,0.5,111,upsert,L0097,B_no_decision_flip,0.0
b03v2,base,agg_full@rho0.5,rep3_base_agg_full@rho0.5_b03v2,3,agg_full,0.5,112,upsert,L0114,D_meaningful_value_flip,38.96
b03v2,base,agg_full@rho0.5,rep3_base_agg_full@rho0.5_b03v2,3,agg_full,0.5,113,upsert,L0065,B_no_decision_flip,0.0
b03v2,base,agg_full@rho0.5,rep3_base_agg_full@rho0.5_b03v2,3,agg_full,0.5,114,upsert,L0099,D_meaningful_value_flip,38.96
b03v2,base,agg_full@rho0.5,rep3_base_agg_full@rho0.5_b03v2,3,agg_full,0.5,115,upsert,L0111,D_meaningful_value_flip,40.96
b03v2,base,agg_full@rho0.5,rep3_base_agg_full@rho0.5_b03v2,3,agg_full,0.5,116,upsert,L0064,D_meaningful_value_flip,40.96
b03v2,base,agg_full@rho0.5,rep3_base_agg_full@rho0.5_b03v2,3,agg_full,0.5,117,upsert,L0065,B_no_decision_flip,10.24
b03v2,base,agg_full@rho0.5,rep3_base_agg_full@rho0.5_b03v2,3,agg_full,0.5,118,upsert,L0083,B_no_decision_flip,0.0
b03v2,base,agg_full@rho0.5,rep3_base_agg_full@rho0.5_b03v2,3,agg_full,0.5,119,upsert,L0072,D_meaningful_value_flip,40.96
b03v2,base,agg_full@rho0.5,rep3_base_agg_full@rho0.5_b03v2,3,agg_full,0.5,120,upsert,L0125,D_meaningful_value_flip,38.96
b03v2,base,agg_full@rho0.5,rep3_base_agg_full@rho0.5_b03v2,3,agg_full,0.5,121,upsert,L0071,B_no_decision_flip,0.0
b03v2,base,agg_full@rho0.5,rep3_base_agg_full@rho0.5_b03v2,3,agg_full,0.5,122,upsert,L0069,B_no_decision_flip,0.0
b03v2,base,agg_full@rho0.5,rep3_base_agg_full@rho0.5_b03v2,3,agg_full,0.5,123,upsert,L0100,A_no_future_use,
b03v2,base,agg_full@rho0.5,rep3_base_agg_full@rho0.5_b03v2,3,agg_full,0.5,124,upsert,L0090,A_no_future_use,
b03v2,base,agg_full@rho0.5,rep3_base_agg_full@rho0.5_b03v2,3,agg_full,0.5,125,upsert,L0064,B_no_decision_flip,10.24
b03v2,base,agg_full@rho0.5,rep3_base_agg_full@rho0.5_b03v2,3,agg_full,0.5,126,upsert,L0071,D_meaningful_value_flip,12.24
b03v2,base,agg_full@rho0.5,rep3_base_agg_full@rho0.5_b03v2,3,agg_full,0.5,127,upsert,L0066,B_no_decision_flip,0.0
b03v2,base,agg_full@rho0.5,rep3_base_agg_full@rho0.5_b03v2,3,agg_full,0.5,128,upsert,L0065,B_no_decision_flip,-20.48
b03v2,base,agg_full@rho0.5,rep3_base_agg_full@rho0.5_b03v2,3,agg_full,0.5,129,upsert,L0090,A_no_future_use,
b03v2,base,agg_full@rho0.5,rep3_base_agg_full@rho0.5_b03v2,3,agg_full,0.5,130,upsert,L0095,B_no_decision_flip,10.24
b03v2,base,agg_full@rho0.5,rep3_base_agg_full@rho0.5_b03v2,3,agg_full,0.5,131,upsert,L0093,A_no_future_use,
b03v2,base,agg_full@rho0.5,rep3_base_agg_full@rho0.5_b03v2,3,agg_full,0.5,132,upsert,L0081,B_no_decision_flip,10.24
b03v2,base,agg_full@rho0.5,rep3_base_agg_full@rho0.5_b03v2,3,agg_full,0.5,133,upsert,L0072,A_no_future_use,
b03v2,base,agg_full@rho0.5,rep3_base_agg_full@rho0.5_b03v2,3,agg_full,0.5,134,upsert,L0092,B_no_decision_flip,0.0
b03v2,base,agg_full@rho0.5,rep3_base_agg_full@rho0.5_b03v2,3,agg_full,0.5,135,upsert,L0083,B_no_decision_flip,10.24
b03v2,base,agg_full@rho0.5,rep3_base_agg_full@rho0.5_b03v2,3,agg_full,0.5,136,upsert,L0111,B_no_decision_flip,10.24
b03v2,base,agg_full@rho0.5,rep3_base_agg_full@rho0.5_b03v2,3,agg_full,0.5,137,upsert,L0092,C_low_value_flip,0.0
b03v2,base,agg_full@rho0.5,rep3_base_agg_full@rho0.5_b03v2,3,agg_full,0.5,138,upsert,L0079,D_meaningful_value_flip,40.96
b03v2,base,agg_full@rho0.5,rep3_base_agg_full@rho0.5_b03v2,3,agg_full,0.5,139,upsert,L0070,B_no_decision_flip,10.24
b03v2,base,agg_full@rho0.5,rep3_base_agg_full@rho0.5_b03v2,3,agg_full,0.5,140,upsert,L0097,A_no_future_use,
b03v2,base,agg_full@rho0.5,rep3_base_agg_full@rho0.5_b03v2,3,agg_full,0.5,141,upsert,L0064,B_no_decision_flip,0.0
b03v2,base,agg_full@rho0.5,rep3_base_agg_full@rho0.5_b03v2,3,agg_full,0.5,142,upsert,L0066,B_no_decision_flip,10.24
b03v2,base,agg_full@rho0.5,rep3_base_agg_full@rho0.5_b03v2,3,agg_full,0.5,143,upsert,L0067,B_no_decision_flip,0.0
b03v2,base,agg_full@rho0.5,rep3_base_agg_full@rho0.5_b03v2,3,agg_full,0.5,144,upsert,L0083,B_no_decision_flip,-20.48
b03v2,base,agg_full@rho0.5,rep3_base_agg_full@rho0.5_b03v2,3,agg_full,0.5,145,upsert,L0068,B_no_decision_flip,0.0
b03v2,base,agg_full@rho0.5,rep3_base_agg_full@rho0.5_b03v2,3,agg_full,0.5,146,upsert,L0106,A_no_future_use,
b03v2,base,agg_full@rho0.5,rep3_base_agg_full@rho0.5_b03v2,3,agg_full,0.5,147,upsert,L0087,D_meaningful_value_flip,38.96
b03v2,base,agg_full@rho0.5,rep3_base_agg_full@rho0.5_b03v2,3,agg_full,0.5,148,upsert,L0111,A_no_future_use,
b03v2,base,agg_full@rho0.5,rep3_base_agg_full@rho0.5_b03v2,3,agg_full,0.5,149,upsert,L0064,B_no_decision_flip,-20.48
b03v2,base,agg_full@rho0.5,rep3_base_agg_full@rho0.5_b03v2,3,agg_full,0.5,150,upsert,L0071,B_no_decision_flip,10.24
b03v2,base,agg_full@rho0.5,rep3_base_agg_full@rho0.5_b03v2,3,agg_full,0.5,151,upsert,L0067,D_meaningful_value_flip,10.24
b03v2,base,agg_full@rho0.5,rep3_base_agg_full@rho0.5_b03v2,3,agg_full,0.5,152,upsert,L0078,A_no_future_use,
b03v2,base,agg_full@rho0.5,rep3_base_agg_full@rho0.5_b03v2,3,agg_full,0.5,153,upsert,L0096,A_no_future_use,
b03v2,base,agg_full@rho0.5,rep3_base_agg_full@rho0.5_b03v2,3,agg_full,0.5,154,upsert,L0076,B_no_decision_flip,0.0
b03v2,base,agg_full@rho0.5,rep3_base_agg_full@rho0.5_b03v2,3,agg_full,0.5,155,upsert,L0076,C_low_value_flip,0.0
b03v2,base,agg_full@rho0.5,rep3_base_agg_full@rho0.5_b03v2,3,agg_full,0.5,156,upsert,L0065,A_no_future_use,
b03v2,base,agg_full@rho0.5,rep3_base_agg_full@rho0.5_b03v2,3,agg_full,0.5,157,upsert,L0068,B_no_decision_flip,10.24
b03v2,base,agg_full@rho0.5,rep3_base_agg_full@rho0.5_b03v2,3,agg_full,0.5,158,upsert,L0075,D_meaningful_value_flip,40.96
b03v2,base,agg_full@rho0.5,rep3_base_agg_full@rho0.5_b03v2,3,agg_full,0.5,159,upsert,L0081,A_no_future_use,
b03v2,base,agg_full@rho0.5,rep3_base_agg_full@rho0.5_b03v2,3,agg_full,0.5,160,upsert,L0074,B_no_decision_flip,0.0
b03v2,base,agg_full@rho0.5,rep3_base_agg_full@rho0.5_b03v2,3,agg_full,0.5,161,upsert,L0066,B_no_decision_flip,10.24
b03v2,base,agg_full@rho0.5,rep3_base_agg_full@rho0.5_b03v2,3,agg_full,0.5,162,upsert,L0116,A_no_future_use,
b03v2,base,agg_full@rho0.5,rep3_base_agg_full@rho0.5_b03v2,3,agg_full,0.5,163,upsert,L0092,A_no_future_use,
b03v2,base,agg_full@rho0.5,rep3_base_agg_full@rho0.5_b03v2,3,agg_full,0.5,164,upsert,L0083,A_no_future_use,
b03v2,base,agg_full@rho0.5,rep3_base_agg_full@rho0.5_b03v2,3,agg_full,0.5,165,upsert,L0099,A_no_future_use,
b03v2,base,agg_full@rho0.5,rep3_base_agg_full@rho0.5_b03v2,3,agg_full,0.5,166,upsert,L0067,A_no_future_use,
b03v2,base,agg_full@rho0.5,rep3_base_agg_full@rho0.5_b03v2,3,agg_full,0.5,167,upsert,L0091,A_no_future_use,
b03v2,base,agg_full@rho0.5,rep3_base_agg_full@rho0.5_b03v2,3,agg_full,0.5,168,upsert,L0069,A_no_future_use,
b03v2,base,agg_full@rho0.5,rep3_base_agg_full@rho0.5_b03v2,3,agg_full,0.5,169,upsert,L0075,B_no_decision_flip,0.0
b03v2,base,agg_full@rho0.5,rep3_base_agg_full@rho0.5_b03v2,3,agg_full,0.5,170,upsert,L0087,A_no_future_use,
b03v2,base,agg_full@rho0.5,rep3_base_agg_full@rho0.5_b03v2,3,agg_full,0.5,171,upsert,L0069,A_no_future_use,
b03v2,base,agg_full@rho0.5,rep3_base_agg_full@rho0.5_b03v2,3,agg_full,0.5,172,upsert,L0105,A_no_future_use,
b03v2,base,agg_full@rho0.5,rep3_base_agg_full@rho0.5_b03v2,3,agg_full,0.5,173,upsert,L0066,A_no_future_use,
b03v2,base,agg_full@rho0.5,rep3_base_agg_full@rho0.5_b03v2,3,agg_full,0.5,174,upsert,L0071,E_negative_value_flip,-18.48
b03v2,base,agg_full@rho0.5,rep3_base_agg_full@rho0.5_b03v2,3,agg_full,0.5,175,upsert,L0070,A_no_future_use,
b03v2,base,agg_full@rho0.5,rep3_base_agg_full@rho0.5_b03v2,3,agg_full,0.5,176,upsert,L0076,A_no_future_use,
b03v2,base,agg_full@rho0.5,rep3_base_agg_full@rho0.5_b03v2,3,agg_full,0.5,177,upsert,L0066,A_no_future_use,
b03v2,base,agg_full@rho0.5,rep3_base_agg_full@rho0.5_b03v2,3,agg_full,0.5,178,upsert,L0089,A_no_future_use,
b03v2,base,agg_full@rho0.5,rep3_base_agg_full@rho0.5_b03v2,3,agg_full,0.5,179,upsert,L0075,A_no_future_use,
b03v2,base,agg_full@rho0.5,rep3_base_agg_full@rho0.5_b03v2,3,agg_full,0.5,180,upsert,L0073,A_no_future_use,
b03v2,base,agg_full@rho0.5,rep3_base_agg_full@rho0.5_b03v2,3,agg_full,0.5,181,upsert,L0064,A_no_future_use,
b03v2,base,agg_full@rho0.5,rep3_base_agg_full@rho0.5_b03v2,3,agg_full,0.5,182,upsert,L0114,A_no_future_use,
b03v2,base,agg_full@rho0.5,rep3_base_agg_full@rho0.5_b03v2,3,agg_full,0.5,183,upsert,L0071,A_no_future_use,
b03v2,base,agg_full@rho0.5,rep3_base_agg_full@rho0.5_b03v2,3,agg_full,0.5,184,upsert,L0108,A_no_future_use,
b03v2,base,agg_full@rho0.5,rep3_base_agg_full@rho0.5_b03v2,3,agg_full,0.5,185,upsert,L0125,A_no_future_use,
b03v2,base,agg_full@rho0.5,rep3_base_agg_full@rho0.5_b03v2,3,agg_full,0.5,186,upsert,L0074,A_no_future_use,
b03v2,base,agg_full@rho0.5,rep3_base_agg_full@rho0.5_b03v2,3,agg_full,0.5,187,upsert,L0104,A_no_future_use,
b03v2,base,agg_full@rho0.5,rep3_base_agg_full@rho0.5_b03v2,3,agg_full,0.5,188,upsert,L0121,A_no_future_use,
b03v2,base,agg_full@rho0.5,rep3_base_agg_full@rho0.5_b03v2,3,agg_full,0.5,189,upsert,L0079,A_no_future_use,
b03v2,base,agg_full@rho0.5,rep3_base_agg_full@rho0.5_b03v2,3,agg_full,0.5,190,upsert,L0095,A_no_future_use,
b03v2,base,agg_full@rho0.5,rep3_base_agg_full@rho0.5_b03v2,3,agg_full,0.5,191,upsert,L0068,A_no_future_use,
b03v2,base,agg_static@rho1.2,rep3_base_agg_static@rho1.2_b03v2,3,agg_static,1.2,0,upsert,L0003,D_meaningful_value_flip,38.96
b03v2,base,agg_static@rho1.2,rep3_base_agg_static@rho1.2_b03v2,3,agg_static,1.2,1,upsert,L0045,D_meaningful_value_flip,40.96
b03v2,base,agg_static@rho1.2,rep3_base_agg_static@rho1.2_b03v2,3,agg_static,1.2,2,upsert,L0000,B_no_decision_flip,0.0
b03v2,base,agg_static@rho1.2,rep3_base_agg_static@rho1.2_b03v2,3,agg_static,1.2,3,upsert,L0006,B_no_decision_flip,0.0
b03v2,base,agg_static@rho1.2,rep3_base_agg_static@rho1.2_b03v2,3,agg_static,1.2,4,upsert,L0002,D_meaningful_value_flip,40.96
b03v2,base,agg_static@rho1.2,rep3_base_agg_static@rho1.2_b03v2,3,agg_static,1.2,5,upsert,L0005,D_meaningful_value_flip,40.96
b03v2,base,agg_static@rho1.2,rep3_base_agg_static@rho1.2_b03v2,3,agg_static,1.2,6,upsert,L0040,A_no_future_use,
b03v2,base,agg_static@rho1.2,rep3_base_agg_static@rho1.2_b03v2,3,agg_static,1.2,7,upsert,L0012,B_no_decision_flip,0.0
b03v2,base,agg_static@rho1.2,rep3_base_agg_static@rho1.2_b03v2,3,agg_static,1.2,8,upsert,L0038,D_meaningful_value_flip,36.96
b03v2,base,agg_static@rho1.2,rep3_base_agg_static@rho1.2_b03v2,3,agg_static,1.2,9,upsert,L0056,A_no_future_use,
b03v2,base,agg_static@rho1.2,rep3_base_agg_static@rho1.2_b03v2,3,agg_static,1.2,10,upsert,L0036,A_no_future_use,
b03v2,base,agg_static@rho1.2,rep3_base_agg_static@rho1.2_b03v2,3,agg_static,1.2,11,upsert,L0030,B_no_decision_flip,0.0
b03v2,base,agg_static@rho1.2,rep3_base_agg_static@rho1.2_b03v2,3,agg_static,1.2,12,upsert,L0032,A_no_future_use,
b03v2,base,agg_static@rho1.2,rep3_base_agg_static@rho1.2_b03v2,3,agg_static,1.2,13,upsert,L0008,B_no_decision_flip,0.0
b03v2,base,agg_static@rho1.2,rep3_base_agg_static@rho1.2_b03v2,3,agg_static,1.2,14,upsert,L0006,B_no_decision_flip,10.24
b03v2,base,agg_static@rho1.2,rep3_base_agg_static@rho1.2_b03v2,3,agg_static,1.2,15,upsert,L0044,A_no_future_use,
b03v2,base,agg_static@rho1.2,rep3_base_agg_static@rho1.2_b03v2,3,agg_static,1.2,16,upsert,L0002,A_no_future_use,
b03v2,base,agg_static@rho1.2,rep3_base_agg_static@rho1.2_b03v2,3,agg_static,1.2,17,upsert,L0052,A_no_future_use,
b03v2,base,agg_static@rho1.2,rep3_base_agg_static@rho1.2_b03v2,3,agg_static,1.2,18,upsert,L0021,B_no_decision_flip,0.0
b03v2,base,agg_static@rho1.2,rep3_base_agg_static@rho1.2_b03v2,3,agg_static,1.2,19,upsert,L0025,D_meaningful_value_flip,40.96
b03v2,base,agg_static@rho1.2,rep3_base_agg_static@rho1.2_b03v2,3,agg_static,1.2,20,upsert,L0062,B_no_decision_flip,0.0
b03v2,base,agg_static@rho1.2,rep3_base_agg_static@rho1.2_b03v2,3,agg_static,1.2,21,upsert,L0031,D_meaningful_value_flip,40.96
b03v2,base,agg_static@rho1.2,rep3_base_agg_static@rho1.2_b03v2,3,agg_static,1.2,22,upsert,L0001,D_meaningful_value_flip,40.96
b03v2,base,agg_static@rho1.2,rep3_base_agg_static@rho1.2_b03v2,3,agg_static,1.2,23,upsert,L0054,A_no_future_use,
b03v2,base,agg_static@rho1.2,rep3_base_agg_static@rho1.2_b03v2,3,agg_static,1.2,24,upsert,L0000,B_no_decision_flip,10.24
b03v2,base,agg_static@rho1.2,rep3_base_agg_static@rho1.2_b03v2,3,agg_static,1.2,25,upsert,L0017,A_no_future_use,
b03v2,base,agg_static@rho1.2,rep3_base_agg_static@rho1.2_b03v2,3,agg_static,1.2,26,upsert,L0016,A_no_future_use,
b03v2,base,agg_static@rho1.2,rep3_base_agg_static@rho1.2_b03v2,3,agg_static,1.2,27,upsert,L0025,A_no_future_use,
b03v2,base,agg_static@rho1.2,rep3_base_agg_static@rho1.2_b03v2,3,agg_static,1.2,28,upsert,L0036,A_no_future_use,
b03v2,base,agg_static@rho1.2,rep3_base_agg_static@rho1.2_b03v2,3,agg_static,1.2,29,upsert,L0000,A_no_future_use,
b03v2,base,agg_static@rho1.2,rep3_base_agg_static@rho1.2_b03v2,3,agg_static,1.2,30,upsert,L0020,A_no_future_use,
b03v2,base,agg_static@rho1.2,rep3_base_agg_static@rho1.2_b03v2,3,agg_static,1.2,31,upsert,L0019,A_no_future_use,
b03v2,base,agg_static@rho1.2,rep3_base_agg_static@rho1.2_b03v2,3,agg_static,1.2,32,upsert,L0045,A_no_future_use,
b03v2,base,agg_static@rho1.2,rep3_base_agg_static@rho1.2_b03v2,3,agg_static,1.2,33,upsert,L0042,A_no_future_use,
b03v2,base,agg_static@rho1.2,rep3_base_agg_static@rho1.2_b03v2,3,agg_static,1.2,34,upsert,L0000,A_no_future_use,
b03v2,base,agg_static@rho1.2,rep3_base_agg_static@rho1.2_b03v2,3,agg_static,1.2,35,upsert,L0032,A_no_future_use,
b03v2,base,agg_static@rho1.2,rep3_base_agg_static@rho1.2_b03v2,3,agg_static,1.2,36,upsert,L0001,D_meaningful_value_flip,12.24
b03v2,base,agg_static@rho1.2,rep3_base_agg_static@rho1.2_b03v2,3,agg_static,1.2,37,upsert,L0059,A_no_future_use,
b03v2,base,agg_static@rho1.2,rep3_base_agg_static@rho1.2_b03v2,3,agg_static,1.2,38,upsert,L0050,A_no_future_use,
b03v2,base,agg_static@rho1.2,rep3_base_agg_static@rho1.2_b03v2,3,agg_static,1.2,39,upsert,L0009,A_no_future_use,
b03v2,base,agg_static@rho1.2,rep3_base_agg_static@rho1.2_b03v2,3,agg_static,1.2,40,upsert,L0018,A_no_future_use,
b03v2,base,agg_static@rho1.2,rep3_base_agg_static@rho1.2_b03v2,3,agg_static,1.2,41,upsert,L0004,A_no_future_use,
b03v2,base,agg_static@rho1.2,rep3_base_agg_static@rho1.2_b03v2,3,agg_static,1.2,42,upsert,L0053,A_no_future_use,
b03v2,base,agg_static@rho1.2,rep3_base_agg_static@rho1.2_b03v2,3,agg_static,1.2,43,upsert,L0055,A_no_future_use,
b03v2,base,agg_static@rho1.2,rep3_base_agg_static@rho1.2_b03v2,3,agg_static,1.2,44,upsert,L0043,A_no_future_use,
b03v2,base,agg_static@rho1.2,rep3_base_agg_static@rho1.2_b03v2,3,agg_static,1.2,45,upsert,L0018,A_no_future_use,
b03v2,base,agg_static@rho1.2,rep3_base_agg_static@rho1.2_b03v2,3,agg_static,1.2,46,upsert,L0034,A_no_future_use,
b03v2,base,agg_static@rho1.2,rep3_base_agg_static@rho1.2_b03v2,3,agg_static,1.2,47,upsert,L0016,A_no_future_use,
b03v2,base,agg_static@rho1.2,rep3_base_agg_static@rho1.2_b03v2,3,agg_static,1.2,48,upsert,L0005,A_no_future_use,
b03v2,base,agg_static@rho1.2,rep3_base_agg_static@rho1.2_b03v2,3,agg_static,1.2,49,upsert,L0002,A_no_future_use,
b03v2,base,agg_static@rho1.2,rep3_base_agg_static@rho1.2_b03v2,3,agg_static,1.2,50,upsert,L0037,A_no_future_use,
b03v2,base,agg_static@rho1.2,rep3_base_agg_static@rho1.2_b03v2,3,agg_static,1.2,51,upsert,L0029,A_no_future_use,
b03v2,base,agg_static@rho1.2,rep3_base_agg_static@rho1.2_b03v2,3,agg_static,1.2,52,upsert,L0021,A_no_future_use,
b03v2,base,agg_static@rho1.2,rep3_base_agg_static@rho1.2_b03v2,3,agg_static,1.2,53,upsert,L0003,A_no_future_use,
b03v2,base,agg_static@rho1.2,rep3_base_agg_static@rho1.2_b03v2,3,agg_static,1.2,54,upsert,L0060,A_no_future_use,
b03v2,base,agg_static@rho1.2,rep3_base_agg_static@rho1.2_b03v2,3,agg_static,1.2,55,upsert,L0038,A_no_future_use,
b03v2,base,agg_static@rho1.2,rep3_base_agg_static@rho1.2_b03v2,3,agg_static,1.2,56,upsert,L0019,A_no_future_use,
b03v2,base,agg_static@rho1.2,rep3_base_agg_static@rho1.2_b03v2,3,agg_static,1.2,57,upsert,L0021,A_no_future_use,
b03v2,base,agg_static@rho1.2,rep3_base_agg_static@rho1.2_b03v2,3,agg_static,1.2,58,upsert,L0058,A_no_future_use,
b03v2,base,agg_static@rho1.2,rep3_base_agg_static@rho1.2_b03v2,3,agg_static,1.2,59,upsert,L0006,A_no_future_use,
b03v2,base,agg_static@rho1.2,rep3_base_agg_static@rho1.2_b03v2,3,agg_static,1.2,60,upsert,L0020,A_no_future_use,
b03v2,base,agg_static@rho1.2,rep3_base_agg_static@rho1.2_b03v2,3,agg_static,1.2,61,upsert,L0025,A_no_future_use,
b03v2,base,agg_static@rho1.2,rep3_base_agg_static@rho1.2_b03v2,3,agg_static,1.2,62,upsert,L0013,A_no_future_use,
b03v2,base,agg_static@rho1.2,rep3_base_agg_static@rho1.2_b03v2,3,agg_static,1.2,63,upsert,L0024,A_no_future_use,
b03v2,base,agg_static@rho1.2,rep3_base_agg_static@rho1.2_b03v2,3,agg_static,1.2,64,upsert,L0001,A_no_future_use,
b03v2,base,agg_static@rho1.2,rep3_base_agg_static@rho1.2_b03v2,3,agg_static,1.2,65,upsert,L0012,A_no_future_use,
b03v2,base,agg_static@rho1.2,rep3_base_agg_static@rho1.2_b03v2,3,agg_static,1.2,66,upsert,L0024,A_no_future_use,
b03v2,base,agg_static@rho1.2,rep3_base_agg_static@rho1.2_b03v2,3,agg_static,1.2,67,upsert,L0046,A_no_future_use,
b03v2,base,agg_static@rho1.2,rep3_base_agg_static@rho1.2_b03v2,3,agg_static,1.2,68,upsert,L0030,A_no_future_use,
b03v2,base,agg_static@rho1.2,rep3_base_agg_static@rho1.2_b03v2,3,agg_static,1.2,69,upsert,L0013,A_no_future_use,
b03v2,base,agg_static@rho1.2,rep3_base_agg_static@rho1.2_b03v2,3,agg_static,1.2,71,upsert,L0008,A_no_future_use,
b03v2,base,agg_static@rho1.2,rep3_base_agg_static@rho1.2_b03v2,3,agg_static,1.2,72,upsert,L0037,A_no_future_use,
b03v2,base,agg_static@rho1.2,rep3_base_agg_static@rho1.2_b03v2,3,agg_static,1.2,73,upsert,L0015,A_no_future_use,
b03v2,base,agg_static@rho1.2,rep3_base_agg_static@rho1.2_b03v2,3,agg_static,1.2,74,upsert,L0000,A_no_future_use,
b03v2,base,agg_static@rho1.2,rep3_base_agg_static@rho1.2_b03v2,3,agg_static,1.2,75,upsert,L0001,A_no_future_use,
b03v2,base,agg_static@rho1.2,rep3_base_agg_static@rho1.2_b03v2,3,agg_static,1.2,76,upsert,L0063,A_no_future_use,
b03v2,base,agg_static@rho1.2,rep3_base_agg_static@rho1.2_b03v2,3,agg_static,1.2,77,upsert,L0011,A_no_future_use,
b03v2,base,agg_static@rho1.2,rep3_base_agg_static@rho1.2_b03v2,3,agg_static,1.2,78,upsert,L0062,A_no_future_use,
b03v2,base,agg_static@rho1.2,rep3_base_agg_static@rho1.2_b03v2,3,agg_static,1.2,79,upsert,L0007,A_no_future_use,
b03v2,base,agg_static@rho1.2,rep3_base_agg_static@rho1.2_b03v2,3,agg_static,1.2,80,upsert,L0061,A_no_future_use,
b03v2,base,agg_static@rho1.2,rep3_base_agg_static@rho1.2_b03v2,3,agg_static,1.2,81,upsert,L0001,A_no_future_use,
b03v2,base,agg_static@rho1.2,rep3_base_agg_static@rho1.2_b03v2,3,agg_static,1.2,82,upsert,L0010,A_no_future_use,
b03v2,base,agg_static@rho1.2,rep3_base_agg_static@rho1.2_b03v2,3,agg_static,1.2,83,upsert,L0029,A_no_future_use,
b03v2,base,agg_static@rho1.2,rep3_base_agg_static@rho1.2_b03v2,3,agg_static,1.2,84,upsert,L0031,A_no_future_use,
b03v2,base,agg_static@rho1.2,rep3_base_agg_static@rho1.2_b03v2,3,agg_static,1.2,85,upsert,L0001,A_no_future_use,
b03v2,base,agg_static@rho1.2,rep3_base_agg_static@rho1.2_b03v2,3,agg_static,1.2,86,upsert,L0038,A_no_future_use,
b03v2,base,agg_static@rho1.2,rep3_base_agg_static@rho1.2_b03v2,3,agg_static,1.2,87,upsert,L0007,A_no_future_use,
b03v2,base,agg_static@rho1.2,rep3_base_agg_static@rho1.2_b03v2,3,agg_static,1.2,88,upsert,L0015,A_no_future_use,
b03v2,base,agg_static@rho1.2,rep3_base_agg_static@rho1.2_b03v2,3,agg_static,1.2,89,upsert,L0001,A_no_future_use,
b03v2,base,agg_static@rho1.2,rep3_base_agg_static@rho1.2_b03v2,3,agg_static,1.2,90,upsert,L0015,A_no_future_use,
b03v2,base,agg_static@rho1.2,rep3_base_agg_static@rho1.2_b03v2,3,agg_static,1.2,91,upsert,L0010,A_no_future_use,
b03v2,base,agg_static@rho1.2,rep3_base_agg_static@rho1.2_b03v2,3,agg_static,1.2,92,upsert,L0062,A_no_future_use,
b03v2,base,agg_static@rho1.2,rep3_base_agg_static@rho1.2_b03v2,3,agg_static,1.2,93,upsert,L0038,A_no_future_use,
b03v2,base,agg_static@rho1.2,rep3_base_agg_static@rho1.2_b03v2,3,agg_static,1.2,94,upsert,L0001,A_no_future_use,
b03v2,base,agg_static@rho1.2,rep3_base_agg_static@rho1.2_b03v2,3,agg_static,1.2,95,upsert,L0008,A_no_future_use,
b03v2,base,agg_static@rho1.2,rep3_base_agg_static@rho1.2_b03v2,3,agg_static,1.2,96,upsert,L0065,A_no_future_use,
b03v2,base,agg_static@rho1.2,rep3_base_agg_static@rho1.2_b03v2,3,agg_static,1.2,97,upsert,L0070,A_no_future_use,
b03v2,base,agg_static@rho1.2,rep3_base_agg_static@rho1.2_b03v2,3,agg_static,1.2,98,upsert,L0102,A_no_future_use,
b03v2,base,agg_static@rho1.2,rep3_base_agg_static@rho1.2_b03v2,3,agg_static,1.2,99,upsert,L0068,B_no_decision_flip,0.0
b03v2,base,agg_static@rho1.2,rep3_base_agg_static@rho1.2_b03v2,3,agg_static,1.2,100,upsert,L0106,A_no_future_use,
b03v2,base,agg_static@rho1.2,rep3_base_agg_static@rho1.2_b03v2,3,agg_static,1.2,101,upsert,L0074,B_no_decision_flip,0.0
b03v2,base,agg_static@rho1.2,rep3_base_agg_static@rho1.2_b03v2,3,agg_static,1.2,102,upsert,L0091,A_no_future_use,
b03v2,base,agg_static@rho1.2,rep3_base_agg_static@rho1.2_b03v2,3,agg_static,1.2,103,upsert,L0095,D_meaningful_value_flip,38.96
b03v2,base,agg_static@rho1.2,rep3_base_agg_static@rho1.2_b03v2,3,agg_static,1.2,104,upsert,L0074,D_meaningful_value_flip,10.24
b03v2,base,agg_static@rho1.2,rep3_base_agg_static@rho1.2_b03v2,3,agg_static,1.2,105,upsert,L0083,A_no_future_use,
b03v2,base,agg_static@rho1.2,rep3_base_agg_static@rho1.2_b03v2,3,agg_static,1.2,106,upsert,L0109,A_no_future_use,
b03v2,base,agg_static@rho1.2,rep3_base_agg_static@rho1.2_b03v2,3,agg_static,1.2,107,upsert,L0068,D_meaningful_value_flip,8.24
b03v2,base,agg_static@rho1.2,rep3_base_agg_static@rho1.2_b03v2,3,agg_static,1.2,109,upsert,L0081,A_no_future_use,
b03v2,base,agg_static@rho1.2,rep3_base_agg_static@rho1.2_b03v2,3,agg_static,1.2,110,upsert,L0110,A_no_future_use,
b03v2,base,agg_full@rho1.0,rep3_base_agg_full@rho1.0_b03v2,3,agg_full,1.0,70,upsert,L0013,A_no_future_use,
b03v2,base,agg_full@rho1.0,rep3_base_agg_full@rho1.0_b03v2,3,agg_full,1.0,90,upsert,L0015,A_no_future_use,
b03v2,base,agg_full@rho1.0,rep3_base_agg_full@rho1.0_b03v2,3,agg_full,1.0,92,upsert,L0062,A_no_future_use,
b03v2,base,agg_full@rho1.0,rep3_base_agg_full@rho1.0_b03v2,3,agg_full,1.0,93,upsert,L0038,A_no_future_use,
b03v2,base,agg_full@rho1.0,rep3_base_agg_full@rho1.0_b03v2,3,agg_full,1.0,94,upsert,L0001,A_no_future_use,
b03v2,base,agg_full@rho1.0,rep3_base_agg_full@rho1.0_b03v2,3,agg_full,1.0,95,upsert,L0008,A_no_future_use,
b03v2,base,agg_full@rho1.0,rep3_base_agg_full@rho1.0_b03v2,3,agg_full,1.0,96,upsert,L0065,B_no_decision_flip,0.0
b03v2,base,agg_full@rho1.0,rep3_base_agg_full@rho1.0_b03v2,3,agg_full,1.0,97,upsert,L0070,D_meaningful_value_flip,38.96
b03v2,base,agg_full@rho1.0,rep3_base_agg_full@rho1.0_b03v2,3,agg_full,1.0,98,upsert,L0102,A_no_future_use,
b03v2,base,agg_full@rho1.0,rep3_base_agg_full@rho1.0_b03v2,3,agg_full,1.0,99,upsert,L0068,D_meaningful_value_flip,40.96
b03v2,base,agg_full@rho1.0,rep3_base_agg_full@rho1.0_b03v2,3,agg_full,1.0,100,upsert,L0106,D_meaningful_value_flip,40.96
b03v2,base,agg_full@rho1.0,rep3_base_agg_full@rho1.0_b03v2,3,agg_full,1.0,101,upsert,L0074,B_no_decision_flip,0.0
b03v2,base,agg_full@rho1.0,rep3_base_agg_full@rho1.0_b03v2,3,agg_full,1.0,102,upsert,L0091,D_meaningful_value_flip,38.96
b03v2,base,agg_full@rho1.0,rep3_base_agg_full@rho1.0_b03v2,3,agg_full,1.0,103,upsert,L0095,D_meaningful_value_flip,38.96
b03v2,base,agg_full@rho1.0,rep3_base_agg_full@rho1.0_b03v2,3,agg_full,1.0,104,upsert,L0074,D_meaningful_value_flip,10.24
b03v2,base,agg_full@rho1.0,rep3_base_agg_full@rho1.0_b03v2,3,agg_full,1.0,105,upsert,L0083,D_meaningful_value_flip,40.96
b03v2,base,agg_full@rho1.0,rep3_base_agg_full@rho1.0_b03v2,3,agg_full,1.0,106,upsert,L0109,A_no_future_use,
b03v2,base,agg_full@rho1.0,rep3_base_agg_full@rho1.0_b03v2,3,agg_full,1.0,107,upsert,L0068,B_no_decision_flip,0.0
b03v2,base,agg_full@rho1.0,rep3_base_agg_full@rho1.0_b03v2,3,agg_full,1.0,108,upsert,L0068,B_no_decision_flip,10.24
b03v2,base,agg_full@rho1.0,rep3_base_agg_full@rho1.0_b03v2,3,agg_full,1.0,109,upsert,L0081,D_meaningful_value_flip,38.96
b03v2,base,agg_full@rho1.0,rep3_base_agg_full@rho1.0_b03v2,3,agg_full,1.0,110,upsert,L0110,A_no_future_use,
b03v2,base,agg_full@rho1.0,rep3_base_agg_full@rho1.0_b03v2,3,agg_full,1.0,111,upsert,L0097,D_meaningful_value_flip,40.96
b03v2,base,agg_full@rho1.0,rep3_base_agg_full@rho1.0_b03v2,3,agg_full,1.0,112,upsert,L0114,D_meaningful_value_flip,40.96
b03v2,base,agg_full@rho1.0,rep3_base_agg_full@rho1.0_b03v2,3,agg_full,1.0,113,upsert,L0065,B_no_decision_flip,0.0
b03v2,base,agg_full@rho1.0,rep3_base_agg_full@rho1.0_b03v2,3,agg_full,1.0,114,upsert,L0099,D_meaningful_value_flip,40.96
b03v2,base,agg_full@rho1.0,rep3_base_agg_full@rho1.0_b03v2,3,agg_full,1.0,115,upsert,L0111,D_meaningful_value_flip,40.96
b03v2,base,agg_full@rho1.0,rep3_base_agg_full@rho1.0_b03v2,3,agg_full,1.0,116,upsert,L0064,B_no_decision_flip,0.0
b03v2,base,agg_full@rho1.0,rep3_base_agg_full@rho1.0_b03v2,3,agg_full,1.0,117,upsert,L0065,B_no_decision_flip,10.24
b03v2,base,agg_full@rho1.0,rep3_base_agg_full@rho1.0_b03v2,3,agg_full,1.0,118,upsert,L0083,C_low_value_flip,0.0
b03v2,base,agg_full@rho1.0,rep3_base_agg_full@rho1.0_b03v2,3,agg_full,1.0,119,upsert,L0072,A_no_future_use,
b03v2,base,agg_full@rho1.0,rep3_base_agg_full@rho1.0_b03v2,3,agg_full,1.0,120,upsert,L0125,D_meaningful_value_flip,38.96
b03v2,base,agg_full@rho1.0,rep3_base_agg_full@rho1.0_b03v2,3,agg_full,1.0,121,upsert,L0071,B_no_decision_flip,0.0
b03v2,base,agg_full@rho1.0,rep3_base_agg_full@rho1.0_b03v2,3,agg_full,1.0,122,upsert,L0069,B_no_decision_flip,0.0
b03v2,base,agg_full@rho1.0,rep3_base_agg_full@rho1.0_b03v2,3,agg_full,1.0,123,upsert,L0100,A_no_future_use,
b03v2,base,agg_full@rho1.0,rep3_base_agg_full@rho1.0_b03v2,3,agg_full,1.0,124,upsert,L0090,A_no_future_use,
b03v2,base,agg_full@rho1.0,rep3_base_agg_full@rho1.0_b03v2,3,agg_full,1.0,125,upsert,L0064,B_no_decision_flip,0.0
b03v2,base,agg_full@rho1.0,rep3_base_agg_full@rho1.0_b03v2,3,agg_full,1.0,126,upsert,L0071,B_no_decision_flip,0.0
b03v2,base,agg_full@rho1.0,rep3_base_agg_full@rho1.0_b03v2,3,agg_full,1.0,127,upsert,L0066,D_meaningful_value_flip,38.96
b03v2,base,agg_full@rho1.0,rep3_base_agg_full@rho1.0_b03v2,3,agg_full,1.0,128,upsert,L0065,A_no_future_use,
b03v2,base,agg_full@rho1.0,rep3_base_agg_full@rho1.0_b03v2,3,agg_full,1.0,129,upsert,L0090,A_no_future_use,
b03v2,base,agg_full@rho1.0,rep3_base_agg_full@rho1.0_b03v2,3,agg_full,1.0,130,upsert,L0095,B_no_decision_flip,10.24
b03v2,base,agg_full@rho1.0,rep3_base_agg_full@rho1.0_b03v2,3,agg_full,1.0,131,upsert,L0093,A_no_future_use,
b03v2,base,agg_full@rho1.0,rep3_base_agg_full@rho1.0_b03v2,3,agg_full,1.0,132,upsert,L0081,A_no_future_use,
b03v2,base,agg_full@rho1.0,rep3_base_agg_full@rho1.0_b03v2,3,agg_full,1.0,133,upsert,L0072,A_no_future_use,
b03v2,base,agg_full@rho1.0,rep3_base_agg_full@rho1.0_b03v2,3,agg_full,1.0,134,upsert,L0092,A_no_future_use,
b03v2,base,agg_full@rho1.0,rep3_base_agg_full@rho1.0_b03v2,3,agg_full,1.0,136,upsert,L0111,A_no_future_use,
b03v2,base,agg_full@rho1.0,rep3_base_agg_full@rho1.0_b03v2,3,agg_full,1.0,137,upsert,L0092,A_no_future_use,
b03v2,base,agg_full@rho1.0,rep3_base_agg_full@rho1.0_b03v2,3,agg_full,1.0,138,upsert,L0079,B_no_decision_flip,0.0
b03v2,base,agg_full@rho1.0,rep3_base_agg_full@rho1.0_b03v2,3,agg_full,1.0,139,upsert,L0070,A_no_future_use,
b03v2,base,agg_full@rho1.0,rep3_base_agg_full@rho1.0_b03v2,3,agg_full,1.0,140,upsert,L0097,A_no_future_use,
b03v2,base,agg_full@rho1.0,rep3_base_agg_full@rho1.0_b03v2,3,agg_full,1.0,141,upsert,L0064,A_no_future_use,
b03v2,base,agg_full@rho1.0,rep3_base_agg_full@rho1.0_b03v2,3,agg_full,1.0,142,upsert,L0066,A_no_future_use,
b03v2,base,agg_full@rho1.0,rep3_base_agg_full@rho1.0_b03v2,3,agg_full,1.0,143,upsert,L0067,A_no_future_use,
b03v2,base,agg_full@rho1.0,rep3_base_agg_full@rho1.0_b03v2,3,agg_full,1.0,144,upsert,L0083,A_no_future_use,
b03v2,base,agg_full@rho1.0,rep3_base_agg_full@rho1.0_b03v2,3,agg_full,1.0,145,upsert,L0068,B_no_decision_flip,-20.48
b03v2,base,agg_full@rho1.0,rep3_base_agg_full@rho1.0_b03v2,3,agg_full,1.0,146,upsert,L0106,A_no_future_use,
b03v2,base,agg_full@rho1.0,rep3_base_agg_full@rho1.0_b03v2,3,agg_full,1.0,147,upsert,L0087,A_no_future_use,
b03v2,base,agg_static@rho0.8,rep3_base_agg_static@rho0.8_b03v2,3,agg_static,0.8,0,upsert,L0003,D_meaningful_value_flip,38.96
b03v2,base,agg_static@rho0.8,rep3_base_agg_static@rho0.8_b03v2,3,agg_static,0.8,1,upsert,L0045,D_meaningful_value_flip,40.96
b03v2,base,agg_static@rho0.8,rep3_base_agg_static@rho0.8_b03v2,3,agg_static,0.8,3,upsert,L0006,B_no_decision_flip,0.0
b03v2,base,agg_static@rho0.8,rep3_base_agg_static@rho0.8_b03v2,3,agg_static,0.8,5,upsert,L0005,D_meaningful_value_flip,40.96
b03v2,base,agg_static@rho0.8,rep3_base_agg_static@rho0.8_b03v2,3,agg_static,0.8,6,upsert,L0040,A_no_future_use,
b03v2,base,agg_static@rho0.8,rep3_base_agg_static@rho0.8_b03v2,3,agg_static,0.8,8,upsert,L0038,D_meaningful_value_flip,36.96
b03v2,base,agg_static@rho0.8,rep3_base_agg_static@rho0.8_b03v2,3,agg_static,0.8,9,upsert,L0056,A_no_future_use,
b03v2,base,agg_static@rho0.8,rep3_base_agg_static@rho0.8_b03v2,3,agg_static,0.8,11,upsert,L0030,D_meaningful_value_flip,40.96
b03v2,base,agg_static@rho0.8,rep3_base_agg_static@rho0.8_b03v2,3,agg_static,0.8,12,upsert,L0032,B_no_decision_flip,0.0
b03v2,base,agg_static@rho0.8,rep3_base_agg_static@rho0.8_b03v2,3,agg_static,0.8,13,upsert,L0008,D_meaningful_value_flip,38.96
b03v2,base,agg_static@rho0.8,rep3_base_agg_static@rho0.8_b03v2,3,agg_static,0.8,14,upsert,L0006,D_meaningful_value_flip,8.24
b03v2,base,agg_static@rho0.8,rep3_base_agg_static@rho0.8_b03v2,3,agg_static,0.8,15,upsert,L0044,A_no_future_use,
b03v2,base,agg_static@rho0.8,rep3_base_agg_static@rho0.8_b03v2,3,agg_static,0.8,16,upsert,L0002,D_meaningful_value_flip,51.2
b03v2,base,agg_static@rho0.8,rep3_base_agg_static@rho0.8_b03v2,3,agg_static,0.8,20,upsert,L0062,B_no_decision_flip,0.0
b03v2,base,agg_static@rho0.8,rep3_base_agg_static@rho0.8_b03v2,3,agg_static,0.8,21,upsert,L0031,D_meaningful_value_flip,40.96
b03v2,base,agg_static@rho0.8,rep3_base_agg_static@rho0.8_b03v2,3,agg_static,0.8,22,upsert,L0001,D_meaningful_value_flip,40.96
b03v2,base,agg_static@rho0.8,rep3_base_agg_static@rho0.8_b03v2,3,agg_static,0.8,23,upsert,L0054,A_no_future_use,
b03v2,base,agg_static@rho0.8,rep3_base_agg_static@rho0.8_b03v2,3,agg_static,0.8,24,upsert,L0000,D_meaningful_value_flip,8.24
b03v2,base,agg_static@rho0.8,rep3_base_agg_static@rho0.8_b03v2,3,agg_static,0.8,25,upsert,L0017,A_no_future_use,
b03v2,base,agg_static@rho0.8,rep3_base_agg_static@rho0.8_b03v2,3,agg_static,0.8,26,upsert,L0016,A_no_future_use,
b03v2,base,agg_static@rho0.8,rep3_base_agg_static@rho0.8_b03v2,3,agg_static,0.8,27,upsert,L0025,D_meaningful_value_flip,51.2
b03v2,base,agg_static@rho0.8,rep3_base_agg_static@rho0.8_b03v2,3,agg_static,0.8,28,upsert,L0036,A_no_future_use,
b03v2,base,agg_static@rho0.8,rep3_base_agg_static@rho0.8_b03v2,3,agg_static,0.8,29,upsert,L0000,B_no_decision_flip,0.0
b03v2,base,agg_static@rho0.8,rep3_base_agg_static@rho0.8_b03v2,3,agg_static,0.8,30,upsert,L0020,D_meaningful_value_flip,40.96
b03v2,base,agg_static@rho0.8,rep3_base_agg_static@rho0.8_b03v2,3,agg_static,0.8,31,upsert,L0019,A_no_future_use,
b03v2,base,agg_static@rho0.8,rep3_base_agg_static@rho0.8_b03v2,3,agg_static,0.8,32,upsert,L0045,A_no_future_use,
b03v2,base,agg_static@rho0.8,rep3_base_agg_static@rho0.8_b03v2,3,agg_static,0.8,33,upsert,L0042,A_no_future_use,
b03v2,base,agg_static@rho0.8,rep3_base_agg_static@rho0.8_b03v2,3,agg_static,0.8,34,upsert,L0000,E_negative_value_flip,-12.24
b03v2,base,agg_static@rho0.8,rep3_base_agg_static@rho0.8_b03v2,3,agg_static,0.8,35,upsert,L0032,A_no_future_use,
b03v2,base,agg_static@rho0.8,rep3_base_agg_static@rho0.8_b03v2,3,agg_static,0.8,36,upsert,L0001,B_no_decision_flip,10.24
b03v2,base,agg_static@rho0.8,rep3_base_agg_static@rho0.8_b03v2,3,agg_static,0.8,37,upsert,L0059,A_no_future_use,
b03v2,base,agg_static@rho0.8,rep3_base_agg_static@rho0.8_b03v2,3,agg_static,0.8,38,upsert,L0050,A_no_future_use,
b03v2,base,agg_static@rho0.8,rep3_base_agg_static@rho0.8_b03v2,3,agg_static,0.8,39,upsert,L0009,A_no_future_use,
b03v2,base,agg_static@rho0.8,rep3_base_agg_static@rho0.8_b03v2,3,agg_static,0.8,40,upsert,L0018,A_no_future_use,
b03v2,base,agg_static@rho0.8,rep3_base_agg_static@rho0.8_b03v2,3,agg_static,0.8,41,upsert,L0004,A_no_future_use,
b03v2,base,agg_static@rho0.8,rep3_base_agg_static@rho0.8_b03v2,3,agg_static,0.8,42,upsert,L0053,A_no_future_use,
b03v2,base,agg_static@rho0.8,rep3_base_agg_static@rho0.8_b03v2,3,agg_static,0.8,43,upsert,L0055,A_no_future_use,
b03v2,base,agg_static@rho0.8,rep3_base_agg_static@rho0.8_b03v2,3,agg_static,0.8,44,upsert,L0043,A_no_future_use,
b03v2,base,agg_static@rho0.8,rep3_base_agg_static@rho0.8_b03v2,3,agg_static,0.8,45,upsert,L0018,A_no_future_use,
b03v2,base,agg_static@rho0.8,rep3_base_agg_static@rho0.8_b03v2,3,agg_static,0.8,46,upsert,L0034,A_no_future_use,
b03v2,base,agg_static@rho0.8,rep3_base_agg_static@rho0.8_b03v2,3,agg_static,0.8,47,upsert,L0016,A_no_future_use,
b03v2,base,agg_static@rho0.8,rep3_base_agg_static@rho0.8_b03v2,3,agg_static,0.8,48,upsert,L0005,A_no_future_use,
b03v2,base,agg_static@rho0.8,rep3_base_agg_static@rho0.8_b03v2,3,agg_static,0.8,49,upsert,L0002,A_no_future_use,
b03v2,base,agg_static@rho0.8,rep3_base_agg_static@rho0.8_b03v2,3,agg_static,0.8,50,upsert,L0037,A_no_future_use,
b03v2,base,agg_static@rho0.8,rep3_base_agg_static@rho0.8_b03v2,3,agg_static,0.8,51,upsert,L0029,A_no_future_use,
b03v2,base,agg_static@rho0.8,rep3_base_agg_static@rho0.8_b03v2,3,agg_static,0.8,52,upsert,L0021,A_no_future_use,
b03v2,base,agg_static@rho0.8,rep3_base_agg_static@rho0.8_b03v2,3,agg_static,0.8,53,upsert,L0003,A_no_future_use,
b03v2,base,agg_static@rho0.8,rep3_base_agg_static@rho0.8_b03v2,3,agg_static,0.8,54,upsert,L0060,A_no_future_use,
b03v2,base,agg_static@rho0.8,rep3_base_agg_static@rho0.8_b03v2,3,agg_static,0.8,55,upsert,L0038,B_no_decision_flip,10.24
b03v2,base,agg_static@rho0.8,rep3_base_agg_static@rho0.8_b03v2,3,agg_static,0.8,56,upsert,L0019,A_no_future_use,
b03v2,base,agg_static@rho0.8,rep3_base_agg_static@rho0.8_b03v2,3,agg_static,0.8,57,upsert,L0021,A_no_future_use,
b03v2,base,agg_static@rho0.8,rep3_base_agg_static@rho0.8_b03v2,3,agg_static,0.8,58,upsert,L0058,A_no_future_use,
b03v2,base,agg_static@rho0.8,rep3_base_agg_static@rho0.8_b03v2,3,agg_static,0.8,59,upsert,L0006,A_no_future_use,
b03v2,base,agg_static@rho0.8,rep3_base_agg_static@rho0.8_b03v2,3,agg_static,0.8,60,upsert,L0020,A_no_future_use,
b03v2,base,agg_static@rho0.8,rep3_base_agg_static@rho0.8_b03v2,3,agg_static,0.8,61,upsert,L0025,A_no_future_use,
b03v2,base,agg_static@rho0.8,rep3_base_agg_static@rho0.8_b03v2,3,agg_static,0.8,62,upsert,L0013,A_no_future_use,
b03v2,base,agg_static@rho0.8,rep3_base_agg_static@rho0.8_b03v2,3,agg_static,0.8,63,upsert,L0024,A_no_future_use,
b03v2,base,agg_static@rho0.8,rep3_base_agg_static@rho0.8_b03v2,3,agg_static,0.8,64,upsert,L0001,A_no_future_use,
b03v2,base,agg_static@rho0.8,rep3_base_agg_static@rho0.8_b03v2,3,agg_static,0.8,65,upsert,L0012,A_no_future_use,
b03v2,base,agg_static@rho0.8,rep3_base_agg_static@rho0.8_b03v2,3,agg_static,0.8,66,upsert,L0024,A_no_future_use,
b03v2,base,agg_static@rho0.8,rep3_base_agg_static@rho0.8_b03v2,3,agg_static,0.8,67,upsert,L0046,A_no_future_use,
b03v2,base,agg_static@rho0.8,rep3_base_agg_static@rho0.8_b03v2,3,agg_static,0.8,68,upsert,L0030,A_no_future_use,
b03v2,base,agg_static@rho0.8,rep3_base_agg_static@rho0.8_b03v2,3,agg_static,0.8,69,upsert,L0013,A_no_future_use,
b03v2,base,agg_static@rho0.8,rep3_base_agg_static@rho0.8_b03v2,3,agg_static,0.8,70,upsert,L0013,A_no_future_use,
b03v2,base,agg_static@rho0.8,rep3_base_agg_static@rho0.8_b03v2,3,agg_static,0.8,71,upsert,L0008,A_no_future_use,
b03v2,base,agg_static@rho0.8,rep3_base_agg_static@rho0.8_b03v2,3,agg_static,0.8,72,upsert,L0037,A_no_future_use,
b03v2,base,agg_static@rho0.8,rep3_base_agg_static@rho0.8_b03v2,3,agg_static,0.8,73,upsert,L0015,A_no_future_use,
b03v2,base,agg_static@rho0.8,rep3_base_agg_static@rho0.8_b03v2,3,agg_static,0.8,74,upsert,L0000,A_no_future_use,
b03v2,base,agg_static@rho0.8,rep3_base_agg_static@rho0.8_b03v2,3,agg_static,0.8,75,upsert,L0001,A_no_future_use,
b03v2,base,agg_static@rho0.8,rep3_base_agg_static@rho0.8_b03v2,3,agg_static,0.8,76,upsert,L0063,A_no_future_use,
b03v2,base,agg_static@rho0.8,rep3_base_agg_static@rho0.8_b03v2,3,agg_static,0.8,77,upsert,L0011,A_no_future_use,
b03v2,base,agg_static@rho0.8,rep3_base_agg_static@rho0.8_b03v2,3,agg_static,0.8,78,upsert,L0062,A_no_future_use,
b03v2,base,agg_static@rho0.8,rep3_base_agg_static@rho0.8_b03v2,3,agg_static,0.8,79,upsert,L0007,A_no_future_use,
b03v2,base,agg_static@rho0.8,rep3_base_agg_static@rho0.8_b03v2,3,agg_static,0.8,80,upsert,L0061,A_no_future_use,
b03v2,base,agg_static@rho0.8,rep3_base_agg_static@rho0.8_b03v2,3,agg_static,0.8,81,upsert,L0001,A_no_future_use,
b03v2,base,agg_static@rho0.8,rep3_base_agg_static@rho0.8_b03v2,3,agg_static,0.8,82,upsert,L0010,A_no_future_use,
b03v2,base,agg_static@rho0.8,rep3_base_agg_static@rho0.8_b03v2,3,agg_static,0.8,83,upsert,L0029,A_no_future_use,
b03v2,base,agg_static@rho0.8,rep3_base_agg_static@rho0.8_b03v2,3,agg_static,0.8,84,upsert,L0031,A_no_future_use,
b03v2,base,agg_static@rho0.8,rep3_base_agg_static@rho0.8_b03v2,3,agg_static,0.8,85,upsert,L0001,A_no_future_use,
b03v2,base,agg_static@rho0.8,rep3_base_agg_static@rho0.8_b03v2,3,agg_static,0.8,86,upsert,L0038,A_no_future_use,
b03v2,base,agg_static@rho0.8,rep3_base_agg_static@rho0.8_b03v2,3,agg_static,0.8,87,upsert,L0007,A_no_future_use,
b03v2,base,agg_static@rho0.8,rep3_base_agg_static@rho0.8_b03v2,3,agg_static,0.8,88,upsert,L0015,A_no_future_use,
b03v2,base,agg_static@rho0.8,rep3_base_agg_static@rho0.8_b03v2,3,agg_static,0.8,89,upsert,L0001,A_no_future_use,
b03v2,base,agg_static@rho0.8,rep3_base_agg_static@rho0.8_b03v2,3,agg_static,0.8,91,upsert,L0010,A_no_future_use,
b03v2,base,agg_static@rho0.8,rep3_base_agg_static@rho0.8_b03v2,3,agg_static,0.8,92,upsert,L0062,A_no_future_use,
b03v2,base,agg_static@rho0.8,rep3_base_agg_static@rho0.8_b03v2,3,agg_static,0.8,93,upsert,L0038,A_no_future_use,
b03v2,base,agg_static@rho0.8,rep3_base_agg_static@rho0.8_b03v2,3,agg_static,0.8,94,upsert,L0001,A_no_future_use,
b03v2,base,agg_static@rho0.8,rep3_base_agg_static@rho0.8_b03v2,3,agg_static,0.8,95,upsert,L0008,A_no_future_use,
b03v2,base,agg_static@rho0.8,rep3_base_agg_static@rho0.8_b03v2,3,agg_static,0.8,96,upsert,L0065,B_no_decision_flip,0.0
b03v2,base,agg_static@rho0.8,rep3_base_agg_static@rho0.8_b03v2,3,agg_static,0.8,97,upsert,L0070,B_no_decision_flip,0.0
b03v2,base,agg_static@rho0.8,rep3_base_agg_static@rho0.8_b03v2,3,agg_static,0.8,98,upsert,L0102,A_no_future_use,
b03v2,base,agg_static@rho0.8,rep3_base_agg_static@rho0.8_b03v2,3,agg_static,0.8,99,upsert,L0068,D_meaningful_value_flip,40.96
b03v2,base,agg_static@rho0.8,rep3_base_agg_static@rho0.8_b03v2,3,agg_static,0.8,100,upsert,L0106,D_meaningful_value_flip,38.96
b03v2,base,agg_static@rho0.8,rep3_base_agg_static@rho0.8_b03v2,3,agg_static,0.8,101,upsert,L0074,B_no_decision_flip,0.0
b03v2,base,agg_static@rho0.8,rep3_base_agg_static@rho0.8_b03v2,3,agg_static,0.8,102,upsert,L0091,D_meaningful_value_flip,38.96
b03v2,base,agg_static@rho0.8,rep3_base_agg_static@rho0.8_b03v2,3,agg_static,0.8,103,upsert,L0095,B_no_decision_flip,0.0
b03v2,base,agg_static@rho0.8,rep3_base_agg_static@rho0.8_b03v2,3,agg_static,0.8,104,upsert,L0074,D_meaningful_value_flip,10.24
b03v2,base,agg_static@rho0.8,rep3_base_agg_static@rho0.8_b03v2,3,agg_static,0.8,105,upsert,L0083,B_no_decision_flip,0.0
b03v2,base,agg_static@rho0.8,rep3_base_agg_static@rho0.8_b03v2,3,agg_static,0.8,106,upsert,L0109,A_no_future_use,
b03v2,base,agg_static@rho0.8,rep3_base_agg_static@rho0.8_b03v2,3,agg_static,0.8,107,upsert,L0068,B_no_decision_flip,0.0
b03v2,base,agg_static@rho0.8,rep3_base_agg_static@rho0.8_b03v2,3,agg_static,0.8,108,upsert,L0068,D_meaningful_value_flip,12.24
b03v2,base,agg_static@rho0.8,rep3_base_agg_static@rho0.8_b03v2,3,agg_static,0.8,109,upsert,L0081,B_no_decision_flip,0.0
b03v2,base,agg_static@rho0.8,rep3_base_agg_static@rho0.8_b03v2,3,agg_static,0.8,110,upsert,L0110,A_no_future_use,
b03v2,base,agg_static@rho0.8,rep3_base_agg_static@rho0.8_b03v2,3,agg_static,0.8,111,upsert,L0097,A_no_future_use,
b03v2,base,agg_static@rho0.8,rep3_base_agg_static@rho0.8_b03v2,3,agg_static,0.8,112,upsert,L0114,B_no_decision_flip,0.0
b03v2,base,agg_static@rho0.8,rep3_base_agg_static@rho0.8_b03v2,3,agg_static,0.8,113,upsert,L0065,D_meaningful_value_flip,10.24
b03v2,base,agg_static@rho0.8,rep3_base_agg_static@rho0.8_b03v2,3,agg_static,0.8,114,upsert,L0099,B_no_decision_flip,0.0
b03v2,base,agg_static@rho0.8,rep3_base_agg_static@rho0.8_b03v2,3,agg_static,0.8,115,upsert,L0111,A_no_future_use,
b03v2,base,agg_static@rho0.8,rep3_base_agg_static@rho0.8_b03v2,3,agg_static,0.8,116,upsert,L0064,B_no_decision_flip,0.0
b03v2,base,agg_static@rho0.8,rep3_base_agg_static@rho0.8_b03v2,3,agg_static,0.8,118,upsert,L0083,C_low_value_flip,0.0
b03v2,base,agg_static@rho0.8,rep3_base_agg_static@rho0.8_b03v2,3,agg_static,0.8,119,upsert,L0072,A_no_future_use,
b03v2,base,agg_static@rho0.8,rep3_base_agg_static@rho0.8_b03v2,3,agg_static,0.8,120,upsert,L0125,D_meaningful_value_flip,40.96
b03v2,base,agg_static@rho0.8,rep3_base_agg_static@rho0.8_b03v2,3,agg_static,0.8,121,upsert,L0071,B_no_decision_flip,0.0
b03v2,base,agg_static@rho0.8,rep3_base_agg_static@rho0.8_b03v2,3,agg_static,0.8,122,upsert,L0069,B_no_decision_flip,0.0
b03v2,base,agg_static@rho0.8,rep3_base_agg_static@rho0.8_b03v2,3,agg_static,0.8,123,upsert,L0100,A_no_future_use,
b03v2,base,agg_static@rho0.8,rep3_base_agg_static@rho0.8_b03v2,3,agg_static,0.8,124,upsert,L0090,A_no_future_use,
b03v2,base,agg_static@rho0.8,rep3_base_agg_static@rho0.8_b03v2,3,agg_static,0.8,125,upsert,L0064,D_meaningful_value_flip,8.24
b03v2,base,agg_static@rho0.8,rep3_base_agg_static@rho0.8_b03v2,3,agg_static,0.8,126,upsert,L0071,D_meaningful_value_flip,12.24
b03v2,base,agg_static@rho0.8,rep3_base_agg_static@rho0.8_b03v2,3,agg_static,0.8,127,upsert,L0066,B_no_decision_flip,0.0
b03v2,base,agg_static@rho0.8,rep3_base_agg_static@rho0.8_b03v2,3,agg_static,0.8,128,upsert,L0065,A_no_future_use,
b03v2,base,agg_static@rho0.8,rep3_base_agg_static@rho0.8_b03v2,3,agg_static,0.8,129,upsert,L0090,A_no_future_use,
b03v2,base,agg_static@rho0.8,rep3_base_agg_static@rho0.8_b03v2,3,agg_static,0.8,130,upsert,L0095,B_no_decision_flip,10.24
b03v2,base,agg_static@rho0.8,rep3_base_agg_static@rho0.8_b03v2,3,agg_static,0.8,131,upsert,L0093,A_no_future_use,
b03v2,base,agg_static@rho0.8,rep3_base_agg_static@rho0.8_b03v2,3,agg_static,0.8,132,upsert,L0081,A_no_future_use,
b03v2,base,agg_static@rho0.8,rep3_base_agg_static@rho0.8_b03v2,3,agg_static,0.8,133,upsert,L0072,A_no_future_use,
b03v2,base,agg_static@rho0.8,rep3_base_agg_static@rho0.8_b03v2,3,agg_static,0.8,134,upsert,L0092,A_no_future_use,
b03v2,base,agg_static@rho0.8,rep3_base_agg_static@rho0.8_b03v2,3,agg_static,0.8,136,upsert,L0111,A_no_future_use,
b03v2,base,agg_static@rho0.8,rep3_base_agg_static@rho0.8_b03v2,3,agg_static,0.8,137,upsert,L0092,A_no_future_use,
b03v2,base,agg_static@rho0.8,rep3_base_agg_static@rho0.8_b03v2,3,agg_static,0.8,138,upsert,L0079,D_meaningful_value_flip,40.96
b03v2,base,agg_static@rho0.8,rep3_base_agg_static@rho0.8_b03v2,3,agg_static,0.8,139,upsert,L0070,B_no_decision_flip,10.24
b03v2,base,agg_static@rho0.8,rep3_base_agg_static@rho0.8_b03v2,3,agg_static,0.8,140,upsert,L0097,A_no_future_use,
b03v2,base,agg_static@rho0.8,rep3_base_agg_static@rho0.8_b03v2,3,agg_static,0.8,142,upsert,L0066,B_no_decision_flip,10.24
b03v2,base,agg_static@rho0.8,rep3_base_agg_static@rho0.8_b03v2,3,agg_static,0.8,143,upsert,L0067,A_no_future_use,
b03v2,base,agg_static@rho0.8,rep3_base_agg_static@rho0.8_b03v2,3,agg_static,0.8,145,upsert,L0068,B_no_decision_flip,0.0
b03v2,base,agg_static@rho0.8,rep3_base_agg_static@rho0.8_b03v2,3,agg_static,0.8,146,upsert,L0106,A_no_future_use,
b03v2,base,agg_static@rho0.8,rep3_base_agg_static@rho0.8_b03v2,3,agg_static,0.8,147,upsert,L0087,A_no_future_use,
b03v2,base,agg_static@rho0.8,rep3_base_agg_static@rho0.8_b03v2,3,agg_static,0.8,148,upsert,L0111,A_no_future_use,
b03v2,base,agg_static@rho0.8,rep3_base_agg_static@rho0.8_b03v2,3,agg_static,0.8,151,upsert,L0067,A_no_future_use,
b03v2,base,agg_static@rho0.8,rep3_base_agg_static@rho0.8_b03v2,3,agg_static,0.8,152,upsert,L0078,A_no_future_use,
b03v2,base,agg_static@rho0.8,rep3_base_agg_static@rho0.8_b03v2,3,agg_static,0.8,153,upsert,L0096,A_no_future_use,
b03v2,base,agg_static@rho0.8,rep3_base_agg_static@rho0.8_b03v2,3,agg_static,0.8,154,upsert,L0076,A_no_future_use,
b03v2,base,agg_static@rho0.8,rep3_base_agg_static@rho0.8_b03v2,3,agg_static,0.8,155,upsert,L0076,A_no_future_use,
b03v2,base,agg_static@rho0.8,rep3_base_agg_static@rho0.8_b03v2,3,agg_static,0.8,156,upsert,L0065,A_no_future_use,
b03v2,base,agg_static@rho0.8,rep3_base_agg_static@rho0.8_b03v2,3,agg_static,0.8,157,upsert,L0068,A_no_future_use,
b03v2,base,agg_static@rho0.8,rep3_base_agg_static@rho0.8_b03v2,3,agg_static,0.8,158,upsert,L0075,A_no_future_use,
b03v2,base,agg_static@rho0.8,rep3_base_agg_static@rho0.8_b03v2,3,agg_static,0.8,159,upsert,L0081,A_no_future_use,
b03v2,base,agg_static@rho0.8,rep3_base_agg_static@rho0.8_b03v2,3,agg_static,0.8,160,upsert,L0074,A_no_future_use,
b03v2,base,agg_static@rho0.8,rep3_base_agg_static@rho0.8_b03v2,3,agg_static,0.8,161,upsert,L0066,A_no_future_use,
b03v2,base,agg_static@rho0.8,rep3_base_agg_static@rho0.8_b03v2,3,agg_static,0.8,162,upsert,L0116,A_no_future_use,
b03v2,base,agg_static@rho0.8,rep3_base_agg_static@rho0.8_b03v2,3,agg_static,0.8,164,upsert,L0083,A_no_future_use,
b03v2,base,exact_fifo@rho1.0,rep3_base_exact_fifo@rho1.0_b03v2,3,exact_fifo,1.0,0,upsert,L0003,D_meaningful_value_flip,38.96
b03v2,base,exact_fifo@rho1.0,rep3_base_exact_fifo@rho1.0_b03v2,3,exact_fifo,1.0,1,upsert,L0045,A_no_future_use,
b03v2,base,exact_fifo@rho1.0,rep3_base_exact_fifo@rho1.0_b03v2,3,exact_fifo,1.0,2,upsert,L0000,B_no_decision_flip,0.0
b03v2,base,exact_fifo@rho1.0,rep3_base_exact_fifo@rho1.0_b03v2,3,exact_fifo,1.0,3,upsert,L0006,B_no_decision_flip,0.0
b03v2,base,exact_fifo@rho1.0,rep3_base_exact_fifo@rho1.0_b03v2,3,exact_fifo,1.0,4,upsert,L0002,A_no_future_use,
b03v2,base,exact_fifo@rho1.0,rep3_base_exact_fifo@rho1.0_b03v2,3,exact_fifo,1.0,5,upsert,L0005,A_no_future_use,
b03v2,base,exact_fifo@rho1.0,rep3_base_exact_fifo@rho1.0_b03v2,3,exact_fifo,1.0,6,upsert,L0040,A_no_future_use,
b03v2,base,exact_fifo@rho1.0,rep3_base_exact_fifo@rho1.0_b03v2,3,exact_fifo,1.0,7,upsert,L0012,D_meaningful_value_flip,38.96
b03v2,base,exact_fifo@rho1.0,rep3_base_exact_fifo@rho1.0_b03v2,3,exact_fifo,1.0,8,upsert,L0038,D_meaningful_value_flip,36.96
b03v2,base,exact_fifo@rho1.0,rep3_base_exact_fifo@rho1.0_b03v2,3,exact_fifo,1.0,9,upsert,L0056,A_no_future_use,
b03v2,base,exact_fifo@rho1.0,rep3_base_exact_fifo@rho1.0_b03v2,3,exact_fifo,1.0,10,upsert,L0036,A_no_future_use,
b03v2,base,exact_fifo@rho1.0,rep3_base_exact_fifo@rho1.0_b03v2,3,exact_fifo,1.0,11,upsert,L0030,D_meaningful_value_flip,40.96
b03v2,base,exact_fifo@rho1.0,rep3_base_exact_fifo@rho1.0_b03v2,3,exact_fifo,1.0,12,upsert,L0032,A_no_future_use,
b03v2,base,exact_fifo@rho1.0,rep3_base_exact_fifo@rho1.0_b03v2,3,exact_fifo,1.0,13,upsert,L0008,D_meaningful_value_flip,38.96
b03v2,base,exact_fifo@rho1.0,rep3_base_exact_fifo@rho1.0_b03v2,3,exact_fifo,1.0,14,upsert,L0006,C_low_value_flip,2.0
b03v2,base,exact_fifo@rho1.0,rep3_base_exact_fifo@rho1.0_b03v2,3,exact_fifo,1.0,15,upsert,L0044,A_no_future_use,
b03v2,base,exact_fifo@rho1.0,rep3_base_exact_fifo@rho1.0_b03v2,3,exact_fifo,1.0,16,upsert,L0002,A_no_future_use,
b03v2,base,exact_fifo@rho1.0,rep3_base_exact_fifo@rho1.0_b03v2,3,exact_fifo,1.0,17,upsert,L0052,A_no_future_use,
b03v2,base,exact_fifo@rho1.0,rep3_base_exact_fifo@rho1.0_b03v2,3,exact_fifo,1.0,18,upsert,L0021,A_no_future_use,
b03v2,base,exact_fifo@rho1.0,rep3_base_exact_fifo@rho1.0_b03v2,3,exact_fifo,1.0,19,upsert,L0025,D_meaningful_value_flip,40.96
b03v2,base,exact_fifo@rho1.0,rep3_base_exact_fifo@rho1.0_b03v2,3,exact_fifo,1.0,20,upsert,L0062,D_meaningful_value_flip,38.96
b03v2,base,exact_fifo@rho1.0,rep3_base_exact_fifo@rho1.0_b03v2,3,exact_fifo,1.0,21,upsert,L0031,D_meaningful_value_flip,40.96
b03v2,base,exact_fifo@rho1.0,rep3_base_exact_fifo@rho1.0_b03v2,3,exact_fifo,1.0,22,upsert,L0001,D_meaningful_value_flip,40.96
b03v2,base,exact_fifo@rho1.0,rep3_base_exact_fifo@rho1.0_b03v2,3,exact_fifo,1.0,23,upsert,L0054,A_no_future_use,
b03v2,base,exact_fifo@rho1.0,rep3_base_exact_fifo@rho1.0_b03v2,3,exact_fifo,1.0,24,upsert,L0000,B_no_decision_flip,0.0
b03v2,base,exact_fifo@rho1.0,rep3_base_exact_fifo@rho1.0_b03v2,3,exact_fifo,1.0,25,upsert,L0017,A_no_future_use,
b03v2,base,exact_fifo@rho1.0,rep3_base_exact_fifo@rho1.0_b03v2,3,exact_fifo,1.0,26,upsert,L0016,A_no_future_use,
b03v2,base,exact_fifo@rho1.0,rep3_base_exact_fifo@rho1.0_b03v2,3,exact_fifo,1.0,27,upsert,L0025,A_no_future_use,
b03v2,base,exact_fifo@rho1.0,rep3_base_exact_fifo@rho1.0_b03v2,3,exact_fifo,1.0,28,upsert,L0036,A_no_future_use,
b03v2,base,exact_fifo@rho1.0,rep3_base_exact_fifo@rho1.0_b03v2,3,exact_fifo,1.0,29,upsert,L0000,D_meaningful_value_flip,12.24
b03v2,base,exact_fifo@rho1.0,rep3_base_exact_fifo@rho1.0_b03v2,3,exact_fifo,1.0,30,upsert,L0020,A_no_future_use,
b03v2,base,exact_fifo@rho1.0,rep3_base_exact_fifo@rho1.0_b03v2,3,exact_fifo,1.0,31,upsert,L0019,A_no_future_use,
b03v2,base,exact_fifo@rho1.0,rep3_base_exact_fifo@rho1.0_b03v2,3,exact_fifo,1.0,32,upsert,L0045,A_no_future_use,
b03v2,base,exact_fifo@rho1.0,rep3_base_exact_fifo@rho1.0_b03v2,3,exact_fifo,1.0,33,upsert,L0042,A_no_future_use,
b03v2,base,exact_fifo@rho1.0,rep3_base_exact_fifo@rho1.0_b03v2,3,exact_fifo,1.0,34,upsert,L0000,A_no_future_use,
b03v2,base,exact_fifo@rho1.0,rep3_base_exact_fifo@rho1.0_b03v2,3,exact_fifo,1.0,35,upsert,L0032,A_no_future_use,
b03v2,base,exact_fifo@rho1.0,rep3_base_exact_fifo@rho1.0_b03v2,3,exact_fifo,1.0,36,upsert,L0001,D_meaningful_value_flip,10.24
b03v2,base,exact_fifo@rho1.0,rep3_base_exact_fifo@rho1.0_b03v2,3,exact_fifo,1.0,37,upsert,L0059,A_no_future_use,
b03v2,base,exact_fifo@rho1.0,rep3_base_exact_fifo@rho1.0_b03v2,3,exact_fifo,1.0,38,upsert,L0050,A_no_future_use,
b03v2,base,exact_fifo@rho1.0,rep3_base_exact_fifo@rho1.0_b03v2,3,exact_fifo,1.0,39,upsert,L0009,A_no_future_use,
b03v2,base,exact_fifo@rho1.0,rep3_base_exact_fifo@rho1.0_b03v2,3,exact_fifo,1.0,40,upsert,L0018,A_no_future_use,
b03v2,base,exact_fifo@rho1.0,rep3_base_exact_fifo@rho1.0_b03v2,3,exact_fifo,1.0,41,upsert,L0004,A_no_future_use,
b03v2,base,exact_fifo@rho1.0,rep3_base_exact_fifo@rho1.0_b03v2,3,exact_fifo,1.0,42,upsert,L0053,A_no_future_use,
b03v2,base,exact_fifo@rho1.0,rep3_base_exact_fifo@rho1.0_b03v2,3,exact_fifo,1.0,43,upsert,L0055,A_no_future_use,
b03v2,base,exact_fifo@rho1.0,rep3_base_exact_fifo@rho1.0_b03v2,3,exact_fifo,1.0,44,upsert,L0043,A_no_future_use,
b03v2,base,exact_fifo@rho1.0,rep3_base_exact_fifo@rho1.0_b03v2,3,exact_fifo,1.0,45,upsert,L0018,A_no_future_use,
b03v2,base,exact_fifo@rho1.0,rep3_base_exact_fifo@rho1.0_b03v2,3,exact_fifo,1.0,46,upsert,L0034,A_no_future_use,
b03v2,base,exact_fifo@rho1.0,rep3_base_exact_fifo@rho1.0_b03v2,3,exact_fifo,1.0,47,upsert,L0016,A_no_future_use,
b03v2,base,exact_fifo@rho1.0,rep3_base_exact_fifo@rho1.0_b03v2,3,exact_fifo,1.0,48,upsert,L0005,A_no_future_use,
b03v2,base,exact_fifo@rho1.0,rep3_base_exact_fifo@rho1.0_b03v2,3,exact_fifo,1.0,49,upsert,L0002,A_no_future_use,
b03v2,base,exact_fifo@rho1.0,rep3_base_exact_fifo@rho1.0_b03v2,3,exact_fifo,1.0,50,upsert,L0037,A_no_future_use,
b03v2,base,exact_fifo@rho1.0,rep3_base_exact_fifo@rho1.0_b03v2,3,exact_fifo,1.0,51,upsert,L0029,A_no_future_use,
b03v2,base,exact_fifo@rho1.0,rep3_base_exact_fifo@rho1.0_b03v2,3,exact_fifo,1.0,52,upsert,L0021,A_no_future_use,
b03v2,base,exact_fifo@rho1.0,rep3_base_exact_fifo@rho1.0_b03v2,3,exact_fifo,1.0,53,upsert,L0003,A_no_future_use,
b03v2,base,exact_fifo@rho1.0,rep3_base_exact_fifo@rho1.0_b03v2,3,exact_fifo,1.0,54,upsert,L0060,A_no_future_use,
b03v2,base,exact_fifo@rho1.0,rep3_base_exact_fifo@rho1.0_b03v2,3,exact_fifo,1.0,55,upsert,L0038,A_no_future_use,
b03v2,base,exact_fifo@rho1.0,rep3_base_exact_fifo@rho1.0_b03v2,3,exact_fifo,1.0,56,upsert,L0019,A_no_future_use,
b03v2,base,exact_fifo@rho1.0,rep3_base_exact_fifo@rho1.0_b03v2,3,exact_fifo,1.0,57,upsert,L0021,A_no_future_use,
b03v2,base,exact_fifo@rho1.0,rep3_base_exact_fifo@rho1.0_b03v2,3,exact_fifo,1.0,58,upsert,L0058,A_no_future_use,
b03v2,base,exact_fifo@rho1.0,rep3_base_exact_fifo@rho1.0_b03v2,3,exact_fifo,1.0,59,upsert,L0006,A_no_future_use,
b03v2,base,exact_fifo@rho1.0,rep3_base_exact_fifo@rho1.0_b03v2,3,exact_fifo,1.0,60,upsert,L0020,A_no_future_use,
b03v2,base,exact_fifo@rho1.0,rep3_base_exact_fifo@rho1.0_b03v2,3,exact_fifo,1.0,61,upsert,L0025,A_no_future_use,
b03v2,base,exact_fifo@rho1.0,rep3_base_exact_fifo@rho1.0_b03v2,3,exact_fifo,1.0,62,upsert,L0013,A_no_future_use,
b03v2,base,exact_fifo@rho1.0,rep3_base_exact_fifo@rho1.0_b03v2,3,exact_fifo,1.0,63,upsert,L0024,A_no_future_use,
b03v2,base,exact_fifo@rho1.0,rep3_base_exact_fifo@rho1.0_b03v2,3,exact_fifo,1.0,64,upsert,L0001,A_no_future_use,
b03v2,base,exact_fifo@rho1.0,rep3_base_exact_fifo@rho1.0_b03v2,3,exact_fifo,1.0,65,upsert,L0012,A_no_future_use,
b03v2,base,exact_fifo@rho1.0,rep3_base_exact_fifo@rho1.0_b03v2,3,exact_fifo,1.0,66,upsert,L0024,A_no_future_use,
b03v2,base,exact_fifo@rho1.0,rep3_base_exact_fifo@rho1.0_b03v2,3,exact_fifo,1.0,67,upsert,L0046,A_no_future_use,
b03v2,base,exact_fifo@rho1.0,rep3_base_exact_fifo@rho1.0_b03v2,3,exact_fifo,1.0,68,upsert,L0030,A_no_future_use,
b03v2,base,exact_fifo@rho1.0,rep3_base_exact_fifo@rho1.0_b03v2,3,exact_fifo,1.0,69,upsert,L0013,A_no_future_use,
b03v2,base,exact_fifo@rho1.0,rep3_base_exact_fifo@rho1.0_b03v2,3,exact_fifo,1.0,70,upsert,L0013,A_no_future_use,
b03v2,base,exact_fifo@rho1.0,rep3_base_exact_fifo@rho1.0_b03v2,3,exact_fifo,1.0,71,upsert,L0008,A_no_future_use,
b03v2,base,exact_fifo@rho1.0,rep3_base_exact_fifo@rho1.0_b03v2,3,exact_fifo,1.0,72,upsert,L0037,A_no_future_use,
b03v2,base,exact_fifo@rho1.0,rep3_base_exact_fifo@rho1.0_b03v2,3,exact_fifo,1.0,73,upsert,L0015,A_no_future_use,
b03v2,base,exact_fifo@rho1.0,rep3_base_exact_fifo@rho1.0_b03v2,3,exact_fifo,1.0,74,upsert,L0000,A_no_future_use,
b03v2,base,exact_fifo@rho1.0,rep3_base_exact_fifo@rho1.0_b03v2,3,exact_fifo,1.0,75,upsert,L0001,A_no_future_use,
b03v2,base,exact_fifo@rho1.0,rep3_base_exact_fifo@rho1.0_b03v2,3,exact_fifo,1.0,76,upsert,L0063,A_no_future_use,
b03v2,base,exact_fifo@rho1.0,rep3_base_exact_fifo@rho1.0_b03v2,3,exact_fifo,1.0,77,upsert,L0011,A_no_future_use,
b03v2,base,exact_fifo@rho1.0,rep3_base_exact_fifo@rho1.0_b03v2,3,exact_fifo,1.0,78,upsert,L0062,A_no_future_use,
b03v2,base,exact_fifo@rho1.0,rep3_base_exact_fifo@rho1.0_b03v2,3,exact_fifo,1.0,79,upsert,L0007,A_no_future_use,
b03v2,base,exact_fifo@rho1.0,rep3_base_exact_fifo@rho1.0_b03v2,3,exact_fifo,1.0,80,upsert,L0061,A_no_future_use,
b03v2,base,exact_fifo@rho1.0,rep3_base_exact_fifo@rho1.0_b03v2,3,exact_fifo,1.0,81,upsert,L0001,A_no_future_use,
b03v2,base,exact_fifo@rho1.0,rep3_base_exact_fifo@rho1.0_b03v2,3,exact_fifo,1.0,82,upsert,L0010,A_no_future_use,
b03v2,base,exact_fifo@rho1.0,rep3_base_exact_fifo@rho1.0_b03v2,3,exact_fifo,1.0,83,upsert,L0029,A_no_future_use,
b03v2,base,exact_fifo@rho1.0,rep3_base_exact_fifo@rho1.0_b03v2,3,exact_fifo,1.0,84,upsert,L0031,A_no_future_use,
b03v2,base,exact_fifo@rho1.0,rep3_base_exact_fifo@rho1.0_b03v2,3,exact_fifo,1.0,85,upsert,L0001,A_no_future_use,
b03v2,base,exact_fifo@rho1.0,rep3_base_exact_fifo@rho1.0_b03v2,3,exact_fifo,1.0,86,upsert,L0038,A_no_future_use,
b03v2,base,exact_fifo@rho1.0,rep3_base_exact_fifo@rho1.0_b03v2,3,exact_fifo,1.0,87,upsert,L0007,A_no_future_use,
b03v2,base,exact_fifo@rho1.0,rep3_base_exact_fifo@rho1.0_b03v2,3,exact_fifo,1.0,88,upsert,L0015,A_no_future_use,
b03v2,base,exact_fifo@rho1.0,rep3_base_exact_fifo@rho1.0_b03v2,3,exact_fifo,1.0,89,upsert,L0001,A_no_future_use,
b03v2,base,exact_fifo@rho1.0,rep3_base_exact_fifo@rho1.0_b03v2,3,exact_fifo,1.0,90,upsert,L0015,A_no_future_use,
b03v2,base,exact_fifo@rho1.0,rep3_base_exact_fifo@rho1.0_b03v2,3,exact_fifo,1.0,91,upsert,L0010,A_no_future_use,
b03v2,base,exact_fifo@rho1.0,rep3_base_exact_fifo@rho1.0_b03v2,3,exact_fifo,1.0,92,upsert,L0062,A_no_future_use,
b03v2,base,exact_fifo@rho1.0,rep3_base_exact_fifo@rho1.0_b03v2,3,exact_fifo,1.0,93,upsert,L0038,A_no_future_use,
b03v2,base,exact_fifo@rho1.0,rep3_base_exact_fifo@rho1.0_b03v2,3,exact_fifo,1.0,94,upsert,L0001,A_no_future_use,
b03v2,base,exact_fifo@rho1.0,rep3_base_exact_fifo@rho1.0_b03v2,3,exact_fifo,1.0,95,upsert,L0008,A_no_future_use,
b03v2,base,exact_fifo@rho1.0,rep3_base_exact_fifo@rho1.0_b03v2,3,exact_fifo,1.0,96,upsert,L0065,A_no_future_use,
b03v2,base,exact_fifo@rho1.0,rep3_base_exact_fifo@rho1.0_b03v2,3,exact_fifo,1.0,97,upsert,L0070,D_meaningful_value_flip,38.96
b03v2,base,exact_fifo@rho1.0,rep3_base_exact_fifo@rho1.0_b03v2,3,exact_fifo,1.0,98,upsert,L0102,A_no_future_use,
b03v2,base,exact_fifo@rho1.0,rep3_base_exact_fifo@rho1.0_b03v2,3,exact_fifo,1.0,99,upsert,L0068,B_no_decision_flip,0.0
b03v2,base,exact_fifo@rho1.0,rep3_base_exact_fifo@rho1.0_b03v2,3,exact_fifo,1.0,100,upsert,L0106,A_no_future_use,
b03v2,base,exact_fifo@rho1.0,rep3_base_exact_fifo@rho1.0_b03v2,3,exact_fifo,1.0,101,upsert,L0074,B_no_decision_flip,0.0
b03v2,base,exact_fifo@rho1.0,rep3_base_exact_fifo@rho1.0_b03v2,3,exact_fifo,1.0,102,upsert,L0091,A_no_future_use,
b03v2,base,exact_fifo@rho1.0,rep3_base_exact_fifo@rho1.0_b03v2,3,exact_fifo,1.0,103,upsert,L0095,D_meaningful_value_flip,40.96
b03v2,base,exact_fifo@rho1.0,rep3_base_exact_fifo@rho1.0_b03v2,3,exact_fifo,1.0,104,upsert,L0074,D_meaningful_value_flip,10.24
b03v2,base,exact_fifo@rho1.0,rep3_base_exact_fifo@rho1.0_b03v2,3,exact_fifo,1.0,105,upsert,L0083,A_no_future_use,
b03v2,base,exact_fifo@rho1.0,rep3_base_exact_fifo@rho1.0_b03v2,3,exact_fifo,1.0,106,upsert,L0109,A_no_future_use,
b03v2,base,exact_fifo@rho1.0,rep3_base_exact_fifo@rho1.0_b03v2,3,exact_fifo,1.0,107,upsert,L0068,B_no_decision_flip,0.0
b03v2,base,exact_fifo@rho1.0,rep3_base_exact_fifo@rho1.0_b03v2,3,exact_fifo,1.0,108,upsert,L0068,C_low_value_flip,2.0
b03v2,base,exact_fifo@rho1.0,rep3_base_exact_fifo@rho1.0_b03v2,3,exact_fifo,1.0,109,upsert,L0081,A_no_future_use,
b03v2,base,exact_fifo@rho1.0,rep3_base_exact_fifo@rho1.0_b03v2,3,exact_fifo,1.0,110,upsert,L0110,A_no_future_use,
b03v2,base,exact_fifo@rho1.0,rep3_base_exact_fifo@rho1.0_b03v2,3,exact_fifo,1.0,111,upsert,L0097,A_no_future_use,
b03v2,base,exact_fifo@rho1.0,rep3_base_exact_fifo@rho1.0_b03v2,3,exact_fifo,1.0,112,upsert,L0114,A_no_future_use,
b03v2,base,exact_fifo@rho1.0,rep3_base_exact_fifo@rho1.0_b03v2,3,exact_fifo,1.0,113,upsert,L0065,A_no_future_use,
b03v2,base,exact_fifo@rho1.0,rep3_base_exact_fifo@rho1.0_b03v2,3,exact_fifo,1.0,114,upsert,L0099,A_no_future_use,
b03v2,base,exact_fifo@rho1.0,rep3_base_exact_fifo@rho1.0_b03v2,3,exact_fifo,1.0,115,upsert,L0111,A_no_future_use,
b03v2,base,exact_fifo@rho1.0,rep3_base_exact_fifo@rho1.0_b03v2,3,exact_fifo,1.0,116,upsert,L0064,A_no_future_use,
b03v2,base,agg_full@rho1.2,rep3_base_agg_full@rho1.2_b03v2,3,agg_full,1.2,14,upsert,L0006,D_meaningful_value_flip,49.2
b03v2,base,agg_full@rho1.2,rep3_base_agg_full@rho1.2_b03v2,3,agg_full,1.2,16,upsert,L0002,A_no_future_use,
b03v2,base,agg_full@rho1.2,rep3_base_agg_full@rho1.2_b03v2,3,agg_full,1.2,24,upsert,L0000,D_meaningful_value_flip,51.2
b03v2,base,agg_full@rho1.2,rep3_base_agg_full@rho1.2_b03v2,3,agg_full,1.2,27,upsert,L0025,A_no_future_use,
b03v2,base,agg_full@rho1.2,rep3_base_agg_full@rho1.2_b03v2,3,agg_full,1.2,28,upsert,L0036,A_no_future_use,
b03v2,base,agg_full@rho1.2,rep3_base_agg_full@rho1.2_b03v2,3,agg_full,1.2,29,upsert,L0000,A_no_future_use,
b03v2,base,agg_full@rho1.2,rep3_base_agg_full@rho1.2_b03v2,3,agg_full,1.2,30,upsert,L0020,A_no_future_use,
b03v2,base,agg_full@rho1.2,rep3_base_agg_full@rho1.2_b03v2,3,agg_full,1.2,31,upsert,L0019,A_no_future_use,
b03v2,base,agg_full@rho1.2,rep3_base_agg_full@rho1.2_b03v2,3,agg_full,1.2,32,upsert,L0045,A_no_future_use,
b03v2,base,agg_full@rho1.2,rep3_base_agg_full@rho1.2_b03v2,3,agg_full,1.2,33,upsert,L0042,A_no_future_use,
b03v2,base,agg_full@rho1.2,rep3_base_agg_full@rho1.2_b03v2,3,agg_full,1.2,35,upsert,L0032,A_no_future_use,
b03v2,base,agg_full@rho1.2,rep3_base_agg_full@rho1.2_b03v2,3,agg_full,1.2,36,upsert,L0001,A_no_future_use,
b03v2,base,agg_full@rho1.2,rep3_base_agg_full@rho1.2_b03v2,3,agg_full,1.2,37,upsert,L0059,A_no_future_use,
b03v2,base,agg_full@rho1.2,rep3_base_agg_full@rho1.2_b03v2,3,agg_full,1.2,38,upsert,L0050,A_no_future_use,
b03v2,base,agg_full@rho1.2,rep3_base_agg_full@rho1.2_b03v2,3,agg_full,1.2,39,upsert,L0009,A_no_future_use,
b03v2,base,agg_full@rho1.2,rep3_base_agg_full@rho1.2_b03v2,3,agg_full,1.2,40,upsert,L0018,A_no_future_use,
b03v2,base,agg_full@rho1.2,rep3_base_agg_full@rho1.2_b03v2,3,agg_full,1.2,41,upsert,L0004,A_no_future_use,
b03v2,base,agg_full@rho1.2,rep3_base_agg_full@rho1.2_b03v2,3,agg_full,1.2,42,upsert,L0053,A_no_future_use,
b03v2,base,agg_full@rho1.2,rep3_base_agg_full@rho1.2_b03v2,3,agg_full,1.2,43,upsert,L0055,A_no_future_use,
b03v2,base,agg_full@rho1.2,rep3_base_agg_full@rho1.2_b03v2,3,agg_full,1.2,44,upsert,L0043,A_no_future_use,
b03v2,base,agg_full@rho1.2,rep3_base_agg_full@rho1.2_b03v2,3,agg_full,1.2,45,upsert,L0018,A_no_future_use,
b03v2,base,agg_full@rho1.2,rep3_base_agg_full@rho1.2_b03v2,3,agg_full,1.2,46,upsert,L0034,A_no_future_use,
b03v2,base,agg_full@rho1.2,rep3_base_agg_full@rho1.2_b03v2,3,agg_full,1.2,47,upsert,L0016,A_no_future_use,
b03v2,base,agg_full@rho1.2,rep3_base_agg_full@rho1.2_b03v2,3,agg_full,1.2,48,upsert,L0005,A_no_future_use,
b03v2,base,agg_full@rho1.2,rep3_base_agg_full@rho1.2_b03v2,3,agg_full,1.2,49,upsert,L0002,A_no_future_use,
b03v2,base,agg_full@rho1.2,rep3_base_agg_full@rho1.2_b03v2,3,agg_full,1.2,50,upsert,L0037,A_no_future_use,
b03v2,base,agg_full@rho1.2,rep3_base_agg_full@rho1.2_b03v2,3,agg_full,1.2,51,upsert,L0029,A_no_future_use,
b03v2,base,agg_full@rho1.2,rep3_base_agg_full@rho1.2_b03v2,3,agg_full,1.2,52,upsert,L0021,A_no_future_use,
b03v2,base,agg_full@rho1.2,rep3_base_agg_full@rho1.2_b03v2,3,agg_full,1.2,53,upsert,L0003,A_no_future_use,
b03v2,base,agg_full@rho1.2,rep3_base_agg_full@rho1.2_b03v2,3,agg_full,1.2,54,upsert,L0060,A_no_future_use,
b03v2,base,agg_full@rho1.2,rep3_base_agg_full@rho1.2_b03v2,3,agg_full,1.2,55,upsert,L0038,A_no_future_use,
b03v2,base,agg_full@rho1.2,rep3_base_agg_full@rho1.2_b03v2,3,agg_full,1.2,56,upsert,L0019,A_no_future_use,
b03v2,base,agg_full@rho1.2,rep3_base_agg_full@rho1.2_b03v2,3,agg_full,1.2,57,upsert,L0021,A_no_future_use,
b03v2,base,agg_full@rho1.2,rep3_base_agg_full@rho1.2_b03v2,3,agg_full,1.2,58,upsert,L0058,A_no_future_use,
b03v2,base,agg_full@rho1.2,rep3_base_agg_full@rho1.2_b03v2,3,agg_full,1.2,59,upsert,L0006,A_no_future_use,
b03v2,base,agg_full@rho1.2,rep3_base_agg_full@rho1.2_b03v2,3,agg_full,1.2,60,upsert,L0020,A_no_future_use,
b03v2,base,agg_full@rho1.2,rep3_base_agg_full@rho1.2_b03v2,3,agg_full,1.2,61,upsert,L0025,A_no_future_use,
b03v2,base,agg_full@rho1.2,rep3_base_agg_full@rho1.2_b03v2,3,agg_full,1.2,62,upsert,L0013,A_no_future_use,
b03v2,base,agg_full@rho1.2,rep3_base_agg_full@rho1.2_b03v2,3,agg_full,1.2,63,upsert,L0024,A_no_future_use,
b03v2,base,agg_full@rho1.2,rep3_base_agg_full@rho1.2_b03v2,3,agg_full,1.2,64,upsert,L0001,A_no_future_use,
b03v2,base,agg_full@rho1.2,rep3_base_agg_full@rho1.2_b03v2,3,agg_full,1.2,65,upsert,L0012,A_no_future_use,
b03v2,base,agg_full@rho1.2,rep3_base_agg_full@rho1.2_b03v2,3,agg_full,1.2,66,upsert,L0024,A_no_future_use,
b03v2,base,agg_full@rho1.2,rep3_base_agg_full@rho1.2_b03v2,3,agg_full,1.2,67,upsert,L0046,A_no_future_use,
b03v2,base,agg_full@rho1.2,rep3_base_agg_full@rho1.2_b03v2,3,agg_full,1.2,68,upsert,L0030,A_no_future_use,
b03v2,base,agg_full@rho1.2,rep3_base_agg_full@rho1.2_b03v2,3,agg_full,1.2,69,upsert,L0013,A_no_future_use,
b03v2,base,agg_full@rho1.2,rep3_base_agg_full@rho1.2_b03v2,3,agg_full,1.2,70,upsert,L0013,A_no_future_use,
b03v2,base,agg_full@rho1.2,rep3_base_agg_full@rho1.2_b03v2,3,agg_full,1.2,71,upsert,L0008,A_no_future_use,
b03v2,base,agg_full@rho1.2,rep3_base_agg_full@rho1.2_b03v2,3,agg_full,1.2,72,upsert,L0037,A_no_future_use,
b03v2,base,exact_fifo@rho0.8,rep3_base_exact_fifo@rho0.8_b03v2,3,exact_fifo,0.8,0,upsert,L0003,D_meaningful_value_flip,40.96
b03v2,base,exact_fifo@rho0.8,rep3_base_exact_fifo@rho0.8_b03v2,3,exact_fifo,0.8,1,upsert,L0045,B_no_decision_flip,0.0
b03v2,base,exact_fifo@rho0.8,rep3_base_exact_fifo@rho0.8_b03v2,3,exact_fifo,0.8,2,upsert,L0000,D_meaningful_value_flip,40.96
b03v2,base,exact_fifo@rho0.8,rep3_base_exact_fifo@rho0.8_b03v2,3,exact_fifo,0.8,3,upsert,L0006,B_no_decision_flip,0.0
b03v2,base,exact_fifo@rho0.8,rep3_base_exact_fifo@rho0.8_b03v2,3,exact_fifo,0.8,4,upsert,L0002,B_no_decision_flip,0.0
b03v2,base,exact_fifo@rho0.8,rep3_base_exact_fifo@rho0.8_b03v2,3,exact_fifo,0.8,5,upsert,L0005,D_meaningful_value_flip,40.96
b03v2,base,exact_fifo@rho0.8,rep3_base_exact_fifo@rho0.8_b03v2,3,exact_fifo,0.8,6,upsert,L0040,A_no_future_use,
b03v2,base,exact_fifo@rho0.8,rep3_base_exact_fifo@rho0.8_b03v2,3,exact_fifo,0.8,7,upsert,L0012,D_meaningful_value_flip,38.96
b03v2,base,exact_fifo@rho0.8,rep3_base_exact_fifo@rho0.8_b03v2,3,exact_fifo,0.8,8,upsert,L0038,D_meaningful_value_flip,38.96
b03v2,base,exact_fifo@rho0.8,rep3_base_exact_fifo@rho0.8_b03v2,3,exact_fifo,0.8,9,upsert,L0056,A_no_future_use,
b03v2,base,exact_fifo@rho0.8,rep3_base_exact_fifo@rho0.8_b03v2,3,exact_fifo,0.8,10,upsert,L0036,A_no_future_use,
b03v2,base,exact_fifo@rho0.8,rep3_base_exact_fifo@rho0.8_b03v2,3,exact_fifo,0.8,11,upsert,L0030,D_meaningful_value_flip,40.96
b03v2,base,exact_fifo@rho0.8,rep3_base_exact_fifo@rho0.8_b03v2,3,exact_fifo,0.8,12,upsert,L0032,D_meaningful_value_flip,38.96
b03v2,base,exact_fifo@rho0.8,rep3_base_exact_fifo@rho0.8_b03v2,3,exact_fifo,0.8,13,upsert,L0008,D_meaningful_value_flip,38.96
b03v2,base,exact_fifo@rho0.8,rep3_base_exact_fifo@rho0.8_b03v2,3,exact_fifo,0.8,14,upsert,L0006,D_meaningful_value_flip,10.24
b03v2,base,exact_fifo@rho0.8,rep3_base_exact_fifo@rho0.8_b03v2,3,exact_fifo,0.8,15,upsert,L0044,A_no_future_use,
b03v2,base,exact_fifo@rho0.8,rep3_base_exact_fifo@rho0.8_b03v2,3,exact_fifo,0.8,16,upsert,L0002,B_no_decision_flip,10.24
b03v2,base,exact_fifo@rho0.8,rep3_base_exact_fifo@rho0.8_b03v2,3,exact_fifo,0.8,17,upsert,L0052,A_no_future_use,
b03v2,base,exact_fifo@rho0.8,rep3_base_exact_fifo@rho0.8_b03v2,3,exact_fifo,0.8,18,upsert,L0021,D_meaningful_value_flip,40.96
b03v2,base,exact_fifo@rho0.8,rep3_base_exact_fifo@rho0.8_b03v2,3,exact_fifo,0.8,19,upsert,L0025,B_no_decision_flip,0.0
b03v2,base,exact_fifo@rho0.8,rep3_base_exact_fifo@rho0.8_b03v2,3,exact_fifo,0.8,20,upsert,L0062,D_meaningful_value_flip,38.96
b03v2,base,exact_fifo@rho0.8,rep3_base_exact_fifo@rho0.8_b03v2,3,exact_fifo,0.8,21,upsert,L0031,D_meaningful_value_flip,40.96
b03v2,base,exact_fifo@rho0.8,rep3_base_exact_fifo@rho0.8_b03v2,3,exact_fifo,0.8,22,upsert,L0001,B_no_decision_flip,0.0
b03v2,base,exact_fifo@rho0.8,rep3_base_exact_fifo@rho0.8_b03v2,3,exact_fifo,0.8,23,upsert,L0054,A_no_future_use,
b03v2,base,exact_fifo@rho0.8,rep3_base_exact_fifo@rho0.8_b03v2,3,exact_fifo,0.8,24,upsert,L0000,B_no_decision_flip,0.0
b03v2,base,exact_fifo@rho0.8,rep3_base_exact_fifo@rho0.8_b03v2,3,exact_fifo,0.8,25,upsert,L0017,A_no_future_use,
b03v2,base,exact_fifo@rho0.8,rep3_base_exact_fifo@rho0.8_b03v2,3,exact_fifo,0.8,26,upsert,L0016,A_no_future_use,
b03v2,base,exact_fifo@rho0.8,rep3_base_exact_fifo@rho0.8_b03v2,3,exact_fifo,0.8,27,upsert,L0025,D_meaningful_value_flip,10.24
b03v2,base,exact_fifo@rho0.8,rep3_base_exact_fifo@rho0.8_b03v2,3,exact_fifo,0.8,28,upsert,L0036,A_no_future_use,
b03v2,base,exact_fifo@rho0.8,rep3_base_exact_fifo@rho0.8_b03v2,3,exact_fifo,0.8,29,upsert,L0000,B_no_decision_flip,0.0
b03v2,base,exact_fifo@rho0.8,rep3_base_exact_fifo@rho0.8_b03v2,3,exact_fifo,0.8,30,upsert,L0020,D_meaningful_value_flip,40.96
b03v2,base,exact_fifo@rho0.8,rep3_base_exact_fifo@rho0.8_b03v2,3,exact_fifo,0.8,31,upsert,L0019,A_no_future_use,
b03v2,base,exact_fifo@rho0.8,rep3_base_exact_fifo@rho0.8_b03v2,3,exact_fifo,0.8,32,upsert,L0045,A_no_future_use,
b03v2,base,exact_fifo@rho0.8,rep3_base_exact_fifo@rho0.8_b03v2,3,exact_fifo,0.8,33,upsert,L0042,A_no_future_use,
b03v2,base,exact_fifo@rho0.8,rep3_base_exact_fifo@rho0.8_b03v2,3,exact_fifo,0.8,34,upsert,L0000,B_no_decision_flip,-20.48
b03v2,base,exact_fifo@rho0.8,rep3_base_exact_fifo@rho0.8_b03v2,3,exact_fifo,0.8,35,upsert,L0032,A_no_future_use,
b03v2,base,exact_fifo@rho0.8,rep3_base_exact_fifo@rho0.8_b03v2,3,exact_fifo,0.8,36,upsert,L0001,D_meaningful_value_flip,8.24
b03v2,base,exact_fifo@rho0.8,rep3_base_exact_fifo@rho0.8_b03v2,3,exact_fifo,0.8,37,upsert,L0059,A_no_future_use,
b03v2,base,exact_fifo@rho0.8,rep3_base_exact_fifo@rho0.8_b03v2,3,exact_fifo,0.8,38,upsert,L0050,A_no_future_use,
b03v2,base,exact_fifo@rho0.8,rep3_base_exact_fifo@rho0.8_b03v2,3,exact_fifo,0.8,39,upsert,L0009,A_no_future_use,
b03v2,base,exact_fifo@rho0.8,rep3_base_exact_fifo@rho0.8_b03v2,3,exact_fifo,0.8,40,upsert,L0018,A_no_future_use,
b03v2,base,exact_fifo@rho0.8,rep3_base_exact_fifo@rho0.8_b03v2,3,exact_fifo,0.8,41,upsert,L0004,A_no_future_use,
b03v2,base,exact_fifo@rho0.8,rep3_base_exact_fifo@rho0.8_b03v2,3,exact_fifo,0.8,42,upsert,L0053,A_no_future_use,
b03v2,base,exact_fifo@rho0.8,rep3_base_exact_fifo@rho0.8_b03v2,3,exact_fifo,0.8,43,upsert,L0055,A_no_future_use,
b03v2,base,exact_fifo@rho0.8,rep3_base_exact_fifo@rho0.8_b03v2,3,exact_fifo,0.8,44,upsert,L0043,A_no_future_use,
b03v2,base,exact_fifo@rho0.8,rep3_base_exact_fifo@rho0.8_b03v2,3,exact_fifo,0.8,45,upsert,L0018,A_no_future_use,
b03v2,base,exact_fifo@rho0.8,rep3_base_exact_fifo@rho0.8_b03v2,3,exact_fifo,0.8,46,upsert,L0034,A_no_future_use,
b03v2,base,exact_fifo@rho0.8,rep3_base_exact_fifo@rho0.8_b03v2,3,exact_fifo,0.8,47,upsert,L0016,A_no_future_use,
b03v2,base,exact_fifo@rho0.8,rep3_base_exact_fifo@rho0.8_b03v2,3,exact_fifo,0.8,48,upsert,L0005,A_no_future_use,
b03v2,base,exact_fifo@rho0.8,rep3_base_exact_fifo@rho0.8_b03v2,3,exact_fifo,0.8,49,upsert,L0002,A_no_future_use,
b03v2,base,exact_fifo@rho0.8,rep3_base_exact_fifo@rho0.8_b03v2,3,exact_fifo,0.8,50,upsert,L0037,A_no_future_use,
b03v2,base,exact_fifo@rho0.8,rep3_base_exact_fifo@rho0.8_b03v2,3,exact_fifo,0.8,51,upsert,L0029,A_no_future_use,
b03v2,base,exact_fifo@rho0.8,rep3_base_exact_fifo@rho0.8_b03v2,3,exact_fifo,0.8,52,upsert,L0021,A_no_future_use,
b03v2,base,exact_fifo@rho0.8,rep3_base_exact_fifo@rho0.8_b03v2,3,exact_fifo,0.8,53,upsert,L0003,A_no_future_use,
b03v2,base,exact_fifo@rho0.8,rep3_base_exact_fifo@rho0.8_b03v2,3,exact_fifo,0.8,54,upsert,L0060,A_no_future_use,
b03v2,base,exact_fifo@rho0.8,rep3_base_exact_fifo@rho0.8_b03v2,3,exact_fifo,0.8,55,upsert,L0038,B_no_decision_flip,10.24
b03v2,base,exact_fifo@rho0.8,rep3_base_exact_fifo@rho0.8_b03v2,3,exact_fifo,0.8,56,upsert,L0019,A_no_future_use,
b03v2,base,exact_fifo@rho0.8,rep3_base_exact_fifo@rho0.8_b03v2,3,exact_fifo,0.8,57,upsert,L0021,A_no_future_use,
b03v2,base,exact_fifo@rho0.8,rep3_base_exact_fifo@rho0.8_b03v2,3,exact_fifo,0.8,58,upsert,L0058,A_no_future_use,
b03v2,base,exact_fifo@rho0.8,rep3_base_exact_fifo@rho0.8_b03v2,3,exact_fifo,0.8,59,upsert,L0006,A_no_future_use,
b03v2,base,exact_fifo@rho0.8,rep3_base_exact_fifo@rho0.8_b03v2,3,exact_fifo,0.8,60,upsert,L0020,A_no_future_use,
b03v2,base,exact_fifo@rho0.8,rep3_base_exact_fifo@rho0.8_b03v2,3,exact_fifo,0.8,61,upsert,L0025,A_no_future_use,
b03v2,base,exact_fifo@rho0.8,rep3_base_exact_fifo@rho0.8_b03v2,3,exact_fifo,0.8,62,upsert,L0013,A_no_future_use,
b03v2,base,exact_fifo@rho0.8,rep3_base_exact_fifo@rho0.8_b03v2,3,exact_fifo,0.8,63,upsert,L0024,A_no_future_use,
b03v2,base,exact_fifo@rho0.8,rep3_base_exact_fifo@rho0.8_b03v2,3,exact_fifo,0.8,64,upsert,L0001,A_no_future_use,
b03v2,base,exact_fifo@rho0.8,rep3_base_exact_fifo@rho0.8_b03v2,3,exact_fifo,0.8,65,upsert,L0012,A_no_future_use,
b03v2,base,exact_fifo@rho0.8,rep3_base_exact_fifo@rho0.8_b03v2,3,exact_fifo,0.8,66,upsert,L0024,A_no_future_use,
b03v2,base,exact_fifo@rho0.8,rep3_base_exact_fifo@rho0.8_b03v2,3,exact_fifo,0.8,67,upsert,L0046,A_no_future_use,
b03v2,base,exact_fifo@rho0.8,rep3_base_exact_fifo@rho0.8_b03v2,3,exact_fifo,0.8,68,upsert,L0030,A_no_future_use,
b03v2,base,exact_fifo@rho0.8,rep3_base_exact_fifo@rho0.8_b03v2,3,exact_fifo,0.8,69,upsert,L0013,A_no_future_use,
b03v2,base,exact_fifo@rho0.8,rep3_base_exact_fifo@rho0.8_b03v2,3,exact_fifo,0.8,70,upsert,L0013,A_no_future_use,
b03v2,base,exact_fifo@rho0.8,rep3_base_exact_fifo@rho0.8_b03v2,3,exact_fifo,0.8,71,upsert,L0008,A_no_future_use,
b03v2,base,exact_fifo@rho0.8,rep3_base_exact_fifo@rho0.8_b03v2,3,exact_fifo,0.8,72,upsert,L0037,A_no_future_use,
b03v2,base,exact_fifo@rho0.8,rep3_base_exact_fifo@rho0.8_b03v2,3,exact_fifo,0.8,73,upsert,L0015,A_no_future_use,
b03v2,base,exact_fifo@rho0.8,rep3_base_exact_fifo@rho0.8_b03v2,3,exact_fifo,0.8,74,upsert,L0000,A_no_future_use,
b03v2,base,exact_fifo@rho0.8,rep3_base_exact_fifo@rho0.8_b03v2,3,exact_fifo,0.8,75,upsert,L0001,A_no_future_use,
b03v2,base,exact_fifo@rho0.8,rep3_base_exact_fifo@rho0.8_b03v2,3,exact_fifo,0.8,76,upsert,L0063,A_no_future_use,
b03v2,base,exact_fifo@rho0.8,rep3_base_exact_fifo@rho0.8_b03v2,3,exact_fifo,0.8,77,upsert,L0011,A_no_future_use,
b03v2,base,exact_fifo@rho0.8,rep3_base_exact_fifo@rho0.8_b03v2,3,exact_fifo,0.8,78,upsert,L0062,A_no_future_use,
b03v2,base,exact_fifo@rho0.8,rep3_base_exact_fifo@rho0.8_b03v2,3,exact_fifo,0.8,79,upsert,L0007,A_no_future_use,
b03v2,base,exact_fifo@rho0.8,rep3_base_exact_fifo@rho0.8_b03v2,3,exact_fifo,0.8,80,upsert,L0061,A_no_future_use,
b03v2,base,exact_fifo@rho0.8,rep3_base_exact_fifo@rho0.8_b03v2,3,exact_fifo,0.8,81,upsert,L0001,A_no_future_use,
b03v2,base,exact_fifo@rho0.8,rep3_base_exact_fifo@rho0.8_b03v2,3,exact_fifo,0.8,82,upsert,L0010,A_no_future_use,
b03v2,base,exact_fifo@rho0.8,rep3_base_exact_fifo@rho0.8_b03v2,3,exact_fifo,0.8,83,upsert,L0029,A_no_future_use,
b03v2,base,exact_fifo@rho0.8,rep3_base_exact_fifo@rho0.8_b03v2,3,exact_fifo,0.8,84,upsert,L0031,A_no_future_use,
b03v2,base,exact_fifo@rho0.8,rep3_base_exact_fifo@rho0.8_b03v2,3,exact_fifo,0.8,85,upsert,L0001,A_no_future_use,
b03v2,base,exact_fifo@rho0.8,rep3_base_exact_fifo@rho0.8_b03v2,3,exact_fifo,0.8,86,upsert,L0038,A_no_future_use,
b03v2,base,exact_fifo@rho0.8,rep3_base_exact_fifo@rho0.8_b03v2,3,exact_fifo,0.8,87,upsert,L0007,A_no_future_use,
b03v2,base,exact_fifo@rho0.8,rep3_base_exact_fifo@rho0.8_b03v2,3,exact_fifo,0.8,88,upsert,L0015,A_no_future_use,
b03v2,base,exact_fifo@rho0.8,rep3_base_exact_fifo@rho0.8_b03v2,3,exact_fifo,0.8,89,upsert,L0001,A_no_future_use,
b03v2,base,exact_fifo@rho0.8,rep3_base_exact_fifo@rho0.8_b03v2,3,exact_fifo,0.8,90,upsert,L0015,A_no_future_use,
b03v2,base,exact_fifo@rho0.8,rep3_base_exact_fifo@rho0.8_b03v2,3,exact_fifo,0.8,91,upsert,L0010,A_no_future_use,
b03v2,base,exact_fifo@rho0.8,rep3_base_exact_fifo@rho0.8_b03v2,3,exact_fifo,0.8,92,upsert,L0062,A_no_future_use,
b03v2,base,exact_fifo@rho0.8,rep3_base_exact_fifo@rho0.8_b03v2,3,exact_fifo,0.8,93,upsert,L0038,A_no_future_use,
b03v2,base,exact_fifo@rho0.8,rep3_base_exact_fifo@rho0.8_b03v2,3,exact_fifo,0.8,94,upsert,L0001,A_no_future_use,
b03v2,base,exact_fifo@rho0.8,rep3_base_exact_fifo@rho0.8_b03v2,3,exact_fifo,0.8,95,upsert,L0008,A_no_future_use,
b03v2,base,exact_fifo@rho0.8,rep3_base_exact_fifo@rho0.8_b03v2,3,exact_fifo,0.8,96,upsert,L0065,B_no_decision_flip,0.0
b03v2,base,exact_fifo@rho0.8,rep3_base_exact_fifo@rho0.8_b03v2,3,exact_fifo,0.8,97,upsert,L0070,B_no_decision_flip,0.0
b03v2,base,exact_fifo@rho0.8,rep3_base_exact_fifo@rho0.8_b03v2,3,exact_fifo,0.8,98,upsert,L0102,A_no_future_use,
b03v2,base,exact_fifo@rho0.8,rep3_base_exact_fifo@rho0.8_b03v2,3,exact_fifo,0.8,99,upsert,L0068,B_no_decision_flip,0.0
b03v2,base,exact_fifo@rho0.8,rep3_base_exact_fifo@rho0.8_b03v2,3,exact_fifo,0.8,100,upsert,L0106,D_meaningful_value_flip,38.96
b03v2,base,exact_fifo@rho0.8,rep3_base_exact_fifo@rho0.8_b03v2,3,exact_fifo,0.8,101,upsert,L0074,B_no_decision_flip,0.0
b03v2,base,exact_fifo@rho0.8,rep3_base_exact_fifo@rho0.8_b03v2,3,exact_fifo,0.8,102,upsert,L0091,D_meaningful_value_flip,38.96
b03v2,base,exact_fifo@rho0.8,rep3_base_exact_fifo@rho0.8_b03v2,3,exact_fifo,0.8,103,upsert,L0095,B_no_decision_flip,0.0
b03v2,base,exact_fifo@rho0.8,rep3_base_exact_fifo@rho0.8_b03v2,3,exact_fifo,0.8,104,upsert,L0074,D_meaningful_value_flip,10.24
b03v2,base,exact_fifo@rho0.8,rep3_base_exact_fifo@rho0.8_b03v2,3,exact_fifo,0.8,105,upsert,L0083,D_meaningful_value_flip,40.96
b03v2,base,exact_fifo@rho0.8,rep3_base_exact_fifo@rho0.8_b03v2,3,exact_fifo,0.8,106,upsert,L0109,A_no_future_use,
b03v2,base,exact_fifo@rho0.8,rep3_base_exact_fifo@rho0.8_b03v2,3,exact_fifo,0.8,107,upsert,L0068,B_no_decision_flip,0.0
b03v2,base,exact_fifo@rho0.8,rep3_base_exact_fifo@rho0.8_b03v2,3,exact_fifo,0.8,108,upsert,L0068,D_meaningful_value_flip,10.24
b03v2,base,exact_fifo@rho0.8,rep3_base_exact_fifo@rho0.8_b03v2,3,exact_fifo,0.8,109,upsert,L0081,B_no_decision_flip,0.0
b03v2,base,exact_fifo@rho0.8,rep3_base_exact_fifo@rho0.8_b03v2,3,exact_fifo,0.8,110,upsert,L0110,A_no_future_use,
b03v2,base,exact_fifo@rho0.8,rep3_base_exact_fifo@rho0.8_b03v2,3,exact_fifo,0.8,111,upsert,L0097,A_no_future_use,
b03v2,base,exact_fifo@rho0.8,rep3_base_exact_fifo@rho0.8_b03v2,3,exact_fifo,0.8,112,upsert,L0114,D_meaningful_value_flip,40.96
b03v2,base,exact_fifo@rho0.8,rep3_base_exact_fifo@rho0.8_b03v2,3,exact_fifo,0.8,113,upsert,L0065,B_no_decision_flip,0.0
b03v2,base,exact_fifo@rho0.8,rep3_base_exact_fifo@rho0.8_b03v2,3,exact_fifo,0.8,114,upsert,L0099,D_meaningful_value_flip,40.96
b03v2,base,exact_fifo@rho0.8,rep3_base_exact_fifo@rho0.8_b03v2,3,exact_fifo,0.8,115,upsert,L0111,D_meaningful_value_flip,40.96
b03v2,base,exact_fifo@rho0.8,rep3_base_exact_fifo@rho0.8_b03v2,3,exact_fifo,0.8,116,upsert,L0064,B_no_decision_flip,0.0
b03v2,base,exact_fifo@rho0.8,rep3_base_exact_fifo@rho0.8_b03v2,3,exact_fifo,0.8,117,upsert,L0065,D_meaningful_value_flip,10.24
b03v2,base,exact_fifo@rho0.8,rep3_base_exact_fifo@rho0.8_b03v2,3,exact_fifo,0.8,118,upsert,L0083,B_no_decision_flip,0.0
b03v2,base,exact_fifo@rho0.8,rep3_base_exact_fifo@rho0.8_b03v2,3,exact_fifo,0.8,119,upsert,L0072,A_no_future_use,
b03v2,base,exact_fifo@rho0.8,rep3_base_exact_fifo@rho0.8_b03v2,3,exact_fifo,0.8,120,upsert,L0125,D_meaningful_value_flip,38.96
b03v2,base,exact_fifo@rho0.8,rep3_base_exact_fifo@rho0.8_b03v2,3,exact_fifo,0.8,121,upsert,L0071,D_meaningful_value_flip,38.96
b03v2,base,exact_fifo@rho0.8,rep3_base_exact_fifo@rho0.8_b03v2,3,exact_fifo,0.8,122,upsert,L0069,D_meaningful_value_flip,40.96
b03v2,base,exact_fifo@rho0.8,rep3_base_exact_fifo@rho0.8_b03v2,3,exact_fifo,0.8,123,upsert,L0100,A_no_future_use,
b03v2,base,exact_fifo@rho0.8,rep3_base_exact_fifo@rho0.8_b03v2,3,exact_fifo,0.8,124,upsert,L0090,A_no_future_use,
b03v2,base,exact_fifo@rho0.8,rep3_base_exact_fifo@rho0.8_b03v2,3,exact_fifo,0.8,125,upsert,L0064,B_no_decision_flip,0.0
b03v2,base,exact_fifo@rho0.8,rep3_base_exact_fifo@rho0.8_b03v2,3,exact_fifo,0.8,126,upsert,L0071,C_low_value_flip,0.0
b03v2,base,exact_fifo@rho0.8,rep3_base_exact_fifo@rho0.8_b03v2,3,exact_fifo,0.8,127,upsert,L0066,B_no_decision_flip,0.0
b03v2,base,exact_fifo@rho0.8,rep3_base_exact_fifo@rho0.8_b03v2,3,exact_fifo,0.8,128,upsert,L0065,B_no_decision_flip,0.0
b03v2,base,exact_fifo@rho0.8,rep3_base_exact_fifo@rho0.8_b03v2,3,exact_fifo,0.8,129,upsert,L0090,A_no_future_use,
b03v2,base,exact_fifo@rho0.8,rep3_base_exact_fifo@rho0.8_b03v2,3,exact_fifo,0.8,130,upsert,L0095,B_no_decision_flip,10.24
b03v2,base,exact_fifo@rho0.8,rep3_base_exact_fifo@rho0.8_b03v2,3,exact_fifo,0.8,131,upsert,L0093,A_no_future_use,
b03v2,base,exact_fifo@rho0.8,rep3_base_exact_fifo@rho0.8_b03v2,3,exact_fifo,0.8,132,upsert,L0081,A_no_future_use,
b03v2,base,exact_fifo@rho0.8,rep3_base_exact_fifo@rho0.8_b03v2,3,exact_fifo,0.8,133,upsert,L0072,A_no_future_use,
b03v2,base,exact_fifo@rho0.8,rep3_base_exact_fifo@rho0.8_b03v2,3,exact_fifo,0.8,134,upsert,L0092,A_no_future_use,
b03v2,base,exact_fifo@rho0.8,rep3_base_exact_fifo@rho0.8_b03v2,3,exact_fifo,0.8,135,upsert,L0083,D_meaningful_value_flip,10.24
b03v2,base,exact_fifo@rho0.8,rep3_base_exact_fifo@rho0.8_b03v2,3,exact_fifo,0.8,136,upsert,L0111,A_no_future_use,
b03v2,base,exact_fifo@rho0.8,rep3_base_exact_fifo@rho0.8_b03v2,3,exact_fifo,0.8,137,upsert,L0092,A_no_future_use,
b03v2,base,exact_fifo@rho0.8,rep3_base_exact_fifo@rho0.8_b03v2,3,exact_fifo,0.8,138,upsert,L0079,D_meaningful_value_flip,38.96
b03v2,base,exact_fifo@rho0.8,rep3_base_exact_fifo@rho0.8_b03v2,3,exact_fifo,0.8,139,upsert,L0070,B_no_decision_flip,0.0
b03v2,base,exact_fifo@rho0.8,rep3_base_exact_fifo@rho0.8_b03v2,3,exact_fifo,0.8,140,upsert,L0097,A_no_future_use,
b03v2,base,exact_fifo@rho0.8,rep3_base_exact_fifo@rho0.8_b03v2,3,exact_fifo,0.8,141,upsert,L0064,C_low_value_flip,2.0
b03v2,base,exact_fifo@rho0.8,rep3_base_exact_fifo@rho0.8_b03v2,3,exact_fifo,0.8,142,upsert,L0066,D_meaningful_value_flip,10.24
b03v2,base,exact_fifo@rho0.8,rep3_base_exact_fifo@rho0.8_b03v2,3,exact_fifo,0.8,143,upsert,L0067,A_no_future_use,
b03v2,base,exact_fifo@rho0.8,rep3_base_exact_fifo@rho0.8_b03v2,3,exact_fifo,0.8,144,upsert,L0083,A_no_future_use,
b03v2,base,exact_fifo@rho0.8,rep3_base_exact_fifo@rho0.8_b03v2,3,exact_fifo,0.8,145,upsert,L0068,B_no_decision_flip,0.0
b03v2,base,exact_fifo@rho0.8,rep3_base_exact_fifo@rho0.8_b03v2,3,exact_fifo,0.8,146,upsert,L0106,A_no_future_use,
b03v2,base,exact_fifo@rho0.8,rep3_base_exact_fifo@rho0.8_b03v2,3,exact_fifo,0.8,147,upsert,L0087,A_no_future_use,
b03v2,base,exact_fifo@rho0.8,rep3_base_exact_fifo@rho0.8_b03v2,3,exact_fifo,0.8,148,upsert,L0111,A_no_future_use,
b03v2,base,exact_fifo@rho0.8,rep3_base_exact_fifo@rho0.8_b03v2,3,exact_fifo,0.8,149,upsert,L0064,B_no_decision_flip,0.0
b03v2,base,exact_fifo@rho0.8,rep3_base_exact_fifo@rho0.8_b03v2,3,exact_fifo,0.8,150,upsert,L0071,D_meaningful_value_flip,8.24
b03v2,base,exact_fifo@rho0.8,rep3_base_exact_fifo@rho0.8_b03v2,3,exact_fifo,0.8,151,upsert,L0067,A_no_future_use,
b03v2,base,exact_fifo@rho0.8,rep3_base_exact_fifo@rho0.8_b03v2,3,exact_fifo,0.8,152,upsert,L0078,A_no_future_use,
b03v2,base,exact_fifo@rho0.8,rep3_base_exact_fifo@rho0.8_b03v2,3,exact_fifo,0.8,153,upsert,L0096,A_no_future_use,
b03v2,base,exact_fifo@rho0.8,rep3_base_exact_fifo@rho0.8_b03v2,3,exact_fifo,0.8,154,upsert,L0076,A_no_future_use,
b03v2,base,exact_fifo@rho0.8,rep3_base_exact_fifo@rho0.8_b03v2,3,exact_fifo,0.8,155,upsert,L0076,A_no_future_use,
b03v2,base,exact_fifo@rho0.8,rep3_base_exact_fifo@rho0.8_b03v2,3,exact_fifo,0.8,156,upsert,L0065,A_no_future_use,
b03v2,base,exact_fifo@rho0.8,rep3_base_exact_fifo@rho0.8_b03v2,3,exact_fifo,0.8,157,upsert,L0068,B_no_decision_flip,0.0
b03v2,base,exact_fifo@rho0.8,rep3_base_exact_fifo@rho0.8_b03v2,3,exact_fifo,0.8,158,upsert,L0075,A_no_future_use,
b03v2,base,exact_fifo@rho0.8,rep3_base_exact_fifo@rho0.8_b03v2,3,exact_fifo,0.8,159,upsert,L0081,A_no_future_use,
b03v2,base,exact_fifo@rho0.8,rep3_base_exact_fifo@rho0.8_b03v2,3,exact_fifo,0.8,160,upsert,L0074,B_no_decision_flip,10.24
b03v2,base,exact_fifo@rho0.8,rep3_base_exact_fifo@rho0.8_b03v2,3,exact_fifo,0.8,161,upsert,L0066,A_no_future_use,
b03v2,base,exact_fifo@rho0.8,rep3_base_exact_fifo@rho0.8_b03v2,3,exact_fifo,0.8,162,upsert,L0116,A_no_future_use,
b03v2,base,exact_fifo@rho0.8,rep3_base_exact_fifo@rho0.8_b03v2,3,exact_fifo,0.8,163,upsert,L0092,A_no_future_use,
b03v2,base,exact_fifo@rho0.8,rep3_base_exact_fifo@rho0.8_b03v2,3,exact_fifo,0.8,164,upsert,L0083,A_no_future_use,
b03v2,base,exact_fifo@rho0.8,rep3_base_exact_fifo@rho0.8_b03v2,3,exact_fifo,0.8,165,upsert,L0099,A_no_future_use,
b03v2,base,exact_fifo@rho0.8,rep3_base_exact_fifo@rho0.8_b03v2,3,exact_fifo,0.8,166,upsert,L0067,A_no_future_use,
b03v2,base,exact_fifo@rho0.8,rep3_base_exact_fifo@rho0.8_b03v2,3,exact_fifo,0.8,167,upsert,L0091,A_no_future_use,
b03v2,base,exact_fifo@rho0.8,rep3_base_exact_fifo@rho0.8_b03v2,3,exact_fifo,0.8,168,upsert,L0069,A_no_future_use,
b03v2,base,exact_fifo@rho0.8,rep3_base_exact_fifo@rho0.8_b03v2,3,exact_fifo,0.8,169,upsert,L0075,A_no_future_use,
b03v2,base,exact_fifo@rho0.8,rep3_base_exact_fifo@rho0.8_b03v2,3,exact_fifo,0.8,170,upsert,L0087,A_no_future_use,
b03v2,base,exact_fifo@rho0.8,rep3_base_exact_fifo@rho0.8_b03v2,3,exact_fifo,0.8,171,upsert,L0069,A_no_future_use,
b03v2,base,exact_fifo@rho0.8,rep3_base_exact_fifo@rho0.8_b03v2,3,exact_fifo,0.8,172,upsert,L0105,A_no_future_use,
b03v2,base,exact_fifo@rho0.8,rep3_base_exact_fifo@rho0.8_b03v2,3,exact_fifo,0.8,173,upsert,L0066,A_no_future_use,
b03v2,base,exact_fifo@rho0.8,rep3_base_exact_fifo@rho0.8_b03v2,3,exact_fifo,0.8,174,upsert,L0071,A_no_future_use,
b03v2,base,exact_fifo@rho0.8,rep3_base_exact_fifo@rho0.8_b03v2,3,exact_fifo,0.8,175,upsert,L0070,A_no_future_use,
b03v2,base,exact_fifo@rho0.8,rep3_base_exact_fifo@rho0.8_b03v2,3,exact_fifo,0.8,176,upsert,L0076,A_no_future_use,
b03v2,base,exact_fifo@rho0.8,rep3_base_exact_fifo@rho0.8_b03v2,3,exact_fifo,0.8,177,upsert,L0066,A_no_future_use,
b03v2,base,exact_fifo@rho0.8,rep3_base_exact_fifo@rho0.8_b03v2,3,exact_fifo,0.8,178,upsert,L0089,A_no_future_use,
b03v2,base,exact_fifo@rho0.8,rep3_base_exact_fifo@rho0.8_b03v2,3,exact_fifo,0.8,179,upsert,L0075,A_no_future_use,
b03v2,base,exact_fifo@rho0.8,rep3_base_exact_fifo@rho0.8_b03v2,3,exact_fifo,0.8,180,upsert,L0073,A_no_future_use,
b03v2,base,exact_fifo@rho0.8,rep3_base_exact_fifo@rho0.8_b03v2,3,exact_fifo,0.8,181,upsert,L0064,A_no_future_use,
b03v2,base,exact_fifo@rho0.8,rep3_base_exact_fifo@rho0.8_b03v2,3,exact_fifo,0.8,182,upsert,L0114,A_no_future_use,
b03v2,base,agg_static@rho1.0,rep3_base_agg_static@rho1.0_b03v2,3,agg_static,1.0,0,upsert,L0003,D_meaningful_value_flip,40.96
b03v2,base,agg_static@rho1.0,rep3_base_agg_static@rho1.0_b03v2,3,agg_static,1.0,1,upsert,L0045,D_meaningful_value_flip,40.96
b03v2,base,agg_static@rho1.0,rep3_base_agg_static@rho1.0_b03v2,3,agg_static,1.0,2,upsert,L0000,D_meaningful_value_flip,40.96
b03v2,base,agg_static@rho1.0,rep3_base_agg_static@rho1.0_b03v2,3,agg_static,1.0,3,upsert,L0006,B_no_decision_flip,0.0
b03v2,base,agg_static@rho1.0,rep3_base_agg_static@rho1.0_b03v2,3,agg_static,1.0,5,upsert,L0005,B_no_decision_flip,0.0
b03v2,base,agg_static@rho1.0,rep3_base_agg_static@rho1.0_b03v2,3,agg_static,1.0,6,upsert,L0040,A_no_future_use,
b03v2,base,agg_static@rho1.0,rep3_base_agg_static@rho1.0_b03v2,3,agg_static,1.0,7,upsert,L0012,D_meaningful_value_flip,38.96
b03v2,base,agg_static@rho1.0,rep3_base_agg_static@rho1.0_b03v2,3,agg_static,1.0,8,upsert,L0038,D_meaningful_value_flip,38.96
b03v2,base,agg_static@rho1.0,rep3_base_agg_static@rho1.0_b03v2,3,agg_static,1.0,9,upsert,L0056,A_no_future_use,
b03v2,base,agg_static@rho1.0,rep3_base_agg_static@rho1.0_b03v2,3,agg_static,1.0,11,upsert,L0030,D_meaningful_value_flip,40.96
b03v2,base,agg_static@rho1.0,rep3_base_agg_static@rho1.0_b03v2,3,agg_static,1.0,12,upsert,L0032,A_no_future_use,
b03v2,base,agg_static@rho1.0,rep3_base_agg_static@rho1.0_b03v2,3,agg_static,1.0,13,upsert,L0008,D_meaningful_value_flip,38.96
b03v2,base,agg_static@rho1.0,rep3_base_agg_static@rho1.0_b03v2,3,agg_static,1.0,14,upsert,L0006,D_meaningful_value_flip,10.24
b03v2,base,agg_static@rho1.0,rep3_base_agg_static@rho1.0_b03v2,3,agg_static,1.0,15,upsert,L0044,A_no_future_use,
b03v2,base,agg_static@rho1.0,rep3_base_agg_static@rho1.0_b03v2,3,agg_static,1.0,16,upsert,L0002,D_meaningful_value_flip,51.2
b03v2,base,agg_static@rho1.0,rep3_base_agg_static@rho1.0_b03v2,3,agg_static,1.0,17,upsert,L0052,A_no_future_use,
b03v2,base,agg_static@rho1.0,rep3_base_agg_static@rho1.0_b03v2,3,agg_static,1.0,18,upsert,L0021,B_no_decision_flip,0.0
b03v2,base,agg_static@rho1.0,rep3_base_agg_static@rho1.0_b03v2,3,agg_static,1.0,20,upsert,L0062,D_meaningful_value_flip,40.96
b03v2,base,agg_static@rho1.0,rep3_base_agg_static@rho1.0_b03v2,3,agg_static,1.0,21,upsert,L0031,D_meaningful_value_flip,40.96
b03v2,base,agg_static@rho1.0,rep3_base_agg_static@rho1.0_b03v2,3,agg_static,1.0,22,upsert,L0001,D_meaningful_value_flip,40.96
b03v2,base,agg_static@rho1.0,rep3_base_agg_static@rho1.0_b03v2,3,agg_static,1.0,23,upsert,L0054,A_no_future_use,
b03v2,base,agg_static@rho1.0,rep3_base_agg_static@rho1.0_b03v2,3,agg_static,1.0,24,upsert,L0000,D_meaningful_value_flip,12.24
b03v2,base,agg_static@rho1.0,rep3_base_agg_static@rho1.0_b03v2,3,agg_static,1.0,25,upsert,L0017,A_no_future_use,
b03v2,base,agg_static@rho1.0,rep3_base_agg_static@rho1.0_b03v2,3,agg_static,1.0,26,upsert,L0016,A_no_future_use,
b03v2,base,agg_static@rho1.0,rep3_base_agg_static@rho1.0_b03v2,3,agg_static,1.0,27,upsert,L0025,B_no_decision_flip,0.0
b03v2,base,agg_static@rho1.0,rep3_base_agg_static@rho1.0_b03v2,3,agg_static,1.0,28,upsert,L0036,A_no_future_use,
b03v2,base,agg_static@rho1.0,rep3_base_agg_static@rho1.0_b03v2,3,agg_static,1.0,29,upsert,L0000,B_no_decision_flip,0.0
b03v2,base,agg_static@rho1.0,rep3_base_agg_static@rho1.0_b03v2,3,agg_static,1.0,30,upsert,L0020,A_no_future_use,
b03v2,base,agg_static@rho1.0,rep3_base_agg_static@rho1.0_b03v2,3,agg_static,1.0,31,upsert,L0019,A_no_future_use,
b03v2,base,agg_static@rho1.0,rep3_base_agg_static@rho1.0_b03v2,3,agg_static,1.0,32,upsert,L0045,A_no_future_use,
b03v2,base,agg_static@rho1.0,rep3_base_agg_static@rho1.0_b03v2,3,agg_static,1.0,33,upsert,L0042,A_no_future_use,
b03v2,base,agg_static@rho1.0,rep3_base_agg_static@rho1.0_b03v2,3,agg_static,1.0,34,upsert,L0000,E_negative_value_flip,-8.24
b03v2,base,agg_static@rho1.0,rep3_base_agg_static@rho1.0_b03v2,3,agg_static,1.0,35,upsert,L0032,A_no_future_use,
b03v2,base,agg_static@rho1.0,rep3_base_agg_static@rho1.0_b03v2,3,agg_static,1.0,36,upsert,L0001,D_meaningful_value_flip,10.24
b03v2,base,agg_static@rho1.0,rep3_base_agg_static@rho1.0_b03v2,3,agg_static,1.0,37,upsert,L0059,A_no_future_use,
b03v2,base,agg_static@rho1.0,rep3_base_agg_static@rho1.0_b03v2,3,agg_static,1.0,38,upsert,L0050,A_no_future_use,
b03v2,base,agg_static@rho1.0,rep3_base_agg_static@rho1.0_b03v2,3,agg_static,1.0,39,upsert,L0009,A_no_future_use,
b03v2,base,agg_static@rho1.0,rep3_base_agg_static@rho1.0_b03v2,3,agg_static,1.0,40,upsert,L0018,A_no_future_use,
b03v2,base,agg_static@rho1.0,rep3_base_agg_static@rho1.0_b03v2,3,agg_static,1.0,41,upsert,L0004,A_no_future_use,
b03v2,base,agg_static@rho1.0,rep3_base_agg_static@rho1.0_b03v2,3,agg_static,1.0,42,upsert,L0053,A_no_future_use,
b03v2,base,agg_static@rho1.0,rep3_base_agg_static@rho1.0_b03v2,3,agg_static,1.0,43,upsert,L0055,A_no_future_use,
b03v2,base,agg_static@rho1.0,rep3_base_agg_static@rho1.0_b03v2,3,agg_static,1.0,44,upsert,L0043,A_no_future_use,
b03v2,base,agg_static@rho1.0,rep3_base_agg_static@rho1.0_b03v2,3,agg_static,1.0,45,upsert,L0018,A_no_future_use,
b03v2,base,agg_static@rho1.0,rep3_base_agg_static@rho1.0_b03v2,3,agg_static,1.0,46,upsert,L0034,A_no_future_use,
b03v2,base,agg_static@rho1.0,rep3_base_agg_static@rho1.0_b03v2,3,agg_static,1.0,47,upsert,L0016,A_no_future_use,
b03v2,base,agg_static@rho1.0,rep3_base_agg_static@rho1.0_b03v2,3,agg_static,1.0,48,upsert,L0005,A_no_future_use,
b03v2,base,agg_static@rho1.0,rep3_base_agg_static@rho1.0_b03v2,3,agg_static,1.0,49,upsert,L0002,A_no_future_use,
b03v2,base,agg_static@rho1.0,rep3_base_agg_static@rho1.0_b03v2,3,agg_static,1.0,50,upsert,L0037,A_no_future_use,
b03v2,base,agg_static@rho1.0,rep3_base_agg_static@rho1.0_b03v2,3,agg_static,1.0,51,upsert,L0029,A_no_future_use,
b03v2,base,agg_static@rho1.0,rep3_base_agg_static@rho1.0_b03v2,3,agg_static,1.0,52,upsert,L0021,A_no_future_use,
b03v2,base,agg_static@rho1.0,rep3_base_agg_static@rho1.0_b03v2,3,agg_static,1.0,53,upsert,L0003,A_no_future_use,
b03v2,base,agg_static@rho1.0,rep3_base_agg_static@rho1.0_b03v2,3,agg_static,1.0,54,upsert,L0060,A_no_future_use,
b03v2,base,agg_static@rho1.0,rep3_base_agg_static@rho1.0_b03v2,3,agg_static,1.0,55,upsert,L0038,A_no_future_use,
b03v2,base,agg_static@rho1.0,rep3_base_agg_static@rho1.0_b03v2,3,agg_static,1.0,56,upsert,L0019,A_no_future_use,
b03v2,base,agg_static@rho1.0,rep3_base_agg_static@rho1.0_b03v2,3,agg_static,1.0,57,upsert,L0021,A_no_future_use,
b03v2,base,agg_static@rho1.0,rep3_base_agg_static@rho1.0_b03v2,3,agg_static,1.0,58,upsert,L0058,A_no_future_use,
b03v2,base,agg_static@rho1.0,rep3_base_agg_static@rho1.0_b03v2,3,agg_static,1.0,59,upsert,L0006,A_no_future_use,
b03v2,base,agg_static@rho1.0,rep3_base_agg_static@rho1.0_b03v2,3,agg_static,1.0,60,upsert,L0020,A_no_future_use,
b03v2,base,agg_static@rho1.0,rep3_base_agg_static@rho1.0_b03v2,3,agg_static,1.0,61,upsert,L0025,A_no_future_use,
b03v2,base,agg_static@rho1.0,rep3_base_agg_static@rho1.0_b03v2,3,agg_static,1.0,62,upsert,L0013,A_no_future_use,
b03v2,base,agg_static@rho1.0,rep3_base_agg_static@rho1.0_b03v2,3,agg_static,1.0,63,upsert,L0024,A_no_future_use,
b03v2,base,agg_static@rho1.0,rep3_base_agg_static@rho1.0_b03v2,3,agg_static,1.0,64,upsert,L0001,A_no_future_use,
b03v2,base,agg_static@rho1.0,rep3_base_agg_static@rho1.0_b03v2,3,agg_static,1.0,65,upsert,L0012,A_no_future_use,
b03v2,base,agg_static@rho1.0,rep3_base_agg_static@rho1.0_b03v2,3,agg_static,1.0,66,upsert,L0024,A_no_future_use,
b03v2,base,agg_static@rho1.0,rep3_base_agg_static@rho1.0_b03v2,3,agg_static,1.0,67,upsert,L0046,A_no_future_use,
b03v2,base,agg_static@rho1.0,rep3_base_agg_static@rho1.0_b03v2,3,agg_static,1.0,68,upsert,L0030,A_no_future_use,
b03v2,base,agg_static@rho1.0,rep3_base_agg_static@rho1.0_b03v2,3,agg_static,1.0,69,upsert,L0013,A_no_future_use,
b03v2,base,agg_static@rho1.0,rep3_base_agg_static@rho1.0_b03v2,3,agg_static,1.0,71,upsert,L0008,A_no_future_use,
b03v2,base,agg_static@rho1.0,rep3_base_agg_static@rho1.0_b03v2,3,agg_static,1.0,72,upsert,L0037,A_no_future_use,
b03v2,base,agg_static@rho1.0,rep3_base_agg_static@rho1.0_b03v2,3,agg_static,1.0,73,upsert,L0015,A_no_future_use,
b03v2,base,agg_static@rho1.0,rep3_base_agg_static@rho1.0_b03v2,3,agg_static,1.0,74,upsert,L0000,A_no_future_use,
b03v2,base,agg_static@rho1.0,rep3_base_agg_static@rho1.0_b03v2,3,agg_static,1.0,75,upsert,L0001,A_no_future_use,
b03v2,base,agg_static@rho1.0,rep3_base_agg_static@rho1.0_b03v2,3,agg_static,1.0,76,upsert,L0063,A_no_future_use,
b03v2,base,agg_static@rho1.0,rep3_base_agg_static@rho1.0_b03v2,3,agg_static,1.0,77,upsert,L0011,A_no_future_use,
b03v2,base,agg_static@rho1.0,rep3_base_agg_static@rho1.0_b03v2,3,agg_static,1.0,78,upsert,L0062,A_no_future_use,
b03v2,base,agg_static@rho1.0,rep3_base_agg_static@rho1.0_b03v2,3,agg_static,1.0,79,upsert,L0007,A_no_future_use,
b03v2,base,agg_static@rho1.0,rep3_base_agg_static@rho1.0_b03v2,3,agg_static,1.0,80,upsert,L0061,A_no_future_use,
b03v2,base,agg_static@rho1.0,rep3_base_agg_static@rho1.0_b03v2,3,agg_static,1.0,81,upsert,L0001,A_no_future_use,
b03v2,base,agg_static@rho1.0,rep3_base_agg_static@rho1.0_b03v2,3,agg_static,1.0,82,upsert,L0010,A_no_future_use,
b03v2,base,agg_static@rho1.0,rep3_base_agg_static@rho1.0_b03v2,3,agg_static,1.0,83,upsert,L0029,A_no_future_use,
b03v2,base,agg_static@rho1.0,rep3_base_agg_static@rho1.0_b03v2,3,agg_static,1.0,84,upsert,L0031,A_no_future_use,
b03v2,base,agg_static@rho1.0,rep3_base_agg_static@rho1.0_b03v2,3,agg_static,1.0,85,upsert,L0001,A_no_future_use,
b03v2,base,agg_static@rho1.0,rep3_base_agg_static@rho1.0_b03v2,3,agg_static,1.0,86,upsert,L0038,A_no_future_use,
b03v2,base,agg_static@rho1.0,rep3_base_agg_static@rho1.0_b03v2,3,agg_static,1.0,87,upsert,L0007,A_no_future_use,
b03v2,base,agg_static@rho1.0,rep3_base_agg_static@rho1.0_b03v2,3,agg_static,1.0,88,upsert,L0015,A_no_future_use,
b03v2,base,agg_static@rho1.0,rep3_base_agg_static@rho1.0_b03v2,3,agg_static,1.0,89,upsert,L0001,A_no_future_use,
b03v2,base,agg_static@rho1.0,rep3_base_agg_static@rho1.0_b03v2,3,agg_static,1.0,90,upsert,L0015,A_no_future_use,
b03v2,base,agg_static@rho1.0,rep3_base_agg_static@rho1.0_b03v2,3,agg_static,1.0,91,upsert,L0010,A_no_future_use,
b03v2,base,agg_static@rho1.0,rep3_base_agg_static@rho1.0_b03v2,3,agg_static,1.0,92,upsert,L0062,A_no_future_use,
b03v2,base,agg_static@rho1.0,rep3_base_agg_static@rho1.0_b03v2,3,agg_static,1.0,93,upsert,L0038,A_no_future_use,
b03v2,base,agg_static@rho1.0,rep3_base_agg_static@rho1.0_b03v2,3,agg_static,1.0,94,upsert,L0001,A_no_future_use,
b03v2,base,agg_static@rho1.0,rep3_base_agg_static@rho1.0_b03v2,3,agg_static,1.0,95,upsert,L0008,A_no_future_use,
b03v2,base,agg_static@rho1.0,rep3_base_agg_static@rho1.0_b03v2,3,agg_static,1.0,96,upsert,L0065,A_no_future_use,
b03v2,base,agg_static@rho1.0,rep3_base_agg_static@rho1.0_b03v2,3,agg_static,1.0,97,upsert,L0070,D_meaningful_value_flip,38.96
b03v2,base,agg_static@rho1.0,rep3_base_agg_static@rho1.0_b03v2,3,agg_static,1.0,98,upsert,L0102,A_no_future_use,
b03v2,base,agg_static@rho1.0,rep3_base_agg_static@rho1.0_b03v2,3,agg_static,1.0,99,upsert,L0068,B_no_decision_flip,0.0
b03v2,base,agg_static@rho1.0,rep3_base_agg_static@rho1.0_b03v2,3,agg_static,1.0,100,upsert,L0106,A_no_future_use,
b03v2,base,agg_static@rho1.0,rep3_base_agg_static@rho1.0_b03v2,3,agg_static,1.0,101,upsert,L0074,B_no_decision_flip,0.0
b03v2,base,agg_static@rho1.0,rep3_base_agg_static@rho1.0_b03v2,3,agg_static,1.0,102,upsert,L0091,A_no_future_use,
b03v2,base,agg_static@rho1.0,rep3_base_agg_static@rho1.0_b03v2,3,agg_static,1.0,103,upsert,L0095,D_meaningful_value_flip,38.96
b03v2,base,agg_static@rho1.0,rep3_base_agg_static@rho1.0_b03v2,3,agg_static,1.0,104,upsert,L0074,C_low_value_flip,2.0
b03v2,base,agg_static@rho1.0,rep3_base_agg_static@rho1.0_b03v2,3,agg_static,1.0,105,upsert,L0083,A_no_future_use,
b03v2,base,agg_static@rho1.0,rep3_base_agg_static@rho1.0_b03v2,3,agg_static,1.0,106,upsert,L0109,A_no_future_use,
b03v2,base,agg_static@rho1.0,rep3_base_agg_static@rho1.0_b03v2,3,agg_static,1.0,107,upsert,L0068,C_low_value_flip,4.0
b03v2,base,agg_static@rho1.0,rep3_base_agg_static@rho1.0_b03v2,3,agg_static,1.0,109,upsert,L0081,A_no_future_use,
b03v2,base,agg_static@rho1.0,rep3_base_agg_static@rho1.0_b03v2,3,agg_static,1.0,110,upsert,L0110,A_no_future_use,
b03v2,base,agg_static@rho1.0,rep3_base_agg_static@rho1.0_b03v2,3,agg_static,1.0,111,upsert,L0097,A_no_future_use,
b03v2,base,agg_static@rho1.0,rep3_base_agg_static@rho1.0_b03v2,3,agg_static,1.0,112,upsert,L0114,D_meaningful_value_flip,38.96
b03v2,base,agg_static@rho1.0,rep3_base_agg_static@rho1.0_b03v2,3,agg_static,1.0,113,upsert,L0065,A_no_future_use,
b03v2,base,agg_static@rho1.0,rep3_base_agg_static@rho1.0_b03v2,3,agg_static,1.0,114,upsert,L0099,A_no_future_use,
b03v2,base,agg_static@rho1.0,rep3_base_agg_static@rho1.0_b03v2,3,agg_static,1.0,115,upsert,L0111,A_no_future_use,
b03v2,base,agg_static@rho1.0,rep3_base_agg_static@rho1.0_b03v2,3,agg_static,1.0,116,upsert,L0064,A_no_future_use,
b03v2,base,agg_static@rho1.0,rep3_base_agg_static@rho1.0_b03v2,3,agg_static,1.0,118,upsert,L0083,A_no_future_use,
b03v2,base,agg_static@rho1.0,rep3_base_agg_static@rho1.0_b03v2,3,agg_static,1.0,119,upsert,L0072,A_no_future_use,
b03v2,base,agg_static@rho1.0,rep3_base_agg_static@rho1.0_b03v2,3,agg_static,1.0,120,upsert,L0125,A_no_future_use,
b03v2,base,agg_static@rho1.0,rep3_base_agg_static@rho1.0_b03v2,3,agg_static,1.0,121,upsert,L0071,A_no_future_use,
b03v2,base,agg_static@rho1.0,rep3_base_agg_static@rho1.0_b03v2,3,agg_static,1.0,122,upsert,L0069,A_no_future_use,
b03v2,base,agg_static@rho1.0,rep3_base_agg_static@rho1.0_b03v2,3,agg_static,1.0,123,upsert,L0100,A_no_future_use,
b03v2,base,agg_static@rho1.0,rep3_base_agg_static@rho1.0_b03v2,3,agg_static,1.0,124,upsert,L0090,A_no_future_use,
b03v2,base,agg_static@rho1.0,rep3_base_agg_static@rho1.0_b03v2,3,agg_static,1.0,125,upsert,L0064,A_no_future_use,
b03v2,base,agg_static@rho1.0,rep3_base_agg_static@rho1.0_b03v2,3,agg_static,1.0,126,upsert,L0071,A_no_future_use,
b03v2,base,agg_static@rho1.0,rep3_base_agg_static@rho1.0_b03v2,3,agg_static,1.0,127,upsert,L0066,A_no_future_use,
b03v2,base,agg_static@rho1.0,rep3_base_agg_static@rho1.0_b03v2,3,agg_static,1.0,128,upsert,L0065,A_no_future_use,
b03v2,base,agg_static@rho1.0,rep3_base_agg_static@rho1.0_b03v2,3,agg_static,1.0,129,upsert,L0090,A_no_future_use,
b03v2,base,agg_static@rho1.0,rep3_base_agg_static@rho1.0_b03v2,3,agg_static,1.0,130,upsert,L0095,A_no_future_use,
b03v2,base,agg_static@rho1.0,rep3_base_agg_static@rho1.0_b03v2,3,agg_static,1.0,131,upsert,L0093,A_no_future_use,
b03v2,base,agg_static@rho1.0,rep3_base_agg_static@rho1.0_b03v2,3,agg_static,1.0,132,upsert,L0081,A_no_future_use,
b03v2,base,agg_static@rho1.0,rep3_base_agg_static@rho1.0_b03v2,3,agg_static,1.0,133,upsert,L0072,A_no_future_use,
b03v2,base,agg_static@rho1.0,rep3_base_agg_static@rho1.0_b03v2,3,agg_static,1.0,134,upsert,L0092,A_no_future_use,
b03v2,base,agg_static@rho1.0,rep3_base_agg_static@rho1.0_b03v2,3,agg_static,1.0,135,upsert,L0083,A_no_future_use,
b03v2,base,agg_static@rho1.0,rep3_base_agg_static@rho1.0_b03v2,3,agg_static,1.0,136,upsert,L0111,A_no_future_use,
b03v2,base,agg_full@rho0.8,rep3_base_agg_full@rho0.8_b03v2,3,agg_full,0.8,5,upsert,L0005,D_meaningful_value_flip,40.96
b03v2,base,agg_full@rho0.8,rep3_base_agg_full@rho0.8_b03v2,3,agg_full,0.8,14,upsert,L0006,B_no_decision_flip,0.0
b03v2,base,agg_full@rho0.8,rep3_base_agg_full@rho0.8_b03v2,3,agg_full,0.8,16,upsert,L0002,D_meaningful_value_flip,51.2
b03v2,base,agg_full@rho0.8,rep3_base_agg_full@rho0.8_b03v2,3,agg_full,0.8,23,upsert,L0054,A_no_future_use,
b03v2,base,agg_full@rho0.8,rep3_base_agg_full@rho0.8_b03v2,3,agg_full,0.8,24,upsert,L0000,B_no_decision_flip,0.0
b03v2,base,agg_full@rho0.8,rep3_base_agg_full@rho0.8_b03v2,3,agg_full,0.8,25,upsert,L0017,A_no_future_use,
b03v2,base,agg_full@rho0.8,rep3_base_agg_full@rho0.8_b03v2,3,agg_full,0.8,26,upsert,L0016,A_no_future_use,
b03v2,base,agg_full@rho0.8,rep3_base_agg_full@rho0.8_b03v2,3,agg_full,0.8,27,upsert,L0025,B_no_decision_flip,0.0
b03v2,base,agg_full@rho0.8,rep3_base_agg_full@rho0.8_b03v2,3,agg_full,0.8,28,upsert,L0036,A_no_future_use,
b03v2,base,agg_full@rho0.8,rep3_base_agg_full@rho0.8_b03v2,3,agg_full,0.8,29,upsert,L0000,D_meaningful_value_flip,10.24
b03v2,base,agg_full@rho0.8,rep3_base_agg_full@rho0.8_b03v2,3,agg_full,0.8,30,upsert,L0020,D_meaningful_value_flip,40.96
b03v2,base,agg_full@rho0.8,rep3_base_agg_full@rho0.8_b03v2,3,agg_full,0.8,31,upsert,L0019,A_no_future_use,
b03v2,base,agg_full@rho0.8,rep3_base_agg_full@rho0.8_b03v2,3,agg_full,0.8,32,upsert,L0045,A_no_future_use,
b03v2,base,agg_full@rho0.8,rep3_base_agg_full@rho0.8_b03v2,3,agg_full,0.8,33,upsert,L0042,A_no_future_use,
b03v2,base,agg_full@rho0.8,rep3_base_agg_full@rho0.8_b03v2,3,agg_full,0.8,35,upsert,L0032,A_no_future_use,
b03v2,base,agg_full@rho0.8,rep3_base_agg_full@rho0.8_b03v2,3,agg_full,0.8,36,upsert,L0001,B_no_decision_flip,0.0
b03v2,base,agg_full@rho0.8,rep3_base_agg_full@rho0.8_b03v2,3,agg_full,0.8,37,upsert,L0059,A_no_future_use,
b03v2,base,agg_full@rho0.8,rep3_base_agg_full@rho0.8_b03v2,3,agg_full,0.8,38,upsert,L0050,A_no_future_use,
b03v2,base,agg_full@rho0.8,rep3_base_agg_full@rho0.8_b03v2,3,agg_full,0.8,39,upsert,L0009,A_no_future_use,
b03v2,base,agg_full@rho0.8,rep3_base_agg_full@rho0.8_b03v2,3,agg_full,0.8,40,upsert,L0018,A_no_future_use,
b03v2,base,agg_full@rho0.8,rep3_base_agg_full@rho0.8_b03v2,3,agg_full,0.8,41,upsert,L0004,A_no_future_use,
b03v2,base,agg_full@rho0.8,rep3_base_agg_full@rho0.8_b03v2,3,agg_full,0.8,42,upsert,L0053,A_no_future_use,
b03v2,base,agg_full@rho0.8,rep3_base_agg_full@rho0.8_b03v2,3,agg_full,0.8,43,upsert,L0055,A_no_future_use,
b03v2,base,agg_full@rho0.8,rep3_base_agg_full@rho0.8_b03v2,3,agg_full,0.8,44,upsert,L0043,A_no_future_use,
b03v2,base,agg_full@rho0.8,rep3_base_agg_full@rho0.8_b03v2,3,agg_full,0.8,45,upsert,L0018,A_no_future_use,
b03v2,base,agg_full@rho0.8,rep3_base_agg_full@rho0.8_b03v2,3,agg_full,0.8,46,upsert,L0034,A_no_future_use,
b03v2,base,agg_full@rho0.8,rep3_base_agg_full@rho0.8_b03v2,3,agg_full,0.8,47,upsert,L0016,A_no_future_use,
b03v2,base,agg_full@rho0.8,rep3_base_agg_full@rho0.8_b03v2,3,agg_full,0.8,48,upsert,L0005,A_no_future_use,
b03v2,base,agg_full@rho0.8,rep3_base_agg_full@rho0.8_b03v2,3,agg_full,0.8,49,upsert,L0002,A_no_future_use,
b03v2,base,agg_full@rho0.8,rep3_base_agg_full@rho0.8_b03v2,3,agg_full,0.8,50,upsert,L0037,B_no_decision_flip,0.0
b03v2,base,agg_full@rho0.8,rep3_base_agg_full@rho0.8_b03v2,3,agg_full,0.8,51,upsert,L0029,A_no_future_use,
b03v2,base,agg_full@rho0.8,rep3_base_agg_full@rho0.8_b03v2,3,agg_full,0.8,52,upsert,L0021,A_no_future_use,
b03v2,base,agg_full@rho0.8,rep3_base_agg_full@rho0.8_b03v2,3,agg_full,0.8,53,upsert,L0003,A_no_future_use,
b03v2,base,agg_full@rho0.8,rep3_base_agg_full@rho0.8_b03v2,3,agg_full,0.8,54,upsert,L0060,A_no_future_use,
b03v2,base,agg_full@rho0.8,rep3_base_agg_full@rho0.8_b03v2,3,agg_full,0.8,55,upsert,L0038,D_meaningful_value_flip,51.2
b03v2,base,agg_full@rho0.8,rep3_base_agg_full@rho0.8_b03v2,3,agg_full,0.8,56,upsert,L0019,A_no_future_use,
b03v2,base,agg_full@rho0.8,rep3_base_agg_full@rho0.8_b03v2,3,agg_full,0.8,57,upsert,L0021,A_no_future_use,
b03v2,base,agg_full@rho0.8,rep3_base_agg_full@rho0.8_b03v2,3,agg_full,0.8,59,upsert,L0006,A_no_future_use,
b03v2,base,agg_full@rho0.8,rep3_base_agg_full@rho0.8_b03v2,3,agg_full,0.8,60,upsert,L0020,A_no_future_use,
b03v2,base,agg_full@rho0.8,rep3_base_agg_full@rho0.8_b03v2,3,agg_full,0.8,61,upsert,L0025,A_no_future_use,
b03v2,base,agg_full@rho0.8,rep3_base_agg_full@rho0.8_b03v2,3,agg_full,0.8,62,upsert,L0013,A_no_future_use,
b03v2,base,agg_full@rho0.8,rep3_base_agg_full@rho0.8_b03v2,3,agg_full,0.8,63,upsert,L0024,A_no_future_use,
b03v2,base,agg_full@rho0.8,rep3_base_agg_full@rho0.8_b03v2,3,agg_full,0.8,64,upsert,L0001,D_meaningful_value_flip,12.24
b03v2,base,agg_full@rho0.8,rep3_base_agg_full@rho0.8_b03v2,3,agg_full,0.8,65,upsert,L0012,A_no_future_use,
b03v2,base,agg_full@rho0.8,rep3_base_agg_full@rho0.8_b03v2,3,agg_full,0.8,66,upsert,L0024,A_no_future_use,
b03v2,base,agg_full@rho0.8,rep3_base_agg_full@rho0.8_b03v2,3,agg_full,0.8,67,upsert,L0046,A_no_future_use,
b03v2,base,agg_full@rho0.8,rep3_base_agg_full@rho0.8_b03v2,3,agg_full,0.8,68,upsert,L0030,A_no_future_use,
b03v2,base,agg_full@rho0.8,rep3_base_agg_full@rho0.8_b03v2,3,agg_full,0.8,69,upsert,L0013,A_no_future_use,
b03v2,base,agg_full@rho0.8,rep3_base_agg_full@rho0.8_b03v2,3,agg_full,0.8,70,upsert,L0013,A_no_future_use,
b03v2,base,agg_full@rho0.8,rep3_base_agg_full@rho0.8_b03v2,3,agg_full,0.8,71,upsert,L0008,A_no_future_use,
b03v2,base,agg_full@rho0.8,rep3_base_agg_full@rho0.8_b03v2,3,agg_full,0.8,72,upsert,L0037,A_no_future_use,
b03v2,base,agg_full@rho0.8,rep3_base_agg_full@rho0.8_b03v2,3,agg_full,0.8,73,upsert,L0015,A_no_future_use,
b03v2,base,agg_full@rho0.8,rep3_base_agg_full@rho0.8_b03v2,3,agg_full,0.8,74,upsert,L0000,A_no_future_use,
b03v2,base,agg_full@rho0.8,rep3_base_agg_full@rho0.8_b03v2,3,agg_full,0.8,75,upsert,L0001,A_no_future_use,
b03v2,base,agg_full@rho0.8,rep3_base_agg_full@rho0.8_b03v2,3,agg_full,0.8,76,upsert,L0063,A_no_future_use,
b03v2,base,agg_full@rho0.8,rep3_base_agg_full@rho0.8_b03v2,3,agg_full,0.8,77,upsert,L0011,A_no_future_use,
b03v2,base,agg_full@rho0.8,rep3_base_agg_full@rho0.8_b03v2,3,agg_full,0.8,78,upsert,L0062,A_no_future_use,
b03v2,base,agg_full@rho0.8,rep3_base_agg_full@rho0.8_b03v2,3,agg_full,0.8,79,upsert,L0007,A_no_future_use,
b03v2,base,agg_full@rho0.8,rep3_base_agg_full@rho0.8_b03v2,3,agg_full,0.8,80,upsert,L0061,A_no_future_use,
b03v2,base,agg_full@rho0.8,rep3_base_agg_full@rho0.8_b03v2,3,agg_full,0.8,81,upsert,L0001,A_no_future_use,
b03v2,base,agg_full@rho0.8,rep3_base_agg_full@rho0.8_b03v2,3,agg_full,0.8,82,upsert,L0010,A_no_future_use,
b03v2,base,agg_full@rho0.8,rep3_base_agg_full@rho0.8_b03v2,3,agg_full,0.8,83,upsert,L0029,A_no_future_use,
b03v2,base,agg_full@rho0.8,rep3_base_agg_full@rho0.8_b03v2,3,agg_full,0.8,84,upsert,L0031,A_no_future_use,
b03v2,base,agg_full@rho0.8,rep3_base_agg_full@rho0.8_b03v2,3,agg_full,0.8,85,upsert,L0001,A_no_future_use,
b03v2,base,agg_full@rho0.8,rep3_base_agg_full@rho0.8_b03v2,3,agg_full,0.8,86,upsert,L0038,A_no_future_use,
b03v2,base,agg_full@rho0.8,rep3_base_agg_full@rho0.8_b03v2,3,agg_full,0.8,87,upsert,L0007,A_no_future_use,
b03v2,base,agg_full@rho0.8,rep3_base_agg_full@rho0.8_b03v2,3,agg_full,0.8,88,upsert,L0015,A_no_future_use,
b03v2,base,agg_full@rho0.8,rep3_base_agg_full@rho0.8_b03v2,3,agg_full,0.8,89,upsert,L0001,A_no_future_use,
b03v2,base,agg_full@rho0.8,rep3_base_agg_full@rho0.8_b03v2,3,agg_full,0.8,91,upsert,L0010,A_no_future_use,
b03v2,base,agg_full@rho0.8,rep3_base_agg_full@rho0.8_b03v2,3,agg_full,0.8,92,upsert,L0062,A_no_future_use,
b03v2,base,agg_full@rho0.8,rep3_base_agg_full@rho0.8_b03v2,3,agg_full,0.8,93,upsert,L0038,A_no_future_use,
b03v2,base,agg_full@rho0.8,rep3_base_agg_full@rho0.8_b03v2,3,agg_full,0.8,94,upsert,L0001,A_no_future_use,
b03v2,base,agg_full@rho0.8,rep3_base_agg_full@rho0.8_b03v2,3,agg_full,0.8,95,upsert,L0008,A_no_future_use,
b03v2,base,agg_full@rho0.8,rep3_base_agg_full@rho0.8_b03v2,3,agg_full,0.8,96,upsert,L0065,B_no_decision_flip,0.0
b03v2,base,agg_full@rho0.8,rep3_base_agg_full@rho0.8_b03v2,3,agg_full,0.8,97,upsert,L0070,B_no_decision_flip,0.0
b03v2,base,agg_full@rho0.8,rep3_base_agg_full@rho0.8_b03v2,3,agg_full,0.8,98,upsert,L0102,A_no_future_use,
b03v2,base,agg_full@rho0.8,rep3_base_agg_full@rho0.8_b03v2,3,agg_full,0.8,99,upsert,L0068,B_no_decision_flip,0.0
b03v2,base,agg_full@rho0.8,rep3_base_agg_full@rho0.8_b03v2,3,agg_full,0.8,100,upsert,L0106,D_meaningful_value_flip,40.96
b03v2,base,agg_full@rho0.8,rep3_base_agg_full@rho0.8_b03v2,3,agg_full,0.8,101,upsert,L0074,B_no_decision_flip,0.0
b03v2,base,agg_full@rho0.8,rep3_base_agg_full@rho0.8_b03v2,3,agg_full,0.8,102,upsert,L0091,D_meaningful_value_flip,40.96
b03v2,base,agg_full@rho0.8,rep3_base_agg_full@rho0.8_b03v2,3,agg_full,0.8,103,upsert,L0095,B_no_decision_flip,0.0
b03v2,base,agg_full@rho0.8,rep3_base_agg_full@rho0.8_b03v2,3,agg_full,0.8,104,upsert,L0074,D_meaningful_value_flip,10.24
b03v2,base,agg_full@rho0.8,rep3_base_agg_full@rho0.8_b03v2,3,agg_full,0.8,105,upsert,L0083,D_meaningful_value_flip,38.96
b03v2,base,agg_full@rho0.8,rep3_base_agg_full@rho0.8_b03v2,3,agg_full,0.8,106,upsert,L0109,A_no_future_use,
b03v2,base,agg_full@rho0.8,rep3_base_agg_full@rho0.8_b03v2,3,agg_full,0.8,107,upsert,L0068,C_low_value_flip,0.0
b03v2,base,agg_full@rho0.8,rep3_base_agg_full@rho0.8_b03v2,3,agg_full,0.8,113,upsert,L0065,D_meaningful_value_flip,10.24
b03v2,base,agg_full@rho0.8,rep3_base_agg_full@rho0.8_b03v2,3,agg_full,0.8,116,upsert,L0064,D_meaningful_value_flip,38.96
b03v2,base,agg_full@rho0.8,rep3_base_agg_full@rho0.8_b03v2,3,agg_full,0.8,118,upsert,L0083,D_meaningful_value_flip,10.24
b03v2,base,agg_full@rho0.8,rep3_base_agg_full@rho0.8_b03v2,3,agg_full,0.8,119,upsert,L0072,A_no_future_use,
b03v2,base,agg_full@rho0.8,rep3_base_agg_full@rho0.8_b03v2,3,agg_full,0.8,120,upsert,L0125,B_no_decision_flip,0.0
b03v2,base,agg_full@rho0.8,rep3_base_agg_full@rho0.8_b03v2,3,agg_full,0.8,121,upsert,L0071,B_no_decision_flip,0.0
b03v2,base,agg_full@rho0.8,rep3_base_agg_full@rho0.8_b03v2,3,agg_full,0.8,122,upsert,L0069,B_no_decision_flip,0.0
b03v2,base,agg_full@rho0.8,rep3_base_agg_full@rho0.8_b03v2,3,agg_full,0.8,123,upsert,L0100,A_no_future_use,
b03v2,base,agg_full@rho0.8,rep3_base_agg_full@rho0.8_b03v2,3,agg_full,0.8,124,upsert,L0090,A_no_future_use,
b03v2,base,agg_full@rho0.8,rep3_base_agg_full@rho0.8_b03v2,3,agg_full,0.8,125,upsert,L0064,D_meaningful_value_flip,12.24
b03v2,base,agg_full@rho0.8,rep3_base_agg_full@rho0.8_b03v2,3,agg_full,0.8,126,upsert,L0071,B_no_decision_flip,10.24
b03v2,base,agg_full@rho0.8,rep3_base_agg_full@rho0.8_b03v2,3,agg_full,0.8,127,upsert,L0066,B_no_decision_flip,0.0
b03v2,base,agg_full@rho0.8,rep3_base_agg_full@rho0.8_b03v2,3,agg_full,0.8,128,upsert,L0065,B_no_decision_flip,0.0
b03v2,base,agg_full@rho0.8,rep3_base_agg_full@rho0.8_b03v2,3,agg_full,0.8,129,upsert,L0090,A_no_future_use,
b03v2,base,agg_full@rho0.8,rep3_base_agg_full@rho0.8_b03v2,3,agg_full,0.8,130,upsert,L0095,B_no_decision_flip,10.24
b03v2,base,agg_full@rho0.8,rep3_base_agg_full@rho0.8_b03v2,3,agg_full,0.8,131,upsert,L0093,A_no_future_use,
b03v2,base,agg_full@rho0.8,rep3_base_agg_full@rho0.8_b03v2,3,agg_full,0.8,132,upsert,L0081,D_meaningful_value_flip,49.2
b03v2,base,agg_full@rho0.8,rep3_base_agg_full@rho0.8_b03v2,3,agg_full,0.8,133,upsert,L0072,A_no_future_use,
b03v2,base,agg_full@rho0.8,rep3_base_agg_full@rho0.8_b03v2,3,agg_full,0.8,135,upsert,L0083,B_no_decision_flip,20.48
b03v2,base,agg_full@rho0.8,rep3_base_agg_full@rho0.8_b03v2,3,agg_full,0.8,136,upsert,L0111,A_no_future_use,
b03v2,base,agg_full@rho0.8,rep3_base_agg_full@rho0.8_b03v2,3,agg_full,0.8,137,upsert,L0092,D_meaningful_value_flip,49.2
b03v2,base,agg_full@rho0.8,rep3_base_agg_full@rho0.8_b03v2,3,agg_full,0.8,138,upsert,L0079,D_meaningful_value_flip,40.96
b03v2,base,agg_full@rho0.8,rep3_base_agg_full@rho0.8_b03v2,3,agg_full,0.8,139,upsert,L0070,B_no_decision_flip,10.24
b03v2,base,agg_full@rho0.8,rep3_base_agg_full@rho0.8_b03v2,3,agg_full,0.8,140,upsert,L0097,A_no_future_use,
b03v2,base,agg_full@rho0.8,rep3_base_agg_full@rho0.8_b03v2,3,agg_full,0.8,141,upsert,L0064,D_meaningful_value_flip,18.48
b03v2,base,agg_full@rho0.8,rep3_base_agg_full@rho0.8_b03v2,3,agg_full,0.8,142,upsert,L0066,B_no_decision_flip,10.24
b03v2,base,agg_full@rho0.8,rep3_base_agg_full@rho0.8_b03v2,3,agg_full,0.8,143,upsert,L0067,B_no_decision_flip,0.0
b03v2,base,agg_full@rho0.8,rep3_base_agg_full@rho0.8_b03v2,3,agg_full,0.8,144,upsert,L0083,B_no_decision_flip,0.0
b03v2,base,agg_full@rho0.8,rep3_base_agg_full@rho0.8_b03v2,3,agg_full,0.8,145,upsert,L0068,E_negative_value_flip,-8.24
b03v2,base,agg_full@rho0.8,rep3_base_agg_full@rho0.8_b03v2,3,agg_full,0.8,146,upsert,L0106,A_no_future_use,
b03v2,base,agg_full@rho0.8,rep3_base_agg_full@rho0.8_b03v2,3,agg_full,0.8,147,upsert,L0087,D_meaningful_value_flip,38.96
b03v2,base,agg_full@rho0.8,rep3_base_agg_full@rho0.8_b03v2,3,agg_full,0.8,148,upsert,L0111,A_no_future_use,
b03v2,base,agg_full@rho0.8,rep3_base_agg_full@rho0.8_b03v2,3,agg_full,0.8,149,upsert,L0064,B_no_decision_flip,0.0
b03v2,base,agg_full@rho0.8,rep3_base_agg_full@rho0.8_b03v2,3,agg_full,0.8,150,upsert,L0071,B_no_decision_flip,10.24
b03v2,base,agg_full@rho0.8,rep3_base_agg_full@rho0.8_b03v2,3,agg_full,0.8,151,upsert,L0067,D_meaningful_value_flip,8.24
b03v2,base,agg_full@rho0.8,rep3_base_agg_full@rho0.8_b03v2,3,agg_full,0.8,152,upsert,L0078,A_no_future_use,
b03v2,base,agg_full@rho0.8,rep3_base_agg_full@rho0.8_b03v2,3,agg_full,0.8,153,upsert,L0096,A_no_future_use,
b03v2,base,agg_full@rho0.8,rep3_base_agg_full@rho0.8_b03v2,3,agg_full,0.8,154,upsert,L0076,B_no_decision_flip,0.0
b03v2,base,agg_full@rho0.8,rep3_base_agg_full@rho0.8_b03v2,3,agg_full,0.8,155,upsert,L0076,C_low_value_flip,0.0
b03v2,base,agg_full@rho0.8,rep3_base_agg_full@rho0.8_b03v2,3,agg_full,0.8,156,upsert,L0065,A_no_future_use,
b03v2,base,agg_full@rho0.8,rep3_base_agg_full@rho0.8_b03v2,3,agg_full,0.8,157,upsert,L0068,D_meaningful_value_flip,6.24
b03v2,base,agg_full@rho0.8,rep3_base_agg_full@rho0.8_b03v2,3,agg_full,0.8,158,upsert,L0075,D_meaningful_value_flip,38.96
b03v2,base,agg_full@rho0.8,rep3_base_agg_full@rho0.8_b03v2,3,agg_full,0.8,159,upsert,L0081,A_no_future_use,
b03v2,base,agg_full@rho0.8,rep3_base_agg_full@rho0.8_b03v2,3,agg_full,0.8,160,upsert,L0074,B_no_decision_flip,10.24
b03v2,base,agg_full@rho0.8,rep3_base_agg_full@rho0.8_b03v2,3,agg_full,0.8,161,upsert,L0066,B_no_decision_flip,10.24
b03v2,base,agg_full@rho0.8,rep3_base_agg_full@rho0.8_b03v2,3,agg_full,0.8,162,upsert,L0116,A_no_future_use,
b03v2,base,agg_full@rho0.8,rep3_base_agg_full@rho0.8_b03v2,3,agg_full,0.8,163,upsert,L0092,A_no_future_use,
b03v2,base,agg_full@rho0.8,rep3_base_agg_full@rho0.8_b03v2,3,agg_full,0.8,164,upsert,L0083,A_no_future_use,
b03v2,base,agg_full@rho0.8,rep3_base_agg_full@rho0.8_b03v2,3,agg_full,0.8,165,upsert,L0099,A_no_future_use,
b03v2,base,agg_full@rho0.8,rep3_base_agg_full@rho0.8_b03v2,3,agg_full,0.8,166,upsert,L0067,A_no_future_use,
b03v2,base,agg_full@rho0.8,rep3_base_agg_full@rho0.8_b03v2,3,agg_full,0.8,167,upsert,L0091,A_no_future_use,
b03v2,base,agg_full@rho0.8,rep3_base_agg_full@rho0.8_b03v2,3,agg_full,0.8,168,upsert,L0069,A_no_future_use,
b03v2,base,agg_full@rho0.8,rep3_base_agg_full@rho0.8_b03v2,3,agg_full,0.8,169,upsert,L0075,A_no_future_use,
b03v2,base,agg_full@rho0.8,rep3_base_agg_full@rho0.8_b03v2,3,agg_full,0.8,170,upsert,L0087,A_no_future_use,
b03v2,base,agg_full@rho0.8,rep3_base_agg_full@rho0.8_b03v2,3,agg_full,0.8,171,upsert,L0069,A_no_future_use,
b03v2,base,agg_full@rho0.8,rep3_base_agg_full@rho0.8_b03v2,3,agg_full,0.8,172,upsert,L0105,A_no_future_use,
b03v2,base,agg_full@rho0.8,rep3_base_agg_full@rho0.8_b03v2,3,agg_full,0.8,173,upsert,L0066,A_no_future_use,
b03v2,base,agg_full@rho0.8,rep3_base_agg_full@rho0.8_b03v2,3,agg_full,0.8,174,upsert,L0071,A_no_future_use,
b03v2,base,agg_full@rho0.8,rep3_base_agg_full@rho0.8_b03v2,3,agg_full,0.8,175,upsert,L0070,A_no_future_use,
b03v2,base,agg_full@rho0.8,rep3_base_agg_full@rho0.8_b03v2,3,agg_full,0.8,176,upsert,L0076,A_no_future_use,
b03v2,base,agg_full@rho0.8,rep3_base_agg_full@rho0.8_b03v2,3,agg_full,0.8,177,upsert,L0066,A_no_future_use,
b03v2,base,agg_full@rho0.8,rep3_base_agg_full@rho0.8_b03v2,3,agg_full,0.8,178,upsert,L0089,A_no_future_use,
b03v2,base,agg_full@rho0.8,rep3_base_agg_full@rho0.8_b03v2,3,agg_full,0.8,179,upsert,L0075,A_no_future_use,
b03v2,base,agg_full@rho0.8,rep3_base_agg_full@rho0.8_b03v2,3,agg_full,0.8,180,upsert,L0073,A_no_future_use,
b03v2,base,agg_full@rho0.8,rep3_base_agg_full@rho0.8_b03v2,3,agg_full,0.8,181,upsert,L0064,A_no_future_use,
b03v2,base,agg_full@rho0.8,rep3_base_agg_full@rho0.8_b03v2,3,agg_full,0.8,182,upsert,L0114,A_no_future_use,
b03v2,base,agg_full@rho0.8,rep3_base_agg_full@rho0.8_b03v2,3,agg_full,0.8,183,upsert,L0071,A_no_future_use,
b03v2,base,agg_full@rho0.8,rep3_base_agg_full@rho0.8_b03v2,3,agg_full,0.8,184,upsert,L0108,A_no_future_use,
b03v2,base,agg_full@rho0.8,rep3_base_agg_full@rho0.8_b03v2,3,agg_full,0.8,185,upsert,L0125,A_no_future_use,
b03v2,base,agg_full@rho0.8,rep3_base_agg_full@rho0.8_b03v2,3,agg_full,0.8,186,upsert,L0074,A_no_future_use,
b03v2,base,agg_full@rho0.8,rep3_base_agg_full@rho0.8_b03v2,3,agg_full,0.8,187,upsert,L0104,A_no_future_use,
b03v2,base,agg_full@rho0.8,rep3_base_agg_full@rho0.8_b03v2,3,agg_full,0.8,188,upsert,L0121,A_no_future_use,
b03v2,base,agg_full@rho0.8,rep3_base_agg_full@rho0.8_b03v2,3,agg_full,0.8,189,upsert,L0079,A_no_future_use,
b03v2,base,agg_full@rho0.8,rep3_base_agg_full@rho0.8_b03v2,3,agg_full,0.8,190,upsert,L0095,A_no_future_use,
b03v2,base,agg_full@rho0.8,rep3_base_agg_full@rho0.8_b03v2,3,agg_full,0.8,191,upsert,L0068,A_no_future_use,
b03v2,base,agg_full@rho1.2,rep4_base_agg_full@rho1.2_b03v2,4,agg_full,1.2,0,upsert,L0017,D_meaningful_value_flip,40.96
b03v2,base,agg_full@rho1.2,rep4_base_agg_full@rho1.2_b03v2,4,agg_full,1.2,1,upsert,L0044,B_no_decision_flip,0.0
b03v2,base,agg_full@rho1.2,rep4_base_agg_full@rho1.2_b03v2,4,agg_full,1.2,2,upsert,L0059,D_meaningful_value_flip,40.96
b03v2,base,agg_full@rho1.2,rep4_base_agg_full@rho1.2_b03v2,4,agg_full,1.2,3,upsert,L0016,D_meaningful_value_flip,38.96
b03v2,base,agg_full@rho1.2,rep4_base_agg_full@rho1.2_b03v2,4,agg_full,1.2,4,upsert,L0040,A_no_future_use,
b03v2,base,agg_full@rho1.2,rep4_base_agg_full@rho1.2_b03v2,4,agg_full,1.2,5,upsert,L0006,B_no_decision_flip,0.0
b03v2,base,agg_full@rho1.2,rep4_base_agg_full@rho1.2_b03v2,4,agg_full,1.2,6,upsert,L0009,D_meaningful_value_flip,38.96
b03v2,base,agg_full@rho1.2,rep4_base_agg_full@rho1.2_b03v2,4,agg_full,1.2,7,upsert,L0033,A_no_future_use,
b03v2,base,agg_full@rho1.2,rep4_base_agg_full@rho1.2_b03v2,4,agg_full,1.2,8,upsert,L0014,D_meaningful_value_flip,40.96
b03v2,base,agg_full@rho1.2,rep4_base_agg_full@rho1.2_b03v2,4,agg_full,1.2,9,upsert,L0041,A_no_future_use,
b03v2,base,agg_full@rho1.2,rep4_base_agg_full@rho1.2_b03v2,4,agg_full,1.2,10,upsert,L0058,A_no_future_use,
b03v2,base,agg_full@rho1.2,rep4_base_agg_full@rho1.2_b03v2,4,agg_full,1.2,11,upsert,L0037,A_no_future_use,
b03v2,base,agg_full@rho1.2,rep4_base_agg_full@rho1.2_b03v2,4,agg_full,1.2,12,upsert,L0007,D_meaningful_value_flip,40.96
b03v2,base,agg_full@rho1.2,rep4_base_agg_full@rho1.2_b03v2,4,agg_full,1.2,13,upsert,L0020,D_meaningful_value_flip,38.96
b03v2,base,agg_full@rho1.2,rep4_base_agg_full@rho1.2_b03v2,4,agg_full,1.2,14,upsert,L0005,B_no_decision_flip,0.0
b03v2,base,agg_full@rho1.2,rep4_base_agg_full@rho1.2_b03v2,4,agg_full,1.2,15,upsert,L0011,D_meaningful_value_flip,40.96
b03v2,base,agg_full@rho1.2,rep4_base_agg_full@rho1.2_b03v2,4,agg_full,1.2,16,upsert,L0000,B_no_decision_flip,0.0
b03v2,base,agg_full@rho1.2,rep4_base_agg_full@rho1.2_b03v2,4,agg_full,1.2,17,upsert,L0038,A_no_future_use,
b03v2,base,agg_full@rho1.2,rep4_base_agg_full@rho1.2_b03v2,4,agg_full,1.2,18,upsert,L0019,D_meaningful_value_flip,38.96
b03v2,base,agg_full@rho1.2,rep4_base_agg_full@rho1.2_b03v2,4,agg_full,1.2,19,upsert,L0001,A_no_future_use,
b03v2,base,agg_full@rho1.2,rep4_base_agg_full@rho1.2_b03v2,4,agg_full,1.2,20,upsert,L0044,B_no_decision_flip,10.24
b03v2,base,agg_full@rho1.2,rep4_base_agg_full@rho1.2_b03v2,4,agg_full,1.2,22,upsert,L0047,A_no_future_use,
b03v2,base,agg_full@rho1.2,rep4_base_agg_full@rho1.2_b03v2,4,agg_full,1.2,21,upsert,L0020,C_low_value_flip,0.0
b03v2,base,agg_full@rho1.2,rep4_base_agg_full@rho1.2_b03v2,4,agg_full,1.2,23,upsert,L0000,B_no_decision_flip,0.0
b03v2,base,agg_full@rho1.2,rep4_base_agg_full@rho1.2_b03v2,4,agg_full,1.2,24,upsert,L0003,D_meaningful_value_flip,40.96
b03v2,base,agg_full@rho1.2,rep4_base_agg_full@rho1.2_b03v2,4,agg_full,1.2,25,upsert,L0005,D_meaningful_value_flip,10.24
b03v2,base,agg_full@rho1.2,rep4_base_agg_full@rho1.2_b03v2,4,agg_full,1.2,26,upsert,L0004,A_no_future_use,
b03v2,base,agg_full@rho1.2,rep4_base_agg_full@rho1.2_b03v2,4,agg_full,1.2,27,upsert,L0002,D_meaningful_value_flip,38.96
b03v2,base,agg_full@rho1.2,rep4_base_agg_full@rho1.2_b03v2,4,agg_full,1.2,28,upsert,L0013,A_no_future_use,
b03v2,base,agg_full@rho1.2,rep4_base_agg_full@rho1.2_b03v2,4,agg_full,1.2,29,upsert,L0025,A_no_future_use,
b03v2,base,agg_full@rho1.2,rep4_base_agg_full@rho1.2_b03v2,4,agg_full,1.2,30,upsert,L0038,A_no_future_use,
b03v2,base,agg_full@rho1.2,rep4_base_agg_full@rho1.2_b03v2,4,agg_full,1.2,31,upsert,L0060,A_no_future_use,
b03v2,base,agg_full@rho1.2,rep4_base_agg_full@rho1.2_b03v2,4,agg_full,1.2,32,upsert,L0010,A_no_future_use,
b03v2,base,agg_full@rho1.2,rep4_base_agg_full@rho1.2_b03v2,4,agg_full,1.2,33,upsert,L0014,B_no_decision_flip,0.0
b03v2,base,agg_full@rho1.2,rep4_base_agg_full@rho1.2_b03v2,4,agg_full,1.2,34,upsert,L0060,A_no_future_use,
b03v2,base,agg_full@rho1.2,rep4_base_agg_full@rho1.2_b03v2,4,agg_full,1.2,35,upsert,L0009,A_no_future_use,
b03v2,base,agg_full@rho1.2,rep4_base_agg_full@rho1.2_b03v2,4,agg_full,1.2,36,upsert,L0029,A_no_future_use,
b03v2,base,agg_full@rho1.2,rep4_base_agg_full@rho1.2_b03v2,4,agg_full,1.2,37,upsert,L0032,A_no_future_use,
b03v2,base,agg_full@rho1.2,rep4_base_agg_full@rho1.2_b03v2,4,agg_full,1.2,38,upsert,L0013,A_no_future_use,
b03v2,base,agg_full@rho1.2,rep4_base_agg_full@rho1.2_b03v2,4,agg_full,1.2,39,upsert,L0000,A_no_future_use,
b03v2,base,agg_full@rho1.2,rep4_base_agg_full@rho1.2_b03v2,4,agg_full,1.2,40,upsert,L0021,A_no_future_use,
b03v2,base,agg_full@rho1.2,rep4_base_agg_full@rho1.2_b03v2,4,agg_full,1.2,41,upsert,L0023,A_no_future_use,
b03v2,base,agg_full@rho1.2,rep4_base_agg_full@rho1.2_b03v2,4,agg_full,1.2,42,upsert,L0016,A_no_future_use,
b03v2,base,agg_full@rho1.2,rep4_base_agg_full@rho1.2_b03v2,4,agg_full,1.2,43,upsert,L0061,A_no_future_use,
b03v2,base,agg_full@rho1.2,rep4_base_agg_full@rho1.2_b03v2,4,agg_full,1.2,44,upsert,L0000,A_no_future_use,
b03v2,base,agg_full@rho1.2,rep4_base_agg_full@rho1.2_b03v2,4,agg_full,1.2,45,upsert,L0044,A_no_future_use,
b03v2,base,agg_full@rho1.2,rep4_base_agg_full@rho1.2_b03v2,4,agg_full,1.2,46,upsert,L0006,A_no_future_use,
b03v2,base,agg_full@rho1.2,rep4_base_agg_full@rho1.2_b03v2,4,agg_full,1.2,47,upsert,L0039,A_no_future_use,
b03v2,base,agg_full@rho1.2,rep4_base_agg_full@rho1.2_b03v2,4,agg_full,1.2,48,upsert,L0039,A_no_future_use,
b03v2,base,agg_full@rho1.2,rep4_base_agg_full@rho1.2_b03v2,4,agg_full,1.2,49,upsert,L0007,A_no_future_use,
b03v2,base,agg_full@rho1.2,rep4_base_agg_full@rho1.2_b03v2,4,agg_full,1.2,50,upsert,L0012,A_no_future_use,
b03v2,base,agg_full@rho1.2,rep4_base_agg_full@rho1.2_b03v2,4,agg_full,1.2,51,upsert,L0031,A_no_future_use,
b03v2,base,agg_full@rho1.2,rep4_base_agg_full@rho1.2_b03v2,4,agg_full,1.2,52,upsert,L0059,A_no_future_use,
b03v2,base,agg_full@rho1.2,rep4_base_agg_full@rho1.2_b03v2,4,agg_full,1.2,53,upsert,L0035,A_no_future_use,
b03v2,base,agg_full@rho1.2,rep4_base_agg_full@rho1.2_b03v2,4,agg_full,1.2,54,upsert,L0020,A_no_future_use,
b03v2,base,agg_full@rho1.2,rep4_base_agg_full@rho1.2_b03v2,4,agg_full,1.2,55,upsert,L0056,A_no_future_use,
b03v2,base,agg_full@rho1.2,rep4_base_agg_full@rho1.2_b03v2,4,agg_full,1.2,57,upsert,L0002,A_no_future_use,
b03v2,base,agg_full@rho1.2,rep4_base_agg_full@rho1.2_b03v2,4,agg_full,1.2,58,upsert,L0001,A_no_future_use,
b03v2,base,agg_full@rho1.2,rep4_base_agg_full@rho1.2_b03v2,4,agg_full,1.2,60,upsert,L0004,A_no_future_use,
b03v2,base,agg_full@rho1.2,rep4_base_agg_full@rho1.2_b03v2,4,agg_full,1.2,61,upsert,L0012,A_no_future_use,
b03v2,base,agg_full@rho1.2,rep4_base_agg_full@rho1.2_b03v2,4,agg_full,1.2,62,upsert,L0025,A_no_future_use,
b03v2,base,agg_full@rho1.2,rep4_base_agg_full@rho1.2_b03v2,4,agg_full,1.2,66,upsert,L0002,A_no_future_use,
b03v2,base,agg_full@rho1.2,rep4_base_agg_full@rho1.2_b03v2,4,agg_full,1.2,67,upsert,L0025,A_no_future_use,
b03v2,base,agg_full@rho1.2,rep4_base_agg_full@rho1.2_b03v2,4,agg_full,1.2,68,upsert,L0006,A_no_future_use,
b03v2,base,agg_full@rho1.2,rep4_base_agg_full@rho1.2_b03v2,4,agg_full,1.2,71,upsert,L0009,A_no_future_use,
b03v2,base,agg_static@rho1.2,rep4_base_agg_static@rho1.2_b03v2,4,agg_static,1.2,0,upsert,L0017,D_meaningful_value_flip,40.96
b03v2,base,agg_static@rho1.2,rep4_base_agg_static@rho1.2_b03v2,4,agg_static,1.2,1,upsert,L0044,D_meaningful_value_flip,40.96
b03v2,base,agg_static@rho1.2,rep4_base_agg_static@rho1.2_b03v2,4,agg_static,1.2,2,upsert,L0059,D_meaningful_value_flip,40.96
b03v2,base,agg_static@rho1.2,rep4_base_agg_static@rho1.2_b03v2,4,agg_static,1.2,3,upsert,L0016,D_meaningful_value_flip,38.96
b03v2,base,agg_static@rho1.2,rep4_base_agg_static@rho1.2_b03v2,4,agg_static,1.2,4,upsert,L0040,A_no_future_use,
b03v2,base,agg_static@rho1.2,rep4_base_agg_static@rho1.2_b03v2,4,agg_static,1.2,5,upsert,L0006,D_meaningful_value_flip,40.96
b03v2,base,agg_static@rho1.2,rep4_base_agg_static@rho1.2_b03v2,4,agg_static,1.2,6,upsert,L0009,D_meaningful_value_flip,38.96
b03v2,base,agg_static@rho1.2,rep4_base_agg_static@rho1.2_b03v2,4,agg_static,1.2,7,upsert,L0033,A_no_future_use,
b03v2,base,agg_static@rho1.2,rep4_base_agg_static@rho1.2_b03v2,4,agg_static,1.2,8,upsert,L0014,D_meaningful_value_flip,40.96
b03v2,base,agg_static@rho1.2,rep4_base_agg_static@rho1.2_b03v2,4,agg_static,1.2,9,upsert,L0041,A_no_future_use,
b03v2,base,agg_static@rho1.2,rep4_base_agg_static@rho1.2_b03v2,4,agg_static,1.2,10,upsert,L0058,A_no_future_use,
b03v2,base,agg_static@rho1.2,rep4_base_agg_static@rho1.2_b03v2,4,agg_static,1.2,11,upsert,L0037,A_no_future_use,
b03v2,base,agg_static@rho1.2,rep4_base_agg_static@rho1.2_b03v2,4,agg_static,1.2,12,upsert,L0007,D_meaningful_value_flip,40.96
b03v2,base,agg_static@rho1.2,rep4_base_agg_static@rho1.2_b03v2,4,agg_static,1.2,13,upsert,L0020,B_no_decision_flip,0.0
b03v2,base,agg_static@rho1.2,rep4_base_agg_static@rho1.2_b03v2,4,agg_static,1.2,14,upsert,L0005,B_no_decision_flip,0.0
b03v2,base,agg_static@rho1.2,rep4_base_agg_static@rho1.2_b03v2,4,agg_static,1.2,15,upsert,L0011,D_meaningful_value_flip,40.96
b03v2,base,agg_static@rho1.2,rep4_base_agg_static@rho1.2_b03v2,4,agg_static,1.2,16,upsert,L0000,B_no_decision_flip,0.0
b03v2,base,agg_static@rho1.2,rep4_base_agg_static@rho1.2_b03v2,4,agg_static,1.2,17,upsert,L0038,A_no_future_use,
b03v2,base,agg_static@rho1.2,rep4_base_agg_static@rho1.2_b03v2,4,agg_static,1.2,18,upsert,L0019,D_meaningful_value_flip,38.96
b03v2,base,agg_static@rho1.2,rep4_base_agg_static@rho1.2_b03v2,4,agg_static,1.2,19,upsert,L0001,D_meaningful_value_flip,38.96
b03v2,base,agg_static@rho1.2,rep4_base_agg_static@rho1.2_b03v2,4,agg_static,1.2,20,upsert,L0044,B_no_decision_flip,10.24
b03v2,base,agg_static@rho1.2,rep4_base_agg_static@rho1.2_b03v2,4,agg_static,1.2,21,upsert,L0020,D_meaningful_value_flip,10.24
b03v2,base,agg_static@rho1.2,rep4_base_agg_static@rho1.2_b03v2,4,agg_static,1.2,22,upsert,L0047,A_no_future_use,
b03v2,base,agg_static@rho1.2,rep4_base_agg_static@rho1.2_b03v2,4,agg_static,1.2,23,upsert,L0000,B_no_decision_flip,10.24
b03v2,base,agg_static@rho1.2,rep4_base_agg_static@rho1.2_b03v2,4,agg_static,1.2,24,upsert,L0003,B_no_decision_flip,0.0
b03v2,base,agg_static@rho1.2,rep4_base_agg_static@rho1.2_b03v2,4,agg_static,1.2,25,upsert,L0005,D_meaningful_value_flip,14.24
b03v2,base,agg_static@rho1.2,rep4_base_agg_static@rho1.2_b03v2,4,agg_static,1.2,26,upsert,L0004,A_no_future_use,
b03v2,base,agg_static@rho1.2,rep4_base_agg_static@rho1.2_b03v2,4,agg_static,1.2,27,upsert,L0002,D_meaningful_value_flip,38.96
b03v2,base,agg_static@rho1.2,rep4_base_agg_static@rho1.2_b03v2,4,agg_static,1.2,28,upsert,L0013,A_no_future_use,
b03v2,base,agg_static@rho1.2,rep4_base_agg_static@rho1.2_b03v2,4,agg_static,1.2,29,upsert,L0025,A_no_future_use,
b03v2,base,agg_static@rho1.2,rep4_base_agg_static@rho1.2_b03v2,4,agg_static,1.2,30,upsert,L0038,A_no_future_use,
b03v2,base,agg_static@rho1.2,rep4_base_agg_static@rho1.2_b03v2,4,agg_static,1.2,31,upsert,L0060,A_no_future_use,
b03v2,base,agg_static@rho1.2,rep4_base_agg_static@rho1.2_b03v2,4,agg_static,1.2,32,upsert,L0010,A_no_future_use,
b03v2,base,agg_static@rho1.2,rep4_base_agg_static@rho1.2_b03v2,4,agg_static,1.2,33,upsert,L0014,B_no_decision_flip,10.24
b03v2,base,agg_static@rho1.2,rep4_base_agg_static@rho1.2_b03v2,4,agg_static,1.2,34,upsert,L0060,A_no_future_use,
b03v2,base,agg_static@rho1.2,rep4_base_agg_static@rho1.2_b03v2,4,agg_static,1.2,35,upsert,L0009,A_no_future_use,
b03v2,base,agg_static@rho1.2,rep4_base_agg_static@rho1.2_b03v2,4,agg_static,1.2,36,upsert,L0029,A_no_future_use,
b03v2,base,agg_static@rho1.2,rep4_base_agg_static@rho1.2_b03v2,4,agg_static,1.2,37,upsert,L0032,A_no_future_use,
b03v2,base,agg_static@rho1.2,rep4_base_agg_static@rho1.2_b03v2,4,agg_static,1.2,38,upsert,L0013,A_no_future_use,
b03v2,base,agg_static@rho1.2,rep4_base_agg_static@rho1.2_b03v2,4,agg_static,1.2,39,upsert,L0000,A_no_future_use,
b03v2,base,agg_static@rho1.2,rep4_base_agg_static@rho1.2_b03v2,4,agg_static,1.2,40,upsert,L0021,A_no_future_use,
b03v2,base,agg_static@rho1.2,rep4_base_agg_static@rho1.2_b03v2,4,agg_static,1.2,41,upsert,L0023,A_no_future_use,
b03v2,base,agg_static@rho1.2,rep4_base_agg_static@rho1.2_b03v2,4,agg_static,1.2,42,upsert,L0016,A_no_future_use,
b03v2,base,agg_static@rho1.2,rep4_base_agg_static@rho1.2_b03v2,4,agg_static,1.2,43,upsert,L0061,A_no_future_use,
b03v2,base,agg_static@rho1.2,rep4_base_agg_static@rho1.2_b03v2,4,agg_static,1.2,44,upsert,L0000,A_no_future_use,
b03v2,base,agg_static@rho1.2,rep4_base_agg_static@rho1.2_b03v2,4,agg_static,1.2,45,upsert,L0044,A_no_future_use,
b03v2,base,agg_static@rho1.2,rep4_base_agg_static@rho1.2_b03v2,4,agg_static,1.2,46,upsert,L0006,A_no_future_use,
b03v2,base,agg_static@rho1.2,rep4_base_agg_static@rho1.2_b03v2,4,agg_static,1.2,47,upsert,L0039,A_no_future_use,
b03v2,base,agg_static@rho1.2,rep4_base_agg_static@rho1.2_b03v2,4,agg_static,1.2,48,upsert,L0039,A_no_future_use,
b03v2,base,agg_static@rho1.2,rep4_base_agg_static@rho1.2_b03v2,4,agg_static,1.2,49,upsert,L0007,A_no_future_use,
b03v2,base,agg_static@rho1.2,rep4_base_agg_static@rho1.2_b03v2,4,agg_static,1.2,50,upsert,L0012,A_no_future_use,
b03v2,base,agg_static@rho1.2,rep4_base_agg_static@rho1.2_b03v2,4,agg_static,1.2,51,upsert,L0031,A_no_future_use,
b03v2,base,agg_static@rho1.2,rep4_base_agg_static@rho1.2_b03v2,4,agg_static,1.2,52,upsert,L0059,A_no_future_use,
b03v2,base,agg_static@rho1.2,rep4_base_agg_static@rho1.2_b03v2,4,agg_static,1.2,53,upsert,L0035,A_no_future_use,
b03v2,base,agg_static@rho1.2,rep4_base_agg_static@rho1.2_b03v2,4,agg_static,1.2,54,upsert,L0020,A_no_future_use,
b03v2,base,agg_static@rho1.2,rep4_base_agg_static@rho1.2_b03v2,4,agg_static,1.2,55,upsert,L0056,A_no_future_use,
b03v2,base,agg_static@rho1.2,rep4_base_agg_static@rho1.2_b03v2,4,agg_static,1.2,56,upsert,L0027,A_no_future_use,
b03v2,base,agg_static@rho1.2,rep4_base_agg_static@rho1.2_b03v2,4,agg_static,1.2,57,upsert,L0002,A_no_future_use,
b03v2,base,agg_static@rho1.2,rep4_base_agg_static@rho1.2_b03v2,4,agg_static,1.2,58,upsert,L0001,A_no_future_use,
b03v2,base,agg_static@rho1.2,rep4_base_agg_static@rho1.2_b03v2,4,agg_static,1.2,59,upsert,L0022,A_no_future_use,
b03v2,base,agg_static@rho1.2,rep4_base_agg_static@rho1.2_b03v2,4,agg_static,1.2,60,upsert,L0004,A_no_future_use,
b03v2,base,agg_static@rho1.2,rep4_base_agg_static@rho1.2_b03v2,4,agg_static,1.2,61,upsert,L0012,A_no_future_use,
b03v2,base,agg_static@rho1.2,rep4_base_agg_static@rho1.2_b03v2,4,agg_static,1.2,62,upsert,L0025,A_no_future_use,
b03v2,base,agg_static@rho1.2,rep4_base_agg_static@rho1.2_b03v2,4,agg_static,1.2,63,upsert,L0050,A_no_future_use,
b03v2,base,agg_static@rho1.2,rep4_base_agg_static@rho1.2_b03v2,4,agg_static,1.2,64,upsert,L0010,A_no_future_use,
b03v2,base,agg_static@rho1.2,rep4_base_agg_static@rho1.2_b03v2,4,agg_static,1.2,65,upsert,L0021,A_no_future_use,
b03v2,base,agg_static@rho1.2,rep4_base_agg_static@rho1.2_b03v2,4,agg_static,1.2,67,upsert,L0025,A_no_future_use,
b03v2,base,agg_static@rho1.2,rep4_base_agg_static@rho1.2_b03v2,4,agg_static,1.2,68,upsert,L0006,A_no_future_use,
b03v2,base,agg_static@rho1.2,rep4_base_agg_static@rho1.2_b03v2,4,agg_static,1.2,69,upsert,L0057,A_no_future_use,
b03v2,base,agg_static@rho1.2,rep4_base_agg_static@rho1.2_b03v2,4,agg_static,1.2,70,upsert,L0022,A_no_future_use,
b03v2,base,agg_static@rho1.2,rep4_base_agg_static@rho1.2_b03v2,4,agg_static,1.2,71,upsert,L0009,A_no_future_use,
b03v2,base,agg_static@rho1.2,rep4_base_agg_static@rho1.2_b03v2,4,agg_static,1.2,72,upsert,L0017,A_no_future_use,
b03v2,base,agg_static@rho1.2,rep4_base_agg_static@rho1.2_b03v2,4,agg_static,1.2,73,upsert,L0050,A_no_future_use,
b03v2,base,agg_static@rho1.2,rep4_base_agg_static@rho1.2_b03v2,4,agg_static,1.2,74,upsert,L0056,A_no_future_use,
b03v2,base,agg_static@rho1.2,rep4_base_agg_static@rho1.2_b03v2,4,agg_static,1.2,75,upsert,L0019,A_no_future_use,
b03v2,base,agg_static@rho1.2,rep4_base_agg_static@rho1.2_b03v2,4,agg_static,1.2,76,upsert,L0020,A_no_future_use,
b03v2,base,agg_static@rho1.2,rep4_base_agg_static@rho1.2_b03v2,4,agg_static,1.2,77,upsert,L0046,A_no_future_use,
b03v2,base,agg_static@rho1.2,rep4_base_agg_static@rho1.2_b03v2,4,agg_static,1.2,78,upsert,L0027,A_no_future_use,
b03v2,base,agg_static@rho1.2,rep4_base_agg_static@rho1.2_b03v2,4,agg_static,1.2,79,upsert,L0002,A_no_future_use,
b03v2,base,agg_static@rho1.2,rep4_base_agg_static@rho1.2_b03v2,4,agg_static,1.2,80,upsert,L0003,A_no_future_use,
b03v2,base,agg_static@rho1.2,rep4_base_agg_static@rho1.2_b03v2,4,agg_static,1.2,83,upsert,L0024,A_no_future_use,
b03v2,base,agg_static@rho1.2,rep4_base_agg_static@rho1.2_b03v2,4,agg_static,1.2,84,upsert,L0000,A_no_future_use,
b03v2,base,agg_static@rho1.2,rep4_base_agg_static@rho1.2_b03v2,4,agg_static,1.2,85,upsert,L0044,A_no_future_use,
b03v2,base,agg_static@rho1.2,rep4_base_agg_static@rho1.2_b03v2,4,agg_static,1.2,86,upsert,L0011,A_no_future_use,
b03v2,base,agg_static@rho1.2,rep4_base_agg_static@rho1.2_b03v2,4,agg_static,1.2,87,upsert,L0048,A_no_future_use,
b03v2,base,agg_static@rho1.2,rep4_base_agg_static@rho1.2_b03v2,4,agg_static,1.2,88,upsert,L0021,A_no_future_use,
b03v2,base,agg_static@rho1.2,rep4_base_agg_static@rho1.2_b03v2,4,agg_static,1.2,89,upsert,L0003,A_no_future_use,
b03v2,base,agg_static@rho1.2,rep4_base_agg_static@rho1.2_b03v2,4,agg_static,1.2,90,upsert,L0014,A_no_future_use,
b03v2,base,agg_static@rho1.2,rep4_base_agg_static@rho1.2_b03v2,4,agg_static,1.2,91,upsert,L0005,A_no_future_use,
b03v2,base,agg_static@rho1.2,rep4_base_agg_static@rho1.2_b03v2,4,agg_static,1.2,92,upsert,L0000,A_no_future_use,
b03v2,base,agg_static@rho1.2,rep4_base_agg_static@rho1.2_b03v2,4,agg_static,1.2,93,upsert,L0034,A_no_future_use,
b03v2,base,agg_static@rho1.2,rep4_base_agg_static@rho1.2_b03v2,4,agg_static,1.2,94,upsert,L0039,A_no_future_use,
b03v2,base,agg_static@rho1.2,rep4_base_agg_static@rho1.2_b03v2,4,agg_static,1.2,95,upsert,L0023,A_no_future_use,
b03v2,base,agg_static@rho1.2,rep4_base_agg_static@rho1.2_b03v2,4,agg_static,1.2,96,upsert,L0087,A_no_future_use,
b03v2,base,agg_static@rho1.2,rep4_base_agg_static@rho1.2_b03v2,4,agg_static,1.2,97,upsert,L0110,A_no_future_use,
b03v2,base,agg_static@rho1.2,rep4_base_agg_static@rho1.2_b03v2,4,agg_static,1.2,98,upsert,L0076,A_no_future_use,
b03v2,base,agg_static@rho1.2,rep4_base_agg_static@rho1.2_b03v2,4,agg_static,1.2,99,upsert,L0100,A_no_future_use,
b03v2,base,agg_static@rho1.2,rep4_base_agg_static@rho1.2_b03v2,4,agg_static,1.2,100,upsert,L0070,A_no_future_use,
b03v2,base,agg_static@rho1.2,rep4_base_agg_static@rho1.2_b03v2,4,agg_static,1.2,101,upsert,L0077,A_no_future_use,
b03v2,base,agg_static@rho1.2,rep4_base_agg_static@rho1.2_b03v2,4,agg_static,1.2,102,upsert,L0073,A_no_future_use,
b03v2,base,agg_static@rho1.2,rep4_base_agg_static@rho1.2_b03v2,4,agg_static,1.2,103,upsert,L0074,A_no_future_use,
b03v2,base,agg_static@rho1.2,rep4_base_agg_static@rho1.2_b03v2,4,agg_static,1.2,104,upsert,L0120,A_no_future_use,
b03v2,base,agg_static@rho1.2,rep4_base_agg_static@rho1.2_b03v2,4,agg_static,1.2,105,upsert,L0074,A_no_future_use,
b03v2,base,agg_static@rho1.2,rep4_base_agg_static@rho1.2_b03v2,4,agg_static,1.2,106,upsert,L0099,A_no_future_use,
b03v2,base,agg_static@rho1.2,rep4_base_agg_static@rho1.2_b03v2,4,agg_static,1.2,107,upsert,L0072,A_no_future_use,
b03v2,base,agg_static@rho1.2,rep4_base_agg_static@rho1.2_b03v2,4,agg_static,1.2,108,upsert,L0105,A_no_future_use,
b03v2,base,agg_static@rho1.2,rep4_base_agg_static@rho1.2_b03v2,4,agg_static,1.2,109,upsert,L0064,A_no_future_use,
b03v2,base,agg_static@rho1.2,rep4_base_agg_static@rho1.2_b03v2,4,agg_static,1.2,110,upsert,L0079,A_no_future_use,
b03v2,base,agg_static@rho1.2,rep4_base_agg_static@rho1.2_b03v2,4,agg_static,1.2,111,upsert,L0098,A_no_future_use,
b03v2,base,agg_static@rho1.2,rep4_base_agg_static@rho1.2_b03v2,4,agg_static,1.2,112,upsert,L0112,A_no_future_use,
b03v2,base,agg_static@rho1.2,rep4_base_agg_static@rho1.2_b03v2,4,agg_static,1.2,113,upsert,L0102,A_no_future_use,
b03v2,base,agg_static@rho1.2,rep4_base_agg_static@rho1.2_b03v2,4,agg_static,1.2,114,upsert,L0069,A_no_future_use,
b03v2,base,agg_static@rho1.2,rep4_base_agg_static@rho1.2_b03v2,4,agg_static,1.2,115,upsert,L0068,A_no_future_use,
b03v2,base,agg_static@rho1.2,rep4_base_agg_static@rho1.2_b03v2,4,agg_static,1.2,116,upsert,L0064,A_no_future_use,
b03v2,base,agg_static@rho1.2,rep4_base_agg_static@rho1.2_b03v2,4,agg_static,1.2,117,upsert,L0089,A_no_future_use,
b03v2,base,agg_full@rho0.8,rep4_base_agg_full@rho0.8_b03v2,4,agg_full,0.8,54,upsert,L0020,A_no_future_use,
b03v2,base,agg_full@rho0.8,rep4_base_agg_full@rho0.8_b03v2,4,agg_full,0.8,71,upsert,L0009,A_no_future_use,
b03v2,base,agg_full@rho0.8,rep4_base_agg_full@rho0.8_b03v2,4,agg_full,0.8,76,upsert,L0020,A_no_future_use,
b03v2,base,agg_full@rho0.8,rep4_base_agg_full@rho0.8_b03v2,4,agg_full,0.8,90,upsert,L0014,A_no_future_use,
b03v2,base,agg_full@rho0.8,rep4_base_agg_full@rho0.8_b03v2,4,agg_full,0.8,91,upsert,L0005,A_no_future_use,
b03v2,base,agg_full@rho0.8,rep4_base_agg_full@rho0.8_b03v2,4,agg_full,0.8,92,upsert,L0000,A_no_future_use,
b03v2,base,agg_full@rho0.8,rep4_base_agg_full@rho0.8_b03v2,4,agg_full,0.8,93,upsert,L0034,A_no_future_use,
b03v2,base,agg_full@rho0.8,rep4_base_agg_full@rho0.8_b03v2,4,agg_full,0.8,94,upsert,L0039,A_no_future_use,
b03v2,base,agg_full@rho0.8,rep4_base_agg_full@rho0.8_b03v2,4,agg_full,0.8,95,upsert,L0023,A_no_future_use,
b03v2,base,agg_full@rho0.8,rep4_base_agg_full@rho0.8_b03v2,4,agg_full,0.8,96,upsert,L0087,A_no_future_use,
b03v2,base,agg_full@rho0.8,rep4_base_agg_full@rho0.8_b03v2,4,agg_full,0.8,97,upsert,L0110,B_no_decision_flip,0.0
b03v2,base,agg_full@rho0.8,rep4_base_agg_full@rho0.8_b03v2,4,agg_full,0.8,98,upsert,L0076,D_meaningful_value_flip,40.96
b03v2,base,agg_full@rho0.8,rep4_base_agg_full@rho0.8_b03v2,4,agg_full,0.8,99,upsert,L0100,A_no_future_use,
b03v2,base,agg_full@rho0.8,rep4_base_agg_full@rho0.8_b03v2,4,agg_full,0.8,100,upsert,L0070,B_no_decision_flip,0.0
b03v2,base,agg_full@rho0.8,rep4_base_agg_full@rho0.8_b03v2,4,agg_full,0.8,101,upsert,L0077,B_no_decision_flip,0.0
b03v2,base,agg_full@rho0.8,rep4_base_agg_full@rho0.8_b03v2,4,agg_full,0.8,102,upsert,L0073,B_no_decision_flip,0.0
b03v2,base,agg_full@rho0.8,rep4_base_agg_full@rho0.8_b03v2,4,agg_full,0.8,103,upsert,L0074,B_no_decision_flip,0.0
b03v2,base,agg_full@rho0.8,rep4_base_agg_full@rho0.8_b03v2,4,agg_full,0.8,104,upsert,L0120,A_no_future_use,
b03v2,base,agg_full@rho0.8,rep4_base_agg_full@rho0.8_b03v2,4,agg_full,0.8,105,upsert,L0074,D_meaningful_value_flip,8.24
b03v2,base,agg_full@rho0.8,rep4_base_agg_full@rho0.8_b03v2,4,agg_full,0.8,106,upsert,L0099,D_meaningful_value_flip,38.96
b03v2,base,agg_full@rho0.8,rep4_base_agg_full@rho0.8_b03v2,4,agg_full,0.8,107,upsert,L0072,D_meaningful_value_flip,40.96
b03v2,base,agg_full@rho0.8,rep4_base_agg_full@rho0.8_b03v2,4,agg_full,0.8,108,upsert,L0105,A_no_future_use,
b03v2,base,agg_full@rho0.8,rep4_base_agg_full@rho0.8_b03v2,4,agg_full,0.8,109,upsert,L0064,B_no_decision_flip,0.0
b03v2,base,agg_full@rho0.8,rep4_base_agg_full@rho0.8_b03v2,4,agg_full,0.8,110,upsert,L0079,D_meaningful_value_flip,36.96
b03v2,base,agg_full@rho0.8,rep4_base_agg_full@rho0.8_b03v2,4,agg_full,0.8,111,upsert,L0098,A_no_future_use,
b03v2,base,agg_full@rho0.8,rep4_base_agg_full@rho0.8_b03v2,4,agg_full,0.8,112,upsert,L0112,A_no_future_use,
b03v2,base,agg_full@rho0.8,rep4_base_agg_full@rho0.8_b03v2,4,agg_full,0.8,113,upsert,L0102,B_no_decision_flip,0.0
b03v2,base,agg_full@rho0.8,rep4_base_agg_full@rho0.8_b03v2,4,agg_full,0.8,114,upsert,L0069,D_meaningful_value_flip,40.96
b03v2,base,agg_full@rho0.8,rep4_base_agg_full@rho0.8_b03v2,4,agg_full,0.8,115,upsert,L0068,D_meaningful_value_flip,40.96
b03v2,base,agg_full@rho0.8,rep4_base_agg_full@rho0.8_b03v2,4,agg_full,0.8,116,upsert,L0064,C_low_value_flip,2.0
b03v2,base,agg_full@rho0.8,rep4_base_agg_full@rho0.8_b03v2,4,agg_full,0.8,117,upsert,L0089,A_no_future_use,
b03v2,base,agg_full@rho0.8,rep4_base_agg_full@rho0.8_b03v2,4,agg_full,0.8,118,upsert,L0106,B_no_decision_flip,0.0
b03v2,base,agg_full@rho0.8,rep4_base_agg_full@rho0.8_b03v2,4,agg_full,0.8,119,upsert,L0071,A_no_future_use,
b03v2,base,agg_full@rho0.8,rep4_base_agg_full@rho0.8_b03v2,4,agg_full,0.8,120,upsert,L0068,D_meaningful_value_flip,12.24
b03v2,base,agg_full@rho0.8,rep4_base_agg_full@rho0.8_b03v2,4,agg_full,0.8,121,upsert,L0076,B_no_decision_flip,10.24
b03v2,base,agg_full@rho0.8,rep4_base_agg_full@rho0.8_b03v2,4,agg_full,0.8,122,upsert,L0118,A_no_future_use,
b03v2,base,agg_full@rho0.8,rep4_base_agg_full@rho0.8_b03v2,4,agg_full,0.8,123,upsert,L0127,A_no_future_use,
b03v2,base,agg_full@rho0.8,rep4_base_agg_full@rho0.8_b03v2,4,agg_full,0.8,124,upsert,L0065,D_meaningful_value_flip,40.96
b03v2,base,agg_full@rho0.8,rep4_base_agg_full@rho0.8_b03v2,4,agg_full,0.8,125,upsert,L0066,B_no_decision_flip,0.0
b03v2,base,agg_full@rho0.8,rep4_base_agg_full@rho0.8_b03v2,4,agg_full,0.8,126,upsert,L0075,A_no_future_use,
b03v2,base,agg_full@rho0.8,rep4_base_agg_full@rho0.8_b03v2,4,agg_full,0.8,127,upsert,L0091,A_no_future_use,
b03v2,base,agg_full@rho0.8,rep4_base_agg_full@rho0.8_b03v2,4,agg_full,0.8,128,upsert,L0089,A_no_future_use,
b03v2,base,agg_full@rho0.8,rep4_base_agg_full@rho0.8_b03v2,4,agg_full,0.8,129,upsert,L0065,D_meaningful_value_flip,12.24
b03v2,base,agg_full@rho0.8,rep4_base_agg_full@rho0.8_b03v2,4,agg_full,0.8,131,upsert,L0099,A_no_future_use,
b03v2,base,agg_full@rho0.8,rep4_base_agg_full@rho0.8_b03v2,4,agg_full,0.8,132,upsert,L0067,B_no_decision_flip,0.0
b03v2,base,agg_full@rho0.8,rep4_base_agg_full@rho0.8_b03v2,4,agg_full,0.8,133,upsert,L0074,A_no_future_use,
b03v2,base,agg_full@rho0.8,rep4_base_agg_full@rho0.8_b03v2,4,agg_full,0.8,134,upsert,L0081,A_no_future_use,
b03v2,base,agg_full@rho0.8,rep4_base_agg_full@rho0.8_b03v2,4,agg_full,0.8,135,upsert,L0077,B_no_decision_flip,10.24
b03v2,base,agg_full@rho0.8,rep4_base_agg_full@rho0.8_b03v2,4,agg_full,0.8,136,upsert,L0082,A_no_future_use,
b03v2,base,agg_full@rho0.8,rep4_base_agg_full@rho0.8_b03v2,4,agg_full,0.8,137,upsert,L0066,A_no_future_use,
b03v2,base,agg_full@rho0.8,rep4_base_agg_full@rho0.8_b03v2,4,agg_full,0.8,138,upsert,L0080,B_no_decision_flip,0.0
b03v2,base,agg_full@rho0.8,rep4_base_agg_full@rho0.8_b03v2,4,agg_full,0.8,139,upsert,L0070,A_no_future_use,
b03v2,base,agg_full@rho0.8,rep4_base_agg_full@rho0.8_b03v2,4,agg_full,0.8,140,upsert,L0089,A_no_future_use,
b03v2,base,agg_full@rho0.8,rep4_base_agg_full@rho0.8_b03v2,4,agg_full,0.8,141,upsert,L0066,A_no_future_use,
b03v2,base,agg_full@rho0.8,rep4_base_agg_full@rho0.8_b03v2,4,agg_full,0.8,142,upsert,L0075,A_no_future_use,
b03v2,base,agg_full@rho0.8,rep4_base_agg_full@rho0.8_b03v2,4,agg_full,0.8,144,upsert,L0067,A_no_future_use,
b03v2,base,agg_full@rho0.8,rep4_base_agg_full@rho0.8_b03v2,4,agg_full,0.8,145,upsert,L0075,A_no_future_use,
b03v2,base,agg_full@rho0.8,rep4_base_agg_full@rho0.8_b03v2,4,agg_full,0.8,146,upsert,L0068,A_no_future_use,
b03v2,base,agg_full@rho0.8,rep4_base_agg_full@rho0.8_b03v2,4,agg_full,0.8,148,upsert,L0072,A_no_future_use,
b03v2,base,agg_full@rho0.8,rep4_base_agg_full@rho0.8_b03v2,4,agg_full,0.8,149,upsert,L0065,A_no_future_use,
b03v2,base,agg_full@rho0.8,rep4_base_agg_full@rho0.8_b03v2,4,agg_full,0.8,151,upsert,L0073,A_no_future_use,
b03v2,base,agg_full@rho0.8,rep4_base_agg_full@rho0.8_b03v2,4,agg_full,0.8,154,upsert,L0067,A_no_future_use,
b03v2,base,agg_full@rho0.8,rep4_base_agg_full@rho0.8_b03v2,4,agg_full,0.8,155,upsert,L0084,A_no_future_use,
b03v2,base,agg_full@rho0.8,rep4_base_agg_full@rho0.8_b03v2,4,agg_full,0.8,157,upsert,L0070,A_no_future_use,
b03v2,base,agg_full@rho0.8,rep4_base_agg_full@rho0.8_b03v2,4,agg_full,0.8,161,upsert,L0069,A_no_future_use,
b03v2,base,agg_full@rho0.8,rep4_base_agg_full@rho0.8_b03v2,4,agg_full,0.8,162,upsert,L0095,A_no_future_use,
b03v2,base,agg_full@rho0.8,rep4_base_agg_full@rho0.8_b03v2,4,agg_full,0.8,163,upsert,L0099,A_no_future_use,
b03v2,base,agg_full@rho0.8,rep4_base_agg_full@rho0.8_b03v2,4,agg_full,0.8,165,upsert,L0072,A_no_future_use,
b03v2,base,agg_full@rho0.8,rep4_base_agg_full@rho0.8_b03v2,4,agg_full,0.8,166,upsert,L0064,A_no_future_use,
b03v2,base,agg_static@rho0.8,rep4_base_agg_static@rho0.8_b03v2,4,agg_static,0.8,0,upsert,L0017,B_no_decision_flip,0.0
b03v2,base,agg_static@rho0.8,rep4_base_agg_static@rho0.8_b03v2,4,agg_static,0.8,1,upsert,L0044,B_no_decision_flip,0.0
b03v2,base,agg_static@rho0.8,rep4_base_agg_static@rho0.8_b03v2,4,agg_static,0.8,2,upsert,L0059,D_meaningful_value_flip,40.96
b03v2,base,agg_static@rho0.8,rep4_base_agg_static@rho0.8_b03v2,4,agg_static,0.8,3,upsert,L0016,D_meaningful_value_flip,38.96
b03v2,base,agg_static@rho0.8,rep4_base_agg_static@rho0.8_b03v2,4,agg_static,0.8,4,upsert,L0040,A_no_future_use,
b03v2,base,agg_static@rho0.8,rep4_base_agg_static@rho0.8_b03v2,4,agg_static,0.8,5,upsert,L0006,D_meaningful_value_flip,40.96
b03v2,base,agg_static@rho0.8,rep4_base_agg_static@rho0.8_b03v2,4,agg_static,0.8,6,upsert,L0009,D_meaningful_value_flip,38.96
b03v2,base,agg_static@rho0.8,rep4_base_agg_static@rho0.8_b03v2,4,agg_static,0.8,8,upsert,L0014,B_no_decision_flip,0.0
b03v2,base,agg_static@rho0.8,rep4_base_agg_static@rho0.8_b03v2,4,agg_static,0.8,10,upsert,L0058,A_no_future_use,
b03v2,base,agg_static@rho0.8,rep4_base_agg_static@rho0.8_b03v2,4,agg_static,0.8,11,upsert,L0037,A_no_future_use,
b03v2,base,agg_static@rho0.8,rep4_base_agg_static@rho0.8_b03v2,4,agg_static,0.8,13,upsert,L0020,B_no_decision_flip,0.0
b03v2,base,agg_static@rho0.8,rep4_base_agg_static@rho0.8_b03v2,4,agg_static,0.8,14,upsert,L0005,B_no_decision_flip,0.0
b03v2,base,agg_static@rho0.8,rep4_base_agg_static@rho0.8_b03v2,4,agg_static,0.8,17,upsert,L0038,A_no_future_use,
b03v2,base,agg_static@rho0.8,rep4_base_agg_static@rho0.8_b03v2,4,agg_static,0.8,19,upsert,L0001,B_no_decision_flip,0.0
b03v2,base,agg_static@rho0.8,rep4_base_agg_static@rho0.8_b03v2,4,agg_static,0.8,20,upsert,L0044,B_no_decision_flip,0.0
b03v2,base,agg_static@rho0.8,rep4_base_agg_static@rho0.8_b03v2,4,agg_static,0.8,21,upsert,L0020,D_meaningful_value_flip,8.24
b03v2,base,agg_static@rho0.8,rep4_base_agg_static@rho0.8_b03v2,4,agg_static,0.8,22,upsert,L0047,A_no_future_use,
b03v2,base,agg_static@rho0.8,rep4_base_agg_static@rho0.8_b03v2,4,agg_static,0.8,23,upsert,L0000,B_no_decision_flip,0.0
b03v2,base,agg_static@rho0.8,rep4_base_agg_static@rho0.8_b03v2,4,agg_static,0.8,24,upsert,L0003,D_meaningful_value_flip,40.96
b03v2,base,agg_static@rho0.8,rep4_base_agg_static@rho0.8_b03v2,4,agg_static,0.8,25,upsert,L0005,C_low_value_flip,2.0
b03v2,base,agg_static@rho0.8,rep4_base_agg_static@rho0.8_b03v2,4,agg_static,0.8,26,upsert,L0004,D_meaningful_value_flip,40.96
b03v2,base,agg_static@rho0.8,rep4_base_agg_static@rho0.8_b03v2,4,agg_static,0.8,27,upsert,L0002,D_meaningful_value_flip,40.96
b03v2,base,agg_static@rho0.8,rep4_base_agg_static@rho0.8_b03v2,4,agg_static,0.8,28,upsert,L0013,A_no_future_use,
b03v2,base,agg_static@rho0.8,rep4_base_agg_static@rho0.8_b03v2,4,agg_static,0.8,29,upsert,L0025,D_meaningful_value_flip,38.96
b03v2,base,agg_static@rho0.8,rep4_base_agg_static@rho0.8_b03v2,4,agg_static,0.8,30,upsert,L0038,A_no_future_use,
b03v2,base,agg_static@rho0.8,rep4_base_agg_static@rho0.8_b03v2,4,agg_static,0.8,31,upsert,L0060,A_no_future_use,
b03v2,base,agg_static@rho0.8,rep4_base_agg_static@rho0.8_b03v2,4,agg_static,0.8,32,upsert,L0010,A_no_future_use,
b03v2,base,agg_static@rho0.8,rep4_base_agg_static@rho0.8_b03v2,4,agg_static,0.8,33,upsert,L0014,D_meaningful_value_flip,14.24
b03v2,base,agg_static@rho0.8,rep4_base_agg_static@rho0.8_b03v2,4,agg_static,0.8,34,upsert,L0060,A_no_future_use,
b03v2,base,agg_static@rho0.8,rep4_base_agg_static@rho0.8_b03v2,4,agg_static,0.8,35,upsert,L0009,A_no_future_use,
b03v2,base,agg_static@rho0.8,rep4_base_agg_static@rho0.8_b03v2,4,agg_static,0.8,36,upsert,L0029,A_no_future_use,
b03v2,base,agg_static@rho0.8,rep4_base_agg_static@rho0.8_b03v2,4,agg_static,0.8,37,upsert,L0032,A_no_future_use,
b03v2,base,agg_static@rho0.8,rep4_base_agg_static@rho0.8_b03v2,4,agg_static,0.8,38,upsert,L0013,A_no_future_use,
b03v2,base,agg_static@rho0.8,rep4_base_agg_static@rho0.8_b03v2,4,agg_static,0.8,39,upsert,L0000,B_no_decision_flip,10.24
b03v2,base,agg_static@rho0.8,rep4_base_agg_static@rho0.8_b03v2,4,agg_static,0.8,40,upsert,L0021,D_meaningful_value_flip,38.96
b03v2,base,agg_static@rho0.8,rep4_base_agg_static@rho0.8_b03v2,4,agg_static,0.8,41,upsert,L0023,D_meaningful_value_flip,36.96
b03v2,base,agg_static@rho0.8,rep4_base_agg_static@rho0.8_b03v2,4,agg_static,0.8,42,upsert,L0016,A_no_future_use,
b03v2,base,agg_static@rho0.8,rep4_base_agg_static@rho0.8_b03v2,4,agg_static,0.8,43,upsert,L0061,A_no_future_use,
b03v2,base,agg_static@rho0.8,rep4_base_agg_static@rho0.8_b03v2,4,agg_static,0.8,44,upsert,L0000,B_no_decision_flip,0.0
b03v2,base,agg_static@rho0.8,rep4_base_agg_static@rho0.8_b03v2,4,agg_static,0.8,45,upsert,L0044,C_low_value_flip,0.0
b03v2,base,agg_static@rho0.8,rep4_base_agg_static@rho0.8_b03v2,4,agg_static,0.8,46,upsert,L0006,A_no_future_use,
b03v2,base,agg_static@rho0.8,rep4_base_agg_static@rho0.8_b03v2,4,agg_static,0.8,47,upsert,L0039,B_no_decision_flip,0.0
b03v2,base,agg_static@rho0.8,rep4_base_agg_static@rho0.8_b03v2,4,agg_static,0.8,48,upsert,L0039,D_meaningful_value_flip,8.24
b03v2,base,agg_static@rho0.8,rep4_base_agg_static@rho0.8_b03v2,4,agg_static,0.8,49,upsert,L0007,A_no_future_use,
b03v2,base,agg_static@rho0.8,rep4_base_agg_static@rho0.8_b03v2,4,agg_static,0.8,50,upsert,L0012,A_no_future_use,
b03v2,base,agg_static@rho0.8,rep4_base_agg_static@rho0.8_b03v2,4,agg_static,0.8,51,upsert,L0031,A_no_future_use,
b03v2,base,agg_static@rho0.8,rep4_base_agg_static@rho0.8_b03v2,4,agg_static,0.8,52,upsert,L0059,A_no_future_use,
b03v2,base,agg_static@rho0.8,rep4_base_agg_static@rho0.8_b03v2,4,agg_static,0.8,53,upsert,L0035,A_no_future_use,
b03v2,base,agg_static@rho0.8,rep4_base_agg_static@rho0.8_b03v2,4,agg_static,0.8,54,upsert,L0020,A_no_future_use,
b03v2,base,agg_static@rho0.8,rep4_base_agg_static@rho0.8_b03v2,4,agg_static,0.8,55,upsert,L0056,A_no_future_use,
b03v2,base,agg_static@rho0.8,rep4_base_agg_static@rho0.8_b03v2,4,agg_static,0.8,56,upsert,L0027,A_no_future_use,
b03v2,base,agg_static@rho0.8,rep4_base_agg_static@rho0.8_b03v2,4,agg_static,0.8,57,upsert,L0002,A_no_future_use,
b03v2,base,agg_static@rho0.8,rep4_base_agg_static@rho0.8_b03v2,4,agg_static,0.8,58,upsert,L0001,A_no_future_use,
b03v2,base,agg_static@rho0.8,rep4_base_agg_static@rho0.8_b03v2,4,agg_static,0.8,59,upsert,L0022,A_no_future_use,
b03v2,base,agg_static@rho0.8,rep4_base_agg_static@rho0.8_b03v2,4,agg_static,0.8,60,upsert,L0004,A_no_future_use,
b03v2,base,agg_static@rho0.8,rep4_base_agg_static@rho0.8_b03v2,4,agg_static,0.8,61,upsert,L0012,A_no_future_use,
b03v2,base,agg_static@rho0.8,rep4_base_agg_static@rho0.8_b03v2,4,agg_static,0.8,62,upsert,L0025,A_no_future_use,
b03v2,base,agg_static@rho0.8,rep4_base_agg_static@rho0.8_b03v2,4,agg_static,0.8,63,upsert,L0050,A_no_future_use,
b03v2,base,agg_static@rho0.8,rep4_base_agg_static@rho0.8_b03v2,4,agg_static,0.8,64,upsert,L0010,A_no_future_use,
b03v2,base,agg_static@rho0.8,rep4_base_agg_static@rho0.8_b03v2,4,agg_static,0.8,65,upsert,L0021,A_no_future_use,
b03v2,base,agg_static@rho0.8,rep4_base_agg_static@rho0.8_b03v2,4,agg_static,0.8,66,upsert,L0002,A_no_future_use,
b03v2,base,agg_static@rho0.8,rep4_base_agg_static@rho0.8_b03v2,4,agg_static,0.8,67,upsert,L0025,A_no_future_use,
b03v2,base,agg_static@rho0.8,rep4_base_agg_static@rho0.8_b03v2,4,agg_static,0.8,68,upsert,L0006,A_no_future_use,
b03v2,base,agg_static@rho0.8,rep4_base_agg_static@rho0.8_b03v2,4,agg_static,0.8,69,upsert,L0057,A_no_future_use,
b03v2,base,agg_static@rho0.8,rep4_base_agg_static@rho0.8_b03v2,4,agg_static,0.8,70,upsert,L0022,A_no_future_use,
b03v2,base,agg_static@rho0.8,rep4_base_agg_static@rho0.8_b03v2,4,agg_static,0.8,71,upsert,L0009,A_no_future_use,
b03v2,base,agg_static@rho0.8,rep4_base_agg_static@rho0.8_b03v2,4,agg_static,0.8,72,upsert,L0017,A_no_future_use,
b03v2,base,agg_static@rho0.8,rep4_base_agg_static@rho0.8_b03v2,4,agg_static,0.8,73,upsert,L0050,A_no_future_use,
b03v2,base,agg_static@rho0.8,rep4_base_agg_static@rho0.8_b03v2,4,agg_static,0.8,74,upsert,L0056,A_no_future_use,
b03v2,base,agg_static@rho0.8,rep4_base_agg_static@rho0.8_b03v2,4,agg_static,0.8,75,upsert,L0019,A_no_future_use,
b03v2,base,agg_static@rho0.8,rep4_base_agg_static@rho0.8_b03v2,4,agg_static,0.8,76,upsert,L0020,A_no_future_use,
b03v2,base,agg_static@rho0.8,rep4_base_agg_static@rho0.8_b03v2,4,agg_static,0.8,77,upsert,L0046,A_no_future_use,
b03v2,base,agg_static@rho0.8,rep4_base_agg_static@rho0.8_b03v2,4,agg_static,0.8,78,upsert,L0027,A_no_future_use,
b03v2,base,agg_static@rho0.8,rep4_base_agg_static@rho0.8_b03v2,4,agg_static,0.8,79,upsert,L0002,A_no_future_use,
b03v2,base,agg_static@rho0.8,rep4_base_agg_static@rho0.8_b03v2,4,agg_static,0.8,80,upsert,L0003,A_no_future_use,
b03v2,base,agg_static@rho0.8,rep4_base_agg_static@rho0.8_b03v2,4,agg_static,0.8,81,upsert,L0021,A_no_future_use,
b03v2,base,agg_static@rho0.8,rep4_base_agg_static@rho0.8_b03v2,4,agg_static,0.8,82,upsert,L0021,A_no_future_use,
b03v2,base,agg_static@rho0.8,rep4_base_agg_static@rho0.8_b03v2,4,agg_static,0.8,83,upsert,L0024,A_no_future_use,
b03v2,base,agg_static@rho0.8,rep4_base_agg_static@rho0.8_b03v2,4,agg_static,0.8,84,upsert,L0000,A_no_future_use,
b03v2,base,agg_static@rho0.8,rep4_base_agg_static@rho0.8_b03v2,4,agg_static,0.8,85,upsert,L0044,A_no_future_use,
b03v2,base,agg_static@rho0.8,rep4_base_agg_static@rho0.8_b03v2,4,agg_static,0.8,86,upsert,L0011,A_no_future_use,
b03v2,base,agg_static@rho0.8,rep4_base_agg_static@rho0.8_b03v2,4,agg_static,0.8,87,upsert,L0048,A_no_future_use,
b03v2,base,agg_static@rho0.8,rep4_base_agg_static@rho0.8_b03v2,4,agg_static,0.8,88,upsert,L0021,A_no_future_use,
b03v2,base,agg_static@rho0.8,rep4_base_agg_static@rho0.8_b03v2,4,agg_static,0.8,89,upsert,L0003,A_no_future_use,
b03v2,base,agg_static@rho0.8,rep4_base_agg_static@rho0.8_b03v2,4,agg_static,0.8,90,upsert,L0014,A_no_future_use,
b03v2,base,agg_static@rho0.8,rep4_base_agg_static@rho0.8_b03v2,4,agg_static,0.8,91,upsert,L0005,A_no_future_use,
b03v2,base,agg_static@rho0.8,rep4_base_agg_static@rho0.8_b03v2,4,agg_static,0.8,92,upsert,L0000,A_no_future_use,
b03v2,base,agg_static@rho0.8,rep4_base_agg_static@rho0.8_b03v2,4,agg_static,0.8,93,upsert,L0034,A_no_future_use,
b03v2,base,agg_static@rho0.8,rep4_base_agg_static@rho0.8_b03v2,4,agg_static,0.8,94,upsert,L0039,A_no_future_use,
b03v2,base,agg_static@rho0.8,rep4_base_agg_static@rho0.8_b03v2,4,agg_static,0.8,95,upsert,L0023,A_no_future_use,
b03v2,base,agg_static@rho0.8,rep4_base_agg_static@rho0.8_b03v2,4,agg_static,0.8,96,upsert,L0087,A_no_future_use,
b03v2,base,agg_static@rho0.8,rep4_base_agg_static@rho0.8_b03v2,4,agg_static,0.8,97,upsert,L0110,D_meaningful_value_flip,40.96
b03v2,base,agg_static@rho0.8,rep4_base_agg_static@rho0.8_b03v2,4,agg_static,0.8,98,upsert,L0076,D_meaningful_value_flip,38.96
b03v2,base,agg_static@rho0.8,rep4_base_agg_static@rho0.8_b03v2,4,agg_static,0.8,99,upsert,L0100,A_no_future_use,
b03v2,base,agg_static@rho0.8,rep4_base_agg_static@rho0.8_b03v2,4,agg_static,0.8,100,upsert,L0070,A_no_future_use,
b03v2,base,agg_static@rho0.8,rep4_base_agg_static@rho0.8_b03v2,4,agg_static,0.8,101,upsert,L0077,B_no_decision_flip,0.0
b03v2,base,agg_static@rho0.8,rep4_base_agg_static@rho0.8_b03v2,4,agg_static,0.8,102,upsert,L0073,B_no_decision_flip,0.0
b03v2,base,agg_static@rho0.8,rep4_base_agg_static@rho0.8_b03v2,4,agg_static,0.8,103,upsert,L0074,A_no_future_use,
b03v2,base,agg_static@rho0.8,rep4_base_agg_static@rho0.8_b03v2,4,agg_static,0.8,104,upsert,L0120,A_no_future_use,
b03v2,base,agg_static@rho0.8,rep4_base_agg_static@rho0.8_b03v2,4,agg_static,0.8,105,upsert,L0074,A_no_future_use,
b03v2,base,agg_static@rho0.8,rep4_base_agg_static@rho0.8_b03v2,4,agg_static,0.8,106,upsert,L0099,A_no_future_use,
b03v2,base,agg_static@rho0.8,rep4_base_agg_static@rho0.8_b03v2,4,agg_static,0.8,107,upsert,L0072,A_no_future_use,
b03v2,base,agg_static@rho0.8,rep4_base_agg_static@rho0.8_b03v2,4,agg_static,0.8,108,upsert,L0105,A_no_future_use,
b03v2,base,agg_static@rho0.8,rep4_base_agg_static@rho0.8_b03v2,4,agg_static,0.8,109,upsert,L0064,A_no_future_use,
b03v2,base,agg_static@rho0.8,rep4_base_agg_static@rho0.8_b03v2,4,agg_static,0.8,110,upsert,L0079,B_no_decision_flip,0.0
b03v2,base,agg_static@rho0.8,rep4_base_agg_static@rho0.8_b03v2,4,agg_static,0.8,111,upsert,L0098,A_no_future_use,
b03v2,base,agg_static@rho0.8,rep4_base_agg_static@rho0.8_b03v2,4,agg_static,0.8,112,upsert,L0112,A_no_future_use,
b03v2,base,agg_static@rho0.8,rep4_base_agg_static@rho0.8_b03v2,4,agg_static,0.8,113,upsert,L0102,A_no_future_use,
b03v2,base,agg_static@rho0.8,rep4_base_agg_static@rho0.8_b03v2,4,agg_static,0.8,114,upsert,L0069,D_meaningful_value_flip,40.96
b03v2,base,agg_static@rho0.8,rep4_base_agg_static@rho0.8_b03v2,4,agg_static,0.8,115,upsert,L0068,A_no_future_use,
b03v2,base,agg_static@rho0.8,rep4_base_agg_static@rho0.8_b03v2,4,agg_static,0.8,116,upsert,L0064,A_no_future_use,
b03v2,base,agg_static@rho0.8,rep4_base_agg_static@rho0.8_b03v2,4,agg_static,0.8,117,upsert,L0089,A_no_future_use,
b03v2,base,agg_static@rho0.8,rep4_base_agg_static@rho0.8_b03v2,4,agg_static,0.8,118,upsert,L0106,A_no_future_use,
b03v2,base,agg_static@rho0.8,rep4_base_agg_static@rho0.8_b03v2,4,agg_static,0.8,119,upsert,L0071,A_no_future_use,
b03v2,base,agg_static@rho0.8,rep4_base_agg_static@rho0.8_b03v2,4,agg_static,0.8,120,upsert,L0068,A_no_future_use,
b03v2,base,agg_static@rho0.8,rep4_base_agg_static@rho0.8_b03v2,4,agg_static,0.8,121,upsert,L0076,A_no_future_use,
b03v2,base,agg_static@rho0.8,rep4_base_agg_static@rho0.8_b03v2,4,agg_static,0.8,122,upsert,L0118,A_no_future_use,
b03v2,base,agg_static@rho1.0,rep4_base_agg_static@rho1.0_b03v2,4,agg_static,1.0,0,upsert,L0017,B_no_decision_flip,0.0
b03v2,base,agg_static@rho1.0,rep4_base_agg_static@rho1.0_b03v2,4,agg_static,1.0,1,upsert,L0044,D_meaningful_value_flip,38.96
b03v2,base,agg_static@rho1.0,rep4_base_agg_static@rho1.0_b03v2,4,agg_static,1.0,2,upsert,L0059,A_no_future_use,
b03v2,base,agg_static@rho1.0,rep4_base_agg_static@rho1.0_b03v2,4,agg_static,1.0,4,upsert,L0040,A_no_future_use,
b03v2,base,agg_static@rho1.0,rep4_base_agg_static@rho1.0_b03v2,4,agg_static,1.0,5,upsert,L0006,A_no_future_use,
b03v2,base,agg_static@rho1.0,rep4_base_agg_static@rho1.0_b03v2,4,agg_static,1.0,6,upsert,L0009,A_no_future_use,
b03v2,base,agg_static@rho1.0,rep4_base_agg_static@rho1.0_b03v2,4,agg_static,1.0,8,upsert,L0014,D_meaningful_value_flip,40.96
b03v2,base,agg_static@rho1.0,rep4_base_agg_static@rho1.0_b03v2,4,agg_static,1.0,11,upsert,L0037,A_no_future_use,
b03v2,base,agg_static@rho1.0,rep4_base_agg_static@rho1.0_b03v2,4,agg_static,1.0,13,upsert,L0020,D_meaningful_value_flip,40.96
b03v2,base,agg_static@rho1.0,rep4_base_agg_static@rho1.0_b03v2,4,agg_static,1.0,14,upsert,L0005,B_no_decision_flip,0.0
b03v2,base,agg_static@rho1.0,rep4_base_agg_static@rho1.0_b03v2,4,agg_static,1.0,17,upsert,L0038,A_no_future_use,
b03v2,base,agg_static@rho1.0,rep4_base_agg_static@rho1.0_b03v2,4,agg_static,1.0,20,upsert,L0044,A_no_future_use,
b03v2,base,agg_static@rho1.0,rep4_base_agg_static@rho1.0_b03v2,4,agg_static,1.0,21,upsert,L0020,A_no_future_use,
b03v2,base,agg_static@rho1.0,rep4_base_agg_static@rho1.0_b03v2,4,agg_static,1.0,22,upsert,L0047,A_no_future_use,
b03v2,base,agg_static@rho1.0,rep4_base_agg_static@rho1.0_b03v2,4,agg_static,1.0,23,upsert,L0000,A_no_future_use,
b03v2,base,agg_static@rho1.0,rep4_base_agg_static@rho1.0_b03v2,4,agg_static,1.0,24,upsert,L0003,A_no_future_use,
b03v2,base,agg_static@rho1.0,rep4_base_agg_static@rho1.0_b03v2,4,agg_static,1.0,25,upsert,L0005,A_no_future_use,
b03v2,base,agg_static@rho1.0,rep4_base_agg_static@rho1.0_b03v2,4,agg_static,1.0,26,upsert,L0004,A_no_future_use,
b03v2,base,agg_static@rho1.0,rep4_base_agg_static@rho1.0_b03v2,4,agg_static,1.0,28,upsert,L0013,A_no_future_use,
b03v2,base,agg_static@rho1.0,rep4_base_agg_static@rho1.0_b03v2,4,agg_static,1.0,30,upsert,L0038,A_no_future_use,
b03v2,base,agg_static@rho1.0,rep4_base_agg_static@rho1.0_b03v2,4,agg_static,1.0,32,upsert,L0010,A_no_future_use,
b03v2,base,agg_static@rho1.0,rep4_base_agg_static@rho1.0_b03v2,4,agg_static,1.0,33,upsert,L0014,A_no_future_use,
b03v2,base,agg_static@rho1.0,rep4_base_agg_static@rho1.0_b03v2,4,agg_static,1.0,34,upsert,L0060,A_no_future_use,
b03v2,base,agg_static@rho1.0,rep4_base_agg_static@rho1.0_b03v2,4,agg_static,1.0,35,upsert,L0009,A_no_future_use,
b03v2,base,agg_static@rho1.0,rep4_base_agg_static@rho1.0_b03v2,4,agg_static,1.0,36,upsert,L0029,A_no_future_use,
b03v2,base,agg_static@rho1.0,rep4_base_agg_static@rho1.0_b03v2,4,agg_static,1.0,37,upsert,L0032,A_no_future_use,
b03v2,base,agg_static@rho1.0,rep4_base_agg_static@rho1.0_b03v2,4,agg_static,1.0,38,upsert,L0013,A_no_future_use,
b03v2,base,agg_static@rho1.0,rep4_base_agg_static@rho1.0_b03v2,4,agg_static,1.0,39,upsert,L0000,A_no_future_use,
b03v2,base,agg_static@rho1.0,rep4_base_agg_static@rho1.0_b03v2,4,agg_static,1.0,40,upsert,L0021,A_no_future_use,
b03v2,base,agg_static@rho1.0,rep4_base_agg_static@rho1.0_b03v2,4,agg_static,1.0,41,upsert,L0023,A_no_future_use,
b03v2,base,agg_static@rho1.0,rep4_base_agg_static@rho1.0_b03v2,4,agg_static,1.0,42,upsert,L0016,A_no_future_use,
b03v2,base,agg_static@rho1.0,rep4_base_agg_static@rho1.0_b03v2,4,agg_static,1.0,43,upsert,L0061,A_no_future_use,
b03v2,base,agg_static@rho1.0,rep4_base_agg_static@rho1.0_b03v2,4,agg_static,1.0,44,upsert,L0000,A_no_future_use,
b03v2,base,agg_static@rho1.0,rep4_base_agg_static@rho1.0_b03v2,4,agg_static,1.0,46,upsert,L0006,A_no_future_use,
b03v2,base,agg_static@rho1.0,rep4_base_agg_static@rho1.0_b03v2,4,agg_static,1.0,47,upsert,L0039,A_no_future_use,
b03v2,base,agg_static@rho1.0,rep4_base_agg_static@rho1.0_b03v2,4,agg_static,1.0,48,upsert,L0039,A_no_future_use,
b03v2,base,agg_static@rho1.0,rep4_base_agg_static@rho1.0_b03v2,4,agg_static,1.0,49,upsert,L0007,A_no_future_use,
b03v2,base,agg_static@rho1.0,rep4_base_agg_static@rho1.0_b03v2,4,agg_static,1.0,50,upsert,L0012,A_no_future_use,
b03v2,base,agg_static@rho1.0,rep4_base_agg_static@rho1.0_b03v2,4,agg_static,1.0,51,upsert,L0031,A_no_future_use,
b03v2,base,agg_static@rho1.0,rep4_base_agg_static@rho1.0_b03v2,4,agg_static,1.0,52,upsert,L0059,A_no_future_use,
b03v2,base,agg_static@rho1.0,rep4_base_agg_static@rho1.0_b03v2,4,agg_static,1.0,53,upsert,L0035,A_no_future_use,
b03v2,base,agg_static@rho1.0,rep4_base_agg_static@rho1.0_b03v2,4,agg_static,1.0,54,upsert,L0020,A_no_future_use,
b03v2,base,agg_static@rho1.0,rep4_base_agg_static@rho1.0_b03v2,4,agg_static,1.0,55,upsert,L0056,A_no_future_use,
b03v2,base,agg_static@rho1.0,rep4_base_agg_static@rho1.0_b03v2,4,agg_static,1.0,56,upsert,L0027,A_no_future_use,
b03v2,base,agg_static@rho1.0,rep4_base_agg_static@rho1.0_b03v2,4,agg_static,1.0,57,upsert,L0002,A_no_future_use,
b03v2,base,agg_static@rho1.0,rep4_base_agg_static@rho1.0_b03v2,4,agg_static,1.0,58,upsert,L0001,A_no_future_use,
b03v2,base,agg_static@rho1.0,rep4_base_agg_static@rho1.0_b03v2,4,agg_static,1.0,59,upsert,L0022,A_no_future_use,
b03v2,base,agg_static@rho1.0,rep4_base_agg_static@rho1.0_b03v2,4,agg_static,1.0,60,upsert,L0004,A_no_future_use,
b03v2,base,agg_static@rho1.0,rep4_base_agg_static@rho1.0_b03v2,4,agg_static,1.0,61,upsert,L0012,A_no_future_use,
b03v2,base,agg_static@rho1.0,rep4_base_agg_static@rho1.0_b03v2,4,agg_static,1.0,62,upsert,L0025,A_no_future_use,
b03v2,base,agg_static@rho1.0,rep4_base_agg_static@rho1.0_b03v2,4,agg_static,1.0,63,upsert,L0050,A_no_future_use,
b03v2,base,agg_static@rho1.0,rep4_base_agg_static@rho1.0_b03v2,4,agg_static,1.0,64,upsert,L0010,A_no_future_use,
b03v2,base,agg_static@rho1.0,rep4_base_agg_static@rho1.0_b03v2,4,agg_static,1.0,65,upsert,L0021,A_no_future_use,
b03v2,base,agg_static@rho1.0,rep4_base_agg_static@rho1.0_b03v2,4,agg_static,1.0,66,upsert,L0002,A_no_future_use,
b03v2,base,agg_static@rho1.0,rep4_base_agg_static@rho1.0_b03v2,4,agg_static,1.0,67,upsert,L0025,A_no_future_use,
b03v2,base,agg_static@rho1.0,rep4_base_agg_static@rho1.0_b03v2,4,agg_static,1.0,69,upsert,L0057,A_no_future_use,
b03v2,base,agg_static@rho1.0,rep4_base_agg_static@rho1.0_b03v2,4,agg_static,1.0,70,upsert,L0022,A_no_future_use,
b03v2,base,agg_static@rho1.0,rep4_base_agg_static@rho1.0_b03v2,4,agg_static,1.0,71,upsert,L0009,A_no_future_use,
b03v2,base,agg_static@rho1.0,rep4_base_agg_static@rho1.0_b03v2,4,agg_static,1.0,72,upsert,L0017,A_no_future_use,
b03v2,base,agg_static@rho1.0,rep4_base_agg_static@rho1.0_b03v2,4,agg_static,1.0,73,upsert,L0050,A_no_future_use,
b03v2,base,agg_static@rho1.0,rep4_base_agg_static@rho1.0_b03v2,4,agg_static,1.0,74,upsert,L0056,A_no_future_use,
b03v2,base,agg_static@rho1.0,rep4_base_agg_static@rho1.0_b03v2,4,agg_static,1.0,75,upsert,L0019,A_no_future_use,
b03v2,base,agg_static@rho1.0,rep4_base_agg_static@rho1.0_b03v2,4,agg_static,1.0,76,upsert,L0020,A_no_future_use,
b03v2,base,agg_static@rho1.0,rep4_base_agg_static@rho1.0_b03v2,4,agg_static,1.0,77,upsert,L0046,A_no_future_use,
b03v2,base,exact_fifo@rho1.0,rep4_base_exact_fifo@rho1.0_b03v2,4,exact_fifo,1.0,0,upsert,L0017,D_meaningful_value_flip,40.96
b03v2,base,exact_fifo@rho1.0,rep4_base_exact_fifo@rho1.0_b03v2,4,exact_fifo,1.0,1,upsert,L0044,D_meaningful_value_flip,40.96
b03v2,base,exact_fifo@rho1.0,rep4_base_exact_fifo@rho1.0_b03v2,4,exact_fifo,1.0,2,upsert,L0059,A_no_future_use,
b03v2,base,exact_fifo@rho1.0,rep4_base_exact_fifo@rho1.0_b03v2,4,exact_fifo,1.0,3,upsert,L0016,A_no_future_use,
b03v2,base,exact_fifo@rho1.0,rep4_base_exact_fifo@rho1.0_b03v2,4,exact_fifo,1.0,4,upsert,L0040,A_no_future_use,
b03v2,base,exact_fifo@rho1.0,rep4_base_exact_fifo@rho1.0_b03v2,4,exact_fifo,1.0,5,upsert,L0006,D_meaningful_value_flip,40.96
b03v2,base,exact_fifo@rho1.0,rep4_base_exact_fifo@rho1.0_b03v2,4,exact_fifo,1.0,6,upsert,L0009,D_meaningful_value_flip,38.96
b03v2,base,exact_fifo@rho1.0,rep4_base_exact_fifo@rho1.0_b03v2,4,exact_fifo,1.0,7,upsert,L0033,A_no_future_use,
b03v2,base,exact_fifo@rho1.0,rep4_base_exact_fifo@rho1.0_b03v2,4,exact_fifo,1.0,8,upsert,L0014,D_meaningful_value_flip,38.96
b03v2,base,exact_fifo@rho1.0,rep4_base_exact_fifo@rho1.0_b03v2,4,exact_fifo,1.0,9,upsert,L0041,A_no_future_use,
b03v2,base,exact_fifo@rho1.0,rep4_base_exact_fifo@rho1.0_b03v2,4,exact_fifo,1.0,10,upsert,L0058,A_no_future_use,
b03v2,base,exact_fifo@rho1.0,rep4_base_exact_fifo@rho1.0_b03v2,4,exact_fifo,1.0,11,upsert,L0037,A_no_future_use,
b03v2,base,exact_fifo@rho1.0,rep4_base_exact_fifo@rho1.0_b03v2,4,exact_fifo,1.0,12,upsert,L0007,A_no_future_use,
b03v2,base,exact_fifo@rho1.0,rep4_base_exact_fifo@rho1.0_b03v2,4,exact_fifo,1.0,13,upsert,L0020,A_no_future_use,
b03v2,base,exact_fifo@rho1.0,rep4_base_exact_fifo@rho1.0_b03v2,4,exact_fifo,1.0,14,upsert,L0005,A_no_future_use,
b03v2,base,exact_fifo@rho1.0,rep4_base_exact_fifo@rho1.0_b03v2,4,exact_fifo,1.0,15,upsert,L0011,A_no_future_use,
b03v2,base,exact_fifo@rho1.0,rep4_base_exact_fifo@rho1.0_b03v2,4,exact_fifo,1.0,16,upsert,L0000,D_meaningful_value_flip,40.96
b03v2,base,exact_fifo@rho1.0,rep4_base_exact_fifo@rho1.0_b03v2,4,exact_fifo,1.0,17,upsert,L0038,A_no_future_use,
b03v2,base,exact_fifo@rho1.0,rep4_base_exact_fifo@rho1.0_b03v2,4,exact_fifo,1.0,18,upsert,L0019,A_no_future_use,
b03v2,base,exact_fifo@rho1.0,rep4_base_exact_fifo@rho1.0_b03v2,4,exact_fifo,1.0,19,upsert,L0001,A_no_future_use,
b03v2,base,exact_fifo@rho1.0,rep4_base_exact_fifo@rho1.0_b03v2,4,exact_fifo,1.0,20,upsert,L0044,A_no_future_use,
b03v2,base,exact_fifo@rho1.0,rep4_base_exact_fifo@rho1.0_b03v2,4,exact_fifo,1.0,21,upsert,L0020,A_no_future_use,
b03v2,base,exact_fifo@rho1.0,rep4_base_exact_fifo@rho1.0_b03v2,4,exact_fifo,1.0,22,upsert,L0047,A_no_future_use,
b03v2,base,exact_fifo@rho1.0,rep4_base_exact_fifo@rho1.0_b03v2,4,exact_fifo,1.0,23,upsert,L0000,A_no_future_use,
b03v2,base,exact_fifo@rho1.0,rep4_base_exact_fifo@rho1.0_b03v2,4,exact_fifo,1.0,24,upsert,L0003,A_no_future_use,
b03v2,base,exact_fifo@rho1.0,rep4_base_exact_fifo@rho1.0_b03v2,4,exact_fifo,1.0,25,upsert,L0005,A_no_future_use,
b03v2,base,exact_fifo@rho1.0,rep4_base_exact_fifo@rho1.0_b03v2,4,exact_fifo,1.0,26,upsert,L0004,A_no_future_use,
b03v2,base,exact_fifo@rho1.0,rep4_base_exact_fifo@rho1.0_b03v2,4,exact_fifo,1.0,27,upsert,L0002,A_no_future_use,
b03v2,base,exact_fifo@rho1.0,rep4_base_exact_fifo@rho1.0_b03v2,4,exact_fifo,1.0,28,upsert,L0013,A_no_future_use,
b03v2,base,exact_fifo@rho1.0,rep4_base_exact_fifo@rho1.0_b03v2,4,exact_fifo,1.0,29,upsert,L0025,A_no_future_use,
b03v2,base,exact_fifo@rho1.0,rep4_base_exact_fifo@rho1.0_b03v2,4,exact_fifo,1.0,30,upsert,L0038,A_no_future_use,
b03v2,base,exact_fifo@rho1.0,rep4_base_exact_fifo@rho1.0_b03v2,4,exact_fifo,1.0,31,upsert,L0060,A_no_future_use,
b03v2,base,exact_fifo@rho1.0,rep4_base_exact_fifo@rho1.0_b03v2,4,exact_fifo,1.0,32,upsert,L0010,A_no_future_use,
b03v2,base,exact_fifo@rho1.0,rep4_base_exact_fifo@rho1.0_b03v2,4,exact_fifo,1.0,33,upsert,L0014,A_no_future_use,
b03v2,base,exact_fifo@rho1.0,rep4_base_exact_fifo@rho1.0_b03v2,4,exact_fifo,1.0,34,upsert,L0060,A_no_future_use,
b03v2,base,exact_fifo@rho1.0,rep4_base_exact_fifo@rho1.0_b03v2,4,exact_fifo,1.0,35,upsert,L0009,A_no_future_use,
b03v2,base,exact_fifo@rho1.0,rep4_base_exact_fifo@rho1.0_b03v2,4,exact_fifo,1.0,36,upsert,L0029,A_no_future_use,
b03v2,base,exact_fifo@rho1.0,rep4_base_exact_fifo@rho1.0_b03v2,4,exact_fifo,1.0,37,upsert,L0032,A_no_future_use,
b03v2,base,exact_fifo@rho1.0,rep4_base_exact_fifo@rho1.0_b03v2,4,exact_fifo,1.0,38,upsert,L0013,A_no_future_use,
b03v2,base,exact_fifo@rho1.0,rep4_base_exact_fifo@rho1.0_b03v2,4,exact_fifo,1.0,39,upsert,L0000,A_no_future_use,
b03v2,base,exact_fifo@rho1.0,rep4_base_exact_fifo@rho1.0_b03v2,4,exact_fifo,1.0,40,upsert,L0021,A_no_future_use,
b03v2,base,exact_fifo@rho1.0,rep4_base_exact_fifo@rho1.0_b03v2,4,exact_fifo,1.0,41,upsert,L0023,A_no_future_use,
b03v2,base,exact_fifo@rho1.0,rep4_base_exact_fifo@rho1.0_b03v2,4,exact_fifo,1.0,42,upsert,L0016,A_no_future_use,
b03v2,base,exact_fifo@rho1.0,rep4_base_exact_fifo@rho1.0_b03v2,4,exact_fifo,1.0,43,upsert,L0061,A_no_future_use,
b03v2,base,exact_fifo@rho1.0,rep4_base_exact_fifo@rho1.0_b03v2,4,exact_fifo,1.0,44,upsert,L0000,A_no_future_use,
b03v2,base,exact_fifo@rho1.0,rep4_base_exact_fifo@rho1.0_b03v2,4,exact_fifo,1.0,45,upsert,L0044,A_no_future_use,
b03v2,base,exact_fifo@rho1.0,rep4_base_exact_fifo@rho1.0_b03v2,4,exact_fifo,1.0,46,upsert,L0006,A_no_future_use,
b03v2,base,exact_fifo@rho1.0,rep4_base_exact_fifo@rho1.0_b03v2,4,exact_fifo,1.0,47,upsert,L0039,A_no_future_use,
b03v2,base,exact_fifo@rho0.5,rep4_base_exact_fifo@rho0.5_b03v2,4,exact_fifo,0.5,0,upsert,L0017,D_meaningful_value_flip,40.96
b03v2,base,exact_fifo@rho0.5,rep4_base_exact_fifo@rho0.5_b03v2,4,exact_fifo,0.5,1,upsert,L0044,B_no_decision_flip,0.0
b03v2,base,exact_fifo@rho0.5,rep4_base_exact_fifo@rho0.5_b03v2,4,exact_fifo,0.5,2,upsert,L0059,D_meaningful_value_flip,40.96
b03v2,base,exact_fifo@rho0.5,rep4_base_exact_fifo@rho0.5_b03v2,4,exact_fifo,0.5,3,upsert,L0016,A_no_future_use,
b03v2,base,exact_fifo@rho0.5,rep4_base_exact_fifo@rho0.5_b03v2,4,exact_fifo,0.5,4,upsert,L0040,A_no_future_use,
b03v2,base,exact_fifo@rho0.5,rep4_base_exact_fifo@rho0.5_b03v2,4,exact_fifo,0.5,5,upsert,L0006,D_meaningful_value_flip,40.96
b03v2,base,exact_fifo@rho0.5,rep4_base_exact_fifo@rho0.5_b03v2,4,exact_fifo,0.5,6,upsert,L0009,B_no_decision_flip,0.0
b03v2,base,exact_fifo@rho0.5,rep4_base_exact_fifo@rho0.5_b03v2,4,exact_fifo,0.5,7,upsert,L0033,A_no_future_use,
b03v2,base,exact_fifo@rho0.5,rep4_base_exact_fifo@rho0.5_b03v2,4,exact_fifo,0.5,8,upsert,L0014,D_meaningful_value_flip,38.96
b03v2,base,exact_fifo@rho0.5,rep4_base_exact_fifo@rho0.5_b03v2,4,exact_fifo,0.5,9,upsert,L0041,A_no_future_use,
b03v2,base,exact_fifo@rho0.5,rep4_base_exact_fifo@rho0.5_b03v2,4,exact_fifo,0.5,10,upsert,L0058,A_no_future_use,
b03v2,base,exact_fifo@rho0.5,rep4_base_exact_fifo@rho0.5_b03v2,4,exact_fifo,0.5,11,upsert,L0037,A_no_future_use,
b03v2,base,exact_fifo@rho0.5,rep4_base_exact_fifo@rho0.5_b03v2,4,exact_fifo,0.5,12,upsert,L0007,A_no_future_use,
b03v2,base,exact_fifo@rho0.5,rep4_base_exact_fifo@rho0.5_b03v2,4,exact_fifo,0.5,13,upsert,L0020,B_no_decision_flip,0.0
b03v2,base,exact_fifo@rho0.5,rep4_base_exact_fifo@rho0.5_b03v2,4,exact_fifo,0.5,14,upsert,L0005,D_meaningful_value_flip,40.96
b03v2,base,exact_fifo@rho0.5,rep4_base_exact_fifo@rho0.5_b03v2,4,exact_fifo,0.5,15,upsert,L0011,D_meaningful_value_flip,38.96
b03v2,base,exact_fifo@rho0.5,rep4_base_exact_fifo@rho0.5_b03v2,4,exact_fifo,0.5,16,upsert,L0000,B_no_decision_flip,0.0
b03v2,base,exact_fifo@rho0.5,rep4_base_exact_fifo@rho0.5_b03v2,4,exact_fifo,0.5,17,upsert,L0038,A_no_future_use,
b03v2,base,exact_fifo@rho0.5,rep4_base_exact_fifo@rho0.5_b03v2,4,exact_fifo,0.5,18,upsert,L0019,D_meaningful_value_flip,38.96
b03v2,base,exact_fifo@rho0.5,rep4_base_exact_fifo@rho0.5_b03v2,4,exact_fifo,0.5,19,upsert,L0001,A_no_future_use,
b03v2,base,exact_fifo@rho0.5,rep4_base_exact_fifo@rho0.5_b03v2,4,exact_fifo,0.5,20,upsert,L0044,C_low_value_flip,0.0
b03v2,base,exact_fifo@rho0.5,rep4_base_exact_fifo@rho0.5_b03v2,4,exact_fifo,0.5,21,upsert,L0020,C_low_value_flip,0.0
b03v2,base,exact_fifo@rho0.5,rep4_base_exact_fifo@rho0.5_b03v2,4,exact_fifo,0.5,22,upsert,L0047,A_no_future_use,
b03v2,base,exact_fifo@rho0.5,rep4_base_exact_fifo@rho0.5_b03v2,4,exact_fifo,0.5,23,upsert,L0000,C_low_value_flip,0.0
b03v2,base,exact_fifo@rho0.5,rep4_base_exact_fifo@rho0.5_b03v2,4,exact_fifo,0.5,24,upsert,L0003,D_meaningful_value_flip,40.96
b03v2,base,exact_fifo@rho0.5,rep4_base_exact_fifo@rho0.5_b03v2,4,exact_fifo,0.5,25,upsert,L0005,A_no_future_use,
b03v2,base,exact_fifo@rho0.5,rep4_base_exact_fifo@rho0.5_b03v2,4,exact_fifo,0.5,26,upsert,L0004,A_no_future_use,
b03v2,base,exact_fifo@rho0.5,rep4_base_exact_fifo@rho0.5_b03v2,4,exact_fifo,0.5,27,upsert,L0002,A_no_future_use,
b03v2,base,exact_fifo@rho0.5,rep4_base_exact_fifo@rho0.5_b03v2,4,exact_fifo,0.5,28,upsert,L0013,A_no_future_use,
b03v2,base,exact_fifo@rho0.5,rep4_base_exact_fifo@rho0.5_b03v2,4,exact_fifo,0.5,29,upsert,L0025,A_no_future_use,
b03v2,base,exact_fifo@rho0.5,rep4_base_exact_fifo@rho0.5_b03v2,4,exact_fifo,0.5,30,upsert,L0038,A_no_future_use,
b03v2,base,exact_fifo@rho0.5,rep4_base_exact_fifo@rho0.5_b03v2,4,exact_fifo,0.5,31,upsert,L0060,A_no_future_use,
b03v2,base,exact_fifo@rho0.5,rep4_base_exact_fifo@rho0.5_b03v2,4,exact_fifo,0.5,32,upsert,L0010,A_no_future_use,
b03v2,base,exact_fifo@rho0.5,rep4_base_exact_fifo@rho0.5_b03v2,4,exact_fifo,0.5,33,upsert,L0014,A_no_future_use,
b03v2,base,exact_fifo@rho0.5,rep4_base_exact_fifo@rho0.5_b03v2,4,exact_fifo,0.5,34,upsert,L0060,A_no_future_use,
b03v2,base,exact_fifo@rho0.5,rep4_base_exact_fifo@rho0.5_b03v2,4,exact_fifo,0.5,35,upsert,L0009,A_no_future_use,
b03v2,base,exact_fifo@rho0.5,rep4_base_exact_fifo@rho0.5_b03v2,4,exact_fifo,0.5,36,upsert,L0029,A_no_future_use,
b03v2,base,exact_fifo@rho0.5,rep4_base_exact_fifo@rho0.5_b03v2,4,exact_fifo,0.5,37,upsert,L0032,A_no_future_use,
b03v2,base,exact_fifo@rho0.5,rep4_base_exact_fifo@rho0.5_b03v2,4,exact_fifo,0.5,38,upsert,L0013,A_no_future_use,
b03v2,base,exact_fifo@rho0.5,rep4_base_exact_fifo@rho0.5_b03v2,4,exact_fifo,0.5,39,upsert,L0000,A_no_future_use,
b03v2,base,exact_fifo@rho0.5,rep4_base_exact_fifo@rho0.5_b03v2,4,exact_fifo,0.5,40,upsert,L0021,A_no_future_use,
b03v2,base,exact_fifo@rho0.5,rep4_base_exact_fifo@rho0.5_b03v2,4,exact_fifo,0.5,41,upsert,L0023,A_no_future_use,
b03v2,base,exact_fifo@rho0.5,rep4_base_exact_fifo@rho0.5_b03v2,4,exact_fifo,0.5,42,upsert,L0016,A_no_future_use,
b03v2,base,exact_fifo@rho0.5,rep4_base_exact_fifo@rho0.5_b03v2,4,exact_fifo,0.5,43,upsert,L0061,A_no_future_use,
b03v2,base,exact_fifo@rho0.5,rep4_base_exact_fifo@rho0.5_b03v2,4,exact_fifo,0.5,44,upsert,L0000,A_no_future_use,
b03v2,base,exact_fifo@rho0.5,rep4_base_exact_fifo@rho0.5_b03v2,4,exact_fifo,0.5,45,upsert,L0044,A_no_future_use,
b03v2,base,exact_fifo@rho0.5,rep4_base_exact_fifo@rho0.5_b03v2,4,exact_fifo,0.5,46,upsert,L0006,A_no_future_use,
b03v2,base,exact_fifo@rho0.5,rep4_base_exact_fifo@rho0.5_b03v2,4,exact_fifo,0.5,47,upsert,L0039,A_no_future_use,
b03v2,base,exact_fifo@rho0.5,rep4_base_exact_fifo@rho0.5_b03v2,4,exact_fifo,0.5,48,upsert,L0039,A_no_future_use,
b03v2,base,exact_fifo@rho0.5,rep4_base_exact_fifo@rho0.5_b03v2,4,exact_fifo,0.5,49,upsert,L0007,A_no_future_use,
b03v2,base,exact_fifo@rho0.5,rep4_base_exact_fifo@rho0.5_b03v2,4,exact_fifo,0.5,50,upsert,L0012,A_no_future_use,
b03v2,base,exact_fifo@rho0.5,rep4_base_exact_fifo@rho0.5_b03v2,4,exact_fifo,0.5,51,upsert,L0031,A_no_future_use,
b03v2,base,exact_fifo@rho0.5,rep4_base_exact_fifo@rho0.5_b03v2,4,exact_fifo,0.5,52,upsert,L0059,A_no_future_use,
b03v2,base,exact_fifo@rho0.5,rep4_base_exact_fifo@rho0.5_b03v2,4,exact_fifo,0.5,53,upsert,L0035,A_no_future_use,
b03v2,base,exact_fifo@rho0.5,rep4_base_exact_fifo@rho0.5_b03v2,4,exact_fifo,0.5,54,upsert,L0020,A_no_future_use,
b03v2,base,exact_fifo@rho0.5,rep4_base_exact_fifo@rho0.5_b03v2,4,exact_fifo,0.5,55,upsert,L0056,A_no_future_use,
b03v2,base,exact_fifo@rho0.5,rep4_base_exact_fifo@rho0.5_b03v2,4,exact_fifo,0.5,56,upsert,L0027,A_no_future_use,
b03v2,base,exact_fifo@rho0.5,rep4_base_exact_fifo@rho0.5_b03v2,4,exact_fifo,0.5,57,upsert,L0002,A_no_future_use,
b03v2,base,exact_fifo@rho0.5,rep4_base_exact_fifo@rho0.5_b03v2,4,exact_fifo,0.5,58,upsert,L0001,A_no_future_use,
b03v2,base,exact_fifo@rho0.5,rep4_base_exact_fifo@rho0.5_b03v2,4,exact_fifo,0.5,59,upsert,L0022,A_no_future_use,
b03v2,base,exact_fifo@rho0.5,rep4_base_exact_fifo@rho0.5_b03v2,4,exact_fifo,0.5,60,upsert,L0004,A_no_future_use,
b03v2,base,exact_fifo@rho0.5,rep4_base_exact_fifo@rho0.5_b03v2,4,exact_fifo,0.5,61,upsert,L0012,A_no_future_use,
b03v2,base,exact_fifo@rho0.5,rep4_base_exact_fifo@rho0.5_b03v2,4,exact_fifo,0.5,62,upsert,L0025,A_no_future_use,
b03v2,base,exact_fifo@rho0.5,rep4_base_exact_fifo@rho0.5_b03v2,4,exact_fifo,0.5,63,upsert,L0050,A_no_future_use,
b03v2,base,exact_fifo@rho0.5,rep4_base_exact_fifo@rho0.5_b03v2,4,exact_fifo,0.5,64,upsert,L0010,A_no_future_use,
b03v2,base,exact_fifo@rho0.5,rep4_base_exact_fifo@rho0.5_b03v2,4,exact_fifo,0.5,65,upsert,L0021,A_no_future_use,
b03v2,base,exact_fifo@rho0.5,rep4_base_exact_fifo@rho0.5_b03v2,4,exact_fifo,0.5,66,upsert,L0002,A_no_future_use,
b03v2,base,exact_fifo@rho0.5,rep4_base_exact_fifo@rho0.5_b03v2,4,exact_fifo,0.5,67,upsert,L0025,A_no_future_use,
b03v2,base,exact_fifo@rho0.5,rep4_base_exact_fifo@rho0.5_b03v2,4,exact_fifo,0.5,68,upsert,L0006,A_no_future_use,
b03v2,base,exact_fifo@rho0.5,rep4_base_exact_fifo@rho0.5_b03v2,4,exact_fifo,0.5,69,upsert,L0057,A_no_future_use,
b03v2,base,exact_fifo@rho0.5,rep4_base_exact_fifo@rho0.5_b03v2,4,exact_fifo,0.5,70,upsert,L0022,A_no_future_use,
b03v2,base,exact_fifo@rho0.5,rep4_base_exact_fifo@rho0.5_b03v2,4,exact_fifo,0.5,71,upsert,L0009,A_no_future_use,
b03v2,base,exact_fifo@rho0.5,rep4_base_exact_fifo@rho0.5_b03v2,4,exact_fifo,0.5,72,upsert,L0017,A_no_future_use,
b03v2,base,exact_fifo@rho0.5,rep4_base_exact_fifo@rho0.5_b03v2,4,exact_fifo,0.5,73,upsert,L0050,A_no_future_use,
b03v2,base,exact_fifo@rho0.5,rep4_base_exact_fifo@rho0.5_b03v2,4,exact_fifo,0.5,74,upsert,L0056,A_no_future_use,
b03v2,base,exact_fifo@rho0.5,rep4_base_exact_fifo@rho0.5_b03v2,4,exact_fifo,0.5,75,upsert,L0019,A_no_future_use,
b03v2,base,exact_fifo@rho0.5,rep4_base_exact_fifo@rho0.5_b03v2,4,exact_fifo,0.5,76,upsert,L0020,A_no_future_use,
b03v2,base,exact_fifo@rho0.5,rep4_base_exact_fifo@rho0.5_b03v2,4,exact_fifo,0.5,77,upsert,L0046,A_no_future_use,
b03v2,base,exact_fifo@rho0.5,rep4_base_exact_fifo@rho0.5_b03v2,4,exact_fifo,0.5,78,upsert,L0027,A_no_future_use,
b03v2,base,exact_fifo@rho0.5,rep4_base_exact_fifo@rho0.5_b03v2,4,exact_fifo,0.5,79,upsert,L0002,A_no_future_use,
b03v2,base,exact_fifo@rho0.5,rep4_base_exact_fifo@rho0.5_b03v2,4,exact_fifo,0.5,80,upsert,L0003,A_no_future_use,
b03v2,base,exact_fifo@rho0.5,rep4_base_exact_fifo@rho0.5_b03v2,4,exact_fifo,0.5,81,upsert,L0021,A_no_future_use,
b03v2,base,exact_fifo@rho0.5,rep4_base_exact_fifo@rho0.5_b03v2,4,exact_fifo,0.5,82,upsert,L0021,A_no_future_use,
b03v2,base,exact_fifo@rho0.5,rep4_base_exact_fifo@rho0.5_b03v2,4,exact_fifo,0.5,83,upsert,L0024,A_no_future_use,
b03v2,base,exact_fifo@rho0.5,rep4_base_exact_fifo@rho0.5_b03v2,4,exact_fifo,0.5,84,upsert,L0000,A_no_future_use,
b03v2,base,exact_fifo@rho0.5,rep4_base_exact_fifo@rho0.5_b03v2,4,exact_fifo,0.5,85,upsert,L0044,A_no_future_use,
b03v2,base,exact_fifo@rho0.5,rep4_base_exact_fifo@rho0.5_b03v2,4,exact_fifo,0.5,86,upsert,L0011,A_no_future_use,
b03v2,base,exact_fifo@rho0.5,rep4_base_exact_fifo@rho0.5_b03v2,4,exact_fifo,0.5,87,upsert,L0048,A_no_future_use,
b03v2,base,exact_fifo@rho0.5,rep4_base_exact_fifo@rho0.5_b03v2,4,exact_fifo,0.5,88,upsert,L0021,A_no_future_use,
b03v2,base,exact_fifo@rho0.5,rep4_base_exact_fifo@rho0.5_b03v2,4,exact_fifo,0.5,89,upsert,L0003,A_no_future_use,
b03v2,base,exact_fifo@rho0.5,rep4_base_exact_fifo@rho0.5_b03v2,4,exact_fifo,0.5,90,upsert,L0014,A_no_future_use,
b03v2,base,exact_fifo@rho0.5,rep4_base_exact_fifo@rho0.5_b03v2,4,exact_fifo,0.5,91,upsert,L0005,A_no_future_use,
b03v2,base,exact_fifo@rho0.5,rep4_base_exact_fifo@rho0.5_b03v2,4,exact_fifo,0.5,92,upsert,L0000,A_no_future_use,
b03v2,base,exact_fifo@rho0.5,rep4_base_exact_fifo@rho0.5_b03v2,4,exact_fifo,0.5,93,upsert,L0034,A_no_future_use,
b03v2,base,exact_fifo@rho0.5,rep4_base_exact_fifo@rho0.5_b03v2,4,exact_fifo,0.5,94,upsert,L0039,A_no_future_use,
b03v2,base,exact_fifo@rho0.5,rep4_base_exact_fifo@rho0.5_b03v2,4,exact_fifo,0.5,95,upsert,L0023,A_no_future_use,
b03v2,base,exact_fifo@rho0.5,rep4_base_exact_fifo@rho0.5_b03v2,4,exact_fifo,0.5,96,upsert,L0087,A_no_future_use,
b03v2,base,exact_fifo@rho0.5,rep4_base_exact_fifo@rho0.5_b03v2,4,exact_fifo,0.5,97,upsert,L0110,D_meaningful_value_flip,40.96
b03v2,base,exact_fifo@rho0.5,rep4_base_exact_fifo@rho0.5_b03v2,4,exact_fifo,0.5,98,upsert,L0076,D_meaningful_value_flip,38.96
b03v2,base,exact_fifo@rho0.5,rep4_base_exact_fifo@rho0.5_b03v2,4,exact_fifo,0.5,99,upsert,L0100,A_no_future_use,
b03v2,base,exact_fifo@rho0.5,rep4_base_exact_fifo@rho0.5_b03v2,4,exact_fifo,0.5,100,upsert,L0070,A_no_future_use,
b03v2,base,exact_fifo@rho0.5,rep4_base_exact_fifo@rho0.5_b03v2,4,exact_fifo,0.5,101,upsert,L0077,D_meaningful_value_flip,40.96
b03v2,base,exact_fifo@rho0.5,rep4_base_exact_fifo@rho0.5_b03v2,4,exact_fifo,0.5,102,upsert,L0073,D_meaningful_value_flip,40.96
b03v2,base,exact_fifo@rho0.5,rep4_base_exact_fifo@rho0.5_b03v2,4,exact_fifo,0.5,103,upsert,L0074,A_no_future_use,
b03v2,base,exact_fifo@rho0.5,rep4_base_exact_fifo@rho0.5_b03v2,4,exact_fifo,0.5,104,upsert,L0120,A_no_future_use,
b03v2,base,exact_fifo@rho0.5,rep4_base_exact_fifo@rho0.5_b03v2,4,exact_fifo,0.5,105,upsert,L0074,A_no_future_use,
b03v2,base,exact_fifo@rho0.5,rep4_base_exact_fifo@rho0.5_b03v2,4,exact_fifo,0.5,106,upsert,L0099,A_no_future_use,
b03v2,base,exact_fifo@rho0.5,rep4_base_exact_fifo@rho0.5_b03v2,4,exact_fifo,0.5,107,upsert,L0072,A_no_future_use,
b03v2,base,exact_fifo@rho0.5,rep4_base_exact_fifo@rho0.5_b03v2,4,exact_fifo,0.5,108,upsert,L0105,A_no_future_use,
b03v2,base,exact_fifo@rho0.5,rep4_base_exact_fifo@rho0.5_b03v2,4,exact_fifo,0.5,109,upsert,L0064,A_no_future_use,
b03v2,base,exact_fifo@rho0.5,rep4_base_exact_fifo@rho0.5_b03v2,4,exact_fifo,0.5,110,upsert,L0079,D_meaningful_value_flip,38.96
b03v2,base,exact_fifo@rho0.5,rep4_base_exact_fifo@rho0.5_b03v2,4,exact_fifo,0.5,111,upsert,L0098,A_no_future_use,
b03v2,base,exact_fifo@rho0.5,rep4_base_exact_fifo@rho0.5_b03v2,4,exact_fifo,0.5,112,upsert,L0112,A_no_future_use,
b03v2,base,exact_fifo@rho0.5,rep4_base_exact_fifo@rho0.5_b03v2,4,exact_fifo,0.5,113,upsert,L0102,A_no_future_use,
b03v2,base,exact_fifo@rho0.5,rep4_base_exact_fifo@rho0.5_b03v2,4,exact_fifo,0.5,114,upsert,L0069,D_meaningful_value_flip,40.96
b03v2,base,exact_fifo@rho0.5,rep4_base_exact_fifo@rho0.5_b03v2,4,exact_fifo,0.5,115,upsert,L0068,B_no_decision_flip,0.0
b03v2,base,exact_fifo@rho0.5,rep4_base_exact_fifo@rho0.5_b03v2,4,exact_fifo,0.5,116,upsert,L0064,A_no_future_use,
b03v2,base,exact_fifo@rho0.5,rep4_base_exact_fifo@rho0.5_b03v2,4,exact_fifo,0.5,117,upsert,L0089,A_no_future_use,
b03v2,base,exact_fifo@rho0.5,rep4_base_exact_fifo@rho0.5_b03v2,4,exact_fifo,0.5,118,upsert,L0106,D_meaningful_value_flip,38.96
b03v2,base,exact_fifo@rho0.5,rep4_base_exact_fifo@rho0.5_b03v2,4,exact_fifo,0.5,119,upsert,L0071,A_no_future_use,
b03v2,base,exact_fifo@rho0.5,rep4_base_exact_fifo@rho0.5_b03v2,4,exact_fifo,0.5,120,upsert,L0068,C_low_value_flip,0.0
b03v2,base,exact_fifo@rho0.5,rep4_base_exact_fifo@rho0.5_b03v2,4,exact_fifo,0.5,121,upsert,L0076,A_no_future_use,
b03v2,base,exact_fifo@rho0.5,rep4_base_exact_fifo@rho0.5_b03v2,4,exact_fifo,0.5,122,upsert,L0118,A_no_future_use,
b03v2,base,exact_fifo@rho0.5,rep4_base_exact_fifo@rho0.5_b03v2,4,exact_fifo,0.5,123,upsert,L0127,A_no_future_use,
b03v2,base,exact_fifo@rho0.5,rep4_base_exact_fifo@rho0.5_b03v2,4,exact_fifo,0.5,124,upsert,L0065,B_no_decision_flip,0.0
b03v2,base,exact_fifo@rho0.5,rep4_base_exact_fifo@rho0.5_b03v2,4,exact_fifo,0.5,125,upsert,L0066,A_no_future_use,
b03v2,base,exact_fifo@rho0.5,rep4_base_exact_fifo@rho0.5_b03v2,4,exact_fifo,0.5,126,upsert,L0075,A_no_future_use,
b03v2,base,exact_fifo@rho0.5,rep4_base_exact_fifo@rho0.5_b03v2,4,exact_fifo,0.5,127,upsert,L0091,A_no_future_use,
b03v2,base,exact_fifo@rho0.5,rep4_base_exact_fifo@rho0.5_b03v2,4,exact_fifo,0.5,128,upsert,L0089,A_no_future_use,
b03v2,base,exact_fifo@rho0.5,rep4_base_exact_fifo@rho0.5_b03v2,4,exact_fifo,0.5,129,upsert,L0065,A_no_future_use,
b03v2,base,exact_fifo@rho0.5,rep4_base_exact_fifo@rho0.5_b03v2,4,exact_fifo,0.5,130,upsert,L0064,A_no_future_use,
b03v2,base,exact_fifo@rho0.5,rep4_base_exact_fifo@rho0.5_b03v2,4,exact_fifo,0.5,131,upsert,L0099,A_no_future_use,
b03v2,base,exact_fifo@rho0.5,rep4_base_exact_fifo@rho0.5_b03v2,4,exact_fifo,0.5,132,upsert,L0067,A_no_future_use,
b03v2,base,exact_fifo@rho0.5,rep4_base_exact_fifo@rho0.5_b03v2,4,exact_fifo,0.5,133,upsert,L0074,A_no_future_use,
b03v2,base,exact_fifo@rho0.5,rep4_base_exact_fifo@rho0.5_b03v2,4,exact_fifo,0.5,134,upsert,L0081,A_no_future_use,
b03v2,base,exact_fifo@rho0.5,rep4_base_exact_fifo@rho0.5_b03v2,4,exact_fifo,0.5,135,upsert,L0077,A_no_future_use,
b03v2,base,exact_fifo@rho0.5,rep4_base_exact_fifo@rho0.5_b03v2,4,exact_fifo,0.5,136,upsert,L0082,A_no_future_use,
b03v2,base,exact_fifo@rho0.5,rep4_base_exact_fifo@rho0.5_b03v2,4,exact_fifo,0.5,137,upsert,L0066,A_no_future_use,
b03v2,base,exact_fifo@rho0.5,rep4_base_exact_fifo@rho0.5_b03v2,4,exact_fifo,0.5,138,upsert,L0080,A_no_future_use,
b03v2,base,exact_fifo@rho0.5,rep4_base_exact_fifo@rho0.5_b03v2,4,exact_fifo,0.5,139,upsert,L0070,A_no_future_use,
b03v2,base,exact_fifo@rho0.5,rep4_base_exact_fifo@rho0.5_b03v2,4,exact_fifo,0.5,140,upsert,L0089,A_no_future_use,
b03v2,base,exact_fifo@rho0.5,rep4_base_exact_fifo@rho0.5_b03v2,4,exact_fifo,0.5,141,upsert,L0066,A_no_future_use,
b03v2,base,exact_fifo@rho0.5,rep4_base_exact_fifo@rho0.5_b03v2,4,exact_fifo,0.5,142,upsert,L0075,A_no_future_use,
b03v2,base,exact_fifo@rho0.5,rep4_base_exact_fifo@rho0.5_b03v2,4,exact_fifo,0.5,143,upsert,L0066,A_no_future_use,
b03v2,base,exact_fifo@rho0.5,rep4_base_exact_fifo@rho0.5_b03v2,4,exact_fifo,0.5,144,upsert,L0067,A_no_future_use,
b03v2,base,exact_fifo@rho0.5,rep4_base_exact_fifo@rho0.5_b03v2,4,exact_fifo,0.5,145,upsert,L0075,A_no_future_use,
b03v2,base,exact_fifo@rho0.5,rep4_base_exact_fifo@rho0.5_b03v2,4,exact_fifo,0.5,146,upsert,L0068,A_no_future_use,
b03v2,base,exact_fifo@rho0.5,rep4_base_exact_fifo@rho0.5_b03v2,4,exact_fifo,0.5,147,upsert,L0126,A_no_future_use,
b03v2,base,exact_fifo@rho0.5,rep4_base_exact_fifo@rho0.5_b03v2,4,exact_fifo,0.5,148,upsert,L0072,A_no_future_use,
b03v2,base,exact_fifo@rho0.5,rep4_base_exact_fifo@rho0.5_b03v2,4,exact_fifo,0.5,149,upsert,L0065,A_no_future_use,
b03v2,base,exact_fifo@rho0.5,rep4_base_exact_fifo@rho0.5_b03v2,4,exact_fifo,0.5,150,upsert,L0064,A_no_future_use,
b03v2,base,exact_fifo@rho0.5,rep4_base_exact_fifo@rho0.5_b03v2,4,exact_fifo,0.5,151,upsert,L0073,A_no_future_use,
b03v2,base,exact_fifo@rho0.5,rep4_base_exact_fifo@rho0.5_b03v2,4,exact_fifo,0.5,152,upsert,L0083,A_no_future_use,
b03v2,base,exact_fifo@rho0.5,rep4_base_exact_fifo@rho0.5_b03v2,4,exact_fifo,0.5,153,upsert,L0084,A_no_future_use,
b03v2,base,exact_fifo@rho0.5,rep4_base_exact_fifo@rho0.5_b03v2,4,exact_fifo,0.5,154,upsert,L0067,A_no_future_use,
b03v2,base,exact_fifo@rho0.5,rep4_base_exact_fifo@rho0.5_b03v2,4,exact_fifo,0.5,155,upsert,L0084,A_no_future_use,
b03v2,base,exact_fifo@rho0.5,rep4_base_exact_fifo@rho0.5_b03v2,4,exact_fifo,0.5,156,upsert,L0119,A_no_future_use,
b03v2,base,exact_fifo@rho0.5,rep4_base_exact_fifo@rho0.5_b03v2,4,exact_fifo,0.5,157,upsert,L0070,A_no_future_use,
b03v2,base,exact_fifo@rho0.5,rep4_base_exact_fifo@rho0.5_b03v2,4,exact_fifo,0.5,158,upsert,L0065,A_no_future_use,
b03v2,base,exact_fifo@rho0.5,rep4_base_exact_fifo@rho0.5_b03v2,4,exact_fifo,0.5,159,upsert,L0095,A_no_future_use,
b03v2,base,exact_fifo@rho0.5,rep4_base_exact_fifo@rho0.5_b03v2,4,exact_fifo,0.5,160,upsert,L0070,A_no_future_use,
b03v2,base,exact_fifo@rho0.5,rep4_base_exact_fifo@rho0.5_b03v2,4,exact_fifo,0.5,161,upsert,L0069,A_no_future_use,
b03v2,base,exact_fifo@rho0.5,rep4_base_exact_fifo@rho0.5_b03v2,4,exact_fifo,0.5,162,upsert,L0095,A_no_future_use,
b03v2,base,exact_fifo@rho0.5,rep4_base_exact_fifo@rho0.5_b03v2,4,exact_fifo,0.5,163,upsert,L0099,A_no_future_use,
b03v2,base,exact_fifo@rho0.5,rep4_base_exact_fifo@rho0.5_b03v2,4,exact_fifo,0.5,164,upsert,L0067,A_no_future_use,
b03v2,base,exact_fifo@rho0.5,rep4_base_exact_fifo@rho0.5_b03v2,4,exact_fifo,0.5,165,upsert,L0072,A_no_future_use,
b03v2,base,exact_fifo@rho0.5,rep4_base_exact_fifo@rho0.5_b03v2,4,exact_fifo,0.5,166,upsert,L0064,A_no_future_use,
b03v2,base,exact_fifo@rho0.5,rep4_base_exact_fifo@rho0.5_b03v2,4,exact_fifo,0.5,167,upsert,L0107,A_no_future_use,
b03v2,base,exact_fifo@rho0.5,rep4_base_exact_fifo@rho0.5_b03v2,4,exact_fifo,0.5,168,upsert,L0066,A_no_future_use,
b03v2,base,exact_fifo@rho0.5,rep4_base_exact_fifo@rho0.5_b03v2,4,exact_fifo,0.5,169,upsert,L0083,A_no_future_use,
b03v2,base,exact_fifo@rho0.5,rep4_base_exact_fifo@rho0.5_b03v2,4,exact_fifo,0.5,170,upsert,L0064,A_no_future_use,
b03v2,base,exact_fifo@rho0.5,rep4_base_exact_fifo@rho0.5_b03v2,4,exact_fifo,0.5,171,upsert,L0102,A_no_future_use,
b03v2,base,exact_fifo@rho0.5,rep4_base_exact_fifo@rho0.5_b03v2,4,exact_fifo,0.5,172,upsert,L0072,A_no_future_use,
b03v2,base,exact_fifo@rho0.5,rep4_base_exact_fifo@rho0.5_b03v2,4,exact_fifo,0.5,173,upsert,L0067,A_no_future_use,
b03v2,base,exact_fifo@rho0.5,rep4_base_exact_fifo@rho0.5_b03v2,4,exact_fifo,0.5,174,upsert,L0119,A_no_future_use,
b03v2,base,exact_fifo@rho0.5,rep4_base_exact_fifo@rho0.5_b03v2,4,exact_fifo,0.5,175,upsert,L0076,A_no_future_use,
b03v2,base,exact_fifo@rho0.5,rep4_base_exact_fifo@rho0.5_b03v2,4,exact_fifo,0.5,176,upsert,L0110,A_no_future_use,
b03v2,base,exact_fifo@rho0.5,rep4_base_exact_fifo@rho0.5_b03v2,4,exact_fifo,0.5,177,upsert,L0068,A_no_future_use,
b03v2,base,exact_fifo@rho0.5,rep4_base_exact_fifo@rho0.5_b03v2,4,exact_fifo,0.5,178,upsert,L0101,A_no_future_use,
b03v2,base,exact_fifo@rho0.5,rep4_base_exact_fifo@rho0.5_b03v2,4,exact_fifo,0.5,179,upsert,L0090,A_no_future_use,
b03v2,base,exact_fifo@rho0.5,rep4_base_exact_fifo@rho0.5_b03v2,4,exact_fifo,0.5,180,upsert,L0073,A_no_future_use,
b03v2,base,exact_fifo@rho0.5,rep4_base_exact_fifo@rho0.5_b03v2,4,exact_fifo,0.5,181,upsert,L0065,A_no_future_use,
b03v2,base,exact_fifo@rho0.5,rep4_base_exact_fifo@rho0.5_b03v2,4,exact_fifo,0.5,182,upsert,L0121,A_no_future_use,
b03v2,base,exact_fifo@rho0.5,rep4_base_exact_fifo@rho0.5_b03v2,4,exact_fifo,0.5,183,upsert,L0123,A_no_future_use,
b03v2,base,exact_fifo@rho0.5,rep4_base_exact_fifo@rho0.5_b03v2,4,exact_fifo,0.5,184,upsert,L0077,A_no_future_use,
b03v2,base,exact_fifo@rho0.5,rep4_base_exact_fifo@rho0.5_b03v2,4,exact_fifo,0.5,185,upsert,L0069,A_no_future_use,
b03v2,base,exact_fifo@rho0.5,rep4_base_exact_fifo@rho0.5_b03v2,4,exact_fifo,0.5,186,upsert,L0121,A_no_future_use,
b03v2,base,exact_fifo@rho0.5,rep4_base_exact_fifo@rho0.5_b03v2,4,exact_fifo,0.5,187,upsert,L0106,A_no_future_use,
b03v2,base,exact_fifo@rho0.5,rep4_base_exact_fifo@rho0.5_b03v2,4,exact_fifo,0.5,188,upsert,L0080,A_no_future_use,
b03v2,base,exact_fifo@rho0.5,rep4_base_exact_fifo@rho0.5_b03v2,4,exact_fifo,0.5,189,upsert,L0080,A_no_future_use,
b03v2,base,exact_fifo@rho0.5,rep4_base_exact_fifo@rho0.5_b03v2,4,exact_fifo,0.5,190,upsert,L0094,A_no_future_use,
b03v2,base,exact_fifo@rho0.5,rep4_base_exact_fifo@rho0.5_b03v2,4,exact_fifo,0.5,191,upsert,L0079,A_no_future_use,
b03v2,base,exact_fifo@rho0.8,rep4_base_exact_fifo@rho0.8_b03v2,4,exact_fifo,0.8,0,upsert,L0017,B_no_decision_flip,0.0
b03v2,base,exact_fifo@rho0.8,rep4_base_exact_fifo@rho0.8_b03v2,4,exact_fifo,0.8,1,upsert,L0044,B_no_decision_flip,0.0
b03v2,base,exact_fifo@rho0.8,rep4_base_exact_fifo@rho0.8_b03v2,4,exact_fifo,0.8,2,upsert,L0059,B_no_decision_flip,0.0
b03v2,base,exact_fifo@rho0.8,rep4_base_exact_fifo@rho0.8_b03v2,4,exact_fifo,0.8,3,upsert,L0016,D_meaningful_value_flip,40.96
b03v2,base,exact_fifo@rho0.8,rep4_base_exact_fifo@rho0.8_b03v2,4,exact_fifo,0.8,4,upsert,L0040,A_no_future_use,
b03v2,base,exact_fifo@rho0.8,rep4_base_exact_fifo@rho0.8_b03v2,4,exact_fifo,0.8,5,upsert,L0006,B_no_decision_flip,0.0
b03v2,base,exact_fifo@rho0.8,rep4_base_exact_fifo@rho0.8_b03v2,4,exact_fifo,0.8,6,upsert,L0009,D_meaningful_value_flip,38.96
b03v2,base,exact_fifo@rho0.8,rep4_base_exact_fifo@rho0.8_b03v2,4,exact_fifo,0.8,7,upsert,L0033,A_no_future_use,
b03v2,base,exact_fifo@rho0.8,rep4_base_exact_fifo@rho0.8_b03v2,4,exact_fifo,0.8,8,upsert,L0014,D_meaningful_value_flip,40.96
b03v2,base,exact_fifo@rho0.8,rep4_base_exact_fifo@rho0.8_b03v2,4,exact_fifo,0.8,9,upsert,L0041,A_no_future_use,
b03v2,base,exact_fifo@rho0.8,rep4_base_exact_fifo@rho0.8_b03v2,4,exact_fifo,0.8,10,upsert,L0058,A_no_future_use,
b03v2,base,exact_fifo@rho0.8,rep4_base_exact_fifo@rho0.8_b03v2,4,exact_fifo,0.8,11,upsert,L0037,A_no_future_use,
b03v2,base,exact_fifo@rho0.8,rep4_base_exact_fifo@rho0.8_b03v2,4,exact_fifo,0.8,12,upsert,L0007,D_meaningful_value_flip,38.96
b03v2,base,exact_fifo@rho0.8,rep4_base_exact_fifo@rho0.8_b03v2,4,exact_fifo,0.8,13,upsert,L0020,B_no_decision_flip,0.0
b03v2,base,exact_fifo@rho0.8,rep4_base_exact_fifo@rho0.8_b03v2,4,exact_fifo,0.8,14,upsert,L0005,B_no_decision_flip,0.0
b03v2,base,exact_fifo@rho0.8,rep4_base_exact_fifo@rho0.8_b03v2,4,exact_fifo,0.8,15,upsert,L0011,B_no_decision_flip,0.0
b03v2,base,exact_fifo@rho0.8,rep4_base_exact_fifo@rho0.8_b03v2,4,exact_fifo,0.8,16,upsert,L0000,B_no_decision_flip,0.0
b03v2,base,exact_fifo@rho0.8,rep4_base_exact_fifo@rho0.8_b03v2,4,exact_fifo,0.8,17,upsert,L0038,A_no_future_use,
b03v2,base,exact_fifo@rho0.8,rep4_base_exact_fifo@rho0.8_b03v2,4,exact_fifo,0.8,18,upsert,L0019,B_no_decision_flip,0.0
b03v2,base,exact_fifo@rho0.8,rep4_base_exact_fifo@rho0.8_b03v2,4,exact_fifo,0.8,19,upsert,L0001,D_meaningful_value_flip,40.96
b03v2,base,exact_fifo@rho0.8,rep4_base_exact_fifo@rho0.8_b03v2,4,exact_fifo,0.8,20,upsert,L0044,B_no_decision_flip,10.24
b03v2,base,exact_fifo@rho0.8,rep4_base_exact_fifo@rho0.8_b03v2,4,exact_fifo,0.8,21,upsert,L0020,D_meaningful_value_flip,8.24
b03v2,base,exact_fifo@rho0.8,rep4_base_exact_fifo@rho0.8_b03v2,4,exact_fifo,0.8,22,upsert,L0047,A_no_future_use,
b03v2,base,exact_fifo@rho0.8,rep4_base_exact_fifo@rho0.8_b03v2,4,exact_fifo,0.8,23,upsert,L0000,B_no_decision_flip,0.0
b03v2,base,exact_fifo@rho0.8,rep4_base_exact_fifo@rho0.8_b03v2,4,exact_fifo,0.8,24,upsert,L0003,D_meaningful_value_flip,40.96
b03v2,base,exact_fifo@rho0.8,rep4_base_exact_fifo@rho0.8_b03v2,4,exact_fifo,0.8,25,upsert,L0005,D_meaningful_value_flip,12.24
b03v2,base,exact_fifo@rho0.8,rep4_base_exact_fifo@rho0.8_b03v2,4,exact_fifo,0.8,26,upsert,L0004,D_meaningful_value_flip,40.96
b03v2,base,exact_fifo@rho0.8,rep4_base_exact_fifo@rho0.8_b03v2,4,exact_fifo,0.8,27,upsert,L0002,D_meaningful_value_flip,40.96
b03v2,base,exact_fifo@rho0.8,rep4_base_exact_fifo@rho0.8_b03v2,4,exact_fifo,0.8,28,upsert,L0013,A_no_future_use,
b03v2,base,exact_fifo@rho0.8,rep4_base_exact_fifo@rho0.8_b03v2,4,exact_fifo,0.8,29,upsert,L0025,D_meaningful_value_flip,38.96
b03v2,base,exact_fifo@rho0.8,rep4_base_exact_fifo@rho0.8_b03v2,4,exact_fifo,0.8,30,upsert,L0038,A_no_future_use,
b03v2,base,exact_fifo@rho0.8,rep4_base_exact_fifo@rho0.8_b03v2,4,exact_fifo,0.8,31,upsert,L0060,A_no_future_use,
b03v2,base,exact_fifo@rho0.8,rep4_base_exact_fifo@rho0.8_b03v2,4,exact_fifo,0.8,32,upsert,L0010,D_meaningful_value_flip,40.96
b03v2,base,exact_fifo@rho0.8,rep4_base_exact_fifo@rho0.8_b03v2,4,exact_fifo,0.8,33,upsert,L0014,B_no_decision_flip,10.24
b03v2,base,exact_fifo@rho0.8,rep4_base_exact_fifo@rho0.8_b03v2,4,exact_fifo,0.8,34,upsert,L0060,A_no_future_use,
b03v2,base,exact_fifo@rho0.8,rep4_base_exact_fifo@rho0.8_b03v2,4,exact_fifo,0.8,35,upsert,L0009,B_no_decision_flip,10.24
b03v2,base,exact_fifo@rho0.8,rep4_base_exact_fifo@rho0.8_b03v2,4,exact_fifo,0.8,36,upsert,L0029,A_no_future_use,
b03v2,base,exact_fifo@rho0.8,rep4_base_exact_fifo@rho0.8_b03v2,4,exact_fifo,0.8,37,upsert,L0032,A_no_future_use,
b03v2,base,exact_fifo@rho0.8,rep4_base_exact_fifo@rho0.8_b03v2,4,exact_fifo,0.8,38,upsert,L0013,A_no_future_use,
b03v2,base,exact_fifo@rho0.8,rep4_base_exact_fifo@rho0.8_b03v2,4,exact_fifo,0.8,39,upsert,L0000,B_no_decision_flip,0.0
b03v2,base,exact_fifo@rho0.8,rep4_base_exact_fifo@rho0.8_b03v2,4,exact_fifo,0.8,40,upsert,L0021,D_meaningful_value_flip,40.96
b03v2,base,exact_fifo@rho0.8,rep4_base_exact_fifo@rho0.8_b03v2,4,exact_fifo,0.8,41,upsert,L0023,D_meaningful_value_flip,40.96
b03v2,base,exact_fifo@rho0.8,rep4_base_exact_fifo@rho0.8_b03v2,4,exact_fifo,0.8,42,upsert,L0016,A_no_future_use,
b03v2,base,exact_fifo@rho0.8,rep4_base_exact_fifo@rho0.8_b03v2,4,exact_fifo,0.8,43,upsert,L0061,A_no_future_use,
b03v2,base,exact_fifo@rho0.8,rep4_base_exact_fifo@rho0.8_b03v2,4,exact_fifo,0.8,44,upsert,L0000,B_no_decision_flip,-20.48
b03v2,base,exact_fifo@rho0.8,rep4_base_exact_fifo@rho0.8_b03v2,4,exact_fifo,0.8,45,upsert,L0044,A_no_future_use,
b03v2,base,exact_fifo@rho0.8,rep4_base_exact_fifo@rho0.8_b03v2,4,exact_fifo,0.8,46,upsert,L0006,A_no_future_use,
b03v2,base,exact_fifo@rho0.8,rep4_base_exact_fifo@rho0.8_b03v2,4,exact_fifo,0.8,47,upsert,L0039,B_no_decision_flip,0.0
b03v2,base,exact_fifo@rho0.8,rep4_base_exact_fifo@rho0.8_b03v2,4,exact_fifo,0.8,48,upsert,L0039,D_meaningful_value_flip,8.24
b03v2,base,exact_fifo@rho0.8,rep4_base_exact_fifo@rho0.8_b03v2,4,exact_fifo,0.8,49,upsert,L0007,A_no_future_use,
b03v2,base,exact_fifo@rho0.8,rep4_base_exact_fifo@rho0.8_b03v2,4,exact_fifo,0.8,50,upsert,L0012,A_no_future_use,
b03v2,base,exact_fifo@rho0.8,rep4_base_exact_fifo@rho0.8_b03v2,4,exact_fifo,0.8,51,upsert,L0031,A_no_future_use,
b03v2,base,exact_fifo@rho0.8,rep4_base_exact_fifo@rho0.8_b03v2,4,exact_fifo,0.8,52,upsert,L0059,A_no_future_use,
b03v2,base,exact_fifo@rho0.8,rep4_base_exact_fifo@rho0.8_b03v2,4,exact_fifo,0.8,53,upsert,L0035,A_no_future_use,
b03v2,base,exact_fifo@rho0.8,rep4_base_exact_fifo@rho0.8_b03v2,4,exact_fifo,0.8,54,upsert,L0020,A_no_future_use,
b03v2,base,exact_fifo@rho0.8,rep4_base_exact_fifo@rho0.8_b03v2,4,exact_fifo,0.8,55,upsert,L0056,A_no_future_use,
b03v2,base,exact_fifo@rho0.8,rep4_base_exact_fifo@rho0.8_b03v2,4,exact_fifo,0.8,56,upsert,L0027,A_no_future_use,
b03v2,base,exact_fifo@rho0.8,rep4_base_exact_fifo@rho0.8_b03v2,4,exact_fifo,0.8,57,upsert,L0002,A_no_future_use,
b03v2,base,exact_fifo@rho0.8,rep4_base_exact_fifo@rho0.8_b03v2,4,exact_fifo,0.8,58,upsert,L0001,A_no_future_use,
b03v2,base,exact_fifo@rho0.8,rep4_base_exact_fifo@rho0.8_b03v2,4,exact_fifo,0.8,59,upsert,L0022,A_no_future_use,
b03v2,base,exact_fifo@rho0.8,rep4_base_exact_fifo@rho0.8_b03v2,4,exact_fifo,0.8,60,upsert,L0004,A_no_future_use,
b03v2,base,exact_fifo@rho0.8,rep4_base_exact_fifo@rho0.8_b03v2,4,exact_fifo,0.8,61,upsert,L0012,A_no_future_use,
b03v2,base,exact_fifo@rho0.8,rep4_base_exact_fifo@rho0.8_b03v2,4,exact_fifo,0.8,62,upsert,L0025,A_no_future_use,
b03v2,base,exact_fifo@rho0.8,rep4_base_exact_fifo@rho0.8_b03v2,4,exact_fifo,0.8,63,upsert,L0050,A_no_future_use,
b03v2,base,exact_fifo@rho0.8,rep4_base_exact_fifo@rho0.8_b03v2,4,exact_fifo,0.8,64,upsert,L0010,A_no_future_use,
b03v2,base,exact_fifo@rho0.8,rep4_base_exact_fifo@rho0.8_b03v2,4,exact_fifo,0.8,65,upsert,L0021,A_no_future_use,
b03v2,base,exact_fifo@rho0.8,rep4_base_exact_fifo@rho0.8_b03v2,4,exact_fifo,0.8,66,upsert,L0002,A_no_future_use,
b03v2,base,exact_fifo@rho0.8,rep4_base_exact_fifo@rho0.8_b03v2,4,exact_fifo,0.8,67,upsert,L0025,A_no_future_use,
b03v2,base,exact_fifo@rho0.8,rep4_base_exact_fifo@rho0.8_b03v2,4,exact_fifo,0.8,68,upsert,L0006,A_no_future_use,
b03v2,base,exact_fifo@rho0.8,rep4_base_exact_fifo@rho0.8_b03v2,4,exact_fifo,0.8,69,upsert,L0057,A_no_future_use,
b03v2,base,exact_fifo@rho0.8,rep4_base_exact_fifo@rho0.8_b03v2,4,exact_fifo,0.8,70,upsert,L0022,A_no_future_use,
b03v2,base,exact_fifo@rho0.8,rep4_base_exact_fifo@rho0.8_b03v2,4,exact_fifo,0.8,71,upsert,L0009,A_no_future_use,
b03v2,base,exact_fifo@rho0.8,rep4_base_exact_fifo@rho0.8_b03v2,4,exact_fifo,0.8,72,upsert,L0017,A_no_future_use,
b03v2,base,exact_fifo@rho0.8,rep4_base_exact_fifo@rho0.8_b03v2,4,exact_fifo,0.8,73,upsert,L0050,A_no_future_use,
b03v2,base,exact_fifo@rho0.8,rep4_base_exact_fifo@rho0.8_b03v2,4,exact_fifo,0.8,74,upsert,L0056,A_no_future_use,
b03v2,base,exact_fifo@rho0.8,rep4_base_exact_fifo@rho0.8_b03v2,4,exact_fifo,0.8,75,upsert,L0019,A_no_future_use,
b03v2,base,exact_fifo@rho0.8,rep4_base_exact_fifo@rho0.8_b03v2,4,exact_fifo,0.8,76,upsert,L0020,A_no_future_use,
b03v2,base,exact_fifo@rho0.8,rep4_base_exact_fifo@rho0.8_b03v2,4,exact_fifo,0.8,77,upsert,L0046,A_no_future_use,
b03v2,base,exact_fifo@rho0.8,rep4_base_exact_fifo@rho0.8_b03v2,4,exact_fifo,0.8,78,upsert,L0027,A_no_future_use,
b03v2,base,exact_fifo@rho0.8,rep4_base_exact_fifo@rho0.8_b03v2,4,exact_fifo,0.8,79,upsert,L0002,A_no_future_use,
b03v2,base,exact_fifo@rho0.8,rep4_base_exact_fifo@rho0.8_b03v2,4,exact_fifo,0.8,80,upsert,L0003,A_no_future_use,
b03v2,base,exact_fifo@rho0.8,rep4_base_exact_fifo@rho0.8_b03v2,4,exact_fifo,0.8,81,upsert,L0021,A_no_future_use,
b03v2,base,exact_fifo@rho0.8,rep4_base_exact_fifo@rho0.8_b03v2,4,exact_fifo,0.8,82,upsert,L0021,A_no_future_use,
b03v2,base,exact_fifo@rho0.8,rep4_base_exact_fifo@rho0.8_b03v2,4,exact_fifo,0.8,83,upsert,L0024,A_no_future_use,
b03v2,base,exact_fifo@rho0.8,rep4_base_exact_fifo@rho0.8_b03v2,4,exact_fifo,0.8,84,upsert,L0000,A_no_future_use,
b03v2,base,exact_fifo@rho0.8,rep4_base_exact_fifo@rho0.8_b03v2,4,exact_fifo,0.8,85,upsert,L0044,A_no_future_use,
b03v2,base,exact_fifo@rho0.8,rep4_base_exact_fifo@rho0.8_b03v2,4,exact_fifo,0.8,86,upsert,L0011,A_no_future_use,
b03v2,base,exact_fifo@rho0.8,rep4_base_exact_fifo@rho0.8_b03v2,4,exact_fifo,0.8,87,upsert,L0048,A_no_future_use,
b03v2,base,exact_fifo@rho0.8,rep4_base_exact_fifo@rho0.8_b03v2,4,exact_fifo,0.8,88,upsert,L0021,A_no_future_use,
b03v2,base,exact_fifo@rho0.8,rep4_base_exact_fifo@rho0.8_b03v2,4,exact_fifo,0.8,89,upsert,L0003,A_no_future_use,
b03v2,base,exact_fifo@rho0.8,rep4_base_exact_fifo@rho0.8_b03v2,4,exact_fifo,0.8,90,upsert,L0014,A_no_future_use,
b03v2,base,exact_fifo@rho0.8,rep4_base_exact_fifo@rho0.8_b03v2,4,exact_fifo,0.8,91,upsert,L0005,A_no_future_use,
b03v2,base,exact_fifo@rho0.8,rep4_base_exact_fifo@rho0.8_b03v2,4,exact_fifo,0.8,92,upsert,L0000,A_no_future_use,
b03v2,base,exact_fifo@rho0.8,rep4_base_exact_fifo@rho0.8_b03v2,4,exact_fifo,0.8,93,upsert,L0034,A_no_future_use,
b03v2,base,exact_fifo@rho0.8,rep4_base_exact_fifo@rho0.8_b03v2,4,exact_fifo,0.8,94,upsert,L0039,A_no_future_use,
b03v2,base,exact_fifo@rho0.8,rep4_base_exact_fifo@rho0.8_b03v2,4,exact_fifo,0.8,95,upsert,L0023,A_no_future_use,
b03v2,base,exact_fifo@rho0.8,rep4_base_exact_fifo@rho0.8_b03v2,4,exact_fifo,0.8,96,upsert,L0087,A_no_future_use,
b03v2,base,exact_fifo@rho0.8,rep4_base_exact_fifo@rho0.8_b03v2,4,exact_fifo,0.8,97,upsert,L0110,D_meaningful_value_flip,40.96
b03v2,base,exact_fifo@rho0.8,rep4_base_exact_fifo@rho0.8_b03v2,4,exact_fifo,0.8,98,upsert,L0076,B_no_decision_flip,0.0
b03v2,base,exact_fifo@rho0.8,rep4_base_exact_fifo@rho0.8_b03v2,4,exact_fifo,0.8,99,upsert,L0100,A_no_future_use,
b03v2,base,exact_fifo@rho0.8,rep4_base_exact_fifo@rho0.8_b03v2,4,exact_fifo,0.8,100,upsert,L0070,D_meaningful_value_flip,38.96
b03v2,base,exact_fifo@rho0.8,rep4_base_exact_fifo@rho0.8_b03v2,4,exact_fifo,0.8,101,upsert,L0077,D_meaningful_value_flip,40.96
b03v2,base,exact_fifo@rho0.8,rep4_base_exact_fifo@rho0.8_b03v2,4,exact_fifo,0.8,102,upsert,L0073,B_no_decision_flip,0.0
b03v2,base,exact_fifo@rho0.8,rep4_base_exact_fifo@rho0.8_b03v2,4,exact_fifo,0.8,103,upsert,L0074,A_no_future_use,
b03v2,base,exact_fifo@rho0.8,rep4_base_exact_fifo@rho0.8_b03v2,4,exact_fifo,0.8,104,upsert,L0120,A_no_future_use,
b03v2,base,exact_fifo@rho0.8,rep4_base_exact_fifo@rho0.8_b03v2,4,exact_fifo,0.8,105,upsert,L0074,A_no_future_use,
b03v2,base,exact_fifo@rho0.8,rep4_base_exact_fifo@rho0.8_b03v2,4,exact_fifo,0.8,106,upsert,L0099,A_no_future_use,
b03v2,base,exact_fifo@rho0.8,rep4_base_exact_fifo@rho0.8_b03v2,4,exact_fifo,0.8,107,upsert,L0072,D_meaningful_value_flip,40.96
b03v2,base,exact_fifo@rho0.8,rep4_base_exact_fifo@rho0.8_b03v2,4,exact_fifo,0.8,108,upsert,L0105,A_no_future_use,
b03v2,base,exact_fifo@rho0.8,rep4_base_exact_fifo@rho0.8_b03v2,4,exact_fifo,0.8,109,upsert,L0064,A_no_future_use,
b03v2,base,exact_fifo@rho0.8,rep4_base_exact_fifo@rho0.8_b03v2,4,exact_fifo,0.8,110,upsert,L0079,D_meaningful_value_flip,38.96
b03v2,base,exact_fifo@rho0.8,rep4_base_exact_fifo@rho0.8_b03v2,4,exact_fifo,0.8,111,upsert,L0098,A_no_future_use,
b03v2,base,exact_fifo@rho0.8,rep4_base_exact_fifo@rho0.8_b03v2,4,exact_fifo,0.8,112,upsert,L0112,A_no_future_use,
b03v2,base,exact_fifo@rho0.8,rep4_base_exact_fifo@rho0.8_b03v2,4,exact_fifo,0.8,113,upsert,L0102,A_no_future_use,
b03v2,base,exact_fifo@rho0.8,rep4_base_exact_fifo@rho0.8_b03v2,4,exact_fifo,0.8,114,upsert,L0069,D_meaningful_value_flip,40.96
b03v2,base,exact_fifo@rho0.8,rep4_base_exact_fifo@rho0.8_b03v2,4,exact_fifo,0.8,115,upsert,L0068,B_no_decision_flip,0.0
b03v2,base,exact_fifo@rho0.8,rep4_base_exact_fifo@rho0.8_b03v2,4,exact_fifo,0.8,116,upsert,L0064,A_no_future_use,
b03v2,base,exact_fifo@rho0.8,rep4_base_exact_fifo@rho0.8_b03v2,4,exact_fifo,0.8,117,upsert,L0089,A_no_future_use,
b03v2,base,exact_fifo@rho0.8,rep4_base_exact_fifo@rho0.8_b03v2,4,exact_fifo,0.8,118,upsert,L0106,D_meaningful_value_flip,38.96
b03v2,base,exact_fifo@rho0.8,rep4_base_exact_fifo@rho0.8_b03v2,4,exact_fifo,0.8,119,upsert,L0071,A_no_future_use,
b03v2,base,exact_fifo@rho0.8,rep4_base_exact_fifo@rho0.8_b03v2,4,exact_fifo,0.8,120,upsert,L0068,D_meaningful_value_flip,10.24
b03v2,base,exact_fifo@rho0.8,rep4_base_exact_fifo@rho0.8_b03v2,4,exact_fifo,0.8,121,upsert,L0076,C_low_value_flip,2.0
b03v2,base,exact_fifo@rho0.8,rep4_base_exact_fifo@rho0.8_b03v2,4,exact_fifo,0.8,122,upsert,L0118,A_no_future_use,
b03v2,base,exact_fifo@rho0.8,rep4_base_exact_fifo@rho0.8_b03v2,4,exact_fifo,0.8,123,upsert,L0127,A_no_future_use,
b03v2,base,exact_fifo@rho0.8,rep4_base_exact_fifo@rho0.8_b03v2,4,exact_fifo,0.8,124,upsert,L0065,D_meaningful_value_flip,40.96
b03v2,base,exact_fifo@rho0.8,rep4_base_exact_fifo@rho0.8_b03v2,4,exact_fifo,0.8,125,upsert,L0066,A_no_future_use,
b03v2,base,exact_fifo@rho0.8,rep4_base_exact_fifo@rho0.8_b03v2,4,exact_fifo,0.8,126,upsert,L0075,A_no_future_use,
b03v2,base,exact_fifo@rho0.8,rep4_base_exact_fifo@rho0.8_b03v2,4,exact_fifo,0.8,127,upsert,L0091,A_no_future_use,
b03v2,base,exact_fifo@rho0.8,rep4_base_exact_fifo@rho0.8_b03v2,4,exact_fifo,0.8,128,upsert,L0089,A_no_future_use,
b03v2,base,exact_fifo@rho0.8,rep4_base_exact_fifo@rho0.8_b03v2,4,exact_fifo,0.8,129,upsert,L0065,A_no_future_use,
b03v2,base,exact_fifo@rho0.8,rep4_base_exact_fifo@rho0.8_b03v2,4,exact_fifo,0.8,130,upsert,L0064,A_no_future_use,
b03v2,base,exact_fifo@rho0.8,rep4_base_exact_fifo@rho0.8_b03v2,4,exact_fifo,0.8,131,upsert,L0099,A_no_future_use,
b03v2,base,exact_fifo@rho0.8,rep4_base_exact_fifo@rho0.8_b03v2,4,exact_fifo,0.8,132,upsert,L0067,A_no_future_use,
b03v2,base,exact_fifo@rho0.8,rep4_base_exact_fifo@rho0.8_b03v2,4,exact_fifo,0.8,133,upsert,L0074,A_no_future_use,
b03v2,base,exact_fifo@rho0.8,rep4_base_exact_fifo@rho0.8_b03v2,4,exact_fifo,0.8,134,upsert,L0081,A_no_future_use,
b03v2,base,exact_fifo@rho0.8,rep4_base_exact_fifo@rho0.8_b03v2,4,exact_fifo,0.8,135,upsert,L0077,A_no_future_use,
b03v2,base,exact_fifo@rho0.8,rep4_base_exact_fifo@rho0.8_b03v2,4,exact_fifo,0.8,136,upsert,L0082,A_no_future_use,
b03v2,base,exact_fifo@rho0.8,rep4_base_exact_fifo@rho0.8_b03v2,4,exact_fifo,0.8,137,upsert,L0066,A_no_future_use,
b03v2,base,exact_fifo@rho0.8,rep4_base_exact_fifo@rho0.8_b03v2,4,exact_fifo,0.8,138,upsert,L0080,A_no_future_use,
b03v2,base,exact_fifo@rho0.8,rep4_base_exact_fifo@rho0.8_b03v2,4,exact_fifo,0.8,139,upsert,L0070,A_no_future_use,
b03v2,base,exact_fifo@rho0.8,rep4_base_exact_fifo@rho0.8_b03v2,4,exact_fifo,0.8,140,upsert,L0089,A_no_future_use,
b03v2,base,exact_fifo@rho0.8,rep4_base_exact_fifo@rho0.8_b03v2,4,exact_fifo,0.8,141,upsert,L0066,A_no_future_use,
b03v2,base,exact_fifo@rho0.8,rep4_base_exact_fifo@rho0.8_b03v2,4,exact_fifo,0.8,142,upsert,L0075,A_no_future_use,
b03v2,base,exact_fifo@rho0.8,rep4_base_exact_fifo@rho0.8_b03v2,4,exact_fifo,0.8,143,upsert,L0066,A_no_future_use,
b03v2,base,exact_fifo@rho0.8,rep4_base_exact_fifo@rho0.8_b03v2,4,exact_fifo,0.8,144,upsert,L0067,A_no_future_use,
b03v2,base,exact_fifo@rho0.8,rep4_base_exact_fifo@rho0.8_b03v2,4,exact_fifo,0.8,145,upsert,L0075,A_no_future_use,
b03v2,base,exact_fifo@rho0.8,rep4_base_exact_fifo@rho0.8_b03v2,4,exact_fifo,0.8,146,upsert,L0068,A_no_future_use,
b03v2,base,exact_fifo@rho0.8,rep4_base_exact_fifo@rho0.8_b03v2,4,exact_fifo,0.8,147,upsert,L0126,A_no_future_use,
b03v2,base,agg_full@rho1.0,rep4_base_agg_full@rho1.0_b03v2,4,agg_full,1.0,45,upsert,L0044,D_meaningful_value_flip,61.44
b03v2,base,agg_full@rho1.0,rep4_base_agg_full@rho1.0_b03v2,4,agg_full,1.0,54,upsert,L0020,A_no_future_use,
b03v2,base,agg_full@rho1.0,rep4_base_agg_full@rho1.0_b03v2,4,agg_full,1.0,66,upsert,L0002,A_no_future_use,
b03v2,base,agg_full@rho1.0,rep4_base_agg_full@rho1.0_b03v2,4,agg_full,1.0,68,upsert,L0006,A_no_future_use,
b03v2,base,agg_full@rho1.0,rep4_base_agg_full@rho1.0_b03v2,4,agg_full,1.0,69,upsert,L0057,A_no_future_use,
b03v2,base,agg_full@rho1.0,rep4_base_agg_full@rho1.0_b03v2,4,agg_full,1.0,70,upsert,L0022,A_no_future_use,
b03v2,base,agg_full@rho1.0,rep4_base_agg_full@rho1.0_b03v2,4,agg_full,1.0,71,upsert,L0009,A_no_future_use,
b03v2,base,agg_full@rho1.0,rep4_base_agg_full@rho1.0_b03v2,4,agg_full,1.0,72,upsert,L0017,A_no_future_use,
b03v2,base,agg_full@rho1.0,rep4_base_agg_full@rho1.0_b03v2,4,agg_full,1.0,73,upsert,L0050,A_no_future_use,
b03v2,base,agg_full@rho1.0,rep4_base_agg_full@rho1.0_b03v2,4,agg_full,1.0,74,upsert,L0056,A_no_future_use,
b03v2,base,agg_full@rho1.0,rep4_base_agg_full@rho1.0_b03v2,4,agg_full,1.0,75,upsert,L0019,A_no_future_use,
b03v2,base,agg_full@rho1.0,rep4_base_agg_full@rho1.0_b03v2,4,agg_full,1.0,76,upsert,L0020,A_no_future_use,
b03v2,base,agg_full@rho1.0,rep4_base_agg_full@rho1.0_b03v2,4,agg_full,1.0,77,upsert,L0046,A_no_future_use,
b03v2,base,agg_full@rho1.0,rep4_base_agg_full@rho1.0_b03v2,4,agg_full,1.0,78,upsert,L0027,A_no_future_use,
b03v2,base,agg_full@rho1.0,rep4_base_agg_full@rho1.0_b03v2,4,agg_full,1.0,79,upsert,L0002,A_no_future_use,
b03v2,base,agg_full@rho1.0,rep4_base_agg_full@rho1.0_b03v2,4,agg_full,1.0,80,upsert,L0003,A_no_future_use,
b03v2,base,agg_full@rho1.0,rep4_base_agg_full@rho1.0_b03v2,4,agg_full,1.0,81,upsert,L0021,A_no_future_use,
b03v2,base,agg_full@rho1.0,rep4_base_agg_full@rho1.0_b03v2,4,agg_full,1.0,82,upsert,L0021,A_no_future_use,
b03v2,base,agg_full@rho1.0,rep4_base_agg_full@rho1.0_b03v2,4,agg_full,1.0,83,upsert,L0024,A_no_future_use,
b03v2,base,agg_full@rho1.0,rep4_base_agg_full@rho1.0_b03v2,4,agg_full,1.0,84,upsert,L0000,A_no_future_use,
b03v2,base,agg_full@rho1.0,rep4_base_agg_full@rho1.0_b03v2,4,agg_full,1.0,85,upsert,L0044,A_no_future_use,
b03v2,base,agg_full@rho1.0,rep4_base_agg_full@rho1.0_b03v2,4,agg_full,1.0,86,upsert,L0011,A_no_future_use,
b03v2,base,agg_full@rho1.0,rep4_base_agg_full@rho1.0_b03v2,4,agg_full,1.0,87,upsert,L0048,A_no_future_use,
b03v2,base,agg_full@rho1.0,rep4_base_agg_full@rho1.0_b03v2,4,agg_full,1.0,88,upsert,L0021,A_no_future_use,
b03v2,base,agg_full@rho1.0,rep4_base_agg_full@rho1.0_b03v2,4,agg_full,1.0,89,upsert,L0003,A_no_future_use,
b03v2,base,agg_full@rho1.0,rep4_base_agg_full@rho1.0_b03v2,4,agg_full,1.0,90,upsert,L0014,A_no_future_use,
b03v2,base,agg_full@rho1.0,rep4_base_agg_full@rho1.0_b03v2,4,agg_full,1.0,91,upsert,L0005,A_no_future_use,
b03v2,base,agg_full@rho1.0,rep4_base_agg_full@rho1.0_b03v2,4,agg_full,1.0,92,upsert,L0000,A_no_future_use,
b03v2,base,agg_full@rho1.0,rep4_base_agg_full@rho1.0_b03v2,4,agg_full,1.0,93,upsert,L0034,A_no_future_use,
b03v2,base,agg_full@rho1.0,rep4_base_agg_full@rho1.0_b03v2,4,agg_full,1.0,94,upsert,L0039,A_no_future_use,
b03v2,base,agg_full@rho1.0,rep4_base_agg_full@rho1.0_b03v2,4,agg_full,1.0,95,upsert,L0023,A_no_future_use,
b03v2,base,agg_full@rho1.0,rep4_base_agg_full@rho1.0_b03v2,4,agg_full,1.0,96,upsert,L0087,A_no_future_use,
b03v2,base,agg_full@rho1.0,rep4_base_agg_full@rho1.0_b03v2,4,agg_full,1.0,97,upsert,L0110,D_meaningful_value_flip,40.96
b03v2,base,agg_full@rho1.0,rep4_base_agg_full@rho1.0_b03v2,4,agg_full,1.0,98,upsert,L0076,B_no_decision_flip,0.0
b03v2,base,agg_full@rho1.0,rep4_base_agg_full@rho1.0_b03v2,4,agg_full,1.0,99,upsert,L0100,A_no_future_use,
b03v2,base,agg_full@rho1.0,rep4_base_agg_full@rho1.0_b03v2,4,agg_full,1.0,100,upsert,L0070,D_meaningful_value_flip,38.96
b03v2,base,agg_full@rho1.0,rep4_base_agg_full@rho1.0_b03v2,4,agg_full,1.0,101,upsert,L0077,D_meaningful_value_flip,40.96
b03v2,base,agg_full@rho1.0,rep4_base_agg_full@rho1.0_b03v2,4,agg_full,1.0,102,upsert,L0073,B_no_decision_flip,0.0
b03v2,base,agg_full@rho1.0,rep4_base_agg_full@rho1.0_b03v2,4,agg_full,1.0,103,upsert,L0074,A_no_future_use,
b03v2,base,agg_full@rho1.0,rep4_base_agg_full@rho1.0_b03v2,4,agg_full,1.0,104,upsert,L0120,A_no_future_use,
b03v2,base,agg_full@rho1.0,rep4_base_agg_full@rho1.0_b03v2,4,agg_full,1.0,105,upsert,L0074,A_no_future_use,
b03v2,base,agg_full@rho1.0,rep4_base_agg_full@rho1.0_b03v2,4,agg_full,1.0,106,upsert,L0099,D_meaningful_value_flip,38.96
b03v2,base,agg_full@rho1.0,rep4_base_agg_full@rho1.0_b03v2,4,agg_full,1.0,107,upsert,L0072,D_meaningful_value_flip,38.96
b03v2,base,agg_full@rho1.0,rep4_base_agg_full@rho1.0_b03v2,4,agg_full,1.0,108,upsert,L0105,A_no_future_use,
b03v2,base,agg_full@rho1.0,rep4_base_agg_full@rho1.0_b03v2,4,agg_full,1.0,109,upsert,L0064,D_meaningful_value_flip,40.96
b03v2,base,agg_full@rho1.0,rep4_base_agg_full@rho1.0_b03v2,4,agg_full,1.0,110,upsert,L0079,D_meaningful_value_flip,38.96
b03v2,base,agg_full@rho1.0,rep4_base_agg_full@rho1.0_b03v2,4,agg_full,1.0,111,upsert,L0098,A_no_future_use,
b03v2,base,agg_full@rho1.0,rep4_base_agg_full@rho1.0_b03v2,4,agg_full,1.0,116,upsert,L0064,A_no_future_use,
b03v2,base,agg_full@rho1.0,rep4_base_agg_full@rho1.0_b03v2,4,agg_full,1.0,120,upsert,L0068,B_no_decision_flip,0.0
b03v2,base,agg_full@rho1.0,rep4_base_agg_full@rho1.0_b03v2,4,agg_full,1.0,121,upsert,L0076,C_low_value_flip,2.0
b03v2,base,agg_full@rho1.0,rep4_base_agg_full@rho1.0_b03v2,4,agg_full,1.0,128,upsert,L0089,A_no_future_use,
b03v2,base,agg_full@rho1.0,rep4_base_agg_full@rho1.0_b03v2,4,agg_full,1.0,129,upsert,L0065,D_meaningful_value_flip,51.2
b03v2,base,agg_full@rho1.0,rep4_base_agg_full@rho1.0_b03v2,4,agg_full,1.0,130,upsert,L0064,A_no_future_use,
b03v2,base,agg_full@rho1.0,rep4_base_agg_full@rho1.0_b03v2,4,agg_full,1.0,131,upsert,L0099,A_no_future_use,
b03v2,base,agg_full@rho1.0,rep4_base_agg_full@rho1.0_b03v2,4,agg_full,1.0,133,upsert,L0074,A_no_future_use,
b03v2,base,agg_full@rho1.0,rep4_base_agg_full@rho1.0_b03v2,4,agg_full,1.0,135,upsert,L0077,A_no_future_use,
b03v2,base,agg_full@rho1.0,rep4_base_agg_full@rho1.0_b03v2,4,agg_full,1.0,137,upsert,L0066,A_no_future_use,
b03v2,base,agg_full@rho1.0,rep4_base_agg_full@rho1.0_b03v2,4,agg_full,1.0,139,upsert,L0070,A_no_future_use,
b03v2,base,agg_full@rho0.5,rep4_base_agg_full@rho0.5_b03v2,4,agg_full,0.5,0,upsert,L0017,D_meaningful_value_flip,40.96
b03v2,base,agg_full@rho0.5,rep4_base_agg_full@rho0.5_b03v2,4,agg_full,0.5,1,upsert,L0044,B_no_decision_flip,0.0
b03v2,base,agg_full@rho0.5,rep4_base_agg_full@rho0.5_b03v2,4,agg_full,0.5,2,upsert,L0059,B_no_decision_flip,0.0
b03v2,base,agg_full@rho0.5,rep4_base_agg_full@rho0.5_b03v2,4,agg_full,0.5,3,upsert,L0016,D_meaningful_value_flip,40.96
b03v2,base,agg_full@rho0.5,rep4_base_agg_full@rho0.5_b03v2,4,agg_full,0.5,4,upsert,L0040,A_no_future_use,
b03v2,base,agg_full@rho0.5,rep4_base_agg_full@rho0.5_b03v2,4,agg_full,0.5,5,upsert,L0006,B_no_decision_flip,0.0
b03v2,base,agg_full@rho0.5,rep4_base_agg_full@rho0.5_b03v2,4,agg_full,0.5,6,upsert,L0009,D_meaningful_value_flip,38.96
b03v2,base,agg_full@rho0.5,rep4_base_agg_full@rho0.5_b03v2,4,agg_full,0.5,7,upsert,L0033,A_no_future_use,
b03v2,base,agg_full@rho0.5,rep4_base_agg_full@rho0.5_b03v2,4,agg_full,0.5,8,upsert,L0014,D_meaningful_value_flip,40.96
b03v2,base,agg_full@rho0.5,rep4_base_agg_full@rho0.5_b03v2,4,agg_full,0.5,9,upsert,L0041,A_no_future_use,
b03v2,base,agg_full@rho0.5,rep4_base_agg_full@rho0.5_b03v2,4,agg_full,0.5,10,upsert,L0058,A_no_future_use,
b03v2,base,agg_full@rho0.5,rep4_base_agg_full@rho0.5_b03v2,4,agg_full,0.5,11,upsert,L0037,A_no_future_use,
b03v2,base,agg_full@rho0.5,rep4_base_agg_full@rho0.5_b03v2,4,agg_full,0.5,12,upsert,L0007,D_meaningful_value_flip,38.96
b03v2,base,agg_full@rho0.5,rep4_base_agg_full@rho0.5_b03v2,4,agg_full,0.5,13,upsert,L0020,B_no_decision_flip,0.0
b03v2,base,agg_full@rho0.5,rep4_base_agg_full@rho0.5_b03v2,4,agg_full,0.5,14,upsert,L0005,B_no_decision_flip,0.0
b03v2,base,agg_full@rho0.5,rep4_base_agg_full@rho0.5_b03v2,4,agg_full,0.5,15,upsert,L0011,D_meaningful_value_flip,40.96
b03v2,base,agg_full@rho0.5,rep4_base_agg_full@rho0.5_b03v2,4,agg_full,0.5,16,upsert,L0000,B_no_decision_flip,0.0
b03v2,base,agg_full@rho0.5,rep4_base_agg_full@rho0.5_b03v2,4,agg_full,0.5,17,upsert,L0038,A_no_future_use,
b03v2,base,agg_full@rho0.5,rep4_base_agg_full@rho0.5_b03v2,4,agg_full,0.5,18,upsert,L0019,B_no_decision_flip,0.0
b03v2,base,agg_full@rho0.5,rep4_base_agg_full@rho0.5_b03v2,4,agg_full,0.5,19,upsert,L0001,D_meaningful_value_flip,40.96
b03v2,base,agg_full@rho0.5,rep4_base_agg_full@rho0.5_b03v2,4,agg_full,0.5,20,upsert,L0044,B_no_decision_flip,10.24
b03v2,base,agg_full@rho0.5,rep4_base_agg_full@rho0.5_b03v2,4,agg_full,0.5,21,upsert,L0020,D_meaningful_value_flip,8.24
b03v2,base,agg_full@rho0.5,rep4_base_agg_full@rho0.5_b03v2,4,agg_full,0.5,22,upsert,L0047,A_no_future_use,
b03v2,base,agg_full@rho0.5,rep4_base_agg_full@rho0.5_b03v2,4,agg_full,0.5,23,upsert,L0000,B_no_decision_flip,0.0
b03v2,base,agg_full@rho0.5,rep4_base_agg_full@rho0.5_b03v2,4,agg_full,0.5,24,upsert,L0003,D_meaningful_value_flip,40.96
b03v2,base,agg_full@rho0.5,rep4_base_agg_full@rho0.5_b03v2,4,agg_full,0.5,25,upsert,L0005,C_low_value_flip,2.0
b03v2,base,agg_full@rho0.5,rep4_base_agg_full@rho0.5_b03v2,4,agg_full,0.5,26,upsert,L0004,D_meaningful_value_flip,40.96
b03v2,base,agg_full@rho0.5,rep4_base_agg_full@rho0.5_b03v2,4,agg_full,0.5,27,upsert,L0002,D_meaningful_value_flip,40.96
b03v2,base,agg_full@rho0.5,rep4_base_agg_full@rho0.5_b03v2,4,agg_full,0.5,28,upsert,L0013,A_no_future_use,
b03v2,base,agg_full@rho0.5,rep4_base_agg_full@rho0.5_b03v2,4,agg_full,0.5,29,upsert,L0025,D_meaningful_value_flip,38.96
b03v2,base,agg_full@rho0.5,rep4_base_agg_full@rho0.5_b03v2,4,agg_full,0.5,30,upsert,L0038,A_no_future_use,
b03v2,base,agg_full@rho0.5,rep4_base_agg_full@rho0.5_b03v2,4,agg_full,0.5,31,upsert,L0060,A_no_future_use,
b03v2,base,agg_full@rho0.5,rep4_base_agg_full@rho0.5_b03v2,4,agg_full,0.5,32,upsert,L0010,D_meaningful_value_flip,40.96
b03v2,base,agg_full@rho0.5,rep4_base_agg_full@rho0.5_b03v2,4,agg_full,0.5,33,upsert,L0014,B_no_decision_flip,10.24
b03v2,base,agg_full@rho0.5,rep4_base_agg_full@rho0.5_b03v2,4,agg_full,0.5,34,upsert,L0060,A_no_future_use,
b03v2,base,agg_full@rho0.5,rep4_base_agg_full@rho0.5_b03v2,4,agg_full,0.5,35,upsert,L0009,B_no_decision_flip,0.0
b03v2,base,agg_full@rho0.5,rep4_base_agg_full@rho0.5_b03v2,4,agg_full,0.5,36,upsert,L0029,A_no_future_use,
b03v2,base,agg_full@rho0.5,rep4_base_agg_full@rho0.5_b03v2,4,agg_full,0.5,37,upsert,L0032,A_no_future_use,
b03v2,base,agg_full@rho0.5,rep4_base_agg_full@rho0.5_b03v2,4,agg_full,0.5,38,upsert,L0013,A_no_future_use,
b03v2,base,agg_full@rho0.5,rep4_base_agg_full@rho0.5_b03v2,4,agg_full,0.5,39,upsert,L0000,B_no_decision_flip,0.0
b03v2,base,agg_full@rho0.5,rep4_base_agg_full@rho0.5_b03v2,4,agg_full,0.5,40,upsert,L0021,B_no_decision_flip,0.0
b03v2,base,agg_full@rho0.5,rep4_base_agg_full@rho0.5_b03v2,4,agg_full,0.5,41,upsert,L0023,B_no_decision_flip,0.0
b03v2,base,agg_full@rho0.5,rep4_base_agg_full@rho0.5_b03v2,4,agg_full,0.5,42,upsert,L0016,A_no_future_use,
b03v2,base,agg_full@rho0.5,rep4_base_agg_full@rho0.5_b03v2,4,agg_full,0.5,43,upsert,L0061,A_no_future_use,
b03v2,base,agg_full@rho0.5,rep4_base_agg_full@rho0.5_b03v2,4,agg_full,0.5,44,upsert,L0000,B_no_decision_flip,-20.48
b03v2,base,agg_full@rho0.5,rep4_base_agg_full@rho0.5_b03v2,4,agg_full,0.5,45,upsert,L0044,B_no_decision_flip,10.24
b03v2,base,agg_full@rho0.5,rep4_base_agg_full@rho0.5_b03v2,4,agg_full,0.5,46,upsert,L0006,B_no_decision_flip,0.0
b03v2,base,agg_full@rho0.5,rep4_base_agg_full@rho0.5_b03v2,4,agg_full,0.5,47,upsert,L0039,B_no_decision_flip,0.0
b03v2,base,agg_full@rho0.5,rep4_base_agg_full@rho0.5_b03v2,4,agg_full,0.5,48,upsert,L0039,D_meaningful_value_flip,8.24
b03v2,base,agg_full@rho0.5,rep4_base_agg_full@rho0.5_b03v2,4,agg_full,0.5,49,upsert,L0007,A_no_future_use,
b03v2,base,agg_full@rho0.5,rep4_base_agg_full@rho0.5_b03v2,4,agg_full,0.5,50,upsert,L0012,A_no_future_use,
b03v2,base,agg_full@rho0.5,rep4_base_agg_full@rho0.5_b03v2,4,agg_full,0.5,51,upsert,L0031,A_no_future_use,
b03v2,base,agg_full@rho0.5,rep4_base_agg_full@rho0.5_b03v2,4,agg_full,0.5,52,upsert,L0059,A_no_future_use,
b03v2,base,agg_full@rho0.5,rep4_base_agg_full@rho0.5_b03v2,4,agg_full,0.5,53,upsert,L0035,A_no_future_use,
b03v2,base,agg_full@rho0.5,rep4_base_agg_full@rho0.5_b03v2,4,agg_full,0.5,54,upsert,L0020,B_no_decision_flip,10.24
b03v2,base,agg_full@rho0.5,rep4_base_agg_full@rho0.5_b03v2,4,agg_full,0.5,55,upsert,L0056,D_meaningful_value_flip,40.96
b03v2,base,agg_full@rho0.5,rep4_base_agg_full@rho0.5_b03v2,4,agg_full,0.5,56,upsert,L0027,B_no_decision_flip,0.0
b03v2,base,agg_full@rho0.5,rep4_base_agg_full@rho0.5_b03v2,4,agg_full,0.5,57,upsert,L0002,B_no_decision_flip,10.24
b03v2,base,agg_full@rho0.5,rep4_base_agg_full@rho0.5_b03v2,4,agg_full,0.5,58,upsert,L0001,A_no_future_use,
b03v2,base,agg_full@rho0.5,rep4_base_agg_full@rho0.5_b03v2,4,agg_full,0.5,59,upsert,L0022,A_no_future_use,
b03v2,base,agg_full@rho0.5,rep4_base_agg_full@rho0.5_b03v2,4,agg_full,0.5,60,upsert,L0004,A_no_future_use,
b03v2,base,agg_full@rho0.5,rep4_base_agg_full@rho0.5_b03v2,4,agg_full,0.5,61,upsert,L0012,A_no_future_use,
b03v2,base,agg_full@rho0.5,rep4_base_agg_full@rho0.5_b03v2,4,agg_full,0.5,62,upsert,L0025,A_no_future_use,
b03v2,base,agg_full@rho0.5,rep4_base_agg_full@rho0.5_b03v2,4,agg_full,0.5,63,upsert,L0050,A_no_future_use,
b03v2,base,agg_full@rho0.5,rep4_base_agg_full@rho0.5_b03v2,4,agg_full,0.5,64,upsert,L0010,A_no_future_use,
b03v2,base,agg_full@rho0.5,rep4_base_agg_full@rho0.5_b03v2,4,agg_full,0.5,65,upsert,L0021,B_no_decision_flip,10.24
b03v2,base,agg_full@rho0.5,rep4_base_agg_full@rho0.5_b03v2,4,agg_full,0.5,66,upsert,L0002,A_no_future_use,
b03v2,base,agg_full@rho0.5,rep4_base_agg_full@rho0.5_b03v2,4,agg_full,0.5,67,upsert,L0025,A_no_future_use,
b03v2,base,agg_full@rho0.5,rep4_base_agg_full@rho0.5_b03v2,4,agg_full,0.5,68,upsert,L0006,A_no_future_use,
b03v2,base,agg_full@rho0.5,rep4_base_agg_full@rho0.5_b03v2,4,agg_full,0.5,69,upsert,L0057,A_no_future_use,
b03v2,base,agg_full@rho0.5,rep4_base_agg_full@rho0.5_b03v2,4,agg_full,0.5,70,upsert,L0022,A_no_future_use,
b03v2,base,agg_full@rho0.5,rep4_base_agg_full@rho0.5_b03v2,4,agg_full,0.5,71,upsert,L0009,A_no_future_use,
b03v2,base,agg_full@rho0.5,rep4_base_agg_full@rho0.5_b03v2,4,agg_full,0.5,72,upsert,L0017,A_no_future_use,
b03v2,base,agg_full@rho0.5,rep4_base_agg_full@rho0.5_b03v2,4,agg_full,0.5,73,upsert,L0050,A_no_future_use,
b03v2,base,agg_full@rho0.5,rep4_base_agg_full@rho0.5_b03v2,4,agg_full,0.5,74,upsert,L0056,A_no_future_use,
b03v2,base,agg_full@rho0.5,rep4_base_agg_full@rho0.5_b03v2,4,agg_full,0.5,75,upsert,L0019,A_no_future_use,
b03v2,base,agg_full@rho0.5,rep4_base_agg_full@rho0.5_b03v2,4,agg_full,0.5,76,upsert,L0020,A_no_future_use,
b03v2,base,agg_full@rho0.5,rep4_base_agg_full@rho0.5_b03v2,4,agg_full,0.5,77,upsert,L0046,A_no_future_use,
b03v2,base,agg_full@rho0.5,rep4_base_agg_full@rho0.5_b03v2,4,agg_full,0.5,78,upsert,L0027,A_no_future_use,
b03v2,base,agg_full@rho0.5,rep4_base_agg_full@rho0.5_b03v2,4,agg_full,0.5,79,upsert,L0002,A_no_future_use,
b03v2,base,agg_full@rho0.5,rep4_base_agg_full@rho0.5_b03v2,4,agg_full,0.5,80,upsert,L0003,A_no_future_use,
b03v2,base,agg_full@rho0.5,rep4_base_agg_full@rho0.5_b03v2,4,agg_full,0.5,81,upsert,L0021,A_no_future_use,
b03v2,base,agg_full@rho0.5,rep4_base_agg_full@rho0.5_b03v2,4,agg_full,0.5,82,upsert,L0021,A_no_future_use,
b03v2,base,agg_full@rho0.5,rep4_base_agg_full@rho0.5_b03v2,4,agg_full,0.5,83,upsert,L0024,A_no_future_use,
b03v2,base,agg_full@rho0.5,rep4_base_agg_full@rho0.5_b03v2,4,agg_full,0.5,84,upsert,L0000,A_no_future_use,
b03v2,base,agg_full@rho0.5,rep4_base_agg_full@rho0.5_b03v2,4,agg_full,0.5,85,upsert,L0044,A_no_future_use,
b03v2,base,agg_full@rho0.5,rep4_base_agg_full@rho0.5_b03v2,4,agg_full,0.5,86,upsert,L0011,A_no_future_use,
b03v2,base,agg_full@rho0.5,rep4_base_agg_full@rho0.5_b03v2,4,agg_full,0.5,87,upsert,L0048,A_no_future_use,
b03v2,base,agg_full@rho0.5,rep4_base_agg_full@rho0.5_b03v2,4,agg_full,0.5,88,upsert,L0021,A_no_future_use,
b03v2,base,agg_full@rho0.5,rep4_base_agg_full@rho0.5_b03v2,4,agg_full,0.5,89,upsert,L0003,A_no_future_use,
b03v2,base,agg_full@rho0.5,rep4_base_agg_full@rho0.5_b03v2,4,agg_full,0.5,90,upsert,L0014,A_no_future_use,
b03v2,base,agg_full@rho0.5,rep4_base_agg_full@rho0.5_b03v2,4,agg_full,0.5,91,upsert,L0005,A_no_future_use,
b03v2,base,agg_full@rho0.5,rep4_base_agg_full@rho0.5_b03v2,4,agg_full,0.5,92,upsert,L0000,A_no_future_use,
b03v2,base,agg_full@rho0.5,rep4_base_agg_full@rho0.5_b03v2,4,agg_full,0.5,93,upsert,L0034,A_no_future_use,
b03v2,base,agg_full@rho0.5,rep4_base_agg_full@rho0.5_b03v2,4,agg_full,0.5,94,upsert,L0039,A_no_future_use,
b03v2,base,agg_full@rho0.5,rep4_base_agg_full@rho0.5_b03v2,4,agg_full,0.5,95,upsert,L0023,A_no_future_use,
b03v2,base,agg_full@rho0.5,rep4_base_agg_full@rho0.5_b03v2,4,agg_full,0.5,96,upsert,L0087,A_no_future_use,
b03v2,base,agg_full@rho0.5,rep4_base_agg_full@rho0.5_b03v2,4,agg_full,0.5,97,upsert,L0110,B_no_decision_flip,0.0
b03v2,base,agg_full@rho0.5,rep4_base_agg_full@rho0.5_b03v2,4,agg_full,0.5,98,upsert,L0076,D_meaningful_value_flip,40.96
b03v2,base,agg_full@rho0.5,rep4_base_agg_full@rho0.5_b03v2,4,agg_full,0.5,99,upsert,L0100,A_no_future_use,
b03v2,base,agg_full@rho0.5,rep4_base_agg_full@rho0.5_b03v2,4,agg_full,0.5,100,upsert,L0070,D_meaningful_value_flip,38.96
b03v2,base,agg_full@rho0.5,rep4_base_agg_full@rho0.5_b03v2,4,agg_full,0.5,101,upsert,L0077,B_no_decision_flip,0.0
b03v2,base,agg_full@rho0.5,rep4_base_agg_full@rho0.5_b03v2,4,agg_full,0.5,102,upsert,L0073,D_meaningful_value_flip,40.96
b03v2,base,agg_full@rho0.5,rep4_base_agg_full@rho0.5_b03v2,4,agg_full,0.5,103,upsert,L0074,B_no_decision_flip,0.0
b03v2,base,agg_full@rho0.5,rep4_base_agg_full@rho0.5_b03v2,4,agg_full,0.5,104,upsert,L0120,A_no_future_use,
b03v2,base,agg_full@rho0.5,rep4_base_agg_full@rho0.5_b03v2,4,agg_full,0.5,105,upsert,L0074,C_low_value_flip,2.0
b03v2,base,agg_full@rho0.5,rep4_base_agg_full@rho0.5_b03v2,4,agg_full,0.5,106,upsert,L0099,D_meaningful_value_flip,38.96
b03v2,base,agg_full@rho0.5,rep4_base_agg_full@rho0.5_b03v2,4,agg_full,0.5,107,upsert,L0072,D_meaningful_value_flip,40.96
b03v2,base,agg_full@rho0.5,rep4_base_agg_full@rho0.5_b03v2,4,agg_full,0.5,108,upsert,L0105,A_no_future_use,
b03v2,base,agg_full@rho0.5,rep4_base_agg_full@rho0.5_b03v2,4,agg_full,0.5,109,upsert,L0064,D_meaningful_value_flip,38.96
b03v2,base,agg_full@rho0.5,rep4_base_agg_full@rho0.5_b03v2,4,agg_full,0.5,110,upsert,L0079,D_meaningful_value_flip,40.96
b03v2,base,agg_full@rho0.5,rep4_base_agg_full@rho0.5_b03v2,4,agg_full,0.5,111,upsert,L0098,A_no_future_use,
b03v2,base,agg_full@rho0.5,rep4_base_agg_full@rho0.5_b03v2,4,agg_full,0.5,112,upsert,L0112,A_no_future_use,
b03v2,base,agg_full@rho0.5,rep4_base_agg_full@rho0.5_b03v2,4,agg_full,0.5,113,upsert,L0102,D_meaningful_value_flip,40.96
b03v2,base,agg_full@rho0.5,rep4_base_agg_full@rho0.5_b03v2,4,agg_full,0.5,114,upsert,L0069,B_no_decision_flip,0.0
b03v2,base,agg_full@rho0.5,rep4_base_agg_full@rho0.5_b03v2,4,agg_full,0.5,115,upsert,L0068,B_no_decision_flip,0.0
b03v2,base,agg_full@rho0.5,rep4_base_agg_full@rho0.5_b03v2,4,agg_full,0.5,116,upsert,L0064,B_no_decision_flip,0.0
b03v2,base,agg_full@rho0.5,rep4_base_agg_full@rho0.5_b03v2,4,agg_full,0.5,117,upsert,L0089,B_no_decision_flip,0.0
b03v2,base,agg_full@rho0.5,rep4_base_agg_full@rho0.5_b03v2,4,agg_full,0.5,118,upsert,L0106,D_meaningful_value_flip,38.96
b03v2,base,agg_full@rho0.5,rep4_base_agg_full@rho0.5_b03v2,4,agg_full,0.5,119,upsert,L0071,A_no_future_use,
b03v2,base,agg_full@rho0.5,rep4_base_agg_full@rho0.5_b03v2,4,agg_full,0.5,120,upsert,L0068,D_meaningful_value_flip,14.24
b03v2,base,agg_full@rho0.5,rep4_base_agg_full@rho0.5_b03v2,4,agg_full,0.5,121,upsert,L0076,B_no_decision_flip,10.24
b03v2,base,agg_full@rho0.5,rep4_base_agg_full@rho0.5_b03v2,4,agg_full,0.5,122,upsert,L0118,A_no_future_use,
b03v2,base,agg_full@rho0.5,rep4_base_agg_full@rho0.5_b03v2,4,agg_full,0.5,123,upsert,L0127,A_no_future_use,
b03v2,base,agg_full@rho0.5,rep4_base_agg_full@rho0.5_b03v2,4,agg_full,0.5,124,upsert,L0065,B_no_decision_flip,0.0
b03v2,base,agg_full@rho0.5,rep4_base_agg_full@rho0.5_b03v2,4,agg_full,0.5,125,upsert,L0066,D_meaningful_value_flip,40.96
b03v2,base,agg_full@rho0.5,rep4_base_agg_full@rho0.5_b03v2,4,agg_full,0.5,126,upsert,L0075,B_no_decision_flip,0.0
b03v2,base,agg_full@rho0.5,rep4_base_agg_full@rho0.5_b03v2,4,agg_full,0.5,127,upsert,L0091,A_no_future_use,
b03v2,base,agg_full@rho0.5,rep4_base_agg_full@rho0.5_b03v2,4,agg_full,0.5,128,upsert,L0089,D_meaningful_value_flip,10.24
b03v2,base,agg_full@rho0.5,rep4_base_agg_full@rho0.5_b03v2,4,agg_full,0.5,129,upsert,L0065,D_meaningful_value_flip,8.24
b03v2,base,agg_full@rho0.5,rep4_base_agg_full@rho0.5_b03v2,4,agg_full,0.5,130,upsert,L0064,D_meaningful_value_flip,6.24
b03v2,base,agg_full@rho0.5,rep4_base_agg_full@rho0.5_b03v2,4,agg_full,0.5,131,upsert,L0099,B_no_decision_flip,0.0
b03v2,base,agg_full@rho0.5,rep4_base_agg_full@rho0.5_b03v2,4,agg_full,0.5,132,upsert,L0067,B_no_decision_flip,0.0
b03v2,base,agg_full@rho0.5,rep4_base_agg_full@rho0.5_b03v2,4,agg_full,0.5,133,upsert,L0074,A_no_future_use,
b03v2,base,agg_full@rho0.5,rep4_base_agg_full@rho0.5_b03v2,4,agg_full,0.5,134,upsert,L0081,A_no_future_use,
b03v2,base,agg_full@rho0.5,rep4_base_agg_full@rho0.5_b03v2,4,agg_full,0.5,135,upsert,L0077,B_no_decision_flip,10.24
b03v2,base,agg_full@rho0.5,rep4_base_agg_full@rho0.5_b03v2,4,agg_full,0.5,136,upsert,L0082,A_no_future_use,
b03v2,base,agg_full@rho0.5,rep4_base_agg_full@rho0.5_b03v2,4,agg_full,0.5,137,upsert,L0066,B_no_decision_flip,0.0
b03v2,base,agg_full@rho0.5,rep4_base_agg_full@rho0.5_b03v2,4,agg_full,0.5,138,upsert,L0080,D_meaningful_value_flip,40.96
b03v2,base,agg_full@rho0.5,rep4_base_agg_full@rho0.5_b03v2,4,agg_full,0.5,139,upsert,L0070,B_no_decision_flip,0.0
b03v2,base,agg_full@rho0.5,rep4_base_agg_full@rho0.5_b03v2,4,agg_full,0.5,140,upsert,L0089,A_no_future_use,
b03v2,base,agg_full@rho0.5,rep4_base_agg_full@rho0.5_b03v2,4,agg_full,0.5,141,upsert,L0066,B_no_decision_flip,0.0
b03v2,base,agg_full@rho0.5,rep4_base_agg_full@rho0.5_b03v2,4,agg_full,0.5,142,upsert,L0075,A_no_future_use,
b03v2,base,agg_full@rho0.5,rep4_base_agg_full@rho0.5_b03v2,4,agg_full,0.5,143,upsert,L0066,B_no_decision_flip,-20.48
b03v2,base,agg_full@rho0.5,rep4_base_agg_full@rho0.5_b03v2,4,agg_full,0.5,144,upsert,L0067,B_no_decision_flip,0.0
b03v2,base,agg_full@rho0.5,rep4_base_agg_full@rho0.5_b03v2,4,agg_full,0.5,145,upsert,L0075,A_no_future_use,
b03v2,base,agg_full@rho0.5,rep4_base_agg_full@rho0.5_b03v2,4,agg_full,0.5,146,upsert,L0068,B_no_decision_flip,10.24
b03v2,base,agg_full@rho0.5,rep4_base_agg_full@rho0.5_b03v2,4,agg_full,0.5,147,upsert,L0126,A_no_future_use,
b03v2,base,agg_full@rho0.5,rep4_base_agg_full@rho0.5_b03v2,4,agg_full,0.5,148,upsert,L0072,B_no_decision_flip,10.24
b03v2,base,agg_full@rho0.5,rep4_base_agg_full@rho0.5_b03v2,4,agg_full,0.5,149,upsert,L0065,B_no_decision_flip,0.0
b03v2,base,agg_full@rho0.5,rep4_base_agg_full@rho0.5_b03v2,4,agg_full,0.5,150,upsert,L0064,E_negative_value_flip,-6.24
b03v2,base,agg_full@rho0.5,rep4_base_agg_full@rho0.5_b03v2,4,agg_full,0.5,151,upsert,L0073,B_no_decision_flip,10.24
b03v2,base,agg_full@rho0.5,rep4_base_agg_full@rho0.5_b03v2,4,agg_full,0.5,152,upsert,L0083,D_meaningful_value_flip,38.96
b03v2,base,agg_full@rho0.5,rep4_base_agg_full@rho0.5_b03v2,4,agg_full,0.5,153,upsert,L0084,A_no_future_use,
b03v2,base,agg_full@rho0.5,rep4_base_agg_full@rho0.5_b03v2,4,agg_full,0.5,154,upsert,L0067,B_no_decision_flip,10.24
b03v2,base,agg_full@rho0.5,rep4_base_agg_full@rho0.5_b03v2,4,agg_full,0.5,155,upsert,L0084,A_no_future_use,
b03v2,base,agg_full@rho0.5,rep4_base_agg_full@rho0.5_b03v2,4,agg_full,0.5,156,upsert,L0119,D_meaningful_value_flip,36.96
b03v2,base,agg_full@rho0.5,rep4_base_agg_full@rho0.5_b03v2,4,agg_full,0.5,157,upsert,L0070,A_no_future_use,
b03v2,base,agg_full@rho0.5,rep4_base_agg_full@rho0.5_b03v2,4,agg_full,0.5,158,upsert,L0065,E_negative_value_flip,-20.48
b03v2,base,agg_full@rho0.5,rep4_base_agg_full@rho0.5_b03v2,4,agg_full,0.5,159,upsert,L0095,A_no_future_use,
b03v2,base,agg_full@rho0.5,rep4_base_agg_full@rho0.5_b03v2,4,agg_full,0.5,160,upsert,L0070,A_no_future_use,
b03v2,base,agg_full@rho0.5,rep4_base_agg_full@rho0.5_b03v2,4,agg_full,0.5,161,upsert,L0069,B_no_decision_flip,0.0
b03v2,base,agg_full@rho0.5,rep4_base_agg_full@rho0.5_b03v2,4,agg_full,0.5,162,upsert,L0095,A_no_future_use,
b03v2,base,agg_full@rho0.5,rep4_base_agg_full@rho0.5_b03v2,4,agg_full,0.5,163,upsert,L0099,A_no_future_use,
b03v2,base,agg_full@rho0.5,rep4_base_agg_full@rho0.5_b03v2,4,agg_full,0.5,164,upsert,L0067,A_no_future_use,
b03v2,base,agg_full@rho0.5,rep4_base_agg_full@rho0.5_b03v2,4,agg_full,0.5,165,upsert,L0072,A_no_future_use,
b03v2,base,agg_full@rho0.5,rep4_base_agg_full@rho0.5_b03v2,4,agg_full,0.5,166,upsert,L0064,A_no_future_use,
b03v2,base,agg_full@rho0.5,rep4_base_agg_full@rho0.5_b03v2,4,agg_full,0.5,167,upsert,L0107,A_no_future_use,
b03v2,base,agg_full@rho0.5,rep4_base_agg_full@rho0.5_b03v2,4,agg_full,0.5,168,upsert,L0066,A_no_future_use,
b03v2,base,agg_full@rho0.5,rep4_base_agg_full@rho0.5_b03v2,4,agg_full,0.5,169,upsert,L0083,A_no_future_use,
b03v2,base,agg_full@rho0.5,rep4_base_agg_full@rho0.5_b03v2,4,agg_full,0.5,170,upsert,L0064,A_no_future_use,
b03v2,base,agg_full@rho0.5,rep4_base_agg_full@rho0.5_b03v2,4,agg_full,0.5,171,upsert,L0102,A_no_future_use,
b03v2,base,agg_full@rho0.5,rep4_base_agg_full@rho0.5_b03v2,4,agg_full,0.5,172,upsert,L0072,A_no_future_use,
b03v2,base,agg_full@rho0.5,rep4_base_agg_full@rho0.5_b03v2,4,agg_full,0.5,173,upsert,L0067,A_no_future_use,
b03v2,base,agg_full@rho0.5,rep4_base_agg_full@rho0.5_b03v2,4,agg_full,0.5,174,upsert,L0119,A_no_future_use,
b03v2,base,agg_full@rho0.5,rep4_base_agg_full@rho0.5_b03v2,4,agg_full,0.5,175,upsert,L0076,A_no_future_use,
b03v2,base,agg_full@rho0.5,rep4_base_agg_full@rho0.5_b03v2,4,agg_full,0.5,176,upsert,L0110,A_no_future_use,
b03v2,base,agg_full@rho0.5,rep4_base_agg_full@rho0.5_b03v2,4,agg_full,0.5,177,upsert,L0068,A_no_future_use,
b03v2,base,agg_full@rho0.5,rep4_base_agg_full@rho0.5_b03v2,4,agg_full,0.5,178,upsert,L0101,A_no_future_use,
b03v2,base,agg_full@rho0.5,rep4_base_agg_full@rho0.5_b03v2,4,agg_full,0.5,179,upsert,L0090,A_no_future_use,
b03v2,base,agg_full@rho0.5,rep4_base_agg_full@rho0.5_b03v2,4,agg_full,0.5,180,upsert,L0073,A_no_future_use,
b03v2,base,agg_full@rho0.5,rep4_base_agg_full@rho0.5_b03v2,4,agg_full,0.5,181,upsert,L0065,A_no_future_use,
b03v2,base,agg_full@rho0.5,rep4_base_agg_full@rho0.5_b03v2,4,agg_full,0.5,182,upsert,L0121,A_no_future_use,
b03v2,base,agg_full@rho0.5,rep4_base_agg_full@rho0.5_b03v2,4,agg_full,0.5,183,upsert,L0123,A_no_future_use,
b03v2,base,agg_full@rho0.5,rep4_base_agg_full@rho0.5_b03v2,4,agg_full,0.5,184,upsert,L0077,A_no_future_use,
b03v2,base,agg_full@rho0.5,rep4_base_agg_full@rho0.5_b03v2,4,agg_full,0.5,185,upsert,L0069,A_no_future_use,
b03v2,base,agg_full@rho0.5,rep4_base_agg_full@rho0.5_b03v2,4,agg_full,0.5,186,upsert,L0121,A_no_future_use,
b03v2,base,agg_full@rho0.5,rep4_base_agg_full@rho0.5_b03v2,4,agg_full,0.5,187,upsert,L0106,A_no_future_use,
b03v2,base,agg_full@rho0.5,rep4_base_agg_full@rho0.5_b03v2,4,agg_full,0.5,188,upsert,L0080,A_no_future_use,
b03v2,base,agg_full@rho0.5,rep4_base_agg_full@rho0.5_b03v2,4,agg_full,0.5,189,upsert,L0080,A_no_future_use,
b03v2,base,agg_full@rho0.5,rep4_base_agg_full@rho0.5_b03v2,4,agg_full,0.5,190,upsert,L0094,A_no_future_use,
b03v2,base,agg_full@rho0.5,rep4_base_agg_full@rho0.5_b03v2,4,agg_full,0.5,191,upsert,L0079,A_no_future_use,
b03v2,base,exact_fifo@rho1.2,rep4_base_exact_fifo@rho1.2_b03v2,4,exact_fifo,1.2,0,upsert,L0017,D_meaningful_value_flip,40.96
b03v2,base,exact_fifo@rho1.2,rep4_base_exact_fifo@rho1.2_b03v2,4,exact_fifo,1.2,1,upsert,L0044,D_meaningful_value_flip,40.96
b03v2,base,exact_fifo@rho1.2,rep4_base_exact_fifo@rho1.2_b03v2,4,exact_fifo,1.2,2,upsert,L0059,B_no_decision_flip,0.0
b03v2,base,exact_fifo@rho1.2,rep4_base_exact_fifo@rho1.2_b03v2,4,exact_fifo,1.2,3,upsert,L0016,D_meaningful_value_flip,40.96
b03v2,base,exact_fifo@rho1.2,rep4_base_exact_fifo@rho1.2_b03v2,4,exact_fifo,1.2,4,upsert,L0040,A_no_future_use,
b03v2,base,exact_fifo@rho1.2,rep4_base_exact_fifo@rho1.2_b03v2,4,exact_fifo,1.2,5,upsert,L0006,D_meaningful_value_flip,38.96
b03v2,base,exact_fifo@rho1.2,rep4_base_exact_fifo@rho1.2_b03v2,4,exact_fifo,1.2,6,upsert,L0009,D_meaningful_value_flip,38.96
b03v2,base,exact_fifo@rho1.2,rep4_base_exact_fifo@rho1.2_b03v2,4,exact_fifo,1.2,7,upsert,L0033,A_no_future_use,
b03v2,base,exact_fifo@rho1.2,rep4_base_exact_fifo@rho1.2_b03v2,4,exact_fifo,1.2,8,upsert,L0014,B_no_decision_flip,0.0
b03v2,base,exact_fifo@rho1.2,rep4_base_exact_fifo@rho1.2_b03v2,4,exact_fifo,1.2,9,upsert,L0041,A_no_future_use,
b03v2,base,exact_fifo@rho1.2,rep4_base_exact_fifo@rho1.2_b03v2,4,exact_fifo,1.2,10,upsert,L0058,A_no_future_use,
b03v2,base,exact_fifo@rho1.2,rep4_base_exact_fifo@rho1.2_b03v2,4,exact_fifo,1.2,11,upsert,L0037,A_no_future_use,
b03v2,base,exact_fifo@rho1.2,rep4_base_exact_fifo@rho1.2_b03v2,4,exact_fifo,1.2,12,upsert,L0007,A_no_future_use,
b03v2,base,exact_fifo@rho1.2,rep4_base_exact_fifo@rho1.2_b03v2,4,exact_fifo,1.2,13,upsert,L0020,D_meaningful_value_flip,40.96
b03v2,base,exact_fifo@rho1.2,rep4_base_exact_fifo@rho1.2_b03v2,4,exact_fifo,1.2,14,upsert,L0005,B_no_decision_flip,0.0
b03v2,base,exact_fifo@rho1.2,rep4_base_exact_fifo@rho1.2_b03v2,4,exact_fifo,1.2,15,upsert,L0011,D_meaningful_value_flip,40.96
b03v2,base,exact_fifo@rho1.2,rep4_base_exact_fifo@rho1.2_b03v2,4,exact_fifo,1.2,16,upsert,L0000,B_no_decision_flip,0.0
b03v2,base,exact_fifo@rho1.2,rep4_base_exact_fifo@rho1.2_b03v2,4,exact_fifo,1.2,17,upsert,L0038,A_no_future_use,
b03v2,base,exact_fifo@rho1.2,rep4_base_exact_fifo@rho1.2_b03v2,4,exact_fifo,1.2,18,upsert,L0019,D_meaningful_value_flip,38.96
b03v2,base,exact_fifo@rho1.2,rep4_base_exact_fifo@rho1.2_b03v2,4,exact_fifo,1.2,19,upsert,L0001,A_no_future_use,
b03v2,base,exact_fifo@rho1.2,rep4_base_exact_fifo@rho1.2_b03v2,4,exact_fifo,1.2,20,upsert,L0044,B_no_decision_flip,0.0
b03v2,base,exact_fifo@rho1.2,rep4_base_exact_fifo@rho1.2_b03v2,4,exact_fifo,1.2,21,upsert,L0020,D_meaningful_value_flip,10.24
b03v2,base,exact_fifo@rho1.2,rep4_base_exact_fifo@rho1.2_b03v2,4,exact_fifo,1.2,22,upsert,L0047,A_no_future_use,
b03v2,base,exact_fifo@rho1.2,rep4_base_exact_fifo@rho1.2_b03v2,4,exact_fifo,1.2,23,upsert,L0000,B_no_decision_flip,10.24
b03v2,base,exact_fifo@rho1.2,rep4_base_exact_fifo@rho1.2_b03v2,4,exact_fifo,1.2,24,upsert,L0003,B_no_decision_flip,0.0
b03v2,base,exact_fifo@rho1.2,rep4_base_exact_fifo@rho1.2_b03v2,4,exact_fifo,1.2,25,upsert,L0005,D_meaningful_value_flip,14.24
b03v2,base,exact_fifo@rho1.2,rep4_base_exact_fifo@rho1.2_b03v2,4,exact_fifo,1.2,26,upsert,L0004,A_no_future_use,
b03v2,base,exact_fifo@rho1.2,rep4_base_exact_fifo@rho1.2_b03v2,4,exact_fifo,1.2,27,upsert,L0002,D_meaningful_value_flip,38.96
b03v2,base,exact_fifo@rho1.2,rep4_base_exact_fifo@rho1.2_b03v2,4,exact_fifo,1.2,28,upsert,L0013,A_no_future_use,
b03v2,base,exact_fifo@rho1.2,rep4_base_exact_fifo@rho1.2_b03v2,4,exact_fifo,1.2,29,upsert,L0025,A_no_future_use,
b03v2,base,exact_fifo@rho1.2,rep4_base_exact_fifo@rho1.2_b03v2,4,exact_fifo,1.2,30,upsert,L0038,A_no_future_use,
b03v2,base,exact_fifo@rho1.2,rep4_base_exact_fifo@rho1.2_b03v2,4,exact_fifo,1.2,31,upsert,L0060,A_no_future_use,
b03v2,base,exact_fifo@rho1.2,rep4_base_exact_fifo@rho1.2_b03v2,4,exact_fifo,1.2,32,upsert,L0010,A_no_future_use,
b03v2,base,exact_fifo@rho1.2,rep4_base_exact_fifo@rho1.2_b03v2,4,exact_fifo,1.2,33,upsert,L0014,D_meaningful_value_flip,10.24
b03v2,base,exact_fifo@rho1.2,rep4_base_exact_fifo@rho1.2_b03v2,4,exact_fifo,1.2,34,upsert,L0060,A_no_future_use,
b03v2,base,exact_fifo@rho1.2,rep4_base_exact_fifo@rho1.2_b03v2,4,exact_fifo,1.2,35,upsert,L0009,A_no_future_use,
b03v2,base,exact_fifo@rho1.2,rep4_base_exact_fifo@rho1.2_b03v2,4,exact_fifo,1.2,36,upsert,L0029,A_no_future_use,
b03v2,base,exact_fifo@rho1.2,rep4_base_exact_fifo@rho1.2_b03v2,4,exact_fifo,1.2,37,upsert,L0032,A_no_future_use,
b03v2,base,exact_fifo@rho1.2,rep4_base_exact_fifo@rho1.2_b03v2,4,exact_fifo,1.2,38,upsert,L0013,A_no_future_use,
b03v2,base,exact_fifo@rho1.2,rep4_base_exact_fifo@rho1.2_b03v2,4,exact_fifo,1.2,39,upsert,L0000,D_meaningful_value_flip,10.24
b03v2,base,exact_fifo@rho1.2,rep4_base_exact_fifo@rho1.2_b03v2,4,exact_fifo,1.2,40,upsert,L0021,A_no_future_use,
b03v2,base,exact_fifo@rho1.2,rep4_base_exact_fifo@rho1.2_b03v2,4,exact_fifo,1.2,41,upsert,L0023,B_no_decision_flip,0.0
b03v2,base,exact_fifo@rho1.2,rep4_base_exact_fifo@rho1.2_b03v2,4,exact_fifo,1.2,42,upsert,L0016,A_no_future_use,
b03v2,base,exact_fifo@rho1.2,rep4_base_exact_fifo@rho1.2_b03v2,4,exact_fifo,1.2,43,upsert,L0061,A_no_future_use,
b03v2,base,exact_fifo@rho1.2,rep4_base_exact_fifo@rho1.2_b03v2,4,exact_fifo,1.2,44,upsert,L0000,A_no_future_use,
b03v2,base,exact_fifo@rho1.2,rep4_base_exact_fifo@rho1.2_b03v2,4,exact_fifo,1.2,45,upsert,L0044,A_no_future_use,
b03v2,base,exact_fifo@rho1.2,rep4_base_exact_fifo@rho1.2_b03v2,4,exact_fifo,1.2,46,upsert,L0006,A_no_future_use,
b03v2,base,exact_fifo@rho1.2,rep4_base_exact_fifo@rho1.2_b03v2,4,exact_fifo,1.2,47,upsert,L0039,A_no_future_use,
b03v2,base,exact_fifo@rho1.2,rep4_base_exact_fifo@rho1.2_b03v2,4,exact_fifo,1.2,48,upsert,L0039,A_no_future_use,
b03v2,base,exact_fifo@rho1.2,rep4_base_exact_fifo@rho1.2_b03v2,4,exact_fifo,1.2,49,upsert,L0007,A_no_future_use,
b03v2,base,exact_fifo@rho1.2,rep4_base_exact_fifo@rho1.2_b03v2,4,exact_fifo,1.2,50,upsert,L0012,A_no_future_use,
b03v2,base,exact_fifo@rho1.2,rep4_base_exact_fifo@rho1.2_b03v2,4,exact_fifo,1.2,51,upsert,L0031,A_no_future_use,
b03v2,base,exact_fifo@rho1.2,rep4_base_exact_fifo@rho1.2_b03v2,4,exact_fifo,1.2,52,upsert,L0059,A_no_future_use,
b03v2,base,exact_fifo@rho1.2,rep4_base_exact_fifo@rho1.2_b03v2,4,exact_fifo,1.2,53,upsert,L0035,A_no_future_use,
b03v2,base,exact_fifo@rho1.2,rep4_base_exact_fifo@rho1.2_b03v2,4,exact_fifo,1.2,54,upsert,L0020,A_no_future_use,
b03v2,base,exact_fifo@rho1.2,rep4_base_exact_fifo@rho1.2_b03v2,4,exact_fifo,1.2,55,upsert,L0056,A_no_future_use,
b03v2,base,exact_fifo@rho1.2,rep4_base_exact_fifo@rho1.2_b03v2,4,exact_fifo,1.2,56,upsert,L0027,A_no_future_use,
b03v2,base,exact_fifo@rho1.2,rep4_base_exact_fifo@rho1.2_b03v2,4,exact_fifo,1.2,57,upsert,L0002,A_no_future_use,
b03v2,base,exact_fifo@rho1.2,rep4_base_exact_fifo@rho1.2_b03v2,4,exact_fifo,1.2,58,upsert,L0001,A_no_future_use,
b03v2,base,exact_fifo@rho1.2,rep4_base_exact_fifo@rho1.2_b03v2,4,exact_fifo,1.2,59,upsert,L0022,A_no_future_use,
b03v2,base,exact_fifo@rho1.2,rep4_base_exact_fifo@rho1.2_b03v2,4,exact_fifo,1.2,60,upsert,L0004,A_no_future_use,
b03v2,base,exact_fifo@rho1.2,rep4_base_exact_fifo@rho1.2_b03v2,4,exact_fifo,1.2,61,upsert,L0012,A_no_future_use,
b03v2,base,exact_fifo@rho1.2,rep4_base_exact_fifo@rho1.2_b03v2,4,exact_fifo,1.2,62,upsert,L0025,A_no_future_use,
b03v2,base,exact_fifo@rho1.2,rep4_base_exact_fifo@rho1.2_b03v2,4,exact_fifo,1.2,63,upsert,L0050,A_no_future_use,
b03v2,base,exact_fifo@rho1.2,rep4_base_exact_fifo@rho1.2_b03v2,4,exact_fifo,1.2,64,upsert,L0010,A_no_future_use,
b03v2,base,exact_fifo@rho1.2,rep4_base_exact_fifo@rho1.2_b03v2,4,exact_fifo,1.2,65,upsert,L0021,A_no_future_use,
b03v2,base,exact_fifo@rho1.2,rep4_base_exact_fifo@rho1.2_b03v2,4,exact_fifo,1.2,66,upsert,L0002,A_no_future_use,
b03v2,base,exact_fifo@rho1.2,rep4_base_exact_fifo@rho1.2_b03v2,4,exact_fifo,1.2,67,upsert,L0025,A_no_future_use,
b03v2,base,exact_fifo@rho1.2,rep4_base_exact_fifo@rho1.2_b03v2,4,exact_fifo,1.2,68,upsert,L0006,A_no_future_use,
b03v2,base,exact_fifo@rho1.2,rep4_base_exact_fifo@rho1.2_b03v2,4,exact_fifo,1.2,69,upsert,L0057,A_no_future_use,
b03v2,base,exact_fifo@rho1.2,rep4_base_exact_fifo@rho1.2_b03v2,4,exact_fifo,1.2,70,upsert,L0022,A_no_future_use,
b03v2,base,exact_fifo@rho1.2,rep4_base_exact_fifo@rho1.2_b03v2,4,exact_fifo,1.2,71,upsert,L0009,A_no_future_use,
b03v2,base,exact_fifo@rho1.2,rep4_base_exact_fifo@rho1.2_b03v2,4,exact_fifo,1.2,72,upsert,L0017,A_no_future_use,
b03v2,base,exact_fifo@rho1.2,rep4_base_exact_fifo@rho1.2_b03v2,4,exact_fifo,1.2,73,upsert,L0050,A_no_future_use,
b03v2,base,exact_fifo@rho1.2,rep4_base_exact_fifo@rho1.2_b03v2,4,exact_fifo,1.2,74,upsert,L0056,A_no_future_use,
b03v2,base,exact_fifo@rho1.2,rep4_base_exact_fifo@rho1.2_b03v2,4,exact_fifo,1.2,75,upsert,L0019,A_no_future_use,
b03v2,base,exact_fifo@rho1.2,rep4_base_exact_fifo@rho1.2_b03v2,4,exact_fifo,1.2,76,upsert,L0020,A_no_future_use,
b03v2,base,exact_fifo@rho1.2,rep4_base_exact_fifo@rho1.2_b03v2,4,exact_fifo,1.2,77,upsert,L0046,A_no_future_use,
b03v2,base,exact_fifo@rho1.2,rep4_base_exact_fifo@rho1.2_b03v2,4,exact_fifo,1.2,78,upsert,L0027,A_no_future_use,
b03v2,base,exact_fifo@rho1.2,rep4_base_exact_fifo@rho1.2_b03v2,4,exact_fifo,1.2,79,upsert,L0002,A_no_future_use,
b03v2,base,exact_fifo@rho1.2,rep4_base_exact_fifo@rho1.2_b03v2,4,exact_fifo,1.2,80,upsert,L0003,A_no_future_use,
b03v2,base,exact_fifo@rho1.2,rep4_base_exact_fifo@rho1.2_b03v2,4,exact_fifo,1.2,81,upsert,L0021,A_no_future_use,
b03v2,base,exact_fifo@rho1.2,rep4_base_exact_fifo@rho1.2_b03v2,4,exact_fifo,1.2,82,upsert,L0021,A_no_future_use,
b03v2,base,exact_fifo@rho1.2,rep4_base_exact_fifo@rho1.2_b03v2,4,exact_fifo,1.2,83,upsert,L0024,A_no_future_use,
b03v2,base,exact_fifo@rho1.2,rep4_base_exact_fifo@rho1.2_b03v2,4,exact_fifo,1.2,84,upsert,L0000,A_no_future_use,
b03v2,base,exact_fifo@rho1.2,rep4_base_exact_fifo@rho1.2_b03v2,4,exact_fifo,1.2,85,upsert,L0044,A_no_future_use,
b03v2,base,exact_fifo@rho1.2,rep4_base_exact_fifo@rho1.2_b03v2,4,exact_fifo,1.2,86,upsert,L0011,A_no_future_use,
b03v2,base,exact_fifo@rho1.2,rep4_base_exact_fifo@rho1.2_b03v2,4,exact_fifo,1.2,87,upsert,L0048,A_no_future_use,
b03v2,base,exact_fifo@rho1.2,rep4_base_exact_fifo@rho1.2_b03v2,4,exact_fifo,1.2,88,upsert,L0021,A_no_future_use,
b03v2,base,exact_fifo@rho1.2,rep4_base_exact_fifo@rho1.2_b03v2,4,exact_fifo,1.2,89,upsert,L0003,A_no_future_use,
b03v2,base,exact_fifo@rho1.2,rep4_base_exact_fifo@rho1.2_b03v2,4,exact_fifo,1.2,90,upsert,L0014,A_no_future_use,
b03v2,base,exact_fifo@rho1.2,rep4_base_exact_fifo@rho1.2_b03v2,4,exact_fifo,1.2,91,upsert,L0005,A_no_future_use,
b03v2,base,exact_fifo@rho1.2,rep4_base_exact_fifo@rho1.2_b03v2,4,exact_fifo,1.2,92,upsert,L0000,A_no_future_use,
b03v2,base,exact_fifo@rho1.2,rep4_base_exact_fifo@rho1.2_b03v2,4,exact_fifo,1.2,93,upsert,L0034,A_no_future_use,
b03v2,base,exact_fifo@rho1.2,rep4_base_exact_fifo@rho1.2_b03v2,4,exact_fifo,1.2,94,upsert,L0039,A_no_future_use,
b03v2,base,exact_fifo@rho1.2,rep4_base_exact_fifo@rho1.2_b03v2,4,exact_fifo,1.2,95,upsert,L0023,A_no_future_use,
b03v2,base,exact_fifo@rho1.2,rep4_base_exact_fifo@rho1.2_b03v2,4,exact_fifo,1.2,96,upsert,L0087,A_no_future_use,
b03v2,base,exact_fifo@rho1.2,rep4_base_exact_fifo@rho1.2_b03v2,4,exact_fifo,1.2,97,upsert,L0110,A_no_future_use,
b03v2,base,exact_fifo@rho1.2,rep4_base_exact_fifo@rho1.2_b03v2,4,exact_fifo,1.2,98,upsert,L0076,A_no_future_use,
b03v2,base,exact_fifo@rho1.2,rep4_base_exact_fifo@rho1.2_b03v2,4,exact_fifo,1.2,99,upsert,L0100,A_no_future_use,
b03v2,base,exact_fifo@rho1.2,rep4_base_exact_fifo@rho1.2_b03v2,4,exact_fifo,1.2,100,upsert,L0070,A_no_future_use,
b03v2,base,exact_fifo@rho1.2,rep4_base_exact_fifo@rho1.2_b03v2,4,exact_fifo,1.2,101,upsert,L0077,A_no_future_use,
b03v2,base,exact_fifo@rho1.2,rep4_base_exact_fifo@rho1.2_b03v2,4,exact_fifo,1.2,102,upsert,L0073,A_no_future_use,
b03v2,base,exact_fifo@rho1.2,rep4_base_exact_fifo@rho1.2_b03v2,4,exact_fifo,1.2,103,upsert,L0074,A_no_future_use,
b03v2,base,exact_fifo@rho1.2,rep4_base_exact_fifo@rho1.2_b03v2,4,exact_fifo,1.2,104,upsert,L0120,A_no_future_use,
b03v2,base,exact_fifo@rho1.2,rep4_base_exact_fifo@rho1.2_b03v2,4,exact_fifo,1.2,105,upsert,L0074,A_no_future_use,
b03v2,base,exact_fifo@rho1.2,rep4_base_exact_fifo@rho1.2_b03v2,4,exact_fifo,1.2,106,upsert,L0099,A_no_future_use,
b03v2,base,agg_static@rho0.5,rep4_base_agg_static@rho0.5_b03v2,4,agg_static,0.5,1,upsert,L0044,A_no_future_use,
b03v2,base,agg_static@rho0.5,rep4_base_agg_static@rho0.5_b03v2,4,agg_static,0.5,6,upsert,L0009,A_no_future_use,
b03v2,base,agg_static@rho0.5,rep4_base_agg_static@rho0.5_b03v2,4,agg_static,0.5,8,upsert,L0014,A_no_future_use,
b03v2,base,agg_static@rho0.5,rep4_base_agg_static@rho0.5_b03v2,4,agg_static,0.5,13,upsert,L0020,A_no_future_use,
b03v2,base,agg_static@rho0.5,rep4_base_agg_static@rho0.5_b03v2,4,agg_static,0.5,14,upsert,L0005,A_no_future_use,
b03v2,base,agg_static@rho0.5,rep4_base_agg_static@rho0.5_b03v2,4,agg_static,0.5,17,upsert,L0038,A_no_future_use,
b03v2,base,agg_static@rho0.5,rep4_base_agg_static@rho0.5_b03v2,4,agg_static,0.5,20,upsert,L0044,A_no_future_use,
b03v2,base,agg_static@rho0.5,rep4_base_agg_static@rho0.5_b03v2,4,agg_static,0.5,25,upsert,L0005,A_no_future_use,
b03v2,base,agg_static@rho0.5,rep4_base_agg_static@rho0.5_b03v2,4,agg_static,0.5,28,upsert,L0013,A_no_future_use,
b03v2,base,agg_static@rho0.5,rep4_base_agg_static@rho0.5_b03v2,4,agg_static,0.5,30,upsert,L0038,A_no_future_use,
b03v2,base,agg_static@rho0.5,rep4_base_agg_static@rho0.5_b03v2,4,agg_static,0.5,33,upsert,L0014,A_no_future_use,
b03v2,base,agg_static@rho0.5,rep4_base_agg_static@rho0.5_b03v2,4,agg_static,0.5,35,upsert,L0009,A_no_future_use,
b03v2,base,agg_static@rho0.5,rep4_base_agg_static@rho0.5_b03v2,4,agg_static,0.5,38,upsert,L0013,A_no_future_use,
b03v2,base,agg_static@rho0.5,rep4_base_agg_static@rho0.5_b03v2,4,agg_static,0.5,39,upsert,L0000,A_no_future_use,
b03v2,base,agg_static@rho0.5,rep4_base_agg_static@rho0.5_b03v2,4,agg_static,0.5,44,upsert,L0000,A_no_future_use,
b03v2,base,agg_static@rho0.5,rep4_base_agg_static@rho0.5_b03v2,4,agg_static,0.5,46,upsert,L0006,A_no_future_use,
b03v2,base,agg_static@rho0.5,rep4_base_agg_static@rho0.5_b03v2,4,agg_static,0.5,48,upsert,L0039,A_no_future_use,
b03v2,base,agg_static@rho0.5,rep4_base_agg_static@rho0.5_b03v2,4,agg_static,0.5,52,upsert,L0059,A_no_future_use,
b03v2,base,agg_static@rho0.5,rep4_base_agg_static@rho0.5_b03v2,4,agg_static,0.5,54,upsert,L0020,A_no_future_use,
b03v2,base,agg_static@rho0.5,rep4_base_agg_static@rho0.5_b03v2,4,agg_static,0.5,58,upsert,L0001,A_no_future_use,
b03v2,base,agg_static@rho0.5,rep4_base_agg_static@rho0.5_b03v2,4,agg_static,0.5,60,upsert,L0004,A_no_future_use,
b03v2,base,agg_static@rho0.5,rep4_base_agg_static@rho0.5_b03v2,4,agg_static,0.5,64,upsert,L0010,A_no_future_use,
b03v2,base,agg_static@rho0.5,rep4_base_agg_static@rho0.5_b03v2,4,agg_static,0.5,66,upsert,L0002,A_no_future_use,
b03v2,base,agg_static@rho0.5,rep4_base_agg_static@rho0.5_b03v2,4,agg_static,0.5,67,upsert,L0025,A_no_future_use,
b03v2,base,agg_static@rho0.5,rep4_base_agg_static@rho0.5_b03v2,4,agg_static,0.5,68,upsert,L0006,A_no_future_use,
b03v2,base,agg_static@rho0.5,rep4_base_agg_static@rho0.5_b03v2,4,agg_static,0.5,69,upsert,L0057,A_no_future_use,
b03v2,base,agg_static@rho0.5,rep4_base_agg_static@rho0.5_b03v2,4,agg_static,0.5,70,upsert,L0022,A_no_future_use,
b03v2,base,agg_static@rho0.5,rep4_base_agg_static@rho0.5_b03v2,4,agg_static,0.5,71,upsert,L0009,A_no_future_use,
b03v2,base,agg_static@rho0.5,rep4_base_agg_static@rho0.5_b03v2,4,agg_static,0.5,72,upsert,L0017,A_no_future_use,
b03v2,base,agg_static@rho0.5,rep4_base_agg_static@rho0.5_b03v2,4,agg_static,0.5,73,upsert,L0050,A_no_future_use,
b03v2,base,agg_static@rho0.5,rep4_base_agg_static@rho0.5_b03v2,4,agg_static,0.5,74,upsert,L0056,A_no_future_use,
b03v2,base,agg_static@rho0.5,rep4_base_agg_static@rho0.5_b03v2,4,agg_static,0.5,75,upsert,L0019,A_no_future_use,
b03v2,base,agg_static@rho0.5,rep4_base_agg_static@rho0.5_b03v2,4,agg_static,0.5,77,upsert,L0046,A_no_future_use,
b03v2,base,agg_static@rho0.5,rep4_base_agg_static@rho0.5_b03v2,4,agg_static,0.5,78,upsert,L0027,A_no_future_use,
b03v2,base,agg_static@rho0.5,rep4_base_agg_static@rho0.5_b03v2,4,agg_static,0.5,79,upsert,L0002,A_no_future_use,
b03v2,base,agg_static@rho0.5,rep4_base_agg_static@rho0.5_b03v2,4,agg_static,0.5,80,upsert,L0003,A_no_future_use,
b03v2,base,agg_static@rho0.5,rep4_base_agg_static@rho0.5_b03v2,4,agg_static,0.5,81,upsert,L0021,A_no_future_use,
b03v2,base,agg_static@rho0.5,rep4_base_agg_static@rho0.5_b03v2,4,agg_static,0.5,82,upsert,L0021,A_no_future_use,
b03v2,base,agg_static@rho0.5,rep4_base_agg_static@rho0.5_b03v2,4,agg_static,0.5,83,upsert,L0024,A_no_future_use,
b03v2,base,agg_static@rho0.5,rep4_base_agg_static@rho0.5_b03v2,4,agg_static,0.5,84,upsert,L0000,A_no_future_use,
b03v2,base,agg_static@rho0.5,rep4_base_agg_static@rho0.5_b03v2,4,agg_static,0.5,85,upsert,L0044,A_no_future_use,
b03v2,base,agg_static@rho0.5,rep4_base_agg_static@rho0.5_b03v2,4,agg_static,0.5,86,upsert,L0011,A_no_future_use,
b03v2,base,agg_static@rho0.5,rep4_base_agg_static@rho0.5_b03v2,4,agg_static,0.5,87,upsert,L0048,A_no_future_use,
b03v2,base,agg_static@rho0.5,rep4_base_agg_static@rho0.5_b03v2,4,agg_static,0.5,89,upsert,L0003,A_no_future_use,
b03v2,base,agg_static@rho0.5,rep4_base_agg_static@rho0.5_b03v2,4,agg_static,0.5,90,upsert,L0014,A_no_future_use,
b03v2,base,agg_static@rho0.5,rep4_base_agg_static@rho0.5_b03v2,4,agg_static,0.5,91,upsert,L0005,A_no_future_use,
b03v2,base,agg_static@rho0.5,rep4_base_agg_static@rho0.5_b03v2,4,agg_static,0.5,92,upsert,L0000,A_no_future_use,
b03v2,base,agg_static@rho0.5,rep4_base_agg_static@rho0.5_b03v2,4,agg_static,0.5,93,upsert,L0034,A_no_future_use,
b03v2,base,agg_static@rho0.5,rep4_base_agg_static@rho0.5_b03v2,4,agg_static,0.5,94,upsert,L0039,A_no_future_use,
b03v2,base,agg_static@rho0.5,rep4_base_agg_static@rho0.5_b03v2,4,agg_static,0.5,95,upsert,L0023,A_no_future_use,
b03v2,base,agg_static@rho0.5,rep4_base_agg_static@rho0.5_b03v2,4,agg_static,0.5,96,upsert,L0087,A_no_future_use,
b03v2,base,agg_static@rho0.5,rep4_base_agg_static@rho0.5_b03v2,4,agg_static,0.5,97,upsert,L0110,D_meaningful_value_flip,40.96
b03v2,base,agg_static@rho0.5,rep4_base_agg_static@rho0.5_b03v2,4,agg_static,0.5,98,upsert,L0076,B_no_decision_flip,0.0
b03v2,base,agg_static@rho0.5,rep4_base_agg_static@rho0.5_b03v2,4,agg_static,0.5,99,upsert,L0100,A_no_future_use,
b03v2,base,agg_static@rho0.5,rep4_base_agg_static@rho0.5_b03v2,4,agg_static,0.5,100,upsert,L0070,D_meaningful_value_flip,40.96
b03v2,base,agg_static@rho0.5,rep4_base_agg_static@rho0.5_b03v2,4,agg_static,0.5,101,upsert,L0077,B_no_decision_flip,0.0
b03v2,base,agg_static@rho0.5,rep4_base_agg_static@rho0.5_b03v2,4,agg_static,0.5,102,upsert,L0073,D_meaningful_value_flip,40.96
b03v2,base,agg_static@rho0.5,rep4_base_agg_static@rho0.5_b03v2,4,agg_static,0.5,103,upsert,L0074,A_no_future_use,
b03v2,base,agg_static@rho0.5,rep4_base_agg_static@rho0.5_b03v2,4,agg_static,0.5,104,upsert,L0120,A_no_future_use,
b03v2,base,agg_static@rho0.5,rep4_base_agg_static@rho0.5_b03v2,4,agg_static,0.5,105,upsert,L0074,A_no_future_use,
b03v2,base,agg_static@rho0.5,rep4_base_agg_static@rho0.5_b03v2,4,agg_static,0.5,106,upsert,L0099,B_no_decision_flip,0.0
b03v2,base,agg_static@rho0.5,rep4_base_agg_static@rho0.5_b03v2,4,agg_static,0.5,107,upsert,L0072,D_meaningful_value_flip,40.96
b03v2,base,agg_static@rho0.5,rep4_base_agg_static@rho0.5_b03v2,4,agg_static,0.5,108,upsert,L0105,A_no_future_use,
b03v2,base,agg_static@rho0.5,rep4_base_agg_static@rho0.5_b03v2,4,agg_static,0.5,109,upsert,L0064,B_no_decision_flip,0.0
b03v2,base,agg_static@rho0.5,rep4_base_agg_static@rho0.5_b03v2,4,agg_static,0.5,110,upsert,L0079,D_meaningful_value_flip,36.96
b03v2,base,agg_static@rho0.5,rep4_base_agg_static@rho0.5_b03v2,4,agg_static,0.5,111,upsert,L0098,A_no_future_use,
b03v2,base,agg_static@rho0.5,rep4_base_agg_static@rho0.5_b03v2,4,agg_static,0.5,112,upsert,L0112,A_no_future_use,
b03v2,base,agg_static@rho0.5,rep4_base_agg_static@rho0.5_b03v2,4,agg_static,0.5,113,upsert,L0102,D_meaningful_value_flip,38.96
b03v2,base,agg_static@rho0.5,rep4_base_agg_static@rho0.5_b03v2,4,agg_static,0.5,114,upsert,L0069,D_meaningful_value_flip,40.96
b03v2,base,agg_static@rho0.5,rep4_base_agg_static@rho0.5_b03v2,4,agg_static,0.5,115,upsert,L0068,B_no_decision_flip,0.0
b03v2,base,agg_static@rho0.5,rep4_base_agg_static@rho0.5_b03v2,4,agg_static,0.5,116,upsert,L0064,D_meaningful_value_flip,8.24
b03v2,base,agg_static@rho0.5,rep4_base_agg_static@rho0.5_b03v2,4,agg_static,0.5,117,upsert,L0089,A_no_future_use,
b03v2,base,agg_static@rho0.5,rep4_base_agg_static@rho0.5_b03v2,4,agg_static,0.5,118,upsert,L0106,D_meaningful_value_flip,38.96
b03v2,base,agg_static@rho0.5,rep4_base_agg_static@rho0.5_b03v2,4,agg_static,0.5,119,upsert,L0071,A_no_future_use,
b03v2,base,agg_static@rho0.5,rep4_base_agg_static@rho0.5_b03v2,4,agg_static,0.5,120,upsert,L0068,D_meaningful_value_flip,12.24
b03v2,base,agg_static@rho0.5,rep4_base_agg_static@rho0.5_b03v2,4,agg_static,0.5,121,upsert,L0076,D_meaningful_value_flip,8.24
b03v2,base,agg_static@rho0.5,rep4_base_agg_static@rho0.5_b03v2,4,agg_static,0.5,122,upsert,L0118,A_no_future_use,
b03v2,base,agg_static@rho0.5,rep4_base_agg_static@rho0.5_b03v2,4,agg_static,0.5,123,upsert,L0127,A_no_future_use,
b03v2,base,agg_static@rho0.5,rep4_base_agg_static@rho0.5_b03v2,4,agg_static,0.5,124,upsert,L0065,B_no_decision_flip,0.0
b03v2,base,agg_static@rho0.5,rep4_base_agg_static@rho0.5_b03v2,4,agg_static,0.5,125,upsert,L0066,B_no_decision_flip,0.0
b03v2,base,agg_static@rho0.5,rep4_base_agg_static@rho0.5_b03v2,4,agg_static,0.5,126,upsert,L0075,A_no_future_use,
b03v2,base,agg_static@rho0.5,rep4_base_agg_static@rho0.5_b03v2,4,agg_static,0.5,127,upsert,L0091,A_no_future_use,
b03v2,base,agg_static@rho0.5,rep4_base_agg_static@rho0.5_b03v2,4,agg_static,0.5,128,upsert,L0089,A_no_future_use,
b03v2,base,agg_static@rho0.5,rep4_base_agg_static@rho0.5_b03v2,4,agg_static,0.5,129,upsert,L0065,C_low_value_flip,2.0
b03v2,base,agg_static@rho0.5,rep4_base_agg_static@rho0.5_b03v2,4,agg_static,0.5,130,upsert,L0064,D_meaningful_value_flip,18.48
b03v2,base,agg_static@rho0.5,rep4_base_agg_static@rho0.5_b03v2,4,agg_static,0.5,131,upsert,L0099,D_meaningful_value_flip,10.24
b03v2,base,agg_static@rho0.5,rep4_base_agg_static@rho0.5_b03v2,4,agg_static,0.5,132,upsert,L0067,B_no_decision_flip,0.0
b03v2,base,agg_static@rho0.5,rep4_base_agg_static@rho0.5_b03v2,4,agg_static,0.5,133,upsert,L0074,A_no_future_use,
b03v2,base,agg_static@rho0.5,rep4_base_agg_static@rho0.5_b03v2,4,agg_static,0.5,134,upsert,L0081,A_no_future_use,
b03v2,base,agg_static@rho0.5,rep4_base_agg_static@rho0.5_b03v2,4,agg_static,0.5,135,upsert,L0077,B_no_decision_flip,0.0
b03v2,base,agg_static@rho0.5,rep4_base_agg_static@rho0.5_b03v2,4,agg_static,0.5,136,upsert,L0082,A_no_future_use,
b03v2,base,agg_static@rho0.5,rep4_base_agg_static@rho0.5_b03v2,4,agg_static,0.5,137,upsert,L0066,B_no_decision_flip,0.0
b03v2,base,agg_static@rho0.5,rep4_base_agg_static@rho0.5_b03v2,4,agg_static,0.5,138,upsert,L0080,D_meaningful_value_flip,40.96
b03v2,base,agg_static@rho0.5,rep4_base_agg_static@rho0.5_b03v2,4,agg_static,0.5,139,upsert,L0070,D_meaningful_value_flip,10.24
b03v2,base,agg_static@rho0.5,rep4_base_agg_static@rho0.5_b03v2,4,agg_static,0.5,140,upsert,L0089,A_no_future_use,
b03v2,base,agg_static@rho0.5,rep4_base_agg_static@rho0.5_b03v2,4,agg_static,0.5,141,upsert,L0066,D_meaningful_value_flip,20.48
b03v2,base,agg_static@rho0.5,rep4_base_agg_static@rho0.5_b03v2,4,agg_static,0.5,142,upsert,L0075,A_no_future_use,
b03v2,base,agg_static@rho0.5,rep4_base_agg_static@rho0.5_b03v2,4,agg_static,0.5,143,upsert,L0066,B_no_decision_flip,0.0
b03v2,base,agg_static@rho0.5,rep4_base_agg_static@rho0.5_b03v2,4,agg_static,0.5,144,upsert,L0067,B_no_decision_flip,0.0
b03v2,base,agg_static@rho0.5,rep4_base_agg_static@rho0.5_b03v2,4,agg_static,0.5,145,upsert,L0075,A_no_future_use,
b03v2,base,agg_static@rho0.5,rep4_base_agg_static@rho0.5_b03v2,4,agg_static,0.5,147,upsert,L0126,A_no_future_use,
b03v2,base,agg_static@rho0.5,rep4_base_agg_static@rho0.5_b03v2,4,agg_static,0.5,148,upsert,L0072,B_no_decision_flip,10.24
b03v2,base,agg_static@rho0.5,rep4_base_agg_static@rho0.5_b03v2,4,agg_static,0.5,149,upsert,L0065,B_no_decision_flip,20.48
b03v2,base,agg_static@rho0.5,rep4_base_agg_static@rho0.5_b03v2,4,agg_static,0.5,150,upsert,L0064,B_no_decision_flip,0.0
b03v2,base,agg_static@rho0.5,rep4_base_agg_static@rho0.5_b03v2,4,agg_static,0.5,151,upsert,L0073,B_no_decision_flip,0.0
b03v2,base,agg_static@rho0.5,rep4_base_agg_static@rho0.5_b03v2,4,agg_static,0.5,152,upsert,L0083,D_meaningful_value_flip,40.96
b03v2,base,agg_static@rho0.5,rep4_base_agg_static@rho0.5_b03v2,4,agg_static,0.5,153,upsert,L0084,A_no_future_use,
b03v2,base,agg_static@rho0.5,rep4_base_agg_static@rho0.5_b03v2,4,agg_static,0.5,154,upsert,L0067,D_meaningful_value_flip,10.24
b03v2,base,agg_static@rho0.5,rep4_base_agg_static@rho0.5_b03v2,4,agg_static,0.5,155,upsert,L0084,A_no_future_use,
b03v2,base,agg_static@rho0.5,rep4_base_agg_static@rho0.5_b03v2,4,agg_static,0.5,156,upsert,L0119,D_meaningful_value_flip,38.96
b03v2,base,agg_static@rho0.5,rep4_base_agg_static@rho0.5_b03v2,4,agg_static,0.5,157,upsert,L0070,A_no_future_use,
b03v2,base,agg_static@rho0.5,rep4_base_agg_static@rho0.5_b03v2,4,agg_static,0.5,158,upsert,L0065,B_no_decision_flip,0.0
b03v2,base,agg_static@rho0.5,rep4_base_agg_static@rho0.5_b03v2,4,agg_static,0.5,159,upsert,L0095,A_no_future_use,
b03v2,base,agg_static@rho0.5,rep4_base_agg_static@rho0.5_b03v2,4,agg_static,0.5,160,upsert,L0070,A_no_future_use,
b03v2,base,agg_static@rho0.5,rep4_base_agg_static@rho0.5_b03v2,4,agg_static,0.5,161,upsert,L0069,B_no_decision_flip,10.24
b03v2,base,agg_static@rho0.5,rep4_base_agg_static@rho0.5_b03v2,4,agg_static,0.5,162,upsert,L0095,A_no_future_use,
b03v2,base,agg_static@rho0.5,rep4_base_agg_static@rho0.5_b03v2,4,agg_static,0.5,163,upsert,L0099,A_no_future_use,
b03v2,base,agg_static@rho0.5,rep4_base_agg_static@rho0.5_b03v2,4,agg_static,0.5,164,upsert,L0067,A_no_future_use,
b03v2,base,agg_static@rho0.5,rep4_base_agg_static@rho0.5_b03v2,4,agg_static,0.5,165,upsert,L0072,A_no_future_use,
b03v2,base,agg_static@rho0.5,rep4_base_agg_static@rho0.5_b03v2,4,agg_static,0.5,166,upsert,L0064,A_no_future_use,
b03v2,base,agg_static@rho0.5,rep4_base_agg_static@rho0.5_b03v2,4,agg_static,0.5,167,upsert,L0107,A_no_future_use,
b03v2,base,agg_static@rho0.5,rep4_base_agg_static@rho0.5_b03v2,4,agg_static,0.5,168,upsert,L0066,A_no_future_use,
b03v2,base,agg_static@rho0.5,rep4_base_agg_static@rho0.5_b03v2,4,agg_static,0.5,169,upsert,L0083,A_no_future_use,
b03v2,base,agg_static@rho0.5,rep4_base_agg_static@rho0.5_b03v2,4,agg_static,0.5,170,upsert,L0064,A_no_future_use,
b03v2,base,agg_static@rho0.5,rep4_base_agg_static@rho0.5_b03v2,4,agg_static,0.5,171,upsert,L0102,A_no_future_use,
b03v2,base,agg_static@rho0.5,rep4_base_agg_static@rho0.5_b03v2,4,agg_static,0.5,172,upsert,L0072,A_no_future_use,
b03v2,base,agg_static@rho0.5,rep4_base_agg_static@rho0.5_b03v2,4,agg_static,0.5,173,upsert,L0067,A_no_future_use,
b03v2,base,agg_static@rho0.5,rep4_base_agg_static@rho0.5_b03v2,4,agg_static,0.5,174,upsert,L0119,A_no_future_use,
b03v2,base,agg_static@rho0.5,rep4_base_agg_static@rho0.5_b03v2,4,agg_static,0.5,175,upsert,L0076,A_no_future_use,
b03v2,base,agg_static@rho0.5,rep4_base_agg_static@rho0.5_b03v2,4,agg_static,0.5,176,upsert,L0110,A_no_future_use,
b03v2,base,agg_static@rho0.5,rep4_base_agg_static@rho0.5_b03v2,4,agg_static,0.5,177,upsert,L0068,A_no_future_use,
b03v2,base,agg_static@rho0.5,rep4_base_agg_static@rho0.5_b03v2,4,agg_static,0.5,178,upsert,L0101,A_no_future_use,
b03v2,base,agg_static@rho0.5,rep4_base_agg_static@rho0.5_b03v2,4,agg_static,0.5,179,upsert,L0090,A_no_future_use,
b03v2,base,agg_static@rho0.5,rep4_base_agg_static@rho0.5_b03v2,4,agg_static,0.5,180,upsert,L0073,A_no_future_use,
b03v2,base,agg_static@rho0.5,rep4_base_agg_static@rho0.5_b03v2,4,agg_static,0.5,181,upsert,L0065,A_no_future_use,
b03v2,base,agg_static@rho0.5,rep4_base_agg_static@rho0.5_b03v2,4,agg_static,0.5,182,upsert,L0121,A_no_future_use,
b03v2,base,agg_static@rho0.5,rep4_base_agg_static@rho0.5_b03v2,4,agg_static,0.5,183,upsert,L0123,A_no_future_use,
b03v2,base,agg_static@rho0.5,rep4_base_agg_static@rho0.5_b03v2,4,agg_static,0.5,184,upsert,L0077,A_no_future_use,
b03v2,base,agg_static@rho0.5,rep4_base_agg_static@rho0.5_b03v2,4,agg_static,0.5,185,upsert,L0069,A_no_future_use,
b03v2,base,agg_static@rho0.5,rep4_base_agg_static@rho0.5_b03v2,4,agg_static,0.5,186,upsert,L0121,A_no_future_use,
b03v2,base,agg_static@rho0.5,rep4_base_agg_static@rho0.5_b03v2,4,agg_static,0.5,187,upsert,L0106,A_no_future_use,
b03v2,base,agg_static@rho0.5,rep4_base_agg_static@rho0.5_b03v2,4,agg_static,0.5,188,upsert,L0080,A_no_future_use,
b03v2,base,agg_static@rho0.5,rep4_base_agg_static@rho0.5_b03v2,4,agg_static,0.5,189,upsert,L0080,A_no_future_use,
b03v2,base,agg_static@rho0.5,rep4_base_agg_static@rho0.5_b03v2,4,agg_static,0.5,190,upsert,L0094,A_no_future_use,
b03v2,base,agg_static@rho0.5,rep4_base_agg_static@rho0.5_b03v2,4,agg_static,0.5,191,upsert,L0079,A_no_future_use,
