tag,point_id,cell_id,cell_tag,rep,policy,rho,update_seq,update_kind,digest,fate_class,v_next
b03core,base,exact_fifo@rho1.0,rep0_base_exact_fifo@rho1.0_b03core,0,exact_fifo,1.0,0,upsert,L0048,B_no_decision_flip,
b03core,base,exact_fifo@rho1.0,rep0_base_exact_fifo@rho1.0_b03core,0,exact_fifo,1.0,1,upsert,L0006,B_no_decision_flip,
b03core,base,exact_fifo@rho1.0,rep0_base_exact_fifo@rho1.0_b03core,0,exact_fifo,1.0,2,upsert,L0014,B_no_decision_flip,0.0
b03core,base,exact_fifo@rho1.0,rep0_base_exact_fifo@rho1.0_b03core,0,exact_fifo,1.0,3,upsert,L0023,B_no_decision_flip,0.0
b03core,base,exact_fifo@rho1.0,rep0_base_exact_fifo@rho1.0_b03core,0,exact_fifo,1.0,4,upsert,L0000,B_no_decision_flip,0.0
b03core,base,exact_fifo@rho1.0,rep0_base_exact_fifo@rho1.0_b03core,0,exact_fifo,1.0,5,upsert,L0000,B_no_decision_flip,0.0
b03core,base,exact_fifo@rho1.0,rep0_base_exact_fifo@rho1.0_b03core,0,exact_fifo,1.0,6,upsert,L0002,B_no_decision_flip,
b03core,base,exact_fifo@rho1.0,rep0_base_exact_fifo@rho1.0_b03core,0,exact_fifo,1.0,7,upsert,L0028,D_meaningful_value_flip,38.96
b03core,base,exact_fifo@rho1.0,rep0_base_exact_fifo@rho1.0_b03core,0,exact_fifo,1.0,8,upsert,L0040,B_no_decision_flip,
b03core,base,exact_fifo@rho1.0,rep0_base_exact_fifo@rho1.0_b03core,0,exact_fifo,1.0,9,upsert,L0017,B_no_decision_flip,
b03core,base,exact_fifo@rho1.0,rep0_base_exact_fifo@rho1.0_b03core,0,exact_fifo,1.0,10,upsert,L0055,B_no_decision_flip,
b03core,base,exact_fifo@rho1.0,rep0_base_exact_fifo@rho1.0_b03core,0,exact_fifo,1.0,11,upsert,L0000,B_no_decision_flip,0.0
b03core,base,exact_fifo@rho1.0,rep0_base_exact_fifo@rho1.0_b03core,0,exact_fifo,1.0,12,upsert,L0001,B_no_decision_flip,
b03core,base,exact_fifo@rho1.0,rep0_base_exact_fifo@rho1.0_b03core,0,exact_fifo,1.0,13,upsert,L0047,B_no_decision_flip,
b03core,base,exact_fifo@rho1.0,rep0_base_exact_fifo@rho1.0_b03core,0,exact_fifo,1.0,14,upsert,L0058,B_no_decision_flip,0.0
b03core,base,exact_fifo@rho1.0,rep0_base_exact_fifo@rho1.0_b03core,0,exact_fifo,1.0,15,upsert,L0034,D_meaningful_value_flip,38.96
b03core,base,exact_fifo@rho1.0,rep0_base_exact_fifo@rho1.0_b03core,0,exact_fifo,1.0,16,upsert,L0023,B_no_decision_flip,0.0
b03core,base,exact_fifo@rho1.0,rep0_base_exact_fifo@rho1.0_b03core,0,exact_fifo,1.0,17,upsert,L0000,B_no_decision_flip,0.0
b03core,base,exact_fifo@rho1.0,rep0_base_exact_fifo@rho1.0_b03core,0,exact_fifo,1.0,18,upsert,L0000,B_no_decision_flip,10.24
b03core,base,exact_fifo@rho1.0,rep0_base_exact_fifo@rho1.0_b03core,0,exact_fifo,1.0,19,upsert,L0046,D_meaningful_value_flip,38.96
b03core,base,exact_fifo@rho1.0,rep0_base_exact_fifo@rho1.0_b03core,0,exact_fifo,1.0,20,upsert,L0006,B_no_decision_flip,
b03core,base,exact_fifo@rho1.0,rep0_base_exact_fifo@rho1.0_b03core,0,exact_fifo,1.0,21,upsert,L0012,B_no_decision_flip,
b03core,base,exact_fifo@rho1.0,rep0_base_exact_fifo@rho1.0_b03core,0,exact_fifo,1.0,22,upsert,L0000,B_no_decision_flip,10.24
b03core,base,exact_fifo@rho1.0,rep0_base_exact_fifo@rho1.0_b03core,0,exact_fifo,1.0,23,upsert,L0059,B_no_decision_flip,
b03core,base,exact_fifo@rho1.0,rep0_base_exact_fifo@rho1.0_b03core,0,exact_fifo,1.0,24,upsert,L0014,B_no_decision_flip,0.0
b03core,base,exact_fifo@rho1.0,rep0_base_exact_fifo@rho1.0_b03core,0,exact_fifo,1.0,25,upsert,L0012,B_no_decision_flip,
b03core,base,exact_fifo@rho1.0,rep0_base_exact_fifo@rho1.0_b03core,0,exact_fifo,1.0,26,upsert,L0029,B_no_decision_flip,
b03core,base,exact_fifo@rho1.0,rep0_base_exact_fifo@rho1.0_b03core,0,exact_fifo,1.0,27,upsert,L0001,B_no_decision_flip,
b03core,base,exact_fifo@rho1.0,rep0_base_exact_fifo@rho1.0_b03core,0,exact_fifo,1.0,28,upsert,L0030,B_no_decision_flip,
b03core,base,exact_fifo@rho1.0,rep0_base_exact_fifo@rho1.0_b03core,0,exact_fifo,1.0,29,upsert,L0010,B_no_decision_flip,
b03core,base,exact_fifo@rho1.0,rep0_base_exact_fifo@rho1.0_b03core,0,exact_fifo,1.0,30,upsert,L0009,B_no_decision_flip,
b03core,base,exact_fifo@rho1.0,rep0_base_exact_fifo@rho1.0_b03core,0,exact_fifo,1.0,31,upsert,L0029,B_no_decision_flip,
b03core,base,exact_fifo@rho1.0,rep0_base_exact_fifo@rho1.0_b03core,0,exact_fifo,1.0,32,upsert,L0003,B_no_decision_flip,
b03core,base,exact_fifo@rho1.0,rep0_base_exact_fifo@rho1.0_b03core,0,exact_fifo,1.0,33,upsert,L0005,B_no_decision_flip,
b03core,base,exact_fifo@rho1.0,rep0_base_exact_fifo@rho1.0_b03core,0,exact_fifo,1.0,34,upsert,L0027,B_no_decision_flip,
b03core,base,exact_fifo@rho1.0,rep0_base_exact_fifo@rho1.0_b03core,0,exact_fifo,1.0,35,upsert,L0023,B_no_decision_flip,
b03core,base,exact_fifo@rho1.0,rep0_base_exact_fifo@rho1.0_b03core,0,exact_fifo,1.0,36,upsert,L0029,B_no_decision_flip,
b03core,base,exact_fifo@rho1.0,rep0_base_exact_fifo@rho1.0_b03core,0,exact_fifo,1.0,37,upsert,L0056,B_no_decision_flip,
b03core,base,exact_fifo@rho1.0,rep0_base_exact_fifo@rho1.0_b03core,0,exact_fifo,1.0,38,upsert,L0058,B_no_decision_flip,
b03core,base,exact_fifo@rho1.0,rep0_base_exact_fifo@rho1.0_b03core,0,exact_fifo,1.0,39,upsert,L0030,B_no_decision_flip,
b03core,base,exact_fifo@rho1.0,rep0_base_exact_fifo@rho1.0_b03core,0,exact_fifo,1.0,40,upsert,L0036,B_no_decision_flip,
b03core,base,exact_fifo@rho1.0,rep0_base_exact_fifo@rho1.0_b03core,0,exact_fifo,1.0,41,upsert,L0011,B_no_decision_flip,
b03core,base,exact_fifo@rho1.0,rep0_base_exact_fifo@rho1.0_b03core,0,exact_fifo,1.0,42,upsert,L0000,B_no_decision_flip,
b03core,base,exact_fifo@rho1.0,rep0_base_exact_fifo@rho1.0_b03core,0,exact_fifo,1.0,43,upsert,L0036,B_no_decision_flip,
b03core,base,exact_fifo@rho1.0,rep0_base_exact_fifo@rho1.0_b03core,0,exact_fifo,1.0,44,upsert,L0004,B_no_decision_flip,
b03core,base,exact_fifo@rho1.0,rep0_base_exact_fifo@rho1.0_b03core,0,exact_fifo,1.0,45,upsert,L0038,B_no_decision_flip,
b03core,base,exact_fifo@rho1.0,rep0_base_exact_fifo@rho1.0_b03core,0,exact_fifo,1.0,46,upsert,L0023,B_no_decision_flip,
b03core,base,exact_fifo@rho1.0,rep0_base_exact_fifo@rho1.0_b03core,0,exact_fifo,1.0,47,upsert,L0018,B_no_decision_flip,
b03core,base,exact_fifo@rho1.0,rep0_base_exact_fifo@rho1.0_b03core,0,exact_fifo,1.0,48,upsert,L0010,B_no_decision_flip,
b03core,base,exact_fifo@rho1.0,rep0_base_exact_fifo@rho1.0_b03core,0,exact_fifo,1.0,49,upsert,L0005,B_no_decision_flip,
b03core,base,exact_fifo@rho1.0,rep0_base_exact_fifo@rho1.0_b03core,0,exact_fifo,1.0,50,upsert,L0034,B_no_decision_flip,
b03core,base,exact_fifo@rho1.0,rep0_base_exact_fifo@rho1.0_b03core,0,exact_fifo,1.0,51,upsert,L0044,B_no_decision_flip,
b03core,base,exact_fifo@rho1.0,rep0_base_exact_fifo@rho1.0_b03core,0,exact_fifo,1.0,52,upsert,L0062,B_no_decision_flip,
b03core,base,exact_fifo@rho1.0,rep0_base_exact_fifo@rho1.0_b03core,0,exact_fifo,1.0,53,upsert,L0011,B_no_decision_flip,
b03core,base,exact_fifo@rho1.0,rep0_base_exact_fifo@rho1.0_b03core,0,exact_fifo,1.0,54,upsert,L0031,B_no_decision_flip,
b03core,base,exact_fifo@rho1.0,rep0_base_exact_fifo@rho1.0_b03core,0,exact_fifo,1.0,55,upsert,L0028,B_no_decision_flip,
b03core,base,exact_fifo@rho1.0,rep0_base_exact_fifo@rho1.0_b03core,0,exact_fifo,1.0,56,upsert,L0016,B_no_decision_flip,
b03core,base,exact_fifo@rho1.0,rep0_base_exact_fifo@rho1.0_b03core,0,exact_fifo,1.0,57,upsert,L0014,B_no_decision_flip,
b03core,base,exact_fifo@rho1.0,rep0_base_exact_fifo@rho1.0_b03core,0,exact_fifo,1.0,58,upsert,L0046,B_no_decision_flip,
b03core,base,exact_fifo@rho1.0,rep0_base_exact_fifo@rho1.0_b03core,0,exact_fifo,1.0,59,upsert,L0042,B_no_decision_flip,
b03core,base,exact_fifo@rho1.0,rep0_base_exact_fifo@rho1.0_b03core,0,exact_fifo,1.0,60,upsert,L0000,B_no_decision_flip,
b03core,base,exact_fifo@rho1.0,rep0_base_exact_fifo@rho1.0_b03core,0,exact_fifo,1.0,61,upsert,L0056,B_no_decision_flip,
b03core,base,exact_fifo@rho1.0,rep0_base_exact_fifo@rho1.0_b03core,0,exact_fifo,1.0,62,upsert,L0063,B_no_decision_flip,
b03core,base,exact_fifo@rho1.0,rep0_base_exact_fifo@rho1.0_b03core,0,exact_fifo,1.0,63,upsert,L0023,B_no_decision_flip,
b03core,base,exact_fifo@rho1.0,rep0_base_exact_fifo@rho1.0_b03core,0,exact_fifo,1.0,64,upsert,L0067,B_no_decision_flip,
b03core,base,exact_fifo@rho1.0,rep0_base_exact_fifo@rho1.0_b03core,0,exact_fifo,1.0,65,upsert,L0072,B_no_decision_flip,
b03core,base,exact_fifo@rho1.0,rep0_base_exact_fifo@rho1.0_b03core,0,exact_fifo,1.0,66,upsert,L0121,B_no_decision_flip,
b03core,base,exact_fifo@rho1.0,rep0_base_exact_fifo@rho1.0_b03core,0,exact_fifo,1.0,67,upsert,L0091,B_no_decision_flip,
b03core,base,exact_fifo@rho1.0,rep0_base_exact_fifo@rho1.0_b03core,0,exact_fifo,1.0,68,upsert,L0083,B_no_decision_flip,
b03core,base,exact_fifo@rho1.0,rep0_base_exact_fifo@rho1.0_b03core,0,exact_fifo,1.0,69,upsert,L0124,B_no_decision_flip,
b03core,base,exact_fifo@rho1.0,rep0_base_exact_fifo@rho1.0_b03core,0,exact_fifo,1.0,70,upsert,L0076,B_no_decision_flip,
b03core,base,exact_fifo@rho1.0,rep0_base_exact_fifo@rho1.0_b03core,0,exact_fifo,1.0,71,upsert,L0077,B_no_decision_flip,
b03core,base,exact_fifo@rho1.0,rep0_base_exact_fifo@rho1.0_b03core,0,exact_fifo,1.0,72,upsert,L0081,B_no_decision_flip,
b03core,base,exact_fifo@rho1.0,rep0_base_exact_fifo@rho1.0_b03core,0,exact_fifo,1.0,73,upsert,L0106,B_no_decision_flip,
b03core,base,exact_fifo@rho1.0,rep0_base_exact_fifo@rho1.0_b03core,0,exact_fifo,1.0,74,upsert,L0081,B_no_decision_flip,
b03core,base,exact_fifo@rho1.0,rep0_base_exact_fifo@rho1.0_b03core,0,exact_fifo,1.0,75,upsert,L0094,B_no_decision_flip,
b03core,base,exact_fifo@rho1.0,rep0_base_exact_fifo@rho1.0_b03core,0,exact_fifo,1.0,76,upsert,L0075,B_no_decision_flip,
b03core,base,exact_fifo@rho1.0,rep0_base_exact_fifo@rho1.0_b03core,0,exact_fifo,1.0,77,upsert,L0069,B_no_decision_flip,
b03core,base,exact_fifo@rho1.0,rep0_base_exact_fifo@rho1.0_b03core,0,exact_fifo,1.0,78,upsert,L0068,B_no_decision_flip,
b03core,base,exact_fifo@rho1.0,rep0_base_exact_fifo@rho1.0_b03core,0,exact_fifo,1.0,79,upsert,L0065,B_no_decision_flip,
b03core,base,agg_full@rho1.2,rep0_base_agg_full@rho1.2_b03core,0,agg_full,1.2,22,upsert,L0000,B_no_decision_flip,
b03core,base,agg_full@rho1.2,rep0_base_agg_full@rho1.2_b03core,0,agg_full,1.2,24,upsert,L0014,B_no_decision_flip,
b03core,base,agg_full@rho1.2,rep0_base_agg_full@rho1.2_b03core,0,agg_full,1.2,42,upsert,L0000,B_no_decision_flip,
b03core,base,agg_full@rho1.2,rep0_base_agg_full@rho1.2_b03core,0,agg_full,1.2,57,upsert,L0014,B_no_decision_flip,
b03core,base,agg_full@rho1.2,rep0_base_agg_full@rho1.2_b03core,0,agg_full,1.2,99,upsert,L0068,B_no_decision_flip,
b03core,base,agg_full@rho1.2,rep0_base_agg_full@rho1.2_b03core,0,agg_full,1.2,105,upsert,L0068,B_no_decision_flip,
b03core,base,agg_full@rho1.2,rep0_base_agg_full@rho1.2_b03core,0,agg_full,1.2,107,upsert,L0100,B_no_decision_flip,
b03core,base,agg_full@rho1.2,rep0_base_agg_full@rho1.2_b03core,0,agg_full,1.2,108,upsert,L0097,B_no_decision_flip,
b03core,base,agg_full@rho1.2,rep0_base_agg_full@rho1.2_b03core,0,agg_full,1.2,109,upsert,L0074,B_no_decision_flip,
b03core,base,agg_full@rho1.2,rep0_base_agg_full@rho1.2_b03core,0,agg_full,1.2,110,upsert,L0075,B_no_decision_flip,
b03core,base,agg_full@rho1.2,rep0_base_agg_full@rho1.2_b03core,0,agg_full,1.2,111,upsert,L0096,B_no_decision_flip,
b03core,base,agg_full@rho1.2,rep0_base_agg_full@rho1.2_b03core,0,agg_full,1.2,112,upsert,L0078,B_no_decision_flip,
b03core,base,agg_full@rho1.2,rep0_base_agg_full@rho1.2_b03core,0,agg_full,1.2,113,upsert,L0069,B_no_decision_flip,
b03core,base,agg_full@rho1.2,rep0_base_agg_full@rho1.2_b03core,0,agg_full,1.2,114,upsert,L0065,B_no_decision_flip,
b03core,base,agg_full@rho1.2,rep0_base_agg_full@rho1.2_b03core,0,agg_full,1.2,115,upsert,L0066,B_no_decision_flip,
b03core,base,agg_full@rho1.2,rep0_base_agg_full@rho1.2_b03core,0,agg_full,1.2,117,upsert,L0118,B_no_decision_flip,
b03core,base,agg_full@rho1.2,rep0_base_agg_full@rho1.2_b03core,0,agg_full,1.2,118,upsert,L0113,B_no_decision_flip,
b03core,base,agg_full@rho1.2,rep0_base_agg_full@rho1.2_b03core,0,agg_full,1.2,119,upsert,L0069,B_no_decision_flip,
b03core,base,exact_fifo@rho0.8,rep0_base_exact_fifo@rho0.8_b03core,0,exact_fifo,0.8,0,upsert,L0048,B_no_decision_flip,
b03core,base,exact_fifo@rho0.8,rep0_base_exact_fifo@rho0.8_b03core,0,exact_fifo,0.8,1,upsert,L0006,B_no_decision_flip,
b03core,base,exact_fifo@rho0.8,rep0_base_exact_fifo@rho0.8_b03core,0,exact_fifo,0.8,2,upsert,L0014,B_no_decision_flip,0.0
b03core,base,exact_fifo@rho0.8,rep0_base_exact_fifo@rho0.8_b03core,0,exact_fifo,0.8,3,upsert,L0023,B_no_decision_flip,0.0
b03core,base,exact_fifo@rho0.8,rep0_base_exact_fifo@rho0.8_b03core,0,exact_fifo,0.8,4,upsert,L0000,B_no_decision_flip,0.0
b03core,base,exact_fifo@rho0.8,rep0_base_exact_fifo@rho0.8_b03core,0,exact_fifo,0.8,5,upsert,L0000,D_meaningful_value_flip,10.24
b03core,base,exact_fifo@rho0.8,rep0_base_exact_fifo@rho0.8_b03core,0,exact_fifo,0.8,6,upsert,L0002,B_no_decision_flip,
b03core,base,exact_fifo@rho0.8,rep0_base_exact_fifo@rho0.8_b03core,0,exact_fifo,0.8,7,upsert,L0028,D_meaningful_value_flip,38.96
b03core,base,exact_fifo@rho0.8,rep0_base_exact_fifo@rho0.8_b03core,0,exact_fifo,0.8,8,upsert,L0040,B_no_decision_flip,
b03core,base,exact_fifo@rho0.8,rep0_base_exact_fifo@rho0.8_b03core,0,exact_fifo,0.8,9,upsert,L0017,B_no_decision_flip,
b03core,base,exact_fifo@rho0.8,rep0_base_exact_fifo@rho0.8_b03core,0,exact_fifo,0.8,10,upsert,L0055,B_no_decision_flip,
b03core,base,exact_fifo@rho0.8,rep0_base_exact_fifo@rho0.8_b03core,0,exact_fifo,0.8,11,upsert,L0000,B_no_decision_flip,0.0
b03core,base,exact_fifo@rho0.8,rep0_base_exact_fifo@rho0.8_b03core,0,exact_fifo,0.8,12,upsert,L0001,B_no_decision_flip,
b03core,base,exact_fifo@rho0.8,rep0_base_exact_fifo@rho0.8_b03core,0,exact_fifo,0.8,13,upsert,L0047,B_no_decision_flip,
b03core,base,exact_fifo@rho0.8,rep0_base_exact_fifo@rho0.8_b03core,0,exact_fifo,0.8,14,upsert,L0058,B_no_decision_flip,
b03core,base,exact_fifo@rho0.8,rep0_base_exact_fifo@rho0.8_b03core,0,exact_fifo,0.8,15,upsert,L0034,D_meaningful_value_flip,40.96
b03core,base,exact_fifo@rho0.8,rep0_base_exact_fifo@rho0.8_b03core,0,exact_fifo,0.8,16,upsert,L0023,C_low_value_flip,2.0
b03core,base,exact_fifo@rho0.8,rep0_base_exact_fifo@rho0.8_b03core,0,exact_fifo,0.8,17,upsert,L0000,B_no_decision_flip,0.0
b03core,base,exact_fifo@rho0.8,rep0_base_exact_fifo@rho0.8_b03core,0,exact_fifo,0.8,18,upsert,L0000,B_no_decision_flip,0.0
b03core,base,exact_fifo@rho0.8,rep0_base_exact_fifo@rho0.8_b03core,0,exact_fifo,0.8,19,upsert,L0046,D_meaningful_value_flip,40.96
b03core,base,exact_fifo@rho0.8,rep0_base_exact_fifo@rho0.8_b03core,0,exact_fifo,0.8,20,upsert,L0006,B_no_decision_flip,
b03core,base,exact_fifo@rho0.8,rep0_base_exact_fifo@rho0.8_b03core,0,exact_fifo,0.8,21,upsert,L0012,B_no_decision_flip,
b03core,base,exact_fifo@rho0.8,rep0_base_exact_fifo@rho0.8_b03core,0,exact_fifo,0.8,22,upsert,L0000,C_low_value_flip,0.0
b03core,base,exact_fifo@rho0.8,rep0_base_exact_fifo@rho0.8_b03core,0,exact_fifo,0.8,23,upsert,L0059,B_no_decision_flip,
b03core,base,exact_fifo@rho0.8,rep0_base_exact_fifo@rho0.8_b03core,0,exact_fifo,0.8,24,upsert,L0014,D_meaningful_value_flip,8.24
b03core,base,exact_fifo@rho0.8,rep0_base_exact_fifo@rho0.8_b03core,0,exact_fifo,0.8,25,upsert,L0012,B_no_decision_flip,
b03core,base,exact_fifo@rho0.8,rep0_base_exact_fifo@rho0.8_b03core,0,exact_fifo,0.8,26,upsert,L0029,B_no_decision_flip,
b03core,base,exact_fifo@rho0.8,rep0_base_exact_fifo@rho0.8_b03core,0,exact_fifo,0.8,27,upsert,L0001,B_no_decision_flip,
b03core,base,exact_fifo@rho0.8,rep0_base_exact_fifo@rho0.8_b03core,0,exact_fifo,0.8,28,upsert,L0030,B_no_decision_flip,
b03core,base,exact_fifo@rho0.8,rep0_base_exact_fifo@rho0.8_b03core,0,exact_fifo,0.8,29,upsert,L0010,B_no_decision_flip,
b03core,base,exact_fifo@rho0.8,rep0_base_exact_fifo@rho0.8_b03core,0,exact_fifo,0.8,30,upsert,L0009,B_no_decision_flip,
b03core,base,exact_fifo@rho0.8,rep0_base_exact_fifo@rho0.8_b03core,0,exact_fifo,0.8,31,upsert,L0029,B_no_decision_flip,
b03core,base,exact_fifo@rho0.8,rep0_base_exact_fifo@rho0.8_b03core,0,exact_fifo,0.8,32,upsert,L0003,B_no_decision_flip,
b03core,base,exact_fifo@rho0.8,rep0_base_exact_fifo@rho0.8_b03core,0,exact_fifo,0.8,33,upsert,L0005,B_no_decision_flip,
b03core,base,exact_fifo@rho0.8,rep0_base_exact_fifo@rho0.8_b03core,0,exact_fifo,0.8,34,upsert,L0027,B_no_decision_flip,
b03core,base,exact_fifo@rho0.8,rep0_base_exact_fifo@rho0.8_b03core,0,exact_fifo,0.8,35,upsert,L0023,B_no_decision_flip,
b03core,base,exact_fifo@rho0.8,rep0_base_exact_fifo@rho0.8_b03core,0,exact_fifo,0.8,36,upsert,L0029,B_no_decision_flip,
b03core,base,exact_fifo@rho0.8,rep0_base_exact_fifo@rho0.8_b03core,0,exact_fifo,0.8,37,upsert,L0056,B_no_decision_flip,
b03core,base,exact_fifo@rho0.8,rep0_base_exact_fifo@rho0.8_b03core,0,exact_fifo,0.8,38,upsert,L0058,B_no_decision_flip,
b03core,base,exact_fifo@rho0.8,rep0_base_exact_fifo@rho0.8_b03core,0,exact_fifo,0.8,39,upsert,L0030,B_no_decision_flip,
b03core,base,exact_fifo@rho0.8,rep0_base_exact_fifo@rho0.8_b03core,0,exact_fifo,0.8,40,upsert,L0036,B_no_decision_flip,
b03core,base,exact_fifo@rho0.8,rep0_base_exact_fifo@rho0.8_b03core,0,exact_fifo,0.8,41,upsert,L0011,B_no_decision_flip,
b03core,base,exact_fifo@rho0.8,rep0_base_exact_fifo@rho0.8_b03core,0,exact_fifo,0.8,42,upsert,L0000,B_no_decision_flip,
b03core,base,exact_fifo@rho0.8,rep0_base_exact_fifo@rho0.8_b03core,0,exact_fifo,0.8,43,upsert,L0036,B_no_decision_flip,
b03core,base,exact_fifo@rho0.8,rep0_base_exact_fifo@rho0.8_b03core,0,exact_fifo,0.8,44,upsert,L0004,B_no_decision_flip,
b03core,base,exact_fifo@rho0.8,rep0_base_exact_fifo@rho0.8_b03core,0,exact_fifo,0.8,45,upsert,L0038,B_no_decision_flip,
b03core,base,exact_fifo@rho0.8,rep0_base_exact_fifo@rho0.8_b03core,0,exact_fifo,0.8,46,upsert,L0023,B_no_decision_flip,
b03core,base,exact_fifo@rho0.8,rep0_base_exact_fifo@rho0.8_b03core,0,exact_fifo,0.8,47,upsert,L0018,B_no_decision_flip,
b03core,base,exact_fifo@rho0.8,rep0_base_exact_fifo@rho0.8_b03core,0,exact_fifo,0.8,48,upsert,L0010,B_no_decision_flip,
b03core,base,exact_fifo@rho0.8,rep0_base_exact_fifo@rho0.8_b03core,0,exact_fifo,0.8,49,upsert,L0005,B_no_decision_flip,
b03core,base,exact_fifo@rho0.8,rep0_base_exact_fifo@rho0.8_b03core,0,exact_fifo,0.8,50,upsert,L0034,B_no_decision_flip,
b03core,base,exact_fifo@rho0.8,rep0_base_exact_fifo@rho0.8_b03core,0,exact_fifo,0.8,51,upsert,L0044,B_no_decision_flip,
b03core,base,exact_fifo@rho0.8,rep0_base_exact_fifo@rho0.8_b03core,0,exact_fifo,0.8,52,upsert,L0062,B_no_decision_flip,
b03core,base,exact_fifo@rho0.8,rep0_base_exact_fifo@rho0.8_b03core,0,exact_fifo,0.8,53,upsert,L0011,B_no_decision_flip,
b03core,base,exact_fifo@rho0.8,rep0_base_exact_fifo@rho0.8_b03core,0,exact_fifo,0.8,54,upsert,L0031,B_no_decision_flip,
b03core,base,exact_fifo@rho0.8,rep0_base_exact_fifo@rho0.8_b03core,0,exact_fifo,0.8,55,upsert,L0028,B_no_decision_flip,
b03core,base,exact_fifo@rho0.8,rep0_base_exact_fifo@rho0.8_b03core,0,exact_fifo,0.8,56,upsert,L0016,B_no_decision_flip,
b03core,base,exact_fifo@rho0.8,rep0_base_exact_fifo@rho0.8_b03core,0,exact_fifo,0.8,57,upsert,L0014,B_no_decision_flip,
b03core,base,exact_fifo@rho0.8,rep0_base_exact_fifo@rho0.8_b03core,0,exact_fifo,0.8,58,upsert,L0046,B_no_decision_flip,
b03core,base,exact_fifo@rho0.8,rep0_base_exact_fifo@rho0.8_b03core,0,exact_fifo,0.8,59,upsert,L0042,B_no_decision_flip,
b03core,base,exact_fifo@rho0.8,rep0_base_exact_fifo@rho0.8_b03core,0,exact_fifo,0.8,60,upsert,L0000,B_no_decision_flip,
b03core,base,exact_fifo@rho0.8,rep0_base_exact_fifo@rho0.8_b03core,0,exact_fifo,0.8,61,upsert,L0056,B_no_decision_flip,
b03core,base,exact_fifo@rho0.8,rep0_base_exact_fifo@rho0.8_b03core,0,exact_fifo,0.8,62,upsert,L0063,B_no_decision_flip,
b03core,base,exact_fifo@rho0.8,rep0_base_exact_fifo@rho0.8_b03core,0,exact_fifo,0.8,63,upsert,L0023,B_no_decision_flip,
b03core,base,exact_fifo@rho0.8,rep0_base_exact_fifo@rho0.8_b03core,0,exact_fifo,0.8,64,upsert,L0067,B_no_decision_flip,
b03core,base,exact_fifo@rho0.8,rep0_base_exact_fifo@rho0.8_b03core,0,exact_fifo,0.8,65,upsert,L0072,B_no_decision_flip,
b03core,base,exact_fifo@rho0.8,rep0_base_exact_fifo@rho0.8_b03core,0,exact_fifo,0.8,66,upsert,L0121,B_no_decision_flip,
b03core,base,exact_fifo@rho0.8,rep0_base_exact_fifo@rho0.8_b03core,0,exact_fifo,0.8,67,upsert,L0091,B_no_decision_flip,
b03core,base,exact_fifo@rho0.8,rep0_base_exact_fifo@rho0.8_b03core,0,exact_fifo,0.8,68,upsert,L0083,B_no_decision_flip,
b03core,base,exact_fifo@rho0.8,rep0_base_exact_fifo@rho0.8_b03core,0,exact_fifo,0.8,69,upsert,L0124,B_no_decision_flip,
b03core,base,exact_fifo@rho0.8,rep0_base_exact_fifo@rho0.8_b03core,0,exact_fifo,0.8,70,upsert,L0076,B_no_decision_flip,
b03core,base,exact_fifo@rho0.8,rep0_base_exact_fifo@rho0.8_b03core,0,exact_fifo,0.8,71,upsert,L0077,B_no_decision_flip,
b03core,base,exact_fifo@rho0.8,rep0_base_exact_fifo@rho0.8_b03core,0,exact_fifo,0.8,72,upsert,L0081,B_no_decision_flip,
b03core,base,exact_fifo@rho0.8,rep0_base_exact_fifo@rho0.8_b03core,0,exact_fifo,0.8,73,upsert,L0106,B_no_decision_flip,
b03core,base,exact_fifo@rho0.8,rep0_base_exact_fifo@rho0.8_b03core,0,exact_fifo,0.8,74,upsert,L0081,B_no_decision_flip,
b03core,base,exact_fifo@rho0.8,rep0_base_exact_fifo@rho0.8_b03core,0,exact_fifo,0.8,75,upsert,L0094,B_no_decision_flip,
b03core,base,exact_fifo@rho0.8,rep0_base_exact_fifo@rho0.8_b03core,0,exact_fifo,0.8,76,upsert,L0075,B_no_decision_flip,
b03core,base,exact_fifo@rho0.8,rep0_base_exact_fifo@rho0.8_b03core,0,exact_fifo,0.8,77,upsert,L0069,B_no_decision_flip,
b03core,base,exact_fifo@rho0.8,rep0_base_exact_fifo@rho0.8_b03core,0,exact_fifo,0.8,78,upsert,L0068,B_no_decision_flip,
b03core,base,exact_fifo@rho0.8,rep0_base_exact_fifo@rho0.8_b03core,0,exact_fifo,0.8,79,upsert,L0065,B_no_decision_flip,
b03core,base,exact_fifo@rho0.8,rep0_base_exact_fifo@rho0.8_b03core,0,exact_fifo,0.8,80,upsert,L0104,B_no_decision_flip,
b03core,base,exact_fifo@rho0.8,rep0_base_exact_fifo@rho0.8_b03core,0,exact_fifo,0.8,81,upsert,L0121,B_no_decision_flip,
b03core,base,exact_fifo@rho0.8,rep0_base_exact_fifo@rho0.8_b03core,0,exact_fifo,0.8,82,upsert,L0086,B_no_decision_flip,
b03core,base,exact_fifo@rho0.8,rep0_base_exact_fifo@rho0.8_b03core,0,exact_fifo,0.8,83,upsert,L0068,B_no_decision_flip,
b03core,base,exact_fifo@rho0.8,rep0_base_exact_fifo@rho0.8_b03core,0,exact_fifo,0.8,84,upsert,L0094,B_no_decision_flip,
b03core,base,exact_fifo@rho0.8,rep0_base_exact_fifo@rho0.8_b03core,0,exact_fifo,0.8,85,upsert,L0072,B_no_decision_flip,
b03core,base,exact_fifo@rho0.8,rep0_base_exact_fifo@rho0.8_b03core,0,exact_fifo,0.8,86,upsert,L0103,B_no_decision_flip,
b03core,base,exact_fifo@rho0.8,rep0_base_exact_fifo@rho0.8_b03core,0,exact_fifo,0.8,87,upsert,L0067,B_no_decision_flip,
b03core,base,exact_fifo@rho0.8,rep0_base_exact_fifo@rho0.8_b03core,0,exact_fifo,0.8,88,upsert,L0064,B_no_decision_flip,
b03core,base,exact_fifo@rho0.8,rep0_base_exact_fifo@rho0.8_b03core,0,exact_fifo,0.8,89,upsert,L0088,B_no_decision_flip,
b03core,base,exact_fifo@rho0.8,rep0_base_exact_fifo@rho0.8_b03core,0,exact_fifo,0.8,90,upsert,L0100,B_no_decision_flip,
b03core,base,exact_fifo@rho0.8,rep0_base_exact_fifo@rho0.8_b03core,0,exact_fifo,0.8,91,upsert,L0076,B_no_decision_flip,
b03core,base,exact_fifo@rho0.8,rep0_base_exact_fifo@rho0.8_b03core,0,exact_fifo,0.8,92,upsert,L0105,B_no_decision_flip,
b03core,base,exact_fifo@rho0.8,rep0_base_exact_fifo@rho0.8_b03core,0,exact_fifo,0.8,93,upsert,L0125,B_no_decision_flip,
b03core,base,exact_fifo@rho0.8,rep0_base_exact_fifo@rho0.8_b03core,0,exact_fifo,0.8,94,upsert,L0115,B_no_decision_flip,
b03core,base,exact_fifo@rho0.8,rep0_base_exact_fifo@rho0.8_b03core,0,exact_fifo,0.8,95,upsert,L0074,B_no_decision_flip,
b03core,base,exact_fifo@rho0.8,rep0_base_exact_fifo@rho0.8_b03core,0,exact_fifo,0.8,96,upsert,L0091,B_no_decision_flip,
b03core,base,exact_fifo@rho0.8,rep0_base_exact_fifo@rho0.8_b03core,0,exact_fifo,0.8,97,upsert,L0064,B_no_decision_flip,
b03core,base,exact_fifo@rho0.8,rep0_base_exact_fifo@rho0.8_b03core,0,exact_fifo,0.8,98,upsert,L0100,B_no_decision_flip,
b03core,base,exact_fifo@rho0.8,rep0_base_exact_fifo@rho0.8_b03core,0,exact_fifo,0.8,99,upsert,L0068,B_no_decision_flip,
b03core,base,exact_fifo@rho0.8,rep0_base_exact_fifo@rho0.8_b03core,0,exact_fifo,0.8,100,upsert,L0120,B_no_decision_flip,
b03core,base,exact_fifo@rho0.8,rep0_base_exact_fifo@rho0.8_b03core,0,exact_fifo,0.8,101,upsert,L0116,B_no_decision_flip,
b03core,base,exact_fifo@rho0.8,rep0_base_exact_fifo@rho0.8_b03core,0,exact_fifo,0.8,102,upsert,L0078,B_no_decision_flip,
b03core,base,exact_fifo@rho0.8,rep0_base_exact_fifo@rho0.8_b03core,0,exact_fifo,0.8,103,upsert,L0087,B_no_decision_flip,
b03core,base,exact_fifo@rho0.8,rep0_base_exact_fifo@rho0.8_b03core,0,exact_fifo,0.8,104,upsert,L0108,B_no_decision_flip,
b03core,base,exact_fifo@rho0.8,rep0_base_exact_fifo@rho0.8_b03core,0,exact_fifo,0.8,105,upsert,L0068,B_no_decision_flip,
b03core,base,exact_fifo@rho0.8,rep0_base_exact_fifo@rho0.8_b03core,0,exact_fifo,0.8,106,upsert,L0074,B_no_decision_flip,
b03core,base,exact_fifo@rho0.8,rep0_base_exact_fifo@rho0.8_b03core,0,exact_fifo,0.8,107,upsert,L0100,B_no_decision_flip,
b03core,base,exact_fifo@rho0.8,rep0_base_exact_fifo@rho0.8_b03core,0,exact_fifo,0.8,108,upsert,L0097,B_no_decision_flip,
b03core,base,exact_fifo@rho0.8,rep0_base_exact_fifo@rho0.8_b03core,0,exact_fifo,0.8,109,upsert,L0074,B_no_decision_flip,
b03core,base,exact_fifo@rho0.8,rep0_base_exact_fifo@rho0.8_b03core,0,exact_fifo,0.8,110,upsert,L0075,B_no_decision_flip,
b03core,base,exact_fifo@rho0.8,rep0_base_exact_fifo@rho0.8_b03core,0,exact_fifo,0.8,111,upsert,L0096,B_no_decision_flip,
b03core,base,exact_fifo@rho0.8,rep0_base_exact_fifo@rho0.8_b03core,0,exact_fifo,0.8,112,upsert,L0078,B_no_decision_flip,
b03core,base,exact_fifo@rho0.8,rep0_base_exact_fifo@rho0.8_b03core,0,exact_fifo,0.8,113,upsert,L0069,B_no_decision_flip,
b03core,base,exact_fifo@rho0.8,rep0_base_exact_fifo@rho0.8_b03core,0,exact_fifo,0.8,114,upsert,L0065,B_no_decision_flip,
b03core,base,exact_fifo@rho0.8,rep0_base_exact_fifo@rho0.8_b03core,0,exact_fifo,0.8,115,upsert,L0066,B_no_decision_flip,
b03core,base,exact_fifo@rho0.8,rep0_base_exact_fifo@rho0.8_b03core,0,exact_fifo,0.8,116,upsert,L0068,B_no_decision_flip,
b03core,base,exact_fifo@rho0.8,rep0_base_exact_fifo@rho0.8_b03core,0,exact_fifo,0.8,117,upsert,L0118,B_no_decision_flip,
b03core,base,exact_fifo@rho0.8,rep0_base_exact_fifo@rho0.8_b03core,0,exact_fifo,0.8,118,upsert,L0113,B_no_decision_flip,
b03core,base,exact_fifo@rho0.8,rep0_base_exact_fifo@rho0.8_b03core,0,exact_fifo,0.8,119,upsert,L0069,B_no_decision_flip,
b03core,base,exact_fifo@rho0.8,rep0_base_exact_fifo@rho0.8_b03core,0,exact_fifo,0.8,120,upsert,L0094,B_no_decision_flip,
b03core,base,exact_fifo@rho0.8,rep0_base_exact_fifo@rho0.8_b03core,0,exact_fifo,0.8,121,upsert,L0084,B_no_decision_flip,
b03core,base,exact_fifo@rho0.8,rep0_base_exact_fifo@rho0.8_b03core,0,exact_fifo,0.8,122,upsert,L0098,B_no_decision_flip,
b03core,base,exact_fifo@rho0.8,rep0_base_exact_fifo@rho0.8_b03core,0,exact_fifo,0.8,123,upsert,L0066,B_no_decision_flip,
b03core,base,exact_fifo@rho0.8,rep0_base_exact_fifo@rho0.8_b03core,0,exact_fifo,0.8,124,upsert,L0072,B_no_decision_flip,
b03core,base,exact_fifo@rho0.8,rep0_base_exact_fifo@rho0.8_b03core,0,exact_fifo,0.8,125,upsert,L0069,B_no_decision_flip,
b03core,base,exact_fifo@rho0.8,rep0_base_exact_fifo@rho0.8_b03core,0,exact_fifo,0.8,126,upsert,L0075,B_no_decision_flip,
b03core,base,exact_fifo@rho0.8,rep0_base_exact_fifo@rho0.8_b03core,0,exact_fifo,0.8,127,upsert,L0071,B_no_decision_flip,
b03core,base,exact_fifo@rho1.2,rep0_base_exact_fifo@rho1.2_b03core,0,exact_fifo,1.2,0,upsert,L0048,B_no_decision_flip,
b03core,base,exact_fifo@rho1.2,rep0_base_exact_fifo@rho1.2_b03core,0,exact_fifo,1.2,1,upsert,L0006,B_no_decision_flip,
b03core,base,exact_fifo@rho1.2,rep0_base_exact_fifo@rho1.2_b03core,0,exact_fifo,1.2,2,upsert,L0014,D_meaningful_value_flip,38.96
b03core,base,exact_fifo@rho1.2,rep0_base_exact_fifo@rho1.2_b03core,0,exact_fifo,1.2,3,upsert,L0023,B_no_decision_flip,0.0
b03core,base,exact_fifo@rho1.2,rep0_base_exact_fifo@rho1.2_b03core,0,exact_fifo,1.2,4,upsert,L0000,B_no_decision_flip,0.0
b03core,base,exact_fifo@rho1.2,rep0_base_exact_fifo@rho1.2_b03core,0,exact_fifo,1.2,5,upsert,L0000,B_no_decision_flip,0.0
b03core,base,exact_fifo@rho1.2,rep0_base_exact_fifo@rho1.2_b03core,0,exact_fifo,1.2,6,upsert,L0002,B_no_decision_flip,
b03core,base,exact_fifo@rho1.2,rep0_base_exact_fifo@rho1.2_b03core,0,exact_fifo,1.2,7,upsert,L0028,D_meaningful_value_flip,38.96
b03core,base,exact_fifo@rho1.2,rep0_base_exact_fifo@rho1.2_b03core,0,exact_fifo,1.2,8,upsert,L0040,B_no_decision_flip,
b03core,base,exact_fifo@rho1.2,rep0_base_exact_fifo@rho1.2_b03core,0,exact_fifo,1.2,9,upsert,L0017,B_no_decision_flip,
b03core,base,exact_fifo@rho1.2,rep0_base_exact_fifo@rho1.2_b03core,0,exact_fifo,1.2,10,upsert,L0055,B_no_decision_flip,
b03core,base,exact_fifo@rho1.2,rep0_base_exact_fifo@rho1.2_b03core,0,exact_fifo,1.2,11,upsert,L0000,B_no_decision_flip,10.24
b03core,base,exact_fifo@rho1.2,rep0_base_exact_fifo@rho1.2_b03core,0,exact_fifo,1.2,12,upsert,L0001,B_no_decision_flip,
b03core,base,exact_fifo@rho1.2,rep0_base_exact_fifo@rho1.2_b03core,0,exact_fifo,1.2,13,upsert,L0047,B_no_decision_flip,
b03core,base,exact_fifo@rho1.2,rep0_base_exact_fifo@rho1.2_b03core,0,exact_fifo,1.2,14,upsert,L0058,D_meaningful_value_flip,38.96
b03core,base,exact_fifo@rho1.2,rep0_base_exact_fifo@rho1.2_b03core,0,exact_fifo,1.2,15,upsert,L0034,B_no_decision_flip,
b03core,base,exact_fifo@rho1.2,rep0_base_exact_fifo@rho1.2_b03core,0,exact_fifo,1.2,16,upsert,L0023,B_no_decision_flip,10.24
b03core,base,exact_fifo@rho1.2,rep0_base_exact_fifo@rho1.2_b03core,0,exact_fifo,1.2,17,upsert,L0000,B_no_decision_flip,0.0
b03core,base,exact_fifo@rho1.2,rep0_base_exact_fifo@rho1.2_b03core,0,exact_fifo,1.2,18,upsert,L0000,B_no_decision_flip,0.0
b03core,base,exact_fifo@rho1.2,rep0_base_exact_fifo@rho1.2_b03core,0,exact_fifo,1.2,19,upsert,L0046,B_no_decision_flip,
b03core,base,exact_fifo@rho1.2,rep0_base_exact_fifo@rho1.2_b03core,0,exact_fifo,1.2,20,upsert,L0006,B_no_decision_flip,
b03core,base,exact_fifo@rho1.2,rep0_base_exact_fifo@rho1.2_b03core,0,exact_fifo,1.2,21,upsert,L0012,B_no_decision_flip,
b03core,base,exact_fifo@rho1.2,rep0_base_exact_fifo@rho1.2_b03core,0,exact_fifo,1.2,22,upsert,L0000,B_no_decision_flip,
b03core,base,exact_fifo@rho1.2,rep0_base_exact_fifo@rho1.2_b03core,0,exact_fifo,1.2,23,upsert,L0059,B_no_decision_flip,
b03core,base,exact_fifo@rho1.2,rep0_base_exact_fifo@rho1.2_b03core,0,exact_fifo,1.2,24,upsert,L0014,B_no_decision_flip,
b03core,base,exact_fifo@rho1.2,rep0_base_exact_fifo@rho1.2_b03core,0,exact_fifo,1.2,25,upsert,L0012,B_no_decision_flip,
b03core,base,exact_fifo@rho1.2,rep0_base_exact_fifo@rho1.2_b03core,0,exact_fifo,1.2,26,upsert,L0029,B_no_decision_flip,
b03core,base,exact_fifo@rho1.2,rep0_base_exact_fifo@rho1.2_b03core,0,exact_fifo,1.2,27,upsert,L0001,B_no_decision_flip,
b03core,base,exact_fifo@rho1.2,rep0_base_exact_fifo@rho1.2_b03core,0,exact_fifo,1.2,28,upsert,L0030,B_no_decision_flip,
b03core,base,exact_fifo@rho1.2,rep0_base_exact_fifo@rho1.2_b03core,0,exact_fifo,1.2,29,upsert,L0010,B_no_decision_flip,
b03core,base,exact_fifo@rho1.2,rep0_base_exact_fifo@rho1.2_b03core,0,exact_fifo,1.2,30,upsert,L0009,B_no_decision_flip,
b03core,base,exact_fifo@rho1.2,rep0_base_exact_fifo@rho1.2_b03core,0,exact_fifo,1.2,31,upsert,L0029,B_no_decision_flip,
b03core,base,exact_fifo@rho1.2,rep0_base_exact_fifo@rho1.2_b03core,0,exact_fifo,1.2,32,upsert,L0003,B_no_decision_flip,
b03core,base,exact_fifo@rho1.2,rep0_base_exact_fifo@rho1.2_b03core,0,exact_fifo,1.2,33,upsert,L0005,B_no_decision_flip,
b03core,base,exact_fifo@rho1.2,rep0_base_exact_fifo@rho1.2_b03core,0,exact_fifo,1.2,34,upsert,L0027,B_no_decision_flip,
b03core,base,exact_fifo@rho1.2,rep0_base_exact_fifo@rho1.2_b03core,0,exact_fifo,1.2,35,upsert,L0023,B_no_decision_flip,
b03core,base,exact_fifo@rho1.2,rep0_base_exact_fifo@rho1.2_b03core,0,exact_fifo,1.2,36,upsert,L0029,B_no_decision_flip,
b03core,base,exact_fifo@rho1.2,rep0_base_exact_fifo@rho1.2_b03core,0,exact_fifo,1.2,37,upsert,L0056,B_no_decision_flip,
b03core,base,exact_fifo@rho1.2,rep0_base_exact_fifo@rho1.2_b03core,0,exact_fifo,1.2,38,upsert,L0058,B_no_decision_flip,
b03core,base,exact_fifo@rho1.2,rep0_base_exact_fifo@rho1.2_b03core,0,exact_fifo,1.2,39,upsert,L0030,B_no_decision_flip,
b03core,base,exact_fifo@rho1.2,rep0_base_exact_fifo@rho1.2_b03core,0,exact_fifo,1.2,40,upsert,L0036,B_no_decision_flip,
b03core,base,exact_fifo@rho1.2,rep0_base_exact_fifo@rho1.2_b03core,0,exact_fifo,1.2,41,upsert,L0011,B_no_decision_flip,
b03core,base,exact_fifo@rho1.2,rep0_base_exact_fifo@rho1.2_b03core,0,exact_fifo,1.2,42,upsert,L0000,B_no_decision_flip,
b03core,base,exact_fifo@rho1.2,rep0_base_exact_fifo@rho1.2_b03core,0,exact_fifo,1.2,43,upsert,L0036,B_no_decision_flip,
b03core,base,exact_fifo@rho1.2,rep0_base_exact_fifo@rho1.2_b03core,0,exact_fifo,1.2,44,upsert,L0004,B_no_decision_flip,
b03core,base,exact_fifo@rho1.2,rep0_base_exact_fifo@rho1.2_b03core,0,exact_fifo,1.2,45,upsert,L0038,B_no_decision_flip,
b03core,base,exact_fifo@rho1.2,rep0_base_exact_fifo@rho1.2_b03core,0,exact_fifo,1.2,46,upsert,L0023,B_no_decision_flip,
b03core,base,exact_fifo@rho1.2,rep0_base_exact_fifo@rho1.2_b03core,0,exact_fifo,1.2,47,upsert,L0018,B_no_decision_flip,
b03core,base,exact_fifo@rho1.2,rep0_base_exact_fifo@rho1.2_b03core,0,exact_fifo,1.2,48,upsert,L0010,B_no_decision_flip,
b03core,base,exact_fifo@rho1.2,rep0_base_exact_fifo@rho1.2_b03core,0,exact_fifo,1.2,49,upsert,L0005,B_no_decision_flip,
b03core,base,exact_fifo@rho1.2,rep0_base_exact_fifo@rho1.2_b03core,0,exact_fifo,1.2,50,upsert,L0034,B_no_decision_flip,
b03core,base,exact_fifo@rho1.2,rep0_base_exact_fifo@rho1.2_b03core,0,exact_fifo,1.2,51,upsert,L0044,B_no_decision_flip,
b03core,base,exact_fifo@rho1.2,rep0_base_exact_fifo@rho1.2_b03core,0,exact_fifo,1.2,52,upsert,L0062,B_no_decision_flip,
b03core,base,exact_fifo@rho1.2,rep0_base_exact_fifo@rho1.2_b03core,0,exact_fifo,1.2,53,upsert,L0011,B_no_decision_flip,
b03core,base,exact_fifo@rho1.2,rep0_base_exact_fifo@rho1.2_b03core,0,exact_fifo,1.2,54,upsert,L0031,B_no_decision_flip,
b03core,base,exact_fifo@rho1.2,rep0_base_exact_fifo@rho1.2_b03core,0,exact_fifo,1.2,55,upsert,L0028,B_no_decision_flip,
b03core,base,exact_fifo@rho1.2,rep0_base_exact_fifo@rho1.2_b03core,0,exact_fifo,1.2,56,upsert,L0016,B_no_decision_flip,
b03core,base,exact_fifo@rho1.2,rep0_base_exact_fifo@rho1.2_b03core,0,exact_fifo,1.2,57,upsert,L0014,B_no_decision_flip,
b03core,base,exact_fifo@rho1.2,rep0_base_exact_fifo@rho1.2_b03core,0,exact_fifo,1.2,58,upsert,L0046,B_no_decision_flip,
b03core,base,exact_fifo@rho1.2,rep0_base_exact_fifo@rho1.2_b03core,0,exact_fifo,1.2,59,upsert,L0042,B_no_decision_flip,
b03core,base,exact_fifo@rho1.2,rep0_base_exact_fifo@rho1.2_b03core,0,exact_fifo,1.2,60,upsert,L0000,B_no_decision_flip,
b03core,base,exact_fifo@rho1.2,rep0_base_exact_fifo@rho1.2_b03core,0,exact_fifo,1.2,61,upsert,L0056,B_no_decision_flip,
b03core,base,exact_fifo@rho1.2,rep0_base_exact_fifo@rho1.2_b03core,0,exact_fifo,1.2,62,upsert,L0063,B_no_decision_flip,
b03core,base,exact_fifo@rho1.2,rep0_base_exact_fifo@rho1.2_b03core,0,exact_fifo,1.2,63,upsert,L0023,B_no_decision_flip,
b03core,base,exact_fifo@rho1.2,rep0_base_exact_fifo@rho1.2_b03core,0,exact_fifo,1.2,64,upsert,L0067,B_no_decision_flip,
b03core,base,exact_fifo@rho1.2,rep0_base_exact_fifo@rho1.2_b03core,0,exact_fifo,1.2,65,upsert,L0072,B_no_decision_flip,
b03core,base,exact_fifo@rho1.2,rep0_base_exact_fifo@rho1.2_b03core,0,exact_fifo,1.2,66,upsert,L0121,B_no_decision_flip,
b03core,base,exact_fifo@rho1.2,rep0_base_exact_fifo@rho1.2_b03core,0,exact_fifo,1.2,67,upsert,L0091,B_no_decision_flip,
b03core,base,exact_fifo@rho1.2,rep0_base_exact_fifo@rho1.2_b03core,0,exact_fifo,1.2,68,upsert,L0083,B_no_decision_flip,
b03core,base,agg_full@rho1.0,rep0_base_agg_full@rho1.0_b03core,0,agg_full,1.0,22,upsert,L0000,B_no_decision_flip,
b03core,base,agg_full@rho1.0,rep0_base_agg_full@rho1.0_b03core,0,agg_full,1.0,24,upsert,L0014,B_no_decision_flip,
b03core,base,agg_full@rho1.0,rep0_base_agg_full@rho1.0_b03core,0,agg_full,1.0,36,upsert,L0029,B_no_decision_flip,
b03core,base,agg_full@rho1.0,rep0_base_agg_full@rho1.0_b03core,0,agg_full,1.0,42,upsert,L0000,B_no_decision_flip,
b03core,base,agg_full@rho1.0,rep0_base_agg_full@rho1.0_b03core,0,agg_full,1.0,57,upsert,L0014,B_no_decision_flip,
b03core,base,agg_full@rho1.0,rep0_base_agg_full@rho1.0_b03core,0,agg_full,1.0,81,upsert,L0121,B_no_decision_flip,
b03core,base,agg_full@rho1.0,rep0_base_agg_full@rho1.0_b03core,0,agg_full,1.0,88,upsert,L0064,B_no_decision_flip,
b03core,base,agg_full@rho1.0,rep0_base_agg_full@rho1.0_b03core,0,agg_full,1.0,89,upsert,L0088,B_no_decision_flip,
b03core,base,agg_full@rho1.0,rep0_base_agg_full@rho1.0_b03core,0,agg_full,1.0,90,upsert,L0100,D_meaningful_value_flip,38.96
b03core,base,agg_full@rho1.0,rep0_base_agg_full@rho1.0_b03core,0,agg_full,1.0,91,upsert,L0076,B_no_decision_flip,
b03core,base,agg_full@rho1.0,rep0_base_agg_full@rho1.0_b03core,0,agg_full,1.0,92,upsert,L0105,B_no_decision_flip,
b03core,base,agg_full@rho1.0,rep0_base_agg_full@rho1.0_b03core,0,agg_full,1.0,93,upsert,L0125,B_no_decision_flip,
b03core,base,agg_full@rho1.0,rep0_base_agg_full@rho1.0_b03core,0,agg_full,1.0,94,upsert,L0115,B_no_decision_flip,
b03core,base,agg_full@rho1.0,rep0_base_agg_full@rho1.0_b03core,0,agg_full,1.0,95,upsert,L0074,B_no_decision_flip,
b03core,base,agg_full@rho1.0,rep0_base_agg_full@rho1.0_b03core,0,agg_full,1.0,96,upsert,L0091,B_no_decision_flip,
b03core,base,agg_full@rho1.0,rep0_base_agg_full@rho1.0_b03core,0,agg_full,1.0,97,upsert,L0064,B_no_decision_flip,
b03core,base,agg_full@rho1.0,rep0_base_agg_full@rho1.0_b03core,0,agg_full,1.0,98,upsert,L0100,B_no_decision_flip,
b03core,base,agg_full@rho1.0,rep0_base_agg_full@rho1.0_b03core,0,agg_full,1.0,99,upsert,L0068,B_no_decision_flip,
b03core,base,agg_full@rho1.0,rep0_base_agg_full@rho1.0_b03core,0,agg_full,1.0,100,upsert,L0120,B_no_decision_flip,
b03core,base,agg_full@rho1.0,rep0_base_agg_full@rho1.0_b03core,0,agg_full,1.0,101,upsert,L0116,B_no_decision_flip,
b03core,base,agg_full@rho1.0,rep0_base_agg_full@rho1.0_b03core,0,agg_full,1.0,102,upsert,L0078,B_no_decision_flip,
b03core,base,agg_full@rho1.0,rep0_base_agg_full@rho1.0_b03core,0,agg_full,1.0,103,upsert,L0087,B_no_decision_flip,
b03core,base,agg_full@rho1.0,rep0_base_agg_full@rho1.0_b03core,0,agg_full,1.0,104,upsert,L0108,B_no_decision_flip,
b03core,base,agg_full@rho1.0,rep0_base_agg_full@rho1.0_b03core,0,agg_full,1.0,105,upsert,L0068,B_no_decision_flip,
b03core,base,agg_full@rho1.0,rep0_base_agg_full@rho1.0_b03core,0,agg_full,1.0,106,upsert,L0074,B_no_decision_flip,
b03core,base,agg_static@rho1.2,rep0_base_agg_static@rho1.2_b03core,0,agg_static,1.2,1,upsert,L0006,B_no_decision_flip,
b03core,base,agg_static@rho1.2,rep0_base_agg_static@rho1.2_b03core,0,agg_static,1.2,2,upsert,L0014,B_no_decision_flip,
b03core,base,agg_static@rho1.2,rep0_base_agg_static@rho1.2_b03core,0,agg_static,1.2,9,upsert,L0017,B_no_decision_flip,
b03core,base,agg_static@rho1.2,rep0_base_agg_static@rho1.2_b03core,0,agg_static,1.2,12,upsert,L0001,B_no_decision_flip,
b03core,base,agg_static@rho1.2,rep0_base_agg_static@rho1.2_b03core,0,agg_static,1.2,16,upsert,L0023,B_no_decision_flip,
b03core,base,agg_static@rho1.2,rep0_base_agg_static@rho1.2_b03core,0,agg_static,1.2,20,upsert,L0006,B_no_decision_flip,
b03core,base,agg_static@rho1.2,rep0_base_agg_static@rho1.2_b03core,0,agg_static,1.2,21,upsert,L0012,B_no_decision_flip,
b03core,base,agg_static@rho1.2,rep0_base_agg_static@rho1.2_b03core,0,agg_static,1.2,24,upsert,L0014,B_no_decision_flip,
b03core,base,agg_static@rho1.2,rep0_base_agg_static@rho1.2_b03core,0,agg_static,1.2,27,upsert,L0001,B_no_decision_flip,
b03core,base,agg_static@rho1.2,rep0_base_agg_static@rho1.2_b03core,0,agg_static,1.2,25,upsert,L0012,B_no_decision_flip,
b03core,base,agg_static@rho1.2,rep0_base_agg_static@rho1.2_b03core,0,agg_static,1.2,31,upsert,L0029,B_no_decision_flip,
b03core,base,agg_static@rho1.2,rep0_base_agg_static@rho1.2_b03core,0,agg_static,1.2,30,upsert,L0009,B_no_decision_flip,
b03core,base,agg_static@rho1.2,rep0_base_agg_static@rho1.2_b03core,0,agg_static,1.2,29,upsert,L0010,B_no_decision_flip,
b03core,base,agg_static@rho1.2,rep0_base_agg_static@rho1.2_b03core,0,agg_static,1.2,33,upsert,L0005,B_no_decision_flip,
b03core,base,agg_static@rho1.2,rep0_base_agg_static@rho1.2_b03core,0,agg_static,1.2,35,upsert,L0023,B_no_decision_flip,
b03core,base,agg_static@rho1.2,rep0_base_agg_static@rho1.2_b03core,0,agg_static,1.2,36,upsert,L0029,B_no_decision_flip,
b03core,base,agg_static@rho1.2,rep0_base_agg_static@rho1.2_b03core,0,agg_static,1.2,37,upsert,L0056,B_no_decision_flip,
b03core,base,agg_static@rho1.2,rep0_base_agg_static@rho1.2_b03core,0,agg_static,1.2,38,upsert,L0058,B_no_decision_flip,
b03core,base,agg_static@rho1.2,rep0_base_agg_static@rho1.2_b03core,0,agg_static,1.2,39,upsert,L0030,B_no_decision_flip,
b03core,base,agg_static@rho1.2,rep0_base_agg_static@rho1.2_b03core,0,agg_static,1.2,43,upsert,L0036,B_no_decision_flip,
b03core,base,agg_static@rho1.2,rep0_base_agg_static@rho1.2_b03core,0,agg_static,1.2,47,upsert,L0018,B_no_decision_flip,
b03core,base,agg_static@rho1.2,rep0_base_agg_static@rho1.2_b03core,0,agg_static,1.2,48,upsert,L0010,B_no_decision_flip,
b03core,base,agg_static@rho1.2,rep0_base_agg_static@rho1.2_b03core,0,agg_static,1.2,49,upsert,L0005,B_no_decision_flip,
b03core,base,agg_static@rho1.2,rep0_base_agg_static@rho1.2_b03core,0,agg_static,1.2,50,upsert,L0034,B_no_decision_flip,
b03core,base,agg_static@rho1.2,rep0_base_agg_static@rho1.2_b03core,0,agg_static,1.2,52,upsert,L0062,B_no_decision_flip,
b03core,base,agg_static@rho1.2,rep0_base_agg_static@rho1.2_b03core,0,agg_static,1.2,53,upsert,L0011,B_no_decision_flip,
b03core,base,agg_static@rho1.2,rep0_base_agg_static@rho1.2_b03core,0,agg_static,1.2,54,upsert,L0031,B_no_decision_flip,
b03core,base,agg_static@rho1.2,rep0_base_agg_static@rho1.2_b03core,0,agg_static,1.2,55,upsert,L0028,B_no_decision_flip,
b03core,base,agg_static@rho1.2,rep0_base_agg_static@rho1.2_b03core,0,agg_static,1.2,56,upsert,L0016,B_no_decision_flip,
b03core,base,agg_static@rho1.2,rep0_base_agg_static@rho1.2_b03core,0,agg_static,1.2,57,upsert,L0014,B_no_decision_flip,
b03core,base,agg_static@rho1.2,rep0_base_agg_static@rho1.2_b03core,0,agg_static,1.2,58,upsert,L0046,B_no_decision_flip,
b03core,base,agg_static@rho1.2,rep0_base_agg_static@rho1.2_b03core,0,agg_static,1.2,59,upsert,L0042,B_no_decision_flip,
b03core,base,agg_static@rho1.2,rep0_base_agg_static@rho1.2_b03core,0,agg_static,1.2,60,upsert,L0000,B_no_decision_flip,
b03core,base,agg_static@rho1.2,rep0_base_agg_static@rho1.2_b03core,0,agg_static,1.2,61,upsert,L0056,B_no_decision_flip,
b03core,base,agg_static@rho1.2,rep0_base_agg_static@rho1.2_b03core,0,agg_static,1.2,62,upsert,L0063,B_no_decision_flip,
b03core,base,agg_static@rho1.2,rep0_base_agg_static@rho1.2_b03core,0,agg_static,1.2,63,upsert,L0023,B_no_decision_flip,
b03core,base,agg_static@rho1.2,rep0_base_agg_static@rho1.2_b03core,0,agg_static,1.2,64,upsert,L0067,B_no_decision_flip,
b03core,base,agg_static@rho1.2,rep0_base_agg_static@rho1.2_b03core,0,agg_static,1.2,65,upsert,L0072,B_no_decision_flip,
b03core,base,agg_static@rho1.2,rep0_base_agg_static@rho1.2_b03core,0,agg_static,1.2,66,upsert,L0121,B_no_decision_flip,
b03core,base,agg_static@rho1.2,rep0_base_agg_static@rho1.2_b03core,0,agg_static,1.2,67,upsert,L0091,B_no_decision_flip,
b03core,base,agg_static@rho1.2,rep0_base_agg_static@rho1.2_b03core,0,agg_static,1.2,68,upsert,L0083,B_no_decision_flip,
b03core,base,agg_static@rho0.8,rep0_base_agg_static@rho0.8_b03core,0,agg_static,0.8,0,upsert,L0048,B_no_decision_flip,
b03core,base,agg_static@rho0.8,rep0_base_agg_static@rho0.8_b03core,0,agg_static,0.8,2,upsert,L0014,B_no_decision_flip,0.0
b03core,base,agg_static@rho0.8,rep0_base_agg_static@rho0.8_b03core,0,agg_static,0.8,1,upsert,L0006,B_no_decision_flip,
b03core,base,agg_static@rho0.8,rep0_base_agg_static@rho0.8_b03core,0,agg_static,0.8,3,upsert,L0023,B_no_decision_flip,0.0
b03core,base,agg_static@rho0.8,rep0_base_agg_static@rho0.8_b03core,0,agg_static,0.8,4,upsert,L0000,D_meaningful_value_flip,40.96
b03core,base,agg_static@rho0.8,rep0_base_agg_static@rho0.8_b03core,0,agg_static,0.8,6,upsert,L0002,B_no_decision_flip,
b03core,base,agg_static@rho0.8,rep0_base_agg_static@rho0.8_b03core,0,agg_static,0.8,7,upsert,L0028,B_no_decision_flip,
b03core,base,agg_static@rho0.8,rep0_base_agg_static@rho0.8_b03core,0,agg_static,0.8,8,upsert,L0040,B_no_decision_flip,
b03core,base,agg_static@rho0.8,rep0_base_agg_static@rho0.8_b03core,0,agg_static,0.8,9,upsert,L0017,B_no_decision_flip,
b03core,base,agg_static@rho0.8,rep0_base_agg_static@rho0.8_b03core,0,agg_static,0.8,10,upsert,L0055,B_no_decision_flip,
b03core,base,agg_static@rho0.8,rep0_base_agg_static@rho0.8_b03core,0,agg_static,0.8,12,upsert,L0001,B_no_decision_flip,
b03core,base,agg_static@rho0.8,rep0_base_agg_static@rho0.8_b03core,0,agg_static,0.8,13,upsert,L0047,B_no_decision_flip,
b03core,base,agg_static@rho0.8,rep0_base_agg_static@rho0.8_b03core,0,agg_static,0.8,14,upsert,L0058,B_no_decision_flip,
b03core,base,agg_static@rho0.8,rep0_base_agg_static@rho0.8_b03core,0,agg_static,0.8,16,upsert,L0023,B_no_decision_flip,
b03core,base,agg_static@rho0.8,rep0_base_agg_static@rho0.8_b03core,0,agg_static,0.8,17,upsert,L0000,B_no_decision_flip,
b03core,base,agg_static@rho0.8,rep0_base_agg_static@rho0.8_b03core,0,agg_static,0.8,20,upsert,L0006,B_no_decision_flip,
b03core,base,agg_static@rho0.8,rep0_base_agg_static@rho0.8_b03core,0,agg_static,0.8,21,upsert,L0012,B_no_decision_flip,
b03core,base,agg_static@rho0.8,rep0_base_agg_static@rho0.8_b03core,0,agg_static,0.8,23,upsert,L0059,B_no_decision_flip,
b03core,base,agg_static@rho0.8,rep0_base_agg_static@rho0.8_b03core,0,agg_static,0.8,24,upsert,L0014,B_no_decision_flip,
b03core,base,agg_static@rho0.8,rep0_base_agg_static@rho0.8_b03core,0,agg_static,0.8,25,upsert,L0012,B_no_decision_flip,
b03core,base,agg_static@rho0.8,rep0_base_agg_static@rho0.8_b03core,0,agg_static,0.8,26,upsert,L0029,B_no_decision_flip,
b03core,base,agg_static@rho0.8,rep0_base_agg_static@rho0.8_b03core,0,agg_static,0.8,27,upsert,L0001,B_no_decision_flip,
b03core,base,agg_static@rho0.8,rep0_base_agg_static@rho0.8_b03core,0,agg_static,0.8,28,upsert,L0030,B_no_decision_flip,
b03core,base,agg_static@rho0.8,rep0_base_agg_static@rho0.8_b03core,0,agg_static,0.8,29,upsert,L0010,B_no_decision_flip,
b03core,base,agg_static@rho0.8,rep0_base_agg_static@rho0.8_b03core,0,agg_static,0.8,30,upsert,L0009,B_no_decision_flip,
b03core,base,agg_static@rho0.8,rep0_base_agg_static@rho0.8_b03core,0,agg_static,0.8,31,upsert,L0029,B_no_decision_flip,
b03core,base,agg_static@rho0.8,rep0_base_agg_static@rho0.8_b03core,0,agg_static,0.8,32,upsert,L0003,B_no_decision_flip,
b03core,base,agg_static@rho0.8,rep0_base_agg_static@rho0.8_b03core,0,agg_static,0.8,33,upsert,L0005,B_no_decision_flip,
b03core,base,agg_static@rho0.8,rep0_base_agg_static@rho0.8_b03core,0,agg_static,0.8,34,upsert,L0027,B_no_decision_flip,
b03core,base,agg_static@rho0.8,rep0_base_agg_static@rho0.8_b03core,0,agg_static,0.8,35,upsert,L0023,B_no_decision_flip,
b03core,base,agg_static@rho0.8,rep0_base_agg_static@rho0.8_b03core,0,agg_static,0.8,37,upsert,L0056,B_no_decision_flip,
b03core,base,agg_static@rho0.8,rep0_base_agg_static@rho0.8_b03core,0,agg_static,0.8,38,upsert,L0058,B_no_decision_flip,
b03core,base,agg_static@rho0.8,rep0_base_agg_static@rho0.8_b03core,0,agg_static,0.8,39,upsert,L0030,B_no_decision_flip,
b03core,base,agg_static@rho0.8,rep0_base_agg_static@rho0.8_b03core,0,agg_static,0.8,40,upsert,L0036,B_no_decision_flip,
b03core,base,agg_static@rho0.8,rep0_base_agg_static@rho0.8_b03core,0,agg_static,0.8,41,upsert,L0011,B_no_decision_flip,
b03core,base,agg_static@rho0.8,rep0_base_agg_static@rho0.8_b03core,0,agg_static,0.8,43,upsert,L0036,B_no_decision_flip,
b03core,base,agg_static@rho0.8,rep0_base_agg_static@rho0.8_b03core,0,agg_static,0.8,44,upsert,L0004,B_no_decision_flip,
b03core,base,agg_static@rho0.8,rep0_base_agg_static@rho0.8_b03core,0,agg_static,0.8,45,upsert,L0038,B_no_decision_flip,
b03core,base,agg_static@rho0.8,rep0_base_agg_static@rho0.8_b03core,0,agg_static,0.8,47,upsert,L0018,B_no_decision_flip,
b03core,base,agg_static@rho0.8,rep0_base_agg_static@rho0.8_b03core,0,agg_static,0.8,48,upsert,L0010,B_no_decision_flip,
b03core,base,agg_static@rho0.8,rep0_base_agg_static@rho0.8_b03core,0,agg_static,0.8,49,upsert,L0005,B_no_decision_flip,
b03core,base,agg_static@rho1.0,rep0_base_agg_static@rho1.0_b03core,0,agg_static,1.0,0,upsert,L0048,B_no_decision_flip,
b03core,base,agg_static@rho1.0,rep0_base_agg_static@rho1.0_b03core,0,agg_static,1.0,1,upsert,L0006,B_no_decision_flip,
b03core,base,agg_static@rho1.0,rep0_base_agg_static@rho1.0_b03core,0,agg_static,1.0,2,upsert,L0014,B_no_decision_flip,
b03core,base,agg_static@rho1.0,rep0_base_agg_static@rho1.0_b03core,0,agg_static,1.0,3,upsert,L0023,B_no_decision_flip,
b03core,base,agg_static@rho1.0,rep0_base_agg_static@rho1.0_b03core,0,agg_static,1.0,7,upsert,L0028,B_no_decision_flip,
b03core,base,agg_static@rho1.0,rep0_base_agg_static@rho1.0_b03core,0,agg_static,1.0,8,upsert,L0040,B_no_decision_flip,
b03core,base,agg_static@rho1.0,rep0_base_agg_static@rho1.0_b03core,0,agg_static,1.0,9,upsert,L0017,B_no_decision_flip,
b03core,base,agg_static@rho1.0,rep0_base_agg_static@rho1.0_b03core,0,agg_static,1.0,10,upsert,L0055,B_no_decision_flip,
b03core,base,agg_static@rho1.0,rep0_base_agg_static@rho1.0_b03core,0,agg_static,1.0,12,upsert,L0001,B_no_decision_flip,
b03core,base,agg_static@rho1.0,rep0_base_agg_static@rho1.0_b03core,0,agg_static,1.0,13,upsert,L0047,B_no_decision_flip,
b03core,base,agg_static@rho1.0,rep0_base_agg_static@rho1.0_b03core,0,agg_static,1.0,16,upsert,L0023,B_no_decision_flip,
b03core,base,agg_static@rho1.0,rep0_base_agg_static@rho1.0_b03core,0,agg_static,1.0,20,upsert,L0006,B_no_decision_flip,
b03core,base,agg_static@rho1.0,rep0_base_agg_static@rho1.0_b03core,0,agg_static,1.0,21,upsert,L0012,B_no_decision_flip,
b03core,base,agg_static@rho1.0,rep0_base_agg_static@rho1.0_b03core,0,agg_static,1.0,23,upsert,L0059,B_no_decision_flip,
b03core,base,agg_static@rho1.0,rep0_base_agg_static@rho1.0_b03core,0,agg_static,1.0,24,upsert,L0014,B_no_decision_flip,
b03core,base,agg_static@rho1.0,rep0_base_agg_static@rho1.0_b03core,0,agg_static,1.0,25,upsert,L0012,B_no_decision_flip,
b03core,base,agg_static@rho1.0,rep0_base_agg_static@rho1.0_b03core,0,agg_static,1.0,27,upsert,L0001,B_no_decision_flip,
b03core,base,agg_static@rho1.0,rep0_base_agg_static@rho1.0_b03core,0,agg_static,1.0,28,upsert,L0030,B_no_decision_flip,
b03core,base,agg_static@rho1.0,rep0_base_agg_static@rho1.0_b03core,0,agg_static,1.0,29,upsert,L0010,B_no_decision_flip,
b03core,base,agg_static@rho1.0,rep0_base_agg_static@rho1.0_b03core,0,agg_static,1.0,30,upsert,L0009,B_no_decision_flip,
b03core,base,agg_static@rho1.0,rep0_base_agg_static@rho1.0_b03core,0,agg_static,1.0,31,upsert,L0029,B_no_decision_flip,
b03core,base,agg_static@rho1.0,rep0_base_agg_static@rho1.0_b03core,0,agg_static,1.0,32,upsert,L0003,B_no_decision_flip,
b03core,base,agg_static@rho1.0,rep0_base_agg_static@rho1.0_b03core,0,agg_static,1.0,33,upsert,L0005,B_no_decision_flip,
b03core,base,agg_static@rho1.0,rep0_base_agg_static@rho1.0_b03core,0,agg_static,1.0,34,upsert,L0027,B_no_decision_flip,
b03core,base,agg_static@rho1.0,rep0_base_agg_static@rho1.0_b03core,0,agg_static,1.0,35,upsert,L0023,B_no_decision_flip,
b03core,base,agg_full@rho0.5,rep0_base_agg_full@rho0.5_b03core,0,agg_full,0.5,9,upsert,L0017,B_no_decision_flip,
b03core,base,agg_full@rho0.5,rep0_base_agg_full@rho0.5_b03core,0,agg_full,0.5,16,upsert,L0023,D_meaningful_value_flip,49.2
b03core,base,agg_full@rho0.5,rep0_base_agg_full@rho0.5_b03core,0,agg_full,0.5,20,upsert,L0006,B_no_decision_flip,
b03core,base,agg_full@rho0.5,rep0_base_agg_full@rho0.5_b03core,0,agg_full,0.5,22,upsert,L0000,B_no_decision_flip,0.0
b03core,base,agg_full@rho0.5,rep0_base_agg_full@rho0.5_b03core,0,agg_full,0.5,24,upsert,L0014,D_meaningful_value_flip,51.2
b03core,base,agg_full@rho0.5,rep0_base_agg_full@rho0.5_b03core,0,agg_full,0.5,25,upsert,L0012,B_no_decision_flip,
b03core,base,agg_full@rho0.5,rep0_base_agg_full@rho0.5_b03core,0,agg_full,0.5,26,upsert,L0029,B_no_decision_flip,
b03core,base,agg_full@rho0.5,rep0_base_agg_full@rho0.5_b03core,0,agg_full,0.5,27,upsert,L0001,B_no_decision_flip,
b03core,base,agg_full@rho0.5,rep0_base_agg_full@rho0.5_b03core,0,agg_full,0.5,28,upsert,L0030,B_no_decision_flip,
b03core,base,agg_full@rho0.5,rep0_base_agg_full@rho0.5_b03core,0,agg_full,0.5,29,upsert,L0010,B_no_decision_flip,
b03core,base,agg_full@rho0.5,rep0_base_agg_full@rho0.5_b03core,0,agg_full,0.5,30,upsert,L0009,B_no_decision_flip,
b03core,base,agg_full@rho0.5,rep0_base_agg_full@rho0.5_b03core,0,agg_full,0.5,31,upsert,L0029,B_no_decision_flip,
b03core,base,agg_full@rho0.5,rep0_base_agg_full@rho0.5_b03core,0,agg_full,0.5,32,upsert,L0003,B_no_decision_flip,
b03core,base,agg_full@rho0.5,rep0_base_agg_full@rho0.5_b03core,0,agg_full,0.5,33,upsert,L0005,B_no_decision_flip,
b03core,base,agg_full@rho0.5,rep0_base_agg_full@rho0.5_b03core,0,agg_full,0.5,34,upsert,L0027,B_no_decision_flip,
b03core,base,agg_full@rho0.5,rep0_base_agg_full@rho0.5_b03core,0,agg_full,0.5,35,upsert,L0023,D_meaningful_value_flip,8.24
b03core,base,agg_full@rho0.5,rep0_base_agg_full@rho0.5_b03core,0,agg_full,0.5,37,upsert,L0056,B_no_decision_flip,
b03core,base,agg_full@rho0.5,rep0_base_agg_full@rho0.5_b03core,0,agg_full,0.5,38,upsert,L0058,B_no_decision_flip,
b03core,base,agg_full@rho0.5,rep0_base_agg_full@rho0.5_b03core,0,agg_full,0.5,39,upsert,L0030,B_no_decision_flip,
b03core,base,agg_full@rho0.5,rep0_base_agg_full@rho0.5_b03core,0,agg_full,0.5,40,upsert,L0036,B_no_decision_flip,
b03core,base,agg_full@rho0.5,rep0_base_agg_full@rho0.5_b03core,0,agg_full,0.5,41,upsert,L0011,B_no_decision_flip,
b03core,base,agg_full@rho0.5,rep0_base_agg_full@rho0.5_b03core,0,agg_full,0.5,42,upsert,L0000,B_no_decision_flip,
b03core,base,agg_full@rho0.5,rep0_base_agg_full@rho0.5_b03core,0,agg_full,0.5,43,upsert,L0036,B_no_decision_flip,
b03core,base,agg_full@rho0.5,rep0_base_agg_full@rho0.5_b03core,0,agg_full,0.5,44,upsert,L0004,B_no_decision_flip,
b03core,base,agg_full@rho0.5,rep0_base_agg_full@rho0.5_b03core,0,agg_full,0.5,45,upsert,L0038,B_no_decision_flip,
b03core,base,agg_full@rho0.5,rep0_base_agg_full@rho0.5_b03core,0,agg_full,0.5,46,upsert,L0023,B_no_decision_flip,
b03core,base,agg_full@rho0.5,rep0_base_agg_full@rho0.5_b03core,0,agg_full,0.5,47,upsert,L0018,B_no_decision_flip,
b03core,base,agg_full@rho0.5,rep0_base_agg_full@rho0.5_b03core,0,agg_full,0.5,48,upsert,L0010,B_no_decision_flip,
b03core,base,agg_full@rho0.5,rep0_base_agg_full@rho0.5_b03core,0,agg_full,0.5,49,upsert,L0005,B_no_decision_flip,
b03core,base,agg_full@rho0.5,rep0_base_agg_full@rho0.5_b03core,0,agg_full,0.5,50,upsert,L0034,B_no_decision_flip,
b03core,base,agg_full@rho0.5,rep0_base_agg_full@rho0.5_b03core,0,agg_full,0.5,51,upsert,L0044,B_no_decision_flip,
b03core,base,agg_full@rho0.5,rep0_base_agg_full@rho0.5_b03core,0,agg_full,0.5,52,upsert,L0062,B_no_decision_flip,
b03core,base,agg_full@rho0.5,rep0_base_agg_full@rho0.5_b03core,0,agg_full,0.5,53,upsert,L0011,B_no_decision_flip,
b03core,base,agg_full@rho0.5,rep0_base_agg_full@rho0.5_b03core,0,agg_full,0.5,54,upsert,L0031,B_no_decision_flip,
b03core,base,agg_full@rho0.5,rep0_base_agg_full@rho0.5_b03core,0,agg_full,0.5,55,upsert,L0028,B_no_decision_flip,
b03core,base,agg_full@rho0.5,rep0_base_agg_full@rho0.5_b03core,0,agg_full,0.5,56,upsert,L0016,B_no_decision_flip,
b03core,base,agg_full@rho0.5,rep0_base_agg_full@rho0.5_b03core,0,agg_full,0.5,57,upsert,L0014,B_no_decision_flip,
b03core,base,agg_full@rho0.5,rep0_base_agg_full@rho0.5_b03core,0,agg_full,0.5,58,upsert,L0046,B_no_decision_flip,
b03core,base,agg_full@rho0.5,rep0_base_agg_full@rho0.5_b03core,0,agg_full,0.5,59,upsert,L0042,B_no_decision_flip,
b03core,base,agg_full@rho0.5,rep0_base_agg_full@rho0.5_b03core,0,agg_full,0.5,60,upsert,L0000,B_no_decision_flip,
b03core,base,agg_full@rho0.5,rep0_base_agg_full@rho0.5_b03core,0,agg_full,0.5,61,upsert,L0056,B_no_decision_flip,
b03core,base,agg_full@rho0.5,rep0_base_agg_full@rho0.5_b03core,0,agg_full,0.5,62,upsert,L0063,B_no_decision_flip,
b03core,base,agg_full@rho0.5,rep0_base_agg_full@rho0.5_b03core,0,agg_full,0.5,63,upsert,L0023,B_no_decision_flip,
b03core,base,agg_full@rho0.5,rep0_base_agg_full@rho0.5_b03core,0,agg_full,0.5,64,upsert,L0067,B_no_decision_flip,
b03core,base,agg_full@rho0.5,rep0_base_agg_full@rho0.5_b03core,0,agg_full,0.5,65,upsert,L0072,B_no_decision_flip,0.0
b03core,base,agg_full@rho0.5,rep0_base_agg_full@rho0.5_b03core,0,agg_full,0.5,66,upsert,L0121,B_no_decision_flip,
b03core,base,agg_full@rho0.5,rep0_base_agg_full@rho0.5_b03core,0,agg_full,0.5,67,upsert,L0091,B_no_decision_flip,
b03core,base,agg_full@rho0.5,rep0_base_agg_full@rho0.5_b03core,0,agg_full,0.5,68,upsert,L0083,B_no_decision_flip,
b03core,base,agg_full@rho0.5,rep0_base_agg_full@rho0.5_b03core,0,agg_full,0.5,69,upsert,L0124,B_no_decision_flip,
b03core,base,agg_full@rho0.5,rep0_base_agg_full@rho0.5_b03core,0,agg_full,0.5,70,upsert,L0076,B_no_decision_flip,
b03core,base,agg_full@rho0.5,rep0_base_agg_full@rho0.5_b03core,0,agg_full,0.5,71,upsert,L0077,B_no_decision_flip,
b03core,base,agg_full@rho0.5,rep0_base_agg_full@rho0.5_b03core,0,agg_full,0.5,72,upsert,L0081,B_no_decision_flip,
b03core,base,agg_full@rho0.5,rep0_base_agg_full@rho0.5_b03core,0,agg_full,0.5,73,upsert,L0106,B_no_decision_flip,
b03core,base,agg_full@rho0.5,rep0_base_agg_full@rho0.5_b03core,0,agg_full,0.5,74,upsert,L0081,B_no_decision_flip,
b03core,base,agg_full@rho0.5,rep0_base_agg_full@rho0.5_b03core,0,agg_full,0.5,75,upsert,L0094,B_no_decision_flip,0.0
b03core,base,agg_full@rho0.5,rep0_base_agg_full@rho0.5_b03core,0,agg_full,0.5,76,upsert,L0075,D_meaningful_value_flip,38.96
b03core,base,agg_full@rho0.5,rep0_base_agg_full@rho0.5_b03core,0,agg_full,0.5,77,upsert,L0069,D_meaningful_value_flip,38.96
b03core,base,agg_full@rho0.5,rep0_base_agg_full@rho0.5_b03core,0,agg_full,0.5,78,upsert,L0068,B_no_decision_flip,0.0
b03core,base,agg_full@rho0.5,rep0_base_agg_full@rho0.5_b03core,0,agg_full,0.5,79,upsert,L0065,D_meaningful_value_flip,40.96
b03core,base,agg_full@rho0.5,rep0_base_agg_full@rho0.5_b03core,0,agg_full,0.5,80,upsert,L0104,B_no_decision_flip,
b03core,base,agg_full@rho0.5,rep0_base_agg_full@rho0.5_b03core,0,agg_full,0.5,81,upsert,L0121,B_no_decision_flip,
b03core,base,agg_full@rho0.5,rep0_base_agg_full@rho0.5_b03core,0,agg_full,0.5,82,upsert,L0086,B_no_decision_flip,
b03core,base,agg_full@rho0.5,rep0_base_agg_full@rho0.5_b03core,0,agg_full,0.5,83,upsert,L0068,B_no_decision_flip,0.0
b03core,base,agg_full@rho0.5,rep0_base_agg_full@rho0.5_b03core,0,agg_full,0.5,84,upsert,L0094,D_meaningful_value_flip,10.24
b03core,base,agg_full@rho0.5,rep0_base_agg_full@rho0.5_b03core,0,agg_full,0.5,85,upsert,L0072,D_meaningful_value_flip,10.24
b03core,base,agg_full@rho0.5,rep0_base_agg_full@rho0.5_b03core,0,agg_full,0.5,86,upsert,L0103,B_no_decision_flip,
b03core,base,agg_full@rho0.5,rep0_base_agg_full@rho0.5_b03core,0,agg_full,0.5,87,upsert,L0067,B_no_decision_flip,
b03core,base,agg_full@rho0.5,rep0_base_agg_full@rho0.5_b03core,0,agg_full,0.5,88,upsert,L0064,B_no_decision_flip,
b03core,base,agg_full@rho0.5,rep0_base_agg_full@rho0.5_b03core,0,agg_full,0.5,89,upsert,L0088,B_no_decision_flip,
b03core,base,agg_full@rho0.5,rep0_base_agg_full@rho0.5_b03core,0,agg_full,0.5,90,upsert,L0100,B_no_decision_flip,
b03core,base,agg_full@rho0.5,rep0_base_agg_full@rho0.5_b03core,0,agg_full,0.5,91,upsert,L0076,B_no_decision_flip,
b03core,base,agg_full@rho0.5,rep0_base_agg_full@rho0.5_b03core,0,agg_full,0.5,92,upsert,L0105,B_no_decision_flip,
b03core,base,agg_full@rho0.5,rep0_base_agg_full@rho0.5_b03core,0,agg_full,0.5,93,upsert,L0125,B_no_decision_flip,
b03core,base,agg_full@rho0.5,rep0_base_agg_full@rho0.5_b03core,0,agg_full,0.5,94,upsert,L0115,B_no_decision_flip,
b03core,base,agg_full@rho0.5,rep0_base_agg_full@rho0.5_b03core,0,agg_full,0.5,95,upsert,L0074,B_no_decision_flip,
b03core,base,agg_full@rho0.5,rep0_base_agg_full@rho0.5_b03core,0,agg_full,0.5,96,upsert,L0091,B_no_decision_flip,
b03core,base,agg_full@rho0.5,rep0_base_agg_full@rho0.5_b03core,0,agg_full,0.5,97,upsert,L0064,B_no_decision_flip,
b03core,base,agg_full@rho0.5,rep0_base_agg_full@rho0.5_b03core,0,agg_full,0.5,98,upsert,L0100,B_no_decision_flip,
b03core,base,agg_full@rho0.5,rep0_base_agg_full@rho0.5_b03core,0,agg_full,0.5,99,upsert,L0068,D_meaningful_value_flip,10.24
b03core,base,agg_full@rho0.5,rep0_base_agg_full@rho0.5_b03core,0,agg_full,0.5,100,upsert,L0120,B_no_decision_flip,
b03core,base,agg_full@rho0.5,rep0_base_agg_full@rho0.5_b03core,0,agg_full,0.5,101,upsert,L0116,B_no_decision_flip,
b03core,base,agg_full@rho0.5,rep0_base_agg_full@rho0.5_b03core,0,agg_full,0.5,102,upsert,L0078,B_no_decision_flip,
b03core,base,agg_full@rho0.5,rep0_base_agg_full@rho0.5_b03core,0,agg_full,0.5,103,upsert,L0087,B_no_decision_flip,
b03core,base,agg_full@rho0.5,rep0_base_agg_full@rho0.5_b03core,0,agg_full,0.5,104,upsert,L0108,B_no_decision_flip,
b03core,base,agg_full@rho0.5,rep0_base_agg_full@rho0.5_b03core,0,agg_full,0.5,105,upsert,L0068,B_no_decision_flip,
b03core,base,agg_full@rho0.5,rep0_base_agg_full@rho0.5_b03core,0,agg_full,0.5,106,upsert,L0074,B_no_decision_flip,
b03core,base,agg_full@rho0.5,rep0_base_agg_full@rho0.5_b03core,0,agg_full,0.5,108,upsert,L0097,B_no_decision_flip,
b03core,base,agg_full@rho0.5,rep0_base_agg_full@rho0.5_b03core,0,agg_full,0.5,109,upsert,L0074,B_no_decision_flip,
b03core,base,agg_full@rho0.5,rep0_base_agg_full@rho0.5_b03core,0,agg_full,0.5,110,upsert,L0075,B_no_decision_flip,0.0
b03core,base,agg_full@rho0.5,rep0_base_agg_full@rho0.5_b03core,0,agg_full,0.5,111,upsert,L0096,B_no_decision_flip,
b03core,base,agg_full@rho0.5,rep0_base_agg_full@rho0.5_b03core,0,agg_full,0.5,112,upsert,L0078,B_no_decision_flip,
b03core,base,agg_full@rho0.5,rep0_base_agg_full@rho0.5_b03core,0,agg_full,0.5,113,upsert,L0069,B_no_decision_flip,0.0
b03core,base,agg_full@rho0.5,rep0_base_agg_full@rho0.5_b03core,0,agg_full,0.5,114,upsert,L0065,B_no_decision_flip,
b03core,base,agg_full@rho0.5,rep0_base_agg_full@rho0.5_b03core,0,agg_full,0.5,115,upsert,L0066,B_no_decision_flip,
b03core,base,agg_full@rho0.5,rep0_base_agg_full@rho0.5_b03core,0,agg_full,0.5,116,upsert,L0068,B_no_decision_flip,
b03core,base,agg_full@rho0.5,rep0_base_agg_full@rho0.5_b03core,0,agg_full,0.5,117,upsert,L0118,B_no_decision_flip,
b03core,base,agg_full@rho0.5,rep0_base_agg_full@rho0.5_b03core,0,agg_full,0.5,118,upsert,L0113,B_no_decision_flip,
b03core,base,agg_full@rho0.5,rep0_base_agg_full@rho0.5_b03core,0,agg_full,0.5,119,upsert,L0069,B_no_decision_flip,
b03core,base,agg_full@rho0.5,rep0_base_agg_full@rho0.5_b03core,0,agg_full,0.5,120,upsert,L0094,B_no_decision_flip,
b03core,base,agg_full@rho0.5,rep0_base_agg_full@rho0.5_b03core,0,agg_full,0.5,121,upsert,L0084,B_no_decision_flip,
b03core,base,agg_full@rho0.5,rep0_base_agg_full@rho0.5_b03core,0,agg_full,0.5,122,upsert,L0098,B_no_decision_flip,
b03core,base,agg_full@rho0.5,rep0_base_agg_full@rho0.5_b03core,0,agg_full,0.5,123,upsert,L0066,B_no_decision_flip,
b03core,base,agg_full@rho0.5,rep0_base_agg_full@rho0.5_b03core,0,agg_full,0.5,124,upsert,L0072,B_no_decision_flip,
b03core,base,agg_full@rho0.5,rep0_base_agg_full@rho0.5_b03core,0,agg_full,0.5,125,upsert,L0069,B_no_decision_flip,
b03core,base,agg_full@rho0.5,rep0_base_agg_full@rho0.5_b03core,0,agg_full,0.5,126,upsert,L0075,B_no_decision_flip,
b03core,base,agg_full@rho0.5,rep0_base_agg_full@rho0.5_b03core,0,agg_full,0.5,127,upsert,L0071,B_no_decision_flip,
b03core,base,agg_static@rho0.5,rep0_base_agg_static@rho0.5_b03core,0,agg_static,0.5,0,upsert,L0048,B_no_decision_flip,
b03core,base,agg_static@rho0.5,rep0_base_agg_static@rho0.5_b03core,0,agg_static,0.5,1,upsert,L0006,B_no_decision_flip,
b03core,base,agg_static@rho0.5,rep0_base_agg_static@rho0.5_b03core,0,agg_static,0.5,2,upsert,L0014,B_no_decision_flip,0.0
b03core,base,agg_static@rho0.5,rep0_base_agg_static@rho0.5_b03core,0,agg_static,0.5,3,upsert,L0023,B_no_decision_flip,0.0
b03core,base,agg_static@rho0.5,rep0_base_agg_static@rho0.5_b03core,0,agg_static,0.5,4,upsert,L0000,B_no_decision_flip,0.0
b03core,base,agg_static@rho0.5,rep0_base_agg_static@rho0.5_b03core,0,agg_static,0.5,5,upsert,L0000,B_no_decision_flip,0.0
b03core,base,agg_static@rho0.5,rep0_base_agg_static@rho0.5_b03core,0,agg_static,0.5,6,upsert,L0002,B_no_decision_flip,
b03core,base,agg_static@rho0.5,rep0_base_agg_static@rho0.5_b03core,0,agg_static,0.5,7,upsert,L0028,B_no_decision_flip,0.0
b03core,base,agg_static@rho0.5,rep0_base_agg_static@rho0.5_b03core,0,agg_static,0.5,8,upsert,L0040,B_no_decision_flip,
b03core,base,agg_static@rho0.5,rep0_base_agg_static@rho0.5_b03core,0,agg_static,0.5,9,upsert,L0017,B_no_decision_flip,
b03core,base,agg_static@rho0.5,rep0_base_agg_static@rho0.5_b03core,0,agg_static,0.5,10,upsert,L0055,B_no_decision_flip,
b03core,base,agg_static@rho0.5,rep0_base_agg_static@rho0.5_b03core,0,agg_static,0.5,11,upsert,L0000,B_no_decision_flip,0.0
b03core,base,agg_static@rho0.5,rep0_base_agg_static@rho0.5_b03core,0,agg_static,0.5,12,upsert,L0001,B_no_decision_flip,
b03core,base,agg_static@rho0.5,rep0_base_agg_static@rho0.5_b03core,0,agg_static,0.5,13,upsert,L0047,B_no_decision_flip,
b03core,base,agg_static@rho0.5,rep0_base_agg_static@rho0.5_b03core,0,agg_static,0.5,14,upsert,L0058,D_meaningful_value_flip,38.96
b03core,base,agg_static@rho0.5,rep0_base_agg_static@rho0.5_b03core,0,agg_static,0.5,15,upsert,L0034,B_no_decision_flip,0.0
b03core,base,agg_static@rho0.5,rep0_base_agg_static@rho0.5_b03core,0,agg_static,0.5,16,upsert,L0023,B_no_decision_flip,10.24
b03core,base,agg_static@rho0.5,rep0_base_agg_static@rho0.5_b03core,0,agg_static,0.5,18,upsert,L0000,B_no_decision_flip,0.0
b03core,base,agg_static@rho0.5,rep0_base_agg_static@rho0.5_b03core,0,agg_static,0.5,19,upsert,L0046,D_meaningful_value_flip,38.96
b03core,base,agg_static@rho0.5,rep0_base_agg_static@rho0.5_b03core,0,agg_static,0.5,20,upsert,L0006,B_no_decision_flip,
b03core,base,agg_static@rho0.5,rep0_base_agg_static@rho0.5_b03core,0,agg_static,0.5,21,upsert,L0012,B_no_decision_flip,
b03core,base,agg_static@rho0.5,rep0_base_agg_static@rho0.5_b03core,0,agg_static,0.5,22,upsert,L0000,B_no_decision_flip,10.24
b03core,base,agg_static@rho0.5,rep0_base_agg_static@rho0.5_b03core,0,agg_static,0.5,23,upsert,L0059,B_no_decision_flip,
b03core,base,agg_static@rho0.5,rep0_base_agg_static@rho0.5_b03core,0,agg_static,0.5,24,upsert,L0014,B_no_decision_flip,10.24
b03core,base,agg_static@rho0.5,rep0_base_agg_static@rho0.5_b03core,0,agg_static,0.5,25,upsert,L0012,B_no_decision_flip,
b03core,base,agg_static@rho0.5,rep0_base_agg_static@rho0.5_b03core,0,agg_static,0.5,26,upsert,L0029,B_no_decision_flip,0.0
b03core,base,agg_static@rho0.5,rep0_base_agg_static@rho0.5_b03core,0,agg_static,0.5,27,upsert,L0001,B_no_decision_flip,
b03core,base,agg_static@rho0.5,rep0_base_agg_static@rho0.5_b03core,0,agg_static,0.5,28,upsert,L0030,B_no_decision_flip,0.0
b03core,base,agg_static@rho0.5,rep0_base_agg_static@rho0.5_b03core,0,agg_static,0.5,29,upsert,L0010,D_meaningful_value_flip,40.96
b03core,base,agg_static@rho0.5,rep0_base_agg_static@rho0.5_b03core,0,agg_static,0.5,30,upsert,L0009,B_no_decision_flip,
b03core,base,agg_static@rho0.5,rep0_base_agg_static@rho0.5_b03core,0,agg_static,0.5,31,upsert,L0029,D_meaningful_value_flip,10.24
b03core,base,agg_static@rho0.5,rep0_base_agg_static@rho0.5_b03core,0,agg_static,0.5,32,upsert,L0003,B_no_decision_flip,
b03core,base,agg_static@rho0.5,rep0_base_agg_static@rho0.5_b03core,0,agg_static,0.5,33,upsert,L0005,B_no_decision_flip,0.0
b03core,base,agg_static@rho0.5,rep0_base_agg_static@rho0.5_b03core,0,agg_static,0.5,34,upsert,L0027,B_no_decision_flip,
b03core,base,agg_static@rho0.5,rep0_base_agg_static@rho0.5_b03core,0,agg_static,0.5,35,upsert,L0023,B_no_decision_flip,10.24
b03core,base,agg_static@rho0.5,rep0_base_agg_static@rho0.5_b03core,0,agg_static,0.5,36,upsert,L0029,B_no_decision_flip,
b03core,base,agg_static@rho0.5,rep0_base_agg_static@rho0.5_b03core,0,agg_static,0.5,37,upsert,L0056,B_no_decision_flip,0.0
b03core,base,agg_static@rho0.5,rep0_base_agg_static@rho0.5_b03core,0,agg_static,0.5,38,upsert,L0058,B_no_decision_flip,
b03core,base,agg_static@rho0.5,rep0_base_agg_static@rho0.5_b03core,0,agg_static,0.5,39,upsert,L0030,B_no_decision_flip,
b03core,base,agg_static@rho0.5,rep0_base_agg_static@rho0.5_b03core,0,agg_static,0.5,40,upsert,L0036,B_no_decision_flip,
b03core,base,agg_static@rho0.5,rep0_base_agg_static@rho0.5_b03core,0,agg_static,0.5,41,upsert,L0011,B_no_decision_flip,0.0
b03core,base,agg_static@rho0.5,rep0_base_agg_static@rho0.5_b03core,0,agg_static,0.5,42,upsert,L0000,E_negative_value_flip,-20.48
b03core,base,agg_static@rho0.5,rep0_base_agg_static@rho0.5_b03core,0,agg_static,0.5,43,upsert,L0036,B_no_decision_flip,
b03core,base,agg_static@rho0.5,rep0_base_agg_static@rho0.5_b03core,0,agg_static,0.5,44,upsert,L0004,B_no_decision_flip,
b03core,base,agg_static@rho0.5,rep0_base_agg_static@rho0.5_b03core,0,agg_static,0.5,45,upsert,L0038,B_no_decision_flip,
b03core,base,agg_static@rho0.5,rep0_base_agg_static@rho0.5_b03core,0,agg_static,0.5,46,upsert,L0023,B_no_decision_flip,0.0
b03core,base,agg_static@rho0.5,rep0_base_agg_static@rho0.5_b03core,0,agg_static,0.5,47,upsert,L0018,B_no_decision_flip,
b03core,base,agg_static@rho0.5,rep0_base_agg_static@rho0.5_b03core,0,agg_static,0.5,48,upsert,L0010,B_no_decision_flip,
b03core,base,agg_static@rho0.5,rep0_base_agg_static@rho0.5_b03core,0,agg_static,0.5,49,upsert,L0005,B_no_decision_flip,
b03core,base,agg_static@rho0.5,rep0_base_agg_static@rho0.5_b03core,0,agg_static,0.5,50,upsert,L0034,B_no_decision_flip,
b03core,base,agg_static@rho0.5,rep0_base_agg_static@rho0.5_b03core,0,agg_static,0.5,51,upsert,L0044,B_no_decision_flip,
b03core,base,agg_static@rho0.5,rep0_base_agg_static@rho0.5_b03core,0,agg_static,0.5,52,upsert,L0062,B_no_decision_flip,
b03core,base,agg_static@rho0.5,rep0_base_agg_static@rho0.5_b03core,0,agg_static,0.5,53,upsert,L0011,B_no_decision_flip,
b03core,base,agg_static@rho0.5,rep0_base_agg_static@rho0.5_b03core,0,agg_static,0.5,54,upsert,L0031,B_no_decision_flip,
b03core,base,agg_static@rho0.5,rep0_base_agg_static@rho0.5_b03core,0,agg_static,0.5,55,upsert,L0028,B_no_decision_flip,
b03core,base,agg_static@rho0.5,rep0_base_agg_static@rho0.5_b03core,0,agg_static,0.5,56,upsert,L0016,B_no_decision_flip,
b03core,base,agg_static@rho0.5,rep0_base_agg_static@rho0.5_b03core,0,agg_static,0.5,57,upsert,L0014,B_no_decision_flip,
b03core,base,agg_static@rho0.5,rep0_base_agg_static@rho0.5_b03core,0,agg_static,0.5,58,upsert,L0046,B_no_decision_flip,
b03core,base,agg_static@rho0.5,rep0_base_agg_static@rho0.5_b03core,0,agg_static,0.5,59,upsert,L0042,B_no_decision_flip,
b03core,base,agg_static@rho0.5,rep0_base_agg_static@rho0.5_b03core,0,agg_static,0.5,60,upsert,L0000,B_no_decision_flip,
b03core,base,agg_static@rho0.5,rep0_base_agg_static@rho0.5_b03core,0,agg_static,0.5,61,upsert,L0056,B_no_decision_flip,
b03core,base,agg_static@rho0.5,rep0_base_agg_static@rho0.5_b03core,0,agg_static,0.5,62,upsert,L0063,B_no_decision_flip,
b03core,base,agg_static@rho0.5,rep0_base_agg_static@rho0.5_b03core,0,agg_static,0.5,63,upsert,L0023,B_no_decision_flip,
b03core,base,agg_static@rho0.5,rep0_base_agg_static@rho0.5_b03core,0,agg_static,0.5,64,upsert,L0067,B_no_decision_flip,0.0
b03core,base,agg_static@rho0.5,rep0_base_agg_static@rho0.5_b03core,0,agg_static,0.5,65,upsert,L0072,D_meaningful_value_flip,38.96
b03core,base,agg_static@rho0.5,rep0_base_agg_static@rho0.5_b03core,0,agg_static,0.5,66,upsert,L0121,B_no_decision_flip,0.0
b03core,base,agg_static@rho0.5,rep0_base_agg_static@rho0.5_b03core,0,agg_static,0.5,67,upsert,L0091,B_no_decision_flip,0.0
b03core,base,agg_static@rho0.5,rep0_base_agg_static@rho0.5_b03core,0,agg_static,0.5,68,upsert,L0083,B_no_decision_flip,
b03core,base,agg_static@rho0.5,rep0_base_agg_static@rho0.5_b03core,0,agg_static,0.5,69,upsert,L0124,B_no_decision_flip,
b03core,base,agg_static@rho0.5,rep0_base_agg_static@rho0.5_b03core,0,agg_static,0.5,70,upsert,L0076,D_meaningful_value_flip,38.96
b03core,base,agg_static@rho0.5,rep0_base_agg_static@rho0.5_b03core,0,agg_static,0.5,71,upsert,L0077,B_no_decision_flip,
b03core,base,agg_static@rho0.5,rep0_base_agg_static@rho0.5_b03core,0,agg_static,0.5,72,upsert,L0081,B_no_decision_flip,
b03core,base,agg_static@rho0.5,rep0_base_agg_static@rho0.5_b03core,0,agg_static,0.5,73,upsert,L0106,B_no_decision_flip,
b03core,base,agg_static@rho0.5,rep0_base_agg_static@rho0.5_b03core,0,agg_static,0.5,74,upsert,L0081,B_no_decision_flip,
b03core,base,agg_static@rho0.5,rep0_base_agg_static@rho0.5_b03core,0,agg_static,0.5,75,upsert,L0094,D_meaningful_value_flip,40.96
b03core,base,agg_static@rho0.5,rep0_base_agg_static@rho0.5_b03core,0,agg_static,0.5,76,upsert,L0075,D_meaningful_value_flip,36.96
b03core,base,agg_static@rho0.5,rep0_base_agg_static@rho0.5_b03core,0,agg_static,0.5,77,upsert,L0069,D_meaningful_value_flip,38.96
b03core,base,agg_static@rho0.5,rep0_base_agg_static@rho0.5_b03core,0,agg_static,0.5,78,upsert,L0068,B_no_decision_flip,0.0
b03core,base,agg_static@rho0.5,rep0_base_agg_static@rho0.5_b03core,0,agg_static,0.5,79,upsert,L0065,B_no_decision_flip,0.0
b03core,base,agg_static@rho0.5,rep0_base_agg_static@rho0.5_b03core,0,agg_static,0.5,80,upsert,L0104,B_no_decision_flip,
b03core,base,agg_static@rho0.5,rep0_base_agg_static@rho0.5_b03core,0,agg_static,0.5,81,upsert,L0121,B_no_decision_flip,
b03core,base,agg_static@rho0.5,rep0_base_agg_static@rho0.5_b03core,0,agg_static,0.5,82,upsert,L0086,B_no_decision_flip,
b03core,base,agg_static@rho0.5,rep0_base_agg_static@rho0.5_b03core,0,agg_static,0.5,83,upsert,L0068,D_meaningful_value_flip,8.24
b03core,base,agg_static@rho0.5,rep0_base_agg_static@rho0.5_b03core,0,agg_static,0.5,84,upsert,L0094,B_no_decision_flip,10.24
b03core,base,agg_static@rho0.5,rep0_base_agg_static@rho0.5_b03core,0,agg_static,0.5,85,upsert,L0072,B_no_decision_flip,10.24
b03core,base,agg_static@rho0.5,rep0_base_agg_static@rho0.5_b03core,0,agg_static,0.5,86,upsert,L0103,B_no_decision_flip,
b03core,base,agg_static@rho0.5,rep0_base_agg_static@rho0.5_b03core,0,agg_static,0.5,87,upsert,L0067,B_no_decision_flip,
b03core,base,agg_static@rho0.5,rep0_base_agg_static@rho0.5_b03core,0,agg_static,0.5,88,upsert,L0064,D_meaningful_value_flip,40.96
b03core,base,agg_static@rho0.5,rep0_base_agg_static@rho0.5_b03core,0,agg_static,0.5,89,upsert,L0088,B_no_decision_flip,
b03core,base,agg_static@rho0.5,rep0_base_agg_static@rho0.5_b03core,0,agg_static,0.5,90,upsert,L0100,B_no_decision_flip,0.0
b03core,base,agg_static@rho0.5,rep0_base_agg_static@rho0.5_b03core,0,agg_static,0.5,91,upsert,L0076,B_no_decision_flip,
b03core,base,agg_static@rho0.5,rep0_base_agg_static@rho0.5_b03core,0,agg_static,0.5,92,upsert,L0105,B_no_decision_flip,
b03core,base,agg_static@rho0.5,rep0_base_agg_static@rho0.5_b03core,0,agg_static,0.5,93,upsert,L0125,B_no_decision_flip,
b03core,base,agg_static@rho0.5,rep0_base_agg_static@rho0.5_b03core,0,agg_static,0.5,94,upsert,L0115,B_no_decision_flip,
b03core,base,agg_static@rho0.5,rep0_base_agg_static@rho0.5_b03core,0,agg_static,0.5,95,upsert,L0074,B_no_decision_flip,0.0
b03core,base,agg_static@rho0.5,rep0_base_agg_static@rho0.5_b03core,0,agg_static,0.5,96,upsert,L0091,B_no_decision_flip,
b03core,base,agg_static@rho0.5,rep0_base_agg_static@rho0.5_b03core,0,agg_static,0.5,97,upsert,L0064,B_no_decision_flip,
b03core,base,agg_static@rho0.5,rep0_base_agg_static@rho0.5_b03core,0,agg_static,0.5,98,upsert,L0100,B_no_decision_flip,10.24
b03core,base,agg_static@rho0.5,rep0_base_agg_static@rho0.5_b03core,0,agg_static,0.5,99,upsert,L0068,B_no_decision_flip,10.24
b03core,base,agg_static@rho0.5,rep0_base_agg_static@rho0.5_b03core,0,agg_static,0.5,100,upsert,L0120,B_no_decision_flip,
b03core,base,agg_static@rho0.5,rep0_base_agg_static@rho0.5_b03core,0,agg_static,0.5,101,upsert,L0116,B_no_decision_flip,
b03core,base,agg_static@rho0.5,rep0_base_agg_static@rho0.5_b03core,0,agg_static,0.5,102,upsert,L0078,B_no_decision_flip,0.0
b03core,base,agg_static@rho0.5,rep0_base_agg_static@rho0.5_b03core,0,agg_static,0.5,103,upsert,L0087,B_no_decision_flip,
b03core,base,agg_static@rho0.5,rep0_base_agg_static@rho0.5_b03core,0,agg_static,0.5,104,upsert,L0108,B_no_decision_flip,
b03core,base,agg_static@rho0.5,rep0_base_agg_static@rho0.5_b03core,0,agg_static,0.5,105,upsert,L0068,E_negative_value_flip,-20.48
b03core,base,agg_static@rho0.5,rep0_base_agg_static@rho0.5_b03core,0,agg_static,0.5,106,upsert,L0074,B_no_decision_flip,
b03core,base,agg_static@rho0.5,rep0_base_agg_static@rho0.5_b03core,0,agg_static,0.5,107,upsert,L0100,B_no_decision_flip,
b03core,base,agg_static@rho0.5,rep0_base_agg_static@rho0.5_b03core,0,agg_static,0.5,108,upsert,L0097,B_no_decision_flip,
b03core,base,agg_static@rho0.5,rep0_base_agg_static@rho0.5_b03core,0,agg_static,0.5,109,upsert,L0074,B_no_decision_flip,
b03core,base,agg_static@rho0.5,rep0_base_agg_static@rho0.5_b03core,0,agg_static,0.5,110,upsert,L0075,B_no_decision_flip,10.24
b03core,base,agg_static@rho0.5,rep0_base_agg_static@rho0.5_b03core,0,agg_static,0.5,111,upsert,L0096,B_no_decision_flip,
b03core,base,agg_static@rho0.5,rep0_base_agg_static@rho0.5_b03core,0,agg_static,0.5,112,upsert,L0078,B_no_decision_flip,
b03core,base,agg_static@rho0.5,rep0_base_agg_static@rho0.5_b03core,0,agg_static,0.5,113,upsert,L0069,B_no_decision_flip,0.0
b03core,base,agg_static@rho0.5,rep0_base_agg_static@rho0.5_b03core,0,agg_static,0.5,114,upsert,L0065,B_no_decision_flip,
b03core,base,agg_static@rho0.5,rep0_base_agg_static@rho0.5_b03core,0,agg_static,0.5,115,upsert,L0066,D_meaningful_value_flip,38.96
b03core,base,agg_static@rho0.5,rep0_base_agg_static@rho0.5_b03core,0,agg_static,0.5,116,upsert,L0068,B_no_decision_flip,
b03core,base,agg_static@rho0.5,rep0_base_agg_static@rho0.5_b03core,0,agg_static,0.5,117,upsert,L0118,B_no_decision_flip,
b03core,base,agg_static@rho0.5,rep0_base_agg_static@rho0.5_b03core,0,agg_static,0.5,118,upsert,L0113,B_no_decision_flip,
b03core,base,agg_static@rho0.5,rep0_base_agg_static@rho0.5_b03core,0,agg_static,0.5,119,upsert,L0069,B_no_decision_flip,10.24
b03core,base,agg_static@rho0.5,rep0_base_agg_static@rho0.5_b03core,0,agg_static,0.5,120,upsert,L0094,B_no_decision_flip,
b03core,base,agg_static@rho0.5,rep0_base_agg_static@rho0.5_b03core,0,agg_static,0.5,121,upsert,L0084,B_no_decision_flip,
b03core,base,agg_static@rho0.5,rep0_base_agg_static@rho0.5_b03core,0,agg_static,0.5,122,upsert,L0098,B_no_decision_flip,
b03core,base,agg_static@rho0.5,rep0_base_agg_static@rho0.5_b03core,0,agg_static,0.5,123,upsert,L0066,B_no_decision_flip,
b03core,base,agg_static@rho0.5,rep0_base_agg_static@rho0.5_b03core,0,agg_static,0.5,124,upsert,L0072,B_no_decision_flip,
b03core,base,agg_static@rho0.5,rep0_base_agg_static@rho0.5_b03core,0,agg_static,0.5,125,upsert,L0069,B_no_decision_flip,
b03core,base,agg_static@rho0.5,rep0_base_agg_static@rho0.5_b03core,0,agg_static,0.5,126,upsert,L0075,B_no_decision_flip,
b03core,base,agg_static@rho0.5,rep0_base_agg_static@rho0.5_b03core,0,agg_static,0.5,127,upsert,L0071,B_no_decision_flip,
b03core,base,exact_fifo@rho0.5,rep0_base_exact_fifo@rho0.5_b03core,0,exact_fifo,0.5,0,upsert,L0048,B_no_decision_flip,
b03core,base,exact_fifo@rho0.5,rep0_base_exact_fifo@rho0.5_b03core,0,exact_fifo,0.5,1,upsert,L0006,B_no_decision_flip,
b03core,base,exact_fifo@rho0.5,rep0_base_exact_fifo@rho0.5_b03core,0,exact_fifo,0.5,2,upsert,L0014,B_no_decision_flip,0.0
b03core,base,exact_fifo@rho0.5,rep0_base_exact_fifo@rho0.5_b03core,0,exact_fifo,0.5,3,upsert,L0023,B_no_decision_flip,0.0
b03core,base,exact_fifo@rho0.5,rep0_base_exact_fifo@rho0.5_b03core,0,exact_fifo,0.5,4,upsert,L0000,B_no_decision_flip,0.0
b03core,base,exact_fifo@rho0.5,rep0_base_exact_fifo@rho0.5_b03core,0,exact_fifo,0.5,5,upsert,L0000,B_no_decision_flip,0.0
b03core,base,exact_fifo@rho0.5,rep0_base_exact_fifo@rho0.5_b03core,0,exact_fifo,0.5,6,upsert,L0002,B_no_decision_flip,
b03core,base,exact_fifo@rho0.5,rep0_base_exact_fifo@rho0.5_b03core,0,exact_fifo,0.5,7,upsert,L0028,B_no_decision_flip,0.0
b03core,base,exact_fifo@rho0.5,rep0_base_exact_fifo@rho0.5_b03core,0,exact_fifo,0.5,8,upsert,L0040,B_no_decision_flip,
b03core,base,exact_fifo@rho0.5,rep0_base_exact_fifo@rho0.5_b03core,0,exact_fifo,0.5,9,upsert,L0017,B_no_decision_flip,
b03core,base,exact_fifo@rho0.5,rep0_base_exact_fifo@rho0.5_b03core,0,exact_fifo,0.5,10,upsert,L0055,B_no_decision_flip,
b03core,base,exact_fifo@rho0.5,rep0_base_exact_fifo@rho0.5_b03core,0,exact_fifo,0.5,11,upsert,L0000,B_no_decision_flip,0.0
b03core,base,exact_fifo@rho0.5,rep0_base_exact_fifo@rho0.5_b03core,0,exact_fifo,0.5,12,upsert,L0001,B_no_decision_flip,
b03core,base,exact_fifo@rho0.5,rep0_base_exact_fifo@rho0.5_b03core,0,exact_fifo,0.5,13,upsert,L0047,B_no_decision_flip,
b03core,base,exact_fifo@rho0.5,rep0_base_exact_fifo@rho0.5_b03core,0,exact_fifo,0.5,14,upsert,L0058,D_meaningful_value_flip,38.96
b03core,base,exact_fifo@rho0.5,rep0_base_exact_fifo@rho0.5_b03core,0,exact_fifo,0.5,15,upsert,L0034,B_no_decision_flip,0.0
b03core,base,exact_fifo@rho0.5,rep0_base_exact_fifo@rho0.5_b03core,0,exact_fifo,0.5,16,upsert,L0023,B_no_decision_flip,10.24
b03core,base,exact_fifo@rho0.5,rep0_base_exact_fifo@rho0.5_b03core,0,exact_fifo,0.5,17,upsert,L0000,B_no_decision_flip,0.0
b03core,base,exact_fifo@rho0.5,rep0_base_exact_fifo@rho0.5_b03core,0,exact_fifo,0.5,18,upsert,L0000,B_no_decision_flip,0.0
b03core,base,exact_fifo@rho0.5,rep0_base_exact_fifo@rho0.5_b03core,0,exact_fifo,0.5,19,upsert,L0046,D_meaningful_value_flip,38.96
b03core,base,exact_fifo@rho0.5,rep0_base_exact_fifo@rho0.5_b03core,0,exact_fifo,0.5,20,upsert,L0006,B_no_decision_flip,
b03core,base,exact_fifo@rho0.5,rep0_base_exact_fifo@rho0.5_b03core,0,exact_fifo,0.5,21,upsert,L0012,B_no_decision_flip,
b03core,base,exact_fifo@rho0.5,rep0_base_exact_fifo@rho0.5_b03core,0,exact_fifo,0.5,22,upsert,L0000,B_no_decision_flip,10.24
b03core,base,exact_fifo@rho0.5,rep0_base_exact_fifo@rho0.5_b03core,0,exact_fifo,0.5,23,upsert,L0059,B_no_decision_flip,
b03core,base,exact_fifo@rho0.5,rep0_base_exact_fifo@rho0.5_b03core,0,exact_fifo,0.5,24,upsert,L0014,B_no_decision_flip,10.24
b03core,base,exact_fifo@rho0.5,rep0_base_exact_fifo@rho0.5_b03core,0,exact_fifo,0.5,25,upsert,L0012,B_no_decision_flip,
b03core,base,exact_fifo@rho0.5,rep0_base_exact_fifo@rho0.5_b03core,0,exact_fifo,0.5,26,upsert,L0029,B_no_decision_flip,0.0
b03core,base,exact_fifo@rho0.5,rep0_base_exact_fifo@rho0.5_b03core,0,exact_fifo,0.5,27,upsert,L0001,B_no_decision_flip,
b03core,base,exact_fifo@rho0.5,rep0_base_exact_fifo@rho0.5_b03core,0,exact_fifo,0.5,28,upsert,L0030,B_no_decision_flip,0.0
b03core,base,exact_fifo@rho0.5,rep0_base_exact_fifo@rho0.5_b03core,0,exact_fifo,0.5,29,upsert,L0010,D_meaningful_value_flip,40.96
b03core,base,exact_fifo@rho0.5,rep0_base_exact_fifo@rho0.5_b03core,0,exact_fifo,0.5,30,upsert,L0009,B_no_decision_flip,
b03core,base,exact_fifo@rho0.5,rep0_base_exact_fifo@rho0.5_b03core,0,exact_fifo,0.5,31,upsert,L0029,D_meaningful_value_flip,10.24
b03core,base,exact_fifo@rho0.5,rep0_base_exact_fifo@rho0.5_b03core,0,exact_fifo,0.5,32,upsert,L0003,B_no_decision_flip,
b03core,base,exact_fifo@rho0.5,rep0_base_exact_fifo@rho0.5_b03core,0,exact_fifo,0.5,33,upsert,L0005,B_no_decision_flip,0.0
b03core,base,exact_fifo@rho0.5,rep0_base_exact_fifo@rho0.5_b03core,0,exact_fifo,0.5,34,upsert,L0027,B_no_decision_flip,
b03core,base,exact_fifo@rho0.5,rep0_base_exact_fifo@rho0.5_b03core,0,exact_fifo,0.5,35,upsert,L0023,B_no_decision_flip,10.24
b03core,base,exact_fifo@rho0.5,rep0_base_exact_fifo@rho0.5_b03core,0,exact_fifo,0.5,36,upsert,L0029,B_no_decision_flip,
b03core,base,exact_fifo@rho0.5,rep0_base_exact_fifo@rho0.5_b03core,0,exact_fifo,0.5,37,upsert,L0056,B_no_decision_flip,0.0
b03core,base,exact_fifo@rho0.5,rep0_base_exact_fifo@rho0.5_b03core,0,exact_fifo,0.5,38,upsert,L0058,B_no_decision_flip,
b03core,base,exact_fifo@rho0.5,rep0_base_exact_fifo@rho0.5_b03core,0,exact_fifo,0.5,39,upsert,L0030,B_no_decision_flip,
b03core,base,exact_fifo@rho0.5,rep0_base_exact_fifo@rho0.5_b03core,0,exact_fifo,0.5,40,upsert,L0036,B_no_decision_flip,
b03core,base,exact_fifo@rho0.5,rep0_base_exact_fifo@rho0.5_b03core,0,exact_fifo,0.5,41,upsert,L0011,B_no_decision_flip,0.0
b03core,base,exact_fifo@rho0.5,rep0_base_exact_fifo@rho0.5_b03core,0,exact_fifo,0.5,42,upsert,L0000,E_negative_value_flip,-20.48
b03core,base,exact_fifo@rho0.5,rep0_base_exact_fifo@rho0.5_b03core,0,exact_fifo,0.5,43,upsert,L0036,B_no_decision_flip,
b03core,base,exact_fifo@rho0.5,rep0_base_exact_fifo@rho0.5_b03core,0,exact_fifo,0.5,44,upsert,L0004,B_no_decision_flip,
b03core,base,exact_fifo@rho0.5,rep0_base_exact_fifo@rho0.5_b03core,0,exact_fifo,0.5,45,upsert,L0038,B_no_decision_flip,
b03core,base,exact_fifo@rho0.5,rep0_base_exact_fifo@rho0.5_b03core,0,exact_fifo,0.5,46,upsert,L0023,B_no_decision_flip,0.0
b03core,base,exact_fifo@rho0.5,rep0_base_exact_fifo@rho0.5_b03core,0,exact_fifo,0.5,47,upsert,L0018,B_no_decision_flip,
b03core,base,exact_fifo@rho0.5,rep0_base_exact_fifo@rho0.5_b03core,0,exact_fifo,0.5,48,upsert,L0010,B_no_decision_flip,
b03core,base,exact_fifo@rho0.5,rep0_base_exact_fifo@rho0.5_b03core,0,exact_fifo,0.5,49,upsert,L0005,B_no_decision_flip,
b03core,base,exact_fifo@rho0.5,rep0_base_exact_fifo@rho0.5_b03core,0,exact_fifo,0.5,50,upsert,L0034,B_no_decision_flip,
b03core,base,exact_fifo@rho0.5,rep0_base_exact_fifo@rho0.5_b03core,0,exact_fifo,0.5,51,upsert,L0044,B_no_decision_flip,
b03core,base,exact_fifo@rho0.5,rep0_base_exact_fifo@rho0.5_b03core,0,exact_fifo,0.5,52,upsert,L0062,B_no_decision_flip,
b03core,base,exact_fifo@rho0.5,rep0_base_exact_fifo@rho0.5_b03core,0,exact_fifo,0.5,53,upsert,L0011,B_no_decision_flip,
b03core,base,exact_fifo@rho0.5,rep0_base_exact_fifo@rho0.5_b03core,0,exact_fifo,0.5,54,upsert,L0031,B_no_decision_flip,
b03core,base,exact_fifo@rho0.5,rep0_base_exact_fifo@rho0.5_b03core,0,exact_fifo,0.5,55,upsert,L0028,B_no_decision_flip,
b03core,base,exact_fifo@rho0.5,rep0_base_exact_fifo@rho0.5_b03core,0,exact_fifo,0.5,56,upsert,L0016,B_no_decision_flip,
b03core,base,exact_fifo@rho0.5,rep0_base_exact_fifo@rho0.5_b03core,0,exact_fifo,0.5,57,upsert,L0014,B_no_decision_flip,
b03core,base,exact_fifo@rho0.5,rep0_base_exact_fifo@rho0.5_b03core,0,exact_fifo,0.5,58,upsert,L0046,B_no_decision_flip,
b03core,base,exact_fifo@rho0.5,rep0_base_exact_fifo@rho0.5_b03core,0,exact_fifo,0.5,59,upsert,L0042,B_no_decision_flip,
b03core,base,exact_fifo@rho0.5,rep0_base_exact_fifo@rho0.5_b03core,0,exact_fifo,0.5,60,upsert,L0000,B_no_decision_flip,
b03core,base,exact_fifo@rho0.5,rep0_base_exact_fifo@rho0.5_b03core,0,exact_fifo,0.5,61,upsert,L0056,B_no_decision_flip,
b03core,base,exact_fifo@rho0.5,rep0_base_exact_fifo@rho0.5_b03core,0,exact_fifo,0.5,62,upsert,L0063,B_no_decision_flip,
b03core,base,exact_fifo@rho0.5,rep0_base_exact_fifo@rho0.5_b03core,0,exact_fifo,0.5,63,upsert,L0023,B_no_decision_flip,
b03core,base,exact_fifo@rho0.5,rep0_base_exact_fifo@rho0.5_b03core,0,exact_fifo,0.5,64,upsert,L0067,B_no_decision_flip,0.0
b03core,base,exact_fifo@rho0.5,rep0_base_exact_fifo@rho0.5_b03core,0,exact_fifo,0.5,65,upsert,L0072,D_meaningful_value_flip,38.96
b03core,base,exact_fifo@rho0.5,rep0_base_exact_fifo@rho0.5_b03core,0,exact_fifo,0.5,66,upsert,L0121,B_no_decision_flip,0.0
b03core,base,exact_fifo@rho0.5,rep0_base_exact_fifo@rho0.5_b03core,0,exact_fifo,0.5,67,upsert,L0091,B_no_decision_flip,0.0
b03core,base,exact_fifo@rho0.5,rep0_base_exact_fifo@rho0.5_b03core,0,exact_fifo,0.5,68,upsert,L0083,B_no_decision_flip,
b03core,base,exact_fifo@rho0.5,rep0_base_exact_fifo@rho0.5_b03core,0,exact_fifo,0.5,69,upsert,L0124,B_no_decision_flip,
b03core,base,exact_fifo@rho0.5,rep0_base_exact_fifo@rho0.5_b03core,0,exact_fifo,0.5,70,upsert,L0076,D_meaningful_value_flip,38.96
b03core,base,exact_fifo@rho0.5,rep0_base_exact_fifo@rho0.5_b03core,0,exact_fifo,0.5,71,upsert,L0077,B_no_decision_flip,
b03core,base,exact_fifo@rho0.5,rep0_base_exact_fifo@rho0.5_b03core,0,exact_fifo,0.5,72,upsert,L0081,B_no_decision_flip,
b03core,base,exact_fifo@rho0.5,rep0_base_exact_fifo@rho0.5_b03core,0,exact_fifo,0.5,73,upsert,L0106,B_no_decision_flip,
b03core,base,exact_fifo@rho0.5,rep0_base_exact_fifo@rho0.5_b03core,0,exact_fifo,0.5,74,upsert,L0081,B_no_decision_flip,
b03core,base,exact_fifo@rho0.5,rep0_base_exact_fifo@rho0.5_b03core,0,exact_fifo,0.5,75,upsert,L0094,D_meaningful_value_flip,40.96
b03core,base,exact_fifo@rho0.5,rep0_base_exact_fifo@rho0.5_b03core,0,exact_fifo,0.5,76,upsert,L0075,D_meaningful_value_flip,36.96
b03core,base,exact_fifo@rho0.5,rep0_base_exact_fifo@rho0.5_b03core,0,exact_fifo,0.5,77,upsert,L0069,D_meaningful_value_flip,38.96
b03core,base,exact_fifo@rho0.5,rep0_base_exact_fifo@rho0.5_b03core,0,exact_fifo,0.5,78,upsert,L0068,B_no_decision_flip,0.0
b03core,base,exact_fifo@rho0.5,rep0_base_exact_fifo@rho0.5_b03core,0,exact_fifo,0.5,79,upsert,L0065,B_no_decision_flip,0.0
b03core,base,exact_fifo@rho0.5,rep0_base_exact_fifo@rho0.5_b03core,0,exact_fifo,0.5,80,upsert,L0104,B_no_decision_flip,
b03core,base,exact_fifo@rho0.5,rep0_base_exact_fifo@rho0.5_b03core,0,exact_fifo,0.5,81,upsert,L0121,B_no_decision_flip,
b03core,base,exact_fifo@rho0.5,rep0_base_exact_fifo@rho0.5_b03core,0,exact_fifo,0.5,82,upsert,L0086,B_no_decision_flip,
b03core,base,exact_fifo@rho0.5,rep0_base_exact_fifo@rho0.5_b03core,0,exact_fifo,0.5,83,upsert,L0068,D_meaningful_value_flip,8.24
b03core,base,exact_fifo@rho0.5,rep0_base_exact_fifo@rho0.5_b03core,0,exact_fifo,0.5,84,upsert,L0094,B_no_decision_flip,10.24
b03core,base,exact_fifo@rho0.5,rep0_base_exact_fifo@rho0.5_b03core,0,exact_fifo,0.5,85,upsert,L0072,B_no_decision_flip,10.24
b03core,base,exact_fifo@rho0.5,rep0_base_exact_fifo@rho0.5_b03core,0,exact_fifo,0.5,86,upsert,L0103,B_no_decision_flip,
b03core,base,exact_fifo@rho0.5,rep0_base_exact_fifo@rho0.5_b03core,0,exact_fifo,0.5,87,upsert,L0067,B_no_decision_flip,
b03core,base,exact_fifo@rho0.5,rep0_base_exact_fifo@rho0.5_b03core,0,exact_fifo,0.5,88,upsert,L0064,D_meaningful_value_flip,40.96
b03core,base,exact_fifo@rho0.5,rep0_base_exact_fifo@rho0.5_b03core,0,exact_fifo,0.5,89,upsert,L0088,B_no_decision_flip,
b03core,base,exact_fifo@rho0.5,rep0_base_exact_fifo@rho0.5_b03core,0,exact_fifo,0.5,90,upsert,L0100,B_no_decision_flip,0.0
b03core,base,exact_fifo@rho0.5,rep0_base_exact_fifo@rho0.5_b03core,0,exact_fifo,0.5,91,upsert,L0076,B_no_decision_flip,
b03core,base,exact_fifo@rho0.5,rep0_base_exact_fifo@rho0.5_b03core,0,exact_fifo,0.5,92,upsert,L0105,B_no_decision_flip,
b03core,base,exact_fifo@rho0.5,rep0_base_exact_fifo@rho0.5_b03core,0,exact_fifo,0.5,93,upsert,L0125,B_no_decision_flip,
b03core,base,exact_fifo@rho0.5,rep0_base_exact_fifo@rho0.5_b03core,0,exact_fifo,0.5,94,upsert,L0115,B_no_decision_flip,
b03core,base,exact_fifo@rho0.5,rep0_base_exact_fifo@rho0.5_b03core,0,exact_fifo,0.5,95,upsert,L0074,B_no_decision_flip,0.0
b03core,base,exact_fifo@rho0.5,rep0_base_exact_fifo@rho0.5_b03core,0,exact_fifo,0.5,96,upsert,L0091,B_no_decision_flip,
b03core,base,exact_fifo@rho0.5,rep0_base_exact_fifo@rho0.5_b03core,0,exact_fifo,0.5,97,upsert,L0064,B_no_decision_flip,
b03core,base,exact_fifo@rho0.5,rep0_base_exact_fifo@rho0.5_b03core,0,exact_fifo,0.5,98,upsert,L0100,B_no_decision_flip,10.24
b03core,base,exact_fifo@rho0.5,rep0_base_exact_fifo@rho0.5_b03core,0,exact_fifo,0.5,99,upsert,L0068,B_no_decision_flip,10.24
b03core,base,exact_fifo@rho0.5,rep0_base_exact_fifo@rho0.5_b03core,0,exact_fifo,0.5,100,upsert,L0120,B_no_decision_flip,
b03core,base,exact_fifo@rho0.5,rep0_base_exact_fifo@rho0.5_b03core,0,exact_fifo,0.5,101,upsert,L0116,B_no_decision_flip,
b03core,base,exact_fifo@rho0.5,rep0_base_exact_fifo@rho0.5_b03core,0,exact_fifo,0.5,102,upsert,L0078,B_no_decision_flip,0.0
b03core,base,exact_fifo@rho0.5,rep0_base_exact_fifo@rho0.5_b03core,0,exact_fifo,0.5,103,upsert,L0087,B_no_decision_flip,
b03core,base,exact_fifo@rho0.5,rep0_base_exact_fifo@rho0.5_b03core,0,exact_fifo,0.5,104,upsert,L0108,B_no_decision_flip,
b03core,base,exact_fifo@rho0.5,rep0_base_exact_fifo@rho0.5_b03core,0,exact_fifo,0.5,105,upsert,L0068,E_negative_value_flip,-20.48
b03core,base,exact_fifo@rho0.5,rep0_base_exact_fifo@rho0.5_b03core,0,exact_fifo,0.5,106,upsert,L0074,B_no_decision_flip,
b03core,base,exact_fifo@rho0.5,rep0_base_exact_fifo@rho0.5_b03core,0,exact_fifo,0.5,107,upsert,L0100,B_no_decision_flip,
b03core,base,exact_fifo@rho0.5,rep0_base_exact_fifo@rho0.5_b03core,0,exact_fifo,0.5,108,upsert,L0097,B_no_decision_flip,
b03core,base,exact_fifo@rho0.5,rep0_base_exact_fifo@rho0.5_b03core,0,exact_fifo,0.5,109,upsert,L0074,B_no_decision_flip,
b03core,base,exact_fifo@rho0.5,rep0_base_exact_fifo@rho0.5_b03core,0,exact_fifo,0.5,110,upsert,L0075,B_no_decision_flip,10.24
b03core,base,exact_fifo@rho0.5,rep0_base_exact_fifo@rho0.5_b03core,0,exact_fifo,0.5,111,upsert,L0096,B_no_decision_flip,
b03core,base,exact_fifo@rho0.5,rep0_base_exact_fifo@rho0.5_b03core,0,exact_fifo,0.5,112,upsert,L0078,B_no_decision_flip,
b03core,base,exact_fifo@rho0.5,rep0_base_exact_fifo@rho0.5_b03core,0,exact_fifo,0.5,113,upsert,L0069,B_no_decision_flip,0.0
b03core,base,exact_fifo@rho0.5,rep0_base_exact_fifo@rho0.5_b03core,0,exact_fifo,0.5,114,upsert,L0065,B_no_decision_flip,
b03core,base,exact_fifo@rho0.5,rep0_base_exact_fifo@rho0.5_b03core,0,exact_fifo,0.5,115,upsert,L0066,D_meaningful_value_flip,38.96
b03core,base,exact_fifo@rho0.5,rep0_base_exact_fifo@rho0.5_b03core,0,exact_fifo,0.5,116,upsert,L0068,B_no_decision_flip,
b03core,base,exact_fifo@rho0.5,rep0_base_exact_fifo@rho0.5_b03core,0,exact_fifo,0.5,117,upsert,L0118,B_no_decision_flip,
b03core,base,exact_fifo@rho0.5,rep0_base_exact_fifo@rho0.5_b03core,0,exact_fifo,0.5,118,upsert,L0113,B_no_decision_flip,
b03core,base,exact_fifo@rho0.5,rep0_base_exact_fifo@rho0.5_b03core,0,exact_fifo,0.5,119,upsert,L0069,B_no_decision_flip,10.24
b03core,base,exact_fifo@rho0.5,rep0_base_exact_fifo@rho0.5_b03core,0,exact_fifo,0.5,120,upsert,L0094,B_no_decision_flip,
b03core,base,exact_fifo@rho0.5,rep0_base_exact_fifo@rho0.5_b03core,0,exact_fifo,0.5,121,upsert,L0084,B_no_decision_flip,
b03core,base,exact_fifo@rho0.5,rep0_base_exact_fifo@rho0.5_b03core,0,exact_fifo,0.5,122,upsert,L0098,B_no_decision_flip,
b03core,base,exact_fifo@rho0.5,rep0_base_exact_fifo@rho0.5_b03core,0,exact_fifo,0.5,123,upsert,L0066,B_no_decision_flip,
b03core,base,exact_fifo@rho0.5,rep0_base_exact_fifo@rho0.5_b03core,0,exact_fifo,0.5,124,upsert,L0072,B_no_decision_flip,
b03core,base,exact_fifo@rho0.5,rep0_base_exact_fifo@rho0.5_b03core,0,exact_fifo,0.5,125,upsert,L0069,B_no_decision_flip,
b03core,base,exact_fifo@rho0.5,rep0_base_exact_fifo@rho0.5_b03core,0,exact_fifo,0.5,126,upsert,L0075,B_no_decision_flip,
b03core,base,exact_fifo@rho0.5,rep0_base_exact_fifo@rho0.5_b03core,0,exact_fifo,0.5,127,upsert,L0071,B_no_decision_flip,
b03core,base,agg_full@rho0.8,rep0_base_agg_full@rho0.8_b03core,0,agg_full,0.8,0,upsert,L0048,B_no_decision_flip,
b03core,base,agg_full@rho0.8,rep0_base_agg_full@rho0.8_b03core,0,agg_full,0.8,1,upsert,L0006,B_no_decision_flip,
b03core,base,agg_full@rho0.8,rep0_base_agg_full@rho0.8_b03core,0,agg_full,0.8,2,upsert,L0014,B_no_decision_flip,0.0
b03core,base,agg_full@rho0.8,rep0_base_agg_full@rho0.8_b03core,0,agg_full,0.8,3,upsert,L0023,B_no_decision_flip,0.0
b03core,base,agg_full@rho0.8,rep0_base_agg_full@rho0.8_b03core,0,agg_full,0.8,4,upsert,L0000,B_no_decision_flip,0.0
b03core,base,agg_full@rho0.8,rep0_base_agg_full@rho0.8_b03core,0,agg_full,0.8,5,upsert,L0000,B_no_decision_flip,0.0
b03core,base,agg_full@rho0.8,rep0_base_agg_full@rho0.8_b03core,0,agg_full,0.8,6,upsert,L0002,B_no_decision_flip,
b03core,base,agg_full@rho0.8,rep0_base_agg_full@rho0.8_b03core,0,agg_full,0.8,7,upsert,L0028,D_meaningful_value_flip,38.96
b03core,base,agg_full@rho0.8,rep0_base_agg_full@rho0.8_b03core,0,agg_full,0.8,8,upsert,L0040,B_no_decision_flip,
b03core,base,agg_full@rho0.8,rep0_base_agg_full@rho0.8_b03core,0,agg_full,0.8,9,upsert,L0017,B_no_decision_flip,
b03core,base,agg_full@rho0.8,rep0_base_agg_full@rho0.8_b03core,0,agg_full,0.8,10,upsert,L0055,B_no_decision_flip,
b03core,base,agg_full@rho0.8,rep0_base_agg_full@rho0.8_b03core,0,agg_full,0.8,11,upsert,L0000,B_no_decision_flip,0.0
b03core,base,agg_full@rho0.8,rep0_base_agg_full@rho0.8_b03core,0,agg_full,0.8,12,upsert,L0001,B_no_decision_flip,
b03core,base,agg_full@rho0.8,rep0_base_agg_full@rho0.8_b03core,0,agg_full,0.8,13,upsert,L0047,B_no_decision_flip,
b03core,base,agg_full@rho0.8,rep0_base_agg_full@rho0.8_b03core,0,agg_full,0.8,14,upsert,L0058,D_meaningful_value_flip,38.96
b03core,base,agg_full@rho0.8,rep0_base_agg_full@rho0.8_b03core,0,agg_full,0.8,15,upsert,L0034,B_no_decision_flip,0.0
b03core,base,agg_full@rho0.8,rep0_base_agg_full@rho0.8_b03core,0,agg_full,0.8,16,upsert,L0023,B_no_decision_flip,10.24
b03core,base,agg_full@rho0.8,rep0_base_agg_full@rho0.8_b03core,0,agg_full,0.8,17,upsert,L0000,B_no_decision_flip,0.0
b03core,base,agg_full@rho0.8,rep0_base_agg_full@rho0.8_b03core,0,agg_full,0.8,18,upsert,L0000,B_no_decision_flip,0.0
b03core,base,agg_full@rho0.8,rep0_base_agg_full@rho0.8_b03core,0,agg_full,0.8,19,upsert,L0046,D_meaningful_value_flip,38.96
b03core,base,agg_full@rho0.8,rep0_base_agg_full@rho0.8_b03core,0,agg_full,0.8,20,upsert,L0006,B_no_decision_flip,
b03core,base,agg_full@rho0.8,rep0_base_agg_full@rho0.8_b03core,0,agg_full,0.8,21,upsert,L0012,B_no_decision_flip,
b03core,base,agg_full@rho0.8,rep0_base_agg_full@rho0.8_b03core,0,agg_full,0.8,22,upsert,L0000,B_no_decision_flip,10.24
b03core,base,agg_full@rho0.8,rep0_base_agg_full@rho0.8_b03core,0,agg_full,0.8,23,upsert,L0059,B_no_decision_flip,
b03core,base,agg_full@rho0.8,rep0_base_agg_full@rho0.8_b03core,0,agg_full,0.8,24,upsert,L0014,B_no_decision_flip,10.24
b03core,base,agg_full@rho0.8,rep0_base_agg_full@rho0.8_b03core,0,agg_full,0.8,25,upsert,L0012,B_no_decision_flip,
b03core,base,agg_full@rho0.8,rep0_base_agg_full@rho0.8_b03core,0,agg_full,0.8,26,upsert,L0029,B_no_decision_flip,
b03core,base,agg_full@rho0.8,rep0_base_agg_full@rho0.8_b03core,0,agg_full,0.8,27,upsert,L0001,B_no_decision_flip,
b03core,base,agg_full@rho0.8,rep0_base_agg_full@rho0.8_b03core,0,agg_full,0.8,28,upsert,L0030,B_no_decision_flip,
b03core,base,agg_full@rho0.8,rep0_base_agg_full@rho0.8_b03core,0,agg_full,0.8,29,upsert,L0010,D_meaningful_value_flip,40.96
b03core,base,agg_full@rho0.8,rep0_base_agg_full@rho0.8_b03core,0,agg_full,0.8,30,upsert,L0009,B_no_decision_flip,
b03core,base,agg_full@rho0.8,rep0_base_agg_full@rho0.8_b03core,0,agg_full,0.8,31,upsert,L0029,B_no_decision_flip,
b03core,base,agg_full@rho0.8,rep0_base_agg_full@rho0.8_b03core,0,agg_full,0.8,32,upsert,L0003,B_no_decision_flip,
b03core,base,agg_full@rho0.8,rep0_base_agg_full@rho0.8_b03core,0,agg_full,0.8,33,upsert,L0005,D_meaningful_value_flip,40.96
b03core,base,agg_full@rho0.8,rep0_base_agg_full@rho0.8_b03core,0,agg_full,0.8,34,upsert,L0027,B_no_decision_flip,
b03core,base,agg_full@rho0.8,rep0_base_agg_full@rho0.8_b03core,0,agg_full,0.8,35,upsert,L0023,B_no_decision_flip,10.24
b03core,base,agg_full@rho0.8,rep0_base_agg_full@rho0.8_b03core,0,agg_full,0.8,36,upsert,L0029,B_no_decision_flip,
b03core,base,agg_full@rho0.8,rep0_base_agg_full@rho0.8_b03core,0,agg_full,0.8,37,upsert,L0056,B_no_decision_flip,0.0
b03core,base,agg_full@rho0.8,rep0_base_agg_full@rho0.8_b03core,0,agg_full,0.8,38,upsert,L0058,B_no_decision_flip,
b03core,base,agg_full@rho0.8,rep0_base_agg_full@rho0.8_b03core,0,agg_full,0.8,39,upsert,L0030,B_no_decision_flip,
b03core,base,agg_full@rho0.8,rep0_base_agg_full@rho0.8_b03core,0,agg_full,0.8,40,upsert,L0036,B_no_decision_flip,
b03core,base,agg_full@rho0.8,rep0_base_agg_full@rho0.8_b03core,0,agg_full,0.8,41,upsert,L0011,B_no_decision_flip,
b03core,base,agg_full@rho0.8,rep0_base_agg_full@rho0.8_b03core,0,agg_full,0.8,42,upsert,L0000,B_no_decision_flip,
b03core,base,agg_full@rho0.8,rep0_base_agg_full@rho0.8_b03core,0,agg_full,0.8,43,upsert,L0036,B_no_decision_flip,
b03core,base,agg_full@rho0.8,rep0_base_agg_full@rho0.8_b03core,0,agg_full,0.8,44,upsert,L0004,B_no_decision_flip,
b03core,base,agg_full@rho0.8,rep0_base_agg_full@rho0.8_b03core,0,agg_full,0.8,45,upsert,L0038,B_no_decision_flip,
b03core,base,agg_full@rho0.8,rep0_base_agg_full@rho0.8_b03core,0,agg_full,0.8,46,upsert,L0023,B_no_decision_flip,
b03core,base,agg_full@rho0.8,rep0_base_agg_full@rho0.8_b03core,0,agg_full,0.8,47,upsert,L0018,B_no_decision_flip,
b03core,base,agg_full@rho0.8,rep0_base_agg_full@rho0.8_b03core,0,agg_full,0.8,48,upsert,L0010,B_no_decision_flip,
b03core,base,agg_full@rho0.8,rep0_base_agg_full@rho0.8_b03core,0,agg_full,0.8,49,upsert,L0005,B_no_decision_flip,
b03core,base,agg_full@rho0.8,rep0_base_agg_full@rho0.8_b03core,0,agg_full,0.8,50,upsert,L0034,B_no_decision_flip,
b03core,base,agg_full@rho0.8,rep0_base_agg_full@rho0.8_b03core,0,agg_full,0.8,51,upsert,L0044,B_no_decision_flip,
b03core,base,agg_full@rho0.8,rep0_base_agg_full@rho0.8_b03core,0,agg_full,0.8,52,upsert,L0062,B_no_decision_flip,
b03core,base,agg_full@rho0.8,rep0_base_agg_full@rho0.8_b03core,0,agg_full,0.8,53,upsert,L0011,B_no_decision_flip,
b03core,base,agg_full@rho0.8,rep0_base_agg_full@rho0.8_b03core,0,agg_full,0.8,54,upsert,L0031,B_no_decision_flip,
b03core,base,agg_full@rho0.8,rep0_base_agg_full@rho0.8_b03core,0,agg_full,0.8,55,upsert,L0028,B_no_decision_flip,
b03core,base,agg_full@rho0.8,rep0_base_agg_full@rho0.8_b03core,0,agg_full,0.8,56,upsert,L0016,B_no_decision_flip,
b03core,base,agg_full@rho0.8,rep0_base_agg_full@rho0.8_b03core,0,agg_full,0.8,57,upsert,L0014,B_no_decision_flip,
b03core,base,agg_full@rho0.8,rep0_base_agg_full@rho0.8_b03core,0,agg_full,0.8,58,upsert,L0046,B_no_decision_flip,
b03core,base,agg_full@rho0.8,rep0_base_agg_full@rho0.8_b03core,0,agg_full,0.8,59,upsert,L0042,B_no_decision_flip,
b03core,base,agg_full@rho0.8,rep0_base_agg_full@rho0.8_b03core,0,agg_full,0.8,60,upsert,L0000,B_no_decision_flip,
b03core,base,agg_full@rho0.8,rep0_base_agg_full@rho0.8_b03core,0,agg_full,0.8,61,upsert,L0056,B_no_decision_flip,
b03core,base,agg_full@rho0.8,rep0_base_agg_full@rho0.8_b03core,0,agg_full,0.8,62,upsert,L0063,B_no_decision_flip,
b03core,base,agg_full@rho0.8,rep0_base_agg_full@rho0.8_b03core,0,agg_full,0.8,63,upsert,L0023,B_no_decision_flip,
b03core,base,agg_full@rho0.8,rep0_base_agg_full@rho0.8_b03core,0,agg_full,0.8,64,upsert,L0067,B_no_decision_flip,
b03core,base,agg_full@rho0.8,rep0_base_agg_full@rho0.8_b03core,0,agg_full,0.8,65,upsert,L0072,B_no_decision_flip,0.0
b03core,base,agg_full@rho0.8,rep0_base_agg_full@rho0.8_b03core,0,agg_full,0.8,66,upsert,L0121,B_no_decision_flip,
b03core,base,agg_full@rho0.8,rep0_base_agg_full@rho0.8_b03core,0,agg_full,0.8,67,upsert,L0091,D_meaningful_value_flip,40.96
b03core,base,agg_full@rho0.8,rep0_base_agg_full@rho0.8_b03core,0,agg_full,0.8,68,upsert,L0083,B_no_decision_flip,
b03core,base,agg_full@rho0.8,rep0_base_agg_full@rho0.8_b03core,0,agg_full,0.8,69,upsert,L0124,B_no_decision_flip,
b03core,base,agg_full@rho0.8,rep0_base_agg_full@rho0.8_b03core,0,agg_full,0.8,70,upsert,L0076,D_meaningful_value_flip,38.96
b03core,base,agg_full@rho0.8,rep0_base_agg_full@rho0.8_b03core,0,agg_full,0.8,71,upsert,L0077,B_no_decision_flip,
b03core,base,agg_full@rho0.8,rep0_base_agg_full@rho0.8_b03core,0,agg_full,0.8,72,upsert,L0081,B_no_decision_flip,
b03core,base,agg_full@rho0.8,rep0_base_agg_full@rho0.8_b03core,0,agg_full,0.8,73,upsert,L0106,B_no_decision_flip,
b03core,base,agg_full@rho0.8,rep0_base_agg_full@rho0.8_b03core,0,agg_full,0.8,74,upsert,L0081,B_no_decision_flip,
b03core,base,agg_full@rho0.8,rep0_base_agg_full@rho0.8_b03core,0,agg_full,0.8,75,upsert,L0094,B_no_decision_flip,0.0
b03core,base,agg_full@rho0.8,rep0_base_agg_full@rho0.8_b03core,0,agg_full,0.8,76,upsert,L0075,D_meaningful_value_flip,38.96
b03core,base,agg_full@rho0.8,rep0_base_agg_full@rho0.8_b03core,0,agg_full,0.8,77,upsert,L0069,D_meaningful_value_flip,40.96
b03core,base,agg_full@rho0.8,rep0_base_agg_full@rho0.8_b03core,0,agg_full,0.8,78,upsert,L0068,B_no_decision_flip,0.0
b03core,base,agg_full@rho0.8,rep0_base_agg_full@rho0.8_b03core,0,agg_full,0.8,79,upsert,L0065,B_no_decision_flip,0.0
b03core,base,agg_full@rho0.8,rep0_base_agg_full@rho0.8_b03core,0,agg_full,0.8,80,upsert,L0104,B_no_decision_flip,
b03core,base,agg_full@rho0.8,rep0_base_agg_full@rho0.8_b03core,0,agg_full,0.8,81,upsert,L0121,B_no_decision_flip,
b03core,base,agg_full@rho0.8,rep0_base_agg_full@rho0.8_b03core,0,agg_full,0.8,82,upsert,L0086,B_no_decision_flip,
b03core,base,agg_full@rho0.8,rep0_base_agg_full@rho0.8_b03core,0,agg_full,0.8,83,upsert,L0068,C_low_value_flip,0.0
b03core,base,agg_full@rho0.8,rep0_base_agg_full@rho0.8_b03core,0,agg_full,0.8,84,upsert,L0094,C_low_value_flip,0.0
b03core,base,agg_full@rho0.8,rep0_base_agg_full@rho0.8_b03core,0,agg_full,0.8,85,upsert,L0072,C_low_value_flip,0.0
b03core,base,agg_full@rho0.8,rep0_base_agg_full@rho0.8_b03core,0,agg_full,0.8,86,upsert,L0103,B_no_decision_flip,
b03core,base,agg_full@rho0.8,rep0_base_agg_full@rho0.8_b03core,0,agg_full,0.8,87,upsert,L0067,B_no_decision_flip,
b03core,base,agg_full@rho0.8,rep0_base_agg_full@rho0.8_b03core,0,agg_full,0.8,88,upsert,L0064,B_no_decision_flip,
b03core,base,agg_full@rho0.8,rep0_base_agg_full@rho0.8_b03core,0,agg_full,0.8,89,upsert,L0088,B_no_decision_flip,
b03core,base,agg_full@rho0.8,rep0_base_agg_full@rho0.8_b03core,0,agg_full,0.8,90,upsert,L0100,B_no_decision_flip,
b03core,base,agg_full@rho0.8,rep0_base_agg_full@rho0.8_b03core,0,agg_full,0.8,91,upsert,L0076,B_no_decision_flip,
b03core,base,agg_full@rho0.8,rep0_base_agg_full@rho0.8_b03core,0,agg_full,0.8,92,upsert,L0105,B_no_decision_flip,
b03core,base,agg_full@rho0.8,rep0_base_agg_full@rho0.8_b03core,0,agg_full,0.8,93,upsert,L0125,B_no_decision_flip,
b03core,base,agg_full@rho0.8,rep0_base_agg_full@rho0.8_b03core,0,agg_full,0.8,94,upsert,L0115,B_no_decision_flip,
b03core,base,agg_full@rho0.8,rep0_base_agg_full@rho0.8_b03core,0,agg_full,0.8,95,upsert,L0074,B_no_decision_flip,
b03core,base,agg_full@rho0.8,rep0_base_agg_full@rho0.8_b03core,0,agg_full,0.8,96,upsert,L0091,B_no_decision_flip,
b03core,base,agg_full@rho0.8,rep0_base_agg_full@rho0.8_b03core,0,agg_full,0.8,97,upsert,L0064,B_no_decision_flip,
b03core,base,agg_full@rho0.8,rep0_base_agg_full@rho0.8_b03core,0,agg_full,0.8,98,upsert,L0100,B_no_decision_flip,
b03core,base,agg_full@rho0.8,rep0_base_agg_full@rho0.8_b03core,0,agg_full,0.8,99,upsert,L0068,B_no_decision_flip,
b03core,base,agg_full@rho0.8,rep0_base_agg_full@rho0.8_b03core,0,agg_full,0.8,100,upsert,L0120,B_no_decision_flip,
b03core,base,agg_full@rho0.8,rep0_base_agg_full@rho0.8_b03core,0,agg_full,0.8,101,upsert,L0116,B_no_decision_flip,
b03core,base,agg_full@rho0.8,rep0_base_agg_full@rho0.8_b03core,0,agg_full,0.8,102,upsert,L0078,B_no_decision_flip,
b03core,base,agg_full@rho0.8,rep0_base_agg_full@rho0.8_b03core,0,agg_full,0.8,103,upsert,L0087,B_no_decision_flip,
b03core,base,agg_full@rho0.8,rep0_base_agg_full@rho0.8_b03core,0,agg_full,0.8,104,upsert,L0108,B_no_decision_flip,
b03core,base,agg_full@rho0.8,rep0_base_agg_full@rho0.8_b03core,0,agg_full,0.8,105,upsert,L0068,B_no_decision_flip,
b03core,base,agg_full@rho0.8,rep0_base_agg_full@rho0.8_b03core,0,agg_full,0.8,106,upsert,L0074,B_no_decision_flip,
b03core,base,agg_full@rho0.8,rep0_base_agg_full@rho0.8_b03core,0,agg_full,0.8,107,upsert,L0100,B_no_decision_flip,
b03core,base,agg_full@rho0.8,rep0_base_agg_full@rho0.8_b03core,0,agg_full,0.8,108,upsert,L0097,B_no_decision_flip,
b03core,base,agg_full@rho0.8,rep0_base_agg_full@rho0.8_b03core,0,agg_full,0.8,110,upsert,L0075,B_no_decision_flip,
b03core,base,agg_full@rho0.8,rep0_base_agg_full@rho0.8_b03core,0,agg_full,0.8,111,upsert,L0096,B_no_decision_flip,
b03core,base,agg_full@rho0.8,rep0_base_agg_full@rho0.8_b03core,0,agg_full,0.8,112,upsert,L0078,B_no_decision_flip,
b03core,base,agg_full@rho0.8,rep0_base_agg_full@rho0.8_b03core,0,agg_full,0.8,113,upsert,L0069,B_no_decision_flip,
b03core,base,agg_full@rho0.8,rep0_base_agg_full@rho0.8_b03core,0,agg_full,0.8,114,upsert,L0065,B_no_decision_flip,
b03core,base,agg_full@rho0.8,rep0_base_agg_full@rho0.8_b03core,0,agg_full,0.8,115,upsert,L0066,B_no_decision_flip,
b03core,base,agg_full@rho0.8,rep0_base_agg_full@rho0.8_b03core,0,agg_full,0.8,116,upsert,L0068,B_no_decision_flip,
b03core,base,agg_full@rho0.8,rep0_base_agg_full@rho0.8_b03core,0,agg_full,0.8,117,upsert,L0118,B_no_decision_flip,
b03core,base,agg_full@rho0.8,rep0_base_agg_full@rho0.8_b03core,0,agg_full,0.8,118,upsert,L0113,B_no_decision_flip,
b03core,base,agg_full@rho0.8,rep0_base_agg_full@rho0.8_b03core,0,agg_full,0.8,119,upsert,L0069,B_no_decision_flip,
b03core,base,agg_full@rho0.8,rep0_base_agg_full@rho0.8_b03core,0,agg_full,0.8,120,upsert,L0094,B_no_decision_flip,
b03core,base,agg_full@rho0.8,rep0_base_agg_full@rho0.8_b03core,0,agg_full,0.8,121,upsert,L0084,B_no_decision_flip,
b03core,base,agg_full@rho0.8,rep0_base_agg_full@rho0.8_b03core,0,agg_full,0.8,122,upsert,L0098,B_no_decision_flip,
b03core,base,agg_full@rho0.8,rep0_base_agg_full@rho0.8_b03core,0,agg_full,0.8,123,upsert,L0066,B_no_decision_flip,
b03core,base,agg_full@rho0.8,rep0_base_agg_full@rho0.8_b03core,0,agg_full,0.8,124,upsert,L0072,B_no_decision_flip,
b03core,base,agg_full@rho0.8,rep0_base_agg_full@rho0.8_b03core,0,agg_full,0.8,125,upsert,L0069,B_no_decision_flip,
b03core,base,agg_full@rho0.8,rep0_base_agg_full@rho0.8_b03core,0,agg_full,0.8,126,upsert,L0075,B_no_decision_flip,
b03core,base,agg_full@rho0.8,rep0_base_agg_full@rho0.8_b03core,0,agg_full,0.8,127,upsert,L0071,B_no_decision_flip,
b03core,base,exact_fifo@rho1.2,rep1_base_exact_fifo@rho1.2_b03core,1,exact_fifo,1.2,0,upsert,L0012,B_no_decision_flip,
b03core,base,exact_fifo@rho1.2,rep1_base_exact_fifo@rho1.2_b03core,1,exact_fifo,1.2,1,upsert,L0007,B_no_decision_flip,0.0
b03core,base,exact_fifo@rho1.2,rep1_base_exact_fifo@rho1.2_b03core,1,exact_fifo,1.2,2,upsert,L0059,B_no_decision_flip,
b03core,base,exact_fifo@rho1.2,rep1_base_exact_fifo@rho1.2_b03core,1,exact_fifo,1.2,3,upsert,L0016,B_no_decision_flip,
b03core,base,exact_fifo@rho1.2,rep1_base_exact_fifo@rho1.2_b03core,1,exact_fifo,1.2,4,upsert,L0029,B_no_decision_flip,
b03core,base,exact_fifo@rho1.2,rep1_base_exact_fifo@rho1.2_b03core,1,exact_fifo,1.2,5,upsert,L0021,D_meaningful_value_flip,38.96
b03core,base,exact_fifo@rho1.2,rep1_base_exact_fifo@rho1.2_b03core,1,exact_fifo,1.2,6,upsert,L0004,B_no_decision_flip,
b03core,base,exact_fifo@rho1.2,rep1_base_exact_fifo@rho1.2_b03core,1,exact_fifo,1.2,7,upsert,L0001,D_meaningful_value_flip,40.96
b03core,base,exact_fifo@rho1.2,rep1_base_exact_fifo@rho1.2_b03core,1,exact_fifo,1.2,8,upsert,L0063,B_no_decision_flip,
b03core,base,exact_fifo@rho1.2,rep1_base_exact_fifo@rho1.2_b03core,1,exact_fifo,1.2,9,upsert,L0041,B_no_decision_flip,
b03core,base,exact_fifo@rho1.2,rep1_base_exact_fifo@rho1.2_b03core,1,exact_fifo,1.2,10,upsert,L0023,B_no_decision_flip,
b03core,base,exact_fifo@rho1.2,rep1_base_exact_fifo@rho1.2_b03core,1,exact_fifo,1.2,11,upsert,L0046,B_no_decision_flip,
b03core,base,exact_fifo@rho1.2,rep1_base_exact_fifo@rho1.2_b03core,1,exact_fifo,1.2,12,upsert,L0022,D_meaningful_value_flip,38.96
b03core,base,exact_fifo@rho1.2,rep1_base_exact_fifo@rho1.2_b03core,1,exact_fifo,1.2,13,upsert,L0019,B_no_decision_flip,
b03core,base,exact_fifo@rho1.2,rep1_base_exact_fifo@rho1.2_b03core,1,exact_fifo,1.2,14,upsert,L0004,B_no_decision_flip,
b03core,base,exact_fifo@rho1.2,rep1_base_exact_fifo@rho1.2_b03core,1,exact_fifo,1.2,15,upsert,L0001,D_meaningful_value_flip,10.24
b03core,base,exact_fifo@rho1.2,rep1_base_exact_fifo@rho1.2_b03core,1,exact_fifo,1.2,16,upsert,L0029,B_no_decision_flip,
b03core,base,exact_fifo@rho1.2,rep1_base_exact_fifo@rho1.2_b03core,1,exact_fifo,1.2,17,upsert,L0007,B_no_decision_flip,0.0
b03core,base,exact_fifo@rho1.2,rep1_base_exact_fifo@rho1.2_b03core,1,exact_fifo,1.2,18,upsert,L0013,D_meaningful_value_flip,38.96
b03core,base,exact_fifo@rho1.2,rep1_base_exact_fifo@rho1.2_b03core,1,exact_fifo,1.2,19,upsert,L0017,B_no_decision_flip,
b03core,base,exact_fifo@rho1.2,rep1_base_exact_fifo@rho1.2_b03core,1,exact_fifo,1.2,20,upsert,L0024,B_no_decision_flip,
b03core,base,exact_fifo@rho1.2,rep1_base_exact_fifo@rho1.2_b03core,1,exact_fifo,1.2,21,upsert,L0053,B_no_decision_flip,
b03core,base,exact_fifo@rho1.2,rep1_base_exact_fifo@rho1.2_b03core,1,exact_fifo,1.2,22,upsert,L0033,B_no_decision_flip,
b03core,base,exact_fifo@rho1.2,rep1_base_exact_fifo@rho1.2_b03core,1,exact_fifo,1.2,23,upsert,L0034,B_no_decision_flip,
b03core,base,exact_fifo@rho1.2,rep1_base_exact_fifo@rho1.2_b03core,1,exact_fifo,1.2,24,upsert,L0042,B_no_decision_flip,
b03core,base,exact_fifo@rho1.2,rep1_base_exact_fifo@rho1.2_b03core,1,exact_fifo,1.2,25,upsert,L0026,B_no_decision_flip,
b03core,base,exact_fifo@rho1.2,rep1_base_exact_fifo@rho1.2_b03core,1,exact_fifo,1.2,26,upsert,L0005,B_no_decision_flip,
b03core,base,exact_fifo@rho1.2,rep1_base_exact_fifo@rho1.2_b03core,1,exact_fifo,1.2,27,upsert,L0000,B_no_decision_flip,
b03core,base,exact_fifo@rho1.2,rep1_base_exact_fifo@rho1.2_b03core,1,exact_fifo,1.2,28,upsert,L0034,B_no_decision_flip,
b03core,base,exact_fifo@rho1.2,rep1_base_exact_fifo@rho1.2_b03core,1,exact_fifo,1.2,29,upsert,L0002,B_no_decision_flip,
b03core,base,exact_fifo@rho1.2,rep1_base_exact_fifo@rho1.2_b03core,1,exact_fifo,1.2,30,upsert,L0011,B_no_decision_flip,
b03core,base,exact_fifo@rho1.2,rep1_base_exact_fifo@rho1.2_b03core,1,exact_fifo,1.2,31,upsert,L0018,B_no_decision_flip,
b03core,base,exact_fifo@rho1.2,rep1_base_exact_fifo@rho1.2_b03core,1,exact_fifo,1.2,32,upsert,L0005,B_no_decision_flip,
b03core,base,exact_fifo@rho1.2,rep1_base_exact_fifo@rho1.2_b03core,1,exact_fifo,1.2,33,upsert,L0042,B_no_decision_flip,
b03core,base,exact_fifo@rho1.2,rep1_base_exact_fifo@rho1.2_b03core,1,exact_fifo,1.2,34,upsert,L0006,B_no_decision_flip,
b03core,base,exact_fifo@rho1.2,rep1_base_exact_fifo@rho1.2_b03core,1,exact_fifo,1.2,35,upsert,L0055,B_no_decision_flip,
b03core,base,exact_fifo@rho1.2,rep1_base_exact_fifo@rho1.2_b03core,1,exact_fifo,1.2,36,upsert,L0000,B_no_decision_flip,
b03core,base,exact_fifo@rho1.2,rep1_base_exact_fifo@rho1.2_b03core,1,exact_fifo,1.2,37,upsert,L0009,B_no_decision_flip,
b03core,base,exact_fifo@rho1.2,rep1_base_exact_fifo@rho1.2_b03core,1,exact_fifo,1.2,38,upsert,L0047,B_no_decision_flip,
b03core,base,exact_fifo@rho1.2,rep1_base_exact_fifo@rho1.2_b03core,1,exact_fifo,1.2,39,upsert,L0033,B_no_decision_flip,
b03core,base,exact_fifo@rho1.2,rep1_base_exact_fifo@rho1.2_b03core,1,exact_fifo,1.2,40,upsert,L0001,B_no_decision_flip,
b03core,base,exact_fifo@rho1.2,rep1_base_exact_fifo@rho1.2_b03core,1,exact_fifo,1.2,41,upsert,L0001,B_no_decision_flip,
b03core,base,exact_fifo@rho1.2,rep1_base_exact_fifo@rho1.2_b03core,1,exact_fifo,1.2,42,upsert,L0050,B_no_decision_flip,
b03core,base,exact_fifo@rho1.2,rep1_base_exact_fifo@rho1.2_b03core,1,exact_fifo,1.2,43,upsert,L0033,B_no_decision_flip,
b03core,base,exact_fifo@rho1.2,rep1_base_exact_fifo@rho1.2_b03core,1,exact_fifo,1.2,44,upsert,L0027,B_no_decision_flip,
b03core,base,exact_fifo@rho1.2,rep1_base_exact_fifo@rho1.2_b03core,1,exact_fifo,1.2,45,upsert,L0035,B_no_decision_flip,
b03core,base,exact_fifo@rho1.2,rep1_base_exact_fifo@rho1.2_b03core,1,exact_fifo,1.2,46,upsert,L0025,B_no_decision_flip,
b03core,base,exact_fifo@rho1.2,rep1_base_exact_fifo@rho1.2_b03core,1,exact_fifo,1.2,47,upsert,L0034,B_no_decision_flip,
b03core,base,exact_fifo@rho1.2,rep1_base_exact_fifo@rho1.2_b03core,1,exact_fifo,1.2,48,upsert,L0039,B_no_decision_flip,
b03core,base,exact_fifo@rho1.2,rep1_base_exact_fifo@rho1.2_b03core,1,exact_fifo,1.2,49,upsert,L0013,B_no_decision_flip,
b03core,base,exact_fifo@rho1.2,rep1_base_exact_fifo@rho1.2_b03core,1,exact_fifo,1.2,50,upsert,L0000,B_no_decision_flip,
b03core,base,exact_fifo@rho1.2,rep1_base_exact_fifo@rho1.2_b03core,1,exact_fifo,1.2,51,upsert,L0000,B_no_decision_flip,
b03core,base,exact_fifo@rho1.2,rep1_base_exact_fifo@rho1.2_b03core,1,exact_fifo,1.2,52,upsert,L0014,B_no_decision_flip,
b03core,base,exact_fifo@rho1.2,rep1_base_exact_fifo@rho1.2_b03core,1,exact_fifo,1.2,53,upsert,L0006,B_no_decision_flip,
b03core,base,exact_fifo@rho1.2,rep1_base_exact_fifo@rho1.2_b03core,1,exact_fifo,1.2,54,upsert,L0024,B_no_decision_flip,
b03core,base,exact_fifo@rho1.2,rep1_base_exact_fifo@rho1.2_b03core,1,exact_fifo,1.2,55,upsert,L0022,B_no_decision_flip,
b03core,base,exact_fifo@rho1.2,rep1_base_exact_fifo@rho1.2_b03core,1,exact_fifo,1.2,56,upsert,L0001,B_no_decision_flip,
b03core,base,exact_fifo@rho1.2,rep1_base_exact_fifo@rho1.2_b03core,1,exact_fifo,1.2,57,upsert,L0022,B_no_decision_flip,
b03core,base,exact_fifo@rho1.2,rep1_base_exact_fifo@rho1.2_b03core,1,exact_fifo,1.2,58,upsert,L0021,B_no_decision_flip,
b03core,base,exact_fifo@rho1.2,rep1_base_exact_fifo@rho1.2_b03core,1,exact_fifo,1.2,59,upsert,L0013,B_no_decision_flip,
b03core,base,exact_fifo@rho1.2,rep1_base_exact_fifo@rho1.2_b03core,1,exact_fifo,1.2,60,upsert,L0052,B_no_decision_flip,
b03core,base,agg_static@rho0.5,rep1_base_agg_static@rho0.5_b03core,1,agg_static,0.5,1,upsert,L0007,B_no_decision_flip,0.0
b03core,base,agg_static@rho0.5,rep1_base_agg_static@rho0.5_b03core,1,agg_static,0.5,2,upsert,L0059,B_no_decision_flip,
b03core,base,agg_static@rho0.5,rep1_base_agg_static@rho0.5_b03core,1,agg_static,0.5,5,upsert,L0021,D_meaningful_value_flip,38.96
b03core,base,agg_static@rho0.5,rep1_base_agg_static@rho0.5_b03core,1,agg_static,0.5,7,upsert,L0001,B_no_decision_flip,0.0
b03core,base,agg_static@rho0.5,rep1_base_agg_static@rho0.5_b03core,1,agg_static,0.5,12,upsert,L0022,D_meaningful_value_flip,38.96
b03core,base,agg_static@rho0.5,rep1_base_agg_static@rho0.5_b03core,1,agg_static,0.5,14,upsert,L0004,B_no_decision_flip,
b03core,base,agg_static@rho0.5,rep1_base_agg_static@rho0.5_b03core,1,agg_static,0.5,15,upsert,L0001,D_meaningful_value_flip,10.24
b03core,base,agg_static@rho0.5,rep1_base_agg_static@rho0.5_b03core,1,agg_static,0.5,16,upsert,L0029,B_no_decision_flip,
b03core,base,agg_static@rho0.5,rep1_base_agg_static@rho0.5_b03core,1,agg_static,0.5,17,upsert,L0007,D_meaningful_value_flip,10.24
b03core,base,agg_static@rho0.5,rep1_base_agg_static@rho0.5_b03core,1,agg_static,0.5,18,upsert,L0013,B_no_decision_flip,0.0
b03core,base,agg_static@rho0.5,rep1_base_agg_static@rho0.5_b03core,1,agg_static,0.5,19,upsert,L0017,B_no_decision_flip,
b03core,base,agg_static@rho0.5,rep1_base_agg_static@rho0.5_b03core,1,agg_static,0.5,21,upsert,L0053,B_no_decision_flip,
b03core,base,agg_static@rho0.5,rep1_base_agg_static@rho0.5_b03core,1,agg_static,0.5,24,upsert,L0042,B_no_decision_flip,
b03core,base,agg_static@rho0.5,rep1_base_agg_static@rho0.5_b03core,1,agg_static,0.5,25,upsert,L0026,B_no_decision_flip,
b03core,base,agg_static@rho0.5,rep1_base_agg_static@rho0.5_b03core,1,agg_static,0.5,26,upsert,L0005,B_no_decision_flip,
b03core,base,agg_static@rho0.5,rep1_base_agg_static@rho0.5_b03core,1,agg_static,0.5,28,upsert,L0034,D_meaningful_value_flip,49.2
b03core,base,agg_static@rho0.5,rep1_base_agg_static@rho0.5_b03core,1,agg_static,0.5,29,upsert,L0002,B_no_decision_flip,
b03core,base,agg_static@rho0.5,rep1_base_agg_static@rho0.5_b03core,1,agg_static,0.5,31,upsert,L0018,B_no_decision_flip,
b03core,base,agg_static@rho0.5,rep1_base_agg_static@rho0.5_b03core,1,agg_static,0.5,32,upsert,L0005,B_no_decision_flip,
b03core,base,agg_static@rho0.5,rep1_base_agg_static@rho0.5_b03core,1,agg_static,0.5,33,upsert,L0042,B_no_decision_flip,
b03core,base,agg_static@rho0.5,rep1_base_agg_static@rho0.5_b03core,1,agg_static,0.5,34,upsert,L0006,D_meaningful_value_flip,40.96
b03core,base,agg_static@rho0.5,rep1_base_agg_static@rho0.5_b03core,1,agg_static,0.5,35,upsert,L0055,B_no_decision_flip,
b03core,base,agg_static@rho0.5,rep1_base_agg_static@rho0.5_b03core,1,agg_static,0.5,36,upsert,L0000,B_no_decision_flip,
b03core,base,agg_static@rho0.5,rep1_base_agg_static@rho0.5_b03core,1,agg_static,0.5,37,upsert,L0009,B_no_decision_flip,
b03core,base,agg_static@rho0.5,rep1_base_agg_static@rho0.5_b03core,1,agg_static,0.5,38,upsert,L0047,B_no_decision_flip,
b03core,base,agg_static@rho0.5,rep1_base_agg_static@rho0.5_b03core,1,agg_static,0.5,39,upsert,L0033,B_no_decision_flip,
b03core,base,agg_static@rho0.5,rep1_base_agg_static@rho0.5_b03core,1,agg_static,0.5,40,upsert,L0001,B_no_decision_flip,
b03core,base,agg_static@rho0.5,rep1_base_agg_static@rho0.5_b03core,1,agg_static,0.5,41,upsert,L0001,B_no_decision_flip,
b03core,base,agg_static@rho0.5,rep1_base_agg_static@rho0.5_b03core,1,agg_static,0.5,42,upsert,L0050,B_no_decision_flip,
b03core,base,agg_static@rho0.5,rep1_base_agg_static@rho0.5_b03core,1,agg_static,0.5,43,upsert,L0033,B_no_decision_flip,
b03core,base,agg_static@rho0.5,rep1_base_agg_static@rho0.5_b03core,1,agg_static,0.5,44,upsert,L0027,B_no_decision_flip,
b03core,base,agg_static@rho0.5,rep1_base_agg_static@rho0.5_b03core,1,agg_static,0.5,45,upsert,L0035,B_no_decision_flip,
b03core,base,agg_static@rho0.5,rep1_base_agg_static@rho0.5_b03core,1,agg_static,0.5,46,upsert,L0025,B_no_decision_flip,
b03core,base,agg_static@rho0.5,rep1_base_agg_static@rho0.5_b03core,1,agg_static,0.5,47,upsert,L0034,B_no_decision_flip,
b03core,base,agg_static@rho0.5,rep1_base_agg_static@rho0.5_b03core,1,agg_static,0.5,48,upsert,L0039,B_no_decision_flip,
b03core,base,agg_static@rho0.5,rep1_base_agg_static@rho0.5_b03core,1,agg_static,0.5,49,upsert,L0013,B_no_decision_flip,
b03core,base,agg_static@rho0.5,rep1_base_agg_static@rho0.5_b03core,1,agg_static,0.5,50,upsert,L0000,B_no_decision_flip,
b03core,base,agg_static@rho0.5,rep1_base_agg_static@rho0.5_b03core,1,agg_static,0.5,51,upsert,L0000,B_no_decision_flip,
b03core,base,agg_static@rho0.5,rep1_base_agg_static@rho0.5_b03core,1,agg_static,0.5,52,upsert,L0014,B_no_decision_flip,
b03core,base,agg_static@rho0.5,rep1_base_agg_static@rho0.5_b03core,1,agg_static,0.5,53,upsert,L0006,B_no_decision_flip,
b03core,base,agg_static@rho0.5,rep1_base_agg_static@rho0.5_b03core,1,agg_static,0.5,54,upsert,L0024,B_no_decision_flip,
b03core,base,agg_static@rho0.5,rep1_base_agg_static@rho0.5_b03core,1,agg_static,0.5,55,upsert,L0022,B_no_decision_flip,
b03core,base,agg_static@rho0.5,rep1_base_agg_static@rho0.5_b03core,1,agg_static,0.5,56,upsert,L0001,B_no_decision_flip,
b03core,base,agg_static@rho0.5,rep1_base_agg_static@rho0.5_b03core,1,agg_static,0.5,57,upsert,L0022,B_no_decision_flip,
b03core,base,agg_static@rho0.5,rep1_base_agg_static@rho0.5_b03core,1,agg_static,0.5,58,upsert,L0021,B_no_decision_flip,
b03core,base,agg_static@rho0.5,rep1_base_agg_static@rho0.5_b03core,1,agg_static,0.5,59,upsert,L0013,B_no_decision_flip,
b03core,base,agg_static@rho0.5,rep1_base_agg_static@rho0.5_b03core,1,agg_static,0.5,60,upsert,L0052,B_no_decision_flip,
b03core,base,agg_static@rho0.5,rep1_base_agg_static@rho0.5_b03core,1,agg_static,0.5,61,upsert,L0021,B_no_decision_flip,
b03core,base,agg_static@rho0.5,rep1_base_agg_static@rho0.5_b03core,1,agg_static,0.5,62,upsert,L0040,B_no_decision_flip,
b03core,base,agg_static@rho0.5,rep1_base_agg_static@rho0.5_b03core,1,agg_static,0.5,63,upsert,L0007,B_no_decision_flip,
b03core,base,agg_static@rho0.5,rep1_base_agg_static@rho0.5_b03core,1,agg_static,0.5,64,upsert,L0070,B_no_decision_flip,0.0
b03core,base,agg_static@rho0.5,rep1_base_agg_static@rho0.5_b03core,1,agg_static,0.5,65,upsert,L0077,B_no_decision_flip,
b03core,base,agg_static@rho0.5,rep1_base_agg_static@rho0.5_b03core,1,agg_static,0.5,66,upsert,L0086,B_no_decision_flip,
b03core,base,agg_static@rho0.5,rep1_base_agg_static@rho0.5_b03core,1,agg_static,0.5,67,upsert,L0095,B_no_decision_flip,
b03core,base,agg_static@rho0.5,rep1_base_agg_static@rho0.5_b03core,1,agg_static,0.5,68,upsert,L0125,B_no_decision_flip,
b03core,base,agg_static@rho0.5,rep1_base_agg_static@rho0.5_b03core,1,agg_static,0.5,69,upsert,L0069,D_meaningful_value_flip,38.96
b03core,base,agg_static@rho0.5,rep1_base_agg_static@rho0.5_b03core,1,agg_static,0.5,70,upsert,L0068,B_no_decision_flip,0.0
b03core,base,agg_static@rho0.5,rep1_base_agg_static@rho0.5_b03core,1,agg_static,0.5,71,upsert,L0109,D_meaningful_value_flip,38.96
b03core,base,agg_static@rho0.5,rep1_base_agg_static@rho0.5_b03core,1,agg_static,0.5,72,upsert,L0106,B_no_decision_flip,
b03core,base,agg_static@rho0.5,rep1_base_agg_static@rho0.5_b03core,1,agg_static,0.5,73,upsert,L0077,B_no_decision_flip,
b03core,base,agg_static@rho0.5,rep1_base_agg_static@rho0.5_b03core,1,agg_static,0.5,74,upsert,L0070,D_meaningful_value_flip,10.24
b03core,base,agg_static@rho0.5,rep1_base_agg_static@rho0.5_b03core,1,agg_static,0.5,75,upsert,L0064,B_no_decision_flip,0.0
b03core,base,agg_static@rho0.5,rep1_base_agg_static@rho0.5_b03core,1,agg_static,0.5,76,upsert,L0099,B_no_decision_flip,0.0
b03core,base,agg_static@rho0.5,rep1_base_agg_static@rho0.5_b03core,1,agg_static,0.5,77,upsert,L0122,B_no_decision_flip,
b03core,base,agg_static@rho0.5,rep1_base_agg_static@rho0.5_b03core,1,agg_static,0.5,78,upsert,L0090,B_no_decision_flip,
b03core,base,agg_static@rho0.5,rep1_base_agg_static@rho0.5_b03core,1,agg_static,0.5,79,upsert,L0093,B_no_decision_flip,
b03core,base,agg_static@rho0.5,rep1_base_agg_static@rho0.5_b03core,1,agg_static,0.5,80,upsert,L0076,D_meaningful_value_flip,38.96
b03core,base,agg_static@rho0.5,rep1_base_agg_static@rho0.5_b03core,1,agg_static,0.5,81,upsert,L0072,D_meaningful_value_flip,40.96
b03core,base,agg_static@rho0.5,rep1_base_agg_static@rho0.5_b03core,1,agg_static,0.5,82,upsert,L0096,D_meaningful_value_flip,40.96
b03core,base,agg_static@rho0.5,rep1_base_agg_static@rho0.5_b03core,1,agg_static,0.5,83,upsert,L0069,B_no_decision_flip,
b03core,base,agg_static@rho0.5,rep1_base_agg_static@rho0.5_b03core,1,agg_static,0.5,84,upsert,L0085,B_no_decision_flip,
b03core,base,agg_static@rho0.5,rep1_base_agg_static@rho0.5_b03core,1,agg_static,0.5,85,upsert,L0078,B_no_decision_flip,
b03core,base,agg_static@rho0.5,rep1_base_agg_static@rho0.5_b03core,1,agg_static,0.5,86,upsert,L0085,B_no_decision_flip,
b03core,base,agg_static@rho0.5,rep1_base_agg_static@rho0.5_b03core,1,agg_static,0.5,87,upsert,L0116,D_meaningful_value_flip,40.96
b03core,base,agg_static@rho0.5,rep1_base_agg_static@rho0.5_b03core,1,agg_static,0.5,88,upsert,L0118,B_no_decision_flip,
b03core,base,agg_static@rho0.5,rep1_base_agg_static@rho0.5_b03core,1,agg_static,0.5,89,upsert,L0071,B_no_decision_flip,
b03core,base,agg_static@rho0.5,rep1_base_agg_static@rho0.5_b03core,1,agg_static,0.5,90,upsert,L0070,B_no_decision_flip,10.24
b03core,base,agg_static@rho0.5,rep1_base_agg_static@rho0.5_b03core,1,agg_static,0.5,91,upsert,L0064,B_no_decision_flip,10.24
b03core,base,agg_static@rho0.5,rep1_base_agg_static@rho0.5_b03core,1,agg_static,0.5,92,upsert,L0116,B_no_decision_flip,
b03core,base,agg_static@rho0.5,rep1_base_agg_static@rho0.5_b03core,1,agg_static,0.5,93,upsert,L0072,B_no_decision_flip,10.24
b03core,base,agg_static@rho0.5,rep1_base_agg_static@rho0.5_b03core,1,agg_static,0.5,94,upsert,L0066,D_meaningful_value_flip,38.96
b03core,base,agg_static@rho0.5,rep1_base_agg_static@rho0.5_b03core,1,agg_static,0.5,95,upsert,L0120,B_no_decision_flip,0.0
b03core,base,agg_static@rho0.5,rep1_base_agg_static@rho0.5_b03core,1,agg_static,0.5,96,upsert,L0120,D_meaningful_value_flip,10.24
b03core,base,agg_static@rho0.5,rep1_base_agg_static@rho0.5_b03core,1,agg_static,0.5,97,upsert,L0099,B_no_decision_flip,
b03core,base,agg_static@rho0.5,rep1_base_agg_static@rho0.5_b03core,1,agg_static,0.5,98,upsert,L0076,B_no_decision_flip,
b03core,base,agg_static@rho0.5,rep1_base_agg_static@rho0.5_b03core,1,agg_static,0.5,99,upsert,L0064,B_no_decision_flip,10.24
b03core,base,agg_static@rho0.5,rep1_base_agg_static@rho0.5_b03core,1,agg_static,0.5,100,upsert,L0072,B_no_decision_flip,
b03core,base,agg_static@rho0.5,rep1_base_agg_static@rho0.5_b03core,1,agg_static,0.5,101,upsert,L0096,B_no_decision_flip,
b03core,base,agg_static@rho0.5,rep1_base_agg_static@rho0.5_b03core,1,agg_static,0.5,102,upsert,L0092,B_no_decision_flip,
b03core,base,agg_static@rho0.5,rep1_base_agg_static@rho0.5_b03core,1,agg_static,0.5,103,upsert,L0102,B_no_decision_flip,
b03core,base,agg_static@rho0.5,rep1_base_agg_static@rho0.5_b03core,1,agg_static,0.5,104,upsert,L0068,B_no_decision_flip,0.0
b03core,base,agg_static@rho0.5,rep1_base_agg_static@rho0.5_b03core,1,agg_static,0.5,105,upsert,L0102,B_no_decision_flip,
b03core,base,agg_static@rho0.5,rep1_base_agg_static@rho0.5_b03core,1,agg_static,0.5,106,upsert,L0087,B_no_decision_flip,
b03core,base,agg_static@rho0.5,rep1_base_agg_static@rho0.5_b03core,1,agg_static,0.5,107,upsert,L0083,B_no_decision_flip,
b03core,base,agg_static@rho0.5,rep1_base_agg_static@rho0.5_b03core,1,agg_static,0.5,108,upsert,L0079,B_no_decision_flip,
b03core,base,agg_static@rho0.5,rep1_base_agg_static@rho0.5_b03core,1,agg_static,0.5,109,upsert,L0121,B_no_decision_flip,
b03core,base,agg_static@rho0.5,rep1_base_agg_static@rho0.5_b03core,1,agg_static,0.5,110,upsert,L0120,B_no_decision_flip,
b03core,base,agg_static@rho0.5,rep1_base_agg_static@rho0.5_b03core,1,agg_static,0.5,111,upsert,L0068,B_no_decision_flip,10.24
b03core,base,agg_static@rho0.5,rep1_base_agg_static@rho0.5_b03core,1,agg_static,0.5,112,upsert,L0080,B_no_decision_flip,
b03core,base,agg_static@rho0.5,rep1_base_agg_static@rho0.5_b03core,1,agg_static,0.5,113,upsert,L0064,B_no_decision_flip,0.0
b03core,base,agg_static@rho0.5,rep1_base_agg_static@rho0.5_b03core,1,agg_static,0.5,114,upsert,L0066,B_no_decision_flip,10.24
b03core,base,agg_static@rho0.5,rep1_base_agg_static@rho0.5_b03core,1,agg_static,0.5,115,upsert,L0064,B_no_decision_flip,0.0
b03core,base,agg_static@rho0.5,rep1_base_agg_static@rho0.5_b03core,1,agg_static,0.5,116,upsert,L0067,B_no_decision_flip,
b03core,base,agg_static@rho0.5,rep1_base_agg_static@rho0.5_b03core,1,agg_static,0.5,117,upsert,L0074,B_no_decision_flip,
b03core,base,agg_static@rho0.5,rep1_base_agg_static@rho0.5_b03core,1,agg_static,0.5,118,upsert,L0066,B_no_decision_flip,10.24
b03core,base,agg_static@rho0.5,rep1_base_agg_static@rho0.5_b03core,1,agg_static,0.5,119,upsert,L0109,B_no_decision_flip,
b03core,base,agg_static@rho0.5,rep1_base_agg_static@rho0.5_b03core,1,agg_static,0.5,120,upsert,L0070,B_no_decision_flip,
b03core,base,agg_static@rho0.5,rep1_base_agg_static@rho0.5_b03core,1,agg_static,0.5,121,upsert,L0068,B_no_decision_flip,
b03core,base,agg_static@rho0.5,rep1_base_agg_static@rho0.5_b03core,1,agg_static,0.5,122,upsert,L0066,B_no_decision_flip,
b03core,base,agg_static@rho0.5,rep1_base_agg_static@rho0.5_b03core,1,agg_static,0.5,123,upsert,L0100,B_no_decision_flip,
b03core,base,agg_static@rho0.5,rep1_base_agg_static@rho0.5_b03core,1,agg_static,0.5,124,upsert,L0089,B_no_decision_flip,
b03core,base,agg_static@rho0.5,rep1_base_agg_static@rho0.5_b03core,1,agg_static,0.5,125,upsert,L0064,B_no_decision_flip,
b03core,base,agg_static@rho0.5,rep1_base_agg_static@rho0.5_b03core,1,agg_static,0.5,126,upsert,L0066,B_no_decision_flip,
b03core,base,agg_static@rho0.5,rep1_base_agg_static@rho0.5_b03core,1,agg_static,0.5,127,upsert,L0113,B_no_decision_flip,
b03core,base,exact_fifo@rho0.5,rep1_base_exact_fifo@rho0.5_b03core,1,exact_fifo,0.5,0,upsert,L0012,B_no_decision_flip,
b03core,base,exact_fifo@rho0.5,rep1_base_exact_fifo@rho0.5_b03core,1,exact_fifo,0.5,1,upsert,L0007,B_no_decision_flip,0.0
b03core,base,exact_fifo@rho0.5,rep1_base_exact_fifo@rho0.5_b03core,1,exact_fifo,0.5,2,upsert,L0059,B_no_decision_flip,
b03core,base,exact_fifo@rho0.5,rep1_base_exact_fifo@rho0.5_b03core,1,exact_fifo,0.5,3,upsert,L0016,B_no_decision_flip,
b03core,base,exact_fifo@rho0.5,rep1_base_exact_fifo@rho0.5_b03core,1,exact_fifo,0.5,4,upsert,L0029,B_no_decision_flip,
b03core,base,exact_fifo@rho0.5,rep1_base_exact_fifo@rho0.5_b03core,1,exact_fifo,0.5,5,upsert,L0021,D_meaningful_value_flip,40.96
b03core,base,exact_fifo@rho0.5,rep1_base_exact_fifo@rho0.5_b03core,1,exact_fifo,0.5,6,upsert,L0004,B_no_decision_flip,
b03core,base,exact_fifo@rho0.5,rep1_base_exact_fifo@rho0.5_b03core,1,exact_fifo,0.5,7,upsert,L0001,B_no_decision_flip,0.0
b03core,base,exact_fifo@rho0.5,rep1_base_exact_fifo@rho0.5_b03core,1,exact_fifo,0.5,8,upsert,L0063,B_no_decision_flip,
b03core,base,exact_fifo@rho0.5,rep1_base_exact_fifo@rho0.5_b03core,1,exact_fifo,0.5,9,upsert,L0041,B_no_decision_flip,
b03core,base,exact_fifo@rho0.5,rep1_base_exact_fifo@rho0.5_b03core,1,exact_fifo,0.5,10,upsert,L0023,B_no_decision_flip,
b03core,base,exact_fifo@rho0.5,rep1_base_exact_fifo@rho0.5_b03core,1,exact_fifo,0.5,11,upsert,L0046,B_no_decision_flip,
b03core,base,exact_fifo@rho0.5,rep1_base_exact_fifo@rho0.5_b03core,1,exact_fifo,0.5,12,upsert,L0022,D_meaningful_value_flip,38.96
b03core,base,exact_fifo@rho0.5,rep1_base_exact_fifo@rho0.5_b03core,1,exact_fifo,0.5,13,upsert,L0019,B_no_decision_flip,
b03core,base,exact_fifo@rho0.5,rep1_base_exact_fifo@rho0.5_b03core,1,exact_fifo,0.5,14,upsert,L0004,B_no_decision_flip,
b03core,base,exact_fifo@rho0.5,rep1_base_exact_fifo@rho0.5_b03core,1,exact_fifo,0.5,15,upsert,L0001,B_no_decision_flip,10.24
b03core,base,exact_fifo@rho0.5,rep1_base_exact_fifo@rho0.5_b03core,1,exact_fifo,0.5,16,upsert,L0029,B_no_decision_flip,
b03core,base,exact_fifo@rho0.5,rep1_base_exact_fifo@rho0.5_b03core,1,exact_fifo,0.5,17,upsert,L0007,B_no_decision_flip,10.24
b03core,base,exact_fifo@rho0.5,rep1_base_exact_fifo@rho0.5_b03core,1,exact_fifo,0.5,18,upsert,L0013,D_meaningful_value_flip,40.96
b03core,base,exact_fifo@rho0.5,rep1_base_exact_fifo@rho0.5_b03core,1,exact_fifo,0.5,19,upsert,L0017,B_no_decision_flip,
b03core,base,exact_fifo@rho0.5,rep1_base_exact_fifo@rho0.5_b03core,1,exact_fifo,0.5,20,upsert,L0024,B_no_decision_flip,0.0
b03core,base,exact_fifo@rho0.5,rep1_base_exact_fifo@rho0.5_b03core,1,exact_fifo,0.5,21,upsert,L0053,B_no_decision_flip,
b03core,base,exact_fifo@rho0.5,rep1_base_exact_fifo@rho0.5_b03core,1,exact_fifo,0.5,22,upsert,L0033,D_meaningful_value_flip,38.96
b03core,base,exact_fifo@rho0.5,rep1_base_exact_fifo@rho0.5_b03core,1,exact_fifo,0.5,23,upsert,L0034,B_no_decision_flip,0.0
b03core,base,exact_fifo@rho0.5,rep1_base_exact_fifo@rho0.5_b03core,1,exact_fifo,0.5,24,upsert,L0042,D_meaningful_value_flip,40.96
b03core,base,exact_fifo@rho0.5,rep1_base_exact_fifo@rho0.5_b03core,1,exact_fifo,0.5,25,upsert,L0026,B_no_decision_flip,
b03core,base,exact_fifo@rho0.5,rep1_base_exact_fifo@rho0.5_b03core,1,exact_fifo,0.5,26,upsert,L0005,D_meaningful_value_flip,40.96
b03core,base,exact_fifo@rho0.5,rep1_base_exact_fifo@rho0.5_b03core,1,exact_fifo,0.5,27,upsert,L0000,B_no_decision_flip,0.0
b03core,base,exact_fifo@rho0.5,rep1_base_exact_fifo@rho0.5_b03core,1,exact_fifo,0.5,28,upsert,L0034,C_low_value_flip,2.0
b03core,base,exact_fifo@rho0.5,rep1_base_exact_fifo@rho0.5_b03core,1,exact_fifo,0.5,29,upsert,L0002,B_no_decision_flip,
b03core,base,exact_fifo@rho0.5,rep1_base_exact_fifo@rho0.5_b03core,1,exact_fifo,0.5,30,upsert,L0011,B_no_decision_flip,
b03core,base,exact_fifo@rho0.5,rep1_base_exact_fifo@rho0.5_b03core,1,exact_fifo,0.5,31,upsert,L0018,B_no_decision_flip,
b03core,base,exact_fifo@rho0.5,rep1_base_exact_fifo@rho0.5_b03core,1,exact_fifo,0.5,32,upsert,L0005,B_no_decision_flip,
b03core,base,exact_fifo@rho0.5,rep1_base_exact_fifo@rho0.5_b03core,1,exact_fifo,0.5,33,upsert,L0042,B_no_decision_flip,
b03core,base,exact_fifo@rho0.5,rep1_base_exact_fifo@rho0.5_b03core,1,exact_fifo,0.5,34,upsert,L0006,B_no_decision_flip,0.0
b03core,base,exact_fifo@rho0.5,rep1_base_exact_fifo@rho0.5_b03core,1,exact_fifo,0.5,35,upsert,L0055,B_no_decision_flip,
b03core,base,exact_fifo@rho0.5,rep1_base_exact_fifo@rho0.5_b03core,1,exact_fifo,0.5,36,upsert,L0000,B_no_decision_flip,10.24
b03core,base,exact_fifo@rho0.5,rep1_base_exact_fifo@rho0.5_b03core,1,exact_fifo,0.5,37,upsert,L0009,B_no_decision_flip,
b03core,base,exact_fifo@rho0.5,rep1_base_exact_fifo@rho0.5_b03core,1,exact_fifo,0.5,38,upsert,L0047,B_no_decision_flip,
b03core,base,exact_fifo@rho0.5,rep1_base_exact_fifo@rho0.5_b03core,1,exact_fifo,0.5,39,upsert,L0033,B_no_decision_flip,
b03core,base,exact_fifo@rho0.5,rep1_base_exact_fifo@rho0.5_b03core,1,exact_fifo,0.5,40,upsert,L0001,B_no_decision_flip,0.0
b03core,base,exact_fifo@rho0.5,rep1_base_exact_fifo@rho0.5_b03core,1,exact_fifo,0.5,41,upsert,L0001,B_no_decision_flip,0.0
b03core,base,exact_fifo@rho0.5,rep1_base_exact_fifo@rho0.5_b03core,1,exact_fifo,0.5,42,upsert,L0050,B_no_decision_flip,
b03core,base,exact_fifo@rho0.5,rep1_base_exact_fifo@rho0.5_b03core,1,exact_fifo,0.5,43,upsert,L0033,B_no_decision_flip,
b03core,base,exact_fifo@rho0.5,rep1_base_exact_fifo@rho0.5_b03core,1,exact_fifo,0.5,44,upsert,L0027,B_no_decision_flip,
b03core,base,exact_fifo@rho0.5,rep1_base_exact_fifo@rho0.5_b03core,1,exact_fifo,0.5,45,upsert,L0035,B_no_decision_flip,
b03core,base,exact_fifo@rho0.5,rep1_base_exact_fifo@rho0.5_b03core,1,exact_fifo,0.5,46,upsert,L0025,B_no_decision_flip,
b03core,base,exact_fifo@rho0.5,rep1_base_exact_fifo@rho0.5_b03core,1,exact_fifo,0.5,47,upsert,L0034,B_no_decision_flip,
b03core,base,exact_fifo@rho0.5,rep1_base_exact_fifo@rho0.5_b03core,1,exact_fifo,0.5,48,upsert,L0039,B_no_decision_flip,
b03core,base,exact_fifo@rho0.5,rep1_base_exact_fifo@rho0.5_b03core,1,exact_fifo,0.5,49,upsert,L0013,B_no_decision_flip,
b03core,base,exact_fifo@rho0.5,rep1_base_exact_fifo@rho0.5_b03core,1,exact_fifo,0.5,50,upsert,L0000,B_no_decision_flip,
b03core,base,exact_fifo@rho0.5,rep1_base_exact_fifo@rho0.5_b03core,1,exact_fifo,0.5,51,upsert,L0000,B_no_decision_flip,
b03core,base,exact_fifo@rho0.5,rep1_base_exact_fifo@rho0.5_b03core,1,exact_fifo,0.5,52,upsert,L0014,B_no_decision_flip,
b03core,base,exact_fifo@rho0.5,rep1_base_exact_fifo@rho0.5_b03core,1,exact_fifo,0.5,53,upsert,L0006,B_no_decision_flip,
b03core,base,exact_fifo@rho0.5,rep1_base_exact_fifo@rho0.5_b03core,1,exact_fifo,0.5,54,upsert,L0024,B_no_decision_flip,
b03core,base,exact_fifo@rho0.5,rep1_base_exact_fifo@rho0.5_b03core,1,exact_fifo,0.5,55,upsert,L0022,B_no_decision_flip,
b03core,base,exact_fifo@rho0.5,rep1_base_exact_fifo@rho0.5_b03core,1,exact_fifo,0.5,56,upsert,L0001,B_no_decision_flip,
b03core,base,exact_fifo@rho0.5,rep1_base_exact_fifo@rho0.5_b03core,1,exact_fifo,0.5,57,upsert,L0022,B_no_decision_flip,
b03core,base,exact_fifo@rho0.5,rep1_base_exact_fifo@rho0.5_b03core,1,exact_fifo,0.5,58,upsert,L0021,B_no_decision_flip,
b03core,base,exact_fifo@rho0.5,rep1_base_exact_fifo@rho0.5_b03core,1,exact_fifo,0.5,59,upsert,L0013,B_no_decision_flip,
b03core,base,exact_fifo@rho0.5,rep1_base_exact_fifo@rho0.5_b03core,1,exact_fifo,0.5,60,upsert,L0052,B_no_decision_flip,
b03core,base,exact_fifo@rho0.5,rep1_base_exact_fifo@rho0.5_b03core,1,exact_fifo,0.5,61,upsert,L0021,B_no_decision_flip,
b03core,base,exact_fifo@rho0.5,rep1_base_exact_fifo@rho0.5_b03core,1,exact_fifo,0.5,62,upsert,L0040,B_no_decision_flip,
b03core,base,exact_fifo@rho0.5,rep1_base_exact_fifo@rho0.5_b03core,1,exact_fifo,0.5,63,upsert,L0007,B_no_decision_flip,
b03core,base,exact_fifo@rho0.5,rep1_base_exact_fifo@rho0.5_b03core,1,exact_fifo,0.5,64,upsert,L0070,B_no_decision_flip,0.0
b03core,base,exact_fifo@rho0.5,rep1_base_exact_fifo@rho0.5_b03core,1,exact_fifo,0.5,65,upsert,L0077,B_no_decision_flip,
b03core,base,exact_fifo@rho0.5,rep1_base_exact_fifo@rho0.5_b03core,1,exact_fifo,0.5,66,upsert,L0086,B_no_decision_flip,
b03core,base,exact_fifo@rho0.5,rep1_base_exact_fifo@rho0.5_b03core,1,exact_fifo,0.5,67,upsert,L0095,B_no_decision_flip,
b03core,base,exact_fifo@rho0.5,rep1_base_exact_fifo@rho0.5_b03core,1,exact_fifo,0.5,68,upsert,L0125,B_no_decision_flip,
b03core,base,exact_fifo@rho0.5,rep1_base_exact_fifo@rho0.5_b03core,1,exact_fifo,0.5,69,upsert,L0069,B_no_decision_flip,
b03core,base,exact_fifo@rho0.5,rep1_base_exact_fifo@rho0.5_b03core,1,exact_fifo,0.5,70,upsert,L0068,D_meaningful_value_flip,40.96
b03core,base,exact_fifo@rho0.5,rep1_base_exact_fifo@rho0.5_b03core,1,exact_fifo,0.5,71,upsert,L0109,D_meaningful_value_flip,36.96
b03core,base,exact_fifo@rho0.5,rep1_base_exact_fifo@rho0.5_b03core,1,exact_fifo,0.5,72,upsert,L0106,B_no_decision_flip,
b03core,base,exact_fifo@rho0.5,rep1_base_exact_fifo@rho0.5_b03core,1,exact_fifo,0.5,73,upsert,L0077,B_no_decision_flip,
b03core,base,exact_fifo@rho0.5,rep1_base_exact_fifo@rho0.5_b03core,1,exact_fifo,0.5,74,upsert,L0070,C_low_value_flip,2.0
b03core,base,exact_fifo@rho0.5,rep1_base_exact_fifo@rho0.5_b03core,1,exact_fifo,0.5,75,upsert,L0064,D_meaningful_value_flip,38.96
b03core,base,exact_fifo@rho0.5,rep1_base_exact_fifo@rho0.5_b03core,1,exact_fifo,0.5,76,upsert,L0099,D_meaningful_value_flip,40.96
b03core,base,exact_fifo@rho0.5,rep1_base_exact_fifo@rho0.5_b03core,1,exact_fifo,0.5,77,upsert,L0122,B_no_decision_flip,
b03core,base,exact_fifo@rho0.5,rep1_base_exact_fifo@rho0.5_b03core,1,exact_fifo,0.5,78,upsert,L0090,B_no_decision_flip,
b03core,base,exact_fifo@rho0.5,rep1_base_exact_fifo@rho0.5_b03core,1,exact_fifo,0.5,79,upsert,L0093,B_no_decision_flip,
b03core,base,exact_fifo@rho0.5,rep1_base_exact_fifo@rho0.5_b03core,1,exact_fifo,0.5,80,upsert,L0076,D_meaningful_value_flip,38.96
b03core,base,exact_fifo@rho0.5,rep1_base_exact_fifo@rho0.5_b03core,1,exact_fifo,0.5,81,upsert,L0072,D_meaningful_value_flip,40.96
b03core,base,exact_fifo@rho0.5,rep1_base_exact_fifo@rho0.5_b03core,1,exact_fifo,0.5,82,upsert,L0096,D_meaningful_value_flip,40.96
b03core,base,exact_fifo@rho0.5,rep1_base_exact_fifo@rho0.5_b03core,1,exact_fifo,0.5,83,upsert,L0069,B_no_decision_flip,
b03core,base,exact_fifo@rho0.5,rep1_base_exact_fifo@rho0.5_b03core,1,exact_fifo,0.5,84,upsert,L0085,B_no_decision_flip,
b03core,base,exact_fifo@rho0.5,rep1_base_exact_fifo@rho0.5_b03core,1,exact_fifo,0.5,85,upsert,L0078,B_no_decision_flip,
b03core,base,exact_fifo@rho0.5,rep1_base_exact_fifo@rho0.5_b03core,1,exact_fifo,0.5,86,upsert,L0085,B_no_decision_flip,
b03core,base,exact_fifo@rho0.5,rep1_base_exact_fifo@rho0.5_b03core,1,exact_fifo,0.5,87,upsert,L0116,B_no_decision_flip,
b03core,base,exact_fifo@rho0.5,rep1_base_exact_fifo@rho0.5_b03core,1,exact_fifo,0.5,88,upsert,L0118,B_no_decision_flip,
b03core,base,exact_fifo@rho0.5,rep1_base_exact_fifo@rho0.5_b03core,1,exact_fifo,0.5,89,upsert,L0071,B_no_decision_flip,
b03core,base,exact_fifo@rho0.5,rep1_base_exact_fifo@rho0.5_b03core,1,exact_fifo,0.5,90,upsert,L0070,B_no_decision_flip,10.24
b03core,base,exact_fifo@rho0.5,rep1_base_exact_fifo@rho0.5_b03core,1,exact_fifo,0.5,91,upsert,L0064,B_no_decision_flip,0.0
b03core,base,exact_fifo@rho0.5,rep1_base_exact_fifo@rho0.5_b03core,1,exact_fifo,0.5,92,upsert,L0116,B_no_decision_flip,
b03core,base,exact_fifo@rho0.5,rep1_base_exact_fifo@rho0.5_b03core,1,exact_fifo,0.5,93,upsert,L0072,B_no_decision_flip,10.24
b03core,base,exact_fifo@rho0.5,rep1_base_exact_fifo@rho0.5_b03core,1,exact_fifo,0.5,94,upsert,L0066,D_meaningful_value_flip,36.96
b03core,base,exact_fifo@rho0.5,rep1_base_exact_fifo@rho0.5_b03core,1,exact_fifo,0.5,95,upsert,L0120,B_no_decision_flip,0.0
b03core,base,exact_fifo@rho0.5,rep1_base_exact_fifo@rho0.5_b03core,1,exact_fifo,0.5,96,upsert,L0120,C_low_value_flip,0.0
b03core,base,exact_fifo@rho0.5,rep1_base_exact_fifo@rho0.5_b03core,1,exact_fifo,0.5,97,upsert,L0099,B_no_decision_flip,
b03core,base,exact_fifo@rho0.5,rep1_base_exact_fifo@rho0.5_b03core,1,exact_fifo,0.5,98,upsert,L0076,B_no_decision_flip,
b03core,base,exact_fifo@rho0.5,rep1_base_exact_fifo@rho0.5_b03core,1,exact_fifo,0.5,99,upsert,L0064,B_no_decision_flip,10.24
b03core,base,exact_fifo@rho0.5,rep1_base_exact_fifo@rho0.5_b03core,1,exact_fifo,0.5,100,upsert,L0072,B_no_decision_flip,
b03core,base,exact_fifo@rho0.5,rep1_base_exact_fifo@rho0.5_b03core,1,exact_fifo,0.5,101,upsert,L0096,B_no_decision_flip,
b03core,base,exact_fifo@rho0.5,rep1_base_exact_fifo@rho0.5_b03core,1,exact_fifo,0.5,102,upsert,L0092,B_no_decision_flip,
b03core,base,exact_fifo@rho0.5,rep1_base_exact_fifo@rho0.5_b03core,1,exact_fifo,0.5,103,upsert,L0102,B_no_decision_flip,
b03core,base,exact_fifo@rho0.5,rep1_base_exact_fifo@rho0.5_b03core,1,exact_fifo,0.5,104,upsert,L0068,B_no_decision_flip,0.0
b03core,base,exact_fifo@rho0.5,rep1_base_exact_fifo@rho0.5_b03core,1,exact_fifo,0.5,105,upsert,L0102,B_no_decision_flip,
b03core,base,exact_fifo@rho0.5,rep1_base_exact_fifo@rho0.5_b03core,1,exact_fifo,0.5,106,upsert,L0087,B_no_decision_flip,
b03core,base,exact_fifo@rho0.5,rep1_base_exact_fifo@rho0.5_b03core,1,exact_fifo,0.5,107,upsert,L0083,B_no_decision_flip,
b03core,base,exact_fifo@rho0.5,rep1_base_exact_fifo@rho0.5_b03core,1,exact_fifo,0.5,108,upsert,L0079,B_no_decision_flip,
b03core,base,exact_fifo@rho0.5,rep1_base_exact_fifo@rho0.5_b03core,1,exact_fifo,0.5,109,upsert,L0121,B_no_decision_flip,
b03core,base,exact_fifo@rho0.5,rep1_base_exact_fifo@rho0.5_b03core,1,exact_fifo,0.5,110,upsert,L0120,B_no_decision_flip,
b03core,base,exact_fifo@rho0.5,rep1_base_exact_fifo@rho0.5_b03core,1,exact_fifo,0.5,111,upsert,L0068,B_no_decision_flip,10.24
b03core,base,exact_fifo@rho0.5,rep1_base_exact_fifo@rho0.5_b03core,1,exact_fifo,0.5,112,upsert,L0080,B_no_decision_flip,
b03core,base,exact_fifo@rho0.5,rep1_base_exact_fifo@rho0.5_b03core,1,exact_fifo,0.5,113,upsert,L0064,B_no_decision_flip,0.0
b03core,base,exact_fifo@rho0.5,rep1_base_exact_fifo@rho0.5_b03core,1,exact_fifo,0.5,114,upsert,L0066,B_no_decision_flip,10.24
b03core,base,exact_fifo@rho0.5,rep1_base_exact_fifo@rho0.5_b03core,1,exact_fifo,0.5,115,upsert,L0064,B_no_decision_flip,10.24
b03core,base,exact_fifo@rho0.5,rep1_base_exact_fifo@rho0.5_b03core,1,exact_fifo,0.5,116,upsert,L0067,B_no_decision_flip,
b03core,base,exact_fifo@rho0.5,rep1_base_exact_fifo@rho0.5_b03core,1,exact_fifo,0.5,117,upsert,L0074,B_no_decision_flip,
b03core,base,exact_fifo@rho0.5,rep1_base_exact_fifo@rho0.5_b03core,1,exact_fifo,0.5,118,upsert,L0066,B_no_decision_flip,10.24
b03core,base,exact_fifo@rho0.5,rep1_base_exact_fifo@rho0.5_b03core,1,exact_fifo,0.5,119,upsert,L0109,B_no_decision_flip,
b03core,base,exact_fifo@rho0.5,rep1_base_exact_fifo@rho0.5_b03core,1,exact_fifo,0.5,120,upsert,L0070,B_no_decision_flip,
b03core,base,exact_fifo@rho0.5,rep1_base_exact_fifo@rho0.5_b03core,1,exact_fifo,0.5,121,upsert,L0068,B_no_decision_flip,
b03core,base,exact_fifo@rho0.5,rep1_base_exact_fifo@rho0.5_b03core,1,exact_fifo,0.5,122,upsert,L0066,B_no_decision_flip,
b03core,base,exact_fifo@rho0.5,rep1_base_exact_fifo@rho0.5_b03core,1,exact_fifo,0.5,123,upsert,L0100,B_no_decision_flip,
b03core,base,exact_fifo@rho0.5,rep1_base_exact_fifo@rho0.5_b03core,1,exact_fifo,0.5,124,upsert,L0089,B_no_decision_flip,
b03core,base,exact_fifo@rho0.5,rep1_base_exact_fifo@rho0.5_b03core,1,exact_fifo,0.5,125,upsert,L0064,B_no_decision_flip,
b03core,base,exact_fifo@rho0.5,rep1_base_exact_fifo@rho0.5_b03core,1,exact_fifo,0.5,126,upsert,L0066,B_no_decision_flip,
b03core,base,exact_fifo@rho0.5,rep1_base_exact_fifo@rho0.5_b03core,1,exact_fifo,0.5,127,upsert,L0113,B_no_decision_flip,
b03core,base,agg_static@rho0.8,rep1_base_agg_static@rho0.8_b03core,1,agg_static,0.8,0,upsert,L0012,B_no_decision_flip,
b03core,base,agg_static@rho0.8,rep1_base_agg_static@rho0.8_b03core,1,agg_static,0.8,1,upsert,L0007,B_no_decision_flip,0.0
b03core,base,agg_static@rho0.8,rep1_base_agg_static@rho0.8_b03core,1,agg_static,0.8,2,upsert,L0059,B_no_decision_flip,
b03core,base,agg_static@rho0.8,rep1_base_agg_static@rho0.8_b03core,1,agg_static,0.8,3,upsert,L0016,B_no_decision_flip,
b03core,base,agg_static@rho0.8,rep1_base_agg_static@rho0.8_b03core,1,agg_static,0.8,4,upsert,L0029,B_no_decision_flip,
b03core,base,agg_static@rho0.8,rep1_base_agg_static@rho0.8_b03core,1,agg_static,0.8,5,upsert,L0021,B_no_decision_flip,0.0
b03core,base,agg_static@rho0.8,rep1_base_agg_static@rho0.8_b03core,1,agg_static,0.8,6,upsert,L0004,B_no_decision_flip,
b03core,base,agg_static@rho0.8,rep1_base_agg_static@rho0.8_b03core,1,agg_static,0.8,7,upsert,L0001,B_no_decision_flip,0.0
b03core,base,agg_static@rho0.8,rep1_base_agg_static@rho0.8_b03core,1,agg_static,0.8,8,upsert,L0063,B_no_decision_flip,
b03core,base,agg_static@rho0.8,rep1_base_agg_static@rho0.8_b03core,1,agg_static,0.8,9,upsert,L0041,B_no_decision_flip,
b03core,base,agg_static@rho0.8,rep1_base_agg_static@rho0.8_b03core,1,agg_static,0.8,10,upsert,L0023,B_no_decision_flip,
b03core,base,agg_static@rho0.8,rep1_base_agg_static@rho0.8_b03core,1,agg_static,0.8,11,upsert,L0046,B_no_decision_flip,
b03core,base,agg_static@rho0.8,rep1_base_agg_static@rho0.8_b03core,1,agg_static,0.8,12,upsert,L0022,D_meaningful_value_flip,36.96
b03core,base,agg_static@rho0.8,rep1_base_agg_static@rho0.8_b03core,1,agg_static,0.8,13,upsert,L0019,B_no_decision_flip,
b03core,base,agg_static@rho0.8,rep1_base_agg_static@rho0.8_b03core,1,agg_static,0.8,14,upsert,L0004,B_no_decision_flip,
b03core,base,agg_static@rho0.8,rep1_base_agg_static@rho0.8_b03core,1,agg_static,0.8,15,upsert,L0001,B_no_decision_flip,10.24
b03core,base,agg_static@rho0.8,rep1_base_agg_static@rho0.8_b03core,1,agg_static,0.8,16,upsert,L0029,B_no_decision_flip,
b03core,base,agg_static@rho0.8,rep1_base_agg_static@rho0.8_b03core,1,agg_static,0.8,17,upsert,L0007,B_no_decision_flip,0.0
b03core,base,agg_static@rho0.8,rep1_base_agg_static@rho0.8_b03core,1,agg_static,0.8,18,upsert,L0013,B_no_decision_flip,0.0
b03core,base,agg_static@rho0.8,rep1_base_agg_static@rho0.8_b03core,1,agg_static,0.8,19,upsert,L0017,B_no_decision_flip,
b03core,base,agg_static@rho0.8,rep1_base_agg_static@rho0.8_b03core,1,agg_static,0.8,20,upsert,L0024,D_meaningful_value_flip,38.96
b03core,base,agg_static@rho0.8,rep1_base_agg_static@rho0.8_b03core,1,agg_static,0.8,21,upsert,L0053,B_no_decision_flip,
b03core,base,agg_static@rho0.8,rep1_base_agg_static@rho0.8_b03core,1,agg_static,0.8,22,upsert,L0033,B_no_decision_flip,
b03core,base,agg_static@rho0.8,rep1_base_agg_static@rho0.8_b03core,1,agg_static,0.8,23,upsert,L0034,B_no_decision_flip,
b03core,base,agg_static@rho0.8,rep1_base_agg_static@rho0.8_b03core,1,agg_static,0.8,24,upsert,L0042,B_no_decision_flip,
b03core,base,agg_static@rho0.8,rep1_base_agg_static@rho0.8_b03core,1,agg_static,0.8,25,upsert,L0026,B_no_decision_flip,
b03core,base,agg_static@rho0.8,rep1_base_agg_static@rho0.8_b03core,1,agg_static,0.8,26,upsert,L0005,B_no_decision_flip,
b03core,base,agg_static@rho0.8,rep1_base_agg_static@rho0.8_b03core,1,agg_static,0.8,27,upsert,L0000,B_no_decision_flip,
b03core,base,agg_static@rho0.8,rep1_base_agg_static@rho0.8_b03core,1,agg_static,0.8,28,upsert,L0034,B_no_decision_flip,
b03core,base,agg_static@rho0.8,rep1_base_agg_static@rho0.8_b03core,1,agg_static,0.8,29,upsert,L0002,B_no_decision_flip,
b03core,base,agg_static@rho0.8,rep1_base_agg_static@rho0.8_b03core,1,agg_static,0.8,30,upsert,L0011,B_no_decision_flip,
b03core,base,agg_static@rho0.8,rep1_base_agg_static@rho0.8_b03core,1,agg_static,0.8,31,upsert,L0018,B_no_decision_flip,
b03core,base,agg_static@rho0.8,rep1_base_agg_static@rho0.8_b03core,1,agg_static,0.8,32,upsert,L0005,B_no_decision_flip,
b03core,base,agg_static@rho0.8,rep1_base_agg_static@rho0.8_b03core,1,agg_static,0.8,33,upsert,L0042,B_no_decision_flip,
b03core,base,agg_static@rho0.8,rep1_base_agg_static@rho0.8_b03core,1,agg_static,0.8,34,upsert,L0006,B_no_decision_flip,
b03core,base,agg_static@rho0.8,rep1_base_agg_static@rho0.8_b03core,1,agg_static,0.8,35,upsert,L0055,B_no_decision_flip,
b03core,base,agg_static@rho0.8,rep1_base_agg_static@rho0.8_b03core,1,agg_static,0.8,36,upsert,L0000,B_no_decision_flip,
b03core,base,agg_static@rho0.8,rep1_base_agg_static@rho0.8_b03core,1,agg_static,0.8,37,upsert,L0009,B_no_decision_flip,
b03core,base,agg_static@rho0.8,rep1_base_agg_static@rho0.8_b03core,1,agg_static,0.8,38,upsert,L0047,B_no_decision_flip,
b03core,base,agg_static@rho0.8,rep1_base_agg_static@rho0.8_b03core,1,agg_static,0.8,39,upsert,L0033,B_no_decision_flip,
b03core,base,agg_static@rho0.8,rep1_base_agg_static@rho0.8_b03core,1,agg_static,0.8,40,upsert,L0001,B_no_decision_flip,
b03core,base,agg_static@rho0.8,rep1_base_agg_static@rho0.8_b03core,1,agg_static,0.8,41,upsert,L0001,B_no_decision_flip,
b03core,base,agg_static@rho0.8,rep1_base_agg_static@rho0.8_b03core,1,agg_static,0.8,42,upsert,L0050,B_no_decision_flip,
b03core,base,agg_static@rho0.8,rep1_base_agg_static@rho0.8_b03core,1,agg_static,0.8,44,upsert,L0027,B_no_decision_flip,
b03core,base,agg_static@rho0.8,rep1_base_agg_static@rho0.8_b03core,1,agg_static,0.8,45,upsert,L0035,B_no_decision_flip,
b03core,base,agg_static@rho0.8,rep1_base_agg_static@rho0.8_b03core,1,agg_static,0.8,46,upsert,L0025,B_no_decision_flip,
b03core,base,agg_static@rho0.8,rep1_base_agg_static@rho0.8_b03core,1,agg_static,0.8,47,upsert,L0034,B_no_decision_flip,
b03core,base,agg_static@rho0.8,rep1_base_agg_static@rho0.8_b03core,1,agg_static,0.8,48,upsert,L0039,B_no_decision_flip,
b03core,base,agg_static@rho0.8,rep1_base_agg_static@rho0.8_b03core,1,agg_static,0.8,49,upsert,L0013,B_no_decision_flip,
b03core,base,agg_static@rho0.8,rep1_base_agg_static@rho0.8_b03core,1,agg_static,0.8,51,upsert,L0000,B_no_decision_flip,
b03core,base,agg_static@rho0.8,rep1_base_agg_static@rho0.8_b03core,1,agg_static,0.8,52,upsert,L0014,B_no_decision_flip,
b03core,base,agg_static@rho0.8,rep1_base_agg_static@rho0.8_b03core,1,agg_static,0.8,53,upsert,L0006,B_no_decision_flip,
b03core,base,agg_static@rho0.8,rep1_base_agg_static@rho0.8_b03core,1,agg_static,0.8,54,upsert,L0024,B_no_decision_flip,
b03core,base,agg_static@rho0.8,rep1_base_agg_static@rho0.8_b03core,1,agg_static,0.8,55,upsert,L0022,B_no_decision_flip,
b03core,base,agg_static@rho0.8,rep1_base_agg_static@rho0.8_b03core,1,agg_static,0.8,56,upsert,L0001,B_no_decision_flip,
b03core,base,agg_static@rho0.8,rep1_base_agg_static@rho0.8_b03core,1,agg_static,0.8,57,upsert,L0022,B_no_decision_flip,
b03core,base,agg_static@rho0.8,rep1_base_agg_static@rho0.8_b03core,1,agg_static,0.8,58,upsert,L0021,B_no_decision_flip,
b03core,base,agg_static@rho0.8,rep1_base_agg_static@rho0.8_b03core,1,agg_static,0.8,59,upsert,L0013,B_no_decision_flip,
b03core,base,agg_static@rho0.8,rep1_base_agg_static@rho0.8_b03core,1,agg_static,0.8,60,upsert,L0052,B_no_decision_flip,
b03core,base,agg_static@rho0.8,rep1_base_agg_static@rho0.8_b03core,1,agg_static,0.8,61,upsert,L0021,B_no_decision_flip,
b03core,base,agg_static@rho0.8,rep1_base_agg_static@rho0.8_b03core,1,agg_static,0.8,62,upsert,L0040,B_no_decision_flip,
b03core,base,agg_static@rho0.8,rep1_base_agg_static@rho0.8_b03core,1,agg_static,0.8,63,upsert,L0007,B_no_decision_flip,
b03core,base,agg_static@rho0.8,rep1_base_agg_static@rho0.8_b03core,1,agg_static,0.8,64,upsert,L0070,B_no_decision_flip,0.0
b03core,base,agg_static@rho0.8,rep1_base_agg_static@rho0.8_b03core,1,agg_static,0.8,65,upsert,L0077,B_no_decision_flip,
b03core,base,agg_static@rho0.8,rep1_base_agg_static@rho0.8_b03core,1,agg_static,0.8,66,upsert,L0086,B_no_decision_flip,
b03core,base,agg_static@rho0.8,rep1_base_agg_static@rho0.8_b03core,1,agg_static,0.8,67,upsert,L0095,B_no_decision_flip,
b03core,base,agg_static@rho0.8,rep1_base_agg_static@rho0.8_b03core,1,agg_static,0.8,68,upsert,L0125,B_no_decision_flip,
b03core,base,agg_static@rho0.8,rep1_base_agg_static@rho0.8_b03core,1,agg_static,0.8,69,upsert,L0069,B_no_decision_flip,
b03core,base,agg_static@rho0.8,rep1_base_agg_static@rho0.8_b03core,1,agg_static,0.8,70,upsert,L0068,D_meaningful_value_flip,38.96
b03core,base,agg_static@rho0.8,rep1_base_agg_static@rho0.8_b03core,1,agg_static,0.8,71,upsert,L0109,D_meaningful_value_flip,38.96
b03core,base,agg_static@rho0.8,rep1_base_agg_static@rho0.8_b03core,1,agg_static,0.8,72,upsert,L0106,B_no_decision_flip,
b03core,base,agg_static@rho0.8,rep1_base_agg_static@rho0.8_b03core,1,agg_static,0.8,73,upsert,L0077,B_no_decision_flip,
b03core,base,agg_static@rho0.8,rep1_base_agg_static@rho0.8_b03core,1,agg_static,0.8,74,upsert,L0070,D_meaningful_value_flip,10.24
b03core,base,agg_static@rho0.8,rep1_base_agg_static@rho0.8_b03core,1,agg_static,0.8,75,upsert,L0064,B_no_decision_flip,0.0
b03core,base,agg_static@rho0.8,rep1_base_agg_static@rho0.8_b03core,1,agg_static,0.8,76,upsert,L0099,B_no_decision_flip,
b03core,base,agg_static@rho0.8,rep1_base_agg_static@rho0.8_b03core,1,agg_static,0.8,77,upsert,L0122,B_no_decision_flip,
b03core,base,agg_static@rho0.8,rep1_base_agg_static@rho0.8_b03core,1,agg_static,0.8,78,upsert,L0090,B_no_decision_flip,
b03core,base,agg_static@rho0.8,rep1_base_agg_static@rho0.8_b03core,1,agg_static,0.8,79,upsert,L0093,B_no_decision_flip,
b03core,base,agg_static@rho0.8,rep1_base_agg_static@rho0.8_b03core,1,agg_static,0.8,80,upsert,L0076,B_no_decision_flip,
b03core,base,agg_static@rho0.8,rep1_base_agg_static@rho0.8_b03core,1,agg_static,0.8,81,upsert,L0072,B_no_decision_flip,
b03core,base,agg_static@rho0.8,rep1_base_agg_static@rho0.8_b03core,1,agg_static,0.8,82,upsert,L0096,B_no_decision_flip,
b03core,base,agg_static@rho0.8,rep1_base_agg_static@rho0.8_b03core,1,agg_static,0.8,83,upsert,L0069,B_no_decision_flip,
b03core,base,agg_static@rho0.8,rep1_base_agg_static@rho0.8_b03core,1,agg_static,0.8,84,upsert,L0085,B_no_decision_flip,
b03core,base,agg_static@rho0.8,rep1_base_agg_static@rho0.8_b03core,1,agg_static,0.8,85,upsert,L0078,B_no_decision_flip,
b03core,base,agg_static@rho0.8,rep1_base_agg_static@rho0.8_b03core,1,agg_static,0.8,86,upsert,L0085,B_no_decision_flip,
b03core,base,agg_static@rho0.8,rep1_base_agg_static@rho0.8_b03core,1,agg_static,0.8,87,upsert,L0116,B_no_decision_flip,
b03core,base,agg_static@rho0.8,rep1_base_agg_static@rho0.8_b03core,1,agg_static,0.8,88,upsert,L0118,B_no_decision_flip,
b03core,base,agg_static@rho0.8,rep1_base_agg_static@rho0.8_b03core,1,agg_static,0.8,89,upsert,L0071,B_no_decision_flip,
b03core,base,agg_static@rho0.8,rep1_base_agg_static@rho0.8_b03core,1,agg_static,0.8,91,upsert,L0064,B_no_decision_flip,0.0
b03core,base,agg_static@rho0.8,rep1_base_agg_static@rho0.8_b03core,1,agg_static,0.8,92,upsert,L0116,B_no_decision_flip,
b03core,base,agg_static@rho0.8,rep1_base_agg_static@rho0.8_b03core,1,agg_static,0.8,93,upsert,L0072,B_no_decision_flip,
b03core,base,agg_static@rho0.8,rep1_base_agg_static@rho0.8_b03core,1,agg_static,0.8,94,upsert,L0066,B_no_decision_flip,
b03core,base,agg_static@rho0.8,rep1_base_agg_static@rho0.8_b03core,1,agg_static,0.8,95,upsert,L0120,B_no_decision_flip,
b03core,base,agg_static@rho0.8,rep1_base_agg_static@rho0.8_b03core,1,agg_static,0.8,96,upsert,L0120,B_no_decision_flip,
b03core,base,agg_static@rho0.8,rep1_base_agg_static@rho0.8_b03core,1,agg_static,0.8,97,upsert,L0099,B_no_decision_flip,
b03core,base,agg_static@rho0.8,rep1_base_agg_static@rho0.8_b03core,1,agg_static,0.8,98,upsert,L0076,B_no_decision_flip,
b03core,base,agg_static@rho0.8,rep1_base_agg_static@rho0.8_b03core,1,agg_static,0.8,99,upsert,L0064,B_no_decision_flip,
b03core,base,agg_static@rho0.8,rep1_base_agg_static@rho0.8_b03core,1,agg_static,0.8,100,upsert,L0072,B_no_decision_flip,
b03core,base,agg_static@rho0.8,rep1_base_agg_static@rho0.8_b03core,1,agg_static,0.8,101,upsert,L0096,B_no_decision_flip,
b03core,base,agg_static@rho0.8,rep1_base_agg_static@rho0.8_b03core,1,agg_static,0.8,102,upsert,L0092,B_no_decision_flip,
b03core,base,agg_static@rho0.8,rep1_base_agg_static@rho0.8_b03core,1,agg_static,0.8,103,upsert,L0102,B_no_decision_flip,
b03core,base,agg_static@rho0.8,rep1_base_agg_static@rho0.8_b03core,1,agg_static,0.8,104,upsert,L0068,B_no_decision_flip,
b03core,base,agg_static@rho0.8,rep1_base_agg_static@rho0.8_b03core,1,agg_static,0.8,105,upsert,L0102,B_no_decision_flip,
b03core,base,agg_static@rho0.8,rep1_base_agg_static@rho0.8_b03core,1,agg_static,0.8,106,upsert,L0087,B_no_decision_flip,
b03core,base,agg_static@rho0.8,rep1_base_agg_static@rho0.8_b03core,1,agg_static,0.8,107,upsert,L0083,B_no_decision_flip,
b03core,base,agg_static@rho0.8,rep1_base_agg_static@rho0.8_b03core,1,agg_static,0.8,108,upsert,L0079,B_no_decision_flip,
b03core,base,agg_static@rho0.8,rep1_base_agg_static@rho0.8_b03core,1,agg_static,0.8,109,upsert,L0121,B_no_decision_flip,
b03core,base,agg_static@rho0.8,rep1_base_agg_static@rho0.8_b03core,1,agg_static,0.8,111,upsert,L0068,B_no_decision_flip,
b03core,base,agg_static@rho1.0,rep1_base_agg_static@rho1.0_b03core,1,agg_static,1.0,1,upsert,L0007,B_no_decision_flip,0.0
b03core,base,agg_static@rho1.0,rep1_base_agg_static@rho1.0_b03core,1,agg_static,1.0,2,upsert,L0059,B_no_decision_flip,
b03core,base,agg_static@rho1.0,rep1_base_agg_static@rho1.0_b03core,1,agg_static,1.0,7,upsert,L0001,B_no_decision_flip,0.0
b03core,base,agg_static@rho1.0,rep1_base_agg_static@rho1.0_b03core,1,agg_static,1.0,12,upsert,L0022,D_meaningful_value_flip,38.96
b03core,base,agg_static@rho1.0,rep1_base_agg_static@rho1.0_b03core,1,agg_static,1.0,14,upsert,L0004,B_no_decision_flip,
b03core,base,agg_static@rho1.0,rep1_base_agg_static@rho1.0_b03core,1,agg_static,1.0,15,upsert,L0001,D_meaningful_value_flip,10.24
b03core,base,agg_static@rho1.0,rep1_base_agg_static@rho1.0_b03core,1,agg_static,1.0,16,upsert,L0029,B_no_decision_flip,
b03core,base,agg_static@rho1.0,rep1_base_agg_static@rho1.0_b03core,1,agg_static,1.0,17,upsert,L0007,D_meaningful_value_flip,8.24
b03core,base,agg_static@rho1.0,rep1_base_agg_static@rho1.0_b03core,1,agg_static,1.0,18,upsert,L0013,B_no_decision_flip,0.0
b03core,base,agg_static@rho1.0,rep1_base_agg_static@rho1.0_b03core,1,agg_static,1.0,19,upsert,L0017,B_no_decision_flip,
b03core,base,agg_static@rho1.0,rep1_base_agg_static@rho1.0_b03core,1,agg_static,1.0,21,upsert,L0053,B_no_decision_flip,
b03core,base,agg_static@rho1.0,rep1_base_agg_static@rho1.0_b03core,1,agg_static,1.0,24,upsert,L0042,B_no_decision_flip,
b03core,base,agg_static@rho1.0,rep1_base_agg_static@rho1.0_b03core,1,agg_static,1.0,26,upsert,L0005,B_no_decision_flip,
b03core,base,agg_static@rho1.0,rep1_base_agg_static@rho1.0_b03core,1,agg_static,1.0,28,upsert,L0034,B_no_decision_flip,
b03core,base,agg_static@rho1.0,rep1_base_agg_static@rho1.0_b03core,1,agg_static,1.0,29,upsert,L0002,B_no_decision_flip,
b03core,base,agg_static@rho1.0,rep1_base_agg_static@rho1.0_b03core,1,agg_static,1.0,31,upsert,L0018,B_no_decision_flip,
b03core,base,agg_static@rho1.0,rep1_base_agg_static@rho1.0_b03core,1,agg_static,1.0,32,upsert,L0005,B_no_decision_flip,
b03core,base,agg_static@rho1.0,rep1_base_agg_static@rho1.0_b03core,1,agg_static,1.0,33,upsert,L0042,B_no_decision_flip,
b03core,base,agg_static@rho1.0,rep1_base_agg_static@rho1.0_b03core,1,agg_static,1.0,34,upsert,L0006,B_no_decision_flip,
b03core,base,agg_static@rho1.0,rep1_base_agg_static@rho1.0_b03core,1,agg_static,1.0,35,upsert,L0055,B_no_decision_flip,
b03core,base,agg_static@rho1.0,rep1_base_agg_static@rho1.0_b03core,1,agg_static,1.0,36,upsert,L0000,B_no_decision_flip,
b03core,base,agg_static@rho1.0,rep1_base_agg_static@rho1.0_b03core,1,agg_static,1.0,37,upsert,L0009,B_no_decision_flip,
b03core,base,agg_static@rho1.0,rep1_base_agg_static@rho1.0_b03core,1,agg_static,1.0,38,upsert,L0047,B_no_decision_flip,
b03core,base,agg_static@rho1.0,rep1_base_agg_static@rho1.0_b03core,1,agg_static,1.0,39,upsert,L0033,B_no_decision_flip,
b03core,base,agg_static@rho1.0,rep1_base_agg_static@rho1.0_b03core,1,agg_static,1.0,41,upsert,L0001,B_no_decision_flip,
b03core,base,agg_static@rho1.0,rep1_base_agg_static@rho1.0_b03core,1,agg_static,1.0,42,upsert,L0050,B_no_decision_flip,
b03core,base,agg_static@rho1.0,rep1_base_agg_static@rho1.0_b03core,1,agg_static,1.0,43,upsert,L0033,B_no_decision_flip,
b03core,base,agg_static@rho1.0,rep1_base_agg_static@rho1.0_b03core,1,agg_static,1.0,44,upsert,L0027,B_no_decision_flip,
b03core,base,agg_static@rho1.0,rep1_base_agg_static@rho1.0_b03core,1,agg_static,1.0,45,upsert,L0035,B_no_decision_flip,
b03core,base,agg_static@rho1.0,rep1_base_agg_static@rho1.0_b03core,1,agg_static,1.0,46,upsert,L0025,B_no_decision_flip,
b03core,base,agg_static@rho1.0,rep1_base_agg_static@rho1.0_b03core,1,agg_static,1.0,47,upsert,L0034,B_no_decision_flip,
b03core,base,agg_static@rho1.0,rep1_base_agg_static@rho1.0_b03core,1,agg_static,1.0,48,upsert,L0039,B_no_decision_flip,
b03core,base,agg_static@rho1.0,rep1_base_agg_static@rho1.0_b03core,1,agg_static,1.0,49,upsert,L0013,B_no_decision_flip,
b03core,base,agg_static@rho1.0,rep1_base_agg_static@rho1.0_b03core,1,agg_static,1.0,50,upsert,L0000,B_no_decision_flip,
b03core,base,agg_static@rho1.0,rep1_base_agg_static@rho1.0_b03core,1,agg_static,1.0,52,upsert,L0014,B_no_decision_flip,
b03core,base,agg_static@rho1.0,rep1_base_agg_static@rho1.0_b03core,1,agg_static,1.0,53,upsert,L0006,B_no_decision_flip,
b03core,base,agg_static@rho1.0,rep1_base_agg_static@rho1.0_b03core,1,agg_static,1.0,54,upsert,L0024,B_no_decision_flip,
b03core,base,agg_static@rho1.0,rep1_base_agg_static@rho1.0_b03core,1,agg_static,1.0,55,upsert,L0022,B_no_decision_flip,
b03core,base,agg_static@rho1.0,rep1_base_agg_static@rho1.0_b03core,1,agg_static,1.0,56,upsert,L0001,B_no_decision_flip,
b03core,base,agg_static@rho1.0,rep1_base_agg_static@rho1.0_b03core,1,agg_static,1.0,57,upsert,L0022,B_no_decision_flip,
b03core,base,agg_static@rho1.0,rep1_base_agg_static@rho1.0_b03core,1,agg_static,1.0,58,upsert,L0021,B_no_decision_flip,
b03core,base,agg_static@rho1.0,rep1_base_agg_static@rho1.0_b03core,1,agg_static,1.0,59,upsert,L0013,B_no_decision_flip,
b03core,base,agg_static@rho1.0,rep1_base_agg_static@rho1.0_b03core,1,agg_static,1.0,60,upsert,L0052,B_no_decision_flip,
b03core,base,agg_static@rho1.0,rep1_base_agg_static@rho1.0_b03core,1,agg_static,1.0,61,upsert,L0021,B_no_decision_flip,
b03core,base,agg_static@rho1.0,rep1_base_agg_static@rho1.0_b03core,1,agg_static,1.0,62,upsert,L0040,B_no_decision_flip,
b03core,base,agg_static@rho1.0,rep1_base_agg_static@rho1.0_b03core,1,agg_static,1.0,63,upsert,L0007,B_no_decision_flip,
b03core,base,agg_static@rho1.0,rep1_base_agg_static@rho1.0_b03core,1,agg_static,1.0,64,upsert,L0070,B_no_decision_flip,0.0
b03core,base,agg_static@rho1.0,rep1_base_agg_static@rho1.0_b03core,1,agg_static,1.0,65,upsert,L0077,B_no_decision_flip,
b03core,base,exact_fifo@rho0.8,rep1_base_exact_fifo@rho0.8_b03core,1,exact_fifo,0.8,0,upsert,L0012,B_no_decision_flip,
b03core,base,exact_fifo@rho0.8,rep1_base_exact_fifo@rho0.8_b03core,1,exact_fifo,0.8,1,upsert,L0007,D_meaningful_value_flip,38.96
b03core,base,exact_fifo@rho0.8,rep1_base_exact_fifo@rho0.8_b03core,1,exact_fifo,0.8,2,upsert,L0059,B_no_decision_flip,
b03core,base,exact_fifo@rho0.8,rep1_base_exact_fifo@rho0.8_b03core,1,exact_fifo,0.8,3,upsert,L0016,B_no_decision_flip,
b03core,base,exact_fifo@rho0.8,rep1_base_exact_fifo@rho0.8_b03core,1,exact_fifo,0.8,4,upsert,L0029,B_no_decision_flip,
b03core,base,exact_fifo@rho0.8,rep1_base_exact_fifo@rho0.8_b03core,1,exact_fifo,0.8,5,upsert,L0021,B_no_decision_flip,0.0
b03core,base,exact_fifo@rho0.8,rep1_base_exact_fifo@rho0.8_b03core,1,exact_fifo,0.8,6,upsert,L0004,B_no_decision_flip,
b03core,base,exact_fifo@rho0.8,rep1_base_exact_fifo@rho0.8_b03core,1,exact_fifo,0.8,7,upsert,L0001,D_meaningful_value_flip,40.96
b03core,base,exact_fifo@rho0.8,rep1_base_exact_fifo@rho0.8_b03core,1,exact_fifo,0.8,8,upsert,L0063,B_no_decision_flip,
b03core,base,exact_fifo@rho0.8,rep1_base_exact_fifo@rho0.8_b03core,1,exact_fifo,0.8,9,upsert,L0041,B_no_decision_flip,
b03core,base,exact_fifo@rho0.8,rep1_base_exact_fifo@rho0.8_b03core,1,exact_fifo,0.8,10,upsert,L0023,B_no_decision_flip,
b03core,base,exact_fifo@rho0.8,rep1_base_exact_fifo@rho0.8_b03core,1,exact_fifo,0.8,11,upsert,L0046,B_no_decision_flip,
b03core,base,exact_fifo@rho0.8,rep1_base_exact_fifo@rho0.8_b03core,1,exact_fifo,0.8,12,upsert,L0022,B_no_decision_flip,
b03core,base,exact_fifo@rho0.8,rep1_base_exact_fifo@rho0.8_b03core,1,exact_fifo,0.8,13,upsert,L0019,B_no_decision_flip,
b03core,base,exact_fifo@rho0.8,rep1_base_exact_fifo@rho0.8_b03core,1,exact_fifo,0.8,14,upsert,L0004,B_no_decision_flip,
b03core,base,exact_fifo@rho0.8,rep1_base_exact_fifo@rho0.8_b03core,1,exact_fifo,0.8,15,upsert,L0001,B_no_decision_flip,
b03core,base,exact_fifo@rho0.8,rep1_base_exact_fifo@rho0.8_b03core,1,exact_fifo,0.8,16,upsert,L0029,B_no_decision_flip,
b03core,base,exact_fifo@rho0.8,rep1_base_exact_fifo@rho0.8_b03core,1,exact_fifo,0.8,17,upsert,L0007,B_no_decision_flip,
b03core,base,exact_fifo@rho0.8,rep1_base_exact_fifo@rho0.8_b03core,1,exact_fifo,0.8,18,upsert,L0013,B_no_decision_flip,
b03core,base,exact_fifo@rho0.8,rep1_base_exact_fifo@rho0.8_b03core,1,exact_fifo,0.8,19,upsert,L0017,B_no_decision_flip,
b03core,base,exact_fifo@rho0.8,rep1_base_exact_fifo@rho0.8_b03core,1,exact_fifo,0.8,20,upsert,L0024,B_no_decision_flip,
b03core,base,exact_fifo@rho0.8,rep1_base_exact_fifo@rho0.8_b03core,1,exact_fifo,0.8,21,upsert,L0053,B_no_decision_flip,
b03core,base,exact_fifo@rho0.8,rep1_base_exact_fifo@rho0.8_b03core,1,exact_fifo,0.8,22,upsert,L0033,B_no_decision_flip,
b03core,base,exact_fifo@rho0.8,rep1_base_exact_fifo@rho0.8_b03core,1,exact_fifo,0.8,23,upsert,L0034,B_no_decision_flip,
b03core,base,exact_fifo@rho0.8,rep1_base_exact_fifo@rho0.8_b03core,1,exact_fifo,0.8,24,upsert,L0042,B_no_decision_flip,
b03core,base,exact_fifo@rho0.8,rep1_base_exact_fifo@rho0.8_b03core,1,exact_fifo,0.8,25,upsert,L0026,B_no_decision_flip,
b03core,base,exact_fifo@rho0.8,rep1_base_exact_fifo@rho0.8_b03core,1,exact_fifo,0.8,26,upsert,L0005,B_no_decision_flip,
b03core,base,exact_fifo@rho0.8,rep1_base_exact_fifo@rho0.8_b03core,1,exact_fifo,0.8,27,upsert,L0000,B_no_decision_flip,
b03core,base,exact_fifo@rho0.8,rep1_base_exact_fifo@rho0.8_b03core,1,exact_fifo,0.8,28,upsert,L0034,B_no_decision_flip,
b03core,base,exact_fifo@rho0.8,rep1_base_exact_fifo@rho0.8_b03core,1,exact_fifo,0.8,29,upsert,L0002,B_no_decision_flip,
b03core,base,exact_fifo@rho0.8,rep1_base_exact_fifo@rho0.8_b03core,1,exact_fifo,0.8,30,upsert,L0011,B_no_decision_flip,
b03core,base,exact_fifo@rho0.8,rep1_base_exact_fifo@rho0.8_b03core,1,exact_fifo,0.8,31,upsert,L0018,B_no_decision_flip,
b03core,base,exact_fifo@rho0.8,rep1_base_exact_fifo@rho0.8_b03core,1,exact_fifo,0.8,32,upsert,L0005,B_no_decision_flip,
b03core,base,exact_fifo@rho0.8,rep1_base_exact_fifo@rho0.8_b03core,1,exact_fifo,0.8,33,upsert,L0042,B_no_decision_flip,
b03core,base,exact_fifo@rho0.8,rep1_base_exact_fifo@rho0.8_b03core,1,exact_fifo,0.8,34,upsert,L0006,B_no_decision_flip,
b03core,base,exact_fifo@rho0.8,rep1_base_exact_fifo@rho0.8_b03core,1,exact_fifo,0.8,35,upsert,L0055,B_no_decision_flip,
b03core,base,exact_fifo@rho0.8,rep1_base_exact_fifo@rho0.8_b03core,1,exact_fifo,0.8,36,upsert,L0000,B_no_decision_flip,
b03core,base,exact_fifo@rho0.8,rep1_base_exact_fifo@rho0.8_b03core,1,exact_fifo,0.8,37,upsert,L0009,B_no_decision_flip,
b03core,base,exact_fifo@rho0.8,rep1_base_exact_fifo@rho0.8_b03core,1,exact_fifo,0.8,38,upsert,L0047,B_no_decision_flip,
b03core,base,exact_fifo@rho0.8,rep1_base_exact_fifo@rho0.8_b03core,1,exact_fifo,0.8,39,upsert,L0033,B_no_decision_flip,
b03core,base,exact_fifo@rho0.8,rep1_base_exact_fifo@rho0.8_b03core,1,exact_fifo,0.8,40,upsert,L0001,B_no_decision_flip,
b03core,base,agg_full@rho1.2,rep1_base_agg_full@rho1.2_b03core,1,agg_full,1.2,7,upsert,L0001,B_no_decision_flip,
b03core,base,agg_full@rho1.2,rep1_base_agg_full@rho1.2_b03core,1,agg_full,1.2,14,upsert,L0004,B_no_decision_flip,
b03core,base,agg_full@rho1.2,rep1_base_agg_full@rho1.2_b03core,1,agg_full,1.2,15,upsert,L0001,B_no_decision_flip,
b03core,base,agg_full@rho1.2,rep1_base_agg_full@rho1.2_b03core,1,agg_full,1.2,32,upsert,L0005,B_no_decision_flip,
b03core,base,agg_full@rho1.2,rep1_base_agg_full@rho1.2_b03core,1,agg_full,1.2,33,upsert,L0042,B_no_decision_flip,
b03core,base,agg_full@rho1.2,rep1_base_agg_full@rho1.2_b03core,1,agg_full,1.2,38,upsert,L0047,B_no_decision_flip,
b03core,base,agg_full@rho1.2,rep1_base_agg_full@rho1.2_b03core,1,agg_full,1.2,39,upsert,L0033,B_no_decision_flip,
b03core,base,agg_full@rho1.2,rep1_base_agg_full@rho1.2_b03core,1,agg_full,1.2,41,upsert,L0001,B_no_decision_flip,
b03core,base,agg_full@rho1.2,rep1_base_agg_full@rho1.2_b03core,1,agg_full,1.2,42,upsert,L0050,B_no_decision_flip,
b03core,base,agg_full@rho1.2,rep1_base_agg_full@rho1.2_b03core,1,agg_full,1.2,43,upsert,L0033,B_no_decision_flip,
b03core,base,agg_full@rho1.2,rep1_base_agg_full@rho1.2_b03core,1,agg_full,1.2,44,upsert,L0027,B_no_decision_flip,
b03core,base,agg_full@rho1.2,rep1_base_agg_full@rho1.2_b03core,1,agg_full,1.2,45,upsert,L0035,B_no_decision_flip,
b03core,base,agg_full@rho1.2,rep1_base_agg_full@rho1.2_b03core,1,agg_full,1.2,46,upsert,L0025,B_no_decision_flip,
b03core,base,agg_full@rho1.2,rep1_base_agg_full@rho1.2_b03core,1,agg_full,1.2,47,upsert,L0034,B_no_decision_flip,
b03core,base,agg_full@rho1.2,rep1_base_agg_full@rho1.2_b03core,1,agg_full,1.2,48,upsert,L0039,B_no_decision_flip,
b03core,base,agg_full@rho1.2,rep1_base_agg_full@rho1.2_b03core,1,agg_full,1.2,49,upsert,L0013,B_no_decision_flip,
b03core,base,agg_full@rho1.2,rep1_base_agg_full@rho1.2_b03core,1,agg_full,1.2,50,upsert,L0000,B_no_decision_flip,
b03core,base,agg_full@rho1.2,rep1_base_agg_full@rho1.2_b03core,1,agg_full,1.2,51,upsert,L0000,B_no_decision_flip,
b03core,base,agg_full@rho0.8,rep1_base_agg_full@rho0.8_b03core,1,agg_full,0.8,33,upsert,L0042,B_no_decision_flip,
b03core,base,agg_full@rho0.8,rep1_base_agg_full@rho0.8_b03core,1,agg_full,0.8,39,upsert,L0033,B_no_decision_flip,
b03core,base,agg_full@rho0.8,rep1_base_agg_full@rho0.8_b03core,1,agg_full,0.8,43,upsert,L0033,B_no_decision_flip,
b03core,base,agg_full@rho0.8,rep1_base_agg_full@rho0.8_b03core,1,agg_full,0.8,47,upsert,L0034,B_no_decision_flip,
b03core,base,agg_full@rho0.8,rep1_base_agg_full@rho0.8_b03core,1,agg_full,0.8,50,upsert,L0000,B_no_decision_flip,
b03core,base,agg_full@rho0.8,rep1_base_agg_full@rho0.8_b03core,1,agg_full,0.8,51,upsert,L0000,B_no_decision_flip,
b03core,base,agg_full@rho0.8,rep1_base_agg_full@rho0.8_b03core,1,agg_full,0.8,55,upsert,L0022,B_no_decision_flip,
b03core,base,agg_full@rho0.8,rep1_base_agg_full@rho0.8_b03core,1,agg_full,0.8,56,upsert,L0001,B_no_decision_flip,
b03core,base,agg_full@rho0.8,rep1_base_agg_full@rho0.8_b03core,1,agg_full,0.8,57,upsert,L0022,B_no_decision_flip,
b03core,base,agg_full@rho0.8,rep1_base_agg_full@rho0.8_b03core,1,agg_full,0.8,58,upsert,L0021,B_no_decision_flip,
b03core,base,agg_full@rho0.8,rep1_base_agg_full@rho0.8_b03core,1,agg_full,0.8,59,upsert,L0013,B_no_decision_flip,
b03core,base,agg_full@rho0.8,rep1_base_agg_full@rho0.8_b03core,1,agg_full,0.8,60,upsert,L0052,B_no_decision_flip,
b03core,base,agg_full@rho0.8,rep1_base_agg_full@rho0.8_b03core,1,agg_full,0.8,61,upsert,L0021,B_no_decision_flip,
b03core,base,agg_full@rho0.8,rep1_base_agg_full@rho0.8_b03core,1,agg_full,0.8,62,upsert,L0040,B_no_decision_flip,
b03core,base,agg_full@rho0.8,rep1_base_agg_full@rho0.8_b03core,1,agg_full,0.8,63,upsert,L0007,B_no_decision_flip,
b03core,base,agg_full@rho0.8,rep1_base_agg_full@rho0.8_b03core,1,agg_full,0.8,64,upsert,L0070,B_no_decision_flip,
b03core,base,agg_full@rho0.8,rep1_base_agg_full@rho0.8_b03core,1,agg_full,0.8,65,upsert,L0077,B_no_decision_flip,
b03core,base,agg_full@rho0.8,rep1_base_agg_full@rho0.8_b03core,1,agg_full,0.8,66,upsert,L0086,B_no_decision_flip,
b03core,base,agg_full@rho1.0,rep1_base_agg_full@rho1.0_b03core,1,agg_full,1.0,14,upsert,L0004,B_no_decision_flip,
b03core,base,agg_full@rho1.0,rep1_base_agg_full@rho1.0_b03core,1,agg_full,1.0,32,upsert,L0005,B_no_decision_flip,
b03core,base,agg_full@rho1.0,rep1_base_agg_full@rho1.0_b03core,1,agg_full,1.0,33,upsert,L0042,B_no_decision_flip,
b03core,base,agg_full@rho1.0,rep1_base_agg_full@rho1.0_b03core,1,agg_full,1.0,39,upsert,L0033,B_no_decision_flip,
b03core,base,agg_full@rho1.0,rep1_base_agg_full@rho1.0_b03core,1,agg_full,1.0,43,upsert,L0033,B_no_decision_flip,
b03core,base,agg_full@rho1.0,rep1_base_agg_full@rho1.0_b03core,1,agg_full,1.0,47,upsert,L0034,B_no_decision_flip,
b03core,base,agg_full@rho1.0,rep1_base_agg_full@rho1.0_b03core,1,agg_full,1.0,48,upsert,L0039,B_no_decision_flip,
b03core,base,agg_full@rho1.0,rep1_base_agg_full@rho1.0_b03core,1,agg_full,1.0,49,upsert,L0013,B_no_decision_flip,
b03core,base,agg_full@rho1.0,rep1_base_agg_full@rho1.0_b03core,1,agg_full,1.0,50,upsert,L0000,B_no_decision_flip,
b03core,base,agg_full@rho1.0,rep1_base_agg_full@rho1.0_b03core,1,agg_full,1.0,51,upsert,L0000,B_no_decision_flip,
b03core,base,agg_full@rho1.0,rep1_base_agg_full@rho1.0_b03core,1,agg_full,1.0,52,upsert,L0014,B_no_decision_flip,
b03core,base,agg_full@rho1.0,rep1_base_agg_full@rho1.0_b03core,1,agg_full,1.0,53,upsert,L0006,B_no_decision_flip,
b03core,base,agg_full@rho1.0,rep1_base_agg_full@rho1.0_b03core,1,agg_full,1.0,54,upsert,L0024,B_no_decision_flip,
b03core,base,agg_full@rho1.0,rep1_base_agg_full@rho1.0_b03core,1,agg_full,1.0,55,upsert,L0022,B_no_decision_flip,
b03core,base,agg_full@rho1.0,rep1_base_agg_full@rho1.0_b03core,1,agg_full,1.0,56,upsert,L0001,B_no_decision_flip,
b03core,base,agg_full@rho1.0,rep1_base_agg_full@rho1.0_b03core,1,agg_full,1.0,57,upsert,L0022,B_no_decision_flip,
b03core,base,agg_full@rho1.0,rep1_base_agg_full@rho1.0_b03core,1,agg_full,1.0,58,upsert,L0021,B_no_decision_flip,
b03core,base,agg_full@rho1.0,rep1_base_agg_full@rho1.0_b03core,1,agg_full,1.0,59,upsert,L0013,B_no_decision_flip,
b03core,base,agg_full@rho1.0,rep1_base_agg_full@rho1.0_b03core,1,agg_full,1.0,60,upsert,L0052,B_no_decision_flip,
b03core,base,agg_full@rho1.0,rep1_base_agg_full@rho1.0_b03core,1,agg_full,1.0,61,upsert,L0021,B_no_decision_flip,
b03core,base,agg_full@rho1.0,rep1_base_agg_full@rho1.0_b03core,1,agg_full,1.0,62,upsert,L0040,B_no_decision_flip,
b03core,base,agg_full@rho1.0,rep1_base_agg_full@rho1.0_b03core,1,agg_full,1.0,63,upsert,L0007,B_no_decision_flip,
b03core,base,agg_full@rho1.0,rep1_base_agg_full@rho1.0_b03core,1,agg_full,1.0,64,upsert,L0070,B_no_decision_flip,
b03core,base,agg_full@rho1.0,rep1_base_agg_full@rho1.0_b03core,1,agg_full,1.0,65,upsert,L0077,B_no_decision_flip,
b03core,base,agg_full@rho1.0,rep1_base_agg_full@rho1.0_b03core,1,agg_full,1.0,66,upsert,L0086,B_no_decision_flip,
b03core,base,agg_full@rho0.5,rep1_base_agg_full@rho0.5_b03core,1,agg_full,0.5,2,upsert,L0059,B_no_decision_flip,
b03core,base,agg_full@rho0.5,rep1_base_agg_full@rho0.5_b03core,1,agg_full,0.5,5,upsert,L0021,D_meaningful_value_flip,38.96
b03core,base,agg_full@rho0.5,rep1_base_agg_full@rho0.5_b03core,1,agg_full,0.5,7,upsert,L0001,D_meaningful_value_flip,40.96
b03core,base,agg_full@rho0.5,rep1_base_agg_full@rho0.5_b03core,1,agg_full,0.5,12,upsert,L0022,D_meaningful_value_flip,38.96
b03core,base,agg_full@rho0.5,rep1_base_agg_full@rho0.5_b03core,1,agg_full,0.5,13,upsert,L0019,B_no_decision_flip,
b03core,base,agg_full@rho0.5,rep1_base_agg_full@rho0.5_b03core,1,agg_full,0.5,14,upsert,L0004,B_no_decision_flip,
b03core,base,agg_full@rho0.5,rep1_base_agg_full@rho0.5_b03core,1,agg_full,0.5,15,upsert,L0001,D_meaningful_value_flip,10.24
b03core,base,agg_full@rho0.5,rep1_base_agg_full@rho0.5_b03core,1,agg_full,0.5,16,upsert,L0029,B_no_decision_flip,
b03core,base,agg_full@rho0.5,rep1_base_agg_full@rho0.5_b03core,1,agg_full,0.5,17,upsert,L0007,D_meaningful_value_flip,49.2
b03core,base,agg_full@rho0.5,rep1_base_agg_full@rho0.5_b03core,1,agg_full,0.5,18,upsert,L0013,D_meaningful_value_flip,40.96
b03core,base,agg_full@rho0.5,rep1_base_agg_full@rho0.5_b03core,1,agg_full,0.5,19,upsert,L0017,B_no_decision_flip,
b03core,base,agg_full@rho0.5,rep1_base_agg_full@rho0.5_b03core,1,agg_full,0.5,20,upsert,L0024,D_meaningful_value_flip,40.96
b03core,base,agg_full@rho0.5,rep1_base_agg_full@rho0.5_b03core,1,agg_full,0.5,21,upsert,L0053,B_no_decision_flip,
b03core,base,agg_full@rho0.5,rep1_base_agg_full@rho0.5_b03core,1,agg_full,0.5,22,upsert,L0033,B_no_decision_flip,
b03core,base,agg_full@rho0.5,rep1_base_agg_full@rho0.5_b03core,1,agg_full,0.5,23,upsert,L0034,B_no_decision_flip,
b03core,base,agg_full@rho0.5,rep1_base_agg_full@rho0.5_b03core,1,agg_full,0.5,24,upsert,L0042,B_no_decision_flip,
b03core,base,agg_full@rho0.5,rep1_base_agg_full@rho0.5_b03core,1,agg_full,0.5,25,upsert,L0026,B_no_decision_flip,
b03core,base,agg_full@rho0.5,rep1_base_agg_full@rho0.5_b03core,1,agg_full,0.5,26,upsert,L0005,B_no_decision_flip,
b03core,base,agg_full@rho0.5,rep1_base_agg_full@rho0.5_b03core,1,agg_full,0.5,27,upsert,L0000,B_no_decision_flip,
b03core,base,agg_full@rho0.5,rep1_base_agg_full@rho0.5_b03core,1,agg_full,0.5,28,upsert,L0034,B_no_decision_flip,
b03core,base,agg_full@rho0.5,rep1_base_agg_full@rho0.5_b03core,1,agg_full,0.5,29,upsert,L0002,B_no_decision_flip,
b03core,base,agg_full@rho0.5,rep1_base_agg_full@rho0.5_b03core,1,agg_full,0.5,30,upsert,L0011,B_no_decision_flip,
b03core,base,agg_full@rho0.5,rep1_base_agg_full@rho0.5_b03core,1,agg_full,0.5,31,upsert,L0018,B_no_decision_flip,
b03core,base,agg_full@rho0.5,rep1_base_agg_full@rho0.5_b03core,1,agg_full,0.5,32,upsert,L0005,B_no_decision_flip,
b03core,base,agg_full@rho0.5,rep1_base_agg_full@rho0.5_b03core,1,agg_full,0.5,33,upsert,L0042,B_no_decision_flip,
b03core,base,agg_full@rho0.5,rep1_base_agg_full@rho0.5_b03core,1,agg_full,0.5,34,upsert,L0006,B_no_decision_flip,
b03core,base,agg_full@rho0.5,rep1_base_agg_full@rho0.5_b03core,1,agg_full,0.5,35,upsert,L0055,B_no_decision_flip,
b03core,base,agg_full@rho0.5,rep1_base_agg_full@rho0.5_b03core,1,agg_full,0.5,36,upsert,L0000,B_no_decision_flip,
b03core,base,agg_full@rho0.5,rep1_base_agg_full@rho0.5_b03core,1,agg_full,0.5,37,upsert,L0009,B_no_decision_flip,
b03core,base,agg_full@rho0.5,rep1_base_agg_full@rho0.5_b03core,1,agg_full,0.5,38,upsert,L0047,B_no_decision_flip,
b03core,base,agg_full@rho0.5,rep1_base_agg_full@rho0.5_b03core,1,agg_full,0.5,39,upsert,L0033,B_no_decision_flip,
b03core,base,agg_full@rho0.5,rep1_base_agg_full@rho0.5_b03core,1,agg_full,0.5,40,upsert,L0001,B_no_decision_flip,
b03core,base,agg_full@rho0.5,rep1_base_agg_full@rho0.5_b03core,1,agg_full,0.5,41,upsert,L0001,B_no_decision_flip,
b03core,base,agg_full@rho0.5,rep1_base_agg_full@rho0.5_b03core,1,agg_full,0.5,42,upsert,L0050,B_no_decision_flip,
b03core,base,agg_full@rho0.5,rep1_base_agg_full@rho0.5_b03core,1,agg_full,0.5,44,upsert,L0027,B_no_decision_flip,
b03core,base,agg_full@rho0.5,rep1_base_agg_full@rho0.5_b03core,1,agg_full,0.5,45,upsert,L0035,B_no_decision_flip,
b03core,base,agg_full@rho0.5,rep1_base_agg_full@rho0.5_b03core,1,agg_full,0.5,46,upsert,L0025,B_no_decision_flip,
b03core,base,agg_full@rho0.5,rep1_base_agg_full@rho0.5_b03core,1,agg_full,0.5,48,upsert,L0039,B_no_decision_flip,
b03core,base,agg_full@rho0.5,rep1_base_agg_full@rho0.5_b03core,1,agg_full,0.5,49,upsert,L0013,B_no_decision_flip,
b03core,base,agg_full@rho0.5,rep1_base_agg_full@rho0.5_b03core,1,agg_full,0.5,50,upsert,L0000,B_no_decision_flip,
b03core,base,agg_full@rho0.5,rep1_base_agg_full@rho0.5_b03core,1,agg_full,0.5,51,upsert,L0000,B_no_decision_flip,
b03core,base,agg_full@rho0.5,rep1_base_agg_full@rho0.5_b03core,1,agg_full,0.5,52,upsert,L0014,B_no_decision_flip,
b03core,base,agg_full@rho0.5,rep1_base_agg_full@rho0.5_b03core,1,agg_full,0.5,53,upsert,L0006,B_no_decision_flip,
b03core,base,agg_full@rho0.5,rep1_base_agg_full@rho0.5_b03core,1,agg_full,0.5,54,upsert,L0024,B_no_decision_flip,
b03core,base,agg_full@rho0.5,rep1_base_agg_full@rho0.5_b03core,1,agg_full,0.5,55,upsert,L0022,B_no_decision_flip,
b03core,base,agg_full@rho0.5,rep1_base_agg_full@rho0.5_b03core,1,agg_full,0.5,56,upsert,L0001,B_no_decision_flip,
b03core,base,agg_full@rho0.5,rep1_base_agg_full@rho0.5_b03core,1,agg_full,0.5,57,upsert,L0022,B_no_decision_flip,
b03core,base,agg_full@rho0.5,rep1_base_agg_full@rho0.5_b03core,1,agg_full,0.5,58,upsert,L0021,B_no_decision_flip,
b03core,base,agg_full@rho0.5,rep1_base_agg_full@rho0.5_b03core,1,agg_full,0.5,59,upsert,L0013,B_no_decision_flip,
b03core,base,agg_full@rho0.5,rep1_base_agg_full@rho0.5_b03core,1,agg_full,0.5,60,upsert,L0052,B_no_decision_flip,
b03core,base,agg_full@rho0.5,rep1_base_agg_full@rho0.5_b03core,1,agg_full,0.5,61,upsert,L0021,B_no_decision_flip,
b03core,base,agg_full@rho0.5,rep1_base_agg_full@rho0.5_b03core,1,agg_full,0.5,62,upsert,L0040,B_no_decision_flip,
b03core,base,agg_full@rho0.5,rep1_base_agg_full@rho0.5_b03core,1,agg_full,0.5,63,upsert,L0007,B_no_decision_flip,
b03core,base,agg_full@rho0.5,rep1_base_agg_full@rho0.5_b03core,1,agg_full,0.5,64,upsert,L0070,B_no_decision_flip,0.0
b03core,base,agg_full@rho0.5,rep1_base_agg_full@rho0.5_b03core,1,agg_full,0.5,65,upsert,L0077,B_no_decision_flip,
b03core,base,agg_full@rho0.5,rep1_base_agg_full@rho0.5_b03core,1,agg_full,0.5,66,upsert,L0086,B_no_decision_flip,
b03core,base,agg_full@rho0.5,rep1_base_agg_full@rho0.5_b03core,1,agg_full,0.5,67,upsert,L0095,B_no_decision_flip,
b03core,base,agg_full@rho0.5,rep1_base_agg_full@rho0.5_b03core,1,agg_full,0.5,68,upsert,L0125,B_no_decision_flip,
b03core,base,agg_full@rho0.5,rep1_base_agg_full@rho0.5_b03core,1,agg_full,0.5,69,upsert,L0069,B_no_decision_flip,
b03core,base,agg_full@rho0.5,rep1_base_agg_full@rho0.5_b03core,1,agg_full,0.5,70,upsert,L0068,D_meaningful_value_flip,40.96
b03core,base,agg_full@rho0.5,rep1_base_agg_full@rho0.5_b03core,1,agg_full,0.5,71,upsert,L0109,D_meaningful_value_flip,40.96
b03core,base,agg_full@rho0.5,rep1_base_agg_full@rho0.5_b03core,1,agg_full,0.5,72,upsert,L0106,B_no_decision_flip,
b03core,base,agg_full@rho0.5,rep1_base_agg_full@rho0.5_b03core,1,agg_full,0.5,73,upsert,L0077,B_no_decision_flip,
b03core,base,agg_full@rho0.5,rep1_base_agg_full@rho0.5_b03core,1,agg_full,0.5,74,upsert,L0070,B_no_decision_flip,0.0
b03core,base,agg_full@rho0.5,rep1_base_agg_full@rho0.5_b03core,1,agg_full,0.5,75,upsert,L0064,B_no_decision_flip,0.0
b03core,base,agg_full@rho0.5,rep1_base_agg_full@rho0.5_b03core,1,agg_full,0.5,76,upsert,L0099,B_no_decision_flip,
b03core,base,agg_full@rho0.5,rep1_base_agg_full@rho0.5_b03core,1,agg_full,0.5,77,upsert,L0122,B_no_decision_flip,
b03core,base,agg_full@rho0.5,rep1_base_agg_full@rho0.5_b03core,1,agg_full,0.5,78,upsert,L0090,B_no_decision_flip,
b03core,base,agg_full@rho0.5,rep1_base_agg_full@rho0.5_b03core,1,agg_full,0.5,79,upsert,L0093,B_no_decision_flip,
b03core,base,agg_full@rho0.5,rep1_base_agg_full@rho0.5_b03core,1,agg_full,0.5,80,upsert,L0076,B_no_decision_flip,
b03core,base,agg_full@rho0.5,rep1_base_agg_full@rho0.5_b03core,1,agg_full,0.5,81,upsert,L0072,B_no_decision_flip,
b03core,base,agg_full@rho0.5,rep1_base_agg_full@rho0.5_b03core,1,agg_full,0.5,82,upsert,L0096,B_no_decision_flip,
b03core,base,agg_full@rho0.5,rep1_base_agg_full@rho0.5_b03core,1,agg_full,0.5,83,upsert,L0069,B_no_decision_flip,
b03core,base,agg_full@rho0.5,rep1_base_agg_full@rho0.5_b03core,1,agg_full,0.5,84,upsert,L0085,B_no_decision_flip,
b03core,base,agg_full@rho0.5,rep1_base_agg_full@rho0.5_b03core,1,agg_full,0.5,85,upsert,L0078,B_no_decision_flip,
b03core,base,agg_full@rho0.5,rep1_base_agg_full@rho0.5_b03core,1,agg_full,0.5,86,upsert,L0085,B_no_decision_flip,
b03core,base,agg_full@rho0.5,rep1_base_agg_full@rho0.5_b03core,1,agg_full,0.5,87,upsert,L0116,B_no_decision_flip,
b03core,base,agg_full@rho0.5,rep1_base_agg_full@rho0.5_b03core,1,agg_full,0.5,88,upsert,L0118,B_no_decision_flip,
b03core,base,agg_full@rho0.5,rep1_base_agg_full@rho0.5_b03core,1,agg_full,0.5,89,upsert,L0071,B_no_decision_flip,
b03core,base,agg_full@rho0.5,rep1_base_agg_full@rho0.5_b03core,1,agg_full,0.5,90,upsert,L0070,B_no_decision_flip,10.24
b03core,base,agg_full@rho0.5,rep1_base_agg_full@rho0.5_b03core,1,agg_full,0.5,91,upsert,L0064,D_meaningful_value_flip,10.24
b03core,base,agg_full@rho0.5,rep1_base_agg_full@rho0.5_b03core,1,agg_full,0.5,92,upsert,L0116,B_no_decision_flip,
b03core,base,agg_full@rho0.5,rep1_base_agg_full@rho0.5_b03core,1,agg_full,0.5,93,upsert,L0072,B_no_decision_flip,
b03core,base,agg_full@rho0.5,rep1_base_agg_full@rho0.5_b03core,1,agg_full,0.5,94,upsert,L0066,D_meaningful_value_flip,40.96
b03core,base,agg_full@rho0.5,rep1_base_agg_full@rho0.5_b03core,1,agg_full,0.5,95,upsert,L0120,B_no_decision_flip,0.0
b03core,base,agg_full@rho0.5,rep1_base_agg_full@rho0.5_b03core,1,agg_full,0.5,96,upsert,L0120,D_meaningful_value_flip,12.24
b03core,base,agg_full@rho0.5,rep1_base_agg_full@rho0.5_b03core,1,agg_full,0.5,97,upsert,L0099,B_no_decision_flip,
b03core,base,agg_full@rho0.5,rep1_base_agg_full@rho0.5_b03core,1,agg_full,0.5,98,upsert,L0076,B_no_decision_flip,
b03core,base,agg_full@rho0.5,rep1_base_agg_full@rho0.5_b03core,1,agg_full,0.5,99,upsert,L0064,D_meaningful_value_flip,10.24
b03core,base,agg_full@rho0.5,rep1_base_agg_full@rho0.5_b03core,1,agg_full,0.5,100,upsert,L0072,B_no_decision_flip,
b03core,base,agg_full@rho0.5,rep1_base_agg_full@rho0.5_b03core,1,agg_full,0.5,101,upsert,L0096,B_no_decision_flip,
b03core,base,agg_full@rho0.5,rep1_base_agg_full@rho0.5_b03core,1,agg_full,0.5,102,upsert,L0092,B_no_decision_flip,
b03core,base,agg_full@rho0.5,rep1_base_agg_full@rho0.5_b03core,1,agg_full,0.5,103,upsert,L0102,B_no_decision_flip,
b03core,base,agg_full@rho0.5,rep1_base_agg_full@rho0.5_b03core,1,agg_full,0.5,104,upsert,L0068,B_no_decision_flip,
b03core,base,agg_full@rho0.5,rep1_base_agg_full@rho0.5_b03core,1,agg_full,0.5,105,upsert,L0102,B_no_decision_flip,
b03core,base,agg_full@rho0.5,rep1_base_agg_full@rho0.5_b03core,1,agg_full,0.5,106,upsert,L0087,B_no_decision_flip,
b03core,base,agg_full@rho0.5,rep1_base_agg_full@rho0.5_b03core,1,agg_full,0.5,107,upsert,L0083,B_no_decision_flip,
b03core,base,agg_full@rho0.5,rep1_base_agg_full@rho0.5_b03core,1,agg_full,0.5,108,upsert,L0079,B_no_decision_flip,
b03core,base,agg_full@rho0.5,rep1_base_agg_full@rho0.5_b03core,1,agg_full,0.5,109,upsert,L0121,B_no_decision_flip,
b03core,base,agg_full@rho0.5,rep1_base_agg_full@rho0.5_b03core,1,agg_full,0.5,110,upsert,L0120,B_no_decision_flip,
b03core,base,agg_full@rho0.5,rep1_base_agg_full@rho0.5_b03core,1,agg_full,0.5,111,upsert,L0068,B_no_decision_flip,
b03core,base,agg_full@rho0.5,rep1_base_agg_full@rho0.5_b03core,1,agg_full,0.5,112,upsert,L0080,B_no_decision_flip,
b03core,base,agg_full@rho0.5,rep1_base_agg_full@rho0.5_b03core,1,agg_full,0.5,113,upsert,L0064,B_no_decision_flip,
b03core,base,agg_full@rho0.5,rep1_base_agg_full@rho0.5_b03core,1,agg_full,0.5,114,upsert,L0066,B_no_decision_flip,
b03core,base,agg_full@rho0.5,rep1_base_agg_full@rho0.5_b03core,1,agg_full,0.5,115,upsert,L0064,B_no_decision_flip,
b03core,base,agg_full@rho0.5,rep1_base_agg_full@rho0.5_b03core,1,agg_full,0.5,116,upsert,L0067,B_no_decision_flip,
b03core,base,agg_full@rho0.5,rep1_base_agg_full@rho0.5_b03core,1,agg_full,0.5,117,upsert,L0074,B_no_decision_flip,
b03core,base,agg_full@rho0.5,rep1_base_agg_full@rho0.5_b03core,1,agg_full,0.5,118,upsert,L0066,B_no_decision_flip,
b03core,base,agg_full@rho0.5,rep1_base_agg_full@rho0.5_b03core,1,agg_full,0.5,119,upsert,L0109,B_no_decision_flip,
b03core,base,agg_full@rho0.5,rep1_base_agg_full@rho0.5_b03core,1,agg_full,0.5,120,upsert,L0070,B_no_decision_flip,
b03core,base,agg_full@rho0.5,rep1_base_agg_full@rho0.5_b03core,1,agg_full,0.5,121,upsert,L0068,B_no_decision_flip,
b03core,base,agg_full@rho0.5,rep1_base_agg_full@rho0.5_b03core,1,agg_full,0.5,122,upsert,L0066,B_no_decision_flip,
b03core,base,agg_full@rho0.5,rep1_base_agg_full@rho0.5_b03core,1,agg_full,0.5,123,upsert,L0100,B_no_decision_flip,
b03core,base,agg_full@rho0.5,rep1_base_agg_full@rho0.5_b03core,1,agg_full,0.5,124,upsert,L0089,B_no_decision_flip,
b03core,base,agg_full@rho0.5,rep1_base_agg_full@rho0.5_b03core,1,agg_full,0.5,125,upsert,L0064,B_no_decision_flip,
b03core,base,agg_full@rho0.5,rep1_base_agg_full@rho0.5_b03core,1,agg_full,0.5,126,upsert,L0066,B_no_decision_flip,
b03core,base,agg_full@rho0.5,rep1_base_agg_full@rho0.5_b03core,1,agg_full,0.5,127,upsert,L0113,B_no_decision_flip,
b03core,base,agg_static@rho1.2,rep1_base_agg_static@rho1.2_b03core,1,agg_static,1.2,0,upsert,L0012,B_no_decision_flip,
b03core,base,agg_static@rho1.2,rep1_base_agg_static@rho1.2_b03core,1,agg_static,1.2,1,upsert,L0007,B_no_decision_flip,0.0
b03core,base,agg_static@rho1.2,rep1_base_agg_static@rho1.2_b03core,1,agg_static,1.2,2,upsert,L0059,B_no_decision_flip,
b03core,base,agg_static@rho1.2,rep1_base_agg_static@rho1.2_b03core,1,agg_static,1.2,3,upsert,L0016,B_no_decision_flip,
b03core,base,agg_static@rho1.2,rep1_base_agg_static@rho1.2_b03core,1,agg_static,1.2,4,upsert,L0029,B_no_decision_flip,
b03core,base,agg_static@rho1.2,rep1_base_agg_static@rho1.2_b03core,1,agg_static,1.2,5,upsert,L0021,D_meaningful_value_flip,38.96
b03core,base,agg_static@rho1.2,rep1_base_agg_static@rho1.2_b03core,1,agg_static,1.2,6,upsert,L0004,B_no_decision_flip,
b03core,base,agg_static@rho1.2,rep1_base_agg_static@rho1.2_b03core,1,agg_static,1.2,7,upsert,L0001,D_meaningful_value_flip,40.96
b03core,base,agg_static@rho1.2,rep1_base_agg_static@rho1.2_b03core,1,agg_static,1.2,8,upsert,L0063,B_no_decision_flip,
b03core,base,agg_static@rho1.2,rep1_base_agg_static@rho1.2_b03core,1,agg_static,1.2,9,upsert,L0041,B_no_decision_flip,
b03core,base,agg_static@rho1.2,rep1_base_agg_static@rho1.2_b03core,1,agg_static,1.2,10,upsert,L0023,B_no_decision_flip,
b03core,base,agg_static@rho1.2,rep1_base_agg_static@rho1.2_b03core,1,agg_static,1.2,11,upsert,L0046,B_no_decision_flip,
b03core,base,agg_static@rho1.2,rep1_base_agg_static@rho1.2_b03core,1,agg_static,1.2,12,upsert,L0022,B_no_decision_flip,0.0
b03core,base,agg_static@rho1.2,rep1_base_agg_static@rho1.2_b03core,1,agg_static,1.2,13,upsert,L0019,B_no_decision_flip,
b03core,base,agg_static@rho1.2,rep1_base_agg_static@rho1.2_b03core,1,agg_static,1.2,14,upsert,L0004,B_no_decision_flip,
b03core,base,agg_static@rho1.2,rep1_base_agg_static@rho1.2_b03core,1,agg_static,1.2,15,upsert,L0001,D_meaningful_value_flip,10.24
b03core,base,agg_static@rho1.2,rep1_base_agg_static@rho1.2_b03core,1,agg_static,1.2,16,upsert,L0029,B_no_decision_flip,
b03core,base,agg_static@rho1.2,rep1_base_agg_static@rho1.2_b03core,1,agg_static,1.2,17,upsert,L0007,B_no_decision_flip,10.24
b03core,base,agg_static@rho1.2,rep1_base_agg_static@rho1.2_b03core,1,agg_static,1.2,18,upsert,L0013,D_meaningful_value_flip,36.96
b03core,base,agg_static@rho1.2,rep1_base_agg_static@rho1.2_b03core,1,agg_static,1.2,19,upsert,L0017,B_no_decision_flip,
b03core,base,agg_static@rho1.2,rep1_base_agg_static@rho1.2_b03core,1,agg_static,1.2,20,upsert,L0024,B_no_decision_flip,
b03core,base,agg_static@rho1.2,rep1_base_agg_static@rho1.2_b03core,1,agg_static,1.2,21,upsert,L0053,B_no_decision_flip,
b03core,base,agg_static@rho1.2,rep1_base_agg_static@rho1.2_b03core,1,agg_static,1.2,22,upsert,L0033,B_no_decision_flip,
b03core,base,agg_static@rho1.2,rep1_base_agg_static@rho1.2_b03core,1,agg_static,1.2,23,upsert,L0034,B_no_decision_flip,
b03core,base,agg_static@rho1.2,rep1_base_agg_static@rho1.2_b03core,1,agg_static,1.2,24,upsert,L0042,B_no_decision_flip,
b03core,base,agg_static@rho1.2,rep1_base_agg_static@rho1.2_b03core,1,agg_static,1.2,25,upsert,L0026,B_no_decision_flip,
b03core,base,agg_static@rho1.2,rep1_base_agg_static@rho1.2_b03core,1,agg_static,1.2,26,upsert,L0005,B_no_decision_flip,
b03core,base,agg_static@rho1.2,rep1_base_agg_static@rho1.2_b03core,1,agg_static,1.2,27,upsert,L0000,B_no_decision_flip,
b03core,base,agg_static@rho1.2,rep1_base_agg_static@rho1.2_b03core,1,agg_static,1.2,28,upsert,L0034,B_no_decision_flip,
b03core,base,agg_static@rho1.2,rep1_base_agg_static@rho1.2_b03core,1,agg_static,1.2,29,upsert,L0002,B_no_decision_flip,
b03core,base,agg_static@rho1.2,rep1_base_agg_static@rho1.2_b03core,1,agg_static,1.2,30,upsert,L0011,B_no_decision_flip,
b03core,base,agg_static@rho1.2,rep1_base_agg_static@rho1.2_b03core,1,agg_static,1.2,31,upsert,L0018,B_no_decision_flip,
b03core,base,agg_static@rho1.2,rep1_base_agg_static@rho1.2_b03core,1,agg_static,1.2,32,upsert,L0005,B_no_decision_flip,
b03core,base,agg_static@rho1.2,rep1_base_agg_static@rho1.2_b03core,1,agg_static,1.2,33,upsert,L0042,B_no_decision_flip,
b03core,base,agg_static@rho1.2,rep1_base_agg_static@rho1.2_b03core,1,agg_static,1.2,34,upsert,L0006,B_no_decision_flip,
b03core,base,agg_static@rho1.2,rep1_base_agg_static@rho1.2_b03core,1,agg_static,1.2,35,upsert,L0055,B_no_decision_flip,
b03core,base,agg_static@rho1.2,rep1_base_agg_static@rho1.2_b03core,1,agg_static,1.2,36,upsert,L0000,B_no_decision_flip,
b03core,base,agg_static@rho1.2,rep1_base_agg_static@rho1.2_b03core,1,agg_static,1.2,37,upsert,L0009,B_no_decision_flip,
b03core,base,agg_static@rho1.2,rep1_base_agg_static@rho1.2_b03core,1,agg_static,1.2,38,upsert,L0047,B_no_decision_flip,
b03core,base,agg_static@rho1.2,rep1_base_agg_static@rho1.2_b03core,1,agg_static,1.2,39,upsert,L0033,B_no_decision_flip,
b03core,base,agg_static@rho1.2,rep1_base_agg_static@rho1.2_b03core,1,agg_static,1.2,40,upsert,L0001,B_no_decision_flip,
b03core,base,agg_static@rho1.2,rep1_base_agg_static@rho1.2_b03core,1,agg_static,1.2,41,upsert,L0001,B_no_decision_flip,
b03core,base,agg_static@rho1.2,rep1_base_agg_static@rho1.2_b03core,1,agg_static,1.2,42,upsert,L0050,B_no_decision_flip,
b03core,base,agg_static@rho1.2,rep1_base_agg_static@rho1.2_b03core,1,agg_static,1.2,44,upsert,L0027,B_no_decision_flip,
b03core,base,agg_static@rho1.2,rep1_base_agg_static@rho1.2_b03core,1,agg_static,1.2,45,upsert,L0035,B_no_decision_flip,
b03core,base,agg_static@rho1.2,rep1_base_agg_static@rho1.2_b03core,1,agg_static,1.2,46,upsert,L0025,B_no_decision_flip,
b03core,base,agg_static@rho1.2,rep1_base_agg_static@rho1.2_b03core,1,agg_static,1.2,47,upsert,L0034,B_no_decision_flip,
b03core,base,agg_static@rho1.2,rep1_base_agg_static@rho1.2_b03core,1,agg_static,1.2,48,upsert,L0039,B_no_decision_flip,
b03core,base,agg_static@rho1.2,rep1_base_agg_static@rho1.2_b03core,1,agg_static,1.2,49,upsert,L0013,B_no_decision_flip,
b03core,base,agg_static@rho1.2,rep1_base_agg_static@rho1.2_b03core,1,agg_static,1.2,51,upsert,L0000,B_no_decision_flip,
b03core,base,agg_static@rho1.2,rep1_base_agg_static@rho1.2_b03core,1,agg_static,1.2,52,upsert,L0014,B_no_decision_flip,
b03core,base,agg_static@rho1.2,rep1_base_agg_static@rho1.2_b03core,1,agg_static,1.2,53,upsert,L0006,B_no_decision_flip,
b03core,base,agg_static@rho1.2,rep1_base_agg_static@rho1.2_b03core,1,agg_static,1.2,54,upsert,L0024,B_no_decision_flip,
b03core,base,agg_static@rho1.2,rep1_base_agg_static@rho1.2_b03core,1,agg_static,1.2,55,upsert,L0022,B_no_decision_flip,
b03core,base,agg_static@rho1.2,rep1_base_agg_static@rho1.2_b03core,1,agg_static,1.2,56,upsert,L0001,B_no_decision_flip,
b03core,base,agg_static@rho1.2,rep1_base_agg_static@rho1.2_b03core,1,agg_static,1.2,57,upsert,L0022,B_no_decision_flip,
b03core,base,agg_static@rho1.2,rep1_base_agg_static@rho1.2_b03core,1,agg_static,1.2,58,upsert,L0021,B_no_decision_flip,
b03core,base,agg_static@rho1.2,rep1_base_agg_static@rho1.2_b03core,1,agg_static,1.2,59,upsert,L0013,B_no_decision_flip,
b03core,base,agg_static@rho1.2,rep1_base_agg_static@rho1.2_b03core,1,agg_static,1.2,60,upsert,L0052,B_no_decision_flip,
b03core,base,agg_static@rho1.2,rep1_base_agg_static@rho1.2_b03core,1,agg_static,1.2,61,upsert,L0021,B_no_decision_flip,
b03core,base,agg_static@rho1.2,rep1_base_agg_static@rho1.2_b03core,1,agg_static,1.2,62,upsert,L0040,B_no_decision_flip,
b03core,base,exact_fifo@rho1.0,rep1_base_exact_fifo@rho1.0_b03core,1,exact_fifo,1.0,0,upsert,L0012,B_no_decision_flip,
b03core,base,exact_fifo@rho1.0,rep1_base_exact_fifo@rho1.0_b03core,1,exact_fifo,1.0,1,upsert,L0007,B_no_decision_flip,
b03core,base,exact_fifo@rho1.0,rep1_base_exact_fifo@rho1.0_b03core,1,exact_fifo,1.0,2,upsert,L0059,B_no_decision_flip,
b03core,base,exact_fifo@rho1.0,rep1_base_exact_fifo@rho1.0_b03core,1,exact_fifo,1.0,3,upsert,L0016,B_no_decision_flip,
b03core,base,exact_fifo@rho1.0,rep1_base_exact_fifo@rho1.0_b03core,1,exact_fifo,1.0,4,upsert,L0029,B_no_decision_flip,
b03core,base,exact_fifo@rho1.0,rep1_base_exact_fifo@rho1.0_b03core,1,exact_fifo,1.0,5,upsert,L0021,B_no_decision_flip,
b03core,base,exact_fifo@rho1.0,rep1_base_exact_fifo@rho1.0_b03core,1,exact_fifo,1.0,6,upsert,L0004,B_no_decision_flip,
b03core,base,exact_fifo@rho1.0,rep1_base_exact_fifo@rho1.0_b03core,1,exact_fifo,1.0,7,upsert,L0001,B_no_decision_flip,
b03core,base,exact_fifo@rho1.0,rep1_base_exact_fifo@rho1.0_b03core,1,exact_fifo,1.0,8,upsert,L0063,B_no_decision_flip,
b03core,base,exact_fifo@rho1.0,rep1_base_exact_fifo@rho1.0_b03core,1,exact_fifo,1.0,9,upsert,L0041,B_no_decision_flip,
b03core,base,exact_fifo@rho1.0,rep1_base_exact_fifo@rho1.0_b03core,1,exact_fifo,1.0,10,upsert,L0023,B_no_decision_flip,
b03core,base,exact_fifo@rho1.0,rep1_base_exact_fifo@rho1.0_b03core,1,exact_fifo,1.0,11,upsert,L0046,B_no_decision_flip,
b03core,base,exact_fifo@rho1.0,rep1_base_exact_fifo@rho1.0_b03core,1,exact_fifo,1.0,12,upsert,L0022,B_no_decision_flip,
b03core,base,exact_fifo@rho1.0,rep1_base_exact_fifo@rho1.0_b03core,1,exact_fifo,1.0,13,upsert,L0019,B_no_decision_flip,
b03core,base,exact_fifo@rho1.0,rep1_base_exact_fifo@rho1.0_b03core,1,exact_fifo,1.0,14,upsert,L0004,B_no_decision_flip,
b03core,base,exact_fifo@rho1.0,rep1_base_exact_fifo@rho1.0_b03core,1,exact_fifo,1.0,15,upsert,L0001,B_no_decision_flip,
b03core,base,exact_fifo@rho1.0,rep1_base_exact_fifo@rho1.0_b03core,1,exact_fifo,1.0,16,upsert,L0029,B_no_decision_flip,
b03core,base,exact_fifo@rho1.0,rep1_base_exact_fifo@rho1.0_b03core,1,exact_fifo,1.0,17,upsert,L0007,B_no_decision_flip,
b03core,base,exact_fifo@rho1.0,rep1_base_exact_fifo@rho1.0_b03core,1,exact_fifo,1.0,18,upsert,L0013,B_no_decision_flip,
b03core,base,exact_fifo@rho1.0,rep1_base_exact_fifo@rho1.0_b03core,1,exact_fifo,1.0,19,upsert,L0017,B_no_decision_flip,
b03core,base,exact_fifo@rho1.0,rep1_base_exact_fifo@rho1.0_b03core,1,exact_fifo,1.0,20,upsert,L0024,B_no_decision_flip,
b03core,base,exact_fifo@rho1.0,rep1_base_exact_fifo@rho1.0_b03core,1,exact_fifo,1.0,21,upsert,L0053,B_no_decision_flip,
b03core,base,exact_fifo@rho1.0,rep1_base_exact_fifo@rho1.0_b03core,1,exact_fifo,1.0,22,upsert,L0033,B_no_decision_flip,
b03core,base,exact_fifo@rho1.0,rep1_base_exact_fifo@rho1.0_b03core,1,exact_fifo,1.0,23,upsert,L0034,B_no_decision_flip,
b03core,base,exact_fifo@rho1.0,rep1_base_exact_fifo@rho1.0_b03core,1,exact_fifo,1.0,24,upsert,L0042,B_no_decision_flip,
