tag,point_id,cell_id,cell_tag,rep,policy,rho,value_definition,candidate_updates,selected_updates,selection_policy,budget_fraction,value_retention,seeds
b03core,base,exact_fifo@rho1.0,rep0_base_exact_fifo@rho1.0_b03core,0,exact_fifo,1.0,next_use,14,1,Random,0.1,0.029091438555620262,20
b03core,base,exact_fifo@rho1.0,rep0_base_exact_fifo@rho1.0_b03core,0,exact_fifo,1.0,next_use,14,3,Random,0.2,0.20372743156668605,20
b03core,base,exact_fifo@rho1.0,rep0_base_exact_fifo@rho1.0_b03core,0,exact_fifo,1.0,next_use,14,4,Random,0.3,0.27163657542224806,20
b03core,base,exact_fifo@rho1.0,rep0_base_exact_fifo@rho1.0_b03core,0,exact_fifo,1.0,next_use,14,6,Random,0.4,0.3574548631333721,20
b03core,base,exact_fifo@rho1.0,rep0_base_exact_fifo@rho1.0_b03core,0,exact_fifo,1.0,next_use,14,7,Random,0.5,0.45745486313337214,20
b03core,base,exact_fifo@rho1.0,rep0_base_exact_fifo@rho1.0_b03core,0,exact_fifo,1.0,next_use,14,8,Random,0.6,0.5432731508444961,20
b03core,base,exact_fifo@rho1.0,rep0_base_exact_fifo@rho1.0_b03core,0,exact_fifo,1.0,next_use,14,11,Random,0.8,0.75,20
b03core,base,exact_fifo@rho1.0,rep0_base_exact_fifo@rho1.0_b03core,0,exact_fifo,1.0,next_use,14,14,Random,1.0,1.0,20
b03core,base,exact_fifo@rho1.0,rep0_base_exact_fifo@rho1.0_b03core,0,exact_fifo,1.0,next_use,14,1,Freshness,0.1,0.0,1
b03core,base,exact_fifo@rho1.0,rep0_base_exact_fifo@rho1.0_b03core,0,exact_fifo,1.0,next_use,14,3,Freshness,0.2,0.0,1
b03core,base,exact_fifo@rho1.0,rep0_base_exact_fifo@rho1.0_b03core,0,exact_fifo,1.0,next_use,14,4,Freshness,0.3,0.0,1
b03core,base,exact_fifo@rho1.0,rep0_base_exact_fifo@rho1.0_b03core,0,exact_fifo,1.0,next_use,14,6,Freshness,0.4,0.2836342457775189,1
b03core,base,exact_fifo@rho1.0,rep0_base_exact_fifo@rho1.0_b03core,0,exact_fifo,1.0,next_use,14,7,Freshness,0.5,0.5672684915550378,1
b03core,base,exact_fifo@rho1.0,rep0_base_exact_fifo@rho1.0_b03core,0,exact_fifo,1.0,next_use,14,8,Freshness,0.6,0.8509027373325566,1
b03core,base,exact_fifo@rho1.0,rep0_base_exact_fifo@rho1.0_b03core,0,exact_fifo,1.0,next_use,14,11,Freshness,0.8,1.0,1
b03core,base,exact_fifo@rho1.0,rep0_base_exact_fifo@rho1.0_b03core,0,exact_fifo,1.0,next_use,14,14,Freshness,1.0,1.0,1
b03core,base,exact_fifo@rho1.0,rep0_base_exact_fifo@rho1.0_b03core,0,exact_fifo,1.0,next_use,14,1,CoverageDelta,0.1,0.0,1
b03core,base,exact_fifo@rho1.0,rep0_base_exact_fifo@rho1.0_b03core,0,exact_fifo,1.0,next_use,14,3,CoverageDelta,0.2,0.0,1
b03core,base,exact_fifo@rho1.0,rep0_base_exact_fifo@rho1.0_b03core,0,exact_fifo,1.0,next_use,14,4,CoverageDelta,0.3,0.0,1
b03core,base,exact_fifo@rho1.0,rep0_base_exact_fifo@rho1.0_b03core,0,exact_fifo,1.0,next_use,14,6,CoverageDelta,0.4,0.2836342457775189,1
b03core,base,exact_fifo@rho1.0,rep0_base_exact_fifo@rho1.0_b03core,0,exact_fifo,1.0,next_use,14,7,CoverageDelta,0.5,0.5672684915550378,1
b03core,base,exact_fifo@rho1.0,rep0_base_exact_fifo@rho1.0_b03core,0,exact_fifo,1.0,next_use,14,8,CoverageDelta,0.6,0.8509027373325566,1
b03core,base,exact_fifo@rho1.0,rep0_base_exact_fifo@rho1.0_b03core,0,exact_fifo,1.0,next_use,14,11,CoverageDelta,0.8,0.9254513686662783,1
b03core,base,exact_fifo@rho1.0,rep0_base_exact_fifo@rho1.0_b03core,0,exact_fifo,1.0,next_use,14,14,CoverageDelta,1.0,1.0,1
b03core,base,exact_fifo@rho1.0,rep0_base_exact_fifo@rho1.0_b03core,0,exact_fifo,1.0,next_use,14,1,CoverageAdvantage,0.1,0.0,1
b03core,base,exact_fifo@rho1.0,rep0_base_exact_fifo@rho1.0_b03core,0,exact_fifo,1.0,next_use,14,3,CoverageAdvantage,0.2,0.0,1
b03core,base,exact_fifo@rho1.0,rep0_base_exact_fifo@rho1.0_b03core,0,exact_fifo,1.0,next_use,14,4,CoverageAdvantage,0.3,0.0,1
b03core,base,exact_fifo@rho1.0,rep0_base_exact_fifo@rho1.0_b03core,0,exact_fifo,1.0,next_use,14,6,CoverageAdvantage,0.4,0.2836342457775189,1
b03core,base,exact_fifo@rho1.0,rep0_base_exact_fifo@rho1.0_b03core,0,exact_fifo,1.0,next_use,14,7,CoverageAdvantage,0.5,0.5672684915550378,1
b03core,base,exact_fifo@rho1.0,rep0_base_exact_fifo@rho1.0_b03core,0,exact_fifo,1.0,next_use,14,8,CoverageAdvantage,0.6,0.8509027373325566,1
b03core,base,exact_fifo@rho1.0,rep0_base_exact_fifo@rho1.0_b03core,0,exact_fifo,1.0,next_use,14,11,CoverageAdvantage,0.8,0.8509027373325566,1
b03core,base,exact_fifo@rho1.0,rep0_base_exact_fifo@rho1.0_b03core,0,exact_fifo,1.0,next_use,14,14,CoverageAdvantage,1.0,1.0,1
b03core,base,exact_fifo@rho1.0,rep0_base_exact_fifo@rho1.0_b03core,0,exact_fifo,1.0,next_use,14,1,SimpleCoverageLoad,0.1,0.0,1
b03core,base,exact_fifo@rho1.0,rep0_base_exact_fifo@rho1.0_b03core,0,exact_fifo,1.0,next_use,14,3,SimpleCoverageLoad,0.2,0.0,1
b03core,base,exact_fifo@rho1.0,rep0_base_exact_fifo@rho1.0_b03core,0,exact_fifo,1.0,next_use,14,4,SimpleCoverageLoad,0.3,0.0,1
b03core,base,exact_fifo@rho1.0,rep0_base_exact_fifo@rho1.0_b03core,0,exact_fifo,1.0,next_use,14,6,SimpleCoverageLoad,0.4,0.2836342457775189,1
b03core,base,exact_fifo@rho1.0,rep0_base_exact_fifo@rho1.0_b03core,0,exact_fifo,1.0,next_use,14,7,SimpleCoverageLoad,0.5,0.5672684915550378,1
b03core,base,exact_fifo@rho1.0,rep0_base_exact_fifo@rho1.0_b03core,0,exact_fifo,1.0,next_use,14,8,SimpleCoverageLoad,0.6,0.8509027373325566,1
b03core,base,exact_fifo@rho1.0,rep0_base_exact_fifo@rho1.0_b03core,0,exact_fifo,1.0,next_use,14,11,SimpleCoverageLoad,0.8,0.8509027373325566,1
b03core,base,exact_fifo@rho1.0,rep0_base_exact_fifo@rho1.0_b03core,0,exact_fifo,1.0,next_use,14,14,SimpleCoverageLoad,1.0,1.0,1
b03core,base,exact_fifo@rho1.0,rep0_base_exact_fifo@rho1.0_b03core,0,exact_fifo,1.0,next_use,14,1,DecisionAware,0.1,0.0,1
b03core,base,exact_fifo@rho1.0,rep0_base_exact_fifo@rho1.0_b03core,0,exact_fifo,1.0,next_use,14,3,DecisionAware,0.2,0.0,1
b03core,base,exact_fifo@rho1.0,rep0_base_exact_fifo@rho1.0_b03core,0,exact_fifo,1.0,next_use,14,4,DecisionAware,0.3,0.0,1
b03core,base,exact_fifo@rho1.0,rep0_base_exact_fifo@rho1.0_b03core,0,exact_fifo,1.0,next_use,14,6,DecisionAware,0.4,0.2836342457775189,1
b03core,base,exact_fifo@rho1.0,rep0_base_exact_fifo@rho1.0_b03core,0,exact_fifo,1.0,next_use,14,7,DecisionAware,0.5,0.5672684915550378,1
b03core,base,exact_fifo@rho1.0,rep0_base_exact_fifo@rho1.0_b03core,0,exact_fifo,1.0,next_use,14,8,DecisionAware,0.6,0.8509027373325566,1
b03core,base,exact_fifo@rho1.0,rep0_base_exact_fifo@rho1.0_b03core,0,exact_fifo,1.0,next_use,14,11,DecisionAware,0.8,0.8509027373325566,1
b03core,base,exact_fifo@rho1.0,rep0_base_exact_fifo@rho1.0_b03core,0,exact_fifo,1.0,next_use,14,14,DecisionAware,1.0,1.0,1
b03core,base,exact_fifo@rho1.0,rep0_base_exact_fifo@rho1.0_b03core,0,exact_fifo,1.0,next_use,14,1,B02Utility,0.1,0.0,1
b03core,base,exact_fifo@rho1.0,rep0_base_exact_fifo@rho1.0_b03core,0,exact_fifo,1.0,next_use,14,3,B02Utility,0.2,0.0745486313337216,1
b03core,base,exact_fifo@rho1.0,rep0_base_exact_fifo@rho1.0_b03core,0,exact_fifo,1.0,next_use,14,4,B02Utility,0.3,0.1490972626674432,1
b03core,base,exact_fifo@rho1.0,rep0_base_exact_fifo@rho1.0_b03core,0,exact_fifo,1.0,next_use,14,6,B02Utility,0.4,0.1490972626674432,1
b03core,base,exact_fifo@rho1.0,rep0_base_exact_fifo@rho1.0_b03core,0,exact_fifo,1.0,next_use,14,7,B02Utility,0.5,0.1490972626674432,1
b03core,base,exact_fifo@rho1.0,rep0_base_exact_fifo@rho1.0_b03core,0,exact_fifo,1.0,next_use,14,8,B02Utility,0.6,0.1490972626674432,1
b03core,base,exact_fifo@rho1.0,rep0_base_exact_fifo@rho1.0_b03core,0,exact_fifo,1.0,next_use,14,11,B02Utility,0.8,0.716365754222481,1
b03core,base,exact_fifo@rho1.0,rep0_base_exact_fifo@rho1.0_b03core,0,exact_fifo,1.0,next_use,14,14,B02Utility,1.0,1.0,1
b03core,base,exact_fifo@rho1.0,rep0_base_exact_fifo@rho1.0_b03core,0,exact_fifo,1.0,next_use,14,1,Oracle,0.1,0.2836342457775189,1
b03core,base,exact_fifo@rho1.0,rep0_base_exact_fifo@rho1.0_b03core,0,exact_fifo,1.0,next_use,14,3,Oracle,0.2,0.8509027373325566,1
b03core,base,exact_fifo@rho1.0,rep0_base_exact_fifo@rho1.0_b03core,0,exact_fifo,1.0,next_use,14,4,Oracle,0.3,0.9254513686662783,1
b03core,base,exact_fifo@rho1.0,rep0_base_exact_fifo@rho1.0_b03core,0,exact_fifo,1.0,next_use,14,6,Oracle,0.4,1.0,1
b03core,base,exact_fifo@rho1.0,rep0_base_exact_fifo@rho1.0_b03core,0,exact_fifo,1.0,next_use,14,7,Oracle,0.5,1.0,1
b03core,base,exact_fifo@rho1.0,rep0_base_exact_fifo@rho1.0_b03core,0,exact_fifo,1.0,next_use,14,8,Oracle,0.6,1.0,1
b03core,base,exact_fifo@rho1.0,rep0_base_exact_fifo@rho1.0_b03core,0,exact_fifo,1.0,next_use,14,11,Oracle,0.8,1.0,1
b03core,base,exact_fifo@rho1.0,rep0_base_exact_fifo@rho1.0_b03core,0,exact_fifo,1.0,next_use,14,14,Oracle,1.0,1.0,1
b03core,base,exact_fifo@rho1.0,rep0_base_exact_fifo@rho1.0_b03core,0,exact_fifo,1.0,horizon_h4,14,1,Random,0.1,0.01666666666666667,20
b03core,base,exact_fifo@rho1.0,rep0_base_exact_fifo@rho1.0_b03core,0,exact_fifo,1.0,horizon_h4,14,3,Random,0.2,0.2,20
b03core,base,exact_fifo@rho1.0,rep0_base_exact_fifo@rho1.0_b03core,0,exact_fifo,1.0,horizon_h4,14,4,Random,0.3,0.2666666666666667,20
b03core,base,exact_fifo@rho1.0,rep0_base_exact_fifo@rho1.0_b03core,0,exact_fifo,1.0,horizon_h4,14,6,Random,0.4,0.35000000000000003,20
b03core,base,exact_fifo@rho1.0,rep0_base_exact_fifo@rho1.0_b03core,0,exact_fifo,1.0,horizon_h4,14,7,Random,0.5,0.45000000000000007,20
b03core,base,exact_fifo@rho1.0,rep0_base_exact_fifo@rho1.0_b03core,0,exact_fifo,1.0,horizon_h4,14,8,Random,0.6,0.5333333333333334,20
b03core,base,exact_fifo@rho1.0,rep0_base_exact_fifo@rho1.0_b03core,0,exact_fifo,1.0,horizon_h4,14,11,Random,0.8,0.75,20
b03core,base,exact_fifo@rho1.0,rep0_base_exact_fifo@rho1.0_b03core,0,exact_fifo,1.0,horizon_h4,14,14,Random,1.0,1.0,20
b03core,base,exact_fifo@rho1.0,rep0_base_exact_fifo@rho1.0_b03core,0,exact_fifo,1.0,horizon_h4,14,1,Freshness,0.1,0.0,1
b03core,base,exact_fifo@rho1.0,rep0_base_exact_fifo@rho1.0_b03core,0,exact_fifo,1.0,horizon_h4,14,3,Freshness,0.2,0.0,1
b03core,base,exact_fifo@rho1.0,rep0_base_exact_fifo@rho1.0_b03core,0,exact_fifo,1.0,horizon_h4,14,4,Freshness,0.3,0.0,1
b03core,base,exact_fifo@rho1.0,rep0_base_exact_fifo@rho1.0_b03core,0,exact_fifo,1.0,horizon_h4,14,6,Freshness,0.4,0.33333333333333337,1
b03core,base,exact_fifo@rho1.0,rep0_base_exact_fifo@rho1.0_b03core,0,exact_fifo,1.0,horizon_h4,14,7,Freshness,0.5,0.6666666666666667,1
b03core,base,exact_fifo@rho1.0,rep0_base_exact_fifo@rho1.0_b03core,0,exact_fifo,1.0,horizon_h4,14,8,Freshness,0.6,1.0,1
b03core,base,exact_fifo@rho1.0,rep0_base_exact_fifo@rho1.0_b03core,0,exact_fifo,1.0,horizon_h4,14,11,Freshness,0.8,1.0,1
b03core,base,exact_fifo@rho1.0,rep0_base_exact_fifo@rho1.0_b03core,0,exact_fifo,1.0,horizon_h4,14,14,Freshness,1.0,1.0,1
b03core,base,exact_fifo@rho1.0,rep0_base_exact_fifo@rho1.0_b03core,0,exact_fifo,1.0,horizon_h4,14,1,CoverageDelta,0.1,0.0,1
b03core,base,exact_fifo@rho1.0,rep0_base_exact_fifo@rho1.0_b03core,0,exact_fifo,1.0,horizon_h4,14,3,CoverageDelta,0.2,0.0,1
b03core,base,exact_fifo@rho1.0,rep0_base_exact_fifo@rho1.0_b03core,0,exact_fifo,1.0,horizon_h4,14,4,CoverageDelta,0.3,0.0,1
b03core,base,exact_fifo@rho1.0,rep0_base_exact_fifo@rho1.0_b03core,0,exact_fifo,1.0,horizon_h4,14,6,CoverageDelta,0.4,0.33333333333333337,1
b03core,base,exact_fifo@rho1.0,rep0_base_exact_fifo@rho1.0_b03core,0,exact_fifo,1.0,horizon_h4,14,7,CoverageDelta,0.5,0.6666666666666667,1
b03core,base,exact_fifo@rho1.0,rep0_base_exact_fifo@rho1.0_b03core,0,exact_fifo,1.0,horizon_h4,14,8,CoverageDelta,0.6,1.0,1
b03core,base,exact_fifo@rho1.0,rep0_base_exact_fifo@rho1.0_b03core,0,exact_fifo,1.0,horizon_h4,14,11,CoverageDelta,0.8,1.0,1
b03core,base,exact_fifo@rho1.0,rep0_base_exact_fifo@rho1.0_b03core,0,exact_fifo,1.0,horizon_h4,14,14,CoverageDelta,1.0,1.0,1
b03core,base,exact_fifo@rho1.0,rep0_base_exact_fifo@rho1.0_b03core,0,exact_fifo,1.0,horizon_h4,14,1,CoverageAdvantage,0.1,0.0,1
b03core,base,exact_fifo@rho1.0,rep0_base_exact_fifo@rho1.0_b03core,0,exact_fifo,1.0,horizon_h4,14,3,CoverageAdvantage,0.2,0.0,1
b03core,base,exact_fifo@rho1.0,rep0_base_exact_fifo@rho1.0_b03core,0,exact_fifo,1.0,horizon_h4,14,4,CoverageAdvantage,0.3,0.0,1
b03core,base,exact_fifo@rho1.0,rep0_base_exact_fifo@rho1.0_b03core,0,exact_fifo,1.0,horizon_h4,14,6,CoverageAdvantage,0.4,0.33333333333333337,1
b03core,base,exact_fifo@rho1.0,rep0_base_exact_fifo@rho1.0_b03core,0,exact_fifo,1.0,horizon_h4,14,7,CoverageAdvantage,0.5,0.6666666666666667,1
b03core,base,exact_fifo@rho1.0,rep0_base_exact_fifo@rho1.0_b03core,0,exact_fifo,1.0,horizon_h4,14,8,CoverageAdvantage,0.6,1.0,1
b03core,base,exact_fifo@rho1.0,rep0_base_exact_fifo@rho1.0_b03core,0,exact_fifo,1.0,horizon_h4,14,11,CoverageAdvantage,0.8,1.0,1
b03core,base,exact_fifo@rho1.0,rep0_base_exact_fifo@rho1.0_b03core,0,exact_fifo,1.0,horizon_h4,14,14,CoverageAdvantage,1.0,1.0,1
b03core,base,exact_fifo@rho1.0,rep0_base_exact_fifo@rho1.0_b03core,0,exact_fifo,1.0,horizon_h4,14,1,SimpleCoverageLoad,0.1,0.0,1
b03core,base,exact_fifo@rho1.0,rep0_base_exact_fifo@rho1.0_b03core,0,exact_fifo,1.0,horizon_h4,14,3,SimpleCoverageLoad,0.2,0.0,1
b03core,base,exact_fifo@rho1.0,rep0_base_exact_fifo@rho1.0_b03core,0,exact_fifo,1.0,horizon_h4,14,4,SimpleCoverageLoad,0.3,0.0,1
b03core,base,exact_fifo@rho1.0,rep0_base_exact_fifo@rho1.0_b03core,0,exact_fifo,1.0,horizon_h4,14,6,SimpleCoverageLoad,0.4,0.33333333333333337,1
b03core,base,exact_fifo@rho1.0,rep0_base_exact_fifo@rho1.0_b03core,0,exact_fifo,1.0,horizon_h4,14,7,SimpleCoverageLoad,0.5,0.6666666666666667,1
b03core,base,exact_fifo@rho1.0,rep0_base_exact_fifo@rho1.0_b03core,0,exact_fifo,1.0,horizon_h4,14,8,SimpleCoverageLoad,0.6,1.0,1
b03core,base,exact_fifo@rho1.0,rep0_base_exact_fifo@rho1.0_b03core,0,exact_fifo,1.0,horizon_h4,14,11,SimpleCoverageLoad,0.8,1.0,1
b03core,base,exact_fifo@rho1.0,rep0_base_exact_fifo@rho1.0_b03core,0,exact_fifo,1.0,horizon_h4,14,14,SimpleCoverageLoad,1.0,1.0,1
b03core,base,exact_fifo@rho1.0,rep0_base_exact_fifo@rho1.0_b03core,0,exact_fifo,1.0,horizon_h4,14,1,DecisionAware,0.1,0.0,1
b03core,base,exact_fifo@rho1.0,rep0_base_exact_fifo@rho1.0_b03core,0,exact_fifo,1.0,horizon_h4,14,3,DecisionAware,0.2,0.0,1
b03core,base,exact_fifo@rho1.0,rep0_base_exact_fifo@rho1.0_b03core,0,exact_fifo,1.0,horizon_h4,14,4,DecisionAware,0.3,0.0,1
b03core,base,exact_fifo@rho1.0,rep0_base_exact_fifo@rho1.0_b03core,0,exact_fifo,1.0,horizon_h4,14,6,DecisionAware,0.4,0.33333333333333337,1
b03core,base,exact_fifo@rho1.0,rep0_base_exact_fifo@rho1.0_b03core,0,exact_fifo,1.0,horizon_h4,14,7,DecisionAware,0.5,0.6666666666666667,1
b03core,base,exact_fifo@rho1.0,rep0_base_exact_fifo@rho1.0_b03core,0,exact_fifo,1.0,horizon_h4,14,8,DecisionAware,0.6,1.0,1
b03core,base,exact_fifo@rho1.0,rep0_base_exact_fifo@rho1.0_b03core,0,exact_fifo,1.0,horizon_h4,14,11,DecisionAware,0.8,1.0,1
b03core,base,exact_fifo@rho1.0,rep0_base_exact_fifo@rho1.0_b03core,0,exact_fifo,1.0,horizon_h4,14,14,DecisionAware,1.0,1.0,1
b03core,base,exact_fifo@rho1.0,rep0_base_exact_fifo@rho1.0_b03core,0,exact_fifo,1.0,horizon_h4,14,1,B02Utility,0.1,0.0,1
b03core,base,exact_fifo@rho1.0,rep0_base_exact_fifo@rho1.0_b03core,0,exact_fifo,1.0,horizon_h4,14,3,B02Utility,0.2,0.0,1
b03core,base,exact_fifo@rho1.0,rep0_base_exact_fifo@rho1.0_b03core,0,exact_fifo,1.0,horizon_h4,14,4,B02Utility,0.3,0.0,1
b03core,base,exact_fifo@rho1.0,rep0_base_exact_fifo@rho1.0_b03core,0,exact_fifo,1.0,horizon_h4,14,6,B02Utility,0.4,0.0,1
b03core,base,exact_fifo@rho1.0,rep0_base_exact_fifo@rho1.0_b03core,0,exact_fifo,1.0,horizon_h4,14,7,B02Utility,0.5,0.0,1
b03core,base,exact_fifo@rho1.0,rep0_base_exact_fifo@rho1.0_b03core,0,exact_fifo,1.0,horizon_h4,14,8,B02Utility,0.6,0.0,1
b03core,base,exact_fifo@rho1.0,rep0_base_exact_fifo@rho1.0_b03core,0,exact_fifo,1.0,horizon_h4,14,11,B02Utility,0.8,0.6666666666666667,1
b03core,base,exact_fifo@rho1.0,rep0_base_exact_fifo@rho1.0_b03core,0,exact_fifo,1.0,horizon_h4,14,14,B02Utility,1.0,1.0,1
b03core,base,exact_fifo@rho1.0,rep0_base_exact_fifo@rho1.0_b03core,0,exact_fifo,1.0,horizon_h4,14,1,Oracle,0.1,0.33333333333333337,1
b03core,base,exact_fifo@rho1.0,rep0_base_exact_fifo@rho1.0_b03core,0,exact_fifo,1.0,horizon_h4,14,3,Oracle,0.2,1.0,1
b03core,base,exact_fifo@rho1.0,rep0_base_exact_fifo@rho1.0_b03core,0,exact_fifo,1.0,horizon_h4,14,4,Oracle,0.3,1.0,1
b03core,base,exact_fifo@rho1.0,rep0_base_exact_fifo@rho1.0_b03core,0,exact_fifo,1.0,horizon_h4,14,6,Oracle,0.4,1.0,1
b03core,base,exact_fifo@rho1.0,rep0_base_exact_fifo@rho1.0_b03core,0,exact_fifo,1.0,horizon_h4,14,7,Oracle,0.5,1.0,1
b03core,base,exact_fifo@rho1.0,rep0_base_exact_fifo@rho1.0_b03core,0,exact_fifo,1.0,horizon_h4,14,8,Oracle,0.6,1.0,1
b03core,base,exact_fifo@rho1.0,rep0_base_exact_fifo@rho1.0_b03core,0,exact_fifo,1.0,horizon_h4,14,11,Oracle,0.8,1.0,1
b03core,base,exact_fifo@rho1.0,rep0_base_exact_fifo@rho1.0_b03core,0,exact_fifo,1.0,horizon_h4,14,14,Oracle,1.0,1.0,1
b03core,base,exact_fifo@rho0.8,rep0_base_exact_fifo@rho0.8_b03core,0,exact_fifo,0.8,next_use,13,1,Random,0.1,0.10070741369552913,20
b03core,base,exact_fifo@rho0.8,rep0_base_exact_fifo@rho0.8_b03core,0,exact_fifo,0.8,next_use,13,3,Random,0.2,0.22243916242218448,20
b03core,base,exact_fifo@rho0.8,rep0_base_exact_fifo@rho0.8_b03core,0,exact_fifo,0.8,next_use,13,4,Random,0.3,0.3079513299377476,20
b03core,base,exact_fifo@rho0.8,rep0_base_exact_fifo@rho0.8_b03core,0,exact_fifo,0.8,next_use,13,5,Random,0.4,0.38259762308998296,20
b03core,base,exact_fifo@rho0.8,rep0_base_exact_fifo@rho0.8_b03core,0,exact_fifo,0.8,next_use,13,6,Random,0.5,0.46086587436332765,20
b03core,base,exact_fifo@rho0.8,rep0_base_exact_fifo@rho0.8_b03core,0,exact_fifo,0.8,next_use,13,8,Random,0.6,0.6137804187889077,20
b03core,base,exact_fifo@rho0.8,rep0_base_exact_fifo@rho0.8_b03core,0,exact_fifo,0.8,next_use,13,10,Random,0.8,0.7072439162422184,20
b03core,base,exact_fifo@rho0.8,rep0_base_exact_fifo@rho0.8_b03core,0,exact_fifo,0.8,next_use,13,13,Random,1.0,1.0,20
b03core,base,exact_fifo@rho0.8,rep0_base_exact_fifo@rho0.8_b03core,0,exact_fifo,0.8,next_use,13,1,Freshness,0.1,0.0,1
b03core,base,exact_fifo@rho0.8,rep0_base_exact_fifo@rho0.8_b03core,0,exact_fifo,0.8,next_use,13,3,Freshness,0.2,0.0,1
b03core,base,exact_fifo@rho0.8,rep0_base_exact_fifo@rho0.8_b03core,0,exact_fifo,0.8,next_use,13,4,Freshness,0.3,0.07243916242218448,1
b03core,base,exact_fifo@rho0.8,rep0_base_exact_fifo@rho0.8_b03core,0,exact_fifo,0.8,next_use,13,5,Freshness,0.4,0.34804753820033957,1
b03core,base,exact_fifo@rho0.8,rep0_base_exact_fifo@rho0.8_b03core,0,exact_fifo,0.8,next_use,13,6,Freshness,0.5,0.6378041878890774,1
b03core,base,exact_fifo@rho0.8,rep0_base_exact_fifo@rho0.8_b03core,0,exact_fifo,0.8,next_use,13,8,Freshness,0.6,0.6519524617996604,1
b03core,base,exact_fifo@rho0.8,rep0_base_exact_fifo@rho0.8_b03core,0,exact_fifo,0.8,next_use,13,10,Freshness,0.8,0.9417091114883983,1
b03core,base,exact_fifo@rho0.8,rep0_base_exact_fifo@rho0.8_b03core,0,exact_fifo,0.8,next_use,13,13,Freshness,1.0,1.0,1
b03core,base,exact_fifo@rho0.8,rep0_base_exact_fifo@rho0.8_b03core,0,exact_fifo,0.8,next_use,13,1,CoverageDelta,0.1,0.0,1
b03core,base,exact_fifo@rho0.8,rep0_base_exact_fifo@rho0.8_b03core,0,exact_fifo,0.8,next_use,13,3,CoverageDelta,0.2,0.0865874363327674,1
b03core,base,exact_fifo@rho0.8,rep0_base_exact_fifo@rho0.8_b03core,0,exact_fifo,0.8,next_use,13,4,CoverageDelta,0.3,0.0865874363327674,1
b03core,base,exact_fifo@rho0.8,rep0_base_exact_fifo@rho0.8_b03core,0,exact_fifo,0.8,next_use,13,5,CoverageDelta,0.4,0.14487832484436897,1
b03core,base,exact_fifo@rho0.8,rep0_base_exact_fifo@rho0.8_b03core,0,exact_fifo,0.8,next_use,13,6,CoverageDelta,0.5,0.14487832484436897,1
b03core,base,exact_fifo@rho0.8,rep0_base_exact_fifo@rho0.8_b03core,0,exact_fifo,0.8,next_use,13,8,CoverageDelta,0.6,0.14487832484436897,1
b03core,base,exact_fifo@rho0.8,rep0_base_exact_fifo@rho0.8_b03core,0,exact_fifo,0.8,next_use,13,10,CoverageDelta,0.8,0.710243350311262,1
b03core,base,exact_fifo@rho0.8,rep0_base_exact_fifo@rho0.8_b03core,0,exact_fifo,0.8,next_use,13,13,CoverageDelta,1.0,1.0,1
b03core,base,exact_fifo@rho0.8,rep0_base_exact_fifo@rho0.8_b03core,0,exact_fifo,0.8,next_use,13,1,CoverageAdvantage,0.1,0.0,1
b03core,base,exact_fifo@rho0.8,rep0_base_exact_fifo@rho0.8_b03core,0,exact_fifo,0.8,next_use,13,3,CoverageAdvantage,0.2,0.07243916242218448,1
b03core,base,exact_fifo@rho0.8,rep0_base_exact_fifo@rho0.8_b03core,0,exact_fifo,0.8,next_use,13,4,CoverageAdvantage,0.3,0.0865874363327674,1
b03core,base,exact_fifo@rho0.8,rep0_base_exact_fifo@rho0.8_b03core,0,exact_fifo,0.8,next_use,13,5,CoverageAdvantage,0.4,0.0865874363327674,1
b03core,base,exact_fifo@rho0.8,rep0_base_exact_fifo@rho0.8_b03core,0,exact_fifo,0.8,next_use,13,6,CoverageAdvantage,0.5,0.14487832484436897,1
b03core,base,exact_fifo@rho0.8,rep0_base_exact_fifo@rho0.8_b03core,0,exact_fifo,0.8,next_use,13,8,CoverageAdvantage,0.6,0.14487832484436897,1
b03core,base,exact_fifo@rho0.8,rep0_base_exact_fifo@rho0.8_b03core,0,exact_fifo,0.8,next_use,13,10,CoverageAdvantage,0.8,0.42048670062252397,1
b03core,base,exact_fifo@rho0.8,rep0_base_exact_fifo@rho0.8_b03core,0,exact_fifo,0.8,next_use,13,13,CoverageAdvantage,1.0,1.0,1
b03core,base,exact_fifo@rho0.8,rep0_base_exact_fifo@rho0.8_b03core,0,exact_fifo,0.8,next_use,13,1,SimpleCoverageLoad,0.1,0.0,1
b03core,base,exact_fifo@rho0.8,rep0_base_exact_fifo@rho0.8_b03core,0,exact_fifo,0.8,next_use,13,3,SimpleCoverageLoad,0.2,0.07243916242218448,1
b03core,base,exact_fifo@rho0.8,rep0_base_exact_fifo@rho0.8_b03core,0,exact_fifo,0.8,next_use,13,4,SimpleCoverageLoad,0.3,0.0865874363327674,1
b03core,base,exact_fifo@rho0.8,rep0_base_exact_fifo@rho0.8_b03core,0,exact_fifo,0.8,next_use,13,5,SimpleCoverageLoad,0.4,0.0865874363327674,1
b03core,base,exact_fifo@rho0.8,rep0_base_exact_fifo@rho0.8_b03core,0,exact_fifo,0.8,next_use,13,6,SimpleCoverageLoad,0.5,0.14487832484436897,1
b03core,base,exact_fifo@rho0.8,rep0_base_exact_fifo@rho0.8_b03core,0,exact_fifo,0.8,next_use,13,8,SimpleCoverageLoad,0.6,0.14487832484436897,1
b03core,base,exact_fifo@rho0.8,rep0_base_exact_fifo@rho0.8_b03core,0,exact_fifo,0.8,next_use,13,10,SimpleCoverageLoad,0.8,0.42048670062252397,1
b03core,base,exact_fifo@rho0.8,rep0_base_exact_fifo@rho0.8_b03core,0,exact_fifo,0.8,next_use,13,13,SimpleCoverageLoad,1.0,1.0,1
b03core,base,exact_fifo@rho0.8,rep0_base_exact_fifo@rho0.8_b03core,0,exact_fifo,0.8,next_use,13,1,DecisionAware,0.1,0.0,1
b03core,base,exact_fifo@rho0.8,rep0_base_exact_fifo@rho0.8_b03core,0,exact_fifo,0.8,next_use,13,3,DecisionAware,0.2,0.0,1
b03core,base,exact_fifo@rho0.8,rep0_base_exact_fifo@rho0.8_b03core,0,exact_fifo,0.8,next_use,13,4,DecisionAware,0.3,0.07243916242218448,1
b03core,base,exact_fifo@rho0.8,rep0_base_exact_fifo@rho0.8_b03core,0,exact_fifo,0.8,next_use,13,5,DecisionAware,0.4,0.0865874363327674,1
b03core,base,exact_fifo@rho0.8,rep0_base_exact_fifo@rho0.8_b03core,0,exact_fifo,0.8,next_use,13,6,DecisionAware,0.5,0.14487832484436897,1
b03core,base,exact_fifo@rho0.8,rep0_base_exact_fifo@rho0.8_b03core,0,exact_fifo,0.8,next_use,13,8,DecisionAware,0.6,0.14487832484436897,1
b03core,base,exact_fifo@rho0.8,rep0_base_exact_fifo@rho0.8_b03core,0,exact_fifo,0.8,next_use,13,10,DecisionAware,0.8,0.14487832484436897,1
b03core,base,exact_fifo@rho0.8,rep0_base_exact_fifo@rho0.8_b03core,0,exact_fifo,0.8,next_use,13,13,DecisionAware,1.0,1.0,1
b03core,base,exact_fifo@rho0.8,rep0_base_exact_fifo@rho0.8_b03core,0,exact_fifo,0.8,next_use,13,1,B02Utility,0.1,0.0,1
b03core,base,exact_fifo@rho0.8,rep0_base_exact_fifo@rho0.8_b03core,0,exact_fifo,0.8,next_use,13,3,B02Utility,0.2,0.07243916242218448,1
b03core,base,exact_fifo@rho0.8,rep0_base_exact_fifo@rho0.8_b03core,0,exact_fifo,0.8,next_use,13,4,B02Utility,0.3,0.0865874363327674,1
b03core,base,exact_fifo@rho0.8,rep0_base_exact_fifo@rho0.8_b03core,0,exact_fifo,0.8,next_use,13,5,B02Utility,0.4,0.0865874363327674,1
b03core,base,exact_fifo@rho0.8,rep0_base_exact_fifo@rho0.8_b03core,0,exact_fifo,0.8,next_use,13,6,B02Utility,0.5,0.14487832484436897,1
b03core,base,exact_fifo@rho0.8,rep0_base_exact_fifo@rho0.8_b03core,0,exact_fifo,0.8,next_use,13,8,B02Utility,0.6,0.14487832484436897,1
b03core,base,exact_fifo@rho0.8,rep0_base_exact_fifo@rho0.8_b03core,0,exact_fifo,0.8,next_use,13,10,B02Utility,0.8,0.42048670062252397,1
b03core,base,exact_fifo@rho0.8,rep0_base_exact_fifo@rho0.8_b03core,0,exact_fifo,0.8,next_use,13,13,B02Utility,1.0,1.0,1
b03core,base,exact_fifo@rho0.8,rep0_base_exact_fifo@rho0.8_b03core,0,exact_fifo,0.8,next_use,13,1,Oracle,0.1,0.28975664968873793,1
b03core,base,exact_fifo@rho0.8,rep0_base_exact_fifo@rho0.8_b03core,0,exact_fifo,0.8,next_use,13,3,Oracle,0.2,0.8551216751556309,1
b03core,base,exact_fifo@rho0.8,rep0_base_exact_fifo@rho0.8_b03core,0,exact_fifo,0.8,next_use,13,4,Oracle,0.3,0.9275608375778155,1
b03core,base,exact_fifo@rho0.8,rep0_base_exact_fifo@rho0.8_b03core,0,exact_fifo,0.8,next_use,13,5,Oracle,0.4,0.9858517260894171,1
b03core,base,exact_fifo@rho0.8,rep0_base_exact_fifo@rho0.8_b03core,0,exact_fifo,0.8,next_use,13,6,Oracle,0.5,1.0,1
b03core,base,exact_fifo@rho0.8,rep0_base_exact_fifo@rho0.8_b03core,0,exact_fifo,0.8,next_use,13,8,Oracle,0.6,1.0,1
b03core,base,exact_fifo@rho0.8,rep0_base_exact_fifo@rho0.8_b03core,0,exact_fifo,0.8,next_use,13,10,Oracle,0.8,1.0,1
b03core,base,exact_fifo@rho0.8,rep0_base_exact_fifo@rho0.8_b03core,0,exact_fifo,0.8,next_use,13,13,Oracle,1.0,1.0,1
b03core,base,exact_fifo@rho0.8,rep0_base_exact_fifo@rho0.8_b03core,0,exact_fifo,0.8,horizon_h4,13,1,Random,0.1,0.10070741369552913,20
b03core,base,exact_fifo@rho0.8,rep0_base_exact_fifo@rho0.8_b03core,0,exact_fifo,0.8,horizon_h4,13,3,Random,0.2,0.22243916242218448,20
b03core,base,exact_fifo@rho0.8,rep0_base_exact_fifo@rho0.8_b03core,0,exact_fifo,0.8,horizon_h4,13,4,Random,0.3,0.3079513299377476,20
b03core,base,exact_fifo@rho0.8,rep0_base_exact_fifo@rho0.8_b03core,0,exact_fifo,0.8,horizon_h4,13,5,Random,0.4,0.38259762308998296,20
b03core,base,exact_fifo@rho0.8,rep0_base_exact_fifo@rho0.8_b03core,0,exact_fifo,0.8,horizon_h4,13,6,Random,0.5,0.46086587436332765,20
b03core,base,exact_fifo@rho0.8,rep0_base_exact_fifo@rho0.8_b03core,0,exact_fifo,0.8,horizon_h4,13,8,Random,0.6,0.6137804187889077,20
b03core,base,exact_fifo@rho0.8,rep0_base_exact_fifo@rho0.8_b03core,0,exact_fifo,0.8,horizon_h4,13,10,Random,0.8,0.7072439162422184,20
b03core,base,exact_fifo@rho0.8,rep0_base_exact_fifo@rho0.8_b03core,0,exact_fifo,0.8,horizon_h4,13,13,Random,1.0,1.0,20
b03core,base,exact_fifo@rho0.8,rep0_base_exact_fifo@rho0.8_b03core,0,exact_fifo,0.8,horizon_h4,13,1,Freshness,0.1,0.0,1
b03core,base,exact_fifo@rho0.8,rep0_base_exact_fifo@rho0.8_b03core,0,exact_fifo,0.8,horizon_h4,13,3,Freshness,0.2,0.0,1
b03core,base,exact_fifo@rho0.8,rep0_base_exact_fifo@rho0.8_b03core,0,exact_fifo,0.8,horizon_h4,13,4,Freshness,0.3,0.07243916242218448,1
b03core,base,exact_fifo@rho0.8,rep0_base_exact_fifo@rho0.8_b03core,0,exact_fifo,0.8,horizon_h4,13,5,Freshness,0.4,0.34804753820033957,1
b03core,base,exact_fifo@rho0.8,rep0_base_exact_fifo@rho0.8_b03core,0,exact_fifo,0.8,horizon_h4,13,6,Freshness,0.5,0.6378041878890774,1
b03core,base,exact_fifo@rho0.8,rep0_base_exact_fifo@rho0.8_b03core,0,exact_fifo,0.8,horizon_h4,13,8,Freshness,0.6,0.6519524617996604,1
b03core,base,exact_fifo@rho0.8,rep0_base_exact_fifo@rho0.8_b03core,0,exact_fifo,0.8,horizon_h4,13,10,Freshness,0.8,0.9417091114883983,1
b03core,base,exact_fifo@rho0.8,rep0_base_exact_fifo@rho0.8_b03core,0,exact_fifo,0.8,horizon_h4,13,13,Freshness,1.0,1.0,1
b03core,base,exact_fifo@rho0.8,rep0_base_exact_fifo@rho0.8_b03core,0,exact_fifo,0.8,horizon_h4,13,1,CoverageDelta,0.1,0.0,1
b03core,base,exact_fifo@rho0.8,rep0_base_exact_fifo@rho0.8_b03core,0,exact_fifo,0.8,horizon_h4,13,3,CoverageDelta,0.2,0.0865874363327674,1
b03core,base,exact_fifo@rho0.8,rep0_base_exact_fifo@rho0.8_b03core,0,exact_fifo,0.8,horizon_h4,13,4,CoverageDelta,0.3,0.0865874363327674,1
b03core,base,exact_fifo@rho0.8,rep0_base_exact_fifo@rho0.8_b03core,0,exact_fifo,0.8,horizon_h4,13,5,CoverageDelta,0.4,0.14487832484436897,1
b03core,base,exact_fifo@rho0.8,rep0_base_exact_fifo@rho0.8_b03core,0,exact_fifo,0.8,horizon_h4,13,6,CoverageDelta,0.5,0.14487832484436897,1
b03core,base,exact_fifo@rho0.8,rep0_base_exact_fifo@rho0.8_b03core,0,exact_fifo,0.8,horizon_h4,13,8,CoverageDelta,0.6,0.14487832484436897,1
b03core,base,exact_fifo@rho0.8,rep0_base_exact_fifo@rho0.8_b03core,0,exact_fifo,0.8,horizon_h4,13,10,CoverageDelta,0.8,0.710243350311262,1
b03core,base,exact_fifo@rho0.8,rep0_base_exact_fifo@rho0.8_b03core,0,exact_fifo,0.8,horizon_h4,13,13,CoverageDelta,1.0,1.0,1
b03core,base,exact_fifo@rho0.8,rep0_base_exact_fifo@rho0.8_b03core,0,exact_fifo,0.8,horizon_h4,13,1,CoverageAdvantage,0.1,0.0,1
b03core,base,exact_fifo@rho0.8,rep0_base_exact_fifo@rho0.8_b03core,0,exact_fifo,0.8,horizon_h4,13,3,CoverageAdvantage,0.2,0.07243916242218448,1
b03core,base,exact_fifo@rho0.8,rep0_base_exact_fifo@rho0.8_b03core,0,exact_fifo,0.8,horizon_h4,13,4,CoverageAdvantage,0.3,0.0865874363327674,1
b03core,base,exact_fifo@rho0.8,rep0_base_exact_fifo@rho0.8_b03core,0,exact_fifo,0.8,horizon_h4,13,5,CoverageAdvantage,0.4,0.0865874363327674,1
b03core,base,exact_fifo@rho0.8,rep0_base_exact_fifo@rho0.8_b03core,0,exact_fifo,0.8,horizon_h4,13,6,CoverageAdvantage,0.5,0.14487832484436897,1
b03core,base,exact_fifo@rho0.8,rep0_base_exact_fifo@rho0.8_b03core,0,exact_fifo,0.8,horizon_h4,13,8,CoverageAdvantage,0.6,0.14487832484436897,1
b03core,base,exact_fifo@rho0.8,rep0_base_exact_fifo@rho0.8_b03core,0,exact_fifo,0.8,horizon_h4,13,10,CoverageAdvantage,0.8,0.42048670062252397,1
b03core,base,exact_fifo@rho0.8,rep0_base_exact_fifo@rho0.8_b03core,0,exact_fifo,0.8,horizon_h4,13,13,CoverageAdvantage,1.0,1.0,1
b03core,base,exact_fifo@rho0.8,rep0_base_exact_fifo@rho0.8_b03core,0,exact_fifo,0.8,horizon_h4,13,1,SimpleCoverageLoad,0.1,0.0,1
b03core,base,exact_fifo@rho0.8,rep0_base_exact_fifo@rho0.8_b03core,0,exact_fifo,0.8,horizon_h4,13,3,SimpleCoverageLoad,0.2,0.07243916242218448,1
b03core,base,exact_fifo@rho0.8,rep0_base_exact_fifo@rho0.8_b03core,0,exact_fifo,0.8,horizon_h4,13,4,SimpleCoverageLoad,0.3,0.0865874363327674,1
b03core,base,exact_fifo@rho0.8,rep0_base_exact_fifo@rho0.8_b03core,0,exact_fifo,0.8,horizon_h4,13,5,SimpleCoverageLoad,0.4,0.0865874363327674,1
b03core,base,exact_fifo@rho0.8,rep0_base_exact_fifo@rho0.8_b03core,0,exact_fifo,0.8,horizon_h4,13,6,SimpleCoverageLoad,0.5,0.14487832484436897,1
b03core,base,exact_fifo@rho0.8,rep0_base_exact_fifo@rho0.8_b03core,0,exact_fifo,0.8,horizon_h4,13,8,SimpleCoverageLoad,0.6,0.14487832484436897,1
b03core,base,exact_fifo@rho0.8,rep0_base_exact_fifo@rho0.8_b03core,0,exact_fifo,0.8,horizon_h4,13,10,SimpleCoverageLoad,0.8,0.42048670062252397,1
b03core,base,exact_fifo@rho0.8,rep0_base_exact_fifo@rho0.8_b03core,0,exact_fifo,0.8,horizon_h4,13,13,SimpleCoverageLoad,1.0,1.0,1
b03core,base,exact_fifo@rho0.8,rep0_base_exact_fifo@rho0.8_b03core,0,exact_fifo,0.8,horizon_h4,13,1,DecisionAware,0.1,0.0,1
b03core,base,exact_fifo@rho0.8,rep0_base_exact_fifo@rho0.8_b03core,0,exact_fifo,0.8,horizon_h4,13,3,DecisionAware,0.2,0.0,1
b03core,base,exact_fifo@rho0.8,rep0_base_exact_fifo@rho0.8_b03core,0,exact_fifo,0.8,horizon_h4,13,4,DecisionAware,0.3,0.07243916242218448,1
b03core,base,exact_fifo@rho0.8,rep0_base_exact_fifo@rho0.8_b03core,0,exact_fifo,0.8,horizon_h4,13,5,DecisionAware,0.4,0.0865874363327674,1
b03core,base,exact_fifo@rho0.8,rep0_base_exact_fifo@rho0.8_b03core,0,exact_fifo,0.8,horizon_h4,13,6,DecisionAware,0.5,0.14487832484436897,1
b03core,base,exact_fifo@rho0.8,rep0_base_exact_fifo@rho0.8_b03core,0,exact_fifo,0.8,horizon_h4,13,8,DecisionAware,0.6,0.14487832484436897,1
b03core,base,exact_fifo@rho0.8,rep0_base_exact_fifo@rho0.8_b03core,0,exact_fifo,0.8,horizon_h4,13,10,DecisionAware,0.8,0.14487832484436897,1
b03core,base,exact_fifo@rho0.8,rep0_base_exact_fifo@rho0.8_b03core,0,exact_fifo,0.8,horizon_h4,13,13,DecisionAware,1.0,1.0,1
b03core,base,exact_fifo@rho0.8,rep0_base_exact_fifo@rho0.8_b03core,0,exact_fifo,0.8,horizon_h4,13,1,B02Utility,0.1,0.0,1
b03core,base,exact_fifo@rho0.8,rep0_base_exact_fifo@rho0.8_b03core,0,exact_fifo,0.8,horizon_h4,13,3,B02Utility,0.2,0.07243916242218448,1
b03core,base,exact_fifo@rho0.8,rep0_base_exact_fifo@rho0.8_b03core,0,exact_fifo,0.8,horizon_h4,13,4,B02Utility,0.3,0.0865874363327674,1
b03core,base,exact_fifo@rho0.8,rep0_base_exact_fifo@rho0.8_b03core,0,exact_fifo,0.8,horizon_h4,13,5,B02Utility,0.4,0.0865874363327674,1
b03core,base,exact_fifo@rho0.8,rep0_base_exact_fifo@rho0.8_b03core,0,exact_fifo,0.8,horizon_h4,13,6,B02Utility,0.5,0.14487832484436897,1
b03core,base,exact_fifo@rho0.8,rep0_base_exact_fifo@rho0.8_b03core,0,exact_fifo,0.8,horizon_h4,13,8,B02Utility,0.6,0.14487832484436897,1
b03core,base,exact_fifo@rho0.8,rep0_base_exact_fifo@rho0.8_b03core,0,exact_fifo,0.8,horizon_h4,13,10,B02Utility,0.8,0.42048670062252397,1
b03core,base,exact_fifo@rho0.8,rep0_base_exact_fifo@rho0.8_b03core,0,exact_fifo,0.8,horizon_h4,13,13,B02Utility,1.0,1.0,1
b03core,base,exact_fifo@rho0.8,rep0_base_exact_fifo@rho0.8_b03core,0,exact_fifo,0.8,horizon_h4,13,1,Oracle,0.1,0.28975664968873793,1
b03core,base,exact_fifo@rho0.8,rep0_base_exact_fifo@rho0.8_b03core,0,exact_fifo,0.8,horizon_h4,13,3,Oracle,0.2,0.8551216751556309,1
b03core,base,exact_fifo@rho0.8,rep0_base_exact_fifo@rho0.8_b03core,0,exact_fifo,0.8,horizon_h4,13,4,Oracle,0.3,0.9275608375778155,1
b03core,base,exact_fifo@rho0.8,rep0_base_exact_fifo@rho0.8_b03core,0,exact_fifo,0.8,horizon_h4,13,5,Oracle,0.4,0.9858517260894171,1
b03core,base,exact_fifo@rho0.8,rep0_base_exact_fifo@rho0.8_b03core,0,exact_fifo,0.8,horizon_h4,13,6,Oracle,0.5,1.0,1
b03core,base,exact_fifo@rho0.8,rep0_base_exact_fifo@rho0.8_b03core,0,exact_fifo,0.8,horizon_h4,13,8,Oracle,0.6,1.0,1
b03core,base,exact_fifo@rho0.8,rep0_base_exact_fifo@rho0.8_b03core,0,exact_fifo,0.8,horizon_h4,13,10,Oracle,0.8,1.0,1
b03core,base,exact_fifo@rho0.8,rep0_base_exact_fifo@rho0.8_b03core,0,exact_fifo,0.8,horizon_h4,13,13,Oracle,1.0,1.0,1
b03core,base,exact_fifo@rho1.2,rep0_base_exact_fifo@rho1.2_b03core,0,exact_fifo,1.2,next_use,10,1,Random,0.1,0.08954571927781012,20
b03core,base,exact_fifo@rho1.2,rep0_base_exact_fifo@rho1.2_b03core,0,exact_fifo,1.2,next_use,10,2,Random,0.2,0.20372743156668605,20
b03core,base,exact_fifo@rho1.2,rep0_base_exact_fifo@rho1.2_b03core,0,exact_fifo,1.2,next_use,10,3,Random,0.3,0.2962725684333139,20
b03core,base,exact_fifo@rho1.2,rep0_base_exact_fifo@rho1.2_b03core,0,exact_fifo,1.2,next_use,10,4,Random,0.4,0.3574548631333721,20
b03core,base,exact_fifo@rho1.2,rep0_base_exact_fifo@rho1.2_b03core,0,exact_fifo,1.2,next_use,10,5,Random,0.5,0.46118229470005817,20
b03core,base,exact_fifo@rho1.2,rep0_base_exact_fifo@rho1.2_b03core,0,exact_fifo,1.2,next_use,10,6,Random,0.6,0.5895457192778101,20
b03core,base,exact_fifo@rho1.2,rep0_base_exact_fifo@rho1.2_b03core,0,exact_fifo,1.2,next_use,10,8,Random,0.8,0.767909143855562,20
b03core,base,exact_fifo@rho1.2,rep0_base_exact_fifo@rho1.2_b03core,0,exact_fifo,1.2,next_use,10,10,Random,1.0,1.0,20
b03core,base,exact_fifo@rho1.2,rep0_base_exact_fifo@rho1.2_b03core,0,exact_fifo,1.2,next_use,10,1,Freshness,0.1,0.2836342457775189,1
b03core,base,exact_fifo@rho1.2,rep0_base_exact_fifo@rho1.2_b03core,0,exact_fifo,1.2,next_use,10,2,Freshness,0.2,0.2836342457775189,1
b03core,base,exact_fifo@rho1.2,rep0_base_exact_fifo@rho1.2_b03core,0,exact_fifo,1.2,next_use,10,3,Freshness,0.3,0.2836342457775189,1
b03core,base,exact_fifo@rho1.2,rep0_base_exact_fifo@rho1.2_b03core,0,exact_fifo,1.2,next_use,10,4,Freshness,0.4,0.2836342457775189,1
b03core,base,exact_fifo@rho1.2,rep0_base_exact_fifo@rho1.2_b03core,0,exact_fifo,1.2,next_use,10,5,Freshness,0.5,0.5672684915550378,1
b03core,base,exact_fifo@rho1.2,rep0_base_exact_fifo@rho1.2_b03core,0,exact_fifo,1.2,next_use,10,6,Freshness,0.6,0.8509027373325566,1
b03core,base,exact_fifo@rho1.2,rep0_base_exact_fifo@rho1.2_b03core,0,exact_fifo,1.2,next_use,10,8,Freshness,0.8,0.9254513686662783,1
b03core,base,exact_fifo@rho1.2,rep0_base_exact_fifo@rho1.2_b03core,0,exact_fifo,1.2,next_use,10,10,Freshness,1.0,1.0,1
b03core,base,exact_fifo@rho1.2,rep0_base_exact_fifo@rho1.2_b03core,0,exact_fifo,1.2,next_use,10,1,CoverageDelta,0.1,0.0,1
b03core,base,exact_fifo@rho1.2,rep0_base_exact_fifo@rho1.2_b03core,0,exact_fifo,1.2,next_use,10,2,CoverageDelta,0.2,0.0,1
b03core,base,exact_fifo@rho1.2,rep0_base_exact_fifo@rho1.2_b03core,0,exact_fifo,1.2,next_use,10,3,CoverageDelta,0.3,0.2836342457775189,1
b03core,base,exact_fifo@rho1.2,rep0_base_exact_fifo@rho1.2_b03core,0,exact_fifo,1.2,next_use,10,4,CoverageDelta,0.4,0.2836342457775189,1
b03core,base,exact_fifo@rho1.2,rep0_base_exact_fifo@rho1.2_b03core,0,exact_fifo,1.2,next_use,10,5,CoverageDelta,0.5,0.2836342457775189,1
b03core,base,exact_fifo@rho1.2,rep0_base_exact_fifo@rho1.2_b03core,0,exact_fifo,1.2,next_use,10,6,CoverageDelta,0.6,0.5672684915550378,1
b03core,base,exact_fifo@rho1.2,rep0_base_exact_fifo@rho1.2_b03core,0,exact_fifo,1.2,next_use,10,8,CoverageDelta,0.8,0.9254513686662783,1
b03core,base,exact_fifo@rho1.2,rep0_base_exact_fifo@rho1.2_b03core,0,exact_fifo,1.2,next_use,10,10,CoverageDelta,1.0,1.0,1
b03core,base,exact_fifo@rho1.2,rep0_base_exact_fifo@rho1.2_b03core,0,exact_fifo,1.2,next_use,10,1,CoverageAdvantage,0.1,0.0745486313337216,1
b03core,base,exact_fifo@rho1.2,rep0_base_exact_fifo@rho1.2_b03core,0,exact_fifo,1.2,next_use,10,2,CoverageAdvantage,0.2,0.0745486313337216,1
b03core,base,exact_fifo@rho1.2,rep0_base_exact_fifo@rho1.2_b03core,0,exact_fifo,1.2,next_use,10,3,CoverageAdvantage,0.3,0.3581828771112405,1
b03core,base,exact_fifo@rho1.2,rep0_base_exact_fifo@rho1.2_b03core,0,exact_fifo,1.2,next_use,10,4,CoverageAdvantage,0.4,0.3581828771112405,1
b03core,base,exact_fifo@rho1.2,rep0_base_exact_fifo@rho1.2_b03core,0,exact_fifo,1.2,next_use,10,5,CoverageAdvantage,0.5,0.3581828771112405,1
b03core,base,exact_fifo@rho1.2,rep0_base_exact_fifo@rho1.2_b03core,0,exact_fifo,1.2,next_use,10,6,CoverageAdvantage,0.6,0.6418171228887594,1
b03core,base,exact_fifo@rho1.2,rep0_base_exact_fifo@rho1.2_b03core,0,exact_fifo,1.2,next_use,10,8,CoverageAdvantage,0.8,1.0,1
b03core,base,exact_fifo@rho1.2,rep0_base_exact_fifo@rho1.2_b03core,0,exact_fifo,1.2,next_use,10,10,CoverageAdvantage,1.0,1.0,1
b03core,base,exact_fifo@rho1.2,rep0_base_exact_fifo@rho1.2_b03core,0,exact_fifo,1.2,next_use,10,1,SimpleCoverageLoad,0.1,0.0745486313337216,1
b03core,base,exact_fifo@rho1.2,rep0_base_exact_fifo@rho1.2_b03core,0,exact_fifo,1.2,next_use,10,2,SimpleCoverageLoad,0.2,0.0745486313337216,1
b03core,base,exact_fifo@rho1.2,rep0_base_exact_fifo@rho1.2_b03core,0,exact_fifo,1.2,next_use,10,3,SimpleCoverageLoad,0.3,0.3581828771112405,1
b03core,base,exact_fifo@rho1.2,rep0_base_exact_fifo@rho1.2_b03core,0,exact_fifo,1.2,next_use,10,4,SimpleCoverageLoad,0.4,0.3581828771112405,1
b03core,base,exact_fifo@rho1.2,rep0_base_exact_fifo@rho1.2_b03core,0,exact_fifo,1.2,next_use,10,5,SimpleCoverageLoad,0.5,0.3581828771112405,1
b03core,base,exact_fifo@rho1.2,rep0_base_exact_fifo@rho1.2_b03core,0,exact_fifo,1.2,next_use,10,6,SimpleCoverageLoad,0.6,0.6418171228887594,1
b03core,base,exact_fifo@rho1.2,rep0_base_exact_fifo@rho1.2_b03core,0,exact_fifo,1.2,next_use,10,8,SimpleCoverageLoad,0.8,1.0,1
b03core,base,exact_fifo@rho1.2,rep0_base_exact_fifo@rho1.2_b03core,0,exact_fifo,1.2,next_use,10,10,SimpleCoverageLoad,1.0,1.0,1
b03core,base,exact_fifo@rho1.2,rep0_base_exact_fifo@rho1.2_b03core,0,exact_fifo,1.2,next_use,10,1,DecisionAware,0.1,0.0745486313337216,1
b03core,base,exact_fifo@rho1.2,rep0_base_exact_fifo@rho1.2_b03core,0,exact_fifo,1.2,next_use,10,2,DecisionAware,0.2,0.0745486313337216,1
b03core,base,exact_fifo@rho1.2,rep0_base_exact_fifo@rho1.2_b03core,0,exact_fifo,1.2,next_use,10,3,DecisionAware,0.3,0.0745486313337216,1
b03core,base,exact_fifo@rho1.2,rep0_base_exact_fifo@rho1.2_b03core,0,exact_fifo,1.2,next_use,10,4,DecisionAware,0.4,0.3581828771112405,1
b03core,base,exact_fifo@rho1.2,rep0_base_exact_fifo@rho1.2_b03core,0,exact_fifo,1.2,next_use,10,5,DecisionAware,0.5,0.3581828771112405,1
b03core,base,exact_fifo@rho1.2,rep0_base_exact_fifo@rho1.2_b03core,0,exact_fifo,1.2,next_use,10,6,DecisionAware,0.6,0.6418171228887594,1
b03core,base,exact_fifo@rho1.2,rep0_base_exact_fifo@rho1.2_b03core,0,exact_fifo,1.2,next_use,10,8,DecisionAware,0.8,0.9254513686662783,1
b03core,base,exact_fifo@rho1.2,rep0_base_exact_fifo@rho1.2_b03core,0,exact_fifo,1.2,next_use,10,10,DecisionAware,1.0,1.0,1
b03core,base,exact_fifo@rho1.2,rep0_base_exact_fifo@rho1.2_b03core,0,exact_fifo,1.2,next_use,10,1,B02Utility,0.1,0.0745486313337216,1
b03core,base,exact_fifo@rho1.2,rep0_base_exact_fifo@rho1.2_b03core,0,exact_fifo,1.2,next_use,10,2,B02Utility,0.2,0.0745486313337216,1
b03core,base,exact_fifo@rho1.2,rep0_base_exact_fifo@rho1.2_b03core,0,exact_fifo,1.2,next_use,10,3,B02Utility,0.3,0.0745486313337216,1
b03core,base,exact_fifo@rho1.2,rep0_base_exact_fifo@rho1.2_b03core,0,exact_fifo,1.2,next_use,10,4,B02Utility,0.4,0.1490972626674432,1
b03core,base,exact_fifo@rho1.2,rep0_base_exact_fifo@rho1.2_b03core,0,exact_fifo,1.2,next_use,10,5,B02Utility,0.5,0.4327315084449621,1
b03core,base,exact_fifo@rho1.2,rep0_base_exact_fifo@rho1.2_b03core,0,exact_fifo,1.2,next_use,10,6,B02Utility,0.6,0.4327315084449621,1
b03core,base,exact_fifo@rho1.2,rep0_base_exact_fifo@rho1.2_b03core,0,exact_fifo,1.2,next_use,10,8,B02Utility,0.8,0.716365754222481,1
b03core,base,exact_fifo@rho1.2,rep0_base_exact_fifo@rho1.2_b03core,0,exact_fifo,1.2,next_use,10,10,B02Utility,1.0,1.0,1
b03core,base,exact_fifo@rho1.2,rep0_base_exact_fifo@rho1.2_b03core,0,exact_fifo,1.2,next_use,10,1,Oracle,0.1,0.2836342457775189,1
b03core,base,exact_fifo@rho1.2,rep0_base_exact_fifo@rho1.2_b03core,0,exact_fifo,1.2,next_use,10,2,Oracle,0.2,0.5672684915550378,1
b03core,base,exact_fifo@rho1.2,rep0_base_exact_fifo@rho1.2_b03core,0,exact_fifo,1.2,next_use,10,3,Oracle,0.3,0.8509027373325566,1
b03core,base,exact_fifo@rho1.2,rep0_base_exact_fifo@rho1.2_b03core,0,exact_fifo,1.2,next_use,10,4,Oracle,0.4,0.9254513686662783,1
b03core,base,exact_fifo@rho1.2,rep0_base_exact_fifo@rho1.2_b03core,0,exact_fifo,1.2,next_use,10,5,Oracle,0.5,1.0,1
b03core,base,exact_fifo@rho1.2,rep0_base_exact_fifo@rho1.2_b03core,0,exact_fifo,1.2,next_use,10,6,Oracle,0.6,1.0,1
b03core,base,exact_fifo@rho1.2,rep0_base_exact_fifo@rho1.2_b03core,0,exact_fifo,1.2,next_use,10,8,Oracle,0.8,1.0,1
b03core,base,exact_fifo@rho1.2,rep0_base_exact_fifo@rho1.2_b03core,0,exact_fifo,1.2,next_use,10,10,Oracle,1.0,1.0,1
b03core,base,exact_fifo@rho1.2,rep0_base_exact_fifo@rho1.2_b03core,0,exact_fifo,1.2,horizon_h4,10,1,Random,0.1,0.10308285163776493,20
b03core,base,exact_fifo@rho1.2,rep0_base_exact_fifo@rho1.2_b03core,0,exact_fifo,1.2,horizon_h4,10,2,Random,0.2,0.2351878612716763,20
b03core,base,exact_fifo@rho1.2,rep0_base_exact_fifo@rho1.2_b03core,0,exact_fifo,1.2,horizon_h4,10,3,Random,0.3,0.3555635838150289,20
b03core,base,exact_fifo@rho1.2,rep0_base_exact_fifo@rho1.2_b03core,0,exact_fifo,1.2,horizon_h4,10,4,Random,0.4,0.42654142581888244,20
b03core,base,exact_fifo@rho1.2,rep0_base_exact_fifo@rho1.2_b03core,0,exact_fifo,1.2,horizon_h4,10,5,Random,0.5,0.5296242774566474,20
b03core,base,exact_fifo@rho1.2,rep0_base_exact_fifo@rho1.2_b03core,0,exact_fifo,1.2,horizon_h4,10,6,Random,0.6,0.6327071290944123,20
b03core,base,exact_fifo@rho1.2,rep0_base_exact_fifo@rho1.2_b03core,0,exact_fifo,1.2,horizon_h4,10,8,Random,0.8,0.8030828516377648,20
b03core,base,exact_fifo@rho1.2,rep0_base_exact_fifo@rho1.2_b03core,0,exact_fifo,1.2,horizon_h4,10,10,Random,1.0,1.0,20
b03core,base,exact_fifo@rho1.2,rep0_base_exact_fifo@rho1.2_b03core,0,exact_fifo,1.2,horizon_h4,10,1,Freshness,0.1,0.23458574181117534,1
b03core,base,exact_fifo@rho1.2,rep0_base_exact_fifo@rho1.2_b03core,0,exact_fifo,1.2,horizon_h4,10,2,Freshness,0.2,0.46917148362235067,1
b03core,base,exact_fifo@rho1.2,rep0_base_exact_fifo@rho1.2_b03core,0,exact_fifo,1.2,horizon_h4,10,3,Freshness,0.3,0.46917148362235067,1
b03core,base,exact_fifo@rho1.2,rep0_base_exact_fifo@rho1.2_b03core,0,exact_fifo,1.2,horizon_h4,10,4,Freshness,0.4,0.46917148362235067,1
b03core,base,exact_fifo@rho1.2,rep0_base_exact_fifo@rho1.2_b03core,0,exact_fifo,1.2,horizon_h4,10,5,Freshness,0.5,0.7037572254335259,1
b03core,base,exact_fifo@rho1.2,rep0_base_exact_fifo@rho1.2_b03core,0,exact_fifo,1.2,horizon_h4,10,6,Freshness,0.6,0.9383429672447013,1
b03core,base,exact_fifo@rho1.2,rep0_base_exact_fifo@rho1.2_b03core,0,exact_fifo,1.2,horizon_h4,10,8,Freshness,0.8,1.0,1
b03core,base,exact_fifo@rho1.2,rep0_base_exact_fifo@rho1.2_b03core,0,exact_fifo,1.2,horizon_h4,10,10,Freshness,1.0,1.0,1
b03core,base,exact_fifo@rho1.2,rep0_base_exact_fifo@rho1.2_b03core,0,exact_fifo,1.2,horizon_h4,10,1,CoverageDelta,0.1,0.0,1
b03core,base,exact_fifo@rho1.2,rep0_base_exact_fifo@rho1.2_b03core,0,exact_fifo,1.2,horizon_h4,10,2,CoverageDelta,0.2,0.0,1
b03core,base,exact_fifo@rho1.2,rep0_base_exact_fifo@rho1.2_b03core,0,exact_fifo,1.2,horizon_h4,10,3,CoverageDelta,0.3,0.23458574181117534,1
b03core,base,exact_fifo@rho1.2,rep0_base_exact_fifo@rho1.2_b03core,0,exact_fifo,1.2,horizon_h4,10,4,CoverageDelta,0.4,0.46917148362235067,1
b03core,base,exact_fifo@rho1.2,rep0_base_exact_fifo@rho1.2_b03core,0,exact_fifo,1.2,horizon_h4,10,5,CoverageDelta,0.5,0.46917148362235067,1
b03core,base,exact_fifo@rho1.2,rep0_base_exact_fifo@rho1.2_b03core,0,exact_fifo,1.2,horizon_h4,10,6,CoverageDelta,0.6,0.7037572254335259,1
b03core,base,exact_fifo@rho1.2,rep0_base_exact_fifo@rho1.2_b03core,0,exact_fifo,1.2,horizon_h4,10,8,CoverageDelta,0.8,1.0,1
b03core,base,exact_fifo@rho1.2,rep0_base_exact_fifo@rho1.2_b03core,0,exact_fifo,1.2,horizon_h4,10,10,CoverageDelta,1.0,1.0,1
b03core,base,exact_fifo@rho1.2,rep0_base_exact_fifo@rho1.2_b03core,0,exact_fifo,1.2,horizon_h4,10,1,CoverageAdvantage,0.1,0.06165703275529865,1
b03core,base,exact_fifo@rho1.2,rep0_base_exact_fifo@rho1.2_b03core,0,exact_fifo,1.2,horizon_h4,10,2,CoverageAdvantage,0.2,0.06165703275529865,1
b03core,base,exact_fifo@rho1.2,rep0_base_exact_fifo@rho1.2_b03core,0,exact_fifo,1.2,horizon_h4,10,3,CoverageAdvantage,0.3,0.29624277456647397,1
b03core,base,exact_fifo@rho1.2,rep0_base_exact_fifo@rho1.2_b03core,0,exact_fifo,1.2,horizon_h4,10,4,CoverageAdvantage,0.4,0.5308285163776493,1
b03core,base,exact_fifo@rho1.2,rep0_base_exact_fifo@rho1.2_b03core,0,exact_fifo,1.2,horizon_h4,10,5,CoverageAdvantage,0.5,0.5308285163776493,1
b03core,base,exact_fifo@rho1.2,rep0_base_exact_fifo@rho1.2_b03core,0,exact_fifo,1.2,horizon_h4,10,6,CoverageAdvantage,0.6,0.7654142581888246,1
b03core,base,exact_fifo@rho1.2,rep0_base_exact_fifo@rho1.2_b03core,0,exact_fifo,1.2,horizon_h4,10,8,CoverageAdvantage,0.8,1.0,1
b03core,base,exact_fifo@rho1.2,rep0_base_exact_fifo@rho1.2_b03core,0,exact_fifo,1.2,horizon_h4,10,10,CoverageAdvantage,1.0,1.0,1
b03core,base,exact_fifo@rho1.2,rep0_base_exact_fifo@rho1.2_b03core,0,exact_fifo,1.2,horizon_h4,10,1,SimpleCoverageLoad,0.1,0.06165703275529865,1
b03core,base,exact_fifo@rho1.2,rep0_base_exact_fifo@rho1.2_b03core,0,exact_fifo,1.2,horizon_h4,10,2,SimpleCoverageLoad,0.2,0.06165703275529865,1
b03core,base,exact_fifo@rho1.2,rep0_base_exact_fifo@rho1.2_b03core,0,exact_fifo,1.2,horizon_h4,10,3,SimpleCoverageLoad,0.3,0.29624277456647397,1
b03core,base,exact_fifo@rho1.2,rep0_base_exact_fifo@rho1.2_b03core,0,exact_fifo,1.2,horizon_h4,10,4,SimpleCoverageLoad,0.4,0.5308285163776493,1
b03core,base,exact_fifo@rho1.2,rep0_base_exact_fifo@rho1.2_b03core,0,exact_fifo,1.2,horizon_h4,10,5,SimpleCoverageLoad,0.5,0.5308285163776493,1
b03core,base,exact_fifo@rho1.2,rep0_base_exact_fifo@rho1.2_b03core,0,exact_fifo,1.2,horizon_h4,10,6,SimpleCoverageLoad,0.6,0.7654142581888246,1
b03core,base,exact_fifo@rho1.2,rep0_base_exact_fifo@rho1.2_b03core,0,exact_fifo,1.2,horizon_h4,10,8,SimpleCoverageLoad,0.8,1.0,1
b03core,base,exact_fifo@rho1.2,rep0_base_exact_fifo@rho1.2_b03core,0,exact_fifo,1.2,horizon_h4,10,10,SimpleCoverageLoad,1.0,1.0,1
b03core,base,exact_fifo@rho1.2,rep0_base_exact_fifo@rho1.2_b03core,0,exact_fifo,1.2,horizon_h4,10,1,DecisionAware,0.1,0.06165703275529865,1
b03core,base,exact_fifo@rho1.2,rep0_base_exact_fifo@rho1.2_b03core,0,exact_fifo,1.2,horizon_h4,10,2,DecisionAware,0.2,0.06165703275529865,1
b03core,base,exact_fifo@rho1.2,rep0_base_exact_fifo@rho1.2_b03core,0,exact_fifo,1.2,horizon_h4,10,3,DecisionAware,0.3,0.06165703275529865,1
b03core,base,exact_fifo@rho1.2,rep0_base_exact_fifo@rho1.2_b03core,0,exact_fifo,1.2,horizon_h4,10,4,DecisionAware,0.4,0.29624277456647397,1
b03core,base,exact_fifo@rho1.2,rep0_base_exact_fifo@rho1.2_b03core,0,exact_fifo,1.2,horizon_h4,10,5,DecisionAware,0.5,0.5308285163776493,1
b03core,base,exact_fifo@rho1.2,rep0_base_exact_fifo@rho1.2_b03core,0,exact_fifo,1.2,horizon_h4,10,6,DecisionAware,0.6,0.7654142581888246,1
b03core,base,exact_fifo@rho1.2,rep0_base_exact_fifo@rho1.2_b03core,0,exact_fifo,1.2,horizon_h4,10,8,DecisionAware,0.8,1.0,1
b03core,base,exact_fifo@rho1.2,rep0_base_exact_fifo@rho1.2_b03core,0,exact_fifo,1.2,horizon_h4,10,10,DecisionAware,1.0,1.0,1
b03core,base,exact_fifo@rho1.2,rep0_base_exact_fifo@rho1.2_b03core,0,exact_fifo,1.2,horizon_h4,10,1,B02Utility,0.1,0.06165703275529865,1
b03core,base,exact_fifo@rho1.2,rep0_base_exact_fifo@rho1.2_b03core,0,exact_fifo,1.2,horizon_h4,10,2,B02Utility,0.2,0.06165703275529865,1
b03core,base,exact_fifo@rho1.2,rep0_base_exact_fifo@rho1.2_b03core,0,exact_fifo,1.2,horizon_h4,10,3,B02Utility,0.3,0.06165703275529865,1
b03core,base,exact_fifo@rho1.2,rep0_base_exact_fifo@rho1.2_b03core,0,exact_fifo,1.2,horizon_h4,10,4,B02Utility,0.4,0.06165703275529865,1
b03core,base,exact_fifo@rho1.2,rep0_base_exact_fifo@rho1.2_b03core,0,exact_fifo,1.2,horizon_h4,10,5,B02Utility,0.5,0.29624277456647397,1
b03core,base,exact_fifo@rho1.2,rep0_base_exact_fifo@rho1.2_b03core,0,exact_fifo,1.2,horizon_h4,10,6,B02Utility,0.6,0.5308285163776493,1
b03core,base,exact_fifo@rho1.2,rep0_base_exact_fifo@rho1.2_b03core,0,exact_fifo,1.2,horizon_h4,10,8,B02Utility,0.8,0.7654142581888246,1
b03core,base,exact_fifo@rho1.2,rep0_base_exact_fifo@rho1.2_b03core,0,exact_fifo,1.2,horizon_h4,10,10,B02Utility,1.0,1.0,1
b03core,base,exact_fifo@rho1.2,rep0_base_exact_fifo@rho1.2_b03core,0,exact_fifo,1.2,horizon_h4,10,1,Oracle,0.1,0.23458574181117534,1
b03core,base,exact_fifo@rho1.2,rep0_base_exact_fifo@rho1.2_b03core,0,exact_fifo,1.2,horizon_h4,10,2,Oracle,0.2,0.46917148362235067,1
b03core,base,exact_fifo@rho1.2,rep0_base_exact_fifo@rho1.2_b03core,0,exact_fifo,1.2,horizon_h4,10,3,Oracle,0.3,0.7037572254335259,1
b03core,base,exact_fifo@rho1.2,rep0_base_exact_fifo@rho1.2_b03core,0,exact_fifo,1.2,horizon_h4,10,4,Oracle,0.4,0.9383429672447013,1
b03core,base,exact_fifo@rho1.2,rep0_base_exact_fifo@rho1.2_b03core,0,exact_fifo,1.2,horizon_h4,10,5,Oracle,0.5,1.0,1
b03core,base,exact_fifo@rho1.2,rep0_base_exact_fifo@rho1.2_b03core,0,exact_fifo,1.2,horizon_h4,10,6,Oracle,0.6,1.0,1
b03core,base,exact_fifo@rho1.2,rep0_base_exact_fifo@rho1.2_b03core,0,exact_fifo,1.2,horizon_h4,10,8,Oracle,0.8,1.0,1
b03core,base,exact_fifo@rho1.2,rep0_base_exact_fifo@rho1.2_b03core,0,exact_fifo,1.2,horizon_h4,10,10,Oracle,1.0,1.0,1
b03core,base,agg_full@rho0.5,rep0_base_agg_full@rho0.5_b03core,0,agg_full,0.5,next_use,16,2,Random,0.1,0.11073420074349442,20
b03core,base,agg_full@rho0.5,rep0_base_agg_full@rho0.5_b03core,0,agg_full,0.5,next_use,16,3,Random,0.2,0.17978624535315985,20
b03core,base,agg_full@rho0.5,rep0_base_agg_full@rho0.5_b03core,0,agg_full,0.5,next_use,16,5,Random,0.3,0.30236988847583646,20
b03core,base,agg_full@rho0.5,rep0_base_agg_full@rho0.5_b03core,0,agg_full,0.5,next_use,16,6,Random,0.4,0.33689591078066916,20
b03core,base,agg_full@rho0.5,rep0_base_agg_full@rho0.5_b03core,0,agg_full,0.5,next_use,16,8,Random,0.5,0.4900402726146221,20
b03core,base,agg_full@rho0.5,rep0_base_agg_full@rho0.5_b03core,0,agg_full,0.5,next_use,16,10,Random,0.6,0.6209882280049566,20
b03core,base,agg_full@rho0.5,rep0_base_agg_full@rho0.5_b03core,0,agg_full,0.5,next_use,16,13,Random,0.8,0.8225836431226766,20
b03core,base,agg_full@rho0.5,rep0_base_agg_full@rho0.5_b03core,0,agg_full,0.5,next_use,16,16,Random,1.0,1.0,20
b03core,base,agg_full@rho0.5,rep0_base_agg_full@rho0.5_b03core,0,agg_full,0.5,next_use,16,2,Freshness,0.1,0.19052044609665428,1
b03core,base,agg_full@rho0.5,rep0_base_agg_full@rho0.5_b03core,0,agg_full,0.5,next_use,16,3,Freshness,0.2,0.38878562577447334,1
b03core,base,agg_full@rho0.5,rep0_base_agg_full@rho0.5_b03core,0,agg_full,0.5,next_use,16,5,Freshness,0.3,0.38878562577447334,1
b03core,base,agg_full@rho0.5,rep0_base_agg_full@rho0.5_b03core,0,agg_full,0.5,next_use,16,6,Freshness,0.4,0.5396530359355638,1
b03core,base,agg_full@rho0.5,rep0_base_agg_full@rho0.5_b03core,0,agg_full,0.5,next_use,16,8,Freshness,0.5,0.6905204460966542,1
b03core,base,agg_full@rho0.5,rep0_base_agg_full@rho0.5_b03core,0,agg_full,0.5,next_use,16,10,Freshness,0.6,0.8491325898389095,1
b03core,base,agg_full@rho0.5,rep0_base_agg_full@rho0.5_b03core,0,agg_full,0.5,next_use,16,13,Freshness,0.8,0.968091697645601,1
b03core,base,agg_full@rho0.5,rep0_base_agg_full@rho0.5_b03core,0,agg_full,0.5,next_use,16,16,Freshness,1.0,1.0,1
b03core,base,agg_full@rho0.5,rep0_base_agg_full@rho0.5_b03core,0,agg_full,0.5,next_use,16,2,CoverageDelta,0.1,0.19052044609665428,1
b03core,base,agg_full@rho0.5,rep0_base_agg_full@rho0.5_b03core,0,agg_full,0.5,next_use,16,3,CoverageDelta,0.2,0.38878562577447334,1
b03core,base,agg_full@rho0.5,rep0_base_agg_full@rho0.5_b03core,0,agg_full,0.5,next_use,16,5,CoverageDelta,0.3,0.42843866171003714,1
b03core,base,agg_full@rho0.5,rep0_base_agg_full@rho0.5_b03core,0,agg_full,0.5,next_use,16,6,CoverageDelta,0.4,0.468091697645601,1
b03core,base,agg_full@rho0.5,rep0_base_agg_full@rho0.5_b03core,0,agg_full,0.5,next_use,16,8,CoverageDelta,0.5,0.468091697645601,1
b03core,base,agg_full@rho0.5,rep0_base_agg_full@rho0.5_b03core,0,agg_full,0.5,next_use,16,10,CoverageDelta,0.6,0.7698265179677819,1
b03core,base,agg_full@rho0.5,rep0_base_agg_full@rho0.5_b03core,0,agg_full,0.5,next_use,16,13,CoverageDelta,0.8,0.9603469640644362,1
b03core,base,agg_full@rho0.5,rep0_base_agg_full@rho0.5_b03core,0,agg_full,0.5,next_use,16,16,CoverageDelta,1.0,1.0,1
b03core,base,agg_full@rho0.5,rep0_base_agg_full@rho0.5_b03core,0,agg_full,0.5,next_use,16,2,CoverageAdvantage,0.1,0.03190830235439901,1
b03core,base,agg_full@rho0.5,rep0_base_agg_full@rho0.5_b03core,0,agg_full,0.5,next_use,16,3,CoverageAdvantage,0.2,0.07156133828996282,1
b03core,base,agg_full@rho0.5,rep0_base_agg_full@rho0.5_b03core,0,agg_full,0.5,next_use,16,5,CoverageAdvantage,0.3,0.4603469640644362,1
b03core,base,agg_full@rho0.5,rep0_base_agg_full@rho0.5_b03core,0,agg_full,0.5,next_use,16,6,CoverageAdvantage,0.4,0.4603469640644362,1
b03core,base,agg_full@rho0.5,rep0_base_agg_full@rho0.5_b03core,0,agg_full,0.5,next_use,16,8,CoverageAdvantage,0.5,0.5396530359355638,1
b03core,base,agg_full@rho0.5,rep0_base_agg_full@rho0.5_b03core,0,agg_full,0.5,next_use,16,10,CoverageAdvantage,0.6,0.5396530359355638,1
b03core,base,agg_full@rho0.5,rep0_base_agg_full@rho0.5_b03core,0,agg_full,0.5,next_use,16,13,CoverageAdvantage,0.8,0.8413878562577447,1
b03core,base,agg_full@rho0.5,rep0_base_agg_full@rho0.5_b03core,0,agg_full,0.5,next_use,16,16,CoverageAdvantage,1.0,1.0,1
b03core,base,agg_full@rho0.5,rep0_base_agg_full@rho0.5_b03core,0,agg_full,0.5,next_use,16,2,SimpleCoverageLoad,0.1,0.03190830235439901,1
b03core,base,agg_full@rho0.5,rep0_base_agg_full@rho0.5_b03core,0,agg_full,0.5,next_use,16,3,SimpleCoverageLoad,0.2,0.07156133828996282,1
b03core,base,agg_full@rho0.5,rep0_base_agg_full@rho0.5_b03core,0,agg_full,0.5,next_use,16,5,SimpleCoverageLoad,0.3,0.4603469640644362,1
b03core,base,agg_full@rho0.5,rep0_base_agg_full@rho0.5_b03core,0,agg_full,0.5,next_use,16,6,SimpleCoverageLoad,0.4,0.4603469640644362,1
b03core,base,agg_full@rho0.5,rep0_base_agg_full@rho0.5_b03core,0,agg_full,0.5,next_use,16,8,SimpleCoverageLoad,0.5,0.5396530359355638,1
b03core,base,agg_full@rho0.5,rep0_base_agg_full@rho0.5_b03core,0,agg_full,0.5,next_use,16,10,SimpleCoverageLoad,0.6,0.5396530359355638,1
b03core,base,agg_full@rho0.5,rep0_base_agg_full@rho0.5_b03core,0,agg_full,0.5,next_use,16,13,SimpleCoverageLoad,0.8,0.8413878562577447,1
b03core,base,agg_full@rho0.5,rep0_base_agg_full@rho0.5_b03core,0,agg_full,0.5,next_use,16,16,SimpleCoverageLoad,1.0,1.0,1
b03core,base,agg_full@rho0.5,rep0_base_agg_full@rho0.5_b03core,0,agg_full,0.5,next_use,16,2,DecisionAware,0.1,0.03965303593556382,1
b03core,base,agg_full@rho0.5,rep0_base_agg_full@rho0.5_b03core,0,agg_full,0.5,next_use,16,3,DecisionAware,0.2,0.07156133828996282,1
b03core,base,agg_full@rho0.5,rep0_base_agg_full@rho0.5_b03core,0,agg_full,0.5,next_use,16,5,DecisionAware,0.3,0.4603469640644362,1
b03core,base,agg_full@rho0.5,rep0_base_agg_full@rho0.5_b03core,0,agg_full,0.5,next_use,16,6,DecisionAware,0.4,0.4603469640644362,1
b03core,base,agg_full@rho0.5,rep0_base_agg_full@rho0.5_b03core,0,agg_full,0.5,next_use,16,8,DecisionAware,0.5,0.5396530359355638,1
b03core,base,agg_full@rho0.5,rep0_base_agg_full@rho0.5_b03core,0,agg_full,0.5,next_use,16,10,DecisionAware,0.6,0.5396530359355638,1
b03core,base,agg_full@rho0.5,rep0_base_agg_full@rho0.5_b03core,0,agg_full,0.5,next_use,16,13,DecisionAware,0.8,0.8413878562577447,1
b03core,base,agg_full@rho0.5,rep0_base_agg_full@rho0.5_b03core,0,agg_full,0.5,next_use,16,16,DecisionAware,1.0,1.0,1
b03core,base,agg_full@rho0.5,rep0_base_agg_full@rho0.5_b03core,0,agg_full,0.5,next_use,16,2,B02Utility,0.1,0.19052044609665428,1
b03core,base,agg_full@rho0.5,rep0_base_agg_full@rho0.5_b03core,0,agg_full,0.5,next_use,16,3,B02Utility,0.2,0.38878562577447334,1
b03core,base,agg_full@rho0.5,rep0_base_agg_full@rho0.5_b03core,0,agg_full,0.5,next_use,16,5,B02Utility,0.3,0.42069392812887235,1
b03core,base,agg_full@rho0.5,rep0_base_agg_full@rho0.5_b03core,0,agg_full,0.5,next_use,16,6,B02Utility,0.4,0.4603469640644362,1
b03core,base,agg_full@rho0.5,rep0_base_agg_full@rho0.5_b03core,0,agg_full,0.5,next_use,16,8,B02Utility,0.5,0.5396530359355638,1
b03core,base,agg_full@rho0.5,rep0_base_agg_full@rho0.5_b03core,0,agg_full,0.5,next_use,16,10,B02Utility,0.6,0.5396530359355638,1
b03core,base,agg_full@rho0.5,rep0_base_agg_full@rho0.5_b03core,0,agg_full,0.5,next_use,16,13,B02Utility,0.8,0.8413878562577447,1
b03core,base,agg_full@rho0.5,rep0_base_agg_full@rho0.5_b03core,0,agg_full,0.5,next_use,16,16,B02Utility,1.0,1.0,1
b03core,base,agg_full@rho0.5,rep0_base_agg_full@rho0.5_b03core,0,agg_full,0.5,next_use,16,2,Oracle,0.1,0.38878562577447334,1
b03core,base,agg_full@rho0.5,rep0_base_agg_full@rho0.5_b03core,0,agg_full,0.5,next_use,16,3,Oracle,0.2,0.5473977695167287,1
b03core,base,agg_full@rho0.5,rep0_base_agg_full@rho0.5_b03core,0,agg_full,0.5,next_use,16,5,Oracle,0.3,0.8491325898389095,1
b03core,base,agg_full@rho0.5,rep0_base_agg_full@rho0.5_b03core,0,agg_full,0.5,next_use,16,6,Oracle,0.4,0.8887856257744734,1
b03core,base,agg_full@rho0.5,rep0_base_agg_full@rho0.5_b03core,0,agg_full,0.5,next_use,16,8,Oracle,0.5,0.968091697645601,1
b03core,base,agg_full@rho0.5,rep0_base_agg_full@rho0.5_b03core,0,agg_full,0.5,next_use,16,10,Oracle,0.6,1.0,1
b03core,base,agg_full@rho0.5,rep0_base_agg_full@rho0.5_b03core,0,agg_full,0.5,next_use,16,13,Oracle,0.8,1.0,1
b03core,base,agg_full@rho0.5,rep0_base_agg_full@rho0.5_b03core,0,agg_full,0.5,next_use,16,16,Oracle,1.0,1.0,1
b03core,base,agg_full@rho0.5,rep0_base_agg_full@rho0.5_b03core,0,agg_full,0.5,horizon_h4,16,2,Random,0.1,0.11073420074349442,20
b03core,base,agg_full@rho0.5,rep0_base_agg_full@rho0.5_b03core,0,agg_full,0.5,horizon_h4,16,3,Random,0.2,0.17978624535315985,20
b03core,base,agg_full@rho0.5,rep0_base_agg_full@rho0.5_b03core,0,agg_full,0.5,horizon_h4,16,5,Random,0.3,0.30236988847583646,20
b03core,base,agg_full@rho0.5,rep0_base_agg_full@rho0.5_b03core,0,agg_full,0.5,horizon_h4,16,6,Random,0.4,0.33689591078066916,20
b03core,base,agg_full@rho0.5,rep0_base_agg_full@rho0.5_b03core,0,agg_full,0.5,horizon_h4,16,8,Random,0.5,0.4900402726146221,20
b03core,base,agg_full@rho0.5,rep0_base_agg_full@rho0.5_b03core,0,agg_full,0.5,horizon_h4,16,10,Random,0.6,0.6209882280049566,20
b03core,base,agg_full@rho0.5,rep0_base_agg_full@rho0.5_b03core,0,agg_full,0.5,horizon_h4,16,13,Random,0.8,0.8225836431226766,20
b03core,base,agg_full@rho0.5,rep0_base_agg_full@rho0.5_b03core,0,agg_full,0.5,horizon_h4,16,16,Random,1.0,1.0,20
b03core,base,agg_full@rho0.5,rep0_base_agg_full@rho0.5_b03core,0,agg_full,0.5,horizon_h4,16,2,Freshness,0.1,0.19052044609665428,1
b03core,base,agg_full@rho0.5,rep0_base_agg_full@rho0.5_b03core,0,agg_full,0.5,horizon_h4,16,3,Freshness,0.2,0.38878562577447334,1
b03core,base,agg_full@rho0.5,rep0_base_agg_full@rho0.5_b03core,0,agg_full,0.5,horizon_h4,16,5,Freshness,0.3,0.38878562577447334,1
b03core,base,agg_full@rho0.5,rep0_base_agg_full@rho0.5_b03core,0,agg_full,0.5,horizon_h4,16,6,Freshness,0.4,0.5396530359355638,1
b03core,base,agg_full@rho0.5,rep0_base_agg_full@rho0.5_b03core,0,agg_full,0.5,horizon_h4,16,8,Freshness,0.5,0.6905204460966542,1
b03core,base,agg_full@rho0.5,rep0_base_agg_full@rho0.5_b03core,0,agg_full,0.5,horizon_h4,16,10,Freshness,0.6,0.8491325898389095,1
b03core,base,agg_full@rho0.5,rep0_base_agg_full@rho0.5_b03core,0,agg_full,0.5,horizon_h4,16,13,Freshness,0.8,0.968091697645601,1
b03core,base,agg_full@rho0.5,rep0_base_agg_full@rho0.5_b03core,0,agg_full,0.5,horizon_h4,16,16,Freshness,1.0,1.0,1
b03core,base,agg_full@rho0.5,rep0_base_agg_full@rho0.5_b03core,0,agg_full,0.5,horizon_h4,16,2,CoverageDelta,0.1,0.19052044609665428,1
b03core,base,agg_full@rho0.5,rep0_base_agg_full@rho0.5_b03core,0,agg_full,0.5,horizon_h4,16,3,CoverageDelta,0.2,0.38878562577447334,1
b03core,base,agg_full@rho0.5,rep0_base_agg_full@rho0.5_b03core,0,agg_full,0.5,horizon_h4,16,5,CoverageDelta,0.3,0.42843866171003714,1
b03core,base,agg_full@rho0.5,rep0_base_agg_full@rho0.5_b03core,0,agg_full,0.5,horizon_h4,16,6,CoverageDelta,0.4,0.468091697645601,1
b03core,base,agg_full@rho0.5,rep0_base_agg_full@rho0.5_b03core,0,agg_full,0.5,horizon_h4,16,8,CoverageDelta,0.5,0.468091697645601,1
b03core,base,agg_full@rho0.5,rep0_base_agg_full@rho0.5_b03core,0,agg_full,0.5,horizon_h4,16,10,CoverageDelta,0.6,0.7698265179677819,1
b03core,base,agg_full@rho0.5,rep0_base_agg_full@rho0.5_b03core,0,agg_full,0.5,horizon_h4,16,13,CoverageDelta,0.8,0.9603469640644362,1
b03core,base,agg_full@rho0.5,rep0_base_agg_full@rho0.5_b03core,0,agg_full,0.5,horizon_h4,16,16,CoverageDelta,1.0,1.0,1
b03core,base,agg_full@rho0.5,rep0_base_agg_full@rho0.5_b03core,0,agg_full,0.5,horizon_h4,16,2,CoverageAdvantage,0.1,0.03190830235439901,1
b03core,base,agg_full@rho0.5,rep0_base_agg_full@rho0.5_b03core,0,agg_full,0.5,horizon_h4,16,3,CoverageAdvantage,0.2,0.07156133828996282,1
b03core,base,agg_full@rho0.5,rep0_base_agg_full@rho0.5_b03core,0,agg_full,0.5,horizon_h4,16,5,CoverageAdvantage,0.3,0.4603469640644362,1
b03core,base,agg_full@rho0.5,rep0_base_agg_full@rho0.5_b03core,0,agg_full,0.5,horizon_h4,16,6,CoverageAdvantage,0.4,0.4603469640644362,1
b03core,base,agg_full@rho0.5,rep0_base_agg_full@rho0.5_b03core,0,agg_full,0.5,horizon_h4,16,8,CoverageAdvantage,0.5,0.5396530359355638,1
b03core,base,agg_full@rho0.5,rep0_base_agg_full@rho0.5_b03core,0,agg_full,0.5,horizon_h4,16,10,CoverageAdvantage,0.6,0.5396530359355638,1
b03core,base,agg_full@rho0.5,rep0_base_agg_full@rho0.5_b03core,0,agg_full,0.5,horizon_h4,16,13,CoverageAdvantage,0.8,0.8413878562577447,1
b03core,base,agg_full@rho0.5,rep0_base_agg_full@rho0.5_b03core,0,agg_full,0.5,horizon_h4,16,16,CoverageAdvantage,1.0,1.0,1
b03core,base,agg_full@rho0.5,rep0_base_agg_full@rho0.5_b03core,0,agg_full,0.5,horizon_h4,16,2,SimpleCoverageLoad,0.1,0.03190830235439901,1
b03core,base,agg_full@rho0.5,rep0_base_agg_full@rho0.5_b03core,0,agg_full,0.5,horizon_h4,16,3,SimpleCoverageLoad,0.2,0.07156133828996282,1
b03core,base,agg_full@rho0.5,rep0_base_agg_full@rho0.5_b03core,0,agg_full,0.5,horizon_h4,16,5,SimpleCoverageLoad,0.3,0.4603469640644362,1
b03core,base,agg_full@rho0.5,rep0_base_agg_full@rho0.5_b03core,0,agg_full,0.5,horizon_h4,16,6,SimpleCoverageLoad,0.4,0.4603469640644362,1
b03core,base,agg_full@rho0.5,rep0_base_agg_full@rho0.5_b03core,0,agg_full,0.5,horizon_h4,16,8,SimpleCoverageLoad,0.5,0.5396530359355638,1
b03core,base,agg_full@rho0.5,rep0_base_agg_full@rho0.5_b03core,0,agg_full,0.5,horizon_h4,16,10,SimpleCoverageLoad,0.6,0.5396530359355638,1
b03core,base,agg_full@rho0.5,rep0_base_agg_full@rho0.5_b03core,0,agg_full,0.5,horizon_h4,16,13,SimpleCoverageLoad,0.8,0.8413878562577447,1
b03core,base,agg_full@rho0.5,rep0_base_agg_full@rho0.5_b03core,0,agg_full,0.5,horizon_h4,16,16,SimpleCoverageLoad,1.0,1.0,1
b03core,base,agg_full@rho0.5,rep0_base_agg_full@rho0.5_b03core,0,agg_full,0.5,horizon_h4,16,2,DecisionAware,0.1,0.03965303593556382,1
b03core,base,agg_full@rho0.5,rep0_base_agg_full@rho0.5_b03core,0,agg_full,0.5,horizon_h4,16,3,DecisionAware,0.2,0.07156133828996282,1
b03core,base,agg_full@rho0.5,rep0_base_agg_full@rho0.5_b03core,0,agg_full,0.5,horizon_h4,16,5,DecisionAware,0.3,0.4603469640644362,1
b03core,base,agg_full@rho0.5,rep0_base_agg_full@rho0.5_b03core,0,agg_full,0.5,horizon_h4,16,6,DecisionAware,0.4,0.4603469640644362,1
b03core,base,agg_full@rho0.5,rep0_base_agg_full@rho0.5_b03core,0,agg_full,0.5,horizon_h4,16,8,DecisionAware,0.5,0.5396530359355638,1
b03core,base,agg_full@rho0.5,rep0_base_agg_full@rho0.5_b03core,0,agg_full,0.5,horizon_h4,16,10,DecisionAware,0.6,0.5396530359355638,1
b03core,base,agg_full@rho0.5,rep0_base_agg_full@rho0.5_b03core,0,agg_full,0.5,horizon_h4,16,13,DecisionAware,0.8,0.8413878562577447,1
b03core,base,agg_full@rho0.5,rep0_base_agg_full@rho0.5_b03core,0,agg_full,0.5,horizon_h4,16,16,DecisionAware,1.0,1.0,1
b03core,base,agg_full@rho0.5,rep0_base_agg_full@rho0.5_b03core,0,agg_full,0.5,horizon_h4,16,2,B02Utility,0.1,0.19052044609665428,1
b03core,base,agg_full@rho0.5,rep0_base_agg_full@rho0.5_b03core,0,agg_full,0.5,horizon_h4,16,3,B02Utility,0.2,0.38878562577447334,1
b03core,base,agg_full@rho0.5,rep0_base_agg_full@rho0.5_b03core,0,agg_full,0.5,horizon_h4,16,5,B02Utility,0.3,0.42069392812887235,1
b03core,base,agg_full@rho0.5,rep0_base_agg_full@rho0.5_b03core,0,agg_full,0.5,horizon_h4,16,6,B02Utility,0.4,0.4603469640644362,1
b03core,base,agg_full@rho0.5,rep0_base_agg_full@rho0.5_b03core,0,agg_full,0.5,horizon_h4,16,8,B02Utility,0.5,0.5396530359355638,1
b03core,base,agg_full@rho0.5,rep0_base_agg_full@rho0.5_b03core,0,agg_full,0.5,horizon_h4,16,10,B02Utility,0.6,0.5396530359355638,1
b03core,base,agg_full@rho0.5,rep0_base_agg_full@rho0.5_b03core,0,agg_full,0.5,horizon_h4,16,13,B02Utility,0.8,0.8413878562577447,1
b03core,base,agg_full@rho0.5,rep0_base_agg_full@rho0.5_b03core,0,agg_full,0.5,horizon_h4,16,16,B02Utility,1.0,1.0,1
b03core,base,agg_full@rho0.5,rep0_base_agg_full@rho0.5_b03core,0,agg_full,0.5,horizon_h4,16,2,Oracle,0.1,0.38878562577447334,1
b03core,base,agg_full@rho0.5,rep0_base_agg_full@rho0.5_b03core,0,agg_full,0.5,horizon_h4,16,3,Oracle,0.2,0.5473977695167287,1
b03core,base,agg_full@rho0.5,rep0_base_agg_full@rho0.5_b03core,0,agg_full,0.5,horizon_h4,16,5,Oracle,0.3,0.8491325898389095,1
b03core,base,agg_full@rho0.5,rep0_base_agg_full@rho0.5_b03core,0,agg_full,0.5,horizon_h4,16,6,Oracle,0.4,0.8887856257744734,1
b03core,base,agg_full@rho0.5,rep0_base_agg_full@rho0.5_b03core,0,agg_full,0.5,horizon_h4,16,8,Oracle,0.5,0.968091697645601,1
b03core,base,agg_full@rho0.5,rep0_base_agg_full@rho0.5_b03core,0,agg_full,0.5,horizon_h4,16,10,Oracle,0.6,1.0,1
b03core,base,agg_full@rho0.5,rep0_base_agg_full@rho0.5_b03core,0,agg_full,0.5,horizon_h4,16,13,Oracle,0.8,1.0,1
b03core,base,agg_full@rho0.5,rep0_base_agg_full@rho0.5_b03core,0,agg_full,0.5,horizon_h4,16,16,Oracle,1.0,1.0,1
b03core,base,agg_static@rho0.5,rep0_base_agg_static@rho0.5_b03core,0,agg_static,0.5,next_use,47,5,Random,0.1,0.13963613745918207,20
b03core,base,agg_static@rho0.5,rep0_base_agg_static@rho0.5_b03core,0,agg_static,0.5,next_use,47,9,Random,0.2,0.21873736588399936,20
b03core,base,agg_static@rho0.5,rep0_base_agg_static@rho0.5_b03core,0,agg_static,0.5,next_use,47,14,Random,0.3,0.31337272585911985,20
b03core,base,agg_static@rho0.5,rep0_base_agg_static@rho0.5_b03core,0,agg_static,0.5,next_use,47,19,Random,0.4,0.3988104493857876,20
b03core,base,agg_static@rho0.5,rep0_base_agg_static@rho0.5_b03core,0,agg_static,0.5,next_use,47,24,Random,0.5,0.5089799409112113,20
b03core,base,agg_static@rho0.5,rep0_base_agg_static@rho0.5_b03core,0,agg_static,0.5,next_use,47,28,Random,0.6,0.5842714974343026,20
b03core,base,agg_static@rho0.5,rep0_base_agg_static@rho0.5_b03core,0,agg_static,0.5,next_use,47,38,Random,0.8,0.8023791012284248,20
b03core,base,agg_static@rho0.5,rep0_base_agg_static@rho0.5_b03core,0,agg_static,0.5,next_use,47,47,Random,1.0,1.0,20
b03core,base,agg_static@rho0.5,rep0_base_agg_static@rho0.5_b03core,0,agg_static,0.5,next_use,47,5,Freshness,0.1,0.0,1
b03core,base,agg_static@rho0.5,rep0_base_agg_static@rho0.5_b03core,0,agg_static,0.5,next_use,47,9,Freshness,0.2,0.15145389519514849,1
b03core,base,agg_static@rho0.5,rep0_base_agg_static@rho0.5_b03core,0,agg_static,0.5,next_use,47,14,Freshness,0.3,0.2509718550769709,1
b03core,base,agg_static@rho0.5,rep0_base_agg_static@rho0.5_b03core,0,agg_static,0.5,next_use,47,19,Freshness,0.4,0.3266988026745452,1
b03core,base,agg_static@rho0.5,rep0_base_agg_static@rho0.5_b03core,0,agg_static,0.5,next_use,47,24,Freshness,0.5,0.6296065930648422,1
b03core,base,agg_static@rho0.5,rep0_base_agg_static@rho0.5_b03core,0,agg_static,0.5,next_use,47,28,Freshness,0.6,0.7252371326387809,1
b03core,base,agg_static@rho0.5,rep0_base_agg_static@rho0.5_b03core,0,agg_static,0.5,next_use,47,38,Freshness,0.8,0.8805784481418131,1
b03core,base,agg_static@rho0.5,rep0_base_agg_static@rho0.5_b03core,0,agg_static,0.5,next_use,47,47,Freshness,1.0,1.0,1
b03core,base,agg_static@rho0.5,rep0_base_agg_static@rho0.5_b03core,0,agg_static,0.5,next_use,47,5,CoverageDelta,0.1,0.03591976364484528,1
b03core,base,agg_static@rho0.5,rep0_base_agg_static@rho0.5_b03core,0,agg_static,0.5,next_use,47,9,CoverageDelta,0.2,0.11164671124241952,1
b03core,base,agg_static@rho0.5,rep0_base_agg_static@rho0.5_b03core,0,agg_static,0.5,next_use,47,14,CoverageDelta,0.3,0.26698802674545175,1
b03core,base,agg_static@rho0.5,rep0_base_agg_static@rho0.5_b03core,0,agg_static,0.5,next_use,47,19,CoverageDelta,0.4,0.34271497434302595,1
b03core,base,agg_static@rho0.5,rep0_base_agg_static@rho0.5_b03core,0,agg_static,0.5,next_use,47,24,CoverageDelta,0.5,0.645622764733323,1
b03core,base,agg_static@rho0.5,rep0_base_agg_static@rho0.5_b03core,0,agg_static,0.5,next_use,47,28,CoverageDelta,0.6,0.7252371326387809,1
b03core,base,agg_static@rho0.5,rep0_base_agg_static@rho0.5_b03core,0,agg_static,0.5,next_use,47,38,CoverageDelta,0.8,0.9004820401181776,1
b03core,base,agg_static@rho0.5,rep0_base_agg_static@rho0.5_b03core,0,agg_static,0.5,next_use,47,47,CoverageDelta,1.0,1.0,1
b03core,base,agg_static@rho0.5,rep0_base_agg_static@rho0.5_b03core,0,agg_static,0.5,next_use,47,5,CoverageAdvantage,0.1,0.0,1
b03core,base,agg_static@rho0.5,rep0_base_agg_static@rho0.5_b03core,0,agg_static,0.5,next_use,47,9,CoverageAdvantage,0.2,0.15145389519514849,1
b03core,base,agg_static@rho0.5,rep0_base_agg_static@rho0.5_b03core,0,agg_static,0.5,next_use,47,14,CoverageAdvantage,0.3,0.2310682631006064,1
b03core,base,agg_static@rho0.5,rep0_base_agg_static@rho0.5_b03core,0,agg_static,0.5,next_use,47,19,CoverageAdvantage,0.4,0.3825221582957549,1
b03core,base,agg_static@rho0.5,rep0_base_agg_static@rho0.5_b03core,0,agg_static,0.5,next_use,47,24,CoverageAdvantage,0.5,0.6097030010884776,1
b03core,base,agg_static@rho0.5,rep0_base_agg_static@rho0.5_b03core,0,agg_static,0.5,next_use,47,28,CoverageAdvantage,0.6,0.6893173689939356,1
b03core,base,agg_static@rho0.5,rep0_base_agg_static@rho0.5_b03core,0,agg_static,0.5,next_use,47,38,CoverageAdvantage,0.8,0.9203856320945419,1
b03core,base,agg_static@rho0.5,rep0_base_agg_static@rho0.5_b03core,0,agg_static,0.5,next_use,47,47,CoverageAdvantage,1.0,1.0,1
b03core,base,agg_static@rho0.5,rep0_base_agg_static@rho0.5_b03core,0,agg_static,0.5,next_use,47,5,SimpleCoverageLoad,0.1,0.0,1
b03core,base,agg_static@rho0.5,rep0_base_agg_static@rho0.5_b03core,0,agg_static,0.5,next_use,47,9,SimpleCoverageLoad,0.2,0.15145389519514849,1
b03core,base,agg_static@rho0.5,rep0_base_agg_static@rho0.5_b03core,0,agg_static,0.5,next_use,47,14,SimpleCoverageLoad,0.3,0.2310682631006064,1
b03core,base,agg_static@rho0.5,rep0_base_agg_static@rho0.5_b03core,0,agg_static,0.5,next_use,47,19,SimpleCoverageLoad,0.4,0.4621365262012128,1
b03core,base,agg_static@rho0.5,rep0_base_agg_static@rho0.5_b03core,0,agg_static,0.5,next_use,47,24,SimpleCoverageLoad,0.5,0.6893173689939356,1
b03core,base,agg_static@rho0.5,rep0_base_agg_static@rho0.5_b03core,0,agg_static,0.5,next_use,47,28,SimpleCoverageLoad,0.6,0.7650443165915098,1
b03core,base,agg_static@rho0.5,rep0_base_agg_static@rho0.5_b03core,0,agg_static,0.5,next_use,47,38,SimpleCoverageLoad,0.8,0.9203856320945419,1
b03core,base,agg_static@rho0.5,rep0_base_agg_static@rho0.5_b03core,0,agg_static,0.5,next_use,47,47,SimpleCoverageLoad,1.0,1.0,1
b03core,base,agg_static@rho0.5,rep0_base_agg_static@rho0.5_b03core,0,agg_static,0.5,next_use,47,5,DecisionAware,0.1,0.0,1
b03core,base,agg_static@rho0.5,rep0_base_agg_static@rho0.5_b03core,0,agg_static,0.5,next_use,47,9,DecisionAware,0.2,0.15145389519514849,1
b03core,base,agg_static@rho0.5,rep0_base_agg_static@rho0.5_b03core,0,agg_static,0.5,next_use,47,14,DecisionAware,0.3,0.2310682631006064,1
b03core,base,agg_static@rho0.5,rep0_base_agg_static@rho0.5_b03core,0,agg_static,0.5,next_use,47,19,DecisionAware,0.4,0.4621365262012128,1
b03core,base,agg_static@rho0.5,rep0_base_agg_static@rho0.5_b03core,0,agg_static,0.5,next_use,47,24,DecisionAware,0.5,0.6893173689939356,1
b03core,base,agg_static@rho0.5,rep0_base_agg_static@rho0.5_b03core,0,agg_static,0.5,next_use,47,28,DecisionAware,0.6,0.7650443165915098,1
b03core,base,agg_static@rho0.5,rep0_base_agg_static@rho0.5_b03core,0,agg_static,0.5,next_use,47,38,DecisionAware,0.8,0.9203856320945419,1
b03core,base,agg_static@rho0.5,rep0_base_agg_static@rho0.5_b03core,0,agg_static,0.5,next_use,47,47,DecisionAware,1.0,1.0,1
b03core,base,agg_static@rho0.5,rep0_base_agg_static@rho0.5_b03core,0,agg_static,0.5,next_use,47,5,B02Utility,0.1,0.05971077592909345,1
b03core,base,agg_static@rho0.5,rep0_base_agg_static@rho0.5_b03core,0,agg_static,0.5,next_use,47,9,B02Utility,0.2,0.1155341315503032,1
b03core,base,agg_static@rho0.5,rep0_base_agg_static@rho0.5_b03core,0,agg_static,0.5,next_use,47,14,B02Utility,0.3,0.17524490747939667,1
b03core,base,agg_static@rho0.5,rep0_base_agg_static@rho0.5_b03core,0,agg_static,0.5,next_use,47,19,B02Utility,0.4,0.3266988026745452,1
b03core,base,agg_static@rho0.5,rep0_base_agg_static@rho0.5_b03core,0,agg_static,0.5,next_use,47,24,B02Utility,0.5,0.4063131705800031,1
b03core,base,agg_static@rho0.5,rep0_base_agg_static@rho0.5_b03core,0,agg_static,0.5,next_use,47,28,B02Utility,0.6,0.48204011817757736,1
b03core,base,agg_static@rho0.5,rep0_base_agg_static@rho0.5_b03core,0,agg_static,0.5,next_use,47,38,B02Utility,0.8,0.8606748561654486,1
b03core,base,agg_static@rho0.5,rep0_base_agg_static@rho0.5_b03core,0,agg_static,0.5,next_use,47,47,B02Utility,1.0,1.0,1
b03core,base,agg_static@rho0.5,rep0_base_agg_static@rho0.5_b03core,0,agg_static,0.5,next_use,47,5,Oracle,0.1,0.3902969989115223,1
b03core,base,agg_static@rho0.5,rep0_base_agg_static@rho0.5_b03core,0,agg_static,0.5,next_use,47,9,Oracle,0.2,0.6932047893018193,1
b03core,base,agg_static@rho0.5,rep0_base_agg_static@rho0.5_b03core,0,agg_static,0.5,next_use,47,14,Oracle,0.3,0.8446586844969678,1
b03core,base,agg_static@rho0.5,rep0_base_agg_static@rho0.5_b03core,0,agg_static,0.5,next_use,47,19,Oracle,0.4,0.9441766443787902,1
b03core,base,agg_static@rho0.5,rep0_base_agg_static@rho0.5_b03core,0,agg_static,0.5,next_use,47,24,Oracle,0.5,1.0,1
b03core,base,agg_static@rho0.5,rep0_base_agg_static@rho0.5_b03core,0,agg_static,0.5,next_use,47,28,Oracle,0.6,1.0,1
b03core,base,agg_static@rho0.5,rep0_base_agg_static@rho0.5_b03core,0,agg_static,0.5,next_use,47,38,Oracle,0.8,1.0,1
b03core,base,agg_static@rho0.5,rep0_base_agg_static@rho0.5_b03core,0,agg_static,0.5,next_use,47,47,Oracle,1.0,1.0,1
b03core,base,agg_static@rho0.5,rep0_base_agg_static@rho0.5_b03core,0,agg_static,0.5,horizon_h4,47,5,Random,0.1,0.15960816326530614,20
b03core,base,agg_static@rho0.5,rep0_base_agg_static@rho0.5_b03core,0,agg_static,0.5,horizon_h4,47,9,Random,0.2,0.23305306122448982,20
b03core,base,agg_static@rho0.5,rep0_base_agg_static@rho0.5_b03core,0,agg_static,0.5,horizon_h4,47,14,Random,0.3,0.31842448979591836,20
b03core,base,agg_static@rho0.5,rep0_base_agg_static@rho0.5_b03core,0,agg_static,0.5,horizon_h4,47,19,Random,0.4,0.4008408163265306,20
b03core,base,agg_static@rho0.5,rep0_base_agg_static@rho0.5_b03core,0,agg_static,0.5,horizon_h4,47,24,Random,0.5,0.525534693877551,20
b03core,base,agg_static@rho0.5,rep0_base_agg_static@rho0.5_b03core,0,agg_static,0.5,horizon_h4,47,28,Random,0.6,0.6037714285714286,20
b03core,base,agg_static@rho0.5,rep0_base_agg_static@rho0.5_b03core,0,agg_static,0.5,horizon_h4,47,38,Random,0.8,0.8127428571428572,20
b03core,base,agg_static@rho0.5,rep0_base_agg_static@rho0.5_b03core,0,agg_static,0.5,horizon_h4,47,47,Random,1.0,1.0,20
b03core,base,agg_static@rho0.5,rep0_base_agg_static@rho0.5_b03core,0,agg_static,0.5,horizon_h4,47,5,Freshness,0.1,0.0,1
b03core,base,agg_static@rho0.5,rep0_base_agg_static@rho0.5_b03core,0,agg_static,0.5,horizon_h4,47,9,Freshness,0.2,0.15902040816326532,1
b03core,base,agg_static@rho0.5,rep0_base_agg_static@rho0.5_b03core,0,agg_static,0.5,horizon_h4,47,14,Freshness,0.3,0.26351020408163267,1
b03core,base,agg_static@rho0.5,rep0_base_agg_static@rho0.5_b03core,0,agg_static,0.5,horizon_h4,47,19,Freshness,0.4,0.34302040816326534,1
b03core,base,agg_static@rho0.5,rep0_base_agg_static@rho0.5_b03core,0,agg_static,0.5,horizon_h4,47,24,Freshness,0.5,0.7405714285714285,1
b03core,base,agg_static@rho0.5,rep0_base_agg_static@rho0.5_b03core,0,agg_static,0.5,horizon_h4,47,28,Freshness,0.6,0.8409795918367347,1
b03core,base,agg_static@rho0.5,rep0_base_agg_static@rho0.5_b03core,0,agg_static,0.5,horizon_h4,47,38,Freshness,0.8,1.0,1
b03core,base,agg_static@rho0.5,rep0_base_agg_static@rho0.5_b03core,0,agg_static,0.5,horizon_h4,47,47,Freshness,1.0,1.0,1
b03core,base,agg_static@rho0.5,rep0_base_agg_static@rho0.5_b03core,0,agg_static,0.5,horizon_h4,47,5,CoverageDelta,0.1,0.037714285714285714,1
b03core,base,agg_static@rho0.5,rep0_base_agg_static@rho0.5_b03core,0,agg_static,0.5,horizon_h4,47,9,CoverageDelta,0.2,0.11722448979591836,1
b03core,base,agg_static@rho0.5,rep0_base_agg_static@rho0.5_b03core,0,agg_static,0.5,horizon_h4,47,14,CoverageDelta,0.3,0.28032653061224494,1
b03core,base,agg_static@rho0.5,rep0_base_agg_static@rho0.5_b03core,0,agg_static,0.5,horizon_h4,47,19,CoverageDelta,0.4,0.35983673469387756,1
b03core,base,agg_static@rho0.5,rep0_base_agg_static@rho0.5_b03core,0,agg_static,0.5,horizon_h4,47,24,CoverageDelta,0.5,0.7573877551020408,1
b03core,base,agg_static@rho0.5,rep0_base_agg_static@rho0.5_b03core,0,agg_static,0.5,horizon_h4,47,28,CoverageDelta,0.6,0.8409795918367347,1
b03core,base,agg_static@rho0.5,rep0_base_agg_static@rho0.5_b03core,0,agg_static,0.5,horizon_h4,47,38,CoverageDelta,0.8,1.0,1
b03core,base,agg_static@rho0.5,rep0_base_agg_static@rho0.5_b03core,0,agg_static,0.5,horizon_h4,47,47,CoverageDelta,1.0,1.0,1
b03core,base,agg_static@rho0.5,rep0_base_agg_static@rho0.5_b03core,0,agg_static,0.5,horizon_h4,47,5,CoverageAdvantage,0.1,0.0,1
b03core,base,agg_static@rho0.5,rep0_base_agg_static@rho0.5_b03core,0,agg_static,0.5,horizon_h4,47,9,CoverageAdvantage,0.2,0.15902040816326532,1
b03core,base,agg_static@rho0.5,rep0_base_agg_static@rho0.5_b03core,0,agg_static,0.5,horizon_h4,47,14,CoverageAdvantage,0.3,0.24261224489795918,1
b03core,base,agg_static@rho0.5,rep0_base_agg_static@rho0.5_b03core,0,agg_static,0.5,horizon_h4,47,19,CoverageAdvantage,0.4,0.40163265306122453,1
b03core,base,agg_static@rho0.5,rep0_base_agg_static@rho0.5_b03core,0,agg_static,0.5,horizon_h4,47,24,CoverageAdvantage,0.5,0.7196734693877551,1
b03core,base,agg_static@rho0.5,rep0_base_agg_static@rho0.5_b03core,0,agg_static,0.5,horizon_h4,47,28,CoverageAdvantage,0.6,0.8827755102040816,1
b03core,base,agg_static@rho0.5,rep0_base_agg_static@rho0.5_b03core,0,agg_static,0.5,horizon_h4,47,38,CoverageAdvantage,0.8,1.0,1
b03core,base,agg_static@rho0.5,rep0_base_agg_static@rho0.5_b03core,0,agg_static,0.5,horizon_h4,47,47,CoverageAdvantage,1.0,1.0,1
b03core,base,agg_static@rho0.5,rep0_base_agg_static@rho0.5_b03core,0,agg_static,0.5,horizon_h4,47,5,SimpleCoverageLoad,0.1,0.0,1
b03core,base,agg_static@rho0.5,rep0_base_agg_static@rho0.5_b03core,0,agg_static,0.5,horizon_h4,47,9,SimpleCoverageLoad,0.2,0.15902040816326532,1
b03core,base,agg_static@rho0.5,rep0_base_agg_static@rho0.5_b03core,0,agg_static,0.5,horizon_h4,47,14,SimpleCoverageLoad,0.3,0.24261224489795918,1
b03core,base,agg_static@rho0.5,rep0_base_agg_static@rho0.5_b03core,0,agg_static,0.5,horizon_h4,47,19,SimpleCoverageLoad,0.4,0.48522448979591837,1
b03core,base,agg_static@rho0.5,rep0_base_agg_static@rho0.5_b03core,0,agg_static,0.5,horizon_h4,47,24,SimpleCoverageLoad,0.5,0.8032653061224491,1
b03core,base,agg_static@rho0.5,rep0_base_agg_static@rho0.5_b03core,0,agg_static,0.5,horizon_h4,47,28,SimpleCoverageLoad,0.6,0.9622857142857143,1
b03core,base,agg_static@rho0.5,rep0_base_agg_static@rho0.5_b03core,0,agg_static,0.5,horizon_h4,47,38,SimpleCoverageLoad,0.8,1.0,1
b03core,base,agg_static@rho0.5,rep0_base_agg_static@rho0.5_b03core,0,agg_static,0.5,horizon_h4,47,47,SimpleCoverageLoad,1.0,1.0,1
b03core,base,agg_static@rho0.5,rep0_base_agg_static@rho0.5_b03core,0,agg_static,0.5,horizon_h4,47,5,DecisionAware,0.1,0.0,1
b03core,base,agg_static@rho0.5,rep0_base_agg_static@rho0.5_b03core,0,agg_static,0.5,horizon_h4,47,9,DecisionAware,0.2,0.15902040816326532,1
b03core,base,agg_static@rho0.5,rep0_base_agg_static@rho0.5_b03core,0,agg_static,0.5,horizon_h4,47,14,DecisionAware,0.3,0.24261224489795918,1
b03core,base,agg_static@rho0.5,rep0_base_agg_static@rho0.5_b03core,0,agg_static,0.5,horizon_h4,47,19,DecisionAware,0.4,0.48522448979591837,1
b03core,base,agg_static@rho0.5,rep0_base_agg_static@rho0.5_b03core,0,agg_static,0.5,horizon_h4,47,24,DecisionAware,0.5,0.8032653061224491,1
b03core,base,agg_static@rho0.5,rep0_base_agg_static@rho0.5_b03core,0,agg_static,0.5,horizon_h4,47,28,DecisionAware,0.6,0.9622857142857143,1
b03core,base,agg_static@rho0.5,rep0_base_agg_static@rho0.5_b03core,0,agg_static,0.5,horizon_h4,47,38,DecisionAware,0.8,1.0,1
b03core,base,agg_static@rho0.5,rep0_base_agg_static@rho0.5_b03core,0,agg_static,0.5,horizon_h4,47,47,DecisionAware,1.0,1.0,1
b03core,base,agg_static@rho0.5,rep0_base_agg_static@rho0.5_b03core,0,agg_static,0.5,horizon_h4,47,5,B02Utility,0.1,0.02089795918367347,1
b03core,base,agg_static@rho0.5,rep0_base_agg_static@rho0.5_b03core,0,agg_static,0.5,horizon_h4,47,9,B02Utility,0.2,0.037714285714285714,1
b03core,base,agg_static@rho0.5,rep0_base_agg_static@rho0.5_b03core,0,agg_static,0.5,horizon_h4,47,14,B02Utility,0.3,0.037714285714285714,1
b03core,base,agg_static@rho0.5,rep0_base_agg_static@rho0.5_b03core,0,agg_static,0.5,horizon_h4,47,19,B02Utility,0.4,0.19673469387755102,1
b03core,base,agg_static@rho0.5,rep0_base_agg_static@rho0.5_b03core,0,agg_static,0.5,horizon_h4,47,24,B02Utility,0.5,0.28032653061224494,1
b03core,base,agg_static@rho0.5,rep0_base_agg_static@rho0.5_b03core,0,agg_static,0.5,horizon_h4,47,28,B02Utility,0.6,0.35983673469387756,1
b03core,base,agg_static@rho0.5,rep0_base_agg_static@rho0.5_b03core,0,agg_static,0.5,horizon_h4,47,38,B02Utility,0.8,0.9164081632653062,1
b03core,base,agg_static@rho0.5,rep0_base_agg_static@rho0.5_b03core,0,agg_static,0.5,horizon_h4,47,47,B02Utility,1.0,1.0,1
b03core,base,agg_static@rho0.5,rep0_base_agg_static@rho0.5_b03core,0,agg_static,0.5,horizon_h4,47,5,Oracle,0.1,0.4893061224489796,1
b03core,base,agg_static@rho0.5,rep0_base_agg_static@rho0.5_b03core,0,agg_static,0.5,horizon_h4,47,9,Oracle,0.2,0.8073469387755102,1
b03core,base,agg_static@rho0.5,rep0_base_agg_static@rho0.5_b03core,0,agg_static,0.5,horizon_h4,47,14,Oracle,0.3,1.0,1
b03core,base,agg_static@rho0.5,rep0_base_agg_static@rho0.5_b03core,0,agg_static,0.5,horizon_h4,47,19,Oracle,0.4,1.0,1
b03core,base,agg_static@rho0.5,rep0_base_agg_static@rho0.5_b03core,0,agg_static,0.5,horizon_h4,47,24,Oracle,0.5,1.0,1
b03core,base,agg_static@rho0.5,rep0_base_agg_static@rho0.5_b03core,0,agg_static,0.5,horizon_h4,47,28,Oracle,0.6,1.0,1
b03core,base,agg_static@rho0.5,rep0_base_agg_static@rho0.5_b03core,0,agg_static,0.5,horizon_h4,47,38,Oracle,0.8,1.0,1
b03core,base,agg_static@rho0.5,rep0_base_agg_static@rho0.5_b03core,0,agg_static,0.5,horizon_h4,47,47,Oracle,1.0,1.0,1
b03core,base,exact_fifo@rho0.5,rep0_base_exact_fifo@rho0.5_b03core,0,exact_fifo,0.5,next_use,48,5,Random,0.1,0.11694137770175711,20
b03core,base,exact_fifo@rho0.5,rep0_base_exact_fifo@rho0.5_b03core,0,exact_fifo,0.5,next_use,48,10,Random,0.2,0.20296221427460737,20
b03core,base,exact_fifo@rho0.5,rep0_base_exact_fifo@rho0.5_b03core,0,exact_fifo,0.5,next_use,48,14,Random,0.3,0.28939511740009327,20
b03core,base,exact_fifo@rho0.5,rep0_base_exact_fifo@rho0.5_b03core,0,exact_fifo,0.5,next_use,48,19,Random,0.4,0.3862152075882444,20
b03core,base,exact_fifo@rho0.5,rep0_base_exact_fifo@rho0.5_b03core,0,exact_fifo,0.5,next_use,48,24,Random,0.5,0.472694759757425,20
b03core,base,exact_fifo@rho0.5,rep0_base_exact_fifo@rho0.5_b03core,0,exact_fifo,0.5,next_use,48,29,Random,0.6,0.5721116467112424,20
b03core,base,exact_fifo@rho0.5,rep0_base_exact_fifo@rho0.5_b03core,0,exact_fifo,0.5,next_use,48,38,Random,0.8,0.7781060488259991,20
b03core,base,exact_fifo@rho0.5,rep0_base_exact_fifo@rho0.5_b03core,0,exact_fifo,0.5,next_use,48,48,Random,1.0,1.0,20
b03core,base,exact_fifo@rho0.5,rep0_base_exact_fifo@rho0.5_b03core,0,exact_fifo,0.5,next_use,48,5,Freshness,0.1,0.0,1
b03core,base,exact_fifo@rho0.5,rep0_base_exact_fifo@rho0.5_b03core,0,exact_fifo,0.5,next_use,48,10,Freshness,0.2,0.15145389519514849,1
b03core,base,exact_fifo@rho0.5,rep0_base_exact_fifo@rho0.5_b03core,0,exact_fifo,0.5,next_use,48,14,Freshness,0.3,0.2509718550769709,1
b03core,base,exact_fifo@rho0.5,rep0_base_exact_fifo@rho0.5_b03core,0,exact_fifo,0.5,next_use,48,19,Freshness,0.4,0.3266988026745452,1
b03core,base,exact_fifo@rho0.5,rep0_base_exact_fifo@rho0.5_b03core,0,exact_fifo,0.5,next_use,48,24,Freshness,0.5,0.6296065930648422,1
b03core,base,exact_fifo@rho0.5,rep0_base_exact_fifo@rho0.5_b03core,0,exact_fifo,0.5,next_use,48,29,Freshness,0.6,0.7252371326387809,1
b03core,base,exact_fifo@rho0.5,rep0_base_exact_fifo@rho0.5_b03core,0,exact_fifo,0.5,next_use,48,38,Freshness,0.8,0.8606748561654486,1
b03core,base,exact_fifo@rho0.5,rep0_base_exact_fifo@rho0.5_b03core,0,exact_fifo,0.5,next_use,48,48,Freshness,1.0,1.0,1
b03core,base,exact_fifo@rho0.5,rep0_base_exact_fifo@rho0.5_b03core,0,exact_fifo,0.5,next_use,48,5,CoverageDelta,0.1,0.03591976364484528,1
b03core,base,exact_fifo@rho0.5,rep0_base_exact_fifo@rho0.5_b03core,0,exact_fifo,0.5,next_use,48,10,CoverageDelta,0.2,0.1873736588399938,1
b03core,base,exact_fifo@rho0.5,rep0_base_exact_fifo@rho0.5_b03core,0,exact_fifo,0.5,next_use,48,14,CoverageDelta,0.3,0.26698802674545175,1
b03core,base,exact_fifo@rho0.5,rep0_base_exact_fifo@rho0.5_b03core,0,exact_fifo,0.5,next_use,48,19,CoverageDelta,0.4,0.34271497434302595,1
b03core,base,exact_fifo@rho0.5,rep0_base_exact_fifo@rho0.5_b03core,0,exact_fifo,0.5,next_use,48,24,CoverageDelta,0.5,0.645622764733323,1
b03core,base,exact_fifo@rho0.5,rep0_base_exact_fifo@rho0.5_b03core,0,exact_fifo,0.5,next_use,48,29,CoverageDelta,0.6,0.7252371326387809,1
b03core,base,exact_fifo@rho0.5,rep0_base_exact_fifo@rho0.5_b03core,0,exact_fifo,0.5,next_use,48,38,CoverageDelta,0.8,0.9004820401181776,1
b03core,base,exact_fifo@rho0.5,rep0_base_exact_fifo@rho0.5_b03core,0,exact_fifo,0.5,next_use,48,48,CoverageDelta,1.0,1.0,1
b03core,base,exact_fifo@rho0.5,rep0_base_exact_fifo@rho0.5_b03core,0,exact_fifo,0.5,next_use,48,5,CoverageAdvantage,0.1,0.0,1
b03core,base,exact_fifo@rho0.5,rep0_base_exact_fifo@rho0.5_b03core,0,exact_fifo,0.5,next_use,48,10,CoverageAdvantage,0.2,0.15145389519514849,1
b03core,base,exact_fifo@rho0.5,rep0_base_exact_fifo@rho0.5_b03core,0,exact_fifo,0.5,next_use,48,14,CoverageAdvantage,0.3,0.2310682631006064,1
b03core,base,exact_fifo@rho0.5,rep0_base_exact_fifo@rho0.5_b03core,0,exact_fifo,0.5,next_use,48,19,CoverageAdvantage,0.4,0.3825221582957549,1
b03core,base,exact_fifo@rho0.5,rep0_base_exact_fifo@rho0.5_b03core,0,exact_fifo,0.5,next_use,48,24,CoverageAdvantage,0.5,0.6097030010884776,1
b03core,base,exact_fifo@rho0.5,rep0_base_exact_fifo@rho0.5_b03core,0,exact_fifo,0.5,next_use,48,29,CoverageAdvantage,0.6,0.7650443165915098,1
b03core,base,exact_fifo@rho0.5,rep0_base_exact_fifo@rho0.5_b03core,0,exact_fifo,0.5,next_use,48,38,CoverageAdvantage,0.8,0.9203856320945419,1
b03core,base,exact_fifo@rho0.5,rep0_base_exact_fifo@rho0.5_b03core,0,exact_fifo,0.5,next_use,48,48,CoverageAdvantage,1.0,1.0,1
b03core,base,exact_fifo@rho0.5,rep0_base_exact_fifo@rho0.5_b03core,0,exact_fifo,0.5,next_use,48,5,SimpleCoverageLoad,0.1,0.0,1
b03core,base,exact_fifo@rho0.5,rep0_base_exact_fifo@rho0.5_b03core,0,exact_fifo,0.5,next_use,48,10,SimpleCoverageLoad,0.2,0.2310682631006064,1
b03core,base,exact_fifo@rho0.5,rep0_base_exact_fifo@rho0.5_b03core,0,exact_fifo,0.5,next_use,48,14,SimpleCoverageLoad,0.3,0.2310682631006064,1
b03core,base,exact_fifo@rho0.5,rep0_base_exact_fifo@rho0.5_b03core,0,exact_fifo,0.5,next_use,48,19,SimpleCoverageLoad,0.4,0.4621365262012128,1
b03core,base,exact_fifo@rho0.5,rep0_base_exact_fifo@rho0.5_b03core,0,exact_fifo,0.5,next_use,48,24,SimpleCoverageLoad,0.5,0.6893173689939356,1
b03core,base,exact_fifo@rho0.5,rep0_base_exact_fifo@rho0.5_b03core,0,exact_fifo,0.5,next_use,48,29,SimpleCoverageLoad,0.6,0.7650443165915098,1
b03core,base,exact_fifo@rho0.5,rep0_base_exact_fifo@rho0.5_b03core,0,exact_fifo,0.5,next_use,48,38,SimpleCoverageLoad,0.8,0.9203856320945419,1
b03core,base,exact_fifo@rho0.5,rep0_base_exact_fifo@rho0.5_b03core,0,exact_fifo,0.5,next_use,48,48,SimpleCoverageLoad,1.0,1.0,1
b03core,base,exact_fifo@rho0.5,rep0_base_exact_fifo@rho0.5_b03core,0,exact_fifo,0.5,next_use,48,5,DecisionAware,0.1,0.0,1
b03core,base,exact_fifo@rho0.5,rep0_base_exact_fifo@rho0.5_b03core,0,exact_fifo,0.5,next_use,48,10,DecisionAware,0.2,0.2310682631006064,1
b03core,base,exact_fifo@rho0.5,rep0_base_exact_fifo@rho0.5_b03core,0,exact_fifo,0.5,next_use,48,14,DecisionAware,0.3,0.2310682631006064,1
b03core,base,exact_fifo@rho0.5,rep0_base_exact_fifo@rho0.5_b03core,0,exact_fifo,0.5,next_use,48,19,DecisionAware,0.4,0.4621365262012128,1
b03core,base,exact_fifo@rho0.5,rep0_base_exact_fifo@rho0.5_b03core,0,exact_fifo,0.5,next_use,48,24,DecisionAware,0.5,0.6893173689939356,1
b03core,base,exact_fifo@rho0.5,rep0_base_exact_fifo@rho0.5_b03core,0,exact_fifo,0.5,next_use,48,29,DecisionAware,0.6,0.7650443165915098,1
b03core,base,exact_fifo@rho0.5,rep0_base_exact_fifo@rho0.5_b03core,0,exact_fifo,0.5,next_use,48,38,DecisionAware,0.8,0.9203856320945419,1
b03core,base,exact_fifo@rho0.5,rep0_base_exact_fifo@rho0.5_b03core,0,exact_fifo,0.5,next_use,48,48,DecisionAware,1.0,1.0,1
b03core,base,exact_fifo@rho0.5,rep0_base_exact_fifo@rho0.5_b03core,0,exact_fifo,0.5,next_use,48,5,B02Utility,0.1,0.03980718395272897,1
b03core,base,exact_fifo@rho0.5,rep0_base_exact_fifo@rho0.5_b03core,0,exact_fifo,0.5,next_use,48,10,B02Utility,0.2,0.13543772352666772,1
b03core,base,exact_fifo@rho0.5,rep0_base_exact_fifo@rho0.5_b03core,0,exact_fifo,0.5,next_use,48,14,B02Utility,0.3,0.17524490747939667,1
b03core,base,exact_fifo@rho0.5,rep0_base_exact_fifo@rho0.5_b03core,0,exact_fifo,0.5,next_use,48,19,B02Utility,0.4,0.3266988026745452,1
b03core,base,exact_fifo@rho0.5,rep0_base_exact_fifo@rho0.5_b03core,0,exact_fifo,0.5,next_use,48,24,B02Utility,0.5,0.4063131705800031,1
b03core,base,exact_fifo@rho0.5,rep0_base_exact_fifo@rho0.5_b03core,0,exact_fifo,0.5,next_use,48,29,B02Utility,0.6,0.5577670657751516,1
b03core,base,exact_fifo@rho0.5,rep0_base_exact_fifo@rho0.5_b03core,0,exact_fifo,0.5,next_use,48,38,B02Utility,0.8,0.8606748561654486,1
b03core,base,exact_fifo@rho0.5,rep0_base_exact_fifo@rho0.5_b03core,0,exact_fifo,0.5,next_use,48,48,B02Utility,1.0,1.0,1
b03core,base,exact_fifo@rho0.5,rep0_base_exact_fifo@rho0.5_b03core,0,exact_fifo,0.5,next_use,48,5,Oracle,0.1,0.3902969989115223,1
b03core,base,exact_fifo@rho0.5,rep0_base_exact_fifo@rho0.5_b03core,0,exact_fifo,0.5,next_use,48,10,Oracle,0.2,0.7650443165915098,1
b03core,base,exact_fifo@rho0.5,rep0_base_exact_fifo@rho0.5_b03core,0,exact_fifo,0.5,next_use,48,14,Oracle,0.3,0.8446586844969678,1
b03core,base,exact_fifo@rho0.5,rep0_base_exact_fifo@rho0.5_b03core,0,exact_fifo,0.5,next_use,48,19,Oracle,0.4,0.9441766443787902,1
b03core,base,exact_fifo@rho0.5,rep0_base_exact_fifo@rho0.5_b03core,0,exact_fifo,0.5,next_use,48,24,Oracle,0.5,1.0,1
b03core,base,exact_fifo@rho0.5,rep0_base_exact_fifo@rho0.5_b03core,0,exact_fifo,0.5,next_use,48,29,Oracle,0.6,1.0,1
b03core,base,exact_fifo@rho0.5,rep0_base_exact_fifo@rho0.5_b03core,0,exact_fifo,0.5,next_use,48,38,Oracle,0.8,1.0,1
b03core,base,exact_fifo@rho0.5,rep0_base_exact_fifo@rho0.5_b03core,0,exact_fifo,0.5,next_use,48,48,Oracle,1.0,1.0,1
b03core,base,exact_fifo@rho0.5,rep0_base_exact_fifo@rho0.5_b03core,0,exact_fifo,0.5,horizon_h4,48,5,Random,0.1,0.12280816326530612,20
b03core,base,exact_fifo@rho0.5,rep0_base_exact_fifo@rho0.5_b03core,0,exact_fifo,0.5,horizon_h4,48,10,Random,0.2,0.2231918367346939,20
b03core,base,exact_fifo@rho0.5,rep0_base_exact_fifo@rho0.5_b03core,0,exact_fifo,0.5,horizon_h4,48,14,Random,0.3,0.30288163265306123,20
b03core,base,exact_fifo@rho0.5,rep0_base_exact_fifo@rho0.5_b03core,0,exact_fifo,0.5,horizon_h4,48,19,Random,0.4,0.39640816326530615,20
b03core,base,exact_fifo@rho0.5,rep0_base_exact_fifo@rho0.5_b03core,0,exact_fifo,0.5,horizon_h4,48,24,Random,0.5,0.47321632653061224,20
b03core,base,exact_fifo@rho0.5,rep0_base_exact_fifo@rho0.5_b03core,0,exact_fifo,0.5,horizon_h4,48,29,Random,0.6,0.5744897959183674,20
b03core,base,exact_fifo@rho0.5,rep0_base_exact_fifo@rho0.5_b03core,0,exact_fifo,0.5,horizon_h4,48,38,Random,0.8,0.7728326530612245,20
b03core,base,exact_fifo@rho0.5,rep0_base_exact_fifo@rho0.5_b03core,0,exact_fifo,0.5,horizon_h4,48,48,Random,1.0,1.0,20
b03core,base,exact_fifo@rho0.5,rep0_base_exact_fifo@rho0.5_b03core,0,exact_fifo,0.5,horizon_h4,48,5,Freshness,0.1,0.0,1
b03core,base,exact_fifo@rho0.5,rep0_base_exact_fifo@rho0.5_b03core,0,exact_fifo,0.5,horizon_h4,48,10,Freshness,0.2,0.15902040816326532,1
b03core,base,exact_fifo@rho0.5,rep0_base_exact_fifo@rho0.5_b03core,0,exact_fifo,0.5,horizon_h4,48,14,Freshness,0.3,0.26351020408163267,1
b03core,base,exact_fifo@rho0.5,rep0_base_exact_fifo@rho0.5_b03core,0,exact_fifo,0.5,horizon_h4,48,19,Freshness,0.4,0.34302040816326534,1
b03core,base,exact_fifo@rho0.5,rep0_base_exact_fifo@rho0.5_b03core,0,exact_fifo,0.5,horizon_h4,48,24,Freshness,0.5,0.7405714285714285,1
b03core,base,exact_fifo@rho0.5,rep0_base_exact_fifo@rho0.5_b03core,0,exact_fifo,0.5,horizon_h4,48,29,Freshness,0.6,0.9204897959183674,1
b03core,base,exact_fifo@rho0.5,rep0_base_exact_fifo@rho0.5_b03core,0,exact_fifo,0.5,horizon_h4,48,38,Freshness,0.8,1.0,1
b03core,base,exact_fifo@rho0.5,rep0_base_exact_fifo@rho0.5_b03core,0,exact_fifo,0.5,horizon_h4,48,48,Freshness,1.0,1.0,1
b03core,base,exact_fifo@rho0.5,rep0_base_exact_fifo@rho0.5_b03core,0,exact_fifo,0.5,horizon_h4,48,5,CoverageDelta,0.1,0.037714285714285714,1
b03core,base,exact_fifo@rho0.5,rep0_base_exact_fifo@rho0.5_b03core,0,exact_fifo,0.5,horizon_h4,48,10,CoverageDelta,0.2,0.19673469387755102,1
b03core,base,exact_fifo@rho0.5,rep0_base_exact_fifo@rho0.5_b03core,0,exact_fifo,0.5,horizon_h4,48,14,CoverageDelta,0.3,0.28032653061224494,1
b03core,base,exact_fifo@rho0.5,rep0_base_exact_fifo@rho0.5_b03core,0,exact_fifo,0.5,horizon_h4,48,19,CoverageDelta,0.4,0.35983673469387756,1
b03core,base,exact_fifo@rho0.5,rep0_base_exact_fifo@rho0.5_b03core,0,exact_fifo,0.5,horizon_h4,48,24,CoverageDelta,0.5,0.7573877551020408,1
b03core,base,exact_fifo@rho0.5,rep0_base_exact_fifo@rho0.5_b03core,0,exact_fifo,0.5,horizon_h4,48,29,CoverageDelta,0.6,0.9204897959183674,1
b03core,base,exact_fifo@rho0.5,rep0_base_exact_fifo@rho0.5_b03core,0,exact_fifo,0.5,horizon_h4,48,38,CoverageDelta,0.8,1.0,1
b03core,base,exact_fifo@rho0.5,rep0_base_exact_fifo@rho0.5_b03core,0,exact_fifo,0.5,horizon_h4,48,48,CoverageDelta,1.0,1.0,1
b03core,base,exact_fifo@rho0.5,rep0_base_exact_fifo@rho0.5_b03core,0,exact_fifo,0.5,horizon_h4,48,5,CoverageAdvantage,0.1,0.0,1
b03core,base,exact_fifo@rho0.5,rep0_base_exact_fifo@rho0.5_b03core,0,exact_fifo,0.5,horizon_h4,48,10,CoverageAdvantage,0.2,0.15902040816326532,1
b03core,base,exact_fifo@rho0.5,rep0_base_exact_fifo@rho0.5_b03core,0,exact_fifo,0.5,horizon_h4,48,14,CoverageAdvantage,0.3,0.24261224489795918,1
b03core,base,exact_fifo@rho0.5,rep0_base_exact_fifo@rho0.5_b03core,0,exact_fifo,0.5,horizon_h4,48,19,CoverageAdvantage,0.4,0.40163265306122453,1
b03core,base,exact_fifo@rho0.5,rep0_base_exact_fifo@rho0.5_b03core,0,exact_fifo,0.5,horizon_h4,48,24,CoverageAdvantage,0.5,0.7196734693877551,1
b03core,base,exact_fifo@rho0.5,rep0_base_exact_fifo@rho0.5_b03core,0,exact_fifo,0.5,horizon_h4,48,29,CoverageAdvantage,0.6,0.9622857142857143,1
b03core,base,exact_fifo@rho0.5,rep0_base_exact_fifo@rho0.5_b03core,0,exact_fifo,0.5,horizon_h4,48,38,CoverageAdvantage,0.8,1.0,1
b03core,base,exact_fifo@rho0.5,rep0_base_exact_fifo@rho0.5_b03core,0,exact_fifo,0.5,horizon_h4,48,48,CoverageAdvantage,1.0,1.0,1
b03core,base,exact_fifo@rho0.5,rep0_base_exact_fifo@rho0.5_b03core,0,exact_fifo,0.5,horizon_h4,48,5,SimpleCoverageLoad,0.1,0.0,1
b03core,base,exact_fifo@rho0.5,rep0_base_exact_fifo@rho0.5_b03core,0,exact_fifo,0.5,horizon_h4,48,10,SimpleCoverageLoad,0.2,0.24261224489795918,1
b03core,base,exact_fifo@rho0.5,rep0_base_exact_fifo@rho0.5_b03core,0,exact_fifo,0.5,horizon_h4,48,14,SimpleCoverageLoad,0.3,0.24261224489795918,1
b03core,base,exact_fifo@rho0.5,rep0_base_exact_fifo@rho0.5_b03core,0,exact_fifo,0.5,horizon_h4,48,19,SimpleCoverageLoad,0.4,0.48522448979591837,1
b03core,base,exact_fifo@rho0.5,rep0_base_exact_fifo@rho0.5_b03core,0,exact_fifo,0.5,horizon_h4,48,24,SimpleCoverageLoad,0.5,0.8032653061224491,1
b03core,base,exact_fifo@rho0.5,rep0_base_exact_fifo@rho0.5_b03core,0,exact_fifo,0.5,horizon_h4,48,29,SimpleCoverageLoad,0.6,0.9622857142857143,1
b03core,base,exact_fifo@rho0.5,rep0_base_exact_fifo@rho0.5_b03core,0,exact_fifo,0.5,horizon_h4,48,38,SimpleCoverageLoad,0.8,1.0,1
b03core,base,exact_fifo@rho0.5,rep0_base_exact_fifo@rho0.5_b03core,0,exact_fifo,0.5,horizon_h4,48,48,SimpleCoverageLoad,1.0,1.0,1
b03core,base,exact_fifo@rho0.5,rep0_base_exact_fifo@rho0.5_b03core,0,exact_fifo,0.5,horizon_h4,48,5,DecisionAware,0.1,0.0,1
b03core,base,exact_fifo@rho0.5,rep0_base_exact_fifo@rho0.5_b03core,0,exact_fifo,0.5,horizon_h4,48,10,DecisionAware,0.2,0.24261224489795918,1
b03core,base,exact_fifo@rho0.5,rep0_base_exact_fifo@rho0.5_b03core,0,exact_fifo,0.5,horizon_h4,48,14,DecisionAware,0.3,0.24261224489795918,1
b03core,base,exact_fifo@rho0.5,rep0_base_exact_fifo@rho0.5_b03core,0,exact_fifo,0.5,horizon_h4,48,19,DecisionAware,0.4,0.48522448979591837,1
b03core,base,exact_fifo@rho0.5,rep0_base_exact_fifo@rho0.5_b03core,0,exact_fifo,0.5,horizon_h4,48,24,DecisionAware,0.5,0.8032653061224491,1
b03core,base,exact_fifo@rho0.5,rep0_base_exact_fifo@rho0.5_b03core,0,exact_fifo,0.5,horizon_h4,48,29,DecisionAware,0.6,0.9622857142857143,1
b03core,base,exact_fifo@rho0.5,rep0_base_exact_fifo@rho0.5_b03core,0,exact_fifo,0.5,horizon_h4,48,38,DecisionAware,0.8,1.0,1
b03core,base,exact_fifo@rho0.5,rep0_base_exact_fifo@rho0.5_b03core,0,exact_fifo,0.5,horizon_h4,48,48,DecisionAware,1.0,1.0,1
b03core,base,exact_fifo@rho0.5,rep0_base_exact_fifo@rho0.5_b03core,0,exact_fifo,0.5,horizon_h4,48,5,B02Utility,0.1,0.0,1
b03core,base,exact_fifo@rho0.5,rep0_base_exact_fifo@rho0.5_b03core,0,exact_fifo,0.5,horizon_h4,48,10,B02Utility,0.2,0.037714285714285714,1
b03core,base,exact_fifo@rho0.5,rep0_base_exact_fifo@rho0.5_b03core,0,exact_fifo,0.5,horizon_h4,48,14,B02Utility,0.3,0.037714285714285714,1
b03core,base,exact_fifo@rho0.5,rep0_base_exact_fifo@rho0.5_b03core,0,exact_fifo,0.5,horizon_h4,48,19,B02Utility,0.4,0.19673469387755102,1
b03core,base,exact_fifo@rho0.5,rep0_base_exact_fifo@rho0.5_b03core,0,exact_fifo,0.5,horizon_h4,48,24,B02Utility,0.5,0.28032653061224494,1
b03core,base,exact_fifo@rho0.5,rep0_base_exact_fifo@rho0.5_b03core,0,exact_fifo,0.5,horizon_h4,48,29,B02Utility,0.6,0.43934693877551023,1
b03core,base,exact_fifo@rho0.5,rep0_base_exact_fifo@rho0.5_b03core,0,exact_fifo,0.5,horizon_h4,48,38,B02Utility,0.8,0.9164081632653062,1
b03core,base,exact_fifo@rho0.5,rep0_base_exact_fifo@rho0.5_b03core,0,exact_fifo,0.5,horizon_h4,48,48,B02Utility,1.0,1.0,1
b03core,base,exact_fifo@rho0.5,rep0_base_exact_fifo@rho0.5_b03core,0,exact_fifo,0.5,horizon_h4,48,5,Oracle,0.1,0.4893061224489796,1
b03core,base,exact_fifo@rho0.5,rep0_base_exact_fifo@rho0.5_b03core,0,exact_fifo,0.5,horizon_h4,48,10,Oracle,0.2,0.8868571428571429,1
b03core,base,exact_fifo@rho0.5,rep0_base_exact_fifo@rho0.5_b03core,0,exact_fifo,0.5,horizon_h4,48,14,Oracle,0.3,1.0,1
b03core,base,exact_fifo@rho0.5,rep0_base_exact_fifo@rho0.5_b03core,0,exact_fifo,0.5,horizon_h4,48,19,Oracle,0.4,1.0,1
b03core,base,exact_fifo@rho0.5,rep0_base_exact_fifo@rho0.5_b03core,0,exact_fifo,0.5,horizon_h4,48,24,Oracle,0.5,1.0,1
b03core,base,exact_fifo@rho0.5,rep0_base_exact_fifo@rho0.5_b03core,0,exact_fifo,0.5,horizon_h4,48,29,Oracle,0.6,1.0,1
b03core,base,exact_fifo@rho0.5,rep0_base_exact_fifo@rho0.5_b03core,0,exact_fifo,0.5,horizon_h4,48,38,Oracle,0.8,1.0,1
b03core,base,exact_fifo@rho0.5,rep0_base_exact_fifo@rho0.5_b03core,0,exact_fifo,0.5,horizon_h4,48,48,Oracle,1.0,1.0,1
b03core,base,agg_full@rho0.8,rep0_base_agg_full@rho0.8_b03core,0,agg_full,0.8,next_use,29,3,Random,0.1,0.10128128128128128,20
b03core,base,agg_full@rho0.8,rep0_base_agg_full@rho0.8_b03core,0,agg_full,0.8,next_use,29,6,Random,0.2,0.23512512512512512,20
b03core,base,agg_full@rho0.8,rep0_base_agg_full@rho0.8_b03core,0,agg_full,0.8,next_use,29,9,Random,0.3,0.3469069069069069,20
b03core,base,agg_full@rho0.8,rep0_base_agg_full@rho0.8_b03core,0,agg_full,0.8,next_use,29,12,Random,0.4,0.4474374374374374,20
b03core,base,agg_full@rho0.8,rep0_base_agg_full@rho0.8_b03core,0,agg_full,0.8,next_use,29,14,Random,0.5,0.5179379379379379,20
b03core,base,agg_full@rho0.8,rep0_base_agg_full@rho0.8_b03core,0,agg_full,0.8,next_use,29,17,Random,0.6,0.5956256256256256,20
b03core,base,agg_full@rho0.8,rep0_base_agg_full@rho0.8_b03core,0,agg_full,0.8,next_use,29,23,Random,0.8,0.802032032032032,20
b03core,base,agg_full@rho0.8,rep0_base_agg_full@rho0.8_b03core,0,agg_full,0.8,next_use,29,29,Random,1.0,1.0,20
b03core,base,agg_full@rho0.8,rep0_base_agg_full@rho0.8_b03core,0,agg_full,0.8,next_use,29,3,Freshness,0.1,0.0,1
b03core,base,agg_full@rho0.8,rep0_base_agg_full@rho0.8_b03core,0,agg_full,0.8,next_use,29,6,Freshness,0.2,0.19499499499499498,1
b03core,base,agg_full@rho0.8,rep0_base_agg_full@rho0.8_b03core,0,agg_full,0.8,next_use,29,9,Freshness,0.3,0.39499499499499496,1
b03core,base,agg_full@rho0.8,rep0_base_agg_full@rho0.8_b03core,0,agg_full,0.8,next_use,29,12,Freshness,0.4,0.4974974974974975,1
b03core,base,agg_full@rho0.8,rep0_base_agg_full@rho0.8_b03core,0,agg_full,0.8,next_use,29,14,Freshness,0.5,0.6974974974974976,1
b03core,base,agg_full@rho0.8,rep0_base_agg_full@rho0.8_b03core,0,agg_full,0.8,next_use,29,17,Freshness,0.6,0.8974974974974974,1
b03core,base,agg_full@rho0.8,rep0_base_agg_full@rho0.8_b03core,0,agg_full,0.8,next_use,29,23,Freshness,0.8,0.8974974974974974,1
b03core,base,agg_full@rho0.8,rep0_base_agg_full@rho0.8_b03core,0,agg_full,0.8,next_use,29,29,Freshness,1.0,1.0,1
b03core,base,agg_full@rho0.8,rep0_base_agg_full@rho0.8_b03core,0,agg_full,0.8,next_use,29,3,CoverageDelta,0.1,0.0,1
b03core,base,agg_full@rho0.8,rep0_base_agg_full@rho0.8_b03core,0,agg_full,0.8,next_use,29,6,CoverageDelta,0.2,0.0,1
b03core,base,agg_full@rho0.8,rep0_base_agg_full@rho0.8_b03core,0,agg_full,0.8,next_use,29,9,CoverageDelta,0.3,0.19499499499499498,1
b03core,base,agg_full@rho0.8,rep0_base_agg_full@rho0.8_b03core,0,agg_full,0.8,next_use,29,12,CoverageDelta,0.4,0.39499499499499496,1
b03core,base,agg_full@rho0.8,rep0_base_agg_full@rho0.8_b03core,0,agg_full,0.8,next_use,29,14,CoverageDelta,0.5,0.4974974974974975,1
b03core,base,agg_full@rho0.8,rep0_base_agg_full@rho0.8_b03core,0,agg_full,0.8,next_use,29,17,CoverageDelta,0.6,0.6974974974974976,1
b03core,base,agg_full@rho0.8,rep0_base_agg_full@rho0.8_b03core,0,agg_full,0.8,next_use,29,23,CoverageDelta,0.8,0.8974974974974974,1
b03core,base,agg_full@rho0.8,rep0_base_agg_full@rho0.8_b03core,0,agg_full,0.8,next_use,29,29,CoverageDelta,1.0,1.0,1
b03core,base,agg_full@rho0.8,rep0_base_agg_full@rho0.8_b03core,0,agg_full,0.8,next_use,29,3,CoverageAdvantage,0.1,0.0,1
b03core,base,agg_full@rho0.8,rep0_base_agg_full@rho0.8_b03core,0,agg_full,0.8,next_use,29,6,CoverageAdvantage,0.2,0.0,1
b03core,base,agg_full@rho0.8,rep0_base_agg_full@rho0.8_b03core,0,agg_full,0.8,next_use,29,9,CoverageAdvantage,0.3,0.19499499499499498,1
b03core,base,agg_full@rho0.8,rep0_base_agg_full@rho0.8_b03core,0,agg_full,0.8,next_use,29,12,CoverageAdvantage,0.4,0.4974974974974975,1
b03core,base,agg_full@rho0.8,rep0_base_agg_full@rho0.8_b03core,0,agg_full,0.8,next_use,29,14,CoverageAdvantage,0.5,0.4974974974974975,1
b03core,base,agg_full@rho0.8,rep0_base_agg_full@rho0.8_b03core,0,agg_full,0.8,next_use,29,17,CoverageAdvantage,0.6,0.6974974974974976,1
b03core,base,agg_full@rho0.8,rep0_base_agg_full@rho0.8_b03core,0,agg_full,0.8,next_use,29,23,CoverageAdvantage,0.8,0.9231231231231231,1
b03core,base,agg_full@rho0.8,rep0_base_agg_full@rho0.8_b03core,0,agg_full,0.8,next_use,29,29,CoverageAdvantage,1.0,1.0,1
b03core,base,agg_full@rho0.8,rep0_base_agg_full@rho0.8_b03core,0,agg_full,0.8,next_use,29,3,SimpleCoverageLoad,0.1,0.0,1
b03core,base,agg_full@rho0.8,rep0_base_agg_full@rho0.8_b03core,0,agg_full,0.8,next_use,29,6,SimpleCoverageLoad,0.2,0.0,1
b03core,base,agg_full@rho0.8,rep0_base_agg_full@rho0.8_b03core,0,agg_full,0.8,next_use,29,9,SimpleCoverageLoad,0.3,0.19499499499499498,1
b03core,base,agg_full@rho0.8,rep0_base_agg_full@rho0.8_b03core,0,agg_full,0.8,next_use,29,12,SimpleCoverageLoad,0.4,0.4974974974974975,1
b03core,base,agg_full@rho0.8,rep0_base_agg_full@rho0.8_b03core,0,agg_full,0.8,next_use,29,14,SimpleCoverageLoad,0.5,0.6,1
b03core,base,agg_full@rho0.8,rep0_base_agg_full@rho0.8_b03core,0,agg_full,0.8,next_use,29,17,SimpleCoverageLoad,0.6,0.7949949949949949,1
b03core,base,agg_full@rho0.8,rep0_base_agg_full@rho0.8_b03core,0,agg_full,0.8,next_use,29,23,SimpleCoverageLoad,0.8,0.9231231231231231,1
b03core,base,agg_full@rho0.8,rep0_base_agg_full@rho0.8_b03core,0,agg_full,0.8,next_use,29,29,SimpleCoverageLoad,1.0,1.0,1
b03core,base,agg_full@rho0.8,rep0_base_agg_full@rho0.8_b03core,0,agg_full,0.8,next_use,29,3,DecisionAware,0.1,0.0,1
b03core,base,agg_full@rho0.8,rep0_base_agg_full@rho0.8_b03core,0,agg_full,0.8,next_use,29,6,DecisionAware,0.2,0.0,1
b03core,base,agg_full@rho0.8,rep0_base_agg_full@rho0.8_b03core,0,agg_full,0.8,next_use,29,9,DecisionAware,0.3,0.19499499499499498,1
b03core,base,agg_full@rho0.8,rep0_base_agg_full@rho0.8_b03core,0,agg_full,0.8,next_use,29,12,DecisionAware,0.4,0.4974974974974975,1
b03core,base,agg_full@rho0.8,rep0_base_agg_full@rho0.8_b03core,0,agg_full,0.8,next_use,29,14,DecisionAware,0.5,0.6,1
b03core,base,agg_full@rho0.8,rep0_base_agg_full@rho0.8_b03core,0,agg_full,0.8,next_use,29,17,DecisionAware,0.6,0.7949949949949949,1
b03core,base,agg_full@rho0.8,rep0_base_agg_full@rho0.8_b03core,0,agg_full,0.8,next_use,29,23,DecisionAware,0.8,0.9231231231231231,1
b03core,base,agg_full@rho0.8,rep0_base_agg_full@rho0.8_b03core,0,agg_full,0.8,next_use,29,29,DecisionAware,1.0,1.0,1
b03core,base,agg_full@rho0.8,rep0_base_agg_full@rho0.8_b03core,0,agg_full,0.8,next_use,29,3,B02Utility,0.1,0.025625625625625623,1
b03core,base,agg_full@rho0.8,rep0_base_agg_full@rho0.8_b03core,0,agg_full,0.8,next_use,29,6,B02Utility,0.2,0.07687687687687687,1
b03core,base,agg_full@rho0.8,rep0_base_agg_full@rho0.8_b03core,0,agg_full,0.8,next_use,29,9,B02Utility,0.3,0.07687687687687687,1
b03core,base,agg_full@rho0.8,rep0_base_agg_full@rho0.8_b03core,0,agg_full,0.8,next_use,29,12,B02Utility,0.4,0.27187187187187184,1
b03core,base,agg_full@rho0.8,rep0_base_agg_full@rho0.8_b03core,0,agg_full,0.8,next_use,29,14,B02Utility,0.5,0.47187187187187185,1
b03core,base,agg_full@rho0.8,rep0_base_agg_full@rho0.8_b03core,0,agg_full,0.8,next_use,29,17,B02Utility,0.6,0.47187187187187185,1
b03core,base,agg_full@rho0.8,rep0_base_agg_full@rho0.8_b03core,0,agg_full,0.8,next_use,29,23,B02Utility,0.8,0.7025025025025026,1
b03core,base,agg_full@rho0.8,rep0_base_agg_full@rho0.8_b03core,0,agg_full,0.8,next_use,29,29,B02Utility,1.0,1.0,1
b03core,base,agg_full@rho0.8,rep0_base_agg_full@rho0.8_b03core,0,agg_full,0.8,next_use,29,3,Oracle,0.1,0.3075075075075075,1
b03core,base,agg_full@rho0.8,rep0_base_agg_full@rho0.8_b03core,0,agg_full,0.8,next_use,29,6,Oracle,0.2,0.605005005005005,1
b03core,base,agg_full@rho0.8,rep0_base_agg_full@rho0.8_b03core,0,agg_full,0.8,next_use,29,9,Oracle,0.3,0.8974974974974974,1
b03core,base,agg_full@rho0.8,rep0_base_agg_full@rho0.8_b03core,0,agg_full,0.8,next_use,29,12,Oracle,0.4,0.9743743743743744,1
b03core,base,agg_full@rho0.8,rep0_base_agg_full@rho0.8_b03core,0,agg_full,0.8,next_use,29,14,Oracle,0.5,1.0,1
b03core,base,agg_full@rho0.8,rep0_base_agg_full@rho0.8_b03core,0,agg_full,0.8,next_use,29,17,Oracle,0.6,1.0,1
b03core,base,agg_full@rho0.8,rep0_base_agg_full@rho0.8_b03core,0,agg_full,0.8,next_use,29,23,Oracle,0.8,1.0,1
b03core,base,agg_full@rho0.8,rep0_base_agg_full@rho0.8_b03core,0,agg_full,0.8,next_use,29,29,Oracle,1.0,1.0,1
b03core,base,agg_full@rho0.8,rep0_base_agg_full@rho0.8_b03core,0,agg_full,0.8,horizon_h4,29,3,Random,0.1,0.10875041708375043,20
b03core,base,agg_full@rho0.8,rep0_base_agg_full@rho0.8_b03core,0,agg_full,0.8,horizon_h4,29,6,Random,0.2,0.25489656322989657,20
b03core,base,agg_full@rho0.8,rep0_base_agg_full@rho0.8_b03core,0,agg_full,0.8,horizon_h4,29,9,Random,0.3,0.3510427093760427,20
b03core,base,agg_full@rho0.8,rep0_base_agg_full@rho0.8_b03core,0,agg_full,0.8,horizon_h4,29,12,Random,0.4,0.458958958958959,20
b03core,base,agg_full@rho0.8,rep0_base_agg_full@rho0.8_b03core,0,agg_full,0.8,horizon_h4,29,14,Random,0.5,0.5427093760427094,20
b03core,base,agg_full@rho0.8,rep0_base_agg_full@rho0.8_b03core,0,agg_full,0.8,horizon_h4,29,17,Random,0.6,0.6303136469803137,20
b03core,base,agg_full@rho0.8,rep0_base_agg_full@rho0.8_b03core,0,agg_full,0.8,horizon_h4,29,23,Random,0.8,0.8217717717717719,20
b03core,base,agg_full@rho0.8,rep0_base_agg_full@rho0.8_b03core,0,agg_full,0.8,horizon_h4,29,29,Random,1.0,1.0,20
b03core,base,agg_full@rho0.8,rep0_base_agg_full@rho0.8_b03core,0,agg_full,0.8,horizon_h4,29,3,Freshness,0.1,0.0,1
b03core,base,agg_full@rho0.8,rep0_base_agg_full@rho0.8_b03core,0,agg_full,0.8,horizon_h4,29,6,Freshness,0.2,0.16249582916249583,1
b03core,base,agg_full@rho0.8,rep0_base_agg_full@rho0.8_b03core,0,agg_full,0.8,horizon_h4,29,9,Freshness,0.3,0.3291624958291625,1
b03core,base,agg_full@rho0.8,rep0_base_agg_full@rho0.8_b03core,0,agg_full,0.8,horizon_h4,29,12,Freshness,0.4,0.4145812479145813,1
b03core,base,agg_full@rho0.8,rep0_base_agg_full@rho0.8_b03core,0,agg_full,0.8,horizon_h4,29,14,Freshness,0.5,0.581247914581248,1
b03core,base,agg_full@rho0.8,rep0_base_agg_full@rho0.8_b03core,0,agg_full,0.8,horizon_h4,29,17,Freshness,0.6,1.0,1
b03core,base,agg_full@rho0.8,rep0_base_agg_full@rho0.8_b03core,0,agg_full,0.8,horizon_h4,29,23,Freshness,0.8,1.0,1
b03core,base,agg_full@rho0.8,rep0_base_agg_full@rho0.8_b03core,0,agg_full,0.8,horizon_h4,29,29,Freshness,1.0,1.0,1
b03core,base,agg_full@rho0.8,rep0_base_agg_full@rho0.8_b03core,0,agg_full,0.8,horizon_h4,29,3,CoverageDelta,0.1,0.0,1
b03core,base,agg_full@rho0.8,rep0_base_agg_full@rho0.8_b03core,0,agg_full,0.8,horizon_h4,29,6,CoverageDelta,0.2,0.0,1
b03core,base,agg_full@rho0.8,rep0_base_agg_full@rho0.8_b03core,0,agg_full,0.8,horizon_h4,29,9,CoverageDelta,0.3,0.16249582916249583,1
b03core,base,agg_full@rho0.8,rep0_base_agg_full@rho0.8_b03core,0,agg_full,0.8,horizon_h4,29,12,CoverageDelta,0.4,0.3291624958291625,1
b03core,base,agg_full@rho0.8,rep0_base_agg_full@rho0.8_b03core,0,agg_full,0.8,horizon_h4,29,14,CoverageDelta,0.5,0.4145812479145813,1
b03core,base,agg_full@rho0.8,rep0_base_agg_full@rho0.8_b03core,0,agg_full,0.8,horizon_h4,29,17,CoverageDelta,0.6,0.581247914581248,1
b03core,base,agg_full@rho0.8,rep0_base_agg_full@rho0.8_b03core,0,agg_full,0.8,horizon_h4,29,23,CoverageDelta,0.8,1.0,1
b03core,base,agg_full@rho0.8,rep0_base_agg_full@rho0.8_b03core,0,agg_full,0.8,horizon_h4,29,29,CoverageDelta,1.0,1.0,1
b03core,base,agg_full@rho0.8,rep0_base_agg_full@rho0.8_b03core,0,agg_full,0.8,horizon_h4,29,3,CoverageAdvantage,0.1,0.0,1
b03core,base,agg_full@rho0.8,rep0_base_agg_full@rho0.8_b03core,0,agg_full,0.8,horizon_h4,29,6,CoverageAdvantage,0.2,0.0,1
b03core,base,agg_full@rho0.8,rep0_base_agg_full@rho0.8_b03core,0,agg_full,0.8,horizon_h4,29,9,CoverageAdvantage,0.3,0.16249582916249583,1
b03core,base,agg_full@rho0.8,rep0_base_agg_full@rho0.8_b03core,0,agg_full,0.8,horizon_h4,29,12,CoverageAdvantage,0.4,0.4145812479145813,1
b03core,base,agg_full@rho0.8,rep0_base_agg_full@rho0.8_b03core,0,agg_full,0.8,horizon_h4,29,14,CoverageAdvantage,0.5,0.4145812479145813,1
b03core,base,agg_full@rho0.8,rep0_base_agg_full@rho0.8_b03core,0,agg_full,0.8,horizon_h4,29,17,CoverageAdvantage,0.6,0.581247914581248,1
b03core,base,agg_full@rho0.8,rep0_base_agg_full@rho0.8_b03core,0,agg_full,0.8,horizon_h4,29,23,CoverageAdvantage,0.8,1.0,1
b03core,base,agg_full@rho0.8,rep0_base_agg_full@rho0.8_b03core,0,agg_full,0.8,horizon_h4,29,29,CoverageAdvantage,1.0,1.0,1
b03core,base,agg_full@rho0.8,rep0_base_agg_full@rho0.8_b03core,0,agg_full,0.8,horizon_h4,29,3,SimpleCoverageLoad,0.1,0.0,1
b03core,base,agg_full@rho0.8,rep0_base_agg_full@rho0.8_b03core,0,agg_full,0.8,horizon_h4,29,6,SimpleCoverageLoad,0.2,0.0,1
b03core,base,agg_full@rho0.8,rep0_base_agg_full@rho0.8_b03core,0,agg_full,0.8,horizon_h4,29,9,SimpleCoverageLoad,0.3,0.16249582916249583,1
b03core,base,agg_full@rho0.8,rep0_base_agg_full@rho0.8_b03core,0,agg_full,0.8,horizon_h4,29,12,SimpleCoverageLoad,0.4,0.4145812479145813,1
b03core,base,agg_full@rho0.8,rep0_base_agg_full@rho0.8_b03core,0,agg_full,0.8,horizon_h4,29,14,SimpleCoverageLoad,0.5,0.5,1
b03core,base,agg_full@rho0.8,rep0_base_agg_full@rho0.8_b03core,0,agg_full,0.8,horizon_h4,29,17,SimpleCoverageLoad,0.6,0.7479145812479145,1
b03core,base,agg_full@rho0.8,rep0_base_agg_full@rho0.8_b03core,0,agg_full,0.8,horizon_h4,29,23,SimpleCoverageLoad,0.8,1.0,1
b03core,base,agg_full@rho0.8,rep0_base_agg_full@rho0.8_b03core,0,agg_full,0.8,horizon_h4,29,29,SimpleCoverageLoad,1.0,1.0,1
b03core,base,agg_full@rho0.8,rep0_base_agg_full@rho0.8_b03core,0,agg_full,0.8,horizon_h4,29,3,DecisionAware,0.1,0.0,1
b03core,base,agg_full@rho0.8,rep0_base_agg_full@rho0.8_b03core,0,agg_full,0.8,horizon_h4,29,6,DecisionAware,0.2,0.0,1
b03core,base,agg_full@rho0.8,rep0_base_agg_full@rho0.8_b03core,0,agg_full,0.8,horizon_h4,29,9,DecisionAware,0.3,0.16249582916249583,1
b03core,base,agg_full@rho0.8,rep0_base_agg_full@rho0.8_b03core,0,agg_full,0.8,horizon_h4,29,12,DecisionAware,0.4,0.4145812479145813,1
b03core,base,agg_full@rho0.8,rep0_base_agg_full@rho0.8_b03core,0,agg_full,0.8,horizon_h4,29,14,DecisionAware,0.5,0.5,1
b03core,base,agg_full@rho0.8,rep0_base_agg_full@rho0.8_b03core,0,agg_full,0.8,horizon_h4,29,17,DecisionAware,0.6,0.7479145812479145,1
b03core,base,agg_full@rho0.8,rep0_base_agg_full@rho0.8_b03core,0,agg_full,0.8,horizon_h4,29,23,DecisionAware,0.8,1.0,1
b03core,base,agg_full@rho0.8,rep0_base_agg_full@rho0.8_b03core,0,agg_full,0.8,horizon_h4,29,29,DecisionAware,1.0,1.0,1
b03core,base,agg_full@rho0.8,rep0_base_agg_full@rho0.8_b03core,0,agg_full,0.8,horizon_h4,29,3,B02Utility,0.1,0.0,1
b03core,base,agg_full@rho0.8,rep0_base_agg_full@rho0.8_b03core,0,agg_full,0.8,horizon_h4,29,6,B02Utility,0.2,0.0,1
b03core,base,agg_full@rho0.8,rep0_base_agg_full@rho0.8_b03core,0,agg_full,0.8,horizon_h4,29,9,B02Utility,0.3,0.0,1
b03core,base,agg_full@rho0.8,rep0_base_agg_full@rho0.8_b03core,0,agg_full,0.8,horizon_h4,29,12,B02Utility,0.4,0.16249582916249583,1
b03core,base,agg_full@rho0.8,rep0_base_agg_full@rho0.8_b03core,0,agg_full,0.8,horizon_h4,29,14,B02Utility,0.5,0.3291624958291625,1
b03core,base,agg_full@rho0.8,rep0_base_agg_full@rho0.8_b03core,0,agg_full,0.8,horizon_h4,29,17,B02Utility,0.6,0.3291624958291625,1
b03core,base,agg_full@rho0.8,rep0_base_agg_full@rho0.8_b03core,0,agg_full,0.8,horizon_h4,29,23,B02Utility,0.8,0.5,1
b03core,base,agg_full@rho0.8,rep0_base_agg_full@rho0.8_b03core,0,agg_full,0.8,horizon_h4,29,29,B02Utility,1.0,1.0,1
b03core,base,agg_full@rho0.8,rep0_base_agg_full@rho0.8_b03core,0,agg_full,0.8,horizon_h4,29,3,Oracle,0.1,0.5041708375041708,1
b03core,base,agg_full@rho0.8,rep0_base_agg_full@rho0.8_b03core,0,agg_full,0.8,horizon_h4,29,6,Oracle,0.2,0.7562562562562563,1
b03core,base,agg_full@rho0.8,rep0_base_agg_full@rho0.8_b03core,0,agg_full,0.8,horizon_h4,29,9,Oracle,0.3,1.0,1
b03core,base,agg_full@rho0.8,rep0_base_agg_full@rho0.8_b03core,0,agg_full,0.8,horizon_h4,29,12,Oracle,0.4,1.0,1
b03core,base,agg_full@rho0.8,rep0_base_agg_full@rho0.8_b03core,0,agg_full,0.8,horizon_h4,29,14,Oracle,0.5,1.0,1
b03core,base,agg_full@rho0.8,rep0_base_agg_full@rho0.8_b03core,0,agg_full,0.8,horizon_h4,29,17,Oracle,0.6,1.0,1
b03core,base,agg_full@rho0.8,rep0_base_agg_full@rho0.8_b03core,0,agg_full,0.8,horizon_h4,29,23,Oracle,0.8,1.0,1
b03core,base,agg_full@rho0.8,rep0_base_agg_full@rho0.8_b03core,0,agg_full,0.8,horizon_h4,29,29,Oracle,1.0,1.0,1
b03core,base,exact_fifo@rho1.2,rep1_base_exact_fifo@rho1.2_b03core,1,exact_fifo,1.2,next_use,7,1,Random,0.1,0.159138505473584,20
b03core,base,exact_fifo@rho1.2,rep1_base_exact_fifo@rho1.2_b03core,1,exact_fifo,1.2,next_use,7,1,Random,0.2,0.159138505473584,20
b03core,base,exact_fifo@rho1.2,rep1_base_exact_fifo@rho1.2_b03core,1,exact_fifo,1.2,next_use,7,2,Random,0.3,0.3049024274155164,20
b03core,base,exact_fifo@rho1.2,rep1_base_exact_fifo@rho1.2_b03core,1,exact_fifo,1.2,next_use,7,3,Random,0.4,0.4549024274155164,20
b03core,base,exact_fifo@rho1.2,rep1_base_exact_fifo@rho1.2_b03core,1,exact_fifo,1.2,next_use,7,4,Random,0.5,0.5725130890052356,20
b03core,base,exact_fifo@rho1.2,rep1_base_exact_fifo@rho1.2_b03core,1,exact_fifo,1.2,next_use,7,4,Random,0.6,0.5725130890052356,20
b03core,base,exact_fifo@rho1.2,rep1_base_exact_fifo@rho1.2_b03core,1,exact_fifo,1.2,next_use,7,6,Random,0.8,0.8450975725844836,20
b03core,base,exact_fifo@rho1.2,rep1_base_exact_fifo@rho1.2_b03core,1,exact_fifo,1.2,next_use,7,7,Random,1.0,1.0,20
b03core,base,exact_fifo@rho1.2,rep1_base_exact_fifo@rho1.2_b03core,1,exact_fifo,1.2,next_use,7,1,Freshness,0.1,0.0,1
b03core,base,exact_fifo@rho1.2,rep1_base_exact_fifo@rho1.2_b03core,1,exact_fifo,1.2,next_use,7,1,Freshness,0.2,0.0,1
b03core,base,exact_fifo@rho1.2,rep1_base_exact_fifo@rho1.2_b03core,1,exact_fifo,1.2,next_use,7,2,Freshness,0.3,0.23179438362684435,1
b03core,base,exact_fifo@rho1.2,rep1_base_exact_fifo@rho1.2_b03core,1,exact_fifo,1.2,next_use,7,3,Freshness,0.4,0.47548786292241785,1
b03core,base,exact_fifo@rho1.2,rep1_base_exact_fifo@rho1.2_b03core,1,exact_fifo,1.2,next_use,7,4,Freshness,0.5,0.7072822465492622,1
b03core,base,exact_fifo@rho1.2,rep1_base_exact_fifo@rho1.2_b03core,1,exact_fifo,1.2,next_use,7,4,Freshness,0.6,0.7072822465492622,1
b03core,base,exact_fifo@rho1.2,rep1_base_exact_fifo@rho1.2_b03core,1,exact_fifo,1.2,next_use,7,6,Freshness,0.8,1.0,1
b03core,base,exact_fifo@rho1.2,rep1_base_exact_fifo@rho1.2_b03core,1,exact_fifo,1.2,next_use,7,7,Freshness,1.0,1.0,1
b03core,base,exact_fifo@rho1.2,rep1_base_exact_fifo@rho1.2_b03core,1,exact_fifo,1.2,next_use,7,1,CoverageDelta,0.1,0.06092336982389338,1
b03core,base,exact_fifo@rho1.2,rep1_base_exact_fifo@rho1.2_b03core,1,exact_fifo,1.2,next_use,7,1,CoverageDelta,0.2,0.06092336982389338,1
b03core,base,exact_fifo@rho1.2,rep1_base_exact_fifo@rho1.2_b03core,1,exact_fifo,1.2,next_use,7,2,CoverageDelta,0.3,0.06092336982389338,1
b03core,base,exact_fifo@rho1.2,rep1_base_exact_fifo@rho1.2_b03core,1,exact_fifo,1.2,next_use,7,3,CoverageDelta,0.4,0.29271775345073775,1
b03core,base,exact_fifo@rho1.2,rep1_base_exact_fifo@rho1.2_b03core,1,exact_fifo,1.2,next_use,7,4,CoverageDelta,0.5,0.5364112327463112,1
b03core,base,exact_fifo@rho1.2,rep1_base_exact_fifo@rho1.2_b03core,1,exact_fifo,1.2,next_use,7,4,CoverageDelta,0.6,0.5364112327463112,1
b03core,base,exact_fifo@rho1.2,rep1_base_exact_fifo@rho1.2_b03core,1,exact_fifo,1.2,next_use,7,6,CoverageDelta,0.8,1.0,1
b03core,base,exact_fifo@rho1.2,rep1_base_exact_fifo@rho1.2_b03core,1,exact_fifo,1.2,next_use,7,7,CoverageDelta,1.0,1.0,1
b03core,base,exact_fifo@rho1.2,rep1_base_exact_fifo@rho1.2_b03core,1,exact_fifo,1.2,next_use,7,1,CoverageAdvantage,0.1,0.06092336982389338,1
b03core,base,exact_fifo@rho1.2,rep1_base_exact_fifo@rho1.2_b03core,1,exact_fifo,1.2,next_use,7,1,CoverageAdvantage,0.2,0.06092336982389338,1
b03core,base,exact_fifo@rho1.2,rep1_base_exact_fifo@rho1.2_b03core,1,exact_fifo,1.2,next_use,7,2,CoverageAdvantage,0.3,0.06092336982389338,1
b03core,base,exact_fifo@rho1.2,rep1_base_exact_fifo@rho1.2_b03core,1,exact_fifo,1.2,next_use,7,3,CoverageAdvantage,0.4,0.29271775345073775,1
b03core,base,exact_fifo@rho1.2,rep1_base_exact_fifo@rho1.2_b03core,1,exact_fifo,1.2,next_use,7,4,CoverageAdvantage,0.5,0.5364112327463112,1
b03core,base,exact_fifo@rho1.2,rep1_base_exact_fifo@rho1.2_b03core,1,exact_fifo,1.2,next_use,7,4,CoverageAdvantage,0.6,0.5364112327463112,1
b03core,base,exact_fifo@rho1.2,rep1_base_exact_fifo@rho1.2_b03core,1,exact_fifo,1.2,next_use,7,6,CoverageAdvantage,0.8,1.0,1
b03core,base,exact_fifo@rho1.2,rep1_base_exact_fifo@rho1.2_b03core,1,exact_fifo,1.2,next_use,7,7,CoverageAdvantage,1.0,1.0,1
b03core,base,exact_fifo@rho1.2,rep1_base_exact_fifo@rho1.2_b03core,1,exact_fifo,1.2,next_use,7,1,SimpleCoverageLoad,0.1,0.06092336982389338,1
b03core,base,exact_fifo@rho1.2,rep1_base_exact_fifo@rho1.2_b03core,1,exact_fifo,1.2,next_use,7,1,SimpleCoverageLoad,0.2,0.06092336982389338,1
b03core,base,exact_fifo@rho1.2,rep1_base_exact_fifo@rho1.2_b03core,1,exact_fifo,1.2,next_use,7,2,SimpleCoverageLoad,0.3,0.06092336982389338,1
b03core,base,exact_fifo@rho1.2,rep1_base_exact_fifo@rho1.2_b03core,1,exact_fifo,1.2,next_use,7,3,SimpleCoverageLoad,0.4,0.29271775345073775,1
b03core,base,exact_fifo@rho1.2,rep1_base_exact_fifo@rho1.2_b03core,1,exact_fifo,1.2,next_use,7,4,SimpleCoverageLoad,0.5,0.5364112327463112,1
b03core,base,exact_fifo@rho1.2,rep1_base_exact_fifo@rho1.2_b03core,1,exact_fifo,1.2,next_use,7,4,SimpleCoverageLoad,0.6,0.5364112327463112,1
b03core,base,exact_fifo@rho1.2,rep1_base_exact_fifo@rho1.2_b03core,1,exact_fifo,1.2,next_use,7,6,SimpleCoverageLoad,0.8,1.0,1
b03core,base,exact_fifo@rho1.2,rep1_base_exact_fifo@rho1.2_b03core,1,exact_fifo,1.2,next_use,7,7,SimpleCoverageLoad,1.0,1.0,1
b03core,base,exact_fifo@rho1.2,rep1_base_exact_fifo@rho1.2_b03core,1,exact_fifo,1.2,next_use,7,1,DecisionAware,0.1,0.06092336982389338,1
b03core,base,exact_fifo@rho1.2,rep1_base_exact_fifo@rho1.2_b03core,1,exact_fifo,1.2,next_use,7,1,DecisionAware,0.2,0.06092336982389338,1
b03core,base,exact_fifo@rho1.2,rep1_base_exact_fifo@rho1.2_b03core,1,exact_fifo,1.2,next_use,7,2,DecisionAware,0.3,0.06092336982389338,1
b03core,base,exact_fifo@rho1.2,rep1_base_exact_fifo@rho1.2_b03core,1,exact_fifo,1.2,next_use,7,3,DecisionAware,0.4,0.29271775345073775,1
b03core,base,exact_fifo@rho1.2,rep1_base_exact_fifo@rho1.2_b03core,1,exact_fifo,1.2,next_use,7,4,DecisionAware,0.5,0.5364112327463112,1
b03core,base,exact_fifo@rho1.2,rep1_base_exact_fifo@rho1.2_b03core,1,exact_fifo,1.2,next_use,7,4,DecisionAware,0.6,0.5364112327463112,1
b03core,base,exact_fifo@rho1.2,rep1_base_exact_fifo@rho1.2_b03core,1,exact_fifo,1.2,next_use,7,6,DecisionAware,0.8,1.0,1
b03core,base,exact_fifo@rho1.2,rep1_base_exact_fifo@rho1.2_b03core,1,exact_fifo,1.2,next_use,7,7,DecisionAware,1.0,1.0,1
b03core,base,exact_fifo@rho1.2,rep1_base_exact_fifo@rho1.2_b03core,1,exact_fifo,1.2,next_use,7,1,B02Utility,0.1,0.06092336982389338,1
b03core,base,exact_fifo@rho1.2,rep1_base_exact_fifo@rho1.2_b03core,1,exact_fifo,1.2,next_use,7,1,B02Utility,0.2,0.06092336982389338,1
b03core,base,exact_fifo@rho1.2,rep1_base_exact_fifo@rho1.2_b03core,1,exact_fifo,1.2,next_use,7,2,B02Utility,0.3,0.06092336982389338,1
b03core,base,exact_fifo@rho1.2,rep1_base_exact_fifo@rho1.2_b03core,1,exact_fifo,1.2,next_use,7,3,B02Utility,0.4,0.29271775345073775,1
b03core,base,exact_fifo@rho1.2,rep1_base_exact_fifo@rho1.2_b03core,1,exact_fifo,1.2,next_use,7,4,B02Utility,0.5,0.5364112327463112,1
b03core,base,exact_fifo@rho1.2,rep1_base_exact_fifo@rho1.2_b03core,1,exact_fifo,1.2,next_use,7,4,B02Utility,0.6,0.5364112327463112,1
b03core,base,exact_fifo@rho1.2,rep1_base_exact_fifo@rho1.2_b03core,1,exact_fifo,1.2,next_use,7,6,B02Utility,0.8,0.7682056163731557,1
b03core,base,exact_fifo@rho1.2,rep1_base_exact_fifo@rho1.2_b03core,1,exact_fifo,1.2,next_use,7,7,B02Utility,1.0,1.0,1
b03core,base,exact_fifo@rho1.2,rep1_base_exact_fifo@rho1.2_b03core,1,exact_fifo,1.2,next_use,7,1,Oracle,0.1,0.24369347929557353,1
b03core,base,exact_fifo@rho1.2,rep1_base_exact_fifo@rho1.2_b03core,1,exact_fifo,1.2,next_use,7,1,Oracle,0.2,0.24369347929557353,1
b03core,base,exact_fifo@rho1.2,rep1_base_exact_fifo@rho1.2_b03core,1,exact_fifo,1.2,next_use,7,2,Oracle,0.3,0.47548786292241785,1
b03core,base,exact_fifo@rho1.2,rep1_base_exact_fifo@rho1.2_b03core,1,exact_fifo,1.2,next_use,7,3,Oracle,0.4,0.7072822465492622,1
b03core,base,exact_fifo@rho1.2,rep1_base_exact_fifo@rho1.2_b03core,1,exact_fifo,1.2,next_use,7,4,Oracle,0.5,0.9390766301761065,1
b03core,base,exact_fifo@rho1.2,rep1_base_exact_fifo@rho1.2_b03core,1,exact_fifo,1.2,next_use,7,4,Oracle,0.6,0.9390766301761065,1
b03core,base,exact_fifo@rho1.2,rep1_base_exact_fifo@rho1.2_b03core,1,exact_fifo,1.2,next_use,7,6,Oracle,0.8,1.0,1
b03core,base,exact_fifo@rho1.2,rep1_base_exact_fifo@rho1.2_b03core,1,exact_fifo,1.2,next_use,7,7,Oracle,1.0,1.0,1
b03core,base,exact_fifo@rho1.2,rep1_base_exact_fifo@rho1.2_b03core,1,exact_fifo,1.2,horizon_h4,7,1,Random,0.1,0.16222627737226278,20
b03core,base,exact_fifo@rho1.2,rep1_base_exact_fifo@rho1.2_b03core,1,exact_fifo,1.2,horizon_h4,7,1,Random,0.2,0.16222627737226278,20
b03core,base,exact_fifo@rho1.2,rep1_base_exact_fifo@rho1.2_b03core,1,exact_fifo,1.2,horizon_h4,7,2,Random,0.3,0.31831836047164513,20
b03core,base,exact_fifo@rho1.2,rep1_base_exact_fifo@rho1.2_b03core,1,exact_fifo,1.2,horizon_h4,7,3,Random,0.4,0.4755053340819764,20
b03core,base,exact_fifo@rho1.2,rep1_base_exact_fifo@rho1.2_b03core,1,exact_fifo,1.2,horizon_h4,7,4,Random,0.5,0.6064008983717013,20
b03core,base,exact_fifo@rho1.2,rep1_base_exact_fifo@rho1.2_b03core,1,exact_fifo,1.2,horizon_h4,7,4,Random,0.6,0.6064008983717013,20
b03core,base,exact_fifo@rho1.2,rep1_base_exact_fifo@rho1.2_b03core,1,exact_fifo,1.2,horizon_h4,7,6,Random,0.8,0.84921392476137,20
b03core,base,exact_fifo@rho1.2,rep1_base_exact_fifo@rho1.2_b03core,1,exact_fifo,1.2,horizon_h4,7,7,Random,1.0,1.0,20
b03core,base,exact_fifo@rho1.2,rep1_base_exact_fifo@rho1.2_b03core,1,exact_fifo,1.2,horizon_h4,7,1,Freshness,0.1,0.0,1
b03core,base,exact_fifo@rho1.2,rep1_base_exact_fifo@rho1.2_b03core,1,exact_fifo,1.2,horizon_h4,7,1,Freshness,0.2,0.0,1
b03core,base,exact_fifo@rho1.2,rep1_base_exact_fifo@rho1.2_b03core,1,exact_fifo,1.2,horizon_h4,7,2,Freshness,0.3,0.28046041549691186,1
b03core,base,exact_fifo@rho1.2,rep1_base_exact_fifo@rho1.2_b03core,1,exact_fifo,1.2,horizon_h4,7,3,Freshness,0.4,0.5609208309938237,1
b03core,base,exact_fifo@rho1.2,rep1_base_exact_fifo@rho1.2_b03core,1,exact_fifo,1.2,horizon_h4,7,4,Freshness,0.5,0.6976417742841101,1
b03core,base,exact_fifo@rho1.2,rep1_base_exact_fifo@rho1.2_b03core,1,exact_fifo,1.2,horizon_h4,7,4,Freshness,0.6,0.6976417742841101,1
b03core,base,exact_fifo@rho1.2,rep1_base_exact_fifo@rho1.2_b03core,1,exact_fifo,1.2,horizon_h4,7,6,Freshness,0.8,1.0,1
b03core,base,exact_fifo@rho1.2,rep1_base_exact_fifo@rho1.2_b03core,1,exact_fifo,1.2,horizon_h4,7,7,Freshness,1.0,1.0,1
b03core,base,exact_fifo@rho1.2,rep1_base_exact_fifo@rho1.2_b03core,1,exact_fifo,1.2,horizon_h4,7,1,CoverageDelta,0.1,0.035934868051656375,1
b03core,base,exact_fifo@rho1.2,rep1_base_exact_fifo@rho1.2_b03core,1,exact_fifo,1.2,horizon_h4,7,1,CoverageDelta,0.2,0.035934868051656375,1
b03core,base,exact_fifo@rho1.2,rep1_base_exact_fifo@rho1.2_b03core,1,exact_fifo,1.2,horizon_h4,7,2,CoverageDelta,0.3,0.035934868051656375,1
b03core,base,exact_fifo@rho1.2,rep1_base_exact_fifo@rho1.2_b03core,1,exact_fifo,1.2,horizon_h4,7,3,CoverageDelta,0.4,0.3163952835485682,1
b03core,base,exact_fifo@rho1.2,rep1_base_exact_fifo@rho1.2_b03core,1,exact_fifo,1.2,horizon_h4,7,4,CoverageDelta,0.5,0.5968556990454802,1
b03core,base,exact_fifo@rho1.2,rep1_base_exact_fifo@rho1.2_b03core,1,exact_fifo,1.2,horizon_h4,7,4,CoverageDelta,0.6,0.5968556990454802,1
b03core,base,exact_fifo@rho1.2,rep1_base_exact_fifo@rho1.2_b03core,1,exact_fifo,1.2,horizon_h4,7,6,CoverageDelta,0.8,1.0,1
b03core,base,exact_fifo@rho1.2,rep1_base_exact_fifo@rho1.2_b03core,1,exact_fifo,1.2,horizon_h4,7,7,CoverageDelta,1.0,1.0,1
b03core,base,exact_fifo@rho1.2,rep1_base_exact_fifo@rho1.2_b03core,1,exact_fifo,1.2,horizon_h4,7,1,CoverageAdvantage,0.1,0.035934868051656375,1
b03core,base,exact_fifo@rho1.2,rep1_base_exact_fifo@rho1.2_b03core,1,exact_fifo,1.2,horizon_h4,7,1,CoverageAdvantage,0.2,0.035934868051656375,1
b03core,base,exact_fifo@rho1.2,rep1_base_exact_fifo@rho1.2_b03core,1,exact_fifo,1.2,horizon_h4,7,2,CoverageAdvantage,0.3,0.035934868051656375,1
b03core,base,exact_fifo@rho1.2,rep1_base_exact_fifo@rho1.2_b03core,1,exact_fifo,1.2,horizon_h4,7,3,CoverageAdvantage,0.4,0.3163952835485682,1
b03core,base,exact_fifo@rho1.2,rep1_base_exact_fifo@rho1.2_b03core,1,exact_fifo,1.2,horizon_h4,7,4,CoverageAdvantage,0.5,0.5968556990454802,1
b03core,base,exact_fifo@rho1.2,rep1_base_exact_fifo@rho1.2_b03core,1,exact_fifo,1.2,horizon_h4,7,4,CoverageAdvantage,0.6,0.5968556990454802,1
b03core,base,exact_fifo@rho1.2,rep1_base_exact_fifo@rho1.2_b03core,1,exact_fifo,1.2,horizon_h4,7,6,CoverageAdvantage,0.8,1.0,1
b03core,base,exact_fifo@rho1.2,rep1_base_exact_fifo@rho1.2_b03core,1,exact_fifo,1.2,horizon_h4,7,7,CoverageAdvantage,1.0,1.0,1
b03core,base,exact_fifo@rho1.2,rep1_base_exact_fifo@rho1.2_b03core,1,exact_fifo,1.2,horizon_h4,7,1,SimpleCoverageLoad,0.1,0.035934868051656375,1
b03core,base,exact_fifo@rho1.2,rep1_base_exact_fifo@rho1.2_b03core,1,exact_fifo,1.2,horizon_h4,7,1,SimpleCoverageLoad,0.2,0.035934868051656375,1
b03core,base,exact_fifo@rho1.2,rep1_base_exact_fifo@rho1.2_b03core,1,exact_fifo,1.2,horizon_h4,7,2,SimpleCoverageLoad,0.3,0.035934868051656375,1
b03core,base,exact_fifo@rho1.2,rep1_base_exact_fifo@rho1.2_b03core,1,exact_fifo,1.2,horizon_h4,7,3,SimpleCoverageLoad,0.4,0.3163952835485682,1
b03core,base,exact_fifo@rho1.2,rep1_base_exact_fifo@rho1.2_b03core,1,exact_fifo,1.2,horizon_h4,7,4,SimpleCoverageLoad,0.5,0.5968556990454802,1
b03core,base,exact_fifo@rho1.2,rep1_base_exact_fifo@rho1.2_b03core,1,exact_fifo,1.2,horizon_h4,7,4,SimpleCoverageLoad,0.6,0.5968556990454802,1
b03core,base,exact_fifo@rho1.2,rep1_base_exact_fifo@rho1.2_b03core,1,exact_fifo,1.2,horizon_h4,7,6,SimpleCoverageLoad,0.8,1.0,1
b03core,base,exact_fifo@rho1.2,rep1_base_exact_fifo@rho1.2_b03core,1,exact_fifo,1.2,horizon_h4,7,7,SimpleCoverageLoad,1.0,1.0,1
b03core,base,exact_fifo@rho1.2,rep1_base_exact_fifo@rho1.2_b03core,1,exact_fifo,1.2,horizon_h4,7,1,DecisionAware,0.1,0.035934868051656375,1
b03core,base,exact_fifo@rho1.2,rep1_base_exact_fifo@rho1.2_b03core,1,exact_fifo,1.2,horizon_h4,7,1,DecisionAware,0.2,0.035934868051656375,1
b03core,base,exact_fifo@rho1.2,rep1_base_exact_fifo@rho1.2_b03core,1,exact_fifo,1.2,horizon_h4,7,2,DecisionAware,0.3,0.035934868051656375,1
b03core,base,exact_fifo@rho1.2,rep1_base_exact_fifo@rho1.2_b03core,1,exact_fifo,1.2,horizon_h4,7,3,DecisionAware,0.4,0.3163952835485682,1
b03core,base,exact_fifo@rho1.2,rep1_base_exact_fifo@rho1.2_b03core,1,exact_fifo,1.2,horizon_h4,7,4,DecisionAware,0.5,0.5968556990454802,1
b03core,base,exact_fifo@rho1.2,rep1_base_exact_fifo@rho1.2_b03core,1,exact_fifo,1.2,horizon_h4,7,4,DecisionAware,0.6,0.5968556990454802,1
b03core,base,exact_fifo@rho1.2,rep1_base_exact_fifo@rho1.2_b03core,1,exact_fifo,1.2,horizon_h4,7,6,DecisionAware,0.8,1.0,1
b03core,base,exact_fifo@rho1.2,rep1_base_exact_fifo@rho1.2_b03core,1,exact_fifo,1.2,horizon_h4,7,7,DecisionAware,1.0,1.0,1
b03core,base,exact_fifo@rho1.2,rep1_base_exact_fifo@rho1.2_b03core,1,exact_fifo,1.2,horizon_h4,7,1,B02Utility,0.1,0.035934868051656375,1
b03core,base,exact_fifo@rho1.2,rep1_base_exact_fifo@rho1.2_b03core,1,exact_fifo,1.2,horizon_h4,7,1,B02Utility,0.2,0.035934868051656375,1
b03core,base,exact_fifo@rho1.2,rep1_base_exact_fifo@rho1.2_b03core,1,exact_fifo,1.2,horizon_h4,7,2,B02Utility,0.3,0.035934868051656375,1
b03core,base,exact_fifo@rho1.2,rep1_base_exact_fifo@rho1.2_b03core,1,exact_fifo,1.2,horizon_h4,7,3,B02Utility,0.4,0.3163952835485682,1
b03core,base,exact_fifo@rho1.2,rep1_base_exact_fifo@rho1.2_b03core,1,exact_fifo,1.2,horizon_h4,7,4,B02Utility,0.5,0.5968556990454802,1
b03core,base,exact_fifo@rho1.2,rep1_base_exact_fifo@rho1.2_b03core,1,exact_fifo,1.2,horizon_h4,7,4,B02Utility,0.6,0.5968556990454802,1
b03core,base,exact_fifo@rho1.2,rep1_base_exact_fifo@rho1.2_b03core,1,exact_fifo,1.2,horizon_h4,7,6,B02Utility,0.8,0.7335766423357665,1
b03core,base,exact_fifo@rho1.2,rep1_base_exact_fifo@rho1.2_b03core,1,exact_fifo,1.2,horizon_h4,7,7,B02Utility,1.0,1.0,1
b03core,base,exact_fifo@rho1.2,rep1_base_exact_fifo@rho1.2_b03core,1,exact_fifo,1.2,horizon_h4,7,1,Oracle,0.1,0.28046041549691186,1
b03core,base,exact_fifo@rho1.2,rep1_base_exact_fifo@rho1.2_b03core,1,exact_fifo,1.2,horizon_h4,7,1,Oracle,0.2,0.28046041549691186,1
b03core,base,exact_fifo@rho1.2,rep1_base_exact_fifo@rho1.2_b03core,1,exact_fifo,1.2,horizon_h4,7,2,Oracle,0.3,0.5609208309938237,1
b03core,base,exact_fifo@rho1.2,rep1_base_exact_fifo@rho1.2_b03core,1,exact_fifo,1.2,horizon_h4,7,3,Oracle,0.4,0.8273441886580573,1
b03core,base,exact_fifo@rho1.2,rep1_base_exact_fifo@rho1.2_b03core,1,exact_fifo,1.2,horizon_h4,7,4,Oracle,0.5,0.9640651319483438,1
b03core,base,exact_fifo@rho1.2,rep1_base_exact_fifo@rho1.2_b03core,1,exact_fifo,1.2,horizon_h4,7,4,Oracle,0.6,0.9640651319483438,1
b03core,base,exact_fifo@rho1.2,rep1_base_exact_fifo@rho1.2_b03core,1,exact_fifo,1.2,horizon_h4,7,6,Oracle,0.8,1.0,1
b03core,base,exact_fifo@rho1.2,rep1_base_exact_fifo@rho1.2_b03core,1,exact_fifo,1.2,horizon_h4,7,7,Oracle,1.0,1.0,1
b03core,base,agg_static@rho0.5,rep1_base_agg_static@rho0.5_b03core,1,agg_static,0.5,next_use,33,3,Random,0.1,0.08698698698698698,20
b03core,base,agg_static@rho0.5,rep1_base_agg_static@rho0.5_b03core,1,agg_static,0.5,next_use,33,7,Random,0.2,0.21555841555841554,20
b03core,base,agg_static@rho0.5,rep1_base_agg_static@rho0.5_b03core,1,agg_static,0.5,next_use,33,10,Random,0.3,0.30638495638495633,20
b03core,base,agg_static@rho0.5,rep1_base_agg_static@rho0.5_b03core,1,agg_static,0.5,next_use,33,13,Random,0.4,0.4248891748891749,20
b03core,base,agg_static@rho0.5,rep1_base_agg_static@rho0.5_b03core,1,agg_static,0.5,next_use,33,16,Random,0.5,0.5069426569426569,20
b03core,base,agg_static@rho0.5,rep1_base_agg_static@rho0.5_b03core,1,agg_static,0.5,next_use,33,20,Random,0.6,0.6183040183040183,20
b03core,base,agg_static@rho0.5,rep1_base_agg_static@rho0.5_b03core,1,agg_static,0.5,next_use,33,26,Random,0.8,0.7758043758043758,20
b03core,base,agg_static@rho0.5,rep1_base_agg_static@rho0.5_b03core,1,agg_static,0.5,next_use,33,33,Random,1.0,1.0,20
b03core,base,agg_static@rho0.5,rep1_base_agg_static@rho0.5_b03core,1,agg_static,0.5,next_use,33,3,Freshness,0.1,0.06964106964106964,1
b03core,base,agg_static@rho0.5,rep1_base_agg_static@rho0.5_b03core,1,agg_static,0.5,next_use,33,7,Freshness,0.2,0.1758901758901759,1
b03core,base,agg_static@rho0.5,rep1_base_agg_static@rho0.5_b03core,1,agg_static,0.5,next_use,33,10,Freshness,0.3,0.337051337051337,1
b03core,base,agg_static@rho0.5,rep1_base_agg_static@rho0.5_b03core,1,agg_static,0.5,next_use,33,13,Freshness,0.4,0.47633347633347634,1
b03core,base,agg_static@rho0.5,rep1_base_agg_static@rho0.5_b03core,1,agg_static,0.5,next_use,33,16,Freshness,0.5,0.4946374946374946,1
b03core,base,agg_static@rho0.5,rep1_base_agg_static@rho0.5_b03core,1,agg_static,0.5,next_use,33,20,Freshness,0.6,0.7839267839267838,1
b03core,base,agg_static@rho0.5,rep1_base_agg_static@rho0.5_b03core,1,agg_static,0.5,next_use,33,26,Freshness,0.8,0.9084799084799084,1
b03core,base,agg_static@rho0.5,rep1_base_agg_static@rho0.5_b03core,1,agg_static,0.5,next_use,33,33,Freshness,1.0,1.0,1
b03core,base,agg_static@rho0.5,rep1_base_agg_static@rho0.5_b03core,1,agg_static,0.5,next_use,33,3,CoverageDelta,0.1,0.12455312455312455,1
b03core,base,agg_static@rho0.5,rep1_base_agg_static@rho0.5_b03core,1,agg_static,0.5,next_use,33,7,CoverageDelta,0.2,0.23080223080223078,1
b03core,base,agg_static@rho0.5,rep1_base_agg_static@rho0.5_b03core,1,agg_static,0.5,next_use,33,10,CoverageDelta,0.3,0.3004433004433004,1
b03core,base,agg_static@rho0.5,rep1_base_agg_static@rho0.5_b03core,1,agg_static,0.5,next_use,33,13,CoverageDelta,0.4,0.44330044330044327,1
b03core,base,agg_static@rho0.5,rep1_base_agg_static@rho0.5_b03core,1,agg_static,0.5,next_use,33,16,CoverageDelta,0.5,0.5129415129415129,1
b03core,base,agg_static@rho0.5,rep1_base_agg_static@rho0.5_b03core,1,agg_static,0.5,next_use,33,20,CoverageDelta,0.6,0.729014729014729,1
b03core,base,agg_static@rho0.5,rep1_base_agg_static@rho0.5_b03core,1,agg_static,0.5,next_use,33,26,CoverageDelta,0.8,0.9267839267839267,1
b03core,base,agg_static@rho0.5,rep1_base_agg_static@rho0.5_b03core,1,agg_static,0.5,next_use,33,33,CoverageDelta,1.0,1.0,1
b03core,base,agg_static@rho0.5,rep1_base_agg_static@rho0.5_b03core,1,agg_static,0.5,next_use,33,3,CoverageAdvantage,0.1,0.12455312455312455,1
b03core,base,agg_static@rho0.5,rep1_base_agg_static@rho0.5_b03core,1,agg_static,0.5,next_use,33,7,CoverageAdvantage,0.2,0.2638352638352638,1
b03core,base,agg_static@rho0.5,rep1_base_agg_static@rho0.5_b03core,1,agg_static,0.5,next_use,33,10,CoverageAdvantage,0.3,0.337051337051337,1
b03core,base,agg_static@rho0.5,rep1_base_agg_static@rho0.5_b03core,1,agg_static,0.5,next_use,33,13,CoverageAdvantage,0.4,0.47633347633347634,1
b03core,base,agg_static@rho0.5,rep1_base_agg_static@rho0.5_b03core,1,agg_static,0.5,next_use,33,16,CoverageAdvantage,0.5,0.5459745459745459,1
b03core,base,agg_static@rho0.5,rep1_base_agg_static@rho0.5_b03core,1,agg_static,0.5,next_use,33,20,CoverageAdvantage,0.6,0.8352638352638352,1
b03core,base,agg_static@rho0.5,rep1_base_agg_static@rho0.5_b03core,1,agg_static,0.5,next_use,33,26,CoverageAdvantage,0.8,0.9267839267839267,1
b03core,base,agg_static@rho0.5,rep1_base_agg_static@rho0.5_b03core,1,agg_static,0.5,next_use,33,33,CoverageAdvantage,1.0,1.0,1
b03core,base,agg_static@rho0.5,rep1_base_agg_static@rho0.5_b03core,1,agg_static,0.5,next_use,33,3,SimpleCoverageLoad,0.1,0.12455312455312455,1
b03core,base,agg_static@rho0.5,rep1_base_agg_static@rho0.5_b03core,1,agg_static,0.5,next_use,33,7,SimpleCoverageLoad,0.2,0.2638352638352638,1
b03core,base,agg_static@rho0.5,rep1_base_agg_static@rho0.5_b03core,1,agg_static,0.5,next_use,33,10,SimpleCoverageLoad,0.3,0.337051337051337,1
b03core,base,agg_static@rho0.5,rep1_base_agg_static@rho0.5_b03core,1,agg_static,0.5,next_use,33,13,SimpleCoverageLoad,0.4,0.47633347633347634,1
b03core,base,agg_static@rho0.5,rep1_base_agg_static@rho0.5_b03core,1,agg_static,0.5,next_use,33,16,SimpleCoverageLoad,0.5,0.5459745459745459,1
b03core,base,agg_static@rho0.5,rep1_base_agg_static@rho0.5_b03core,1,agg_static,0.5,next_use,33,20,SimpleCoverageLoad,0.6,0.7620477620477619,1
b03core,base,agg_static@rho0.5,rep1_base_agg_static@rho0.5_b03core,1,agg_static,0.5,next_use,33,26,SimpleCoverageLoad,0.8,0.9267839267839267,1
b03core,base,agg_static@rho0.5,rep1_base_agg_static@rho0.5_b03core,1,agg_static,0.5,next_use,33,33,SimpleCoverageLoad,1.0,1.0,1
b03core,base,agg_static@rho0.5,rep1_base_agg_static@rho0.5_b03core,1,agg_static,0.5,next_use,33,3,DecisionAware,0.1,0.12455312455312455,1
b03core,base,agg_static@rho0.5,rep1_base_agg_static@rho0.5_b03core,1,agg_static,0.5,next_use,33,7,DecisionAware,0.2,0.2638352638352638,1
b03core,base,agg_static@rho0.5,rep1_base_agg_static@rho0.5_b03core,1,agg_static,0.5,next_use,33,10,DecisionAware,0.3,0.337051337051337,1
b03core,base,agg_static@rho0.5,rep1_base_agg_static@rho0.5_b03core,1,agg_static,0.5,next_use,33,13,DecisionAware,0.4,0.47633347633347634,1
b03core,base,agg_static@rho0.5,rep1_base_agg_static@rho0.5_b03core,1,agg_static,0.5,next_use,33,16,DecisionAware,0.5,0.5459745459745459,1
b03core,base,agg_static@rho0.5,rep1_base_agg_static@rho0.5_b03core,1,agg_static,0.5,next_use,33,20,DecisionAware,0.6,0.7620477620477619,1
b03core,base,agg_static@rho0.5,rep1_base_agg_static@rho0.5_b03core,1,agg_static,0.5,next_use,33,26,DecisionAware,0.8,0.9267839267839267,1
b03core,base,agg_static@rho0.5,rep1_base_agg_static@rho0.5_b03core,1,agg_static,0.5,next_use,33,33,DecisionAware,1.0,1.0,1
b03core,base,agg_static@rho0.5,rep1_base_agg_static@rho0.5_b03core,1,agg_static,0.5,next_use,33,3,B02Utility,0.1,0.054912054912054906,1
b03core,base,agg_static@rho0.5,rep1_base_agg_static@rho0.5_b03core,1,agg_static,0.5,next_use,33,7,B02Utility,0.2,0.17946517946517945,1
b03core,base,agg_static@rho0.5,rep1_base_agg_static@rho0.5_b03core,1,agg_static,0.5,next_use,33,10,B02Utility,0.3,0.23437723437723437,1
b03core,base,agg_static@rho0.5,rep1_base_agg_static@rho0.5_b03core,1,agg_static,0.5,next_use,33,13,B02Utility,0.4,0.304018304018304,1
b03core,base,agg_static@rho0.5,rep1_base_agg_static@rho0.5_b03core,1,agg_static,0.5,next_use,33,16,B02Utility,0.5,0.3919633919633919,1
b03core,base,agg_static@rho0.5,rep1_base_agg_static@rho0.5_b03core,1,agg_static,0.5,next_use,33,20,B02Utility,0.6,0.5531245531245531,1
b03core,base,agg_static@rho0.5,rep1_base_agg_static@rho0.5_b03core,1,agg_static,0.5,next_use,33,26,B02Utility,0.8,0.7875017875017875,1
b03core,base,agg_static@rho0.5,rep1_base_agg_static@rho0.5_b03core,1,agg_static,0.5,next_use,33,33,B02Utility,1.0,1.0,1
b03core,base,agg_static@rho0.5,rep1_base_agg_static@rho0.5_b03core,1,agg_static,0.5,next_use,33,3,Oracle,0.1,0.23437723437723437,1
b03core,base,agg_static@rho0.5,rep1_base_agg_static@rho0.5_b03core,1,agg_static,0.5,next_use,33,7,Oracle,0.2,0.5200915200915202,1
b03core,base,agg_static@rho0.5,rep1_base_agg_static@rho0.5_b03core,1,agg_static,0.5,next_use,33,10,Oracle,0.3,0.729014729014729,1
b03core,base,agg_static@rho0.5,rep1_base_agg_static@rho0.5_b03core,1,agg_static,0.5,next_use,33,13,Oracle,0.4,0.8352638352638352,1
b03core,base,agg_static@rho0.5,rep1_base_agg_static@rho0.5_b03core,1,agg_static,0.5,next_use,33,16,Oracle,0.5,0.89017589017589,1
b03core,base,agg_static@rho0.5,rep1_base_agg_static@rho0.5_b03core,1,agg_static,0.5,next_use,33,20,Oracle,0.6,0.9633919633919633,1
b03core,base,agg_static@rho0.5,rep1_base_agg_static@rho0.5_b03core,1,agg_static,0.5,next_use,33,26,Oracle,0.8,1.0,1
b03core,base,agg_static@rho0.5,rep1_base_agg_static@rho0.5_b03core,1,agg_static,0.5,next_use,33,33,Oracle,1.0,1.0,1
b03core,base,agg_static@rho0.5,rep1_base_agg_static@rho0.5_b03core,1,agg_static,0.5,horizon_h4,33,3,Random,0.1,0.08692192600652884,20
b03core,base,agg_static@rho0.5,rep1_base_agg_static@rho0.5_b03core,1,agg_static,0.5,horizon_h4,33,7,Random,0.2,0.21426822633297063,20
b03core,base,agg_static@rho0.5,rep1_base_agg_static@rho0.5_b03core,1,agg_static,0.5,horizon_h4,33,10,Random,0.3,0.29613710554951034,20
b03core,base,agg_static@rho0.5,rep1_base_agg_static@rho0.5_b03core,1,agg_static,0.5,horizon_h4,33,13,Random,0.4,0.40991566920565836,20
b03core,base,agg_static@rho0.5,rep1_base_agg_static@rho0.5_b03core,1,agg_static,0.5,horizon_h4,33,16,Random,0.5,0.4895334602829162,20
b03core,base,agg_static@rho0.5,rep1_base_agg_static@rho0.5_b03core,1,agg_static,0.5,horizon_h4,33,20,Random,0.6,0.6094056039173015,20
b03core,base,agg_static@rho0.5,rep1_base_agg_static@rho0.5_b03core,1,agg_static,0.5,horizon_h4,33,26,Random,0.8,0.7633977149075082,20
b03core,base,agg_static@rho0.5,rep1_base_agg_static@rho0.5_b03core,1,agg_static,0.5,horizon_h4,33,33,Random,1.0,1.0,20
b03core,base,agg_static@rho0.5,rep1_base_agg_static@rho0.5_b03core,1,agg_static,0.5,horizon_h4,33,3,Freshness,0.1,0.06624047878128402,1
b03core,base,agg_static@rho0.5,rep1_base_agg_static@rho0.5_b03core,1,agg_static,0.5,horizon_h4,33,7,Freshness,0.2,0.26836235038084877,1
b03core,base,agg_static@rho0.5,rep1_base_agg_static@rho0.5_b03core,1,agg_static,0.5,horizon_h4,33,10,Freshness,0.3,0.4216539717083787,1
b03core,base,agg_static@rho0.5,rep1_base_agg_static@rho0.5_b03core,1,agg_static,0.5,horizon_h4,33,13,Freshness,0.4,0.5541349292709468,1
b03core,base,agg_static@rho0.5,rep1_base_agg_static@rho0.5_b03core,1,agg_static,0.5,horizon_h4,33,16,Freshness,0.5,0.571545157780196,1
b03core,base,agg_static@rho0.5,rep1_base_agg_static@rho0.5_b03core,1,agg_static,0.5,horizon_h4,33,20,Freshness,0.6,0.8467083786724702,1
b03core,base,agg_static@rho0.5,rep1_base_agg_static@rho0.5_b03core,1,agg_static,0.5,horizon_h4,33,26,Freshness,0.8,1.0,1
b03core,base,agg_static@rho0.5,rep1_base_agg_static@rho0.5_b03core,1,agg_static,0.5,horizon_h4,33,33,Freshness,1.0,1.0,1
b03core,base,agg_static@rho0.5,rep1_base_agg_static@rho0.5_b03core,1,agg_static,0.5,horizon_h4,33,3,CoverageDelta,0.1,0.1498911860718172,1
b03core,base,agg_static@rho0.5,rep1_base_agg_static@rho0.5_b03core,1,agg_static,0.5,horizon_h4,33,7,CoverageDelta,0.2,0.25095212187159954,1
b03core,base,agg_static@rho0.5,rep1_base_agg_static@rho0.5_b03core,1,agg_static,0.5,horizon_h4,33,10,CoverageDelta,0.3,0.38683351468988036,1
b03core,base,agg_static@rho0.5,rep1_base_agg_static@rho0.5_b03core,1,agg_static,0.5,horizon_h4,33,13,CoverageDelta,0.4,0.5227149075081611,1
b03core,base,agg_static@rho0.5,rep1_base_agg_static@rho0.5_b03core,1,agg_static,0.5,horizon_h4,33,16,CoverageDelta,0.5,0.5889553862894451,1
b03core,base,agg_static@rho0.5,rep1_base_agg_static@rho0.5_b03core,1,agg_static,0.5,horizon_h4,33,20,CoverageDelta,0.6,0.7944776931447226,1
b03core,base,agg_static@rho0.5,rep1_base_agg_static@rho0.5_b03core,1,agg_static,0.5,horizon_h4,33,26,CoverageDelta,0.8,1.0,1
b03core,base,agg_static@rho0.5,rep1_base_agg_static@rho0.5_b03core,1,agg_static,0.5,horizon_h4,33,33,CoverageDelta,1.0,1.0,1
b03core,base,agg_static@rho0.5,rep1_base_agg_static@rho0.5_b03core,1,agg_static,0.5,horizon_h4,33,3,CoverageAdvantage,0.1,0.1498911860718172,1
b03core,base,agg_static@rho0.5,rep1_base_agg_static@rho0.5_b03core,1,agg_static,0.5,horizon_h4,33,7,CoverageAdvantage,0.2,0.35201305767138197,1
b03core,base,agg_static@rho0.5,rep1_base_agg_static@rho0.5_b03core,1,agg_static,0.5,horizon_h4,33,10,CoverageAdvantage,0.3,0.4216539717083787,1
b03core,base,agg_static@rho0.5,rep1_base_agg_static@rho0.5_b03core,1,agg_static,0.5,horizon_h4,33,13,CoverageAdvantage,0.4,0.5541349292709468,1
b03core,base,agg_static@rho0.5,rep1_base_agg_static@rho0.5_b03core,1,agg_static,0.5,horizon_h4,33,16,CoverageAdvantage,0.5,0.6203754080522307,1
b03core,base,agg_static@rho0.5,rep1_base_agg_static@rho0.5_b03core,1,agg_static,0.5,horizon_h4,33,20,CoverageAdvantage,0.6,0.9651795429815018,1
b03core,base,agg_static@rho0.5,rep1_base_agg_static@rho0.5_b03core,1,agg_static,0.5,horizon_h4,33,26,CoverageAdvantage,0.8,1.0,1
b03core,base,agg_static@rho0.5,rep1_base_agg_static@rho0.5_b03core,1,agg_static,0.5,horizon_h4,33,33,CoverageAdvantage,1.0,1.0,1
b03core,base,agg_static@rho0.5,rep1_base_agg_static@rho0.5_b03core,1,agg_static,0.5,horizon_h4,33,3,SimpleCoverageLoad,0.1,0.1498911860718172,1
b03core,base,agg_static@rho0.5,rep1_base_agg_static@rho0.5_b03core,1,agg_static,0.5,horizon_h4,33,7,SimpleCoverageLoad,0.2,0.35201305767138197,1
b03core,base,agg_static@rho0.5,rep1_base_agg_static@rho0.5_b03core,1,agg_static,0.5,horizon_h4,33,10,SimpleCoverageLoad,0.3,0.4216539717083787,1
b03core,base,agg_static@rho0.5,rep1_base_agg_static@rho0.5_b03core,1,agg_static,0.5,horizon_h4,33,13,SimpleCoverageLoad,0.4,0.5541349292709468,1
b03core,base,agg_static@rho0.5,rep1_base_agg_static@rho0.5_b03core,1,agg_static,0.5,horizon_h4,33,16,SimpleCoverageLoad,0.5,0.6203754080522307,1
b03core,base,agg_static@rho0.5,rep1_base_agg_static@rho0.5_b03core,1,agg_static,0.5,horizon_h4,33,20,SimpleCoverageLoad,0.6,0.895538628944505,1
b03core,base,agg_static@rho0.5,rep1_base_agg_static@rho0.5_b03core,1,agg_static,0.5,horizon_h4,33,26,SimpleCoverageLoad,0.8,1.0,1
b03core,base,agg_static@rho0.5,rep1_base_agg_static@rho0.5_b03core,1,agg_static,0.5,horizon_h4,33,33,SimpleCoverageLoad,1.0,1.0,1
b03core,base,agg_static@rho0.5,rep1_base_agg_static@rho0.5_b03core,1,agg_static,0.5,horizon_h4,33,3,DecisionAware,0.1,0.1498911860718172,1
b03core,base,agg_static@rho0.5,rep1_base_agg_static@rho0.5_b03core,1,agg_static,0.5,horizon_h4,33,7,DecisionAware,0.2,0.35201305767138197,1
b03core,base,agg_static@rho0.5,rep1_base_agg_static@rho0.5_b03core,1,agg_static,0.5,horizon_h4,33,10,DecisionAware,0.3,0.4216539717083787,1
b03core,base,agg_static@rho0.5,rep1_base_agg_static@rho0.5_b03core,1,agg_static,0.5,horizon_h4,33,13,DecisionAware,0.4,0.5541349292709468,1
b03core,base,agg_static@rho0.5,rep1_base_agg_static@rho0.5_b03core,1,agg_static,0.5,horizon_h4,33,16,DecisionAware,0.5,0.6203754080522307,1
b03core,base,agg_static@rho0.5,rep1_base_agg_static@rho0.5_b03core,1,agg_static,0.5,horizon_h4,33,20,DecisionAware,0.6,0.895538628944505,1
b03core,base,agg_static@rho0.5,rep1_base_agg_static@rho0.5_b03core,1,agg_static,0.5,horizon_h4,33,26,DecisionAware,0.8,1.0,1
b03core,base,agg_static@rho0.5,rep1_base_agg_static@rho0.5_b03core,1,agg_static,0.5,horizon_h4,33,33,DecisionAware,1.0,1.0,1
b03core,base,agg_static@rho0.5,rep1_base_agg_static@rho0.5_b03core,1,agg_static,0.5,horizon_h4,33,3,B02Utility,0.1,0.0,1
b03core,base,agg_static@rho0.5,rep1_base_agg_static@rho0.5_b03core,1,agg_static,0.5,horizon_h4,33,7,B02Utility,0.2,0.1498911860718172,1
b03core,base,agg_static@rho0.5,rep1_base_agg_static@rho0.5_b03core,1,agg_static,0.5,horizon_h4,33,10,B02Utility,0.3,0.18471164309031557,1
b03core,base,agg_static@rho0.5,rep1_base_agg_static@rho0.5_b03core,1,agg_static,0.5,horizon_h4,33,13,B02Utility,0.4,0.25095212187159954,1
b03core,base,agg_static@rho0.5,rep1_base_agg_static@rho0.5_b03core,1,agg_static,0.5,horizon_h4,33,16,B02Utility,0.5,0.38683351468988036,1
b03core,base,agg_static@rho0.5,rep1_base_agg_static@rho0.5_b03core,1,agg_static,0.5,horizon_h4,33,20,B02Utility,0.6,0.5923558215451579,1
b03core,base,agg_static@rho0.5,rep1_base_agg_static@rho0.5_b03core,1,agg_static,0.5,horizon_h4,33,26,B02Utility,0.8,0.7978781284004354,1
b03core,base,agg_static@rho0.5,rep1_base_agg_static@rho0.5_b03core,1,agg_static,0.5,horizon_h4,33,33,B02Utility,1.0,1.0,1
b03core,base,agg_static@rho0.5,rep1_base_agg_static@rho0.5_b03core,1,agg_static,0.5,horizon_h4,33,3,Oracle,0.1,0.35541349292709473,1
b03core,base,agg_static@rho0.5,rep1_base_agg_static@rho0.5_b03core,1,agg_static,0.5,horizon_h4,33,7,Oracle,0.2,0.6339771490750816,1
b03core,base,agg_static@rho0.5,rep1_base_agg_static@rho0.5_b03core,1,agg_static,0.5,horizon_h4,33,10,Oracle,0.3,0.8326985854189336,1
b03core,base,agg_static@rho0.5,rep1_base_agg_static@rho0.5_b03core,1,agg_static,0.5,horizon_h4,33,13,Oracle,0.4,0.9651795429815018,1
b03core,base,agg_static@rho0.5,rep1_base_agg_static@rho0.5_b03core,1,agg_static,0.5,horizon_h4,33,16,Oracle,0.5,1.0,1
b03core,base,agg_static@rho0.5,rep1_base_agg_static@rho0.5_b03core,1,agg_static,0.5,horizon_h4,33,20,Oracle,0.6,1.0,1
b03core,base,agg_static@rho0.5,rep1_base_agg_static@rho0.5_b03core,1,agg_static,0.5,horizon_h4,33,26,Oracle,0.8,1.0,1
b03core,base,agg_static@rho0.5,rep1_base_agg_static@rho0.5_b03core,1,agg_static,0.5,horizon_h4,33,33,Oracle,1.0,1.0,1
b03core,base,exact_fifo@rho0.5,rep1_base_exact_fifo@rho0.5_b03core,1,exact_fifo,0.5,next_use,40,4,Random,0.1,0.09322728368281513,20
b03core,base,exact_fifo@rho0.5,rep1_base_exact_fifo@rho0.5_b03core,1,exact_fifo,0.5,next_use,40,8,Random,0.2,0.19631236442516267,20
b03core,base,exact_fifo@rho0.5,rep1_base_exact_fifo@rho0.5_b03core,1,exact_fifo,0.5,next_use,40,12,Random,0.3,0.2848758737045071,20
b03core,base,exact_fifo@rho0.5,rep1_base_exact_fifo@rho0.5_b03core,1,exact_fifo,0.5,next_use,40,16,Random,0.4,0.38442395758013975,20
b03core,base,exact_fifo@rho0.5,rep1_base_exact_fifo@rho0.5_b03core,1,exact_fifo,0.5,next_use,40,20,Random,0.5,0.48875030127741625,20
b03core,base,exact_fifo@rho0.5,rep1_base_exact_fifo@rho0.5_b03core,1,exact_fifo,0.5,next_use,40,24,Random,0.6,0.5836526873945529,20
b03core,base,exact_fifo@rho0.5,rep1_base_exact_fifo@rho0.5_b03core,1,exact_fifo,0.5,next_use,40,32,Random,0.8,0.7790069896360569,20
b03core,base,exact_fifo@rho0.5,rep1_base_exact_fifo@rho0.5_b03core,1,exact_fifo,0.5,next_use,40,40,Random,1.0,1.0,20
b03core,base,exact_fifo@rho0.5,rep1_base_exact_fifo@rho0.5_b03core,1,exact_fifo,0.5,next_use,40,4,Freshness,0.1,0.12039045553145336,1
b03core,base,exact_fifo@rho0.5,rep1_base_exact_fifo@rho0.5_b03core,1,exact_fifo,0.5,next_use,40,8,Freshness,0.2,0.24078091106290672,1
b03core,base,exact_fifo@rho0.5,rep1_base_exact_fifo@rho0.5_b03core,1,exact_fifo,0.5,next_use,40,12,Freshness,0.3,0.3671969149192576,1
b03core,base,exact_fifo@rho0.5,rep1_base_exact_fifo@rho0.5_b03core,1,exact_fifo,0.5,next_use,40,16,Freshness,0.4,0.4845745962882622,1
b03core,base,exact_fifo@rho0.5,rep1_base_exact_fifo@rho0.5_b03core,1,exact_fifo,0.5,next_use,40,20,Freshness,0.5,0.6666666666666666,1
b03core,base,exact_fifo@rho0.5,rep1_base_exact_fifo@rho0.5_b03core,1,exact_fifo,0.5,next_use,40,24,Freshness,0.6,0.8457459628826224,1
b03core,base,exact_fifo@rho0.5,rep1_base_exact_fifo@rho0.5_b03core,1,exact_fifo,0.5,next_use,40,32,Freshness,0.8,0.9382983851530489,1
b03core,base,exact_fifo@rho0.5,rep1_base_exact_fifo@rho0.5_b03core,1,exact_fifo,0.5,next_use,40,40,Freshness,1.0,1.0,1
b03core,base,exact_fifo@rho0.5,rep1_base_exact_fifo@rho0.5_b03core,1,exact_fifo,0.5,next_use,40,4,CoverageDelta,0.1,0.006025548324897566,1
b03core,base,exact_fifo@rho0.5,rep1_base_exact_fifo@rho0.5_b03core,1,exact_fifo,0.5,next_use,40,8,CoverageDelta,0.2,0.188117618703302,1
b03core,base,exact_fifo@rho0.5,rep1_base_exact_fifo@rho0.5_b03core,1,exact_fifo,0.5,next_use,40,12,CoverageDelta,0.3,0.30850807423475535,1
b03core,base,exact_fifo@rho0.5,rep1_base_exact_fifo@rho0.5_b03core,1,exact_fifo,0.5,next_use,40,16,CoverageDelta,0.4,0.37020968908170643,1
b03core,base,exact_fifo@rho0.5,rep1_base_exact_fifo@rho0.5_b03core,1,exact_fifo,0.5,next_use,40,20,CoverageDelta,0.5,0.6079778259821644,1
b03core,base,exact_fifo@rho0.5,rep1_base_exact_fifo@rho0.5_b03core,1,exact_fifo,0.5,next_use,40,24,CoverageDelta,0.6,0.8457459628826224,1
b03core,base,exact_fifo@rho0.5,rep1_base_exact_fifo@rho0.5_b03core,1,exact_fifo,0.5,next_use,40,32,CoverageDelta,0.8,0.9228729814413111,1
b03core,base,exact_fifo@rho0.5,rep1_base_exact_fifo@rho0.5_b03core,1,exact_fifo,0.5,next_use,40,40,CoverageDelta,1.0,1.0,1
b03core,base,exact_fifo@rho0.5,rep1_base_exact_fifo@rho0.5_b03core,1,exact_fifo,0.5,next_use,40,4,CoverageAdvantage,0.1,0.06471438900939985,1
b03core,base,exact_fifo@rho0.5,rep1_base_exact_fifo@rho0.5_b03core,1,exact_fifo,0.5,next_use,40,8,CoverageAdvantage,0.2,0.2437936852253555,1
b03core,base,exact_fifo@rho0.5,rep1_base_exact_fifo@rho0.5_b03core,1,exact_fifo,0.5,next_use,40,12,CoverageAdvantage,0.3,0.3671969149192576,1
b03core,base,exact_fifo@rho0.5,rep1_base_exact_fifo@rho0.5_b03core,1,exact_fifo,0.5,next_use,40,16,CoverageAdvantage,0.4,0.4845745962882622,1
b03core,base,exact_fifo@rho0.5,rep1_base_exact_fifo@rho0.5_b03core,1,exact_fifo,0.5,next_use,40,20,CoverageAdvantage,0.5,0.7253555073511689,1
b03core,base,exact_fifo@rho0.5,rep1_base_exact_fifo@rho0.5_b03core,1,exact_fifo,0.5,next_use,40,24,CoverageAdvantage,0.6,0.8581585924319114,1
b03core,base,exact_fifo@rho0.5,rep1_base_exact_fifo@rho0.5_b03core,1,exact_fifo,0.5,next_use,40,32,CoverageAdvantage,0.8,0.9228729814413111,1
b03core,base,exact_fifo@rho0.5,rep1_base_exact_fifo@rho0.5_b03core,1,exact_fifo,0.5,next_use,40,40,CoverageAdvantage,1.0,1.0,1
b03core,base,exact_fifo@rho0.5,rep1_base_exact_fifo@rho0.5_b03core,1,exact_fifo,0.5,next_use,40,4,SimpleCoverageLoad,0.1,0.06471438900939985,1
b03core,base,exact_fifo@rho0.5,rep1_base_exact_fifo@rho0.5_b03core,1,exact_fifo,0.5,next_use,40,8,SimpleCoverageLoad,0.2,0.2437936852253555,1
b03core,base,exact_fifo@rho0.5,rep1_base_exact_fifo@rho0.5_b03core,1,exact_fifo,0.5,next_use,40,12,SimpleCoverageLoad,0.3,0.3671969149192576,1
b03core,base,exact_fifo@rho0.5,rep1_base_exact_fifo@rho0.5_b03core,1,exact_fifo,0.5,next_use,40,16,SimpleCoverageLoad,0.4,0.4845745962882622,1
b03core,base,exact_fifo@rho0.5,rep1_base_exact_fifo@rho0.5_b03core,1,exact_fifo,0.5,next_use,40,20,SimpleCoverageLoad,0.5,0.7253555073511689,1
b03core,base,exact_fifo@rho0.5,rep1_base_exact_fifo@rho0.5_b03core,1,exact_fifo,0.5,next_use,40,24,SimpleCoverageLoad,0.6,0.8581585924319114,1
b03core,base,exact_fifo@rho0.5,rep1_base_exact_fifo@rho0.5_b03core,1,exact_fifo,0.5,next_use,40,32,SimpleCoverageLoad,0.8,0.9382983851530489,1
b03core,base,exact_fifo@rho0.5,rep1_base_exact_fifo@rho0.5_b03core,1,exact_fifo,0.5,next_use,40,40,SimpleCoverageLoad,1.0,1.0,1
b03core,base,exact_fifo@rho0.5,rep1_base_exact_fifo@rho0.5_b03core,1,exact_fifo,0.5,next_use,40,4,DecisionAware,0.1,0.06471438900939985,1
b03core,base,exact_fifo@rho0.5,rep1_base_exact_fifo@rho0.5_b03core,1,exact_fifo,0.5,next_use,40,8,DecisionAware,0.2,0.2437936852253555,1
b03core,base,exact_fifo@rho0.5,rep1_base_exact_fifo@rho0.5_b03core,1,exact_fifo,0.5,next_use,40,12,DecisionAware,0.3,0.3671969149192576,1
b03core,base,exact_fifo@rho0.5,rep1_base_exact_fifo@rho0.5_b03core,1,exact_fifo,0.5,next_use,40,16,DecisionAware,0.4,0.4845745962882622,1
b03core,base,exact_fifo@rho0.5,rep1_base_exact_fifo@rho0.5_b03core,1,exact_fifo,0.5,next_use,40,20,DecisionAware,0.5,0.7253555073511689,1
b03core,base,exact_fifo@rho0.5,rep1_base_exact_fifo@rho0.5_b03core,1,exact_fifo,0.5,next_use,40,24,DecisionAware,0.6,0.8581585924319114,1
b03core,base,exact_fifo@rho0.5,rep1_base_exact_fifo@rho0.5_b03core,1,exact_fifo,0.5,next_use,40,32,DecisionAware,0.8,0.9537237888647867,1
b03core,base,exact_fifo@rho0.5,rep1_base_exact_fifo@rho0.5_b03core,1,exact_fifo,0.5,next_use,40,40,DecisionAware,1.0,1.0,1
b03core,base,exact_fifo@rho0.5,rep1_base_exact_fifo@rho0.5_b03core,1,exact_fifo,0.5,next_use,40,4,B02Utility,0.1,0.04928898529766208,1
b03core,base,exact_fifo@rho0.5,rep1_base_exact_fifo@rho0.5_b03core,1,exact_fifo,0.5,next_use,40,8,B02Utility,0.2,0.08315256688358641,1
b03core,base,exact_fifo@rho0.5,rep1_base_exact_fifo@rho0.5_b03core,1,exact_fifo,0.5,next_use,40,12,B02Utility,0.3,0.175704989154013,1
b03core,base,exact_fifo@rho0.5,rep1_base_exact_fifo@rho0.5_b03core,1,exact_fifo,0.5,next_use,40,16,B02Utility,0.4,0.2960954446854664,1
b03core,base,exact_fifo@rho0.5,rep1_base_exact_fifo@rho0.5_b03core,1,exact_fifo,0.5,next_use,40,20,B02Utility,0.5,0.4781875150638708,1
b03core,base,exact_fifo@rho0.5,rep1_base_exact_fifo@rho0.5_b03core,1,exact_fifo,0.5,next_use,40,24,B02Utility,0.6,0.4936129187756086,1
b03core,base,exact_fifo@rho0.5,rep1_base_exact_fifo@rho0.5_b03core,1,exact_fifo,0.5,next_use,40,32,B02Utility,0.8,0.8517715112075199,1
b03core,base,exact_fifo@rho0.5,rep1_base_exact_fifo@rho0.5_b03core,1,exact_fifo,0.5,next_use,40,40,B02Utility,1.0,1.0,1
b03core,base,exact_fifo@rho0.5,rep1_base_exact_fifo@rho0.5_b03core,1,exact_fifo,0.5,next_use,40,4,Oracle,0.1,0.2468064593878043,1
b03core,base,exact_fifo@rho0.5,rep1_base_exact_fifo@rho0.5_b03core,1,exact_fifo,0.5,next_use,40,8,Oracle,0.2,0.4936129187756086,1
b03core,base,exact_fifo@rho0.5,rep1_base_exact_fifo@rho0.5_b03core,1,exact_fifo,0.5,next_use,40,12,Oracle,0.3,0.7283682815136177,1
b03core,base,exact_fifo@rho0.5,rep1_base_exact_fifo@rho0.5_b03core,1,exact_fifo,0.5,next_use,40,16,Oracle,0.4,0.8705712219812002,1
b03core,base,exact_fifo@rho0.5,rep1_base_exact_fifo@rho0.5_b03core,1,exact_fifo,0.5,next_use,40,20,Oracle,0.5,0.9322728368281513,1
b03core,base,exact_fifo@rho0.5,rep1_base_exact_fifo@rho0.5_b03core,1,exact_fifo,0.5,next_use,40,24,Oracle,0.6,0.9939744516751025,1
b03core,base,exact_fifo@rho0.5,rep1_base_exact_fifo@rho0.5_b03core,1,exact_fifo,0.5,next_use,40,32,Oracle,0.8,1.0,1
b03core,base,exact_fifo@rho0.5,rep1_base_exact_fifo@rho0.5_b03core,1,exact_fifo,0.5,next_use,40,40,Oracle,1.0,1.0,1
b03core,base,exact_fifo@rho0.5,rep1_base_exact_fifo@rho0.5_b03core,1,exact_fifo,0.5,horizon_h4,40,4,Random,0.1,0.09380671027642963,20
b03core,base,exact_fifo@rho0.5,rep1_base_exact_fifo@rho0.5_b03core,1,exact_fifo,0.5,horizon_h4,40,8,Random,0.2,0.1990768094534712,20
b03core,base,exact_fifo@rho0.5,rep1_base_exact_fifo@rho0.5_b03core,1,exact_fifo,0.5,horizon_h4,40,12,Random,0.3,0.28109305760709014,20
b03core,base,exact_fifo@rho0.5,rep1_base_exact_fifo@rho0.5_b03core,1,exact_fifo,0.5,horizon_h4,40,16,Random,0.4,0.38827284237180837,20
b03core,base,exact_fifo@rho0.5,rep1_base_exact_fifo@rho0.5_b03core,1,exact_fifo,0.5,horizon_h4,40,20,Random,0.5,0.5011183794049378,20
b03core,base,exact_fifo@rho0.5,rep1_base_exact_fifo@rho0.5_b03core,1,exact_fifo,0.5,horizon_h4,40,24,Random,0.6,0.5855718506013927,20
b03core,base,exact_fifo@rho0.5,rep1_base_exact_fifo@rho0.5_b03core,1,exact_fifo,0.5,horizon_h4,40,32,Random,0.8,0.7810930576070901,20
b03core,base,exact_fifo@rho0.5,rep1_base_exact_fifo@rho0.5_b03core,1,exact_fifo,0.5,horizon_h4,40,40,Random,1.0,1.0,20
b03core,base,exact_fifo@rho0.5,rep1_base_exact_fifo@rho0.5_b03core,1,exact_fifo,0.5,horizon_h4,40,4,Freshness,0.1,0.1594218189491454,1
b03core,base,exact_fifo@rho0.5,rep1_base_exact_fifo@rho0.5_b03core,1,exact_fifo,0.5,horizon_h4,40,8,Freshness,0.2,0.3162059506224942,1
b03core,base,exact_fifo@rho0.5,rep1_base_exact_fifo@rho0.5_b03core,1,exact_fifo,0.5,horizon_h4,40,12,Freshness,0.3,0.42688330871491875,1
b03core,base,exact_fifo@rho0.5,rep1_base_exact_fifo@rho0.5_b03core,1,exact_fifo,0.5,horizon_h4,40,16,Freshness,0.4,0.581029753112471,1
b03core,base,exact_fifo@rho0.5,rep1_base_exact_fifo@rho0.5_b03core,1,exact_fifo,0.5,horizon_h4,40,20,Freshness,0.5,0.7918337201941338,1
b03core,base,exact_fifo@rho0.5,rep1_base_exact_fifo@rho0.5_b03core,1,exact_fifo,0.5,horizon_h4,40,24,Freshness,0.6,1.0,1
b03core,base,exact_fifo@rho0.5,rep1_base_exact_fifo@rho0.5_b03core,1,exact_fifo,0.5,horizon_h4,40,32,Freshness,0.8,1.0,1
b03core,base,exact_fifo@rho0.5,rep1_base_exact_fifo@rho0.5_b03core,1,exact_fifo,0.5,horizon_h4,40,40,Freshness,1.0,1.0,1
b03core,base,exact_fifo@rho0.5,rep1_base_exact_fifo@rho0.5_b03core,1,exact_fifo,0.5,horizon_h4,40,4,CoverageDelta,0.1,0.005275374551593163,1
b03core,base,exact_fifo@rho0.5,rep1_base_exact_fifo@rho0.5_b03core,1,exact_fifo,0.5,horizon_h4,40,8,CoverageDelta,0.2,0.21871702890905254,1
b03core,base,exact_fifo@rho0.5,rep1_base_exact_fifo@rho0.5_b03core,1,exact_fifo,0.5,horizon_h4,40,12,CoverageDelta,0.3,0.3755011605824014,1
b03core,base,exact_fifo@rho0.5,rep1_base_exact_fifo@rho0.5_b03core,1,exact_fifo,0.5,horizon_h4,40,16,CoverageDelta,0.4,0.42952099599071536,1
b03core,base,exact_fifo@rho0.5,rep1_base_exact_fifo@rho0.5_b03core,1,exact_fifo,0.5,horizon_h4,40,20,CoverageDelta,0.5,0.7404515720616165,1
b03core,base,exact_fifo@rho0.5,rep1_base_exact_fifo@rho0.5_b03core,1,exact_fifo,0.5,horizon_h4,40,24,CoverageDelta,0.6,1.0,1
b03core,base,exact_fifo@rho0.5,rep1_base_exact_fifo@rho0.5_b03core,1,exact_fifo,0.5,horizon_h4,40,32,CoverageDelta,0.8,1.0,1
b03core,base,exact_fifo@rho0.5,rep1_base_exact_fifo@rho0.5_b03core,1,exact_fifo,0.5,horizon_h4,40,40,CoverageDelta,1.0,1.0,1
b03core,base,exact_fifo@rho0.5,rep1_base_exact_fifo@rho0.5_b03core,1,exact_fifo,0.5,horizon_h4,40,4,CoverageAdvantage,0.1,0.056657522684110576,1
b03core,base,exact_fifo@rho0.5,rep1_base_exact_fifo@rho0.5_b03core,1,exact_fifo,0.5,horizon_h4,40,8,CoverageAdvantage,0.2,0.3188436378982908,1
b03core,base,exact_fifo@rho0.5,rep1_base_exact_fifo@rho0.5_b03core,1,exact_fifo,0.5,horizon_h4,40,12,CoverageAdvantage,0.3,0.42688330871491875,1
b03core,base,exact_fifo@rho0.5,rep1_base_exact_fifo@rho0.5_b03core,1,exact_fifo,0.5,horizon_h4,40,16,CoverageAdvantage,0.4,0.581029753112471,1
b03core,base,exact_fifo@rho0.5,rep1_base_exact_fifo@rho0.5_b03core,1,exact_fifo,0.5,horizon_h4,40,20,CoverageAdvantage,0.5,0.8432158683266512,1
b03core,base,exact_fifo@rho0.5,rep1_base_exact_fifo@rho0.5_b03core,1,exact_fifo,0.5,horizon_h4,40,24,CoverageAdvantage,0.6,0.9973623127242034,1
b03core,base,exact_fifo@rho0.5,rep1_base_exact_fifo@rho0.5_b03core,1,exact_fifo,0.5,horizon_h4,40,32,CoverageAdvantage,0.8,1.0,1
b03core,base,exact_fifo@rho0.5,rep1_base_exact_fifo@rho0.5_b03core,1,exact_fifo,0.5,horizon_h4,40,40,CoverageAdvantage,1.0,1.0,1
b03core,base,exact_fifo@rho0.5,rep1_base_exact_fifo@rho0.5_b03core,1,exact_fifo,0.5,horizon_h4,40,4,SimpleCoverageLoad,0.1,0.056657522684110576,1
b03core,base,exact_fifo@rho0.5,rep1_base_exact_fifo@rho0.5_b03core,1,exact_fifo,0.5,horizon_h4,40,8,SimpleCoverageLoad,0.2,0.3188436378982908,1
b03core,base,exact_fifo@rho0.5,rep1_base_exact_fifo@rho0.5_b03core,1,exact_fifo,0.5,horizon_h4,40,12,SimpleCoverageLoad,0.3,0.42688330871491875,1
b03core,base,exact_fifo@rho0.5,rep1_base_exact_fifo@rho0.5_b03core,1,exact_fifo,0.5,horizon_h4,40,16,SimpleCoverageLoad,0.4,0.581029753112471,1
b03core,base,exact_fifo@rho0.5,rep1_base_exact_fifo@rho0.5_b03core,1,exact_fifo,0.5,horizon_h4,40,20,SimpleCoverageLoad,0.5,0.8432158683266512,1
b03core,base,exact_fifo@rho0.5,rep1_base_exact_fifo@rho0.5_b03core,1,exact_fifo,0.5,horizon_h4,40,24,SimpleCoverageLoad,0.6,0.9973623127242034,1
b03core,base,exact_fifo@rho0.5,rep1_base_exact_fifo@rho0.5_b03core,1,exact_fifo,0.5,horizon_h4,40,32,SimpleCoverageLoad,0.8,1.0,1
b03core,base,exact_fifo@rho0.5,rep1_base_exact_fifo@rho0.5_b03core,1,exact_fifo,0.5,horizon_h4,40,40,SimpleCoverageLoad,1.0,1.0,1
b03core,base,exact_fifo@rho0.5,rep1_base_exact_fifo@rho0.5_b03core,1,exact_fifo,0.5,horizon_h4,40,4,DecisionAware,0.1,0.056657522684110576,1
b03core,base,exact_fifo@rho0.5,rep1_base_exact_fifo@rho0.5_b03core,1,exact_fifo,0.5,horizon_h4,40,8,DecisionAware,0.2,0.3188436378982908,1
b03core,base,exact_fifo@rho0.5,rep1_base_exact_fifo@rho0.5_b03core,1,exact_fifo,0.5,horizon_h4,40,12,DecisionAware,0.3,0.42688330871491875,1
b03core,base,exact_fifo@rho0.5,rep1_base_exact_fifo@rho0.5_b03core,1,exact_fifo,0.5,horizon_h4,40,16,DecisionAware,0.4,0.581029753112471,1
b03core,base,exact_fifo@rho0.5,rep1_base_exact_fifo@rho0.5_b03core,1,exact_fifo,0.5,horizon_h4,40,20,DecisionAware,0.5,0.8432158683266512,1
b03core,base,exact_fifo@rho0.5,rep1_base_exact_fifo@rho0.5_b03core,1,exact_fifo,0.5,horizon_h4,40,24,DecisionAware,0.6,0.9973623127242034,1
b03core,base,exact_fifo@rho0.5,rep1_base_exact_fifo@rho0.5_b03core,1,exact_fifo,0.5,horizon_h4,40,32,DecisionAware,0.8,1.0,1
b03core,base,exact_fifo@rho0.5,rep1_base_exact_fifo@rho0.5_b03core,1,exact_fifo,0.5,horizon_h4,40,40,DecisionAware,1.0,1.0,1
b03core,base,exact_fifo@rho0.5,rep1_base_exact_fifo@rho0.5_b03core,1,exact_fifo,0.5,horizon_h4,40,4,B02Utility,0.1,0.0026376872757965814,1
b03core,base,exact_fifo@rho0.5,rep1_base_exact_fifo@rho0.5_b03core,1,exact_fifo,0.5,horizon_h4,40,8,B02Utility,0.2,0.005275374551593163,1
b03core,base,exact_fifo@rho0.5,rep1_base_exact_fifo@rho0.5_b03core,1,exact_fifo,0.5,horizon_h4,40,12,B02Utility,0.3,0.059295209959907155,1
b03core,base,exact_fifo@rho0.5,rep1_base_exact_fifo@rho0.5_b03core,1,exact_fifo,0.5,horizon_h4,40,16,B02Utility,0.4,0.21871702890905254,1
b03core,base,exact_fifo@rho0.5,rep1_base_exact_fifo@rho0.5_b03core,1,exact_fifo,0.5,horizon_h4,40,20,B02Utility,0.5,0.42952099599071536,1
b03core,base,exact_fifo@rho0.5,rep1_base_exact_fifo@rho0.5_b03core,1,exact_fifo,0.5,horizon_h4,40,24,B02Utility,0.6,0.42952099599071536,1
b03core,base,exact_fifo@rho0.5,rep1_base_exact_fifo@rho0.5_b03core,1,exact_fifo,0.5,horizon_h4,40,32,B02Utility,0.8,0.8458535556024478,1
b03core,base,exact_fifo@rho0.5,rep1_base_exact_fifo@rho0.5_b03core,1,exact_fifo,0.5,horizon_h4,40,40,B02Utility,1.0,1.0,1
b03core,base,exact_fifo@rho0.5,rep1_base_exact_fifo@rho0.5_b03core,1,exact_fifo,0.5,horizon_h4,40,4,Oracle,0.1,0.41633255961173243,1
b03core,base,exact_fifo@rho0.5,rep1_base_exact_fifo@rho0.5_b03core,1,exact_fifo,0.5,horizon_h4,40,8,Oracle,0.2,0.6785186748259127,1
b03core,base,exact_fifo@rho0.5,rep1_base_exact_fifo@rho0.5_b03core,1,exact_fifo,0.5,horizon_h4,40,12,Oracle,0.3,0.8945980164591687,1
b03core,base,exact_fifo@rho0.5,rep1_base_exact_fifo@rho0.5_b03core,1,exact_fifo,0.5,horizon_h4,40,16,Oracle,0.4,1.0,1
b03core,base,exact_fifo@rho0.5,rep1_base_exact_fifo@rho0.5_b03core,1,exact_fifo,0.5,horizon_h4,40,20,Oracle,0.5,1.0,1
b03core,base,exact_fifo@rho0.5,rep1_base_exact_fifo@rho0.5_b03core,1,exact_fifo,0.5,horizon_h4,40,24,Oracle,0.6,1.0,1
b03core,base,exact_fifo@rho0.5,rep1_base_exact_fifo@rho0.5_b03core,1,exact_fifo,0.5,horizon_h4,40,32,Oracle,0.8,1.0,1
b03core,base,exact_fifo@rho0.5,rep1_base_exact_fifo@rho0.5_b03core,1,exact_fifo,0.5,horizon_h4,40,40,Oracle,1.0,1.0,1
b03core,base,agg_static@rho0.8,rep1_base_agg_static@rho0.8_b03core,1,agg_static,0.8,next_use,14,1,Random,0.1,0.06590178981184029,20
b03core,base,agg_static@rho0.8,rep1_base_agg_static@rho0.8_b03core,1,agg_static,0.8,next_use,14,3,Random,0.2,0.18588802202845342,20
b03core,base,agg_static@rho0.8,rep1_base_agg_static@rho0.8_b03core,1,agg_static,0.8,next_use,14,4,Random,0.3,0.27234970169802664,20
b03core,base,agg_static@rho0.8,rep1_base_agg_static@rho0.8_b03core,1,agg_static,0.8,next_use,14,6,Random,0.4,0.40236346948141355,20
b03core,base,agg_static@rho0.8,rep1_base_agg_static@rho0.8_b03core,1,agg_static,0.8,next_use,14,7,Random,0.5,0.4617485084901331,20
b03core,base,agg_static@rho0.8,rep1_base_agg_static@rho0.8_b03core,1,agg_static,0.8,next_use,14,8,Random,0.6,0.5376089949518128,20
b03core,base,agg_static@rho0.8,rep1_base_agg_static@rho0.8_b03core,1,agg_static,0.8,next_use,14,11,Random,0.8,0.7399724644332263,20
b03core,base,agg_static@rho0.8,rep1_base_agg_static@rho0.8_b03core,1,agg_static,0.8,next_use,14,14,Random,1.0,1.0,20
b03core,base,agg_static@rho0.8,rep1_base_agg_static@rho0.8_b03core,1,agg_static,0.8,next_use,14,1,Freshness,0.1,0.0,1
b03core,base,agg_static@rho0.8,rep1_base_agg_static@rho0.8_b03core,1,agg_static,0.8,next_use,14,3,Freshness,0.2,0.0,1
b03core,base,agg_static@rho0.8,rep1_base_agg_static@rho0.8_b03core,1,agg_static,0.8,next_use,14,4,Freshness,0.3,0.21202386415787058,1
b03core,base,agg_static@rho0.8,rep1_base_agg_static@rho0.8_b03core,1,agg_static,0.8,next_use,14,6,Freshness,0.4,0.4355208811381368,1
b03core,base,agg_static@rho0.8,rep1_base_agg_static@rho0.8_b03core,1,agg_static,0.8,next_use,14,7,Freshness,0.5,0.4355208811381368,1
b03core,base,agg_static@rho0.8,rep1_base_agg_static@rho0.8_b03core,1,agg_static,0.8,next_use,14,8,Freshness,0.6,0.659017898118403,1
b03core,base,agg_static@rho0.8,rep1_base_agg_static@rho0.8_b03core,1,agg_static,0.8,next_use,14,11,Freshness,0.8,0.9412574575493347,1
b03core,base,agg_static@rho0.8,rep1_base_agg_static@rho0.8_b03core,1,agg_static,0.8,next_use,14,14,Freshness,1.0,1.0,1
b03core,base,agg_static@rho0.8,rep1_base_agg_static@rho0.8_b03core,1,agg_static,0.8,next_use,14,1,CoverageDelta,0.1,0.058742542450665444,1
b03core,base,agg_static@rho0.8,rep1_base_agg_static@rho0.8_b03core,1,agg_static,0.8,next_use,14,3,CoverageDelta,0.2,0.058742542450665444,1
b03core,base,agg_static@rho0.8,rep1_base_agg_static@rho0.8_b03core,1,agg_static,0.8,next_use,14,4,CoverageDelta,0.3,0.058742542450665444,1
b03core,base,agg_static@rho0.8,rep1_base_agg_static@rho0.8_b03core,1,agg_static,0.8,next_use,14,6,CoverageDelta,0.4,0.27076640660853607,1
b03core,base,agg_static@rho0.8,rep1_base_agg_static@rho0.8_b03core,1,agg_static,0.8,next_use,14,7,CoverageDelta,0.5,0.4942634235888022,1
b03core,base,agg_static@rho0.8,rep1_base_agg_static@rho0.8_b03core,1,agg_static,0.8,next_use,14,8,CoverageDelta,0.6,0.4942634235888022,1
b03core,base,agg_static@rho0.8,rep1_base_agg_static@rho0.8_b03core,1,agg_static,0.8,next_use,14,11,CoverageDelta,0.8,0.9412574575493347,1
b03core,base,agg_static@rho0.8,rep1_base_agg_static@rho0.8_b03core,1,agg_static,0.8,next_use,14,14,CoverageDelta,1.0,1.0,1
b03core,base,agg_static@rho0.8,rep1_base_agg_static@rho0.8_b03core,1,agg_static,0.8,next_use,14,1,CoverageAdvantage,0.1,0.058742542450665444,1
b03core,base,agg_static@rho0.8,rep1_base_agg_static@rho0.8_b03core,1,agg_static,0.8,next_use,14,3,CoverageAdvantage,0.2,0.058742542450665444,1
b03core,base,agg_static@rho0.8,rep1_base_agg_static@rho0.8_b03core,1,agg_static,0.8,next_use,14,4,CoverageAdvantage,0.3,0.058742542450665444,1
b03core,base,agg_static@rho0.8,rep1_base_agg_static@rho0.8_b03core,1,agg_static,0.8,next_use,14,6,CoverageAdvantage,0.4,0.27076640660853607,1
b03core,base,agg_static@rho0.8,rep1_base_agg_static@rho0.8_b03core,1,agg_static,0.8,next_use,14,7,CoverageAdvantage,0.5,0.27076640660853607,1
b03core,base,agg_static@rho0.8,rep1_base_agg_static@rho0.8_b03core,1,agg_static,0.8,next_use,14,8,CoverageAdvantage,0.6,0.4942634235888022,1
b03core,base,agg_static@rho0.8,rep1_base_agg_static@rho0.8_b03core,1,agg_static,0.8,next_use,14,11,CoverageAdvantage,0.8,0.9412574575493347,1
b03core,base,agg_static@rho0.8,rep1_base_agg_static@rho0.8_b03core,1,agg_static,0.8,next_use,14,14,CoverageAdvantage,1.0,1.0,1
b03core,base,agg_static@rho0.8,rep1_base_agg_static@rho0.8_b03core,1,agg_static,0.8,next_use,14,1,SimpleCoverageLoad,0.1,0.058742542450665444,1
b03core,base,agg_static@rho0.8,rep1_base_agg_static@rho0.8_b03core,1,agg_static,0.8,next_use,14,3,SimpleCoverageLoad,0.2,0.058742542450665444,1
b03core,base,agg_static@rho0.8,rep1_base_agg_static@rho0.8_b03core,1,agg_static,0.8,next_use,14,4,SimpleCoverageLoad,0.3,0.058742542450665444,1
b03core,base,agg_static@rho0.8,rep1_base_agg_static@rho0.8_b03core,1,agg_static,0.8,next_use,14,6,SimpleCoverageLoad,0.4,0.27076640660853607,1
b03core,base,agg_static@rho0.8,rep1_base_agg_static@rho0.8_b03core,1,agg_static,0.8,next_use,14,7,SimpleCoverageLoad,0.5,0.27076640660853607,1
b03core,base,agg_static@rho0.8,rep1_base_agg_static@rho0.8_b03core,1,agg_static,0.8,next_use,14,8,SimpleCoverageLoad,0.6,0.4942634235888022,1
b03core,base,agg_static@rho0.8,rep1_base_agg_static@rho0.8_b03core,1,agg_static,0.8,next_use,14,11,SimpleCoverageLoad,0.8,0.9412574575493347,1
b03core,base,agg_static@rho0.8,rep1_base_agg_static@rho0.8_b03core,1,agg_static,0.8,next_use,14,14,SimpleCoverageLoad,1.0,1.0,1
b03core,base,agg_static@rho0.8,rep1_base_agg_static@rho0.8_b03core,1,agg_static,0.8,next_use,14,1,DecisionAware,0.1,0.058742542450665444,1
b03core,base,agg_static@rho0.8,rep1_base_agg_static@rho0.8_b03core,1,agg_static,0.8,next_use,14,3,DecisionAware,0.2,0.058742542450665444,1
b03core,base,agg_static@rho0.8,rep1_base_agg_static@rho0.8_b03core,1,agg_static,0.8,next_use,14,4,DecisionAware,0.3,0.058742542450665444,1
b03core,base,agg_static@rho0.8,rep1_base_agg_static@rho0.8_b03core,1,agg_static,0.8,next_use,14,6,DecisionAware,0.4,0.27076640660853607,1
b03core,base,agg_static@rho0.8,rep1_base_agg_static@rho0.8_b03core,1,agg_static,0.8,next_use,14,7,DecisionAware,0.5,0.27076640660853607,1
b03core,base,agg_static@rho0.8,rep1_base_agg_static@rho0.8_b03core,1,agg_static,0.8,next_use,14,8,DecisionAware,0.6,0.4942634235888022,1
b03core,base,agg_static@rho0.8,rep1_base_agg_static@rho0.8_b03core,1,agg_static,0.8,next_use,14,11,DecisionAware,0.8,0.9412574575493347,1
b03core,base,agg_static@rho0.8,rep1_base_agg_static@rho0.8_b03core,1,agg_static,0.8,next_use,14,14,DecisionAware,1.0,1.0,1
b03core,base,agg_static@rho0.8,rep1_base_agg_static@rho0.8_b03core,1,agg_static,0.8,next_use,14,1,B02Utility,0.1,0.058742542450665444,1
b03core,base,agg_static@rho0.8,rep1_base_agg_static@rho0.8_b03core,1,agg_static,0.8,next_use,14,3,B02Utility,0.2,0.058742542450665444,1
b03core,base,agg_static@rho0.8,rep1_base_agg_static@rho0.8_b03core,1,agg_static,0.8,next_use,14,4,B02Utility,0.3,0.058742542450665444,1
b03core,base,agg_static@rho0.8,rep1_base_agg_static@rho0.8_b03core,1,agg_static,0.8,next_use,14,6,B02Utility,0.4,0.27076640660853607,1
b03core,base,agg_static@rho0.8,rep1_base_agg_static@rho0.8_b03core,1,agg_static,0.8,next_use,14,7,B02Utility,0.5,0.4942634235888022,1
b03core,base,agg_static@rho0.8,rep1_base_agg_static@rho0.8_b03core,1,agg_static,0.8,next_use,14,8,B02Utility,0.6,0.4942634235888022,1
b03core,base,agg_static@rho0.8,rep1_base_agg_static@rho0.8_b03core,1,agg_static,0.8,next_use,14,11,B02Utility,0.8,0.776502983019734,1
b03core,base,agg_static@rho0.8,rep1_base_agg_static@rho0.8_b03core,1,agg_static,0.8,next_use,14,14,B02Utility,1.0,1.0,1
b03core,base,agg_static@rho0.8,rep1_base_agg_static@rho0.8_b03core,1,agg_static,0.8,next_use,14,1,Oracle,0.1,0.2234970169802662,1
b03core,base,agg_static@rho0.8,rep1_base_agg_static@rho0.8_b03core,1,agg_static,0.8,next_use,14,3,Oracle,0.2,0.6704910509407985,1
b03core,base,agg_static@rho0.8,rep1_base_agg_static@rho0.8_b03core,1,agg_static,0.8,next_use,14,4,Oracle,0.3,0.8825149150986692,1
b03core,base,agg_static@rho0.8,rep1_base_agg_static@rho0.8_b03core,1,agg_static,0.8,next_use,14,6,Oracle,0.4,1.0,1
b03core,base,agg_static@rho0.8,rep1_base_agg_static@rho0.8_b03core,1,agg_static,0.8,next_use,14,7,Oracle,0.5,1.0,1
b03core,base,agg_static@rho0.8,rep1_base_agg_static@rho0.8_b03core,1,agg_static,0.8,next_use,14,8,Oracle,0.6,1.0,1
b03core,base,agg_static@rho0.8,rep1_base_agg_static@rho0.8_b03core,1,agg_static,0.8,next_use,14,11,Oracle,0.8,1.0,1
b03core,base,agg_static@rho0.8,rep1_base_agg_static@rho0.8_b03core,1,agg_static,0.8,next_use,14,14,Oracle,1.0,1.0,1
b03core,base,agg_static@rho0.8,rep1_base_agg_static@rho0.8_b03core,1,agg_static,0.8,horizon_h4,14,1,Random,0.1,0.07185245901639344,20
b03core,base,agg_static@rho0.8,rep1_base_agg_static@rho0.8_b03core,1,agg_static,0.8,horizon_h4,14,3,Random,0.2,0.17395081967213114,20
b03core,base,agg_static@rho0.8,rep1_base_agg_static@rho0.8_b03core,1,agg_static,0.8,horizon_h4,14,4,Random,0.3,0.25588524590163936,20
b03core,base,agg_static@rho0.8,rep1_base_agg_static@rho0.8_b03core,1,agg_static,0.8,horizon_h4,14,6,Random,0.4,0.409672131147541,20
b03core,base,agg_static@rho0.8,rep1_base_agg_static@rho0.8_b03core,1,agg_static,0.8,horizon_h4,14,7,Random,0.5,0.4516885245901639,20
b03core,base,agg_static@rho0.8,rep1_base_agg_static@rho0.8_b03core,1,agg_static,0.8,horizon_h4,14,8,Random,0.6,0.5117704918032787,20
b03core,base,agg_static@rho0.8,rep1_base_agg_static@rho0.8_b03core,1,agg_static,0.8,horizon_h4,14,11,Random,0.8,0.7281475409836066,20
b03core,base,agg_static@rho0.8,rep1_base_agg_static@rho0.8_b03core,1,agg_static,0.8,horizon_h4,14,14,Random,1.0,1.0,20
b03core,base,agg_static@rho0.8,rep1_base_agg_static@rho0.8_b03core,1,agg_static,0.8,horizon_h4,14,1,Freshness,0.1,0.0,1
b03core,base,agg_static@rho0.8,rep1_base_agg_static@rho0.8_b03core,1,agg_static,0.8,horizon_h4,14,3,Freshness,0.2,0.0,1
b03core,base,agg_static@rho0.8,rep1_base_agg_static@rho0.8_b03core,1,agg_static,0.8,horizon_h4,14,4,Freshness,0.3,0.31934426229508195,1
b03core,base,agg_static@rho0.8,rep1_base_agg_static@rho0.8_b03core,1,agg_static,0.8,horizon_h4,14,6,Freshness,0.4,0.4790163934426229,1
b03core,base,agg_static@rho0.8,rep1_base_agg_static@rho0.8_b03core,1,agg_static,0.8,horizon_h4,14,7,Freshness,0.5,0.4790163934426229,1
b03core,base,agg_static@rho0.8,rep1_base_agg_static@rho0.8_b03core,1,agg_static,0.8,horizon_h4,14,8,Freshness,0.6,0.798360655737705,1
b03core,base,agg_static@rho0.8,rep1_base_agg_static@rho0.8_b03core,1,agg_static,0.8,horizon_h4,14,11,Freshness,0.8,1.0,1
b03core,base,agg_static@rho0.8,rep1_base_agg_static@rho0.8_b03core,1,agg_static,0.8,horizon_h4,14,14,Freshness,1.0,1.0,1
b03core,base,agg_static@rho0.8,rep1_base_agg_static@rho0.8_b03core,1,agg_static,0.8,horizon_h4,14,1,CoverageDelta,0.1,0.0419672131147541,1
b03core,base,agg_static@rho0.8,rep1_base_agg_static@rho0.8_b03core,1,agg_static,0.8,horizon_h4,14,3,CoverageDelta,0.2,0.0419672131147541,1
b03core,base,agg_static@rho0.8,rep1_base_agg_static@rho0.8_b03core,1,agg_static,0.8,horizon_h4,14,4,CoverageDelta,0.3,0.0419672131147541,1
b03core,base,agg_static@rho0.8,rep1_base_agg_static@rho0.8_b03core,1,agg_static,0.8,horizon_h4,14,6,CoverageDelta,0.4,0.36131147540983605,1
b03core,base,agg_static@rho0.8,rep1_base_agg_static@rho0.8_b03core,1,agg_static,0.8,horizon_h4,14,7,CoverageDelta,0.5,0.5209836065573771,1
b03core,base,agg_static@rho0.8,rep1_base_agg_static@rho0.8_b03core,1,agg_static,0.8,horizon_h4,14,8,CoverageDelta,0.6,0.5209836065573771,1
b03core,base,agg_static@rho0.8,rep1_base_agg_static@rho0.8_b03core,1,agg_static,0.8,horizon_h4,14,11,CoverageDelta,0.8,1.0,1
b03core,base,agg_static@rho0.8,rep1_base_agg_static@rho0.8_b03core,1,agg_static,0.8,horizon_h4,14,14,CoverageDelta,1.0,1.0,1
b03core,base,agg_static@rho0.8,rep1_base_agg_static@rho0.8_b03core,1,agg_static,0.8,horizon_h4,14,1,CoverageAdvantage,0.1,0.0419672131147541,1
b03core,base,agg_static@rho0.8,rep1_base_agg_static@rho0.8_b03core,1,agg_static,0.8,horizon_h4,14,3,CoverageAdvantage,0.2,0.0419672131147541,1
b03core,base,agg_static@rho0.8,rep1_base_agg_static@rho0.8_b03core,1,agg_static,0.8,horizon_h4,14,4,CoverageAdvantage,0.3,0.0419672131147541,1
b03core,base,agg_static@rho0.8,rep1_base_agg_static@rho0.8_b03core,1,agg_static,0.8,horizon_h4,14,6,CoverageAdvantage,0.4,0.36131147540983605,1
b03core,base,agg_static@rho0.8,rep1_base_agg_static@rho0.8_b03core,1,agg_static,0.8,horizon_h4,14,7,CoverageAdvantage,0.5,0.36131147540983605,1
b03core,base,agg_static@rho0.8,rep1_base_agg_static@rho0.8_b03core,1,agg_static,0.8,horizon_h4,14,8,CoverageAdvantage,0.6,0.5209836065573771,1
b03core,base,agg_static@rho0.8,rep1_base_agg_static@rho0.8_b03core,1,agg_static,0.8,horizon_h4,14,11,CoverageAdvantage,0.8,1.0,1
b03core,base,agg_static@rho0.8,rep1_base_agg_static@rho0.8_b03core,1,agg_static,0.8,horizon_h4,14,14,CoverageAdvantage,1.0,1.0,1
b03core,base,agg_static@rho0.8,rep1_base_agg_static@rho0.8_b03core,1,agg_static,0.8,horizon_h4,14,1,SimpleCoverageLoad,0.1,0.0419672131147541,1
b03core,base,agg_static@rho0.8,rep1_base_agg_static@rho0.8_b03core,1,agg_static,0.8,horizon_h4,14,3,SimpleCoverageLoad,0.2,0.0419672131147541,1
b03core,base,agg_static@rho0.8,rep1_base_agg_static@rho0.8_b03core,1,agg_static,0.8,horizon_h4,14,4,SimpleCoverageLoad,0.3,0.0419672131147541,1
b03core,base,agg_static@rho0.8,rep1_base_agg_static@rho0.8_b03core,1,agg_static,0.8,horizon_h4,14,6,SimpleCoverageLoad,0.4,0.36131147540983605,1
b03core,base,agg_static@rho0.8,rep1_base_agg_static@rho0.8_b03core,1,agg_static,0.8,horizon_h4,14,7,SimpleCoverageLoad,0.5,0.36131147540983605,1
b03core,base,agg_static@rho0.8,rep1_base_agg_static@rho0.8_b03core,1,agg_static,0.8,horizon_h4,14,8,SimpleCoverageLoad,0.6,0.5209836065573771,1
b03core,base,agg_static@rho0.8,rep1_base_agg_static@rho0.8_b03core,1,agg_static,0.8,horizon_h4,14,11,SimpleCoverageLoad,0.8,1.0,1
b03core,base,agg_static@rho0.8,rep1_base_agg_static@rho0.8_b03core,1,agg_static,0.8,horizon_h4,14,14,SimpleCoverageLoad,1.0,1.0,1
b03core,base,agg_static@rho0.8,rep1_base_agg_static@rho0.8_b03core,1,agg_static,0.8,horizon_h4,14,1,DecisionAware,0.1,0.0419672131147541,1
b03core,base,agg_static@rho0.8,rep1_base_agg_static@rho0.8_b03core,1,agg_static,0.8,horizon_h4,14,3,DecisionAware,0.2,0.0419672131147541,1
b03core,base,agg_static@rho0.8,rep1_base_agg_static@rho0.8_b03core,1,agg_static,0.8,horizon_h4,14,4,DecisionAware,0.3,0.0419672131147541,1
b03core,base,agg_static@rho0.8,rep1_base_agg_static@rho0.8_b03core,1,agg_static,0.8,horizon_h4,14,6,DecisionAware,0.4,0.36131147540983605,1
b03core,base,agg_static@rho0.8,rep1_base_agg_static@rho0.8_b03core,1,agg_static,0.8,horizon_h4,14,7,DecisionAware,0.5,0.36131147540983605,1
b03core,base,agg_static@rho0.8,rep1_base_agg_static@rho0.8_b03core,1,agg_static,0.8,horizon_h4,14,8,DecisionAware,0.6,0.5209836065573771,1
b03core,base,agg_static@rho0.8,rep1_base_agg_static@rho0.8_b03core,1,agg_static,0.8,horizon_h4,14,11,DecisionAware,0.8,1.0,1
b03core,base,agg_static@rho0.8,rep1_base_agg_static@rho0.8_b03core,1,agg_static,0.8,horizon_h4,14,14,DecisionAware,1.0,1.0,1
b03core,base,agg_static@rho0.8,rep1_base_agg_static@rho0.8_b03core,1,agg_static,0.8,horizon_h4,14,1,B02Utility,0.1,0.0,1
b03core,base,agg_static@rho0.8,rep1_base_agg_static@rho0.8_b03core,1,agg_static,0.8,horizon_h4,14,3,B02Utility,0.2,0.0,1
b03core,base,agg_static@rho0.8,rep1_base_agg_static@rho0.8_b03core,1,agg_static,0.8,horizon_h4,14,4,B02Utility,0.3,0.0,1
b03core,base,agg_static@rho0.8,rep1_base_agg_static@rho0.8_b03core,1,agg_static,0.8,horizon_h4,14,6,B02Utility,0.4,0.31934426229508195,1
b03core,base,agg_static@rho0.8,rep1_base_agg_static@rho0.8_b03core,1,agg_static,0.8,horizon_h4,14,7,B02Utility,0.5,0.4790163934426229,1
b03core,base,agg_static@rho0.8,rep1_base_agg_static@rho0.8_b03core,1,agg_static,0.8,horizon_h4,14,8,B02Utility,0.6,0.4790163934426229,1
b03core,base,agg_static@rho0.8,rep1_base_agg_static@rho0.8_b03core,1,agg_static,0.8,horizon_h4,14,11,B02Utility,0.8,0.840327868852459,1
b03core,base,agg_static@rho0.8,rep1_base_agg_static@rho0.8_b03core,1,agg_static,0.8,horizon_h4,14,14,B02Utility,1.0,1.0,1
b03core,base,agg_static@rho0.8,rep1_base_agg_static@rho0.8_b03core,1,agg_static,0.8,horizon_h4,14,1,Oracle,0.1,0.31934426229508195,1
b03core,base,agg_static@rho0.8,rep1_base_agg_static@rho0.8_b03core,1,agg_static,0.8,horizon_h4,14,3,Oracle,0.2,0.798360655737705,1
b03core,base,agg_static@rho0.8,rep1_base_agg_static@rho0.8_b03core,1,agg_static,0.8,horizon_h4,14,4,Oracle,0.3,0.9580327868852458,1
b03core,base,agg_static@rho0.8,rep1_base_agg_static@rho0.8_b03core,1,agg_static,0.8,horizon_h4,14,6,Oracle,0.4,1.0,1
b03core,base,agg_static@rho0.8,rep1_base_agg_static@rho0.8_b03core,1,agg_static,0.8,horizon_h4,14,7,Oracle,0.5,1.0,1
b03core,base,agg_static@rho0.8,rep1_base_agg_static@rho0.8_b03core,1,agg_static,0.8,horizon_h4,14,8,Oracle,0.6,1.0,1
b03core,base,agg_static@rho0.8,rep1_base_agg_static@rho0.8_b03core,1,agg_static,0.8,horizon_h4,14,11,Oracle,0.8,1.0,1
b03core,base,agg_static@rho0.8,rep1_base_agg_static@rho0.8_b03core,1,agg_static,0.8,horizon_h4,14,14,Oracle,1.0,1.0,1
b03core,base,agg_static@rho1.0,rep1_base_agg_static@rho1.0_b03core,1,agg_static,1.0,next_use,7,1,Random,0.1,0.17674094707520893,20
b03core,base,agg_static@rho1.0,rep1_base_agg_static@rho1.0_b03core,1,agg_static,1.0,next_use,7,1,Random,0.2,0.17674094707520893,20
b03core,base,agg_static@rho1.0,rep1_base_agg_static@rho1.0_b03core,1,agg_static,1.0,next_use,7,2,Random,0.3,0.2428272980501393,20
b03core,base,agg_static@rho1.0,rep1_base_agg_static@rho1.0_b03core,1,agg_static,1.0,next_use,7,3,Random,0.4,0.38391364902506964,20
b03core,base,agg_static@rho1.0,rep1_base_agg_static@rho1.0_b03core,1,agg_static,1.0,next_use,7,4,Random,0.5,0.6428272980501393,20
b03core,base,agg_static@rho1.0,rep1_base_agg_static@rho1.0_b03core,1,agg_static,1.0,next_use,7,4,Random,0.6,0.6428272980501393,20
b03core,base,agg_static@rho1.0,rep1_base_agg_static@rho1.0_b03core,1,agg_static,1.0,next_use,7,6,Random,0.8,0.9034818941504178,20
b03core,base,agg_static@rho1.0,rep1_base_agg_static@rho1.0_b03core,1,agg_static,1.0,next_use,7,7,Random,1.0,1.0,20
b03core,base,agg_static@rho1.0,rep1_base_agg_static@rho1.0_b03core,1,agg_static,1.0,next_use,7,1,Freshness,0.1,0.0,1
b03core,base,agg_static@rho1.0,rep1_base_agg_static@rho1.0_b03core,1,agg_static,1.0,next_use,7,1,Freshness,0.2,0.0,1
b03core,base,agg_static@rho1.0,rep1_base_agg_static@rho1.0_b03core,1,agg_static,1.0,next_use,7,2,Freshness,0.3,0.0,1
b03core,base,agg_static@rho1.0,rep1_base_agg_static@rho1.0_b03core,1,agg_static,1.0,next_use,7,3,Freshness,0.4,0.6782729805013928,1
b03core,base,agg_static@rho1.0,rep1_base_agg_static@rho1.0_b03core,1,agg_static,1.0,next_use,7,4,Freshness,0.5,0.8565459610027856,1
b03core,base,agg_static@rho1.0,rep1_base_agg_static@rho1.0_b03core,1,agg_static,1.0,next_use,7,4,Freshness,0.6,0.8565459610027856,1
b03core,base,agg_static@rho1.0,rep1_base_agg_static@rho1.0_b03core,1,agg_static,1.0,next_use,7,6,Freshness,0.8,1.0,1
b03core,base,agg_static@rho1.0,rep1_base_agg_static@rho1.0_b03core,1,agg_static,1.0,next_use,7,7,Freshness,1.0,1.0,1
b03core,base,agg_static@rho1.0,rep1_base_agg_static@rho1.0_b03core,1,agg_static,1.0,next_use,7,1,CoverageDelta,0.1,0.17827298050139276,1
b03core,base,agg_static@rho1.0,rep1_base_agg_static@rho1.0_b03core,1,agg_static,1.0,next_use,7,1,CoverageDelta,0.2,0.17827298050139276,1
b03core,base,agg_static@rho1.0,rep1_base_agg_static@rho1.0_b03core,1,agg_static,1.0,next_use,7,2,CoverageDelta,0.3,0.32172701949860727,1
b03core,base,agg_static@rho1.0,rep1_base_agg_static@rho1.0_b03core,1,agg_static,1.0,next_use,7,3,CoverageDelta,0.4,0.32172701949860727,1
b03core,base,agg_static@rho1.0,rep1_base_agg_static@rho1.0_b03core,1,agg_static,1.0,next_use,7,4,CoverageDelta,0.5,0.32172701949860727,1
b03core,base,agg_static@rho1.0,rep1_base_agg_static@rho1.0_b03core,1,agg_static,1.0,next_use,7,4,CoverageDelta,0.6,0.32172701949860727,1
b03core,base,agg_static@rho1.0,rep1_base_agg_static@rho1.0_b03core,1,agg_static,1.0,next_use,7,6,CoverageDelta,0.8,1.0,1
b03core,base,agg_static@rho1.0,rep1_base_agg_static@rho1.0_b03core,1,agg_static,1.0,next_use,7,7,CoverageDelta,1.0,1.0,1
b03core,base,agg_static@rho1.0,rep1_base_agg_static@rho1.0_b03core,1,agg_static,1.0,next_use,7,1,CoverageAdvantage,0.1,0.17827298050139276,1
b03core,base,agg_static@rho1.0,rep1_base_agg_static@rho1.0_b03core,1,agg_static,1.0,next_use,7,1,CoverageAdvantage,0.2,0.17827298050139276,1
b03core,base,agg_static@rho1.0,rep1_base_agg_static@rho1.0_b03core,1,agg_static,1.0,next_use,7,2,CoverageAdvantage,0.3,0.32172701949860727,1
b03core,base,agg_static@rho1.0,rep1_base_agg_static@rho1.0_b03core,1,agg_static,1.0,next_use,7,3,CoverageAdvantage,0.4,0.32172701949860727,1
b03core,base,agg_static@rho1.0,rep1_base_agg_static@rho1.0_b03core,1,agg_static,1.0,next_use,7,4,CoverageAdvantage,0.5,0.32172701949860727,1
b03core,base,agg_static@rho1.0,rep1_base_agg_static@rho1.0_b03core,1,agg_static,1.0,next_use,7,4,CoverageAdvantage,0.6,0.32172701949860727,1
b03core,base,agg_static@rho1.0,rep1_base_agg_static@rho1.0_b03core,1,agg_static,1.0,next_use,7,6,CoverageAdvantage,0.8,1.0,1
b03core,base,agg_static@rho1.0,rep1_base_agg_static@rho1.0_b03core,1,agg_static,1.0,next_use,7,7,CoverageAdvantage,1.0,1.0,1
b03core,base,agg_static@rho1.0,rep1_base_agg_static@rho1.0_b03core,1,agg_static,1.0,next_use,7,1,SimpleCoverageLoad,0.1,0.17827298050139276,1
b03core,base,agg_static@rho1.0,rep1_base_agg_static@rho1.0_b03core,1,agg_static,1.0,next_use,7,1,SimpleCoverageLoad,0.2,0.17827298050139276,1
b03core,base,agg_static@rho1.0,rep1_base_agg_static@rho1.0_b03core,1,agg_static,1.0,next_use,7,2,SimpleCoverageLoad,0.3,0.32172701949860727,1
b03core,base,agg_static@rho1.0,rep1_base_agg_static@rho1.0_b03core,1,agg_static,1.0,next_use,7,3,SimpleCoverageLoad,0.4,0.32172701949860727,1
b03core,base,agg_static@rho1.0,rep1_base_agg_static@rho1.0_b03core,1,agg_static,1.0,next_use,7,4,SimpleCoverageLoad,0.5,0.32172701949860727,1
b03core,base,agg_static@rho1.0,rep1_base_agg_static@rho1.0_b03core,1,agg_static,1.0,next_use,7,4,SimpleCoverageLoad,0.6,0.32172701949860727,1
b03core,base,agg_static@rho1.0,rep1_base_agg_static@rho1.0_b03core,1,agg_static,1.0,next_use,7,6,SimpleCoverageLoad,0.8,1.0,1
b03core,base,agg_static@rho1.0,rep1_base_agg_static@rho1.0_b03core,1,agg_static,1.0,next_use,7,7,SimpleCoverageLoad,1.0,1.0,1
b03core,base,agg_static@rho1.0,rep1_base_agg_static@rho1.0_b03core,1,agg_static,1.0,next_use,7,1,DecisionAware,0.1,0.17827298050139276,1
b03core,base,agg_static@rho1.0,rep1_base_agg_static@rho1.0_b03core,1,agg_static,1.0,next_use,7,1,DecisionAware,0.2,0.17827298050139276,1
b03core,base,agg_static@rho1.0,rep1_base_agg_static@rho1.0_b03core,1,agg_static,1.0,next_use,7,2,DecisionAware,0.3,0.32172701949860727,1
b03core,base,agg_static@rho1.0,rep1_base_agg_static@rho1.0_b03core,1,agg_static,1.0,next_use,7,3,DecisionAware,0.4,0.32172701949860727,1
b03core,base,agg_static@rho1.0,rep1_base_agg_static@rho1.0_b03core,1,agg_static,1.0,next_use,7,4,DecisionAware,0.5,0.32172701949860727,1
b03core,base,agg_static@rho1.0,rep1_base_agg_static@rho1.0_b03core,1,agg_static,1.0,next_use,7,4,DecisionAware,0.6,0.32172701949860727,1
b03core,base,agg_static@rho1.0,rep1_base_agg_static@rho1.0_b03core,1,agg_static,1.0,next_use,7,6,DecisionAware,0.8,1.0,1
b03core,base,agg_static@rho1.0,rep1_base_agg_static@rho1.0_b03core,1,agg_static,1.0,next_use,7,7,DecisionAware,1.0,1.0,1
b03core,base,agg_static@rho1.0,rep1_base_agg_static@rho1.0_b03core,1,agg_static,1.0,next_use,7,1,B02Utility,0.1,0.17827298050139276,1
b03core,base,agg_static@rho1.0,rep1_base_agg_static@rho1.0_b03core,1,agg_static,1.0,next_use,7,1,B02Utility,0.2,0.17827298050139276,1
b03core,base,agg_static@rho1.0,rep1_base_agg_static@rho1.0_b03core,1,agg_static,1.0,next_use,7,2,B02Utility,0.3,0.32172701949860727,1
b03core,base,agg_static@rho1.0,rep1_base_agg_static@rho1.0_b03core,1,agg_static,1.0,next_use,7,3,B02Utility,0.4,0.32172701949860727,1
b03core,base,agg_static@rho1.0,rep1_base_agg_static@rho1.0_b03core,1,agg_static,1.0,next_use,7,4,B02Utility,0.5,0.32172701949860727,1
b03core,base,agg_static@rho1.0,rep1_base_agg_static@rho1.0_b03core,1,agg_static,1.0,next_use,7,4,B02Utility,0.6,0.32172701949860727,1
b03core,base,agg_static@rho1.0,rep1_base_agg_static@rho1.0_b03core,1,agg_static,1.0,next_use,7,6,B02Utility,0.8,1.0,1
b03core,base,agg_static@rho1.0,rep1_base_agg_static@rho1.0_b03core,1,agg_static,1.0,next_use,7,7,B02Utility,1.0,1.0,1
b03core,base,agg_static@rho1.0,rep1_base_agg_static@rho1.0_b03core,1,agg_static,1.0,next_use,7,1,Oracle,0.1,0.6782729805013928,1
b03core,base,agg_static@rho1.0,rep1_base_agg_static@rho1.0_b03core,1,agg_static,1.0,next_use,7,1,Oracle,0.2,0.6782729805013928,1
b03core,base,agg_static@rho1.0,rep1_base_agg_static@rho1.0_b03core,1,agg_static,1.0,next_use,7,2,Oracle,0.3,0.8565459610027856,1
b03core,base,agg_static@rho1.0,rep1_base_agg_static@rho1.0_b03core,1,agg_static,1.0,next_use,7,3,Oracle,0.4,1.0,1
b03core,base,agg_static@rho1.0,rep1_base_agg_static@rho1.0_b03core,1,agg_static,1.0,next_use,7,4,Oracle,0.5,1.0,1
b03core,base,agg_static@rho1.0,rep1_base_agg_static@rho1.0_b03core,1,agg_static,1.0,next_use,7,4,Oracle,0.6,1.0,1
b03core,base,agg_static@rho1.0,rep1_base_agg_static@rho1.0_b03core,1,agg_static,1.0,next_use,7,6,Oracle,0.8,1.0,1
b03core,base,agg_static@rho1.0,rep1_base_agg_static@rho1.0_b03core,1,agg_static,1.0,next_use,7,7,Oracle,1.0,1.0,1
b03core,base,agg_static@rho1.0,rep1_base_agg_static@rho1.0_b03core,1,agg_static,1.0,horizon_h4,7,1,Random,0.1,0.18642276422764226,20
b03core,base,agg_static@rho1.0,rep1_base_agg_static@rho1.0_b03core,1,agg_static,1.0,horizon_h4,7,1,Random,0.2,0.18642276422764226,20
b03core,base,agg_static@rho1.0,rep1_base_agg_static@rho1.0_b03core,1,agg_static,1.0,horizon_h4,7,2,Random,0.3,0.24581300813008128,20
b03core,base,agg_static@rho1.0,rep1_base_agg_static@rho1.0_b03core,1,agg_static,1.0,horizon_h4,7,3,Random,0.4,0.39060975609756093,20
b03core,base,agg_static@rho1.0,rep1_base_agg_static@rho1.0_b03core,1,agg_static,1.0,horizon_h4,7,4,Random,0.5,0.6874390243902438,20
b03core,base,agg_static@rho1.0,rep1_base_agg_static@rho1.0_b03core,1,agg_static,1.0,horizon_h4,7,4,Random,0.6,0.6874390243902438,20
b03core,base,agg_static@rho1.0,rep1_base_agg_static@rho1.0_b03core,1,agg_static,1.0,horizon_h4,7,6,Random,0.8,0.9228455284552846,20
b03core,base,agg_static@rho1.0,rep1_base_agg_static@rho1.0_b03core,1,agg_static,1.0,horizon_h4,7,7,Random,1.0,1.0,20
b03core,base,agg_static@rho1.0,rep1_base_agg_static@rho1.0_b03core,1,agg_static,1.0,horizon_h4,7,1,Freshness,0.1,0.0,1
b03core,base,agg_static@rho1.0,rep1_base_agg_static@rho1.0_b03core,1,agg_static,1.0,horizon_h4,7,1,Freshness,0.2,0.0,1
b03core,base,agg_static@rho1.0,rep1_base_agg_static@rho1.0_b03core,1,agg_static,1.0,horizon_h4,7,2,Freshness,0.3,0.0,1
b03core,base,agg_static@rho1.0,rep1_base_agg_static@rho1.0_b03core,1,agg_static,1.0,horizon_h4,7,3,Freshness,0.4,0.8121951219512195,1
b03core,base,agg_static@rho1.0,rep1_base_agg_static@rho1.0_b03core,1,agg_static,1.0,horizon_h4,7,4,Freshness,0.5,0.9162601626016259,1
b03core,base,agg_static@rho1.0,rep1_base_agg_static@rho1.0_b03core,1,agg_static,1.0,horizon_h4,7,4,Freshness,0.6,0.9162601626016259,1
b03core,base,agg_static@rho1.0,rep1_base_agg_static@rho1.0_b03core,1,agg_static,1.0,horizon_h4,7,6,Freshness,0.8,1.0,1
b03core,base,agg_static@rho1.0,rep1_base_agg_static@rho1.0_b03core,1,agg_static,1.0,horizon_h4,7,7,Freshness,1.0,1.0,1
b03core,base,agg_static@rho1.0,rep1_base_agg_static@rho1.0_b03core,1,agg_static,1.0,horizon_h4,7,1,CoverageDelta,0.1,0.1040650406504065,1
b03core,base,agg_static@rho1.0,rep1_base_agg_static@rho1.0_b03core,1,agg_static,1.0,horizon_h4,7,1,CoverageDelta,0.2,0.1040650406504065,1
b03core,base,agg_static@rho1.0,rep1_base_agg_static@rho1.0_b03core,1,agg_static,1.0,horizon_h4,7,2,CoverageDelta,0.3,0.1878048780487805,1
b03core,base,agg_static@rho1.0,rep1_base_agg_static@rho1.0_b03core,1,agg_static,1.0,horizon_h4,7,3,CoverageDelta,0.4,0.1878048780487805,1
b03core,base,agg_static@rho1.0,rep1_base_agg_static@rho1.0_b03core,1,agg_static,1.0,horizon_h4,7,4,CoverageDelta,0.5,0.1878048780487805,1
b03core,base,agg_static@rho1.0,rep1_base_agg_static@rho1.0_b03core,1,agg_static,1.0,horizon_h4,7,4,CoverageDelta,0.6,0.1878048780487805,1
b03core,base,agg_static@rho1.0,rep1_base_agg_static@rho1.0_b03core,1,agg_static,1.0,horizon_h4,7,6,CoverageDelta,0.8,1.0,1
b03core,base,agg_static@rho1.0,rep1_base_agg_static@rho1.0_b03core,1,agg_static,1.0,horizon_h4,7,7,CoverageDelta,1.0,1.0,1
b03core,base,agg_static@rho1.0,rep1_base_agg_static@rho1.0_b03core,1,agg_static,1.0,horizon_h4,7,1,CoverageAdvantage,0.1,0.1040650406504065,1
b03core,base,agg_static@rho1.0,rep1_base_agg_static@rho1.0_b03core,1,agg_static,1.0,horizon_h4,7,1,CoverageAdvantage,0.2,0.1040650406504065,1
b03core,base,agg_static@rho1.0,rep1_base_agg_static@rho1.0_b03core,1,agg_static,1.0,horizon_h4,7,2,CoverageAdvantage,0.3,0.1878048780487805,1
b03core,base,agg_static@rho1.0,rep1_base_agg_static@rho1.0_b03core,1,agg_static,1.0,horizon_h4,7,3,CoverageAdvantage,0.4,0.1878048780487805,1
b03core,base,agg_static@rho1.0,rep1_base_agg_static@rho1.0_b03core,1,agg_static,1.0,horizon_h4,7,4,CoverageAdvantage,0.5,0.1878048780487805,1
b03core,base,agg_static@rho1.0,rep1_base_agg_static@rho1.0_b03core,1,agg_static,1.0,horizon_h4,7,4,CoverageAdvantage,0.6,0.1878048780487805,1
b03core,base,agg_static@rho1.0,rep1_base_agg_static@rho1.0_b03core,1,agg_static,1.0,horizon_h4,7,6,CoverageAdvantage,0.8,1.0,1
b03core,base,agg_static@rho1.0,rep1_base_agg_static@rho1.0_b03core,1,agg_static,1.0,horizon_h4,7,7,CoverageAdvantage,1.0,1.0,1
b03core,base,agg_static@rho1.0,rep1_base_agg_static@rho1.0_b03core,1,agg_static,1.0,horizon_h4,7,1,SimpleCoverageLoad,0.1,0.1040650406504065,1
b03core,base,agg_static@rho1.0,rep1_base_agg_static@rho1.0_b03core,1,agg_static,1.0,horizon_h4,7,1,SimpleCoverageLoad,0.2,0.1040650406504065,1
b03core,base,agg_static@rho1.0,rep1_base_agg_static@rho1.0_b03core,1,agg_static,1.0,horizon_h4,7,2,SimpleCoverageLoad,0.3,0.1878048780487805,1
b03core,base,agg_static@rho1.0,rep1_base_agg_static@rho1.0_b03core,1,agg_static,1.0,horizon_h4,7,3,SimpleCoverageLoad,0.4,0.1878048780487805,1
b03core,base,agg_static@rho1.0,rep1_base_agg_static@rho1.0_b03core,1,agg_static,1.0,horizon_h4,7,4,SimpleCoverageLoad,0.5,0.1878048780487805,1
b03core,base,agg_static@rho1.0,rep1_base_agg_static@rho1.0_b03core,1,agg_static,1.0,horizon_h4,7,4,SimpleCoverageLoad,0.6,0.1878048780487805,1
b03core,base,agg_static@rho1.0,rep1_base_agg_static@rho1.0_b03core,1,agg_static,1.0,horizon_h4,7,6,SimpleCoverageLoad,0.8,1.0,1
b03core,base,agg_static@rho1.0,rep1_base_agg_static@rho1.0_b03core,1,agg_static,1.0,horizon_h4,7,7,SimpleCoverageLoad,1.0,1.0,1
b03core,base,agg_static@rho1.0,rep1_base_agg_static@rho1.0_b03core,1,agg_static,1.0,horizon_h4,7,1,DecisionAware,0.1,0.1040650406504065,1
b03core,base,agg_static@rho1.0,rep1_base_agg_static@rho1.0_b03core,1,agg_static,1.0,horizon_h4,7,1,DecisionAware,0.2,0.1040650406504065,1
b03core,base,agg_static@rho1.0,rep1_base_agg_static@rho1.0_b03core,1,agg_static,1.0,horizon_h4,7,2,DecisionAware,0.3,0.1878048780487805,1
b03core,base,agg_static@rho1.0,rep1_base_agg_static@rho1.0_b03core,1,agg_static,1.0,horizon_h4,7,3,DecisionAware,0.4,0.1878048780487805,1
b03core,base,agg_static@rho1.0,rep1_base_agg_static@rho1.0_b03core,1,agg_static,1.0,horizon_h4,7,4,DecisionAware,0.5,0.1878048780487805,1
b03core,base,agg_static@rho1.0,rep1_base_agg_static@rho1.0_b03core,1,agg_static,1.0,horizon_h4,7,4,DecisionAware,0.6,0.1878048780487805,1
b03core,base,agg_static@rho1.0,rep1_base_agg_static@rho1.0_b03core,1,agg_static,1.0,horizon_h4,7,6,DecisionAware,0.8,1.0,1
b03core,base,agg_static@rho1.0,rep1_base_agg_static@rho1.0_b03core,1,agg_static,1.0,horizon_h4,7,7,DecisionAware,1.0,1.0,1
b03core,base,agg_static@rho1.0,rep1_base_agg_static@rho1.0_b03core,1,agg_static,1.0,horizon_h4,7,1,B02Utility,0.1,0.1040650406504065,1
b03core,base,agg_static@rho1.0,rep1_base_agg_static@rho1.0_b03core,1,agg_static,1.0,horizon_h4,7,1,B02Utility,0.2,0.1040650406504065,1
b03core,base,agg_static@rho1.0,rep1_base_agg_static@rho1.0_b03core,1,agg_static,1.0,horizon_h4,7,2,B02Utility,0.3,0.1878048780487805,1
b03core,base,agg_static@rho1.0,rep1_base_agg_static@rho1.0_b03core,1,agg_static,1.0,horizon_h4,7,3,B02Utility,0.4,0.1878048780487805,1
b03core,base,agg_static@rho1.0,rep1_base_agg_static@rho1.0_b03core,1,agg_static,1.0,horizon_h4,7,4,B02Utility,0.5,0.1878048780487805,1
b03core,base,agg_static@rho1.0,rep1_base_agg_static@rho1.0_b03core,1,agg_static,1.0,horizon_h4,7,4,B02Utility,0.6,0.1878048780487805,1
b03core,base,agg_static@rho1.0,rep1_base_agg_static@rho1.0_b03core,1,agg_static,1.0,horizon_h4,7,6,B02Utility,0.8,1.0,1
b03core,base,agg_static@rho1.0,rep1_base_agg_static@rho1.0_b03core,1,agg_static,1.0,horizon_h4,7,7,B02Utility,1.0,1.0,1
b03core,base,agg_static@rho1.0,rep1_base_agg_static@rho1.0_b03core,1,agg_static,1.0,horizon_h4,7,1,Oracle,0.1,0.8121951219512195,1
b03core,base,agg_static@rho1.0,rep1_base_agg_static@rho1.0_b03core,1,agg_static,1.0,horizon_h4,7,1,Oracle,0.2,0.8121951219512195,1
b03core,base,agg_static@rho1.0,rep1_base_agg_static@rho1.0_b03core,1,agg_static,1.0,horizon_h4,7,2,Oracle,0.3,0.9162601626016259,1
b03core,base,agg_static@rho1.0,rep1_base_agg_static@rho1.0_b03core,1,agg_static,1.0,horizon_h4,7,3,Oracle,0.4,1.0,1
b03core,base,agg_static@rho1.0,rep1_base_agg_static@rho1.0_b03core,1,agg_static,1.0,horizon_h4,7,4,Oracle,0.5,1.0,1
b03core,base,agg_static@rho1.0,rep1_base_agg_static@rho1.0_b03core,1,agg_static,1.0,horizon_h4,7,4,Oracle,0.6,1.0,1
b03core,base,agg_static@rho1.0,rep1_base_agg_static@rho1.0_b03core,1,agg_static,1.0,horizon_h4,7,6,Oracle,0.8,1.0,1
b03core,base,agg_static@rho1.0,rep1_base_agg_static@rho1.0_b03core,1,agg_static,1.0,horizon_h4,7,7,Oracle,1.0,1.0,1
b03core,base,agg_full@rho0.5,rep1_base_agg_full@rho0.5_b03core,1,agg_full,0.5,next_use,18,2,Random,0.1,0.0970991363124296,20
b03core,base,agg_full@rho0.5,rep1_base_agg_full@rho0.5_b03core,1,agg_full,0.5,next_use,18,4,Random,0.2,0.19733383402177995,20
b03core,base,agg_full@rho0.5,rep1_base_agg_full@rho0.5_b03core,1,agg_full,0.5,next_use,18,5,Random,0.3,0.27837025910627117,20
b03core,base,agg_full@rho0.5,rep1_base_agg_full@rho0.5_b03core,1,agg_full,0.5,next_use,18,7,Random,0.4,0.40046939541870075,20
b03core,base,agg_full@rho0.5,rep1_base_agg_full@rho0.5_b03core,1,agg_full,0.5,next_use,18,9,Random,0.5,0.537514081862561,20
b03core,base,agg_full@rho0.5,rep1_base_agg_full@rho0.5_b03core,1,agg_full,0.5,next_use,18,11,Random,0.6,0.6490893728877206,20
b03core,base,agg_full@rho0.5,rep1_base_agg_full@rho0.5_b03core,1,agg_full,0.5,next_use,18,14,Random,0.8,0.8120446864438604,20
b03core,base,agg_full@rho0.5,rep1_base_agg_full@rho0.5_b03core,1,agg_full,0.5,next_use,18,18,Random,1.0,1.0,20
b03core,base,agg_full@rho0.5,rep1_base_agg_full@rho0.5_b03core,1,agg_full,0.5,next_use,18,2,Freshness,0.1,0.1875704093128051,1
b03core,base,agg_full@rho0.5,rep1_base_agg_full@rho0.5_b03core,1,agg_full,0.5,next_use,18,4,Freshness,0.2,0.3030416823131806,1
b03core,base,agg_full@rho0.5,rep1_base_agg_full@rho0.5_b03core,1,agg_full,0.5,next_use,18,5,Freshness,0.3,0.41851295531355615,1
b03core,base,agg_full@rho0.5,rep1_base_agg_full@rho0.5_b03core,1,agg_full,0.5,next_use,18,7,Freshness,0.4,0.6107773188133684,1
b03core,base,agg_full@rho0.5,rep1_base_agg_full@rho0.5_b03core,1,agg_full,0.5,next_use,18,9,Freshness,0.5,0.7069095005632745,1
b03core,base,agg_full@rho0.5,rep1_base_agg_full@rho0.5_b03core,1,agg_full,0.5,next_use,18,11,Freshness,0.6,0.8030416823131807,1
b03core,base,agg_full@rho0.5,rep1_base_agg_full@rho0.5_b03core,1,agg_full,0.5,next_use,18,14,Freshness,0.8,0.9232069095005634,1
b03core,base,agg_full@rho0.5,rep1_base_agg_full@rho0.5_b03core,1,agg_full,0.5,next_use,18,18,Freshness,1.0,1.0,1
b03core,base,agg_full@rho0.5,rep1_base_agg_full@rho0.5_b03core,1,agg_full,0.5,next_use,18,2,CoverageDelta,0.1,0.13950431843785208,1
b03core,base,agg_full@rho0.5,rep1_base_agg_full@rho0.5_b03core,1,agg_full,0.5,next_use,18,4,CoverageDelta,0.2,0.1635373638753286,1
b03core,base,agg_full@rho0.5,rep1_base_agg_full@rho0.5_b03core,1,agg_full,0.5,next_use,18,5,CoverageDelta,0.3,0.19226436349981224,1
b03core,base,agg_full@rho0.5,rep1_base_agg_full@rho0.5_b03core,1,agg_full,0.5,next_use,18,7,CoverageDelta,0.4,0.37983477281261735,1
b03core,base,agg_full@rho0.5,rep1_base_agg_full@rho0.5_b03core,1,agg_full,0.5,next_use,18,9,CoverageDelta,0.5,0.5674051821254226,1
b03core,base,agg_full@rho0.5,rep1_base_agg_full@rho0.5_b03core,1,agg_full,0.5,next_use,18,11,CoverageDelta,0.6,0.6635373638753287,1
b03core,base,agg_full@rho0.5,rep1_base_agg_full@rho0.5_b03core,1,agg_full,0.5,next_use,18,14,CoverageDelta,0.8,0.8558017273751408,1
b03core,base,agg_full@rho0.5,rep1_base_agg_full@rho0.5_b03core,1,agg_full,0.5,next_use,18,18,CoverageDelta,1.0,1.0,1
b03core,base,agg_full@rho0.5,rep1_base_agg_full@rho0.5_b03core,1,agg_full,0.5,next_use,18,2,CoverageAdvantage,0.1,0.04806609087495306,1
b03core,base,agg_full@rho0.5,rep1_base_agg_full@rho0.5_b03core,1,agg_full,0.5,next_use,18,4,CoverageAdvantage,0.2,0.1635373638753286,1
b03core,base,agg_full@rho0.5,rep1_base_agg_full@rho0.5_b03core,1,agg_full,0.5,next_use,18,5,CoverageAdvantage,0.3,0.1875704093128051,1
b03core,base,agg_full@rho0.5,rep1_base_agg_full@rho0.5_b03core,1,agg_full,0.5,next_use,18,7,CoverageAdvantage,0.4,0.30773563650018776,1
b03core,base,agg_full@rho0.5,rep1_base_agg_full@rho0.5_b03core,1,agg_full,0.5,next_use,18,9,CoverageAdvantage,0.5,0.4953060458129929,1
b03core,base,agg_full@rho0.5,rep1_base_agg_full@rho0.5_b03core,1,agg_full,0.5,next_use,18,11,CoverageAdvantage,0.6,0.6875704093128052,1
b03core,base,agg_full@rho0.5,rep1_base_agg_full@rho0.5_b03core,1,agg_full,0.5,next_use,18,14,CoverageAdvantage,0.8,0.8798347728126173,1
b03core,base,agg_full@rho0.5,rep1_base_agg_full@rho0.5_b03core,1,agg_full,0.5,next_use,18,18,CoverageAdvantage,1.0,1.0,1
b03core,base,agg_full@rho0.5,rep1_base_agg_full@rho0.5_b03core,1,agg_full,0.5,next_use,18,2,SimpleCoverageLoad,0.1,0.04806609087495306,1
b03core,base,agg_full@rho0.5,rep1_base_agg_full@rho0.5_b03core,1,agg_full,0.5,next_use,18,4,SimpleCoverageLoad,0.2,0.1635373638753286,1
b03core,base,agg_full@rho0.5,rep1_base_agg_full@rho0.5_b03core,1,agg_full,0.5,next_use,18,5,SimpleCoverageLoad,0.3,0.1875704093128051,1
b03core,base,agg_full@rho0.5,rep1_base_agg_full@rho0.5_b03core,1,agg_full,0.5,next_use,18,7,SimpleCoverageLoad,0.4,0.30773563650018776,1
b03core,base,agg_full@rho0.5,rep1_base_agg_full@rho0.5_b03core,1,agg_full,0.5,next_use,18,9,SimpleCoverageLoad,0.5,0.4953060458129929,1
b03core,base,agg_full@rho0.5,rep1_base_agg_full@rho0.5_b03core,1,agg_full,0.5,next_use,18,11,SimpleCoverageLoad,0.6,0.6875704093128052,1
b03core,base,agg_full@rho0.5,rep1_base_agg_full@rho0.5_b03core,1,agg_full,0.5,next_use,18,14,SimpleCoverageLoad,0.8,0.8798347728126173,1
b03core,base,agg_full@rho0.5,rep1_base_agg_full@rho0.5_b03core,1,agg_full,0.5,next_use,18,18,SimpleCoverageLoad,1.0,1.0,1
b03core,base,agg_full@rho0.5,rep1_base_agg_full@rho0.5_b03core,1,agg_full,0.5,next_use,18,2,DecisionAware,0.1,0.04806609087495306,1
b03core,base,agg_full@rho0.5,rep1_base_agg_full@rho0.5_b03core,1,agg_full,0.5,next_use,18,4,DecisionAware,0.2,0.1635373638753286,1
b03core,base,agg_full@rho0.5,rep1_base_agg_full@rho0.5_b03core,1,agg_full,0.5,next_use,18,5,DecisionAware,0.3,0.1875704093128051,1
b03core,base,agg_full@rho0.5,rep1_base_agg_full@rho0.5_b03core,1,agg_full,0.5,next_use,18,7,DecisionAware,0.4,0.30773563650018776,1
b03core,base,agg_full@rho0.5,rep1_base_agg_full@rho0.5_b03core,1,agg_full,0.5,next_use,18,9,DecisionAware,0.5,0.4953060458129929,1
b03core,base,agg_full@rho0.5,rep1_base_agg_full@rho0.5_b03core,1,agg_full,0.5,next_use,18,11,DecisionAware,0.6,0.6875704093128052,1
b03core,base,agg_full@rho0.5,rep1_base_agg_full@rho0.5_b03core,1,agg_full,0.5,next_use,18,14,DecisionAware,0.8,0.8798347728126173,1
b03core,base,agg_full@rho0.5,rep1_base_agg_full@rho0.5_b03core,1,agg_full,0.5,next_use,18,18,DecisionAware,1.0,1.0,1
b03core,base,agg_full@rho0.5,rep1_base_agg_full@rho0.5_b03core,1,agg_full,0.5,next_use,18,2,B02Utility,0.1,0.13950431843785208,1
b03core,base,agg_full@rho0.5,rep1_base_agg_full@rho0.5_b03core,1,agg_full,0.5,next_use,18,4,B02Utility,0.2,0.3270747277506572,1
b03core,base,agg_full@rho0.5,rep1_base_agg_full@rho0.5_b03core,1,agg_full,0.5,next_use,18,5,B02Utility,0.3,0.41851295531355615,1
b03core,base,agg_full@rho0.5,rep1_base_agg_full@rho0.5_b03core,1,agg_full,0.5,next_use,18,7,B02Utility,0.4,0.6107773188133684,1
b03core,base,agg_full@rho0.5,rep1_base_agg_full@rho0.5_b03core,1,agg_full,0.5,next_use,18,9,B02Utility,0.5,0.6635373638753287,1
b03core,base,agg_full@rho0.5,rep1_base_agg_full@rho0.5_b03core,1,agg_full,0.5,next_use,18,11,B02Utility,0.6,0.6875704093128052,1
b03core,base,agg_full@rho0.5,rep1_base_agg_full@rho0.5_b03core,1,agg_full,0.5,next_use,18,14,B02Utility,0.8,0.8077356365001879,1
b03core,base,agg_full@rho0.5,rep1_base_agg_full@rho0.5_b03core,1,agg_full,0.5,next_use,18,18,B02Utility,1.0,1.0,1
b03core,base,agg_full@rho0.5,rep1_base_agg_full@rho0.5_b03core,1,agg_full,0.5,next_use,18,2,Oracle,0.1,0.21160345475028164,1
b03core,base,agg_full@rho0.5,rep1_base_agg_full@rho0.5_b03core,1,agg_full,0.5,next_use,18,4,Oracle,0.2,0.40386781825009394,1
b03core,base,agg_full@rho0.5,rep1_base_agg_full@rho0.5_b03core,1,agg_full,0.5,next_use,18,5,Oracle,0.3,0.5000000000000001,1
b03core,base,agg_full@rho0.5,rep1_base_agg_full@rho0.5_b03core,1,agg_full,0.5,next_use,18,7,Oracle,0.4,0.6922643634998124,1
b03core,base,agg_full@rho0.5,rep1_base_agg_full@rho0.5_b03core,1,agg_full,0.5,next_use,18,9,Oracle,0.5,0.8751408186256102,1
b03core,base,agg_full@rho0.5,rep1_base_agg_full@rho0.5_b03core,1,agg_full,0.5,next_use,18,11,Oracle,0.6,0.9279008636875705,1
b03core,base,agg_full@rho0.5,rep1_base_agg_full@rho0.5_b03core,1,agg_full,0.5,next_use,18,14,Oracle,0.8,1.0,1
b03core,base,agg_full@rho0.5,rep1_base_agg_full@rho0.5_b03core,1,agg_full,0.5,next_use,18,18,Oracle,1.0,1.0,1
b03core,base,agg_full@rho0.5,rep1_base_agg_full@rho0.5_b03core,1,agg_full,0.5,horizon_h4,18,2,Random,0.1,0.10334846765039726,20
b03core,base,agg_full@rho0.5,rep1_base_agg_full@rho0.5_b03core,1,agg_full,0.5,horizon_h4,18,4,Random,0.2,0.2258853575482406,20
b03core,base,agg_full@rho0.5,rep1_base_agg_full@rho0.5_b03core,1,agg_full,0.5,horizon_h4,18,5,Random,0.3,0.29101589103291714,20
b03core,base,agg_full@rho0.5,rep1_base_agg_full@rho0.5_b03core,1,agg_full,0.5,horizon_h4,18,7,Random,0.4,0.41761066969353006,20
b03core,base,agg_full@rho0.5,rep1_base_agg_full@rho0.5_b03core,1,agg_full,0.5,horizon_h4,18,9,Random,0.5,0.5375255391600454,20
b03core,base,agg_full@rho0.5,rep1_base_agg_full@rho0.5_b03core,1,agg_full,0.5,horizon_h4,18,11,Random,0.6,0.6734562996594778,20
b03core,base,agg_full@rho0.5,rep1_base_agg_full@rho0.5_b03core,1,agg_full,0.5,horizon_h4,18,14,Random,0.8,0.8442224744608399,20
b03core,base,agg_full@rho0.5,rep1_base_agg_full@rho0.5_b03core,1,agg_full,0.5,horizon_h4,18,18,Random,1.0,1.0,20
b03core,base,agg_full@rho0.5,rep1_base_agg_full@rho0.5_b03core,1,agg_full,0.5,horizon_h4,18,2,Freshness,0.1,0.22678774120317818,1
b03core,base,agg_full@rho0.5,rep1_base_agg_full@rho0.5_b03core,1,agg_full,0.5,horizon_h4,18,4,Freshness,0.2,0.2965947786606129,1
b03core,base,agg_full@rho0.5,rep1_base_agg_full@rho0.5_b03core,1,agg_full,0.5,horizon_h4,18,5,Freshness,0.3,0.3664018161180477,1
b03core,base,agg_full@rho0.5,rep1_base_agg_full@rho0.5_b03core,1,agg_full,0.5,horizon_h4,18,7,Freshness,0.4,0.5407491486946651,1
b03core,base,agg_full@rho0.5,rep1_base_agg_full@rho0.5_b03core,1,agg_full,0.5,horizon_h4,18,9,Freshness,0.5,0.6569807037457435,1
b03core,base,agg_full@rho0.5,rep1_base_agg_full@rho0.5_b03core,1,agg_full,0.5,horizon_h4,18,11,Freshness,0.6,0.7150964812712826,1
b03core,base,agg_full@rho0.5,rep1_base_agg_full@rho0.5_b03core,1,agg_full,0.5,horizon_h4,18,14,Freshness,0.8,0.9681044267877412,1
b03core,base,agg_full@rho0.5,rep1_base_agg_full@rho0.5_b03core,1,agg_full,0.5,horizon_h4,18,18,Freshness,1.0,1.0,1
b03core,base,agg_full@rho0.5,rep1_base_agg_full@rho0.5_b03core,1,agg_full,0.5,horizon_h4,18,2,CoverageDelta,0.1,0.08433598183881952,1
b03core,base,agg_full@rho0.5,rep1_base_agg_full@rho0.5_b03core,1,agg_full,0.5,horizon_h4,18,4,CoverageDelta,0.2,0.11339387060158909,1
b03core,base,agg_full@rho0.5,rep1_base_agg_full@rho0.5_b03core,1,agg_full,0.5,horizon_h4,18,5,CoverageDelta,0.3,0.1307604994324631,1
b03core,base,agg_full@rho0.5,rep1_base_agg_full@rho0.5_b03core,1,agg_full,0.5,horizon_h4,18,7,CoverageDelta,0.4,0.3575482406356413,1
b03core,base,agg_full@rho0.5,rep1_base_agg_full@rho0.5_b03core,1,agg_full,0.5,horizon_h4,18,9,CoverageDelta,0.5,0.5290578887627695,1
b03core,base,agg_full@rho0.5,rep1_base_agg_full@rho0.5_b03core,1,agg_full,0.5,horizon_h4,18,11,CoverageDelta,0.6,0.5871736662883087,1
b03core,base,agg_full@rho0.5,rep1_base_agg_full@rho0.5_b03core,1,agg_full,0.5,horizon_h4,18,14,CoverageDelta,0.8,0.7615209988649262,1
b03core,base,agg_full@rho0.5,rep1_base_agg_full@rho0.5_b03core,1,agg_full,0.5,horizon_h4,18,18,CoverageDelta,1.0,1.0,1
b03core,base,agg_full@rho0.5,rep1_base_agg_full@rho0.5_b03core,1,agg_full,0.5,horizon_h4,18,2,CoverageAdvantage,0.1,0.029057888762769577,1
b03core,base,agg_full@rho0.5,rep1_base_agg_full@rho0.5_b03core,1,agg_full,0.5,horizon_h4,18,4,CoverageAdvantage,0.2,0.09886492622020432,1
b03core,base,agg_full@rho0.5,rep1_base_agg_full@rho0.5_b03core,1,agg_full,0.5,horizon_h4,18,5,CoverageAdvantage,0.3,0.12792281498297386,1
b03core,base,agg_full@rho0.5,rep1_base_agg_full@rho0.5_b03core,1,agg_full,0.5,horizon_h4,18,7,CoverageAdvantage,0.4,0.25868331441543696,1
b03core,base,agg_full@rho0.5,rep1_base_agg_full@rho0.5_b03core,1,agg_full,0.5,horizon_h4,18,9,CoverageAdvantage,0.5,0.427355278093076,1
b03core,base,agg_full@rho0.5,rep1_base_agg_full@rho0.5_b03core,1,agg_full,0.5,horizon_h4,18,11,CoverageAdvantage,0.6,0.6017026106696934,1
b03core,base,agg_full@rho0.5,rep1_base_agg_full@rho0.5_b03core,1,agg_full,0.5,horizon_h4,18,14,CoverageAdvantage,0.8,0.7760499432463109,1
b03core,base,agg_full@rho0.5,rep1_base_agg_full@rho0.5_b03core,1,agg_full,0.5,horizon_h4,18,18,CoverageAdvantage,1.0,1.0,1
b03core,base,agg_full@rho0.5,rep1_base_agg_full@rho0.5_b03core,1,agg_full,0.5,horizon_h4,18,2,SimpleCoverageLoad,0.1,0.029057888762769577,1
b03core,base,agg_full@rho0.5,rep1_base_agg_full@rho0.5_b03core,1,agg_full,0.5,horizon_h4,18,4,SimpleCoverageLoad,0.2,0.09886492622020432,1
b03core,base,agg_full@rho0.5,rep1_base_agg_full@rho0.5_b03core,1,agg_full,0.5,horizon_h4,18,5,SimpleCoverageLoad,0.3,0.12792281498297386,1
b03core,base,agg_full@rho0.5,rep1_base_agg_full@rho0.5_b03core,1,agg_full,0.5,horizon_h4,18,7,SimpleCoverageLoad,0.4,0.25868331441543696,1
b03core,base,agg_full@rho0.5,rep1_base_agg_full@rho0.5_b03core,1,agg_full,0.5,horizon_h4,18,9,SimpleCoverageLoad,0.5,0.427355278093076,1
b03core,base,agg_full@rho0.5,rep1_base_agg_full@rho0.5_b03core,1,agg_full,0.5,horizon_h4,18,11,SimpleCoverageLoad,0.6,0.6017026106696934,1
b03core,base,agg_full@rho0.5,rep1_base_agg_full@rho0.5_b03core,1,agg_full,0.5,horizon_h4,18,14,SimpleCoverageLoad,0.8,0.7760499432463109,1
b03core,base,agg_full@rho0.5,rep1_base_agg_full@rho0.5_b03core,1,agg_full,0.5,horizon_h4,18,18,SimpleCoverageLoad,1.0,1.0,1
b03core,base,agg_full@rho0.5,rep1_base_agg_full@rho0.5_b03core,1,agg_full,0.5,horizon_h4,18,2,DecisionAware,0.1,0.029057888762769577,1
b03core,base,agg_full@rho0.5,rep1_base_agg_full@rho0.5_b03core,1,agg_full,0.5,horizon_h4,18,4,DecisionAware,0.2,0.09886492622020432,1
b03core,base,agg_full@rho0.5,rep1_base_agg_full@rho0.5_b03core,1,agg_full,0.5,horizon_h4,18,5,DecisionAware,0.3,0.12792281498297386,1
b03core,base,agg_full@rho0.5,rep1_base_agg_full@rho0.5_b03core,1,agg_full,0.5,horizon_h4,18,7,DecisionAware,0.4,0.25868331441543696,1
b03core,base,agg_full@rho0.5,rep1_base_agg_full@rho0.5_b03core,1,agg_full,0.5,horizon_h4,18,9,DecisionAware,0.5,0.427355278093076,1
b03core,base,agg_full@rho0.5,rep1_base_agg_full@rho0.5_b03core,1,agg_full,0.5,horizon_h4,18,11,DecisionAware,0.6,0.6017026106696934,1
b03core,base,agg_full@rho0.5,rep1_base_agg_full@rho0.5_b03core,1,agg_full,0.5,horizon_h4,18,14,DecisionAware,0.8,0.7760499432463109,1
b03core,base,agg_full@rho0.5,rep1_base_agg_full@rho0.5_b03core,1,agg_full,0.5,horizon_h4,18,18,DecisionAware,1.0,1.0,1
b03core,base,agg_full@rho0.5,rep1_base_agg_full@rho0.5_b03core,1,agg_full,0.5,horizon_h4,18,2,B02Utility,0.1,0.08433598183881952,1
b03core,base,agg_full@rho0.5,rep1_base_agg_full@rho0.5_b03core,1,agg_full,0.5,horizon_h4,18,4,B02Utility,0.2,0.3111237230419977,1
b03core,base,agg_full@rho0.5,rep1_base_agg_full@rho0.5_b03core,1,agg_full,0.5,horizon_h4,18,5,B02Utility,0.3,0.3664018161180477,1
b03core,base,agg_full@rho0.5,rep1_base_agg_full@rho0.5_b03core,1,agg_full,0.5,horizon_h4,18,7,B02Utility,0.4,0.5407491486946651,1
b03core,base,agg_full@rho0.5,rep1_base_agg_full@rho0.5_b03core,1,agg_full,0.5,horizon_h4,18,9,B02Utility,0.5,0.5871736662883087,1
b03core,base,agg_full@rho0.5,rep1_base_agg_full@rho0.5_b03core,1,agg_full,0.5,horizon_h4,18,11,B02Utility,0.6,0.5871736662883087,1
b03core,base,agg_full@rho0.5,rep1_base_agg_full@rho0.5_b03core,1,agg_full,0.5,horizon_h4,18,14,B02Utility,0.8,0.8256526674233824,1
b03core,base,agg_full@rho0.5,rep1_base_agg_full@rho0.5_b03core,1,agg_full,0.5,horizon_h4,18,18,B02Utility,1.0,1.0,1
b03core,base,agg_full@rho0.5,rep1_base_agg_full@rho0.5_b03core,1,agg_full,0.5,horizon_h4,18,2,Oracle,0.1,0.34018161180476725,1
b03core,base,agg_full@rho0.5,rep1_base_agg_full@rho0.5_b03core,1,agg_full,0.5,horizon_h4,18,4,Oracle,0.2,0.5698070374574347,1
b03core,base,agg_full@rho0.5,rep1_base_agg_full@rho0.5_b03core,1,agg_full,0.5,horizon_h4,18,5,Oracle,0.3,0.6832009080590238,1
b03core,base,agg_full@rho0.5,rep1_base_agg_full@rho0.5_b03core,1,agg_full,0.5,horizon_h4,18,7,Oracle,0.4,0.8111237230419978,1
b03core,base,agg_full@rho0.5,rep1_base_agg_full@rho0.5_b03core,1,agg_full,0.5,horizon_h4,18,9,Oracle,0.5,0.9245175936435868,1
b03core,base,agg_full@rho0.5,rep1_base_agg_full@rho0.5_b03core,1,agg_full,0.5,horizon_h4,18,11,Oracle,0.6,0.9709421112372304,1
b03core,base,agg_full@rho0.5,rep1_base_agg_full@rho0.5_b03core,1,agg_full,0.5,horizon_h4,18,14,Oracle,0.8,1.0,1
b03core,base,agg_full@rho0.5,rep1_base_agg_full@rho0.5_b03core,1,agg_full,0.5,horizon_h4,18,18,Oracle,1.0,1.0,1
b03core,base,agg_static@rho1.2,rep1_base_agg_static@rho1.2_b03core,1,agg_static,1.2,next_use,7,1,Random,0.1,0.1611822947000582,20
b03core,base,agg_static@rho1.2,rep1_base_agg_static@rho1.2_b03core,1,agg_static,1.2,next_use,7,1,Random,0.2,0.1611822947000582,20
b03core,base,agg_static@rho1.2,rep1_base_agg_static@rho1.2_b03core,1,agg_static,1.2,next_use,7,2,Random,0.3,0.32463599301106577,20
b03core,base,agg_static@rho1.2,rep1_base_agg_static@rho1.2_b03core,1,agg_static,1.2,next_use,7,3,Random,0.4,0.48881770529994173,20
b03core,base,agg_static@rho1.2,rep1_base_agg_static@rho1.2_b03core,1,agg_static,1.2,next_use,7,4,Random,0.5,0.6469132207338381,20
b03core,base,agg_static@rho1.2,rep1_base_agg_static@rho1.2_b03core,1,agg_static,1.2,next_use,7,4,Random,0.6,0.6469132207338381,20
b03core,base,agg_static@rho1.2,rep1_base_agg_static@rho1.2_b03core,1,agg_static,1.2,next_use,7,6,Random,0.8,0.8580955154338963,20
b03core,base,agg_static@rho1.2,rep1_base_agg_static@rho1.2_b03core,1,agg_static,1.2,next_use,7,7,Random,1.0,1.0,20
b03core,base,agg_static@rho1.2,rep1_base_agg_static@rho1.2_b03core,1,agg_static,1.2,next_use,7,1,Freshness,0.1,0.0,1
b03core,base,agg_static@rho1.2,rep1_base_agg_static@rho1.2_b03core,1,agg_static,1.2,next_use,7,1,Freshness,0.2,0.0,1
b03core,base,agg_static@rho1.2,rep1_base_agg_static@rho1.2_b03core,1,agg_static,1.2,next_use,7,2,Freshness,0.3,0.2836342457775189,1
b03core,base,agg_static@rho1.2,rep1_base_agg_static@rho1.2_b03core,1,agg_static,1.2,next_use,7,3,Freshness,0.4,0.5818287711124053,1
b03core,base,agg_static@rho1.2,rep1_base_agg_static@rho1.2_b03core,1,agg_static,1.2,next_use,7,4,Freshness,0.5,0.5818287711124053,1
b03core,base,agg_static@rho1.2,rep1_base_agg_static@rho1.2_b03core,1,agg_static,1.2,next_use,7,4,Freshness,0.6,0.5818287711124053,1
b03core,base,agg_static@rho1.2,rep1_base_agg_static@rho1.2_b03core,1,agg_static,1.2,next_use,7,6,Freshness,0.8,0.9254513686662783,1
b03core,base,agg_static@rho1.2,rep1_base_agg_static@rho1.2_b03core,1,agg_static,1.2,next_use,7,7,Freshness,1.0,1.0,1
b03core,base,agg_static@rho1.2,rep1_base_agg_static@rho1.2_b03core,1,agg_static,1.2,next_use,7,1,CoverageDelta,0.1,0.0745486313337216,1
b03core,base,agg_static@rho1.2,rep1_base_agg_static@rho1.2_b03core,1,agg_static,1.2,next_use,7,1,CoverageDelta,0.2,0.0745486313337216,1
b03core,base,agg_static@rho1.2,rep1_base_agg_static@rho1.2_b03core,1,agg_static,1.2,next_use,7,2,CoverageDelta,0.3,0.0745486313337216,1
b03core,base,agg_static@rho1.2,rep1_base_agg_static@rho1.2_b03core,1,agg_static,1.2,next_use,7,3,CoverageDelta,0.4,0.3581828771112405,1
b03core,base,agg_static@rho1.2,rep1_base_agg_static@rho1.2_b03core,1,agg_static,1.2,next_use,7,4,CoverageDelta,0.5,0.6563774024461269,1
b03core,base,agg_static@rho1.2,rep1_base_agg_static@rho1.2_b03core,1,agg_static,1.2,next_use,7,4,CoverageDelta,0.6,0.6563774024461269,1
b03core,base,agg_static@rho1.2,rep1_base_agg_static@rho1.2_b03core,1,agg_static,1.2,next_use,7,6,CoverageDelta,0.8,0.9254513686662783,1
b03core,base,agg_static@rho1.2,rep1_base_agg_static@rho1.2_b03core,1,agg_static,1.2,next_use,7,7,CoverageDelta,1.0,1.0,1
b03core,base,agg_static@rho1.2,rep1_base_agg_static@rho1.2_b03core,1,agg_static,1.2,next_use,7,1,CoverageAdvantage,0.1,0.0745486313337216,1
b03core,base,agg_static@rho1.2,rep1_base_agg_static@rho1.2_b03core,1,agg_static,1.2,next_use,7,1,CoverageAdvantage,0.2,0.0745486313337216,1
b03core,base,agg_static@rho1.2,rep1_base_agg_static@rho1.2_b03core,1,agg_static,1.2,next_use,7,2,CoverageAdvantage,0.3,0.0745486313337216,1
b03core,base,agg_static@rho1.2,rep1_base_agg_static@rho1.2_b03core,1,agg_static,1.2,next_use,7,3,CoverageAdvantage,0.4,0.3581828771112405,1
b03core,base,agg_static@rho1.2,rep1_base_agg_static@rho1.2_b03core,1,agg_static,1.2,next_use,7,4,CoverageAdvantage,0.5,0.6563774024461269,1
b03core,base,agg_static@rho1.2,rep1_base_agg_static@rho1.2_b03core,1,agg_static,1.2,next_use,7,4,CoverageAdvantage,0.6,0.6563774024461269,1
b03core,base,agg_static@rho1.2,rep1_base_agg_static@rho1.2_b03core,1,agg_static,1.2,next_use,7,6,CoverageAdvantage,0.8,0.9254513686662783,1
b03core,base,agg_static@rho1.2,rep1_base_agg_static@rho1.2_b03core,1,agg_static,1.2,next_use,7,7,CoverageAdvantage,1.0,1.0,1
b03core,base,agg_static@rho1.2,rep1_base_agg_static@rho1.2_b03core,1,agg_static,1.2,next_use,7,1,SimpleCoverageLoad,0.1,0.0745486313337216,1
b03core,base,agg_static@rho1.2,rep1_base_agg_static@rho1.2_b03core,1,agg_static,1.2,next_use,7,1,SimpleCoverageLoad,0.2,0.0745486313337216,1
b03core,base,agg_static@rho1.2,rep1_base_agg_static@rho1.2_b03core,1,agg_static,1.2,next_use,7,2,SimpleCoverageLoad,0.3,0.0745486313337216,1
b03core,base,agg_static@rho1.2,rep1_base_agg_static@rho1.2_b03core,1,agg_static,1.2,next_use,7,3,SimpleCoverageLoad,0.4,0.3581828771112405,1
b03core,base,agg_static@rho1.2,rep1_base_agg_static@rho1.2_b03core,1,agg_static,1.2,next_use,7,4,SimpleCoverageLoad,0.5,0.6563774024461269,1
b03core,base,agg_static@rho1.2,rep1_base_agg_static@rho1.2_b03core,1,agg_static,1.2,next_use,7,4,SimpleCoverageLoad,0.6,0.6563774024461269,1
b03core,base,agg_static@rho1.2,rep1_base_agg_static@rho1.2_b03core,1,agg_static,1.2,next_use,7,6,SimpleCoverageLoad,0.8,0.9254513686662783,1
b03core,base,agg_static@rho1.2,rep1_base_agg_static@rho1.2_b03core,1,agg_static,1.2,next_use,7,7,SimpleCoverageLoad,1.0,1.0,1
b03core,base,agg_static@rho1.2,rep1_base_agg_static@rho1.2_b03core,1,agg_static,1.2,next_use,7,1,DecisionAware,0.1,0.0745486313337216,1
b03core,base,agg_static@rho1.2,rep1_base_agg_static@rho1.2_b03core,1,agg_static,1.2,next_use,7,1,DecisionAware,0.2,0.0745486313337216,1
b03core,base,agg_static@rho1.2,rep1_base_agg_static@rho1.2_b03core,1,agg_static,1.2,next_use,7,2,DecisionAware,0.3,0.0745486313337216,1
b03core,base,agg_static@rho1.2,rep1_base_agg_static@rho1.2_b03core,1,agg_static,1.2,next_use,7,3,DecisionAware,0.4,0.3581828771112405,1
b03core,base,agg_static@rho1.2,rep1_base_agg_static@rho1.2_b03core,1,agg_static,1.2,next_use,7,4,DecisionAware,0.5,0.6563774024461269,1
b03core,base,agg_static@rho1.2,rep1_base_agg_static@rho1.2_b03core,1,agg_static,1.2,next_use,7,4,DecisionAware,0.6,0.6563774024461269,1
b03core,base,agg_static@rho1.2,rep1_base_agg_static@rho1.2_b03core,1,agg_static,1.2,next_use,7,6,DecisionAware,0.8,0.9254513686662783,1
b03core,base,agg_static@rho1.2,rep1_base_agg_static@rho1.2_b03core,1,agg_static,1.2,next_use,7,7,DecisionAware,1.0,1.0,1
b03core,base,agg_static@rho1.2,rep1_base_agg_static@rho1.2_b03core,1,agg_static,1.2,next_use,7,1,B02Utility,0.1,0.0745486313337216,1
b03core,base,agg_static@rho1.2,rep1_base_agg_static@rho1.2_b03core,1,agg_static,1.2,next_use,7,1,B02Utility,0.2,0.0745486313337216,1
b03core,base,agg_static@rho1.2,rep1_base_agg_static@rho1.2_b03core,1,agg_static,1.2,next_use,7,2,B02Utility,0.3,0.0745486313337216,1
b03core,base,agg_static@rho1.2,rep1_base_agg_static@rho1.2_b03core,1,agg_static,1.2,next_use,7,3,B02Utility,0.4,0.3581828771112405,1
b03core,base,agg_static@rho1.2,rep1_base_agg_static@rho1.2_b03core,1,agg_static,1.2,next_use,7,4,B02Utility,0.5,0.6563774024461269,1
b03core,base,agg_static@rho1.2,rep1_base_agg_static@rho1.2_b03core,1,agg_static,1.2,next_use,7,4,B02Utility,0.6,0.6563774024461269,1
b03core,base,agg_static@rho1.2,rep1_base_agg_static@rho1.2_b03core,1,agg_static,1.2,next_use,7,6,B02Utility,0.8,0.9254513686662783,1
b03core,base,agg_static@rho1.2,rep1_base_agg_static@rho1.2_b03core,1,agg_static,1.2,next_use,7,7,B02Utility,1.0,1.0,1
b03core,base,agg_static@rho1.2,rep1_base_agg_static@rho1.2_b03core,1,agg_static,1.2,next_use,7,1,Oracle,0.1,0.2981945253348864,1
b03core,base,agg_static@rho1.2,rep1_base_agg_static@rho1.2_b03core,1,agg_static,1.2,next_use,7,1,Oracle,0.2,0.2981945253348864,1
b03core,base,agg_static@rho1.2,rep1_base_agg_static@rho1.2_b03core,1,agg_static,1.2,next_use,7,2,Oracle,0.3,0.5818287711124053,1
b03core,base,agg_static@rho1.2,rep1_base_agg_static@rho1.2_b03core,1,agg_static,1.2,next_use,7,3,Oracle,0.4,0.8509027373325566,1
b03core,base,agg_static@rho1.2,rep1_base_agg_static@rho1.2_b03core,1,agg_static,1.2,next_use,7,4,Oracle,0.5,0.9254513686662783,1
b03core,base,agg_static@rho1.2,rep1_base_agg_static@rho1.2_b03core,1,agg_static,1.2,next_use,7,4,Oracle,0.6,0.9254513686662783,1
b03core,base,agg_static@rho1.2,rep1_base_agg_static@rho1.2_b03core,1,agg_static,1.2,next_use,7,6,Oracle,0.8,1.0,1
b03core,base,agg_static@rho1.2,rep1_base_agg_static@rho1.2_b03core,1,agg_static,1.2,next_use,7,7,Oracle,1.0,1.0,1
b03core,base,agg_static@rho1.2,rep1_base_agg_static@rho1.2_b03core,1,agg_static,1.2,horizon_h4,7,1,Random,0.1,0.1640483870967742,20
b03core,base,agg_static@rho1.2,rep1_base_agg_static@rho1.2_b03core,1,agg_static,1.2,horizon_h4,7,1,Random,0.2,0.1640483870967742,20
b03core,base,agg_static@rho1.2,rep1_base_agg_static@rho1.2_b03core,1,agg_static,1.2,horizon_h4,7,2,Random,0.3,0.3285,20
b03core,base,agg_static@rho1.2,rep1_base_agg_static@rho1.2_b03core,1,agg_static,1.2,horizon_h4,7,3,Random,0.4,0.48635483870967744,20
b03core,base,agg_static@rho1.2,rep1_base_agg_static@rho1.2_b03core,1,agg_static,1.2,horizon_h4,7,4,Random,0.5,0.6289032258064516,20
b03core,base,agg_static@rho1.2,rep1_base_agg_static@rho1.2_b03core,1,agg_static,1.2,horizon_h4,7,4,Random,0.6,0.6289032258064516,20
b03core,base,agg_static@rho1.2,rep1_base_agg_static@rho1.2_b03core,1,agg_static,1.2,horizon_h4,7,6,Random,0.8,0.8805161290322581,20
b03core,base,agg_static@rho1.2,rep1_base_agg_static@rho1.2_b03core,1,agg_static,1.2,horizon_h4,7,7,Random,1.0,1.0,20
b03core,base,agg_static@rho1.2,rep1_base_agg_static@rho1.2_b03core,1,agg_static,1.2,horizon_h4,7,1,Freshness,0.1,0.0,1
b03core,base,agg_static@rho1.2,rep1_base_agg_static@rho1.2_b03core,1,agg_static,1.2,horizon_h4,7,1,Freshness,0.2,0.0,1
b03core,base,agg_static@rho1.2,rep1_base_agg_static@rho1.2_b03core,1,agg_static,1.2,horizon_h4,7,2,Freshness,0.3,0.32225806451612904,1
b03core,base,agg_static@rho1.2,rep1_base_agg_static@rho1.2_b03core,1,agg_static,1.2,horizon_h4,7,3,Freshness,0.4,0.6445161290322581,1
b03core,base,agg_static@rho1.2,rep1_base_agg_static@rho1.2_b03core,1,agg_static,1.2,horizon_h4,7,4,Freshness,0.5,0.8096774193548387,1
b03core,base,agg_static@rho1.2,rep1_base_agg_static@rho1.2_b03core,1,agg_static,1.2,horizon_h4,7,4,Freshness,0.6,0.8096774193548387,1
b03core,base,agg_static@rho1.2,rep1_base_agg_static@rho1.2_b03core,1,agg_static,1.2,horizon_h4,7,6,Freshness,0.8,1.0,1
b03core,base,agg_static@rho1.2,rep1_base_agg_static@rho1.2_b03core,1,agg_static,1.2,horizon_h4,7,7,Freshness,1.0,1.0,1
b03core,base,agg_static@rho1.2,rep1_base_agg_static@rho1.2_b03core,1,agg_static,1.2,horizon_h4,7,1,CoverageDelta,0.1,0.04129032258064516,1
b03core,base,agg_static@rho1.2,rep1_base_agg_static@rho1.2_b03core,1,agg_static,1.2,horizon_h4,7,1,CoverageDelta,0.2,0.04129032258064516,1
b03core,base,agg_static@rho1.2,rep1_base_agg_static@rho1.2_b03core,1,agg_static,1.2,horizon_h4,7,2,CoverageDelta,0.3,0.04129032258064516,1
b03core,base,agg_static@rho1.2,rep1_base_agg_static@rho1.2_b03core,1,agg_static,1.2,horizon_h4,7,3,CoverageDelta,0.4,0.3635483870967742,1
b03core,base,agg_static@rho1.2,rep1_base_agg_static@rho1.2_b03core,1,agg_static,1.2,horizon_h4,7,4,CoverageDelta,0.5,0.6858064516129033,1
b03core,base,agg_static@rho1.2,rep1_base_agg_static@rho1.2_b03core,1,agg_static,1.2,horizon_h4,7,4,CoverageDelta,0.6,0.6858064516129033,1
b03core,base,agg_static@rho1.2,rep1_base_agg_static@rho1.2_b03core,1,agg_static,1.2,horizon_h4,7,6,CoverageDelta,0.8,1.0,1
b03core,base,agg_static@rho1.2,rep1_base_agg_static@rho1.2_b03core,1,agg_static,1.2,horizon_h4,7,7,CoverageDelta,1.0,1.0,1
b03core,base,agg_static@rho1.2,rep1_base_agg_static@rho1.2_b03core,1,agg_static,1.2,horizon_h4,7,1,CoverageAdvantage,0.1,0.04129032258064516,1
b03core,base,agg_static@rho1.2,rep1_base_agg_static@rho1.2_b03core,1,agg_static,1.2,horizon_h4,7,1,CoverageAdvantage,0.2,0.04129032258064516,1
b03core,base,agg_static@rho1.2,rep1_base_agg_static@rho1.2_b03core,1,agg_static,1.2,horizon_h4,7,2,CoverageAdvantage,0.3,0.04129032258064516,1
b03core,base,agg_static@rho1.2,rep1_base_agg_static@rho1.2_b03core,1,agg_static,1.2,horizon_h4,7,3,CoverageAdvantage,0.4,0.3635483870967742,1
b03core,base,agg_static@rho1.2,rep1_base_agg_static@rho1.2_b03core,1,agg_static,1.2,horizon_h4,7,4,CoverageAdvantage,0.5,0.6858064516129033,1
b03core,base,agg_static@rho1.2,rep1_base_agg_static@rho1.2_b03core,1,agg_static,1.2,horizon_h4,7,4,CoverageAdvantage,0.6,0.6858064516129033,1
b03core,base,agg_static@rho1.2,rep1_base_agg_static@rho1.2_b03core,1,agg_static,1.2,horizon_h4,7,6,CoverageAdvantage,0.8,1.0,1
b03core,base,agg_static@rho1.2,rep1_base_agg_static@rho1.2_b03core,1,agg_static,1.2,horizon_h4,7,7,CoverageAdvantage,1.0,1.0,1
b03core,base,agg_static@rho1.2,rep1_base_agg_static@rho1.2_b03core,1,agg_static,1.2,horizon_h4,7,1,SimpleCoverageLoad,0.1,0.04129032258064516,1
b03core,base,agg_static@rho1.2,rep1_base_agg_static@rho1.2_b03core,1,agg_static,1.2,horizon_h4,7,1,SimpleCoverageLoad,0.2,0.04129032258064516,1
b03core,base,agg_static@rho1.2,rep1_base_agg_static@rho1.2_b03core,1,agg_static,1.2,horizon_h4,7,2,SimpleCoverageLoad,0.3,0.04129032258064516,1
b03core,base,agg_static@rho1.2,rep1_base_agg_static@rho1.2_b03core,1,agg_static,1.2,horizon_h4,7,3,SimpleCoverageLoad,0.4,0.3635483870967742,1
b03core,base,agg_static@rho1.2,rep1_base_agg_static@rho1.2_b03core,1,agg_static,1.2,horizon_h4,7,4,SimpleCoverageLoad,0.5,0.6858064516129033,1
b03core,base,agg_static@rho1.2,rep1_base_agg_static@rho1.2_b03core,1,agg_static,1.2,horizon_h4,7,4,SimpleCoverageLoad,0.6,0.6858064516129033,1
b03core,base,agg_static@rho1.2,rep1_base_agg_static@rho1.2_b03core,1,agg_static,1.2,horizon_h4,7,6,SimpleCoverageLoad,0.8,1.0,1
b03core,base,agg_static@rho1.2,rep1_base_agg_static@rho1.2_b03core,1,agg_static,1.2,horizon_h4,7,7,SimpleCoverageLoad,1.0,1.0,1
b03core,base,agg_static@rho1.2,rep1_base_agg_static@rho1.2_b03core,1,agg_static,1.2,horizon_h4,7,1,DecisionAware,0.1,0.04129032258064516,1
b03core,base,agg_static@rho1.2,rep1_base_agg_static@rho1.2_b03core,1,agg_static,1.2,horizon_h4,7,1,DecisionAware,0.2,0.04129032258064516,1
b03core,base,agg_static@rho1.2,rep1_base_agg_static@rho1.2_b03core,1,agg_static,1.2,horizon_h4,7,2,DecisionAware,0.3,0.04129032258064516,1
b03core,base,agg_static@rho1.2,rep1_base_agg_static@rho1.2_b03core,1,agg_static,1.2,horizon_h4,7,3,DecisionAware,0.4,0.3635483870967742,1
b03core,base,agg_static@rho1.2,rep1_base_agg_static@rho1.2_b03core,1,agg_static,1.2,horizon_h4,7,4,DecisionAware,0.5,0.6858064516129033,1
b03core,base,agg_static@rho1.2,rep1_base_agg_static@rho1.2_b03core,1,agg_static,1.2,horizon_h4,7,4,DecisionAware,0.6,0.6858064516129033,1
b03core,base,agg_static@rho1.2,rep1_base_agg_static@rho1.2_b03core,1,agg_static,1.2,horizon_h4,7,6,DecisionAware,0.8,1.0,1
b03core,base,agg_static@rho1.2,rep1_base_agg_static@rho1.2_b03core,1,agg_static,1.2,horizon_h4,7,7,DecisionAware,1.0,1.0,1
b03core,base,agg_static@rho1.2,rep1_base_agg_static@rho1.2_b03core,1,agg_static,1.2,horizon_h4,7,1,B02Utility,0.1,0.04129032258064516,1
b03core,base,agg_static@rho1.2,rep1_base_agg_static@rho1.2_b03core,1,agg_static,1.2,horizon_h4,7,1,B02Utility,0.2,0.04129032258064516,1
b03core,base,agg_static@rho1.2,rep1_base_agg_static@rho1.2_b03core,1,agg_static,1.2,horizon_h4,7,2,B02Utility,0.3,0.04129032258064516,1
b03core,base,agg_static@rho1.2,rep1_base_agg_static@rho1.2_b03core,1,agg_static,1.2,horizon_h4,7,3,B02Utility,0.4,0.3635483870967742,1
b03core,base,agg_static@rho1.2,rep1_base_agg_static@rho1.2_b03core,1,agg_static,1.2,horizon_h4,7,4,B02Utility,0.5,0.6858064516129033,1
b03core,base,agg_static@rho1.2,rep1_base_agg_static@rho1.2_b03core,1,agg_static,1.2,horizon_h4,7,4,B02Utility,0.6,0.6858064516129033,1
b03core,base,agg_static@rho1.2,rep1_base_agg_static@rho1.2_b03core,1,agg_static,1.2,horizon_h4,7,6,B02Utility,0.8,1.0,1
b03core,base,agg_static@rho1.2,rep1_base_agg_static@rho1.2_b03core,1,agg_static,1.2,horizon_h4,7,7,B02Utility,1.0,1.0,1
b03core,base,agg_static@rho1.2,rep1_base_agg_static@rho1.2_b03core,1,agg_static,1.2,horizon_h4,7,1,Oracle,0.1,0.32225806451612904,1
b03core,base,agg_static@rho1.2,rep1_base_agg_static@rho1.2_b03core,1,agg_static,1.2,horizon_h4,7,1,Oracle,0.2,0.32225806451612904,1
b03core,base,agg_static@rho1.2,rep1_base_agg_static@rho1.2_b03core,1,agg_static,1.2,horizon_h4,7,2,Oracle,0.3,0.6445161290322581,1
b03core,base,agg_static@rho1.2,rep1_base_agg_static@rho1.2_b03core,1,agg_static,1.2,horizon_h4,7,3,Oracle,0.4,0.8096774193548387,1
b03core,base,agg_static@rho1.2,rep1_base_agg_static@rho1.2_b03core,1,agg_static,1.2,horizon_h4,7,4,Oracle,0.5,0.9587096774193548,1
b03core,base,agg_static@rho1.2,rep1_base_agg_static@rho1.2_b03core,1,agg_static,1.2,horizon_h4,7,4,Oracle,0.6,0.9587096774193548,1
b03core,base,agg_static@rho1.2,rep1_base_agg_static@rho1.2_b03core,1,agg_static,1.2,horizon_h4,7,6,Oracle,0.8,1.0,1
b03core,base,agg_static@rho1.2,rep1_base_agg_static@rho1.2_b03core,1,agg_static,1.2,horizon_h4,7,7,Oracle,1.0,1.0,1
b03alpha,alphalow,agg_full@rho0.8,rep0_alphalow_agg_full@rho0.8_b03alpha,0,agg_full,0.8,next_use,18,2,Random,0.1,0.1370505184204721,20
b03alpha,alphalow,agg_full@rho0.8,rep0_alphalow_agg_full@rho0.8_b03alpha,0,agg_full,0.8,next_use,18,4,Random,0.2,0.2469666887271123,20
b03alpha,alphalow,agg_full@rho0.8,rep0_alphalow_agg_full@rho0.8_b03alpha,0,agg_full,0.8,next_use,18,5,Random,0.3,0.3079858813148026,20
b03alpha,alphalow,agg_full@rho0.8,rep0_alphalow_agg_full@rho0.8_b03alpha,0,agg_full,0.8,next_use,18,7,Random,0.4,0.3966909331568498,20
b03alpha,alphalow,agg_full@rho0.8,rep0_alphalow_agg_full@rho0.8_b03alpha,0,agg_full,0.8,next_use,18,9,Random,0.5,0.5088131480255901,20
b03alpha,alphalow,agg_full@rho0.8,rep0_alphalow_agg_full@rho0.8_b03alpha,0,agg_full,0.8,next_use,18,11,Random,0.6,0.6523384072358261,20
b03alpha,alphalow,agg_full@rho0.8,rep0_alphalow_agg_full@rho0.8_b03alpha,0,agg_full,0.8,next_use,18,14,Random,0.8,0.8053717185087139,20
b03alpha,alphalow,agg_full@rho0.8,rep0_alphalow_agg_full@rho0.8_b03alpha,0,agg_full,0.8,next_use,18,18,Random,1.0,1.0,20
b03alpha,alphalow,agg_full@rho0.8,rep0_alphalow_agg_full@rho0.8_b03alpha,0,agg_full,0.8,next_use,18,2,Freshness,0.1,0.21486874034855505,1
b03alpha,alphalow,agg_full@rho0.8,rep0_alphalow_agg_full@rho0.8_b03alpha,0,agg_full,0.8,next_use,18,4,Freshness,0.2,0.32230311052283256,1
b03alpha,alphalow,agg_full@rho0.8,rep0_alphalow_agg_full@rho0.8_b03alpha,0,agg_full,0.8,next_use,18,5,Freshness,0.3,0.32230311052283256,1
b03alpha,alphalow,agg_full@rho0.8,rep0_alphalow_agg_full@rho0.8_b03alpha,0,agg_full,0.8,next_use,18,7,Freshness,0.4,0.4352525921023605,1
b03alpha,alphalow,agg_full@rho0.8,rep0_alphalow_agg_full@rho0.8_b03alpha,0,agg_full,0.8,next_use,18,9,Freshness,0.5,0.542686962276638,1
b03alpha,alphalow,agg_full@rho0.8,rep0_alphalow_agg_full@rho0.8_b03alpha,0,agg_full,0.8,next_use,18,11,Freshness,0.6,0.6556364438561659,1
b03alpha,alphalow,agg_full@rho0.8,rep0_alphalow_agg_full@rho0.8_b03alpha,0,agg_full,0.8,next_use,18,14,Freshness,0.8,0.7630708140304435,1
b03alpha,alphalow,agg_full@rho0.8,rep0_alphalow_agg_full@rho0.8_b03alpha,0,agg_full,0.8,next_use,18,18,Freshness,1.0,1.0,1
b03alpha,alphalow,agg_full@rho0.8,rep0_alphalow_agg_full@rho0.8_b03alpha,0,agg_full,0.8,next_use,18,2,CoverageDelta,0.1,0.0,1
b03alpha,alphalow,agg_full@rho0.8,rep0_alphalow_agg_full@rho0.8_b03alpha,0,agg_full,0.8,next_use,18,4,CoverageDelta,0.2,0.11294948157952792,1
b03alpha,alphalow,agg_full@rho0.8,rep0_alphalow_agg_full@rho0.8_b03alpha,0,agg_full,0.8,next_use,18,5,CoverageDelta,0.3,0.21486874034855505,1
b03alpha,alphalow,agg_full@rho0.8,rep0_alphalow_agg_full@rho0.8_b03alpha,0,agg_full,0.8,next_use,18,7,CoverageDelta,0.4,0.32230311052283256,1
b03alpha,alphalow,agg_full@rho0.8,rep0_alphalow_agg_full@rho0.8_b03alpha,0,agg_full,0.8,next_use,18,9,CoverageDelta,0.5,0.542686962276638,1
b03alpha,alphalow,agg_full@rho0.8,rep0_alphalow_agg_full@rho0.8_b03alpha,0,agg_full,0.8,next_use,18,11,CoverageDelta,0.6,0.542686962276638,1
b03alpha,alphalow,agg_full@rho0.8,rep0_alphalow_agg_full@rho0.8_b03alpha,0,agg_full,0.8,next_use,18,14,CoverageDelta,0.8,0.7630708140304435,1
b03alpha,alphalow,agg_full@rho0.8,rep0_alphalow_agg_full@rho0.8_b03alpha,0,agg_full,0.8,next_use,18,18,CoverageDelta,1.0,1.0,1
b03alpha,alphalow,agg_full@rho0.8,rep0_alphalow_agg_full@rho0.8_b03alpha,0,agg_full,0.8,next_use,18,2,CoverageAdvantage,0.1,0.0,1
b03alpha,alphalow,agg_full@rho0.8,rep0_alphalow_agg_full@rho0.8_b03alpha,0,agg_full,0.8,next_use,18,4,CoverageAdvantage,0.2,0.21486874034855505,1
b03alpha,alphalow,agg_full@rho0.8,rep0_alphalow_agg_full@rho0.8_b03alpha,0,agg_full,0.8,next_use,18,5,CoverageAdvantage,0.3,0.32230311052283256,1
b03alpha,alphalow,agg_full@rho0.8,rep0_alphalow_agg_full@rho0.8_b03alpha,0,agg_full,0.8,next_use,18,7,CoverageAdvantage,0.4,0.4352525921023605,1
b03alpha,alphalow,agg_full@rho0.8,rep0_alphalow_agg_full@rho0.8_b03alpha,0,agg_full,0.8,next_use,18,9,CoverageAdvantage,0.5,0.542686962276638,1
b03alpha,alphalow,agg_full@rho0.8,rep0_alphalow_agg_full@rho0.8_b03alpha,0,agg_full,0.8,next_use,18,11,CoverageAdvantage,0.6,0.6556364438561659,1
b03alpha,alphalow,agg_full@rho0.8,rep0_alphalow_agg_full@rho0.8_b03alpha,0,agg_full,0.8,next_use,18,14,CoverageAdvantage,0.8,0.7630708140304435,1
b03alpha,alphalow,agg_full@rho0.8,rep0_alphalow_agg_full@rho0.8_b03alpha,0,agg_full,0.8,next_use,18,18,CoverageAdvantage,1.0,1.0,1
b03alpha,alphalow,agg_full@rho0.8,rep0_alphalow_agg_full@rho0.8_b03alpha,0,agg_full,0.8,next_use,18,2,SimpleCoverageLoad,0.1,0.0,1
b03alpha,alphalow,agg_full@rho0.8,rep0_alphalow_agg_full@rho0.8_b03alpha,0,agg_full,0.8,next_use,18,4,SimpleCoverageLoad,0.2,0.21486874034855505,1
b03alpha,alphalow,agg_full@rho0.8,rep0_alphalow_agg_full@rho0.8_b03alpha,0,agg_full,0.8,next_use,18,5,SimpleCoverageLoad,0.3,0.32230311052283256,1
b03alpha,alphalow,agg_full@rho0.8,rep0_alphalow_agg_full@rho0.8_b03alpha,0,agg_full,0.8,next_use,18,7,SimpleCoverageLoad,0.4,0.4352525921023605,1
b03alpha,alphalow,agg_full@rho0.8,rep0_alphalow_agg_full@rho0.8_b03alpha,0,agg_full,0.8,next_use,18,9,SimpleCoverageLoad,0.5,0.5482020736818884,1
b03alpha,alphalow,agg_full@rho0.8,rep0_alphalow_agg_full@rho0.8_b03alpha,0,agg_full,0.8,next_use,18,11,SimpleCoverageLoad,0.6,0.6556364438561659,1
b03alpha,alphalow,agg_full@rho0.8,rep0_alphalow_agg_full@rho0.8_b03alpha,0,agg_full,0.8,next_use,18,14,SimpleCoverageLoad,0.8,0.8760202956099714,1
b03alpha,alphalow,agg_full@rho0.8,rep0_alphalow_agg_full@rho0.8_b03alpha,0,agg_full,0.8,next_use,18,18,SimpleCoverageLoad,1.0,1.0,1
b03alpha,alphalow,agg_full@rho0.8,rep0_alphalow_agg_full@rho0.8_b03alpha,0,agg_full,0.8,next_use,18,2,DecisionAware,0.1,0.0,1
b03alpha,alphalow,agg_full@rho0.8,rep0_alphalow_agg_full@rho0.8_b03alpha,0,agg_full,0.8,next_use,18,4,DecisionAware,0.2,0.11294948157952792,1
b03alpha,alphalow,agg_full@rho0.8,rep0_alphalow_agg_full@rho0.8_b03alpha,0,agg_full,0.8,next_use,18,5,DecisionAware,0.3,0.21486874034855505,1
b03alpha,alphalow,agg_full@rho0.8,rep0_alphalow_agg_full@rho0.8_b03alpha,0,agg_full,0.8,next_use,18,7,DecisionAware,0.4,0.4352525921023605,1
b03alpha,alphalow,agg_full@rho0.8,rep0_alphalow_agg_full@rho0.8_b03alpha,0,agg_full,0.8,next_use,18,9,DecisionAware,0.5,0.5482020736818884,1
b03alpha,alphalow,agg_full@rho0.8,rep0_alphalow_agg_full@rho0.8_b03alpha,0,agg_full,0.8,next_use,18,11,DecisionAware,0.6,0.6556364438561659,1
b03alpha,alphalow,agg_full@rho0.8,rep0_alphalow_agg_full@rho0.8_b03alpha,0,agg_full,0.8,next_use,18,14,DecisionAware,0.8,0.8760202956099714,1
b03alpha,alphalow,agg_full@rho0.8,rep0_alphalow_agg_full@rho0.8_b03alpha,0,agg_full,0.8,next_use,18,18,DecisionAware,1.0,1.0,1
b03alpha,alphalow,agg_full@rho0.8,rep0_alphalow_agg_full@rho0.8_b03alpha,0,agg_full,0.8,next_use,18,2,B02Utility,0.1,0.0,1
b03alpha,alphalow,agg_full@rho0.8,rep0_alphalow_agg_full@rho0.8_b03alpha,0,agg_full,0.8,next_use,18,4,B02Utility,0.2,0.10743437017427752,1
b03alpha,alphalow,agg_full@rho0.8,rep0_alphalow_agg_full@rho0.8_b03alpha,0,agg_full,0.8,next_use,18,5,B02Utility,0.3,0.22038385175380543,1
b03alpha,alphalow,agg_full@rho0.8,rep0_alphalow_agg_full@rho0.8_b03alpha,0,agg_full,0.8,next_use,18,7,B02Utility,0.4,0.4352525921023605,1
b03alpha,alphalow,agg_full@rho0.8,rep0_alphalow_agg_full@rho0.8_b03alpha,0,agg_full,0.8,next_use,18,9,B02Utility,0.5,0.542686962276638,1
b03alpha,alphalow,agg_full@rho0.8,rep0_alphalow_agg_full@rho0.8_b03alpha,0,agg_full,0.8,next_use,18,11,B02Utility,0.6,0.542686962276638,1
b03alpha,alphalow,agg_full@rho0.8,rep0_alphalow_agg_full@rho0.8_b03alpha,0,agg_full,0.8,next_use,18,14,B02Utility,0.8,0.672181778071917,1
b03alpha,alphalow,agg_full@rho0.8,rep0_alphalow_agg_full@rho0.8_b03alpha,0,agg_full,0.8,next_use,18,18,B02Utility,1.0,1.0,1
b03alpha,alphalow,agg_full@rho0.8,rep0_alphalow_agg_full@rho0.8_b03alpha,0,agg_full,0.8,next_use,18,2,Oracle,0.1,0.22589896315905583,1
b03alpha,alphalow,agg_full@rho0.8,rep0_alphalow_agg_full@rho0.8_b03alpha,0,agg_full,0.8,next_use,18,4,Oracle,0.2,0.45179792631811166,1
b03alpha,alphalow,agg_full@rho0.8,rep0_alphalow_agg_full@rho0.8_b03alpha,0,agg_full,0.8,next_use,18,5,Oracle,0.3,0.5592322964923891,1
b03alpha,alphalow,agg_full@rho0.8,rep0_alphalow_agg_full@rho0.8_b03alpha,0,agg_full,0.8,next_use,18,7,Oracle,0.4,0.7741010368409443,1
b03alpha,alphalow,agg_full@rho0.8,rep0_alphalow_agg_full@rho0.8_b03alpha,0,agg_full,0.8,next_use,18,9,Oracle,0.5,0.9834546657842489,1
b03alpha,alphalow,agg_full@rho0.8,rep0_alphalow_agg_full@rho0.8_b03alpha,0,agg_full,0.8,next_use,18,11,Oracle,0.6,1.0,1
b03alpha,alphalow,agg_full@rho0.8,rep0_alphalow_agg_full@rho0.8_b03alpha,0,agg_full,0.8,next_use,18,14,Oracle,0.8,1.0,1
b03alpha,alphalow,agg_full@rho0.8,rep0_alphalow_agg_full@rho0.8_b03alpha,0,agg_full,0.8,next_use,18,18,Oracle,1.0,1.0,1
b03alpha,alphalow,agg_full@rho0.8,rep0_alphalow_agg_full@rho0.8_b03alpha,0,agg_full,0.8,horizon_h4,18,2,Random,0.1,0.12104277689759468,20
b03alpha,alphalow,agg_full@rho0.8,rep0_alphalow_agg_full@rho0.8_b03alpha,0,agg_full,0.8,horizon_h4,18,4,Random,0.2,0.24136540400403284,20
b03alpha,alphalow,agg_full@rho0.8,rep0_alphalow_agg_full@rho0.8_b03alpha,0,agg_full,0.8,horizon_h4,18,5,Random,0.3,0.28785827452110035,20
b03alpha,alphalow,agg_full@rho0.8,rep0_alphalow_agg_full@rho0.8_b03alpha,0,agg_full,0.8,horizon_h4,18,7,Random,0.4,0.38399107014258965,20
b03alpha,alphalow,agg_full@rho0.8,rep0_alphalow_agg_full@rho0.8_b03alpha,0,agg_full,0.8,horizon_h4,18,9,Random,0.5,0.481564165346392,20
b03alpha,alphalow,agg_full@rho0.8,rep0_alphalow_agg_full@rho0.8_b03alpha,0,agg_full,0.8,horizon_h4,18,11,Random,0.6,0.6448725334869653,20
b03alpha,alphalow,agg_full@rho0.8,rep0_alphalow_agg_full@rho0.8_b03alpha,0,agg_full,0.8,horizon_h4,18,14,Random,0.8,0.7968529454126457,20
b03alpha,alphalow,agg_full@rho0.8,rep0_alphalow_agg_full@rho0.8_b03alpha,0,agg_full,0.8,horizon_h4,18,18,Random,1.0,1.0,20
b03alpha,alphalow,agg_full@rho0.8,rep0_alphalow_agg_full@rho0.8_b03alpha,0,agg_full,0.8,horizon_h4,18,2,Freshness,0.1,0.21042776897594698,1
b03alpha,alphalow,agg_full@rho0.8,rep0_alphalow_agg_full@rho0.8_b03alpha,0,agg_full,0.8,horizon_h4,18,4,Freshness,0.2,0.28057035863459595,1
b03alpha,alphalow,agg_full@rho0.8,rep0_alphalow_agg_full@rho0.8_b03alpha,0,agg_full,0.8,horizon_h4,18,5,Freshness,0.3,0.28057035863459595,1
b03alpha,alphalow,agg_full@rho0.8,rep0_alphalow_agg_full@rho0.8_b03alpha,0,agg_full,0.8,horizon_h4,18,7,Freshness,0.4,0.3543136972490278,1
b03alpha,alphalow,agg_full@rho0.8,rep0_alphalow_agg_full@rho0.8_b03alpha,0,agg_full,0.8,horizon_h4,18,9,Freshness,0.5,0.490998127610543,1
b03alpha,alphalow,agg_full@rho0.8,rep0_alphalow_agg_full@rho0.8_b03alpha,0,agg_full,0.8,horizon_h4,18,11,Freshness,0.6,0.7050266455422728,1
b03alpha,alphalow,agg_full@rho0.8,rep0_alphalow_agg_full@rho0.8_b03alpha,0,agg_full,0.8,horizon_h4,18,14,Freshness,0.8,0.7751692352009217,1
b03alpha,alphalow,agg_full@rho0.8,rep0_alphalow_agg_full@rho0.8_b03alpha,0,agg_full,0.8,horizon_h4,18,18,Freshness,1.0,1.0,1
b03alpha,alphalow,agg_full@rho0.8,rep0_alphalow_agg_full@rho0.8_b03alpha,0,agg_full,0.8,horizon_h4,18,2,CoverageDelta,0.1,0.0,1
b03alpha,alphalow,agg_full@rho0.8,rep0_alphalow_agg_full@rho0.8_b03alpha,0,agg_full,0.8,horizon_h4,18,4,CoverageDelta,0.2,0.14388592827308078,1
b03alpha,alphalow,agg_full@rho0.8,rep0_alphalow_agg_full@rho0.8_b03alpha,0,agg_full,0.8,horizon_h4,18,5,CoverageDelta,0.3,0.21042776897594698,1
b03alpha,alphalow,agg_full@rho0.8,rep0_alphalow_agg_full@rho0.8_b03alpha,0,agg_full,0.8,horizon_h4,18,7,CoverageDelta,0.4,0.28057035863459595,1
b03alpha,alphalow,agg_full@rho0.8,rep0_alphalow_agg_full@rho0.8_b03alpha,0,agg_full,0.8,horizon_h4,18,9,CoverageDelta,0.5,0.490998127610543,1
b03alpha,alphalow,agg_full@rho0.8,rep0_alphalow_agg_full@rho0.8_b03alpha,0,agg_full,0.8,horizon_h4,18,11,CoverageDelta,0.6,0.5611407172691919,1
b03alpha,alphalow,agg_full@rho0.8,rep0_alphalow_agg_full@rho0.8_b03alpha,0,agg_full,0.8,horizon_h4,18,14,CoverageDelta,0.8,0.7751692352009217,1
b03alpha,alphalow,agg_full@rho0.8,rep0_alphalow_agg_full@rho0.8_b03alpha,0,agg_full,0.8,horizon_h4,18,18,CoverageDelta,1.0,1.0,1
b03alpha,alphalow,agg_full@rho0.8,rep0_alphalow_agg_full@rho0.8_b03alpha,0,agg_full,0.8,horizon_h4,18,2,CoverageAdvantage,0.1,0.0,1
b03alpha,alphalow,agg_full@rho0.8,rep0_alphalow_agg_full@rho0.8_b03alpha,0,agg_full,0.8,horizon_h4,18,4,CoverageAdvantage,0.2,0.21042776897594698,1
b03alpha,alphalow,agg_full@rho0.8,rep0_alphalow_agg_full@rho0.8_b03alpha,0,agg_full,0.8,horizon_h4,18,5,CoverageAdvantage,0.3,0.28057035863459595,1
b03alpha,alphalow,agg_full@rho0.8,rep0_alphalow_agg_full@rho0.8_b03alpha,0,agg_full,0.8,horizon_h4,18,7,CoverageAdvantage,0.4,0.3543136972490278,1
b03alpha,alphalow,agg_full@rho0.8,rep0_alphalow_agg_full@rho0.8_b03alpha,0,agg_full,0.8,horizon_h4,18,9,CoverageAdvantage,0.5,0.490998127610543,1
b03alpha,alphalow,agg_full@rho0.8,rep0_alphalow_agg_full@rho0.8_b03alpha,0,agg_full,0.8,horizon_h4,18,11,CoverageAdvantage,0.6,0.7050266455422728,1
b03alpha,alphalow,agg_full@rho0.8,rep0_alphalow_agg_full@rho0.8_b03alpha,0,agg_full,0.8,horizon_h4,18,14,CoverageAdvantage,0.8,0.7751692352009217,1
b03alpha,alphalow,agg_full@rho0.8,rep0_alphalow_agg_full@rho0.8_b03alpha,0,agg_full,0.8,horizon_h4,18,18,CoverageAdvantage,1.0,1.0,1
b03alpha,alphalow,agg_full@rho0.8,rep0_alphalow_agg_full@rho0.8_b03alpha,0,agg_full,0.8,horizon_h4,18,2,SimpleCoverageLoad,0.1,0.0,1
b03alpha,alphalow,agg_full@rho0.8,rep0_alphalow_agg_full@rho0.8_b03alpha,0,agg_full,0.8,horizon_h4,18,4,SimpleCoverageLoad,0.2,0.21042776897594698,1
b03alpha,alphalow,agg_full@rho0.8,rep0_alphalow_agg_full@rho0.8_b03alpha,0,agg_full,0.8,horizon_h4,18,5,SimpleCoverageLoad,0.3,0.28057035863459595,1
b03alpha,alphalow,agg_full@rho0.8,rep0_alphalow_agg_full@rho0.8_b03alpha,0,agg_full,0.8,horizon_h4,18,7,SimpleCoverageLoad,0.4,0.3543136972490278,1
b03alpha,alphalow,agg_full@rho0.8,rep0_alphalow_agg_full@rho0.8_b03alpha,0,agg_full,0.8,horizon_h4,18,9,SimpleCoverageLoad,0.5,0.5683422151807576,1
b03alpha,alphalow,agg_full@rho0.8,rep0_alphalow_agg_full@rho0.8_b03alpha,0,agg_full,0.8,horizon_h4,18,11,SimpleCoverageLoad,0.6,0.6384848048394065,1
b03alpha,alphalow,agg_full@rho0.8,rep0_alphalow_agg_full@rho0.8_b03alpha,0,agg_full,0.8,horizon_h4,18,14,SimpleCoverageLoad,0.8,0.8525133227711362,1
b03alpha,alphalow,agg_full@rho0.8,rep0_alphalow_agg_full@rho0.8_b03alpha,0,agg_full,0.8,horizon_h4,18,18,SimpleCoverageLoad,1.0,1.0,1
b03alpha,alphalow,agg_full@rho0.8,rep0_alphalow_agg_full@rho0.8_b03alpha,0,agg_full,0.8,horizon_h4,18,2,DecisionAware,0.1,0.0,1
b03alpha,alphalow,agg_full@rho0.8,rep0_alphalow_agg_full@rho0.8_b03alpha,0,agg_full,0.8,horizon_h4,18,4,DecisionAware,0.2,0.14388592827308078,1
b03alpha,alphalow,agg_full@rho0.8,rep0_alphalow_agg_full@rho0.8_b03alpha,0,agg_full,0.8,horizon_h4,18,5,DecisionAware,0.3,0.21042776897594698,1
b03alpha,alphalow,agg_full@rho0.8,rep0_alphalow_agg_full@rho0.8_b03alpha,0,agg_full,0.8,horizon_h4,18,7,DecisionAware,0.4,0.3543136972490278,1
b03alpha,alphalow,agg_full@rho0.8,rep0_alphalow_agg_full@rho0.8_b03alpha,0,agg_full,0.8,horizon_h4,18,9,DecisionAware,0.5,0.5683422151807576,1
b03alpha,alphalow,agg_full@rho0.8,rep0_alphalow_agg_full@rho0.8_b03alpha,0,agg_full,0.8,horizon_h4,18,11,DecisionAware,0.6,0.6384848048394065,1
b03alpha,alphalow,agg_full@rho0.8,rep0_alphalow_agg_full@rho0.8_b03alpha,0,agg_full,0.8,horizon_h4,18,14,DecisionAware,0.8,0.8525133227711362,1
b03alpha,alphalow,agg_full@rho0.8,rep0_alphalow_agg_full@rho0.8_b03alpha,0,agg_full,0.8,horizon_h4,18,18,DecisionAware,1.0,1.0,1
b03alpha,alphalow,agg_full@rho0.8,rep0_alphalow_agg_full@rho0.8_b03alpha,0,agg_full,0.8,horizon_h4,18,2,B02Utility,0.1,0.0,1
b03alpha,alphalow,agg_full@rho0.8,rep0_alphalow_agg_full@rho0.8_b03alpha,0,agg_full,0.8,horizon_h4,18,4,B02Utility,0.2,0.07014258965864899,1
b03alpha,alphalow,agg_full@rho0.8,rep0_alphalow_agg_full@rho0.8_b03alpha,0,agg_full,0.8,horizon_h4,18,5,B02Utility,0.3,0.21402851793172978,1
b03alpha,alphalow,agg_full@rho0.8,rep0_alphalow_agg_full@rho0.8_b03alpha,0,agg_full,0.8,horizon_h4,18,7,B02Utility,0.4,0.3543136972490278,1
b03alpha,alphalow,agg_full@rho0.8,rep0_alphalow_agg_full@rho0.8_b03alpha,0,agg_full,0.8,horizon_h4,18,9,B02Utility,0.5,0.490998127610543,1
b03alpha,alphalow,agg_full@rho0.8,rep0_alphalow_agg_full@rho0.8_b03alpha,0,agg_full,0.8,horizon_h4,18,11,B02Utility,0.6,0.5611407172691919,1
b03alpha,alphalow,agg_full@rho0.8,rep0_alphalow_agg_full@rho0.8_b03alpha,0,agg_full,0.8,horizon_h4,18,14,B02Utility,0.8,0.7158288924096212,1
b03alpha,alphalow,agg_full@rho0.8,rep0_alphalow_agg_full@rho0.8_b03alpha,0,agg_full,0.8,horizon_h4,18,18,B02Utility,1.0,1.0,1
b03alpha,alphalow,agg_full@rho0.8,rep0_alphalow_agg_full@rho0.8_b03alpha,0,agg_full,0.8,horizon_h4,18,2,Oracle,0.1,0.28777185654616155,1
b03alpha,alphalow,agg_full@rho0.8,rep0_alphalow_agg_full@rho0.8_b03alpha,0,agg_full,0.8,horizon_h4,18,4,Oracle,0.2,0.5683422151807576,1
b03alpha,alphalow,agg_full@rho0.8,rep0_alphalow_agg_full@rho0.8_b03alpha,0,agg_full,0.8,horizon_h4,18,5,Oracle,0.3,0.6420855537951893,1
b03alpha,alphalow,agg_full@rho0.8,rep0_alphalow_agg_full@rho0.8_b03alpha,0,agg_full,0.8,horizon_h4,18,7,Oracle,0.4,0.7823707331124873,1
b03alpha,alphalow,agg_full@rho0.8,rep0_alphalow_agg_full@rho0.8_b03alpha,0,agg_full,0.8,horizon_h4,18,9,Oracle,0.5,0.9226559124297853,1
b03alpha,alphalow,agg_full@rho0.8,rep0_alphalow_agg_full@rho0.8_b03alpha,0,agg_full,0.8,horizon_h4,18,11,Oracle,0.6,1.0,1
b03alpha,alphalow,agg_full@rho0.8,rep0_alphalow_agg_full@rho0.8_b03alpha,0,agg_full,0.8,horizon_h4,18,14,Oracle,0.8,1.0,1
b03alpha,alphalow,agg_full@rho0.8,rep0_alphalow_agg_full@rho0.8_b03alpha,0,agg_full,0.8,horizon_h4,18,18,Oracle,1.0,1.0,1
b03alpha,alphamed,agg_full@rho0.8,rep0_alphamed_agg_full@rho0.8_b03alpha,0,agg_full,0.8,next_use,24,2,Random,0.1,0.11738585496866608,20
b03alpha,alphamed,agg_full@rho0.8,rep0_alphamed_agg_full@rho0.8_b03alpha,0,agg_full,0.8,next_use,24,5,Random,0.2,0.25522829006266784,20
b03alpha,alphamed,agg_full@rho0.8,rep0_alphamed_agg_full@rho0.8_b03alpha,0,agg_full,0.8,next_use,24,7,Random,0.3,0.3304386750223814,20
b03alpha,alphamed,agg_full@rho0.8,rep0_alphamed_agg_full@rho0.8_b03alpha,0,agg_full,0.8,next_use,24,10,Random,0.4,0.4664637421665174,20
b03alpha,alphamed,agg_full@rho0.8,rep0_alphamed_agg_full@rho0.8_b03alpha,0,agg_full,0.8,next_use,24,12,Random,0.5,0.5412264995523725,20
b03alpha,alphamed,agg_full@rho0.8,rep0_alphamed_agg_full@rho0.8_b03alpha,0,agg_full,0.8,next_use,24,14,Random,0.6,0.6095613249776186,20
b03alpha,alphamed,agg_full@rho0.8,rep0_alphamed_agg_full@rho0.8_b03alpha,0,agg_full,0.8,next_use,24,19,Random,0.8,0.7993017009847807,20
b03alpha,alphamed,agg_full@rho0.8,rep0_alphamed_agg_full@rho0.8_b03alpha,0,agg_full,0.8,next_use,24,24,Random,1.0,1.0,20
b03alpha,alphamed,agg_full@rho0.8,rep0_alphamed_agg_full@rho0.8_b03alpha,0,agg_full,0.8,next_use,24,2,Freshness,0.1,0.08719785138764548,1
b03alpha,alphamed,agg_full@rho0.8,rep0_alphamed_agg_full@rho0.8_b03alpha,0,agg_full,0.8,next_use,24,5,Freshness,0.2,0.08719785138764548,1
b03alpha,alphamed,agg_full@rho0.8,rep0_alphamed_agg_full@rho0.8_b03alpha,0,agg_full,0.8,next_use,24,7,Freshness,0.3,0.2615935541629364,1
b03alpha,alphamed,agg_full@rho0.8,rep0_alphamed_agg_full@rho0.8_b03alpha,0,agg_full,0.8,next_use,24,10,Freshness,0.4,0.43598925693822743,1
b03alpha,alphamed,agg_full@rho0.8,rep0_alphamed_agg_full@rho0.8_b03alpha,0,agg_full,0.8,next_use,24,12,Freshness,0.5,0.5276633840644583,1
b03alpha,alphamed,agg_full@rho0.8,rep0_alphamed_agg_full@rho0.8_b03alpha,0,agg_full,0.8,next_use,24,14,Freshness,0.6,0.7065353625783348,1
b03alpha,alphamed,agg_full@rho0.8,rep0_alphamed_agg_full@rho0.8_b03alpha,0,agg_full,0.8,next_use,24,19,Freshness,0.8,0.9312444046553268,1
b03alpha,alphamed,agg_full@rho0.8,rep0_alphamed_agg_full@rho0.8_b03alpha,0,agg_full,0.8,next_use,24,24,Freshness,1.0,1.0,1
b03alpha,alphamed,agg_full@rho0.8,rep0_alphamed_agg_full@rho0.8_b03alpha,0,agg_full,0.8,next_use,24,2,CoverageDelta,0.1,0.022918531781557745,1
b03alpha,alphamed,agg_full@rho0.8,rep0_alphamed_agg_full@rho0.8_b03alpha,0,agg_full,0.8,next_use,24,5,CoverageDelta,0.2,0.11011638316920323,1
b03alpha,alphamed,agg_full@rho0.8,rep0_alphamed_agg_full@rho0.8_b03alpha,0,agg_full,0.8,next_use,24,7,CoverageDelta,0.3,0.19731423455684868,1
b03alpha,alphamed,agg_full@rho0.8,rep0_alphamed_agg_full@rho0.8_b03alpha,0,agg_full,0.8,next_use,24,10,CoverageDelta,0.4,0.4589077887197851,1
b03alpha,alphamed,agg_full@rho0.8,rep0_alphamed_agg_full@rho0.8_b03alpha,0,agg_full,0.8,next_use,24,12,CoverageDelta,0.5,0.5505819158460161,1
b03alpha,alphamed,agg_full@rho0.8,rep0_alphamed_agg_full@rho0.8_b03alpha,0,agg_full,0.8,next_use,24,14,CoverageDelta,0.6,0.642256042972247,1
b03alpha,alphamed,agg_full@rho0.8,rep0_alphamed_agg_full@rho0.8_b03alpha,0,agg_full,0.8,next_use,24,19,CoverageDelta,0.8,0.9357206803939122,1
b03alpha,alphamed,agg_full@rho0.8,rep0_alphamed_agg_full@rho0.8_b03alpha,0,agg_full,0.8,next_use,24,24,CoverageDelta,1.0,1.0,1
b03alpha,alphamed,agg_full@rho0.8,rep0_alphamed_agg_full@rho0.8_b03alpha,0,agg_full,0.8,next_use,24,2,CoverageAdvantage,0.1,0.022918531781557745,1
b03alpha,alphamed,agg_full@rho0.8,rep0_alphamed_agg_full@rho0.8_b03alpha,0,agg_full,0.8,next_use,24,5,CoverageAdvantage,0.2,0.11011638316920323,1
b03alpha,alphamed,agg_full@rho0.8,rep0_alphamed_agg_full@rho0.8_b03alpha,0,agg_full,0.8,next_use,24,7,CoverageAdvantage,0.3,0.19731423455684868,1
b03alpha,alphamed,agg_full@rho0.8,rep0_alphamed_agg_full@rho0.8_b03alpha,0,agg_full,0.8,next_use,24,10,CoverageAdvantage,0.4,0.4589077887197851,1
b03alpha,alphamed,agg_full@rho0.8,rep0_alphamed_agg_full@rho0.8_b03alpha,0,agg_full,0.8,next_use,24,12,CoverageAdvantage,0.5,0.5505819158460161,1
b03alpha,alphamed,agg_full@rho0.8,rep0_alphamed_agg_full@rho0.8_b03alpha,0,agg_full,0.8,next_use,24,14,CoverageAdvantage,0.6,0.642256042972247,1
b03alpha,alphamed,agg_full@rho0.8,rep0_alphamed_agg_full@rho0.8_b03alpha,0,agg_full,0.8,next_use,24,19,CoverageAdvantage,0.8,0.9357206803939122,1
b03alpha,alphamed,agg_full@rho0.8,rep0_alphamed_agg_full@rho0.8_b03alpha,0,agg_full,0.8,next_use,24,24,CoverageAdvantage,1.0,1.0,1
b03alpha,alphamed,agg_full@rho0.8,rep0_alphamed_agg_full@rho0.8_b03alpha,0,agg_full,0.8,next_use,24,2,SimpleCoverageLoad,0.1,0.022918531781557745,1
b03alpha,alphamed,agg_full@rho0.8,rep0_alphamed_agg_full@rho0.8_b03alpha,0,agg_full,0.8,next_use,24,5,SimpleCoverageLoad,0.2,0.11011638316920323,1
b03alpha,alphamed,agg_full@rho0.8,rep0_alphamed_agg_full@rho0.8_b03alpha,0,agg_full,0.8,next_use,24,7,SimpleCoverageLoad,0.3,0.19731423455684868,1
b03alpha,alphamed,agg_full@rho0.8,rep0_alphamed_agg_full@rho0.8_b03alpha,0,agg_full,0.8,next_use,24,10,SimpleCoverageLoad,0.4,0.3672336615935542,1
b03alpha,alphamed,agg_full@rho0.8,rep0_alphamed_agg_full@rho0.8_b03alpha,0,agg_full,0.8,next_use,24,12,SimpleCoverageLoad,0.5,0.4589077887197851,1
b03alpha,alphamed,agg_full@rho0.8,rep0_alphamed_agg_full@rho0.8_b03alpha,0,agg_full,0.8,next_use,24,14,SimpleCoverageLoad,0.6,0.6377797672336615,1
b03alpha,alphamed,agg_full@rho0.8,rep0_alphamed_agg_full@rho0.8_b03alpha,0,agg_full,0.8,next_use,24,19,SimpleCoverageLoad,0.8,0.9357206803939122,1
b03alpha,alphamed,agg_full@rho0.8,rep0_alphamed_agg_full@rho0.8_b03alpha,0,agg_full,0.8,next_use,24,24,SimpleCoverageLoad,1.0,1.0,1
b03alpha,alphamed,agg_full@rho0.8,rep0_alphamed_agg_full@rho0.8_b03alpha,0,agg_full,0.8,next_use,24,2,DecisionAware,0.1,0.022918531781557745,1
b03alpha,alphamed,agg_full@rho0.8,rep0_alphamed_agg_full@rho0.8_b03alpha,0,agg_full,0.8,next_use,24,5,DecisionAware,0.2,0.11011638316920323,1
b03alpha,alphamed,agg_full@rho0.8,rep0_alphamed_agg_full@rho0.8_b03alpha,0,agg_full,0.8,next_use,24,7,DecisionAware,0.3,0.19731423455684868,1
b03alpha,alphamed,agg_full@rho0.8,rep0_alphamed_agg_full@rho0.8_b03alpha,0,agg_full,0.8,next_use,24,10,DecisionAware,0.4,0.3672336615935542,1
b03alpha,alphamed,agg_full@rho0.8,rep0_alphamed_agg_full@rho0.8_b03alpha,0,agg_full,0.8,next_use,24,12,DecisionAware,0.5,0.4589077887197851,1
b03alpha,alphamed,agg_full@rho0.8,rep0_alphamed_agg_full@rho0.8_b03alpha,0,agg_full,0.8,next_use,24,14,DecisionAware,0.6,0.6377797672336615,1
b03alpha,alphamed,agg_full@rho0.8,rep0_alphamed_agg_full@rho0.8_b03alpha,0,agg_full,0.8,next_use,24,19,DecisionAware,0.8,0.9357206803939122,1
b03alpha,alphamed,agg_full@rho0.8,rep0_alphamed_agg_full@rho0.8_b03alpha,0,agg_full,0.8,next_use,24,24,DecisionAware,1.0,1.0,1
b03alpha,alphamed,agg_full@rho0.8,rep0_alphamed_agg_full@rho0.8_b03alpha,0,agg_full,0.8,next_use,24,2,B02Utility,0.1,0.0,1
b03alpha,alphamed,agg_full@rho0.8,rep0_alphamed_agg_full@rho0.8_b03alpha,0,agg_full,0.8,next_use,24,5,B02Utility,0.2,0.018442256042972248,1
b03alpha,alphamed,agg_full@rho0.8,rep0_alphamed_agg_full@rho0.8_b03alpha,0,agg_full,0.8,next_use,24,7,B02Utility,0.3,0.10564010743061773,1
b03alpha,alphamed,agg_full@rho0.8,rep0_alphamed_agg_full@rho0.8_b03alpha,0,agg_full,0.8,next_use,24,10,B02Utility,0.4,0.2800358102059087,1
b03alpha,alphamed,agg_full@rho0.8,rep0_alphamed_agg_full@rho0.8_b03alpha,0,agg_full,0.8,next_use,24,12,B02Utility,0.5,0.38567591763652637,1
b03alpha,alphamed,agg_full@rho0.8,rep0_alphamed_agg_full@rho0.8_b03alpha,0,agg_full,0.8,next_use,24,14,B02Utility,0.6,0.5002685765443151,1
b03alpha,alphamed,agg_full@rho0.8,rep0_alphamed_agg_full@rho0.8_b03alpha,0,agg_full,0.8,next_use,24,19,B02Utility,0.8,0.6377797672336615,1
b03alpha,alphamed,agg_full@rho0.8,rep0_alphamed_agg_full@rho0.8_b03alpha,0,agg_full,0.8,next_use,24,24,B02Utility,1.0,1.0,1
b03alpha,alphamed,agg_full@rho0.8,rep0_alphamed_agg_full@rho0.8_b03alpha,0,agg_full,0.8,next_use,24,2,Oracle,0.1,0.18334825425246196,1
b03alpha,alphamed,agg_full@rho0.8,rep0_alphamed_agg_full@rho0.8_b03alpha,0,agg_full,0.8,next_use,24,5,Oracle,0.2,0.4583706356311549,1
b03alpha,alphamed,agg_full@rho0.8,rep0_alphamed_agg_full@rho0.8_b03alpha,0,agg_full,0.8,next_use,24,7,Oracle,0.3,0.6327663384064459,1
b03alpha,alphamed,agg_full@rho0.8,rep0_alphamed_agg_full@rho0.8_b03alpha,0,agg_full,0.8,next_use,24,10,Oracle,0.4,0.8898836168307968,1
b03alpha,alphamed,agg_full@rho0.8,rep0_alphamed_agg_full@rho0.8_b03alpha,0,agg_full,0.8,next_use,24,12,Oracle,0.5,0.9357206803939122,1
b03alpha,alphamed,agg_full@rho0.8,rep0_alphamed_agg_full@rho0.8_b03alpha,0,agg_full,0.8,next_use,24,14,Oracle,0.6,0.9815577439570278,1
b03alpha,alphamed,agg_full@rho0.8,rep0_alphamed_agg_full@rho0.8_b03alpha,0,agg_full,0.8,next_use,24,19,Oracle,0.8,1.0,1
b03alpha,alphamed,agg_full@rho0.8,rep0_alphamed_agg_full@rho0.8_b03alpha,0,agg_full,0.8,next_use,24,24,Oracle,1.0,1.0,1
b03alpha,alphamed,agg_full@rho0.8,rep0_alphamed_agg_full@rho0.8_b03alpha,0,agg_full,0.8,horizon_h4,24,2,Random,0.1,0.11699632417293891,20
b03alpha,alphamed,agg_full@rho0.8,rep0_alphamed_agg_full@rho0.8_b03alpha,0,agg_full,0.8,horizon_h4,24,5,Random,0.2,0.25847190617889026,20
b03alpha,alphamed,agg_full@rho0.8,rep0_alphamed_agg_full@rho0.8_b03alpha,0,agg_full,0.8,horizon_h4,24,7,Random,0.3,0.33647820759670927,20
b03alpha,alphamed,agg_full@rho0.8,rep0_alphamed_agg_full@rho0.8_b03alpha,0,agg_full,0.8,horizon_h4,24,10,Random,0.4,0.46945562751619113,20
b03alpha,alphamed,agg_full@rho0.8,rep0_alphamed_agg_full@rho0.8_b03alpha,0,agg_full,0.8,horizon_h4,24,12,Random,0.5,0.5515053387012078,20
b03alpha,alphamed,agg_full@rho0.8,rep0_alphamed_agg_full@rho0.8_b03alpha,0,agg_full,0.8,horizon_h4,24,14,Random,0.6,0.6171888674951864,20
b03alpha,alphamed,agg_full@rho0.8,rep0_alphamed_agg_full@rho0.8_b03alpha,0,agg_full,0.8,horizon_h4,24,19,Random,0.8,0.7914755820059514,20
b03alpha,alphamed,agg_full@rho0.8,rep0_alphamed_agg_full@rho0.8_b03alpha,0,agg_full,0.8,horizon_h4,24,24,Random,1.0,1.0,20
b03alpha,alphamed,agg_full@rho0.8,rep0_alphamed_agg_full@rho0.8_b03alpha,0,agg_full,0.8,horizon_h4,24,2,Freshness,0.1,0.08524417994048661,1
b03alpha,alphamed,agg_full@rho0.8,rep0_alphamed_agg_full@rho0.8_b03alpha,0,agg_full,0.8,horizon_h4,24,5,Freshness,0.2,0.08524417994048661,1
b03alpha,alphamed,agg_full@rho0.8,rep0_alphamed_agg_full@rho0.8_b03alpha,0,agg_full,0.8,horizon_h4,24,7,Freshness,0.3,0.2557325398214598,1
b03alpha,alphamed,agg_full@rho0.8,rep0_alphamed_agg_full@rho0.8_b03alpha,0,agg_full,0.8,horizon_h4,24,10,Freshness,0.4,0.42622089970243304,1
b03alpha,alphamed,agg_full@rho0.8,rep0_alphamed_agg_full@rho0.8_b03alpha,0,agg_full,0.8,horizon_h4,24,12,Freshness,0.5,0.5158410642394539,1
b03alpha,alphamed,agg_full@rho0.8,rep0_alphamed_agg_full@rho0.8_b03alpha,0,agg_full,0.8,horizon_h4,24,14,Freshness,0.6,0.7803255732539821,1
b03alpha,alphamed,agg_full@rho0.8,rep0_alphamed_agg_full@rho0.8_b03alpha,0,agg_full,0.8,horizon_h4,24,19,Freshness,0.8,1.0,1
b03alpha,alphamed,agg_full@rho0.8,rep0_alphamed_agg_full@rho0.8_b03alpha,0,agg_full,0.8,horizon_h4,24,24,Freshness,1.0,1.0,1
b03alpha,alphamed,agg_full@rho0.8,rep0_alphamed_agg_full@rho0.8_b03alpha,0,agg_full,0.8,horizon_h4,24,2,CoverageDelta,0.1,0.022405041134255208,1
b03alpha,alphamed,agg_full@rho0.8,rep0_alphamed_agg_full@rho0.8_b03alpha,0,agg_full,0.8,horizon_h4,24,5,CoverageDelta,0.2,0.10764922107474181,1
b03alpha,alphamed,agg_full@rho0.8,rep0_alphamed_agg_full@rho0.8_b03alpha,0,agg_full,0.8,horizon_h4,24,7,CoverageDelta,0.3,0.19289340101522842,1
b03alpha,alphamed,agg_full@rho0.8,rep0_alphamed_agg_full@rho0.8_b03alpha,0,agg_full,0.8,horizon_h4,24,10,CoverageDelta,0.4,0.4486259408366882,1
b03alpha,alphamed,agg_full@rho0.8,rep0_alphamed_agg_full@rho0.8_b03alpha,0,agg_full,0.8,horizon_h4,24,12,CoverageDelta,0.5,0.5382461053737091,1
b03alpha,alphamed,agg_full@rho0.8,rep0_alphamed_agg_full@rho0.8_b03alpha,0,agg_full,0.8,horizon_h4,24,14,CoverageDelta,0.6,0.6278662699107298,1
b03alpha,alphamed,agg_full@rho0.8,rep0_alphamed_agg_full@rho0.8_b03alpha,0,agg_full,0.8,horizon_h4,24,19,CoverageDelta,0.8,0.981970943462279,1
b03alpha,alphamed,agg_full@rho0.8,rep0_alphamed_agg_full@rho0.8_b03alpha,0,agg_full,0.8,horizon_h4,24,24,CoverageDelta,1.0,1.0,1
b03alpha,alphamed,agg_full@rho0.8,rep0_alphamed_agg_full@rho0.8_b03alpha,0,agg_full,0.8,horizon_h4,24,2,CoverageAdvantage,0.1,0.022405041134255208,1
b03alpha,alphamed,agg_full@rho0.8,rep0_alphamed_agg_full@rho0.8_b03alpha,0,agg_full,0.8,horizon_h4,24,5,CoverageAdvantage,0.2,0.10764922107474181,1
b03alpha,alphamed,agg_full@rho0.8,rep0_alphamed_agg_full@rho0.8_b03alpha,0,agg_full,0.8,horizon_h4,24,7,CoverageAdvantage,0.3,0.19289340101522842,1
b03alpha,alphamed,agg_full@rho0.8,rep0_alphamed_agg_full@rho0.8_b03alpha,0,agg_full,0.8,horizon_h4,24,10,CoverageAdvantage,0.4,0.4486259408366882,1
b03alpha,alphamed,agg_full@rho0.8,rep0_alphamed_agg_full@rho0.8_b03alpha,0,agg_full,0.8,horizon_h4,24,12,CoverageAdvantage,0.5,0.5382461053737091,1
b03alpha,alphamed,agg_full@rho0.8,rep0_alphamed_agg_full@rho0.8_b03alpha,0,agg_full,0.8,horizon_h4,24,14,CoverageAdvantage,0.6,0.6278662699107298,1
b03alpha,alphamed,agg_full@rho0.8,rep0_alphamed_agg_full@rho0.8_b03alpha,0,agg_full,0.8,horizon_h4,24,19,CoverageAdvantage,0.8,0.981970943462279,1
b03alpha,alphamed,agg_full@rho0.8,rep0_alphamed_agg_full@rho0.8_b03alpha,0,agg_full,0.8,horizon_h4,24,24,CoverageAdvantage,1.0,1.0,1
b03alpha,alphamed,agg_full@rho0.8,rep0_alphamed_agg_full@rho0.8_b03alpha,0,agg_full,0.8,horizon_h4,24,2,SimpleCoverageLoad,0.1,0.022405041134255208,1
b03alpha,alphamed,agg_full@rho0.8,rep0_alphamed_agg_full@rho0.8_b03alpha,0,agg_full,0.8,horizon_h4,24,5,SimpleCoverageLoad,0.2,0.10764922107474181,1
b03alpha,alphamed,agg_full@rho0.8,rep0_alphamed_agg_full@rho0.8_b03alpha,0,agg_full,0.8,horizon_h4,24,7,SimpleCoverageLoad,0.3,0.19289340101522842,1
b03alpha,alphamed,agg_full@rho0.8,rep0_alphamed_agg_full@rho0.8_b03alpha,0,agg_full,0.8,horizon_h4,24,10,SimpleCoverageLoad,0.4,0.35900577629966746,1
b03alpha,alphamed,agg_full@rho0.8,rep0_alphamed_agg_full@rho0.8_b03alpha,0,agg_full,0.8,horizon_h4,24,12,SimpleCoverageLoad,0.5,0.4486259408366882,1
b03alpha,alphamed,agg_full@rho0.8,rep0_alphamed_agg_full@rho0.8_b03alpha,0,agg_full,0.8,horizon_h4,24,14,SimpleCoverageLoad,0.6,0.7131104498512165,1
b03alpha,alphamed,agg_full@rho0.8,rep0_alphamed_agg_full@rho0.8_b03alpha,0,agg_full,0.8,horizon_h4,24,19,SimpleCoverageLoad,0.8,0.981970943462279,1
b03alpha,alphamed,agg_full@rho0.8,rep0_alphamed_agg_full@rho0.8_b03alpha,0,agg_full,0.8,horizon_h4,24,24,SimpleCoverageLoad,1.0,1.0,1
b03alpha,alphamed,agg_full@rho0.8,rep0_alphamed_agg_full@rho0.8_b03alpha,0,agg_full,0.8,horizon_h4,24,2,DecisionAware,0.1,0.022405041134255208,1
b03alpha,alphamed,agg_full@rho0.8,rep0_alphamed_agg_full@rho0.8_b03alpha,0,agg_full,0.8,horizon_h4,24,5,DecisionAware,0.2,0.10764922107474181,1
b03alpha,alphamed,agg_full@rho0.8,rep0_alphamed_agg_full@rho0.8_b03alpha,0,agg_full,0.8,horizon_h4,24,7,DecisionAware,0.3,0.19289340101522842,1
b03alpha,alphamed,agg_full@rho0.8,rep0_alphamed_agg_full@rho0.8_b03alpha,0,agg_full,0.8,horizon_h4,24,10,DecisionAware,0.4,0.35900577629966746,1
b03alpha,alphamed,agg_full@rho0.8,rep0_alphamed_agg_full@rho0.8_b03alpha,0,agg_full,0.8,horizon_h4,24,12,DecisionAware,0.5,0.4486259408366882,1
b03alpha,alphamed,agg_full@rho0.8,rep0_alphamed_agg_full@rho0.8_b03alpha,0,agg_full,0.8,horizon_h4,24,14,DecisionAware,0.6,0.7131104498512165,1
b03alpha,alphamed,agg_full@rho0.8,rep0_alphamed_agg_full@rho0.8_b03alpha,0,agg_full,0.8,horizon_h4,24,19,DecisionAware,0.8,0.981970943462279,1
b03alpha,alphamed,agg_full@rho0.8,rep0_alphamed_agg_full@rho0.8_b03alpha,0,agg_full,0.8,horizon_h4,24,24,DecisionAware,1.0,1.0,1
b03alpha,alphamed,agg_full@rho0.8,rep0_alphamed_agg_full@rho0.8_b03alpha,0,agg_full,0.8,horizon_h4,24,2,B02Utility,0.1,0.0,1
b03alpha,alphamed,agg_full@rho0.8,rep0_alphamed_agg_full@rho0.8_b03alpha,0,agg_full,0.8,horizon_h4,24,5,B02Utility,0.2,0.018029056537720987,1
b03alpha,alphamed,agg_full@rho0.8,rep0_alphamed_agg_full@rho0.8_b03alpha,0,agg_full,0.8,horizon_h4,24,7,B02Utility,0.3,0.1032732364782076,1
b03alpha,alphamed,agg_full@rho0.8,rep0_alphamed_agg_full@rho0.8_b03alpha,0,agg_full,0.8,horizon_h4,24,10,B02Utility,0.4,0.2737615963591808,1
b03alpha,alphamed,agg_full@rho0.8,rep0_alphamed_agg_full@rho0.8_b03alpha,0,agg_full,0.8,horizon_h4,24,12,B02Utility,0.5,0.3546297917031332,1
b03alpha,alphamed,agg_full@rho0.8,rep0_alphamed_agg_full@rho0.8_b03alpha,0,agg_full,0.8,horizon_h4,24,14,B02Utility,0.6,0.444249956240154,1
b03alpha,alphamed,agg_full@rho0.8,rep0_alphamed_agg_full@rho0.8_b03alpha,0,agg_full,0.8,horizon_h4,24,19,B02Utility,0.8,0.5562751619114301,1
b03alpha,alphamed,agg_full@rho0.8,rep0_alphamed_agg_full@rho0.8_b03alpha,0,agg_full,0.8,horizon_h4,24,24,B02Utility,1.0,1.0,1
b03alpha,alphamed,agg_full@rho0.8,rep0_alphamed_agg_full@rho0.8_b03alpha,0,agg_full,0.8,horizon_h4,24,2,Oracle,0.1,0.26448450901452825,1
b03alpha,alphamed,agg_full@rho0.8,rep0_alphamed_agg_full@rho0.8_b03alpha,0,agg_full,0.8,horizon_h4,24,5,Oracle,0.2,0.5333450026255907,1
b03alpha,alphamed,agg_full@rho0.8,rep0_alphamed_agg_full@rho0.8_b03alpha,0,agg_full,0.8,horizon_h4,24,7,Oracle,0.3,0.7082093471030981,1
b03alpha,alphamed,agg_full@rho0.8,rep0_alphamed_agg_full@rho0.8_b03alpha,0,agg_full,0.8,horizon_h4,24,10,Oracle,0.4,0.9595659023280237,1
b03alpha,alphamed,agg_full@rho0.8,rep0_alphamed_agg_full@rho0.8_b03alpha,0,agg_full,0.8,horizon_h4,24,12,Oracle,0.5,1.0,1
b03alpha,alphamed,agg_full@rho0.8,rep0_alphamed_agg_full@rho0.8_b03alpha,0,agg_full,0.8,horizon_h4,24,14,Oracle,0.6,1.0,1
b03alpha,alphamed,agg_full@rho0.8,rep0_alphamed_agg_full@rho0.8_b03alpha,0,agg_full,0.8,horizon_h4,24,19,Oracle,0.8,1.0,1
b03alpha,alphamed,agg_full@rho0.8,rep0_alphamed_agg_full@rho0.8_b03alpha,0,agg_full,0.8,horizon_h4,24,24,Oracle,1.0,1.0,1
b03alpha,alphamed,agg_static@rho0.8,rep0_alphamed_agg_static@rho0.8_b03alpha,0,agg_static,0.8,next_use,6,1,Random,0.1,0.189124893797791,20
b03alpha,alphamed,agg_static@rho0.8,rep0_alphamed_agg_static@rho0.8_b03alpha,0,agg_static,0.8,next_use,6,1,Random,0.2,0.189124893797791,20
b03alpha,alphamed,agg_static@rho0.8,rep0_alphamed_agg_static@rho0.8_b03alpha,0,agg_static,0.8,next_use,6,2,Random,0.3,0.4631265930331351,20
b03alpha,alphamed,agg_static@rho0.8,rep0_alphamed_agg_static@rho0.8_b03alpha,0,agg_static,0.8,next_use,6,2,Random,0.4,0.4631265930331351,20
b03alpha,alphamed,agg_static@rho0.8,rep0_alphamed_agg_static@rho0.8_b03alpha,0,agg_static,0.8,next_use,6,3,Random,0.5,0.6001274426508072,20
b03alpha,alphamed,agg_static@rho0.8,rep0_alphamed_agg_static@rho0.8_b03alpha,0,agg_static,0.8,next_use,6,4,Random,0.6,0.7436278674596432,20
b03alpha,alphamed,agg_static@rho0.8,rep0_alphamed_agg_static@rho0.8_b03alpha,0,agg_static,0.8,next_use,6,5,Random,0.8,0.9141886151231946,20
b03alpha,alphamed,agg_static@rho0.8,rep0_alphamed_agg_static@rho0.8_b03alpha,0,agg_static,0.8,next_use,6,6,Random,1.0,1.0,20
b03alpha,alphamed,agg_static@rho0.8,rep0_alphamed_agg_static@rho0.8_b03alpha,0,agg_static,0.8,next_use,6,1,Freshness,0.1,0.0,1
b03alpha,alphamed,agg_static@rho0.8,rep0_alphamed_agg_static@rho0.8_b03alpha,0,agg_static,0.8,next_use,6,1,Freshness,0.2,0.0,1
b03alpha,alphamed,agg_static@rho0.8,rep0_alphamed_agg_static@rho0.8_b03alpha,0,agg_static,0.8,next_use,6,2,Freshness,0.3,0.43500424808836025,1
b03alpha,alphamed,agg_static@rho0.8,rep0_alphamed_agg_static@rho0.8_b03alpha,0,agg_static,0.8,next_use,6,2,Freshness,0.4,0.43500424808836025,1
b03alpha,alphamed,agg_static@rho0.8,rep0_alphamed_agg_static@rho0.8_b03alpha,0,agg_static,0.8,next_use,6,3,Freshness,0.5,0.43500424808836025,1
b03alpha,alphamed,agg_static@rho0.8,rep0_alphamed_agg_static@rho0.8_b03alpha,0,agg_static,0.8,next_use,6,4,Freshness,0.6,0.45624468988954975,1
b03alpha,alphamed,agg_static@rho0.8,rep0_alphamed_agg_static@rho0.8_b03alpha,0,agg_static,0.8,next_use,6,5,Freshness,0.8,0.5649957519116399,1
b03alpha,alphamed,agg_static@rho0.8,rep0_alphamed_agg_static@rho0.8_b03alpha,0,agg_static,0.8,next_use,6,6,Freshness,1.0,1.0,1
b03alpha,alphamed,agg_static@rho0.8,rep0_alphamed_agg_static@rho0.8_b03alpha,0,agg_static,0.8,next_use,6,1,CoverageDelta,0.1,0.021240441801189464,1
b03alpha,alphamed,agg_static@rho0.8,rep0_alphamed_agg_static@rho0.8_b03alpha,0,agg_static,0.8,next_use,6,1,CoverageDelta,0.2,0.021240441801189464,1
b03alpha,alphamed,agg_static@rho0.8,rep0_alphamed_agg_static@rho0.8_b03alpha,0,agg_static,0.8,next_use,6,2,CoverageDelta,0.3,0.12999150382327954,1
b03alpha,alphamed,agg_static@rho0.8,rep0_alphamed_agg_static@rho0.8_b03alpha,0,agg_static,0.8,next_use,6,2,CoverageDelta,0.4,0.12999150382327954,1
b03alpha,alphamed,agg_static@rho0.8,rep0_alphamed_agg_static@rho0.8_b03alpha,0,agg_static,0.8,next_use,6,3,CoverageDelta,0.5,0.12999150382327954,1
b03alpha,alphamed,agg_static@rho0.8,rep0_alphamed_agg_static@rho0.8_b03alpha,0,agg_static,0.8,next_use,6,4,CoverageDelta,0.6,0.5649957519116399,1
b03alpha,alphamed,agg_static@rho0.8,rep0_alphamed_agg_static@rho0.8_b03alpha,0,agg_static,0.8,next_use,6,5,CoverageDelta,0.8,0.5649957519116399,1
b03alpha,alphamed,agg_static@rho0.8,rep0_alphamed_agg_static@rho0.8_b03alpha,0,agg_static,0.8,next_use,6,6,CoverageDelta,1.0,1.0,1
b03alpha,alphamed,agg_static@rho0.8,rep0_alphamed_agg_static@rho0.8_b03alpha,0,agg_static,0.8,next_use,6,1,CoverageAdvantage,0.1,0.021240441801189464,1
b03alpha,alphamed,agg_static@rho0.8,rep0_alphamed_agg_static@rho0.8_b03alpha,0,agg_static,0.8,next_use,6,1,CoverageAdvantage,0.2,0.021240441801189464,1
b03alpha,alphamed,agg_static@rho0.8,rep0_alphamed_agg_static@rho0.8_b03alpha,0,agg_static,0.8,next_use,6,2,CoverageAdvantage,0.3,0.12999150382327954,1
b03alpha,alphamed,agg_static@rho0.8,rep0_alphamed_agg_static@rho0.8_b03alpha,0,agg_static,0.8,next_use,6,2,CoverageAdvantage,0.4,0.12999150382327954,1
b03alpha,alphamed,agg_static@rho0.8,rep0_alphamed_agg_static@rho0.8_b03alpha,0,agg_static,0.8,next_use,6,3,CoverageAdvantage,0.5,0.12999150382327954,1
b03alpha,alphamed,agg_static@rho0.8,rep0_alphamed_agg_static@rho0.8_b03alpha,0,agg_static,0.8,next_use,6,4,CoverageAdvantage,0.6,0.5649957519116399,1
b03alpha,alphamed,agg_static@rho0.8,rep0_alphamed_agg_static@rho0.8_b03alpha,0,agg_static,0.8,next_use,6,5,CoverageAdvantage,0.8,0.5649957519116399,1
b03alpha,alphamed,agg_static@rho0.8,rep0_alphamed_agg_static@rho0.8_b03alpha,0,agg_static,0.8,next_use,6,6,CoverageAdvantage,1.0,1.0,1
b03alpha,alphamed,agg_static@rho0.8,rep0_alphamed_agg_static@rho0.8_b03alpha,0,agg_static,0.8,next_use,6,1,SimpleCoverageLoad,0.1,0.021240441801189464,1
b03alpha,alphamed,agg_static@rho0.8,rep0_alphamed_agg_static@rho0.8_b03alpha,0,agg_static,0.8,next_use,6,1,SimpleCoverageLoad,0.2,0.021240441801189464,1
b03alpha,alphamed,agg_static@rho0.8,rep0_alphamed_agg_static@rho0.8_b03alpha,0,agg_static,0.8,next_use,6,2,SimpleCoverageLoad,0.3,0.12999150382327954,1
b03alpha,alphamed,agg_static@rho0.8,rep0_alphamed_agg_static@rho0.8_b03alpha,0,agg_static,0.8,next_use,6,2,SimpleCoverageLoad,0.4,0.12999150382327954,1
b03alpha,alphamed,agg_static@rho0.8,rep0_alphamed_agg_static@rho0.8_b03alpha,0,agg_static,0.8,next_use,6,3,SimpleCoverageLoad,0.5,0.12999150382327954,1
b03alpha,alphamed,agg_static@rho0.8,rep0_alphamed_agg_static@rho0.8_b03alpha,0,agg_static,0.8,next_use,6,4,SimpleCoverageLoad,0.6,0.5649957519116399,1
b03alpha,alphamed,agg_static@rho0.8,rep0_alphamed_agg_static@rho0.8_b03alpha,0,agg_static,0.8,next_use,6,5,SimpleCoverageLoad,0.8,0.5649957519116399,1
b03alpha,alphamed,agg_static@rho0.8,rep0_alphamed_agg_static@rho0.8_b03alpha,0,agg_static,0.8,next_use,6,6,SimpleCoverageLoad,1.0,1.0,1
b03alpha,alphamed,agg_static@rho0.8,rep0_alphamed_agg_static@rho0.8_b03alpha,0,agg_static,0.8,next_use,6,1,DecisionAware,0.1,0.021240441801189464,1
b03alpha,alphamed,agg_static@rho0.8,rep0_alphamed_agg_static@rho0.8_b03alpha,0,agg_static,0.8,next_use,6,1,DecisionAware,0.2,0.021240441801189464,1
b03alpha,alphamed,agg_static@rho0.8,rep0_alphamed_agg_static@rho0.8_b03alpha,0,agg_static,0.8,next_use,6,2,DecisionAware,0.3,0.12999150382327954,1
b03alpha,alphamed,agg_static@rho0.8,rep0_alphamed_agg_static@rho0.8_b03alpha,0,agg_static,0.8,next_use,6,2,DecisionAware,0.4,0.12999150382327954,1
b03alpha,alphamed,agg_static@rho0.8,rep0_alphamed_agg_static@rho0.8_b03alpha,0,agg_static,0.8,next_use,6,3,DecisionAware,0.5,0.12999150382327954,1
b03alpha,alphamed,agg_static@rho0.8,rep0_alphamed_agg_static@rho0.8_b03alpha,0,agg_static,0.8,next_use,6,4,DecisionAware,0.6,0.5649957519116399,1
b03alpha,alphamed,agg_static@rho0.8,rep0_alphamed_agg_static@rho0.8_b03alpha,0,agg_static,0.8,next_use,6,5,DecisionAware,0.8,0.5649957519116399,1
b03alpha,alphamed,agg_static@rho0.8,rep0_alphamed_agg_static@rho0.8_b03alpha,0,agg_static,0.8,next_use,6,6,DecisionAware,1.0,1.0,1
b03alpha,alphamed,agg_static@rho0.8,rep0_alphamed_agg_static@rho0.8_b03alpha,0,agg_static,0.8,next_use,6,1,B02Utility,0.1,0.021240441801189464,1
b03alpha,alphamed,agg_static@rho0.8,rep0_alphamed_agg_static@rho0.8_b03alpha,0,agg_static,0.8,next_use,6,1,B02Utility,0.2,0.021240441801189464,1
b03alpha,alphamed,agg_static@rho0.8,rep0_alphamed_agg_static@rho0.8_b03alpha,0,agg_static,0.8,next_use,6,2,B02Utility,0.3,0.12999150382327954,1
b03alpha,alphamed,agg_static@rho0.8,rep0_alphamed_agg_static@rho0.8_b03alpha,0,agg_static,0.8,next_use,6,2,B02Utility,0.4,0.12999150382327954,1
b03alpha,alphamed,agg_static@rho0.8,rep0_alphamed_agg_static@rho0.8_b03alpha,0,agg_static,0.8,next_use,6,3,B02Utility,0.5,0.12999150382327954,1
b03alpha,alphamed,agg_static@rho0.8,rep0_alphamed_agg_static@rho0.8_b03alpha,0,agg_static,0.8,next_use,6,4,B02Utility,0.6,0.5649957519116399,1
b03alpha,alphamed,agg_static@rho0.8,rep0_alphamed_agg_static@rho0.8_b03alpha,0,agg_static,0.8,next_use,6,5,B02Utility,0.8,0.5649957519116399,1
b03alpha,alphamed,agg_static@rho0.8,rep0_alphamed_agg_static@rho0.8_b03alpha,0,agg_static,0.8,next_use,6,6,B02Utility,1.0,1.0,1
b03alpha,alphamed,agg_static@rho0.8,rep0_alphamed_agg_static@rho0.8_b03alpha,0,agg_static,0.8,next_use,6,1,Oracle,0.1,0.43500424808836025,1
b03alpha,alphamed,agg_static@rho0.8,rep0_alphamed_agg_static@rho0.8_b03alpha,0,agg_static,0.8,next_use,6,1,Oracle,0.2,0.43500424808836025,1
b03alpha,alphamed,agg_static@rho0.8,rep0_alphamed_agg_static@rho0.8_b03alpha,0,agg_static,0.8,next_use,6,2,Oracle,0.3,0.8700084961767205,1
b03alpha,alphamed,agg_static@rho0.8,rep0_alphamed_agg_static@rho0.8_b03alpha,0,agg_static,0.8,next_use,6,2,Oracle,0.4,0.8700084961767205,1
b03alpha,alphamed,agg_static@rho0.8,rep0_alphamed_agg_static@rho0.8_b03alpha,0,agg_static,0.8,next_use,6,3,Oracle,0.5,0.9787595581988106,1
b03alpha,alphamed,agg_static@rho0.8,rep0_alphamed_agg_static@rho0.8_b03alpha,0,agg_static,0.8,next_use,6,4,Oracle,0.6,1.0,1
b03alpha,alphamed,agg_static@rho0.8,rep0_alphamed_agg_static@rho0.8_b03alpha,0,agg_static,0.8,next_use,6,5,Oracle,0.8,1.0,1
b03alpha,alphamed,agg_static@rho0.8,rep0_alphamed_agg_static@rho0.8_b03alpha,0,agg_static,0.8,next_use,6,6,Oracle,1.0,1.0,1
b03alpha,alphamed,agg_static@rho0.8,rep0_alphamed_agg_static@rho0.8_b03alpha,0,agg_static,0.8,horizon_h4,6,1,Random,0.1,0.189124893797791,20
b03alpha,alphamed,agg_static@rho0.8,rep0_alphamed_agg_static@rho0.8_b03alpha,0,agg_static,0.8,horizon_h4,6,1,Random,0.2,0.189124893797791,20
b03alpha,alphamed,agg_static@rho0.8,rep0_alphamed_agg_static@rho0.8_b03alpha,0,agg_static,0.8,horizon_h4,6,2,Random,0.3,0.4631265930331351,20
b03alpha,alphamed,agg_static@rho0.8,rep0_alphamed_agg_static@rho0.8_b03alpha,0,agg_static,0.8,horizon_h4,6,2,Random,0.4,0.4631265930331351,20
b03alpha,alphamed,agg_static@rho0.8,rep0_alphamed_agg_static@rho0.8_b03alpha,0,agg_static,0.8,horizon_h4,6,3,Random,0.5,0.6001274426508072,20
b03alpha,alphamed,agg_static@rho0.8,rep0_alphamed_agg_static@rho0.8_b03alpha,0,agg_static,0.8,horizon_h4,6,4,Random,0.6,0.7436278674596432,20
b03alpha,alphamed,agg_static@rho0.8,rep0_alphamed_agg_static@rho0.8_b03alpha,0,agg_static,0.8,horizon_h4,6,5,Random,0.8,0.9141886151231946,20
b03alpha,alphamed,agg_static@rho0.8,rep0_alphamed_agg_static@rho0.8_b03alpha,0,agg_static,0.8,horizon_h4,6,6,Random,1.0,1.0,20
b03alpha,alphamed,agg_static@rho0.8,rep0_alphamed_agg_static@rho0.8_b03alpha,0,agg_static,0.8,horizon_h4,6,1,Freshness,0.1,0.0,1
b03alpha,alphamed,agg_static@rho0.8,rep0_alphamed_agg_static@rho0.8_b03alpha,0,agg_static,0.8,horizon_h4,6,1,Freshness,0.2,0.0,1
b03alpha,alphamed,agg_static@rho0.8,rep0_alphamed_agg_static@rho0.8_b03alpha,0,agg_static,0.8,horizon_h4,6,2,Freshness,0.3,0.43500424808836025,1
b03alpha,alphamed,agg_static@rho0.8,rep0_alphamed_agg_static@rho0.8_b03alpha,0,agg_static,0.8,horizon_h4,6,2,Freshness,0.4,0.43500424808836025,1
b03alpha,alphamed,agg_static@rho0.8,rep0_alphamed_agg_static@rho0.8_b03alpha,0,agg_static,0.8,horizon_h4,6,3,Freshness,0.5,0.43500424808836025,1
b03alpha,alphamed,agg_static@rho0.8,rep0_alphamed_agg_static@rho0.8_b03alpha,0,agg_static,0.8,horizon_h4,6,4,Freshness,0.6,0.45624468988954975,1
b03alpha,alphamed,agg_static@rho0.8,rep0_alphamed_agg_static@rho0.8_b03alpha,0,agg_static,0.8,horizon_h4,6,5,Freshness,0.8,0.5649957519116399,1
b03alpha,alphamed,agg_static@rho0.8,rep0_alphamed_agg_static@rho0.8_b03alpha,0,agg_static,0.8,horizon_h4,6,6,Freshness,1.0,1.0,1
b03alpha,alphamed,agg_static@rho0.8,rep0_alphamed_agg_static@rho0.8_b03alpha,0,agg_static,0.8,horizon_h4,6,1,CoverageDelta,0.1,0.021240441801189464,1
b03alpha,alphamed,agg_static@rho0.8,rep0_alphamed_agg_static@rho0.8_b03alpha,0,agg_static,0.8,horizon_h4,6,1,CoverageDelta,0.2,0.021240441801189464,1
b03alpha,alphamed,agg_static@rho0.8,rep0_alphamed_agg_static@rho0.8_b03alpha,0,agg_static,0.8,horizon_h4,6,2,CoverageDelta,0.3,0.12999150382327954,1
b03alpha,alphamed,agg_static@rho0.8,rep0_alphamed_agg_static@rho0.8_b03alpha,0,agg_static,0.8,horizon_h4,6,2,CoverageDelta,0.4,0.12999150382327954,1
b03alpha,alphamed,agg_static@rho0.8,rep0_alphamed_agg_static@rho0.8_b03alpha,0,agg_static,0.8,horizon_h4,6,3,CoverageDelta,0.5,0.12999150382327954,1
b03alpha,alphamed,agg_static@rho0.8,rep0_alphamed_agg_static@rho0.8_b03alpha,0,agg_static,0.8,horizon_h4,6,4,CoverageDelta,0.6,0.5649957519116399,1
b03alpha,alphamed,agg_static@rho0.8,rep0_alphamed_agg_static@rho0.8_b03alpha,0,agg_static,0.8,horizon_h4,6,5,CoverageDelta,0.8,0.5649957519116399,1
b03alpha,alphamed,agg_static@rho0.8,rep0_alphamed_agg_static@rho0.8_b03alpha,0,agg_static,0.8,horizon_h4,6,6,CoverageDelta,1.0,1.0,1
b03alpha,alphamed,agg_static@rho0.8,rep0_alphamed_agg_static@rho0.8_b03alpha,0,agg_static,0.8,horizon_h4,6,1,CoverageAdvantage,0.1,0.021240441801189464,1
b03alpha,alphamed,agg_static@rho0.8,rep0_alphamed_agg_static@rho0.8_b03alpha,0,agg_static,0.8,horizon_h4,6,1,CoverageAdvantage,0.2,0.021240441801189464,1
b03alpha,alphamed,agg_static@rho0.8,rep0_alphamed_agg_static@rho0.8_b03alpha,0,agg_static,0.8,horizon_h4,6,2,CoverageAdvantage,0.3,0.12999150382327954,1
b03alpha,alphamed,agg_static@rho0.8,rep0_alphamed_agg_static@rho0.8_b03alpha,0,agg_static,0.8,horizon_h4,6,2,CoverageAdvantage,0.4,0.12999150382327954,1
b03alpha,alphamed,agg_static@rho0.8,rep0_alphamed_agg_static@rho0.8_b03alpha,0,agg_static,0.8,horizon_h4,6,3,CoverageAdvantage,0.5,0.12999150382327954,1
b03alpha,alphamed,agg_static@rho0.8,rep0_alphamed_agg_static@rho0.8_b03alpha,0,agg_static,0.8,horizon_h4,6,4,CoverageAdvantage,0.6,0.5649957519116399,1
b03alpha,alphamed,agg_static@rho0.8,rep0_alphamed_agg_static@rho0.8_b03alpha,0,agg_static,0.8,horizon_h4,6,5,CoverageAdvantage,0.8,0.5649957519116399,1
b03alpha,alphamed,agg_static@rho0.8,rep0_alphamed_agg_static@rho0.8_b03alpha,0,agg_static,0.8,horizon_h4,6,6,CoverageAdvantage,1.0,1.0,1
b03alpha,alphamed,agg_static@rho0.8,rep0_alphamed_agg_static@rho0.8_b03alpha,0,agg_static,0.8,horizon_h4,6,1,SimpleCoverageLoad,0.1,0.021240441801189464,1
b03alpha,alphamed,agg_static@rho0.8,rep0_alphamed_agg_static@rho0.8_b03alpha,0,agg_static,0.8,horizon_h4,6,1,SimpleCoverageLoad,0.2,0.021240441801189464,1
b03alpha,alphamed,agg_static@rho0.8,rep0_alphamed_agg_static@rho0.8_b03alpha,0,agg_static,0.8,horizon_h4,6,2,SimpleCoverageLoad,0.3,0.12999150382327954,1
b03alpha,alphamed,agg_static@rho0.8,rep0_alphamed_agg_static@rho0.8_b03alpha,0,agg_static,0.8,horizon_h4,6,2,SimpleCoverageLoad,0.4,0.12999150382327954,1
b03alpha,alphamed,agg_static@rho0.8,rep0_alphamed_agg_static@rho0.8_b03alpha,0,agg_static,0.8,horizon_h4,6,3,SimpleCoverageLoad,0.5,0.12999150382327954,1
b03alpha,alphamed,agg_static@rho0.8,rep0_alphamed_agg_static@rho0.8_b03alpha,0,agg_static,0.8,horizon_h4,6,4,SimpleCoverageLoad,0.6,0.5649957519116399,1
b03alpha,alphamed,agg_static@rho0.8,rep0_alphamed_agg_static@rho0.8_b03alpha,0,agg_static,0.8,horizon_h4,6,5,SimpleCoverageLoad,0.8,0.5649957519116399,1
b03alpha,alphamed,agg_static@rho0.8,rep0_alphamed_agg_static@rho0.8_b03alpha,0,agg_static,0.8,horizon_h4,6,6,SimpleCoverageLoad,1.0,1.0,1
b03alpha,alphamed,agg_static@rho0.8,rep0_alphamed_agg_static@rho0.8_b03alpha,0,agg_static,0.8,horizon_h4,6,1,DecisionAware,0.1,0.021240441801189464,1
b03alpha,alphamed,agg_static@rho0.8,rep0_alphamed_agg_static@rho0.8_b03alpha,0,agg_static,0.8,horizon_h4,6,1,DecisionAware,0.2,0.021240441801189464,1
b03alpha,alphamed,agg_static@rho0.8,rep0_alphamed_agg_static@rho0.8_b03alpha,0,agg_static,0.8,horizon_h4,6,2,DecisionAware,0.3,0.12999150382327954,1
b03alpha,alphamed,agg_static@rho0.8,rep0_alphamed_agg_static@rho0.8_b03alpha,0,agg_static,0.8,horizon_h4,6,2,DecisionAware,0.4,0.12999150382327954,1
b03alpha,alphamed,agg_static@rho0.8,rep0_alphamed_agg_static@rho0.8_b03alpha,0,agg_static,0.8,horizon_h4,6,3,DecisionAware,0.5,0.12999150382327954,1
b03alpha,alphamed,agg_static@rho0.8,rep0_alphamed_agg_static@rho0.8_b03alpha,0,agg_static,0.8,horizon_h4,6,4,DecisionAware,0.6,0.5649957519116399,1
b03alpha,alphamed,agg_static@rho0.8,rep0_alphamed_agg_static@rho0.8_b03alpha,0,agg_static,0.8,horizon_h4,6,5,DecisionAware,0.8,0.5649957519116399,1
b03alpha,alphamed,agg_static@rho0.8,rep0_alphamed_agg_static@rho0.8_b03alpha,0,agg_static,0.8,horizon_h4,6,6,DecisionAware,1.0,1.0,1
b03alpha,alphamed,agg_static@rho0.8,rep0_alphamed_agg_static@rho0.8_b03alpha,0,agg_static,0.8,horizon_h4,6,1,B02Utility,0.1,0.021240441801189464,1
b03alpha,alphamed,agg_static@rho0.8,rep0_alphamed_agg_static@rho0.8_b03alpha,0,agg_static,0.8,horizon_h4,6,1,B02Utility,0.2,0.021240441801189464,1
b03alpha,alphamed,agg_static@rho0.8,rep0_alphamed_agg_static@rho0.8_b03alpha,0,agg_static,0.8,horizon_h4,6,2,B02Utility,0.3,0.12999150382327954,1
b03alpha,alphamed,agg_static@rho0.8,rep0_alphamed_agg_static@rho0.8_b03alpha,0,agg_static,0.8,horizon_h4,6,2,B02Utility,0.4,0.12999150382327954,1
b03alpha,alphamed,agg_static@rho0.8,rep0_alphamed_agg_static@rho0.8_b03alpha,0,agg_static,0.8,horizon_h4,6,3,B02Utility,0.5,0.12999150382327954,1
b03alpha,alphamed,agg_static@rho0.8,rep0_alphamed_agg_static@rho0.8_b03alpha,0,agg_static,0.8,horizon_h4,6,4,B02Utility,0.6,0.5649957519116399,1
b03alpha,alphamed,agg_static@rho0.8,rep0_alphamed_agg_static@rho0.8_b03alpha,0,agg_static,0.8,horizon_h4,6,5,B02Utility,0.8,0.5649957519116399,1
b03alpha,alphamed,agg_static@rho0.8,rep0_alphamed_agg_static@rho0.8_b03alpha,0,agg_static,0.8,horizon_h4,6,6,B02Utility,1.0,1.0,1
b03alpha,alphamed,agg_static@rho0.8,rep0_alphamed_agg_static@rho0.8_b03alpha,0,agg_static,0.8,horizon_h4,6,1,Oracle,0.1,0.43500424808836025,1
b03alpha,alphamed,agg_static@rho0.8,rep0_alphamed_agg_static@rho0.8_b03alpha,0,agg_static,0.8,horizon_h4,6,1,Oracle,0.2,0.43500424808836025,1
b03alpha,alphamed,agg_static@rho0.8,rep0_alphamed_agg_static@rho0.8_b03alpha,0,agg_static,0.8,horizon_h4,6,2,Oracle,0.3,0.8700084961767205,1
b03alpha,alphamed,agg_static@rho0.8,rep0_alphamed_agg_static@rho0.8_b03alpha,0,agg_static,0.8,horizon_h4,6,2,Oracle,0.4,0.8700084961767205,1
b03alpha,alphamed,agg_static@rho0.8,rep0_alphamed_agg_static@rho0.8_b03alpha,0,agg_static,0.8,horizon_h4,6,3,Oracle,0.5,0.9787595581988106,1
b03alpha,alphamed,agg_static@rho0.8,rep0_alphamed_agg_static@rho0.8_b03alpha,0,agg_static,0.8,horizon_h4,6,4,Oracle,0.6,1.0,1
b03alpha,alphamed,agg_static@rho0.8,rep0_alphamed_agg_static@rho0.8_b03alpha,0,agg_static,0.8,horizon_h4,6,5,Oracle,0.8,1.0,1
b03alpha,alphamed,agg_static@rho0.8,rep0_alphamed_agg_static@rho0.8_b03alpha,0,agg_static,0.8,horizon_h4,6,6,Oracle,1.0,1.0,1
b03alpha,alphamed,agg_full@rho0.8,rep1_alphamed_agg_full@rho0.8_b03alpha,1,agg_full,0.8,next_use,15,2,Random,0.1,0.12863088404133177,20
b03alpha,alphamed,agg_full@rho0.8,rep1_alphamed_agg_full@rho0.8_b03alpha,1,agg_full,0.8,next_use,15,3,Random,0.2,0.19628300803673937,20
b03alpha,alphamed,agg_full@rho0.8,rep1_alphamed_agg_full@rho0.8_b03alpha,1,agg_full,0.8,next_use,15,4,Random,0.3,0.25950057405281285,20
b03alpha,alphamed,agg_full@rho0.8,rep1_alphamed_agg_full@rho0.8_b03alpha,1,agg_full,0.8,next_use,15,6,Random,0.4,0.384902411021814,20
b03alpha,alphamed,agg_full@rho0.8,rep1_alphamed_agg_full@rho0.8_b03alpha,1,agg_full,0.8,next_use,15,8,Random,0.5,0.5283151549942594,20
b03alpha,alphamed,agg_full@rho0.8,rep1_alphamed_agg_full@rho0.8_b03alpha,1,agg_full,0.8,next_use,15,9,Random,0.6,0.5985218140068886,20
b03alpha,alphamed,agg_full@rho0.8,rep1_alphamed_agg_full@rho0.8_b03alpha,1,agg_full,0.8,next_use,15,12,Random,0.8,0.7988805970149253,20
b03alpha,alphamed,agg_full@rho0.8,rep1_alphamed_agg_full@rho0.8_b03alpha,1,agg_full,0.8,next_use,15,15,Random,1.0,1.0,20
b03alpha,alphamed,agg_full@rho0.8,rep1_alphamed_agg_full@rho0.8_b03alpha,1,agg_full,0.8,next_use,15,2,Freshness,0.1,0.0,1
b03alpha,alphamed,agg_full@rho0.8,rep1_alphamed_agg_full@rho0.8_b03alpha,1,agg_full,0.8,next_use,15,3,Freshness,0.2,0.17652123995407576,1
b03alpha,alphamed,agg_full@rho0.8,rep1_alphamed_agg_full@rho0.8_b03alpha,1,agg_full,0.8,next_use,15,4,Freshness,0.3,0.17652123995407576,1
b03alpha,alphamed,agg_full@rho0.8,rep1_alphamed_agg_full@rho0.8_b03alpha,1,agg_full,0.8,next_use,15,6,Freshness,0.4,0.34586681974741673,1
b03alpha,alphamed,agg_full@rho0.8,rep1_alphamed_agg_full@rho0.8_b03alpha,1,agg_full,0.8,next_use,15,8,Freshness,0.5,0.4928243398392652,1
b03alpha,alphamed,agg_full@rho0.8,rep1_alphamed_agg_full@rho0.8_b03alpha,1,agg_full,0.8,next_use,15,9,Freshness,0.6,0.6326061997703788,1
b03alpha,alphamed,agg_full@rho0.8,rep1_alphamed_agg_full@rho0.8_b03alpha,1,agg_full,0.8,next_use,15,12,Freshness,0.8,0.7795637198622273,1
b03alpha,alphamed,agg_full@rho0.8,rep1_alphamed_agg_full@rho0.8_b03alpha,1,agg_full,0.8,next_use,15,15,Freshness,1.0,1.0,1
b03alpha,alphamed,agg_full@rho0.8,rep1_alphamed_agg_full@rho0.8_b03alpha,1,agg_full,0.8,next_use,15,2,CoverageDelta,0.1,0.17652123995407576,1
b03alpha,alphamed,agg_full@rho0.8,rep1_alphamed_agg_full@rho0.8_b03alpha,1,agg_full,0.8,next_use,15,3,CoverageDelta,0.2,0.2060849598163031,1
b03alpha,alphamed,agg_full@rho0.8,rep1_alphamed_agg_full@rho0.8_b03alpha,1,agg_full,0.8,next_use,15,4,CoverageDelta,0.3,0.2060849598163031,1
b03alpha,alphamed,agg_full@rho0.8,rep1_alphamed_agg_full@rho0.8_b03alpha,1,agg_full,0.8,next_use,15,6,CoverageDelta,0.4,0.2060849598163031,1
b03alpha,alphamed,agg_full@rho0.8,rep1_alphamed_agg_full@rho0.8_b03alpha,1,agg_full,0.8,next_use,15,8,CoverageDelta,0.5,0.34586681974741673,1
b03alpha,alphamed,agg_full@rho0.8,rep1_alphamed_agg_full@rho0.8_b03alpha,1,agg_full,0.8,next_use,15,9,CoverageDelta,0.6,0.34586681974741673,1
b03alpha,alphamed,agg_full@rho0.8,rep1_alphamed_agg_full@rho0.8_b03alpha,1,agg_full,0.8,next_use,15,12,CoverageDelta,0.8,0.7795637198622273,1
b03alpha,alphamed,agg_full@rho0.8,rep1_alphamed_agg_full@rho0.8_b03alpha,1,agg_full,0.8,next_use,15,15,CoverageDelta,1.0,1.0,1
b03alpha,alphamed,agg_full@rho0.8,rep1_alphamed_agg_full@rho0.8_b03alpha,1,agg_full,0.8,next_use,15,2,CoverageAdvantage,0.1,0.080654420206659,1
b03alpha,alphamed,agg_full@rho0.8,rep1_alphamed_agg_full@rho0.8_b03alpha,1,agg_full,0.8,next_use,15,3,CoverageAdvantage,0.2,0.080654420206659,1
b03alpha,alphamed,agg_full@rho0.8,rep1_alphamed_agg_full@rho0.8_b03alpha,1,agg_full,0.8,next_use,15,4,CoverageAdvantage,0.3,0.2571756601607348,1
b03alpha,alphamed,agg_full@rho0.8,rep1_alphamed_agg_full@rho0.8_b03alpha,1,agg_full,0.8,next_use,15,6,CoverageAdvantage,0.4,0.28673938002296206,1
b03alpha,alphamed,agg_full@rho0.8,rep1_alphamed_agg_full@rho0.8_b03alpha,1,agg_full,0.8,next_use,15,8,CoverageAdvantage,0.5,0.28673938002296206,1
b03alpha,alphamed,agg_full@rho0.8,rep1_alphamed_agg_full@rho0.8_b03alpha,1,agg_full,0.8,next_use,15,9,CoverageAdvantage,0.6,0.28673938002296206,1
b03alpha,alphamed,agg_full@rho0.8,rep1_alphamed_agg_full@rho0.8_b03alpha,1,agg_full,0.8,next_use,15,12,CoverageAdvantage,0.8,0.5734787600459241,1
b03alpha,alphamed,agg_full@rho0.8,rep1_alphamed_agg_full@rho0.8_b03alpha,1,agg_full,0.8,next_use,15,15,CoverageAdvantage,1.0,1.0,1
b03alpha,alphamed,agg_full@rho0.8,rep1_alphamed_agg_full@rho0.8_b03alpha,1,agg_full,0.8,next_use,15,2,SimpleCoverageLoad,0.1,0.080654420206659,1
b03alpha,alphamed,agg_full@rho0.8,rep1_alphamed_agg_full@rho0.8_b03alpha,1,agg_full,0.8,next_use,15,3,SimpleCoverageLoad,0.2,0.080654420206659,1
b03alpha,alphamed,agg_full@rho0.8,rep1_alphamed_agg_full@rho0.8_b03alpha,1,agg_full,0.8,next_use,15,4,SimpleCoverageLoad,0.3,0.2571756601607348,1
b03alpha,alphamed,agg_full@rho0.8,rep1_alphamed_agg_full@rho0.8_b03alpha,1,agg_full,0.8,next_use,15,6,SimpleCoverageLoad,0.4,0.28673938002296206,1
b03alpha,alphamed,agg_full@rho0.8,rep1_alphamed_agg_full@rho0.8_b03alpha,1,agg_full,0.8,next_use,15,8,SimpleCoverageLoad,0.5,0.28673938002296206,1
b03alpha,alphamed,agg_full@rho0.8,rep1_alphamed_agg_full@rho0.8_b03alpha,1,agg_full,0.8,next_use,15,9,SimpleCoverageLoad,0.6,0.28673938002296206,1
b03alpha,alphamed,agg_full@rho0.8,rep1_alphamed_agg_full@rho0.8_b03alpha,1,agg_full,0.8,next_use,15,12,SimpleCoverageLoad,0.8,0.5734787600459241,1
b03alpha,alphamed,agg_full@rho0.8,rep1_alphamed_agg_full@rho0.8_b03alpha,1,agg_full,0.8,next_use,15,15,SimpleCoverageLoad,1.0,1.0,1
b03alpha,alphamed,agg_full@rho0.8,rep1_alphamed_agg_full@rho0.8_b03alpha,1,agg_full,0.8,next_use,15,2,DecisionAware,0.1,0.080654420206659,1
b03alpha,alphamed,agg_full@rho0.8,rep1_alphamed_agg_full@rho0.8_b03alpha,1,agg_full,0.8,next_use,15,3,DecisionAware,0.2,0.080654420206659,1
b03alpha,alphamed,agg_full@rho0.8,rep1_alphamed_agg_full@rho0.8_b03alpha,1,agg_full,0.8,next_use,15,4,DecisionAware,0.3,0.2571756601607348,1
b03alpha,alphamed,agg_full@rho0.8,rep1_alphamed_agg_full@rho0.8_b03alpha,1,agg_full,0.8,next_use,15,6,DecisionAware,0.4,0.28673938002296206,1
b03alpha,alphamed,agg_full@rho0.8,rep1_alphamed_agg_full@rho0.8_b03alpha,1,agg_full,0.8,next_use,15,8,DecisionAware,0.5,0.28673938002296206,1
b03alpha,alphamed,agg_full@rho0.8,rep1_alphamed_agg_full@rho0.8_b03alpha,1,agg_full,0.8,next_use,15,9,DecisionAware,0.6,0.28673938002296206,1
b03alpha,alphamed,agg_full@rho0.8,rep1_alphamed_agg_full@rho0.8_b03alpha,1,agg_full,0.8,next_use,15,12,DecisionAware,0.8,0.5734787600459241,1
b03alpha,alphamed,agg_full@rho0.8,rep1_alphamed_agg_full@rho0.8_b03alpha,1,agg_full,0.8,next_use,15,15,DecisionAware,1.0,1.0,1
b03alpha,alphamed,agg_full@rho0.8,rep1_alphamed_agg_full@rho0.8_b03alpha,1,agg_full,0.8,next_use,15,2,B02Utility,0.1,0.17652123995407576,1
b03alpha,alphamed,agg_full@rho0.8,rep1_alphamed_agg_full@rho0.8_b03alpha,1,agg_full,0.8,next_use,15,3,B02Utility,0.2,0.2060849598163031,1
b03alpha,alphamed,agg_full@rho0.8,rep1_alphamed_agg_full@rho0.8_b03alpha,1,agg_full,0.8,next_use,15,4,B02Utility,0.3,0.2060849598163031,1
b03alpha,alphamed,agg_full@rho0.8,rep1_alphamed_agg_full@rho0.8_b03alpha,1,agg_full,0.8,next_use,15,6,B02Utility,0.4,0.34586681974741673,1
b03alpha,alphamed,agg_full@rho0.8,rep1_alphamed_agg_full@rho0.8_b03alpha,1,agg_full,0.8,next_use,15,8,B02Utility,0.5,0.34586681974741673,1
b03alpha,alphamed,agg_full@rho0.8,rep1_alphamed_agg_full@rho0.8_b03alpha,1,agg_full,0.8,next_use,15,9,B02Utility,0.6,0.38260619977037885,1
b03alpha,alphamed,agg_full@rho0.8,rep1_alphamed_agg_full@rho0.8_b03alpha,1,agg_full,0.8,next_use,15,12,B02Utility,0.8,0.669345579793341,1
b03alpha,alphamed,agg_full@rho0.8,rep1_alphamed_agg_full@rho0.8_b03alpha,1,agg_full,0.8,next_use,15,15,B02Utility,1.0,1.0,1
b03alpha,alphamed,agg_full@rho0.8,rep1_alphamed_agg_full@rho0.8_b03alpha,1,agg_full,0.8,next_use,15,2,Oracle,0.1,0.3234787600459242,1
b03alpha,alphamed,agg_full@rho0.8,rep1_alphamed_agg_full@rho0.8_b03alpha,1,agg_full,0.8,next_use,15,3,Oracle,0.2,0.47043628013777267,1
b03alpha,alphamed,agg_full@rho0.8,rep1_alphamed_agg_full@rho0.8_b03alpha,1,agg_full,0.8,next_use,15,4,Oracle,0.3,0.6102181400688863,1
b03alpha,alphamed,agg_full@rho0.8,rep1_alphamed_agg_full@rho0.8_b03alpha,1,agg_full,0.8,next_use,15,6,Oracle,0.4,0.8897818599311136,1
b03alpha,alphamed,agg_full@rho0.8,rep1_alphamed_agg_full@rho0.8_b03alpha,1,agg_full,0.8,next_use,15,8,Oracle,0.5,0.9704362801377726,1
b03alpha,alphamed,agg_full@rho0.8,rep1_alphamed_agg_full@rho0.8_b03alpha,1,agg_full,0.8,next_use,15,9,Oracle,0.6,1.0,1
b03alpha,alphamed,agg_full@rho0.8,rep1_alphamed_agg_full@rho0.8_b03alpha,1,agg_full,0.8,next_use,15,12,Oracle,0.8,1.0,1
b03alpha,alphamed,agg_full@rho0.8,rep1_alphamed_agg_full@rho0.8_b03alpha,1,agg_full,0.8,next_use,15,15,Oracle,1.0,1.0,1
b03alpha,alphamed,agg_full@rho0.8,rep1_alphamed_agg_full@rho0.8_b03alpha,1,agg_full,0.8,horizon_h4,15,2,Random,0.1,0.13458333333333333,20
b03alpha,alphamed,agg_full@rho0.8,rep1_alphamed_agg_full@rho0.8_b03alpha,1,agg_full,0.8,horizon_h4,15,3,Random,0.2,0.1978760162601626,20
b03alpha,alphamed,agg_full@rho0.8,rep1_alphamed_agg_full@rho0.8_b03alpha,1,agg_full,0.8,horizon_h4,15,4,Random,0.3,0.273130081300813,20
b03alpha,alphamed,agg_full@rho0.8,rep1_alphamed_agg_full@rho0.8_b03alpha,1,agg_full,0.8,horizon_h4,15,6,Random,0.4,0.38385162601626016,20
b03alpha,alphamed,agg_full@rho0.8,rep1_alphamed_agg_full@rho0.8_b03alpha,1,agg_full,0.8,horizon_h4,15,8,Random,0.5,0.5325813008130081,20
b03alpha,alphamed,agg_full@rho0.8,rep1_alphamed_agg_full@rho0.8_b03alpha,1,agg_full,0.8,horizon_h4,15,9,Random,0.6,0.5992378048780488,20
b03alpha,alphamed,agg_full@rho0.8,rep1_alphamed_agg_full@rho0.8_b03alpha,1,agg_full,0.8,horizon_h4,15,12,Random,0.8,0.7906402439024389,20
b03alpha,alphamed,agg_full@rho0.8,rep1_alphamed_agg_full@rho0.8_b03alpha,1,agg_full,0.8,horizon_h4,15,15,Random,1.0,1.0,20
b03alpha,alphamed,agg_full@rho0.8,rep1_alphamed_agg_full@rho0.8_b03alpha,1,agg_full,0.8,horizon_h4,15,2,Freshness,0.1,0.0,1
b03alpha,alphamed,agg_full@rho0.8,rep1_alphamed_agg_full@rho0.8_b03alpha,1,agg_full,0.8,horizon_h4,15,3,Freshness,0.2,0.125,1
b03alpha,alphamed,agg_full@rho0.8,rep1_alphamed_agg_full@rho0.8_b03alpha,1,agg_full,0.8,horizon_h4,15,4,Freshness,0.3,0.125,1
b03alpha,alphamed,agg_full@rho0.8,rep1_alphamed_agg_full@rho0.8_b03alpha,1,agg_full,0.8,horizon_h4,15,6,Freshness,0.4,0.2607723577235772,1
b03alpha,alphamed,agg_full@rho0.8,rep1_alphamed_agg_full@rho0.8_b03alpha,1,agg_full,0.8,horizon_h4,15,8,Freshness,0.5,0.5678861788617886,1
b03alpha,alphamed,agg_full@rho0.8,rep1_alphamed_agg_full@rho0.8_b03alpha,1,agg_full,0.8,horizon_h4,15,9,Freshness,0.6,0.666869918699187,1
b03alpha,alphamed,agg_full@rho0.8,rep1_alphamed_agg_full@rho0.8_b03alpha,1,agg_full,0.8,horizon_h4,15,12,Freshness,0.8,0.8699186991869917,1
b03alpha,alphamed,agg_full@rho0.8,rep1_alphamed_agg_full@rho0.8_b03alpha,1,agg_full,0.8,horizon_h4,15,15,Freshness,1.0,1.0,1
b03alpha,alphamed,agg_full@rho0.8,rep1_alphamed_agg_full@rho0.8_b03alpha,1,agg_full,0.8,horizon_h4,15,2,CoverageDelta,0.1,0.125,1
b03alpha,alphamed,agg_full@rho0.8,rep1_alphamed_agg_full@rho0.8_b03alpha,1,agg_full,0.8,horizon_h4,15,3,CoverageDelta,0.2,0.16178861788617888,1
b03alpha,alphamed,agg_full@rho0.8,rep1_alphamed_agg_full@rho0.8_b03alpha,1,agg_full,0.8,horizon_h4,15,4,CoverageDelta,0.3,0.16178861788617888,1
b03alpha,alphamed,agg_full@rho0.8,rep1_alphamed_agg_full@rho0.8_b03alpha,1,agg_full,0.8,horizon_h4,15,6,CoverageDelta,0.4,0.16178861788617888,1
b03alpha,alphamed,agg_full@rho0.8,rep1_alphamed_agg_full@rho0.8_b03alpha,1,agg_full,0.8,horizon_h4,15,8,CoverageDelta,0.5,0.2607723577235772,1
b03alpha,alphamed,agg_full@rho0.8,rep1_alphamed_agg_full@rho0.8_b03alpha,1,agg_full,0.8,horizon_h4,15,9,CoverageDelta,0.6,0.2607723577235772,1
b03alpha,alphamed,agg_full@rho0.8,rep1_alphamed_agg_full@rho0.8_b03alpha,1,agg_full,0.8,horizon_h4,15,12,CoverageDelta,0.8,0.8699186991869917,1
b03alpha,alphamed,agg_full@rho0.8,rep1_alphamed_agg_full@rho0.8_b03alpha,1,agg_full,0.8,horizon_h4,15,15,CoverageDelta,1.0,1.0,1
b03alpha,alphamed,agg_full@rho0.8,rep1_alphamed_agg_full@rho0.8_b03alpha,1,agg_full,0.8,horizon_h4,15,2,CoverageAdvantage,0.1,0.031097560975609756,1
b03alpha,alphamed,agg_full@rho0.8,rep1_alphamed_agg_full@rho0.8_b03alpha,1,agg_full,0.8,horizon_h4,15,3,CoverageAdvantage,0.2,0.031097560975609756,1
b03alpha,alphamed,agg_full@rho0.8,rep1_alphamed_agg_full@rho0.8_b03alpha,1,agg_full,0.8,horizon_h4,15,4,CoverageAdvantage,0.3,0.15609756097560976,1
b03alpha,alphamed,agg_full@rho0.8,rep1_alphamed_agg_full@rho0.8_b03alpha,1,agg_full,0.8,horizon_h4,15,6,CoverageAdvantage,0.4,0.1928861788617886,1
b03alpha,alphamed,agg_full@rho0.8,rep1_alphamed_agg_full@rho0.8_b03alpha,1,agg_full,0.8,horizon_h4,15,8,CoverageAdvantage,0.5,0.1928861788617886,1
b03alpha,alphamed,agg_full@rho0.8,rep1_alphamed_agg_full@rho0.8_b03alpha,1,agg_full,0.8,horizon_h4,15,9,CoverageAdvantage,0.6,0.1928861788617886,1
b03alpha,alphamed,agg_full@rho0.8,rep1_alphamed_agg_full@rho0.8_b03alpha,1,agg_full,0.8,horizon_h4,15,12,CoverageAdvantage,0.8,0.5989837398373983,1
b03alpha,alphamed,agg_full@rho0.8,rep1_alphamed_agg_full@rho0.8_b03alpha,1,agg_full,0.8,horizon_h4,15,15,CoverageAdvantage,1.0,1.0,1
b03alpha,alphamed,agg_full@rho0.8,rep1_alphamed_agg_full@rho0.8_b03alpha,1,agg_full,0.8,horizon_h4,15,2,SimpleCoverageLoad,0.1,0.031097560975609756,1
b03alpha,alphamed,agg_full@rho0.8,rep1_alphamed_agg_full@rho0.8_b03alpha,1,agg_full,0.8,horizon_h4,15,3,SimpleCoverageLoad,0.2,0.031097560975609756,1
b03alpha,alphamed,agg_full@rho0.8,rep1_alphamed_agg_full@rho0.8_b03alpha,1,agg_full,0.8,horizon_h4,15,4,SimpleCoverageLoad,0.3,0.15609756097560976,1
b03alpha,alphamed,agg_full@rho0.8,rep1_alphamed_agg_full@rho0.8_b03alpha,1,agg_full,0.8,horizon_h4,15,6,SimpleCoverageLoad,0.4,0.1928861788617886,1
b03alpha,alphamed,agg_full@rho0.8,rep1_alphamed_agg_full@rho0.8_b03alpha,1,agg_full,0.8,horizon_h4,15,8,SimpleCoverageLoad,0.5,0.1928861788617886,1
b03alpha,alphamed,agg_full@rho0.8,rep1_alphamed_agg_full@rho0.8_b03alpha,1,agg_full,0.8,horizon_h4,15,9,SimpleCoverageLoad,0.6,0.1928861788617886,1
b03alpha,alphamed,agg_full@rho0.8,rep1_alphamed_agg_full@rho0.8_b03alpha,1,agg_full,0.8,horizon_h4,15,12,SimpleCoverageLoad,0.8,0.5989837398373983,1
b03alpha,alphamed,agg_full@rho0.8,rep1_alphamed_agg_full@rho0.8_b03alpha,1,agg_full,0.8,horizon_h4,15,15,SimpleCoverageLoad,1.0,1.0,1
b03alpha,alphamed,agg_full@rho0.8,rep1_alphamed_agg_full@rho0.8_b03alpha,1,agg_full,0.8,horizon_h4,15,2,DecisionAware,0.1,0.031097560975609756,1
b03alpha,alphamed,agg_full@rho0.8,rep1_alphamed_agg_full@rho0.8_b03alpha,1,agg_full,0.8,horizon_h4,15,3,DecisionAware,0.2,0.031097560975609756,1
b03alpha,alphamed,agg_full@rho0.8,rep1_alphamed_agg_full@rho0.8_b03alpha,1,agg_full,0.8,horizon_h4,15,4,DecisionAware,0.3,0.15609756097560976,1
b03alpha,alphamed,agg_full@rho0.8,rep1_alphamed_agg_full@rho0.8_b03alpha,1,agg_full,0.8,horizon_h4,15,6,DecisionAware,0.4,0.1928861788617886,1
b03alpha,alphamed,agg_full@rho0.8,rep1_alphamed_agg_full@rho0.8_b03alpha,1,agg_full,0.8,horizon_h4,15,8,DecisionAware,0.5,0.1928861788617886,1
b03alpha,alphamed,agg_full@rho0.8,rep1_alphamed_agg_full@rho0.8_b03alpha,1,agg_full,0.8,horizon_h4,15,9,DecisionAware,0.6,0.1928861788617886,1
b03alpha,alphamed,agg_full@rho0.8,rep1_alphamed_agg_full@rho0.8_b03alpha,1,agg_full,0.8,horizon_h4,15,12,DecisionAware,0.8,0.5989837398373983,1
b03alpha,alphamed,agg_full@rho0.8,rep1_alphamed_agg_full@rho0.8_b03alpha,1,agg_full,0.8,horizon_h4,15,15,DecisionAware,1.0,1.0,1
b03alpha,alphamed,agg_full@rho0.8,rep1_alphamed_agg_full@rho0.8_b03alpha,1,agg_full,0.8,horizon_h4,15,2,B02Utility,0.1,0.125,1
b03alpha,alphamed,agg_full@rho0.8,rep1_alphamed_agg_full@rho0.8_b03alpha,1,agg_full,0.8,horizon_h4,15,3,B02Utility,0.2,0.16178861788617888,1
b03alpha,alphamed,agg_full@rho0.8,rep1_alphamed_agg_full@rho0.8_b03alpha,1,agg_full,0.8,horizon_h4,15,4,B02Utility,0.3,0.16178861788617888,1
b03alpha,alphamed,agg_full@rho0.8,rep1_alphamed_agg_full@rho0.8_b03alpha,1,agg_full,0.8,horizon_h4,15,6,B02Utility,0.4,0.2607723577235772,1
b03alpha,alphamed,agg_full@rho0.8,rep1_alphamed_agg_full@rho0.8_b03alpha,1,agg_full,0.8,horizon_h4,15,8,B02Utility,0.5,0.2607723577235772,1
b03alpha,alphamed,agg_full@rho0.8,rep1_alphamed_agg_full@rho0.8_b03alpha,1,agg_full,0.8,horizon_h4,15,9,B02Utility,0.6,0.2607723577235772,1
b03alpha,alphamed,agg_full@rho0.8,rep1_alphamed_agg_full@rho0.8_b03alpha,1,agg_full,0.8,horizon_h4,15,12,B02Utility,0.8,0.666869918699187,1
b03alpha,alphamed,agg_full@rho0.8,rep1_alphamed_agg_full@rho0.8_b03alpha,1,agg_full,0.8,horizon_h4,15,15,B02Utility,1.0,1.0,1
b03alpha,alphamed,agg_full@rho0.8,rep1_alphamed_agg_full@rho0.8_b03alpha,1,agg_full,0.8,horizon_h4,15,2,Oracle,0.1,0.5101626016260162,1
b03alpha,alphamed,agg_full@rho0.8,rep1_alphamed_agg_full@rho0.8_b03alpha,1,agg_full,0.8,horizon_h4,15,3,Oracle,0.2,0.6351626016260162,1
b03alpha,alphamed,agg_full@rho0.8,rep1_alphamed_agg_full@rho0.8_b03alpha,1,agg_full,0.8,horizon_h4,15,4,Oracle,0.3,0.7341463414634145,1
b03alpha,alphamed,agg_full@rho0.8,rep1_alphamed_agg_full@rho0.8_b03alpha,1,agg_full,0.8,horizon_h4,15,6,Oracle,0.4,0.9321138211382113,1
b03alpha,alphamed,agg_full@rho0.8,rep1_alphamed_agg_full@rho0.8_b03alpha,1,agg_full,0.8,horizon_h4,15,8,Oracle,0.5,1.0,1
b03alpha,alphamed,agg_full@rho0.8,rep1_alphamed_agg_full@rho0.8_b03alpha,1,agg_full,0.8,horizon_h4,15,9,Oracle,0.6,1.0,1
b03alpha,alphamed,agg_full@rho0.8,rep1_alphamed_agg_full@rho0.8_b03alpha,1,agg_full,0.8,horizon_h4,15,12,Oracle,0.8,1.0,1
b03alpha,alphamed,agg_full@rho0.8,rep1_alphamed_agg_full@rho0.8_b03alpha,1,agg_full,0.8,horizon_h4,15,15,Oracle,1.0,1.0,1
b03alpha,alphamed,agg_static@rho0.8,rep1_alphamed_agg_static@rho0.8_b03alpha,1,agg_static,0.8,next_use,12,1,Random,0.1,0.08333333333333333,20
b03alpha,alphamed,agg_static@rho0.8,rep1_alphamed_agg_static@rho0.8_b03alpha,1,agg_static,0.8,next_use,12,2,Random,0.2,0.17880804495711328,20
b03alpha,alphamed,agg_static@rho0.8,rep1_alphamed_agg_static@rho0.8_b03alpha,1,agg_static,0.8,next_use,12,4,Random,0.3,0.3416888494528246,20
b03alpha,alphamed,agg_static@rho0.8,rep1_alphamed_agg_static@rho0.8_b03alpha,1,agg_static,0.8,next_use,12,5,Random,0.4,0.4322241940254362,20
b03alpha,alphamed,agg_static@rho0.8,rep1_alphamed_agg_static@rho0.8_b03alpha,1,agg_static,0.8,next_use,12,6,Random,0.5,0.48564034309375925,20
b03alpha,alphamed,agg_static@rho0.8,rep1_alphamed_agg_static@rho0.8_b03alpha,1,agg_static,0.8,next_use,12,7,Random,0.6,0.5439514936409346,20
b03alpha,alphamed,agg_static@rho0.8,rep1_alphamed_agg_static@rho0.8_b03alpha,1,agg_static,0.8,next_use,12,10,Random,0.8,0.8185595977521443,20
b03alpha,alphamed,agg_static@rho0.8,rep1_alphamed_agg_static@rho0.8_b03alpha,1,agg_static,0.8,next_use,12,12,Random,1.0,1.0,20
b03alpha,alphamed,agg_static@rho0.8,rep1_alphamed_agg_static@rho0.8_b03alpha,1,agg_static,0.8,next_use,12,1,Freshness,0.1,0.0,1
b03alpha,alphamed,agg_static@rho0.8,rep1_alphamed_agg_static@rho0.8_b03alpha,1,agg_static,0.8,next_use,12,2,Freshness,0.2,0.14404022478556638,1
b03alpha,alphamed,agg_static@rho0.8,rep1_alphamed_agg_static@rho0.8_b03alpha,1,agg_static,0.8,next_use,12,4,Freshness,0.3,0.28808044957113277,1
b03alpha,alphamed,agg_static@rho0.8,rep1_alphamed_agg_static@rho0.8_b03alpha,1,agg_static,0.8,next_use,12,5,Freshness,0.4,0.32593907128068617,1
b03alpha,alphamed,agg_static@rho0.8,rep1_alphamed_agg_static@rho0.8_b03alpha,1,agg_static,0.8,next_use,12,6,Freshness,0.5,0.36379769299023956,1
b03alpha,alphamed,agg_static@rho0.8,rep1_alphamed_agg_static@rho0.8_b03alpha,1,agg_static,0.8,next_use,12,7,Freshness,0.6,0.5152321798284532,1
b03alpha,alphamed,agg_static@rho0.8,rep1_alphamed_agg_static@rho0.8_b03alpha,1,agg_static,0.8,next_use,12,10,Freshness,0.8,0.8107068914522331,1
b03alpha,alphamed,agg_static@rho0.8,rep1_alphamed_agg_static@rho0.8_b03alpha,1,agg_static,0.8,next_use,12,12,Freshness,1.0,1.0,1
b03alpha,alphamed,agg_static@rho0.8,rep1_alphamed_agg_static@rho0.8_b03alpha,1,agg_static,0.8,next_use,12,1,CoverageDelta,0.1,0.03785862170955338,1
b03alpha,alphamed,agg_static@rho0.8,rep1_alphamed_agg_static@rho0.8_b03alpha,1,agg_static,0.8,next_use,12,2,CoverageDelta,0.2,0.07571724341910677,1
b03alpha,alphamed,agg_static@rho0.8,rep1_alphamed_agg_static@rho0.8_b03alpha,1,agg_static,0.8,next_use,12,4,CoverageDelta,0.3,0.11357586512866015,1
b03alpha,alphamed,agg_static@rho0.8,rep1_alphamed_agg_static@rho0.8_b03alpha,1,agg_static,0.8,next_use,12,5,CoverageDelta,0.4,0.2576160899142266,1
b03alpha,alphamed,agg_static@rho0.8,rep1_alphamed_agg_static@rho0.8_b03alpha,1,agg_static,0.8,next_use,12,6,CoverageDelta,0.5,0.2576160899142266,1
b03alpha,alphamed,agg_static@rho0.8,rep1_alphamed_agg_static@rho0.8_b03alpha,1,agg_static,0.8,next_use,12,7,CoverageDelta,0.6,0.40165631469979296,1
b03alpha,alphamed,agg_static@rho0.8,rep1_alphamed_agg_static@rho0.8_b03alpha,1,agg_static,0.8,next_use,12,10,CoverageDelta,0.8,0.70452528837622,1
b03alpha,alphamed,agg_static@rho0.8,rep1_alphamed_agg_static@rho0.8_b03alpha,1,agg_static,0.8,next_use,12,12,CoverageDelta,1.0,1.0,1
b03alpha,alphamed,agg_static@rho0.8,rep1_alphamed_agg_static@rho0.8_b03alpha,1,agg_static,0.8,next_use,12,1,CoverageAdvantage,0.1,0.03785862170955338,1
b03alpha,alphamed,agg_static@rho0.8,rep1_alphamed_agg_static@rho0.8_b03alpha,1,agg_static,0.8,next_use,12,2,CoverageAdvantage,0.2,0.07571724341910677,1
b03alpha,alphamed,agg_static@rho0.8,rep1_alphamed_agg_static@rho0.8_b03alpha,1,agg_static,0.8,next_use,12,4,CoverageAdvantage,0.3,0.11357586512866015,1
b03alpha,alphamed,agg_static@rho0.8,rep1_alphamed_agg_static@rho0.8_b03alpha,1,agg_static,0.8,next_use,12,5,CoverageAdvantage,0.4,0.2576160899142266,1
b03alpha,alphamed,agg_static@rho0.8,rep1_alphamed_agg_static@rho0.8_b03alpha,1,agg_static,0.8,next_use,12,6,CoverageAdvantage,0.5,0.2576160899142266,1
b03alpha,alphamed,agg_static@rho0.8,rep1_alphamed_agg_static@rho0.8_b03alpha,1,agg_static,0.8,next_use,12,7,CoverageAdvantage,0.6,0.40165631469979296,1
b03alpha,alphamed,agg_static@rho0.8,rep1_alphamed_agg_static@rho0.8_b03alpha,1,agg_static,0.8,next_use,12,10,CoverageAdvantage,0.8,0.70452528837622,1
b03alpha,alphamed,agg_static@rho0.8,rep1_alphamed_agg_static@rho0.8_b03alpha,1,agg_static,0.8,next_use,12,12,CoverageAdvantage,1.0,1.0,1
b03alpha,alphamed,agg_static@rho0.8,rep1_alphamed_agg_static@rho0.8_b03alpha,1,agg_static,0.8,next_use,12,1,SimpleCoverageLoad,0.1,0.03785862170955338,1
b03alpha,alphamed,agg_static@rho0.8,rep1_alphamed_agg_static@rho0.8_b03alpha,1,agg_static,0.8,next_use,12,2,SimpleCoverageLoad,0.2,0.07571724341910677,1
b03alpha,alphamed,agg_static@rho0.8,rep1_alphamed_agg_static@rho0.8_b03alpha,1,agg_static,0.8,next_use,12,4,SimpleCoverageLoad,0.3,0.11357586512866015,1
b03alpha,alphamed,agg_static@rho0.8,rep1_alphamed_agg_static@rho0.8_b03alpha,1,agg_static,0.8,next_use,12,5,SimpleCoverageLoad,0.4,0.2576160899142266,1
b03alpha,alphamed,agg_static@rho0.8,rep1_alphamed_agg_static@rho0.8_b03alpha,1,agg_static,0.8,next_use,12,6,SimpleCoverageLoad,0.5,0.2576160899142266,1
b03alpha,alphamed,agg_static@rho0.8,rep1_alphamed_agg_static@rho0.8_b03alpha,1,agg_static,0.8,next_use,12,7,SimpleCoverageLoad,0.6,0.40165631469979296,1
b03alpha,alphamed,agg_static@rho0.8,rep1_alphamed_agg_static@rho0.8_b03alpha,1,agg_static,0.8,next_use,12,10,SimpleCoverageLoad,0.8,0.70452528837622,1
b03alpha,alphamed,agg_static@rho0.8,rep1_alphamed_agg_static@rho0.8_b03alpha,1,agg_static,0.8,next_use,12,12,SimpleCoverageLoad,1.0,1.0,1
b03alpha,alphamed,agg_static@rho0.8,rep1_alphamed_agg_static@rho0.8_b03alpha,1,agg_static,0.8,next_use,12,1,DecisionAware,0.1,0.03785862170955338,1
b03alpha,alphamed,agg_static@rho0.8,rep1_alphamed_agg_static@rho0.8_b03alpha,1,agg_static,0.8,next_use,12,2,DecisionAware,0.2,0.07571724341910677,1
b03alpha,alphamed,agg_static@rho0.8,rep1_alphamed_agg_static@rho0.8_b03alpha,1,agg_static,0.8,next_use,12,4,DecisionAware,0.3,0.11357586512866015,1
b03alpha,alphamed,agg_static@rho0.8,rep1_alphamed_agg_static@rho0.8_b03alpha,1,agg_static,0.8,next_use,12,5,DecisionAware,0.4,0.2576160899142266,1
b03alpha,alphamed,agg_static@rho0.8,rep1_alphamed_agg_static@rho0.8_b03alpha,1,agg_static,0.8,next_use,12,6,DecisionAware,0.5,0.2576160899142266,1
b03alpha,alphamed,agg_static@rho0.8,rep1_alphamed_agg_static@rho0.8_b03alpha,1,agg_static,0.8,next_use,12,7,DecisionAware,0.6,0.40165631469979296,1
b03alpha,alphamed,agg_static@rho0.8,rep1_alphamed_agg_static@rho0.8_b03alpha,1,agg_static,0.8,next_use,12,10,DecisionAware,0.8,0.70452528837622,1
b03alpha,alphamed,agg_static@rho0.8,rep1_alphamed_agg_static@rho0.8_b03alpha,1,agg_static,0.8,next_use,12,12,DecisionAware,1.0,1.0,1
b03alpha,alphamed,agg_static@rho0.8,rep1_alphamed_agg_static@rho0.8_b03alpha,1,agg_static,0.8,next_use,12,1,B02Utility,0.1,0.03785862170955338,1
b03alpha,alphamed,agg_static@rho0.8,rep1_alphamed_agg_static@rho0.8_b03alpha,1,agg_static,0.8,next_use,12,2,B02Utility,0.2,0.07571724341910677,1
b03alpha,alphamed,agg_static@rho0.8,rep1_alphamed_agg_static@rho0.8_b03alpha,1,agg_static,0.8,next_use,12,4,B02Utility,0.3,0.21975746820467315,1
b03alpha,alphamed,agg_static@rho0.8,rep1_alphamed_agg_static@rho0.8_b03alpha,1,agg_static,0.8,next_use,12,5,B02Utility,0.4,0.21975746820467315,1
b03alpha,alphamed,agg_static@rho0.8,rep1_alphamed_agg_static@rho0.8_b03alpha,1,agg_static,0.8,next_use,12,6,B02Utility,0.5,0.36379769299023956,1
b03alpha,alphamed,agg_static@rho0.8,rep1_alphamed_agg_static@rho0.8_b03alpha,1,agg_static,0.8,next_use,12,7,B02Utility,0.6,0.5152321798284532,1
b03alpha,alphamed,agg_static@rho0.8,rep1_alphamed_agg_static@rho0.8_b03alpha,1,agg_static,0.8,next_use,12,10,B02Utility,0.8,0.70452528837622,1
b03alpha,alphamed,agg_static@rho0.8,rep1_alphamed_agg_static@rho0.8_b03alpha,1,agg_static,0.8,next_use,12,12,B02Utility,1.0,1.0,1
b03alpha,alphamed,agg_static@rho0.8,rep1_alphamed_agg_static@rho0.8_b03alpha,1,agg_static,0.8,next_use,12,1,Oracle,0.1,0.15143448683821353,1
b03alpha,alphamed,agg_static@rho0.8,rep1_alphamed_agg_static@rho0.8_b03alpha,1,agg_static,0.8,next_use,12,2,Oracle,0.2,0.30286897367642707,1
b03alpha,alphamed,agg_static@rho0.8,rep1_alphamed_agg_static@rho0.8_b03alpha,1,agg_static,0.8,next_use,12,4,Oracle,0.3,0.598343685300207,1
b03alpha,alphamed,agg_static@rho0.8,rep1_alphamed_agg_static@rho0.8_b03alpha,1,agg_static,0.8,next_use,12,5,Oracle,0.4,0.7423839100857734,1
b03alpha,alphamed,agg_static@rho0.8,rep1_alphamed_agg_static@rho0.8_b03alpha,1,agg_static,0.8,next_use,12,6,Oracle,0.5,0.8864241348713398,1
b03alpha,alphamed,agg_static@rho0.8,rep1_alphamed_agg_static@rho0.8_b03alpha,1,agg_static,0.8,next_use,12,7,Oracle,0.6,0.9242827565808932,1
b03alpha,alphamed,agg_static@rho0.8,rep1_alphamed_agg_static@rho0.8_b03alpha,1,agg_static,0.8,next_use,12,10,Oracle,0.8,1.0,1
b03alpha,alphamed,agg_static@rho0.8,rep1_alphamed_agg_static@rho0.8_b03alpha,1,agg_static,0.8,next_use,12,12,Oracle,1.0,1.0,1
b03alpha,alphamed,agg_static@rho0.8,rep1_alphamed_agg_static@rho0.8_b03alpha,1,agg_static,0.8,horizon_h4,12,1,Random,0.1,0.0735765427889533,20
b03alpha,alphamed,agg_static@rho0.8,rep1_alphamed_agg_static@rho0.8_b03alpha,1,agg_static,0.8,horizon_h4,12,2,Random,0.2,0.18406068871462666,20
b03alpha,alphamed,agg_static@rho0.8,rep1_alphamed_agg_static@rho0.8_b03alpha,1,agg_static,0.8,horizon_h4,12,4,Random,0.3,0.33775997272417324,20
b03alpha,alphamed,agg_static@rho0.8,rep1_alphamed_agg_static@rho0.8_b03alpha,1,agg_static,0.8,horizon_h4,12,5,Random,0.4,0.4198516876917832,20
b03alpha,alphamed,agg_static@rho0.8,rep1_alphamed_agg_static@rho0.8_b03alpha,1,agg_static,0.8,horizon_h4,12,6,Random,0.5,0.46330548926014326,20
b03alpha,alphamed,agg_static@rho0.8,rep1_alphamed_agg_static@rho0.8_b03alpha,1,agg_static,0.8,horizon_h4,12,7,Random,0.6,0.5432151380838732,20
b03alpha,alphamed,agg_static@rho0.8,rep1_alphamed_agg_static@rho0.8_b03alpha,1,agg_static,0.8,horizon_h4,12,10,Random,0.8,0.8360296624616435,20
b03alpha,alphamed,agg_static@rho0.8,rep1_alphamed_agg_static@rho0.8_b03alpha,1,agg_static,0.8,horizon_h4,12,12,Random,1.0,1.0,20
b03alpha,alphamed,agg_static@rho0.8,rep1_alphamed_agg_static@rho0.8_b03alpha,1,agg_static,0.8,horizon_h4,12,1,Freshness,0.1,0.0,1
b03alpha,alphamed,agg_static@rho0.8,rep1_alphamed_agg_static@rho0.8_b03alpha,1,agg_static,0.8,horizon_h4,12,2,Freshness,0.2,0.17030344357313332,1
b03alpha,alphamed,agg_static@rho0.8,rep1_alphamed_agg_static@rho0.8_b03alpha,1,agg_static,0.8,horizon_h4,12,4,Freshness,0.3,0.2533242413910672,1
b03alpha,alphamed,agg_static@rho0.8,rep1_alphamed_agg_static@rho0.8_b03alpha,1,agg_static,0.8,horizon_h4,12,5,Freshness,0.4,0.27514490282986703,1
b03alpha,alphamed,agg_static@rho0.8,rep1_alphamed_agg_static@rho0.8_b03alpha,1,agg_static,0.8,horizon_h4,12,6,Freshness,0.5,0.29696556426866694,1
b03alpha,alphamed,agg_static@rho0.8,rep1_alphamed_agg_static@rho0.8_b03alpha,1,agg_static,0.8,horizon_h4,12,7,Freshness,0.6,0.38424821002386633,1
b03alpha,alphamed,agg_static@rho0.8,rep1_alphamed_agg_static@rho0.8_b03alpha,1,agg_static,0.8,horizon_h4,12,10,Freshness,0.8,0.7248550971701331,1
b03alpha,alphamed,agg_static@rho0.8,rep1_alphamed_agg_static@rho0.8_b03alpha,1,agg_static,0.8,horizon_h4,12,12,Freshness,1.0,1.0,1
b03alpha,alphamed,agg_static@rho0.8,rep1_alphamed_agg_static@rho0.8_b03alpha,1,agg_static,0.8,horizon_h4,12,1,CoverageDelta,0.1,0.021820661438799866,1
b03alpha,alphamed,agg_static@rho0.8,rep1_alphamed_agg_static@rho0.8_b03alpha,1,agg_static,0.8,horizon_h4,12,2,CoverageDelta,0.2,0.04364132287759973,1
b03alpha,alphamed,agg_static@rho0.8,rep1_alphamed_agg_static@rho0.8_b03alpha,1,agg_static,0.8,horizon_h4,12,4,CoverageDelta,0.3,0.06546198431639959,1
b03alpha,alphamed,agg_static@rho0.8,rep1_alphamed_agg_static@rho0.8_b03alpha,1,agg_static,0.8,horizon_h4,12,5,CoverageDelta,0.4,0.23576542788953292,1
b03alpha,alphamed,agg_static@rho0.8,rep1_alphamed_agg_static@rho0.8_b03alpha,1,agg_static,0.8,horizon_h4,12,6,CoverageDelta,0.5,0.23576542788953292,1
b03alpha,alphamed,agg_static@rho0.8,rep1_alphamed_agg_static@rho0.8_b03alpha,1,agg_static,0.8,horizon_h4,12,7,CoverageDelta,0.6,0.3187862257074668,1
b03alpha,alphamed,agg_static@rho0.8,rep1_alphamed_agg_static@rho0.8_b03alpha,1,agg_static,0.8,horizon_h4,12,10,CoverageDelta,0.8,0.6636549607909991,1
b03alpha,alphamed,agg_static@rho0.8,rep1_alphamed_agg_static@rho0.8_b03alpha,1,agg_static,0.8,horizon_h4,12,12,CoverageDelta,1.0,1.0,1
b03alpha,alphamed,agg_static@rho0.8,rep1_alphamed_agg_static@rho0.8_b03alpha,1,agg_static,0.8,horizon_h4,12,1,CoverageAdvantage,0.1,0.021820661438799866,1
b03alpha,alphamed,agg_static@rho0.8,rep1_alphamed_agg_static@rho0.8_b03alpha,1,agg_static,0.8,horizon_h4,12,2,CoverageAdvantage,0.2,0.04364132287759973,1
b03alpha,alphamed,agg_static@rho0.8,rep1_alphamed_agg_static@rho0.8_b03alpha,1,agg_static,0.8,horizon_h4,12,4,CoverageAdvantage,0.3,0.06546198431639959,1
b03alpha,alphamed,agg_static@rho0.8,rep1_alphamed_agg_static@rho0.8_b03alpha,1,agg_static,0.8,horizon_h4,12,5,CoverageAdvantage,0.4,0.23576542788953292,1
b03alpha,alphamed,agg_static@rho0.8,rep1_alphamed_agg_static@rho0.8_b03alpha,1,agg_static,0.8,horizon_h4,12,6,CoverageAdvantage,0.5,0.23576542788953292,1
b03alpha,alphamed,agg_static@rho0.8,rep1_alphamed_agg_static@rho0.8_b03alpha,1,agg_static,0.8,horizon_h4,12,7,CoverageAdvantage,0.6,0.3187862257074668,1
b03alpha,alphamed,agg_static@rho0.8,rep1_alphamed_agg_static@rho0.8_b03alpha,1,agg_static,0.8,horizon_h4,12,10,CoverageAdvantage,0.8,0.6636549607909991,1
b03alpha,alphamed,agg_static@rho0.8,rep1_alphamed_agg_static@rho0.8_b03alpha,1,agg_static,0.8,horizon_h4,12,12,CoverageAdvantage,1.0,1.0,1
b03alpha,alphamed,agg_static@rho0.8,rep1_alphamed_agg_static@rho0.8_b03alpha,1,agg_static,0.8,horizon_h4,12,1,SimpleCoverageLoad,0.1,0.021820661438799866,1
b03alpha,alphamed,agg_static@rho0.8,rep1_alphamed_agg_static@rho0.8_b03alpha,1,agg_static,0.8,horizon_h4,12,2,SimpleCoverageLoad,0.2,0.04364132287759973,1
b03alpha,alphamed,agg_static@rho0.8,rep1_alphamed_agg_static@rho0.8_b03alpha,1,agg_static,0.8,horizon_h4,12,4,SimpleCoverageLoad,0.3,0.06546198431639959,1
b03alpha,alphamed,agg_static@rho0.8,rep1_alphamed_agg_static@rho0.8_b03alpha,1,agg_static,0.8,horizon_h4,12,5,SimpleCoverageLoad,0.4,0.23576542788953292,1
b03alpha,alphamed,agg_static@rho0.8,rep1_alphamed_agg_static@rho0.8_b03alpha,1,agg_static,0.8,horizon_h4,12,6,SimpleCoverageLoad,0.5,0.23576542788953292,1
b03alpha,alphamed,agg_static@rho0.8,rep1_alphamed_agg_static@rho0.8_b03alpha,1,agg_static,0.8,horizon_h4,12,7,SimpleCoverageLoad,0.6,0.3187862257074668,1
b03alpha,alphamed,agg_static@rho0.8,rep1_alphamed_agg_static@rho0.8_b03alpha,1,agg_static,0.8,horizon_h4,12,10,SimpleCoverageLoad,0.8,0.6636549607909991,1
b03alpha,alphamed,agg_static@rho0.8,rep1_alphamed_agg_static@rho0.8_b03alpha,1,agg_static,0.8,horizon_h4,12,12,SimpleCoverageLoad,1.0,1.0,1
b03alpha,alphamed,agg_static@rho0.8,rep1_alphamed_agg_static@rho0.8_b03alpha,1,agg_static,0.8,horizon_h4,12,1,DecisionAware,0.1,0.021820661438799866,1
b03alpha,alphamed,agg_static@rho0.8,rep1_alphamed_agg_static@rho0.8_b03alpha,1,agg_static,0.8,horizon_h4,12,2,DecisionAware,0.2,0.04364132287759973,1
b03alpha,alphamed,agg_static@rho0.8,rep1_alphamed_agg_static@rho0.8_b03alpha,1,agg_static,0.8,horizon_h4,12,4,DecisionAware,0.3,0.06546198431639959,1
b03alpha,alphamed,agg_static@rho0.8,rep1_alphamed_agg_static@rho0.8_b03alpha,1,agg_static,0.8,horizon_h4,12,5,DecisionAware,0.4,0.23576542788953292,1
b03alpha,alphamed,agg_static@rho0.8,rep1_alphamed_agg_static@rho0.8_b03alpha,1,agg_static,0.8,horizon_h4,12,6,DecisionAware,0.5,0.23576542788953292,1
b03alpha,alphamed,agg_static@rho0.8,rep1_alphamed_agg_static@rho0.8_b03alpha,1,agg_static,0.8,horizon_h4,12,7,DecisionAware,0.6,0.3187862257074668,1
b03alpha,alphamed,agg_static@rho0.8,rep1_alphamed_agg_static@rho0.8_b03alpha,1,agg_static,0.8,horizon_h4,12,10,DecisionAware,0.8,0.6636549607909991,1
b03alpha,alphamed,agg_static@rho0.8,rep1_alphamed_agg_static@rho0.8_b03alpha,1,agg_static,0.8,horizon_h4,12,12,DecisionAware,1.0,1.0,1
b03alpha,alphamed,agg_static@rho0.8,rep1_alphamed_agg_static@rho0.8_b03alpha,1,agg_static,0.8,horizon_h4,12,1,B02Utility,0.1,0.021820661438799866,1
b03alpha,alphamed,agg_static@rho0.8,rep1_alphamed_agg_static@rho0.8_b03alpha,1,agg_static,0.8,horizon_h4,12,2,B02Utility,0.2,0.04364132287759973,1
b03alpha,alphamed,agg_static@rho0.8,rep1_alphamed_agg_static@rho0.8_b03alpha,1,agg_static,0.8,horizon_h4,12,4,B02Utility,0.3,0.21394476645073307,1
b03alpha,alphamed,agg_static@rho0.8,rep1_alphamed_agg_static@rho0.8_b03alpha,1,agg_static,0.8,horizon_h4,12,5,B02Utility,0.4,0.21394476645073307,1
b03alpha,alphamed,agg_static@rho0.8,rep1_alphamed_agg_static@rho0.8_b03alpha,1,agg_static,0.8,horizon_h4,12,6,B02Utility,0.5,0.29696556426866694,1
b03alpha,alphamed,agg_static@rho0.8,rep1_alphamed_agg_static@rho0.8_b03alpha,1,agg_static,0.8,horizon_h4,12,7,B02Utility,0.6,0.38424821002386633,1
b03alpha,alphamed,agg_static@rho0.8,rep1_alphamed_agg_static@rho0.8_b03alpha,1,agg_static,0.8,horizon_h4,12,10,B02Utility,0.8,0.6636549607909991,1
b03alpha,alphamed,agg_static@rho0.8,rep1_alphamed_agg_static@rho0.8_b03alpha,1,agg_static,0.8,horizon_h4,12,12,B02Utility,1.0,1.0,1
b03alpha,alphamed,agg_static@rho0.8,rep1_alphamed_agg_static@rho0.8_b03alpha,1,agg_static,0.8,horizon_h4,12,1,Oracle,0.1,0.25758608932833277,1
b03alpha,alphamed,agg_static@rho0.8,rep1_alphamed_agg_static@rho0.8_b03alpha,1,agg_static,0.8,horizon_h4,12,2,Oracle,0.2,0.5109103307194,1
b03alpha,alphamed,agg_static@rho0.8,rep1_alphamed_agg_static@rho0.8_b03alpha,1,agg_static,0.8,horizon_h4,12,4,Oracle,0.3,0.7684964200477327,1
b03alpha,alphamed,agg_static@rho0.8,rep1_alphamed_agg_static@rho0.8_b03alpha,1,agg_static,0.8,horizon_h4,12,5,Oracle,0.4,0.8515172178656667,1
b03alpha,alphamed,agg_static@rho0.8,rep1_alphamed_agg_static@rho0.8_b03alpha,1,agg_static,0.8,horizon_h4,12,6,Oracle,0.5,0.9345380156836005,1
b03alpha,alphamed,agg_static@rho0.8,rep1_alphamed_agg_static@rho0.8_b03alpha,1,agg_static,0.8,horizon_h4,12,7,Oracle,0.6,0.9563586771224003,1
b03alpha,alphamed,agg_static@rho0.8,rep1_alphamed_agg_static@rho0.8_b03alpha,1,agg_static,0.8,horizon_h4,12,10,Oracle,0.8,1.0,1
b03alpha,alphamed,agg_static@rho0.8,rep1_alphamed_agg_static@rho0.8_b03alpha,1,agg_static,0.8,horizon_h4,12,12,Oracle,1.0,1.0,1
b03alpha,alphahigh,agg_static@rho0.8,rep0_alphahigh_agg_static@rho0.8_b03alpha,0,agg_static,0.8,next_use,23,2,Random,0.1,0.11552766155276616,20
b03alpha,alphahigh,agg_static@rho0.8,rep0_alphahigh_agg_static@rho0.8_b03alpha,0,agg_static,0.8,next_use,23,5,Random,0.2,0.25660158066015804,20
b03alpha,alphahigh,agg_static@rho0.8,rep0_alphahigh_agg_static@rho0.8_b03alpha,0,agg_static,0.8,next_use,23,7,Random,0.3,0.3452812645281264,20
b03alpha,alphahigh,agg_static@rho0.8,rep0_alphahigh_agg_static@rho0.8_b03alpha,0,agg_static,0.8,next_use,23,9,Random,0.4,0.4327986982798698,20
b03alpha,alphahigh,agg_static@rho0.8,rep0_alphahigh_agg_static@rho0.8_b03alpha,0,agg_static,0.8,next_use,23,12,Random,0.5,0.5666899116689911,20
b03alpha,alphahigh,agg_static@rho0.8,rep0_alphahigh_agg_static@rho0.8_b03alpha,0,agg_static,0.8,next_use,23,14,Random,0.6,0.6494188749418874,20
b03alpha,alphahigh,agg_static@rho0.8,rep0_alphahigh_agg_static@rho0.8_b03alpha,0,agg_static,0.8,next_use,23,18,Random,0.8,0.7225708972570897,20
b03alpha,alphahigh,agg_static@rho0.8,rep0_alphahigh_agg_static@rho0.8_b03alpha,0,agg_static,0.8,next_use,23,23,Random,1.0,1.0,20
b03alpha,alphahigh,agg_static@rho0.8,rep0_alphahigh_agg_static@rho0.8_b03alpha,0,agg_static,0.8,next_use,23,2,Freshness,0.1,0.0,1
b03alpha,alphahigh,agg_static@rho0.8,rep0_alphahigh_agg_static@rho0.8_b03alpha,0,agg_static,0.8,next_use,23,5,Freshness,0.2,0.0,1
b03alpha,alphahigh,agg_static@rho0.8,rep0_alphahigh_agg_static@rho0.8_b03alpha,0,agg_static,0.8,next_use,23,7,Freshness,0.3,0.0,1
b03alpha,alphahigh,agg_static@rho0.8,rep0_alphahigh_agg_static@rho0.8_b03alpha,0,agg_static,0.8,next_use,23,9,Freshness,0.4,0.28591352859135283,1
b03alpha,alphahigh,agg_static@rho0.8,rep0_alphahigh_agg_static@rho0.8_b03alpha,0,agg_static,0.8,next_use,23,12,Freshness,0.5,0.5834495583449558,1
b03alpha,alphahigh,agg_static@rho0.8,rep0_alphahigh_agg_static@rho0.8_b03alpha,0,agg_static,0.8,next_use,23,14,Freshness,0.6,0.8098558809855881,1
b03alpha,alphahigh,agg_static@rho0.8,rep0_alphahigh_agg_static@rho0.8_b03alpha,0,agg_static,0.8,next_use,23,18,Freshness,0.8,0.8809855880985588,1
b03alpha,alphahigh,agg_static@rho0.8,rep0_alphahigh_agg_static@rho0.8_b03alpha,0,agg_static,0.8,next_use,23,23,Freshness,1.0,1.0,1
b03alpha,alphahigh,agg_static@rho0.8,rep0_alphahigh_agg_static@rho0.8_b03alpha,0,agg_static,0.8,next_use,23,2,CoverageDelta,0.1,0.05950720595072059,1
b03alpha,alphahigh,agg_static@rho0.8,rep0_alphahigh_agg_static@rho0.8_b03alpha,0,agg_static,0.8,next_use,23,5,CoverageDelta,0.2,0.11901441190144119,1
b03alpha,alphahigh,agg_static@rho0.8,rep0_alphahigh_agg_static@rho0.8_b03alpha,0,agg_static,0.8,next_use,23,7,CoverageDelta,0.3,0.11901441190144119,1
b03alpha,alphahigh,agg_static@rho0.8,rep0_alphahigh_agg_static@rho0.8_b03alpha,0,agg_static,0.8,next_use,23,9,CoverageDelta,0.4,0.11901441190144119,1
b03alpha,alphahigh,agg_static@rho0.8,rep0_alphahigh_agg_static@rho0.8_b03alpha,0,agg_static,0.8,next_use,23,12,CoverageDelta,0.5,0.5834495583449558,1
b03alpha,alphahigh,agg_static@rho0.8,rep0_alphahigh_agg_static@rho0.8_b03alpha,0,agg_static,0.8,next_use,23,14,CoverageDelta,0.6,0.8214783821478382,1
b03alpha,alphahigh,agg_static@rho0.8,rep0_alphahigh_agg_static@rho0.8_b03alpha,0,agg_static,0.8,next_use,23,18,CoverageDelta,0.8,0.9404927940492793,1
b03alpha,alphahigh,agg_static@rho0.8,rep0_alphahigh_agg_static@rho0.8_b03alpha,0,agg_static,0.8,next_use,23,23,CoverageDelta,1.0,1.0,1
b03alpha,alphahigh,agg_static@rho0.8,rep0_alphahigh_agg_static@rho0.8_b03alpha,0,agg_static,0.8,next_use,23,2,CoverageAdvantage,0.1,0.05950720595072059,1
b03alpha,alphahigh,agg_static@rho0.8,rep0_alphahigh_agg_static@rho0.8_b03alpha,0,agg_static,0.8,next_use,23,5,CoverageAdvantage,0.2,0.11901441190144119,1
b03alpha,alphahigh,agg_static@rho0.8,rep0_alphahigh_agg_static@rho0.8_b03alpha,0,agg_static,0.8,next_use,23,7,CoverageAdvantage,0.3,0.11901441190144119,1
b03alpha,alphahigh,agg_static@rho0.8,rep0_alphahigh_agg_static@rho0.8_b03alpha,0,agg_static,0.8,next_use,23,9,CoverageAdvantage,0.4,0.11901441190144119,1
b03alpha,alphahigh,agg_static@rho0.8,rep0_alphahigh_agg_static@rho0.8_b03alpha,0,agg_static,0.8,next_use,23,12,CoverageAdvantage,0.5,0.3454207345420734,1
b03alpha,alphahigh,agg_static@rho0.8,rep0_alphahigh_agg_static@rho0.8_b03alpha,0,agg_static,0.8,next_use,23,14,CoverageAdvantage,0.6,0.8098558809855881,1
b03alpha,alphahigh,agg_static@rho0.8,rep0_alphahigh_agg_static@rho0.8_b03alpha,0,agg_static,0.8,next_use,23,18,CoverageAdvantage,0.8,0.8809855880985588,1
b03alpha,alphahigh,agg_static@rho0.8,rep0_alphahigh_agg_static@rho0.8_b03alpha,0,agg_static,0.8,next_use,23,23,CoverageAdvantage,1.0,1.0,1
b03alpha,alphahigh,agg_static@rho0.8,rep0_alphahigh_agg_static@rho0.8_b03alpha,0,agg_static,0.8,next_use,23,2,SimpleCoverageLoad,0.1,0.05950720595072059,1
b03alpha,alphahigh,agg_static@rho0.8,rep0_alphahigh_agg_static@rho0.8_b03alpha,0,agg_static,0.8,next_use,23,5,SimpleCoverageLoad,0.2,0.05950720595072059,1
b03alpha,alphahigh,agg_static@rho0.8,rep0_alphahigh_agg_static@rho0.8_b03alpha,0,agg_static,0.8,next_use,23,7,SimpleCoverageLoad,0.3,0.05950720595072059,1
b03alpha,alphahigh,agg_static@rho0.8,rep0_alphahigh_agg_static@rho0.8_b03alpha,0,agg_static,0.8,next_use,23,9,SimpleCoverageLoad,0.4,0.05950720595072059,1
b03alpha,alphahigh,agg_static@rho0.8,rep0_alphahigh_agg_static@rho0.8_b03alpha,0,agg_static,0.8,next_use,23,12,SimpleCoverageLoad,0.5,0.5239423523942351,1
b03alpha,alphahigh,agg_static@rho0.8,rep0_alphahigh_agg_static@rho0.8_b03alpha,0,agg_static,0.8,next_use,23,14,SimpleCoverageLoad,0.6,0.8098558809855881,1
b03alpha,alphahigh,agg_static@rho0.8,rep0_alphahigh_agg_static@rho0.8_b03alpha,0,agg_static,0.8,next_use,23,18,SimpleCoverageLoad,0.8,0.9404927940492793,1
b03alpha,alphahigh,agg_static@rho0.8,rep0_alphahigh_agg_static@rho0.8_b03alpha,0,agg_static,0.8,next_use,23,23,SimpleCoverageLoad,1.0,1.0,1
b03alpha,alphahigh,agg_static@rho0.8,rep0_alphahigh_agg_static@rho0.8_b03alpha,0,agg_static,0.8,next_use,23,2,DecisionAware,0.1,0.05950720595072059,1
b03alpha,alphahigh,agg_static@rho0.8,rep0_alphahigh_agg_static@rho0.8_b03alpha,0,agg_static,0.8,next_use,23,5,DecisionAware,0.2,0.11901441190144119,1
b03alpha,alphahigh,agg_static@rho0.8,rep0_alphahigh_agg_static@rho0.8_b03alpha,0,agg_static,0.8,next_use,23,7,DecisionAware,0.3,0.11901441190144119,1
b03alpha,alphahigh,agg_static@rho0.8,rep0_alphahigh_agg_static@rho0.8_b03alpha,0,agg_static,0.8,next_use,23,9,DecisionAware,0.4,0.11901441190144119,1
b03alpha,alphahigh,agg_static@rho0.8,rep0_alphahigh_agg_static@rho0.8_b03alpha,0,agg_static,0.8,next_use,23,12,DecisionAware,0.5,0.3454207345420734,1
b03alpha,alphahigh,agg_static@rho0.8,rep0_alphahigh_agg_static@rho0.8_b03alpha,0,agg_static,0.8,next_use,23,14,DecisionAware,0.6,0.8098558809855881,1
b03alpha,alphahigh,agg_static@rho0.8,rep0_alphahigh_agg_static@rho0.8_b03alpha,0,agg_static,0.8,next_use,23,18,DecisionAware,0.8,0.9404927940492793,1
b03alpha,alphahigh,agg_static@rho0.8,rep0_alphahigh_agg_static@rho0.8_b03alpha,0,agg_static,0.8,next_use,23,23,DecisionAware,1.0,1.0,1
b03alpha,alphahigh,agg_static@rho0.8,rep0_alphahigh_agg_static@rho0.8_b03alpha,0,agg_static,0.8,next_use,23,2,B02Utility,0.1,0.011622501162250115,1
b03alpha,alphahigh,agg_static@rho0.8,rep0_alphahigh_agg_static@rho0.8_b03alpha,0,agg_static,0.8,next_use,23,5,B02Utility,0.2,0.0711297071129707,1
b03alpha,alphahigh,agg_static@rho0.8,rep0_alphahigh_agg_static@rho0.8_b03alpha,0,agg_static,0.8,next_use,23,7,B02Utility,0.3,0.1306369130636913,1
b03alpha,alphahigh,agg_static@rho0.8,rep0_alphahigh_agg_static@rho0.8_b03alpha,0,agg_static,0.8,next_use,23,9,B02Utility,0.4,0.1901441190144119,1
b03alpha,alphahigh,agg_static@rho0.8,rep0_alphahigh_agg_static@rho0.8_b03alpha,0,agg_static,0.8,next_use,23,12,B02Utility,0.5,0.1901441190144119,1
b03alpha,alphahigh,agg_static@rho0.8,rep0_alphahigh_agg_static@rho0.8_b03alpha,0,agg_static,0.8,next_use,23,14,B02Utility,0.6,0.1901441190144119,1
b03alpha,alphahigh,agg_static@rho0.8,rep0_alphahigh_agg_static@rho0.8_b03alpha,0,agg_static,0.8,next_use,23,18,B02Utility,0.8,0.3091585309158531,1
b03alpha,alphahigh,agg_static@rho0.8,rep0_alphahigh_agg_static@rho0.8_b03alpha,0,agg_static,0.8,next_use,23,23,B02Utility,1.0,1.0,1
b03alpha,alphahigh,agg_static@rho0.8,rep0_alphahigh_agg_static@rho0.8_b03alpha,0,agg_static,0.8,next_use,23,2,Oracle,0.1,0.46443514644351463,1
b03alpha,alphahigh,agg_static@rho0.8,rep0_alphahigh_agg_static@rho0.8_b03alpha,0,agg_static,0.8,next_use,23,5,Oracle,0.2,0.8098558809855881,1
b03alpha,alphahigh,agg_static@rho0.8,rep0_alphahigh_agg_static@rho0.8_b03alpha,0,agg_static,0.8,next_use,23,7,Oracle,0.3,0.9288702928870293,1
b03alpha,alphahigh,agg_static@rho0.8,rep0_alphahigh_agg_static@rho0.8_b03alpha,0,agg_static,0.8,next_use,23,9,Oracle,0.4,1.0,1
b03alpha,alphahigh,agg_static@rho0.8,rep0_alphahigh_agg_static@rho0.8_b03alpha,0,agg_static,0.8,next_use,23,12,Oracle,0.5,1.0,1
b03alpha,alphahigh,agg_static@rho0.8,rep0_alphahigh_agg_static@rho0.8_b03alpha,0,agg_static,0.8,next_use,23,14,Oracle,0.6,1.0,1
b03alpha,alphahigh,agg_static@rho0.8,rep0_alphahigh_agg_static@rho0.8_b03alpha,0,agg_static,0.8,next_use,23,18,Oracle,0.8,1.0,1
b03alpha,alphahigh,agg_static@rho0.8,rep0_alphahigh_agg_static@rho0.8_b03alpha,0,agg_static,0.8,next_use,23,23,Oracle,1.0,1.0,1
b03alpha,alphahigh,agg_static@rho0.8,rep0_alphahigh_agg_static@rho0.8_b03alpha,0,agg_static,0.8,horizon_h4,23,2,Random,0.1,0.08860123647604327,20
b03alpha,alphahigh,agg_static@rho0.8,rep0_alphahigh_agg_static@rho0.8_b03alpha,0,agg_static,0.8,horizon_h4,23,5,Random,0.2,0.23413833075734158,20
b03alpha,alphahigh,agg_static@rho0.8,rep0_alphahigh_agg_static@rho0.8_b03alpha,0,agg_static,0.8,horizon_h4,23,7,Random,0.3,0.35048299845440495,20
b03alpha,alphahigh,agg_static@rho0.8,rep0_alphahigh_agg_static@rho0.8_b03alpha,0,agg_static,0.8,horizon_h4,23,9,Random,0.4,0.43715224111282847,20
b03alpha,alphahigh,agg_static@rho0.8,rep0_alphahigh_agg_static@rho0.8_b03alpha,0,agg_static,0.8,horizon_h4,23,12,Random,0.5,0.5975270479134467,20
b03alpha,alphahigh,agg_static@rho0.8,rep0_alphahigh_agg_static@rho0.8_b03alpha,0,agg_static,0.8,horizon_h4,23,14,Random,0.6,0.6881182380216384,20
b03alpha,alphahigh,agg_static@rho0.8,rep0_alphahigh_agg_static@rho0.8_b03alpha,0,agg_static,0.8,horizon_h4,23,18,Random,0.8,0.7261785162287481,20
b03alpha,alphahigh,agg_static@rho0.8,rep0_alphahigh_agg_static@rho0.8_b03alpha,0,agg_static,0.8,horizon_h4,23,23,Random,1.0,1.0,20
b03alpha,alphahigh,agg_static@rho0.8,rep0_alphahigh_agg_static@rho0.8_b03alpha,0,agg_static,0.8,horizon_h4,23,2,Freshness,0.1,0.0,1
b03alpha,alphahigh,agg_static@rho0.8,rep0_alphahigh_agg_static@rho0.8_b03alpha,0,agg_static,0.8,horizon_h4,23,5,Freshness,0.2,0.0,1
b03alpha,alphahigh,agg_static@rho0.8,rep0_alphahigh_agg_static@rho0.8_b03alpha,0,agg_static,0.8,horizon_h4,23,7,Freshness,0.3,0.0,1
b03alpha,alphahigh,agg_static@rho0.8,rep0_alphahigh_agg_static@rho0.8_b03alpha,0,agg_static,0.8,horizon_h4,23,9,Freshness,0.4,0.2376352395672334,1
b03alpha,alphahigh,agg_static@rho0.8,rep0_alphahigh_agg_static@rho0.8_b03alpha,0,agg_static,0.8,horizon_h4,23,12,Freshness,0.5,0.6236476043276662,1
b03alpha,alphahigh,agg_static@rho0.8,rep0_alphahigh_agg_static@rho0.8_b03alpha,0,agg_static,0.8,horizon_h4,23,14,Freshness,0.6,0.990340030911901,1
b03alpha,alphahigh,agg_static@rho0.8,rep0_alphahigh_agg_static@rho0.8_b03alpha,0,agg_static,0.8,horizon_h4,23,18,Freshness,0.8,1.0,1
b03alpha,alphahigh,agg_static@rho0.8,rep0_alphahigh_agg_static@rho0.8_b03alpha,0,agg_static,0.8,horizon_h4,23,23,Freshness,1.0,1.0,1
b03alpha,alphahigh,agg_static@rho0.8,rep0_alphahigh_agg_static@rho0.8_b03alpha,0,agg_static,0.8,horizon_h4,23,2,CoverageDelta,0.1,0.049459041731066467,1
b03alpha,alphahigh,agg_static@rho0.8,rep0_alphahigh_agg_static@rho0.8_b03alpha,0,agg_static,0.8,horizon_h4,23,5,CoverageDelta,0.2,0.2376352395672334,1
b03alpha,alphahigh,agg_static@rho0.8,rep0_alphahigh_agg_static@rho0.8_b03alpha,0,agg_static,0.8,horizon_h4,23,7,CoverageDelta,0.3,0.2376352395672334,1
b03alpha,alphahigh,agg_static@rho0.8,rep0_alphahigh_agg_static@rho0.8_b03alpha,0,agg_static,0.8,horizon_h4,23,9,CoverageDelta,0.4,0.2376352395672334,1
b03alpha,alphahigh,agg_static@rho0.8,rep0_alphahigh_agg_static@rho0.8_b03alpha,0,agg_static,0.8,horizon_h4,23,12,CoverageDelta,0.5,0.6236476043276662,1
b03alpha,alphahigh,agg_static@rho0.8,rep0_alphahigh_agg_static@rho0.8_b03alpha,0,agg_static,0.8,horizon_h4,23,14,CoverageDelta,0.6,1.0,1
b03alpha,alphahigh,agg_static@rho0.8,rep0_alphahigh_agg_static@rho0.8_b03alpha,0,agg_static,0.8,horizon_h4,23,18,CoverageDelta,0.8,1.0,1
b03alpha,alphahigh,agg_static@rho0.8,rep0_alphahigh_agg_static@rho0.8_b03alpha,0,agg_static,0.8,horizon_h4,23,23,CoverageDelta,1.0,1.0,1
b03alpha,alphahigh,agg_static@rho0.8,rep0_alphahigh_agg_static@rho0.8_b03alpha,0,agg_static,0.8,horizon_h4,23,2,CoverageAdvantage,0.1,0.049459041731066467,1
b03alpha,alphahigh,agg_static@rho0.8,rep0_alphahigh_agg_static@rho0.8_b03alpha,0,agg_static,0.8,horizon_h4,23,5,CoverageAdvantage,0.2,0.2376352395672334,1
b03alpha,alphahigh,agg_static@rho0.8,rep0_alphahigh_agg_static@rho0.8_b03alpha,0,agg_static,0.8,horizon_h4,23,7,CoverageAdvantage,0.3,0.2376352395672334,1
b03alpha,alphahigh,agg_static@rho0.8,rep0_alphahigh_agg_static@rho0.8_b03alpha,0,agg_static,0.8,horizon_h4,23,9,CoverageAdvantage,0.4,0.2376352395672334,1
b03alpha,alphahigh,agg_static@rho0.8,rep0_alphahigh_agg_static@rho0.8_b03alpha,0,agg_static,0.8,horizon_h4,23,12,CoverageAdvantage,0.5,0.42581143740340033,1
b03alpha,alphahigh,agg_static@rho0.8,rep0_alphahigh_agg_static@rho0.8_b03alpha,0,agg_static,0.8,horizon_h4,23,14,CoverageAdvantage,0.6,0.990340030911901,1
b03alpha,alphahigh,agg_static@rho0.8,rep0_alphahigh_agg_static@rho0.8_b03alpha,0,agg_static,0.8,horizon_h4,23,18,CoverageAdvantage,0.8,1.0,1
b03alpha,alphahigh,agg_static@rho0.8,rep0_alphahigh_agg_static@rho0.8_b03alpha,0,agg_static,0.8,horizon_h4,23,23,CoverageAdvantage,1.0,1.0,1
b03alpha,alphahigh,agg_static@rho0.8,rep0_alphahigh_agg_static@rho0.8_b03alpha,0,agg_static,0.8,horizon_h4,23,2,SimpleCoverageLoad,0.1,0.18817619783616693,1
b03alpha,alphahigh,agg_static@rho0.8,rep0_alphahigh_agg_static@rho0.8_b03alpha,0,agg_static,0.8,horizon_h4,23,5,SimpleCoverageLoad,0.2,0.18817619783616693,1
b03alpha,alphahigh,agg_static@rho0.8,rep0_alphahigh_agg_static@rho0.8_b03alpha,0,agg_static,0.8,horizon_h4,23,7,SimpleCoverageLoad,0.3,0.18817619783616693,1
b03alpha,alphahigh,agg_static@rho0.8,rep0_alphahigh_agg_static@rho0.8_b03alpha,0,agg_static,0.8,horizon_h4,23,9,SimpleCoverageLoad,0.4,0.18817619783616693,1
b03alpha,alphahigh,agg_static@rho0.8,rep0_alphahigh_agg_static@rho0.8_b03alpha,0,agg_static,0.8,horizon_h4,23,12,SimpleCoverageLoad,0.5,0.5741885625965997,1
b03alpha,alphahigh,agg_static@rho0.8,rep0_alphahigh_agg_static@rho0.8_b03alpha,0,agg_static,0.8,horizon_h4,23,14,SimpleCoverageLoad,0.6,0.990340030911901,1
b03alpha,alphahigh,agg_static@rho0.8,rep0_alphahigh_agg_static@rho0.8_b03alpha,0,agg_static,0.8,horizon_h4,23,18,SimpleCoverageLoad,0.8,1.0,1
b03alpha,alphahigh,agg_static@rho0.8,rep0_alphahigh_agg_static@rho0.8_b03alpha,0,agg_static,0.8,horizon_h4,23,23,SimpleCoverageLoad,1.0,1.0,1
b03alpha,alphahigh,agg_static@rho0.8,rep0_alphahigh_agg_static@rho0.8_b03alpha,0,agg_static,0.8,horizon_h4,23,2,DecisionAware,0.1,0.18817619783616693,1
b03alpha,alphahigh,agg_static@rho0.8,rep0_alphahigh_agg_static@rho0.8_b03alpha,0,agg_static,0.8,horizon_h4,23,5,DecisionAware,0.2,0.2376352395672334,1
b03alpha,alphahigh,agg_static@rho0.8,rep0_alphahigh_agg_static@rho0.8_b03alpha,0,agg_static,0.8,horizon_h4,23,7,DecisionAware,0.3,0.2376352395672334,1
b03alpha,alphahigh,agg_static@rho0.8,rep0_alphahigh_agg_static@rho0.8_b03alpha,0,agg_static,0.8,horizon_h4,23,9,DecisionAware,0.4,0.2376352395672334,1
b03alpha,alphahigh,agg_static@rho0.8,rep0_alphahigh_agg_static@rho0.8_b03alpha,0,agg_static,0.8,horizon_h4,23,12,DecisionAware,0.5,0.42581143740340033,1
b03alpha,alphahigh,agg_static@rho0.8,rep0_alphahigh_agg_static@rho0.8_b03alpha,0,agg_static,0.8,horizon_h4,23,14,DecisionAware,0.6,0.990340030911901,1
b03alpha,alphahigh,agg_static@rho0.8,rep0_alphahigh_agg_static@rho0.8_b03alpha,0,agg_static,0.8,horizon_h4,23,18,DecisionAware,0.8,1.0,1
b03alpha,alphahigh,agg_static@rho0.8,rep0_alphahigh_agg_static@rho0.8_b03alpha,0,agg_static,0.8,horizon_h4,23,23,DecisionAware,1.0,1.0,1
b03alpha,alphahigh,agg_static@rho0.8,rep0_alphahigh_agg_static@rho0.8_b03alpha,0,agg_static,0.8,horizon_h4,23,2,B02Utility,0.1,0.009659969088098918,1
b03alpha,alphahigh,agg_static@rho0.8,rep0_alphahigh_agg_static@rho0.8_b03alpha,0,agg_static,0.8,horizon_h4,23,5,B02Utility,0.2,0.05911901081916538,1
b03alpha,alphahigh,agg_static@rho0.8,rep0_alphahigh_agg_static@rho0.8_b03alpha,0,agg_static,0.8,horizon_h4,23,7,B02Utility,0.3,0.05911901081916538,1
b03alpha,alphahigh,agg_static@rho0.8,rep0_alphahigh_agg_static@rho0.8_b03alpha,0,agg_static,0.8,horizon_h4,23,9,B02Utility,0.4,0.05911901081916538,1
b03alpha,alphahigh,agg_static@rho0.8,rep0_alphahigh_agg_static@rho0.8_b03alpha,0,agg_static,0.8,horizon_h4,23,12,B02Utility,0.5,0.05911901081916538,1
b03alpha,alphahigh,agg_static@rho0.8,rep0_alphahigh_agg_static@rho0.8_b03alpha,0,agg_static,0.8,horizon_h4,23,14,B02Utility,0.6,0.05911901081916538,1
b03alpha,alphahigh,agg_static@rho0.8,rep0_alphahigh_agg_static@rho0.8_b03alpha,0,agg_static,0.8,horizon_h4,23,18,B02Utility,0.8,0.24729520865533233,1
b03alpha,alphahigh,agg_static@rho0.8,rep0_alphahigh_agg_static@rho0.8_b03alpha,0,agg_static,0.8,horizon_h4,23,23,B02Utility,1.0,1.0,1
b03alpha,alphahigh,agg_static@rho0.8,rep0_alphahigh_agg_static@rho0.8_b03alpha,0,agg_static,0.8,horizon_h4,23,2,Oracle,0.1,0.5645285935085008,1
b03alpha,alphahigh,agg_static@rho0.8,rep0_alphahigh_agg_static@rho0.8_b03alpha,0,agg_static,0.8,horizon_h4,23,5,Oracle,0.2,0.990340030911901,1
b03alpha,alphahigh,agg_static@rho0.8,rep0_alphahigh_agg_static@rho0.8_b03alpha,0,agg_static,0.8,horizon_h4,23,7,Oracle,0.3,1.0,1
b03alpha,alphahigh,agg_static@rho0.8,rep0_alphahigh_agg_static@rho0.8_b03alpha,0,agg_static,0.8,horizon_h4,23,9,Oracle,0.4,1.0,1
b03alpha,alphahigh,agg_static@rho0.8,rep0_alphahigh_agg_static@rho0.8_b03alpha,0,agg_static,0.8,horizon_h4,23,12,Oracle,0.5,1.0,1
b03alpha,alphahigh,agg_static@rho0.8,rep0_alphahigh_agg_static@rho0.8_b03alpha,0,agg_static,0.8,horizon_h4,23,14,Oracle,0.6,1.0,1
b03alpha,alphahigh,agg_static@rho0.8,rep0_alphahigh_agg_static@rho0.8_b03alpha,0,agg_static,0.8,horizon_h4,23,18,Oracle,0.8,1.0,1
b03alpha,alphahigh,agg_static@rho0.8,rep0_alphahigh_agg_static@rho0.8_b03alpha,0,agg_static,0.8,horizon_h4,23,23,Oracle,1.0,1.0,1
b03alpha,alphahigh,agg_full@rho0.8,rep0_alphahigh_agg_full@rho0.8_b03alpha,0,agg_full,0.8,next_use,16,2,Random,0.1,0.1276007596539354,20
b03alpha,alphahigh,agg_full@rho0.8,rep0_alphahigh_agg_full@rho0.8_b03alpha,0,agg_full,0.8,next_use,16,3,Random,0.2,0.18922768516564675,20
b03alpha,alphahigh,agg_full@rho0.8,rep0_alphahigh_agg_full@rho0.8_b03alpha,0,agg_full,0.8,next_use,16,5,Random,0.3,0.3143595695294366,20
b03alpha,alphahigh,agg_full@rho0.8,rep0_alphahigh_agg_full@rho0.8_b03alpha,0,agg_full,0.8,next_use,16,6,Random,0.4,0.3830343954420764,20
b03alpha,alphahigh,agg_full@rho0.8,rep0_alphahigh_agg_full@rho0.8_b03alpha,0,agg_full,0.8,next_use,16,8,Random,0.5,0.48221143701202784,20
b03alpha,alphahigh,agg_full@rho0.8,rep0_alphahigh_agg_full@rho0.8_b03alpha,0,agg_full,0.8,next_use,16,10,Random,0.6,0.602205106562566,20
b03alpha,alphahigh,agg_full@rho0.8,rep0_alphahigh_agg_full@rho0.8_b03alpha,0,agg_full,0.8,next_use,16,13,Random,0.8,0.8043469086305127,20
b03alpha,alphahigh,agg_full@rho0.8,rep0_alphahigh_agg_full@rho0.8_b03alpha,0,agg_full,0.8,next_use,16,16,Random,1.0,1.0,20
b03alpha,alphahigh,agg_full@rho0.8,rep0_alphahigh_agg_full@rho0.8_b03alpha,0,agg_full,0.8,next_use,16,2,Freshness,0.1,0.027009917704156994,1
b03alpha,alphahigh,agg_full@rho0.8,rep0_alphahigh_agg_full@rho0.8_b03alpha,0,agg_full,0.8,next_use,16,3,Freshness,0.2,0.05401983540831399,1
b03alpha,alphahigh,agg_full@rho0.8,rep0_alphahigh_agg_full@rho0.8_b03alpha,0,agg_full,0.8,next_use,16,5,Freshness,0.3,0.2918337201941338,1
b03alpha,alphahigh,agg_full@rho0.8,rep0_alphahigh_agg_full@rho0.8_b03alpha,0,agg_full,0.8,next_use,16,6,Freshness,0.4,0.39987339101076175,1
b03alpha,alphahigh,agg_full@rho0.8,rep0_alphahigh_agg_full@rho0.8_b03alpha,0,agg_full,0.8,next_use,16,8,Freshness,0.5,0.6106773580924246,1
b03alpha,alphahigh,agg_full@rho0.8,rep0_alphahigh_agg_full@rho0.8_b03alpha,0,agg_full,0.8,next_use,16,10,Freshness,0.6,0.7134416543574594,1
b03alpha,alphahigh,agg_full@rho0.8,rep0_alphahigh_agg_full@rho0.8_b03alpha,0,agg_full,0.8,next_use,16,13,Freshness,0.8,0.8379404937750581,1
b03alpha,alphahigh,agg_full@rho0.8,rep0_alphahigh_agg_full@rho0.8_b03alpha,0,agg_full,0.8,next_use,16,16,Freshness,1.0,1.0,1
b03alpha,alphahigh,agg_full@rho0.8,rep0_alphahigh_agg_full@rho0.8_b03alpha,0,agg_full,0.8,next_use,16,2,CoverageDelta,0.1,0.05401983540831399,1
b03alpha,alphahigh,agg_full@rho0.8,rep0_alphahigh_agg_full@rho0.8_b03alpha,0,agg_full,0.8,next_use,16,3,CoverageDelta,0.2,0.18379404937750582,1
b03alpha,alphahigh,agg_full@rho0.8,rep0_alphahigh_agg_full@rho0.8_b03alpha,0,agg_full,0.8,next_use,16,5,CoverageDelta,0.3,0.18379404937750582,1
b03alpha,alphahigh,agg_full@rho0.8,rep0_alphahigh_agg_full@rho0.8_b03alpha,0,agg_full,0.8,next_use,16,6,CoverageDelta,0.4,0.2918337201941338,1
b03alpha,alphahigh,agg_full@rho0.8,rep0_alphahigh_agg_full@rho0.8_b03alpha,0,agg_full,0.8,next_use,16,8,CoverageDelta,0.5,0.5079130618273897,1
b03alpha,alphahigh,agg_full@rho0.8,rep0_alphahigh_agg_full@rho0.8_b03alpha,0,agg_full,0.8,next_use,16,10,CoverageDelta,0.6,0.7134416543574594,1
b03alpha,alphahigh,agg_full@rho0.8,rep0_alphahigh_agg_full@rho0.8_b03alpha,0,agg_full,0.8,next_use,16,13,CoverageDelta,0.8,1.0,1
b03alpha,alphahigh,agg_full@rho0.8,rep0_alphahigh_agg_full@rho0.8_b03alpha,0,agg_full,0.8,next_use,16,16,CoverageDelta,1.0,1.0,1
b03alpha,alphahigh,agg_full@rho0.8,rep0_alphahigh_agg_full@rho0.8_b03alpha,0,agg_full,0.8,next_use,16,2,CoverageAdvantage,0.1,0.04874446085672083,1
b03alpha,alphahigh,agg_full@rho0.8,rep0_alphahigh_agg_full@rho0.8_b03alpha,0,agg_full,0.8,next_use,16,3,CoverageAdvantage,0.2,0.2108039670816628,1
b03alpha,alphahigh,agg_full@rho0.8,rep0_alphahigh_agg_full@rho0.8_b03alpha,0,agg_full,0.8,next_use,16,5,CoverageAdvantage,0.3,0.23781388478581977,1
b03alpha,alphahigh,agg_full@rho0.8,rep0_alphahigh_agg_full@rho0.8_b03alpha,0,agg_full,0.8,next_use,16,6,CoverageAdvantage,0.4,0.36758809875501164,1
b03alpha,alphahigh,agg_full@rho0.8,rep0_alphahigh_agg_full@rho0.8_b03alpha,0,agg_full,0.8,next_use,16,8,CoverageAdvantage,0.5,0.36758809875501164,1
b03alpha,alphahigh,agg_full@rho0.8,rep0_alphahigh_agg_full@rho0.8_b03alpha,0,agg_full,0.8,next_use,16,10,CoverageAdvantage,0.6,0.36758809875501164,1
b03alpha,alphahigh,agg_full@rho0.8,rep0_alphahigh_agg_full@rho0.8_b03alpha,0,agg_full,0.8,next_use,16,13,CoverageAdvantage,0.8,0.6917071112048956,1
b03alpha,alphahigh,agg_full@rho0.8,rep0_alphahigh_agg_full@rho0.8_b03alpha,0,agg_full,0.8,next_use,16,16,CoverageAdvantage,1.0,1.0,1
b03alpha,alphahigh,agg_full@rho0.8,rep0_alphahigh_agg_full@rho0.8_b03alpha,0,agg_full,0.8,next_use,16,2,SimpleCoverageLoad,0.1,0.04874446085672083,1
b03alpha,alphahigh,agg_full@rho0.8,rep0_alphahigh_agg_full@rho0.8_b03alpha,0,agg_full,0.8,next_use,16,3,SimpleCoverageLoad,0.2,0.2108039670816628,1
b03alpha,alphahigh,agg_full@rho0.8,rep0_alphahigh_agg_full@rho0.8_b03alpha,0,agg_full,0.8,next_use,16,5,SimpleCoverageLoad,0.3,0.23781388478581977,1
b03alpha,alphahigh,agg_full@rho0.8,rep0_alphahigh_agg_full@rho0.8_b03alpha,0,agg_full,0.8,next_use,16,6,SimpleCoverageLoad,0.4,0.36758809875501164,1
b03alpha,alphahigh,agg_full@rho0.8,rep0_alphahigh_agg_full@rho0.8_b03alpha,0,agg_full,0.8,next_use,16,8,SimpleCoverageLoad,0.5,0.36758809875501164,1
b03alpha,alphahigh,agg_full@rho0.8,rep0_alphahigh_agg_full@rho0.8_b03alpha,0,agg_full,0.8,next_use,16,10,SimpleCoverageLoad,0.6,0.36758809875501164,1
b03alpha,alphahigh,agg_full@rho0.8,rep0_alphahigh_agg_full@rho0.8_b03alpha,0,agg_full,0.8,next_use,16,13,SimpleCoverageLoad,0.8,0.6864317366533024,1
b03alpha,alphahigh,agg_full@rho0.8,rep0_alphahigh_agg_full@rho0.8_b03alpha,0,agg_full,0.8,next_use,16,16,SimpleCoverageLoad,1.0,1.0,1
b03alpha,alphahigh,agg_full@rho0.8,rep0_alphahigh_agg_full@rho0.8_b03alpha,0,agg_full,0.8,next_use,16,2,DecisionAware,0.1,0.04874446085672083,1
b03alpha,alphahigh,agg_full@rho0.8,rep0_alphahigh_agg_full@rho0.8_b03alpha,0,agg_full,0.8,next_use,16,3,DecisionAware,0.2,0.2108039670816628,1
b03alpha,alphahigh,agg_full@rho0.8,rep0_alphahigh_agg_full@rho0.8_b03alpha,0,agg_full,0.8,next_use,16,5,DecisionAware,0.3,0.2108039670816628,1
b03alpha,alphahigh,agg_full@rho0.8,rep0_alphahigh_agg_full@rho0.8_b03alpha,0,agg_full,0.8,next_use,16,6,DecisionAware,0.4,0.2108039670816628,1
b03alpha,alphahigh,agg_full@rho0.8,rep0_alphahigh_agg_full@rho0.8_b03alpha,0,agg_full,0.8,next_use,16,8,DecisionAware,0.5,0.36758809875501164,1
b03alpha,alphahigh,agg_full@rho0.8,rep0_alphahigh_agg_full@rho0.8_b03alpha,0,agg_full,0.8,next_use,16,10,DecisionAware,0.6,0.36758809875501164,1
b03alpha,alphahigh,agg_full@rho0.8,rep0_alphahigh_agg_full@rho0.8_b03alpha,0,agg_full,0.8,next_use,16,13,DecisionAware,0.8,0.6864317366533024,1
b03alpha,alphahigh,agg_full@rho0.8,rep0_alphahigh_agg_full@rho0.8_b03alpha,0,agg_full,0.8,next_use,16,16,DecisionAware,1.0,1.0,1
b03alpha,alphahigh,agg_full@rho0.8,rep0_alphahigh_agg_full@rho0.8_b03alpha,0,agg_full,0.8,next_use,16,2,B02Utility,0.1,0.04874446085672083,1
b03alpha,alphahigh,agg_full@rho0.8,rep0_alphahigh_agg_full@rho0.8_b03alpha,0,agg_full,0.8,next_use,16,3,B02Utility,0.2,0.07575437856087781,1
b03alpha,alphahigh,agg_full@rho0.8,rep0_alphahigh_agg_full@rho0.8_b03alpha,0,agg_full,0.8,next_use,16,5,B02Utility,0.3,0.20552859253006964,1
b03alpha,alphahigh,agg_full@rho0.8,rep0_alphahigh_agg_full@rho0.8_b03alpha,0,agg_full,0.8,next_use,16,6,B02Utility,0.4,0.20552859253006964,1
b03alpha,alphahigh,agg_full@rho0.8,rep0_alphahigh_agg_full@rho0.8_b03alpha,0,agg_full,0.8,next_use,16,8,B02Utility,0.5,0.20552859253006964,1
b03alpha,alphahigh,agg_full@rho0.8,rep0_alphahigh_agg_full@rho0.8_b03alpha,0,agg_full,0.8,next_use,16,10,B02Utility,0.6,0.36758809875501164,1
b03alpha,alphahigh,agg_full@rho0.8,rep0_alphahigh_agg_full@rho0.8_b03alpha,0,agg_full,0.8,next_use,16,13,B02Utility,0.8,0.6864317366533024,1
b03alpha,alphahigh,agg_full@rho0.8,rep0_alphahigh_agg_full@rho0.8_b03alpha,0,agg_full,0.8,next_use,16,16,B02Utility,1.0,1.0,1
b03alpha,alphahigh,agg_full@rho0.8,rep0_alphahigh_agg_full@rho0.8_b03alpha,0,agg_full,0.8,next_use,16,2,Oracle,0.1,0.2918337201941338,1
b03alpha,alphahigh,agg_full@rho0.8,rep0_alphahigh_agg_full@rho0.8_b03alpha,0,agg_full,0.8,next_use,16,3,Oracle,0.2,0.39987339101076175,1
b03alpha,alphahigh,agg_full@rho0.8,rep0_alphahigh_agg_full@rho0.8_b03alpha,0,agg_full,0.8,next_use,16,5,Oracle,0.3,0.6159527326440177,1
b03alpha,alphahigh,agg_full@rho0.8,rep0_alphahigh_agg_full@rho0.8_b03alpha,0,agg_full,0.8,next_use,16,6,Oracle,0.4,0.7187170289090525,1
b03alpha,alphahigh,agg_full@rho0.8,rep0_alphahigh_agg_full@rho0.8_b03alpha,0,agg_full,0.8,next_use,16,8,Oracle,0.5,0.9242456214391221,1
b03alpha,alphahigh,agg_full@rho0.8,rep0_alphahigh_agg_full@rho0.8_b03alpha,0,agg_full,0.8,next_use,16,10,Oracle,0.6,0.9782654568474362,1
b03alpha,alphahigh,agg_full@rho0.8,rep0_alphahigh_agg_full@rho0.8_b03alpha,0,agg_full,0.8,next_use,16,13,Oracle,0.8,1.0,1
b03alpha,alphahigh,agg_full@rho0.8,rep0_alphahigh_agg_full@rho0.8_b03alpha,0,agg_full,0.8,next_use,16,16,Oracle,1.0,1.0,1
b03alpha,alphahigh,agg_full@rho0.8,rep0_alphahigh_agg_full@rho0.8_b03alpha,0,agg_full,0.8,horizon_h4,16,2,Random,0.1,0.12039705143240075,20
b03alpha,alphahigh,agg_full@rho0.8,rep0_alphahigh_agg_full@rho0.8_b03alpha,0,agg_full,0.8,horizon_h4,16,3,Random,0.2,0.18757748366560564,20
b03alpha,alphahigh,agg_full@rho0.8,rep0_alphahigh_agg_full@rho0.8_b03alpha,0,agg_full,0.8,horizon_h4,16,5,Random,0.3,0.3229602948567599,20
b03alpha,alphahigh,agg_full@rho0.8,rep0_alphahigh_agg_full@rho0.8_b03alpha,0,agg_full,0.8,horizon_h4,16,6,Random,0.4,0.3931228011392193,20
b03alpha,alphahigh,agg_full@rho0.8,rep0_alphahigh_agg_full@rho0.8_b03alpha,0,agg_full,0.8,horizon_h4,16,8,Random,0.5,0.48002177919249456,20
b03alpha,alphahigh,agg_full@rho0.8,rep0_alphahigh_agg_full@rho0.8_b03alpha,0,agg_full,0.8,horizon_h4,16,10,Random,0.6,0.6032166191991959,20
b03alpha,alphahigh,agg_full@rho0.8,rep0_alphahigh_agg_full@rho0.8_b03alpha,0,agg_full,0.8,horizon_h4,16,13,Random,0.8,0.8064332383983916,20
b03alpha,alphahigh,agg_full@rho0.8,rep0_alphahigh_agg_full@rho0.8_b03alpha,0,agg_full,0.8,horizon_h4,16,16,Random,1.0,1.0,20
b03alpha,alphahigh,agg_full@rho0.8,rep0_alphahigh_agg_full@rho0.8_b03alpha,0,agg_full,0.8,horizon_h4,16,2,Freshness,0.1,0.02144412799463897,1
b03alpha,alphahigh,agg_full@rho0.8,rep0_alphahigh_agg_full@rho0.8_b03alpha,0,agg_full,0.8,horizon_h4,16,3,Freshness,0.2,0.04288825598927794,1
b03alpha,alphahigh,agg_full@rho0.8,rep0_alphahigh_agg_full@rho0.8_b03alpha,0,agg_full,0.8,horizon_h4,16,5,Freshness,0.3,0.23169710169207575,1
b03alpha,alphahigh,agg_full@rho0.8,rep0_alphahigh_agg_full@rho0.8_b03alpha,0,agg_full,0.8,horizon_h4,16,6,Freshness,0.4,0.3174736136706316,1
b03alpha,alphahigh,agg_full@rho0.8,rep0_alphahigh_agg_full@rho0.8_b03alpha,0,agg_full,0.8,horizon_h4,16,8,Freshness,0.5,0.48483833137879045,1
b03alpha,alphahigh,agg_full@rho0.8,rep0_alphahigh_agg_full@rho0.8_b03alpha,0,agg_full,0.8,horizon_h4,16,10,Freshness,0.6,0.6009381805997656,1
b03alpha,alphahigh,agg_full@rho0.8,rep0_alphahigh_agg_full@rho0.8_b03alpha,0,agg_full,0.8,horizon_h4,16,13,Freshness,0.8,0.7468587703132853,1
b03alpha,alphahigh,agg_full@rho0.8,rep0_alphahigh_agg_full@rho0.8_b03alpha,0,agg_full,0.8,horizon_h4,16,16,Freshness,1.0,1.0,1
b03alpha,alphahigh,agg_full@rho0.8,rep0_alphahigh_agg_full@rho0.8_b03alpha,0,agg_full,0.8,horizon_h4,16,2,CoverageDelta,0.1,0.04288825598927794,1
b03alpha,alphahigh,agg_full@rho0.8,rep0_alphahigh_agg_full@rho0.8_b03alpha,0,agg_full,0.8,horizon_h4,16,3,CoverageDelta,0.2,0.14592058971351987,1
b03alpha,alphahigh,agg_full@rho0.8,rep0_alphahigh_agg_full@rho0.8_b03alpha,0,agg_full,0.8,horizon_h4,16,5,CoverageDelta,0.3,0.18043223320489193,1
b03alpha,alphahigh,agg_full@rho0.8,rep0_alphahigh_agg_full@rho0.8_b03alpha,0,agg_full,0.8,horizon_h4,16,6,CoverageDelta,0.4,0.26620874518344784,1
b03alpha,alphahigh,agg_full@rho0.8,rep0_alphahigh_agg_full@rho0.8_b03alpha,0,agg_full,0.8,horizon_h4,16,8,CoverageDelta,0.5,0.43776176914055964,1
b03alpha,alphahigh,agg_full@rho0.8,rep0_alphahigh_agg_full@rho0.8_b03alpha,0,agg_full,0.8,horizon_h4,16,10,CoverageDelta,0.6,0.6009381805997656,1
b03alpha,alphahigh,agg_full@rho0.8,rep0_alphahigh_agg_full@rho0.8_b03alpha,0,agg_full,0.8,horizon_h4,16,13,CoverageDelta,0.8,1.0,1
b03alpha,alphahigh,agg_full@rho0.8,rep0_alphahigh_agg_full@rho0.8_b03alpha,0,agg_full,0.8,horizon_h4,16,16,CoverageDelta,1.0,1.0,1
b03alpha,alphahigh,agg_full@rho0.8,rep0_alphahigh_agg_full@rho0.8_b03alpha,0,agg_full,0.8,horizon_h4,16,2,CoverageAdvantage,0.1,0.08577651197855587,1
b03alpha,alphahigh,agg_full@rho0.8,rep0_alphahigh_agg_full@rho0.8_b03alpha,0,agg_full,0.8,horizon_h4,16,3,CoverageAdvantage,0.2,0.3389177416652706,1
b03alpha,alphahigh,agg_full@rho0.8,rep0_alphahigh_agg_full@rho0.8_b03alpha,0,agg_full,0.8,horizon_h4,16,5,CoverageAdvantage,0.3,0.3603618696599095,1
b03alpha,alphahigh,agg_full@rho0.8,rep0_alphahigh_agg_full@rho0.8_b03alpha,0,agg_full,0.8,horizon_h4,16,6,CoverageAdvantage,0.4,0.4633942033841515,1
b03alpha,alphahigh,agg_full@rho0.8,rep0_alphahigh_agg_full@rho0.8_b03alpha,0,agg_full,0.8,horizon_h4,16,8,CoverageAdvantage,0.5,0.49790584687552353,1
b03alpha,alphahigh,agg_full@rho0.8,rep0_alphahigh_agg_full@rho0.8_b03alpha,0,agg_full,0.8,horizon_h4,16,10,CoverageAdvantage,0.6,0.49790584687552353,1
b03alpha,alphahigh,agg_full@rho0.8,rep0_alphahigh_agg_full@rho0.8_b03alpha,0,agg_full,0.8,horizon_h4,16,13,CoverageAdvantage,0.8,0.7552353828111912,1
b03alpha,alphahigh,agg_full@rho0.8,rep0_alphahigh_agg_full@rho0.8_b03alpha,0,agg_full,0.8,horizon_h4,16,16,CoverageAdvantage,1.0,1.0,1
b03alpha,alphahigh,agg_full@rho0.8,rep0_alphahigh_agg_full@rho0.8_b03alpha,0,agg_full,0.8,horizon_h4,16,2,SimpleCoverageLoad,0.1,0.08577651197855587,1
b03alpha,alphahigh,agg_full@rho0.8,rep0_alphahigh_agg_full@rho0.8_b03alpha,0,agg_full,0.8,horizon_h4,16,3,SimpleCoverageLoad,0.2,0.3389177416652706,1
b03alpha,alphahigh,agg_full@rho0.8,rep0_alphahigh_agg_full@rho0.8_b03alpha,0,agg_full,0.8,horizon_h4,16,5,SimpleCoverageLoad,0.3,0.3603618696599095,1
b03alpha,alphahigh,agg_full@rho0.8,rep0_alphahigh_agg_full@rho0.8_b03alpha,0,agg_full,0.8,horizon_h4,16,6,SimpleCoverageLoad,0.4,0.4633942033841515,1
b03alpha,alphahigh,agg_full@rho0.8,rep0_alphahigh_agg_full@rho0.8_b03alpha,0,agg_full,0.8,horizon_h4,16,8,SimpleCoverageLoad,0.5,0.49790584687552353,1
b03alpha,alphahigh,agg_full@rho0.8,rep0_alphahigh_agg_full@rho0.8_b03alpha,0,agg_full,0.8,horizon_h4,16,10,SimpleCoverageLoad,0.6,0.49790584687552353,1
b03alpha,alphahigh,agg_full@rho0.8,rep0_alphahigh_agg_full@rho0.8_b03alpha,0,agg_full,0.8,horizon_h4,16,13,SimpleCoverageLoad,0.8,0.7510470765622382,1
b03alpha,alphahigh,agg_full@rho0.8,rep0_alphahigh_agg_full@rho0.8_b03alpha,0,agg_full,0.8,horizon_h4,16,16,SimpleCoverageLoad,1.0,1.0,1
b03alpha,alphahigh,agg_full@rho0.8,rep0_alphahigh_agg_full@rho0.8_b03alpha,0,agg_full,0.8,horizon_h4,16,2,DecisionAware,0.1,0.08577651197855587,1
b03alpha,alphahigh,agg_full@rho0.8,rep0_alphahigh_agg_full@rho0.8_b03alpha,0,agg_full,0.8,horizon_h4,16,3,DecisionAware,0.2,0.3389177416652706,1
b03alpha,alphahigh,agg_full@rho0.8,rep0_alphahigh_agg_full@rho0.8_b03alpha,0,agg_full,0.8,horizon_h4,16,5,DecisionAware,0.3,0.3389177416652706,1
b03alpha,alphahigh,agg_full@rho0.8,rep0_alphahigh_agg_full@rho0.8_b03alpha,0,agg_full,0.8,horizon_h4,16,6,DecisionAware,0.4,0.37342938515664265,1
b03alpha,alphahigh,agg_full@rho0.8,rep0_alphahigh_agg_full@rho0.8_b03alpha,0,agg_full,0.8,horizon_h4,16,8,DecisionAware,0.5,0.49790584687552353,1
b03alpha,alphahigh,agg_full@rho0.8,rep0_alphahigh_agg_full@rho0.8_b03alpha,0,agg_full,0.8,horizon_h4,16,10,DecisionAware,0.6,0.49790584687552353,1
b03alpha,alphahigh,agg_full@rho0.8,rep0_alphahigh_agg_full@rho0.8_b03alpha,0,agg_full,0.8,horizon_h4,16,13,DecisionAware,0.8,0.7510470765622382,1
b03alpha,alphahigh,agg_full@rho0.8,rep0_alphahigh_agg_full@rho0.8_b03alpha,0,agg_full,0.8,horizon_h4,16,16,DecisionAware,1.0,1.0,1
b03alpha,alphahigh,agg_full@rho0.8,rep0_alphahigh_agg_full@rho0.8_b03alpha,0,agg_full,0.8,horizon_h4,16,2,B02Utility,0.1,0.08577651197855587,1
b03alpha,alphahigh,agg_full@rho0.8,rep0_alphahigh_agg_full@rho0.8_b03alpha,0,agg_full,0.8,horizon_h4,16,3,B02Utility,0.2,0.10722063997319485,1
b03alpha,alphahigh,agg_full@rho0.8,rep0_alphahigh_agg_full@rho0.8_b03alpha,0,agg_full,0.8,horizon_h4,16,5,B02Utility,0.3,0.21025297369743678,1
b03alpha,alphahigh,agg_full@rho0.8,rep0_alphahigh_agg_full@rho0.8_b03alpha,0,agg_full,0.8,horizon_h4,16,6,B02Utility,0.4,0.21025297369743678,1
b03alpha,alphahigh,agg_full@rho0.8,rep0_alphahigh_agg_full@rho0.8_b03alpha,0,agg_full,0.8,horizon_h4,16,8,B02Utility,0.5,0.21025297369743678,1
b03alpha,alphahigh,agg_full@rho0.8,rep0_alphahigh_agg_full@rho0.8_b03alpha,0,agg_full,0.8,horizon_h4,16,10,B02Utility,0.6,0.49790584687552353,1
b03alpha,alphahigh,agg_full@rho0.8,rep0_alphahigh_agg_full@rho0.8_b03alpha,0,agg_full,0.8,horizon_h4,16,13,B02Utility,0.8,0.7510470765622382,1
b03alpha,alphahigh,agg_full@rho0.8,rep0_alphahigh_agg_full@rho0.8_b03alpha,0,agg_full,0.8,horizon_h4,16,16,B02Utility,1.0,1.0,1
b03alpha,alphahigh,agg_full@rho0.8,rep0_alphahigh_agg_full@rho0.8_b03alpha,0,agg_full,0.8,horizon_h4,16,2,Oracle,0.1,0.3561735634109566,1
b03alpha,alphahigh,agg_full@rho0.8,rep0_alphahigh_agg_full@rho0.8_b03alpha,0,agg_full,0.8,horizon_h4,16,3,Oracle,0.2,0.4419500753895125,1
b03alpha,alphahigh,agg_full@rho0.8,rep0_alphahigh_agg_full@rho0.8_b03alpha,0,agg_full,0.8,horizon_h4,16,5,Oracle,0.3,0.6135030993466242,1
b03alpha,alphahigh,agg_full@rho0.8,rep0_alphahigh_agg_full@rho0.8_b03alpha,0,agg_full,0.8,horizon_h4,16,6,Oracle,0.4,0.6950913050762272,1
b03alpha,alphahigh,agg_full@rho0.8,rep0_alphahigh_agg_full@rho0.8_b03alpha,0,agg_full,0.8,horizon_h4,16,8,Oracle,0.5,0.8582677165354332,1
b03alpha,alphahigh,agg_full@rho0.8,rep0_alphahigh_agg_full@rho0.8_b03alpha,0,agg_full,0.8,horizon_h4,16,10,Oracle,0.6,0.9571117440107222,1
b03alpha,alphahigh,agg_full@rho0.8,rep0_alphahigh_agg_full@rho0.8_b03alpha,0,agg_full,0.8,horizon_h4,16,13,Oracle,0.8,1.0,1
b03alpha,alphahigh,agg_full@rho0.8,rep0_alphahigh_agg_full@rho0.8_b03alpha,0,agg_full,0.8,horizon_h4,16,16,Oracle,1.0,1.0,1
b03alpha,alphahigh,agg_static@rho0.8,rep1_alphahigh_agg_static@rho0.8_b03alpha,1,agg_static,0.8,next_use,19,2,Random,0.1,0.09077120822622109,20
b03alpha,alphahigh,agg_static@rho0.8,rep1_alphahigh_agg_static@rho0.8_b03alpha,1,agg_static,0.8,next_use,19,4,Random,0.2,0.12624678663239075,20
b03alpha,alphahigh,agg_static@rho0.8,rep1_alphahigh_agg_static@rho0.8_b03alpha,1,agg_static,0.8,next_use,19,6,Random,0.3,0.26573264781491,20
b03alpha,alphahigh,agg_static@rho0.8,rep1_alphahigh_agg_static@rho0.8_b03alpha,1,agg_static,0.8,next_use,19,8,Random,0.4,0.4269665809768638,20
b03alpha,alphahigh,agg_static@rho0.8,rep1_alphahigh_agg_static@rho0.8_b03alpha,1,agg_static,0.8,next_use,19,10,Random,0.5,0.5374807197943445,20
b03alpha,alphahigh,agg_static@rho0.8,rep1_alphahigh_agg_static@rho0.8_b03alpha,1,agg_static,0.8,next_use,19,11,Random,0.6,0.584190231362468,20
b03alpha,alphahigh,agg_static@rho0.8,rep1_alphahigh_agg_static@rho0.8_b03alpha,1,agg_static,0.8,next_use,19,15,Random,0.8,0.7559383033419024,20
b03alpha,alphahigh,agg_static@rho0.8,rep1_alphahigh_agg_static@rho0.8_b03alpha,1,agg_static,0.8,next_use,19,19,Random,1.0,1.0,20
b03alpha,alphahigh,agg_static@rho0.8,rep1_alphahigh_agg_static@rho0.8_b03alpha,1,agg_static,0.8,next_use,19,2,Freshness,0.1,0.0,1
b03alpha,alphahigh,agg_static@rho0.8,rep1_alphahigh_agg_static@rho0.8_b03alpha,1,agg_static,0.8,next_use,19,4,Freshness,0.2,0.07866323907455013,1
b03alpha,alphahigh,agg_static@rho0.8,rep1_alphahigh_agg_static@rho0.8_b03alpha,1,agg_static,0.8,next_use,19,6,Freshness,0.3,0.35475578406169667,1
b03alpha,alphahigh,agg_static@rho0.8,rep1_alphahigh_agg_static@rho0.8_b03alpha,1,agg_static,0.8,next_use,19,8,Freshness,0.4,0.6051413881748072,1
b03alpha,alphahigh,agg_static@rho0.8,rep1_alphahigh_agg_static@rho0.8_b03alpha,1,agg_static,0.8,next_use,19,10,Freshness,0.5,0.8555269922879178,1
b03alpha,alphahigh,agg_static@rho0.8,rep1_alphahigh_agg_static@rho0.8_b03alpha,1,agg_static,0.8,next_use,19,11,Freshness,0.6,0.8555269922879178,1
b03alpha,alphahigh,agg_static@rho0.8,rep1_alphahigh_agg_static@rho0.8_b03alpha,1,agg_static,0.8,next_use,19,15,Freshness,0.8,0.8555269922879178,1
b03alpha,alphahigh,agg_static@rho0.8,rep1_alphahigh_agg_static@rho0.8_b03alpha,1,agg_static,0.8,next_use,19,19,Freshness,1.0,1.0,1
b03alpha,alphahigh,agg_static@rho0.8,rep1_alphahigh_agg_static@rho0.8_b03alpha,1,agg_static,0.8,next_use,19,2,CoverageDelta,0.1,0.07866323907455013,1
b03alpha,alphahigh,agg_static@rho0.8,rep1_alphahigh_agg_static@rho0.8_b03alpha,1,agg_static,0.8,next_use,19,4,CoverageDelta,0.2,0.09151670951156812,1
b03alpha,alphahigh,agg_static@rho0.8,rep1_alphahigh_agg_static@rho0.8_b03alpha,1,agg_static,0.8,next_use,19,6,CoverageDelta,0.3,0.17017994858611826,1
b03alpha,alphahigh,agg_static@rho0.8,rep1_alphahigh_agg_static@rho0.8_b03alpha,1,agg_static,0.8,next_use,19,8,CoverageDelta,0.4,0.17017994858611826,1
b03alpha,alphahigh,agg_static@rho0.8,rep1_alphahigh_agg_static@rho0.8_b03alpha,1,agg_static,0.8,next_use,19,10,CoverageDelta,0.5,0.4334190231362468,1
b03alpha,alphahigh,agg_static@rho0.8,rep1_alphahigh_agg_static@rho0.8_b03alpha,1,agg_static,0.8,next_use,19,11,CoverageDelta,0.6,0.6838046272493574,1
b03alpha,alphahigh,agg_static@rho0.8,rep1_alphahigh_agg_static@rho0.8_b03alpha,1,agg_static,0.8,next_use,19,15,CoverageDelta,0.8,0.934190231362468,1
b03alpha,alphahigh,agg_static@rho0.8,rep1_alphahigh_agg_static@rho0.8_b03alpha,1,agg_static,0.8,next_use,19,19,CoverageDelta,1.0,1.0,1
b03alpha,alphahigh,agg_static@rho0.8,rep1_alphahigh_agg_static@rho0.8_b03alpha,1,agg_static,0.8,next_use,19,2,CoverageAdvantage,0.1,0.06580976863753214,1
b03alpha,alphahigh,agg_static@rho0.8,rep1_alphahigh_agg_static@rho0.8_b03alpha,1,agg_static,0.8,next_use,19,4,CoverageAdvantage,0.2,0.15732647814910025,1
b03alpha,alphahigh,agg_static@rho0.8,rep1_alphahigh_agg_static@rho0.8_b03alpha,1,agg_static,0.8,next_use,19,6,CoverageAdvantage,0.3,0.15732647814910025,1
b03alpha,alphahigh,agg_static@rho0.8,rep1_alphahigh_agg_static@rho0.8_b03alpha,1,agg_static,0.8,next_use,19,8,CoverageAdvantage,0.4,0.2359897172236504,1
b03alpha,alphahigh,agg_static@rho0.8,rep1_alphahigh_agg_static@rho0.8_b03alpha,1,agg_static,0.8,next_use,19,10,CoverageAdvantage,0.5,0.2359897172236504,1
b03alpha,alphahigh,agg_static@rho0.8,rep1_alphahigh_agg_static@rho0.8_b03alpha,1,agg_static,0.8,next_use,19,11,CoverageAdvantage,0.6,0.2359897172236504,1
b03alpha,alphahigh,agg_static@rho0.8,rep1_alphahigh_agg_static@rho0.8_b03alpha,1,agg_static,0.8,next_use,19,15,CoverageAdvantage,0.8,1.0,1
b03alpha,alphahigh,agg_static@rho0.8,rep1_alphahigh_agg_static@rho0.8_b03alpha,1,agg_static,0.8,next_use,19,19,CoverageAdvantage,1.0,1.0,1
b03alpha,alphahigh,agg_static@rho0.8,rep1_alphahigh_agg_static@rho0.8_b03alpha,1,agg_static,0.8,next_use,19,2,SimpleCoverageLoad,0.1,0.06580976863753214,1
b03alpha,alphahigh,agg_static@rho0.8,rep1_alphahigh_agg_static@rho0.8_b03alpha,1,agg_static,0.8,next_use,19,4,SimpleCoverageLoad,0.2,0.15732647814910025,1
b03alpha,alphahigh,agg_static@rho0.8,rep1_alphahigh_agg_static@rho0.8_b03alpha,1,agg_static,0.8,next_use,19,6,SimpleCoverageLoad,0.3,0.15732647814910025,1
b03alpha,alphahigh,agg_static@rho0.8,rep1_alphahigh_agg_static@rho0.8_b03alpha,1,agg_static,0.8,next_use,19,8,SimpleCoverageLoad,0.4,0.2359897172236504,1
b03alpha,alphahigh,agg_static@rho0.8,rep1_alphahigh_agg_static@rho0.8_b03alpha,1,agg_static,0.8,next_use,19,10,SimpleCoverageLoad,0.5,0.2359897172236504,1
b03alpha,alphahigh,agg_static@rho0.8,rep1_alphahigh_agg_static@rho0.8_b03alpha,1,agg_static,0.8,next_use,19,11,SimpleCoverageLoad,0.6,0.2359897172236504,1
b03alpha,alphahigh,agg_static@rho0.8,rep1_alphahigh_agg_static@rho0.8_b03alpha,1,agg_static,0.8,next_use,19,15,SimpleCoverageLoad,0.8,1.0,1
b03alpha,alphahigh,agg_static@rho0.8,rep1_alphahigh_agg_static@rho0.8_b03alpha,1,agg_static,0.8,next_use,19,19,SimpleCoverageLoad,1.0,1.0,1
b03alpha,alphahigh,agg_static@rho0.8,rep1_alphahigh_agg_static@rho0.8_b03alpha,1,agg_static,0.8,next_use,19,2,DecisionAware,0.1,0.06580976863753214,1
b03alpha,alphahigh,agg_static@rho0.8,rep1_alphahigh_agg_static@rho0.8_b03alpha,1,agg_static,0.8,next_use,19,4,DecisionAware,0.2,0.15732647814910025,1
b03alpha,alphahigh,agg_static@rho0.8,rep1_alphahigh_agg_static@rho0.8_b03alpha,1,agg_static,0.8,next_use,19,6,DecisionAware,0.3,0.15732647814910025,1
b03alpha,alphahigh,agg_static@rho0.8,rep1_alphahigh_agg_static@rho0.8_b03alpha,1,agg_static,0.8,next_use,19,8,DecisionAware,0.4,0.2359897172236504,1
b03alpha,alphahigh,agg_static@rho0.8,rep1_alphahigh_agg_static@rho0.8_b03alpha,1,agg_static,0.8,next_use,19,10,DecisionAware,0.5,0.2359897172236504,1
b03alpha,alphahigh,agg_static@rho0.8,rep1_alphahigh_agg_static@rho0.8_b03alpha,1,agg_static,0.8,next_use,19,11,DecisionAware,0.6,0.2359897172236504,1
b03alpha,alphahigh,agg_static@rho0.8,rep1_alphahigh_agg_static@rho0.8_b03alpha,1,agg_static,0.8,next_use,19,15,DecisionAware,0.8,0.7496143958868895,1
b03alpha,alphahigh,agg_static@rho0.8,rep1_alphahigh_agg_static@rho0.8_b03alpha,1,agg_static,0.8,next_use,19,19,DecisionAware,1.0,1.0,1
b03alpha,alphahigh,agg_static@rho0.8,rep1_alphahigh_agg_static@rho0.8_b03alpha,1,agg_static,0.8,next_use,19,2,B02Utility,0.1,0.14447300771208227,1
b03alpha,alphahigh,agg_static@rho0.8,rep1_alphahigh_agg_static@rho0.8_b03alpha,1,agg_static,0.8,next_use,19,4,B02Utility,0.2,0.15732647814910025,1
b03alpha,alphahigh,agg_static@rho0.8,rep1_alphahigh_agg_static@rho0.8_b03alpha,1,agg_static,0.8,next_use,19,6,B02Utility,0.3,0.15732647814910025,1
b03alpha,alphahigh,agg_static@rho0.8,rep1_alphahigh_agg_static@rho0.8_b03alpha,1,agg_static,0.8,next_use,19,8,B02Utility,0.4,0.15732647814910025,1
b03alpha,alphahigh,agg_static@rho0.8,rep1_alphahigh_agg_static@rho0.8_b03alpha,1,agg_static,0.8,next_use,19,10,B02Utility,0.5,0.6709511568123394,1
b03alpha,alphahigh,agg_static@rho0.8,rep1_alphahigh_agg_static@rho0.8_b03alpha,1,agg_static,0.8,next_use,19,11,B02Utility,0.6,0.6709511568123394,1
b03alpha,alphahigh,agg_static@rho0.8,rep1_alphahigh_agg_static@rho0.8_b03alpha,1,agg_static,0.8,next_use,19,15,B02Utility,0.8,0.92133676092545,1
b03alpha,alphahigh,agg_static@rho0.8,rep1_alphahigh_agg_static@rho0.8_b03alpha,1,agg_static,0.8,next_use,19,19,B02Utility,1.0,1.0,1
b03alpha,alphahigh,agg_static@rho0.8,rep1_alphahigh_agg_static@rho0.8_b03alpha,1,agg_static,0.8,next_use,19,2,Oracle,0.1,0.5136246786632391,1
b03alpha,alphahigh,agg_static@rho0.8,rep1_alphahigh_agg_static@rho0.8_b03alpha,1,agg_static,0.8,next_use,19,4,Oracle,0.2,0.8426735218508998,1
b03alpha,alphahigh,agg_static@rho0.8,rep1_alphahigh_agg_static@rho0.8_b03alpha,1,agg_static,0.8,next_use,19,6,Oracle,0.3,0.987146529562982,1
b03alpha,alphahigh,agg_static@rho0.8,rep1_alphahigh_agg_static@rho0.8_b03alpha,1,agg_static,0.8,next_use,19,8,Oracle,0.4,1.0,1
b03alpha,alphahigh,agg_static@rho0.8,rep1_alphahigh_agg_static@rho0.8_b03alpha,1,agg_static,0.8,next_use,19,10,Oracle,0.5,1.0,1
b03alpha,alphahigh,agg_static@rho0.8,rep1_alphahigh_agg_static@rho0.8_b03alpha,1,agg_static,0.8,next_use,19,11,Oracle,0.6,1.0,1
b03alpha,alphahigh,agg_static@rho0.8,rep1_alphahigh_agg_static@rho0.8_b03alpha,1,agg_static,0.8,next_use,19,15,Oracle,0.8,1.0,1
b03alpha,alphahigh,agg_static@rho0.8,rep1_alphahigh_agg_static@rho0.8_b03alpha,1,agg_static,0.8,next_use,19,19,Oracle,1.0,1.0,1
b03alpha,alphahigh,agg_static@rho0.8,rep1_alphahigh_agg_static@rho0.8_b03alpha,1,agg_static,0.8,horizon_h4,19,2,Random,0.1,0.08785609934258583,20
b03alpha,alphahigh,agg_static@rho0.8,rep1_alphahigh_agg_static@rho0.8_b03alpha,1,agg_static,0.8,horizon_h4,19,4,Random,0.2,0.12052593133674215,20
b03alpha,alphahigh,agg_static@rho0.8,rep1_alphahigh_agg_static@rho0.8_b03alpha,1,agg_static,0.8,horizon_h4,19,6,Random,0.3,0.25792549306062823,20
b03alpha,alphahigh,agg_static@rho0.8,rep1_alphahigh_agg_static@rho0.8_b03alpha,1,agg_static,0.8,horizon_h4,19,8,Random,0.4,0.4290175310445581,20
b03alpha,alphahigh,agg_static@rho0.8,rep1_alphahigh_agg_static@rho0.8_b03alpha,1,agg_static,0.8,horizon_h4,19,10,Random,0.5,0.5467494521548576,20
b03alpha,alphahigh,agg_static@rho0.8,rep1_alphahigh_agg_static@rho0.8_b03alpha,1,agg_static,0.8,horizon_h4,19,11,Random,0.6,0.585518626734843,20
b03alpha,alphahigh,agg_static@rho0.8,rep1_alphahigh_agg_static@rho0.8_b03alpha,1,agg_static,0.8,horizon_h4,19,15,Random,0.8,0.7832359386413441,20
b03alpha,alphahigh,agg_static@rho0.8,rep1_alphahigh_agg_static@rho0.8_b03alpha,1,agg_static,0.8,horizon_h4,19,19,Random,1.0,1.0,20
b03alpha,alphahigh,agg_static@rho0.8,rep1_alphahigh_agg_static@rho0.8_b03alpha,1,agg_static,0.8,horizon_h4,19,2,Freshness,0.1,0.0,1
b03alpha,alphahigh,agg_static@rho0.8,rep1_alphahigh_agg_static@rho0.8_b03alpha,1,agg_static,0.8,horizon_h4,19,4,Freshness,0.2,0.0650109569028488,1
b03alpha,alphahigh,agg_static@rho0.8,rep1_alphahigh_agg_static@rho0.8_b03alpha,1,agg_static,0.8,horizon_h4,19,6,Freshness,0.3,0.3637691745799854,1
b03alpha,alphahigh,agg_static@rho0.8,rep1_alphahigh_agg_static@rho0.8_b03alpha,1,agg_static,0.8,horizon_h4,19,8,Freshness,0.4,0.54163623082542,1
b03alpha,alphahigh,agg_static@rho0.8,rep1_alphahigh_agg_static@rho0.8_b03alpha,1,agg_static,0.8,horizon_h4,19,10,Freshness,0.5,0.9065010956902849,1
b03alpha,alphahigh,agg_static@rho0.8,rep1_alphahigh_agg_static@rho0.8_b03alpha,1,agg_static,0.8,horizon_h4,19,11,Freshness,0.6,0.9065010956902849,1
b03alpha,alphahigh,agg_static@rho0.8,rep1_alphahigh_agg_static@rho0.8_b03alpha,1,agg_static,0.8,horizon_h4,19,15,Freshness,0.8,0.9441197954711469,1
b03alpha,alphahigh,agg_static@rho0.8,rep1_alphahigh_agg_static@rho0.8_b03alpha,1,agg_static,0.8,horizon_h4,19,19,Freshness,1.0,1.0,1
b03alpha,alphahigh,agg_static@rho0.8,rep1_alphahigh_agg_static@rho0.8_b03alpha,1,agg_static,0.8,horizon_h4,19,2,CoverageDelta,0.1,0.0650109569028488,1
b03alpha,alphahigh,agg_static@rho0.8,rep1_alphahigh_agg_static@rho0.8_b03alpha,1,agg_static,0.8,horizon_h4,19,4,CoverageDelta,0.2,0.17677136596055515,1
b03alpha,alphahigh,agg_static@rho0.8,rep1_alphahigh_agg_static@rho0.8_b03alpha,1,agg_static,0.8,horizon_h4,19,6,CoverageDelta,0.3,0.2702702702702703,1
b03alpha,alphahigh,agg_static@rho0.8,rep1_alphahigh_agg_static@rho0.8_b03alpha,1,agg_static,0.8,horizon_h4,19,8,CoverageDelta,0.4,0.2702702702702703,1
b03alpha,alphahigh,agg_static@rho0.8,rep1_alphahigh_agg_static@rho0.8_b03alpha,1,agg_static,0.8,horizon_h4,19,10,CoverageDelta,0.5,0.4572680788897005,1
b03alpha,alphahigh,agg_static@rho0.8,rep1_alphahigh_agg_static@rho0.8_b03alpha,1,agg_static,0.8,horizon_h4,19,11,CoverageDelta,0.6,0.6351351351351352,1
b03alpha,alphahigh,agg_static@rho0.8,rep1_alphahigh_agg_static@rho0.8_b03alpha,1,agg_static,0.8,horizon_h4,19,15,CoverageDelta,0.8,1.0,1
b03alpha,alphahigh,agg_static@rho0.8,rep1_alphahigh_agg_static@rho0.8_b03alpha,1,agg_static,0.8,horizon_h4,19,19,CoverageDelta,1.0,1.0,1
b03alpha,alphahigh,agg_static@rho0.8,rep1_alphahigh_agg_static@rho0.8_b03alpha,1,agg_static,0.8,horizon_h4,19,2,CoverageAdvantage,0.1,0.0,1
b03alpha,alphahigh,agg_static@rho0.8,rep1_alphahigh_agg_static@rho0.8_b03alpha,1,agg_static,0.8,horizon_h4,19,4,CoverageAdvantage,0.2,0.17677136596055515,1
b03alpha,alphahigh,agg_static@rho0.8,rep1_alphahigh_agg_static@rho0.8_b03alpha,1,agg_static,0.8,horizon_h4,19,6,CoverageAdvantage,0.3,0.17677136596055515,1
b03alpha,alphahigh,agg_static@rho0.8,rep1_alphahigh_agg_static@rho0.8_b03alpha,1,agg_static,0.8,horizon_h4,19,8,CoverageAdvantage,0.4,0.2702702702702703,1
b03alpha,alphahigh,agg_static@rho0.8,rep1_alphahigh_agg_static@rho0.8_b03alpha,1,agg_static,0.8,horizon_h4,19,10,CoverageAdvantage,0.5,0.2702702702702703,1
b03alpha,alphahigh,agg_static@rho0.8,rep1_alphahigh_agg_static@rho0.8_b03alpha,1,agg_static,0.8,horizon_h4,19,11,CoverageAdvantage,0.6,0.2702702702702703,1
b03alpha,alphahigh,agg_static@rho0.8,rep1_alphahigh_agg_static@rho0.8_b03alpha,1,agg_static,0.8,horizon_h4,19,15,CoverageAdvantage,0.8,1.0,1
b03alpha,alphahigh,agg_static@rho0.8,rep1_alphahigh_agg_static@rho0.8_b03alpha,1,agg_static,0.8,horizon_h4,19,19,CoverageAdvantage,1.0,1.0,1
b03alpha,alphahigh,agg_static@rho0.8,rep1_alphahigh_agg_static@rho0.8_b03alpha,1,agg_static,0.8,horizon_h4,19,2,SimpleCoverageLoad,0.1,0.0,1
b03alpha,alphahigh,agg_static@rho0.8,rep1_alphahigh_agg_static@rho0.8_b03alpha,1,agg_static,0.8,horizon_h4,19,4,SimpleCoverageLoad,0.2,0.17677136596055515,1
b03alpha,alphahigh,agg_static@rho0.8,rep1_alphahigh_agg_static@rho0.8_b03alpha,1,agg_static,0.8,horizon_h4,19,6,SimpleCoverageLoad,0.3,0.17677136596055515,1
b03alpha,alphahigh,agg_static@rho0.8,rep1_alphahigh_agg_static@rho0.8_b03alpha,1,agg_static,0.8,horizon_h4,19,8,SimpleCoverageLoad,0.4,0.2702702702702703,1
b03alpha,alphahigh,agg_static@rho0.8,rep1_alphahigh_agg_static@rho0.8_b03alpha,1,agg_static,0.8,horizon_h4,19,10,SimpleCoverageLoad,0.5,0.2702702702702703,1
b03alpha,alphahigh,agg_static@rho0.8,rep1_alphahigh_agg_static@rho0.8_b03alpha,1,agg_static,0.8,horizon_h4,19,11,SimpleCoverageLoad,0.6,0.2702702702702703,1
b03alpha,alphahigh,agg_static@rho0.8,rep1_alphahigh_agg_static@rho0.8_b03alpha,1,agg_static,0.8,horizon_h4,19,15,SimpleCoverageLoad,0.8,1.0,1
b03alpha,alphahigh,agg_static@rho0.8,rep1_alphahigh_agg_static@rho0.8_b03alpha,1,agg_static,0.8,horizon_h4,19,19,SimpleCoverageLoad,1.0,1.0,1
b03alpha,alphahigh,agg_static@rho0.8,rep1_alphahigh_agg_static@rho0.8_b03alpha,1,agg_static,0.8,horizon_h4,19,2,DecisionAware,0.1,0.0,1
b03alpha,alphahigh,agg_static@rho0.8,rep1_alphahigh_agg_static@rho0.8_b03alpha,1,agg_static,0.8,horizon_h4,19,4,DecisionAware,0.2,0.17677136596055515,1
b03alpha,alphahigh,agg_static@rho0.8,rep1_alphahigh_agg_static@rho0.8_b03alpha,1,agg_static,0.8,horizon_h4,19,6,DecisionAware,0.3,0.2143900657414171,1
b03alpha,alphahigh,agg_static@rho0.8,rep1_alphahigh_agg_static@rho0.8_b03alpha,1,agg_static,0.8,horizon_h4,19,8,DecisionAware,0.4,0.2702702702702703,1
b03alpha,alphahigh,agg_static@rho0.8,rep1_alphahigh_agg_static@rho0.8_b03alpha,1,agg_static,0.8,horizon_h4,19,10,DecisionAware,0.5,0.2702702702702703,1
b03alpha,alphahigh,agg_static@rho0.8,rep1_alphahigh_agg_static@rho0.8_b03alpha,1,agg_static,0.8,horizon_h4,19,11,DecisionAware,0.6,0.2702702702702703,1
b03alpha,alphahigh,agg_static@rho0.8,rep1_alphahigh_agg_static@rho0.8_b03alpha,1,agg_static,0.8,horizon_h4,19,15,DecisionAware,0.8,0.6351351351351352,1
b03alpha,alphahigh,agg_static@rho0.8,rep1_alphahigh_agg_static@rho0.8_b03alpha,1,agg_static,0.8,horizon_h4,19,19,DecisionAware,1.0,1.0,1
b03alpha,alphahigh,agg_static@rho0.8,rep1_alphahigh_agg_static@rho0.8_b03alpha,1,agg_static,0.8,horizon_h4,19,2,B02Utility,0.1,0.0650109569028488,1
b03alpha,alphahigh,agg_static@rho0.8,rep1_alphahigh_agg_static@rho0.8_b03alpha,1,agg_static,0.8,horizon_h4,19,4,B02Utility,0.2,0.17677136596055515,1
b03alpha,alphahigh,agg_static@rho0.8,rep1_alphahigh_agg_static@rho0.8_b03alpha,1,agg_static,0.8,horizon_h4,19,6,B02Utility,0.3,0.17677136596055515,1
b03alpha,alphahigh,agg_static@rho0.8,rep1_alphahigh_agg_static@rho0.8_b03alpha,1,agg_static,0.8,horizon_h4,19,8,B02Utility,0.4,0.17677136596055515,1
b03alpha,alphahigh,agg_static@rho0.8,rep1_alphahigh_agg_static@rho0.8_b03alpha,1,agg_static,0.8,horizon_h4,19,10,B02Utility,0.5,0.54163623082542,1
b03alpha,alphahigh,agg_static@rho0.8,rep1_alphahigh_agg_static@rho0.8_b03alpha,1,agg_static,0.8,horizon_h4,19,11,B02Utility,0.6,0.54163623082542,1
b03alpha,alphahigh,agg_static@rho0.8,rep1_alphahigh_agg_static@rho0.8_b03alpha,1,agg_static,0.8,horizon_h4,19,15,B02Utility,0.8,0.9441197954711469,1
b03alpha,alphahigh,agg_static@rho0.8,rep1_alphahigh_agg_static@rho0.8_b03alpha,1,agg_static,0.8,horizon_h4,19,19,B02Utility,1.0,1.0,1
b03alpha,alphahigh,agg_static@rho0.8,rep1_alphahigh_agg_static@rho0.8_b03alpha,1,agg_static,0.8,horizon_h4,19,2,Oracle,0.1,0.5518626734842951,1
b03alpha,alphahigh,agg_static@rho0.8,rep1_alphahigh_agg_static@rho0.8_b03alpha,1,agg_static,0.8,horizon_h4,19,4,Oracle,0.2,0.8414901387874361,1
b03alpha,alphahigh,agg_static@rho0.8,rep1_alphahigh_agg_static@rho0.8_b03alpha,1,agg_static,0.8,horizon_h4,19,6,Oracle,0.3,0.9623813002191381,1
b03alpha,alphahigh,agg_static@rho0.8,rep1_alphahigh_agg_static@rho0.8_b03alpha,1,agg_static,0.8,horizon_h4,19,8,Oracle,0.4,1.0,1
b03alpha,alphahigh,agg_static@rho0.8,rep1_alphahigh_agg_static@rho0.8_b03alpha,1,agg_static,0.8,horizon_h4,19,10,Oracle,0.5,1.0,1
b03alpha,alphahigh,agg_static@rho0.8,rep1_alphahigh_agg_static@rho0.8_b03alpha,1,agg_static,0.8,horizon_h4,19,11,Oracle,0.6,1.0,1
b03alpha,alphahigh,agg_static@rho0.8,rep1_alphahigh_agg_static@rho0.8_b03alpha,1,agg_static,0.8,horizon_h4,19,15,Oracle,0.8,1.0,1
b03alpha,alphahigh,agg_static@rho0.8,rep1_alphahigh_agg_static@rho0.8_b03alpha,1,agg_static,0.8,horizon_h4,19,19,Oracle,1.0,1.0,1
b03alpha,alphahigh,agg_full@rho0.8,rep1_alphahigh_agg_full@rho0.8_b03alpha,1,agg_full,0.8,next_use,18,2,Random,0.1,0.08606290672451193,20
b03alpha,alphahigh,agg_full@rho0.8,rep1_alphahigh_agg_full@rho0.8_b03alpha,1,agg_full,0.8,next_use,18,4,Random,0.2,0.1990419378163413,20
b03alpha,alphahigh,agg_full@rho0.8,rep1_alphahigh_agg_full@rho0.8_b03alpha,1,agg_full,0.8,next_use,18,5,Random,0.3,0.23510484454085323,20
b03alpha,alphahigh,agg_full@rho0.8,rep1_alphahigh_agg_full@rho0.8_b03alpha,1,agg_full,0.8,next_use,18,7,Random,0.4,0.3707700650759219,20
b03alpha,alphahigh,agg_full@rho0.8,rep1_alphahigh_agg_full@rho0.8_b03alpha,1,agg_full,0.8,next_use,18,9,Random,0.5,0.4513015184381779,20
b03alpha,alphahigh,agg_full@rho0.8,rep1_alphahigh_agg_full@rho0.8_b03alpha,1,agg_full,0.8,next_use,18,11,Random,0.6,0.5698120028922632,20
b03alpha,alphahigh,agg_full@rho0.8,rep1_alphahigh_agg_full@rho0.8_b03alpha,1,agg_full,0.8,next_use,18,14,Random,0.8,0.7809833694866233,20
b03alpha,alphahigh,agg_full@rho0.8,rep1_alphahigh_agg_full@rho0.8_b03alpha,1,agg_full,0.8,next_use,18,18,Random,1.0,1.0,20
b03alpha,alphahigh,agg_full@rho0.8,rep1_alphahigh_agg_full@rho0.8_b03alpha,1,agg_full,0.8,next_use,18,2,Freshness,0.1,0.0,1
b03alpha,alphahigh,agg_full@rho0.8,rep1_alphahigh_agg_full@rho0.8_b03alpha,1,agg_full,0.8,next_use,18,4,Freshness,0.2,0.009038322487346349,1
b03alpha,alphahigh,agg_full@rho0.8,rep1_alphahigh_agg_full@rho0.8_b03alpha,1,agg_full,0.8,next_use,18,5,Freshness,0.3,0.23138105567606654,1
b03alpha,alphahigh,agg_full@rho0.8,rep1_alphahigh_agg_full@rho0.8_b03alpha,1,agg_full,0.8,next_use,18,7,Freshness,0.4,0.5835140997830803,1
b03alpha,alphahigh,agg_full@rho0.8,rep1_alphahigh_agg_full@rho0.8_b03alpha,1,agg_full,0.8,next_use,18,9,Freshness,0.5,0.8058568329718004,1
b03alpha,alphahigh,agg_full@rho0.8,rep1_alphahigh_agg_full@rho0.8_b03alpha,1,agg_full,0.8,next_use,18,11,Freshness,0.6,0.8611713665943601,1
b03alpha,alphahigh,agg_full@rho0.8,rep1_alphahigh_agg_full@rho0.8_b03alpha,1,agg_full,0.8,next_use,18,14,Freshness,0.8,0.9537237888647868,1
b03alpha,alphahigh,agg_full@rho0.8,rep1_alphahigh_agg_full@rho0.8_b03alpha,1,agg_full,0.8,next_use,18,18,Freshness,1.0,1.0,1
b03alpha,alphahigh,agg_full@rho0.8,rep1_alphahigh_agg_full@rho0.8_b03alpha,1,agg_full,0.8,next_use,18,2,CoverageDelta,0.1,0.055314533622559656,1
b03alpha,alphahigh,agg_full@rho0.8,rep1_alphahigh_agg_full@rho0.8_b03alpha,1,agg_full,0.8,next_use,18,4,CoverageDelta,0.2,0.27765726681127983,1
b03alpha,alphahigh,agg_full@rho0.8,rep1_alphahigh_agg_full@rho0.8_b03alpha,1,agg_full,0.8,next_use,18,5,CoverageDelta,0.3,0.3239334779464932,1
b03alpha,alphahigh,agg_full@rho0.8,rep1_alphahigh_agg_full@rho0.8_b03alpha,1,agg_full,0.8,next_use,18,7,CoverageDelta,0.4,0.3792480115690528,1
b03alpha,alphahigh,agg_full@rho0.8,rep1_alphahigh_agg_full@rho0.8_b03alpha,1,agg_full,0.8,next_use,18,9,CoverageDelta,0.5,0.3792480115690528,1
b03alpha,alphahigh,agg_full@rho0.8,rep1_alphahigh_agg_full@rho0.8_b03alpha,1,agg_full,0.8,next_use,18,11,CoverageDelta,0.6,0.7313810556760665,1
b03alpha,alphahigh,agg_full@rho0.8,rep1_alphahigh_agg_full@rho0.8_b03alpha,1,agg_full,0.8,next_use,18,14,CoverageDelta,0.8,0.9537237888647868,1
b03alpha,alphahigh,agg_full@rho0.8,rep1_alphahigh_agg_full@rho0.8_b03alpha,1,agg_full,0.8,next_use,18,18,CoverageDelta,1.0,1.0,1
b03alpha,alphahigh,agg_full@rho0.8,rep1_alphahigh_agg_full@rho0.8_b03alpha,1,agg_full,0.8,next_use,18,2,CoverageAdvantage,0.1,0.09255242227042661,1
b03alpha,alphahigh,agg_full@rho0.8,rep1_alphahigh_agg_full@rho0.8_b03alpha,1,agg_full,0.8,next_use,18,4,CoverageAdvantage,0.2,0.14786695589298626,1
b03alpha,alphahigh,agg_full@rho0.8,rep1_alphahigh_agg_full@rho0.8_b03alpha,1,agg_full,0.8,next_use,18,5,CoverageAdvantage,0.3,0.14786695589298626,1
b03alpha,alphahigh,agg_full@rho0.8,rep1_alphahigh_agg_full@rho0.8_b03alpha,1,agg_full,0.8,next_use,18,7,CoverageAdvantage,0.4,0.14786695589298626,1
b03alpha,alphahigh,agg_full@rho0.8,rep1_alphahigh_agg_full@rho0.8_b03alpha,1,agg_full,0.8,next_use,18,9,CoverageAdvantage,0.5,0.4164859002169197,1
b03alpha,alphahigh,agg_full@rho0.8,rep1_alphahigh_agg_full@rho0.8_b03alpha,1,agg_full,0.8,next_use,18,11,CoverageAdvantage,0.6,0.4718004338394794,1
b03alpha,alphahigh,agg_full@rho0.8,rep1_alphahigh_agg_full@rho0.8_b03alpha,1,agg_full,0.8,next_use,18,14,CoverageAdvantage,0.8,0.4718004338394794,1
b03alpha,alphahigh,agg_full@rho0.8,rep1_alphahigh_agg_full@rho0.8_b03alpha,1,agg_full,0.8,next_use,18,18,CoverageAdvantage,1.0,1.0,1
b03alpha,alphahigh,agg_full@rho0.8,rep1_alphahigh_agg_full@rho0.8_b03alpha,1,agg_full,0.8,next_use,18,2,SimpleCoverageLoad,0.1,0.09255242227042661,1
b03alpha,alphahigh,agg_full@rho0.8,rep1_alphahigh_agg_full@rho0.8_b03alpha,1,agg_full,0.8,next_use,18,4,SimpleCoverageLoad,0.2,0.14786695589298626,1
b03alpha,alphahigh,agg_full@rho0.8,rep1_alphahigh_agg_full@rho0.8_b03alpha,1,agg_full,0.8,next_use,18,5,SimpleCoverageLoad,0.3,0.14786695589298626,1
b03alpha,alphahigh,agg_full@rho0.8,rep1_alphahigh_agg_full@rho0.8_b03alpha,1,agg_full,0.8,next_use,18,7,SimpleCoverageLoad,0.4,0.14786695589298626,1
b03alpha,alphahigh,agg_full@rho0.8,rep1_alphahigh_agg_full@rho0.8_b03alpha,1,agg_full,0.8,next_use,18,9,SimpleCoverageLoad,0.5,0.4164859002169197,1
b03alpha,alphahigh,agg_full@rho0.8,rep1_alphahigh_agg_full@rho0.8_b03alpha,1,agg_full,0.8,next_use,18,11,SimpleCoverageLoad,0.6,0.4718004338394794,1
b03alpha,alphahigh,agg_full@rho0.8,rep1_alphahigh_agg_full@rho0.8_b03alpha,1,agg_full,0.8,next_use,18,14,SimpleCoverageLoad,0.8,0.4718004338394794,1
b03alpha,alphahigh,agg_full@rho0.8,rep1_alphahigh_agg_full@rho0.8_b03alpha,1,agg_full,0.8,next_use,18,18,SimpleCoverageLoad,1.0,1.0,1
b03alpha,alphahigh,agg_full@rho0.8,rep1_alphahigh_agg_full@rho0.8_b03alpha,1,agg_full,0.8,next_use,18,2,DecisionAware,0.1,0.09255242227042661,1
b03alpha,alphahigh,agg_full@rho0.8,rep1_alphahigh_agg_full@rho0.8_b03alpha,1,agg_full,0.8,next_use,18,4,DecisionAware,0.2,0.13882863340563992,1
b03alpha,alphahigh,agg_full@rho0.8,rep1_alphahigh_agg_full@rho0.8_b03alpha,1,agg_full,0.8,next_use,18,5,DecisionAware,0.3,0.14786695589298626,1
b03alpha,alphahigh,agg_full@rho0.8,rep1_alphahigh_agg_full@rho0.8_b03alpha,1,agg_full,0.8,next_use,18,7,DecisionAware,0.4,0.37020968908170643,1
b03alpha,alphahigh,agg_full@rho0.8,rep1_alphahigh_agg_full@rho0.8_b03alpha,1,agg_full,0.8,next_use,18,9,DecisionAware,0.5,0.4718004338394794,1
b03alpha,alphahigh,agg_full@rho0.8,rep1_alphahigh_agg_full@rho0.8_b03alpha,1,agg_full,0.8,next_use,18,11,DecisionAware,0.6,0.4718004338394794,1
b03alpha,alphahigh,agg_full@rho0.8,rep1_alphahigh_agg_full@rho0.8_b03alpha,1,agg_full,0.8,next_use,18,14,DecisionAware,0.8,0.4718004338394794,1
b03alpha,alphahigh,agg_full@rho0.8,rep1_alphahigh_agg_full@rho0.8_b03alpha,1,agg_full,0.8,next_use,18,18,DecisionAware,1.0,1.0,1
b03alpha,alphahigh,agg_full@rho0.8,rep1_alphahigh_agg_full@rho0.8_b03alpha,1,agg_full,0.8,next_use,18,2,B02Utility,0.1,0.055314533622559656,1
b03alpha,alphahigh,agg_full@rho0.8,rep1_alphahigh_agg_full@rho0.8_b03alpha,1,agg_full,0.8,next_use,18,4,B02Utility,0.2,0.27765726681127983,1
b03alpha,alphahigh,agg_full@rho0.8,rep1_alphahigh_agg_full@rho0.8_b03alpha,1,agg_full,0.8,next_use,18,5,B02Utility,0.3,0.3239334779464932,1
b03alpha,alphahigh,agg_full@rho0.8,rep1_alphahigh_agg_full@rho0.8_b03alpha,1,agg_full,0.8,next_use,18,7,B02Utility,0.4,0.3239334779464932,1
b03alpha,alphahigh,agg_full@rho0.8,rep1_alphahigh_agg_full@rho0.8_b03alpha,1,agg_full,0.8,next_use,18,9,B02Utility,0.5,0.6760665220535068,1
b03alpha,alphahigh,agg_full@rho0.8,rep1_alphahigh_agg_full@rho0.8_b03alpha,1,agg_full,0.8,next_use,18,11,B02Utility,0.6,0.6760665220535068,1
b03alpha,alphahigh,agg_full@rho0.8,rep1_alphahigh_agg_full@rho0.8_b03alpha,1,agg_full,0.8,next_use,18,14,B02Utility,0.8,0.7686189443239335,1
b03alpha,alphahigh,agg_full@rho0.8,rep1_alphahigh_agg_full@rho0.8_b03alpha,1,agg_full,0.8,next_use,18,18,B02Utility,1.0,1.0,1
b03alpha,alphahigh,agg_full@rho0.8,rep1_alphahigh_agg_full@rho0.8_b03alpha,1,agg_full,0.8,next_use,18,2,Oracle,0.1,0.39840925524222703,1
b03alpha,alphahigh,agg_full@rho0.8,rep1_alphahigh_agg_full@rho0.8_b03alpha,1,agg_full,0.8,next_use,18,4,Oracle,0.2,0.7505422993492409,1
b03alpha,alphahigh,agg_full@rho0.8,rep1_alphahigh_agg_full@rho0.8_b03alpha,1,agg_full,0.8,next_use,18,5,Oracle,0.3,0.8058568329718004,1
b03alpha,alphahigh,agg_full@rho0.8,rep1_alphahigh_agg_full@rho0.8_b03alpha,1,agg_full,0.8,next_use,18,7,Oracle,0.4,0.8984092552422271,1
b03alpha,alphahigh,agg_full@rho0.8,rep1_alphahigh_agg_full@rho0.8_b03alpha,1,agg_full,0.8,next_use,18,9,Oracle,0.5,0.9909616775126536,1
b03alpha,alphahigh,agg_full@rho0.8,rep1_alphahigh_agg_full@rho0.8_b03alpha,1,agg_full,0.8,next_use,18,11,Oracle,0.6,1.0,1
b03alpha,alphahigh,agg_full@rho0.8,rep1_alphahigh_agg_full@rho0.8_b03alpha,1,agg_full,0.8,next_use,18,14,Oracle,0.8,1.0,1
b03alpha,alphahigh,agg_full@rho0.8,rep1_alphahigh_agg_full@rho0.8_b03alpha,1,agg_full,0.8,next_use,18,18,Oracle,1.0,1.0,1
b03alpha,alphahigh,agg_full@rho0.8,rep1_alphahigh_agg_full@rho0.8_b03alpha,1,agg_full,0.8,horizon_h4,18,2,Random,0.1,0.07604638009049773,20
b03alpha,alphahigh,agg_full@rho0.8,rep1_alphahigh_agg_full@rho0.8_b03alpha,1,agg_full,0.8,horizon_h4,18,4,Random,0.2,0.18646304675716438,20
b03alpha,alphahigh,agg_full@rho0.8,rep1_alphahigh_agg_full@rho0.8_b03alpha,1,agg_full,0.8,horizon_h4,18,5,Random,0.3,0.2260180995475113,20
b03alpha,alphahigh,agg_full@rho0.8,rep1_alphahigh_agg_full@rho0.8_b03alpha,1,agg_full,0.8,horizon_h4,18,7,Random,0.4,0.3723981900452488,20
b03alpha,alphahigh,agg_full@rho0.8,rep1_alphahigh_agg_full@rho0.8_b03alpha,1,agg_full,0.8,horizon_h4,18,9,Random,0.5,0.44414592760180993,20
b03alpha,alphahigh,agg_full@rho0.8,rep1_alphahigh_agg_full@rho0.8_b03alpha,1,agg_full,0.8,horizon_h4,18,11,Random,0.6,0.5547699849170438,20
b03alpha,alphahigh,agg_full@rho0.8,rep1_alphahigh_agg_full@rho0.8_b03alpha,1,agg_full,0.8,horizon_h4,18,14,Random,0.8,0.7637443438914027,20
b03alpha,alphahigh,agg_full@rho0.8,rep1_alphahigh_agg_full@rho0.8_b03alpha,1,agg_full,0.8,horizon_h4,18,18,Random,1.0,1.0,20
b03alpha,alphahigh,agg_full@rho0.8,rep1_alphahigh_agg_full@rho0.8_b03alpha,1,agg_full,0.8,horizon_h4,18,2,Freshness,0.1,0.0,1
b03alpha,alphahigh,agg_full@rho0.8,rep1_alphahigh_agg_full@rho0.8_b03alpha,1,agg_full,0.8,horizon_h4,18,4,Freshness,0.2,0.05769230769230769,1
b03alpha,alphahigh,agg_full@rho0.8,rep1_alphahigh_agg_full@rho0.8_b03alpha,1,agg_full,0.8,horizon_h4,18,5,Freshness,0.3,0.41025641025641024,1
b03alpha,alphahigh,agg_full@rho0.8,rep1_alphahigh_agg_full@rho0.8_b03alpha,1,agg_full,0.8,horizon_h4,18,7,Freshness,0.4,0.6809954751131222,1
b03alpha,alphahigh,agg_full@rho0.8,rep1_alphahigh_agg_full@rho0.8_b03alpha,1,agg_full,0.8,horizon_h4,18,9,Freshness,0.5,0.8552036199095023,1
b03alpha,alphahigh,agg_full@rho0.8,rep1_alphahigh_agg_full@rho0.8_b03alpha,1,agg_full,0.8,horizon_h4,18,11,Freshness,0.6,0.884049773755656,1
b03alpha,alphahigh,agg_full@rho0.8,rep1_alphahigh_agg_full@rho0.8_b03alpha,1,agg_full,0.8,horizon_h4,18,14,Freshness,0.8,1.0,1
b03alpha,alphahigh,agg_full@rho0.8,rep1_alphahigh_agg_full@rho0.8_b03alpha,1,agg_full,0.8,horizon_h4,18,18,Freshness,1.0,1.0,1
b03alpha,alphahigh,agg_full@rho0.8,rep1_alphahigh_agg_full@rho0.8_b03alpha,1,agg_full,0.8,horizon_h4,18,2,CoverageDelta,0.1,0.033559577677224735,1
b03alpha,alphahigh,agg_full@rho0.8,rep1_alphahigh_agg_full@rho0.8_b03alpha,1,agg_full,0.8,horizon_h4,18,4,CoverageDelta,0.2,0.4343891402714932,1
b03alpha,alphahigh,agg_full@rho0.8,rep1_alphahigh_agg_full@rho0.8_b03alpha,1,agg_full,0.8,horizon_h4,18,5,CoverageDelta,0.3,0.5167797888386124,1
b03alpha,alphahigh,agg_full@rho0.8,rep1_alphahigh_agg_full@rho0.8_b03alpha,1,agg_full,0.8,horizon_h4,18,7,CoverageDelta,0.4,0.5456259426847663,1
b03alpha,alphahigh,agg_full@rho0.8,rep1_alphahigh_agg_full@rho0.8_b03alpha,1,agg_full,0.8,horizon_h4,18,9,CoverageDelta,0.5,0.5456259426847663,1
b03alpha,alphahigh,agg_full@rho0.8,rep1_alphahigh_agg_full@rho0.8_b03alpha,1,agg_full,0.8,horizon_h4,18,11,CoverageDelta,0.6,0.8163650075414781,1
b03alpha,alphahigh,agg_full@rho0.8,rep1_alphahigh_agg_full@rho0.8_b03alpha,1,agg_full,0.8,horizon_h4,18,14,CoverageDelta,0.8,1.0,1
b03alpha,alphahigh,agg_full@rho0.8,rep1_alphahigh_agg_full@rho0.8_b03alpha,1,agg_full,0.8,horizon_h4,18,18,CoverageDelta,1.0,1.0,1
b03alpha,alphahigh,agg_full@rho0.8,rep1_alphahigh_agg_full@rho0.8_b03alpha,1,agg_full,0.8,horizon_h4,18,2,CoverageAdvantage,0.1,0.09181749622926093,1
b03alpha,alphahigh,agg_full@rho0.8,rep1_alphahigh_agg_full@rho0.8_b03alpha,1,agg_full,0.8,horizon_h4,18,4,CoverageAdvantage,0.2,0.12537707390648567,1
b03alpha,alphahigh,agg_full@rho0.8,rep1_alphahigh_agg_full@rho0.8_b03alpha,1,agg_full,0.8,horizon_h4,18,5,CoverageAdvantage,0.3,0.17364253393665158,1
b03alpha,alphahigh,agg_full@rho0.8,rep1_alphahigh_agg_full@rho0.8_b03alpha,1,agg_full,0.8,horizon_h4,18,7,CoverageAdvantage,0.4,0.17364253393665158,1
b03alpha,alphahigh,agg_full@rho0.8,rep1_alphahigh_agg_full@rho0.8_b03alpha,1,agg_full,0.8,horizon_h4,18,9,CoverageAdvantage,0.5,0.6085972850678733,1
b03alpha,alphahigh,agg_full@rho0.8,rep1_alphahigh_agg_full@rho0.8_b03alpha,1,agg_full,0.8,horizon_h4,18,11,CoverageAdvantage,0.6,0.6374434389140271,1
b03alpha,alphahigh,agg_full@rho0.8,rep1_alphahigh_agg_full@rho0.8_b03alpha,1,agg_full,0.8,horizon_h4,18,14,CoverageAdvantage,0.8,0.6374434389140271,1
b03alpha,alphahigh,agg_full@rho0.8,rep1_alphahigh_agg_full@rho0.8_b03alpha,1,agg_full,0.8,horizon_h4,18,18,CoverageAdvantage,1.0,1.0,1
b03alpha,alphahigh,agg_full@rho0.8,rep1_alphahigh_agg_full@rho0.8_b03alpha,1,agg_full,0.8,horizon_h4,18,2,SimpleCoverageLoad,0.1,0.09181749622926093,1
b03alpha,alphahigh,agg_full@rho0.8,rep1_alphahigh_agg_full@rho0.8_b03alpha,1,agg_full,0.8,horizon_h4,18,4,SimpleCoverageLoad,0.2,0.12537707390648567,1
b03alpha,alphahigh,agg_full@rho0.8,rep1_alphahigh_agg_full@rho0.8_b03alpha,1,agg_full,0.8,horizon_h4,18,5,SimpleCoverageLoad,0.3,0.17364253393665158,1
b03alpha,alphahigh,agg_full@rho0.8,rep1_alphahigh_agg_full@rho0.8_b03alpha,1,agg_full,0.8,horizon_h4,18,7,SimpleCoverageLoad,0.4,0.17364253393665158,1
b03alpha,alphahigh,agg_full@rho0.8,rep1_alphahigh_agg_full@rho0.8_b03alpha,1,agg_full,0.8,horizon_h4,18,9,SimpleCoverageLoad,0.5,0.6085972850678733,1
b03alpha,alphahigh,agg_full@rho0.8,rep1_alphahigh_agg_full@rho0.8_b03alpha,1,agg_full,0.8,horizon_h4,18,11,SimpleCoverageLoad,0.6,0.6374434389140271,1
b03alpha,alphahigh,agg_full@rho0.8,rep1_alphahigh_agg_full@rho0.8_b03alpha,1,agg_full,0.8,horizon_h4,18,14,SimpleCoverageLoad,0.8,0.6374434389140271,1
b03alpha,alphahigh,agg_full@rho0.8,rep1_alphahigh_agg_full@rho0.8_b03alpha,1,agg_full,0.8,horizon_h4,18,18,SimpleCoverageLoad,1.0,1.0,1
b03alpha,alphahigh,agg_full@rho0.8,rep1_alphahigh_agg_full@rho0.8_b03alpha,1,agg_full,0.8,horizon_h4,18,2,DecisionAware,0.1,0.11595022624434388,1
b03alpha,alphahigh,agg_full@rho0.8,rep1_alphahigh_agg_full@rho0.8_b03alpha,1,agg_full,0.8,horizon_h4,18,4,DecisionAware,0.2,0.11595022624434388,1
b03alpha,alphahigh,agg_full@rho0.8,rep1_alphahigh_agg_full@rho0.8_b03alpha,1,agg_full,0.8,horizon_h4,18,5,DecisionAware,0.3,0.12537707390648567,1
b03alpha,alphahigh,agg_full@rho0.8,rep1_alphahigh_agg_full@rho0.8_b03alpha,1,agg_full,0.8,horizon_h4,18,7,DecisionAware,0.4,0.5262066365007542,1
b03alpha,alphahigh,agg_full@rho0.8,rep1_alphahigh_agg_full@rho0.8_b03alpha,1,agg_full,0.8,horizon_h4,18,9,DecisionAware,0.5,0.6374434389140271,1
b03alpha,alphahigh,agg_full@rho0.8,rep1_alphahigh_agg_full@rho0.8_b03alpha,1,agg_full,0.8,horizon_h4,18,11,DecisionAware,0.6,0.6374434389140271,1
b03alpha,alphahigh,agg_full@rho0.8,rep1_alphahigh_agg_full@rho0.8_b03alpha,1,agg_full,0.8,horizon_h4,18,14,DecisionAware,0.8,0.6374434389140271,1
b03alpha,alphahigh,agg_full@rho0.8,rep1_alphahigh_agg_full@rho0.8_b03alpha,1,agg_full,0.8,horizon_h4,18,18,DecisionAware,1.0,1.0,1
b03alpha,alphahigh,agg_full@rho0.8,rep1_alphahigh_agg_full@rho0.8_b03alpha,1,agg_full,0.8,horizon_h4,18,2,B02Utility,0.1,0.1012443438914027,1
b03alpha,alphahigh,agg_full@rho0.8,rep1_alphahigh_agg_full@rho0.8_b03alpha,1,agg_full,0.8,horizon_h4,18,4,B02Utility,0.2,0.5020739064856712,1
b03alpha,alphahigh,agg_full@rho0.8,rep1_alphahigh_agg_full@rho0.8_b03alpha,1,agg_full,0.8,horizon_h4,18,5,B02Utility,0.3,0.5020739064856712,1
b03alpha,alphahigh,agg_full@rho0.8,rep1_alphahigh_agg_full@rho0.8_b03alpha,1,agg_full,0.8,horizon_h4,18,7,B02Utility,0.4,0.5020739064856712,1
b03alpha,alphahigh,agg_full@rho0.8,rep1_alphahigh_agg_full@rho0.8_b03alpha,1,agg_full,0.8,horizon_h4,18,9,B02Utility,0.5,0.772812971342383,1
b03alpha,alphahigh,agg_full@rho0.8,rep1_alphahigh_agg_full@rho0.8_b03alpha,1,agg_full,0.8,horizon_h4,18,11,B02Utility,0.6,0.772812971342383,1
b03alpha,alphahigh,agg_full@rho0.8,rep1_alphahigh_agg_full@rho0.8_b03alpha,1,agg_full,0.8,horizon_h4,18,14,B02Utility,0.8,0.8793363499245851,1
b03alpha,alphahigh,agg_full@rho0.8,rep1_alphahigh_agg_full@rho0.8_b03alpha,1,agg_full,0.8,horizon_h4,18,18,B02Utility,1.0,1.0,1
b03alpha,alphahigh,agg_full@rho0.8,rep1_alphahigh_agg_full@rho0.8_b03alpha,1,agg_full,0.8,horizon_h4,18,2,Oracle,0.1,0.5314856711915535,1
b03alpha,alphahigh,agg_full@rho0.8,rep1_alphahigh_agg_full@rho0.8_b03alpha,1,agg_full,0.8,horizon_h4,18,4,Oracle,0.2,0.7151206636500754,1
b03alpha,alphahigh,agg_full@rho0.8,rep1_alphahigh_agg_full@rho0.8_b03alpha,1,agg_full,0.8,horizon_h4,18,5,Oracle,0.3,0.8069381598793364,1
b03alpha,alphahigh,agg_full@rho0.8,rep1_alphahigh_agg_full@rho0.8_b03alpha,1,agg_full,0.8,horizon_h4,18,7,Oracle,0.4,0.9375942684766214,1
b03alpha,alphahigh,agg_full@rho0.8,rep1_alphahigh_agg_full@rho0.8_b03alpha,1,agg_full,0.8,horizon_h4,18,9,Oracle,0.5,0.9905731523378583,1
b03alpha,alphahigh,agg_full@rho0.8,rep1_alphahigh_agg_full@rho0.8_b03alpha,1,agg_full,0.8,horizon_h4,18,11,Oracle,0.6,1.0,1
b03alpha,alphahigh,agg_full@rho0.8,rep1_alphahigh_agg_full@rho0.8_b03alpha,1,agg_full,0.8,horizon_h4,18,14,Oracle,0.8,1.0,1
b03alpha,alphahigh,agg_full@rho0.8,rep1_alphahigh_agg_full@rho0.8_b03alpha,1,agg_full,0.8,horizon_h4,18,18,Oracle,1.0,1.0,1
b03overlap,ov0,agg_static@rho0.8,rep0_ov0_agg_static@rho0.8_b03overlap,0,agg_static,0.8,next_use,20,2,Random,0.1,0.10102589641434262,20
b03overlap,ov0,agg_static@rho0.8,rep0_ov0_agg_static@rho0.8_b03overlap,0,agg_static,0.8,next_use,20,4,Random,0.2,0.2140239043824701,20
b03overlap,ov0,agg_static@rho0.8,rep0_ov0_agg_static@rho0.8_b03overlap,0,agg_static,0.8,next_use,20,6,Random,0.3,0.31607569721115536,20
b03overlap,ov0,agg_static@rho0.8,rep0_ov0_agg_static@rho0.8_b03overlap,0,agg_static,0.8,next_use,20,8,Random,0.4,0.436503984063745,20
b03overlap,ov0,agg_static@rho0.8,rep0_ov0_agg_static@rho0.8_b03overlap,0,agg_static,0.8,next_use,20,10,Random,0.5,0.5120318725099601,20
b03overlap,ov0,agg_static@rho0.8,rep0_ov0_agg_static@rho0.8_b03overlap,0,agg_static,0.8,next_use,20,12,Random,0.6,0.5985059760956175,20
b03overlap,ov0,agg_static@rho0.8,rep0_ov0_agg_static@rho0.8_b03overlap,0,agg_static,0.8,next_use,20,16,Random,0.8,0.7831772908366533,20
b03overlap,ov0,agg_static@rho0.8,rep0_ov0_agg_static@rho0.8_b03overlap,0,agg_static,0.8,next_use,20,20,Random,1.0,1.0,20
b03overlap,ov0,agg_static@rho0.8,rep0_ov0_agg_static@rho0.8_b03overlap,0,agg_static,0.8,next_use,20,2,Freshness,0.1,0.09701195219123505,1
b03overlap,ov0,agg_static@rho0.8,rep0_ov0_agg_static@rho0.8_b03overlap,0,agg_static,0.8,next_use,20,4,Freshness,0.2,0.09701195219123505,1
b03overlap,ov0,agg_static@rho0.8,rep0_ov0_agg_static@rho0.8_b03overlap,0,agg_static,0.8,next_use,20,6,Freshness,0.3,0.1940239043824701,1
b03overlap,ov0,agg_static@rho0.8,rep0_ov0_agg_static@rho0.8_b03overlap,0,agg_static,0.8,next_use,20,8,Freshness,0.4,0.3930278884462151,1
b03overlap,ov0,agg_static@rho0.8,rep0_ov0_agg_static@rho0.8_b03overlap,0,agg_static,0.8,next_use,20,10,Freshness,0.5,0.597011952191235,1
b03overlap,ov0,agg_static@rho0.8,rep0_ov0_agg_static@rho0.8_b03overlap,0,agg_static,0.8,next_use,20,12,Freshness,0.6,0.6990039840637451,1
b03overlap,ov0,agg_static@rho0.8,rep0_ov0_agg_static@rho0.8_b03overlap,0,agg_static,0.8,next_use,20,16,Freshness,0.8,0.89800796812749,1
b03overlap,ov0,agg_static@rho0.8,rep0_ov0_agg_static@rho0.8_b03overlap,0,agg_static,0.8,next_use,20,20,Freshness,1.0,1.0,1
b03overlap,ov0,agg_static@rho0.8,rep0_ov0_agg_static@rho0.8_b03overlap,0,agg_static,0.8,next_use,20,2,CoverageDelta,0.1,0.0,1
b03overlap,ov0,agg_static@rho0.8,rep0_ov0_agg_static@rho0.8_b03overlap,0,agg_static,0.8,next_use,20,4,CoverageDelta,0.2,0.09701195219123505,1
b03overlap,ov0,agg_static@rho0.8,rep0_ov0_agg_static@rho0.8_b03overlap,0,agg_static,0.8,next_use,20,6,CoverageDelta,0.3,0.1940239043824701,1
b03overlap,ov0,agg_static@rho0.8,rep0_ov0_agg_static@rho0.8_b03overlap,0,agg_static,0.8,next_use,20,8,CoverageDelta,0.4,0.3930278884462151,1
b03overlap,ov0,agg_static@rho0.8,rep0_ov0_agg_static@rho0.8_b03overlap,0,agg_static,0.8,next_use,20,10,CoverageDelta,0.5,0.597011952191235,1
b03overlap,ov0,agg_static@rho0.8,rep0_ov0_agg_static@rho0.8_b03overlap,0,agg_static,0.8,next_use,20,12,CoverageDelta,0.6,0.6990039840637451,1
b03overlap,ov0,agg_static@rho0.8,rep0_ov0_agg_static@rho0.8_b03overlap,0,agg_static,0.8,next_use,20,16,CoverageDelta,0.8,0.9235059760956175,1
b03overlap,ov0,agg_static@rho0.8,rep0_ov0_agg_static@rho0.8_b03overlap,0,agg_static,0.8,next_use,20,20,CoverageDelta,1.0,1.0,1
b03overlap,ov0,agg_static@rho0.8,rep0_ov0_agg_static@rho0.8_b03overlap,0,agg_static,0.8,next_use,20,2,CoverageAdvantage,0.1,0.0,1
b03overlap,ov0,agg_static@rho0.8,rep0_ov0_agg_static@rho0.8_b03overlap,0,agg_static,0.8,next_use,20,4,CoverageAdvantage,0.2,0.09701195219123505,1
b03overlap,ov0,agg_static@rho0.8,rep0_ov0_agg_static@rho0.8_b03overlap,0,agg_static,0.8,next_use,20,6,CoverageAdvantage,0.3,0.1940239043824701,1
b03overlap,ov0,agg_static@rho0.8,rep0_ov0_agg_static@rho0.8_b03overlap,0,agg_static,0.8,next_use,20,8,CoverageAdvantage,0.4,0.3930278884462151,1
b03overlap,ov0,agg_static@rho0.8,rep0_ov0_agg_static@rho0.8_b03overlap,0,agg_static,0.8,next_use,20,10,CoverageAdvantage,0.5,0.597011952191235,1
b03overlap,ov0,agg_static@rho0.8,rep0_ov0_agg_static@rho0.8_b03overlap,0,agg_static,0.8,next_use,20,12,CoverageAdvantage,0.6,0.6990039840637451,1
b03overlap,ov0,agg_static@rho0.8,rep0_ov0_agg_static@rho0.8_b03overlap,0,agg_static,0.8,next_use,20,16,CoverageAdvantage,0.8,0.9235059760956175,1
b03overlap,ov0,agg_static@rho0.8,rep0_ov0_agg_static@rho0.8_b03overlap,0,agg_static,0.8,next_use,20,20,CoverageAdvantage,1.0,1.0,1
b03overlap,ov0,agg_static@rho0.8,rep0_ov0_agg_static@rho0.8_b03overlap,0,agg_static,0.8,next_use,20,2,SimpleCoverageLoad,0.1,0.0,1
b03overlap,ov0,agg_static@rho0.8,rep0_ov0_agg_static@rho0.8_b03overlap,0,agg_static,0.8,next_use,20,4,SimpleCoverageLoad,0.2,0.09701195219123505,1
b03overlap,ov0,agg_static@rho0.8,rep0_ov0_agg_static@rho0.8_b03overlap,0,agg_static,0.8,next_use,20,6,SimpleCoverageLoad,0.3,0.1940239043824701,1
b03overlap,ov0,agg_static@rho0.8,rep0_ov0_agg_static@rho0.8_b03overlap,0,agg_static,0.8,next_use,20,8,SimpleCoverageLoad,0.4,0.3930278884462151,1
b03overlap,ov0,agg_static@rho0.8,rep0_ov0_agg_static@rho0.8_b03overlap,0,agg_static,0.8,next_use,20,10,SimpleCoverageLoad,0.5,0.597011952191235,1
b03overlap,ov0,agg_static@rho0.8,rep0_ov0_agg_static@rho0.8_b03overlap,0,agg_static,0.8,next_use,20,12,SimpleCoverageLoad,0.6,0.6990039840637451,1
b03overlap,ov0,agg_static@rho0.8,rep0_ov0_agg_static@rho0.8_b03overlap,0,agg_static,0.8,next_use,20,16,SimpleCoverageLoad,0.8,0.9235059760956175,1
b03overlap,ov0,agg_static@rho0.8,rep0_ov0_agg_static@rho0.8_b03overlap,0,agg_static,0.8,next_use,20,20,SimpleCoverageLoad,1.0,1.0,1
b03overlap,ov0,agg_static@rho0.8,rep0_ov0_agg_static@rho0.8_b03overlap,0,agg_static,0.8,next_use,20,2,DecisionAware,0.1,0.0,1
b03overlap,ov0,agg_static@rho0.8,rep0_ov0_agg_static@rho0.8_b03overlap,0,agg_static,0.8,next_use,20,4,DecisionAware,0.2,0.09701195219123505,1
b03overlap,ov0,agg_static@rho0.8,rep0_ov0_agg_static@rho0.8_b03overlap,0,agg_static,0.8,next_use,20,6,DecisionAware,0.3,0.1940239043824701,1
b03overlap,ov0,agg_static@rho0.8,rep0_ov0_agg_static@rho0.8_b03overlap,0,agg_static,0.8,next_use,20,8,DecisionAware,0.4,0.3930278884462151,1
b03overlap,ov0,agg_static@rho0.8,rep0_ov0_agg_static@rho0.8_b03overlap,0,agg_static,0.8,next_use,20,10,DecisionAware,0.5,0.597011952191235,1
b03overlap,ov0,agg_static@rho0.8,rep0_ov0_agg_static@rho0.8_b03overlap,0,agg_static,0.8,next_use,20,12,DecisionAware,0.6,0.6990039840637451,1
b03overlap,ov0,agg_static@rho0.8,rep0_ov0_agg_static@rho0.8_b03overlap,0,agg_static,0.8,next_use,20,16,DecisionAware,0.8,0.9235059760956175,1
b03overlap,ov0,agg_static@rho0.8,rep0_ov0_agg_static@rho0.8_b03overlap,0,agg_static,0.8,next_use,20,20,DecisionAware,1.0,1.0,1
b03overlap,ov0,agg_static@rho0.8,rep0_ov0_agg_static@rho0.8_b03overlap,0,agg_static,0.8,next_use,20,2,B02Utility,0.1,0.025498007968127488,1
b03overlap,ov0,agg_static@rho0.8,rep0_ov0_agg_static@rho0.8_b03overlap,0,agg_static,0.8,next_use,20,4,B02Utility,0.2,0.025498007968127488,1
b03overlap,ov0,agg_static@rho0.8,rep0_ov0_agg_static@rho0.8_b03overlap,0,agg_static,0.8,next_use,20,6,B02Utility,0.3,0.12250996015936255,1
b03overlap,ov0,agg_static@rho0.8,rep0_ov0_agg_static@rho0.8_b03overlap,0,agg_static,0.8,next_use,20,8,B02Utility,0.4,0.12250996015936255,1
b03overlap,ov0,agg_static@rho0.8,rep0_ov0_agg_static@rho0.8_b03overlap,0,agg_static,0.8,next_use,20,10,B02Utility,0.5,0.3215139442231076,1
b03overlap,ov0,agg_static@rho0.8,rep0_ov0_agg_static@rho0.8_b03overlap,0,agg_static,0.8,next_use,20,12,B02Utility,0.6,0.5205179282868525,1
b03overlap,ov0,agg_static@rho0.8,rep0_ov0_agg_static@rho0.8_b03overlap,0,agg_static,0.8,next_use,20,16,B02Utility,0.8,0.6990039840637451,1
b03overlap,ov0,agg_static@rho0.8,rep0_ov0_agg_static@rho0.8_b03overlap,0,agg_static,0.8,next_use,20,20,B02Utility,1.0,1.0,1
b03overlap,ov0,agg_static@rho0.8,rep0_ov0_agg_static@rho0.8_b03overlap,0,agg_static,0.8,next_use,20,2,Oracle,0.1,0.2039840637450199,1
b03overlap,ov0,agg_static@rho0.8,rep0_ov0_agg_static@rho0.8_b03overlap,0,agg_static,0.8,next_use,20,4,Oracle,0.2,0.4079681274900398,1
b03overlap,ov0,agg_static@rho0.8,rep0_ov0_agg_static@rho0.8_b03overlap,0,agg_static,0.8,next_use,20,6,Oracle,0.3,0.6069721115537848,1
b03overlap,ov0,agg_static@rho0.8,rep0_ov0_agg_static@rho0.8_b03overlap,0,agg_static,0.8,next_use,20,8,Oracle,0.4,0.8009960159362549,1
b03overlap,ov0,agg_static@rho0.8,rep0_ov0_agg_static@rho0.8_b03overlap,0,agg_static,0.8,next_use,20,10,Oracle,0.5,0.9235059760956175,1
b03overlap,ov0,agg_static@rho0.8,rep0_ov0_agg_static@rho0.8_b03overlap,0,agg_static,0.8,next_use,20,12,Oracle,0.6,0.9745019920318725,1
b03overlap,ov0,agg_static@rho0.8,rep0_ov0_agg_static@rho0.8_b03overlap,0,agg_static,0.8,next_use,20,16,Oracle,0.8,1.0,1
b03overlap,ov0,agg_static@rho0.8,rep0_ov0_agg_static@rho0.8_b03overlap,0,agg_static,0.8,next_use,20,20,Oracle,1.0,1.0,1
b03overlap,ov0,agg_static@rho0.8,rep0_ov0_agg_static@rho0.8_b03overlap,0,agg_static,0.8,horizon_h4,20,2,Random,0.1,0.10487487487487487,20
b03overlap,ov0,agg_static@rho0.8,rep0_ov0_agg_static@rho0.8_b03overlap,0,agg_static,0.8,horizon_h4,20,4,Random,0.2,0.21537537537537535,20
b03overlap,ov0,agg_static@rho0.8,rep0_ov0_agg_static@rho0.8_b03overlap,0,agg_static,0.8,horizon_h4,20,6,Random,0.3,0.32974974974974974,20
b03overlap,ov0,agg_static@rho0.8,rep0_ov0_agg_static@rho0.8_b03overlap,0,agg_static,0.8,horizon_h4,20,8,Random,0.4,0.45387387387387385,20
b03overlap,ov0,agg_static@rho0.8,rep0_ov0_agg_static@rho0.8_b03overlap,0,agg_static,0.8,horizon_h4,20,10,Random,0.5,0.5331231231231232,20
b03overlap,ov0,agg_static@rho0.8,rep0_ov0_agg_static@rho0.8_b03overlap,0,agg_static,0.8,horizon_h4,20,12,Random,0.6,0.6133733733733734,20
b03overlap,ov0,agg_static@rho0.8,rep0_ov0_agg_static@rho0.8_b03overlap,0,agg_static,0.8,horizon_h4,20,16,Random,0.8,0.7841241241241241,20
b03overlap,ov0,agg_static@rho0.8,rep0_ov0_agg_static@rho0.8_b03overlap,0,agg_static,0.8,horizon_h4,20,20,Random,1.0,1.0,20
b03overlap,ov0,agg_static@rho0.8,rep0_ov0_agg_static@rho0.8_b03overlap,0,agg_static,0.8,horizon_h4,20,2,Freshness,0.1,0.09749749749749749,1
b03overlap,ov0,agg_static@rho0.8,rep0_ov0_agg_static@rho0.8_b03overlap,0,agg_static,0.8,horizon_h4,20,4,Freshness,0.2,0.09749749749749749,1
b03overlap,ov0,agg_static@rho0.8,rep0_ov0_agg_static@rho0.8_b03overlap,0,agg_static,0.8,horizon_h4,20,6,Freshness,0.3,0.19499499499499498,1
b03overlap,ov0,agg_static@rho0.8,rep0_ov0_agg_static@rho0.8_b03overlap,0,agg_static,0.8,horizon_h4,20,8,Freshness,0.4,0.39499499499499496,1
b03overlap,ov0,agg_static@rho0.8,rep0_ov0_agg_static@rho0.8_b03overlap,0,agg_static,0.8,horizon_h4,20,10,Freshness,0.5,0.6,1
b03overlap,ov0,agg_static@rho0.8,rep0_ov0_agg_static@rho0.8_b03overlap,0,agg_static,0.8,horizon_h4,20,12,Freshness,0.6,0.7025025025025026,1
b03overlap,ov0,agg_static@rho0.8,rep0_ov0_agg_static@rho0.8_b03overlap,0,agg_static,0.8,horizon_h4,20,16,Freshness,0.8,1.0,1
b03overlap,ov0,agg_static@rho0.8,rep0_ov0_agg_static@rho0.8_b03overlap,0,agg_static,0.8,horizon_h4,20,20,Freshness,1.0,1.0,1
b03overlap,ov0,agg_static@rho0.8,rep0_ov0_agg_static@rho0.8_b03overlap,0,agg_static,0.8,horizon_h4,20,2,CoverageDelta,0.1,0.0,1
b03overlap,ov0,agg_static@rho0.8,rep0_ov0_agg_static@rho0.8_b03overlap,0,agg_static,0.8,horizon_h4,20,4,CoverageDelta,0.2,0.09749749749749749,1
b03overlap,ov0,agg_static@rho0.8,rep0_ov0_agg_static@rho0.8_b03overlap,0,agg_static,0.8,horizon_h4,20,6,CoverageDelta,0.3,0.19499499499499498,1
b03overlap,ov0,agg_static@rho0.8,rep0_ov0_agg_static@rho0.8_b03overlap,0,agg_static,0.8,horizon_h4,20,8,CoverageDelta,0.4,0.39499499499499496,1
b03overlap,ov0,agg_static@rho0.8,rep0_ov0_agg_static@rho0.8_b03overlap,0,agg_static,0.8,horizon_h4,20,10,CoverageDelta,0.5,0.6,1
b03overlap,ov0,agg_static@rho0.8,rep0_ov0_agg_static@rho0.8_b03overlap,0,agg_static,0.8,horizon_h4,20,12,CoverageDelta,0.6,0.7025025025025026,1
b03overlap,ov0,agg_static@rho0.8,rep0_ov0_agg_static@rho0.8_b03overlap,0,agg_static,0.8,horizon_h4,20,16,CoverageDelta,0.8,1.0,1
b03overlap,ov0,agg_static@rho0.8,rep0_ov0_agg_static@rho0.8_b03overlap,0,agg_static,0.8,horizon_h4,20,20,CoverageDelta,1.0,1.0,1
b03overlap,ov0,agg_static@rho0.8,rep0_ov0_agg_static@rho0.8_b03overlap,0,agg_static,0.8,horizon_h4,20,2,CoverageAdvantage,0.1,0.0,1
b03overlap,ov0,agg_static@rho0.8,rep0_ov0_agg_static@rho0.8_b03overlap,0,agg_static,0.8,horizon_h4,20,4,CoverageAdvantage,0.2,0.09749749749749749,1
b03overlap,ov0,agg_static@rho0.8,rep0_ov0_agg_static@rho0.8_b03overlap,0,agg_static,0.8,horizon_h4,20,6,CoverageAdvantage,0.3,0.19499499499499498,1
b03overlap,ov0,agg_static@rho0.8,rep0_ov0_agg_static@rho0.8_b03overlap,0,agg_static,0.8,horizon_h4,20,8,CoverageAdvantage,0.4,0.39499499499499496,1
b03overlap,ov0,agg_static@rho0.8,rep0_ov0_agg_static@rho0.8_b03overlap,0,agg_static,0.8,horizon_h4,20,10,CoverageAdvantage,0.5,0.6,1
b03overlap,ov0,agg_static@rho0.8,rep0_ov0_agg_static@rho0.8_b03overlap,0,agg_static,0.8,horizon_h4,20,12,CoverageAdvantage,0.6,0.7025025025025026,1
b03overlap,ov0,agg_static@rho0.8,rep0_ov0_agg_static@rho0.8_b03overlap,0,agg_static,0.8,horizon_h4,20,16,CoverageAdvantage,0.8,1.0,1
b03overlap,ov0,agg_static@rho0.8,rep0_ov0_agg_static@rho0.8_b03overlap,0,agg_static,0.8,horizon_h4,20,20,CoverageAdvantage,1.0,1.0,1
b03overlap,ov0,agg_static@rho0.8,rep0_ov0_agg_static@rho0.8_b03overlap,0,agg_static,0.8,horizon_h4,20,2,SimpleCoverageLoad,0.1,0.0,1
b03overlap,ov0,agg_static@rho0.8,rep0_ov0_agg_static@rho0.8_b03overlap,0,agg_static,0.8,horizon_h4,20,4,SimpleCoverageLoad,0.2,0.09749749749749749,1
b03overlap,ov0,agg_static@rho0.8,rep0_ov0_agg_static@rho0.8_b03overlap,0,agg_static,0.8,horizon_h4,20,6,SimpleCoverageLoad,0.3,0.19499499499499498,1
b03overlap,ov0,agg_static@rho0.8,rep0_ov0_agg_static@rho0.8_b03overlap,0,agg_static,0.8,horizon_h4,20,8,SimpleCoverageLoad,0.4,0.39499499499499496,1
b03overlap,ov0,agg_static@rho0.8,rep0_ov0_agg_static@rho0.8_b03overlap,0,agg_static,0.8,horizon_h4,20,10,SimpleCoverageLoad,0.5,0.6,1
b03overlap,ov0,agg_static@rho0.8,rep0_ov0_agg_static@rho0.8_b03overlap,0,agg_static,0.8,horizon_h4,20,12,SimpleCoverageLoad,0.6,0.7025025025025026,1
b03overlap,ov0,agg_static@rho0.8,rep0_ov0_agg_static@rho0.8_b03overlap,0,agg_static,0.8,horizon_h4,20,16,SimpleCoverageLoad,0.8,1.0,1
b03overlap,ov0,agg_static@rho0.8,rep0_ov0_agg_static@rho0.8_b03overlap,0,agg_static,0.8,horizon_h4,20,20,SimpleCoverageLoad,1.0,1.0,1
b03overlap,ov0,agg_static@rho0.8,rep0_ov0_agg_static@rho0.8_b03overlap,0,agg_static,0.8,horizon_h4,20,2,DecisionAware,0.1,0.0,1
b03overlap,ov0,agg_static@rho0.8,rep0_ov0_agg_static@rho0.8_b03overlap,0,agg_static,0.8,horizon_h4,20,4,DecisionAware,0.2,0.09749749749749749,1
b03overlap,ov0,agg_static@rho0.8,rep0_ov0_agg_static@rho0.8_b03overlap,0,agg_static,0.8,horizon_h4,20,6,DecisionAware,0.3,0.19499499499499498,1
b03overlap,ov0,agg_static@rho0.8,rep0_ov0_agg_static@rho0.8_b03overlap,0,agg_static,0.8,horizon_h4,20,8,DecisionAware,0.4,0.39499499499499496,1
b03overlap,ov0,agg_static@rho0.8,rep0_ov0_agg_static@rho0.8_b03overlap,0,agg_static,0.8,horizon_h4,20,10,DecisionAware,0.5,0.6,1
b03overlap,ov0,agg_static@rho0.8,rep0_ov0_agg_static@rho0.8_b03overlap,0,agg_static,0.8,horizon_h4,20,12,DecisionAware,0.6,0.7025025025025026,1
b03overlap,ov0,agg_static@rho0.8,rep0_ov0_agg_static@rho0.8_b03overlap,0,agg_static,0.8,horizon_h4,20,16,DecisionAware,0.8,1.0,1
b03overlap,ov0,agg_static@rho0.8,rep0_ov0_agg_static@rho0.8_b03overlap,0,agg_static,0.8,horizon_h4,20,20,DecisionAware,1.0,1.0,1
b03overlap,ov0,agg_static@rho0.8,rep0_ov0_agg_static@rho0.8_b03overlap,0,agg_static,0.8,horizon_h4,20,2,B02Utility,0.1,0.0,1
b03overlap,ov0,agg_static@rho0.8,rep0_ov0_agg_static@rho0.8_b03overlap,0,agg_static,0.8,horizon_h4,20,4,B02Utility,0.2,0.0,1
b03overlap,ov0,agg_static@rho0.8,rep0_ov0_agg_static@rho0.8_b03overlap,0,agg_static,0.8,horizon_h4,20,6,B02Utility,0.3,0.09749749749749749,1
b03overlap,ov0,agg_static@rho0.8,rep0_ov0_agg_static@rho0.8_b03overlap,0,agg_static,0.8,horizon_h4,20,8,B02Utility,0.4,0.09749749749749749,1
b03overlap,ov0,agg_static@rho0.8,rep0_ov0_agg_static@rho0.8_b03overlap,0,agg_static,0.8,horizon_h4,20,10,B02Utility,0.5,0.2974974974974975,1
b03overlap,ov0,agg_static@rho0.8,rep0_ov0_agg_static@rho0.8_b03overlap,0,agg_static,0.8,horizon_h4,20,12,B02Utility,0.6,0.4974974974974975,1
b03overlap,ov0,agg_static@rho0.8,rep0_ov0_agg_static@rho0.8_b03overlap,0,agg_static,0.8,horizon_h4,20,16,B02Utility,0.8,0.6,1
b03overlap,ov0,agg_static@rho0.8,rep0_ov0_agg_static@rho0.8_b03overlap,0,agg_static,0.8,horizon_h4,20,20,B02Utility,1.0,1.0,1
b03overlap,ov0,agg_static@rho0.8,rep0_ov0_agg_static@rho0.8_b03overlap,0,agg_static,0.8,horizon_h4,20,2,Oracle,0.1,0.2974974974974975,1
b03overlap,ov0,agg_static@rho0.8,rep0_ov0_agg_static@rho0.8_b03overlap,0,agg_static,0.8,horizon_h4,20,4,Oracle,0.2,0.5025025025025025,1
b03overlap,ov0,agg_static@rho0.8,rep0_ov0_agg_static@rho0.8_b03overlap,0,agg_static,0.8,horizon_h4,20,6,Oracle,0.3,0.7075075075075076,1
b03overlap,ov0,agg_static@rho0.8,rep0_ov0_agg_static@rho0.8_b03overlap,0,agg_static,0.8,horizon_h4,20,8,Oracle,0.4,0.9025025025025024,1
b03overlap,ov0,agg_static@rho0.8,rep0_ov0_agg_static@rho0.8_b03overlap,0,agg_static,0.8,horizon_h4,20,10,Oracle,0.5,1.0,1
b03overlap,ov0,agg_static@rho0.8,rep0_ov0_agg_static@rho0.8_b03overlap,0,agg_static,0.8,horizon_h4,20,12,Oracle,0.6,1.0,1
b03overlap,ov0,agg_static@rho0.8,rep0_ov0_agg_static@rho0.8_b03overlap,0,agg_static,0.8,horizon_h4,20,16,Oracle,0.8,1.0,1
b03overlap,ov0,agg_static@rho0.8,rep0_ov0_agg_static@rho0.8_b03overlap,0,agg_static,0.8,horizon_h4,20,20,Oracle,1.0,1.0,1
b03overlap,ov0,agg_full@rho0.8,rep0_ov0_agg_full@rho0.8_b03overlap,0,agg_full,0.8,next_use,14,1,Random,0.1,0.0668494953927161,20
b03overlap,ov0,agg_full@rho0.8,rep0_ov0_agg_full@rho0.8_b03overlap,0,agg_full,0.8,next_use,14,3,Random,0.2,0.23431329530495834,20
b03overlap,ov0,agg_full@rho0.8,rep0_ov0_agg_full@rho0.8_b03overlap,0,agg_full,0.8,next_use,14,4,Random,0.3,0.3258885476086003,20
b03overlap,ov0,agg_full@rho0.8,rep0_ov0_agg_full@rho0.8_b03overlap,0,agg_full,0.8,next_use,14,6,Random,0.4,0.4769855199648969,20
b03overlap,ov0,agg_full@rho0.8,rep0_ov0_agg_full@rho0.8_b03overlap,0,agg_full,0.8,next_use,14,7,Random,0.5,0.5275340061430452,20
b03overlap,ov0,agg_full@rho0.8,rep0_ov0_agg_full@rho0.8_b03overlap,0,agg_full,0.8,next_use,14,8,Random,0.6,0.6028082492321194,20
b03overlap,ov0,agg_full@rho0.8,rep0_ov0_agg_full@rho0.8_b03overlap,0,agg_full,0.8,next_use,14,11,Random,0.8,0.8089732338745065,20
b03overlap,ov0,agg_full@rho0.8,rep0_ov0_agg_full@rho0.8_b03overlap,0,agg_full,0.8,next_use,14,14,Random,1.0,1.0,20
b03overlap,ov0,agg_full@rho0.8,rep0_ov0_agg_full@rho0.8_b03overlap,0,agg_full,0.8,next_use,14,1,Freshness,0.1,0.11232996928477403,1
b03overlap,ov0,agg_full@rho0.8,rep0_ov0_agg_full@rho0.8_b03overlap,0,agg_full,0.8,next_use,14,3,Freshness,0.2,0.38218516893374294,1
b03overlap,ov0,agg_full@rho0.8,rep0_ov0_agg_full@rho0.8_b03overlap,0,agg_full,0.8,next_use,14,4,Freshness,0.3,0.38218516893374294,1
b03overlap,ov0,agg_full@rho0.8,rep0_ov0_agg_full@rho0.8_b03overlap,0,agg_full,0.8,next_use,14,6,Freshness,0.4,0.5958753839403247,1
b03overlap,ov0,agg_full@rho0.8,rep0_ov0_agg_full@rho0.8_b03overlap,0,agg_full,0.8,next_use,14,7,Freshness,0.5,0.5958753839403247,1
b03overlap,ov0,agg_full@rho0.8,rep0_ov0_agg_full@rho0.8_b03overlap,0,agg_full,0.8,next_use,14,8,Freshness,0.6,0.8205353225098727,1
b03overlap,ov0,agg_full@rho0.8,rep0_ov0_agg_full@rho0.8_b03overlap,0,agg_full,0.8,next_use,14,11,Freshness,0.8,0.9328652917946468,1
b03overlap,ov0,agg_full@rho0.8,rep0_ov0_agg_full@rho0.8_b03overlap,0,agg_full,0.8,next_use,14,14,Freshness,1.0,1.0,1
b03overlap,ov0,agg_full@rho0.8,rep0_ov0_agg_full@rho0.8_b03overlap,0,agg_full,0.8,next_use,14,1,CoverageDelta,0.1,0.11232996928477403,1
b03overlap,ov0,agg_full@rho0.8,rep0_ov0_agg_full@rho0.8_b03overlap,0,agg_full,0.8,next_use,14,3,CoverageDelta,0.2,0.4383501535761299,1
b03overlap,ov0,agg_full@rho0.8,rep0_ov0_agg_full@rho0.8_b03overlap,0,agg_full,0.8,next_use,14,4,CoverageDelta,0.3,0.4945151382185169,1
b03overlap,ov0,agg_full@rho0.8,rep0_ov0_agg_full@rho0.8_b03overlap,0,agg_full,0.8,next_use,14,6,CoverageDelta,0.4,0.4945151382185169,1
b03overlap,ov0,agg_full@rho0.8,rep0_ov0_agg_full@rho0.8_b03overlap,0,agg_full,0.8,next_use,14,7,CoverageDelta,0.5,0.4945151382185169,1
b03overlap,ov0,agg_full@rho0.8,rep0_ov0_agg_full@rho0.8_b03overlap,0,agg_full,0.8,next_use,14,8,CoverageDelta,0.6,0.7082053532250988,1
b03overlap,ov0,agg_full@rho0.8,rep0_ov0_agg_full@rho0.8_b03overlap,0,agg_full,0.8,next_use,14,11,CoverageDelta,0.8,0.9328652917946468,1
b03overlap,ov0,agg_full@rho0.8,rep0_ov0_agg_full@rho0.8_b03overlap,0,agg_full,0.8,next_use,14,14,CoverageDelta,1.0,1.0,1
b03overlap,ov0,agg_full@rho0.8,rep0_ov0_agg_full@rho0.8_b03overlap,0,agg_full,0.8,next_use,14,1,CoverageAdvantage,0.1,0.11232996928477403,1
b03overlap,ov0,agg_full@rho0.8,rep0_ov0_agg_full@rho0.8_b03overlap,0,agg_full,0.8,next_use,14,3,CoverageAdvantage,0.2,0.39315489249670915,1
b03overlap,ov0,agg_full@rho0.8,rep0_ov0_agg_full@rho0.8_b03overlap,0,agg_full,0.8,next_use,14,4,CoverageAdvantage,0.3,0.4493198771390961,1
b03overlap,ov0,agg_full@rho0.8,rep0_ov0_agg_full@rho0.8_b03overlap,0,agg_full,0.8,next_use,14,6,CoverageAdvantage,0.4,0.5054848617814831,1
b03overlap,ov0,agg_full@rho0.8,rep0_ov0_agg_full@rho0.8_b03overlap,0,agg_full,0.8,next_use,14,7,CoverageAdvantage,0.5,0.5054848617814831,1
b03overlap,ov0,agg_full@rho0.8,rep0_ov0_agg_full@rho0.8_b03overlap,0,agg_full,0.8,next_use,14,8,CoverageAdvantage,0.6,0.5054848617814831,1
b03overlap,ov0,agg_full@rho0.8,rep0_ov0_agg_full@rho0.8_b03overlap,0,agg_full,0.8,next_use,14,11,CoverageAdvantage,0.8,0.719175076788065,1
b03overlap,ov0,agg_full@rho0.8,rep0_ov0_agg_full@rho0.8_b03overlap,0,agg_full,0.8,next_use,14,14,CoverageAdvantage,1.0,1.0,1
b03overlap,ov0,agg_full@rho0.8,rep0_ov0_agg_full@rho0.8_b03overlap,0,agg_full,0.8,next_use,14,1,SimpleCoverageLoad,0.1,0.11232996928477403,1
b03overlap,ov0,agg_full@rho0.8,rep0_ov0_agg_full@rho0.8_b03overlap,0,agg_full,0.8,next_use,14,3,SimpleCoverageLoad,0.2,0.39315489249670915,1
b03overlap,ov0,agg_full@rho0.8,rep0_ov0_agg_full@rho0.8_b03overlap,0,agg_full,0.8,next_use,14,4,SimpleCoverageLoad,0.3,0.4493198771390961,1
b03overlap,ov0,agg_full@rho0.8,rep0_ov0_agg_full@rho0.8_b03overlap,0,agg_full,0.8,next_use,14,6,SimpleCoverageLoad,0.4,0.5054848617814831,1
b03overlap,ov0,agg_full@rho0.8,rep0_ov0_agg_full@rho0.8_b03overlap,0,agg_full,0.8,next_use,14,7,SimpleCoverageLoad,0.5,0.5054848617814831,1
b03overlap,ov0,agg_full@rho0.8,rep0_ov0_agg_full@rho0.8_b03overlap,0,agg_full,0.8,next_use,14,8,SimpleCoverageLoad,0.6,0.5054848617814831,1
b03overlap,ov0,agg_full@rho0.8,rep0_ov0_agg_full@rho0.8_b03overlap,0,agg_full,0.8,next_use,14,11,SimpleCoverageLoad,0.8,0.719175076788065,1
b03overlap,ov0,agg_full@rho0.8,rep0_ov0_agg_full@rho0.8_b03overlap,0,agg_full,0.8,next_use,14,14,SimpleCoverageLoad,1.0,1.0,1
b03overlap,ov0,agg_full@rho0.8,rep0_ov0_agg_full@rho0.8_b03overlap,0,agg_full,0.8,next_use,14,1,DecisionAware,0.1,0.11232996928477403,1
b03overlap,ov0,agg_full@rho0.8,rep0_ov0_agg_full@rho0.8_b03overlap,0,agg_full,0.8,next_use,14,3,DecisionAware,0.2,0.39315489249670915,1
b03overlap,ov0,agg_full@rho0.8,rep0_ov0_agg_full@rho0.8_b03overlap,0,agg_full,0.8,next_use,14,4,DecisionAware,0.3,0.4493198771390961,1
b03overlap,ov0,agg_full@rho0.8,rep0_ov0_agg_full@rho0.8_b03overlap,0,agg_full,0.8,next_use,14,6,DecisionAware,0.4,0.5054848617814831,1
b03overlap,ov0,agg_full@rho0.8,rep0_ov0_agg_full@rho0.8_b03overlap,0,agg_full,0.8,next_use,14,7,DecisionAware,0.5,0.5054848617814831,1
b03overlap,ov0,agg_full@rho0.8,rep0_ov0_agg_full@rho0.8_b03overlap,0,agg_full,0.8,next_use,14,8,DecisionAware,0.6,0.5054848617814831,1
b03overlap,ov0,agg_full@rho0.8,rep0_ov0_agg_full@rho0.8_b03overlap,0,agg_full,0.8,next_use,14,11,DecisionAware,0.8,0.719175076788065,1
b03overlap,ov0,agg_full@rho0.8,rep0_ov0_agg_full@rho0.8_b03overlap,0,agg_full,0.8,next_use,14,14,DecisionAware,1.0,1.0,1
b03overlap,ov0,agg_full@rho0.8,rep0_ov0_agg_full@rho0.8_b03overlap,0,agg_full,0.8,next_use,14,1,B02Utility,0.1,0.11232996928477403,1
b03overlap,ov0,agg_full@rho0.8,rep0_ov0_agg_full@rho0.8_b03overlap,0,agg_full,0.8,next_use,14,3,B02Utility,0.2,0.38218516893374294,1
b03overlap,ov0,agg_full@rho0.8,rep0_ov0_agg_full@rho0.8_b03overlap,0,agg_full,0.8,next_use,14,4,B02Utility,0.3,0.4383501535761299,1
b03overlap,ov0,agg_full@rho0.8,rep0_ov0_agg_full@rho0.8_b03overlap,0,agg_full,0.8,next_use,14,6,B02Utility,0.4,0.550680122860904,1
b03overlap,ov0,agg_full@rho0.8,rep0_ov0_agg_full@rho0.8_b03overlap,0,agg_full,0.8,next_use,14,7,B02Utility,0.5,0.550680122860904,1
b03overlap,ov0,agg_full@rho0.8,rep0_ov0_agg_full@rho0.8_b03overlap,0,agg_full,0.8,next_use,14,8,B02Utility,0.6,0.550680122860904,1
b03overlap,ov0,agg_full@rho0.8,rep0_ov0_agg_full@rho0.8_b03overlap,0,agg_full,0.8,next_use,14,11,B02Utility,0.8,0.9890302764370338,1
b03overlap,ov0,agg_full@rho0.8,rep0_ov0_agg_full@rho0.8_b03overlap,0,agg_full,0.8,next_use,14,14,B02Utility,1.0,1.0,1
b03overlap,ov0,agg_full@rho0.8,rep0_ov0_agg_full@rho0.8_b03overlap,0,agg_full,0.8,next_use,14,1,Oracle,0.1,0.26985519964896887,1
b03overlap,ov0,agg_full@rho0.8,rep0_ov0_agg_full@rho0.8_b03overlap,0,agg_full,0.8,next_use,14,3,Oracle,0.2,0.7082053532250988,1
b03overlap,ov0,agg_full@rho0.8,rep0_ov0_agg_full@rho0.8_b03overlap,0,agg_full,0.8,next_use,14,4,Oracle,0.3,0.8205353225098727,1
b03overlap,ov0,agg_full@rho0.8,rep0_ov0_agg_full@rho0.8_b03overlap,0,agg_full,0.8,next_use,14,6,Oracle,0.4,0.9328652917946468,1
b03overlap,ov0,agg_full@rho0.8,rep0_ov0_agg_full@rho0.8_b03overlap,0,agg_full,0.8,next_use,14,7,Oracle,0.5,0.9890302764370338,1
b03overlap,ov0,agg_full@rho0.8,rep0_ov0_agg_full@rho0.8_b03overlap,0,agg_full,0.8,next_use,14,8,Oracle,0.6,1.0,1
b03overlap,ov0,agg_full@rho0.8,rep0_ov0_agg_full@rho0.8_b03overlap,0,agg_full,0.8,next_use,14,11,Oracle,0.8,1.0,1
b03overlap,ov0,agg_full@rho0.8,rep0_ov0_agg_full@rho0.8_b03overlap,0,agg_full,0.8,next_use,14,14,Oracle,1.0,1.0,1
b03overlap,ov0,agg_full@rho0.8,rep0_ov0_agg_full@rho0.8_b03overlap,0,agg_full,0.8,horizon_h4,14,1,Random,0.1,0.06682313180623357,20
b03overlap,ov0,agg_full@rho0.8,rep0_ov0_agg_full@rho0.8_b03overlap,0,agg_full,0.8,horizon_h4,14,3,Random,0.2,0.2413819001126549,20
b03overlap,ov0,agg_full@rho0.8,rep0_ov0_agg_full@rho0.8_b03overlap,0,agg_full,0.8,horizon_h4,14,4,Random,0.3,0.326962072850169,20
b03overlap,ov0,agg_full@rho0.8,rep0_ov0_agg_full@rho0.8_b03overlap,0,agg_full,0.8,horizon_h4,14,6,Random,0.4,0.4730942546000751,20
b03overlap,ov0,agg_full@rho0.8,rep0_ov0_agg_full@rho0.8_b03overlap,0,agg_full,0.8,horizon_h4,14,7,Random,0.5,0.5235636500187758,20
b03overlap,ov0,agg_full@rho0.8,rep0_ov0_agg_full@rho0.8_b03overlap,0,agg_full,0.8,horizon_h4,14,8,Random,0.6,0.6024033045437476,20
b03overlap,ov0,agg_full@rho0.8,rep0_ov0_agg_full@rho0.8_b03overlap,0,agg_full,0.8,horizon_h4,14,11,Random,0.8,0.7980660908749531,20
b03overlap,ov0,agg_full@rho0.8,rep0_ov0_agg_full@rho0.8_b03overlap,0,agg_full,0.8,horizon_h4,14,14,Random,1.0,1.0,20
b03overlap,ov0,agg_full@rho0.8,rep0_ov0_agg_full@rho0.8_b03overlap,0,agg_full,0.8,horizon_h4,14,1,Freshness,0.1,0.09613218174990612,1
b03overlap,ov0,agg_full@rho0.8,rep0_ov0_agg_full@rho0.8_b03overlap,0,agg_full,0.8,horizon_h4,14,3,Freshness,0.2,0.32707472775065716,1
b03overlap,ov0,agg_full@rho0.8,rep0_ov0_agg_full@rho0.8_b03overlap,0,agg_full,0.8,horizon_h4,14,4,Freshness,0.3,0.32707472775065716,1
b03overlap,ov0,agg_full@rho0.8,rep0_ov0_agg_full@rho0.8_b03overlap,0,agg_full,0.8,horizon_h4,14,6,Freshness,0.4,0.7022155463762673,1
b03overlap,ov0,agg_full@rho0.8,rep0_ov0_agg_full@rho0.8_b03overlap,0,agg_full,0.8,horizon_h4,14,7,Freshness,0.5,0.7022155463762673,1
b03overlap,ov0,agg_full@rho0.8,rep0_ov0_agg_full@rho0.8_b03overlap,0,agg_full,0.8,horizon_h4,14,8,Freshness,0.6,0.8944799098760795,1
b03overlap,ov0,agg_full@rho0.8,rep0_ov0_agg_full@rho0.8_b03overlap,0,agg_full,0.8,horizon_h4,14,11,Freshness,0.8,0.9906120916259857,1
b03overlap,ov0,agg_full@rho0.8,rep0_ov0_agg_full@rho0.8_b03overlap,0,agg_full,0.8,horizon_h4,14,14,Freshness,1.0,1.0,1
b03overlap,ov0,agg_full@rho0.8,rep0_ov0_agg_full@rho0.8_b03overlap,0,agg_full,0.8,horizon_h4,14,1,CoverageDelta,0.1,0.09613218174990612,1
b03overlap,ov0,agg_full@rho0.8,rep0_ov0_agg_full@rho0.8_b03overlap,0,agg_full,0.8,horizon_h4,14,3,CoverageDelta,0.2,0.37514081862561016,1
b03overlap,ov0,agg_full@rho0.8,rep0_ov0_agg_full@rho0.8_b03overlap,0,agg_full,0.8,horizon_h4,14,4,CoverageDelta,0.3,0.4232069095005632,1
b03overlap,ov0,agg_full@rho0.8,rep0_ov0_agg_full@rho0.8_b03overlap,0,agg_full,0.8,horizon_h4,14,6,CoverageDelta,0.4,0.4232069095005632,1
b03overlap,ov0,agg_full@rho0.8,rep0_ov0_agg_full@rho0.8_b03overlap,0,agg_full,0.8,horizon_h4,14,7,CoverageDelta,0.5,0.4232069095005632,1
b03overlap,ov0,agg_full@rho0.8,rep0_ov0_agg_full@rho0.8_b03overlap,0,agg_full,0.8,horizon_h4,14,8,CoverageDelta,0.6,0.7983477281261735,1
b03overlap,ov0,agg_full@rho0.8,rep0_ov0_agg_full@rho0.8_b03overlap,0,agg_full,0.8,horizon_h4,14,11,CoverageDelta,0.8,0.9906120916259857,1
b03overlap,ov0,agg_full@rho0.8,rep0_ov0_agg_full@rho0.8_b03overlap,0,agg_full,0.8,horizon_h4,14,14,CoverageDelta,1.0,1.0,1
b03overlap,ov0,agg_full@rho0.8,rep0_ov0_agg_full@rho0.8_b03overlap,0,agg_full,0.8,horizon_h4,14,1,CoverageAdvantage,0.1,0.09613218174990612,1
b03overlap,ov0,agg_full@rho0.8,rep0_ov0_agg_full@rho0.8_b03overlap,0,agg_full,0.8,horizon_h4,14,3,CoverageAdvantage,0.2,0.3364626361246714,1
b03overlap,ov0,agg_full@rho0.8,rep0_ov0_agg_full@rho0.8_b03overlap,0,agg_full,0.8,horizon_h4,14,4,CoverageAdvantage,0.3,0.3364626361246714,1
b03overlap,ov0,agg_full@rho0.8,rep0_ov0_agg_full@rho0.8_b03overlap,0,agg_full,0.8,horizon_h4,14,6,CoverageAdvantage,0.4,0.3845287269996245,1
b03overlap,ov0,agg_full@rho0.8,rep0_ov0_agg_full@rho0.8_b03overlap,0,agg_full,0.8,horizon_h4,14,7,CoverageAdvantage,0.5,0.3845287269996245,1
b03overlap,ov0,agg_full@rho0.8,rep0_ov0_agg_full@rho0.8_b03overlap,0,agg_full,0.8,horizon_h4,14,8,CoverageAdvantage,0.6,0.3845287269996245,1
b03overlap,ov0,agg_full@rho0.8,rep0_ov0_agg_full@rho0.8_b03overlap,0,agg_full,0.8,horizon_h4,14,11,CoverageAdvantage,0.8,0.7596695456252346,1
b03overlap,ov0,agg_full@rho0.8,rep0_ov0_agg_full@rho0.8_b03overlap,0,agg_full,0.8,horizon_h4,14,14,CoverageAdvantage,1.0,1.0,1
b03overlap,ov0,agg_full@rho0.8,rep0_ov0_agg_full@rho0.8_b03overlap,0,agg_full,0.8,horizon_h4,14,1,SimpleCoverageLoad,0.1,0.09613218174990612,1
b03overlap,ov0,agg_full@rho0.8,rep0_ov0_agg_full@rho0.8_b03overlap,0,agg_full,0.8,horizon_h4,14,3,SimpleCoverageLoad,0.2,0.3364626361246714,1
b03overlap,ov0,agg_full@rho0.8,rep0_ov0_agg_full@rho0.8_b03overlap,0,agg_full,0.8,horizon_h4,14,4,SimpleCoverageLoad,0.3,0.3364626361246714,1
b03overlap,ov0,agg_full@rho0.8,rep0_ov0_agg_full@rho0.8_b03overlap,0,agg_full,0.8,horizon_h4,14,6,SimpleCoverageLoad,0.4,0.3845287269996245,1
b03overlap,ov0,agg_full@rho0.8,rep0_ov0_agg_full@rho0.8_b03overlap,0,agg_full,0.8,horizon_h4,14,7,SimpleCoverageLoad,0.5,0.3845287269996245,1
b03overlap,ov0,agg_full@rho0.8,rep0_ov0_agg_full@rho0.8_b03overlap,0,agg_full,0.8,horizon_h4,14,8,SimpleCoverageLoad,0.6,0.3845287269996245,1
b03overlap,ov0,agg_full@rho0.8,rep0_ov0_agg_full@rho0.8_b03overlap,0,agg_full,0.8,horizon_h4,14,11,SimpleCoverageLoad,0.8,0.7596695456252346,1
b03overlap,ov0,agg_full@rho0.8,rep0_ov0_agg_full@rho0.8_b03overlap,0,agg_full,0.8,horizon_h4,14,14,SimpleCoverageLoad,1.0,1.0,1
b03overlap,ov0,agg_full@rho0.8,rep0_ov0_agg_full@rho0.8_b03overlap,0,agg_full,0.8,horizon_h4,14,1,DecisionAware,0.1,0.09613218174990612,1
b03overlap,ov0,agg_full@rho0.8,rep0_ov0_agg_full@rho0.8_b03overlap,0,agg_full,0.8,horizon_h4,14,3,DecisionAware,0.2,0.3364626361246714,1
b03overlap,ov0,agg_full@rho0.8,rep0_ov0_agg_full@rho0.8_b03overlap,0,agg_full,0.8,horizon_h4,14,4,DecisionAware,0.3,0.3845287269996245,1
b03overlap,ov0,agg_full@rho0.8,rep0_ov0_agg_full@rho0.8_b03overlap,0,agg_full,0.8,horizon_h4,14,6,DecisionAware,0.4,0.3845287269996245,1
b03overlap,ov0,agg_full@rho0.8,rep0_ov0_agg_full@rho0.8_b03overlap,0,agg_full,0.8,horizon_h4,14,7,DecisionAware,0.5,0.3845287269996245,1
b03overlap,ov0,agg_full@rho0.8,rep0_ov0_agg_full@rho0.8_b03overlap,0,agg_full,0.8,horizon_h4,14,8,DecisionAware,0.6,0.3845287269996245,1
b03overlap,ov0,agg_full@rho0.8,rep0_ov0_agg_full@rho0.8_b03overlap,0,agg_full,0.8,horizon_h4,14,11,DecisionAware,0.8,0.7596695456252346,1
b03overlap,ov0,agg_full@rho0.8,rep0_ov0_agg_full@rho0.8_b03overlap,0,agg_full,0.8,horizon_h4,14,14,DecisionAware,1.0,1.0,1
b03overlap,ov0,agg_full@rho0.8,rep0_ov0_agg_full@rho0.8_b03overlap,0,agg_full,0.8,horizon_h4,14,1,B02Utility,0.1,0.09613218174990612,1
b03overlap,ov0,agg_full@rho0.8,rep0_ov0_agg_full@rho0.8_b03overlap,0,agg_full,0.8,horizon_h4,14,3,B02Utility,0.2,0.32707472775065716,1
b03overlap,ov0,agg_full@rho0.8,rep0_ov0_agg_full@rho0.8_b03overlap,0,agg_full,0.8,horizon_h4,14,4,B02Utility,0.3,0.37514081862561016,1
b03overlap,ov0,agg_full@rho0.8,rep0_ov0_agg_full@rho0.8_b03overlap,0,agg_full,0.8,horizon_h4,14,6,B02Utility,0.4,0.4232069095005632,1
b03overlap,ov0,agg_full@rho0.8,rep0_ov0_agg_full@rho0.8_b03overlap,0,agg_full,0.8,horizon_h4,14,7,B02Utility,0.5,0.4232069095005632,1
b03overlap,ov0,agg_full@rho0.8,rep0_ov0_agg_full@rho0.8_b03overlap,0,agg_full,0.8,horizon_h4,14,8,B02Utility,0.6,0.4232069095005632,1
b03overlap,ov0,agg_full@rho0.8,rep0_ov0_agg_full@rho0.8_b03overlap,0,agg_full,0.8,horizon_h4,14,11,B02Utility,0.8,0.9906120916259857,1
b03overlap,ov0,agg_full@rho0.8,rep0_ov0_agg_full@rho0.8_b03overlap,0,agg_full,0.8,horizon_h4,14,14,B02Utility,1.0,1.0,1
b03overlap,ov0,agg_full@rho0.8,rep0_ov0_agg_full@rho0.8_b03overlap,0,agg_full,0.8,horizon_h4,14,1,Oracle,0.1,0.37514081862561016,1
b03overlap,ov0,agg_full@rho0.8,rep0_ov0_agg_full@rho0.8_b03overlap,0,agg_full,0.8,horizon_h4,14,3,Oracle,0.2,0.7983477281261735,1
b03overlap,ov0,agg_full@rho0.8,rep0_ov0_agg_full@rho0.8_b03overlap,0,agg_full,0.8,horizon_h4,14,4,Oracle,0.3,0.8944799098760795,1
b03overlap,ov0,agg_full@rho0.8,rep0_ov0_agg_full@rho0.8_b03overlap,0,agg_full,0.8,horizon_h4,14,6,Oracle,0.4,0.9906120916259857,1
b03overlap,ov0,agg_full@rho0.8,rep0_ov0_agg_full@rho0.8_b03overlap,0,agg_full,0.8,horizon_h4,14,7,Oracle,0.5,1.0,1
b03overlap,ov0,agg_full@rho0.8,rep0_ov0_agg_full@rho0.8_b03overlap,0,agg_full,0.8,horizon_h4,14,8,Oracle,0.6,1.0,1
b03overlap,ov0,agg_full@rho0.8,rep0_ov0_agg_full@rho0.8_b03overlap,0,agg_full,0.8,horizon_h4,14,11,Oracle,0.8,1.0,1
b03overlap,ov0,agg_full@rho0.8,rep0_ov0_agg_full@rho0.8_b03overlap,0,agg_full,0.8,horizon_h4,14,14,Oracle,1.0,1.0,1
b03overlap,ov0,agg_full@rho0.8,rep1_ov0_agg_full@rho0.8_b03overlap,1,agg_full,0.8,next_use,14,1,Random,0.1,0.07124908514271773,20
b03overlap,ov0,agg_full@rho0.8,rep1_ov0_agg_full@rho0.8_b03overlap,1,agg_full,0.8,next_use,14,3,Random,0.2,0.2137472554281532,20
b03overlap,ov0,agg_full@rho0.8,rep1_ov0_agg_full@rho0.8_b03overlap,1,agg_full,0.8,next_use,14,4,Random,0.3,0.2974871919980483,20
b03overlap,ov0,agg_full@rho0.8,rep1_ov0_agg_full@rho0.8_b03overlap,1,agg_full,0.8,next_use,14,6,Random,0.4,0.4393754574286411,20
b03overlap,ov0,agg_full@rho0.8,rep1_ov0_agg_full@rho0.8_b03overlap,1,agg_full,0.8,next_use,14,7,Random,0.5,0.5165650158575262,20
b03overlap,ov0,agg_full@rho0.8,rep1_ov0_agg_full@rho0.8_b03overlap,1,agg_full,0.8,next_use,14,8,Random,0.6,0.5793608197121248,20
b03overlap,ov0,agg_full@rho0.8,rep1_ov0_agg_full@rho0.8_b03overlap,1,agg_full,0.8,next_use,14,11,Random,0.8,0.7640522078555745,20
b03overlap,ov0,agg_full@rho0.8,rep1_ov0_agg_full@rho0.8_b03overlap,1,agg_full,0.8,next_use,14,14,Random,1.0,1.0,20
b03overlap,ov0,agg_full@rho0.8,rep1_ov0_agg_full@rho0.8_b03overlap,1,agg_full,0.8,next_use,14,1,Freshness,0.1,0.0,1
b03overlap,ov0,agg_full@rho0.8,rep1_ov0_agg_full@rho0.8_b03overlap,1,agg_full,0.8,next_use,14,3,Freshness,0.2,0.18126372285923398,1
b03overlap,ov0,agg_full@rho0.8,rep1_ov0_agg_full@rho0.8_b03overlap,1,agg_full,0.8,next_use,14,4,Freshness,0.3,0.30007318858258114,1
b03overlap,ov0,agg_full@rho0.8,rep1_ov0_agg_full@rho0.8_b03overlap,1,agg_full,0.8,next_use,14,6,Freshness,0.4,0.45010978287387166,1
b03overlap,ov0,agg_full@rho0.8,rep1_ov0_agg_full@rho0.8_b03overlap,1,agg_full,0.8,next_use,14,7,Freshness,0.5,0.45010978287387166,1
b03overlap,ov0,agg_full@rho0.8,rep1_ov0_agg_full@rho0.8_b03overlap,1,agg_full,0.8,next_use,14,8,Freshness,0.6,0.5750182971456452,1
b03overlap,ov0,agg_full@rho0.8,rep1_ov0_agg_full@rho0.8_b03overlap,1,agg_full,0.8,next_use,14,11,Freshness,0.8,0.8499634057087094,1
b03overlap,ov0,agg_full@rho0.8,rep1_ov0_agg_full@rho0.8_b03overlap,1,agg_full,0.8,next_use,14,14,Freshness,1.0,1.0,1
b03overlap,ov0,agg_full@rho0.8,rep1_ov0_agg_full@rho0.8_b03overlap,1,agg_full,0.8,next_use,14,1,CoverageDelta,0.1,0.0312271285679434,1
b03overlap,ov0,agg_full@rho0.8,rep1_ov0_agg_full@rho0.8_b03overlap,1,agg_full,0.8,next_use,14,3,CoverageDelta,0.2,0.3313003171505245,1
b03overlap,ov0,agg_full@rho0.8,rep1_ov0_agg_full@rho0.8_b03overlap,1,agg_full,0.8,next_use,14,4,CoverageDelta,0.3,0.36252744571846796,1
b03overlap,ov0,agg_full@rho0.8,rep1_ov0_agg_full@rho0.8_b03overlap,1,agg_full,0.8,next_use,14,6,CoverageDelta,0.4,0.48133691144181506,1
b03overlap,ov0,agg_full@rho0.8,rep1_ov0_agg_full@rho0.8_b03overlap,1,agg_full,0.8,next_use,14,7,CoverageDelta,0.5,0.48133691144181506,1
b03overlap,ov0,agg_full@rho0.8,rep1_ov0_agg_full@rho0.8_b03overlap,1,agg_full,0.8,next_use,14,8,CoverageDelta,0.6,0.48133691144181506,1
b03overlap,ov0,agg_full@rho0.8,rep1_ov0_agg_full@rho0.8_b03overlap,1,agg_full,0.8,next_use,14,11,CoverageDelta,0.8,0.8499634057087094,1
b03overlap,ov0,agg_full@rho0.8,rep1_ov0_agg_full@rho0.8_b03overlap,1,agg_full,0.8,next_use,14,14,CoverageDelta,1.0,1.0,1
b03overlap,ov0,agg_full@rho0.8,rep1_ov0_agg_full@rho0.8_b03overlap,1,agg_full,0.8,next_use,14,1,CoverageAdvantage,0.1,0.0312271285679434,1
b03overlap,ov0,agg_full@rho0.8,rep1_ov0_agg_full@rho0.8_b03overlap,1,agg_full,0.8,next_use,14,3,CoverageAdvantage,0.2,0.21249085142717736,1
b03overlap,ov0,agg_full@rho0.8,rep1_ov0_agg_full@rho0.8_b03overlap,1,agg_full,0.8,next_use,14,4,CoverageAdvantage,0.3,0.36252744571846796,1
b03overlap,ov0,agg_full@rho0.8,rep1_ov0_agg_full@rho0.8_b03overlap,1,agg_full,0.8,next_use,14,6,CoverageAdvantage,0.4,0.3937545742864113,1
b03overlap,ov0,agg_full@rho0.8,rep1_ov0_agg_full@rho0.8_b03overlap,1,agg_full,0.8,next_use,14,7,CoverageAdvantage,0.5,0.3937545742864113,1
b03overlap,ov0,agg_full@rho0.8,rep1_ov0_agg_full@rho0.8_b03overlap,1,agg_full,0.8,next_use,14,8,CoverageAdvantage,0.6,0.5125640400097585,1
b03overlap,ov0,agg_full@rho0.8,rep1_ov0_agg_full@rho0.8_b03overlap,1,agg_full,0.8,next_use,14,11,CoverageAdvantage,0.8,0.6374725542815322,1
b03overlap,ov0,agg_full@rho0.8,rep1_ov0_agg_full@rho0.8_b03overlap,1,agg_full,0.8,next_use,14,14,CoverageAdvantage,1.0,1.0,1
b03overlap,ov0,agg_full@rho0.8,rep1_ov0_agg_full@rho0.8_b03overlap,1,agg_full,0.8,next_use,14,1,SimpleCoverageLoad,0.1,0.0312271285679434,1
b03overlap,ov0,agg_full@rho0.8,rep1_ov0_agg_full@rho0.8_b03overlap,1,agg_full,0.8,next_use,14,3,SimpleCoverageLoad,0.2,0.21249085142717736,1
b03overlap,ov0,agg_full@rho0.8,rep1_ov0_agg_full@rho0.8_b03overlap,1,agg_full,0.8,next_use,14,4,SimpleCoverageLoad,0.3,0.36252744571846796,1
b03overlap,ov0,agg_full@rho0.8,rep1_ov0_agg_full@rho0.8_b03overlap,1,agg_full,0.8,next_use,14,6,SimpleCoverageLoad,0.4,0.3937545742864113,1
b03overlap,ov0,agg_full@rho0.8,rep1_ov0_agg_full@rho0.8_b03overlap,1,agg_full,0.8,next_use,14,7,SimpleCoverageLoad,0.5,0.3937545742864113,1
b03overlap,ov0,agg_full@rho0.8,rep1_ov0_agg_full@rho0.8_b03overlap,1,agg_full,0.8,next_use,14,8,SimpleCoverageLoad,0.6,0.5125640400097585,1
b03overlap,ov0,agg_full@rho0.8,rep1_ov0_agg_full@rho0.8_b03overlap,1,agg_full,0.8,next_use,14,11,SimpleCoverageLoad,0.8,0.6374725542815322,1
b03overlap,ov0,agg_full@rho0.8,rep1_ov0_agg_full@rho0.8_b03overlap,1,agg_full,0.8,next_use,14,14,SimpleCoverageLoad,1.0,1.0,1
b03overlap,ov0,agg_full@rho0.8,rep1_ov0_agg_full@rho0.8_b03overlap,1,agg_full,0.8,next_use,14,1,DecisionAware,0.1,0.0312271285679434,1
b03overlap,ov0,agg_full@rho0.8,rep1_ov0_agg_full@rho0.8_b03overlap,1,agg_full,0.8,next_use,14,3,DecisionAware,0.2,0.21249085142717736,1
b03overlap,ov0,agg_full@rho0.8,rep1_ov0_agg_full@rho0.8_b03overlap,1,agg_full,0.8,next_use,14,4,DecisionAware,0.3,0.36252744571846796,1
b03overlap,ov0,agg_full@rho0.8,rep1_ov0_agg_full@rho0.8_b03overlap,1,agg_full,0.8,next_use,14,6,DecisionAware,0.4,0.3937545742864113,1
b03overlap,ov0,agg_full@rho0.8,rep1_ov0_agg_full@rho0.8_b03overlap,1,agg_full,0.8,next_use,14,7,DecisionAware,0.5,0.3937545742864113,1
b03overlap,ov0,agg_full@rho0.8,rep1_ov0_agg_full@rho0.8_b03overlap,1,agg_full,0.8,next_use,14,8,DecisionAware,0.6,0.5125640400097585,1
b03overlap,ov0,agg_full@rho0.8,rep1_ov0_agg_full@rho0.8_b03overlap,1,agg_full,0.8,next_use,14,11,DecisionAware,0.8,0.6374725542815322,1
b03overlap,ov0,agg_full@rho0.8,rep1_ov0_agg_full@rho0.8_b03overlap,1,agg_full,0.8,next_use,14,14,DecisionAware,1.0,1.0,1
b03overlap,ov0,agg_full@rho0.8,rep1_ov0_agg_full@rho0.8_b03overlap,1,agg_full,0.8,next_use,14,1,B02Utility,0.1,0.0312271285679434,1
b03overlap,ov0,agg_full@rho0.8,rep1_ov0_agg_full@rho0.8_b03overlap,1,agg_full,0.8,next_use,14,3,B02Utility,0.2,0.3313003171505245,1
b03overlap,ov0,agg_full@rho0.8,rep1_ov0_agg_full@rho0.8_b03overlap,1,agg_full,0.8,next_use,14,4,B02Utility,0.3,0.3313003171505245,1
b03overlap,ov0,agg_full@rho0.8,rep1_ov0_agg_full@rho0.8_b03overlap,1,agg_full,0.8,next_use,14,6,B02Utility,0.4,0.45010978287387166,1
b03overlap,ov0,agg_full@rho0.8,rep1_ov0_agg_full@rho0.8_b03overlap,1,agg_full,0.8,next_use,14,7,B02Utility,0.5,0.48133691144181506,1
b03overlap,ov0,agg_full@rho0.8,rep1_ov0_agg_full@rho0.8_b03overlap,1,agg_full,0.8,next_use,14,8,B02Utility,0.6,0.5125640400097585,1
b03overlap,ov0,agg_full@rho0.8,rep1_ov0_agg_full@rho0.8_b03overlap,1,agg_full,0.8,next_use,14,11,B02Utility,0.8,0.7562820200048792,1
b03overlap,ov0,agg_full@rho0.8,rep1_ov0_agg_full@rho0.8_b03overlap,1,agg_full,0.8,next_use,14,14,B02Utility,1.0,1.0,1
b03overlap,ov0,agg_full@rho0.8,rep1_ov0_agg_full@rho0.8_b03overlap,1,agg_full,0.8,next_use,14,1,Oracle,0.1,0.15003659429129057,1
b03overlap,ov0,agg_full@rho0.8,rep1_ov0_agg_full@rho0.8_b03overlap,1,agg_full,0.8,next_use,14,3,Oracle,0.2,0.4249817028543547,1
b03overlap,ov0,agg_full@rho0.8,rep1_ov0_agg_full@rho0.8_b03overlap,1,agg_full,0.8,next_use,14,4,Oracle,0.3,0.5498902171261283,1
b03overlap,ov0,agg_full@rho0.8,rep1_ov0_agg_full@rho0.8_b03overlap,1,agg_full,0.8,next_use,14,6,Oracle,0.4,0.7875091485728226,1
b03overlap,ov0,agg_full@rho0.8,rep1_ov0_agg_full@rho0.8_b03overlap,1,agg_full,0.8,next_use,14,7,Oracle,0.5,0.9063186142961697,1
b03overlap,ov0,agg_full@rho0.8,rep1_ov0_agg_full@rho0.8_b03overlap,1,agg_full,0.8,next_use,14,8,Oracle,0.6,0.9375457428641132,1
b03overlap,ov0,agg_full@rho0.8,rep1_ov0_agg_full@rho0.8_b03overlap,1,agg_full,0.8,next_use,14,11,Oracle,0.8,1.0,1
b03overlap,ov0,agg_full@rho0.8,rep1_ov0_agg_full@rho0.8_b03overlap,1,agg_full,0.8,next_use,14,14,Oracle,1.0,1.0,1
b03overlap,ov0,agg_full@rho0.8,rep1_ov0_agg_full@rho0.8_b03overlap,1,agg_full,0.8,horizon_h4,14,1,Random,0.1,0.07481236865806064,20
b03overlap,ov0,agg_full@rho0.8,rep1_ov0_agg_full@rho0.8_b03overlap,1,agg_full,0.8,horizon_h4,14,3,Random,0.2,0.22499999999999998,20
b03overlap,ov0,agg_full@rho0.8,rep1_ov0_agg_full@rho0.8_b03overlap,1,agg_full,0.8,horizon_h4,14,4,Random,0.3,0.30538877214049837,20
b03overlap,ov0,agg_full@rho0.8,rep1_ov0_agg_full@rho0.8_b03overlap,1,agg_full,0.8,horizon_h4,14,6,Random,0.4,0.4382842990093065,20
b03overlap,ov0,agg_full@rho0.8,rep1_ov0_agg_full@rho0.8_b03overlap,1,agg_full,0.8,horizon_h4,14,7,Random,0.5,0.5073101170819574,20
b03overlap,ov0,agg_full@rho0.8,rep1_ov0_agg_full@rho0.8_b03overlap,1,agg_full,0.8,horizon_h4,14,8,Random,0.6,0.5738291804262984,20
b03overlap,ov0,agg_full@rho0.8,rep1_ov0_agg_full@rho0.8_b03overlap,1,agg_full,0.8,horizon_h4,14,11,Random,0.8,0.7567247072951065,20
b03overlap,ov0,agg_full@rho0.8,rep1_ov0_agg_full@rho0.8_b03overlap,1,agg_full,0.8,horizon_h4,14,14,Random,1.0,1.0,20
b03overlap,ov0,agg_full@rho0.8,rep1_ov0_agg_full@rho0.8_b03overlap,1,agg_full,0.8,horizon_h4,14,1,Freshness,0.1,0.0,1
b03overlap,ov0,agg_full@rho0.8,rep1_ov0_agg_full@rho0.8_b03overlap,1,agg_full,0.8,horizon_h4,14,3,Freshness,0.2,0.1462023416391474,1
b03overlap,ov0,agg_full@rho0.8,rep1_ov0_agg_full@rho0.8_b03overlap,1,agg_full,0.8,horizon_h4,14,4,Freshness,0.3,0.28865205643950764,1
b03overlap,ov0,agg_full@rho0.8,rep1_ov0_agg_full@rho0.8_b03overlap,1,agg_full,0.8,horizon_h4,14,6,Freshness,0.4,0.38096667667367157,1
b03overlap,ov0,agg_full@rho0.8,rep1_ov0_agg_full@rho0.8_b03overlap,1,agg_full,0.8,horizon_h4,14,7,Freshness,0.5,0.38096667667367157,1
b03overlap,ov0,agg_full@rho0.8,rep1_ov0_agg_full@rho0.8_b03overlap,1,agg_full,0.8,horizon_h4,14,8,Freshness,0.6,0.607775442809967,1
b03overlap,ov0,agg_full@rho0.8,rep1_ov0_agg_full@rho0.8_b03overlap,1,agg_full,0.8,horizon_h4,14,11,Freshness,0.8,0.8500450315220655,1
b03overlap,ov0,agg_full@rho0.8,rep1_ov0_agg_full@rho0.8_b03overlap,1,agg_full,0.8,horizon_h4,14,14,Freshness,1.0,1.0,1
b03overlap,ov0,agg_full@rho0.8,rep1_ov0_agg_full@rho0.8_b03overlap,1,agg_full,0.8,horizon_h4,14,1,CoverageDelta,0.1,0.053887721404983484,1
b03overlap,ov0,agg_full@rho0.8,rep1_ov0_agg_full@rho0.8_b03overlap,1,agg_full,0.8,horizon_h4,14,3,CoverageDelta,0.2,0.2385169618733113,1
b03overlap,ov0,agg_full@rho0.8,rep1_ov0_agg_full@rho0.8_b03overlap,1,agg_full,0.8,horizon_h4,14,4,CoverageDelta,0.3,0.25773041128790153,1
b03overlap,ov0,agg_full@rho0.8,rep1_ov0_agg_full@rho0.8_b03overlap,1,agg_full,0.8,horizon_h4,14,6,CoverageDelta,0.4,0.40018012608826176,1
b03overlap,ov0,agg_full@rho0.8,rep1_ov0_agg_full@rho0.8_b03overlap,1,agg_full,0.8,horizon_h4,14,7,CoverageDelta,0.5,0.40018012608826176,1
b03overlap,ov0,agg_full@rho0.8,rep1_ov0_agg_full@rho0.8_b03overlap,1,agg_full,0.8,horizon_h4,14,8,CoverageDelta,0.6,0.40018012608826176,1
b03overlap,ov0,agg_full@rho0.8,rep1_ov0_agg_full@rho0.8_b03overlap,1,agg_full,0.8,horizon_h4,14,11,CoverageDelta,0.8,0.8500450315220655,1
b03overlap,ov0,agg_full@rho0.8,rep1_ov0_agg_full@rho0.8_b03overlap,1,agg_full,0.8,horizon_h4,14,14,CoverageDelta,1.0,1.0,1
b03overlap,ov0,agg_full@rho0.8,rep1_ov0_agg_full@rho0.8_b03overlap,1,agg_full,0.8,horizon_h4,14,1,CoverageAdvantage,0.1,0.0,1
b03overlap,ov0,agg_full@rho0.8,rep1_ov0_agg_full@rho0.8_b03overlap,1,agg_full,0.8,horizon_h4,14,3,CoverageAdvantage,0.2,0.1462023416391474,1
b03overlap,ov0,agg_full@rho0.8,rep1_ov0_agg_full@rho0.8_b03overlap,1,agg_full,0.8,horizon_h4,14,4,CoverageAdvantage,0.3,0.2385169618733113,1
b03overlap,ov0,agg_full@rho0.8,rep1_ov0_agg_full@rho0.8_b03overlap,1,agg_full,0.8,horizon_h4,14,6,CoverageAdvantage,0.4,0.25773041128790153,1
b03overlap,ov0,agg_full@rho0.8,rep1_ov0_agg_full@rho0.8_b03overlap,1,agg_full,0.8,horizon_h4,14,7,CoverageAdvantage,0.5,0.25773041128790153,1
b03overlap,ov0,agg_full@rho0.8,rep1_ov0_agg_full@rho0.8_b03overlap,1,agg_full,0.8,horizon_h4,14,8,CoverageAdvantage,0.6,0.40018012608826176,1
b03overlap,ov0,agg_full@rho0.8,rep1_ov0_agg_full@rho0.8_b03overlap,1,agg_full,0.8,horizon_h4,14,11,CoverageAdvantage,0.8,0.6269888922245572,1
b03overlap,ov0,agg_full@rho0.8,rep1_ov0_agg_full@rho0.8_b03overlap,1,agg_full,0.8,horizon_h4,14,14,CoverageAdvantage,1.0,1.0,1
b03overlap,ov0,agg_full@rho0.8,rep1_ov0_agg_full@rho0.8_b03overlap,1,agg_full,0.8,horizon_h4,14,1,SimpleCoverageLoad,0.1,0.0,1
b03overlap,ov0,agg_full@rho0.8,rep1_ov0_agg_full@rho0.8_b03overlap,1,agg_full,0.8,horizon_h4,14,3,SimpleCoverageLoad,0.2,0.1462023416391474,1
b03overlap,ov0,agg_full@rho0.8,rep1_ov0_agg_full@rho0.8_b03overlap,1,agg_full,0.8,horizon_h4,14,4,SimpleCoverageLoad,0.3,0.2385169618733113,1
b03overlap,ov0,agg_full@rho0.8,rep1_ov0_agg_full@rho0.8_b03overlap,1,agg_full,0.8,horizon_h4,14,6,SimpleCoverageLoad,0.4,0.25773041128790153,1
b03overlap,ov0,agg_full@rho0.8,rep1_ov0_agg_full@rho0.8_b03overlap,1,agg_full,0.8,horizon_h4,14,7,SimpleCoverageLoad,0.5,0.25773041128790153,1
b03overlap,ov0,agg_full@rho0.8,rep1_ov0_agg_full@rho0.8_b03overlap,1,agg_full,0.8,horizon_h4,14,8,SimpleCoverageLoad,0.6,0.40018012608826176,1
b03overlap,ov0,agg_full@rho0.8,rep1_ov0_agg_full@rho0.8_b03overlap,1,agg_full,0.8,horizon_h4,14,11,SimpleCoverageLoad,0.8,0.6269888922245572,1
b03overlap,ov0,agg_full@rho0.8,rep1_ov0_agg_full@rho0.8_b03overlap,1,agg_full,0.8,horizon_h4,14,14,SimpleCoverageLoad,1.0,1.0,1
b03overlap,ov0,agg_full@rho0.8,rep1_ov0_agg_full@rho0.8_b03overlap,1,agg_full,0.8,horizon_h4,14,1,DecisionAware,0.1,0.0,1
b03overlap,ov0,agg_full@rho0.8,rep1_ov0_agg_full@rho0.8_b03overlap,1,agg_full,0.8,horizon_h4,14,3,DecisionAware,0.2,0.1462023416391474,1
b03overlap,ov0,agg_full@rho0.8,rep1_ov0_agg_full@rho0.8_b03overlap,1,agg_full,0.8,horizon_h4,14,4,DecisionAware,0.3,0.2385169618733113,1
b03overlap,ov0,agg_full@rho0.8,rep1_ov0_agg_full@rho0.8_b03overlap,1,agg_full,0.8,horizon_h4,14,6,DecisionAware,0.4,0.25773041128790153,1
b03overlap,ov0,agg_full@rho0.8,rep1_ov0_agg_full@rho0.8_b03overlap,1,agg_full,0.8,horizon_h4,14,7,DecisionAware,0.5,0.25773041128790153,1
b03overlap,ov0,agg_full@rho0.8,rep1_ov0_agg_full@rho0.8_b03overlap,1,agg_full,0.8,horizon_h4,14,8,DecisionAware,0.6,0.40018012608826176,1
b03overlap,ov0,agg_full@rho0.8,rep1_ov0_agg_full@rho0.8_b03overlap,1,agg_full,0.8,horizon_h4,14,11,DecisionAware,0.8,0.6269888922245572,1
b03overlap,ov0,agg_full@rho0.8,rep1_ov0_agg_full@rho0.8_b03overlap,1,agg_full,0.8,horizon_h4,14,14,DecisionAware,1.0,1.0,1
b03overlap,ov0,agg_full@rho0.8,rep1_ov0_agg_full@rho0.8_b03overlap,1,agg_full,0.8,horizon_h4,14,1,B02Utility,0.1,0.053887721404983484,1
b03overlap,ov0,agg_full@rho0.8,rep1_ov0_agg_full@rho0.8_b03overlap,1,agg_full,0.8,horizon_h4,14,3,B02Utility,0.2,0.2385169618733113,1
b03overlap,ov0,agg_full@rho0.8,rep1_ov0_agg_full@rho0.8_b03overlap,1,agg_full,0.8,horizon_h4,14,4,B02Utility,0.3,0.2385169618733113,1
b03overlap,ov0,agg_full@rho0.8,rep1_ov0_agg_full@rho0.8_b03overlap,1,agg_full,0.8,horizon_h4,14,6,B02Utility,0.4,0.38096667667367157,1
b03overlap,ov0,agg_full@rho0.8,rep1_ov0_agg_full@rho0.8_b03overlap,1,agg_full,0.8,horizon_h4,14,7,B02Utility,0.5,0.40018012608826176,1
b03overlap,ov0,agg_full@rho0.8,rep1_ov0_agg_full@rho0.8_b03overlap,1,agg_full,0.8,horizon_h4,14,8,B02Utility,0.6,0.40018012608826176,1
b03overlap,ov0,agg_full@rho0.8,rep1_ov0_agg_full@rho0.8_b03overlap,1,agg_full,0.8,horizon_h4,14,11,B02Utility,0.8,0.7000900630441309,1
b03overlap,ov0,agg_full@rho0.8,rep1_ov0_agg_full@rho0.8_b03overlap,1,agg_full,0.8,horizon_h4,14,14,B02Utility,1.0,1.0,1
b03overlap,ov0,agg_full@rho0.8,rep1_ov0_agg_full@rho0.8_b03overlap,1,agg_full,0.8,horizon_h4,14,1,Oracle,0.1,0.2268087661362954,1
b03overlap,ov0,agg_full@rho0.8,rep1_ov0_agg_full@rho0.8_b03overlap,1,agg_full,0.8,horizon_h4,14,3,Oracle,0.2,0.5267187030921645,1
b03overlap,ov0,agg_full@rho0.8,rep1_ov0_agg_full@rho0.8_b03overlap,1,agg_full,0.8,horizon_h4,14,4,Oracle,0.3,0.6691684178925247,1
b03overlap,ov0,agg_full@rho0.8,rep1_ov0_agg_full@rho0.8_b03overlap,1,agg_full,0.8,horizon_h4,14,6,Oracle,0.4,0.8537976583608525,1
b03overlap,ov0,agg_full@rho0.8,rep1_ov0_agg_full@rho0.8_b03overlap,1,agg_full,0.8,horizon_h4,14,7,Oracle,0.5,0.9268988291804262,1
b03overlap,ov0,agg_full@rho0.8,rep1_ov0_agg_full@rho0.8_b03overlap,1,agg_full,0.8,horizon_h4,14,8,Oracle,0.6,0.9807865505854098,1
b03overlap,ov0,agg_full@rho0.8,rep1_ov0_agg_full@rho0.8_b03overlap,1,agg_full,0.8,horizon_h4,14,11,Oracle,0.8,1.0,1
b03overlap,ov0,agg_full@rho0.8,rep1_ov0_agg_full@rho0.8_b03overlap,1,agg_full,0.8,horizon_h4,14,14,Oracle,1.0,1.0,1
b03overlap,ov0,agg_static@rho0.8,rep1_ov0_agg_static@rho0.8_b03overlap,1,agg_static,0.8,next_use,12,1,Random,0.1,0.059869976359338065,20
b03overlap,ov0,agg_static@rho0.8,rep1_ov0_agg_static@rho0.8_b03overlap,1,agg_static,0.8,next_use,12,2,Random,0.2,0.15986997635933806,20
b03overlap,ov0,agg_static@rho0.8,rep1_ov0_agg_static@rho0.8_b03overlap,1,agg_static,0.8,next_use,12,4,Random,0.3,0.2954787234042553,20
b03overlap,ov0,agg_static@rho0.8,rep1_ov0_agg_static@rho0.8_b03overlap,1,agg_static,0.8,next_use,12,5,Random,0.4,0.35608747044917255,20
b03overlap,ov0,agg_static@rho0.8,rep1_ov0_agg_static@rho0.8_b03overlap,1,agg_static,0.8,next_use,12,6,Random,0.5,0.4613475177304964,20
b03overlap,ov0,agg_static@rho0.8,rep1_ov0_agg_static@rho0.8_b03overlap,1,agg_static,0.8,next_use,12,7,Random,0.6,0.4946513002364066,20
b03overlap,ov0,agg_static@rho0.8,rep1_ov0_agg_static@rho0.8_b03overlap,1,agg_static,0.8,next_use,12,10,Random,0.8,0.7908687943262411,20
b03overlap,ov0,agg_static@rho0.8,rep1_ov0_agg_static@rho0.8_b03overlap,1,agg_static,0.8,next_use,12,12,Random,1.0,1.0,20
b03overlap,ov0,agg_static@rho0.8,rep1_ov0_agg_static@rho0.8_b03overlap,1,agg_static,0.8,next_use,12,1,Freshness,0.1,0.0,1
b03overlap,ov0,agg_static@rho0.8,rep1_ov0_agg_static@rho0.8_b03overlap,1,agg_static,0.8,next_use,12,2,Freshness,0.2,0.0,1
b03overlap,ov0,agg_static@rho0.8,rep1_ov0_agg_static@rho0.8_b03overlap,1,agg_static,0.8,next_use,12,4,Freshness,0.3,0.2730496453900709,1
b03overlap,ov0,agg_static@rho0.8,rep1_ov0_agg_static@rho0.8_b03overlap,1,agg_static,0.8,next_use,12,5,Freshness,0.4,0.2730496453900709,1
b03overlap,ov0,agg_static@rho0.8,rep1_ov0_agg_static@rho0.8_b03overlap,1,agg_static,0.8,next_use,12,6,Freshness,0.5,0.5608747044917257,1
b03overlap,ov0,agg_static@rho0.8,rep1_ov0_agg_static@rho0.8_b03overlap,1,agg_static,0.8,next_use,12,7,Freshness,0.6,0.5608747044917257,1
b03overlap,ov0,agg_static@rho0.8,rep1_ov0_agg_static@rho0.8_b03overlap,1,agg_static,0.8,next_use,12,10,Freshness,0.8,0.9243498817966902,1
b03overlap,ov0,agg_static@rho0.8,rep1_ov0_agg_static@rho0.8_b03overlap,1,agg_static,0.8,next_use,12,12,Freshness,1.0,1.0,1
b03overlap,ov0,agg_static@rho0.8,rep1_ov0_agg_static@rho0.8_b03overlap,1,agg_static,0.8,next_use,12,1,CoverageDelta,0.1,0.07565011820330969,1
b03overlap,ov0,agg_static@rho0.8,rep1_ov0_agg_static@rho0.8_b03overlap,1,agg_static,0.8,next_use,12,2,CoverageDelta,0.2,0.07565011820330969,1
b03overlap,ov0,agg_static@rho0.8,rep1_ov0_agg_static@rho0.8_b03overlap,1,agg_static,0.8,next_use,12,4,CoverageDelta,0.3,0.07565011820330969,1
b03overlap,ov0,agg_static@rho0.8,rep1_ov0_agg_static@rho0.8_b03overlap,1,agg_static,0.8,next_use,12,5,CoverageDelta,0.4,0.3486997635933806,1
b03overlap,ov0,agg_static@rho0.8,rep1_ov0_agg_static@rho0.8_b03overlap,1,agg_static,0.8,next_use,12,6,CoverageDelta,0.5,0.3486997635933806,1
b03overlap,ov0,agg_static@rho0.8,rep1_ov0_agg_static@rho0.8_b03overlap,1,agg_static,0.8,next_use,12,7,CoverageDelta,0.6,0.6365248226950354,1
b03overlap,ov0,agg_static@rho0.8,rep1_ov0_agg_static@rho0.8_b03overlap,1,agg_static,0.8,next_use,12,10,CoverageDelta,0.8,0.9243498817966902,1
b03overlap,ov0,agg_static@rho0.8,rep1_ov0_agg_static@rho0.8_b03overlap,1,agg_static,0.8,next_use,12,12,CoverageDelta,1.0,1.0,1
b03overlap,ov0,agg_static@rho0.8,rep1_ov0_agg_static@rho0.8_b03overlap,1,agg_static,0.8,next_use,12,1,CoverageAdvantage,0.1,0.07565011820330969,1
b03overlap,ov0,agg_static@rho0.8,rep1_ov0_agg_static@rho0.8_b03overlap,1,agg_static,0.8,next_use,12,2,CoverageAdvantage,0.2,0.07565011820330969,1
b03overlap,ov0,agg_static@rho0.8,rep1_ov0_agg_static@rho0.8_b03overlap,1,agg_static,0.8,next_use,12,4,CoverageAdvantage,0.3,0.07565011820330969,1
b03overlap,ov0,agg_static@rho0.8,rep1_ov0_agg_static@rho0.8_b03overlap,1,agg_static,0.8,next_use,12,5,CoverageAdvantage,0.4,0.3486997635933806,1
b03overlap,ov0,agg_static@rho0.8,rep1_ov0_agg_static@rho0.8_b03overlap,1,agg_static,0.8,next_use,12,6,CoverageAdvantage,0.5,0.3486997635933806,1
b03overlap,ov0,agg_static@rho0.8,rep1_ov0_agg_static@rho0.8_b03overlap,1,agg_static,0.8,next_use,12,7,CoverageAdvantage,0.6,0.6365248226950354,1
b03overlap,ov0,agg_static@rho0.8,rep1_ov0_agg_static@rho0.8_b03overlap,1,agg_static,0.8,next_use,12,10,CoverageAdvantage,0.8,0.9243498817966902,1
b03overlap,ov0,agg_static@rho0.8,rep1_ov0_agg_static@rho0.8_b03overlap,1,agg_static,0.8,next_use,12,12,CoverageAdvantage,1.0,1.0,1
b03overlap,ov0,agg_static@rho0.8,rep1_ov0_agg_static@rho0.8_b03overlap,1,agg_static,0.8,next_use,12,1,SimpleCoverageLoad,0.1,0.07565011820330969,1
b03overlap,ov0,agg_static@rho0.8,rep1_ov0_agg_static@rho0.8_b03overlap,1,agg_static,0.8,next_use,12,2,SimpleCoverageLoad,0.2,0.07565011820330969,1
b03overlap,ov0,agg_static@rho0.8,rep1_ov0_agg_static@rho0.8_b03overlap,1,agg_static,0.8,next_use,12,4,SimpleCoverageLoad,0.3,0.07565011820330969,1
b03overlap,ov0,agg_static@rho0.8,rep1_ov0_agg_static@rho0.8_b03overlap,1,agg_static,0.8,next_use,12,5,SimpleCoverageLoad,0.4,0.3486997635933806,1
b03overlap,ov0,agg_static@rho0.8,rep1_ov0_agg_static@rho0.8_b03overlap,1,agg_static,0.8,next_use,12,6,SimpleCoverageLoad,0.5,0.3486997635933806,1
b03overlap,ov0,agg_static@rho0.8,rep1_ov0_agg_static@rho0.8_b03overlap,1,agg_static,0.8,next_use,12,7,SimpleCoverageLoad,0.6,0.6365248226950354,1
b03overlap,ov0,agg_static@rho0.8,rep1_ov0_agg_static@rho0.8_b03overlap,1,agg_static,0.8,next_use,12,10,SimpleCoverageLoad,0.8,0.9243498817966902,1
b03overlap,ov0,agg_static@rho0.8,rep1_ov0_agg_static@rho0.8_b03overlap,1,agg_static,0.8,next_use,12,12,SimpleCoverageLoad,1.0,1.0,1
b03overlap,ov0,agg_static@rho0.8,rep1_ov0_agg_static@rho0.8_b03overlap,1,agg_static,0.8,next_use,12,1,DecisionAware,0.1,0.07565011820330969,1
b03overlap,ov0,agg_static@rho0.8,rep1_ov0_agg_static@rho0.8_b03overlap,1,agg_static,0.8,next_use,12,2,DecisionAware,0.2,0.07565011820330969,1
b03overlap,ov0,agg_static@rho0.8,rep1_ov0_agg_static@rho0.8_b03overlap,1,agg_static,0.8,next_use,12,4,DecisionAware,0.3,0.07565011820330969,1
b03overlap,ov0,agg_static@rho0.8,rep1_ov0_agg_static@rho0.8_b03overlap,1,agg_static,0.8,next_use,12,5,DecisionAware,0.4,0.3486997635933806,1
b03overlap,ov0,agg_static@rho0.8,rep1_ov0_agg_static@rho0.8_b03overlap,1,agg_static,0.8,next_use,12,6,DecisionAware,0.5,0.3486997635933806,1
b03overlap,ov0,agg_static@rho0.8,rep1_ov0_agg_static@rho0.8_b03overlap,1,agg_static,0.8,next_use,12,7,DecisionAware,0.6,0.6365248226950354,1
b03overlap,ov0,agg_static@rho0.8,rep1_ov0_agg_static@rho0.8_b03overlap,1,agg_static,0.8,next_use,12,10,DecisionAware,0.8,0.9243498817966902,1
b03overlap,ov0,agg_static@rho0.8,rep1_ov0_agg_static@rho0.8_b03overlap,1,agg_static,0.8,next_use,12,12,DecisionAware,1.0,1.0,1
b03overlap,ov0,agg_static@rho0.8,rep1_ov0_agg_static@rho0.8_b03overlap,1,agg_static,0.8,next_use,12,1,B02Utility,0.1,0.07565011820330969,1
b03overlap,ov0,agg_static@rho0.8,rep1_ov0_agg_static@rho0.8_b03overlap,1,agg_static,0.8,next_use,12,2,B02Utility,0.2,0.07565011820330969,1
b03overlap,ov0,agg_static@rho0.8,rep1_ov0_agg_static@rho0.8_b03overlap,1,agg_static,0.8,next_use,12,4,B02Utility,0.3,0.07565011820330969,1
b03overlap,ov0,agg_static@rho0.8,rep1_ov0_agg_static@rho0.8_b03overlap,1,agg_static,0.8,next_use,12,5,B02Utility,0.4,0.3486997635933806,1
b03overlap,ov0,agg_static@rho0.8,rep1_ov0_agg_static@rho0.8_b03overlap,1,agg_static,0.8,next_use,12,6,B02Utility,0.5,0.3486997635933806,1
b03overlap,ov0,agg_static@rho0.8,rep1_ov0_agg_static@rho0.8_b03overlap,1,agg_static,0.8,next_use,12,7,B02Utility,0.6,0.6365248226950354,1
b03overlap,ov0,agg_static@rho0.8,rep1_ov0_agg_static@rho0.8_b03overlap,1,agg_static,0.8,next_use,12,10,B02Utility,0.8,0.7121749408983451,1
b03overlap,ov0,agg_static@rho0.8,rep1_ov0_agg_static@rho0.8_b03overlap,1,agg_static,0.8,next_use,12,12,B02Utility,1.0,1.0,1
b03overlap,ov0,agg_static@rho0.8,rep1_ov0_agg_static@rho0.8_b03overlap,1,agg_static,0.8,next_use,12,1,Oracle,0.1,0.28782505910165485,1
b03overlap,ov0,agg_static@rho0.8,rep1_ov0_agg_static@rho0.8_b03overlap,1,agg_static,0.8,next_use,12,2,Oracle,0.2,0.5756501182033097,1
b03overlap,ov0,agg_static@rho0.8,rep1_ov0_agg_static@rho0.8_b03overlap,1,agg_static,0.8,next_use,12,4,Oracle,0.3,0.9243498817966902,1
b03overlap,ov0,agg_static@rho0.8,rep1_ov0_agg_static@rho0.8_b03overlap,1,agg_static,0.8,next_use,12,5,Oracle,0.4,1.0,1
b03overlap,ov0,agg_static@rho0.8,rep1_ov0_agg_static@rho0.8_b03overlap,1,agg_static,0.8,next_use,12,6,Oracle,0.5,1.0,1
b03overlap,ov0,agg_static@rho0.8,rep1_ov0_agg_static@rho0.8_b03overlap,1,agg_static,0.8,next_use,12,7,Oracle,0.6,1.0,1
b03overlap,ov0,agg_static@rho0.8,rep1_ov0_agg_static@rho0.8_b03overlap,1,agg_static,0.8,next_use,12,10,Oracle,0.8,1.0,1
b03overlap,ov0,agg_static@rho0.8,rep1_ov0_agg_static@rho0.8_b03overlap,1,agg_static,0.8,next_use,12,12,Oracle,1.0,1.0,1
b03overlap,ov0,agg_static@rho0.8,rep1_ov0_agg_static@rho0.8_b03overlap,1,agg_static,0.8,horizon_h4,12,1,Random,0.1,0.07345857418111754,20
b03overlap,ov0,agg_static@rho0.8,rep1_ov0_agg_static@rho0.8_b03overlap,1,agg_static,0.8,horizon_h4,12,2,Random,0.2,0.17345857418111754,20
b03overlap,ov0,agg_static@rho0.8,rep1_ov0_agg_static@rho0.8_b03overlap,1,agg_static,0.8,horizon_h4,12,4,Random,0.3,0.3055635838150289,20
b03overlap,ov0,agg_static@rho0.8,rep1_ov0_agg_static@rho0.8_b03overlap,1,agg_static,0.8,horizon_h4,12,5,Random,0.4,0.36729287090558765,20
b03overlap,ov0,agg_static@rho0.8,rep1_ov0_agg_static@rho0.8_b03overlap,1,agg_static,0.8,horizon_h4,12,6,Random,0.5,0.44075144508670516,20
b03overlap,ov0,agg_static@rho0.8,rep1_ov0_agg_static@rho0.8_b03overlap,1,agg_static,0.8,horizon_h4,12,7,Random,0.6,0.4617292870905587,20
b03overlap,ov0,agg_static@rho0.8,rep1_ov0_agg_static@rho0.8_b03overlap,1,agg_static,0.8,horizon_h4,12,10,Random,0.8,0.7709778420038536,20
b03overlap,ov0,agg_static@rho0.8,rep1_ov0_agg_static@rho0.8_b03overlap,1,agg_static,0.8,horizon_h4,12,12,Random,1.0,1.0,20
b03overlap,ov0,agg_static@rho0.8,rep1_ov0_agg_static@rho0.8_b03overlap,1,agg_static,0.8,horizon_h4,12,1,Freshness,0.1,0.0,1
b03overlap,ov0,agg_static@rho0.8,rep1_ov0_agg_static@rho0.8_b03overlap,1,agg_static,0.8,horizon_h4,12,2,Freshness,0.2,0.0,1
b03overlap,ov0,agg_static@rho0.8,rep1_ov0_agg_static@rho0.8_b03overlap,1,agg_static,0.8,horizon_h4,12,4,Freshness,0.3,0.46917148362235067,1
b03overlap,ov0,agg_static@rho0.8,rep1_ov0_agg_static@rho0.8_b03overlap,1,agg_static,0.8,horizon_h4,12,5,Freshness,0.4,0.46917148362235067,1
b03overlap,ov0,agg_static@rho0.8,rep1_ov0_agg_static@rho0.8_b03overlap,1,agg_static,0.8,horizon_h4,12,6,Freshness,0.5,0.7037572254335259,1
b03overlap,ov0,agg_static@rho0.8,rep1_ov0_agg_static@rho0.8_b03overlap,1,agg_static,0.8,horizon_h4,12,7,Freshness,0.6,0.7037572254335259,1
b03overlap,ov0,agg_static@rho0.8,rep1_ov0_agg_static@rho0.8_b03overlap,1,agg_static,0.8,horizon_h4,12,10,Freshness,0.8,1.0,1
b03overlap,ov0,agg_static@rho0.8,rep1_ov0_agg_static@rho0.8_b03overlap,1,agg_static,0.8,horizon_h4,12,12,Freshness,1.0,1.0,1
b03overlap,ov0,agg_static@rho0.8,rep1_ov0_agg_static@rho0.8_b03overlap,1,agg_static,0.8,horizon_h4,12,1,CoverageDelta,0.1,0.06165703275529865,1
b03overlap,ov0,agg_static@rho0.8,rep1_ov0_agg_static@rho0.8_b03overlap,1,agg_static,0.8,horizon_h4,12,2,CoverageDelta,0.2,0.06165703275529865,1
b03overlap,ov0,agg_static@rho0.8,rep1_ov0_agg_static@rho0.8_b03overlap,1,agg_static,0.8,horizon_h4,12,4,CoverageDelta,0.3,0.06165703275529865,1
b03overlap,ov0,agg_static@rho0.8,rep1_ov0_agg_static@rho0.8_b03overlap,1,agg_static,0.8,horizon_h4,12,5,CoverageDelta,0.4,0.5308285163776493,1
b03overlap,ov0,agg_static@rho0.8,rep1_ov0_agg_static@rho0.8_b03overlap,1,agg_static,0.8,horizon_h4,12,6,CoverageDelta,0.5,0.5308285163776493,1
b03overlap,ov0,agg_static@rho0.8,rep1_ov0_agg_static@rho0.8_b03overlap,1,agg_static,0.8,horizon_h4,12,7,CoverageDelta,0.6,0.7654142581888246,1
b03overlap,ov0,agg_static@rho0.8,rep1_ov0_agg_static@rho0.8_b03overlap,1,agg_static,0.8,horizon_h4,12,10,CoverageDelta,0.8,1.0,1
b03overlap,ov0,agg_static@rho0.8,rep1_ov0_agg_static@rho0.8_b03overlap,1,agg_static,0.8,horizon_h4,12,12,CoverageDelta,1.0,1.0,1
b03overlap,ov0,agg_static@rho0.8,rep1_ov0_agg_static@rho0.8_b03overlap,1,agg_static,0.8,horizon_h4,12,1,CoverageAdvantage,0.1,0.06165703275529865,1
b03overlap,ov0,agg_static@rho0.8,rep1_ov0_agg_static@rho0.8_b03overlap,1,agg_static,0.8,horizon_h4,12,2,CoverageAdvantage,0.2,0.06165703275529865,1
b03overlap,ov0,agg_static@rho0.8,rep1_ov0_agg_static@rho0.8_b03overlap,1,agg_static,0.8,horizon_h4,12,4,CoverageAdvantage,0.3,0.06165703275529865,1
b03overlap,ov0,agg_static@rho0.8,rep1_ov0_agg_static@rho0.8_b03overlap,1,agg_static,0.8,horizon_h4,12,5,CoverageAdvantage,0.4,0.5308285163776493,1
b03overlap,ov0,agg_static@rho0.8,rep1_ov0_agg_static@rho0.8_b03overlap,1,agg_static,0.8,horizon_h4,12,6,CoverageAdvantage,0.5,0.5308285163776493,1
b03overlap,ov0,agg_static@rho0.8,rep1_ov0_agg_static@rho0.8_b03overlap,1,agg_static,0.8,horizon_h4,12,7,CoverageAdvantage,0.6,0.7654142581888246,1
b03overlap,ov0,agg_static@rho0.8,rep1_ov0_agg_static@rho0.8_b03overlap,1,agg_static,0.8,horizon_h4,12,10,CoverageAdvantage,0.8,1.0,1
b03overlap,ov0,agg_static@rho0.8,rep1_ov0_agg_static@rho0.8_b03overlap,1,agg_static,0.8,horizon_h4,12,12,CoverageAdvantage,1.0,1.0,1
b03overlap,ov0,agg_static@rho0.8,rep1_ov0_agg_static@rho0.8_b03overlap,1,agg_static,0.8,horizon_h4,12,1,SimpleCoverageLoad,0.1,0.06165703275529865,1
b03overlap,ov0,agg_static@rho0.8,rep1_ov0_agg_static@rho0.8_b03overlap,1,agg_static,0.8,horizon_h4,12,2,SimpleCoverageLoad,0.2,0.06165703275529865,1
b03overlap,ov0,agg_static@rho0.8,rep1_ov0_agg_static@rho0.8_b03overlap,1,agg_static,0.8,horizon_h4,12,4,SimpleCoverageLoad,0.3,0.06165703275529865,1
b03overlap,ov0,agg_static@rho0.8,rep1_ov0_agg_static@rho0.8_b03overlap,1,agg_static,0.8,horizon_h4,12,5,SimpleCoverageLoad,0.4,0.5308285163776493,1
b03overlap,ov0,agg_static@rho0.8,rep1_ov0_agg_static@rho0.8_b03overlap,1,agg_static,0.8,horizon_h4,12,6,SimpleCoverageLoad,0.5,0.5308285163776493,1
b03overlap,ov0,agg_static@rho0.8,rep1_ov0_agg_static@rho0.8_b03overlap,1,agg_static,0.8,horizon_h4,12,7,SimpleCoverageLoad,0.6,0.7654142581888246,1
b03overlap,ov0,agg_static@rho0.8,rep1_ov0_agg_static@rho0.8_b03overlap,1,agg_static,0.8,horizon_h4,12,10,SimpleCoverageLoad,0.8,1.0,1
b03overlap,ov0,agg_static@rho0.8,rep1_ov0_agg_static@rho0.8_b03overlap,1,agg_static,0.8,horizon_h4,12,12,SimpleCoverageLoad,1.0,1.0,1
b03overlap,ov0,agg_static@rho0.8,rep1_ov0_agg_static@rho0.8_b03overlap,1,agg_static,0.8,horizon_h4,12,1,DecisionAware,0.1,0.06165703275529865,1
b03overlap,ov0,agg_static@rho0.8,rep1_ov0_agg_static@rho0.8_b03overlap,1,agg_static,0.8,horizon_h4,12,2,DecisionAware,0.2,0.06165703275529865,1
b03overlap,ov0,agg_static@rho0.8,rep1_ov0_agg_static@rho0.8_b03overlap,1,agg_static,0.8,horizon_h4,12,4,DecisionAware,0.3,0.06165703275529865,1
b03overlap,ov0,agg_static@rho0.8,rep1_ov0_agg_static@rho0.8_b03overlap,1,agg_static,0.8,horizon_h4,12,5,DecisionAware,0.4,0.5308285163776493,1
b03overlap,ov0,agg_static@rho0.8,rep1_ov0_agg_static@rho0.8_b03overlap,1,agg_static,0.8,horizon_h4,12,6,DecisionAware,0.5,0.5308285163776493,1
b03overlap,ov0,agg_static@rho0.8,rep1_ov0_agg_static@rho0.8_b03overlap,1,agg_static,0.8,horizon_h4,12,7,DecisionAware,0.6,0.7654142581888246,1
b03overlap,ov0,agg_static@rho0.8,rep1_ov0_agg_static@rho0.8_b03overlap,1,agg_static,0.8,horizon_h4,12,10,DecisionAware,0.8,1.0,1
b03overlap,ov0,agg_static@rho0.8,rep1_ov0_agg_static@rho0.8_b03overlap,1,agg_static,0.8,horizon_h4,12,12,DecisionAware,1.0,1.0,1
b03overlap,ov0,agg_static@rho0.8,rep1_ov0_agg_static@rho0.8_b03overlap,1,agg_static,0.8,horizon_h4,12,1,B02Utility,0.1,0.0,1
b03overlap,ov0,agg_static@rho0.8,rep1_ov0_agg_static@rho0.8_b03overlap,1,agg_static,0.8,horizon_h4,12,2,B02Utility,0.2,0.0,1
b03overlap,ov0,agg_static@rho0.8,rep1_ov0_agg_static@rho0.8_b03overlap,1,agg_static,0.8,horizon_h4,12,4,B02Utility,0.3,0.0,1
b03overlap,ov0,agg_static@rho0.8,rep1_ov0_agg_static@rho0.8_b03overlap,1,agg_static,0.8,horizon_h4,12,5,B02Utility,0.4,0.46917148362235067,1
b03overlap,ov0,agg_static@rho0.8,rep1_ov0_agg_static@rho0.8_b03overlap,1,agg_static,0.8,horizon_h4,12,6,B02Utility,0.5,0.46917148362235067,1
b03overlap,ov0,agg_static@rho0.8,rep1_ov0_agg_static@rho0.8_b03overlap,1,agg_static,0.8,horizon_h4,12,7,B02Utility,0.6,0.7037572254335259,1
b03overlap,ov0,agg_static@rho0.8,rep1_ov0_agg_static@rho0.8_b03overlap,1,agg_static,0.8,horizon_h4,12,10,B02Utility,0.8,0.7654142581888246,1
b03overlap,ov0,agg_static@rho0.8,rep1_ov0_agg_static@rho0.8_b03overlap,1,agg_static,0.8,horizon_h4,12,12,B02Utility,1.0,1.0,1
b03overlap,ov0,agg_static@rho0.8,rep1_ov0_agg_static@rho0.8_b03overlap,1,agg_static,0.8,horizon_h4,12,1,Oracle,0.1,0.46917148362235067,1
b03overlap,ov0,agg_static@rho0.8,rep1_ov0_agg_static@rho0.8_b03overlap,1,agg_static,0.8,horizon_h4,12,2,Oracle,0.2,0.7037572254335259,1
b03overlap,ov0,agg_static@rho0.8,rep1_ov0_agg_static@rho0.8_b03overlap,1,agg_static,0.8,horizon_h4,12,4,Oracle,0.3,1.0,1
b03overlap,ov0,agg_static@rho0.8,rep1_ov0_agg_static@rho0.8_b03overlap,1,agg_static,0.8,horizon_h4,12,5,Oracle,0.4,1.0,1
b03overlap,ov0,agg_static@rho0.8,rep1_ov0_agg_static@rho0.8_b03overlap,1,agg_static,0.8,horizon_h4,12,6,Oracle,0.5,1.0,1
b03overlap,ov0,agg_static@rho0.8,rep1_ov0_agg_static@rho0.8_b03overlap,1,agg_static,0.8,horizon_h4,12,7,Oracle,0.6,1.0,1
b03overlap,ov0,agg_static@rho0.8,rep1_ov0_agg_static@rho0.8_b03overlap,1,agg_static,0.8,horizon_h4,12,10,Oracle,0.8,1.0,1
b03overlap,ov0,agg_static@rho0.8,rep1_ov0_agg_static@rho0.8_b03overlap,1,agg_static,0.8,horizon_h4,12,12,Oracle,1.0,1.0,1
b03overlap,ov25,agg_full@rho0.8,rep0_ov25_agg_full@rho0.8_b03overlap,0,agg_full,0.8,next_use,27,3,Random,0.1,0.14117988394584138,20
b03overlap,ov25,agg_full@rho0.8,rep0_ov25_agg_full@rho0.8_b03overlap,0,agg_full,0.8,next_use,27,5,Random,0.2,0.2416634429400387,20
b03overlap,ov25,agg_full@rho0.8,rep0_ov25_agg_full@rho0.8_b03overlap,0,agg_full,0.8,next_use,27,8,Random,0.3,0.35059961315280463,20
b03overlap,ov25,agg_full@rho0.8,rep0_ov25_agg_full@rho0.8_b03overlap,0,agg_full,0.8,next_use,27,11,Random,0.4,0.41195357833655705,20
b03overlap,ov25,agg_full@rho0.8,rep0_ov25_agg_full@rho0.8_b03overlap,0,agg_full,0.8,next_use,27,14,Random,0.5,0.5490909090909091,20
b03overlap,ov25,agg_full@rho0.8,rep0_ov25_agg_full@rho0.8_b03overlap,0,agg_full,0.8,next_use,27,16,Random,0.6,0.6233655705996132,20
b03overlap,ov25,agg_full@rho0.8,rep0_ov25_agg_full@rho0.8_b03overlap,0,agg_full,0.8,next_use,27,22,Random,0.8,0.8168471953578336,20
b03overlap,ov25,agg_full@rho0.8,rep0_ov25_agg_full@rho0.8_b03overlap,0,agg_full,0.8,next_use,27,27,Random,1.0,1.0,20
b03overlap,ov25,agg_full@rho0.8,rep0_ov25_agg_full@rho0.8_b03overlap,0,agg_full,0.8,next_use,27,3,Freshness,0.1,0.0,1
b03overlap,ov25,agg_full@rho0.8,rep0_ov25_agg_full@rho0.8_b03overlap,0,agg_full,0.8,next_use,27,5,Freshness,0.2,0.0,1
b03overlap,ov25,agg_full@rho0.8,rep0_ov25_agg_full@rho0.8_b03overlap,0,agg_full,0.8,next_use,27,8,Freshness,0.3,0.00967117988394584,1
b03overlap,ov25,agg_full@rho0.8,rep0_ov25_agg_full@rho0.8_b03overlap,0,agg_full,0.8,next_use,27,11,Freshness,0.4,0.00967117988394584,1
b03overlap,ov25,agg_full@rho0.8,rep0_ov25_agg_full@rho0.8_b03overlap,0,agg_full,0.8,next_use,27,14,Freshness,0.5,0.01934235976789168,1
b03overlap,ov25,agg_full@rho0.8,rep0_ov25_agg_full@rho0.8_b03overlap,0,agg_full,0.8,next_use,27,16,Freshness,0.6,0.20773694390715666,1
b03overlap,ov25,agg_full@rho0.8,rep0_ov25_agg_full@rho0.8_b03overlap,0,agg_full,0.8,next_use,27,22,Freshness,0.8,0.9009671179883945,1
b03overlap,ov25,agg_full@rho0.8,rep0_ov25_agg_full@rho0.8_b03overlap,0,agg_full,0.8,next_use,27,27,Freshness,1.0,1.0,1
b03overlap,ov25,agg_full@rho0.8,rep0_ov25_agg_full@rho0.8_b03overlap,0,agg_full,0.8,next_use,27,3,CoverageDelta,0.1,0.0,1
b03overlap,ov25,agg_full@rho0.8,rep0_ov25_agg_full@rho0.8_b03overlap,0,agg_full,0.8,next_use,27,5,CoverageDelta,0.2,0.0,1
b03overlap,ov25,agg_full@rho0.8,rep0_ov25_agg_full@rho0.8_b03overlap,0,agg_full,0.8,next_use,27,8,CoverageDelta,0.3,0.00967117988394584,1
b03overlap,ov25,agg_full@rho0.8,rep0_ov25_agg_full@rho0.8_b03overlap,0,agg_full,0.8,next_use,27,11,CoverageDelta,0.4,0.00967117988394584,1
b03overlap,ov25,agg_full@rho0.8,rep0_ov25_agg_full@rho0.8_b03overlap,0,agg_full,0.8,next_use,27,14,CoverageDelta,0.5,0.01934235976789168,1
b03overlap,ov25,agg_full@rho0.8,rep0_ov25_agg_full@rho0.8_b03overlap,0,agg_full,0.8,next_use,27,16,CoverageDelta,0.6,0.20773694390715666,1
b03overlap,ov25,agg_full@rho0.8,rep0_ov25_agg_full@rho0.8_b03overlap,0,agg_full,0.8,next_use,27,22,CoverageDelta,0.8,0.9009671179883945,1
b03overlap,ov25,agg_full@rho0.8,rep0_ov25_agg_full@rho0.8_b03overlap,0,agg_full,0.8,next_use,27,27,CoverageDelta,1.0,1.0,1
b03overlap,ov25,agg_full@rho0.8,rep0_ov25_agg_full@rho0.8_b03overlap,0,agg_full,0.8,next_use,27,3,CoverageAdvantage,0.1,0.0,1
b03overlap,ov25,agg_full@rho0.8,rep0_ov25_agg_full@rho0.8_b03overlap,0,agg_full,0.8,next_use,27,5,CoverageAdvantage,0.2,0.0,1
b03overlap,ov25,agg_full@rho0.8,rep0_ov25_agg_full@rho0.8_b03overlap,0,agg_full,0.8,next_use,27,8,CoverageAdvantage,0.3,0.00967117988394584,1
b03overlap,ov25,agg_full@rho0.8,rep0_ov25_agg_full@rho0.8_b03overlap,0,agg_full,0.8,next_use,27,11,CoverageAdvantage,0.4,0.00967117988394584,1
b03overlap,ov25,agg_full@rho0.8,rep0_ov25_agg_full@rho0.8_b03overlap,0,agg_full,0.8,next_use,27,14,CoverageAdvantage,0.5,0.01934235976789168,1
b03overlap,ov25,agg_full@rho0.8,rep0_ov25_agg_full@rho0.8_b03overlap,0,agg_full,0.8,next_use,27,16,CoverageAdvantage,0.6,0.20773694390715666,1
b03overlap,ov25,agg_full@rho0.8,rep0_ov25_agg_full@rho0.8_b03overlap,0,agg_full,0.8,next_use,27,22,CoverageAdvantage,0.8,0.9009671179883945,1
b03overlap,ov25,agg_full@rho0.8,rep0_ov25_agg_full@rho0.8_b03overlap,0,agg_full,0.8,next_use,27,27,CoverageAdvantage,1.0,1.0,1
b03overlap,ov25,agg_full@rho0.8,rep0_ov25_agg_full@rho0.8_b03overlap,0,agg_full,0.8,next_use,27,3,SimpleCoverageLoad,0.1,0.0,1
b03overlap,ov25,agg_full@rho0.8,rep0_ov25_agg_full@rho0.8_b03overlap,0,agg_full,0.8,next_use,27,5,SimpleCoverageLoad,0.2,0.0,1
b03overlap,ov25,agg_full@rho0.8,rep0_ov25_agg_full@rho0.8_b03overlap,0,agg_full,0.8,next_use,27,8,SimpleCoverageLoad,0.3,0.00967117988394584,1
b03overlap,ov25,agg_full@rho0.8,rep0_ov25_agg_full@rho0.8_b03overlap,0,agg_full,0.8,next_use,27,11,SimpleCoverageLoad,0.4,0.00967117988394584,1
b03overlap,ov25,agg_full@rho0.8,rep0_ov25_agg_full@rho0.8_b03overlap,0,agg_full,0.8,next_use,27,14,SimpleCoverageLoad,0.5,0.01934235976789168,1
b03overlap,ov25,agg_full@rho0.8,rep0_ov25_agg_full@rho0.8_b03overlap,0,agg_full,0.8,next_use,27,16,SimpleCoverageLoad,0.6,0.20773694390715666,1
b03overlap,ov25,agg_full@rho0.8,rep0_ov25_agg_full@rho0.8_b03overlap,0,agg_full,0.8,next_use,27,22,SimpleCoverageLoad,0.8,0.9504835589941972,1
b03overlap,ov25,agg_full@rho0.8,rep0_ov25_agg_full@rho0.8_b03overlap,0,agg_full,0.8,next_use,27,27,SimpleCoverageLoad,1.0,1.0,1
b03overlap,ov25,agg_full@rho0.8,rep0_ov25_agg_full@rho0.8_b03overlap,0,agg_full,0.8,next_use,27,3,DecisionAware,0.1,0.3864603481624758,1
b03overlap,ov25,agg_full@rho0.8,rep0_ov25_agg_full@rho0.8_b03overlap,0,agg_full,0.8,next_use,27,5,DecisionAware,0.2,0.7825918762088975,1
b03overlap,ov25,agg_full@rho0.8,rep0_ov25_agg_full@rho0.8_b03overlap,0,agg_full,0.8,next_use,27,8,DecisionAware,0.3,0.7825918762088975,1
b03overlap,ov25,agg_full@rho0.8,rep0_ov25_agg_full@rho0.8_b03overlap,0,agg_full,0.8,next_use,27,11,DecisionAware,0.4,0.7825918762088975,1
b03overlap,ov25,agg_full@rho0.8,rep0_ov25_agg_full@rho0.8_b03overlap,0,agg_full,0.8,next_use,27,14,DecisionAware,0.5,0.7922630560928433,1
b03overlap,ov25,agg_full@rho0.8,rep0_ov25_agg_full@rho0.8_b03overlap,0,agg_full,0.8,next_use,27,16,DecisionAware,0.6,0.7922630560928433,1
b03overlap,ov25,agg_full@rho0.8,rep0_ov25_agg_full@rho0.8_b03overlap,0,agg_full,0.8,next_use,27,22,DecisionAware,0.8,0.9504835589941972,1
b03overlap,ov25,agg_full@rho0.8,rep0_ov25_agg_full@rho0.8_b03overlap,0,agg_full,0.8,next_use,27,27,DecisionAware,1.0,1.0,1
b03overlap,ov25,agg_full@rho0.8,rep0_ov25_agg_full@rho0.8_b03overlap,0,agg_full,0.8,next_use,27,3,B02Utility,0.1,0.09903288201160541,1
b03overlap,ov25,agg_full@rho0.8,rep0_ov25_agg_full@rho0.8_b03overlap,0,agg_full,0.8,next_use,27,5,B02Utility,0.2,0.09903288201160541,1
b03overlap,ov25,agg_full@rho0.8,rep0_ov25_agg_full@rho0.8_b03overlap,0,agg_full,0.8,next_use,27,8,B02Utility,0.3,0.09903288201160541,1
b03overlap,ov25,agg_full@rho0.8,rep0_ov25_agg_full@rho0.8_b03overlap,0,agg_full,0.8,next_use,27,11,B02Utility,0.4,0.10870406189555125,1
b03overlap,ov25,agg_full@rho0.8,rep0_ov25_agg_full@rho0.8_b03overlap,0,agg_full,0.8,next_use,27,14,B02Utility,0.5,0.1183752417794971,1
b03overlap,ov25,agg_full@rho0.8,rep0_ov25_agg_full@rho0.8_b03overlap,0,agg_full,0.8,next_use,27,16,B02Utility,0.6,0.1183752417794971,1
b03overlap,ov25,agg_full@rho0.8,rep0_ov25_agg_full@rho0.8_b03overlap,0,agg_full,0.8,next_use,27,22,B02Utility,0.8,0.7524177949709864,1
b03overlap,ov25,agg_full@rho0.8,rep0_ov25_agg_full@rho0.8_b03overlap,0,agg_full,0.8,next_use,27,27,B02Utility,1.0,1.0,1
b03overlap,ov25,agg_full@rho0.8,rep0_ov25_agg_full@rho0.8_b03overlap,0,agg_full,0.8,next_use,27,3,Oracle,0.1,0.5941972920696325,1
b03overlap,ov25,agg_full@rho0.8,rep0_ov25_agg_full@rho0.8_b03overlap,0,agg_full,0.8,next_use,27,5,Oracle,0.2,0.8321083172147002,1
b03overlap,ov25,agg_full@rho0.8,rep0_ov25_agg_full@rho0.8_b03overlap,0,agg_full,0.8,next_use,27,8,Oracle,0.3,0.9806576402321083,1
b03overlap,ov25,agg_full@rho0.8,rep0_ov25_agg_full@rho0.8_b03overlap,0,agg_full,0.8,next_use,27,11,Oracle,0.4,1.0,1
b03overlap,ov25,agg_full@rho0.8,rep0_ov25_agg_full@rho0.8_b03overlap,0,agg_full,0.8,next_use,27,14,Oracle,0.5,1.0,1
b03overlap,ov25,agg_full@rho0.8,rep0_ov25_agg_full@rho0.8_b03overlap,0,agg_full,0.8,next_use,27,16,Oracle,0.6,1.0,1
b03overlap,ov25,agg_full@rho0.8,rep0_ov25_agg_full@rho0.8_b03overlap,0,agg_full,0.8,next_use,27,22,Oracle,0.8,1.0,1
b03overlap,ov25,agg_full@rho0.8,rep0_ov25_agg_full@rho0.8_b03overlap,0,agg_full,0.8,next_use,27,27,Oracle,1.0,1.0,1
b03overlap,ov25,agg_full@rho0.8,rep0_ov25_agg_full@rho0.8_b03overlap,0,agg_full,0.8,horizon_h4,27,3,Random,0.1,0.14669811320754716,20
b03overlap,ov25,agg_full@rho0.8,rep0_ov25_agg_full@rho0.8_b03overlap,0,agg_full,0.8,horizon_h4,27,5,Random,0.2,0.25300988319856244,20
b03overlap,ov25,agg_full@rho0.8,rep0_ov25_agg_full@rho0.8_b03overlap,0,agg_full,0.8,horizon_h4,27,8,Random,0.3,0.3466981132075472,20
b03overlap,ov25,agg_full@rho0.8,rep0_ov25_agg_full@rho0.8_b03overlap,0,agg_full,0.8,horizon_h4,27,11,Random,0.4,0.4081311769991015,20
b03overlap,ov25,agg_full@rho0.8,rep0_ov25_agg_full@rho0.8_b03overlap,0,agg_full,0.8,horizon_h4,27,14,Random,0.5,0.5512578616352201,20
b03overlap,ov25,agg_full@rho0.8,rep0_ov25_agg_full@rho0.8_b03overlap,0,agg_full,0.8,horizon_h4,27,16,Random,0.6,0.6236972147349505,20
b03overlap,ov25,agg_full@rho0.8,rep0_ov25_agg_full@rho0.8_b03overlap,0,agg_full,0.8,horizon_h4,27,22,Random,0.8,0.8218778077268643,20
b03overlap,ov25,agg_full@rho0.8,rep0_ov25_agg_full@rho0.8_b03overlap,0,agg_full,0.8,horizon_h4,27,27,Random,1.0,1.0,20
b03overlap,ov25,agg_full@rho0.8,rep0_ov25_agg_full@rho0.8_b03overlap,0,agg_full,0.8,horizon_h4,27,3,Freshness,0.1,0.0,1
b03overlap,ov25,agg_full@rho0.8,rep0_ov25_agg_full@rho0.8_b03overlap,0,agg_full,0.8,horizon_h4,27,5,Freshness,0.2,0.0,1
b03overlap,ov25,agg_full@rho0.8,rep0_ov25_agg_full@rho0.8_b03overlap,0,agg_full,0.8,horizon_h4,27,8,Freshness,0.3,0.022461814914645103,1
b03overlap,ov25,agg_full@rho0.8,rep0_ov25_agg_full@rho0.8_b03overlap,0,agg_full,0.8,horizon_h4,27,11,Freshness,0.4,0.022461814914645103,1
b03overlap,ov25,agg_full@rho0.8,rep0_ov25_agg_full@rho0.8_b03overlap,0,agg_full,0.8,horizon_h4,27,14,Freshness,0.5,0.03369272237196765,1
b03overlap,ov25,agg_full@rho0.8,rep0_ov25_agg_full@rho0.8_b03overlap,0,agg_full,0.8,horizon_h4,27,16,Freshness,0.6,0.2524707996406109,1
b03overlap,ov25,agg_full@rho0.8,rep0_ov25_agg_full@rho0.8_b03overlap,0,agg_full,0.8,horizon_h4,27,22,Freshness,0.8,1.0,1
b03overlap,ov25,agg_full@rho0.8,rep0_ov25_agg_full@rho0.8_b03overlap,0,agg_full,0.8,horizon_h4,27,27,Freshness,1.0,1.0,1
b03overlap,ov25,agg_full@rho0.8,rep0_ov25_agg_full@rho0.8_b03overlap,0,agg_full,0.8,horizon_h4,27,3,CoverageDelta,0.1,0.0,1
b03overlap,ov25,agg_full@rho0.8,rep0_ov25_agg_full@rho0.8_b03overlap,0,agg_full,0.8,horizon_h4,27,5,CoverageDelta,0.2,0.0,1
b03overlap,ov25,agg_full@rho0.8,rep0_ov25_agg_full@rho0.8_b03overlap,0,agg_full,0.8,horizon_h4,27,8,CoverageDelta,0.3,0.022461814914645103,1
b03overlap,ov25,agg_full@rho0.8,rep0_ov25_agg_full@rho0.8_b03overlap,0,agg_full,0.8,horizon_h4,27,11,CoverageDelta,0.4,0.022461814914645103,1
b03overlap,ov25,agg_full@rho0.8,rep0_ov25_agg_full@rho0.8_b03overlap,0,agg_full,0.8,horizon_h4,27,14,CoverageDelta,0.5,0.03369272237196765,1
b03overlap,ov25,agg_full@rho0.8,rep0_ov25_agg_full@rho0.8_b03overlap,0,agg_full,0.8,horizon_h4,27,16,CoverageDelta,0.6,0.2524707996406109,1
b03overlap,ov25,agg_full@rho0.8,rep0_ov25_agg_full@rho0.8_b03overlap,0,agg_full,0.8,horizon_h4,27,22,CoverageDelta,0.8,1.0,1
b03overlap,ov25,agg_full@rho0.8,rep0_ov25_agg_full@rho0.8_b03overlap,0,agg_full,0.8,horizon_h4,27,27,CoverageDelta,1.0,1.0,1
b03overlap,ov25,agg_full@rho0.8,rep0_ov25_agg_full@rho0.8_b03overlap,0,agg_full,0.8,horizon_h4,27,3,CoverageAdvantage,0.1,0.0,1
b03overlap,ov25,agg_full@rho0.8,rep0_ov25_agg_full@rho0.8_b03overlap,0,agg_full,0.8,horizon_h4,27,5,CoverageAdvantage,0.2,0.0,1
b03overlap,ov25,agg_full@rho0.8,rep0_ov25_agg_full@rho0.8_b03overlap,0,agg_full,0.8,horizon_h4,27,8,CoverageAdvantage,0.3,0.022461814914645103,1
b03overlap,ov25,agg_full@rho0.8,rep0_ov25_agg_full@rho0.8_b03overlap,0,agg_full,0.8,horizon_h4,27,11,CoverageAdvantage,0.4,0.022461814914645103,1
b03overlap,ov25,agg_full@rho0.8,rep0_ov25_agg_full@rho0.8_b03overlap,0,agg_full,0.8,horizon_h4,27,14,CoverageAdvantage,0.5,0.03369272237196765,1
b03overlap,ov25,agg_full@rho0.8,rep0_ov25_agg_full@rho0.8_b03overlap,0,agg_full,0.8,horizon_h4,27,16,CoverageAdvantage,0.6,0.2524707996406109,1
b03overlap,ov25,agg_full@rho0.8,rep0_ov25_agg_full@rho0.8_b03overlap,0,agg_full,0.8,horizon_h4,27,22,CoverageAdvantage,0.8,0.9424977538185085,1
b03overlap,ov25,agg_full@rho0.8,rep0_ov25_agg_full@rho0.8_b03overlap,0,agg_full,0.8,horizon_h4,27,27,CoverageAdvantage,1.0,1.0,1
b03overlap,ov25,agg_full@rho0.8,rep0_ov25_agg_full@rho0.8_b03overlap,0,agg_full,0.8,horizon_h4,27,3,SimpleCoverageLoad,0.1,0.0,1
b03overlap,ov25,agg_full@rho0.8,rep0_ov25_agg_full@rho0.8_b03overlap,0,agg_full,0.8,horizon_h4,27,5,SimpleCoverageLoad,0.2,0.0,1
b03overlap,ov25,agg_full@rho0.8,rep0_ov25_agg_full@rho0.8_b03overlap,0,agg_full,0.8,horizon_h4,27,8,SimpleCoverageLoad,0.3,0.022461814914645103,1
b03overlap,ov25,agg_full@rho0.8,rep0_ov25_agg_full@rho0.8_b03overlap,0,agg_full,0.8,horizon_h4,27,11,SimpleCoverageLoad,0.4,0.022461814914645103,1
b03overlap,ov25,agg_full@rho0.8,rep0_ov25_agg_full@rho0.8_b03overlap,0,agg_full,0.8,horizon_h4,27,14,SimpleCoverageLoad,0.5,0.03369272237196765,1
b03overlap,ov25,agg_full@rho0.8,rep0_ov25_agg_full@rho0.8_b03overlap,0,agg_full,0.8,horizon_h4,27,16,SimpleCoverageLoad,0.6,0.2524707996406109,1
b03overlap,ov25,agg_full@rho0.8,rep0_ov25_agg_full@rho0.8_b03overlap,0,agg_full,0.8,horizon_h4,27,22,SimpleCoverageLoad,0.8,1.0,1
b03overlap,ov25,agg_full@rho0.8,rep0_ov25_agg_full@rho0.8_b03overlap,0,agg_full,0.8,horizon_h4,27,27,SimpleCoverageLoad,1.0,1.0,1
b03overlap,ov25,agg_full@rho0.8,rep0_ov25_agg_full@rho0.8_b03overlap,0,agg_full,0.8,horizon_h4,27,3,DecisionAware,0.1,0.44878706199460916,1
b03overlap,ov25,agg_full@rho0.8,rep0_ov25_agg_full@rho0.8_b03overlap,0,agg_full,0.8,horizon_h4,27,5,DecisionAware,0.2,0.9088050314465408,1
b03overlap,ov25,agg_full@rho0.8,rep0_ov25_agg_full@rho0.8_b03overlap,0,agg_full,0.8,horizon_h4,27,8,DecisionAware,0.3,0.9088050314465408,1
b03overlap,ov25,agg_full@rho0.8,rep0_ov25_agg_full@rho0.8_b03overlap,0,agg_full,0.8,horizon_h4,27,11,DecisionAware,0.4,0.9088050314465408,1
b03overlap,ov25,agg_full@rho0.8,rep0_ov25_agg_full@rho0.8_b03overlap,0,agg_full,0.8,horizon_h4,27,14,DecisionAware,0.5,0.931266846361186,1
b03overlap,ov25,agg_full@rho0.8,rep0_ov25_agg_full@rho0.8_b03overlap,0,agg_full,0.8,horizon_h4,27,16,DecisionAware,0.6,0.931266846361186,1
b03overlap,ov25,agg_full@rho0.8,rep0_ov25_agg_full@rho0.8_b03overlap,0,agg_full,0.8,horizon_h4,27,22,DecisionAware,0.8,1.0,1
b03overlap,ov25,agg_full@rho0.8,rep0_ov25_agg_full@rho0.8_b03overlap,0,agg_full,0.8,horizon_h4,27,27,DecisionAware,1.0,1.0,1
b03overlap,ov25,agg_full@rho0.8,rep0_ov25_agg_full@rho0.8_b03overlap,0,agg_full,0.8,horizon_h4,27,3,B02Utility,0.1,0.05750224618149146,1
b03overlap,ov25,agg_full@rho0.8,rep0_ov25_agg_full@rho0.8_b03overlap,0,agg_full,0.8,horizon_h4,27,5,B02Utility,0.2,0.05750224618149146,1
b03overlap,ov25,agg_full@rho0.8,rep0_ov25_agg_full@rho0.8_b03overlap,0,agg_full,0.8,horizon_h4,27,8,B02Utility,0.3,0.05750224618149146,1
b03overlap,ov25,agg_full@rho0.8,rep0_ov25_agg_full@rho0.8_b03overlap,0,agg_full,0.8,horizon_h4,27,11,B02Utility,0.4,0.07996406109613656,1
b03overlap,ov25,agg_full@rho0.8,rep0_ov25_agg_full@rho0.8_b03overlap,0,agg_full,0.8,horizon_h4,27,14,B02Utility,0.5,0.09119496855345913,1
b03overlap,ov25,agg_full@rho0.8,rep0_ov25_agg_full@rho0.8_b03overlap,0,agg_full,0.8,horizon_h4,27,16,B02Utility,0.6,0.09119496855345913,1
b03overlap,ov25,agg_full@rho0.8,rep0_ov25_agg_full@rho0.8_b03overlap,0,agg_full,0.8,horizon_h4,27,22,B02Utility,0.8,0.7699910152740341,1
b03overlap,ov25,agg_full@rho0.8,rep0_ov25_agg_full@rho0.8_b03overlap,0,agg_full,0.8,horizon_h4,27,27,B02Utility,1.0,1.0,1
b03overlap,ov25,agg_full@rho0.8,rep0_ov25_agg_full@rho0.8_b03overlap,0,agg_full,0.8,horizon_h4,27,3,Oracle,0.1,0.6900269541778975,1
b03overlap,ov25,agg_full@rho0.8,rep0_ov25_agg_full@rho0.8_b03overlap,0,agg_full,0.8,horizon_h4,27,5,Oracle,0.2,0.9663072776280324,1
b03overlap,ov25,agg_full@rho0.8,rep0_ov25_agg_full@rho0.8_b03overlap,0,agg_full,0.8,horizon_h4,27,8,Oracle,0.3,1.0,1
b03overlap,ov25,agg_full@rho0.8,rep0_ov25_agg_full@rho0.8_b03overlap,0,agg_full,0.8,horizon_h4,27,11,Oracle,0.4,1.0,1
b03overlap,ov25,agg_full@rho0.8,rep0_ov25_agg_full@rho0.8_b03overlap,0,agg_full,0.8,horizon_h4,27,14,Oracle,0.5,1.0,1
b03overlap,ov25,agg_full@rho0.8,rep0_ov25_agg_full@rho0.8_b03overlap,0,agg_full,0.8,horizon_h4,27,16,Oracle,0.6,1.0,1
b03overlap,ov25,agg_full@rho0.8,rep0_ov25_agg_full@rho0.8_b03overlap,0,agg_full,0.8,horizon_h4,27,22,Oracle,0.8,1.0,1
b03overlap,ov25,agg_full@rho0.8,rep0_ov25_agg_full@rho0.8_b03overlap,0,agg_full,0.8,horizon_h4,27,27,Oracle,1.0,1.0,1
b03overlap,ov25,agg_static@rho0.8,rep0_ov25_agg_static@rho0.8_b03overlap,0,agg_static,0.8,next_use,25,2,Random,0.1,0.11890209394453877,20
b03overlap,ov25,agg_static@rho0.8,rep0_ov25_agg_static@rho0.8_b03overlap,0,agg_static,0.8,next_use,25,5,Random,0.2,0.2812676853423882,20
b03overlap,ov25,agg_static@rho0.8,rep0_ov25_agg_static@rho0.8_b03overlap,0,agg_static,0.8,next_use,25,8,Random,0.3,0.40299943406904354,20
b03overlap,ov25,agg_static@rho0.8,rep0_ov25_agg_static@rho0.8_b03overlap,0,agg_static,0.8,next_use,25,10,Random,0.4,0.442840973401245,20
b03overlap,ov25,agg_static@rho0.8,rep0_ov25_agg_static@rho0.8_b03overlap,0,agg_static,0.8,next_use,25,12,Random,0.5,0.4892190152801358,20
b03overlap,ov25,agg_static@rho0.8,rep0_ov25_agg_static@rho0.8_b03overlap,0,agg_static,0.8,next_use,25,15,Random,0.6,0.6370967741935484,20
b03overlap,ov25,agg_static@rho0.8,rep0_ov25_agg_static@rho0.8_b03overlap,0,agg_static,0.8,next_use,25,20,Random,0.8,0.8138653084323713,20
b03overlap,ov25,agg_static@rho0.8,rep0_ov25_agg_static@rho0.8_b03overlap,0,agg_static,0.8,next_use,25,25,Random,1.0,1.0,20
b03overlap,ov25,agg_static@rho0.8,rep0_ov25_agg_static@rho0.8_b03overlap,0,agg_static,0.8,next_use,25,2,Freshness,0.1,0.0,1
b03overlap,ov25,agg_static@rho0.8,rep0_ov25_agg_static@rho0.8_b03overlap,0,agg_static,0.8,next_use,25,5,Freshness,0.2,0.0,1
b03overlap,ov25,agg_static@rho0.8,rep0_ov25_agg_static@rho0.8_b03overlap,0,agg_static,0.8,next_use,25,8,Freshness,0.3,0.014148273910582907,1
b03overlap,ov25,agg_static@rho0.8,rep0_ov25_agg_static@rho0.8_b03overlap,0,agg_static,0.8,next_use,25,10,Freshness,0.4,0.014148273910582907,1
b03overlap,ov25,agg_static@rho0.8,rep0_ov25_agg_static@rho0.8_b03overlap,0,agg_static,0.8,next_use,25,12,Freshness,0.5,0.014148273910582907,1
b03overlap,ov25,agg_static@rho0.8,rep0_ov25_agg_static@rho0.8_b03overlap,0,agg_static,0.8,next_use,25,15,Freshness,0.6,0.28975664968873793,1
b03overlap,ov25,agg_static@rho0.8,rep0_ov25_agg_static@rho0.8_b03overlap,0,agg_static,0.8,next_use,25,20,Freshness,0.8,0.9275608375778155,1
b03overlap,ov25,agg_static@rho0.8,rep0_ov25_agg_static@rho0.8_b03overlap,0,agg_static,0.8,next_use,25,25,Freshness,1.0,1.0,1
b03overlap,ov25,agg_static@rho0.8,rep0_ov25_agg_static@rho0.8_b03overlap,0,agg_static,0.8,next_use,25,2,CoverageDelta,0.1,0.0,1
b03overlap,ov25,agg_static@rho0.8,rep0_ov25_agg_static@rho0.8_b03overlap,0,agg_static,0.8,next_use,25,5,CoverageDelta,0.2,0.0,1
b03overlap,ov25,agg_static@rho0.8,rep0_ov25_agg_static@rho0.8_b03overlap,0,agg_static,0.8,next_use,25,8,CoverageDelta,0.3,0.014148273910582907,1
b03overlap,ov25,agg_static@rho0.8,rep0_ov25_agg_static@rho0.8_b03overlap,0,agg_static,0.8,next_use,25,10,CoverageDelta,0.4,0.014148273910582907,1
b03overlap,ov25,agg_static@rho0.8,rep0_ov25_agg_static@rho0.8_b03overlap,0,agg_static,0.8,next_use,25,12,CoverageDelta,0.5,0.014148273910582907,1
b03overlap,ov25,agg_static@rho0.8,rep0_ov25_agg_static@rho0.8_b03overlap,0,agg_static,0.8,next_use,25,15,CoverageDelta,0.6,0.28975664968873793,1
b03overlap,ov25,agg_static@rho0.8,rep0_ov25_agg_static@rho0.8_b03overlap,0,agg_static,0.8,next_use,25,20,CoverageDelta,0.8,0.9275608375778155,1
b03overlap,ov25,agg_static@rho0.8,rep0_ov25_agg_static@rho0.8_b03overlap,0,agg_static,0.8,next_use,25,25,CoverageDelta,1.0,1.0,1
b03overlap,ov25,agg_static@rho0.8,rep0_ov25_agg_static@rho0.8_b03overlap,0,agg_static,0.8,next_use,25,2,CoverageAdvantage,0.1,0.07243916242218448,1
b03overlap,ov25,agg_static@rho0.8,rep0_ov25_agg_static@rho0.8_b03overlap,0,agg_static,0.8,next_use,25,5,CoverageAdvantage,0.2,0.07243916242218448,1
b03overlap,ov25,agg_static@rho0.8,rep0_ov25_agg_static@rho0.8_b03overlap,0,agg_static,0.8,next_use,25,8,CoverageAdvantage,0.3,0.07243916242218448,1
b03overlap,ov25,agg_static@rho0.8,rep0_ov25_agg_static@rho0.8_b03overlap,0,agg_static,0.8,next_use,25,10,CoverageAdvantage,0.4,0.0865874363327674,1
b03overlap,ov25,agg_static@rho0.8,rep0_ov25_agg_static@rho0.8_b03overlap,0,agg_static,0.8,next_use,25,12,CoverageAdvantage,0.5,0.0865874363327674,1
b03overlap,ov25,agg_static@rho0.8,rep0_ov25_agg_static@rho0.8_b03overlap,0,agg_static,0.8,next_use,25,15,CoverageAdvantage,0.6,0.0865874363327674,1
b03overlap,ov25,agg_static@rho0.8,rep0_ov25_agg_static@rho0.8_b03overlap,0,agg_static,0.8,next_use,25,20,CoverageAdvantage,0.8,1.0,1
b03overlap,ov25,agg_static@rho0.8,rep0_ov25_agg_static@rho0.8_b03overlap,0,agg_static,0.8,next_use,25,25,CoverageAdvantage,1.0,1.0,1
b03overlap,ov25,agg_static@rho0.8,rep0_ov25_agg_static@rho0.8_b03overlap,0,agg_static,0.8,next_use,25,2,SimpleCoverageLoad,0.1,0.07243916242218448,1
b03overlap,ov25,agg_static@rho0.8,rep0_ov25_agg_static@rho0.8_b03overlap,0,agg_static,0.8,next_use,25,5,SimpleCoverageLoad,0.2,0.07243916242218448,1
b03overlap,ov25,agg_static@rho0.8,rep0_ov25_agg_static@rho0.8_b03overlap,0,agg_static,0.8,next_use,25,8,SimpleCoverageLoad,0.3,0.07243916242218448,1
b03overlap,ov25,agg_static@rho0.8,rep0_ov25_agg_static@rho0.8_b03overlap,0,agg_static,0.8,next_use,25,10,SimpleCoverageLoad,0.4,0.0865874363327674,1
b03overlap,ov25,agg_static@rho0.8,rep0_ov25_agg_static@rho0.8_b03overlap,0,agg_static,0.8,next_use,25,12,SimpleCoverageLoad,0.5,0.0865874363327674,1
b03overlap,ov25,agg_static@rho0.8,rep0_ov25_agg_static@rho0.8_b03overlap,0,agg_static,0.8,next_use,25,15,SimpleCoverageLoad,0.6,0.0865874363327674,1
b03overlap,ov25,agg_static@rho0.8,rep0_ov25_agg_static@rho0.8_b03overlap,0,agg_static,0.8,next_use,25,20,SimpleCoverageLoad,0.8,1.0,1
b03overlap,ov25,agg_static@rho0.8,rep0_ov25_agg_static@rho0.8_b03overlap,0,agg_static,0.8,next_use,25,25,SimpleCoverageLoad,1.0,1.0,1
b03overlap,ov25,agg_static@rho0.8,rep0_ov25_agg_static@rho0.8_b03overlap,0,agg_static,0.8,next_use,25,2,DecisionAware,0.1,0.34804753820033957,1
b03overlap,ov25,agg_static@rho0.8,rep0_ov25_agg_static@rho0.8_b03overlap,0,agg_static,0.8,next_use,25,5,DecisionAware,0.2,0.9134125636672326,1
b03overlap,ov25,agg_static@rho0.8,rep0_ov25_agg_static@rho0.8_b03overlap,0,agg_static,0.8,next_use,25,8,DecisionAware,0.3,0.9134125636672326,1
b03overlap,ov25,agg_static@rho0.8,rep0_ov25_agg_static@rho0.8_b03overlap,0,agg_static,0.8,next_use,25,10,DecisionAware,0.4,0.9134125636672326,1
b03overlap,ov25,agg_static@rho0.8,rep0_ov25_agg_static@rho0.8_b03overlap,0,agg_static,0.8,next_use,25,12,DecisionAware,0.5,0.9134125636672326,1
b03overlap,ov25,agg_static@rho0.8,rep0_ov25_agg_static@rho0.8_b03overlap,0,agg_static,0.8,next_use,25,15,DecisionAware,0.6,0.9275608375778155,1
b03overlap,ov25,agg_static@rho0.8,rep0_ov25_agg_static@rho0.8_b03overlap,0,agg_static,0.8,next_use,25,20,DecisionAware,0.8,0.9275608375778155,1
b03overlap,ov25,agg_static@rho0.8,rep0_ov25_agg_static@rho0.8_b03overlap,0,agg_static,0.8,next_use,25,25,DecisionAware,1.0,1.0,1
b03overlap,ov25,agg_static@rho0.8,rep0_ov25_agg_static@rho0.8_b03overlap,0,agg_static,0.8,next_use,25,2,B02Utility,0.1,0.0,1
b03overlap,ov25,agg_static@rho0.8,rep0_ov25_agg_static@rho0.8_b03overlap,0,agg_static,0.8,next_use,25,5,B02Utility,0.2,0.0,1
b03overlap,ov25,agg_static@rho0.8,rep0_ov25_agg_static@rho0.8_b03overlap,0,agg_static,0.8,next_use,25,8,B02Utility,0.3,0.07243916242218448,1
b03overlap,ov25,agg_static@rho0.8,rep0_ov25_agg_static@rho0.8_b03overlap,0,agg_static,0.8,next_use,25,10,B02Utility,0.4,0.07243916242218448,1
b03overlap,ov25,agg_static@rho0.8,rep0_ov25_agg_static@rho0.8_b03overlap,0,agg_static,0.8,next_use,25,12,B02Utility,0.5,0.07243916242218448,1
b03overlap,ov25,agg_static@rho0.8,rep0_ov25_agg_static@rho0.8_b03overlap,0,agg_static,0.8,next_use,25,15,B02Utility,0.6,0.0865874363327674,1
b03overlap,ov25,agg_static@rho0.8,rep0_ov25_agg_static@rho0.8_b03overlap,0,agg_static,0.8,next_use,25,20,B02Utility,0.8,0.6378041878890774,1
b03overlap,ov25,agg_static@rho0.8,rep0_ov25_agg_static@rho0.8_b03overlap,0,agg_static,0.8,next_use,25,25,B02Utility,1.0,1.0,1
b03overlap,ov25,agg_static@rho0.8,rep0_ov25_agg_static@rho0.8_b03overlap,0,agg_static,0.8,next_use,25,2,Oracle,0.1,0.565365025466893,1
b03overlap,ov25,agg_static@rho0.8,rep0_ov25_agg_static@rho0.8_b03overlap,0,agg_static,0.8,next_use,25,5,Oracle,0.2,0.9858517260894171,1
b03overlap,ov25,agg_static@rho0.8,rep0_ov25_agg_static@rho0.8_b03overlap,0,agg_static,0.8,next_use,25,8,Oracle,0.3,1.0,1
b03overlap,ov25,agg_static@rho0.8,rep0_ov25_agg_static@rho0.8_b03overlap,0,agg_static,0.8,next_use,25,10,Oracle,0.4,1.0,1
b03overlap,ov25,agg_static@rho0.8,rep0_ov25_agg_static@rho0.8_b03overlap,0,agg_static,0.8,next_use,25,12,Oracle,0.5,1.0,1
b03overlap,ov25,agg_static@rho0.8,rep0_ov25_agg_static@rho0.8_b03overlap,0,agg_static,0.8,next_use,25,15,Oracle,0.6,1.0,1
b03overlap,ov25,agg_static@rho0.8,rep0_ov25_agg_static@rho0.8_b03overlap,0,agg_static,0.8,next_use,25,20,Oracle,0.8,1.0,1
b03overlap,ov25,agg_static@rho0.8,rep0_ov25_agg_static@rho0.8_b03overlap,0,agg_static,0.8,next_use,25,25,Oracle,1.0,1.0,1
b03overlap,ov25,agg_static@rho0.8,rep0_ov25_agg_static@rho0.8_b03overlap,0,agg_static,0.8,horizon_h4,25,2,Random,0.1,0.108837890625,20
b03overlap,ov25,agg_static@rho0.8,rep0_ov25_agg_static@rho0.8_b03overlap,0,agg_static,0.8,horizon_h4,25,5,Random,0.2,0.2807861328125,20
b03overlap,ov25,agg_static@rho0.8,rep0_ov25_agg_static@rho0.8_b03overlap,0,agg_static,0.8,horizon_h4,25,8,Random,0.3,0.4170654296875,20
b03overlap,ov25,agg_static@rho0.8,rep0_ov25_agg_static@rho0.8_b03overlap,0,agg_static,0.8,horizon_h4,25,10,Random,0.4,0.4445068359375,20
b03overlap,ov25,agg_static@rho0.8,rep0_ov25_agg_static@rho0.8_b03overlap,0,agg_static,0.8,horizon_h4,25,12,Random,0.5,0.471337890625,20
b03overlap,ov25,agg_static@rho0.8,rep0_ov25_agg_static@rho0.8_b03overlap,0,agg_static,0.8,horizon_h4,25,15,Random,0.6,0.65517578125,20
b03overlap,ov25,agg_static@rho0.8,rep0_ov25_agg_static@rho0.8_b03overlap,0,agg_static,0.8,horizon_h4,25,20,Random,0.8,0.843896484375,20
b03overlap,ov25,agg_static@rho0.8,rep0_ov25_agg_static@rho0.8_b03overlap,0,agg_static,0.8,horizon_h4,25,25,Random,1.0,1.0,20
b03overlap,ov25,agg_static@rho0.8,rep0_ov25_agg_static@rho0.8_b03overlap,0,agg_static,0.8,horizon_h4,25,2,Freshness,0.1,0.0,1
b03overlap,ov25,agg_static@rho0.8,rep0_ov25_agg_static@rho0.8_b03overlap,0,agg_static,0.8,horizon_h4,25,5,Freshness,0.2,0.0,1
b03overlap,ov25,agg_static@rho0.8,rep0_ov25_agg_static@rho0.8_b03overlap,0,agg_static,0.8,horizon_h4,25,8,Freshness,0.3,0.0244140625,1
b03overlap,ov25,agg_static@rho0.8,rep0_ov25_agg_static@rho0.8_b03overlap,0,agg_static,0.8,horizon_h4,25,10,Freshness,0.4,0.0244140625,1
b03overlap,ov25,agg_static@rho0.8,rep0_ov25_agg_static@rho0.8_b03overlap,0,agg_static,0.8,horizon_h4,25,12,Freshness,0.5,0.03662109375,1
b03overlap,ov25,agg_static@rho0.8,rep0_ov25_agg_static@rho0.8_b03overlap,0,agg_static,0.8,horizon_h4,25,15,Freshness,0.6,0.51220703125,1
b03overlap,ov25,agg_static@rho0.8,rep0_ov25_agg_static@rho0.8_b03overlap,0,agg_static,0.8,horizon_h4,25,20,Freshness,0.8,1.0,1
b03overlap,ov25,agg_static@rho0.8,rep0_ov25_agg_static@rho0.8_b03overlap,0,agg_static,0.8,horizon_h4,25,25,Freshness,1.0,1.0,1
b03overlap,ov25,agg_static@rho0.8,rep0_ov25_agg_static@rho0.8_b03overlap,0,agg_static,0.8,horizon_h4,25,2,CoverageDelta,0.1,0.0,1
b03overlap,ov25,agg_static@rho0.8,rep0_ov25_agg_static@rho0.8_b03overlap,0,agg_static,0.8,horizon_h4,25,5,CoverageDelta,0.2,0.0,1
b03overlap,ov25,agg_static@rho0.8,rep0_ov25_agg_static@rho0.8_b03overlap,0,agg_static,0.8,horizon_h4,25,8,CoverageDelta,0.3,0.0244140625,1
b03overlap,ov25,agg_static@rho0.8,rep0_ov25_agg_static@rho0.8_b03overlap,0,agg_static,0.8,horizon_h4,25,10,CoverageDelta,0.4,0.0244140625,1
b03overlap,ov25,agg_static@rho0.8,rep0_ov25_agg_static@rho0.8_b03overlap,0,agg_static,0.8,horizon_h4,25,12,CoverageDelta,0.5,0.03662109375,1
b03overlap,ov25,agg_static@rho0.8,rep0_ov25_agg_static@rho0.8_b03overlap,0,agg_static,0.8,horizon_h4,25,15,CoverageDelta,0.6,0.51220703125,1
b03overlap,ov25,agg_static@rho0.8,rep0_ov25_agg_static@rho0.8_b03overlap,0,agg_static,0.8,horizon_h4,25,20,CoverageDelta,0.8,1.0,1
b03overlap,ov25,agg_static@rho0.8,rep0_ov25_agg_static@rho0.8_b03overlap,0,agg_static,0.8,horizon_h4,25,25,CoverageDelta,1.0,1.0,1
b03overlap,ov25,agg_static@rho0.8,rep0_ov25_agg_static@rho0.8_b03overlap,0,agg_static,0.8,horizon_h4,25,2,CoverageAdvantage,0.1,0.0,1
b03overlap,ov25,agg_static@rho0.8,rep0_ov25_agg_static@rho0.8_b03overlap,0,agg_static,0.8,horizon_h4,25,5,CoverageAdvantage,0.2,0.0,1
b03overlap,ov25,agg_static@rho0.8,rep0_ov25_agg_static@rho0.8_b03overlap,0,agg_static,0.8,horizon_h4,25,8,CoverageAdvantage,0.3,0.0,1
b03overlap,ov25,agg_static@rho0.8,rep0_ov25_agg_static@rho0.8_b03overlap,0,agg_static,0.8,horizon_h4,25,10,CoverageAdvantage,0.4,0.0244140625,1
b03overlap,ov25,agg_static@rho0.8,rep0_ov25_agg_static@rho0.8_b03overlap,0,agg_static,0.8,horizon_h4,25,12,CoverageAdvantage,0.5,0.03662109375,1
b03overlap,ov25,agg_static@rho0.8,rep0_ov25_agg_static@rho0.8_b03overlap,0,agg_static,0.8,horizon_h4,25,15,CoverageAdvantage,0.6,0.03662109375,1
b03overlap,ov25,agg_static@rho0.8,rep0_ov25_agg_static@rho0.8_b03overlap,0,agg_static,0.8,horizon_h4,25,20,CoverageAdvantage,0.8,1.0,1
b03overlap,ov25,agg_static@rho0.8,rep0_ov25_agg_static@rho0.8_b03overlap,0,agg_static,0.8,horizon_h4,25,25,CoverageAdvantage,1.0,1.0,1
b03overlap,ov25,agg_static@rho0.8,rep0_ov25_agg_static@rho0.8_b03overlap,0,agg_static,0.8,horizon_h4,25,2,SimpleCoverageLoad,0.1,0.0,1
b03overlap,ov25,agg_static@rho0.8,rep0_ov25_agg_static@rho0.8_b03overlap,0,agg_static,0.8,horizon_h4,25,5,SimpleCoverageLoad,0.2,0.0,1
b03overlap,ov25,agg_static@rho0.8,rep0_ov25_agg_static@rho0.8_b03overlap,0,agg_static,0.8,horizon_h4,25,8,SimpleCoverageLoad,0.3,0.0,1
b03overlap,ov25,agg_static@rho0.8,rep0_ov25_agg_static@rho0.8_b03overlap,0,agg_static,0.8,horizon_h4,25,10,SimpleCoverageLoad,0.4,0.0244140625,1
b03overlap,ov25,agg_static@rho0.8,rep0_ov25_agg_static@rho0.8_b03overlap,0,agg_static,0.8,horizon_h4,25,12,SimpleCoverageLoad,0.5,0.03662109375,1
b03overlap,ov25,agg_static@rho0.8,rep0_ov25_agg_static@rho0.8_b03overlap,0,agg_static,0.8,horizon_h4,25,15,SimpleCoverageLoad,0.6,0.03662109375,1
b03overlap,ov25,agg_static@rho0.8,rep0_ov25_agg_static@rho0.8_b03overlap,0,agg_static,0.8,horizon_h4,25,20,SimpleCoverageLoad,0.8,1.0,1
b03overlap,ov25,agg_static@rho0.8,rep0_ov25_agg_static@rho0.8_b03overlap,0,agg_static,0.8,horizon_h4,25,25,SimpleCoverageLoad,1.0,1.0,1
b03overlap,ov25,agg_static@rho0.8,rep0_ov25_agg_static@rho0.8_b03overlap,0,agg_static,0.8,horizon_h4,25,2,DecisionAware,0.1,0.4755859375,1
b03overlap,ov25,agg_static@rho0.8,rep0_ov25_agg_static@rho0.8_b03overlap,0,agg_static,0.8,horizon_h4,25,5,DecisionAware,0.2,0.96337890625,1
b03overlap,ov25,agg_static@rho0.8,rep0_ov25_agg_static@rho0.8_b03overlap,0,agg_static,0.8,horizon_h4,25,8,DecisionAware,0.3,0.96337890625,1
b03overlap,ov25,agg_static@rho0.8,rep0_ov25_agg_static@rho0.8_b03overlap,0,agg_static,0.8,horizon_h4,25,10,DecisionAware,0.4,0.96337890625,1
b03overlap,ov25,agg_static@rho0.8,rep0_ov25_agg_static@rho0.8_b03overlap,0,agg_static,0.8,horizon_h4,25,12,DecisionAware,0.5,0.96337890625,1
b03overlap,ov25,agg_static@rho0.8,rep0_ov25_agg_static@rho0.8_b03overlap,0,agg_static,0.8,horizon_h4,25,15,DecisionAware,0.6,0.98779296875,1
b03overlap,ov25,agg_static@rho0.8,rep0_ov25_agg_static@rho0.8_b03overlap,0,agg_static,0.8,horizon_h4,25,20,DecisionAware,0.8,1.0,1
b03overlap,ov25,agg_static@rho0.8,rep0_ov25_agg_static@rho0.8_b03overlap,0,agg_static,0.8,horizon_h4,25,25,DecisionAware,1.0,1.0,1
b03overlap,ov25,agg_static@rho0.8,rep0_ov25_agg_static@rho0.8_b03overlap,0,agg_static,0.8,horizon_h4,25,2,B02Utility,0.1,0.0,1
b03overlap,ov25,agg_static@rho0.8,rep0_ov25_agg_static@rho0.8_b03overlap,0,agg_static,0.8,horizon_h4,25,5,B02Utility,0.2,0.0,1
b03overlap,ov25,agg_static@rho0.8,rep0_ov25_agg_static@rho0.8_b03overlap,0,agg_static,0.8,horizon_h4,25,8,B02Utility,0.3,0.0,1
b03overlap,ov25,agg_static@rho0.8,rep0_ov25_agg_static@rho0.8_b03overlap,0,agg_static,0.8,horizon_h4,25,10,B02Utility,0.4,0.0,1
b03overlap,ov25,agg_static@rho0.8,rep0_ov25_agg_static@rho0.8_b03overlap,0,agg_static,0.8,horizon_h4,25,12,B02Utility,0.5,0.01220703125,1
b03overlap,ov25,agg_static@rho0.8,rep0_ov25_agg_static@rho0.8_b03overlap,0,agg_static,0.8,horizon_h4,25,15,B02Utility,0.6,0.03662109375,1
b03overlap,ov25,agg_static@rho0.8,rep0_ov25_agg_static@rho0.8_b03overlap,0,agg_static,0.8,horizon_h4,25,20,B02Utility,0.8,0.75,1
b03overlap,ov25,agg_static@rho0.8,rep0_ov25_agg_static@rho0.8_b03overlap,0,agg_static,0.8,horizon_h4,25,25,B02Utility,1.0,1.0,1
b03overlap,ov25,agg_static@rho0.8,rep0_ov25_agg_static@rho0.8_b03overlap,0,agg_static,0.8,horizon_h4,25,2,Oracle,0.1,0.7255859375,1
b03overlap,ov25,agg_static@rho0.8,rep0_ov25_agg_static@rho0.8_b03overlap,0,agg_static,0.8,horizon_h4,25,5,Oracle,0.2,1.0,1
b03overlap,ov25,agg_static@rho0.8,rep0_ov25_agg_static@rho0.8_b03overlap,0,agg_static,0.8,horizon_h4,25,8,Oracle,0.3,1.0,1
b03overlap,ov25,agg_static@rho0.8,rep0_ov25_agg_static@rho0.8_b03overlap,0,agg_static,0.8,horizon_h4,25,10,Oracle,0.4,1.0,1
b03overlap,ov25,agg_static@rho0.8,rep0_ov25_agg_static@rho0.8_b03overlap,0,agg_static,0.8,horizon_h4,25,12,Oracle,0.5,1.0,1
b03overlap,ov25,agg_static@rho0.8,rep0_ov25_agg_static@rho0.8_b03overlap,0,agg_static,0.8,horizon_h4,25,15,Oracle,0.6,1.0,1
b03overlap,ov25,agg_static@rho0.8,rep0_ov25_agg_static@rho0.8_b03overlap,0,agg_static,0.8,horizon_h4,25,20,Oracle,0.8,1.0,1
b03overlap,ov25,agg_static@rho0.8,rep0_ov25_agg_static@rho0.8_b03overlap,0,agg_static,0.8,horizon_h4,25,25,Oracle,1.0,1.0,1
b03overlap,ov25,agg_full@rho0.8,rep1_ov25_agg_full@rho0.8_b03overlap,1,agg_full,0.8,next_use,29,3,Random,0.1,0.14560849598163028,20
b03overlap,ov25,agg_full@rho0.8,rep1_ov25_agg_full@rho0.8_b03overlap,1,agg_full,0.8,next_use,29,6,Random,0.2,0.3066303099885189,20
b03overlap,ov25,agg_full@rho0.8,rep1_ov25_agg_full@rho0.8_b03overlap,1,agg_full,0.8,next_use,29,9,Random,0.3,0.4147818599311136,20
b03overlap,ov25,agg_full@rho0.8,rep1_ov25_agg_full@rho0.8_b03overlap,1,agg_full,0.8,next_use,29,12,Random,0.4,0.4942594718714121,20
b03overlap,ov25,agg_full@rho0.8,rep1_ov25_agg_full@rho0.8_b03overlap,1,agg_full,0.8,next_use,29,14,Random,0.5,0.5750861079219287,20
b03overlap,ov25,agg_full@rho0.8,rep1_ov25_agg_full@rho0.8_b03overlap,1,agg_full,0.8,next_use,29,17,Random,0.6,0.6581515499425946,20
b03overlap,ov25,agg_full@rho0.8,rep1_ov25_agg_full@rho0.8_b03overlap,1,agg_full,0.8,next_use,29,23,Random,0.8,0.8345005740528129,20
b03overlap,ov25,agg_full@rho0.8,rep1_ov25_agg_full@rho0.8_b03overlap,1,agg_full,0.8,next_use,29,29,Random,1.0,1.0,20
b03overlap,ov25,agg_full@rho0.8,rep1_ov25_agg_full@rho0.8_b03overlap,1,agg_full,0.8,next_use,29,3,Freshness,0.1,0.0,1
b03overlap,ov25,agg_full@rho0.8,rep1_ov25_agg_full@rho0.8_b03overlap,1,agg_full,0.8,next_use,29,6,Freshness,0.2,0.0,1
b03overlap,ov25,agg_full@rho0.8,rep1_ov25_agg_full@rho0.8_b03overlap,1,agg_full,0.8,next_use,29,9,Freshness,0.3,0.0,1
b03overlap,ov25,agg_full@rho0.8,rep1_ov25_agg_full@rho0.8_b03overlap,1,agg_full,0.8,next_use,29,12,Freshness,0.4,0.014351320321469574,1
b03overlap,ov25,agg_full@rho0.8,rep1_ov25_agg_full@rho0.8_b03overlap,1,agg_full,0.8,next_use,29,14,Freshness,0.5,0.028702640642939148,1
b03overlap,ov25,agg_full@rho0.8,rep1_ov25_agg_full@rho0.8_b03overlap,1,agg_full,0.8,next_use,29,17,Freshness,0.6,0.3082663605051664,1
b03overlap,ov25,agg_full@rho0.8,rep1_ov25_agg_full@rho0.8_b03overlap,1,agg_full,0.8,next_use,29,23,Freshness,0.8,0.8817451205510906,1
b03overlap,ov25,agg_full@rho0.8,rep1_ov25_agg_full@rho0.8_b03overlap,1,agg_full,0.8,next_use,29,29,Freshness,1.0,1.0,1
b03overlap,ov25,agg_full@rho0.8,rep1_ov25_agg_full@rho0.8_b03overlap,1,agg_full,0.8,next_use,29,3,CoverageDelta,0.1,0.0,1
b03overlap,ov25,agg_full@rho0.8,rep1_ov25_agg_full@rho0.8_b03overlap,1,agg_full,0.8,next_use,29,6,CoverageDelta,0.2,0.0,1
b03overlap,ov25,agg_full@rho0.8,rep1_ov25_agg_full@rho0.8_b03overlap,1,agg_full,0.8,next_use,29,9,CoverageDelta,0.3,0.0,1
b03overlap,ov25,agg_full@rho0.8,rep1_ov25_agg_full@rho0.8_b03overlap,1,agg_full,0.8,next_use,29,12,CoverageDelta,0.4,0.0,1
b03overlap,ov25,agg_full@rho0.8,rep1_ov25_agg_full@rho0.8_b03overlap,1,agg_full,0.8,next_use,29,14,CoverageDelta,0.5,0.014351320321469574,1
b03overlap,ov25,agg_full@rho0.8,rep1_ov25_agg_full@rho0.8_b03overlap,1,agg_full,0.8,next_use,29,17,CoverageDelta,0.6,0.028702640642939148,1
b03overlap,ov25,agg_full@rho0.8,rep1_ov25_agg_full@rho0.8_b03overlap,1,agg_full,0.8,next_use,29,23,CoverageDelta,0.8,0.8817451205510906,1
b03overlap,ov25,agg_full@rho0.8,rep1_ov25_agg_full@rho0.8_b03overlap,1,agg_full,0.8,next_use,29,29,CoverageDelta,1.0,1.0,1
b03overlap,ov25,agg_full@rho0.8,rep1_ov25_agg_full@rho0.8_b03overlap,1,agg_full,0.8,next_use,29,3,CoverageAdvantage,0.1,0.0,1
b03overlap,ov25,agg_full@rho0.8,rep1_ov25_agg_full@rho0.8_b03overlap,1,agg_full,0.8,next_use,29,6,CoverageAdvantage,0.2,0.0,1
b03overlap,ov25,agg_full@rho0.8,rep1_ov25_agg_full@rho0.8_b03overlap,1,agg_full,0.8,next_use,29,9,CoverageAdvantage,0.3,0.0,1
b03overlap,ov25,agg_full@rho0.8,rep1_ov25_agg_full@rho0.8_b03overlap,1,agg_full,0.8,next_use,29,12,CoverageAdvantage,0.4,0.0,1
b03overlap,ov25,agg_full@rho0.8,rep1_ov25_agg_full@rho0.8_b03overlap,1,agg_full,0.8,next_use,29,14,CoverageAdvantage,0.5,0.0,1
b03overlap,ov25,agg_full@rho0.8,rep1_ov25_agg_full@rho0.8_b03overlap,1,agg_full,0.8,next_use,29,17,CoverageAdvantage,0.6,0.014351320321469574,1
b03overlap,ov25,agg_full@rho0.8,rep1_ov25_agg_full@rho0.8_b03overlap,1,agg_full,0.8,next_use,29,23,CoverageAdvantage,0.8,0.5878300803673937,1
b03overlap,ov25,agg_full@rho0.8,rep1_ov25_agg_full@rho0.8_b03overlap,1,agg_full,0.8,next_use,29,29,CoverageAdvantage,1.0,1.0,1
b03overlap,ov25,agg_full@rho0.8,rep1_ov25_agg_full@rho0.8_b03overlap,1,agg_full,0.8,next_use,29,3,SimpleCoverageLoad,0.1,0.0,1
b03overlap,ov25,agg_full@rho0.8,rep1_ov25_agg_full@rho0.8_b03overlap,1,agg_full,0.8,next_use,29,6,SimpleCoverageLoad,0.2,0.0,1
b03overlap,ov25,agg_full@rho0.8,rep1_ov25_agg_full@rho0.8_b03overlap,1,agg_full,0.8,next_use,29,9,SimpleCoverageLoad,0.3,0.0,1
b03overlap,ov25,agg_full@rho0.8,rep1_ov25_agg_full@rho0.8_b03overlap,1,agg_full,0.8,next_use,29,12,SimpleCoverageLoad,0.4,0.0,1
b03overlap,ov25,agg_full@rho0.8,rep1_ov25_agg_full@rho0.8_b03overlap,1,agg_full,0.8,next_use,29,14,SimpleCoverageLoad,0.5,0.0,1
b03overlap,ov25,agg_full@rho0.8,rep1_ov25_agg_full@rho0.8_b03overlap,1,agg_full,0.8,next_use,29,17,SimpleCoverageLoad,0.6,0.014351320321469574,1
b03overlap,ov25,agg_full@rho0.8,rep1_ov25_agg_full@rho0.8_b03overlap,1,agg_full,0.8,next_use,29,23,SimpleCoverageLoad,0.8,0.6021814006888633,1
b03overlap,ov25,agg_full@rho0.8,rep1_ov25_agg_full@rho0.8_b03overlap,1,agg_full,0.8,next_use,29,29,SimpleCoverageLoad,1.0,1.0,1
b03overlap,ov25,agg_full@rho0.8,rep1_ov25_agg_full@rho0.8_b03overlap,1,agg_full,0.8,next_use,29,3,DecisionAware,0.1,0.0,1
b03overlap,ov25,agg_full@rho0.8,rep1_ov25_agg_full@rho0.8_b03overlap,1,agg_full,0.8,next_use,29,6,DecisionAware,0.2,0.2795637198622273,1
b03overlap,ov25,agg_full@rho0.8,rep1_ov25_agg_full@rho0.8_b03overlap,1,agg_full,0.8,next_use,29,9,DecisionAware,0.3,0.5734787600459241,1
b03overlap,ov25,agg_full@rho0.8,rep1_ov25_agg_full@rho0.8_b03overlap,1,agg_full,0.8,next_use,29,12,DecisionAware,0.4,0.5734787600459241,1
b03overlap,ov25,agg_full@rho0.8,rep1_ov25_agg_full@rho0.8_b03overlap,1,agg_full,0.8,next_use,29,14,DecisionAware,0.5,0.5734787600459241,1
b03overlap,ov25,agg_full@rho0.8,rep1_ov25_agg_full@rho0.8_b03overlap,1,agg_full,0.8,next_use,29,17,DecisionAware,0.6,0.5734787600459241,1
b03overlap,ov25,agg_full@rho0.8,rep1_ov25_agg_full@rho0.8_b03overlap,1,agg_full,0.8,next_use,29,23,DecisionAware,0.8,0.6021814006888633,1
b03overlap,ov25,agg_full@rho0.8,rep1_ov25_agg_full@rho0.8_b03overlap,1,agg_full,0.8,next_use,29,29,DecisionAware,1.0,1.0,1
b03overlap,ov25,agg_full@rho0.8,rep1_ov25_agg_full@rho0.8_b03overlap,1,agg_full,0.8,next_use,29,3,B02Utility,0.1,0.0,1
b03overlap,ov25,agg_full@rho0.8,rep1_ov25_agg_full@rho0.8_b03overlap,1,agg_full,0.8,next_use,29,6,B02Utility,0.2,0.0,1
b03overlap,ov25,agg_full@rho0.8,rep1_ov25_agg_full@rho0.8_b03overlap,1,agg_full,0.8,next_use,29,9,B02Utility,0.3,0.0,1
b03overlap,ov25,agg_full@rho0.8,rep1_ov25_agg_full@rho0.8_b03overlap,1,agg_full,0.8,next_use,29,12,B02Utility,0.4,0.014351320321469574,1
b03overlap,ov25,agg_full@rho0.8,rep1_ov25_agg_full@rho0.8_b03overlap,1,agg_full,0.8,next_use,29,14,B02Utility,0.5,0.028702640642939148,1
b03overlap,ov25,agg_full@rho0.8,rep1_ov25_agg_full@rho0.8_b03overlap,1,agg_full,0.8,next_use,29,17,B02Utility,0.6,0.3082663605051664,1
b03overlap,ov25,agg_full@rho0.8,rep1_ov25_agg_full@rho0.8_b03overlap,1,agg_full,0.8,next_use,29,23,B02Utility,0.8,0.8817451205510906,1
b03overlap,ov25,agg_full@rho0.8,rep1_ov25_agg_full@rho0.8_b03overlap,1,agg_full,0.8,next_use,29,29,B02Utility,1.0,1.0,1
b03overlap,ov25,agg_full@rho0.8,rep1_ov25_agg_full@rho0.8_b03overlap,1,agg_full,0.8,next_use,29,3,Oracle,0.1,0.8530424799081514,1
b03overlap,ov25,agg_full@rho0.8,rep1_ov25_agg_full@rho0.8_b03overlap,1,agg_full,0.8,next_use,29,6,Oracle,0.2,0.9856486796785304,1
b03overlap,ov25,agg_full@rho0.8,rep1_ov25_agg_full@rho0.8_b03overlap,1,agg_full,0.8,next_use,29,9,Oracle,0.3,1.0,1
b03overlap,ov25,agg_full@rho0.8,rep1_ov25_agg_full@rho0.8_b03overlap,1,agg_full,0.8,next_use,29,12,Oracle,0.4,1.0,1
b03overlap,ov25,agg_full@rho0.8,rep1_ov25_agg_full@rho0.8_b03overlap,1,agg_full,0.8,next_use,29,14,Oracle,0.5,1.0,1
b03overlap,ov25,agg_full@rho0.8,rep1_ov25_agg_full@rho0.8_b03overlap,1,agg_full,0.8,next_use,29,17,Oracle,0.6,1.0,1
b03overlap,ov25,agg_full@rho0.8,rep1_ov25_agg_full@rho0.8_b03overlap,1,agg_full,0.8,next_use,29,23,Oracle,0.8,1.0,1
b03overlap,ov25,agg_full@rho0.8,rep1_ov25_agg_full@rho0.8_b03overlap,1,agg_full,0.8,next_use,29,29,Oracle,1.0,1.0,1
b03overlap,ov25,agg_full@rho0.8,rep1_ov25_agg_full@rho0.8_b03overlap,1,agg_full,0.8,horizon_h4,29,3,Random,0.1,0.16616479152878888,20
b03overlap,ov25,agg_full@rho0.8,rep1_ov25_agg_full@rho0.8_b03overlap,1,agg_full,0.8,horizon_h4,29,6,Random,0.2,0.3378060886829914,20
b03overlap,ov25,agg_full@rho0.8,rep1_ov25_agg_full@rho0.8_b03overlap,1,agg_full,0.8,horizon_h4,29,9,Random,0.3,0.44715420251489085,20
b03overlap,ov25,agg_full@rho0.8,rep1_ov25_agg_full@rho0.8_b03overlap,1,agg_full,0.8,horizon_h4,29,12,Random,0.4,0.5153871608206486,20
b03overlap,ov25,agg_full@rho0.8,rep1_ov25_agg_full@rho0.8_b03overlap,1,agg_full,0.8,horizon_h4,29,14,Random,0.5,0.5869788219722039,20
b03overlap,ov25,agg_full@rho0.8,rep1_ov25_agg_full@rho0.8_b03overlap,1,agg_full,0.8,horizon_h4,29,17,Random,0.6,0.6619291859695566,20
b03overlap,ov25,agg_full@rho0.8,rep1_ov25_agg_full@rho0.8_b03overlap,1,agg_full,0.8,horizon_h4,29,23,Random,0.8,0.8453011250827267,20
b03overlap,ov25,agg_full@rho0.8,rep1_ov25_agg_full@rho0.8_b03overlap,1,agg_full,0.8,horizon_h4,29,29,Random,1.0,1.0,20
b03overlap,ov25,agg_full@rho0.8,rep1_ov25_agg_full@rho0.8_b03overlap,1,agg_full,0.8,horizon_h4,29,3,Freshness,0.1,0.00827266710787558,1
b03overlap,ov25,agg_full@rho0.8,rep1_ov25_agg_full@rho0.8_b03overlap,1,agg_full,0.8,horizon_h4,29,6,Freshness,0.2,0.00827266710787558,1
b03overlap,ov25,agg_full@rho0.8,rep1_ov25_agg_full@rho0.8_b03overlap,1,agg_full,0.8,horizon_h4,29,9,Freshness,0.3,0.01654533421575116,1
b03overlap,ov25,agg_full@rho0.8,rep1_ov25_agg_full@rho0.8_b03overlap,1,agg_full,0.8,horizon_h4,29,12,Freshness,0.4,0.02481800132362674,1
b03overlap,ov25,agg_full@rho0.8,rep1_ov25_agg_full@rho0.8_b03overlap,1,agg_full,0.8,horizon_h4,29,14,Freshness,0.5,0.03309066843150232,1
b03overlap,ov25,agg_full@rho0.8,rep1_ov25_agg_full@rho0.8_b03overlap,1,agg_full,0.8,horizon_h4,29,17,Freshness,0.6,0.3553937789543349,1
b03overlap,ov25,agg_full@rho0.8,rep1_ov25_agg_full@rho0.8_b03overlap,1,agg_full,0.8,horizon_h4,29,23,Freshness,0.8,0.855393778954335,1
b03overlap,ov25,agg_full@rho0.8,rep1_ov25_agg_full@rho0.8_b03overlap,1,agg_full,0.8,horizon_h4,29,29,Freshness,1.0,1.0,1
b03overlap,ov25,agg_full@rho0.8,rep1_ov25_agg_full@rho0.8_b03overlap,1,agg_full,0.8,horizon_h4,29,3,CoverageDelta,0.1,0.0,1
b03overlap,ov25,agg_full@rho0.8,rep1_ov25_agg_full@rho0.8_b03overlap,1,agg_full,0.8,horizon_h4,29,6,CoverageDelta,0.2,0.00827266710787558,1
b03overlap,ov25,agg_full@rho0.8,rep1_ov25_agg_full@rho0.8_b03overlap,1,agg_full,0.8,horizon_h4,29,9,CoverageDelta,0.3,0.00827266710787558,1
b03overlap,ov25,agg_full@rho0.8,rep1_ov25_agg_full@rho0.8_b03overlap,1,agg_full,0.8,horizon_h4,29,12,CoverageDelta,0.4,0.01654533421575116,1
b03overlap,ov25,agg_full@rho0.8,rep1_ov25_agg_full@rho0.8_b03overlap,1,agg_full,0.8,horizon_h4,29,14,CoverageDelta,0.5,0.02481800132362674,1
b03overlap,ov25,agg_full@rho0.8,rep1_ov25_agg_full@rho0.8_b03overlap,1,agg_full,0.8,horizon_h4,29,17,CoverageDelta,0.6,0.03309066843150232,1
b03overlap,ov25,agg_full@rho0.8,rep1_ov25_agg_full@rho0.8_b03overlap,1,agg_full,0.8,horizon_h4,29,23,CoverageDelta,0.8,0.9401058901389808,1
b03overlap,ov25,agg_full@rho0.8,rep1_ov25_agg_full@rho0.8_b03overlap,1,agg_full,0.8,horizon_h4,29,29,CoverageDelta,1.0,1.0,1
b03overlap,ov25,agg_full@rho0.8,rep1_ov25_agg_full@rho0.8_b03overlap,1,agg_full,0.8,horizon_h4,29,3,CoverageAdvantage,0.1,0.08471211118464593,1
b03overlap,ov25,agg_full@rho0.8,rep1_ov25_agg_full@rho0.8_b03overlap,1,agg_full,0.8,horizon_h4,29,6,CoverageAdvantage,0.2,0.09298477829252151,1
b03overlap,ov25,agg_full@rho0.8,rep1_ov25_agg_full@rho0.8_b03overlap,1,agg_full,0.8,horizon_h4,29,9,CoverageAdvantage,0.3,0.09298477829252151,1
b03overlap,ov25,agg_full@rho0.8,rep1_ov25_agg_full@rho0.8_b03overlap,1,agg_full,0.8,horizon_h4,29,12,CoverageAdvantage,0.4,0.09298477829252151,1
b03overlap,ov25,agg_full@rho0.8,rep1_ov25_agg_full@rho0.8_b03overlap,1,agg_full,0.8,horizon_h4,29,14,CoverageAdvantage,0.5,0.10125744540039709,1
b03overlap,ov25,agg_full@rho0.8,rep1_ov25_agg_full@rho0.8_b03overlap,1,agg_full,0.8,horizon_h4,29,17,CoverageAdvantage,0.6,0.10953011250827267,1
b03overlap,ov25,agg_full@rho0.8,rep1_ov25_agg_full@rho0.8_b03overlap,1,agg_full,0.8,horizon_h4,29,23,CoverageAdvantage,0.8,0.7706816677696889,1
b03overlap,ov25,agg_full@rho0.8,rep1_ov25_agg_full@rho0.8_b03overlap,1,agg_full,0.8,horizon_h4,29,29,CoverageAdvantage,1.0,1.0,1
b03overlap,ov25,agg_full@rho0.8,rep1_ov25_agg_full@rho0.8_b03overlap,1,agg_full,0.8,horizon_h4,29,3,SimpleCoverageLoad,0.1,0.08471211118464593,1
b03overlap,ov25,agg_full@rho0.8,rep1_ov25_agg_full@rho0.8_b03overlap,1,agg_full,0.8,horizon_h4,29,6,SimpleCoverageLoad,0.2,0.09298477829252151,1
b03overlap,ov25,agg_full@rho0.8,rep1_ov25_agg_full@rho0.8_b03overlap,1,agg_full,0.8,horizon_h4,29,9,SimpleCoverageLoad,0.3,0.09298477829252151,1
b03overlap,ov25,agg_full@rho0.8,rep1_ov25_agg_full@rho0.8_b03overlap,1,agg_full,0.8,horizon_h4,29,12,SimpleCoverageLoad,0.4,0.09298477829252151,1
b03overlap,ov25,agg_full@rho0.8,rep1_ov25_agg_full@rho0.8_b03overlap,1,agg_full,0.8,horizon_h4,29,14,SimpleCoverageLoad,0.5,0.10125744540039709,1
b03overlap,ov25,agg_full@rho0.8,rep1_ov25_agg_full@rho0.8_b03overlap,1,agg_full,0.8,horizon_h4,29,17,SimpleCoverageLoad,0.6,0.10953011250827267,1
b03overlap,ov25,agg_full@rho0.8,rep1_ov25_agg_full@rho0.8_b03overlap,1,agg_full,0.8,horizon_h4,29,23,SimpleCoverageLoad,0.8,0.6178027796161484,1
b03overlap,ov25,agg_full@rho0.8,rep1_ov25_agg_full@rho0.8_b03overlap,1,agg_full,0.8,horizon_h4,29,29,SimpleCoverageLoad,1.0,1.0,1
b03overlap,ov25,agg_full@rho0.8,rep1_ov25_agg_full@rho0.8_b03overlap,1,agg_full,0.8,horizon_h4,29,3,DecisionAware,0.1,0.08471211118464593,1
b03overlap,ov25,agg_full@rho0.8,rep1_ov25_agg_full@rho0.8_b03overlap,1,agg_full,0.8,horizon_h4,29,6,DecisionAware,0.2,0.4152878888153541,1
b03overlap,ov25,agg_full@rho0.8,rep1_ov25_agg_full@rho0.8_b03overlap,1,agg_full,0.8,horizon_h4,29,9,DecisionAware,0.3,0.5929847782925216,1
b03overlap,ov25,agg_full@rho0.8,rep1_ov25_agg_full@rho0.8_b03overlap,1,agg_full,0.8,horizon_h4,29,12,DecisionAware,0.4,0.5929847782925216,1
b03overlap,ov25,agg_full@rho0.8,rep1_ov25_agg_full@rho0.8_b03overlap,1,agg_full,0.8,horizon_h4,29,14,DecisionAware,0.5,0.5929847782925216,1
b03overlap,ov25,agg_full@rho0.8,rep1_ov25_agg_full@rho0.8_b03overlap,1,agg_full,0.8,horizon_h4,29,17,DecisionAware,0.6,0.6012574454003972,1
b03overlap,ov25,agg_full@rho0.8,rep1_ov25_agg_full@rho0.8_b03overlap,1,agg_full,0.8,horizon_h4,29,23,DecisionAware,0.8,0.6178027796161484,1
b03overlap,ov25,agg_full@rho0.8,rep1_ov25_agg_full@rho0.8_b03overlap,1,agg_full,0.8,horizon_h4,29,29,DecisionAware,1.0,1.0,1
b03overlap,ov25,agg_full@rho0.8,rep1_ov25_agg_full@rho0.8_b03overlap,1,agg_full,0.8,horizon_h4,29,3,B02Utility,0.1,0.00827266710787558,1
b03overlap,ov25,agg_full@rho0.8,rep1_ov25_agg_full@rho0.8_b03overlap,1,agg_full,0.8,horizon_h4,29,6,B02Utility,0.2,0.01654533421575116,1
b03overlap,ov25,agg_full@rho0.8,rep1_ov25_agg_full@rho0.8_b03overlap,1,agg_full,0.8,horizon_h4,29,9,B02Utility,0.3,0.01654533421575116,1
b03overlap,ov25,agg_full@rho0.8,rep1_ov25_agg_full@rho0.8_b03overlap,1,agg_full,0.8,horizon_h4,29,12,B02Utility,0.4,0.02481800132362674,1
b03overlap,ov25,agg_full@rho0.8,rep1_ov25_agg_full@rho0.8_b03overlap,1,agg_full,0.8,horizon_h4,29,14,B02Utility,0.5,0.03309066843150232,1
b03overlap,ov25,agg_full@rho0.8,rep1_ov25_agg_full@rho0.8_b03overlap,1,agg_full,0.8,horizon_h4,29,17,B02Utility,0.6,0.3553937789543349,1
b03overlap,ov25,agg_full@rho0.8,rep1_ov25_agg_full@rho0.8_b03overlap,1,agg_full,0.8,horizon_h4,29,23,B02Utility,0.8,0.855393778954335,1
b03overlap,ov25,agg_full@rho0.8,rep1_ov25_agg_full@rho0.8_b03overlap,1,agg_full,0.8,horizon_h4,29,29,B02Utility,1.0,1.0,1
b03overlap,ov25,agg_full@rho0.8,rep1_ov25_agg_full@rho0.8_b03overlap,1,agg_full,0.8,horizon_h4,29,3,Oracle,0.1,0.8223031105228327,1
b03overlap,ov25,agg_full@rho0.8,rep1_ov25_agg_full@rho0.8_b03overlap,1,agg_full,0.8,horizon_h4,29,6,Oracle,0.2,0.9669093315684977,1
b03overlap,ov25,agg_full@rho0.8,rep1_ov25_agg_full@rho0.8_b03overlap,1,agg_full,0.8,horizon_h4,29,9,Oracle,0.3,0.9917273328921244,1
b03overlap,ov25,agg_full@rho0.8,rep1_ov25_agg_full@rho0.8_b03overlap,1,agg_full,0.8,horizon_h4,29,12,Oracle,0.4,1.0,1
b03overlap,ov25,agg_full@rho0.8,rep1_ov25_agg_full@rho0.8_b03overlap,1,agg_full,0.8,horizon_h4,29,14,Oracle,0.5,1.0,1
b03overlap,ov25,agg_full@rho0.8,rep1_ov25_agg_full@rho0.8_b03overlap,1,agg_full,0.8,horizon_h4,29,17,Oracle,0.6,1.0,1
b03overlap,ov25,agg_full@rho0.8,rep1_ov25_agg_full@rho0.8_b03overlap,1,agg_full,0.8,horizon_h4,29,23,Oracle,0.8,1.0,1
b03overlap,ov25,agg_full@rho0.8,rep1_ov25_agg_full@rho0.8_b03overlap,1,agg_full,0.8,horizon_h4,29,29,Oracle,1.0,1.0,1
b03overlap,ov25,agg_static@rho0.8,rep1_ov25_agg_static@rho0.8_b03overlap,1,agg_static,0.8,next_use,33,3,Random,0.1,0.1306677193773968,20
b03overlap,ov25,agg_static@rho0.8,rep1_ov25_agg_static@rho0.8_b03overlap,1,agg_static,0.8,next_use,33,7,Random,0.2,0.2491540717347169,20
b03overlap,ov25,agg_static@rho0.8,rep1_ov25_agg_static@rho0.8_b03overlap,1,agg_static,0.8,next_use,33,10,Random,0.3,0.33211143695014667,20
b03overlap,ov25,agg_static@rho0.8,rep1_ov25_agg_static@rho0.8_b03overlap,1,agg_static,0.8,next_use,33,13,Random,0.4,0.40172569366117755,20
b03overlap,ov25,agg_static@rho0.8,rep1_ov25_agg_static@rho0.8_b03overlap,1,agg_static,0.8,next_use,33,16,Random,0.5,0.49186780960974513,20
b03overlap,ov25,agg_static@rho0.8,rep1_ov25_agg_static@rho0.8_b03overlap,1,agg_static,0.8,next_use,33,20,Random,0.6,0.5953191969321002,20
b03overlap,ov25,agg_static@rho0.8,rep1_ov25_agg_static@rho0.8_b03overlap,1,agg_static,0.8,next_use,33,26,Random,0.8,0.7970787277238891,20
b03overlap,ov25,agg_static@rho0.8,rep1_ov25_agg_static@rho0.8_b03overlap,1,agg_static,0.8,next_use,33,33,Random,1.0,1.0,20
b03overlap,ov25,agg_static@rho0.8,rep1_ov25_agg_static@rho0.8_b03overlap,1,agg_static,0.8,next_use,33,3,Freshness,0.1,0.0,1
b03overlap,ov25,agg_static@rho0.8,rep1_ov25_agg_static@rho0.8_b03overlap,1,agg_static,0.8,next_use,33,7,Freshness,0.2,0.0,1
b03overlap,ov25,agg_static@rho0.8,rep1_ov25_agg_static@rho0.8_b03overlap,1,agg_static,0.8,next_use,33,10,Freshness,0.3,0.005639521768554027,1
b03overlap,ov25,agg_static@rho0.8,rep1_ov25_agg_static@rho0.8_b03overlap,1,agg_static,0.8,next_use,33,13,Freshness,0.4,0.011279043537108053,1
b03overlap,ov25,agg_static@rho0.8,rep1_ov25_agg_static@rho0.8_b03overlap,1,agg_static,0.8,next_use,33,16,Freshness,0.5,0.011279043537108053,1
b03overlap,ov25,agg_static@rho0.8,rep1_ov25_agg_static@rho0.8_b03overlap,1,agg_static,0.8,next_use,33,20,Freshness,0.6,0.4394315362057298,1
b03overlap,ov25,agg_static@rho0.8,rep1_ov25_agg_static@rho0.8_b03overlap,1,agg_static,0.8,next_use,33,26,Freshness,0.8,0.9133769456350103,1
b03overlap,ov25,agg_static@rho0.8,rep1_ov25_agg_static@rho0.8_b03overlap,1,agg_static,0.8,next_use,33,33,Freshness,1.0,1.0,1
b03overlap,ov25,agg_static@rho0.8,rep1_ov25_agg_static@rho0.8_b03overlap,1,agg_static,0.8,next_use,33,3,CoverageDelta,0.1,0.02887435145499662,1
b03overlap,ov25,agg_static@rho0.8,rep1_ov25_agg_static@rho0.8_b03overlap,1,agg_static,0.8,next_use,33,7,CoverageDelta,0.2,0.02887435145499662,1
b03overlap,ov25,agg_static@rho0.8,rep1_ov25_agg_static@rho0.8_b03overlap,1,agg_static,0.8,next_use,33,10,CoverageDelta,0.3,0.034513873223550644,1
b03overlap,ov25,agg_static@rho0.8,rep1_ov25_agg_static@rho0.8_b03overlap,1,agg_static,0.8,next_use,33,13,CoverageDelta,0.4,0.04015339499210467,1
b03overlap,ov25,agg_static@rho0.8,rep1_ov25_agg_static@rho0.8_b03overlap,1,agg_static,0.8,next_use,33,16,CoverageDelta,0.5,0.04015339499210467,1
b03overlap,ov25,agg_static@rho0.8,rep1_ov25_agg_static@rho0.8_b03overlap,1,agg_static,0.8,next_use,33,20,CoverageDelta,0.6,0.364087525377848,1
b03overlap,ov25,agg_static@rho0.8,rep1_ov25_agg_static@rho0.8_b03overlap,1,agg_static,0.8,next_use,33,26,CoverageDelta,0.8,0.9133769456350103,1
b03overlap,ov25,agg_static@rho0.8,rep1_ov25_agg_static@rho0.8_b03overlap,1,agg_static,0.8,next_use,33,33,CoverageDelta,1.0,1.0,1
b03overlap,ov25,agg_static@rho0.8,rep1_ov25_agg_static@rho0.8_b03overlap,1,agg_static,0.8,next_use,33,3,CoverageAdvantage,0.1,0.05774870290999324,1
b03overlap,ov25,agg_static@rho0.8,rep1_ov25_agg_static@rho0.8_b03overlap,1,agg_static,0.8,next_use,33,7,CoverageAdvantage,0.2,0.05774870290999324,1
b03overlap,ov25,agg_static@rho0.8,rep1_ov25_agg_static@rho0.8_b03overlap,1,agg_static,0.8,next_use,33,10,CoverageAdvantage,0.3,0.06338822467854727,1
b03overlap,ov25,agg_static@rho0.8,rep1_ov25_agg_static@rho0.8_b03overlap,1,agg_static,0.8,next_use,33,13,CoverageAdvantage,0.4,0.06902774644710129,1
b03overlap,ov25,agg_static@rho0.8,rep1_ov25_agg_static@rho0.8_b03overlap,1,agg_static,0.8,next_use,33,16,CoverageAdvantage,0.5,0.06902774644710129,1
b03overlap,ov25,agg_static@rho0.8,rep1_ov25_agg_static@rho0.8_b03overlap,1,agg_static,0.8,next_use,33,20,CoverageAdvantage,0.6,0.2831039927814122,1
b03overlap,ov25,agg_static@rho0.8,rep1_ov25_agg_static@rho0.8_b03overlap,1,agg_static,0.8,next_use,33,26,CoverageAdvantage,0.8,0.8267538912700203,1
b03overlap,ov25,agg_static@rho0.8,rep1_ov25_agg_static@rho0.8_b03overlap,1,agg_static,0.8,next_use,33,33,CoverageAdvantage,1.0,1.0,1
b03overlap,ov25,agg_static@rho0.8,rep1_ov25_agg_static@rho0.8_b03overlap,1,agg_static,0.8,next_use,33,3,SimpleCoverageLoad,0.1,0.05774870290999324,1
b03overlap,ov25,agg_static@rho0.8,rep1_ov25_agg_static@rho0.8_b03overlap,1,agg_static,0.8,next_use,33,7,SimpleCoverageLoad,0.2,0.05774870290999324,1
b03overlap,ov25,agg_static@rho0.8,rep1_ov25_agg_static@rho0.8_b03overlap,1,agg_static,0.8,next_use,33,10,SimpleCoverageLoad,0.3,0.06338822467854727,1
b03overlap,ov25,agg_static@rho0.8,rep1_ov25_agg_static@rho0.8_b03overlap,1,agg_static,0.8,next_use,33,13,SimpleCoverageLoad,0.4,0.06902774644710129,1
b03overlap,ov25,agg_static@rho0.8,rep1_ov25_agg_static@rho0.8_b03overlap,1,agg_static,0.8,next_use,33,16,SimpleCoverageLoad,0.5,0.06902774644710129,1
b03overlap,ov25,agg_static@rho0.8,rep1_ov25_agg_static@rho0.8_b03overlap,1,agg_static,0.8,next_use,33,20,SimpleCoverageLoad,0.6,0.2831039927814122,1
b03overlap,ov25,agg_static@rho0.8,rep1_ov25_agg_static@rho0.8_b03overlap,1,agg_static,0.8,next_use,33,26,SimpleCoverageLoad,0.8,0.8323934130385743,1
b03overlap,ov25,agg_static@rho0.8,rep1_ov25_agg_static@rho0.8_b03overlap,1,agg_static,0.8,next_use,33,33,SimpleCoverageLoad,1.0,1.0,1
b03overlap,ov25,agg_static@rho0.8,rep1_ov25_agg_static@rho0.8_b03overlap,1,agg_static,0.8,next_use,33,3,DecisionAware,0.1,0.16196706519287166,1
b03overlap,ov25,agg_static@rho0.8,rep1_ov25_agg_static@rho0.8_b03overlap,1,agg_static,0.8,next_use,33,7,DecisionAware,0.2,0.48590119557861494,1
b03overlap,ov25,agg_static@rho0.8,rep1_ov25_agg_static@rho0.8_b03overlap,1,agg_static,0.8,next_use,33,10,DecisionAware,0.3,0.8211143695014663,1
b03overlap,ov25,agg_static@rho0.8,rep1_ov25_agg_static@rho0.8_b03overlap,1,agg_static,0.8,next_use,33,13,DecisionAware,0.4,0.8211143695014663,1
b03overlap,ov25,agg_static@rho0.8,rep1_ov25_agg_static@rho0.8_b03overlap,1,agg_static,0.8,next_use,33,16,DecisionAware,0.5,0.8211143695014663,1
b03overlap,ov25,agg_static@rho0.8,rep1_ov25_agg_static@rho0.8_b03overlap,1,agg_static,0.8,next_use,33,20,DecisionAware,0.6,0.8267538912700203,1
b03overlap,ov25,agg_static@rho0.8,rep1_ov25_agg_static@rho0.8_b03overlap,1,agg_static,0.8,next_use,33,26,DecisionAware,0.8,0.8323934130385743,1
b03overlap,ov25,agg_static@rho0.8,rep1_ov25_agg_static@rho0.8_b03overlap,1,agg_static,0.8,next_use,33,33,DecisionAware,1.0,1.0,1
b03overlap,ov25,agg_static@rho0.8,rep1_ov25_agg_static@rho0.8_b03overlap,1,agg_static,0.8,next_use,33,3,B02Utility,0.1,0.0,1
b03overlap,ov25,agg_static@rho0.8,rep1_ov25_agg_static@rho0.8_b03overlap,1,agg_static,0.8,next_use,33,7,B02Utility,0.2,0.0,1
b03overlap,ov25,agg_static@rho0.8,rep1_ov25_agg_static@rho0.8_b03overlap,1,agg_static,0.8,next_use,33,10,B02Utility,0.3,0.005639521768554027,1
b03overlap,ov25,agg_static@rho0.8,rep1_ov25_agg_static@rho0.8_b03overlap,1,agg_static,0.8,next_use,33,13,B02Utility,0.4,0.011279043537108053,1
b03overlap,ov25,agg_static@rho0.8,rep1_ov25_agg_static@rho0.8_b03overlap,1,agg_static,0.8,next_use,33,16,B02Utility,0.5,0.011279043537108053,1
b03overlap,ov25,agg_static@rho0.8,rep1_ov25_agg_static@rho0.8_b03overlap,1,agg_static,0.8,next_use,33,20,B02Utility,0.6,0.364087525377848,1
b03overlap,ov25,agg_static@rho0.8,rep1_ov25_agg_static@rho0.8_b03overlap,1,agg_static,0.8,next_use,33,26,B02Utility,0.8,0.8267538912700203,1
b03overlap,ov25,agg_static@rho0.8,rep1_ov25_agg_static@rho0.8_b03overlap,1,agg_static,0.8,next_use,33,33,B02Utility,1.0,1.0,1
b03overlap,ov25,agg_static@rho0.8,rep1_ov25_agg_static@rho0.8_b03overlap,1,agg_static,0.8,next_use,33,3,Oracle,0.1,0.3352131739228513,1
b03overlap,ov25,agg_static@rho0.8,rep1_ov25_agg_static@rho0.8_b03overlap,1,agg_static,0.8,next_use,33,7,Oracle,0.2,0.7690051883600272,1
b03overlap,ov25,agg_static@rho0.8,rep1_ov25_agg_static@rho0.8_b03overlap,1,agg_static,0.8,next_use,33,10,Oracle,0.3,0.9309722535528988,1
b03overlap,ov25,agg_static@rho0.8,rep1_ov25_agg_static@rho0.8_b03overlap,1,agg_static,0.8,next_use,33,13,Oracle,0.4,0.994360478231446,1
b03overlap,ov25,agg_static@rho0.8,rep1_ov25_agg_static@rho0.8_b03overlap,1,agg_static,0.8,next_use,33,16,Oracle,0.5,1.0,1
b03overlap,ov25,agg_static@rho0.8,rep1_ov25_agg_static@rho0.8_b03overlap,1,agg_static,0.8,next_use,33,20,Oracle,0.6,1.0,1
b03overlap,ov25,agg_static@rho0.8,rep1_ov25_agg_static@rho0.8_b03overlap,1,agg_static,0.8,next_use,33,26,Oracle,0.8,1.0,1
b03overlap,ov25,agg_static@rho0.8,rep1_ov25_agg_static@rho0.8_b03overlap,1,agg_static,0.8,next_use,33,33,Oracle,1.0,1.0,1
b03overlap,ov25,agg_static@rho0.8,rep1_ov25_agg_static@rho0.8_b03overlap,1,agg_static,0.8,horizon_h4,33,3,Random,0.1,0.14234234234234236,20
b03overlap,ov25,agg_static@rho0.8,rep1_ov25_agg_static@rho0.8_b03overlap,1,agg_static,0.8,horizon_h4,33,7,Random,0.2,0.27843677010343676,20
b03overlap,ov25,agg_static@rho0.8,rep1_ov25_agg_static@rho0.8_b03overlap,1,agg_static,0.8,horizon_h4,33,10,Random,0.3,0.35643143143143147,20
b03overlap,ov25,agg_static@rho0.8,rep1_ov25_agg_static@rho0.8_b03overlap,1,agg_static,0.8,horizon_h4,33,13,Random,0.4,0.42794461127794464,20
b03overlap,ov25,agg_static@rho0.8,rep1_ov25_agg_static@rho0.8_b03overlap,1,agg_static,0.8,horizon_h4,33,16,Random,0.5,0.5281531531531531,20
b03overlap,ov25,agg_static@rho0.8,rep1_ov25_agg_static@rho0.8_b03overlap,1,agg_static,0.8,horizon_h4,33,20,Random,0.6,0.61830997664331,20
b03overlap,ov25,agg_static@rho0.8,rep1_ov25_agg_static@rho0.8_b03overlap,1,agg_static,0.8,horizon_h4,33,26,Random,0.8,0.811302969636303,20
b03overlap,ov25,agg_static@rho0.8,rep1_ov25_agg_static@rho0.8_b03overlap,1,agg_static,0.8,horizon_h4,33,33,Random,1.0,1.0,20
b03overlap,ov25,agg_static@rho0.8,rep1_ov25_agg_static@rho0.8_b03overlap,1,agg_static,0.8,horizon_h4,33,3,Freshness,0.1,0.004170837504170838,1
b03overlap,ov25,agg_static@rho0.8,rep1_ov25_agg_static@rho0.8_b03overlap,1,agg_static,0.8,horizon_h4,33,7,Freshness,0.2,0.004170837504170838,1
b03overlap,ov25,agg_static@rho0.8,rep1_ov25_agg_static@rho0.8_b03overlap,1,agg_static,0.8,horizon_h4,33,10,Freshness,0.3,0.012512512512512513,1
b03overlap,ov25,agg_static@rho0.8,rep1_ov25_agg_static@rho0.8_b03overlap,1,agg_static,0.8,horizon_h4,33,13,Freshness,0.4,0.02085418752085419,1
b03overlap,ov25,agg_static@rho0.8,rep1_ov25_agg_static@rho0.8_b03overlap,1,agg_static,0.8,horizon_h4,33,16,Freshness,0.5,0.02085418752085419,1
b03overlap,ov25,agg_static@rho0.8,rep1_ov25_agg_static@rho0.8_b03overlap,1,agg_static,0.8,horizon_h4,33,20,Freshness,0.6,0.5083416750083417,1
b03overlap,ov25,agg_static@rho0.8,rep1_ov25_agg_static@rho0.8_b03overlap,1,agg_static,0.8,horizon_h4,33,26,Freshness,0.8,0.9401067734401068,1
b03overlap,ov25,agg_static@rho0.8,rep1_ov25_agg_static@rho0.8_b03overlap,1,agg_static,0.8,horizon_h4,33,33,Freshness,1.0,1.0,1
b03overlap,ov25,agg_static@rho0.8,rep1_ov25_agg_static@rho0.8_b03overlap,1,agg_static,0.8,horizon_h4,33,3,CoverageDelta,0.1,0.025525525525525526,1
b03overlap,ov25,agg_static@rho0.8,rep1_ov25_agg_static@rho0.8_b03overlap,1,agg_static,0.8,horizon_h4,33,7,CoverageDelta,0.2,0.025525525525525526,1
b03overlap,ov25,agg_static@rho0.8,rep1_ov25_agg_static@rho0.8_b03overlap,1,agg_static,0.8,horizon_h4,33,10,CoverageDelta,0.3,0.03386720053386721,1
b03overlap,ov25,agg_static@rho0.8,rep1_ov25_agg_static@rho0.8_b03overlap,1,agg_static,0.8,horizon_h4,33,13,CoverageDelta,0.4,0.03803803803803804,1
b03overlap,ov25,agg_static@rho0.8,rep1_ov25_agg_static@rho0.8_b03overlap,1,agg_static,0.8,horizon_h4,33,16,CoverageDelta,0.5,0.04220887554220888,1
b03overlap,ov25,agg_static@rho0.8,rep1_ov25_agg_static@rho0.8_b03overlap,1,agg_static,0.8,horizon_h4,33,20,CoverageDelta,0.6,0.4526192859526193,1
b03overlap,ov25,agg_static@rho0.8,rep1_ov25_agg_static@rho0.8_b03overlap,1,agg_static,0.8,horizon_h4,33,26,CoverageDelta,0.8,0.9401067734401068,1
b03overlap,ov25,agg_static@rho0.8,rep1_ov25_agg_static@rho0.8_b03overlap,1,agg_static,0.8,horizon_h4,33,33,CoverageDelta,1.0,1.0,1
b03overlap,ov25,agg_static@rho0.8,rep1_ov25_agg_static@rho0.8_b03overlap,1,agg_static,0.8,horizon_h4,33,3,CoverageAdvantage,0.1,0.02135468802135469,1
b03overlap,ov25,agg_static@rho0.8,rep1_ov25_agg_static@rho0.8_b03overlap,1,agg_static,0.8,horizon_h4,33,7,CoverageAdvantage,0.2,0.025525525525525526,1
b03overlap,ov25,agg_static@rho0.8,rep1_ov25_agg_static@rho0.8_b03overlap,1,agg_static,0.8,horizon_h4,33,10,CoverageAdvantage,0.3,0.03386720053386721,1
b03overlap,ov25,agg_static@rho0.8,rep1_ov25_agg_static@rho0.8_b03overlap,1,agg_static,0.8,horizon_h4,33,13,CoverageAdvantage,0.4,0.03803803803803804,1
b03overlap,ov25,agg_static@rho0.8,rep1_ov25_agg_static@rho0.8_b03overlap,1,agg_static,0.8,horizon_h4,33,16,CoverageAdvantage,0.5,0.04220887554220888,1
b03overlap,ov25,agg_static@rho0.8,rep1_ov25_agg_static@rho0.8_b03overlap,1,agg_static,0.8,horizon_h4,33,20,CoverageAdvantage,0.6,0.37137137137137144,1
b03overlap,ov25,agg_static@rho0.8,rep1_ov25_agg_static@rho0.8_b03overlap,1,agg_static,0.8,horizon_h4,33,26,CoverageAdvantage,0.8,0.7734401067734401,1
b03overlap,ov25,agg_static@rho0.8,rep1_ov25_agg_static@rho0.8_b03overlap,1,agg_static,0.8,horizon_h4,33,33,CoverageAdvantage,1.0,1.0,1
b03overlap,ov25,agg_static@rho0.8,rep1_ov25_agg_static@rho0.8_b03overlap,1,agg_static,0.8,horizon_h4,33,3,SimpleCoverageLoad,0.1,0.02135468802135469,1
b03overlap,ov25,agg_static@rho0.8,rep1_ov25_agg_static@rho0.8_b03overlap,1,agg_static,0.8,horizon_h4,33,7,SimpleCoverageLoad,0.2,0.025525525525525526,1
b03overlap,ov25,agg_static@rho0.8,rep1_ov25_agg_static@rho0.8_b03overlap,1,agg_static,0.8,horizon_h4,33,10,SimpleCoverageLoad,0.3,0.03386720053386721,1
b03overlap,ov25,agg_static@rho0.8,rep1_ov25_agg_static@rho0.8_b03overlap,1,agg_static,0.8,horizon_h4,33,13,SimpleCoverageLoad,0.4,0.03803803803803804,1
b03overlap,ov25,agg_static@rho0.8,rep1_ov25_agg_static@rho0.8_b03overlap,1,agg_static,0.8,horizon_h4,33,16,SimpleCoverageLoad,0.5,0.04220887554220888,1
b03overlap,ov25,agg_static@rho0.8,rep1_ov25_agg_static@rho0.8_b03overlap,1,agg_static,0.8,horizon_h4,33,20,SimpleCoverageLoad,0.6,0.2859526192859526,1
b03overlap,ov25,agg_static@rho0.8,rep1_ov25_agg_static@rho0.8_b03overlap,1,agg_static,0.8,horizon_h4,33,26,SimpleCoverageLoad,0.8,0.7734401067734401,1
b03overlap,ov25,agg_static@rho0.8,rep1_ov25_agg_static@rho0.8_b03overlap,1,agg_static,0.8,horizon_h4,33,33,SimpleCoverageLoad,1.0,1.0,1
b03overlap,ov25,agg_static@rho0.8,rep1_ov25_agg_static@rho0.8_b03overlap,1,agg_static,0.8,horizon_h4,33,3,DecisionAware,0.1,0.1838505171838505,1
b03overlap,ov25,agg_static@rho0.8,rep1_ov25_agg_static@rho0.8_b03overlap,1,agg_static,0.8,horizon_h4,33,7,DecisionAware,0.2,0.42342342342342343,1
b03overlap,ov25,agg_static@rho0.8,rep1_ov25_agg_static@rho0.8_b03overlap,1,agg_static,0.8,horizon_h4,33,10,DecisionAware,0.3,0.7525859192525859,1
b03overlap,ov25,agg_static@rho0.8,rep1_ov25_agg_static@rho0.8_b03overlap,1,agg_static,0.8,horizon_h4,33,13,DecisionAware,0.4,0.7567567567567568,1
b03overlap,ov25,agg_static@rho0.8,rep1_ov25_agg_static@rho0.8_b03overlap,1,agg_static,0.8,horizon_h4,33,16,DecisionAware,0.5,0.7567567567567568,1
b03overlap,ov25,agg_static@rho0.8,rep1_ov25_agg_static@rho0.8_b03overlap,1,agg_static,0.8,horizon_h4,33,20,DecisionAware,0.6,0.7650984317650984,1
b03overlap,ov25,agg_static@rho0.8,rep1_ov25_agg_static@rho0.8_b03overlap,1,agg_static,0.8,horizon_h4,33,26,DecisionAware,0.8,0.7734401067734401,1
b03overlap,ov25,agg_static@rho0.8,rep1_ov25_agg_static@rho0.8_b03overlap,1,agg_static,0.8,horizon_h4,33,33,DecisionAware,1.0,1.0,1
b03overlap,ov25,agg_static@rho0.8,rep1_ov25_agg_static@rho0.8_b03overlap,1,agg_static,0.8,horizon_h4,33,3,B02Utility,0.1,0.004170837504170838,1
b03overlap,ov25,agg_static@rho0.8,rep1_ov25_agg_static@rho0.8_b03overlap,1,agg_static,0.8,horizon_h4,33,7,B02Utility,0.2,0.004170837504170838,1
b03overlap,ov25,agg_static@rho0.8,rep1_ov25_agg_static@rho0.8_b03overlap,1,agg_static,0.8,horizon_h4,33,10,B02Utility,0.3,0.012512512512512513,1
b03overlap,ov25,agg_static@rho0.8,rep1_ov25_agg_static@rho0.8_b03overlap,1,agg_static,0.8,horizon_h4,33,13,B02Utility,0.4,0.02085418752085419,1
b03overlap,ov25,agg_static@rho0.8,rep1_ov25_agg_static@rho0.8_b03overlap,1,agg_static,0.8,horizon_h4,33,16,B02Utility,0.5,0.02085418752085419,1
b03overlap,ov25,agg_static@rho0.8,rep1_ov25_agg_static@rho0.8_b03overlap,1,agg_static,0.8,horizon_h4,33,20,B02Utility,0.6,0.49115782449115786,1
b03overlap,ov25,agg_static@rho0.8,rep1_ov25_agg_static@rho0.8_b03overlap,1,agg_static,0.8,horizon_h4,33,26,B02Utility,0.8,0.8333333333333334,1
b03overlap,ov25,agg_static@rho0.8,rep1_ov25_agg_static@rho0.8_b03overlap,1,agg_static,0.8,horizon_h4,33,33,B02Utility,1.0,1.0,1
b03overlap,ov25,agg_static@rho0.8,rep1_ov25_agg_static@rho0.8_b03overlap,1,agg_static,0.8,horizon_h4,33,3,Oracle,0.1,0.49582916249582915,1
b03overlap,ov25,agg_static@rho0.8,rep1_ov25_agg_static@rho0.8_b03overlap,1,agg_static,0.8,horizon_h4,33,7,Oracle,0.2,0.8208208208208209,1
b03overlap,ov25,agg_static@rho0.8,rep1_ov25_agg_static@rho0.8_b03overlap,1,agg_static,0.8,horizon_h4,33,10,Oracle,0.3,0.9791458124791458,1
b03overlap,ov25,agg_static@rho0.8,rep1_ov25_agg_static@rho0.8_b03overlap,1,agg_static,0.8,horizon_h4,33,13,Oracle,0.4,0.9958291624958292,1
b03overlap,ov25,agg_static@rho0.8,rep1_ov25_agg_static@rho0.8_b03overlap,1,agg_static,0.8,horizon_h4,33,16,Oracle,0.5,1.0,1
b03overlap,ov25,agg_static@rho0.8,rep1_ov25_agg_static@rho0.8_b03overlap,1,agg_static,0.8,horizon_h4,33,20,Oracle,0.6,1.0,1
b03overlap,ov25,agg_static@rho0.8,rep1_ov25_agg_static@rho0.8_b03overlap,1,agg_static,0.8,horizon_h4,33,26,Oracle,0.8,1.0,1
b03overlap,ov25,agg_static@rho0.8,rep1_ov25_agg_static@rho0.8_b03overlap,1,agg_static,0.8,horizon_h4,33,33,Oracle,1.0,1.0,1
b03overlap,ov50,agg_static@rho0.8,rep0_ov50_agg_static@rho0.8_b03overlap,0,agg_static,0.8,next_use,53,5,Random,0.1,0.10196814903846153,20
b03overlap,ov50,agg_static@rho0.8,rep0_ov50_agg_static@rho0.8_b03overlap,0,agg_static,0.8,next_use,53,11,Random,0.2,0.2508413461538462,20
b03overlap,ov50,agg_static@rho0.8,rep0_ov50_agg_static@rho0.8_b03overlap,0,agg_static,0.8,next_use,53,16,Random,0.3,0.32579627403846156,20
b03overlap,ov50,agg_static@rho0.8,rep0_ov50_agg_static@rho0.8_b03overlap,0,agg_static,0.8,next_use,53,21,Random,0.4,0.4257512019230769,20
b03overlap,ov50,agg_static@rho0.8,rep0_ov50_agg_static@rho0.8_b03overlap,0,agg_static,0.8,next_use,53,26,Random,0.5,0.5169320913461538,20
b03overlap,ov50,agg_static@rho0.8,rep0_ov50_agg_static@rho0.8_b03overlap,0,agg_static,0.8,next_use,53,32,Random,0.6,0.6272986778846154,20
b03overlap,ov50,agg_static@rho0.8,rep0_ov50_agg_static@rho0.8_b03overlap,0,agg_static,0.8,next_use,53,42,Random,0.8,0.8038461538461538,20
b03overlap,ov50,agg_static@rho0.8,rep0_ov50_agg_static@rho0.8_b03overlap,0,agg_static,0.8,next_use,53,53,Random,1.0,1.0,20
b03overlap,ov50,agg_static@rho0.8,rep0_ov50_agg_static@rho0.8_b03overlap,0,agg_static,0.8,next_use,53,5,Freshness,0.1,0.0,1
b03overlap,ov50,agg_static@rho0.8,rep0_ov50_agg_static@rho0.8_b03overlap,0,agg_static,0.8,next_use,53,11,Freshness,0.2,0.00751201923076923,1
b03overlap,ov50,agg_static@rho0.8,rep0_ov50_agg_static@rho0.8_b03overlap,0,agg_static,0.8,next_use,53,16,Freshness,0.3,0.00751201923076923,1
b03overlap,ov50,agg_static@rho0.8,rep0_ov50_agg_static@rho0.8_b03overlap,0,agg_static,0.8,next_use,53,21,Freshness,0.4,0.01502403846153846,1
b03overlap,ov50,agg_static@rho0.8,rep0_ov50_agg_static@rho0.8_b03overlap,0,agg_static,0.8,next_use,53,26,Freshness,0.5,0.01502403846153846,1
b03overlap,ov50,agg_static@rho0.8,rep0_ov50_agg_static@rho0.8_b03overlap,0,agg_static,0.8,next_use,53,32,Freshness,0.6,0.17638221153846154,1
b03overlap,ov50,agg_static@rho0.8,rep0_ov50_agg_static@rho0.8_b03overlap,0,agg_static,0.8,next_use,53,42,Freshness,0.8,0.8536658653846153,1
b03overlap,ov50,agg_static@rho0.8,rep0_ov50_agg_static@rho0.8_b03overlap,0,agg_static,0.8,next_use,53,53,Freshness,1.0,1.0,1
b03overlap,ov50,agg_static@rho0.8,rep0_ov50_agg_static@rho0.8_b03overlap,0,agg_static,0.8,next_use,53,5,CoverageDelta,0.1,0.0694110576923077,1
b03overlap,ov50,agg_static@rho0.8,rep0_ov50_agg_static@rho0.8_b03overlap,0,agg_static,0.8,next_use,53,11,CoverageDelta,0.2,0.07692307692307693,1
b03overlap,ov50,agg_static@rho0.8,rep0_ov50_agg_static@rho0.8_b03overlap,0,agg_static,0.8,next_use,53,16,CoverageDelta,0.3,0.07692307692307693,1
b03overlap,ov50,agg_static@rho0.8,rep0_ov50_agg_static@rho0.8_b03overlap,0,agg_static,0.8,next_use,53,21,CoverageDelta,0.4,0.08443509615384616,1
b03overlap,ov50,agg_static@rho0.8,rep0_ov50_agg_static@rho0.8_b03overlap,0,agg_static,0.8,next_use,53,26,CoverageDelta,0.5,0.08443509615384616,1
b03overlap,ov50,agg_static@rho0.8,rep0_ov50_agg_static@rho0.8_b03overlap,0,agg_static,0.8,next_use,53,32,CoverageDelta,0.6,0.09945913461538461,1
b03overlap,ov50,agg_static@rho0.8,rep0_ov50_agg_static@rho0.8_b03overlap,0,agg_static,0.8,next_use,53,42,CoverageDelta,0.8,0.8536658653846153,1
b03overlap,ov50,agg_static@rho0.8,rep0_ov50_agg_static@rho0.8_b03overlap,0,agg_static,0.8,next_use,53,53,CoverageDelta,1.0,1.0,1
b03overlap,ov50,agg_static@rho0.8,rep0_ov50_agg_static@rho0.8_b03overlap,0,agg_static,0.8,next_use,53,5,CoverageAdvantage,0.1,0.0694110576923077,1
b03overlap,ov50,agg_static@rho0.8,rep0_ov50_agg_static@rho0.8_b03overlap,0,agg_static,0.8,next_use,53,11,CoverageAdvantage,0.2,0.07692307692307693,1
b03overlap,ov50,agg_static@rho0.8,rep0_ov50_agg_static@rho0.8_b03overlap,0,agg_static,0.8,next_use,53,16,CoverageAdvantage,0.3,0.07692307692307693,1
b03overlap,ov50,agg_static@rho0.8,rep0_ov50_agg_static@rho0.8_b03overlap,0,agg_static,0.8,next_use,53,21,CoverageAdvantage,0.4,0.08443509615384616,1
b03overlap,ov50,agg_static@rho0.8,rep0_ov50_agg_static@rho0.8_b03overlap,0,agg_static,0.8,next_use,53,26,CoverageAdvantage,0.5,0.08443509615384616,1
b03overlap,ov50,agg_static@rho0.8,rep0_ov50_agg_static@rho0.8_b03overlap,0,agg_static,0.8,next_use,53,32,CoverageAdvantage,0.6,0.09945913461538461,1
b03overlap,ov50,agg_static@rho0.8,rep0_ov50_agg_static@rho0.8_b03overlap,0,agg_static,0.8,next_use,53,42,CoverageAdvantage,0.8,0.8536658653846153,1
b03overlap,ov50,agg_static@rho0.8,rep0_ov50_agg_static@rho0.8_b03overlap,0,agg_static,0.8,next_use,53,53,CoverageAdvantage,1.0,1.0,1
b03overlap,ov50,agg_static@rho0.8,rep0_ov50_agg_static@rho0.8_b03overlap,0,agg_static,0.8,next_use,53,5,SimpleCoverageLoad,0.1,0.0694110576923077,1
b03overlap,ov50,agg_static@rho0.8,rep0_ov50_agg_static@rho0.8_b03overlap,0,agg_static,0.8,next_use,53,11,SimpleCoverageLoad,0.2,0.07692307692307693,1
b03overlap,ov50,agg_static@rho0.8,rep0_ov50_agg_static@rho0.8_b03overlap,0,agg_static,0.8,next_use,53,16,SimpleCoverageLoad,0.3,0.07692307692307693,1
b03overlap,ov50,agg_static@rho0.8,rep0_ov50_agg_static@rho0.8_b03overlap,0,agg_static,0.8,next_use,53,21,SimpleCoverageLoad,0.4,0.08443509615384616,1
b03overlap,ov50,agg_static@rho0.8,rep0_ov50_agg_static@rho0.8_b03overlap,0,agg_static,0.8,next_use,53,26,SimpleCoverageLoad,0.5,0.08443509615384616,1
b03overlap,ov50,agg_static@rho0.8,rep0_ov50_agg_static@rho0.8_b03overlap,0,agg_static,0.8,next_use,53,32,SimpleCoverageLoad,0.6,0.09945913461538461,1
b03overlap,ov50,agg_static@rho0.8,rep0_ov50_agg_static@rho0.8_b03overlap,0,agg_static,0.8,next_use,53,42,SimpleCoverageLoad,0.8,0.8536658653846153,1
b03overlap,ov50,agg_static@rho0.8,rep0_ov50_agg_static@rho0.8_b03overlap,0,agg_static,0.8,next_use,53,53,SimpleCoverageLoad,1.0,1.0,1
b03overlap,ov50,agg_static@rho0.8,rep0_ov50_agg_static@rho0.8_b03overlap,0,agg_static,0.8,next_use,53,5,DecisionAware,0.1,0.2157451923076923,1
b03overlap,ov50,agg_static@rho0.8,rep0_ov50_agg_static@rho0.8_b03overlap,0,agg_static,0.8,next_use,53,11,DecisionAware,0.2,0.6697716346153846,1
b03overlap,ov50,agg_static@rho0.8,rep0_ov50_agg_static@rho0.8_b03overlap,0,agg_static,0.8,next_use,53,16,DecisionAware,0.3,0.8236177884615384,1
b03overlap,ov50,agg_static@rho0.8,rep0_ov50_agg_static@rho0.8_b03overlap,0,agg_static,0.8,next_use,53,21,DecisionAware,0.4,0.8311298076923077,1
b03overlap,ov50,agg_static@rho0.8,rep0_ov50_agg_static@rho0.8_b03overlap,0,agg_static,0.8,next_use,53,26,DecisionAware,0.5,0.8311298076923077,1
b03overlap,ov50,agg_static@rho0.8,rep0_ov50_agg_static@rho0.8_b03overlap,0,agg_static,0.8,next_use,53,32,DecisionAware,0.6,0.8386418269230769,1
b03overlap,ov50,agg_static@rho0.8,rep0_ov50_agg_static@rho0.8_b03overlap,0,agg_static,0.8,next_use,53,42,DecisionAware,0.8,0.8536658653846153,1
b03overlap,ov50,agg_static@rho0.8,rep0_ov50_agg_static@rho0.8_b03overlap,0,agg_static,0.8,next_use,53,53,DecisionAware,1.0,1.0,1
b03overlap,ov50,agg_static@rho0.8,rep0_ov50_agg_static@rho0.8_b03overlap,0,agg_static,0.8,next_use,53,5,B02Utility,0.1,0.0,1
b03overlap,ov50,agg_static@rho0.8,rep0_ov50_agg_static@rho0.8_b03overlap,0,agg_static,0.8,next_use,53,11,B02Utility,0.2,0.00751201923076923,1
b03overlap,ov50,agg_static@rho0.8,rep0_ov50_agg_static@rho0.8_b03overlap,0,agg_static,0.8,next_use,53,16,B02Utility,0.3,0.00751201923076923,1
b03overlap,ov50,agg_static@rho0.8,rep0_ov50_agg_static@rho0.8_b03overlap,0,agg_static,0.8,next_use,53,21,B02Utility,0.4,0.08443509615384616,1
b03overlap,ov50,agg_static@rho0.8,rep0_ov50_agg_static@rho0.8_b03overlap,0,agg_static,0.8,next_use,53,26,B02Utility,0.5,0.08443509615384616,1
b03overlap,ov50,agg_static@rho0.8,rep0_ov50_agg_static@rho0.8_b03overlap,0,agg_static,0.8,next_use,53,32,B02Utility,0.6,0.09945913461538461,1
b03overlap,ov50,agg_static@rho0.8,rep0_ov50_agg_static@rho0.8_b03overlap,0,agg_static,0.8,next_use,53,42,B02Utility,0.8,0.5075120192307693,1
b03overlap,ov50,agg_static@rho0.8,rep0_ov50_agg_static@rho0.8_b03overlap,0,agg_static,0.8,next_use,53,53,B02Utility,1.0,1.0,1
b03overlap,ov50,agg_static@rho0.8,rep0_ov50_agg_static@rho0.8_b03overlap,0,agg_static,0.8,next_use,53,5,Oracle,0.1,0.7542067307692308,1
b03overlap,ov50,agg_static@rho0.8,rep0_ov50_agg_static@rho0.8_b03overlap,0,agg_static,0.8,next_use,53,11,Oracle,0.2,0.9699519230769231,1
b03overlap,ov50,agg_static@rho0.8,rep0_ov50_agg_static@rho0.8_b03overlap,0,agg_static,0.8,next_use,53,16,Oracle,0.3,1.0,1
b03overlap,ov50,agg_static@rho0.8,rep0_ov50_agg_static@rho0.8_b03overlap,0,agg_static,0.8,next_use,53,21,Oracle,0.4,1.0,1
b03overlap,ov50,agg_static@rho0.8,rep0_ov50_agg_static@rho0.8_b03overlap,0,agg_static,0.8,next_use,53,26,Oracle,0.5,1.0,1
b03overlap,ov50,agg_static@rho0.8,rep0_ov50_agg_static@rho0.8_b03overlap,0,agg_static,0.8,next_use,53,32,Oracle,0.6,1.0,1
b03overlap,ov50,agg_static@rho0.8,rep0_ov50_agg_static@rho0.8_b03overlap,0,agg_static,0.8,next_use,53,42,Oracle,0.8,1.0,1
b03overlap,ov50,agg_static@rho0.8,rep0_ov50_agg_static@rho0.8_b03overlap,0,agg_static,0.8,next_use,53,53,Oracle,1.0,1.0,1
b03overlap,ov50,agg_static@rho0.8,rep0_ov50_agg_static@rho0.8_b03overlap,0,agg_static,0.8,horizon_h4,53,5,Random,0.1,0.10584795321637427,20
b03overlap,ov50,agg_static@rho0.8,rep0_ov50_agg_static@rho0.8_b03overlap,0,agg_static,0.8,horizon_h4,53,11,Random,0.2,0.2643939393939394,20
b03overlap,ov50,agg_static@rho0.8,rep0_ov50_agg_static@rho0.8_b03overlap,0,agg_static,0.8,horizon_h4,53,16,Random,0.3,0.331658692185008,20
b03overlap,ov50,agg_static@rho0.8,rep0_ov50_agg_static@rho0.8_b03overlap,0,agg_static,0.8,horizon_h4,53,21,Random,0.4,0.42070707070707075,20
b03overlap,ov50,agg_static@rho0.8,rep0_ov50_agg_static@rho0.8_b03overlap,0,agg_static,0.8,horizon_h4,53,26,Random,0.5,0.5139420520999469,20
b03overlap,ov50,agg_static@rho0.8,rep0_ov50_agg_static@rho0.8_b03overlap,0,agg_static,0.8,horizon_h4,53,32,Random,0.6,0.6282163742690059,20
b03overlap,ov50,agg_static@rho0.8,rep0_ov50_agg_static@rho0.8_b03overlap,0,agg_static,0.8,horizon_h4,53,42,Random,0.8,0.8,20
b03overlap,ov50,agg_static@rho0.8,rep0_ov50_agg_static@rho0.8_b03overlap,0,agg_static,0.8,horizon_h4,53,53,Random,1.0,1.0,20
b03overlap,ov50,agg_static@rho0.8,rep0_ov50_agg_static@rho0.8_b03overlap,0,agg_static,0.8,horizon_h4,53,5,Freshness,0.1,0.0,1
b03overlap,ov50,agg_static@rho0.8,rep0_ov50_agg_static@rho0.8_b03overlap,0,agg_static,0.8,horizon_h4,53,11,Freshness,0.2,0.013290802764486976,1
b03overlap,ov50,agg_static@rho0.8,rep0_ov50_agg_static@rho0.8_b03overlap,0,agg_static,0.8,horizon_h4,53,16,Freshness,0.3,0.013290802764486976,1
b03overlap,ov50,agg_static@rho0.8,rep0_ov50_agg_static@rho0.8_b03overlap,0,agg_static,0.8,horizon_h4,53,21,Freshness,0.4,0.026581605528973953,1
b03overlap,ov50,agg_static@rho0.8,rep0_ov50_agg_static@rho0.8_b03overlap,0,agg_static,0.8,horizon_h4,53,26,Freshness,0.5,0.026581605528973953,1
b03overlap,ov50,agg_static@rho0.8,rep0_ov50_agg_static@rho0.8_b03overlap,0,agg_static,0.8,horizon_h4,53,32,Freshness,0.6,0.16932482721956407,1
b03overlap,ov50,agg_static@rho0.8,rep0_ov50_agg_static@rho0.8_b03overlap,0,agg_static,0.8,horizon_h4,53,42,Freshness,0.8,0.9045720361509836,1
b03overlap,ov50,agg_static@rho0.8,rep0_ov50_agg_static@rho0.8_b03overlap,0,agg_static,0.8,horizon_h4,53,53,Freshness,1.0,1.0,1
b03overlap,ov50,agg_static@rho0.8,rep0_ov50_agg_static@rho0.8_b03overlap,0,agg_static,0.8,horizon_h4,53,5,CoverageDelta,0.1,0.06140350877192983,1
b03overlap,ov50,agg_static@rho0.8,rep0_ov50_agg_static@rho0.8_b03overlap,0,agg_static,0.8,horizon_h4,53,11,CoverageDelta,0.2,0.0746943115364168,1
b03overlap,ov50,agg_static@rho0.8,rep0_ov50_agg_static@rho0.8_b03overlap,0,agg_static,0.8,horizon_h4,53,16,CoverageDelta,0.3,0.0746943115364168,1
b03overlap,ov50,agg_static@rho0.8,rep0_ov50_agg_static@rho0.8_b03overlap,0,agg_static,0.8,horizon_h4,53,21,CoverageDelta,0.4,0.08798511430090378,1
b03overlap,ov50,agg_static@rho0.8,rep0_ov50_agg_static@rho0.8_b03overlap,0,agg_static,0.8,horizon_h4,53,26,CoverageDelta,0.5,0.08798511430090378,1
b03overlap,ov50,agg_static@rho0.8,rep0_ov50_agg_static@rho0.8_b03overlap,0,agg_static,0.8,horizon_h4,53,32,CoverageDelta,0.6,0.10127591706539076,1
b03overlap,ov50,agg_static@rho0.8,rep0_ov50_agg_static@rho0.8_b03overlap,0,agg_static,0.8,horizon_h4,53,42,CoverageDelta,0.8,0.9045720361509836,1
b03overlap,ov50,agg_static@rho0.8,rep0_ov50_agg_static@rho0.8_b03overlap,0,agg_static,0.8,horizon_h4,53,53,CoverageDelta,1.0,1.0,1
b03overlap,ov50,agg_static@rho0.8,rep0_ov50_agg_static@rho0.8_b03overlap,0,agg_static,0.8,horizon_h4,53,5,CoverageAdvantage,0.1,0.06140350877192983,1
b03overlap,ov50,agg_static@rho0.8,rep0_ov50_agg_static@rho0.8_b03overlap,0,agg_static,0.8,horizon_h4,53,11,CoverageAdvantage,0.2,0.0746943115364168,1
b03overlap,ov50,agg_static@rho0.8,rep0_ov50_agg_static@rho0.8_b03overlap,0,agg_static,0.8,horizon_h4,53,16,CoverageAdvantage,0.3,0.0746943115364168,1
b03overlap,ov50,agg_static@rho0.8,rep0_ov50_agg_static@rho0.8_b03overlap,0,agg_static,0.8,horizon_h4,53,21,CoverageAdvantage,0.4,0.08798511430090378,1
b03overlap,ov50,agg_static@rho0.8,rep0_ov50_agg_static@rho0.8_b03overlap,0,agg_static,0.8,horizon_h4,53,26,CoverageAdvantage,0.5,0.08798511430090378,1
b03overlap,ov50,agg_static@rho0.8,rep0_ov50_agg_static@rho0.8_b03overlap,0,agg_static,0.8,horizon_h4,53,32,CoverageAdvantage,0.6,0.10127591706539076,1
b03overlap,ov50,agg_static@rho0.8,rep0_ov50_agg_static@rho0.8_b03overlap,0,agg_static,0.8,horizon_h4,53,42,CoverageAdvantage,0.8,0.9045720361509836,1
b03overlap,ov50,agg_static@rho0.8,rep0_ov50_agg_static@rho0.8_b03overlap,0,agg_static,0.8,horizon_h4,53,53,CoverageAdvantage,1.0,1.0,1
b03overlap,ov50,agg_static@rho0.8,rep0_ov50_agg_static@rho0.8_b03overlap,0,agg_static,0.8,horizon_h4,53,5,SimpleCoverageLoad,0.1,0.06140350877192983,1
b03overlap,ov50,agg_static@rho0.8,rep0_ov50_agg_static@rho0.8_b03overlap,0,agg_static,0.8,horizon_h4,53,11,SimpleCoverageLoad,0.2,0.0746943115364168,1
b03overlap,ov50,agg_static@rho0.8,rep0_ov50_agg_static@rho0.8_b03overlap,0,agg_static,0.8,horizon_h4,53,16,SimpleCoverageLoad,0.3,0.0746943115364168,1
b03overlap,ov50,agg_static@rho0.8,rep0_ov50_agg_static@rho0.8_b03overlap,0,agg_static,0.8,horizon_h4,53,21,SimpleCoverageLoad,0.4,0.08798511430090378,1
b03overlap,ov50,agg_static@rho0.8,rep0_ov50_agg_static@rho0.8_b03overlap,0,agg_static,0.8,horizon_h4,53,26,SimpleCoverageLoad,0.5,0.08798511430090378,1
b03overlap,ov50,agg_static@rho0.8,rep0_ov50_agg_static@rho0.8_b03overlap,0,agg_static,0.8,horizon_h4,53,32,SimpleCoverageLoad,0.6,0.10127591706539076,1
b03overlap,ov50,agg_static@rho0.8,rep0_ov50_agg_static@rho0.8_b03overlap,0,agg_static,0.8,horizon_h4,53,42,SimpleCoverageLoad,0.8,0.9045720361509836,1
b03overlap,ov50,agg_static@rho0.8,rep0_ov50_agg_static@rho0.8_b03overlap,0,agg_static,0.8,horizon_h4,53,53,SimpleCoverageLoad,1.0,1.0,1
b03overlap,ov50,agg_static@rho0.8,rep0_ov50_agg_static@rho0.8_b03overlap,0,agg_static,0.8,horizon_h4,53,5,DecisionAware,0.1,0.19085592769803297,1
b03overlap,ov50,agg_static@rho0.8,rep0_ov50_agg_static@rho0.8_b03overlap,0,agg_static,0.8,horizon_h4,53,11,DecisionAware,0.2,0.728601807549176,1
b03overlap,ov50,agg_static@rho0.8,rep0_ov50_agg_static@rho0.8_b03overlap,0,agg_static,0.8,horizon_h4,53,16,DecisionAware,0.3,0.8646996278575226,1
b03overlap,ov50,agg_static@rho0.8,rep0_ov50_agg_static@rho0.8_b03overlap,0,agg_static,0.8,horizon_h4,53,21,DecisionAware,0.4,0.8779904306220097,1
b03overlap,ov50,agg_static@rho0.8,rep0_ov50_agg_static@rho0.8_b03overlap,0,agg_static,0.8,horizon_h4,53,26,DecisionAware,0.5,0.8779904306220097,1
b03overlap,ov50,agg_static@rho0.8,rep0_ov50_agg_static@rho0.8_b03overlap,0,agg_static,0.8,horizon_h4,53,32,DecisionAware,0.6,0.8912812333864967,1
b03overlap,ov50,agg_static@rho0.8,rep0_ov50_agg_static@rho0.8_b03overlap,0,agg_static,0.8,horizon_h4,53,42,DecisionAware,0.8,0.9045720361509836,1
b03overlap,ov50,agg_static@rho0.8,rep0_ov50_agg_static@rho0.8_b03overlap,0,agg_static,0.8,horizon_h4,53,53,DecisionAware,1.0,1.0,1
b03overlap,ov50,agg_static@rho0.8,rep0_ov50_agg_static@rho0.8_b03overlap,0,agg_static,0.8,horizon_h4,53,5,B02Utility,0.1,0.0,1
b03overlap,ov50,agg_static@rho0.8,rep0_ov50_agg_static@rho0.8_b03overlap,0,agg_static,0.8,horizon_h4,53,11,B02Utility,0.2,0.013290802764486976,1
b03overlap,ov50,agg_static@rho0.8,rep0_ov50_agg_static@rho0.8_b03overlap,0,agg_static,0.8,horizon_h4,53,16,B02Utility,0.3,0.013290802764486976,1
b03overlap,ov50,agg_static@rho0.8,rep0_ov50_agg_static@rho0.8_b03overlap,0,agg_static,0.8,horizon_h4,53,21,B02Utility,0.4,0.08798511430090378,1
b03overlap,ov50,agg_static@rho0.8,rep0_ov50_agg_static@rho0.8_b03overlap,0,agg_static,0.8,horizon_h4,53,26,B02Utility,0.5,0.08798511430090378,1
b03overlap,ov50,agg_static@rho0.8,rep0_ov50_agg_static@rho0.8_b03overlap,0,agg_static,0.8,horizon_h4,53,32,B02Utility,0.6,0.10127591706539076,1
b03overlap,ov50,agg_static@rho0.8,rep0_ov50_agg_static@rho0.8_b03overlap,0,agg_static,0.8,horizon_h4,53,42,B02Utility,0.8,0.46225412014885703,1
b03overlap,ov50,agg_static@rho0.8,rep0_ov50_agg_static@rho0.8_b03overlap,0,agg_static,0.8,horizon_h4,53,53,B02Utility,1.0,1.0,1
b03overlap,ov50,agg_static@rho0.8,rep0_ov50_agg_static@rho0.8_b03overlap,0,agg_static,0.8,horizon_h4,53,5,Oracle,0.1,0.6738437001594897,1
b03overlap,ov50,agg_static@rho0.8,rep0_ov50_agg_static@rho0.8_b03overlap,0,agg_static,0.8,horizon_h4,53,11,Oracle,0.2,0.960127591706539,1
b03overlap,ov50,agg_static@rho0.8,rep0_ov50_agg_static@rho0.8_b03overlap,0,agg_static,0.8,horizon_h4,53,16,Oracle,0.3,1.0,1
b03overlap,ov50,agg_static@rho0.8,rep0_ov50_agg_static@rho0.8_b03overlap,0,agg_static,0.8,horizon_h4,53,21,Oracle,0.4,1.0,1
b03overlap,ov50,agg_static@rho0.8,rep0_ov50_agg_static@rho0.8_b03overlap,0,agg_static,0.8,horizon_h4,53,26,Oracle,0.5,1.0,1
b03overlap,ov50,agg_static@rho0.8,rep0_ov50_agg_static@rho0.8_b03overlap,0,agg_static,0.8,horizon_h4,53,32,Oracle,0.6,1.0,1
b03overlap,ov50,agg_static@rho0.8,rep0_ov50_agg_static@rho0.8_b03overlap,0,agg_static,0.8,horizon_h4,53,42,Oracle,0.8,1.0,1
b03overlap,ov50,agg_static@rho0.8,rep0_ov50_agg_static@rho0.8_b03overlap,0,agg_static,0.8,horizon_h4,53,53,Oracle,1.0,1.0,1
b03overlap,ov50,agg_full@rho0.8,rep0_ov50_agg_full@rho0.8_b03overlap,0,agg_full,0.8,next_use,35,4,Random,0.1,0.09425287356321839,20
b03overlap,ov50,agg_full@rho0.8,rep0_ov50_agg_full@rho0.8_b03overlap,0,agg_full,0.8,next_use,35,7,Random,0.2,0.199272030651341,20
b03overlap,ov50,agg_full@rho0.8,rep0_ov50_agg_full@rho0.8_b03overlap,0,agg_full,0.8,next_use,35,10,Random,0.3,0.2953256704980843,20
b03overlap,ov50,agg_full@rho0.8,rep0_ov50_agg_full@rho0.8_b03overlap,0,agg_full,0.8,next_use,35,14,Random,0.4,0.3776245210727969,20
b03overlap,ov50,agg_full@rho0.8,rep0_ov50_agg_full@rho0.8_b03overlap,0,agg_full,0.8,next_use,35,18,Random,0.5,0.47379310344827585,20
b03overlap,ov50,agg_full@rho0.8,rep0_ov50_agg_full@rho0.8_b03overlap,0,agg_full,0.8,next_use,35,21,Random,0.6,0.5855172413793103,20
b03overlap,ov50,agg_full@rho0.8,rep0_ov50_agg_full@rho0.8_b03overlap,0,agg_full,0.8,next_use,35,28,Random,0.8,0.8168582375478927,20
b03overlap,ov50,agg_full@rho0.8,rep0_ov50_agg_full@rho0.8_b03overlap,0,agg_full,0.8,next_use,35,35,Random,1.0,1.0,20
b03overlap,ov50,agg_full@rho0.8,rep0_ov50_agg_full@rho0.8_b03overlap,0,agg_full,0.8,next_use,35,4,Freshness,0.1,0.0,1
b03overlap,ov50,agg_full@rho0.8,rep0_ov50_agg_full@rho0.8_b03overlap,0,agg_full,0.8,next_use,35,7,Freshness,0.2,0.0,1
b03overlap,ov50,agg_full@rho0.8,rep0_ov50_agg_full@rho0.8_b03overlap,0,agg_full,0.8,next_use,35,10,Freshness,0.3,0.0,1
b03overlap,ov50,agg_full@rho0.8,rep0_ov50_agg_full@rho0.8_b03overlap,0,agg_full,0.8,next_use,35,14,Freshness,0.4,0.019157088122605363,1
b03overlap,ov50,agg_full@rho0.8,rep0_ov50_agg_full@rho0.8_b03overlap,0,agg_full,0.8,next_use,35,18,Freshness,0.5,0.019157088122605363,1
b03overlap,ov50,agg_full@rho0.8,rep0_ov50_agg_full@rho0.8_b03overlap,0,agg_full,0.8,next_use,35,21,Freshness,0.6,0.038314176245210725,1
b03overlap,ov50,agg_full@rho0.8,rep0_ov50_agg_full@rho0.8_b03overlap,0,agg_full,0.8,next_use,35,28,Freshness,0.8,0.9019157088122605,1
b03overlap,ov50,agg_full@rho0.8,rep0_ov50_agg_full@rho0.8_b03overlap,0,agg_full,0.8,next_use,35,35,Freshness,1.0,1.0,1
b03overlap,ov50,agg_full@rho0.8,rep0_ov50_agg_full@rho0.8_b03overlap,0,agg_full,0.8,next_use,35,4,CoverageDelta,0.1,0.0,1
b03overlap,ov50,agg_full@rho0.8,rep0_ov50_agg_full@rho0.8_b03overlap,0,agg_full,0.8,next_use,35,7,CoverageDelta,0.2,0.0,1
b03overlap,ov50,agg_full@rho0.8,rep0_ov50_agg_full@rho0.8_b03overlap,0,agg_full,0.8,next_use,35,10,CoverageDelta,0.3,0.0,1
b03overlap,ov50,agg_full@rho0.8,rep0_ov50_agg_full@rho0.8_b03overlap,0,agg_full,0.8,next_use,35,14,CoverageDelta,0.4,0.019157088122605363,1
b03overlap,ov50,agg_full@rho0.8,rep0_ov50_agg_full@rho0.8_b03overlap,0,agg_full,0.8,next_use,35,18,CoverageDelta,0.5,0.019157088122605363,1
b03overlap,ov50,agg_full@rho0.8,rep0_ov50_agg_full@rho0.8_b03overlap,0,agg_full,0.8,next_use,35,21,CoverageDelta,0.6,0.038314176245210725,1
b03overlap,ov50,agg_full@rho0.8,rep0_ov50_agg_full@rho0.8_b03overlap,0,agg_full,0.8,next_use,35,28,CoverageDelta,0.8,0.9210727969348658,1
b03overlap,ov50,agg_full@rho0.8,rep0_ov50_agg_full@rho0.8_b03overlap,0,agg_full,0.8,next_use,35,35,CoverageDelta,1.0,1.0,1
b03overlap,ov50,agg_full@rho0.8,rep0_ov50_agg_full@rho0.8_b03overlap,0,agg_full,0.8,next_use,35,4,CoverageAdvantage,0.1,0.11724137931034483,1
b03overlap,ov50,agg_full@rho0.8,rep0_ov50_agg_full@rho0.8_b03overlap,0,agg_full,0.8,next_use,35,7,CoverageAdvantage,0.2,0.11724137931034483,1
b03overlap,ov50,agg_full@rho0.8,rep0_ov50_agg_full@rho0.8_b03overlap,0,agg_full,0.8,next_use,35,10,CoverageAdvantage,0.3,0.11724137931034483,1
b03overlap,ov50,agg_full@rho0.8,rep0_ov50_agg_full@rho0.8_b03overlap,0,agg_full,0.8,next_use,35,14,CoverageAdvantage,0.4,0.11724137931034483,1
b03overlap,ov50,agg_full@rho0.8,rep0_ov50_agg_full@rho0.8_b03overlap,0,agg_full,0.8,next_use,35,18,CoverageAdvantage,0.5,0.1363984674329502,1
b03overlap,ov50,agg_full@rho0.8,rep0_ov50_agg_full@rho0.8_b03overlap,0,agg_full,0.8,next_use,35,21,CoverageAdvantage,0.6,0.1363984674329502,1
b03overlap,ov50,agg_full@rho0.8,rep0_ov50_agg_full@rho0.8_b03overlap,0,agg_full,0.8,next_use,35,28,CoverageAdvantage,0.8,0.5287356321839081,1
b03overlap,ov50,agg_full@rho0.8,rep0_ov50_agg_full@rho0.8_b03overlap,0,agg_full,0.8,next_use,35,35,CoverageAdvantage,1.0,1.0,1
b03overlap,ov50,agg_full@rho0.8,rep0_ov50_agg_full@rho0.8_b03overlap,0,agg_full,0.8,next_use,35,4,SimpleCoverageLoad,0.1,0.11724137931034483,1
b03overlap,ov50,agg_full@rho0.8,rep0_ov50_agg_full@rho0.8_b03overlap,0,agg_full,0.8,next_use,35,7,SimpleCoverageLoad,0.2,0.11724137931034483,1
b03overlap,ov50,agg_full@rho0.8,rep0_ov50_agg_full@rho0.8_b03overlap,0,agg_full,0.8,next_use,35,10,SimpleCoverageLoad,0.3,0.11724137931034483,1
b03overlap,ov50,agg_full@rho0.8,rep0_ov50_agg_full@rho0.8_b03overlap,0,agg_full,0.8,next_use,35,14,SimpleCoverageLoad,0.4,0.11724137931034483,1
b03overlap,ov50,agg_full@rho0.8,rep0_ov50_agg_full@rho0.8_b03overlap,0,agg_full,0.8,next_use,35,18,SimpleCoverageLoad,0.5,0.1363984674329502,1
b03overlap,ov50,agg_full@rho0.8,rep0_ov50_agg_full@rho0.8_b03overlap,0,agg_full,0.8,next_use,35,21,SimpleCoverageLoad,0.6,0.1363984674329502,1
b03overlap,ov50,agg_full@rho0.8,rep0_ov50_agg_full@rho0.8_b03overlap,0,agg_full,0.8,next_use,35,28,SimpleCoverageLoad,0.8,0.5287356321839081,1
b03overlap,ov50,agg_full@rho0.8,rep0_ov50_agg_full@rho0.8_b03overlap,0,agg_full,0.8,next_use,35,35,SimpleCoverageLoad,1.0,1.0,1
b03overlap,ov50,agg_full@rho0.8,rep0_ov50_agg_full@rho0.8_b03overlap,0,agg_full,0.8,next_use,35,4,DecisionAware,0.1,0.11724137931034483,1
b03overlap,ov50,agg_full@rho0.8,rep0_ov50_agg_full@rho0.8_b03overlap,0,agg_full,0.8,next_use,35,7,DecisionAware,0.2,0.4904214559386973,1
b03overlap,ov50,agg_full@rho0.8,rep0_ov50_agg_full@rho0.8_b03overlap,0,agg_full,0.8,next_use,35,10,DecisionAware,0.3,0.882758620689655,1
b03overlap,ov50,agg_full@rho0.8,rep0_ov50_agg_full@rho0.8_b03overlap,0,agg_full,0.8,next_use,35,14,DecisionAware,0.4,0.882758620689655,1
b03overlap,ov50,agg_full@rho0.8,rep0_ov50_agg_full@rho0.8_b03overlap,0,agg_full,0.8,next_use,35,18,DecisionAware,0.5,0.882758620689655,1
b03overlap,ov50,agg_full@rho0.8,rep0_ov50_agg_full@rho0.8_b03overlap,0,agg_full,0.8,next_use,35,21,DecisionAware,0.6,0.9019157088122605,1
b03overlap,ov50,agg_full@rho0.8,rep0_ov50_agg_full@rho0.8_b03overlap,0,agg_full,0.8,next_use,35,28,DecisionAware,0.8,0.9019157088122605,1
b03overlap,ov50,agg_full@rho0.8,rep0_ov50_agg_full@rho0.8_b03overlap,0,agg_full,0.8,next_use,35,35,DecisionAware,1.0,1.0,1
b03overlap,ov50,agg_full@rho0.8,rep0_ov50_agg_full@rho0.8_b03overlap,0,agg_full,0.8,next_use,35,4,B02Utility,0.1,0.0,1
b03overlap,ov50,agg_full@rho0.8,rep0_ov50_agg_full@rho0.8_b03overlap,0,agg_full,0.8,next_use,35,7,B02Utility,0.2,0.09808429118773947,1
b03overlap,ov50,agg_full@rho0.8,rep0_ov50_agg_full@rho0.8_b03overlap,0,agg_full,0.8,next_use,35,10,B02Utility,0.3,0.47126436781609193,1
b03overlap,ov50,agg_full@rho0.8,rep0_ov50_agg_full@rho0.8_b03overlap,0,agg_full,0.8,next_use,35,14,B02Utility,0.4,0.47126436781609193,1
b03overlap,ov50,agg_full@rho0.8,rep0_ov50_agg_full@rho0.8_b03overlap,0,agg_full,0.8,next_use,35,18,B02Utility,0.5,0.4904214559386973,1
b03overlap,ov50,agg_full@rho0.8,rep0_ov50_agg_full@rho0.8_b03overlap,0,agg_full,0.8,next_use,35,21,B02Utility,0.6,0.5095785440613027,1
b03overlap,ov50,agg_full@rho0.8,rep0_ov50_agg_full@rho0.8_b03overlap,0,agg_full,0.8,next_use,35,28,B02Utility,0.8,0.9019157088122605,1
b03overlap,ov50,agg_full@rho0.8,rep0_ov50_agg_full@rho0.8_b03overlap,0,agg_full,0.8,next_use,35,35,B02Utility,1.0,1.0,1
b03overlap,ov50,agg_full@rho0.8,rep0_ov50_agg_full@rho0.8_b03overlap,0,agg_full,0.8,next_use,35,4,Oracle,0.1,0.9425287356321839,1
b03overlap,ov50,agg_full@rho0.8,rep0_ov50_agg_full@rho0.8_b03overlap,0,agg_full,0.8,next_use,35,7,Oracle,0.2,1.0,1
b03overlap,ov50,agg_full@rho0.8,rep0_ov50_agg_full@rho0.8_b03overlap,0,agg_full,0.8,next_use,35,10,Oracle,0.3,1.0,1
b03overlap,ov50,agg_full@rho0.8,rep0_ov50_agg_full@rho0.8_b03overlap,0,agg_full,0.8,next_use,35,14,Oracle,0.4,1.0,1
b03overlap,ov50,agg_full@rho0.8,rep0_ov50_agg_full@rho0.8_b03overlap,0,agg_full,0.8,next_use,35,18,Oracle,0.5,1.0,1
b03overlap,ov50,agg_full@rho0.8,rep0_ov50_agg_full@rho0.8_b03overlap,0,agg_full,0.8,next_use,35,21,Oracle,0.6,1.0,1
b03overlap,ov50,agg_full@rho0.8,rep0_ov50_agg_full@rho0.8_b03overlap,0,agg_full,0.8,next_use,35,28,Oracle,0.8,1.0,1
b03overlap,ov50,agg_full@rho0.8,rep0_ov50_agg_full@rho0.8_b03overlap,0,agg_full,0.8,next_use,35,35,Oracle,1.0,1.0,1
b03overlap,ov50,agg_full@rho0.8,rep0_ov50_agg_full@rho0.8_b03overlap,0,agg_full,0.8,horizon_h4,35,4,Random,0.1,0.09436090225563909,20
b03overlap,ov50,agg_full@rho0.8,rep0_ov50_agg_full@rho0.8_b03overlap,0,agg_full,0.8,horizon_h4,35,7,Random,0.2,0.19740601503759397,20
b03overlap,ov50,agg_full@rho0.8,rep0_ov50_agg_full@rho0.8_b03overlap,0,agg_full,0.8,horizon_h4,35,10,Random,0.3,0.29353383458646615,20
b03overlap,ov50,agg_full@rho0.8,rep0_ov50_agg_full@rho0.8_b03overlap,0,agg_full,0.8,horizon_h4,35,14,Random,0.4,0.3752255639097744,20
b03overlap,ov50,agg_full@rho0.8,rep0_ov50_agg_full@rho0.8_b03overlap,0,agg_full,0.8,horizon_h4,35,18,Random,0.5,0.4733458646616541,20
b03overlap,ov50,agg_full@rho0.8,rep0_ov50_agg_full@rho0.8_b03overlap,0,agg_full,0.8,horizon_h4,35,21,Random,0.6,0.5857894736842105,20
b03overlap,ov50,agg_full@rho0.8,rep0_ov50_agg_full@rho0.8_b03overlap,0,agg_full,0.8,horizon_h4,35,28,Random,0.8,0.8165413533834586,20
b03overlap,ov50,agg_full@rho0.8,rep0_ov50_agg_full@rho0.8_b03overlap,0,agg_full,0.8,horizon_h4,35,35,Random,1.0,1.0,20
b03overlap,ov50,agg_full@rho0.8,rep0_ov50_agg_full@rho0.8_b03overlap,0,agg_full,0.8,horizon_h4,35,4,Freshness,0.1,0.018796992481203006,1
b03overlap,ov50,agg_full@rho0.8,rep0_ov50_agg_full@rho0.8_b03overlap,0,agg_full,0.8,horizon_h4,35,7,Freshness,0.2,0.018796992481203006,1
b03overlap,ov50,agg_full@rho0.8,rep0_ov50_agg_full@rho0.8_b03overlap,0,agg_full,0.8,horizon_h4,35,10,Freshness,0.3,0.018796992481203006,1
b03overlap,ov50,agg_full@rho0.8,rep0_ov50_agg_full@rho0.8_b03overlap,0,agg_full,0.8,horizon_h4,35,14,Freshness,0.4,0.03759398496240601,1
b03overlap,ov50,agg_full@rho0.8,rep0_ov50_agg_full@rho0.8_b03overlap,0,agg_full,0.8,horizon_h4,35,18,Freshness,0.5,0.03759398496240601,1
b03overlap,ov50,agg_full@rho0.8,rep0_ov50_agg_full@rho0.8_b03overlap,0,agg_full,0.8,horizon_h4,35,21,Freshness,0.6,0.05639097744360902,1
b03overlap,ov50,agg_full@rho0.8,rep0_ov50_agg_full@rho0.8_b03overlap,0,agg_full,0.8,horizon_h4,35,28,Freshness,0.8,0.9037593984962405,1
b03overlap,ov50,agg_full@rho0.8,rep0_ov50_agg_full@rho0.8_b03overlap,0,agg_full,0.8,horizon_h4,35,35,Freshness,1.0,1.0,1
b03overlap,ov50,agg_full@rho0.8,rep0_ov50_agg_full@rho0.8_b03overlap,0,agg_full,0.8,horizon_h4,35,4,CoverageDelta,0.1,0.018796992481203006,1
b03overlap,ov50,agg_full@rho0.8,rep0_ov50_agg_full@rho0.8_b03overlap,0,agg_full,0.8,horizon_h4,35,7,CoverageDelta,0.2,0.018796992481203006,1
b03overlap,ov50,agg_full@rho0.8,rep0_ov50_agg_full@rho0.8_b03overlap,0,agg_full,0.8,horizon_h4,35,10,CoverageDelta,0.3,0.018796992481203006,1
b03overlap,ov50,agg_full@rho0.8,rep0_ov50_agg_full@rho0.8_b03overlap,0,agg_full,0.8,horizon_h4,35,14,CoverageDelta,0.4,0.03759398496240601,1
b03overlap,ov50,agg_full@rho0.8,rep0_ov50_agg_full@rho0.8_b03overlap,0,agg_full,0.8,horizon_h4,35,18,CoverageDelta,0.5,0.03759398496240601,1
b03overlap,ov50,agg_full@rho0.8,rep0_ov50_agg_full@rho0.8_b03overlap,0,agg_full,0.8,horizon_h4,35,21,CoverageDelta,0.6,0.05639097744360902,1
b03overlap,ov50,agg_full@rho0.8,rep0_ov50_agg_full@rho0.8_b03overlap,0,agg_full,0.8,horizon_h4,35,28,CoverageDelta,0.8,0.9225563909774436,1
b03overlap,ov50,agg_full@rho0.8,rep0_ov50_agg_full@rho0.8_b03overlap,0,agg_full,0.8,horizon_h4,35,35,CoverageDelta,1.0,1.0,1
b03overlap,ov50,agg_full@rho0.8,rep0_ov50_agg_full@rho0.8_b03overlap,0,agg_full,0.8,horizon_h4,35,4,CoverageAdvantage,0.1,0.1150375939849624,1
b03overlap,ov50,agg_full@rho0.8,rep0_ov50_agg_full@rho0.8_b03overlap,0,agg_full,0.8,horizon_h4,35,7,CoverageAdvantage,0.2,0.13383458646616542,1
b03overlap,ov50,agg_full@rho0.8,rep0_ov50_agg_full@rho0.8_b03overlap,0,agg_full,0.8,horizon_h4,35,10,CoverageAdvantage,0.3,0.13383458646616542,1
b03overlap,ov50,agg_full@rho0.8,rep0_ov50_agg_full@rho0.8_b03overlap,0,agg_full,0.8,horizon_h4,35,14,CoverageAdvantage,0.4,0.13383458646616542,1
b03overlap,ov50,agg_full@rho0.8,rep0_ov50_agg_full@rho0.8_b03overlap,0,agg_full,0.8,horizon_h4,35,18,CoverageAdvantage,0.5,0.15263157894736842,1
b03overlap,ov50,agg_full@rho0.8,rep0_ov50_agg_full@rho0.8_b03overlap,0,agg_full,0.8,horizon_h4,35,21,CoverageAdvantage,0.6,0.15263157894736842,1
b03overlap,ov50,agg_full@rho0.8,rep0_ov50_agg_full@rho0.8_b03overlap,0,agg_full,0.8,horizon_h4,35,28,CoverageAdvantage,0.8,0.5375939849624061,1
b03overlap,ov50,agg_full@rho0.8,rep0_ov50_agg_full@rho0.8_b03overlap,0,agg_full,0.8,horizon_h4,35,35,CoverageAdvantage,1.0,1.0,1
b03overlap,ov50,agg_full@rho0.8,rep0_ov50_agg_full@rho0.8_b03overlap,0,agg_full,0.8,horizon_h4,35,4,SimpleCoverageLoad,0.1,0.1150375939849624,1
b03overlap,ov50,agg_full@rho0.8,rep0_ov50_agg_full@rho0.8_b03overlap,0,agg_full,0.8,horizon_h4,35,7,SimpleCoverageLoad,0.2,0.13383458646616542,1
b03overlap,ov50,agg_full@rho0.8,rep0_ov50_agg_full@rho0.8_b03overlap,0,agg_full,0.8,horizon_h4,35,10,SimpleCoverageLoad,0.3,0.13383458646616542,1
b03overlap,ov50,agg_full@rho0.8,rep0_ov50_agg_full@rho0.8_b03overlap,0,agg_full,0.8,horizon_h4,35,14,SimpleCoverageLoad,0.4,0.13383458646616542,1
b03overlap,ov50,agg_full@rho0.8,rep0_ov50_agg_full@rho0.8_b03overlap,0,agg_full,0.8,horizon_h4,35,18,SimpleCoverageLoad,0.5,0.15263157894736842,1
b03overlap,ov50,agg_full@rho0.8,rep0_ov50_agg_full@rho0.8_b03overlap,0,agg_full,0.8,horizon_h4,35,21,SimpleCoverageLoad,0.6,0.15263157894736842,1
b03overlap,ov50,agg_full@rho0.8,rep0_ov50_agg_full@rho0.8_b03overlap,0,agg_full,0.8,horizon_h4,35,28,SimpleCoverageLoad,0.8,0.5375939849624061,1
b03overlap,ov50,agg_full@rho0.8,rep0_ov50_agg_full@rho0.8_b03overlap,0,agg_full,0.8,horizon_h4,35,35,SimpleCoverageLoad,1.0,1.0,1
b03overlap,ov50,agg_full@rho0.8,rep0_ov50_agg_full@rho0.8_b03overlap,0,agg_full,0.8,horizon_h4,35,4,DecisionAware,0.1,0.1150375939849624,1
b03overlap,ov50,agg_full@rho0.8,rep0_ov50_agg_full@rho0.8_b03overlap,0,agg_full,0.8,horizon_h4,35,7,DecisionAware,0.2,0.48120300751879697,1
b03overlap,ov50,agg_full@rho0.8,rep0_ov50_agg_full@rho0.8_b03overlap,0,agg_full,0.8,horizon_h4,35,10,DecisionAware,0.3,0.8849624060150375,1
b03overlap,ov50,agg_full@rho0.8,rep0_ov50_agg_full@rho0.8_b03overlap,0,agg_full,0.8,horizon_h4,35,14,DecisionAware,0.4,0.8849624060150375,1
b03overlap,ov50,agg_full@rho0.8,rep0_ov50_agg_full@rho0.8_b03overlap,0,agg_full,0.8,horizon_h4,35,18,DecisionAware,0.5,0.8849624060150375,1
b03overlap,ov50,agg_full@rho0.8,rep0_ov50_agg_full@rho0.8_b03overlap,0,agg_full,0.8,horizon_h4,35,21,DecisionAware,0.6,0.9037593984962405,1
b03overlap,ov50,agg_full@rho0.8,rep0_ov50_agg_full@rho0.8_b03overlap,0,agg_full,0.8,horizon_h4,35,28,DecisionAware,0.8,0.9037593984962405,1
b03overlap,ov50,agg_full@rho0.8,rep0_ov50_agg_full@rho0.8_b03overlap,0,agg_full,0.8,horizon_h4,35,35,DecisionAware,1.0,1.0,1
b03overlap,ov50,agg_full@rho0.8,rep0_ov50_agg_full@rho0.8_b03overlap,0,agg_full,0.8,horizon_h4,35,4,B02Utility,0.1,0.018796992481203006,1
b03overlap,ov50,agg_full@rho0.8,rep0_ov50_agg_full@rho0.8_b03overlap,0,agg_full,0.8,horizon_h4,35,7,B02Utility,0.2,0.1150375939849624,1
b03overlap,ov50,agg_full@rho0.8,rep0_ov50_agg_full@rho0.8_b03overlap,0,agg_full,0.8,horizon_h4,35,10,B02Utility,0.3,0.48120300751879697,1
b03overlap,ov50,agg_full@rho0.8,rep0_ov50_agg_full@rho0.8_b03overlap,0,agg_full,0.8,horizon_h4,35,14,B02Utility,0.4,0.48120300751879697,1
b03overlap,ov50,agg_full@rho0.8,rep0_ov50_agg_full@rho0.8_b03overlap,0,agg_full,0.8,horizon_h4,35,18,B02Utility,0.5,0.5,1
b03overlap,ov50,agg_full@rho0.8,rep0_ov50_agg_full@rho0.8_b03overlap,0,agg_full,0.8,horizon_h4,35,21,B02Utility,0.6,0.518796992481203,1
b03overlap,ov50,agg_full@rho0.8,rep0_ov50_agg_full@rho0.8_b03overlap,0,agg_full,0.8,horizon_h4,35,28,B02Utility,0.8,0.9037593984962405,1
b03overlap,ov50,agg_full@rho0.8,rep0_ov50_agg_full@rho0.8_b03overlap,0,agg_full,0.8,horizon_h4,35,35,B02Utility,1.0,1.0,1
b03overlap,ov50,agg_full@rho0.8,rep0_ov50_agg_full@rho0.8_b03overlap,0,agg_full,0.8,horizon_h4,35,4,Oracle,0.1,0.924812030075188,1
b03overlap,ov50,agg_full@rho0.8,rep0_ov50_agg_full@rho0.8_b03overlap,0,agg_full,0.8,horizon_h4,35,7,Oracle,0.2,0.981203007518797,1
b03overlap,ov50,agg_full@rho0.8,rep0_ov50_agg_full@rho0.8_b03overlap,0,agg_full,0.8,horizon_h4,35,10,Oracle,0.3,1.0,1
b03overlap,ov50,agg_full@rho0.8,rep0_ov50_agg_full@rho0.8_b03overlap,0,agg_full,0.8,horizon_h4,35,14,Oracle,0.4,1.0,1
b03overlap,ov50,agg_full@rho0.8,rep0_ov50_agg_full@rho0.8_b03overlap,0,agg_full,0.8,horizon_h4,35,18,Oracle,0.5,1.0,1
b03overlap,ov50,agg_full@rho0.8,rep0_ov50_agg_full@rho0.8_b03overlap,0,agg_full,0.8,horizon_h4,35,21,Oracle,0.6,1.0,1
b03overlap,ov50,agg_full@rho0.8,rep0_ov50_agg_full@rho0.8_b03overlap,0,agg_full,0.8,horizon_h4,35,28,Oracle,0.8,1.0,1
b03overlap,ov50,agg_full@rho0.8,rep0_ov50_agg_full@rho0.8_b03overlap,0,agg_full,0.8,horizon_h4,35,35,Oracle,1.0,1.0,1
b03overlap,ov50,agg_full@rho0.8,rep1_ov50_agg_full@rho0.8_b03overlap,1,agg_full,0.8,next_use,37,4,Random,0.1,0.20130353817504656,20
b03overlap,ov50,agg_full@rho0.8,rep1_ov50_agg_full@rho0.8_b03overlap,1,agg_full,0.8,next_use,37,7,Random,0.2,0.37644320297951583,20
b03overlap,ov50,agg_full@rho0.8,rep1_ov50_agg_full@rho0.8_b03overlap,1,agg_full,0.8,next_use,37,11,Random,0.3,0.5014432029795158,20
b03overlap,ov50,agg_full@rho0.8,rep1_ov50_agg_full@rho0.8_b03overlap,1,agg_full,0.8,next_use,37,15,Random,0.4,0.548975791433892,20
b03overlap,ov50,agg_full@rho0.8,rep1_ov50_agg_full@rho0.8_b03overlap,1,agg_full,0.8,next_use,37,18,Random,0.5,0.6526070763500931,20
b03overlap,ov50,agg_full@rho0.8,rep1_ov50_agg_full@rho0.8_b03overlap,1,agg_full,0.8,next_use,37,22,Random,0.6,0.7215083798882681,20
b03overlap,ov50,agg_full@rho0.8,rep1_ov50_agg_full@rho0.8_b03overlap,1,agg_full,0.8,next_use,37,30,Random,0.8,0.8786312849162011,20
b03overlap,ov50,agg_full@rho0.8,rep1_ov50_agg_full@rho0.8_b03overlap,1,agg_full,0.8,next_use,37,37,Random,1.0,1.0,20
b03overlap,ov50,agg_full@rho0.8,rep1_ov50_agg_full@rho0.8_b03overlap,1,agg_full,0.8,next_use,37,4,Freshness,0.1,0.0,1
b03overlap,ov50,agg_full@rho0.8,rep1_ov50_agg_full@rho0.8_b03overlap,1,agg_full,0.8,next_use,37,7,Freshness,0.2,0.023277467411545624,1
b03overlap,ov50,agg_full@rho0.8,rep1_ov50_agg_full@rho0.8_b03overlap,1,agg_full,0.8,next_use,37,11,Freshness,0.3,0.023277467411545624,1
b03overlap,ov50,agg_full@rho0.8,rep1_ov50_agg_full@rho0.8_b03overlap,1,agg_full,0.8,next_use,37,15,Freshness,0.4,0.023277467411545624,1
b03overlap,ov50,agg_full@rho0.8,rep1_ov50_agg_full@rho0.8_b03overlap,1,agg_full,0.8,next_use,37,18,Freshness,0.5,0.023277467411545624,1
b03overlap,ov50,agg_full@rho0.8,rep1_ov50_agg_full@rho0.8_b03overlap,1,agg_full,0.8,next_use,37,22,Freshness,0.6,0.023277467411545624,1
b03overlap,ov50,agg_full@rho0.8,rep1_ov50_agg_full@rho0.8_b03overlap,1,agg_full,0.8,next_use,37,30,Freshness,0.8,0.8808193668528864,1
b03overlap,ov50,agg_full@rho0.8,rep1_ov50_agg_full@rho0.8_b03overlap,1,agg_full,0.8,next_use,37,37,Freshness,1.0,1.0,1
b03overlap,ov50,agg_full@rho0.8,rep1_ov50_agg_full@rho0.8_b03overlap,1,agg_full,0.8,next_use,37,4,CoverageDelta,0.1,0.595903165735568,1
b03overlap,ov50,agg_full@rho0.8,rep1_ov50_agg_full@rho0.8_b03overlap,1,agg_full,0.8,next_use,37,7,CoverageDelta,0.2,0.595903165735568,1
b03overlap,ov50,agg_full@rho0.8,rep1_ov50_agg_full@rho0.8_b03overlap,1,agg_full,0.8,next_use,37,11,CoverageDelta,0.3,0.6191806331471136,1
b03overlap,ov50,agg_full@rho0.8,rep1_ov50_agg_full@rho0.8_b03overlap,1,agg_full,0.8,next_use,37,15,CoverageDelta,0.4,0.6191806331471136,1
b03overlap,ov50,agg_full@rho0.8,rep1_ov50_agg_full@rho0.8_b03overlap,1,agg_full,0.8,next_use,37,18,CoverageDelta,0.5,0.6191806331471136,1
b03overlap,ov50,agg_full@rho0.8,rep1_ov50_agg_full@rho0.8_b03overlap,1,agg_full,0.8,next_use,37,22,CoverageDelta,0.6,0.6191806331471136,1
b03overlap,ov50,agg_full@rho0.8,rep1_ov50_agg_full@rho0.8_b03overlap,1,agg_full,0.8,next_use,37,30,CoverageDelta,0.8,0.8808193668528864,1
b03overlap,ov50,agg_full@rho0.8,rep1_ov50_agg_full@rho0.8_b03overlap,1,agg_full,0.8,next_use,37,37,CoverageDelta,1.0,1.0,1
b03overlap,ov50,agg_full@rho0.8,rep1_ov50_agg_full@rho0.8_b03overlap,1,agg_full,0.8,next_use,37,4,CoverageAdvantage,0.1,0.7150837988826816,1
b03overlap,ov50,agg_full@rho0.8,rep1_ov50_agg_full@rho0.8_b03overlap,1,agg_full,0.8,next_use,37,7,CoverageAdvantage,0.2,0.7150837988826816,1
b03overlap,ov50,agg_full@rho0.8,rep1_ov50_agg_full@rho0.8_b03overlap,1,agg_full,0.8,next_use,37,11,CoverageAdvantage,0.3,0.7383612662942273,1
b03overlap,ov50,agg_full@rho0.8,rep1_ov50_agg_full@rho0.8_b03overlap,1,agg_full,0.8,next_use,37,15,CoverageAdvantage,0.4,0.7383612662942273,1
b03overlap,ov50,agg_full@rho0.8,rep1_ov50_agg_full@rho0.8_b03overlap,1,agg_full,0.8,next_use,37,18,CoverageAdvantage,0.5,0.7383612662942273,1
b03overlap,ov50,agg_full@rho0.8,rep1_ov50_agg_full@rho0.8_b03overlap,1,agg_full,0.8,next_use,37,22,CoverageAdvantage,0.6,0.7383612662942273,1
b03overlap,ov50,agg_full@rho0.8,rep1_ov50_agg_full@rho0.8_b03overlap,1,agg_full,0.8,next_use,37,30,CoverageAdvantage,0.8,0.8808193668528864,1
b03overlap,ov50,agg_full@rho0.8,rep1_ov50_agg_full@rho0.8_b03overlap,1,agg_full,0.8,next_use,37,37,CoverageAdvantage,1.0,1.0,1
b03overlap,ov50,agg_full@rho0.8,rep1_ov50_agg_full@rho0.8_b03overlap,1,agg_full,0.8,next_use,37,4,SimpleCoverageLoad,0.1,0.7150837988826816,1
b03overlap,ov50,agg_full@rho0.8,rep1_ov50_agg_full@rho0.8_b03overlap,1,agg_full,0.8,next_use,37,7,SimpleCoverageLoad,0.2,0.7150837988826816,1
b03overlap,ov50,agg_full@rho0.8,rep1_ov50_agg_full@rho0.8_b03overlap,1,agg_full,0.8,next_use,37,11,SimpleCoverageLoad,0.3,0.7383612662942273,1
b03overlap,ov50,agg_full@rho0.8,rep1_ov50_agg_full@rho0.8_b03overlap,1,agg_full,0.8,next_use,37,15,SimpleCoverageLoad,0.4,0.7383612662942273,1
b03overlap,ov50,agg_full@rho0.8,rep1_ov50_agg_full@rho0.8_b03overlap,1,agg_full,0.8,next_use,37,18,SimpleCoverageLoad,0.5,0.7383612662942273,1
b03overlap,ov50,agg_full@rho0.8,rep1_ov50_agg_full@rho0.8_b03overlap,1,agg_full,0.8,next_use,37,22,SimpleCoverageLoad,0.6,0.7383612662942273,1
b03overlap,ov50,agg_full@rho0.8,rep1_ov50_agg_full@rho0.8_b03overlap,1,agg_full,0.8,next_use,37,30,SimpleCoverageLoad,0.8,0.8808193668528864,1
b03overlap,ov50,agg_full@rho0.8,rep1_ov50_agg_full@rho0.8_b03overlap,1,agg_full,0.8,next_use,37,37,SimpleCoverageLoad,1.0,1.0,1
b03overlap,ov50,agg_full@rho0.8,rep1_ov50_agg_full@rho0.8_b03overlap,1,agg_full,0.8,next_use,37,4,DecisionAware,0.1,0.7150837988826816,1
b03overlap,ov50,agg_full@rho0.8,rep1_ov50_agg_full@rho0.8_b03overlap,1,agg_full,0.8,next_use,37,7,DecisionAware,0.2,0.7150837988826816,1
b03overlap,ov50,agg_full@rho0.8,rep1_ov50_agg_full@rho0.8_b03overlap,1,agg_full,0.8,next_use,37,11,DecisionAware,0.3,0.7383612662942273,1
b03overlap,ov50,agg_full@rho0.8,rep1_ov50_agg_full@rho0.8_b03overlap,1,agg_full,0.8,next_use,37,15,DecisionAware,0.4,0.7383612662942273,1
b03overlap,ov50,agg_full@rho0.8,rep1_ov50_agg_full@rho0.8_b03overlap,1,agg_full,0.8,next_use,37,18,DecisionAware,0.5,0.7383612662942273,1
b03overlap,ov50,agg_full@rho0.8,rep1_ov50_agg_full@rho0.8_b03overlap,1,agg_full,0.8,next_use,37,22,DecisionAware,0.6,0.7383612662942273,1
b03overlap,ov50,agg_full@rho0.8,rep1_ov50_agg_full@rho0.8_b03overlap,1,agg_full,0.8,next_use,37,30,DecisionAware,0.8,0.8808193668528864,1
b03overlap,ov50,agg_full@rho0.8,rep1_ov50_agg_full@rho0.8_b03overlap,1,agg_full,0.8,next_use,37,37,DecisionAware,1.0,1.0,1
b03overlap,ov50,agg_full@rho0.8,rep1_ov50_agg_full@rho0.8_b03overlap,1,agg_full,0.8,next_use,37,4,B02Utility,0.1,0.0,1
b03overlap,ov50,agg_full@rho0.8,rep1_ov50_agg_full@rho0.8_b03overlap,1,agg_full,0.8,next_use,37,7,B02Utility,0.2,0.023277467411545624,1
b03overlap,ov50,agg_full@rho0.8,rep1_ov50_agg_full@rho0.8_b03overlap,1,agg_full,0.8,next_use,37,11,B02Utility,0.3,0.023277467411545624,1
b03overlap,ov50,agg_full@rho0.8,rep1_ov50_agg_full@rho0.8_b03overlap,1,agg_full,0.8,next_use,37,15,B02Utility,0.4,0.023277467411545624,1
b03overlap,ov50,agg_full@rho0.8,rep1_ov50_agg_full@rho0.8_b03overlap,1,agg_full,0.8,next_use,37,18,B02Utility,0.5,0.023277467411545624,1
b03overlap,ov50,agg_full@rho0.8,rep1_ov50_agg_full@rho0.8_b03overlap,1,agg_full,0.8,next_use,37,22,B02Utility,0.6,0.023277467411545624,1
b03overlap,ov50,agg_full@rho0.8,rep1_ov50_agg_full@rho0.8_b03overlap,1,agg_full,0.8,next_use,37,30,B02Utility,0.8,0.8808193668528864,1
b03overlap,ov50,agg_full@rho0.8,rep1_ov50_agg_full@rho0.8_b03overlap,1,agg_full,0.8,next_use,37,37,B02Utility,1.0,1.0,1
b03overlap,ov50,agg_full@rho0.8,rep1_ov50_agg_full@rho0.8_b03overlap,1,agg_full,0.8,next_use,37,4,Oracle,0.1,0.9534450651769087,1
b03overlap,ov50,agg_full@rho0.8,rep1_ov50_agg_full@rho0.8_b03overlap,1,agg_full,0.8,next_use,37,7,Oracle,0.2,1.0,1
b03overlap,ov50,agg_full@rho0.8,rep1_ov50_agg_full@rho0.8_b03overlap,1,agg_full,0.8,next_use,37,11,Oracle,0.3,1.0,1
b03overlap,ov50,agg_full@rho0.8,rep1_ov50_agg_full@rho0.8_b03overlap,1,agg_full,0.8,next_use,37,15,Oracle,0.4,1.0,1
b03overlap,ov50,agg_full@rho0.8,rep1_ov50_agg_full@rho0.8_b03overlap,1,agg_full,0.8,next_use,37,18,Oracle,0.5,1.0,1
b03overlap,ov50,agg_full@rho0.8,rep1_ov50_agg_full@rho0.8_b03overlap,1,agg_full,0.8,next_use,37,22,Oracle,0.6,1.0,1
b03overlap,ov50,agg_full@rho0.8,rep1_ov50_agg_full@rho0.8_b03overlap,1,agg_full,0.8,next_use,37,30,Oracle,0.8,1.0,1
b03overlap,ov50,agg_full@rho0.8,rep1_ov50_agg_full@rho0.8_b03overlap,1,agg_full,0.8,next_use,37,37,Oracle,1.0,1.0,1
b03overlap,ov50,agg_full@rho0.8,rep1_ov50_agg_full@rho0.8_b03overlap,1,agg_full,0.8,horizon_h4,37,4,Random,0.1,0.21326987681970885,20
b03overlap,ov50,agg_full@rho0.8,rep1_ov50_agg_full@rho0.8_b03overlap,1,agg_full,0.8,horizon_h4,37,7,Random,0.2,0.40940649496080633,20
b03overlap,ov50,agg_full@rho0.8,rep1_ov50_agg_full@rho0.8_b03overlap,1,agg_full,0.8,horizon_h4,37,11,Random,0.3,0.5408734602463606,20
b03overlap,ov50,agg_full@rho0.8,rep1_ov50_agg_full@rho0.8_b03overlap,1,agg_full,0.8,horizon_h4,37,15,Random,0.4,0.5875699888017918,20
b03overlap,ov50,agg_full@rho0.8,rep1_ov50_agg_full@rho0.8_b03overlap,1,agg_full,0.8,horizon_h4,37,18,Random,0.5,0.7048712206047033,20
b03overlap,ov50,agg_full@rho0.8,rep1_ov50_agg_full@rho0.8_b03overlap,1,agg_full,0.8,horizon_h4,37,22,Random,0.6,0.7660694288913774,20
b03overlap,ov50,agg_full@rho0.8,rep1_ov50_agg_full@rho0.8_b03overlap,1,agg_full,0.8,horizon_h4,37,30,Random,0.8,0.8902015677491601,20
b03overlap,ov50,agg_full@rho0.8,rep1_ov50_agg_full@rho0.8_b03overlap,1,agg_full,0.8,horizon_h4,37,37,Random,1.0,1.0,20
b03overlap,ov50,agg_full@rho0.8,rep1_ov50_agg_full@rho0.8_b03overlap,1,agg_full,0.8,horizon_h4,37,4,Freshness,0.1,0.055991041433370664,1
b03overlap,ov50,agg_full@rho0.8,rep1_ov50_agg_full@rho0.8_b03overlap,1,agg_full,0.8,horizon_h4,37,7,Freshness,0.2,0.083986562150056,1
b03overlap,ov50,agg_full@rho0.8,rep1_ov50_agg_full@rho0.8_b03overlap,1,agg_full,0.8,horizon_h4,37,11,Freshness,0.3,0.11198208286674133,1
b03overlap,ov50,agg_full@rho0.8,rep1_ov50_agg_full@rho0.8_b03overlap,1,agg_full,0.8,horizon_h4,37,15,Freshness,0.4,0.11198208286674133,1
b03overlap,ov50,agg_full@rho0.8,rep1_ov50_agg_full@rho0.8_b03overlap,1,agg_full,0.8,horizon_h4,37,18,Freshness,0.5,0.11198208286674133,1
b03overlap,ov50,agg_full@rho0.8,rep1_ov50_agg_full@rho0.8_b03overlap,1,agg_full,0.8,horizon_h4,37,22,Freshness,0.6,0.11198208286674133,1
b03overlap,ov50,agg_full@rho0.8,rep1_ov50_agg_full@rho0.8_b03overlap,1,agg_full,0.8,horizon_h4,37,30,Freshness,0.8,1.0,1
b03overlap,ov50,agg_full@rho0.8,rep1_ov50_agg_full@rho0.8_b03overlap,1,agg_full,0.8,horizon_h4,37,37,Freshness,1.0,1.0,1
b03overlap,ov50,agg_full@rho0.8,rep1_ov50_agg_full@rho0.8_b03overlap,1,agg_full,0.8,horizon_h4,37,4,CoverageDelta,0.1,0.7446808510638299,1
b03overlap,ov50,agg_full@rho0.8,rep1_ov50_agg_full@rho0.8_b03overlap,1,agg_full,0.8,horizon_h4,37,7,CoverageDelta,0.2,0.7726763717805152,1
b03overlap,ov50,agg_full@rho0.8,rep1_ov50_agg_full@rho0.8_b03overlap,1,agg_full,0.8,horizon_h4,37,11,CoverageDelta,0.3,0.8286674132138858,1
b03overlap,ov50,agg_full@rho0.8,rep1_ov50_agg_full@rho0.8_b03overlap,1,agg_full,0.8,horizon_h4,37,15,CoverageDelta,0.4,0.8286674132138858,1
b03overlap,ov50,agg_full@rho0.8,rep1_ov50_agg_full@rho0.8_b03overlap,1,agg_full,0.8,horizon_h4,37,18,CoverageDelta,0.5,0.8286674132138858,1
b03overlap,ov50,agg_full@rho0.8,rep1_ov50_agg_full@rho0.8_b03overlap,1,agg_full,0.8,horizon_h4,37,22,CoverageDelta,0.6,0.8286674132138858,1
b03overlap,ov50,agg_full@rho0.8,rep1_ov50_agg_full@rho0.8_b03overlap,1,agg_full,0.8,horizon_h4,37,30,CoverageDelta,0.8,1.0,1
b03overlap,ov50,agg_full@rho0.8,rep1_ov50_agg_full@rho0.8_b03overlap,1,agg_full,0.8,horizon_h4,37,37,CoverageDelta,1.0,1.0,1
b03overlap,ov50,agg_full@rho0.8,rep1_ov50_agg_full@rho0.8_b03overlap,1,agg_full,0.8,horizon_h4,37,4,CoverageAdvantage,0.1,0.7166853303471445,1
b03overlap,ov50,agg_full@rho0.8,rep1_ov50_agg_full@rho0.8_b03overlap,1,agg_full,0.8,horizon_h4,37,7,CoverageAdvantage,0.2,0.7726763717805152,1
b03overlap,ov50,agg_full@rho0.8,rep1_ov50_agg_full@rho0.8_b03overlap,1,agg_full,0.8,horizon_h4,37,11,CoverageAdvantage,0.3,0.8286674132138858,1
b03overlap,ov50,agg_full@rho0.8,rep1_ov50_agg_full@rho0.8_b03overlap,1,agg_full,0.8,horizon_h4,37,15,CoverageAdvantage,0.4,0.8286674132138858,1
b03overlap,ov50,agg_full@rho0.8,rep1_ov50_agg_full@rho0.8_b03overlap,1,agg_full,0.8,horizon_h4,37,18,CoverageAdvantage,0.5,0.8286674132138858,1
b03overlap,ov50,agg_full@rho0.8,rep1_ov50_agg_full@rho0.8_b03overlap,1,agg_full,0.8,horizon_h4,37,22,CoverageAdvantage,0.6,0.8286674132138858,1
b03overlap,ov50,agg_full@rho0.8,rep1_ov50_agg_full@rho0.8_b03overlap,1,agg_full,0.8,horizon_h4,37,30,CoverageAdvantage,0.8,1.0,1
b03overlap,ov50,agg_full@rho0.8,rep1_ov50_agg_full@rho0.8_b03overlap,1,agg_full,0.8,horizon_h4,37,37,CoverageAdvantage,1.0,1.0,1
b03overlap,ov50,agg_full@rho0.8,rep1_ov50_agg_full@rho0.8_b03overlap,1,agg_full,0.8,horizon_h4,37,4,SimpleCoverageLoad,0.1,0.7166853303471445,1
b03overlap,ov50,agg_full@rho0.8,rep1_ov50_agg_full@rho0.8_b03overlap,1,agg_full,0.8,horizon_h4,37,7,SimpleCoverageLoad,0.2,0.7726763717805152,1
b03overlap,ov50,agg_full@rho0.8,rep1_ov50_agg_full@rho0.8_b03overlap,1,agg_full,0.8,horizon_h4,37,11,SimpleCoverageLoad,0.3,0.8286674132138858,1
b03overlap,ov50,agg_full@rho0.8,rep1_ov50_agg_full@rho0.8_b03overlap,1,agg_full,0.8,horizon_h4,37,15,SimpleCoverageLoad,0.4,0.8286674132138858,1
b03overlap,ov50,agg_full@rho0.8,rep1_ov50_agg_full@rho0.8_b03overlap,1,agg_full,0.8,horizon_h4,37,18,SimpleCoverageLoad,0.5,0.8286674132138858,1
b03overlap,ov50,agg_full@rho0.8,rep1_ov50_agg_full@rho0.8_b03overlap,1,agg_full,0.8,horizon_h4,37,22,SimpleCoverageLoad,0.6,0.8286674132138858,1
b03overlap,ov50,agg_full@rho0.8,rep1_ov50_agg_full@rho0.8_b03overlap,1,agg_full,0.8,horizon_h4,37,30,SimpleCoverageLoad,0.8,1.0,1
b03overlap,ov50,agg_full@rho0.8,rep1_ov50_agg_full@rho0.8_b03overlap,1,agg_full,0.8,horizon_h4,37,37,SimpleCoverageLoad,1.0,1.0,1
b03overlap,ov50,agg_full@rho0.8,rep1_ov50_agg_full@rho0.8_b03overlap,1,agg_full,0.8,horizon_h4,37,4,DecisionAware,0.1,0.7166853303471445,1
b03overlap,ov50,agg_full@rho0.8,rep1_ov50_agg_full@rho0.8_b03overlap,1,agg_full,0.8,horizon_h4,37,7,DecisionAware,0.2,0.7726763717805152,1
b03overlap,ov50,agg_full@rho0.8,rep1_ov50_agg_full@rho0.8_b03overlap,1,agg_full,0.8,horizon_h4,37,11,DecisionAware,0.3,0.8286674132138858,1
b03overlap,ov50,agg_full@rho0.8,rep1_ov50_agg_full@rho0.8_b03overlap,1,agg_full,0.8,horizon_h4,37,15,DecisionAware,0.4,0.8286674132138858,1
b03overlap,ov50,agg_full@rho0.8,rep1_ov50_agg_full@rho0.8_b03overlap,1,agg_full,0.8,horizon_h4,37,18,DecisionAware,0.5,0.8286674132138858,1
b03overlap,ov50,agg_full@rho0.8,rep1_ov50_agg_full@rho0.8_b03overlap,1,agg_full,0.8,horizon_h4,37,22,DecisionAware,0.6,0.8286674132138858,1
b03overlap,ov50,agg_full@rho0.8,rep1_ov50_agg_full@rho0.8_b03overlap,1,agg_full,0.8,horizon_h4,37,30,DecisionAware,0.8,1.0,1
b03overlap,ov50,agg_full@rho0.8,rep1_ov50_agg_full@rho0.8_b03overlap,1,agg_full,0.8,horizon_h4,37,37,DecisionAware,1.0,1.0,1
b03overlap,ov50,agg_full@rho0.8,rep1_ov50_agg_full@rho0.8_b03overlap,1,agg_full,0.8,horizon_h4,37,4,B02Utility,0.1,0.055991041433370664,1
b03overlap,ov50,agg_full@rho0.8,rep1_ov50_agg_full@rho0.8_b03overlap,1,agg_full,0.8,horizon_h4,37,7,B02Utility,0.2,0.083986562150056,1
b03overlap,ov50,agg_full@rho0.8,rep1_ov50_agg_full@rho0.8_b03overlap,1,agg_full,0.8,horizon_h4,37,11,B02Utility,0.3,0.11198208286674133,1
b03overlap,ov50,agg_full@rho0.8,rep1_ov50_agg_full@rho0.8_b03overlap,1,agg_full,0.8,horizon_h4,37,15,B02Utility,0.4,0.11198208286674133,1
b03overlap,ov50,agg_full@rho0.8,rep1_ov50_agg_full@rho0.8_b03overlap,1,agg_full,0.8,horizon_h4,37,18,B02Utility,0.5,0.11198208286674133,1
b03overlap,ov50,agg_full@rho0.8,rep1_ov50_agg_full@rho0.8_b03overlap,1,agg_full,0.8,horizon_h4,37,22,B02Utility,0.6,0.11198208286674133,1
b03overlap,ov50,agg_full@rho0.8,rep1_ov50_agg_full@rho0.8_b03overlap,1,agg_full,0.8,horizon_h4,37,30,B02Utility,0.8,1.0,1
b03overlap,ov50,agg_full@rho0.8,rep1_ov50_agg_full@rho0.8_b03overlap,1,agg_full,0.8,horizon_h4,37,37,B02Utility,1.0,1.0,1
b03overlap,ov50,agg_full@rho0.8,rep1_ov50_agg_full@rho0.8_b03overlap,1,agg_full,0.8,horizon_h4,37,4,Oracle,0.1,0.916013437849944,1
b03overlap,ov50,agg_full@rho0.8,rep1_ov50_agg_full@rho0.8_b03overlap,1,agg_full,0.8,horizon_h4,37,7,Oracle,0.2,1.0,1
b03overlap,ov50,agg_full@rho0.8,rep1_ov50_agg_full@rho0.8_b03overlap,1,agg_full,0.8,horizon_h4,37,11,Oracle,0.3,1.0,1
b03overlap,ov50,agg_full@rho0.8,rep1_ov50_agg_full@rho0.8_b03overlap,1,agg_full,0.8,horizon_h4,37,15,Oracle,0.4,1.0,1
b03overlap,ov50,agg_full@rho0.8,rep1_ov50_agg_full@rho0.8_b03overlap,1,agg_full,0.8,horizon_h4,37,18,Oracle,0.5,1.0,1
b03overlap,ov50,agg_full@rho0.8,rep1_ov50_agg_full@rho0.8_b03overlap,1,agg_full,0.8,horizon_h4,37,22,Oracle,0.6,1.0,1
b03overlap,ov50,agg_full@rho0.8,rep1_ov50_agg_full@rho0.8_b03overlap,1,agg_full,0.8,horizon_h4,37,30,Oracle,0.8,1.0,1
b03overlap,ov50,agg_full@rho0.8,rep1_ov50_agg_full@rho0.8_b03overlap,1,agg_full,0.8,horizon_h4,37,37,Oracle,1.0,1.0,1
b03overlap,ov50,agg_static@rho0.8,rep1_ov50_agg_static@rho0.8_b03overlap,1,agg_static,0.8,next_use,38,4,Random,0.1,0.1609504132231405,20
b03overlap,ov50,agg_static@rho0.8,rep1_ov50_agg_static@rho0.8_b03overlap,1,agg_static,0.8,next_use,38,8,Random,0.2,0.3112603305785124,20
b03overlap,ov50,agg_static@rho0.8,rep1_ov50_agg_static@rho0.8_b03overlap,1,agg_static,0.8,next_use,38,11,Random,0.3,0.37964876033057854,20
b03overlap,ov50,agg_static@rho0.8,rep1_ov50_agg_static@rho0.8_b03overlap,1,agg_static,0.8,next_use,38,15,Random,0.4,0.4690082644628099,20
b03overlap,ov50,agg_static@rho0.8,rep1_ov50_agg_static@rho0.8_b03overlap,1,agg_static,0.8,next_use,38,19,Random,0.5,0.5851239669421487,20
b03overlap,ov50,agg_static@rho0.8,rep1_ov50_agg_static@rho0.8_b03overlap,1,agg_static,0.8,next_use,38,23,Random,0.6,0.6848140495867768,20
b03overlap,ov50,agg_static@rho0.8,rep1_ov50_agg_static@rho0.8_b03overlap,1,agg_static,0.8,next_use,38,30,Random,0.8,0.8557851239669422,20
b03overlap,ov50,agg_static@rho0.8,rep1_ov50_agg_static@rho0.8_b03overlap,1,agg_static,0.8,next_use,38,38,Random,1.0,1.0,20
b03overlap,ov50,agg_static@rho0.8,rep1_ov50_agg_static@rho0.8_b03overlap,1,agg_static,0.8,next_use,38,4,Freshness,0.1,0.0,1
b03overlap,ov50,agg_static@rho0.8,rep1_ov50_agg_static@rho0.8_b03overlap,1,agg_static,0.8,next_use,38,8,Freshness,0.2,0.05165289256198347,1
b03overlap,ov50,agg_static@rho0.8,rep1_ov50_agg_static@rho0.8_b03overlap,1,agg_static,0.8,next_use,38,11,Freshness,0.3,0.05165289256198347,1
b03overlap,ov50,agg_static@rho0.8,rep1_ov50_agg_static@rho0.8_b03overlap,1,agg_static,0.8,next_use,38,15,Freshness,0.4,0.15495867768595042,1
b03overlap,ov50,agg_static@rho0.8,rep1_ov50_agg_static@rho0.8_b03overlap,1,agg_static,0.8,next_use,38,19,Freshness,0.5,0.15495867768595042,1
b03overlap,ov50,agg_static@rho0.8,rep1_ov50_agg_static@rho0.8_b03overlap,1,agg_static,0.8,next_use,38,23,Freshness,0.6,0.15495867768595042,1
b03overlap,ov50,agg_static@rho0.8,rep1_ov50_agg_static@rho0.8_b03overlap,1,agg_static,0.8,next_use,38,30,Freshness,0.8,0.4710743801652893,1
b03overlap,ov50,agg_static@rho0.8,rep1_ov50_agg_static@rho0.8_b03overlap,1,agg_static,0.8,next_use,38,38,Freshness,1.0,1.0,1
b03overlap,ov50,agg_static@rho0.8,rep1_ov50_agg_static@rho0.8_b03overlap,1,agg_static,0.8,next_use,38,4,CoverageDelta,0.1,0.2644628099173554,1
b03overlap,ov50,agg_static@rho0.8,rep1_ov50_agg_static@rho0.8_b03overlap,1,agg_static,0.8,next_use,38,8,CoverageDelta,0.2,0.31611570247933884,1
b03overlap,ov50,agg_static@rho0.8,rep1_ov50_agg_static@rho0.8_b03overlap,1,agg_static,0.8,next_use,38,11,CoverageDelta,0.3,0.31611570247933884,1
b03overlap,ov50,agg_static@rho0.8,rep1_ov50_agg_static@rho0.8_b03overlap,1,agg_static,0.8,next_use,38,15,CoverageDelta,0.4,0.41942148760330583,1
b03overlap,ov50,agg_static@rho0.8,rep1_ov50_agg_static@rho0.8_b03overlap,1,agg_static,0.8,next_use,38,19,CoverageDelta,0.5,0.41942148760330583,1
b03overlap,ov50,agg_static@rho0.8,rep1_ov50_agg_static@rho0.8_b03overlap,1,agg_static,0.8,next_use,38,23,CoverageDelta,0.6,0.41942148760330583,1
b03overlap,ov50,agg_static@rho0.8,rep1_ov50_agg_static@rho0.8_b03overlap,1,agg_static,0.8,next_use,38,30,CoverageDelta,0.8,0.4710743801652893,1
b03overlap,ov50,agg_static@rho0.8,rep1_ov50_agg_static@rho0.8_b03overlap,1,agg_static,0.8,next_use,38,38,CoverageDelta,1.0,1.0,1
b03overlap,ov50,agg_static@rho0.8,rep1_ov50_agg_static@rho0.8_b03overlap,1,agg_static,0.8,next_use,38,4,CoverageAdvantage,0.1,0.2644628099173554,1
b03overlap,ov50,agg_static@rho0.8,rep1_ov50_agg_static@rho0.8_b03overlap,1,agg_static,0.8,next_use,38,8,CoverageAdvantage,0.2,0.31611570247933884,1
b03overlap,ov50,agg_static@rho0.8,rep1_ov50_agg_static@rho0.8_b03overlap,1,agg_static,0.8,next_use,38,11,CoverageAdvantage,0.3,0.31611570247933884,1
b03overlap,ov50,agg_static@rho0.8,rep1_ov50_agg_static@rho0.8_b03overlap,1,agg_static,0.8,next_use,38,15,CoverageAdvantage,0.4,0.41942148760330583,1
b03overlap,ov50,agg_static@rho0.8,rep1_ov50_agg_static@rho0.8_b03overlap,1,agg_static,0.8,next_use,38,19,CoverageAdvantage,0.5,0.41942148760330583,1
b03overlap,ov50,agg_static@rho0.8,rep1_ov50_agg_static@rho0.8_b03overlap,1,agg_static,0.8,next_use,38,23,CoverageAdvantage,0.6,0.41942148760330583,1
b03overlap,ov50,agg_static@rho0.8,rep1_ov50_agg_static@rho0.8_b03overlap,1,agg_static,0.8,next_use,38,30,CoverageAdvantage,0.8,0.4710743801652893,1
b03overlap,ov50,agg_static@rho0.8,rep1_ov50_agg_static@rho0.8_b03overlap,1,agg_static,0.8,next_use,38,38,CoverageAdvantage,1.0,1.0,1
b03overlap,ov50,agg_static@rho0.8,rep1_ov50_agg_static@rho0.8_b03overlap,1,agg_static,0.8,next_use,38,4,SimpleCoverageLoad,0.1,0.2644628099173554,1
b03overlap,ov50,agg_static@rho0.8,rep1_ov50_agg_static@rho0.8_b03overlap,1,agg_static,0.8,next_use,38,8,SimpleCoverageLoad,0.2,0.31611570247933884,1
b03overlap,ov50,agg_static@rho0.8,rep1_ov50_agg_static@rho0.8_b03overlap,1,agg_static,0.8,next_use,38,11,SimpleCoverageLoad,0.3,0.31611570247933884,1
b03overlap,ov50,agg_static@rho0.8,rep1_ov50_agg_static@rho0.8_b03overlap,1,agg_static,0.8,next_use,38,15,SimpleCoverageLoad,0.4,0.41942148760330583,1
b03overlap,ov50,agg_static@rho0.8,rep1_ov50_agg_static@rho0.8_b03overlap,1,agg_static,0.8,next_use,38,19,SimpleCoverageLoad,0.5,0.41942148760330583,1
b03overlap,ov50,agg_static@rho0.8,rep1_ov50_agg_static@rho0.8_b03overlap,1,agg_static,0.8,next_use,38,23,SimpleCoverageLoad,0.6,0.41942148760330583,1
b03overlap,ov50,agg_static@rho0.8,rep1_ov50_agg_static@rho0.8_b03overlap,1,agg_static,0.8,next_use,38,30,SimpleCoverageLoad,0.8,0.4710743801652893,1
b03overlap,ov50,agg_static@rho0.8,rep1_ov50_agg_static@rho0.8_b03overlap,1,agg_static,0.8,next_use,38,38,SimpleCoverageLoad,1.0,1.0,1
b03overlap,ov50,agg_static@rho0.8,rep1_ov50_agg_static@rho0.8_b03overlap,1,agg_static,0.8,next_use,38,4,DecisionAware,0.1,0.2644628099173554,1
b03overlap,ov50,agg_static@rho0.8,rep1_ov50_agg_static@rho0.8_b03overlap,1,agg_static,0.8,next_use,38,8,DecisionAware,0.2,0.2644628099173554,1
b03overlap,ov50,agg_static@rho0.8,rep1_ov50_agg_static@rho0.8_b03overlap,1,agg_static,0.8,next_use,38,11,DecisionAware,0.3,0.2644628099173554,1
b03overlap,ov50,agg_static@rho0.8,rep1_ov50_agg_static@rho0.8_b03overlap,1,agg_static,0.8,next_use,38,15,DecisionAware,0.4,0.31611570247933884,1
b03overlap,ov50,agg_static@rho0.8,rep1_ov50_agg_static@rho0.8_b03overlap,1,agg_static,0.8,next_use,38,19,DecisionAware,0.5,0.41942148760330583,1
b03overlap,ov50,agg_static@rho0.8,rep1_ov50_agg_static@rho0.8_b03overlap,1,agg_static,0.8,next_use,38,23,DecisionAware,0.6,0.41942148760330583,1
b03overlap,ov50,agg_static@rho0.8,rep1_ov50_agg_static@rho0.8_b03overlap,1,agg_static,0.8,next_use,38,30,DecisionAware,0.8,0.4710743801652893,1
b03overlap,ov50,agg_static@rho0.8,rep1_ov50_agg_static@rho0.8_b03overlap,1,agg_static,0.8,next_use,38,38,DecisionAware,1.0,1.0,1
b03overlap,ov50,agg_static@rho0.8,rep1_ov50_agg_static@rho0.8_b03overlap,1,agg_static,0.8,next_use,38,4,B02Utility,0.1,0.0,1
b03overlap,ov50,agg_static@rho0.8,rep1_ov50_agg_static@rho0.8_b03overlap,1,agg_static,0.8,next_use,38,8,B02Utility,0.2,0.05165289256198347,1
b03overlap,ov50,agg_static@rho0.8,rep1_ov50_agg_static@rho0.8_b03overlap,1,agg_static,0.8,next_use,38,11,B02Utility,0.3,0.10330578512396695,1
b03overlap,ov50,agg_static@rho0.8,rep1_ov50_agg_static@rho0.8_b03overlap,1,agg_static,0.8,next_use,38,15,B02Utility,0.4,0.15495867768595042,1
b03overlap,ov50,agg_static@rho0.8,rep1_ov50_agg_static@rho0.8_b03overlap,1,agg_static,0.8,next_use,38,19,B02Utility,0.5,0.15495867768595042,1
b03overlap,ov50,agg_static@rho0.8,rep1_ov50_agg_static@rho0.8_b03overlap,1,agg_static,0.8,next_use,38,23,B02Utility,0.6,0.2066115702479339,1
b03overlap,ov50,agg_static@rho0.8,rep1_ov50_agg_static@rho0.8_b03overlap,1,agg_static,0.8,next_use,38,30,B02Utility,0.8,1.0,1
b03overlap,ov50,agg_static@rho0.8,rep1_ov50_agg_static@rho0.8_b03overlap,1,agg_static,0.8,next_use,38,38,B02Utility,1.0,1.0,1
b03overlap,ov50,agg_static@rho0.8,rep1_ov50_agg_static@rho0.8_b03overlap,1,agg_static,0.8,next_use,38,4,Oracle,0.1,0.8450413223140496,1
b03overlap,ov50,agg_static@rho0.8,rep1_ov50_agg_static@rho0.8_b03overlap,1,agg_static,0.8,next_use,38,8,Oracle,0.2,1.0,1
b03overlap,ov50,agg_static@rho0.8,rep1_ov50_agg_static@rho0.8_b03overlap,1,agg_static,0.8,next_use,38,11,Oracle,0.3,1.0,1
b03overlap,ov50,agg_static@rho0.8,rep1_ov50_agg_static@rho0.8_b03overlap,1,agg_static,0.8,next_use,38,15,Oracle,0.4,1.0,1
b03overlap,ov50,agg_static@rho0.8,rep1_ov50_agg_static@rho0.8_b03overlap,1,agg_static,0.8,next_use,38,19,Oracle,0.5,1.0,1
b03overlap,ov50,agg_static@rho0.8,rep1_ov50_agg_static@rho0.8_b03overlap,1,agg_static,0.8,next_use,38,23,Oracle,0.6,1.0,1
b03overlap,ov50,agg_static@rho0.8,rep1_ov50_agg_static@rho0.8_b03overlap,1,agg_static,0.8,next_use,38,30,Oracle,0.8,1.0,1
b03overlap,ov50,agg_static@rho0.8,rep1_ov50_agg_static@rho0.8_b03overlap,1,agg_static,0.8,next_use,38,38,Oracle,1.0,1.0,1
b03overlap,ov50,agg_static@rho0.8,rep1_ov50_agg_static@rho0.8_b03overlap,1,agg_static,0.8,horizon_h4,38,4,Random,0.1,0.14489559164733176,20
b03overlap,ov50,agg_static@rho0.8,rep1_ov50_agg_static@rho0.8_b03overlap,1,agg_static,0.8,horizon_h4,38,8,Random,0.2,0.3013921113689095,20
b03overlap,ov50,agg_static@rho0.8,rep1_ov50_agg_static@rho0.8_b03overlap,1,agg_static,0.8,horizon_h4,38,11,Random,0.3,0.36009280742459393,20
b03overlap,ov50,agg_static@rho0.8,rep1_ov50_agg_static@rho0.8_b03overlap,1,agg_static,0.8,horizon_h4,38,15,Random,0.4,0.45394431554524356,20
b03overlap,ov50,agg_static@rho0.8,rep1_ov50_agg_static@rho0.8_b03overlap,1,agg_static,0.8,horizon_h4,38,19,Random,0.5,0.5955916473317865,20
b03overlap,ov50,agg_static@rho0.8,rep1_ov50_agg_static@rho0.8_b03overlap,1,agg_static,0.8,horizon_h4,38,23,Random,0.6,0.6832946635730858,20
b03overlap,ov50,agg_static@rho0.8,rep1_ov50_agg_static@rho0.8_b03overlap,1,agg_static,0.8,horizon_h4,38,30,Random,0.8,0.8300464037122969,20
b03overlap,ov50,agg_static@rho0.8,rep1_ov50_agg_static@rho0.8_b03overlap,1,agg_static,0.8,horizon_h4,38,38,Random,1.0,1.0,20
b03overlap,ov50,agg_static@rho0.8,rep1_ov50_agg_static@rho0.8_b03overlap,1,agg_static,0.8,horizon_h4,38,4,Freshness,0.1,0.11600928074245938,1
b03overlap,ov50,agg_static@rho0.8,rep1_ov50_agg_static@rho0.8_b03overlap,1,agg_static,0.8,horizon_h4,38,8,Freshness,0.2,0.23201856148491876,1
b03overlap,ov50,agg_static@rho0.8,rep1_ov50_agg_static@rho0.8_b03overlap,1,agg_static,0.8,horizon_h4,38,11,Freshness,0.3,0.23201856148491876,1
b03overlap,ov50,agg_static@rho0.8,rep1_ov50_agg_static@rho0.8_b03overlap,1,agg_static,0.8,horizon_h4,38,15,Freshness,0.4,0.34802784222737815,1
b03overlap,ov50,agg_static@rho0.8,rep1_ov50_agg_static@rho0.8_b03overlap,1,agg_static,0.8,horizon_h4,38,19,Freshness,0.5,0.34802784222737815,1
b03overlap,ov50,agg_static@rho0.8,rep1_ov50_agg_static@rho0.8_b03overlap,1,agg_static,0.8,horizon_h4,38,23,Freshness,0.6,0.34802784222737815,1
b03overlap,ov50,agg_static@rho0.8,rep1_ov50_agg_static@rho0.8_b03overlap,1,agg_static,0.8,horizon_h4,38,30,Freshness,0.8,0.703016241299304,1
b03overlap,ov50,agg_static@rho0.8,rep1_ov50_agg_static@rho0.8_b03overlap,1,agg_static,0.8,horizon_h4,38,38,Freshness,1.0,1.0,1
b03overlap,ov50,agg_static@rho0.8,rep1_ov50_agg_static@rho0.8_b03overlap,1,agg_static,0.8,horizon_h4,38,4,CoverageDelta,0.1,0.4129930394431554,1
b03overlap,ov50,agg_static@rho0.8,rep1_ov50_agg_static@rho0.8_b03overlap,1,agg_static,0.8,horizon_h4,38,8,CoverageDelta,0.2,0.4709976798143852,1
b03overlap,ov50,agg_static@rho0.8,rep1_ov50_agg_static@rho0.8_b03overlap,1,agg_static,0.8,horizon_h4,38,11,CoverageDelta,0.3,0.5290023201856149,1
b03overlap,ov50,agg_static@rho0.8,rep1_ov50_agg_static@rho0.8_b03overlap,1,agg_static,0.8,horizon_h4,38,15,CoverageDelta,0.4,0.6450116009280742,1
b03overlap,ov50,agg_static@rho0.8,rep1_ov50_agg_static@rho0.8_b03overlap,1,agg_static,0.8,horizon_h4,38,19,CoverageDelta,0.5,0.6450116009280742,1
b03overlap,ov50,agg_static@rho0.8,rep1_ov50_agg_static@rho0.8_b03overlap,1,agg_static,0.8,horizon_h4,38,23,CoverageDelta,0.6,0.6450116009280742,1
b03overlap,ov50,agg_static@rho0.8,rep1_ov50_agg_static@rho0.8_b03overlap,1,agg_static,0.8,horizon_h4,38,30,CoverageDelta,0.8,0.703016241299304,1
b03overlap,ov50,agg_static@rho0.8,rep1_ov50_agg_static@rho0.8_b03overlap,1,agg_static,0.8,horizon_h4,38,38,CoverageDelta,1.0,1.0,1
b03overlap,ov50,agg_static@rho0.8,rep1_ov50_agg_static@rho0.8_b03overlap,1,agg_static,0.8,horizon_h4,38,4,CoverageAdvantage,0.1,0.4129930394431554,1
b03overlap,ov50,agg_static@rho0.8,rep1_ov50_agg_static@rho0.8_b03overlap,1,agg_static,0.8,horizon_h4,38,8,CoverageAdvantage,0.2,0.4709976798143852,1
b03overlap,ov50,agg_static@rho0.8,rep1_ov50_agg_static@rho0.8_b03overlap,1,agg_static,0.8,horizon_h4,38,11,CoverageAdvantage,0.3,0.5290023201856149,1
b03overlap,ov50,agg_static@rho0.8,rep1_ov50_agg_static@rho0.8_b03overlap,1,agg_static,0.8,horizon_h4,38,15,CoverageAdvantage,0.4,0.6450116009280742,1
b03overlap,ov50,agg_static@rho0.8,rep1_ov50_agg_static@rho0.8_b03overlap,1,agg_static,0.8,horizon_h4,38,19,CoverageAdvantage,0.5,0.6450116009280742,1
b03overlap,ov50,agg_static@rho0.8,rep1_ov50_agg_static@rho0.8_b03overlap,1,agg_static,0.8,horizon_h4,38,23,CoverageAdvantage,0.6,0.6450116009280742,1
b03overlap,ov50,agg_static@rho0.8,rep1_ov50_agg_static@rho0.8_b03overlap,1,agg_static,0.8,horizon_h4,38,30,CoverageAdvantage,0.8,0.703016241299304,1
b03overlap,ov50,agg_static@rho0.8,rep1_ov50_agg_static@rho0.8_b03overlap,1,agg_static,0.8,horizon_h4,38,38,CoverageAdvantage,1.0,1.0,1
b03overlap,ov50,agg_static@rho0.8,rep1_ov50_agg_static@rho0.8_b03overlap,1,agg_static,0.8,horizon_h4,38,4,SimpleCoverageLoad,0.1,0.4129930394431554,1
b03overlap,ov50,agg_static@rho0.8,rep1_ov50_agg_static@rho0.8_b03overlap,1,agg_static,0.8,horizon_h4,38,8,SimpleCoverageLoad,0.2,0.4709976798143852,1
b03overlap,ov50,agg_static@rho0.8,rep1_ov50_agg_static@rho0.8_b03overlap,1,agg_static,0.8,horizon_h4,38,11,SimpleCoverageLoad,0.3,0.5290023201856149,1
b03overlap,ov50,agg_static@rho0.8,rep1_ov50_agg_static@rho0.8_b03overlap,1,agg_static,0.8,horizon_h4,38,15,SimpleCoverageLoad,0.4,0.6450116009280742,1
b03overlap,ov50,agg_static@rho0.8,rep1_ov50_agg_static@rho0.8_b03overlap,1,agg_static,0.8,horizon_h4,38,19,SimpleCoverageLoad,0.5,0.6450116009280742,1
b03overlap,ov50,agg_static@rho0.8,rep1_ov50_agg_static@rho0.8_b03overlap,1,agg_static,0.8,horizon_h4,38,23,SimpleCoverageLoad,0.6,0.6450116009280742,1
b03overlap,ov50,agg_static@rho0.8,rep1_ov50_agg_static@rho0.8_b03overlap,1,agg_static,0.8,horizon_h4,38,30,SimpleCoverageLoad,0.8,0.703016241299304,1
b03overlap,ov50,agg_static@rho0.8,rep1_ov50_agg_static@rho0.8_b03overlap,1,agg_static,0.8,horizon_h4,38,38,SimpleCoverageLoad,1.0,1.0,1
b03overlap,ov50,agg_static@rho0.8,rep1_ov50_agg_static@rho0.8_b03overlap,1,agg_static,0.8,horizon_h4,38,4,DecisionAware,0.1,0.29698375870069604,1
b03overlap,ov50,agg_static@rho0.8,rep1_ov50_agg_static@rho0.8_b03overlap,1,agg_static,0.8,horizon_h4,38,8,DecisionAware,0.2,0.4129930394431554,1
b03overlap,ov50,agg_static@rho0.8,rep1_ov50_agg_static@rho0.8_b03overlap,1,agg_static,0.8,horizon_h4,38,11,DecisionAware,0.3,0.4129930394431554,1
b03overlap,ov50,agg_static@rho0.8,rep1_ov50_agg_static@rho0.8_b03overlap,1,agg_static,0.8,horizon_h4,38,15,DecisionAware,0.4,0.5290023201856149,1
b03overlap,ov50,agg_static@rho0.8,rep1_ov50_agg_static@rho0.8_b03overlap,1,agg_static,0.8,horizon_h4,38,19,DecisionAware,0.5,0.6450116009280742,1
b03overlap,ov50,agg_static@rho0.8,rep1_ov50_agg_static@rho0.8_b03overlap,1,agg_static,0.8,horizon_h4,38,23,DecisionAware,0.6,0.6450116009280742,1
b03overlap,ov50,agg_static@rho0.8,rep1_ov50_agg_static@rho0.8_b03overlap,1,agg_static,0.8,horizon_h4,38,30,DecisionAware,0.8,0.703016241299304,1
b03overlap,ov50,agg_static@rho0.8,rep1_ov50_agg_static@rho0.8_b03overlap,1,agg_static,0.8,horizon_h4,38,38,DecisionAware,1.0,1.0,1
b03overlap,ov50,agg_static@rho0.8,rep1_ov50_agg_static@rho0.8_b03overlap,1,agg_static,0.8,horizon_h4,38,4,B02Utility,0.1,0.11600928074245938,1
b03overlap,ov50,agg_static@rho0.8,rep1_ov50_agg_static@rho0.8_b03overlap,1,agg_static,0.8,horizon_h4,38,8,B02Utility,0.2,0.23201856148491876,1
b03overlap,ov50,agg_static@rho0.8,rep1_ov50_agg_static@rho0.8_b03overlap,1,agg_static,0.8,horizon_h4,38,11,B02Utility,0.3,0.29002320185614844,1
b03overlap,ov50,agg_static@rho0.8,rep1_ov50_agg_static@rho0.8_b03overlap,1,agg_static,0.8,horizon_h4,38,15,B02Utility,0.4,0.34802784222737815,1
b03overlap,ov50,agg_static@rho0.8,rep1_ov50_agg_static@rho0.8_b03overlap,1,agg_static,0.8,horizon_h4,38,19,B02Utility,0.5,0.34802784222737815,1
b03overlap,ov50,agg_static@rho0.8,rep1_ov50_agg_static@rho0.8_b03overlap,1,agg_static,0.8,horizon_h4,38,23,B02Utility,0.6,0.40603248259860786,1
b03overlap,ov50,agg_static@rho0.8,rep1_ov50_agg_static@rho0.8_b03overlap,1,agg_static,0.8,horizon_h4,38,30,B02Utility,0.8,1.0,1
b03overlap,ov50,agg_static@rho0.8,rep1_ov50_agg_static@rho0.8_b03overlap,1,agg_static,0.8,horizon_h4,38,38,B02Utility,1.0,1.0,1
b03overlap,ov50,agg_static@rho0.8,rep1_ov50_agg_static@rho0.8_b03overlap,1,agg_static,0.8,horizon_h4,38,4,Oracle,0.1,0.7099767981438514,1
b03overlap,ov50,agg_static@rho0.8,rep1_ov50_agg_static@rho0.8_b03overlap,1,agg_static,0.8,horizon_h4,38,8,Oracle,0.2,0.9419953596287703,1
b03overlap,ov50,agg_static@rho0.8,rep1_ov50_agg_static@rho0.8_b03overlap,1,agg_static,0.8,horizon_h4,38,11,Oracle,0.3,1.0,1
b03overlap,ov50,agg_static@rho0.8,rep1_ov50_agg_static@rho0.8_b03overlap,1,agg_static,0.8,horizon_h4,38,15,Oracle,0.4,1.0,1
b03overlap,ov50,agg_static@rho0.8,rep1_ov50_agg_static@rho0.8_b03overlap,1,agg_static,0.8,horizon_h4,38,19,Oracle,0.5,1.0,1
b03overlap,ov50,agg_static@rho0.8,rep1_ov50_agg_static@rho0.8_b03overlap,1,agg_static,0.8,horizon_h4,38,23,Oracle,0.6,1.0,1
b03overlap,ov50,agg_static@rho0.8,rep1_ov50_agg_static@rho0.8_b03overlap,1,agg_static,0.8,horizon_h4,38,30,Oracle,0.8,1.0,1
b03overlap,ov50,agg_static@rho0.8,rep1_ov50_agg_static@rho0.8_b03overlap,1,agg_static,0.8,horizon_h4,38,38,Oracle,1.0,1.0,1
b03overlap,ov75,agg_full@rho0.8,rep0_ov75_agg_full@rho0.8_b03overlap,0,agg_full,0.8,next_use,56,6,Random,0.1,0.1272508591065292,20
b03overlap,ov75,agg_full@rho0.8,rep0_ov75_agg_full@rho0.8_b03overlap,0,agg_full,0.8,next_use,56,11,Random,0.2,0.19989690721649483,20
b03overlap,ov75,agg_full@rho0.8,rep0_ov75_agg_full@rho0.8_b03overlap,0,agg_full,0.8,next_use,56,17,Random,0.3,0.2654639175257732,20
b03overlap,ov75,agg_full@rho0.8,rep0_ov75_agg_full@rho0.8_b03overlap,0,agg_full,0.8,next_use,56,22,Random,0.4,0.3065635738831615,20
b03overlap,ov75,agg_full@rho0.8,rep0_ov75_agg_full@rho0.8_b03overlap,0,agg_full,0.8,next_use,56,28,Random,0.5,0.4418556701030928,20
b03overlap,ov75,agg_full@rho0.8,rep0_ov75_agg_full@rho0.8_b03overlap,0,agg_full,0.8,next_use,56,34,Random,0.6,0.5595532646048109,20
b03overlap,ov75,agg_full@rho0.8,rep0_ov75_agg_full@rho0.8_b03overlap,0,agg_full,0.8,next_use,56,45,Random,0.8,0.7577319587628866,20
b03overlap,ov75,agg_full@rho0.8,rep0_ov75_agg_full@rho0.8_b03overlap,0,agg_full,0.8,next_use,56,56,Random,1.0,1.0,20
b03overlap,ov75,agg_full@rho0.8,rep0_ov75_agg_full@rho0.8_b03overlap,0,agg_full,0.8,next_use,56,6,Freshness,0.1,0.0,1
b03overlap,ov75,agg_full@rho0.8,rep0_ov75_agg_full@rho0.8_b03overlap,0,agg_full,0.8,next_use,56,11,Freshness,0.2,0.017182130584192438,1
b03overlap,ov75,agg_full@rho0.8,rep0_ov75_agg_full@rho0.8_b03overlap,0,agg_full,0.8,next_use,56,17,Freshness,0.3,0.034364261168384876,1
b03overlap,ov75,agg_full@rho0.8,rep0_ov75_agg_full@rho0.8_b03overlap,0,agg_full,0.8,next_use,56,22,Freshness,0.4,0.06872852233676975,1
b03overlap,ov75,agg_full@rho0.8,rep0_ov75_agg_full@rho0.8_b03overlap,0,agg_full,0.8,next_use,56,28,Freshness,0.5,0.0859106529209622,1
b03overlap,ov75,agg_full@rho0.8,rep0_ov75_agg_full@rho0.8_b03overlap,0,agg_full,0.8,next_use,56,34,Freshness,0.6,0.10309278350515463,1
b03overlap,ov75,agg_full@rho0.8,rep0_ov75_agg_full@rho0.8_b03overlap,0,agg_full,0.8,next_use,56,45,Freshness,0.8,0.8412371134020619,1
b03overlap,ov75,agg_full@rho0.8,rep0_ov75_agg_full@rho0.8_b03overlap,0,agg_full,0.8,next_use,56,56,Freshness,1.0,1.0,1
b03overlap,ov75,agg_full@rho0.8,rep0_ov75_agg_full@rho0.8_b03overlap,0,agg_full,0.8,next_use,56,6,CoverageDelta,0.1,0.0,1
b03overlap,ov75,agg_full@rho0.8,rep0_ov75_agg_full@rho0.8_b03overlap,0,agg_full,0.8,next_use,56,11,CoverageDelta,0.2,0.017182130584192438,1
b03overlap,ov75,agg_full@rho0.8,rep0_ov75_agg_full@rho0.8_b03overlap,0,agg_full,0.8,next_use,56,17,CoverageDelta,0.3,0.034364261168384876,1
b03overlap,ov75,agg_full@rho0.8,rep0_ov75_agg_full@rho0.8_b03overlap,0,agg_full,0.8,next_use,56,22,CoverageDelta,0.4,0.06872852233676975,1
b03overlap,ov75,agg_full@rho0.8,rep0_ov75_agg_full@rho0.8_b03overlap,0,agg_full,0.8,next_use,56,28,CoverageDelta,0.5,0.0859106529209622,1
b03overlap,ov75,agg_full@rho0.8,rep0_ov75_agg_full@rho0.8_b03overlap,0,agg_full,0.8,next_use,56,34,CoverageDelta,0.6,0.10309278350515463,1
b03overlap,ov75,agg_full@rho0.8,rep0_ov75_agg_full@rho0.8_b03overlap,0,agg_full,0.8,next_use,56,45,CoverageDelta,0.8,0.8412371134020619,1
b03overlap,ov75,agg_full@rho0.8,rep0_ov75_agg_full@rho0.8_b03overlap,0,agg_full,0.8,next_use,56,56,CoverageDelta,1.0,1.0,1
b03overlap,ov75,agg_full@rho0.8,rep0_ov75_agg_full@rho0.8_b03overlap,0,agg_full,0.8,next_use,56,6,CoverageAdvantage,0.1,0.0,1
b03overlap,ov75,agg_full@rho0.8,rep0_ov75_agg_full@rho0.8_b03overlap,0,agg_full,0.8,next_use,56,11,CoverageAdvantage,0.2,0.017182130584192438,1
b03overlap,ov75,agg_full@rho0.8,rep0_ov75_agg_full@rho0.8_b03overlap,0,agg_full,0.8,next_use,56,17,CoverageAdvantage,0.3,0.034364261168384876,1
b03overlap,ov75,agg_full@rho0.8,rep0_ov75_agg_full@rho0.8_b03overlap,0,agg_full,0.8,next_use,56,22,CoverageAdvantage,0.4,0.06872852233676975,1
b03overlap,ov75,agg_full@rho0.8,rep0_ov75_agg_full@rho0.8_b03overlap,0,agg_full,0.8,next_use,56,28,CoverageAdvantage,0.5,0.0859106529209622,1
b03overlap,ov75,agg_full@rho0.8,rep0_ov75_agg_full@rho0.8_b03overlap,0,agg_full,0.8,next_use,56,34,CoverageAdvantage,0.6,0.10309278350515463,1
b03overlap,ov75,agg_full@rho0.8,rep0_ov75_agg_full@rho0.8_b03overlap,0,agg_full,0.8,next_use,56,45,CoverageAdvantage,0.8,0.9292096219931271,1
b03overlap,ov75,agg_full@rho0.8,rep0_ov75_agg_full@rho0.8_b03overlap,0,agg_full,0.8,next_use,56,56,CoverageAdvantage,1.0,1.0,1
b03overlap,ov75,agg_full@rho0.8,rep0_ov75_agg_full@rho0.8_b03overlap,0,agg_full,0.8,next_use,56,6,SimpleCoverageLoad,0.1,0.0,1
b03overlap,ov75,agg_full@rho0.8,rep0_ov75_agg_full@rho0.8_b03overlap,0,agg_full,0.8,next_use,56,11,SimpleCoverageLoad,0.2,0.017182130584192438,1
b03overlap,ov75,agg_full@rho0.8,rep0_ov75_agg_full@rho0.8_b03overlap,0,agg_full,0.8,next_use,56,17,SimpleCoverageLoad,0.3,0.034364261168384876,1
b03overlap,ov75,agg_full@rho0.8,rep0_ov75_agg_full@rho0.8_b03overlap,0,agg_full,0.8,next_use,56,22,SimpleCoverageLoad,0.4,0.06872852233676975,1
b03overlap,ov75,agg_full@rho0.8,rep0_ov75_agg_full@rho0.8_b03overlap,0,agg_full,0.8,next_use,56,28,SimpleCoverageLoad,0.5,0.0859106529209622,1
b03overlap,ov75,agg_full@rho0.8,rep0_ov75_agg_full@rho0.8_b03overlap,0,agg_full,0.8,next_use,56,34,SimpleCoverageLoad,0.6,0.10309278350515463,1
b03overlap,ov75,agg_full@rho0.8,rep0_ov75_agg_full@rho0.8_b03overlap,0,agg_full,0.8,next_use,56,45,SimpleCoverageLoad,0.8,0.9292096219931271,1
b03overlap,ov75,agg_full@rho0.8,rep0_ov75_agg_full@rho0.8_b03overlap,0,agg_full,0.8,next_use,56,56,SimpleCoverageLoad,1.0,1.0,1
b03overlap,ov75,agg_full@rho0.8,rep0_ov75_agg_full@rho0.8_b03overlap,0,agg_full,0.8,next_use,56,6,DecisionAware,0.1,0.6865979381443299,1
b03overlap,ov75,agg_full@rho0.8,rep0_ov75_agg_full@rho0.8_b03overlap,0,agg_full,0.8,next_use,56,11,DecisionAware,0.2,0.7037800687285223,1
b03overlap,ov75,agg_full@rho0.8,rep0_ov75_agg_full@rho0.8_b03overlap,0,agg_full,0.8,next_use,56,17,DecisionAware,0.3,0.7209621993127148,1
b03overlap,ov75,agg_full@rho0.8,rep0_ov75_agg_full@rho0.8_b03overlap,0,agg_full,0.8,next_use,56,22,DecisionAware,0.4,0.7553264604810996,1
b03overlap,ov75,agg_full@rho0.8,rep0_ov75_agg_full@rho0.8_b03overlap,0,agg_full,0.8,next_use,56,28,DecisionAware,0.5,0.7553264604810996,1
b03overlap,ov75,agg_full@rho0.8,rep0_ov75_agg_full@rho0.8_b03overlap,0,agg_full,0.8,next_use,56,34,DecisionAware,0.6,0.7896907216494845,1
b03overlap,ov75,agg_full@rho0.8,rep0_ov75_agg_full@rho0.8_b03overlap,0,agg_full,0.8,next_use,56,45,DecisionAware,0.8,0.8412371134020619,1
b03overlap,ov75,agg_full@rho0.8,rep0_ov75_agg_full@rho0.8_b03overlap,0,agg_full,0.8,next_use,56,56,DecisionAware,1.0,1.0,1
b03overlap,ov75,agg_full@rho0.8,rep0_ov75_agg_full@rho0.8_b03overlap,0,agg_full,0.8,next_use,56,6,B02Utility,0.1,0.08797250859106528,1
b03overlap,ov75,agg_full@rho0.8,rep0_ov75_agg_full@rho0.8_b03overlap,0,agg_full,0.8,next_use,56,11,B02Utility,0.2,0.10515463917525773,1
b03overlap,ov75,agg_full@rho0.8,rep0_ov75_agg_full@rho0.8_b03overlap,0,agg_full,0.8,next_use,56,17,B02Utility,0.3,0.12233676975945017,1
b03overlap,ov75,agg_full@rho0.8,rep0_ov75_agg_full@rho0.8_b03overlap,0,agg_full,0.8,next_use,56,22,B02Utility,0.4,0.15670103092783505,1
b03overlap,ov75,agg_full@rho0.8,rep0_ov75_agg_full@rho0.8_b03overlap,0,agg_full,0.8,next_use,56,28,B02Utility,0.5,0.15670103092783505,1
b03overlap,ov75,agg_full@rho0.8,rep0_ov75_agg_full@rho0.8_b03overlap,0,agg_full,0.8,next_use,56,34,B02Utility,0.6,0.5257731958762887,1
b03overlap,ov75,agg_full@rho0.8,rep0_ov75_agg_full@rho0.8_b03overlap,0,agg_full,0.8,next_use,56,45,B02Utility,0.8,0.5773195876288659,1
b03overlap,ov75,agg_full@rho0.8,rep0_ov75_agg_full@rho0.8_b03overlap,0,agg_full,0.8,next_use,56,56,B02Utility,1.0,1.0,1
b03overlap,ov75,agg_full@rho0.8,rep0_ov75_agg_full@rho0.8_b03overlap,0,agg_full,0.8,next_use,56,6,Oracle,0.1,0.8797250859106529,1
b03overlap,ov75,agg_full@rho0.8,rep0_ov75_agg_full@rho0.8_b03overlap,0,agg_full,0.8,next_use,56,11,Oracle,0.2,0.9656357388316151,1
b03overlap,ov75,agg_full@rho0.8,rep0_ov75_agg_full@rho0.8_b03overlap,0,agg_full,0.8,next_use,56,17,Oracle,0.3,1.0,1
b03overlap,ov75,agg_full@rho0.8,rep0_ov75_agg_full@rho0.8_b03overlap,0,agg_full,0.8,next_use,56,22,Oracle,0.4,1.0,1
b03overlap,ov75,agg_full@rho0.8,rep0_ov75_agg_full@rho0.8_b03overlap,0,agg_full,0.8,next_use,56,28,Oracle,0.5,1.0,1
b03overlap,ov75,agg_full@rho0.8,rep0_ov75_agg_full@rho0.8_b03overlap,0,agg_full,0.8,next_use,56,34,Oracle,0.6,1.0,1
b03overlap,ov75,agg_full@rho0.8,rep0_ov75_agg_full@rho0.8_b03overlap,0,agg_full,0.8,next_use,56,45,Oracle,0.8,1.0,1
b03overlap,ov75,agg_full@rho0.8,rep0_ov75_agg_full@rho0.8_b03overlap,0,agg_full,0.8,next_use,56,56,Oracle,1.0,1.0,1
b03overlap,ov75,agg_full@rho0.8,rep0_ov75_agg_full@rho0.8_b03overlap,0,agg_full,0.8,horizon_h4,56,6,Random,0.1,0.12233115468409586,20
b03overlap,ov75,agg_full@rho0.8,rep0_ov75_agg_full@rho0.8_b03overlap,0,agg_full,0.8,horizon_h4,56,11,Random,0.2,0.2018155410312273,20
b03overlap,ov75,agg_full@rho0.8,rep0_ov75_agg_full@rho0.8_b03overlap,0,agg_full,0.8,horizon_h4,56,17,Random,0.3,0.27189542483660134,20
b03overlap,ov75,agg_full@rho0.8,rep0_ov75_agg_full@rho0.8_b03overlap,0,agg_full,0.8,horizon_h4,56,22,Random,0.4,0.3143064633260712,20
b03overlap,ov75,agg_full@rho0.8,rep0_ov75_agg_full@rho0.8_b03overlap,0,agg_full,0.8,horizon_h4,56,28,Random,0.5,0.4320987654320988,20
b03overlap,ov75,agg_full@rho0.8,rep0_ov75_agg_full@rho0.8_b03overlap,0,agg_full,0.8,horizon_h4,56,34,Random,0.6,0.5517066085693537,20
b03overlap,ov75,agg_full@rho0.8,rep0_ov75_agg_full@rho0.8_b03overlap,0,agg_full,0.8,horizon_h4,56,45,Random,0.8,0.7580610021786492,20
b03overlap,ov75,agg_full@rho0.8,rep0_ov75_agg_full@rho0.8_b03overlap,0,agg_full,0.8,horizon_h4,56,56,Random,1.0,1.0,20
b03overlap,ov75,agg_full@rho0.8,rep0_ov75_agg_full@rho0.8_b03overlap,0,agg_full,0.8,horizon_h4,56,6,Freshness,0.1,0.0,1
b03overlap,ov75,agg_full@rho0.8,rep0_ov75_agg_full@rho0.8_b03overlap,0,agg_full,0.8,horizon_h4,56,11,Freshness,0.2,0.03631082062454612,1
b03overlap,ov75,agg_full@rho0.8,rep0_ov75_agg_full@rho0.8_b03overlap,0,agg_full,0.8,horizon_h4,56,17,Freshness,0.3,0.054466230936819175,1
b03overlap,ov75,agg_full@rho0.8,rep0_ov75_agg_full@rho0.8_b03overlap,0,agg_full,0.8,horizon_h4,56,22,Freshness,0.4,0.09077705156136529,1
b03overlap,ov75,agg_full@rho0.8,rep0_ov75_agg_full@rho0.8_b03overlap,0,agg_full,0.8,horizon_h4,56,28,Freshness,0.5,0.10893246187363835,1
b03overlap,ov75,agg_full@rho0.8,rep0_ov75_agg_full@rho0.8_b03overlap,0,agg_full,0.8,horizon_h4,56,34,Freshness,0.6,0.14524328249818447,1
b03overlap,ov75,agg_full@rho0.8,rep0_ov75_agg_full@rho0.8_b03overlap,0,agg_full,0.8,horizon_h4,56,45,Freshness,0.8,0.925199709513435,1
b03overlap,ov75,agg_full@rho0.8,rep0_ov75_agg_full@rho0.8_b03overlap,0,agg_full,0.8,horizon_h4,56,56,Freshness,1.0,1.0,1
b03overlap,ov75,agg_full@rho0.8,rep0_ov75_agg_full@rho0.8_b03overlap,0,agg_full,0.8,horizon_h4,56,6,CoverageDelta,0.1,0.0,1
b03overlap,ov75,agg_full@rho0.8,rep0_ov75_agg_full@rho0.8_b03overlap,0,agg_full,0.8,horizon_h4,56,11,CoverageDelta,0.2,0.03631082062454612,1
b03overlap,ov75,agg_full@rho0.8,rep0_ov75_agg_full@rho0.8_b03overlap,0,agg_full,0.8,horizon_h4,56,17,CoverageDelta,0.3,0.054466230936819175,1
b03overlap,ov75,agg_full@rho0.8,rep0_ov75_agg_full@rho0.8_b03overlap,0,agg_full,0.8,horizon_h4,56,22,CoverageDelta,0.4,0.09077705156136529,1
b03overlap,ov75,agg_full@rho0.8,rep0_ov75_agg_full@rho0.8_b03overlap,0,agg_full,0.8,horizon_h4,56,28,CoverageDelta,0.5,0.10893246187363835,1
b03overlap,ov75,agg_full@rho0.8,rep0_ov75_agg_full@rho0.8_b03overlap,0,agg_full,0.8,horizon_h4,56,34,CoverageDelta,0.6,0.14524328249818447,1
b03overlap,ov75,agg_full@rho0.8,rep0_ov75_agg_full@rho0.8_b03overlap,0,agg_full,0.8,horizon_h4,56,45,CoverageDelta,0.8,0.925199709513435,1
b03overlap,ov75,agg_full@rho0.8,rep0_ov75_agg_full@rho0.8_b03overlap,0,agg_full,0.8,horizon_h4,56,56,CoverageDelta,1.0,1.0,1
b03overlap,ov75,agg_full@rho0.8,rep0_ov75_agg_full@rho0.8_b03overlap,0,agg_full,0.8,horizon_h4,56,6,CoverageAdvantage,0.1,0.0,1
b03overlap,ov75,agg_full@rho0.8,rep0_ov75_agg_full@rho0.8_b03overlap,0,agg_full,0.8,horizon_h4,56,11,CoverageAdvantage,0.2,0.03631082062454612,1
b03overlap,ov75,agg_full@rho0.8,rep0_ov75_agg_full@rho0.8_b03overlap,0,agg_full,0.8,horizon_h4,56,17,CoverageAdvantage,0.3,0.054466230936819175,1
b03overlap,ov75,agg_full@rho0.8,rep0_ov75_agg_full@rho0.8_b03overlap,0,agg_full,0.8,horizon_h4,56,22,CoverageAdvantage,0.4,0.09077705156136529,1
b03overlap,ov75,agg_full@rho0.8,rep0_ov75_agg_full@rho0.8_b03overlap,0,agg_full,0.8,horizon_h4,56,28,CoverageAdvantage,0.5,0.10893246187363835,1
b03overlap,ov75,agg_full@rho0.8,rep0_ov75_agg_full@rho0.8_b03overlap,0,agg_full,0.8,horizon_h4,56,34,CoverageAdvantage,0.6,0.14524328249818447,1
b03overlap,ov75,agg_full@rho0.8,rep0_ov75_agg_full@rho0.8_b03overlap,0,agg_full,0.8,horizon_h4,56,45,CoverageAdvantage,0.8,0.925199709513435,1
b03overlap,ov75,agg_full@rho0.8,rep0_ov75_agg_full@rho0.8_b03overlap,0,agg_full,0.8,horizon_h4,56,56,CoverageAdvantage,1.0,1.0,1
b03overlap,ov75,agg_full@rho0.8,rep0_ov75_agg_full@rho0.8_b03overlap,0,agg_full,0.8,horizon_h4,56,6,SimpleCoverageLoad,0.1,0.0,1
b03overlap,ov75,agg_full@rho0.8,rep0_ov75_agg_full@rho0.8_b03overlap,0,agg_full,0.8,horizon_h4,56,11,SimpleCoverageLoad,0.2,0.03631082062454612,1
b03overlap,ov75,agg_full@rho0.8,rep0_ov75_agg_full@rho0.8_b03overlap,0,agg_full,0.8,horizon_h4,56,17,SimpleCoverageLoad,0.3,0.054466230936819175,1
b03overlap,ov75,agg_full@rho0.8,rep0_ov75_agg_full@rho0.8_b03overlap,0,agg_full,0.8,horizon_h4,56,22,SimpleCoverageLoad,0.4,0.09077705156136529,1
b03overlap,ov75,agg_full@rho0.8,rep0_ov75_agg_full@rho0.8_b03overlap,0,agg_full,0.8,horizon_h4,56,28,SimpleCoverageLoad,0.5,0.10893246187363835,1
b03overlap,ov75,agg_full@rho0.8,rep0_ov75_agg_full@rho0.8_b03overlap,0,agg_full,0.8,horizon_h4,56,34,SimpleCoverageLoad,0.6,0.14524328249818447,1
b03overlap,ov75,agg_full@rho0.8,rep0_ov75_agg_full@rho0.8_b03overlap,0,agg_full,0.8,horizon_h4,56,45,SimpleCoverageLoad,0.8,0.925199709513435,1
b03overlap,ov75,agg_full@rho0.8,rep0_ov75_agg_full@rho0.8_b03overlap,0,agg_full,0.8,horizon_h4,56,56,SimpleCoverageLoad,1.0,1.0,1
b03overlap,ov75,agg_full@rho0.8,rep0_ov75_agg_full@rho0.8_b03overlap,0,agg_full,0.8,horizon_h4,56,6,DecisionAware,0.1,0.7254901960784315,1
b03overlap,ov75,agg_full@rho0.8,rep0_ov75_agg_full@rho0.8_b03overlap,0,agg_full,0.8,horizon_h4,56,11,DecisionAware,0.2,0.7618010167029775,1
b03overlap,ov75,agg_full@rho0.8,rep0_ov75_agg_full@rho0.8_b03overlap,0,agg_full,0.8,horizon_h4,56,17,DecisionAware,0.3,0.7799564270152506,1
b03overlap,ov75,agg_full@rho0.8,rep0_ov75_agg_full@rho0.8_b03overlap,0,agg_full,0.8,horizon_h4,56,22,DecisionAware,0.4,0.8162672476397967,1
b03overlap,ov75,agg_full@rho0.8,rep0_ov75_agg_full@rho0.8_b03overlap,0,agg_full,0.8,horizon_h4,56,28,DecisionAware,0.5,0.8162672476397967,1
b03overlap,ov75,agg_full@rho0.8,rep0_ov75_agg_full@rho0.8_b03overlap,0,agg_full,0.8,horizon_h4,56,34,DecisionAware,0.6,0.8525780682643428,1
b03overlap,ov75,agg_full@rho0.8,rep0_ov75_agg_full@rho0.8_b03overlap,0,agg_full,0.8,horizon_h4,56,45,DecisionAware,0.8,0.925199709513435,1
b03overlap,ov75,agg_full@rho0.8,rep0_ov75_agg_full@rho0.8_b03overlap,0,agg_full,0.8,horizon_h4,56,56,DecisionAware,1.0,1.0,1
b03overlap,ov75,agg_full@rho0.8,rep0_ov75_agg_full@rho0.8_b03overlap,0,agg_full,0.8,horizon_h4,56,6,B02Utility,0.1,0.0,1
b03overlap,ov75,agg_full@rho0.8,rep0_ov75_agg_full@rho0.8_b03overlap,0,agg_full,0.8,horizon_h4,56,11,B02Utility,0.2,0.01815541031227306,1
b03overlap,ov75,agg_full@rho0.8,rep0_ov75_agg_full@rho0.8_b03overlap,0,agg_full,0.8,horizon_h4,56,17,B02Utility,0.3,0.054466230936819175,1
b03overlap,ov75,agg_full@rho0.8,rep0_ov75_agg_full@rho0.8_b03overlap,0,agg_full,0.8,horizon_h4,56,22,B02Utility,0.4,0.09077705156136529,1
b03overlap,ov75,agg_full@rho0.8,rep0_ov75_agg_full@rho0.8_b03overlap,0,agg_full,0.8,horizon_h4,56,28,B02Utility,0.5,0.09077705156136529,1
b03overlap,ov75,agg_full@rho0.8,rep0_ov75_agg_full@rho0.8_b03overlap,0,agg_full,0.8,horizon_h4,56,34,B02Utility,0.6,0.4807552650689906,1
b03overlap,ov75,agg_full@rho0.8,rep0_ov75_agg_full@rho0.8_b03overlap,0,agg_full,0.8,horizon_h4,56,45,B02Utility,0.8,0.5533769063180828,1
b03overlap,ov75,agg_full@rho0.8,rep0_ov75_agg_full@rho0.8_b03overlap,0,agg_full,0.8,horizon_h4,56,56,B02Utility,1.0,1.0,1
b03overlap,ov75,agg_full@rho0.8,rep0_ov75_agg_full@rho0.8_b03overlap,0,agg_full,0.8,horizon_h4,56,6,Oracle,0.1,0.8729121278140886,1
b03overlap,ov75,agg_full@rho0.8,rep0_ov75_agg_full@rho0.8_b03overlap,0,agg_full,0.8,horizon_h4,56,11,Oracle,0.2,0.9636891793754538,1
b03overlap,ov75,agg_full@rho0.8,rep0_ov75_agg_full@rho0.8_b03overlap,0,agg_full,0.8,horizon_h4,56,17,Oracle,0.3,1.0,1
b03overlap,ov75,agg_full@rho0.8,rep0_ov75_agg_full@rho0.8_b03overlap,0,agg_full,0.8,horizon_h4,56,22,Oracle,0.4,1.0,1
b03overlap,ov75,agg_full@rho0.8,rep0_ov75_agg_full@rho0.8_b03overlap,0,agg_full,0.8,horizon_h4,56,28,Oracle,0.5,1.0,1
b03overlap,ov75,agg_full@rho0.8,rep0_ov75_agg_full@rho0.8_b03overlap,0,agg_full,0.8,horizon_h4,56,34,Oracle,0.6,1.0,1
b03overlap,ov75,agg_full@rho0.8,rep0_ov75_agg_full@rho0.8_b03overlap,0,agg_full,0.8,horizon_h4,56,45,Oracle,0.8,1.0,1
b03overlap,ov75,agg_full@rho0.8,rep0_ov75_agg_full@rho0.8_b03overlap,0,agg_full,0.8,horizon_h4,56,56,Oracle,1.0,1.0,1
b03overlap,ov75,agg_static@rho0.8,rep0_ov75_agg_static@rho0.8_b03overlap,0,agg_static,0.8,next_use,44,4,Random,0.1,0.12119047619047618,20
b03overlap,ov75,agg_static@rho0.8,rep0_ov75_agg_static@rho0.8_b03overlap,0,agg_static,0.8,next_use,44,9,Random,0.2,0.18160714285714286,20
b03overlap,ov75,agg_static@rho0.8,rep0_ov75_agg_static@rho0.8_b03overlap,0,agg_static,0.8,next_use,44,13,Random,0.3,0.23922619047619045,20
b03overlap,ov75,agg_static@rho0.8,rep0_ov75_agg_static@rho0.8_b03overlap,0,agg_static,0.8,next_use,44,18,Random,0.4,0.29964285714285716,20
b03overlap,ov75,agg_static@rho0.8,rep0_ov75_agg_static@rho0.8_b03overlap,0,agg_static,0.8,next_use,44,22,Random,0.5,0.4132142857142857,20
b03overlap,ov75,agg_static@rho0.8,rep0_ov75_agg_static@rho0.8_b03overlap,0,agg_static,0.8,next_use,44,26,Random,0.6,0.5591071428571428,20
b03overlap,ov75,agg_static@rho0.8,rep0_ov75_agg_static@rho0.8_b03overlap,0,agg_static,0.8,next_use,44,35,Random,0.8,0.728452380952381,20
b03overlap,ov75,agg_static@rho0.8,rep0_ov75_agg_static@rho0.8_b03overlap,0,agg_static,0.8,next_use,44,44,Random,1.0,1.0,20
b03overlap,ov75,agg_static@rho0.8,rep0_ov75_agg_static@rho0.8_b03overlap,0,agg_static,0.8,next_use,44,4,Freshness,0.1,0.0,1
b03overlap,ov75,agg_static@rho0.8,rep0_ov75_agg_static@rho0.8_b03overlap,0,agg_static,0.8,next_use,44,9,Freshness,0.2,0.02976190476190476,1
b03overlap,ov75,agg_static@rho0.8,rep0_ov75_agg_static@rho0.8_b03overlap,0,agg_static,0.8,next_use,44,13,Freshness,0.3,0.05952380952380952,1
b03overlap,ov75,agg_static@rho0.8,rep0_ov75_agg_static@rho0.8_b03overlap,0,agg_static,0.8,next_use,44,18,Freshness,0.4,0.11904761904761904,1
b03overlap,ov75,agg_static@rho0.8,rep0_ov75_agg_static@rho0.8_b03overlap,0,agg_static,0.8,next_use,44,22,Freshness,0.5,0.11904761904761904,1
b03overlap,ov75,agg_static@rho0.8,rep0_ov75_agg_static@rho0.8_b03overlap,0,agg_static,0.8,next_use,44,26,Freshness,0.6,0.1488095238095238,1
b03overlap,ov75,agg_static@rho0.8,rep0_ov75_agg_static@rho0.8_b03overlap,0,agg_static,0.8,next_use,44,35,Freshness,0.8,0.20833333333333331,1
b03overlap,ov75,agg_static@rho0.8,rep0_ov75_agg_static@rho0.8_b03overlap,0,agg_static,0.8,next_use,44,44,Freshness,1.0,1.0,1
b03overlap,ov75,agg_static@rho0.8,rep0_ov75_agg_static@rho0.8_b03overlap,0,agg_static,0.8,next_use,44,4,CoverageDelta,0.1,0.0,1
b03overlap,ov75,agg_static@rho0.8,rep0_ov75_agg_static@rho0.8_b03overlap,0,agg_static,0.8,next_use,44,9,CoverageDelta,0.2,0.02976190476190476,1
b03overlap,ov75,agg_static@rho0.8,rep0_ov75_agg_static@rho0.8_b03overlap,0,agg_static,0.8,next_use,44,13,CoverageDelta,0.3,0.05952380952380952,1
b03overlap,ov75,agg_static@rho0.8,rep0_ov75_agg_static@rho0.8_b03overlap,0,agg_static,0.8,next_use,44,18,CoverageDelta,0.4,0.11904761904761904,1
b03overlap,ov75,agg_static@rho0.8,rep0_ov75_agg_static@rho0.8_b03overlap,0,agg_static,0.8,next_use,44,22,CoverageDelta,0.5,0.11904761904761904,1
b03overlap,ov75,agg_static@rho0.8,rep0_ov75_agg_static@rho0.8_b03overlap,0,agg_static,0.8,next_use,44,26,CoverageDelta,0.6,0.1488095238095238,1
b03overlap,ov75,agg_static@rho0.8,rep0_ov75_agg_static@rho0.8_b03overlap,0,agg_static,0.8,next_use,44,35,CoverageDelta,0.8,0.20833333333333331,1
b03overlap,ov75,agg_static@rho0.8,rep0_ov75_agg_static@rho0.8_b03overlap,0,agg_static,0.8,next_use,44,44,CoverageDelta,1.0,1.0,1
b03overlap,ov75,agg_static@rho0.8,rep0_ov75_agg_static@rho0.8_b03overlap,0,agg_static,0.8,next_use,44,4,CoverageAdvantage,0.1,0.15238095238095237,1
b03overlap,ov75,agg_static@rho0.8,rep0_ov75_agg_static@rho0.8_b03overlap,0,agg_static,0.8,next_use,44,9,CoverageAdvantage,0.2,0.18214285714285713,1
b03overlap,ov75,agg_static@rho0.8,rep0_ov75_agg_static@rho0.8_b03overlap,0,agg_static,0.8,next_use,44,13,CoverageAdvantage,0.3,0.2119047619047619,1
b03overlap,ov75,agg_static@rho0.8,rep0_ov75_agg_static@rho0.8_b03overlap,0,agg_static,0.8,next_use,44,18,CoverageAdvantage,0.4,0.27142857142857146,1
b03overlap,ov75,agg_static@rho0.8,rep0_ov75_agg_static@rho0.8_b03overlap,0,agg_static,0.8,next_use,44,22,CoverageAdvantage,0.5,0.27142857142857146,1
b03overlap,ov75,agg_static@rho0.8,rep0_ov75_agg_static@rho0.8_b03overlap,0,agg_static,0.8,next_use,44,26,CoverageAdvantage,0.6,0.30119047619047623,1
b03overlap,ov75,agg_static@rho0.8,rep0_ov75_agg_static@rho0.8_b03overlap,0,agg_static,0.8,next_use,44,35,CoverageAdvantage,0.8,0.3607142857142857,1
b03overlap,ov75,agg_static@rho0.8,rep0_ov75_agg_static@rho0.8_b03overlap,0,agg_static,0.8,next_use,44,44,CoverageAdvantage,1.0,1.0,1
b03overlap,ov75,agg_static@rho0.8,rep0_ov75_agg_static@rho0.8_b03overlap,0,agg_static,0.8,next_use,44,4,SimpleCoverageLoad,0.1,0.15238095238095237,1
b03overlap,ov75,agg_static@rho0.8,rep0_ov75_agg_static@rho0.8_b03overlap,0,agg_static,0.8,next_use,44,9,SimpleCoverageLoad,0.2,0.18214285714285713,1
b03overlap,ov75,agg_static@rho0.8,rep0_ov75_agg_static@rho0.8_b03overlap,0,agg_static,0.8,next_use,44,13,SimpleCoverageLoad,0.3,0.2119047619047619,1
b03overlap,ov75,agg_static@rho0.8,rep0_ov75_agg_static@rho0.8_b03overlap,0,agg_static,0.8,next_use,44,18,SimpleCoverageLoad,0.4,0.27142857142857146,1
b03overlap,ov75,agg_static@rho0.8,rep0_ov75_agg_static@rho0.8_b03overlap,0,agg_static,0.8,next_use,44,22,SimpleCoverageLoad,0.5,0.27142857142857146,1
b03overlap,ov75,agg_static@rho0.8,rep0_ov75_agg_static@rho0.8_b03overlap,0,agg_static,0.8,next_use,44,26,SimpleCoverageLoad,0.6,0.30119047619047623,1
b03overlap,ov75,agg_static@rho0.8,rep0_ov75_agg_static@rho0.8_b03overlap,0,agg_static,0.8,next_use,44,35,SimpleCoverageLoad,0.8,0.3607142857142857,1
b03overlap,ov75,agg_static@rho0.8,rep0_ov75_agg_static@rho0.8_b03overlap,0,agg_static,0.8,next_use,44,44,SimpleCoverageLoad,1.0,1.0,1
b03overlap,ov75,agg_static@rho0.8,rep0_ov75_agg_static@rho0.8_b03overlap,0,agg_static,0.8,next_use,44,4,DecisionAware,0.1,0.7619047619047619,1
b03overlap,ov75,agg_static@rho0.8,rep0_ov75_agg_static@rho0.8_b03overlap,0,agg_static,0.8,next_use,44,9,DecisionAware,0.2,0.7916666666666666,1
b03overlap,ov75,agg_static@rho0.8,rep0_ov75_agg_static@rho0.8_b03overlap,0,agg_static,0.8,next_use,44,13,DecisionAware,0.3,0.8214285714285714,1
b03overlap,ov75,agg_static@rho0.8,rep0_ov75_agg_static@rho0.8_b03overlap,0,agg_static,0.8,next_use,44,18,DecisionAware,0.4,0.8809523809523809,1
b03overlap,ov75,agg_static@rho0.8,rep0_ov75_agg_static@rho0.8_b03overlap,0,agg_static,0.8,next_use,44,22,DecisionAware,0.5,0.8809523809523809,1
b03overlap,ov75,agg_static@rho0.8,rep0_ov75_agg_static@rho0.8_b03overlap,0,agg_static,0.8,next_use,44,26,DecisionAware,0.6,0.8809523809523809,1
b03overlap,ov75,agg_static@rho0.8,rep0_ov75_agg_static@rho0.8_b03overlap,0,agg_static,0.8,next_use,44,35,DecisionAware,0.8,0.9404761904761905,1
b03overlap,ov75,agg_static@rho0.8,rep0_ov75_agg_static@rho0.8_b03overlap,0,agg_static,0.8,next_use,44,44,DecisionAware,1.0,1.0,1
b03overlap,ov75,agg_static@rho0.8,rep0_ov75_agg_static@rho0.8_b03overlap,0,agg_static,0.8,next_use,44,4,B02Utility,0.1,0.0,1
b03overlap,ov75,agg_static@rho0.8,rep0_ov75_agg_static@rho0.8_b03overlap,0,agg_static,0.8,next_use,44,9,B02Utility,0.2,0.02976190476190476,1
b03overlap,ov75,agg_static@rho0.8,rep0_ov75_agg_static@rho0.8_b03overlap,0,agg_static,0.8,next_use,44,13,B02Utility,0.3,0.05952380952380952,1
b03overlap,ov75,agg_static@rho0.8,rep0_ov75_agg_static@rho0.8_b03overlap,0,agg_static,0.8,next_use,44,18,B02Utility,0.4,0.7285714285714285,1
b03overlap,ov75,agg_static@rho0.8,rep0_ov75_agg_static@rho0.8_b03overlap,0,agg_static,0.8,next_use,44,22,B02Utility,0.5,0.7583333333333333,1
b03overlap,ov75,agg_static@rho0.8,rep0_ov75_agg_static@rho0.8_b03overlap,0,agg_static,0.8,next_use,44,26,B02Utility,0.6,0.8178571428571428,1
b03overlap,ov75,agg_static@rho0.8,rep0_ov75_agg_static@rho0.8_b03overlap,0,agg_static,0.8,next_use,44,35,B02Utility,0.8,0.8476190476190476,1
b03overlap,ov75,agg_static@rho0.8,rep0_ov75_agg_static@rho0.8_b03overlap,0,agg_static,0.8,next_use,44,44,B02Utility,1.0,1.0,1
b03overlap,ov75,agg_static@rho0.8,rep0_ov75_agg_static@rho0.8_b03overlap,0,agg_static,0.8,next_use,44,4,Oracle,0.1,0.8214285714285714,1
b03overlap,ov75,agg_static@rho0.8,rep0_ov75_agg_static@rho0.8_b03overlap,0,agg_static,0.8,next_use,44,9,Oracle,0.2,0.9702380952380952,1
b03overlap,ov75,agg_static@rho0.8,rep0_ov75_agg_static@rho0.8_b03overlap,0,agg_static,0.8,next_use,44,13,Oracle,0.3,1.0,1
b03overlap,ov75,agg_static@rho0.8,rep0_ov75_agg_static@rho0.8_b03overlap,0,agg_static,0.8,next_use,44,18,Oracle,0.4,1.0,1
b03overlap,ov75,agg_static@rho0.8,rep0_ov75_agg_static@rho0.8_b03overlap,0,agg_static,0.8,next_use,44,22,Oracle,0.5,1.0,1
b03overlap,ov75,agg_static@rho0.8,rep0_ov75_agg_static@rho0.8_b03overlap,0,agg_static,0.8,next_use,44,26,Oracle,0.6,1.0,1
b03overlap,ov75,agg_static@rho0.8,rep0_ov75_agg_static@rho0.8_b03overlap,0,agg_static,0.8,next_use,44,35,Oracle,0.8,1.0,1
b03overlap,ov75,agg_static@rho0.8,rep0_ov75_agg_static@rho0.8_b03overlap,0,agg_static,0.8,next_use,44,44,Oracle,1.0,1.0,1
b03overlap,ov75,agg_static@rho0.8,rep0_ov75_agg_static@rho0.8_b03overlap,0,agg_static,0.8,horizon_h4,44,4,Random,0.1,0.11913294797687861,20
b03overlap,ov75,agg_static@rho0.8,rep0_ov75_agg_static@rho0.8_b03overlap,0,agg_static,0.8,horizon_h4,44,9,Random,0.2,0.17780346820809248,20
b03overlap,ov75,agg_static@rho0.8,rep0_ov75_agg_static@rho0.8_b03overlap,0,agg_static,0.8,horizon_h4,44,13,Random,0.3,0.23664739884393063,20
b03overlap,ov75,agg_static@rho0.8,rep0_ov75_agg_static@rho0.8_b03overlap,0,agg_static,0.8,horizon_h4,44,18,Random,0.4,0.30109826589595373,20
b03overlap,ov75,agg_static@rho0.8,rep0_ov75_agg_static@rho0.8_b03overlap,0,agg_static,0.8,horizon_h4,44,22,Random,0.5,0.41427745664739885,20
b03overlap,ov75,agg_static@rho0.8,rep0_ov75_agg_static@rho0.8_b03overlap,0,agg_static,0.8,horizon_h4,44,26,Random,0.6,0.5617341040462428,20
b03overlap,ov75,agg_static@rho0.8,rep0_ov75_agg_static@rho0.8_b03overlap,0,agg_static,0.8,horizon_h4,44,35,Random,0.8,0.7276300578034682,20
b03overlap,ov75,agg_static@rho0.8,rep0_ov75_agg_static@rho0.8_b03overlap,0,agg_static,0.8,horizon_h4,44,44,Random,1.0,1.0,20
b03overlap,ov75,agg_static@rho0.8,rep0_ov75_agg_static@rho0.8_b03overlap,0,agg_static,0.8,horizon_h4,44,4,Freshness,0.1,0.0,1
b03overlap,ov75,agg_static@rho0.8,rep0_ov75_agg_static@rho0.8_b03overlap,0,agg_static,0.8,horizon_h4,44,9,Freshness,0.2,0.057803468208092484,1
b03overlap,ov75,agg_static@rho0.8,rep0_ov75_agg_static@rho0.8_b03overlap,0,agg_static,0.8,horizon_h4,44,13,Freshness,0.3,0.08670520231213873,1
b03overlap,ov75,agg_static@rho0.8,rep0_ov75_agg_static@rho0.8_b03overlap,0,agg_static,0.8,horizon_h4,44,18,Freshness,0.4,0.1445086705202312,1
b03overlap,ov75,agg_static@rho0.8,rep0_ov75_agg_static@rho0.8_b03overlap,0,agg_static,0.8,horizon_h4,44,22,Freshness,0.5,0.1445086705202312,1
b03overlap,ov75,agg_static@rho0.8,rep0_ov75_agg_static@rho0.8_b03overlap,0,agg_static,0.8,horizon_h4,44,26,Freshness,0.6,0.17341040462427745,1
b03overlap,ov75,agg_static@rho0.8,rep0_ov75_agg_static@rho0.8_b03overlap,0,agg_static,0.8,horizon_h4,44,35,Freshness,0.8,0.23121387283236994,1
b03overlap,ov75,agg_static@rho0.8,rep0_ov75_agg_static@rho0.8_b03overlap,0,agg_static,0.8,horizon_h4,44,44,Freshness,1.0,1.0,1
b03overlap,ov75,agg_static@rho0.8,rep0_ov75_agg_static@rho0.8_b03overlap,0,agg_static,0.8,horizon_h4,44,4,CoverageDelta,0.1,0.0,1
b03overlap,ov75,agg_static@rho0.8,rep0_ov75_agg_static@rho0.8_b03overlap,0,agg_static,0.8,horizon_h4,44,9,CoverageDelta,0.2,0.057803468208092484,1
b03overlap,ov75,agg_static@rho0.8,rep0_ov75_agg_static@rho0.8_b03overlap,0,agg_static,0.8,horizon_h4,44,13,CoverageDelta,0.3,0.08670520231213873,1
b03overlap,ov75,agg_static@rho0.8,rep0_ov75_agg_static@rho0.8_b03overlap,0,agg_static,0.8,horizon_h4,44,18,CoverageDelta,0.4,0.1445086705202312,1
b03overlap,ov75,agg_static@rho0.8,rep0_ov75_agg_static@rho0.8_b03overlap,0,agg_static,0.8,horizon_h4,44,22,CoverageDelta,0.5,0.1445086705202312,1
b03overlap,ov75,agg_static@rho0.8,rep0_ov75_agg_static@rho0.8_b03overlap,0,agg_static,0.8,horizon_h4,44,26,CoverageDelta,0.6,0.17341040462427745,1
b03overlap,ov75,agg_static@rho0.8,rep0_ov75_agg_static@rho0.8_b03overlap,0,agg_static,0.8,horizon_h4,44,35,CoverageDelta,0.8,0.23121387283236994,1
b03overlap,ov75,agg_static@rho0.8,rep0_ov75_agg_static@rho0.8_b03overlap,0,agg_static,0.8,horizon_h4,44,44,CoverageDelta,1.0,1.0,1
b03overlap,ov75,agg_static@rho0.8,rep0_ov75_agg_static@rho0.8_b03overlap,0,agg_static,0.8,horizon_h4,44,4,CoverageAdvantage,0.1,0.14797687861271677,1
b03overlap,ov75,agg_static@rho0.8,rep0_ov75_agg_static@rho0.8_b03overlap,0,agg_static,0.8,horizon_h4,44,9,CoverageAdvantage,0.2,0.20578034682080926,1
b03overlap,ov75,agg_static@rho0.8,rep0_ov75_agg_static@rho0.8_b03overlap,0,agg_static,0.8,horizon_h4,44,13,CoverageAdvantage,0.3,0.2346820809248555,1
b03overlap,ov75,agg_static@rho0.8,rep0_ov75_agg_static@rho0.8_b03overlap,0,agg_static,0.8,horizon_h4,44,18,CoverageAdvantage,0.4,0.292485549132948,1
b03overlap,ov75,agg_static@rho0.8,rep0_ov75_agg_static@rho0.8_b03overlap,0,agg_static,0.8,horizon_h4,44,22,CoverageAdvantage,0.5,0.292485549132948,1
b03overlap,ov75,agg_static@rho0.8,rep0_ov75_agg_static@rho0.8_b03overlap,0,agg_static,0.8,horizon_h4,44,26,CoverageAdvantage,0.6,0.3213872832369942,1
b03overlap,ov75,agg_static@rho0.8,rep0_ov75_agg_static@rho0.8_b03overlap,0,agg_static,0.8,horizon_h4,44,35,CoverageAdvantage,0.8,0.37919075144508674,1
b03overlap,ov75,agg_static@rho0.8,rep0_ov75_agg_static@rho0.8_b03overlap,0,agg_static,0.8,horizon_h4,44,44,CoverageAdvantage,1.0,1.0,1
b03overlap,ov75,agg_static@rho0.8,rep0_ov75_agg_static@rho0.8_b03overlap,0,agg_static,0.8,horizon_h4,44,4,SimpleCoverageLoad,0.1,0.14797687861271677,1
b03overlap,ov75,agg_static@rho0.8,rep0_ov75_agg_static@rho0.8_b03overlap,0,agg_static,0.8,horizon_h4,44,9,SimpleCoverageLoad,0.2,0.20578034682080926,1
b03overlap,ov75,agg_static@rho0.8,rep0_ov75_agg_static@rho0.8_b03overlap,0,agg_static,0.8,horizon_h4,44,13,SimpleCoverageLoad,0.3,0.2346820809248555,1
b03overlap,ov75,agg_static@rho0.8,rep0_ov75_agg_static@rho0.8_b03overlap,0,agg_static,0.8,horizon_h4,44,18,SimpleCoverageLoad,0.4,0.292485549132948,1
b03overlap,ov75,agg_static@rho0.8,rep0_ov75_agg_static@rho0.8_b03overlap,0,agg_static,0.8,horizon_h4,44,22,SimpleCoverageLoad,0.5,0.292485549132948,1
b03overlap,ov75,agg_static@rho0.8,rep0_ov75_agg_static@rho0.8_b03overlap,0,agg_static,0.8,horizon_h4,44,26,SimpleCoverageLoad,0.6,0.3213872832369942,1
b03overlap,ov75,agg_static@rho0.8,rep0_ov75_agg_static@rho0.8_b03overlap,0,agg_static,0.8,horizon_h4,44,35,SimpleCoverageLoad,0.8,0.37919075144508674,1
b03overlap,ov75,agg_static@rho0.8,rep0_ov75_agg_static@rho0.8_b03overlap,0,agg_static,0.8,horizon_h4,44,44,SimpleCoverageLoad,1.0,1.0,1
b03overlap,ov75,agg_static@rho0.8,rep0_ov75_agg_static@rho0.8_b03overlap,0,agg_static,0.8,horizon_h4,44,4,DecisionAware,0.1,0.7398843930635838,1
b03overlap,ov75,agg_static@rho0.8,rep0_ov75_agg_static@rho0.8_b03overlap,0,agg_static,0.8,horizon_h4,44,9,DecisionAware,0.2,0.7976878612716763,1
b03overlap,ov75,agg_static@rho0.8,rep0_ov75_agg_static@rho0.8_b03overlap,0,agg_static,0.8,horizon_h4,44,13,DecisionAware,0.3,0.8265895953757225,1
b03overlap,ov75,agg_static@rho0.8,rep0_ov75_agg_static@rho0.8_b03overlap,0,agg_static,0.8,horizon_h4,44,18,DecisionAware,0.4,0.8843930635838151,1
b03overlap,ov75,agg_static@rho0.8,rep0_ov75_agg_static@rho0.8_b03overlap,0,agg_static,0.8,horizon_h4,44,22,DecisionAware,0.5,0.8843930635838151,1
b03overlap,ov75,agg_static@rho0.8,rep0_ov75_agg_static@rho0.8_b03overlap,0,agg_static,0.8,horizon_h4,44,26,DecisionAware,0.6,0.8843930635838151,1
b03overlap,ov75,agg_static@rho0.8,rep0_ov75_agg_static@rho0.8_b03overlap,0,agg_static,0.8,horizon_h4,44,35,DecisionAware,0.8,0.9421965317919075,1
b03overlap,ov75,agg_static@rho0.8,rep0_ov75_agg_static@rho0.8_b03overlap,0,agg_static,0.8,horizon_h4,44,44,DecisionAware,1.0,1.0,1
b03overlap,ov75,agg_static@rho0.8,rep0_ov75_agg_static@rho0.8_b03overlap,0,agg_static,0.8,horizon_h4,44,4,B02Utility,0.1,0.0,1
b03overlap,ov75,agg_static@rho0.8,rep0_ov75_agg_static@rho0.8_b03overlap,0,agg_static,0.8,horizon_h4,44,9,B02Utility,0.2,0.057803468208092484,1
b03overlap,ov75,agg_static@rho0.8,rep0_ov75_agg_static@rho0.8_b03overlap,0,agg_static,0.8,horizon_h4,44,13,B02Utility,0.3,0.08670520231213873,1
b03overlap,ov75,agg_static@rho0.8,rep0_ov75_agg_static@rho0.8_b03overlap,0,agg_static,0.8,horizon_h4,44,18,B02Utility,0.4,0.7364161849710983,1
b03overlap,ov75,agg_static@rho0.8,rep0_ov75_agg_static@rho0.8_b03overlap,0,agg_static,0.8,horizon_h4,44,22,B02Utility,0.5,0.7653179190751445,1
b03overlap,ov75,agg_static@rho0.8,rep0_ov75_agg_static@rho0.8_b03overlap,0,agg_static,0.8,horizon_h4,44,26,B02Utility,0.6,0.823121387283237,1
b03overlap,ov75,agg_static@rho0.8,rep0_ov75_agg_static@rho0.8_b03overlap,0,agg_static,0.8,horizon_h4,44,35,B02Utility,0.8,0.8520231213872832,1
b03overlap,ov75,agg_static@rho0.8,rep0_ov75_agg_static@rho0.8_b03overlap,0,agg_static,0.8,horizon_h4,44,44,B02Utility,1.0,1.0,1
b03overlap,ov75,agg_static@rho0.8,rep0_ov75_agg_static@rho0.8_b03overlap,0,agg_static,0.8,horizon_h4,44,4,Oracle,0.1,0.8265895953757225,1
b03overlap,ov75,agg_static@rho0.8,rep0_ov75_agg_static@rho0.8_b03overlap,0,agg_static,0.8,horizon_h4,44,9,Oracle,0.2,0.9710982658959537,1
b03overlap,ov75,agg_static@rho0.8,rep0_ov75_agg_static@rho0.8_b03overlap,0,agg_static,0.8,horizon_h4,44,13,Oracle,0.3,1.0,1
b03overlap,ov75,agg_static@rho0.8,rep0_ov75_agg_static@rho0.8_b03overlap,0,agg_static,0.8,horizon_h4,44,18,Oracle,0.4,1.0,1
b03overlap,ov75,agg_static@rho0.8,rep0_ov75_agg_static@rho0.8_b03overlap,0,agg_static,0.8,horizon_h4,44,22,Oracle,0.5,1.0,1
b03overlap,ov75,agg_static@rho0.8,rep0_ov75_agg_static@rho0.8_b03overlap,0,agg_static,0.8,horizon_h4,44,26,Oracle,0.6,1.0,1
b03overlap,ov75,agg_static@rho0.8,rep0_ov75_agg_static@rho0.8_b03overlap,0,agg_static,0.8,horizon_h4,44,35,Oracle,0.8,1.0,1
b03overlap,ov75,agg_static@rho0.8,rep0_ov75_agg_static@rho0.8_b03overlap,0,agg_static,0.8,horizon_h4,44,44,Oracle,1.0,1.0,1
b03overlap,ov75,agg_full@rho0.8,rep1_ov75_agg_full@rho0.8_b03overlap,1,agg_full,0.8,next_use,48,5,Random,0.1,0.05515350877192982,20
b03overlap,ov75,agg_full@rho0.8,rep1_ov75_agg_full@rho0.8_b03overlap,1,agg_full,0.8,next_use,48,10,Random,0.2,0.15548245614035086,20
b03overlap,ov75,agg_full@rho0.8,rep1_ov75_agg_full@rho0.8_b03overlap,1,agg_full,0.8,next_use,48,14,Random,0.3,0.24999999999999997,20
b03overlap,ov75,agg_full@rho0.8,rep1_ov75_agg_full@rho0.8_b03overlap,1,agg_full,0.8,next_use,48,19,Random,0.4,0.35548245614035084,20
b03overlap,ov75,agg_full@rho0.8,rep1_ov75_agg_full@rho0.8_b03overlap,1,agg_full,0.8,next_use,48,24,Random,0.5,0.4301535087719298,20
b03overlap,ov75,agg_full@rho0.8,rep1_ov75_agg_full@rho0.8_b03overlap,1,agg_full,0.8,next_use,48,29,Random,0.6,0.5774122807017543,20
b03overlap,ov75,agg_full@rho0.8,rep1_ov75_agg_full@rho0.8_b03overlap,1,agg_full,0.8,next_use,48,38,Random,0.8,0.7719298245614035,20
b03overlap,ov75,agg_full@rho0.8,rep1_ov75_agg_full@rho0.8_b03overlap,1,agg_full,0.8,next_use,48,48,Random,1.0,1.0,20
b03overlap,ov75,agg_full@rho0.8,rep1_ov75_agg_full@rho0.8_b03overlap,1,agg_full,0.8,next_use,48,5,Freshness,0.1,0.0,1
b03overlap,ov75,agg_full@rho0.8,rep1_ov75_agg_full@rho0.8_b03overlap,1,agg_full,0.8,next_use,48,10,Freshness,0.2,0.0,1
b03overlap,ov75,agg_full@rho0.8,rep1_ov75_agg_full@rho0.8_b03overlap,1,agg_full,0.8,next_use,48,14,Freshness,0.3,0.10964912280701754,1
b03overlap,ov75,agg_full@rho0.8,rep1_ov75_agg_full@rho0.8_b03overlap,1,agg_full,0.8,next_use,48,19,Freshness,0.4,0.1644736842105263,1
b03overlap,ov75,agg_full@rho0.8,rep1_ov75_agg_full@rho0.8_b03overlap,1,agg_full,0.8,next_use,48,24,Freshness,0.5,0.1644736842105263,1
b03overlap,ov75,agg_full@rho0.8,rep1_ov75_agg_full@rho0.8_b03overlap,1,agg_full,0.8,next_use,48,29,Freshness,0.6,0.2741228070175438,1
b03overlap,ov75,agg_full@rho0.8,rep1_ov75_agg_full@rho0.8_b03overlap,1,agg_full,0.8,next_use,48,38,Freshness,0.8,0.43859649122807015,1
b03overlap,ov75,agg_full@rho0.8,rep1_ov75_agg_full@rho0.8_b03overlap,1,agg_full,0.8,next_use,48,48,Freshness,1.0,1.0,1
b03overlap,ov75,agg_full@rho0.8,rep1_ov75_agg_full@rho0.8_b03overlap,1,agg_full,0.8,next_use,48,5,CoverageDelta,0.1,0.0,1
b03overlap,ov75,agg_full@rho0.8,rep1_ov75_agg_full@rho0.8_b03overlap,1,agg_full,0.8,next_use,48,10,CoverageDelta,0.2,0.0,1
b03overlap,ov75,agg_full@rho0.8,rep1_ov75_agg_full@rho0.8_b03overlap,1,agg_full,0.8,next_use,48,14,CoverageDelta,0.3,0.10964912280701754,1
b03overlap,ov75,agg_full@rho0.8,rep1_ov75_agg_full@rho0.8_b03overlap,1,agg_full,0.8,next_use,48,19,CoverageDelta,0.4,0.1644736842105263,1
b03overlap,ov75,agg_full@rho0.8,rep1_ov75_agg_full@rho0.8_b03overlap,1,agg_full,0.8,next_use,48,24,CoverageDelta,0.5,0.1644736842105263,1
b03overlap,ov75,agg_full@rho0.8,rep1_ov75_agg_full@rho0.8_b03overlap,1,agg_full,0.8,next_use,48,29,CoverageDelta,0.6,0.2741228070175438,1
b03overlap,ov75,agg_full@rho0.8,rep1_ov75_agg_full@rho0.8_b03overlap,1,agg_full,0.8,next_use,48,38,CoverageDelta,0.8,0.43859649122807015,1
b03overlap,ov75,agg_full@rho0.8,rep1_ov75_agg_full@rho0.8_b03overlap,1,agg_full,0.8,next_use,48,48,CoverageDelta,1.0,1.0,1
b03overlap,ov75,agg_full@rho0.8,rep1_ov75_agg_full@rho0.8_b03overlap,1,agg_full,0.8,next_use,48,5,CoverageAdvantage,0.1,0.0,1
b03overlap,ov75,agg_full@rho0.8,rep1_ov75_agg_full@rho0.8_b03overlap,1,agg_full,0.8,next_use,48,10,CoverageAdvantage,0.2,0.0,1
b03overlap,ov75,agg_full@rho0.8,rep1_ov75_agg_full@rho0.8_b03overlap,1,agg_full,0.8,next_use,48,14,CoverageAdvantage,0.3,0.10964912280701754,1
b03overlap,ov75,agg_full@rho0.8,rep1_ov75_agg_full@rho0.8_b03overlap,1,agg_full,0.8,next_use,48,19,CoverageAdvantage,0.4,0.1644736842105263,1
b03overlap,ov75,agg_full@rho0.8,rep1_ov75_agg_full@rho0.8_b03overlap,1,agg_full,0.8,next_use,48,24,CoverageAdvantage,0.5,0.1644736842105263,1
b03overlap,ov75,agg_full@rho0.8,rep1_ov75_agg_full@rho0.8_b03overlap,1,agg_full,0.8,next_use,48,29,CoverageAdvantage,0.6,0.2741228070175438,1
b03overlap,ov75,agg_full@rho0.8,rep1_ov75_agg_full@rho0.8_b03overlap,1,agg_full,0.8,next_use,48,38,CoverageAdvantage,0.8,0.43859649122807015,1
b03overlap,ov75,agg_full@rho0.8,rep1_ov75_agg_full@rho0.8_b03overlap,1,agg_full,0.8,next_use,48,48,CoverageAdvantage,1.0,1.0,1
b03overlap,ov75,agg_full@rho0.8,rep1_ov75_agg_full@rho0.8_b03overlap,1,agg_full,0.8,next_use,48,5,SimpleCoverageLoad,0.1,0.0,1
b03overlap,ov75,agg_full@rho0.8,rep1_ov75_agg_full@rho0.8_b03overlap,1,agg_full,0.8,next_use,48,10,SimpleCoverageLoad,0.2,0.0,1
b03overlap,ov75,agg_full@rho0.8,rep1_ov75_agg_full@rho0.8_b03overlap,1,agg_full,0.8,next_use,48,14,SimpleCoverageLoad,0.3,0.10964912280701754,1
b03overlap,ov75,agg_full@rho0.8,rep1_ov75_agg_full@rho0.8_b03overlap,1,agg_full,0.8,next_use,48,19,SimpleCoverageLoad,0.4,0.1644736842105263,1
b03overlap,ov75,agg_full@rho0.8,rep1_ov75_agg_full@rho0.8_b03overlap,1,agg_full,0.8,next_use,48,24,SimpleCoverageLoad,0.5,0.1644736842105263,1
b03overlap,ov75,agg_full@rho0.8,rep1_ov75_agg_full@rho0.8_b03overlap,1,agg_full,0.8,next_use,48,29,SimpleCoverageLoad,0.6,0.2741228070175438,1
b03overlap,ov75,agg_full@rho0.8,rep1_ov75_agg_full@rho0.8_b03overlap,1,agg_full,0.8,next_use,48,38,SimpleCoverageLoad,0.8,0.43859649122807015,1
b03overlap,ov75,agg_full@rho0.8,rep1_ov75_agg_full@rho0.8_b03overlap,1,agg_full,0.8,next_use,48,48,SimpleCoverageLoad,1.0,1.0,1
b03overlap,ov75,agg_full@rho0.8,rep1_ov75_agg_full@rho0.8_b03overlap,1,agg_full,0.8,next_use,48,5,DecisionAware,0.1,0.0,1
b03overlap,ov75,agg_full@rho0.8,rep1_ov75_agg_full@rho0.8_b03overlap,1,agg_full,0.8,next_use,48,10,DecisionAware,0.2,0.0,1
b03overlap,ov75,agg_full@rho0.8,rep1_ov75_agg_full@rho0.8_b03overlap,1,agg_full,0.8,next_use,48,14,DecisionAware,0.3,0.10964912280701754,1
b03overlap,ov75,agg_full@rho0.8,rep1_ov75_agg_full@rho0.8_b03overlap,1,agg_full,0.8,next_use,48,19,DecisionAware,0.4,0.10964912280701754,1
b03overlap,ov75,agg_full@rho0.8,rep1_ov75_agg_full@rho0.8_b03overlap,1,agg_full,0.8,next_use,48,24,DecisionAware,0.5,0.1644736842105263,1
b03overlap,ov75,agg_full@rho0.8,rep1_ov75_agg_full@rho0.8_b03overlap,1,agg_full,0.8,next_use,48,29,DecisionAware,0.6,0.21929824561403508,1
b03overlap,ov75,agg_full@rho0.8,rep1_ov75_agg_full@rho0.8_b03overlap,1,agg_full,0.8,next_use,48,38,DecisionAware,0.8,0.3837719298245614,1
b03overlap,ov75,agg_full@rho0.8,rep1_ov75_agg_full@rho0.8_b03overlap,1,agg_full,0.8,next_use,48,48,DecisionAware,1.0,1.0,1
b03overlap,ov75,agg_full@rho0.8,rep1_ov75_agg_full@rho0.8_b03overlap,1,agg_full,0.8,next_use,48,5,B02Utility,0.1,0.0,1
b03overlap,ov75,agg_full@rho0.8,rep1_ov75_agg_full@rho0.8_b03overlap,1,agg_full,0.8,next_use,48,10,B02Utility,0.2,0.05482456140350877,1
b03overlap,ov75,agg_full@rho0.8,rep1_ov75_agg_full@rho0.8_b03overlap,1,agg_full,0.8,next_use,48,14,B02Utility,0.3,0.10964912280701754,1
b03overlap,ov75,agg_full@rho0.8,rep1_ov75_agg_full@rho0.8_b03overlap,1,agg_full,0.8,next_use,48,19,B02Utility,0.4,0.1644736842105263,1
b03overlap,ov75,agg_full@rho0.8,rep1_ov75_agg_full@rho0.8_b03overlap,1,agg_full,0.8,next_use,48,24,B02Utility,0.5,0.1644736842105263,1
b03overlap,ov75,agg_full@rho0.8,rep1_ov75_agg_full@rho0.8_b03overlap,1,agg_full,0.8,next_use,48,29,B02Utility,0.6,0.5,1
b03overlap,ov75,agg_full@rho0.8,rep1_ov75_agg_full@rho0.8_b03overlap,1,agg_full,0.8,next_use,48,38,B02Utility,0.8,0.6644736842105263,1
b03overlap,ov75,agg_full@rho0.8,rep1_ov75_agg_full@rho0.8_b03overlap,1,agg_full,0.8,next_use,48,48,B02Utility,1.0,1.0,1
b03overlap,ov75,agg_full@rho0.8,rep1_ov75_agg_full@rho0.8_b03overlap,1,agg_full,0.8,next_use,48,5,Oracle,0.1,0.7258771929824561,1
b03overlap,ov75,agg_full@rho0.8,rep1_ov75_agg_full@rho0.8_b03overlap,1,agg_full,0.8,next_use,48,10,Oracle,0.2,1.0,1
b03overlap,ov75,agg_full@rho0.8,rep1_ov75_agg_full@rho0.8_b03overlap,1,agg_full,0.8,next_use,48,14,Oracle,0.3,1.0,1
b03overlap,ov75,agg_full@rho0.8,rep1_ov75_agg_full@rho0.8_b03overlap,1,agg_full,0.8,next_use,48,19,Oracle,0.4,1.0,1
b03overlap,ov75,agg_full@rho0.8,rep1_ov75_agg_full@rho0.8_b03overlap,1,agg_full,0.8,next_use,48,24,Oracle,0.5,1.0,1
b03overlap,ov75,agg_full@rho0.8,rep1_ov75_agg_full@rho0.8_b03overlap,1,agg_full,0.8,next_use,48,29,Oracle,0.6,1.0,1
b03overlap,ov75,agg_full@rho0.8,rep1_ov75_agg_full@rho0.8_b03overlap,1,agg_full,0.8,next_use,48,38,Oracle,0.8,1.0,1
b03overlap,ov75,agg_full@rho0.8,rep1_ov75_agg_full@rho0.8_b03overlap,1,agg_full,0.8,next_use,48,48,Oracle,1.0,1.0,1
b03overlap,ov75,agg_full@rho0.8,rep1_ov75_agg_full@rho0.8_b03overlap,1,agg_full,0.8,horizon_h4,48,5,Random,0.1,0.09545454545454546,20
b03overlap,ov75,agg_full@rho0.8,rep1_ov75_agg_full@rho0.8_b03overlap,1,agg_full,0.8,horizon_h4,48,10,Random,0.2,0.16818181818181818,20
b03overlap,ov75,agg_full@rho0.8,rep1_ov75_agg_full@rho0.8_b03overlap,1,agg_full,0.8,horizon_h4,48,14,Random,0.3,0.2590909090909091,20
b03overlap,ov75,agg_full@rho0.8,rep1_ov75_agg_full@rho0.8_b03overlap,1,agg_full,0.8,horizon_h4,48,19,Random,0.4,0.37272727272727274,20
b03overlap,ov75,agg_full@rho0.8,rep1_ov75_agg_full@rho0.8_b03overlap,1,agg_full,0.8,horizon_h4,48,24,Random,0.5,0.4818181818181818,20
b03overlap,ov75,agg_full@rho0.8,rep1_ov75_agg_full@rho0.8_b03overlap,1,agg_full,0.8,horizon_h4,48,29,Random,0.6,0.6181818181818182,20
b03overlap,ov75,agg_full@rho0.8,rep1_ov75_agg_full@rho0.8_b03overlap,1,agg_full,0.8,horizon_h4,48,38,Random,0.8,0.7954545454545454,20
b03overlap,ov75,agg_full@rho0.8,rep1_ov75_agg_full@rho0.8_b03overlap,1,agg_full,0.8,horizon_h4,48,48,Random,1.0,1.0,20
b03overlap,ov75,agg_full@rho0.8,rep1_ov75_agg_full@rho0.8_b03overlap,1,agg_full,0.8,horizon_h4,48,5,Freshness,0.1,0.09090909090909091,1
b03overlap,ov75,agg_full@rho0.8,rep1_ov75_agg_full@rho0.8_b03overlap,1,agg_full,0.8,horizon_h4,48,10,Freshness,0.2,0.18181818181818182,1
b03overlap,ov75,agg_full@rho0.8,rep1_ov75_agg_full@rho0.8_b03overlap,1,agg_full,0.8,horizon_h4,48,14,Freshness,0.3,0.36363636363636365,1
b03overlap,ov75,agg_full@rho0.8,rep1_ov75_agg_full@rho0.8_b03overlap,1,agg_full,0.8,horizon_h4,48,19,Freshness,0.4,0.5454545454545454,1
b03overlap,ov75,agg_full@rho0.8,rep1_ov75_agg_full@rho0.8_b03overlap,1,agg_full,0.8,horizon_h4,48,24,Freshness,0.5,0.5454545454545454,1
b03overlap,ov75,agg_full@rho0.8,rep1_ov75_agg_full@rho0.8_b03overlap,1,agg_full,0.8,horizon_h4,48,29,Freshness,0.6,0.7272727272727273,1
b03overlap,ov75,agg_full@rho0.8,rep1_ov75_agg_full@rho0.8_b03overlap,1,agg_full,0.8,horizon_h4,48,38,Freshness,0.8,1.0,1
b03overlap,ov75,agg_full@rho0.8,rep1_ov75_agg_full@rho0.8_b03overlap,1,agg_full,0.8,horizon_h4,48,48,Freshness,1.0,1.0,1
b03overlap,ov75,agg_full@rho0.8,rep1_ov75_agg_full@rho0.8_b03overlap,1,agg_full,0.8,horizon_h4,48,5,CoverageDelta,0.1,0.09090909090909091,1
b03overlap,ov75,agg_full@rho0.8,rep1_ov75_agg_full@rho0.8_b03overlap,1,agg_full,0.8,horizon_h4,48,10,CoverageDelta,0.2,0.18181818181818182,1
b03overlap,ov75,agg_full@rho0.8,rep1_ov75_agg_full@rho0.8_b03overlap,1,agg_full,0.8,horizon_h4,48,14,CoverageDelta,0.3,0.36363636363636365,1
b03overlap,ov75,agg_full@rho0.8,rep1_ov75_agg_full@rho0.8_b03overlap,1,agg_full,0.8,horizon_h4,48,19,CoverageDelta,0.4,0.5454545454545454,1
b03overlap,ov75,agg_full@rho0.8,rep1_ov75_agg_full@rho0.8_b03overlap,1,agg_full,0.8,horizon_h4,48,24,CoverageDelta,0.5,0.5454545454545454,1
b03overlap,ov75,agg_full@rho0.8,rep1_ov75_agg_full@rho0.8_b03overlap,1,agg_full,0.8,horizon_h4,48,29,CoverageDelta,0.6,0.7272727272727273,1
b03overlap,ov75,agg_full@rho0.8,rep1_ov75_agg_full@rho0.8_b03overlap,1,agg_full,0.8,horizon_h4,48,38,CoverageDelta,0.8,1.0,1
b03overlap,ov75,agg_full@rho0.8,rep1_ov75_agg_full@rho0.8_b03overlap,1,agg_full,0.8,horizon_h4,48,48,CoverageDelta,1.0,1.0,1
b03overlap,ov75,agg_full@rho0.8,rep1_ov75_agg_full@rho0.8_b03overlap,1,agg_full,0.8,horizon_h4,48,5,CoverageAdvantage,0.1,0.09090909090909091,1
b03overlap,ov75,agg_full@rho0.8,rep1_ov75_agg_full@rho0.8_b03overlap,1,agg_full,0.8,horizon_h4,48,10,CoverageAdvantage,0.2,0.18181818181818182,1
b03overlap,ov75,agg_full@rho0.8,rep1_ov75_agg_full@rho0.8_b03overlap,1,agg_full,0.8,horizon_h4,48,14,CoverageAdvantage,0.3,0.36363636363636365,1
b03overlap,ov75,agg_full@rho0.8,rep1_ov75_agg_full@rho0.8_b03overlap,1,agg_full,0.8,horizon_h4,48,19,CoverageAdvantage,0.4,0.5454545454545454,1
b03overlap,ov75,agg_full@rho0.8,rep1_ov75_agg_full@rho0.8_b03overlap,1,agg_full,0.8,horizon_h4,48,24,CoverageAdvantage,0.5,0.5454545454545454,1
b03overlap,ov75,agg_full@rho0.8,rep1_ov75_agg_full@rho0.8_b03overlap,1,agg_full,0.8,horizon_h4,48,29,CoverageAdvantage,0.6,0.7272727272727273,1
b03overlap,ov75,agg_full@rho0.8,rep1_ov75_agg_full@rho0.8_b03overlap,1,agg_full,0.8,horizon_h4,48,38,CoverageAdvantage,0.8,1.0,1
b03overlap,ov75,agg_full@rho0.8,rep1_ov75_agg_full@rho0.8_b03overlap,1,agg_full,0.8,horizon_h4,48,48,CoverageAdvantage,1.0,1.0,1
b03overlap,ov75,agg_full@rho0.8,rep1_ov75_agg_full@rho0.8_b03overlap,1,agg_full,0.8,horizon_h4,48,5,SimpleCoverageLoad,0.1,0.09090909090909091,1
b03overlap,ov75,agg_full@rho0.8,rep1_ov75_agg_full@rho0.8_b03overlap,1,agg_full,0.8,horizon_h4,48,10,SimpleCoverageLoad,0.2,0.18181818181818182,1
b03overlap,ov75,agg_full@rho0.8,rep1_ov75_agg_full@rho0.8_b03overlap,1,agg_full,0.8,horizon_h4,48,14,SimpleCoverageLoad,0.3,0.36363636363636365,1
b03overlap,ov75,agg_full@rho0.8,rep1_ov75_agg_full@rho0.8_b03overlap,1,agg_full,0.8,horizon_h4,48,19,SimpleCoverageLoad,0.4,0.5454545454545454,1
b03overlap,ov75,agg_full@rho0.8,rep1_ov75_agg_full@rho0.8_b03overlap,1,agg_full,0.8,horizon_h4,48,24,SimpleCoverageLoad,0.5,0.5454545454545454,1
b03overlap,ov75,agg_full@rho0.8,rep1_ov75_agg_full@rho0.8_b03overlap,1,agg_full,0.8,horizon_h4,48,29,SimpleCoverageLoad,0.6,0.7272727272727273,1
b03overlap,ov75,agg_full@rho0.8,rep1_ov75_agg_full@rho0.8_b03overlap,1,agg_full,0.8,horizon_h4,48,38,SimpleCoverageLoad,0.8,1.0,1
b03overlap,ov75,agg_full@rho0.8,rep1_ov75_agg_full@rho0.8_b03overlap,1,agg_full,0.8,horizon_h4,48,48,SimpleCoverageLoad,1.0,1.0,1
b03overlap,ov75,agg_full@rho0.8,rep1_ov75_agg_full@rho0.8_b03overlap,1,agg_full,0.8,horizon_h4,48,5,DecisionAware,0.1,0.09090909090909091,1
b03overlap,ov75,agg_full@rho0.8,rep1_ov75_agg_full@rho0.8_b03overlap,1,agg_full,0.8,horizon_h4,48,10,DecisionAware,0.2,0.18181818181818182,1
b03overlap,ov75,agg_full@rho0.8,rep1_ov75_agg_full@rho0.8_b03overlap,1,agg_full,0.8,horizon_h4,48,14,DecisionAware,0.3,0.36363636363636365,1
b03overlap,ov75,agg_full@rho0.8,rep1_ov75_agg_full@rho0.8_b03overlap,1,agg_full,0.8,horizon_h4,48,19,DecisionAware,0.4,0.36363636363636365,1
b03overlap,ov75,agg_full@rho0.8,rep1_ov75_agg_full@rho0.8_b03overlap,1,agg_full,0.8,horizon_h4,48,24,DecisionAware,0.5,0.5454545454545454,1
b03overlap,ov75,agg_full@rho0.8,rep1_ov75_agg_full@rho0.8_b03overlap,1,agg_full,0.8,horizon_h4,48,29,DecisionAware,0.6,0.6363636363636364,1
b03overlap,ov75,agg_full@rho0.8,rep1_ov75_agg_full@rho0.8_b03overlap,1,agg_full,0.8,horizon_h4,48,38,DecisionAware,0.8,0.9090909090909091,1
b03overlap,ov75,agg_full@rho0.8,rep1_ov75_agg_full@rho0.8_b03overlap,1,agg_full,0.8,horizon_h4,48,48,DecisionAware,1.0,1.0,1
b03overlap,ov75,agg_full@rho0.8,rep1_ov75_agg_full@rho0.8_b03overlap,1,agg_full,0.8,horizon_h4,48,5,B02Utility,0.1,0.18181818181818182,1
b03overlap,ov75,agg_full@rho0.8,rep1_ov75_agg_full@rho0.8_b03overlap,1,agg_full,0.8,horizon_h4,48,10,B02Utility,0.2,0.2727272727272727,1
b03overlap,ov75,agg_full@rho0.8,rep1_ov75_agg_full@rho0.8_b03overlap,1,agg_full,0.8,horizon_h4,48,14,B02Utility,0.3,0.36363636363636365,1
b03overlap,ov75,agg_full@rho0.8,rep1_ov75_agg_full@rho0.8_b03overlap,1,agg_full,0.8,horizon_h4,48,19,B02Utility,0.4,0.5454545454545454,1
b03overlap,ov75,agg_full@rho0.8,rep1_ov75_agg_full@rho0.8_b03overlap,1,agg_full,0.8,horizon_h4,48,24,B02Utility,0.5,0.5454545454545454,1
b03overlap,ov75,agg_full@rho0.8,rep1_ov75_agg_full@rho0.8_b03overlap,1,agg_full,0.8,horizon_h4,48,29,B02Utility,0.6,0.6363636363636364,1
b03overlap,ov75,agg_full@rho0.8,rep1_ov75_agg_full@rho0.8_b03overlap,1,agg_full,0.8,horizon_h4,48,38,B02Utility,0.8,0.9090909090909091,1
b03overlap,ov75,agg_full@rho0.8,rep1_ov75_agg_full@rho0.8_b03overlap,1,agg_full,0.8,horizon_h4,48,48,B02Utility,1.0,1.0,1
b03overlap,ov75,agg_full@rho0.8,rep1_ov75_agg_full@rho0.8_b03overlap,1,agg_full,0.8,horizon_h4,48,5,Oracle,0.1,0.5454545454545454,1
b03overlap,ov75,agg_full@rho0.8,rep1_ov75_agg_full@rho0.8_b03overlap,1,agg_full,0.8,horizon_h4,48,10,Oracle,0.2,1.0,1
b03overlap,ov75,agg_full@rho0.8,rep1_ov75_agg_full@rho0.8_b03overlap,1,agg_full,0.8,horizon_h4,48,14,Oracle,0.3,1.0,1
b03overlap,ov75,agg_full@rho0.8,rep1_ov75_agg_full@rho0.8_b03overlap,1,agg_full,0.8,horizon_h4,48,19,Oracle,0.4,1.0,1
b03overlap,ov75,agg_full@rho0.8,rep1_ov75_agg_full@rho0.8_b03overlap,1,agg_full,0.8,horizon_h4,48,24,Oracle,0.5,1.0,1
b03overlap,ov75,agg_full@rho0.8,rep1_ov75_agg_full@rho0.8_b03overlap,1,agg_full,0.8,horizon_h4,48,29,Oracle,0.6,1.0,1
b03overlap,ov75,agg_full@rho0.8,rep1_ov75_agg_full@rho0.8_b03overlap,1,agg_full,0.8,horizon_h4,48,38,Oracle,0.8,1.0,1
b03overlap,ov75,agg_full@rho0.8,rep1_ov75_agg_full@rho0.8_b03overlap,1,agg_full,0.8,horizon_h4,48,48,Oracle,1.0,1.0,1
b03overlap,ov75,agg_static@rho0.8,rep1_ov75_agg_static@rho0.8_b03overlap,1,agg_static,0.8,next_use,38,4,Random,0.1,0.12142857142857143,20
b03overlap,ov75,agg_static@rho0.8,rep1_ov75_agg_static@rho0.8_b03overlap,1,agg_static,0.8,next_use,38,8,Random,0.2,0.22857142857142856,20
b03overlap,ov75,agg_static@rho0.8,rep1_ov75_agg_static@rho0.8_b03overlap,1,agg_static,0.8,next_use,38,11,Random,0.3,0.3214285714285714,20
b03overlap,ov75,agg_static@rho0.8,rep1_ov75_agg_static@rho0.8_b03overlap,1,agg_static,0.8,next_use,38,15,Random,0.4,0.39999999999999997,20
b03overlap,ov75,agg_static@rho0.8,rep1_ov75_agg_static@rho0.8_b03overlap,1,agg_static,0.8,next_use,38,19,Random,0.5,0.4714285714285714,20
b03overlap,ov75,agg_static@rho0.8,rep1_ov75_agg_static@rho0.8_b03overlap,1,agg_static,0.8,next_use,38,23,Random,0.6,0.5714285714285714,20
b03overlap,ov75,agg_static@rho0.8,rep1_ov75_agg_static@rho0.8_b03overlap,1,agg_static,0.8,next_use,38,30,Random,0.8,0.7857142857142857,20
b03overlap,ov75,agg_static@rho0.8,rep1_ov75_agg_static@rho0.8_b03overlap,1,agg_static,0.8,next_use,38,38,Random,1.0,1.0,20
b03overlap,ov75,agg_static@rho0.8,rep1_ov75_agg_static@rho0.8_b03overlap,1,agg_static,0.8,next_use,38,4,Freshness,0.1,0.0,1
b03overlap,ov75,agg_static@rho0.8,rep1_ov75_agg_static@rho0.8_b03overlap,1,agg_static,0.8,next_use,38,8,Freshness,0.2,0.2857142857142857,1
b03overlap,ov75,agg_static@rho0.8,rep1_ov75_agg_static@rho0.8_b03overlap,1,agg_static,0.8,next_use,38,11,Freshness,0.3,0.2857142857142857,1
b03overlap,ov75,agg_static@rho0.8,rep1_ov75_agg_static@rho0.8_b03overlap,1,agg_static,0.8,next_use,38,15,Freshness,0.4,0.42857142857142855,1
b03overlap,ov75,agg_static@rho0.8,rep1_ov75_agg_static@rho0.8_b03overlap,1,agg_static,0.8,next_use,38,19,Freshness,0.5,0.5714285714285714,1
b03overlap,ov75,agg_static@rho0.8,rep1_ov75_agg_static@rho0.8_b03overlap,1,agg_static,0.8,next_use,38,23,Freshness,0.6,0.5714285714285714,1
b03overlap,ov75,agg_static@rho0.8,rep1_ov75_agg_static@rho0.8_b03overlap,1,agg_static,0.8,next_use,38,30,Freshness,0.8,1.0,1
b03overlap,ov75,agg_static@rho0.8,rep1_ov75_agg_static@rho0.8_b03overlap,1,agg_static,0.8,next_use,38,38,Freshness,1.0,1.0,1
b03overlap,ov75,agg_static@rho0.8,rep1_ov75_agg_static@rho0.8_b03overlap,1,agg_static,0.8,next_use,38,4,CoverageDelta,0.1,0.0,1
b03overlap,ov75,agg_static@rho0.8,rep1_ov75_agg_static@rho0.8_b03overlap,1,agg_static,0.8,next_use,38,8,CoverageDelta,0.2,0.2857142857142857,1
b03overlap,ov75,agg_static@rho0.8,rep1_ov75_agg_static@rho0.8_b03overlap,1,agg_static,0.8,next_use,38,11,CoverageDelta,0.3,0.2857142857142857,1
b03overlap,ov75,agg_static@rho0.8,rep1_ov75_agg_static@rho0.8_b03overlap,1,agg_static,0.8,next_use,38,15,CoverageDelta,0.4,0.42857142857142855,1
b03overlap,ov75,agg_static@rho0.8,rep1_ov75_agg_static@rho0.8_b03overlap,1,agg_static,0.8,next_use,38,19,CoverageDelta,0.5,0.5714285714285714,1
b03overlap,ov75,agg_static@rho0.8,rep1_ov75_agg_static@rho0.8_b03overlap,1,agg_static,0.8,next_use,38,23,CoverageDelta,0.6,0.5714285714285714,1
b03overlap,ov75,agg_static@rho0.8,rep1_ov75_agg_static@rho0.8_b03overlap,1,agg_static,0.8,next_use,38,30,CoverageDelta,0.8,1.0,1
b03overlap,ov75,agg_static@rho0.8,rep1_ov75_agg_static@rho0.8_b03overlap,1,agg_static,0.8,next_use,38,38,CoverageDelta,1.0,1.0,1
b03overlap,ov75,agg_static@rho0.8,rep1_ov75_agg_static@rho0.8_b03overlap,1,agg_static,0.8,next_use,38,4,CoverageAdvantage,0.1,0.0,1
b03overlap,ov75,agg_static@rho0.8,rep1_ov75_agg_static@rho0.8_b03overlap,1,agg_static,0.8,next_use,38,8,CoverageAdvantage,0.2,0.2857142857142857,1
b03overlap,ov75,agg_static@rho0.8,rep1_ov75_agg_static@rho0.8_b03overlap,1,agg_static,0.8,next_use,38,11,CoverageAdvantage,0.3,0.2857142857142857,1
b03overlap,ov75,agg_static@rho0.8,rep1_ov75_agg_static@rho0.8_b03overlap,1,agg_static,0.8,next_use,38,15,CoverageAdvantage,0.4,0.42857142857142855,1
b03overlap,ov75,agg_static@rho0.8,rep1_ov75_agg_static@rho0.8_b03overlap,1,agg_static,0.8,next_use,38,19,CoverageAdvantage,0.5,0.5714285714285714,1
b03overlap,ov75,agg_static@rho0.8,rep1_ov75_agg_static@rho0.8_b03overlap,1,agg_static,0.8,next_use,38,23,CoverageAdvantage,0.6,0.5714285714285714,1
b03overlap,ov75,agg_static@rho0.8,rep1_ov75_agg_static@rho0.8_b03overlap,1,agg_static,0.8,next_use,38,30,CoverageAdvantage,0.8,1.0,1
b03overlap,ov75,agg_static@rho0.8,rep1_ov75_agg_static@rho0.8_b03overlap,1,agg_static,0.8,next_use,38,38,CoverageAdvantage,1.0,1.0,1
b03overlap,ov75,agg_static@rho0.8,rep1_ov75_agg_static@rho0.8_b03overlap,1,agg_static,0.8,next_use,38,4,SimpleCoverageLoad,0.1,0.0,1
b03overlap,ov75,agg_static@rho0.8,rep1_ov75_agg_static@rho0.8_b03overlap,1,agg_static,0.8,next_use,38,8,SimpleCoverageLoad,0.2,0.2857142857142857,1
b03overlap,ov75,agg_static@rho0.8,rep1_ov75_agg_static@rho0.8_b03overlap,1,agg_static,0.8,next_use,38,11,SimpleCoverageLoad,0.3,0.2857142857142857,1
b03overlap,ov75,agg_static@rho0.8,rep1_ov75_agg_static@rho0.8_b03overlap,1,agg_static,0.8,next_use,38,15,SimpleCoverageLoad,0.4,0.42857142857142855,1
b03overlap,ov75,agg_static@rho0.8,rep1_ov75_agg_static@rho0.8_b03overlap,1,agg_static,0.8,next_use,38,19,SimpleCoverageLoad,0.5,0.5714285714285714,1
b03overlap,ov75,agg_static@rho0.8,rep1_ov75_agg_static@rho0.8_b03overlap,1,agg_static,0.8,next_use,38,23,SimpleCoverageLoad,0.6,0.5714285714285714,1
b03overlap,ov75,agg_static@rho0.8,rep1_ov75_agg_static@rho0.8_b03overlap,1,agg_static,0.8,next_use,38,30,SimpleCoverageLoad,0.8,1.0,1
b03overlap,ov75,agg_static@rho0.8,rep1_ov75_agg_static@rho0.8_b03overlap,1,agg_static,0.8,next_use,38,38,SimpleCoverageLoad,1.0,1.0,1
b03overlap,ov75,agg_static@rho0.8,rep1_ov75_agg_static@rho0.8_b03overlap,1,agg_static,0.8,next_use,38,4,DecisionAware,0.1,0.0,1
b03overlap,ov75,agg_static@rho0.8,rep1_ov75_agg_static@rho0.8_b03overlap,1,agg_static,0.8,next_use,38,8,DecisionAware,0.2,0.2857142857142857,1
b03overlap,ov75,agg_static@rho0.8,rep1_ov75_agg_static@rho0.8_b03overlap,1,agg_static,0.8,next_use,38,11,DecisionAware,0.3,0.2857142857142857,1
b03overlap,ov75,agg_static@rho0.8,rep1_ov75_agg_static@rho0.8_b03overlap,1,agg_static,0.8,next_use,38,15,DecisionAware,0.4,0.42857142857142855,1
b03overlap,ov75,agg_static@rho0.8,rep1_ov75_agg_static@rho0.8_b03overlap,1,agg_static,0.8,next_use,38,19,DecisionAware,0.5,0.5714285714285714,1
b03overlap,ov75,agg_static@rho0.8,rep1_ov75_agg_static@rho0.8_b03overlap,1,agg_static,0.8,next_use,38,23,DecisionAware,0.6,0.5714285714285714,1
b03overlap,ov75,agg_static@rho0.8,rep1_ov75_agg_static@rho0.8_b03overlap,1,agg_static,0.8,next_use,38,30,DecisionAware,0.8,0.8571428571428571,1
b03overlap,ov75,agg_static@rho0.8,rep1_ov75_agg_static@rho0.8_b03overlap,1,agg_static,0.8,next_use,38,38,DecisionAware,1.0,1.0,1
b03overlap,ov75,agg_static@rho0.8,rep1_ov75_agg_static@rho0.8_b03overlap,1,agg_static,0.8,next_use,38,4,B02Utility,0.1,0.0,1
b03overlap,ov75,agg_static@rho0.8,rep1_ov75_agg_static@rho0.8_b03overlap,1,agg_static,0.8,next_use,38,8,B02Utility,0.2,0.2857142857142857,1
b03overlap,ov75,agg_static@rho0.8,rep1_ov75_agg_static@rho0.8_b03overlap,1,agg_static,0.8,next_use,38,11,B02Utility,0.3,0.2857142857142857,1
b03overlap,ov75,agg_static@rho0.8,rep1_ov75_agg_static@rho0.8_b03overlap,1,agg_static,0.8,next_use,38,15,B02Utility,0.4,0.42857142857142855,1
b03overlap,ov75,agg_static@rho0.8,rep1_ov75_agg_static@rho0.8_b03overlap,1,agg_static,0.8,next_use,38,19,B02Utility,0.5,0.42857142857142855,1
b03overlap,ov75,agg_static@rho0.8,rep1_ov75_agg_static@rho0.8_b03overlap,1,agg_static,0.8,next_use,38,23,B02Utility,0.6,0.7142857142857143,1
b03overlap,ov75,agg_static@rho0.8,rep1_ov75_agg_static@rho0.8_b03overlap,1,agg_static,0.8,next_use,38,30,B02Utility,0.8,0.8571428571428571,1
b03overlap,ov75,agg_static@rho0.8,rep1_ov75_agg_static@rho0.8_b03overlap,1,agg_static,0.8,next_use,38,38,B02Utility,1.0,1.0,1
b03overlap,ov75,agg_static@rho0.8,rep1_ov75_agg_static@rho0.8_b03overlap,1,agg_static,0.8,next_use,38,4,Oracle,0.1,0.5714285714285714,1
b03overlap,ov75,agg_static@rho0.8,rep1_ov75_agg_static@rho0.8_b03overlap,1,agg_static,0.8,next_use,38,8,Oracle,0.2,1.0,1
b03overlap,ov75,agg_static@rho0.8,rep1_ov75_agg_static@rho0.8_b03overlap,1,agg_static,0.8,next_use,38,11,Oracle,0.3,1.0,1
b03overlap,ov75,agg_static@rho0.8,rep1_ov75_agg_static@rho0.8_b03overlap,1,agg_static,0.8,next_use,38,15,Oracle,0.4,1.0,1
b03overlap,ov75,agg_static@rho0.8,rep1_ov75_agg_static@rho0.8_b03overlap,1,agg_static,0.8,next_use,38,19,Oracle,0.5,1.0,1
b03overlap,ov75,agg_static@rho0.8,rep1_ov75_agg_static@rho0.8_b03overlap,1,agg_static,0.8,next_use,38,23,Oracle,0.6,1.0,1
b03overlap,ov75,agg_static@rho0.8,rep1_ov75_agg_static@rho0.8_b03overlap,1,agg_static,0.8,next_use,38,30,Oracle,0.8,1.0,1
b03overlap,ov75,agg_static@rho0.8,rep1_ov75_agg_static@rho0.8_b03overlap,1,agg_static,0.8,next_use,38,38,Oracle,1.0,1.0,1
b03overlap,ov75,agg_static@rho0.8,rep1_ov75_agg_static@rho0.8_b03overlap,1,agg_static,0.8,horizon_h4,38,4,Random,0.1,0.12727272727272726,20
b03overlap,ov75,agg_static@rho0.8,rep1_ov75_agg_static@rho0.8_b03overlap,1,agg_static,0.8,horizon_h4,38,8,Random,0.2,0.2318181818181818,20
b03overlap,ov75,agg_static@rho0.8,rep1_ov75_agg_static@rho0.8_b03overlap,1,agg_static,0.8,horizon_h4,38,11,Random,0.3,0.3090909090909091,20
b03overlap,ov75,agg_static@rho0.8,rep1_ov75_agg_static@rho0.8_b03overlap,1,agg_static,0.8,horizon_h4,38,15,Random,0.4,0.40909090909090906,20
b03overlap,ov75,agg_static@rho0.8,rep1_ov75_agg_static@rho0.8_b03overlap,1,agg_static,0.8,horizon_h4,38,19,Random,0.5,0.47727272727272724,20
b03overlap,ov75,agg_static@rho0.8,rep1_ov75_agg_static@rho0.8_b03overlap,1,agg_static,0.8,horizon_h4,38,23,Random,0.6,0.5954545454545455,20
b03overlap,ov75,agg_static@rho0.8,rep1_ov75_agg_static@rho0.8_b03overlap,1,agg_static,0.8,horizon_h4,38,30,Random,0.8,0.7909090909090909,20
b03overlap,ov75,agg_static@rho0.8,rep1_ov75_agg_static@rho0.8_b03overlap,1,agg_static,0.8,horizon_h4,38,38,Random,1.0,1.0,20
b03overlap,ov75,agg_static@rho0.8,rep1_ov75_agg_static@rho0.8_b03overlap,1,agg_static,0.8,horizon_h4,38,4,Freshness,0.1,0.09090909090909091,1
b03overlap,ov75,agg_static@rho0.8,rep1_ov75_agg_static@rho0.8_b03overlap,1,agg_static,0.8,horizon_h4,38,8,Freshness,0.2,0.36363636363636365,1
b03overlap,ov75,agg_static@rho0.8,rep1_ov75_agg_static@rho0.8_b03overlap,1,agg_static,0.8,horizon_h4,38,11,Freshness,0.3,0.36363636363636365,1
b03overlap,ov75,agg_static@rho0.8,rep1_ov75_agg_static@rho0.8_b03overlap,1,agg_static,0.8,horizon_h4,38,15,Freshness,0.4,0.5454545454545454,1
b03overlap,ov75,agg_static@rho0.8,rep1_ov75_agg_static@rho0.8_b03overlap,1,agg_static,0.8,horizon_h4,38,19,Freshness,0.5,0.7272727272727273,1
b03overlap,ov75,agg_static@rho0.8,rep1_ov75_agg_static@rho0.8_b03overlap,1,agg_static,0.8,horizon_h4,38,23,Freshness,0.6,0.7272727272727273,1
b03overlap,ov75,agg_static@rho0.8,rep1_ov75_agg_static@rho0.8_b03overlap,1,agg_static,0.8,horizon_h4,38,30,Freshness,0.8,1.0,1
b03overlap,ov75,agg_static@rho0.8,rep1_ov75_agg_static@rho0.8_b03overlap,1,agg_static,0.8,horizon_h4,38,38,Freshness,1.0,1.0,1
b03overlap,ov75,agg_static@rho0.8,rep1_ov75_agg_static@rho0.8_b03overlap,1,agg_static,0.8,horizon_h4,38,4,CoverageDelta,0.1,0.09090909090909091,1
b03overlap,ov75,agg_static@rho0.8,rep1_ov75_agg_static@rho0.8_b03overlap,1,agg_static,0.8,horizon_h4,38,8,CoverageDelta,0.2,0.36363636363636365,1
b03overlap,ov75,agg_static@rho0.8,rep1_ov75_agg_static@rho0.8_b03overlap,1,agg_static,0.8,horizon_h4,38,11,CoverageDelta,0.3,0.36363636363636365,1
b03overlap,ov75,agg_static@rho0.8,rep1_ov75_agg_static@rho0.8_b03overlap,1,agg_static,0.8,horizon_h4,38,15,CoverageDelta,0.4,0.5454545454545454,1
b03overlap,ov75,agg_static@rho0.8,rep1_ov75_agg_static@rho0.8_b03overlap,1,agg_static,0.8,horizon_h4,38,19,CoverageDelta,0.5,0.7272727272727273,1
b03overlap,ov75,agg_static@rho0.8,rep1_ov75_agg_static@rho0.8_b03overlap,1,agg_static,0.8,horizon_h4,38,23,CoverageDelta,0.6,0.7272727272727273,1
b03overlap,ov75,agg_static@rho0.8,rep1_ov75_agg_static@rho0.8_b03overlap,1,agg_static,0.8,horizon_h4,38,30,CoverageDelta,0.8,1.0,1
b03overlap,ov75,agg_static@rho0.8,rep1_ov75_agg_static@rho0.8_b03overlap,1,agg_static,0.8,horizon_h4,38,38,CoverageDelta,1.0,1.0,1
b03overlap,ov75,agg_static@rho0.8,rep1_ov75_agg_static@rho0.8_b03overlap,1,agg_static,0.8,horizon_h4,38,4,CoverageAdvantage,0.1,0.09090909090909091,1
b03overlap,ov75,agg_static@rho0.8,rep1_ov75_agg_static@rho0.8_b03overlap,1,agg_static,0.8,horizon_h4,38,8,CoverageAdvantage,0.2,0.36363636363636365,1
b03overlap,ov75,agg_static@rho0.8,rep1_ov75_agg_static@rho0.8_b03overlap,1,agg_static,0.8,horizon_h4,38,11,CoverageAdvantage,0.3,0.36363636363636365,1
b03overlap,ov75,agg_static@rho0.8,rep1_ov75_agg_static@rho0.8_b03overlap,1,agg_static,0.8,horizon_h4,38,15,CoverageAdvantage,0.4,0.5454545454545454,1
b03overlap,ov75,agg_static@rho0.8,rep1_ov75_agg_static@rho0.8_b03overlap,1,agg_static,0.8,horizon_h4,38,19,CoverageAdvantage,0.5,0.7272727272727273,1
b03overlap,ov75,agg_static@rho0.8,rep1_ov75_agg_static@rho0.8_b03overlap,1,agg_static,0.8,horizon_h4,38,23,CoverageAdvantage,0.6,0.7272727272727273,1
b03overlap,ov75,agg_static@rho0.8,rep1_ov75_agg_static@rho0.8_b03overlap,1,agg_static,0.8,horizon_h4,38,30,CoverageAdvantage,0.8,1.0,1
b03overlap,ov75,agg_static@rho0.8,rep1_ov75_agg_static@rho0.8_b03overlap,1,agg_static,0.8,horizon_h4,38,38,CoverageAdvantage,1.0,1.0,1
b03overlap,ov75,agg_static@rho0.8,rep1_ov75_agg_static@rho0.8_b03overlap,1,agg_static,0.8,horizon_h4,38,4,SimpleCoverageLoad,0.1,0.09090909090909091,1
b03overlap,ov75,agg_static@rho0.8,rep1_ov75_agg_static@rho0.8_b03overlap,1,agg_static,0.8,horizon_h4,38,8,SimpleCoverageLoad,0.2,0.36363636363636365,1
b03overlap,ov75,agg_static@rho0.8,rep1_ov75_agg_static@rho0.8_b03overlap,1,agg_static,0.8,horizon_h4,38,11,SimpleCoverageLoad,0.3,0.36363636363636365,1
b03overlap,ov75,agg_static@rho0.8,rep1_ov75_agg_static@rho0.8_b03overlap,1,agg_static,0.8,horizon_h4,38,15,SimpleCoverageLoad,0.4,0.5454545454545454,1
b03overlap,ov75,agg_static@rho0.8,rep1_ov75_agg_static@rho0.8_b03overlap,1,agg_static,0.8,horizon_h4,38,19,SimpleCoverageLoad,0.5,0.7272727272727273,1
b03overlap,ov75,agg_static@rho0.8,rep1_ov75_agg_static@rho0.8_b03overlap,1,agg_static,0.8,horizon_h4,38,23,SimpleCoverageLoad,0.6,0.7272727272727273,1
b03overlap,ov75,agg_static@rho0.8,rep1_ov75_agg_static@rho0.8_b03overlap,1,agg_static,0.8,horizon_h4,38,30,SimpleCoverageLoad,0.8,1.0,1
b03overlap,ov75,agg_static@rho0.8,rep1_ov75_agg_static@rho0.8_b03overlap,1,agg_static,0.8,horizon_h4,38,38,SimpleCoverageLoad,1.0,1.0,1
b03overlap,ov75,agg_static@rho0.8,rep1_ov75_agg_static@rho0.8_b03overlap,1,agg_static,0.8,horizon_h4,38,4,DecisionAware,0.1,0.09090909090909091,1
b03overlap,ov75,agg_static@rho0.8,rep1_ov75_agg_static@rho0.8_b03overlap,1,agg_static,0.8,horizon_h4,38,8,DecisionAware,0.2,0.36363636363636365,1
b03overlap,ov75,agg_static@rho0.8,rep1_ov75_agg_static@rho0.8_b03overlap,1,agg_static,0.8,horizon_h4,38,11,DecisionAware,0.3,0.36363636363636365,1
b03overlap,ov75,agg_static@rho0.8,rep1_ov75_agg_static@rho0.8_b03overlap,1,agg_static,0.8,horizon_h4,38,15,DecisionAware,0.4,0.5454545454545454,1
b03overlap,ov75,agg_static@rho0.8,rep1_ov75_agg_static@rho0.8_b03overlap,1,agg_static,0.8,horizon_h4,38,19,DecisionAware,0.5,0.7272727272727273,1
b03overlap,ov75,agg_static@rho0.8,rep1_ov75_agg_static@rho0.8_b03overlap,1,agg_static,0.8,horizon_h4,38,23,DecisionAware,0.6,0.7272727272727273,1
b03overlap,ov75,agg_static@rho0.8,rep1_ov75_agg_static@rho0.8_b03overlap,1,agg_static,0.8,horizon_h4,38,30,DecisionAware,0.8,0.9090909090909091,1
b03overlap,ov75,agg_static@rho0.8,rep1_ov75_agg_static@rho0.8_b03overlap,1,agg_static,0.8,horizon_h4,38,38,DecisionAware,1.0,1.0,1
b03overlap,ov75,agg_static@rho0.8,rep1_ov75_agg_static@rho0.8_b03overlap,1,agg_static,0.8,horizon_h4,38,4,B02Utility,0.1,0.09090909090909091,1
b03overlap,ov75,agg_static@rho0.8,rep1_ov75_agg_static@rho0.8_b03overlap,1,agg_static,0.8,horizon_h4,38,8,B02Utility,0.2,0.36363636363636365,1
b03overlap,ov75,agg_static@rho0.8,rep1_ov75_agg_static@rho0.8_b03overlap,1,agg_static,0.8,horizon_h4,38,11,B02Utility,0.3,0.36363636363636365,1
b03overlap,ov75,agg_static@rho0.8,rep1_ov75_agg_static@rho0.8_b03overlap,1,agg_static,0.8,horizon_h4,38,15,B02Utility,0.4,0.5454545454545454,1
b03overlap,ov75,agg_static@rho0.8,rep1_ov75_agg_static@rho0.8_b03overlap,1,agg_static,0.8,horizon_h4,38,19,B02Utility,0.5,0.5454545454545454,1
b03overlap,ov75,agg_static@rho0.8,rep1_ov75_agg_static@rho0.8_b03overlap,1,agg_static,0.8,horizon_h4,38,23,B02Utility,0.6,0.7272727272727273,1
b03overlap,ov75,agg_static@rho0.8,rep1_ov75_agg_static@rho0.8_b03overlap,1,agg_static,0.8,horizon_h4,38,30,B02Utility,0.8,0.8181818181818182,1
b03overlap,ov75,agg_static@rho0.8,rep1_ov75_agg_static@rho0.8_b03overlap,1,agg_static,0.8,horizon_h4,38,38,B02Utility,1.0,1.0,1
b03overlap,ov75,agg_static@rho0.8,rep1_ov75_agg_static@rho0.8_b03overlap,1,agg_static,0.8,horizon_h4,38,4,Oracle,0.1,0.5454545454545454,1
b03overlap,ov75,agg_static@rho0.8,rep1_ov75_agg_static@rho0.8_b03overlap,1,agg_static,0.8,horizon_h4,38,8,Oracle,0.2,0.9090909090909091,1
b03overlap,ov75,agg_static@rho0.8,rep1_ov75_agg_static@rho0.8_b03overlap,1,agg_static,0.8,horizon_h4,38,11,Oracle,0.3,1.0,1
b03overlap,ov75,agg_static@rho0.8,rep1_ov75_agg_static@rho0.8_b03overlap,1,agg_static,0.8,horizon_h4,38,15,Oracle,0.4,1.0,1
b03overlap,ov75,agg_static@rho0.8,rep1_ov75_agg_static@rho0.8_b03overlap,1,agg_static,0.8,horizon_h4,38,19,Oracle,0.5,1.0,1
b03overlap,ov75,agg_static@rho0.8,rep1_ov75_agg_static@rho0.8_b03overlap,1,agg_static,0.8,horizon_h4,38,23,Oracle,0.6,1.0,1
b03overlap,ov75,agg_static@rho0.8,rep1_ov75_agg_static@rho0.8_b03overlap,1,agg_static,0.8,horizon_h4,38,30,Oracle,0.8,1.0,1
b03overlap,ov75,agg_static@rho0.8,rep1_ov75_agg_static@rho0.8_b03overlap,1,agg_static,0.8,horizon_h4,38,38,Oracle,1.0,1.0,1
b03conc,conc2,agg_full@rho0.8,rep0_conc2_agg_full@rho0.8_b03conc,0,agg_full,0.8,next_use,16,2,Random,0.1,0.1416666666666667,20
b03conc,conc2,agg_full@rho0.8,rep0_conc2_agg_full@rho0.8_b03conc,0,agg_full,0.8,next_use,16,3,Random,0.2,0.25,20
b03conc,conc2,agg_full@rho0.8,rep0_conc2_agg_full@rho0.8_b03conc,0,agg_full,0.8,next_use,16,5,Random,0.3,0.37083333333333335,20
b03conc,conc2,agg_full@rho0.8,rep0_conc2_agg_full@rho0.8_b03conc,0,agg_full,0.8,next_use,16,6,Random,0.4,0.425,20
b03conc,conc2,agg_full@rho0.8,rep0_conc2_agg_full@rho0.8_b03conc,0,agg_full,0.8,next_use,16,8,Random,0.5,0.49583333333333335,20
b03conc,conc2,agg_full@rho0.8,rep0_conc2_agg_full@rho0.8_b03conc,0,agg_full,0.8,next_use,16,10,Random,0.6,0.6166666666666667,20
b03conc,conc2,agg_full@rho0.8,rep0_conc2_agg_full@rho0.8_b03conc,0,agg_full,0.8,next_use,16,13,Random,0.8,0.8458333333333333,20
b03conc,conc2,agg_full@rho0.8,rep0_conc2_agg_full@rho0.8_b03conc,0,agg_full,0.8,next_use,16,16,Random,1.0,1.0,20
b03conc,conc2,agg_full@rho0.8,rep0_conc2_agg_full@rho0.8_b03conc,0,agg_full,0.8,next_use,16,2,Freshness,0.1,0.0,1
b03conc,conc2,agg_full@rho0.8,rep0_conc2_agg_full@rho0.8_b03conc,0,agg_full,0.8,next_use,16,3,Freshness,0.2,0.0,1
b03conc,conc2,agg_full@rho0.8,rep0_conc2_agg_full@rho0.8_b03conc,0,agg_full,0.8,next_use,16,5,Freshness,0.3,0.0,1
b03conc,conc2,agg_full@rho0.8,rep0_conc2_agg_full@rho0.8_b03conc,0,agg_full,0.8,next_use,16,6,Freshness,0.4,0.0,1
b03conc,conc2,agg_full@rho0.8,rep0_conc2_agg_full@rho0.8_b03conc,0,agg_full,0.8,next_use,16,8,Freshness,0.5,0.33333333333333337,1
b03conc,conc2,agg_full@rho0.8,rep0_conc2_agg_full@rho0.8_b03conc,0,agg_full,0.8,next_use,16,10,Freshness,0.6,0.6666666666666667,1
b03conc,conc2,agg_full@rho0.8,rep0_conc2_agg_full@rho0.8_b03conc,0,agg_full,0.8,next_use,16,13,Freshness,0.8,0.75,1
b03conc,conc2,agg_full@rho0.8,rep0_conc2_agg_full@rho0.8_b03conc,0,agg_full,0.8,next_use,16,16,Freshness,1.0,1.0,1
b03conc,conc2,agg_full@rho0.8,rep0_conc2_agg_full@rho0.8_b03conc,0,agg_full,0.8,next_use,16,2,CoverageDelta,0.1,0.0,1
b03conc,conc2,agg_full@rho0.8,rep0_conc2_agg_full@rho0.8_b03conc,0,agg_full,0.8,next_use,16,3,CoverageDelta,0.2,0.0,1
b03conc,conc2,agg_full@rho0.8,rep0_conc2_agg_full@rho0.8_b03conc,0,agg_full,0.8,next_use,16,5,CoverageDelta,0.3,0.0,1
b03conc,conc2,agg_full@rho0.8,rep0_conc2_agg_full@rho0.8_b03conc,0,agg_full,0.8,next_use,16,6,CoverageDelta,0.4,0.0,1
b03conc,conc2,agg_full@rho0.8,rep0_conc2_agg_full@rho0.8_b03conc,0,agg_full,0.8,next_use,16,8,CoverageDelta,0.5,0.33333333333333337,1
b03conc,conc2,agg_full@rho0.8,rep0_conc2_agg_full@rho0.8_b03conc,0,agg_full,0.8,next_use,16,10,CoverageDelta,0.6,0.6666666666666667,1
b03conc,conc2,agg_full@rho0.8,rep0_conc2_agg_full@rho0.8_b03conc,0,agg_full,0.8,next_use,16,13,CoverageDelta,0.8,0.8333333333333334,1
b03conc,conc2,agg_full@rho0.8,rep0_conc2_agg_full@rho0.8_b03conc,0,agg_full,0.8,next_use,16,16,CoverageDelta,1.0,1.0,1
b03conc,conc2,agg_full@rho0.8,rep0_conc2_agg_full@rho0.8_b03conc,0,agg_full,0.8,next_use,16,2,CoverageAdvantage,0.1,0.0,1
b03conc,conc2,agg_full@rho0.8,rep0_conc2_agg_full@rho0.8_b03conc,0,agg_full,0.8,next_use,16,3,CoverageAdvantage,0.2,0.0,1
b03conc,conc2,agg_full@rho0.8,rep0_conc2_agg_full@rho0.8_b03conc,0,agg_full,0.8,next_use,16,5,CoverageAdvantage,0.3,0.0,1
b03conc,conc2,agg_full@rho0.8,rep0_conc2_agg_full@rho0.8_b03conc,0,agg_full,0.8,next_use,16,6,CoverageAdvantage,0.4,0.0,1
b03conc,conc2,agg_full@rho0.8,rep0_conc2_agg_full@rho0.8_b03conc,0,agg_full,0.8,next_use,16,8,CoverageAdvantage,0.5,0.33333333333333337,1
b03conc,conc2,agg_full@rho0.8,rep0_conc2_agg_full@rho0.8_b03conc,0,agg_full,0.8,next_use,16,10,CoverageAdvantage,0.6,0.6666666666666667,1
b03conc,conc2,agg_full@rho0.8,rep0_conc2_agg_full@rho0.8_b03conc,0,agg_full,0.8,next_use,16,13,CoverageAdvantage,0.8,0.9166666666666667,1
b03conc,conc2,agg_full@rho0.8,rep0_conc2_agg_full@rho0.8_b03conc,0,agg_full,0.8,next_use,16,16,CoverageAdvantage,1.0,1.0,1
b03conc,conc2,agg_full@rho0.8,rep0_conc2_agg_full@rho0.8_b03conc,0,agg_full,0.8,next_use,16,2,SimpleCoverageLoad,0.1,0.0,1
b03conc,conc2,agg_full@rho0.8,rep0_conc2_agg_full@rho0.8_b03conc,0,agg_full,0.8,next_use,16,3,SimpleCoverageLoad,0.2,0.0,1
b03conc,conc2,agg_full@rho0.8,rep0_conc2_agg_full@rho0.8_b03conc,0,agg_full,0.8,next_use,16,5,SimpleCoverageLoad,0.3,0.0,1
b03conc,conc2,agg_full@rho0.8,rep0_conc2_agg_full@rho0.8_b03conc,0,agg_full,0.8,next_use,16,6,SimpleCoverageLoad,0.4,0.0,1
b03conc,conc2,agg_full@rho0.8,rep0_conc2_agg_full@rho0.8_b03conc,0,agg_full,0.8,next_use,16,8,SimpleCoverageLoad,0.5,0.33333333333333337,1
b03conc,conc2,agg_full@rho0.8,rep0_conc2_agg_full@rho0.8_b03conc,0,agg_full,0.8,next_use,16,10,SimpleCoverageLoad,0.6,0.6666666666666667,1
b03conc,conc2,agg_full@rho0.8,rep0_conc2_agg_full@rho0.8_b03conc,0,agg_full,0.8,next_use,16,13,SimpleCoverageLoad,0.8,0.9166666666666667,1
b03conc,conc2,agg_full@rho0.8,rep0_conc2_agg_full@rho0.8_b03conc,0,agg_full,0.8,next_use,16,16,SimpleCoverageLoad,1.0,1.0,1
b03conc,conc2,agg_full@rho0.8,rep0_conc2_agg_full@rho0.8_b03conc,0,agg_full,0.8,next_use,16,2,DecisionAware,0.1,0.0,1
b03conc,conc2,agg_full@rho0.8,rep0_conc2_agg_full@rho0.8_b03conc,0,agg_full,0.8,next_use,16,3,DecisionAware,0.2,0.0,1
b03conc,conc2,agg_full@rho0.8,rep0_conc2_agg_full@rho0.8_b03conc,0,agg_full,0.8,next_use,16,5,DecisionAware,0.3,0.0,1
b03conc,conc2,agg_full@rho0.8,rep0_conc2_agg_full@rho0.8_b03conc,0,agg_full,0.8,next_use,16,6,DecisionAware,0.4,0.0,1
b03conc,conc2,agg_full@rho0.8,rep0_conc2_agg_full@rho0.8_b03conc,0,agg_full,0.8,next_use,16,8,DecisionAware,0.5,0.33333333333333337,1
b03conc,conc2,agg_full@rho0.8,rep0_conc2_agg_full@rho0.8_b03conc,0,agg_full,0.8,next_use,16,10,DecisionAware,0.6,0.6666666666666667,1
b03conc,conc2,agg_full@rho0.8,rep0_conc2_agg_full@rho0.8_b03conc,0,agg_full,0.8,next_use,16,13,DecisionAware,0.8,0.9166666666666667,1
b03conc,conc2,agg_full@rho0.8,rep0_conc2_agg_full@rho0.8_b03conc,0,agg_full,0.8,next_use,16,16,DecisionAware,1.0,1.0,1
b03conc,conc2,agg_full@rho0.8,rep0_conc2_agg_full@rho0.8_b03conc,0,agg_full,0.8,next_use,16,2,B02Utility,0.1,0.08333333333333334,1
b03conc,conc2,agg_full@rho0.8,rep0_conc2_agg_full@rho0.8_b03conc,0,agg_full,0.8,next_use,16,3,B02Utility,0.2,0.08333333333333334,1
b03conc,conc2,agg_full@rho0.8,rep0_conc2_agg_full@rho0.8_b03conc,0,agg_full,0.8,next_use,16,5,B02Utility,0.3,0.08333333333333334,1
b03conc,conc2,agg_full@rho0.8,rep0_conc2_agg_full@rho0.8_b03conc,0,agg_full,0.8,next_use,16,6,B02Utility,0.4,0.08333333333333334,1
b03conc,conc2,agg_full@rho0.8,rep0_conc2_agg_full@rho0.8_b03conc,0,agg_full,0.8,next_use,16,8,B02Utility,0.5,0.08333333333333334,1
b03conc,conc2,agg_full@rho0.8,rep0_conc2_agg_full@rho0.8_b03conc,0,agg_full,0.8,next_use,16,10,B02Utility,0.6,0.4166666666666667,1
b03conc,conc2,agg_full@rho0.8,rep0_conc2_agg_full@rho0.8_b03conc,0,agg_full,0.8,next_use,16,13,B02Utility,0.8,0.75,1
b03conc,conc2,agg_full@rho0.8,rep0_conc2_agg_full@rho0.8_b03conc,0,agg_full,0.8,next_use,16,16,B02Utility,1.0,1.0,1
b03conc,conc2,agg_full@rho0.8,rep0_conc2_agg_full@rho0.8_b03conc,0,agg_full,0.8,next_use,16,2,Oracle,0.1,0.6666666666666667,1
b03conc,conc2,agg_full@rho0.8,rep0_conc2_agg_full@rho0.8_b03conc,0,agg_full,0.8,next_use,16,3,Oracle,0.2,0.75,1
b03conc,conc2,agg_full@rho0.8,rep0_conc2_agg_full@rho0.8_b03conc,0,agg_full,0.8,next_use,16,5,Oracle,0.3,0.9166666666666667,1
b03conc,conc2,agg_full@rho0.8,rep0_conc2_agg_full@rho0.8_b03conc,0,agg_full,0.8,next_use,16,6,Oracle,0.4,1.0,1
b03conc,conc2,agg_full@rho0.8,rep0_conc2_agg_full@rho0.8_b03conc,0,agg_full,0.8,next_use,16,8,Oracle,0.5,1.0,1
b03conc,conc2,agg_full@rho0.8,rep0_conc2_agg_full@rho0.8_b03conc,0,agg_full,0.8,next_use,16,10,Oracle,0.6,1.0,1
b03conc,conc2,agg_full@rho0.8,rep0_conc2_agg_full@rho0.8_b03conc,0,agg_full,0.8,next_use,16,13,Oracle,0.8,1.0,1
b03conc,conc2,agg_full@rho0.8,rep0_conc2_agg_full@rho0.8_b03conc,0,agg_full,0.8,next_use,16,16,Oracle,1.0,1.0,1
b03conc,conc2,agg_full@rho0.8,rep0_conc2_agg_full@rho0.8_b03conc,0,agg_full,0.8,horizon_h4,16,2,Random,0.1,0.15,20
b03conc,conc2,agg_full@rho0.8,rep0_conc2_agg_full@rho0.8_b03conc,0,agg_full,0.8,horizon_h4,16,3,Random,0.2,0.275,20
b03conc,conc2,agg_full@rho0.8,rep0_conc2_agg_full@rho0.8_b03conc,0,agg_full,0.8,horizon_h4,16,5,Random,0.3,0.4,20
b03conc,conc2,agg_full@rho0.8,rep0_conc2_agg_full@rho0.8_b03conc,0,agg_full,0.8,horizon_h4,16,6,Random,0.4,0.45,20
b03conc,conc2,agg_full@rho0.8,rep0_conc2_agg_full@rho0.8_b03conc,0,agg_full,0.8,horizon_h4,16,8,Random,0.5,0.525,20
b03conc,conc2,agg_full@rho0.8,rep0_conc2_agg_full@rho0.8_b03conc,0,agg_full,0.8,horizon_h4,16,10,Random,0.6,0.625,20
b03conc,conc2,agg_full@rho0.8,rep0_conc2_agg_full@rho0.8_b03conc,0,agg_full,0.8,horizon_h4,16,13,Random,0.8,0.875,20
b03conc,conc2,agg_full@rho0.8,rep0_conc2_agg_full@rho0.8_b03conc,0,agg_full,0.8,horizon_h4,16,16,Random,1.0,1.0,20
b03conc,conc2,agg_full@rho0.8,rep0_conc2_agg_full@rho0.8_b03conc,0,agg_full,0.8,horizon_h4,16,2,Freshness,0.1,0.0,1
b03conc,conc2,agg_full@rho0.8,rep0_conc2_agg_full@rho0.8_b03conc,0,agg_full,0.8,horizon_h4,16,3,Freshness,0.2,0.0,1
b03conc,conc2,agg_full@rho0.8,rep0_conc2_agg_full@rho0.8_b03conc,0,agg_full,0.8,horizon_h4,16,5,Freshness,0.3,0.0,1
b03conc,conc2,agg_full@rho0.8,rep0_conc2_agg_full@rho0.8_b03conc,0,agg_full,0.8,horizon_h4,16,6,Freshness,0.4,0.0,1
b03conc,conc2,agg_full@rho0.8,rep0_conc2_agg_full@rho0.8_b03conc,0,agg_full,0.8,horizon_h4,16,8,Freshness,0.5,0.5,1
b03conc,conc2,agg_full@rho0.8,rep0_conc2_agg_full@rho0.8_b03conc,0,agg_full,0.8,horizon_h4,16,10,Freshness,0.6,1.0,1
b03conc,conc2,agg_full@rho0.8,rep0_conc2_agg_full@rho0.8_b03conc,0,agg_full,0.8,horizon_h4,16,13,Freshness,0.8,1.0,1
b03conc,conc2,agg_full@rho0.8,rep0_conc2_agg_full@rho0.8_b03conc,0,agg_full,0.8,horizon_h4,16,16,Freshness,1.0,1.0,1
b03conc,conc2,agg_full@rho0.8,rep0_conc2_agg_full@rho0.8_b03conc,0,agg_full,0.8,horizon_h4,16,2,CoverageDelta,0.1,0.0,1
b03conc,conc2,agg_full@rho0.8,rep0_conc2_agg_full@rho0.8_b03conc,0,agg_full,0.8,horizon_h4,16,3,CoverageDelta,0.2,0.0,1
b03conc,conc2,agg_full@rho0.8,rep0_conc2_agg_full@rho0.8_b03conc,0,agg_full,0.8,horizon_h4,16,5,CoverageDelta,0.3,0.0,1
b03conc,conc2,agg_full@rho0.8,rep0_conc2_agg_full@rho0.8_b03conc,0,agg_full,0.8,horizon_h4,16,6,CoverageDelta,0.4,0.0,1
b03conc,conc2,agg_full@rho0.8,rep0_conc2_agg_full@rho0.8_b03conc,0,agg_full,0.8,horizon_h4,16,8,CoverageDelta,0.5,0.5,1
b03conc,conc2,agg_full@rho0.8,rep0_conc2_agg_full@rho0.8_b03conc,0,agg_full,0.8,horizon_h4,16,10,CoverageDelta,0.6,1.0,1
b03conc,conc2,agg_full@rho0.8,rep0_conc2_agg_full@rho0.8_b03conc,0,agg_full,0.8,horizon_h4,16,13,CoverageDelta,0.8,1.0,1
b03conc,conc2,agg_full@rho0.8,rep0_conc2_agg_full@rho0.8_b03conc,0,agg_full,0.8,horizon_h4,16,16,CoverageDelta,1.0,1.0,1
b03conc,conc2,agg_full@rho0.8,rep0_conc2_agg_full@rho0.8_b03conc,0,agg_full,0.8,horizon_h4,16,2,CoverageAdvantage,0.1,0.0,1
b03conc,conc2,agg_full@rho0.8,rep0_conc2_agg_full@rho0.8_b03conc,0,agg_full,0.8,horizon_h4,16,3,CoverageAdvantage,0.2,0.0,1
b03conc,conc2,agg_full@rho0.8,rep0_conc2_agg_full@rho0.8_b03conc,0,agg_full,0.8,horizon_h4,16,5,CoverageAdvantage,0.3,0.0,1
b03conc,conc2,agg_full@rho0.8,rep0_conc2_agg_full@rho0.8_b03conc,0,agg_full,0.8,horizon_h4,16,6,CoverageAdvantage,0.4,0.0,1
b03conc,conc2,agg_full@rho0.8,rep0_conc2_agg_full@rho0.8_b03conc,0,agg_full,0.8,horizon_h4,16,8,CoverageAdvantage,0.5,0.5,1
b03conc,conc2,agg_full@rho0.8,rep0_conc2_agg_full@rho0.8_b03conc,0,agg_full,0.8,horizon_h4,16,10,CoverageAdvantage,0.6,1.0,1
b03conc,conc2,agg_full@rho0.8,rep0_conc2_agg_full@rho0.8_b03conc,0,agg_full,0.8,horizon_h4,16,13,CoverageAdvantage,0.8,1.0,1
b03conc,conc2,agg_full@rho0.8,rep0_conc2_agg_full@rho0.8_b03conc,0,agg_full,0.8,horizon_h4,16,16,CoverageAdvantage,1.0,1.0,1
b03conc,conc2,agg_full@rho0.8,rep0_conc2_agg_full@rho0.8_b03conc,0,agg_full,0.8,horizon_h4,16,2,SimpleCoverageLoad,0.1,0.0,1
b03conc,conc2,agg_full@rho0.8,rep0_conc2_agg_full@rho0.8_b03conc,0,agg_full,0.8,horizon_h4,16,3,SimpleCoverageLoad,0.2,0.0,1
b03conc,conc2,agg_full@rho0.8,rep0_conc2_agg_full@rho0.8_b03conc,0,agg_full,0.8,horizon_h4,16,5,SimpleCoverageLoad,0.3,0.0,1
b03conc,conc2,agg_full@rho0.8,rep0_conc2_agg_full@rho0.8_b03conc,0,agg_full,0.8,horizon_h4,16,6,SimpleCoverageLoad,0.4,0.0,1
b03conc,conc2,agg_full@rho0.8,rep0_conc2_agg_full@rho0.8_b03conc,0,agg_full,0.8,horizon_h4,16,8,SimpleCoverageLoad,0.5,0.5,1
b03conc,conc2,agg_full@rho0.8,rep0_conc2_agg_full@rho0.8_b03conc,0,agg_full,0.8,horizon_h4,16,10,SimpleCoverageLoad,0.6,1.0,1
b03conc,conc2,agg_full@rho0.8,rep0_conc2_agg_full@rho0.8_b03conc,0,agg_full,0.8,horizon_h4,16,13,SimpleCoverageLoad,0.8,1.0,1
b03conc,conc2,agg_full@rho0.8,rep0_conc2_agg_full@rho0.8_b03conc,0,agg_full,0.8,horizon_h4,16,16,SimpleCoverageLoad,1.0,1.0,1
b03conc,conc2,agg_full@rho0.8,rep0_conc2_agg_full@rho0.8_b03conc,0,agg_full,0.8,horizon_h4,16,2,DecisionAware,0.1,0.0,1
b03conc,conc2,agg_full@rho0.8,rep0_conc2_agg_full@rho0.8_b03conc,0,agg_full,0.8,horizon_h4,16,3,DecisionAware,0.2,0.0,1
b03conc,conc2,agg_full@rho0.8,rep0_conc2_agg_full@rho0.8_b03conc,0,agg_full,0.8,horizon_h4,16,5,DecisionAware,0.3,0.0,1
b03conc,conc2,agg_full@rho0.8,rep0_conc2_agg_full@rho0.8_b03conc,0,agg_full,0.8,horizon_h4,16,6,DecisionAware,0.4,0.0,1
b03conc,conc2,agg_full@rho0.8,rep0_conc2_agg_full@rho0.8_b03conc,0,agg_full,0.8,horizon_h4,16,8,DecisionAware,0.5,0.5,1
b03conc,conc2,agg_full@rho0.8,rep0_conc2_agg_full@rho0.8_b03conc,0,agg_full,0.8,horizon_h4,16,10,DecisionAware,0.6,1.0,1
b03conc,conc2,agg_full@rho0.8,rep0_conc2_agg_full@rho0.8_b03conc,0,agg_full,0.8,horizon_h4,16,13,DecisionAware,0.8,1.0,1
b03conc,conc2,agg_full@rho0.8,rep0_conc2_agg_full@rho0.8_b03conc,0,agg_full,0.8,horizon_h4,16,16,DecisionAware,1.0,1.0,1
b03conc,conc2,agg_full@rho0.8,rep0_conc2_agg_full@rho0.8_b03conc,0,agg_full,0.8,horizon_h4,16,2,B02Utility,0.1,0.0,1
b03conc,conc2,agg_full@rho0.8,rep0_conc2_agg_full@rho0.8_b03conc,0,agg_full,0.8,horizon_h4,16,3,B02Utility,0.2,0.0,1
b03conc,conc2,agg_full@rho0.8,rep0_conc2_agg_full@rho0.8_b03conc,0,agg_full,0.8,horizon_h4,16,5,B02Utility,0.3,0.0,1
b03conc,conc2,agg_full@rho0.8,rep0_conc2_agg_full@rho0.8_b03conc,0,agg_full,0.8,horizon_h4,16,6,B02Utility,0.4,0.0,1
b03conc,conc2,agg_full@rho0.8,rep0_conc2_agg_full@rho0.8_b03conc,0,agg_full,0.8,horizon_h4,16,8,B02Utility,0.5,0.0,1
b03conc,conc2,agg_full@rho0.8,rep0_conc2_agg_full@rho0.8_b03conc,0,agg_full,0.8,horizon_h4,16,10,B02Utility,0.6,0.5,1
b03conc,conc2,agg_full@rho0.8,rep0_conc2_agg_full@rho0.8_b03conc,0,agg_full,0.8,horizon_h4,16,13,B02Utility,0.8,1.0,1
b03conc,conc2,agg_full@rho0.8,rep0_conc2_agg_full@rho0.8_b03conc,0,agg_full,0.8,horizon_h4,16,16,B02Utility,1.0,1.0,1
b03conc,conc2,agg_full@rho0.8,rep0_conc2_agg_full@rho0.8_b03conc,0,agg_full,0.8,horizon_h4,16,2,Oracle,0.1,1.0,1
b03conc,conc2,agg_full@rho0.8,rep0_conc2_agg_full@rho0.8_b03conc,0,agg_full,0.8,horizon_h4,16,3,Oracle,0.2,1.0,1
b03conc,conc2,agg_full@rho0.8,rep0_conc2_agg_full@rho0.8_b03conc,0,agg_full,0.8,horizon_h4,16,5,Oracle,0.3,1.0,1
b03conc,conc2,agg_full@rho0.8,rep0_conc2_agg_full@rho0.8_b03conc,0,agg_full,0.8,horizon_h4,16,6,Oracle,0.4,1.0,1
b03conc,conc2,agg_full@rho0.8,rep0_conc2_agg_full@rho0.8_b03conc,0,agg_full,0.8,horizon_h4,16,8,Oracle,0.5,1.0,1
b03conc,conc2,agg_full@rho0.8,rep0_conc2_agg_full@rho0.8_b03conc,0,agg_full,0.8,horizon_h4,16,10,Oracle,0.6,1.0,1
b03conc,conc2,agg_full@rho0.8,rep0_conc2_agg_full@rho0.8_b03conc,0,agg_full,0.8,horizon_h4,16,13,Oracle,0.8,1.0,1
b03conc,conc2,agg_full@rho0.8,rep0_conc2_agg_full@rho0.8_b03conc,0,agg_full,0.8,horizon_h4,16,16,Oracle,1.0,1.0,1
b03conc,conc2,agg_static@rho0.8,rep0_conc2_agg_static@rho0.8_b03conc,0,agg_static,0.8,next_use,23,2,Random,0.1,0.10344827586206898,20
b03conc,conc2,agg_static@rho0.8,rep0_conc2_agg_static@rho0.8_b03conc,0,agg_static,0.8,next_use,23,5,Random,0.2,0.26896551724137935,20
b03conc,conc2,agg_static@rho0.8,rep0_conc2_agg_static@rho0.8_b03conc,0,agg_static,0.8,next_use,23,7,Random,0.3,0.38965517241379316,20
b03conc,conc2,agg_static@rho0.8,rep0_conc2_agg_static@rho0.8_b03conc,0,agg_static,0.8,next_use,23,9,Random,0.4,0.46034482758620693,20
b03conc,conc2,agg_static@rho0.8,rep0_conc2_agg_static@rho0.8_b03conc,0,agg_static,0.8,next_use,23,12,Random,0.5,0.5396551724137931,20
b03conc,conc2,agg_static@rho0.8,rep0_conc2_agg_static@rho0.8_b03conc,0,agg_static,0.8,next_use,23,14,Random,0.6,0.6362068965517242,20
b03conc,conc2,agg_static@rho0.8,rep0_conc2_agg_static@rho0.8_b03conc,0,agg_static,0.8,next_use,23,18,Random,0.8,0.7862068965517242,20
b03conc,conc2,agg_static@rho0.8,rep0_conc2_agg_static@rho0.8_b03conc,0,agg_static,0.8,next_use,23,23,Random,1.0,1.0,20
b03conc,conc2,agg_static@rho0.8,rep0_conc2_agg_static@rho0.8_b03conc,0,agg_static,0.8,next_use,23,2,Freshness,0.1,0.0,1
b03conc,conc2,agg_static@rho0.8,rep0_conc2_agg_static@rho0.8_b03conc,0,agg_static,0.8,next_use,23,5,Freshness,0.2,0.0,1
b03conc,conc2,agg_static@rho0.8,rep0_conc2_agg_static@rho0.8_b03conc,0,agg_static,0.8,next_use,23,7,Freshness,0.3,0.13793103448275865,1
b03conc,conc2,agg_static@rho0.8,rep0_conc2_agg_static@rho0.8_b03conc,0,agg_static,0.8,next_use,23,9,Freshness,0.4,0.2758620689655173,1
b03conc,conc2,agg_static@rho0.8,rep0_conc2_agg_static@rho0.8_b03conc,0,agg_static,0.8,next_use,23,12,Freshness,0.5,0.6896551724137931,1
b03conc,conc2,agg_static@rho0.8,rep0_conc2_agg_static@rho0.8_b03conc,0,agg_static,0.8,next_use,23,14,Freshness,0.6,0.8275862068965517,1
b03conc,conc2,agg_static@rho0.8,rep0_conc2_agg_static@rho0.8_b03conc,0,agg_static,0.8,next_use,23,18,Freshness,0.8,0.8965517241379312,1
b03conc,conc2,agg_static@rho0.8,rep0_conc2_agg_static@rho0.8_b03conc,0,agg_static,0.8,next_use,23,23,Freshness,1.0,1.0,1
b03conc,conc2,agg_static@rho0.8,rep0_conc2_agg_static@rho0.8_b03conc,0,agg_static,0.8,next_use,23,2,CoverageDelta,0.1,0.03448275862068966,1
b03conc,conc2,agg_static@rho0.8,rep0_conc2_agg_static@rho0.8_b03conc,0,agg_static,0.8,next_use,23,5,CoverageDelta,0.2,0.03448275862068966,1
b03conc,conc2,agg_static@rho0.8,rep0_conc2_agg_static@rho0.8_b03conc,0,agg_static,0.8,next_use,23,7,CoverageDelta,0.3,0.03448275862068966,1
b03conc,conc2,agg_static@rho0.8,rep0_conc2_agg_static@rho0.8_b03conc,0,agg_static,0.8,next_use,23,9,CoverageDelta,0.4,0.1724137931034483,1
b03conc,conc2,agg_static@rho0.8,rep0_conc2_agg_static@rho0.8_b03conc,0,agg_static,0.8,next_use,23,12,CoverageDelta,0.5,0.5862068965517242,1
b03conc,conc2,agg_static@rho0.8,rep0_conc2_agg_static@rho0.8_b03conc,0,agg_static,0.8,next_use,23,14,CoverageDelta,0.6,0.8620689655172414,1
b03conc,conc2,agg_static@rho0.8,rep0_conc2_agg_static@rho0.8_b03conc,0,agg_static,0.8,next_use,23,18,CoverageDelta,0.8,0.8965517241379312,1
b03conc,conc2,agg_static@rho0.8,rep0_conc2_agg_static@rho0.8_b03conc,0,agg_static,0.8,next_use,23,23,CoverageDelta,1.0,1.0,1
b03conc,conc2,agg_static@rho0.8,rep0_conc2_agg_static@rho0.8_b03conc,0,agg_static,0.8,next_use,23,2,CoverageAdvantage,0.1,0.03448275862068966,1
b03conc,conc2,agg_static@rho0.8,rep0_conc2_agg_static@rho0.8_b03conc,0,agg_static,0.8,next_use,23,5,CoverageAdvantage,0.2,0.03448275862068966,1
b03conc,conc2,agg_static@rho0.8,rep0_conc2_agg_static@rho0.8_b03conc,0,agg_static,0.8,next_use,23,7,CoverageAdvantage,0.3,0.03448275862068966,1
b03conc,conc2,agg_static@rho0.8,rep0_conc2_agg_static@rho0.8_b03conc,0,agg_static,0.8,next_use,23,9,CoverageAdvantage,0.4,0.1724137931034483,1
b03conc,conc2,agg_static@rho0.8,rep0_conc2_agg_static@rho0.8_b03conc,0,agg_static,0.8,next_use,23,12,CoverageAdvantage,0.5,0.5862068965517242,1
b03conc,conc2,agg_static@rho0.8,rep0_conc2_agg_static@rho0.8_b03conc,0,agg_static,0.8,next_use,23,14,CoverageAdvantage,0.6,0.8620689655172414,1
b03conc,conc2,agg_static@rho0.8,rep0_conc2_agg_static@rho0.8_b03conc,0,agg_static,0.8,next_use,23,18,CoverageAdvantage,0.8,0.8965517241379312,1
b03conc,conc2,agg_static@rho0.8,rep0_conc2_agg_static@rho0.8_b03conc,0,agg_static,0.8,next_use,23,23,CoverageAdvantage,1.0,1.0,1
b03conc,conc2,agg_static@rho0.8,rep0_conc2_agg_static@rho0.8_b03conc,0,agg_static,0.8,next_use,23,2,SimpleCoverageLoad,0.1,0.03448275862068966,1
b03conc,conc2,agg_static@rho0.8,rep0_conc2_agg_static@rho0.8_b03conc,0,agg_static,0.8,next_use,23,5,SimpleCoverageLoad,0.2,0.03448275862068966,1
b03conc,conc2,agg_static@rho0.8,rep0_conc2_agg_static@rho0.8_b03conc,0,agg_static,0.8,next_use,23,7,SimpleCoverageLoad,0.3,0.03448275862068966,1
b03conc,conc2,agg_static@rho0.8,rep0_conc2_agg_static@rho0.8_b03conc,0,agg_static,0.8,next_use,23,9,SimpleCoverageLoad,0.4,0.1724137931034483,1
b03conc,conc2,agg_static@rho0.8,rep0_conc2_agg_static@rho0.8_b03conc,0,agg_static,0.8,next_use,23,12,SimpleCoverageLoad,0.5,0.5862068965517242,1
b03conc,conc2,agg_static@rho0.8,rep0_conc2_agg_static@rho0.8_b03conc,0,agg_static,0.8,next_use,23,14,SimpleCoverageLoad,0.6,0.8620689655172414,1
b03conc,conc2,agg_static@rho0.8,rep0_conc2_agg_static@rho0.8_b03conc,0,agg_static,0.8,next_use,23,18,SimpleCoverageLoad,0.8,0.8965517241379312,1
b03conc,conc2,agg_static@rho0.8,rep0_conc2_agg_static@rho0.8_b03conc,0,agg_static,0.8,next_use,23,23,SimpleCoverageLoad,1.0,1.0,1
b03conc,conc2,agg_static@rho0.8,rep0_conc2_agg_static@rho0.8_b03conc,0,agg_static,0.8,next_use,23,2,DecisionAware,0.1,0.03448275862068966,1
b03conc,conc2,agg_static@rho0.8,rep0_conc2_agg_static@rho0.8_b03conc,0,agg_static,0.8,next_use,23,5,DecisionAware,0.2,0.03448275862068966,1
b03conc,conc2,agg_static@rho0.8,rep0_conc2_agg_static@rho0.8_b03conc,0,agg_static,0.8,next_use,23,7,DecisionAware,0.3,0.03448275862068966,1
b03conc,conc2,agg_static@rho0.8,rep0_conc2_agg_static@rho0.8_b03conc,0,agg_static,0.8,next_use,23,9,DecisionAware,0.4,0.1724137931034483,1
b03conc,conc2,agg_static@rho0.8,rep0_conc2_agg_static@rho0.8_b03conc,0,agg_static,0.8,next_use,23,12,DecisionAware,0.5,0.5862068965517242,1
b03conc,conc2,agg_static@rho0.8,rep0_conc2_agg_static@rho0.8_b03conc,0,agg_static,0.8,next_use,23,14,DecisionAware,0.6,0.8620689655172414,1
b03conc,conc2,agg_static@rho0.8,rep0_conc2_agg_static@rho0.8_b03conc,0,agg_static,0.8,next_use,23,18,DecisionAware,0.8,0.8965517241379312,1
b03conc,conc2,agg_static@rho0.8,rep0_conc2_agg_static@rho0.8_b03conc,0,agg_static,0.8,next_use,23,23,DecisionAware,1.0,1.0,1
b03conc,conc2,agg_static@rho0.8,rep0_conc2_agg_static@rho0.8_b03conc,0,agg_static,0.8,next_use,23,2,B02Utility,0.1,0.03448275862068966,1
b03conc,conc2,agg_static@rho0.8,rep0_conc2_agg_static@rho0.8_b03conc,0,agg_static,0.8,next_use,23,5,B02Utility,0.2,0.03448275862068966,1
b03conc,conc2,agg_static@rho0.8,rep0_conc2_agg_static@rho0.8_b03conc,0,agg_static,0.8,next_use,23,7,B02Utility,0.3,0.03448275862068966,1
b03conc,conc2,agg_static@rho0.8,rep0_conc2_agg_static@rho0.8_b03conc,0,agg_static,0.8,next_use,23,9,B02Utility,0.4,0.03448275862068966,1
b03conc,conc2,agg_static@rho0.8,rep0_conc2_agg_static@rho0.8_b03conc,0,agg_static,0.8,next_use,23,12,B02Utility,0.5,0.3103448275862069,1
b03conc,conc2,agg_static@rho0.8,rep0_conc2_agg_static@rho0.8_b03conc,0,agg_static,0.8,next_use,23,14,B02Utility,0.6,0.4482758620689656,1
b03conc,conc2,agg_static@rho0.8,rep0_conc2_agg_static@rho0.8_b03conc,0,agg_static,0.8,next_use,23,18,B02Utility,0.8,0.6896551724137931,1
b03conc,conc2,agg_static@rho0.8,rep0_conc2_agg_static@rho0.8_b03conc,0,agg_static,0.8,next_use,23,23,B02Utility,1.0,1.0,1
b03conc,conc2,agg_static@rho0.8,rep0_conc2_agg_static@rho0.8_b03conc,0,agg_static,0.8,next_use,23,2,Oracle,0.1,0.2758620689655173,1
b03conc,conc2,agg_static@rho0.8,rep0_conc2_agg_static@rho0.8_b03conc,0,agg_static,0.8,next_use,23,5,Oracle,0.2,0.6896551724137931,1
b03conc,conc2,agg_static@rho0.8,rep0_conc2_agg_static@rho0.8_b03conc,0,agg_static,0.8,next_use,23,7,Oracle,0.3,0.8620689655172414,1
b03conc,conc2,agg_static@rho0.8,rep0_conc2_agg_static@rho0.8_b03conc,0,agg_static,0.8,next_use,23,9,Oracle,0.4,0.9310344827586208,1
b03conc,conc2,agg_static@rho0.8,rep0_conc2_agg_static@rho0.8_b03conc,0,agg_static,0.8,next_use,23,12,Oracle,0.5,1.0,1
b03conc,conc2,agg_static@rho0.8,rep0_conc2_agg_static@rho0.8_b03conc,0,agg_static,0.8,next_use,23,14,Oracle,0.6,1.0,1
b03conc,conc2,agg_static@rho0.8,rep0_conc2_agg_static@rho0.8_b03conc,0,agg_static,0.8,next_use,23,18,Oracle,0.8,1.0,1
b03conc,conc2,agg_static@rho0.8,rep0_conc2_agg_static@rho0.8_b03conc,0,agg_static,0.8,next_use,23,23,Oracle,1.0,1.0,1
b03conc,conc2,agg_static@rho0.8,rep0_conc2_agg_static@rho0.8_b03conc,0,agg_static,0.8,horizon_h4,23,2,Random,0.1,0.09860320043395715,20
b03conc,conc2,agg_static@rho0.8,rep0_conc2_agg_static@rho0.8_b03conc,0,agg_static,0.8,horizon_h4,23,5,Random,0.2,0.27777325739083264,20
b03conc,conc2,agg_static@rho0.8,rep0_conc2_agg_static@rho0.8_b03conc,0,agg_static,0.8,horizon_h4,23,7,Random,0.3,0.4038106861947383,20
b03conc,conc2,agg_static@rho0.8,rep0_conc2_agg_static@rho0.8_b03conc,0,agg_static,0.8,horizon_h4,23,9,Random,0.4,0.47603742880390565,20
b03conc,conc2,agg_static@rho0.8,rep0_conc2_agg_static@rho0.8_b03conc,0,agg_static,0.8,horizon_h4,23,12,Random,0.5,0.5618117710876052,20
b03conc,conc2,agg_static@rho0.8,rep0_conc2_agg_static@rho0.8_b03conc,0,agg_static,0.8,horizon_h4,23,14,Random,0.6,0.65,20
b03conc,conc2,agg_static@rho0.8,rep0_conc2_agg_static@rho0.8_b03conc,0,agg_static,0.8,horizon_h4,23,18,Random,0.8,0.7763764578247898,20
b03conc,conc2,agg_static@rho0.8,rep0_conc2_agg_static@rho0.8_b03conc,0,agg_static,0.8,horizon_h4,23,23,Random,1.0,1.0,20
b03conc,conc2,agg_static@rho0.8,rep0_conc2_agg_static@rho0.8_b03conc,0,agg_static,0.8,horizon_h4,23,2,Freshness,0.1,0.0,1
b03conc,conc2,agg_static@rho0.8,rep0_conc2_agg_static@rho0.8_b03conc,0,agg_static,0.8,horizon_h4,23,5,Freshness,0.2,0.0,1
b03conc,conc2,agg_static@rho0.8,rep0_conc2_agg_static@rho0.8_b03conc,0,agg_static,0.8,horizon_h4,23,7,Freshness,0.3,0.13886628695416328,1
b03conc,conc2,agg_static@rho0.8,rep0_conc2_agg_static@rho0.8_b03conc,0,agg_static,0.8,horizon_h4,23,9,Freshness,0.4,0.27773257390832656,1
b03conc,conc2,agg_static@rho0.8,rep0_conc2_agg_static@rho0.8_b03conc,0,agg_static,0.8,horizon_h4,23,12,Freshness,0.5,0.6943314347708165,1
b03conc,conc2,agg_static@rho0.8,rep0_conc2_agg_static@rho0.8_b03conc,0,agg_static,0.8,horizon_h4,23,14,Freshness,0.6,0.9652834282614593,1
b03conc,conc2,agg_static@rho0.8,rep0_conc2_agg_static@rho0.8_b03conc,0,agg_static,0.8,horizon_h4,23,18,Freshness,0.8,1.0,1
b03conc,conc2,agg_static@rho0.8,rep0_conc2_agg_static@rho0.8_b03conc,0,agg_static,0.8,horizon_h4,23,23,Freshness,1.0,1.0,1
b03conc,conc2,agg_static@rho0.8,rep0_conc2_agg_static@rho0.8_b03conc,0,agg_static,0.8,horizon_h4,23,2,CoverageDelta,0.1,0.03471657173854082,1
b03conc,conc2,agg_static@rho0.8,rep0_conc2_agg_static@rho0.8_b03conc,0,agg_static,0.8,horizon_h4,23,5,CoverageDelta,0.2,0.03471657173854082,1
b03conc,conc2,agg_static@rho0.8,rep0_conc2_agg_static@rho0.8_b03conc,0,agg_static,0.8,horizon_h4,23,7,CoverageDelta,0.3,0.03471657173854082,1
b03conc,conc2,agg_static@rho0.8,rep0_conc2_agg_static@rho0.8_b03conc,0,agg_static,0.8,horizon_h4,23,9,CoverageDelta,0.4,0.17358285869270412,1
b03conc,conc2,agg_static@rho0.8,rep0_conc2_agg_static@rho0.8_b03conc,0,agg_static,0.8,horizon_h4,23,12,CoverageDelta,0.5,0.590181719555194,1
b03conc,conc2,agg_static@rho0.8,rep0_conc2_agg_static@rho0.8_b03conc,0,agg_static,0.8,horizon_h4,23,14,CoverageDelta,0.6,0.8679142934635206,1
b03conc,conc2,agg_static@rho0.8,rep0_conc2_agg_static@rho0.8_b03conc,0,agg_static,0.8,horizon_h4,23,18,CoverageDelta,0.8,1.0,1
b03conc,conc2,agg_static@rho0.8,rep0_conc2_agg_static@rho0.8_b03conc,0,agg_static,0.8,horizon_h4,23,23,CoverageDelta,1.0,1.0,1
b03conc,conc2,agg_static@rho0.8,rep0_conc2_agg_static@rho0.8_b03conc,0,agg_static,0.8,horizon_h4,23,2,CoverageAdvantage,0.1,0.03471657173854082,1
b03conc,conc2,agg_static@rho0.8,rep0_conc2_agg_static@rho0.8_b03conc,0,agg_static,0.8,horizon_h4,23,5,CoverageAdvantage,0.2,0.03471657173854082,1
b03conc,conc2,agg_static@rho0.8,rep0_conc2_agg_static@rho0.8_b03conc,0,agg_static,0.8,horizon_h4,23,7,CoverageAdvantage,0.3,0.03471657173854082,1
b03conc,conc2,agg_static@rho0.8,rep0_conc2_agg_static@rho0.8_b03conc,0,agg_static,0.8,horizon_h4,23,9,CoverageAdvantage,0.4,0.17358285869270412,1
b03conc,conc2,agg_static@rho0.8,rep0_conc2_agg_static@rho0.8_b03conc,0,agg_static,0.8,horizon_h4,23,12,CoverageAdvantage,0.5,0.590181719555194,1
b03conc,conc2,agg_static@rho0.8,rep0_conc2_agg_static@rho0.8_b03conc,0,agg_static,0.8,horizon_h4,23,14,CoverageAdvantage,0.6,0.8679142934635206,1
b03conc,conc2,agg_static@rho0.8,rep0_conc2_agg_static@rho0.8_b03conc,0,agg_static,0.8,horizon_h4,23,18,CoverageAdvantage,0.8,1.0,1
b03conc,conc2,agg_static@rho0.8,rep0_conc2_agg_static@rho0.8_b03conc,0,agg_static,0.8,horizon_h4,23,23,CoverageAdvantage,1.0,1.0,1
b03conc,conc2,agg_static@rho0.8,rep0_conc2_agg_static@rho0.8_b03conc,0,agg_static,0.8,horizon_h4,23,2,SimpleCoverageLoad,0.1,0.03471657173854082,1
b03conc,conc2,agg_static@rho0.8,rep0_conc2_agg_static@rho0.8_b03conc,0,agg_static,0.8,horizon_h4,23,5,SimpleCoverageLoad,0.2,0.03471657173854082,1
b03conc,conc2,agg_static@rho0.8,rep0_conc2_agg_static@rho0.8_b03conc,0,agg_static,0.8,horizon_h4,23,7,SimpleCoverageLoad,0.3,0.03471657173854082,1
b03conc,conc2,agg_static@rho0.8,rep0_conc2_agg_static@rho0.8_b03conc,0,agg_static,0.8,horizon_h4,23,9,SimpleCoverageLoad,0.4,0.17358285869270412,1
b03conc,conc2,agg_static@rho0.8,rep0_conc2_agg_static@rho0.8_b03conc,0,agg_static,0.8,horizon_h4,23,12,SimpleCoverageLoad,0.5,0.590181719555194,1
b03conc,conc2,agg_static@rho0.8,rep0_conc2_agg_static@rho0.8_b03conc,0,agg_static,0.8,horizon_h4,23,14,SimpleCoverageLoad,0.6,0.8679142934635206,1
b03conc,conc2,agg_static@rho0.8,rep0_conc2_agg_static@rho0.8_b03conc,0,agg_static,0.8,horizon_h4,23,18,SimpleCoverageLoad,0.8,1.0,1
b03conc,conc2,agg_static@rho0.8,rep0_conc2_agg_static@rho0.8_b03conc,0,agg_static,0.8,horizon_h4,23,23,SimpleCoverageLoad,1.0,1.0,1
b03conc,conc2,agg_static@rho0.8,rep0_conc2_agg_static@rho0.8_b03conc,0,agg_static,0.8,horizon_h4,23,2,DecisionAware,0.1,0.03471657173854082,1
b03conc,conc2,agg_static@rho0.8,rep0_conc2_agg_static@rho0.8_b03conc,0,agg_static,0.8,horizon_h4,23,5,DecisionAware,0.2,0.03471657173854082,1
b03conc,conc2,agg_static@rho0.8,rep0_conc2_agg_static@rho0.8_b03conc,0,agg_static,0.8,horizon_h4,23,7,DecisionAware,0.3,0.03471657173854082,1
b03conc,conc2,agg_static@rho0.8,rep0_conc2_agg_static@rho0.8_b03conc,0,agg_static,0.8,horizon_h4,23,9,DecisionAware,0.4,0.17358285869270412,1
b03conc,conc2,agg_static@rho0.8,rep0_conc2_agg_static@rho0.8_b03conc,0,agg_static,0.8,horizon_h4,23,12,DecisionAware,0.5,0.590181719555194,1
b03conc,conc2,agg_static@rho0.8,rep0_conc2_agg_static@rho0.8_b03conc,0,agg_static,0.8,horizon_h4,23,14,DecisionAware,0.6,0.8679142934635206,1
b03conc,conc2,agg_static@rho0.8,rep0_conc2_agg_static@rho0.8_b03conc,0,agg_static,0.8,horizon_h4,23,18,DecisionAware,0.8,1.0,1
b03conc,conc2,agg_static@rho0.8,rep0_conc2_agg_static@rho0.8_b03conc,0,agg_static,0.8,horizon_h4,23,23,DecisionAware,1.0,1.0,1
b03conc,conc2,agg_static@rho0.8,rep0_conc2_agg_static@rho0.8_b03conc,0,agg_static,0.8,horizon_h4,23,2,B02Utility,0.1,0.0,1
b03conc,conc2,agg_static@rho0.8,rep0_conc2_agg_static@rho0.8_b03conc,0,agg_static,0.8,horizon_h4,23,5,B02Utility,0.2,0.0,1
b03conc,conc2,agg_static@rho0.8,rep0_conc2_agg_static@rho0.8_b03conc,0,agg_static,0.8,horizon_h4,23,7,B02Utility,0.3,0.0,1
b03conc,conc2,agg_static@rho0.8,rep0_conc2_agg_static@rho0.8_b03conc,0,agg_static,0.8,horizon_h4,23,9,B02Utility,0.4,0.0,1
b03conc,conc2,agg_static@rho0.8,rep0_conc2_agg_static@rho0.8_b03conc,0,agg_static,0.8,horizon_h4,23,12,B02Utility,0.5,0.27773257390832656,1
b03conc,conc2,agg_static@rho0.8,rep0_conc2_agg_static@rho0.8_b03conc,0,agg_static,0.8,horizon_h4,23,14,B02Utility,0.6,0.4165988608624898,1
b03conc,conc2,agg_static@rho0.8,rep0_conc2_agg_static@rho0.8_b03conc,0,agg_static,0.8,horizon_h4,23,18,B02Utility,0.8,0.590181719555194,1
b03conc,conc2,agg_static@rho0.8,rep0_conc2_agg_static@rho0.8_b03conc,0,agg_static,0.8,horizon_h4,23,23,B02Utility,1.0,1.0,1
b03conc,conc2,agg_static@rho0.8,rep0_conc2_agg_static@rho0.8_b03conc,0,agg_static,0.8,horizon_h4,23,2,Oracle,0.1,0.27773257390832656,1
b03conc,conc2,agg_static@rho0.8,rep0_conc2_agg_static@rho0.8_b03conc,0,agg_static,0.8,horizon_h4,23,5,Oracle,0.2,0.6943314347708165,1
b03conc,conc2,agg_static@rho0.8,rep0_conc2_agg_static@rho0.8_b03conc,0,agg_static,0.8,horizon_h4,23,7,Oracle,0.3,0.9652834282614593,1
b03conc,conc2,agg_static@rho0.8,rep0_conc2_agg_static@rho0.8_b03conc,0,agg_static,0.8,horizon_h4,23,9,Oracle,0.4,1.0,1
b03conc,conc2,agg_static@rho0.8,rep0_conc2_agg_static@rho0.8_b03conc,0,agg_static,0.8,horizon_h4,23,12,Oracle,0.5,1.0,1
b03conc,conc2,agg_static@rho0.8,rep0_conc2_agg_static@rho0.8_b03conc,0,agg_static,0.8,horizon_h4,23,14,Oracle,0.6,1.0,1
b03conc,conc2,agg_static@rho0.8,rep0_conc2_agg_static@rho0.8_b03conc,0,agg_static,0.8,horizon_h4,23,18,Oracle,0.8,1.0,1
b03conc,conc2,agg_static@rho0.8,rep0_conc2_agg_static@rho0.8_b03conc,0,agg_static,0.8,horizon_h4,23,23,Oracle,1.0,1.0,1
b03conc,conc2,agg_static@rho0.8,rep1_conc2_agg_static@rho0.8_b03conc,1,agg_static,0.8,next_use,9,1,Random,0.1,0.11940864291129644,20
b03conc,conc2,agg_static@rho0.8,rep1_conc2_agg_static@rho0.8_b03conc,1,agg_static,0.8,next_use,9,2,Random,0.2,0.24076952236542837,20
b03conc,conc2,agg_static@rho0.8,rep1_conc2_agg_static@rho0.8_b03conc,1,agg_static,0.8,next_use,9,3,Random,0.3,0.3601781652767248,20
b03conc,conc2,agg_static@rho0.8,rep1_conc2_agg_static@rho0.8_b03conc,1,agg_static,0.8,next_use,9,4,Random,0.4,0.49656937073540564,20
b03conc,conc2,agg_static@rho0.8,rep1_conc2_agg_static@rho0.8_b03conc,1,agg_static,0.8,next_use,9,4,Random,0.5,0.49656937073540564,20
b03conc,conc2,agg_static@rho0.8,rep1_conc2_agg_static@rho0.8_b03conc,1,agg_static,0.8,next_use,9,5,Random,0.6,0.5582259287338893,20
b03conc,conc2,agg_static@rho0.8,rep1_conc2_agg_static@rho0.8_b03conc,1,agg_static,0.8,next_use,9,7,Random,0.8,0.7771607278241093,20
b03conc,conc2,agg_static@rho0.8,rep1_conc2_agg_static@rho0.8_b03conc,1,agg_static,0.8,next_use,9,9,Random,1.0,1.0,20
b03conc,conc2,agg_static@rho0.8,rep1_conc2_agg_static@rho0.8_b03conc,1,agg_static,0.8,next_use,9,1,Freshness,0.1,0.0,1
b03conc,conc2,agg_static@rho0.8,rep1_conc2_agg_static@rho0.8_b03conc,1,agg_static,0.8,next_use,9,2,Freshness,0.2,0.19408642911296436,1
b03conc,conc2,agg_static@rho0.8,rep1_conc2_agg_static@rho0.8_b03conc,1,agg_static,0.8,next_use,9,3,Freshness,0.3,0.19408642911296436,1
b03conc,conc2,agg_static@rho0.8,rep1_conc2_agg_static@rho0.8_b03conc,1,agg_static,0.8,next_use,9,4,Freshness,0.4,0.38817285822592873,1
b03conc,conc2,agg_static@rho0.8,rep1_conc2_agg_static@rho0.8_b03conc,1,agg_static,0.8,next_use,9,4,Freshness,0.5,0.38817285822592873,1
b03conc,conc2,agg_static@rho0.8,rep1_conc2_agg_static@rho0.8_b03conc,1,agg_static,0.8,next_use,9,5,Freshness,0.6,0.38817285822592873,1
b03conc,conc2,agg_static@rho0.8,rep1_conc2_agg_static@rho0.8_b03conc,1,agg_static,0.8,next_use,9,7,Freshness,0.8,0.7668688400303261,1
b03conc,conc2,agg_static@rho0.8,rep1_conc2_agg_static@rho0.8_b03conc,1,agg_static,0.8,next_use,9,9,Freshness,1.0,1.0,1
b03conc,conc2,agg_static@rho0.8,rep1_conc2_agg_static@rho0.8_b03conc,1,agg_static,0.8,next_use,9,1,CoverageDelta,0.1,0.0,1
b03conc,conc2,agg_static@rho0.8,rep1_conc2_agg_static@rho0.8_b03conc,1,agg_static,0.8,next_use,9,2,CoverageDelta,0.2,0.04852160727824109,1
b03conc,conc2,agg_static@rho0.8,rep1_conc2_agg_static@rho0.8_b03conc,1,agg_static,0.8,next_use,9,3,CoverageDelta,0.3,0.04852160727824109,1
b03conc,conc2,agg_static@rho0.8,rep1_conc2_agg_static@rho0.8_b03conc,1,agg_static,0.8,next_use,9,4,CoverageDelta,0.4,0.24260803639120548,1
b03conc,conc2,agg_static@rho0.8,rep1_conc2_agg_static@rho0.8_b03conc,1,agg_static,0.8,next_use,9,4,CoverageDelta,0.5,0.24260803639120548,1
b03conc,conc2,agg_static@rho0.8,rep1_conc2_agg_static@rho0.8_b03conc,1,agg_static,0.8,next_use,9,5,CoverageDelta,0.6,0.43669446550416985,1
b03conc,conc2,agg_static@rho0.8,rep1_conc2_agg_static@rho0.8_b03conc,1,agg_static,0.8,next_use,9,7,CoverageDelta,0.8,0.6307808946171343,1
b03conc,conc2,agg_static@rho0.8,rep1_conc2_agg_static@rho0.8_b03conc,1,agg_static,0.8,next_use,9,9,CoverageDelta,1.0,1.0,1
b03conc,conc2,agg_static@rho0.8,rep1_conc2_agg_static@rho0.8_b03conc,1,agg_static,0.8,next_use,9,1,CoverageAdvantage,0.1,0.0,1
b03conc,conc2,agg_static@rho0.8,rep1_conc2_agg_static@rho0.8_b03conc,1,agg_static,0.8,next_use,9,2,CoverageAdvantage,0.2,0.04852160727824109,1
b03conc,conc2,agg_static@rho0.8,rep1_conc2_agg_static@rho0.8_b03conc,1,agg_static,0.8,next_use,9,3,CoverageAdvantage,0.3,0.04852160727824109,1
b03conc,conc2,agg_static@rho0.8,rep1_conc2_agg_static@rho0.8_b03conc,1,agg_static,0.8,next_use,9,4,CoverageAdvantage,0.4,0.24260803639120548,1
b03conc,conc2,agg_static@rho0.8,rep1_conc2_agg_static@rho0.8_b03conc,1,agg_static,0.8,next_use,9,4,CoverageAdvantage,0.5,0.24260803639120548,1
b03conc,conc2,agg_static@rho0.8,rep1_conc2_agg_static@rho0.8_b03conc,1,agg_static,0.8,next_use,9,5,CoverageAdvantage,0.6,0.43669446550416985,1
b03conc,conc2,agg_static@rho0.8,rep1_conc2_agg_static@rho0.8_b03conc,1,agg_static,0.8,next_use,9,7,CoverageAdvantage,0.8,0.6307808946171343,1
b03conc,conc2,agg_static@rho0.8,rep1_conc2_agg_static@rho0.8_b03conc,1,agg_static,0.8,next_use,9,9,CoverageAdvantage,1.0,1.0,1
b03conc,conc2,agg_static@rho0.8,rep1_conc2_agg_static@rho0.8_b03conc,1,agg_static,0.8,next_use,9,1,SimpleCoverageLoad,0.1,0.0,1
b03conc,conc2,agg_static@rho0.8,rep1_conc2_agg_static@rho0.8_b03conc,1,agg_static,0.8,next_use,9,2,SimpleCoverageLoad,0.2,0.04852160727824109,1
b03conc,conc2,agg_static@rho0.8,rep1_conc2_agg_static@rho0.8_b03conc,1,agg_static,0.8,next_use,9,3,SimpleCoverageLoad,0.3,0.04852160727824109,1
b03conc,conc2,agg_static@rho0.8,rep1_conc2_agg_static@rho0.8_b03conc,1,agg_static,0.8,next_use,9,4,SimpleCoverageLoad,0.4,0.24260803639120548,1
b03conc,conc2,agg_static@rho0.8,rep1_conc2_agg_static@rho0.8_b03conc,1,agg_static,0.8,next_use,9,4,SimpleCoverageLoad,0.5,0.24260803639120548,1
b03conc,conc2,agg_static@rho0.8,rep1_conc2_agg_static@rho0.8_b03conc,1,agg_static,0.8,next_use,9,5,SimpleCoverageLoad,0.6,0.43669446550416985,1
b03conc,conc2,agg_static@rho0.8,rep1_conc2_agg_static@rho0.8_b03conc,1,agg_static,0.8,next_use,9,7,SimpleCoverageLoad,0.8,0.6307808946171343,1
b03conc,conc2,agg_static@rho0.8,rep1_conc2_agg_static@rho0.8_b03conc,1,agg_static,0.8,next_use,9,9,SimpleCoverageLoad,1.0,1.0,1
b03conc,conc2,agg_static@rho0.8,rep1_conc2_agg_static@rho0.8_b03conc,1,agg_static,0.8,next_use,9,1,DecisionAware,0.1,0.0,1
b03conc,conc2,agg_static@rho0.8,rep1_conc2_agg_static@rho0.8_b03conc,1,agg_static,0.8,next_use,9,2,DecisionAware,0.2,0.04852160727824109,1
b03conc,conc2,agg_static@rho0.8,rep1_conc2_agg_static@rho0.8_b03conc,1,agg_static,0.8,next_use,9,3,DecisionAware,0.3,0.04852160727824109,1
b03conc,conc2,agg_static@rho0.8,rep1_conc2_agg_static@rho0.8_b03conc,1,agg_static,0.8,next_use,9,4,DecisionAware,0.4,0.24260803639120548,1
b03conc,conc2,agg_static@rho0.8,rep1_conc2_agg_static@rho0.8_b03conc,1,agg_static,0.8,next_use,9,4,DecisionAware,0.5,0.24260803639120548,1
b03conc,conc2,agg_static@rho0.8,rep1_conc2_agg_static@rho0.8_b03conc,1,agg_static,0.8,next_use,9,5,DecisionAware,0.6,0.43669446550416985,1
b03conc,conc2,agg_static@rho0.8,rep1_conc2_agg_static@rho0.8_b03conc,1,agg_static,0.8,next_use,9,7,DecisionAware,0.8,0.6307808946171343,1
b03conc,conc2,agg_static@rho0.8,rep1_conc2_agg_static@rho0.8_b03conc,1,agg_static,0.8,next_use,9,9,DecisionAware,1.0,1.0,1
b03conc,conc2,agg_static@rho0.8,rep1_conc2_agg_static@rho0.8_b03conc,1,agg_static,0.8,next_use,9,1,B02Utility,0.1,0.0,1
b03conc,conc2,agg_static@rho0.8,rep1_conc2_agg_static@rho0.8_b03conc,1,agg_static,0.8,next_use,9,2,B02Utility,0.2,0.0,1
b03conc,conc2,agg_static@rho0.8,rep1_conc2_agg_static@rho0.8_b03conc,1,agg_static,0.8,next_use,9,3,B02Utility,0.3,0.19408642911296436,1
b03conc,conc2,agg_static@rho0.8,rep1_conc2_agg_static@rho0.8_b03conc,1,agg_static,0.8,next_use,9,4,B02Utility,0.4,0.38817285822592873,1
b03conc,conc2,agg_static@rho0.8,rep1_conc2_agg_static@rho0.8_b03conc,1,agg_static,0.8,next_use,9,4,B02Utility,0.5,0.38817285822592873,1
b03conc,conc2,agg_static@rho0.8,rep1_conc2_agg_static@rho0.8_b03conc,1,agg_static,0.8,next_use,9,5,B02Utility,0.6,0.43669446550416985,1
b03conc,conc2,agg_static@rho0.8,rep1_conc2_agg_static@rho0.8_b03conc,1,agg_static,0.8,next_use,9,7,B02Utility,0.8,0.8153904473085671,1
b03conc,conc2,agg_static@rho0.8,rep1_conc2_agg_static@rho0.8_b03conc,1,agg_static,0.8,next_use,9,9,B02Utility,1.0,1.0,1
b03conc,conc2,agg_static@rho0.8,rep1_conc2_agg_static@rho0.8_b03conc,1,agg_static,0.8,next_use,9,1,Oracle,0.1,0.19408642911296436,1
b03conc,conc2,agg_static@rho0.8,rep1_conc2_agg_static@rho0.8_b03conc,1,agg_static,0.8,next_use,9,2,Oracle,0.2,0.38817285822592873,1
b03conc,conc2,agg_static@rho0.8,rep1_conc2_agg_static@rho0.8_b03conc,1,agg_static,0.8,next_use,9,3,Oracle,0.3,0.5822592873388931,1
b03conc,conc2,agg_static@rho0.8,rep1_conc2_agg_static@rho0.8_b03conc,1,agg_static,0.8,next_use,9,4,Oracle,0.4,0.7668688400303261,1
b03conc,conc2,agg_static@rho0.8,rep1_conc2_agg_static@rho0.8_b03conc,1,agg_static,0.8,next_use,9,4,Oracle,0.5,0.7668688400303261,1
b03conc,conc2,agg_static@rho0.8,rep1_conc2_agg_static@rho0.8_b03conc,1,agg_static,0.8,next_use,9,5,Oracle,0.6,0.951478392721759,1
b03conc,conc2,agg_static@rho0.8,rep1_conc2_agg_static@rho0.8_b03conc,1,agg_static,0.8,next_use,9,7,Oracle,0.8,1.0,1
b03conc,conc2,agg_static@rho0.8,rep1_conc2_agg_static@rho0.8_b03conc,1,agg_static,0.8,next_use,9,9,Oracle,1.0,1.0,1
b03conc,conc2,agg_static@rho0.8,rep1_conc2_agg_static@rho0.8_b03conc,1,agg_static,0.8,horizon_h4,9,1,Random,0.1,0.12417600000000001,20
b03conc,conc2,agg_static@rho0.8,rep1_conc2_agg_static@rho0.8_b03conc,1,agg_static,0.8,horizon_h4,9,2,Random,0.2,0.234416,20
b03conc,conc2,agg_static@rho0.8,rep1_conc2_agg_static@rho0.8_b03conc,1,agg_static,0.8,horizon_h4,9,3,Random,0.3,0.3508,20
b03conc,conc2,agg_static@rho0.8,rep1_conc2_agg_static@rho0.8_b03conc,1,agg_static,0.8,horizon_h4,9,4,Random,0.4,0.512688,20
b03conc,conc2,agg_static@rho0.8,rep1_conc2_agg_static@rho0.8_b03conc,1,agg_static,0.8,horizon_h4,9,4,Random,0.5,0.512688,20
b03conc,conc2,agg_static@rho0.8,rep1_conc2_agg_static@rho0.8_b03conc,1,agg_static,0.8,horizon_h4,9,5,Random,0.6,0.572528,20
b03conc,conc2,agg_static@rho0.8,rep1_conc2_agg_static@rho0.8_b03conc,1,agg_static,0.8,horizon_h4,9,7,Random,0.8,0.788512,20
b03conc,conc2,agg_static@rho0.8,rep1_conc2_agg_static@rho0.8_b03conc,1,agg_static,0.8,horizon_h4,9,9,Random,1.0,1.0,20
b03conc,conc2,agg_static@rho0.8,rep1_conc2_agg_static@rho0.8_b03conc,1,agg_static,0.8,horizon_h4,9,1,Freshness,0.1,0.0,1
b03conc,conc2,agg_static@rho0.8,rep1_conc2_agg_static@rho0.8_b03conc,1,agg_static,0.8,horizon_h4,9,2,Freshness,0.2,0.16384,1
b03conc,conc2,agg_static@rho0.8,rep1_conc2_agg_static@rho0.8_b03conc,1,agg_static,0.8,horizon_h4,9,3,Freshness,0.3,0.16384,1
b03conc,conc2,agg_static@rho0.8,rep1_conc2_agg_static@rho0.8_b03conc,1,agg_static,0.8,horizon_h4,9,4,Freshness,0.4,0.32768,1
b03conc,conc2,agg_static@rho0.8,rep1_conc2_agg_static@rho0.8_b03conc,1,agg_static,0.8,horizon_h4,9,4,Freshness,0.5,0.32768,1
b03conc,conc2,agg_static@rho0.8,rep1_conc2_agg_static@rho0.8_b03conc,1,agg_static,0.8,horizon_h4,9,5,Freshness,0.6,0.32768,1
b03conc,conc2,agg_static@rho0.8,rep1_conc2_agg_static@rho0.8_b03conc,1,agg_static,0.8,horizon_h4,9,7,Freshness,0.8,0.8032,1
b03conc,conc2,agg_static@rho0.8,rep1_conc2_agg_static@rho0.8_b03conc,1,agg_static,0.8,horizon_h4,9,9,Freshness,1.0,1.0,1
b03conc,conc2,agg_static@rho0.8,rep1_conc2_agg_static@rho0.8_b03conc,1,agg_static,0.8,horizon_h4,9,1,CoverageDelta,0.1,0.0,1
b03conc,conc2,agg_static@rho0.8,rep1_conc2_agg_static@rho0.8_b03conc,1,agg_static,0.8,horizon_h4,9,2,CoverageDelta,0.2,0.04096,1
b03conc,conc2,agg_static@rho0.8,rep1_conc2_agg_static@rho0.8_b03conc,1,agg_static,0.8,horizon_h4,9,3,CoverageDelta,0.3,0.04096,1
b03conc,conc2,agg_static@rho0.8,rep1_conc2_agg_static@rho0.8_b03conc,1,agg_static,0.8,horizon_h4,9,4,CoverageDelta,0.4,0.2048,1
b03conc,conc2,agg_static@rho0.8,rep1_conc2_agg_static@rho0.8_b03conc,1,agg_static,0.8,horizon_h4,9,4,CoverageDelta,0.5,0.2048,1
b03conc,conc2,agg_static@rho0.8,rep1_conc2_agg_static@rho0.8_b03conc,1,agg_static,0.8,horizon_h4,9,5,CoverageDelta,0.6,0.36863999999999997,1
b03conc,conc2,agg_static@rho0.8,rep1_conc2_agg_static@rho0.8_b03conc,1,agg_static,0.8,horizon_h4,9,7,CoverageDelta,0.8,0.68832,1
b03conc,conc2,agg_static@rho0.8,rep1_conc2_agg_static@rho0.8_b03conc,1,agg_static,0.8,horizon_h4,9,9,CoverageDelta,1.0,1.0,1
b03conc,conc2,agg_static@rho0.8,rep1_conc2_agg_static@rho0.8_b03conc,1,agg_static,0.8,horizon_h4,9,1,CoverageAdvantage,0.1,0.0,1
b03conc,conc2,agg_static@rho0.8,rep1_conc2_agg_static@rho0.8_b03conc,1,agg_static,0.8,horizon_h4,9,2,CoverageAdvantage,0.2,0.04096,1
b03conc,conc2,agg_static@rho0.8,rep1_conc2_agg_static@rho0.8_b03conc,1,agg_static,0.8,horizon_h4,9,3,CoverageAdvantage,0.3,0.04096,1
b03conc,conc2,agg_static@rho0.8,rep1_conc2_agg_static@rho0.8_b03conc,1,agg_static,0.8,horizon_h4,9,4,CoverageAdvantage,0.4,0.2048,1
b03conc,conc2,agg_static@rho0.8,rep1_conc2_agg_static@rho0.8_b03conc,1,agg_static,0.8,horizon_h4,9,4,CoverageAdvantage,0.5,0.2048,1
b03conc,conc2,agg_static@rho0.8,rep1_conc2_agg_static@rho0.8_b03conc,1,agg_static,0.8,horizon_h4,9,5,CoverageAdvantage,0.6,0.36863999999999997,1
b03conc,conc2,agg_static@rho0.8,rep1_conc2_agg_static@rho0.8_b03conc,1,agg_static,0.8,horizon_h4,9,7,CoverageAdvantage,0.8,0.68832,1
b03conc,conc2,agg_static@rho0.8,rep1_conc2_agg_static@rho0.8_b03conc,1,agg_static,0.8,horizon_h4,9,9,CoverageAdvantage,1.0,1.0,1
b03conc,conc2,agg_static@rho0.8,rep1_conc2_agg_static@rho0.8_b03conc,1,agg_static,0.8,horizon_h4,9,1,SimpleCoverageLoad,0.1,0.0,1
b03conc,conc2,agg_static@rho0.8,rep1_conc2_agg_static@rho0.8_b03conc,1,agg_static,0.8,horizon_h4,9,2,SimpleCoverageLoad,0.2,0.04096,1
b03conc,conc2,agg_static@rho0.8,rep1_conc2_agg_static@rho0.8_b03conc,1,agg_static,0.8,horizon_h4,9,3,SimpleCoverageLoad,0.3,0.04096,1
b03conc,conc2,agg_static@rho0.8,rep1_conc2_agg_static@rho0.8_b03conc,1,agg_static,0.8,horizon_h4,9,4,SimpleCoverageLoad,0.4,0.2048,1
b03conc,conc2,agg_static@rho0.8,rep1_conc2_agg_static@rho0.8_b03conc,1,agg_static,0.8,horizon_h4,9,4,SimpleCoverageLoad,0.5,0.2048,1
b03conc,conc2,agg_static@rho0.8,rep1_conc2_agg_static@rho0.8_b03conc,1,agg_static,0.8,horizon_h4,9,5,SimpleCoverageLoad,0.6,0.36863999999999997,1
b03conc,conc2,agg_static@rho0.8,rep1_conc2_agg_static@rho0.8_b03conc,1,agg_static,0.8,horizon_h4,9,7,SimpleCoverageLoad,0.8,0.68832,1
b03conc,conc2,agg_static@rho0.8,rep1_conc2_agg_static@rho0.8_b03conc,1,agg_static,0.8,horizon_h4,9,9,SimpleCoverageLoad,1.0,1.0,1
b03conc,conc2,agg_static@rho0.8,rep1_conc2_agg_static@rho0.8_b03conc,1,agg_static,0.8,horizon_h4,9,1,DecisionAware,0.1,0.0,1
b03conc,conc2,agg_static@rho0.8,rep1_conc2_agg_static@rho0.8_b03conc,1,agg_static,0.8,horizon_h4,9,2,DecisionAware,0.2,0.04096,1
b03conc,conc2,agg_static@rho0.8,rep1_conc2_agg_static@rho0.8_b03conc,1,agg_static,0.8,horizon_h4,9,3,DecisionAware,0.3,0.04096,1
b03conc,conc2,agg_static@rho0.8,rep1_conc2_agg_static@rho0.8_b03conc,1,agg_static,0.8,horizon_h4,9,4,DecisionAware,0.4,0.2048,1
b03conc,conc2,agg_static@rho0.8,rep1_conc2_agg_static@rho0.8_b03conc,1,agg_static,0.8,horizon_h4,9,4,DecisionAware,0.5,0.2048,1
b03conc,conc2,agg_static@rho0.8,rep1_conc2_agg_static@rho0.8_b03conc,1,agg_static,0.8,horizon_h4,9,5,DecisionAware,0.6,0.36863999999999997,1
b03conc,conc2,agg_static@rho0.8,rep1_conc2_agg_static@rho0.8_b03conc,1,agg_static,0.8,horizon_h4,9,7,DecisionAware,0.8,0.68832,1
b03conc,conc2,agg_static@rho0.8,rep1_conc2_agg_static@rho0.8_b03conc,1,agg_static,0.8,horizon_h4,9,9,DecisionAware,1.0,1.0,1
b03conc,conc2,agg_static@rho0.8,rep1_conc2_agg_static@rho0.8_b03conc,1,agg_static,0.8,horizon_h4,9,1,B02Utility,0.1,0.0,1
b03conc,conc2,agg_static@rho0.8,rep1_conc2_agg_static@rho0.8_b03conc,1,agg_static,0.8,horizon_h4,9,2,B02Utility,0.2,0.0,1
b03conc,conc2,agg_static@rho0.8,rep1_conc2_agg_static@rho0.8_b03conc,1,agg_static,0.8,horizon_h4,9,3,B02Utility,0.3,0.16384,1
b03conc,conc2,agg_static@rho0.8,rep1_conc2_agg_static@rho0.8_b03conc,1,agg_static,0.8,horizon_h4,9,4,B02Utility,0.4,0.32768,1
b03conc,conc2,agg_static@rho0.8,rep1_conc2_agg_static@rho0.8_b03conc,1,agg_static,0.8,horizon_h4,9,4,B02Utility,0.5,0.32768,1
b03conc,conc2,agg_static@rho0.8,rep1_conc2_agg_static@rho0.8_b03conc,1,agg_static,0.8,horizon_h4,9,5,B02Utility,0.6,0.36863999999999997,1
b03conc,conc2,agg_static@rho0.8,rep1_conc2_agg_static@rho0.8_b03conc,1,agg_static,0.8,horizon_h4,9,7,B02Utility,0.8,0.84416,1
b03conc,conc2,agg_static@rho0.8,rep1_conc2_agg_static@rho0.8_b03conc,1,agg_static,0.8,horizon_h4,9,9,B02Utility,1.0,1.0,1
b03conc,conc2,agg_static@rho0.8,rep1_conc2_agg_static@rho0.8_b03conc,1,agg_static,0.8,horizon_h4,9,1,Oracle,0.1,0.31968,1
b03conc,conc2,agg_static@rho0.8,rep1_conc2_agg_static@rho0.8_b03conc,1,agg_static,0.8,horizon_h4,9,2,Oracle,0.2,0.48352,1
b03conc,conc2,agg_static@rho0.8,rep1_conc2_agg_static@rho0.8_b03conc,1,agg_static,0.8,horizon_h4,9,3,Oracle,0.3,0.64736,1
b03conc,conc2,agg_static@rho0.8,rep1_conc2_agg_static@rho0.8_b03conc,1,agg_static,0.8,horizon_h4,9,4,Oracle,0.4,0.8032,1
b03conc,conc2,agg_static@rho0.8,rep1_conc2_agg_static@rho0.8_b03conc,1,agg_static,0.8,horizon_h4,9,4,Oracle,0.5,0.8032,1
b03conc,conc2,agg_static@rho0.8,rep1_conc2_agg_static@rho0.8_b03conc,1,agg_static,0.8,horizon_h4,9,5,Oracle,0.6,0.95904,1
b03conc,conc2,agg_static@rho0.8,rep1_conc2_agg_static@rho0.8_b03conc,1,agg_static,0.8,horizon_h4,9,7,Oracle,0.8,1.0,1
b03conc,conc2,agg_static@rho0.8,rep1_conc2_agg_static@rho0.8_b03conc,1,agg_static,0.8,horizon_h4,9,9,Oracle,1.0,1.0,1
b03conc,conc4,agg_full@rho0.8,rep0_conc4_agg_full@rho0.8_b03conc,0,agg_full,0.8,next_use,19,2,Random,0.1,0.11381967213114753,20
b03conc,conc4,agg_full@rho0.8,rep0_conc4_agg_full@rho0.8_b03conc,0,agg_full,0.8,next_use,19,4,Random,0.2,0.2218032786885246,20
b03conc,conc4,agg_full@rho0.8,rep0_conc4_agg_full@rho0.8_b03conc,0,agg_full,0.8,next_use,19,6,Random,0.3,0.32768852459016395,20
b03conc,conc4,agg_full@rho0.8,rep0_conc4_agg_full@rho0.8_b03conc,0,agg_full,0.8,next_use,19,8,Random,0.4,0.4520491803278689,20
b03conc,conc4,agg_full@rho0.8,rep0_conc4_agg_full@rho0.8_b03conc,0,agg_full,0.8,next_use,19,10,Random,0.5,0.5188360655737705,20
b03conc,conc4,agg_full@rho0.8,rep0_conc4_agg_full@rho0.8_b03conc,0,agg_full,0.8,next_use,19,11,Random,0.6,0.5797868852459016,20
b03conc,conc4,agg_full@rho0.8,rep0_conc4_agg_full@rho0.8_b03conc,0,agg_full,0.8,next_use,19,15,Random,0.8,0.7907377049180327,20
b03conc,conc4,agg_full@rho0.8,rep0_conc4_agg_full@rho0.8_b03conc,0,agg_full,0.8,next_use,19,19,Random,1.0,1.0,20
b03conc,conc4,agg_full@rho0.8,rep0_conc4_agg_full@rho0.8_b03conc,0,agg_full,0.8,next_use,19,2,Freshness,0.1,0.15967213114754097,1
b03conc,conc4,agg_full@rho0.8,rep0_conc4_agg_full@rho0.8_b03conc,0,agg_full,0.8,next_use,19,4,Freshness,0.2,0.15967213114754097,1
b03conc,conc4,agg_full@rho0.8,rep0_conc4_agg_full@rho0.8_b03conc,0,agg_full,0.8,next_use,19,6,Freshness,0.3,0.31934426229508195,1
b03conc,conc4,agg_full@rho0.8,rep0_conc4_agg_full@rho0.8_b03conc,0,agg_full,0.8,next_use,19,8,Freshness,0.4,0.6304918032786886,1
b03conc,conc4,agg_full@rho0.8,rep0_conc4_agg_full@rho0.8_b03conc,0,agg_full,0.8,next_use,19,10,Freshness,0.5,0.798360655737705,1
b03conc,conc4,agg_full@rho0.8,rep0_conc4_agg_full@rho0.8_b03conc,0,agg_full,0.8,next_use,19,11,Freshness,0.6,0.798360655737705,1
b03conc,conc4,agg_full@rho0.8,rep0_conc4_agg_full@rho0.8_b03conc,0,agg_full,0.8,next_use,19,15,Freshness,0.8,0.8740983606557378,1
b03conc,conc4,agg_full@rho0.8,rep0_conc4_agg_full@rho0.8_b03conc,0,agg_full,0.8,next_use,19,19,Freshness,1.0,1.0,1
b03conc,conc4,agg_full@rho0.8,rep0_conc4_agg_full@rho0.8_b03conc,0,agg_full,0.8,next_use,19,2,CoverageDelta,0.1,0.0,1
b03conc,conc4,agg_full@rho0.8,rep0_conc4_agg_full@rho0.8_b03conc,0,agg_full,0.8,next_use,19,4,CoverageDelta,0.2,0.0419672131147541,1
b03conc,conc4,agg_full@rho0.8,rep0_conc4_agg_full@rho0.8_b03conc,0,agg_full,0.8,next_use,19,6,CoverageDelta,0.3,0.2016393442622951,1
b03conc,conc4,agg_full@rho0.8,rep0_conc4_agg_full@rho0.8_b03conc,0,agg_full,0.8,next_use,19,8,CoverageDelta,0.4,0.36131147540983605,1
b03conc,conc4,agg_full@rho0.8,rep0_conc4_agg_full@rho0.8_b03conc,0,agg_full,0.8,next_use,19,10,CoverageDelta,0.5,0.6724590163934426,1
b03conc,conc4,agg_full@rho0.8,rep0_conc4_agg_full@rho0.8_b03conc,0,agg_full,0.8,next_use,19,11,CoverageDelta,0.6,0.840327868852459,1
b03conc,conc4,agg_full@rho0.8,rep0_conc4_agg_full@rho0.8_b03conc,0,agg_full,0.8,next_use,19,15,CoverageDelta,0.8,0.9160655737704918,1
b03conc,conc4,agg_full@rho0.8,rep0_conc4_agg_full@rho0.8_b03conc,0,agg_full,0.8,next_use,19,19,CoverageDelta,1.0,1.0,1
b03conc,conc4,agg_full@rho0.8,rep0_conc4_agg_full@rho0.8_b03conc,0,agg_full,0.8,next_use,19,2,CoverageAdvantage,0.1,0.0,1
b03conc,conc4,agg_full@rho0.8,rep0_conc4_agg_full@rho0.8_b03conc,0,agg_full,0.8,next_use,19,4,CoverageAdvantage,0.2,0.0419672131147541,1
b03conc,conc4,agg_full@rho0.8,rep0_conc4_agg_full@rho0.8_b03conc,0,agg_full,0.8,next_use,19,6,CoverageAdvantage,0.3,0.2016393442622951,1
b03conc,conc4,agg_full@rho0.8,rep0_conc4_agg_full@rho0.8_b03conc,0,agg_full,0.8,next_use,19,8,CoverageAdvantage,0.4,0.36131147540983605,1
b03conc,conc4,agg_full@rho0.8,rep0_conc4_agg_full@rho0.8_b03conc,0,agg_full,0.8,next_use,19,10,CoverageAdvantage,0.5,0.6724590163934426,1
b03conc,conc4,agg_full@rho0.8,rep0_conc4_agg_full@rho0.8_b03conc,0,agg_full,0.8,next_use,19,11,CoverageAdvantage,0.6,0.840327868852459,1
b03conc,conc4,agg_full@rho0.8,rep0_conc4_agg_full@rho0.8_b03conc,0,agg_full,0.8,next_use,19,15,CoverageAdvantage,0.8,0.9242622950819672,1
b03conc,conc4,agg_full@rho0.8,rep0_conc4_agg_full@rho0.8_b03conc,0,agg_full,0.8,next_use,19,19,CoverageAdvantage,1.0,1.0,1
b03conc,conc4,agg_full@rho0.8,rep0_conc4_agg_full@rho0.8_b03conc,0,agg_full,0.8,next_use,19,2,SimpleCoverageLoad,0.1,0.0,1
b03conc,conc4,agg_full@rho0.8,rep0_conc4_agg_full@rho0.8_b03conc,0,agg_full,0.8,next_use,19,4,SimpleCoverageLoad,0.2,0.0419672131147541,1
b03conc,conc4,agg_full@rho0.8,rep0_conc4_agg_full@rho0.8_b03conc,0,agg_full,0.8,next_use,19,6,SimpleCoverageLoad,0.3,0.2016393442622951,1
b03conc,conc4,agg_full@rho0.8,rep0_conc4_agg_full@rho0.8_b03conc,0,agg_full,0.8,next_use,19,8,SimpleCoverageLoad,0.4,0.36131147540983605,1
b03conc,conc4,agg_full@rho0.8,rep0_conc4_agg_full@rho0.8_b03conc,0,agg_full,0.8,next_use,19,10,SimpleCoverageLoad,0.5,0.6724590163934426,1
b03conc,conc4,agg_full@rho0.8,rep0_conc4_agg_full@rho0.8_b03conc,0,agg_full,0.8,next_use,19,11,SimpleCoverageLoad,0.6,0.6724590163934426,1
b03conc,conc4,agg_full@rho0.8,rep0_conc4_agg_full@rho0.8_b03conc,0,agg_full,0.8,next_use,19,15,SimpleCoverageLoad,0.8,0.9242622950819672,1
b03conc,conc4,agg_full@rho0.8,rep0_conc4_agg_full@rho0.8_b03conc,0,agg_full,0.8,next_use,19,19,SimpleCoverageLoad,1.0,1.0,1
b03conc,conc4,agg_full@rho0.8,rep0_conc4_agg_full@rho0.8_b03conc,0,agg_full,0.8,next_use,19,2,DecisionAware,0.1,0.0,1
b03conc,conc4,agg_full@rho0.8,rep0_conc4_agg_full@rho0.8_b03conc,0,agg_full,0.8,next_use,19,4,DecisionAware,0.2,0.0419672131147541,1
b03conc,conc4,agg_full@rho0.8,rep0_conc4_agg_full@rho0.8_b03conc,0,agg_full,0.8,next_use,19,6,DecisionAware,0.3,0.2016393442622951,1
b03conc,conc4,agg_full@rho0.8,rep0_conc4_agg_full@rho0.8_b03conc,0,agg_full,0.8,next_use,19,8,DecisionAware,0.4,0.36131147540983605,1
b03conc,conc4,agg_full@rho0.8,rep0_conc4_agg_full@rho0.8_b03conc,0,agg_full,0.8,next_use,19,10,DecisionAware,0.5,0.6724590163934426,1
b03conc,conc4,agg_full@rho0.8,rep0_conc4_agg_full@rho0.8_b03conc,0,agg_full,0.8,next_use,19,11,DecisionAware,0.6,0.6724590163934426,1
b03conc,conc4,agg_full@rho0.8,rep0_conc4_agg_full@rho0.8_b03conc,0,agg_full,0.8,next_use,19,15,DecisionAware,0.8,0.9242622950819672,1
b03conc,conc4,agg_full@rho0.8,rep0_conc4_agg_full@rho0.8_b03conc,0,agg_full,0.8,next_use,19,19,DecisionAware,1.0,1.0,1
b03conc,conc4,agg_full@rho0.8,rep0_conc4_agg_full@rho0.8_b03conc,0,agg_full,0.8,next_use,19,2,B02Utility,0.1,0.0,1
b03conc,conc4,agg_full@rho0.8,rep0_conc4_agg_full@rho0.8_b03conc,0,agg_full,0.8,next_use,19,4,B02Utility,0.2,0.033770491803278686,1
b03conc,conc4,agg_full@rho0.8,rep0_conc4_agg_full@rho0.8_b03conc,0,agg_full,0.8,next_use,19,6,B02Utility,0.3,0.19344262295081968,1
b03conc,conc4,agg_full@rho0.8,rep0_conc4_agg_full@rho0.8_b03conc,0,agg_full,0.8,next_use,19,8,B02Utility,0.4,0.19344262295081968,1
b03conc,conc4,agg_full@rho0.8,rep0_conc4_agg_full@rho0.8_b03conc,0,agg_full,0.8,next_use,19,10,B02Utility,0.5,0.5127868852459017,1
b03conc,conc4,agg_full@rho0.8,rep0_conc4_agg_full@rho0.8_b03conc,0,agg_full,0.8,next_use,19,11,B02Utility,0.6,0.6642622950819672,1
b03conc,conc4,agg_full@rho0.8,rep0_conc4_agg_full@rho0.8_b03conc,0,agg_full,0.8,next_use,19,15,B02Utility,0.8,0.9160655737704918,1
b03conc,conc4,agg_full@rho0.8,rep0_conc4_agg_full@rho0.8_b03conc,0,agg_full,0.8,next_use,19,19,B02Utility,1.0,1.0,1
b03conc,conc4,agg_full@rho0.8,rep0_conc4_agg_full@rho0.8_b03conc,0,agg_full,0.8,next_use,19,2,Oracle,0.1,0.32754098360655737,1
b03conc,conc4,agg_full@rho0.8,rep0_conc4_agg_full@rho0.8_b03conc,0,agg_full,0.8,next_use,19,4,Oracle,0.2,0.6468852459016393,1
b03conc,conc4,agg_full@rho0.8,rep0_conc4_agg_full@rho0.8_b03conc,0,agg_full,0.8,next_use,19,6,Oracle,0.3,0.840327868852459,1
b03conc,conc4,agg_full@rho0.8,rep0_conc4_agg_full@rho0.8_b03conc,0,agg_full,0.8,next_use,19,8,Oracle,0.4,0.9242622950819672,1
b03conc,conc4,agg_full@rho0.8,rep0_conc4_agg_full@rho0.8_b03conc,0,agg_full,0.8,next_use,19,10,Oracle,0.5,1.0,1
b03conc,conc4,agg_full@rho0.8,rep0_conc4_agg_full@rho0.8_b03conc,0,agg_full,0.8,next_use,19,11,Oracle,0.6,1.0,1
b03conc,conc4,agg_full@rho0.8,rep0_conc4_agg_full@rho0.8_b03conc,0,agg_full,0.8,next_use,19,15,Oracle,0.8,1.0,1
b03conc,conc4,agg_full@rho0.8,rep0_conc4_agg_full@rho0.8_b03conc,0,agg_full,0.8,next_use,19,19,Oracle,1.0,1.0,1
b03conc,conc4,agg_full@rho0.8,rep0_conc4_agg_full@rho0.8_b03conc,0,agg_full,0.8,horizon_h4,19,2,Random,0.1,0.11821080270067517,20
b03conc,conc4,agg_full@rho0.8,rep0_conc4_agg_full@rho0.8_b03conc,0,agg_full,0.8,horizon_h4,19,4,Random,0.2,0.22014253563390848,20
b03conc,conc4,agg_full@rho0.8,rep0_conc4_agg_full@rho0.8_b03conc,0,agg_full,0.8,horizon_h4,19,6,Random,0.3,0.3316766691672918,20
b03conc,conc4,agg_full@rho0.8,rep0_conc4_agg_full@rho0.8_b03conc,0,agg_full,0.8,horizon_h4,19,8,Random,0.4,0.45954613653413356,20
b03conc,conc4,agg_full@rho0.8,rep0_conc4_agg_full@rho0.8_b03conc,0,agg_full,0.8,horizon_h4,19,10,Random,0.5,0.5239497374343586,20
b03conc,conc4,agg_full@rho0.8,rep0_conc4_agg_full@rho0.8_b03conc,0,agg_full,0.8,horizon_h4,19,11,Random,0.6,0.5816766691672919,20
b03conc,conc4,agg_full@rho0.8,rep0_conc4_agg_full@rho0.8_b03conc,0,agg_full,0.8,horizon_h4,19,15,Random,0.8,0.7822018004501126,20
b03conc,conc4,agg_full@rho0.8,rep0_conc4_agg_full@rho0.8_b03conc,0,agg_full,0.8,horizon_h4,19,19,Random,1.0,1.0,20
b03conc,conc4,agg_full@rho0.8,rep0_conc4_agg_full@rho0.8_b03conc,0,agg_full,0.8,horizon_h4,19,2,Freshness,0.1,0.18267066766691673,1
b03conc,conc4,agg_full@rho0.8,rep0_conc4_agg_full@rho0.8_b03conc,0,agg_full,0.8,horizon_h4,19,4,Freshness,0.2,0.18267066766691673,1
b03conc,conc4,agg_full@rho0.8,rep0_conc4_agg_full@rho0.8_b03conc,0,agg_full,0.8,horizon_h4,19,6,Freshness,0.3,0.36534133533383345,1
b03conc,conc4,agg_full@rho0.8,rep0_conc4_agg_full@rho0.8_b03conc,0,agg_full,0.8,horizon_h4,19,8,Freshness,0.4,0.721305326331583,1
b03conc,conc4,agg_full@rho0.8,rep0_conc4_agg_full@rho0.8_b03conc,0,agg_full,0.8,horizon_h4,19,10,Freshness,0.5,0.9133533383345837,1
b03conc,conc4,agg_full@rho0.8,rep0_conc4_agg_full@rho0.8_b03conc,0,agg_full,0.8,horizon_h4,19,11,Freshness,0.6,0.9133533383345837,1
b03conc,conc4,agg_full@rho0.8,rep0_conc4_agg_full@rho0.8_b03conc,0,agg_full,0.8,horizon_h4,19,15,Freshness,0.8,1.0,1
b03conc,conc4,agg_full@rho0.8,rep0_conc4_agg_full@rho0.8_b03conc,0,agg_full,0.8,horizon_h4,19,19,Freshness,1.0,1.0,1
b03conc,conc4,agg_full@rho0.8,rep0_conc4_agg_full@rho0.8_b03conc,0,agg_full,0.8,horizon_h4,19,2,CoverageDelta,0.1,0.0,1
b03conc,conc4,agg_full@rho0.8,rep0_conc4_agg_full@rho0.8_b03conc,0,agg_full,0.8,horizon_h4,19,4,CoverageDelta,0.2,0.04801200300075019,1
b03conc,conc4,agg_full@rho0.8,rep0_conc4_agg_full@rho0.8_b03conc,0,agg_full,0.8,horizon_h4,19,6,CoverageDelta,0.3,0.23068267066766693,1
b03conc,conc4,agg_full@rho0.8,rep0_conc4_agg_full@rho0.8_b03conc,0,agg_full,0.8,horizon_h4,19,8,CoverageDelta,0.4,0.41335333833458365,1
b03conc,conc4,agg_full@rho0.8,rep0_conc4_agg_full@rho0.8_b03conc,0,agg_full,0.8,horizon_h4,19,10,CoverageDelta,0.5,0.7693173293323331,1
b03conc,conc4,agg_full@rho0.8,rep0_conc4_agg_full@rho0.8_b03conc,0,agg_full,0.8,horizon_h4,19,11,CoverageDelta,0.6,0.9613653413353338,1
b03conc,conc4,agg_full@rho0.8,rep0_conc4_agg_full@rho0.8_b03conc,0,agg_full,0.8,horizon_h4,19,15,CoverageDelta,0.8,1.0,1
b03conc,conc4,agg_full@rho0.8,rep0_conc4_agg_full@rho0.8_b03conc,0,agg_full,0.8,horizon_h4,19,19,CoverageDelta,1.0,1.0,1
b03conc,conc4,agg_full@rho0.8,rep0_conc4_agg_full@rho0.8_b03conc,0,agg_full,0.8,horizon_h4,19,2,CoverageAdvantage,0.1,0.0,1
b03conc,conc4,agg_full@rho0.8,rep0_conc4_agg_full@rho0.8_b03conc,0,agg_full,0.8,horizon_h4,19,4,CoverageAdvantage,0.2,0.04801200300075019,1
b03conc,conc4,agg_full@rho0.8,rep0_conc4_agg_full@rho0.8_b03conc,0,agg_full,0.8,horizon_h4,19,6,CoverageAdvantage,0.3,0.23068267066766693,1
b03conc,conc4,agg_full@rho0.8,rep0_conc4_agg_full@rho0.8_b03conc,0,agg_full,0.8,horizon_h4,19,8,CoverageAdvantage,0.4,0.41335333833458365,1
b03conc,conc4,agg_full@rho0.8,rep0_conc4_agg_full@rho0.8_b03conc,0,agg_full,0.8,horizon_h4,19,10,CoverageAdvantage,0.5,0.7693173293323331,1
b03conc,conc4,agg_full@rho0.8,rep0_conc4_agg_full@rho0.8_b03conc,0,agg_full,0.8,horizon_h4,19,11,CoverageAdvantage,0.6,0.9613653413353338,1
b03conc,conc4,agg_full@rho0.8,rep0_conc4_agg_full@rho0.8_b03conc,0,agg_full,0.8,horizon_h4,19,15,CoverageAdvantage,0.8,0.9613653413353338,1
b03conc,conc4,agg_full@rho0.8,rep0_conc4_agg_full@rho0.8_b03conc,0,agg_full,0.8,horizon_h4,19,19,CoverageAdvantage,1.0,1.0,1
b03conc,conc4,agg_full@rho0.8,rep0_conc4_agg_full@rho0.8_b03conc,0,agg_full,0.8,horizon_h4,19,2,SimpleCoverageLoad,0.1,0.0,1
b03conc,conc4,agg_full@rho0.8,rep0_conc4_agg_full@rho0.8_b03conc,0,agg_full,0.8,horizon_h4,19,4,SimpleCoverageLoad,0.2,0.04801200300075019,1
b03conc,conc4,agg_full@rho0.8,rep0_conc4_agg_full@rho0.8_b03conc,0,agg_full,0.8,horizon_h4,19,6,SimpleCoverageLoad,0.3,0.23068267066766693,1
b03conc,conc4,agg_full@rho0.8,rep0_conc4_agg_full@rho0.8_b03conc,0,agg_full,0.8,horizon_h4,19,8,SimpleCoverageLoad,0.4,0.41335333833458365,1
b03conc,conc4,agg_full@rho0.8,rep0_conc4_agg_full@rho0.8_b03conc,0,agg_full,0.8,horizon_h4,19,10,SimpleCoverageLoad,0.5,0.7693173293323331,1
b03conc,conc4,agg_full@rho0.8,rep0_conc4_agg_full@rho0.8_b03conc,0,agg_full,0.8,horizon_h4,19,11,SimpleCoverageLoad,0.6,0.7693173293323331,1
b03conc,conc4,agg_full@rho0.8,rep0_conc4_agg_full@rho0.8_b03conc,0,agg_full,0.8,horizon_h4,19,15,SimpleCoverageLoad,0.8,0.9613653413353338,1
b03conc,conc4,agg_full@rho0.8,rep0_conc4_agg_full@rho0.8_b03conc,0,agg_full,0.8,horizon_h4,19,19,SimpleCoverageLoad,1.0,1.0,1
b03conc,conc4,agg_full@rho0.8,rep0_conc4_agg_full@rho0.8_b03conc,0,agg_full,0.8,horizon_h4,19,2,DecisionAware,0.1,0.0,1
b03conc,conc4,agg_full@rho0.8,rep0_conc4_agg_full@rho0.8_b03conc,0,agg_full,0.8,horizon_h4,19,4,DecisionAware,0.2,0.04801200300075019,1
b03conc,conc4,agg_full@rho0.8,rep0_conc4_agg_full@rho0.8_b03conc,0,agg_full,0.8,horizon_h4,19,6,DecisionAware,0.3,0.23068267066766693,1
b03conc,conc4,agg_full@rho0.8,rep0_conc4_agg_full@rho0.8_b03conc,0,agg_full,0.8,horizon_h4,19,8,DecisionAware,0.4,0.41335333833458365,1
b03conc,conc4,agg_full@rho0.8,rep0_conc4_agg_full@rho0.8_b03conc,0,agg_full,0.8,horizon_h4,19,10,DecisionAware,0.5,0.7693173293323331,1
b03conc,conc4,agg_full@rho0.8,rep0_conc4_agg_full@rho0.8_b03conc,0,agg_full,0.8,horizon_h4,19,11,DecisionAware,0.6,0.7693173293323331,1
b03conc,conc4,agg_full@rho0.8,rep0_conc4_agg_full@rho0.8_b03conc,0,agg_full,0.8,horizon_h4,19,15,DecisionAware,0.8,0.9613653413353338,1
b03conc,conc4,agg_full@rho0.8,rep0_conc4_agg_full@rho0.8_b03conc,0,agg_full,0.8,horizon_h4,19,19,DecisionAware,1.0,1.0,1
b03conc,conc4,agg_full@rho0.8,rep0_conc4_agg_full@rho0.8_b03conc,0,agg_full,0.8,horizon_h4,19,2,B02Utility,0.1,0.0,1
b03conc,conc4,agg_full@rho0.8,rep0_conc4_agg_full@rho0.8_b03conc,0,agg_full,0.8,horizon_h4,19,4,B02Utility,0.2,0.038634658664666165,1
b03conc,conc4,agg_full@rho0.8,rep0_conc4_agg_full@rho0.8_b03conc,0,agg_full,0.8,horizon_h4,19,6,B02Utility,0.3,0.2213053263315829,1
b03conc,conc4,agg_full@rho0.8,rep0_conc4_agg_full@rho0.8_b03conc,0,agg_full,0.8,horizon_h4,19,8,B02Utility,0.4,0.2213053263315829,1
b03conc,conc4,agg_full@rho0.8,rep0_conc4_agg_full@rho0.8_b03conc,0,agg_full,0.8,horizon_h4,19,10,B02Utility,0.5,0.5866466616654163,1
b03conc,conc4,agg_full@rho0.8,rep0_conc4_agg_full@rho0.8_b03conc,0,agg_full,0.8,horizon_h4,19,11,B02Utility,0.6,0.7599399849962492,1
b03conc,conc4,agg_full@rho0.8,rep0_conc4_agg_full@rho0.8_b03conc,0,agg_full,0.8,horizon_h4,19,15,B02Utility,0.8,0.9519879969992497,1
b03conc,conc4,agg_full@rho0.8,rep0_conc4_agg_full@rho0.8_b03conc,0,agg_full,0.8,horizon_h4,19,19,B02Utility,1.0,1.0,1
b03conc,conc4,agg_full@rho0.8,rep0_conc4_agg_full@rho0.8_b03conc,0,agg_full,0.8,horizon_h4,19,2,Oracle,0.1,0.3747186796699175,1
b03conc,conc4,agg_full@rho0.8,rep0_conc4_agg_full@rho0.8_b03conc,0,agg_full,0.8,horizon_h4,19,4,Oracle,0.2,0.740060015003751,1
b03conc,conc4,agg_full@rho0.8,rep0_conc4_agg_full@rho0.8_b03conc,0,agg_full,0.8,horizon_h4,19,6,Oracle,0.3,0.9613653413353338,1
b03conc,conc4,agg_full@rho0.8,rep0_conc4_agg_full@rho0.8_b03conc,0,agg_full,0.8,horizon_h4,19,8,Oracle,0.4,1.0,1
b03conc,conc4,agg_full@rho0.8,rep0_conc4_agg_full@rho0.8_b03conc,0,agg_full,0.8,horizon_h4,19,10,Oracle,0.5,1.0,1
b03conc,conc4,agg_full@rho0.8,rep0_conc4_agg_full@rho0.8_b03conc,0,agg_full,0.8,horizon_h4,19,11,Oracle,0.6,1.0,1
b03conc,conc4,agg_full@rho0.8,rep0_conc4_agg_full@rho0.8_b03conc,0,agg_full,0.8,horizon_h4,19,15,Oracle,0.8,1.0,1
b03conc,conc4,agg_full@rho0.8,rep0_conc4_agg_full@rho0.8_b03conc,0,agg_full,0.8,horizon_h4,19,19,Oracle,1.0,1.0,1
b03conc,conc4,agg_static@rho0.8,rep0_conc4_agg_static@rho0.8_b03conc,0,agg_static,0.8,next_use,13,1,Random,0.1,0.09094510469722693,20
b03conc,conc4,agg_static@rho0.8,rep0_conc4_agg_static@rho0.8_b03conc,0,agg_static,0.8,next_use,13,3,Random,0.2,0.23696943972835313,20
b03conc,conc4,agg_static@rho0.8,rep0_conc4_agg_static@rho0.8_b03conc,0,agg_static,0.8,next_use,13,4,Random,0.3,0.31996321448783244,20
b03conc,conc4,agg_static@rho0.8,rep0_conc4_agg_static@rho0.8_b03conc,0,agg_static,0.8,next_use,13,5,Random,0.4,0.4192558007923033,20
b03conc,conc4,agg_static@rho0.8,rep0_conc4_agg_static@rho0.8_b03conc,0,agg_static,0.8,next_use,13,6,Random,0.5,0.5090973401245048,20
b03conc,conc4,agg_static@rho0.8,rep0_conc4_agg_static@rho0.8_b03conc,0,agg_static,0.8,next_use,13,8,Random,0.6,0.6090973401245048,20
b03conc,conc4,agg_static@rho0.8,rep0_conc4_agg_static@rho0.8_b03conc,0,agg_static,0.8,next_use,13,10,Random,0.8,0.7489388794567062,20
b03conc,conc4,agg_static@rho0.8,rep0_conc4_agg_static@rho0.8_b03conc,0,agg_static,0.8,next_use,13,13,Random,1.0,1.0,20
b03conc,conc4,agg_static@rho0.8,rep0_conc4_agg_static@rho0.8_b03conc,0,agg_static,0.8,next_use,13,1,Freshness,0.1,0.0,1
b03conc,conc4,agg_static@rho0.8,rep0_conc4_agg_static@rho0.8_b03conc,0,agg_static,0.8,next_use,13,3,Freshness,0.2,0.13780418788907753,1
b03conc,conc4,agg_static@rho0.8,rep0_conc4_agg_static@rho0.8_b03conc,0,agg_static,0.8,next_use,13,4,Freshness,0.3,0.27560837577815506,1
b03conc,conc4,agg_static@rho0.8,rep0_conc4_agg_static@rho0.8_b03conc,0,agg_static,0.8,next_use,13,5,Freshness,0.4,0.41341256366723256,1
b03conc,conc4,agg_static@rho0.8,rep0_conc4_agg_static@rho0.8_b03conc,0,agg_static,0.8,next_use,13,6,Freshness,0.5,0.5582908885116016,1
b03conc,conc4,agg_static@rho0.8,rep0_conc4_agg_static@rho0.8_b03conc,0,agg_static,0.8,next_use,13,8,Freshness,0.6,0.7464629315223542,1
b03conc,conc4,agg_static@rho0.8,rep0_conc4_agg_static@rho0.8_b03conc,0,agg_static,0.8,next_use,13,10,Freshness,0.8,0.8913412563667231,1
b03conc,conc4,agg_static@rho0.8,rep0_conc4_agg_static@rho0.8_b03conc,0,agg_static,0.8,next_use,13,13,Freshness,1.0,1.0,1
b03conc,conc4,agg_static@rho0.8,rep0_conc4_agg_static@rho0.8_b03conc,0,agg_static,0.8,next_use,13,1,CoverageDelta,0.1,0.0432937181663837,1
b03conc,conc4,agg_static@rho0.8,rep0_conc4_agg_static@rho0.8_b03conc,0,agg_static,0.8,next_use,13,3,CoverageDelta,0.2,0.18109790605546122,1
b03conc,conc4,agg_static@rho0.8,rep0_conc4_agg_static@rho0.8_b03conc,0,agg_static,0.8,next_use,13,4,CoverageDelta,0.3,0.18109790605546122,1
b03conc,conc4,agg_static@rho0.8,rep0_conc4_agg_static@rho0.8_b03conc,0,agg_static,0.8,next_use,13,5,CoverageDelta,0.4,0.3189020939445387,1
b03conc,conc4,agg_static@rho0.8,rep0_conc4_agg_static@rho0.8_b03conc,0,agg_static,0.8,next_use,13,6,CoverageDelta,0.5,0.4567062818336163,1
b03conc,conc4,agg_static@rho0.8,rep0_conc4_agg_static@rho0.8_b03conc,0,agg_static,0.8,next_use,13,8,CoverageDelta,0.6,0.7464629315223542,1
b03conc,conc4,agg_static@rho0.8,rep0_conc4_agg_static@rho0.8_b03conc,0,agg_static,0.8,next_use,13,10,CoverageDelta,0.8,0.9637804187889077,1
b03conc,conc4,agg_static@rho0.8,rep0_conc4_agg_static@rho0.8_b03conc,0,agg_static,0.8,next_use,13,13,CoverageDelta,1.0,1.0,1
b03conc,conc4,agg_static@rho0.8,rep0_conc4_agg_static@rho0.8_b03conc,0,agg_static,0.8,next_use,13,1,CoverageAdvantage,0.1,0.0,1
b03conc,conc4,agg_static@rho0.8,rep0_conc4_agg_static@rho0.8_b03conc,0,agg_static,0.8,next_use,13,3,CoverageAdvantage,0.2,0.0432937181663837,1
b03conc,conc4,agg_static@rho0.8,rep0_conc4_agg_static@rho0.8_b03conc,0,agg_static,0.8,next_use,13,4,CoverageAdvantage,0.3,0.18109790605546122,1
b03conc,conc4,agg_static@rho0.8,rep0_conc4_agg_static@rho0.8_b03conc,0,agg_static,0.8,next_use,13,5,CoverageAdvantage,0.4,0.18109790605546122,1
b03conc,conc4,agg_static@rho0.8,rep0_conc4_agg_static@rho0.8_b03conc,0,agg_static,0.8,next_use,13,6,CoverageAdvantage,0.5,0.3189020939445387,1
b03conc,conc4,agg_static@rho0.8,rep0_conc4_agg_static@rho0.8_b03conc,0,agg_static,0.8,next_use,13,8,CoverageAdvantage,0.6,0.6015846066779853,1
b03conc,conc4,agg_static@rho0.8,rep0_conc4_agg_static@rho0.8_b03conc,0,agg_static,0.8,next_use,13,10,CoverageAdvantage,0.8,0.7464629315223542,1
b03conc,conc4,agg_static@rho0.8,rep0_conc4_agg_static@rho0.8_b03conc,0,agg_static,0.8,next_use,13,13,CoverageAdvantage,1.0,1.0,1
b03conc,conc4,agg_static@rho0.8,rep0_conc4_agg_static@rho0.8_b03conc,0,agg_static,0.8,next_use,13,1,SimpleCoverageLoad,0.1,0.0,1
b03conc,conc4,agg_static@rho0.8,rep0_conc4_agg_static@rho0.8_b03conc,0,agg_static,0.8,next_use,13,3,SimpleCoverageLoad,0.2,0.0432937181663837,1
b03conc,conc4,agg_static@rho0.8,rep0_conc4_agg_static@rho0.8_b03conc,0,agg_static,0.8,next_use,13,4,SimpleCoverageLoad,0.3,0.18109790605546122,1
b03conc,conc4,agg_static@rho0.8,rep0_conc4_agg_static@rho0.8_b03conc,0,agg_static,0.8,next_use,13,5,SimpleCoverageLoad,0.4,0.18109790605546122,1
b03conc,conc4,agg_static@rho0.8,rep0_conc4_agg_static@rho0.8_b03conc,0,agg_static,0.8,next_use,13,6,SimpleCoverageLoad,0.5,0.3189020939445387,1
b03conc,conc4,agg_static@rho0.8,rep0_conc4_agg_static@rho0.8_b03conc,0,agg_static,0.8,next_use,13,8,SimpleCoverageLoad,0.6,0.6015846066779853,1
b03conc,conc4,agg_static@rho0.8,rep0_conc4_agg_static@rho0.8_b03conc,0,agg_static,0.8,next_use,13,10,SimpleCoverageLoad,0.8,0.7464629315223542,1
b03conc,conc4,agg_static@rho0.8,rep0_conc4_agg_static@rho0.8_b03conc,0,agg_static,0.8,next_use,13,13,SimpleCoverageLoad,1.0,1.0,1
b03conc,conc4,agg_static@rho0.8,rep0_conc4_agg_static@rho0.8_b03conc,0,agg_static,0.8,next_use,13,1,DecisionAware,0.1,0.0,1
b03conc,conc4,agg_static@rho0.8,rep0_conc4_agg_static@rho0.8_b03conc,0,agg_static,0.8,next_use,13,3,DecisionAware,0.2,0.0432937181663837,1
b03conc,conc4,agg_static@rho0.8,rep0_conc4_agg_static@rho0.8_b03conc,0,agg_static,0.8,next_use,13,4,DecisionAware,0.3,0.0432937181663837,1
b03conc,conc4,agg_static@rho0.8,rep0_conc4_agg_static@rho0.8_b03conc,0,agg_static,0.8,next_use,13,5,DecisionAware,0.4,0.0432937181663837,1
b03conc,conc4,agg_static@rho0.8,rep0_conc4_agg_static@rho0.8_b03conc,0,agg_static,0.8,next_use,13,6,DecisionAware,0.5,0.18109790605546122,1
b03conc,conc4,agg_static@rho0.8,rep0_conc4_agg_static@rho0.8_b03conc,0,agg_static,0.8,next_use,13,8,DecisionAware,0.6,0.4567062818336163,1
b03conc,conc4,agg_static@rho0.8,rep0_conc4_agg_static@rho0.8_b03conc,0,agg_static,0.8,next_use,13,10,DecisionAware,0.8,0.7464629315223542,1
b03conc,conc4,agg_static@rho0.8,rep0_conc4_agg_static@rho0.8_b03conc,0,agg_static,0.8,next_use,13,13,DecisionAware,1.0,1.0,1
b03conc,conc4,agg_static@rho0.8,rep0_conc4_agg_static@rho0.8_b03conc,0,agg_static,0.8,next_use,13,1,B02Utility,0.1,0.0,1
b03conc,conc4,agg_static@rho0.8,rep0_conc4_agg_static@rho0.8_b03conc,0,agg_static,0.8,next_use,13,3,B02Utility,0.2,0.13780418788907753,1
b03conc,conc4,agg_static@rho0.8,rep0_conc4_agg_static@rho0.8_b03conc,0,agg_static,0.8,next_use,13,4,B02Utility,0.3,0.13780418788907753,1
b03conc,conc4,agg_static@rho0.8,rep0_conc4_agg_static@rho0.8_b03conc,0,agg_static,0.8,next_use,13,5,B02Utility,0.4,0.27560837577815506,1
b03conc,conc4,agg_static@rho0.8,rep0_conc4_agg_static@rho0.8_b03conc,0,agg_static,0.8,next_use,13,6,B02Utility,0.5,0.41341256366723256,1
b03conc,conc4,agg_static@rho0.8,rep0_conc4_agg_static@rho0.8_b03conc,0,agg_static,0.8,next_use,13,8,B02Utility,0.6,0.630730050933786,1
b03conc,conc4,agg_static@rho0.8,rep0_conc4_agg_static@rho0.8_b03conc,0,agg_static,0.8,next_use,13,10,B02Utility,0.8,0.8189020939445387,1
b03conc,conc4,agg_static@rho0.8,rep0_conc4_agg_static@rho0.8_b03conc,0,agg_static,0.8,next_use,13,13,B02Utility,1.0,1.0,1
b03conc,conc4,agg_static@rho0.8,rep0_conc4_agg_static@rho0.8_b03conc,0,agg_static,0.8,next_use,13,1,Oracle,0.1,0.14487832484436897,1
b03conc,conc4,agg_static@rho0.8,rep0_conc4_agg_static@rho0.8_b03conc,0,agg_static,0.8,next_use,13,3,Oracle,0.2,0.4346349745331069,1
b03conc,conc4,agg_static@rho0.8,rep0_conc4_agg_static@rho0.8_b03conc,0,agg_static,0.8,next_use,13,4,Oracle,0.3,0.5724391624221844,1
b03conc,conc4,agg_static@rho0.8,rep0_conc4_agg_static@rho0.8_b03conc,0,agg_static,0.8,next_use,13,5,Oracle,0.4,0.710243350311262,1
b03conc,conc4,agg_static@rho0.8,rep0_conc4_agg_static@rho0.8_b03conc,0,agg_static,0.8,next_use,13,6,Oracle,0.5,0.8480475382003394,1
b03conc,conc4,agg_static@rho0.8,rep0_conc4_agg_static@rho0.8_b03conc,0,agg_static,0.8,next_use,13,8,Oracle,0.6,0.9637804187889077,1
b03conc,conc4,agg_static@rho0.8,rep0_conc4_agg_static@rho0.8_b03conc,0,agg_static,0.8,next_use,13,10,Oracle,0.8,1.0,1
b03conc,conc4,agg_static@rho0.8,rep0_conc4_agg_static@rho0.8_b03conc,0,agg_static,0.8,next_use,13,13,Oracle,1.0,1.0,1
b03conc,conc4,agg_static@rho0.8,rep0_conc4_agg_static@rho0.8_b03conc,0,agg_static,0.8,horizon_h4,13,1,Random,0.1,0.0882855399633923,20
b03conc,conc4,agg_static@rho0.8,rep0_conc4_agg_static@rho0.8_b03conc,0,agg_static,0.8,horizon_h4,13,3,Random,0.2,0.24571384990848077,20
b03conc,conc4,agg_static@rho0.8,rep0_conc4_agg_static@rho0.8_b03conc,0,agg_static,0.8,horizon_h4,13,4,Random,0.3,0.3215222696766321,20
b03conc,conc4,agg_static@rho0.8,rep0_conc4_agg_static@rho0.8_b03conc,0,agg_static,0.8,horizon_h4,13,5,Random,0.4,0.42466442953020134,20
b03conc,conc4,agg_static@rho0.8,rep0_conc4_agg_static@rho0.8_b03conc,0,agg_static,0.8,horizon_h4,13,6,Random,0.5,0.5254270896888347,20
b03conc,conc4,agg_static@rho0.8,rep0_conc4_agg_static@rho0.8_b03conc,0,agg_static,0.8,horizon_h4,13,8,Random,0.6,0.6098078096400243,20
b03conc,conc4,agg_static@rho0.8,rep0_conc4_agg_static@rho0.8_b03conc,0,agg_static,0.8,horizon_h4,13,10,Random,0.8,0.7449511897498474,20
b03conc,conc4,agg_static@rho0.8,rep0_conc4_agg_static@rho0.8_b03conc,0,agg_static,0.8,horizon_h4,13,13,Random,1.0,1.0,20
b03conc,conc4,agg_static@rho0.8,rep0_conc4_agg_static@rho0.8_b03conc,0,agg_static,0.8,horizon_h4,13,1,Freshness,0.1,0.0,1
b03conc,conc4,agg_static@rho0.8,rep0_conc4_agg_static@rho0.8_b03conc,0,agg_static,0.8,horizon_h4,13,3,Freshness,0.2,0.14856619890176936,1
b03conc,conc4,agg_static@rho0.8,rep0_conc4_agg_static@rho0.8_b03conc,0,agg_static,0.8,horizon_h4,13,4,Freshness,0.3,0.29713239780353873,1
b03conc,conc4,agg_static@rho0.8,rep0_conc4_agg_static@rho0.8_b03conc,0,agg_static,0.8,horizon_h4,13,5,Freshness,0.4,0.4456985967053081,1
b03conc,conc4,agg_static@rho0.8,rep0_conc4_agg_static@rho0.8_b03conc,0,agg_static,0.8,horizon_h4,13,6,Freshness,0.5,0.6018913971934106,1
b03conc,conc4,agg_static@rho0.8,rep0_conc4_agg_static@rho0.8_b03conc,0,agg_static,0.8,horizon_h4,13,8,Freshness,0.6,0.8438071995118974,1
b03conc,conc4,agg_static@rho0.8,rep0_conc4_agg_static@rho0.8_b03conc,0,agg_static,0.8,horizon_h4,13,10,Freshness,0.8,1.0,1
b03conc,conc4,agg_static@rho0.8,rep0_conc4_agg_static@rho0.8_b03conc,0,agg_static,0.8,horizon_h4,13,13,Freshness,1.0,1.0,1
b03conc,conc4,agg_static@rho0.8,rep0_conc4_agg_static@rho0.8_b03conc,0,agg_static,0.8,horizon_h4,13,1,CoverageDelta,0.1,0.08572300183038438,1
b03conc,conc4,agg_static@rho0.8,rep0_conc4_agg_static@rho0.8_b03conc,0,agg_static,0.8,horizon_h4,13,3,CoverageDelta,0.2,0.23428920073215373,1
b03conc,conc4,agg_static@rho0.8,rep0_conc4_agg_static@rho0.8_b03conc,0,agg_static,0.8,horizon_h4,13,4,CoverageDelta,0.3,0.23428920073215373,1
b03conc,conc4,agg_static@rho0.8,rep0_conc4_agg_static@rho0.8_b03conc,0,agg_static,0.8,horizon_h4,13,5,CoverageDelta,0.4,0.3828553996339231,1
b03conc,conc4,agg_static@rho0.8,rep0_conc4_agg_static@rho0.8_b03conc,0,agg_static,0.8,horizon_h4,13,6,CoverageDelta,0.5,0.5314215985356925,1
b03conc,conc4,agg_static@rho0.8,rep0_conc4_agg_static@rho0.8_b03conc,0,agg_static,0.8,horizon_h4,13,8,CoverageDelta,0.6,0.8438071995118974,1
b03conc,conc4,agg_static@rho0.8,rep0_conc4_agg_static@rho0.8_b03conc,0,agg_static,0.8,horizon_h4,13,10,CoverageDelta,0.8,1.0,1
b03conc,conc4,agg_static@rho0.8,rep0_conc4_agg_static@rho0.8_b03conc,0,agg_static,0.8,horizon_h4,13,13,CoverageDelta,1.0,1.0,1
b03conc,conc4,agg_static@rho0.8,rep0_conc4_agg_static@rho0.8_b03conc,0,agg_static,0.8,horizon_h4,13,1,CoverageAdvantage,0.1,0.0,1
b03conc,conc4,agg_static@rho0.8,rep0_conc4_agg_static@rho0.8_b03conc,0,agg_static,0.8,horizon_h4,13,3,CoverageAdvantage,0.2,0.08572300183038438,1
b03conc,conc4,agg_static@rho0.8,rep0_conc4_agg_static@rho0.8_b03conc,0,agg_static,0.8,horizon_h4,13,4,CoverageAdvantage,0.3,0.23428920073215373,1
b03conc,conc4,agg_static@rho0.8,rep0_conc4_agg_static@rho0.8_b03conc,0,agg_static,0.8,horizon_h4,13,5,CoverageAdvantage,0.4,0.23428920073215373,1
b03conc,conc4,agg_static@rho0.8,rep0_conc4_agg_static@rho0.8_b03conc,0,agg_static,0.8,horizon_h4,13,6,CoverageAdvantage,0.5,0.3828553996339231,1
b03conc,conc4,agg_static@rho0.8,rep0_conc4_agg_static@rho0.8_b03conc,0,agg_static,0.8,horizon_h4,13,8,CoverageAdvantage,0.6,0.687614399023795,1
b03conc,conc4,agg_static@rho0.8,rep0_conc4_agg_static@rho0.8_b03conc,0,agg_static,0.8,horizon_h4,13,10,CoverageAdvantage,0.8,0.8438071995118974,1
b03conc,conc4,agg_static@rho0.8,rep0_conc4_agg_static@rho0.8_b03conc,0,agg_static,0.8,horizon_h4,13,13,CoverageAdvantage,1.0,1.0,1
b03conc,conc4,agg_static@rho0.8,rep0_conc4_agg_static@rho0.8_b03conc,0,agg_static,0.8,horizon_h4,13,1,SimpleCoverageLoad,0.1,0.0,1
b03conc,conc4,agg_static@rho0.8,rep0_conc4_agg_static@rho0.8_b03conc,0,agg_static,0.8,horizon_h4,13,3,SimpleCoverageLoad,0.2,0.08572300183038438,1
b03conc,conc4,agg_static@rho0.8,rep0_conc4_agg_static@rho0.8_b03conc,0,agg_static,0.8,horizon_h4,13,4,SimpleCoverageLoad,0.3,0.23428920073215373,1
b03conc,conc4,agg_static@rho0.8,rep0_conc4_agg_static@rho0.8_b03conc,0,agg_static,0.8,horizon_h4,13,5,SimpleCoverageLoad,0.4,0.23428920073215373,1
b03conc,conc4,agg_static@rho0.8,rep0_conc4_agg_static@rho0.8_b03conc,0,agg_static,0.8,horizon_h4,13,6,SimpleCoverageLoad,0.5,0.3828553996339231,1
b03conc,conc4,agg_static@rho0.8,rep0_conc4_agg_static@rho0.8_b03conc,0,agg_static,0.8,horizon_h4,13,8,SimpleCoverageLoad,0.6,0.687614399023795,1
b03conc,conc4,agg_static@rho0.8,rep0_conc4_agg_static@rho0.8_b03conc,0,agg_static,0.8,horizon_h4,13,10,SimpleCoverageLoad,0.8,0.8438071995118974,1
b03conc,conc4,agg_static@rho0.8,rep0_conc4_agg_static@rho0.8_b03conc,0,agg_static,0.8,horizon_h4,13,13,SimpleCoverageLoad,1.0,1.0,1
b03conc,conc4,agg_static@rho0.8,rep0_conc4_agg_static@rho0.8_b03conc,0,agg_static,0.8,horizon_h4,13,1,DecisionAware,0.1,0.0,1
b03conc,conc4,agg_static@rho0.8,rep0_conc4_agg_static@rho0.8_b03conc,0,agg_static,0.8,horizon_h4,13,3,DecisionAware,0.2,0.08572300183038438,1
b03conc,conc4,agg_static@rho0.8,rep0_conc4_agg_static@rho0.8_b03conc,0,agg_static,0.8,horizon_h4,13,4,DecisionAware,0.3,0.08572300183038438,1
b03conc,conc4,agg_static@rho0.8,rep0_conc4_agg_static@rho0.8_b03conc,0,agg_static,0.8,horizon_h4,13,5,DecisionAware,0.4,0.08572300183038438,1
b03conc,conc4,agg_static@rho0.8,rep0_conc4_agg_static@rho0.8_b03conc,0,agg_static,0.8,horizon_h4,13,6,DecisionAware,0.5,0.23428920073215373,1
b03conc,conc4,agg_static@rho0.8,rep0_conc4_agg_static@rho0.8_b03conc,0,agg_static,0.8,horizon_h4,13,8,DecisionAware,0.6,0.5314215985356925,1
b03conc,conc4,agg_static@rho0.8,rep0_conc4_agg_static@rho0.8_b03conc,0,agg_static,0.8,horizon_h4,13,10,DecisionAware,0.8,0.8438071995118974,1
b03conc,conc4,agg_static@rho0.8,rep0_conc4_agg_static@rho0.8_b03conc,0,agg_static,0.8,horizon_h4,13,13,DecisionAware,1.0,1.0,1
b03conc,conc4,agg_static@rho0.8,rep0_conc4_agg_static@rho0.8_b03conc,0,agg_static,0.8,horizon_h4,13,1,B02Utility,0.1,0.0,1
b03conc,conc4,agg_static@rho0.8,rep0_conc4_agg_static@rho0.8_b03conc,0,agg_static,0.8,horizon_h4,13,3,B02Utility,0.2,0.14856619890176936,1
b03conc,conc4,agg_static@rho0.8,rep0_conc4_agg_static@rho0.8_b03conc,0,agg_static,0.8,horizon_h4,13,4,B02Utility,0.3,0.14856619890176936,1
b03conc,conc4,agg_static@rho0.8,rep0_conc4_agg_static@rho0.8_b03conc,0,agg_static,0.8,horizon_h4,13,5,B02Utility,0.4,0.29713239780353873,1
b03conc,conc4,agg_static@rho0.8,rep0_conc4_agg_static@rho0.8_b03conc,0,agg_static,0.8,horizon_h4,13,6,B02Utility,0.5,0.4456985967053081,1
b03conc,conc4,agg_static@rho0.8,rep0_conc4_agg_static@rho0.8_b03conc,0,agg_static,0.8,horizon_h4,13,8,B02Utility,0.6,0.6018913971934106,1
b03conc,conc4,agg_static@rho0.8,rep0_conc4_agg_static@rho0.8_b03conc,0,agg_static,0.8,horizon_h4,13,10,B02Utility,0.8,0.8438071995118974,1
b03conc,conc4,agg_static@rho0.8,rep0_conc4_agg_static@rho0.8_b03conc,0,agg_static,0.8,horizon_h4,13,13,B02Utility,1.0,1.0,1
b03conc,conc4,agg_static@rho0.8,rep0_conc4_agg_static@rho0.8_b03conc,0,agg_static,0.8,horizon_h4,13,1,Oracle,0.1,0.1561928004881025,1
b03conc,conc4,agg_static@rho0.8,rep0_conc4_agg_static@rho0.8_b03conc,0,agg_static,0.8,horizon_h4,13,3,Oracle,0.2,0.46857840146430746,1
b03conc,conc4,agg_static@rho0.8,rep0_conc4_agg_static@rho0.8_b03conc,0,agg_static,0.8,horizon_h4,13,4,Oracle,0.3,0.6171446003660769,1
b03conc,conc4,agg_static@rho0.8,rep0_conc4_agg_static@rho0.8_b03conc,0,agg_static,0.8,horizon_h4,13,5,Oracle,0.4,0.7657107992678462,1
b03conc,conc4,agg_static@rho0.8,rep0_conc4_agg_static@rho0.8_b03conc,0,agg_static,0.8,horizon_h4,13,6,Oracle,0.5,0.9142769981696156,1
b03conc,conc4,agg_static@rho0.8,rep0_conc4_agg_static@rho0.8_b03conc,0,agg_static,0.8,horizon_h4,13,8,Oracle,0.6,1.0,1
b03conc,conc4,agg_static@rho0.8,rep0_conc4_agg_static@rho0.8_b03conc,0,agg_static,0.8,horizon_h4,13,10,Oracle,0.8,1.0,1
b03conc,conc4,agg_static@rho0.8,rep0_conc4_agg_static@rho0.8_b03conc,0,agg_static,0.8,horizon_h4,13,13,Oracle,1.0,1.0,1
b03conc,conc4,agg_static@rho0.8,rep1_conc4_agg_static@rho0.8_b03conc,1,agg_static,0.8,next_use,13,1,Random,0.1,0.0850175575497464,20
b03conc,conc4,agg_static@rho0.8,rep1_conc4_agg_static@rho0.8_b03conc,1,agg_static,0.8,next_use,13,3,Random,0.2,0.21753804135778387,20
b03conc,conc4,agg_static@rho0.8,rep1_conc4_agg_static@rho0.8_b03conc,1,agg_static,0.8,next_use,13,4,Random,0.3,0.2809988294966836,20
b03conc,conc4,agg_static@rho0.8,rep1_conc4_agg_static@rho0.8_b03conc,1,agg_static,0.8,next_use,13,5,Random,0.4,0.3685134607881389,20
b03conc,conc4,agg_static@rho0.8,rep1_conc4_agg_static@rho0.8_b03conc,1,agg_static,0.8,next_use,13,6,Random,0.5,0.4414748341786969,20
b03conc,conc4,agg_static@rho0.8,rep1_conc4_agg_static@rho0.8_b03conc,1,agg_static,0.8,next_use,13,8,Random,0.6,0.555969566913773,20
b03conc,conc4,agg_static@rho0.8,rep1_conc4_agg_static@rho0.8_b03conc,1,agg_static,0.8,next_use,13,10,Random,0.8,0.7014631291455327,20
b03conc,conc4,agg_static@rho0.8,rep1_conc4_agg_static@rho0.8_b03conc,1,agg_static,0.8,next_use,13,13,Random,1.0,1.0,20
b03conc,conc4,agg_static@rho0.8,rep1_conc4_agg_static@rho0.8_b03conc,1,agg_static,0.8,next_use,13,1,Freshness,0.1,0.0,1
b03conc,conc4,agg_static@rho0.8,rep1_conc4_agg_static@rho0.8_b03conc,1,agg_static,0.8,next_use,13,3,Freshness,0.2,0.0,1
b03conc,conc4,agg_static@rho0.8,rep1_conc4_agg_static@rho0.8_b03conc,1,agg_static,0.8,next_use,13,4,Freshness,0.3,0.18025751072961374,1
b03conc,conc4,agg_static@rho0.8,rep1_conc4_agg_static@rho0.8_b03conc,1,agg_static,0.8,next_use,13,5,Freshness,0.4,0.18025751072961374,1
b03conc,conc4,agg_static@rho0.8,rep1_conc4_agg_static@rho0.8_b03conc,1,agg_static,0.8,next_use,13,6,Freshness,0.5,0.370269215762778,1
b03conc,conc4,agg_static@rho0.8,rep1_conc4_agg_static@rho0.8_b03conc,1,agg_static,0.8,next_use,13,8,Freshness,0.6,0.5700351150994928,1
b03conc,conc4,agg_static@rho0.8,rep1_conc4_agg_static@rho0.8_b03conc,1,agg_static,0.8,next_use,13,10,Freshness,0.8,0.7600468201326571,1
b03conc,conc4,agg_static@rho0.8,rep1_conc4_agg_static@rho0.8_b03conc,1,agg_static,0.8,next_use,13,13,Freshness,1.0,1.0,1
b03conc,conc4,agg_static@rho0.8,rep1_conc4_agg_static@rho0.8_b03conc,1,agg_static,0.8,next_use,13,1,CoverageDelta,0.1,0.0,1
b03conc,conc4,agg_static@rho0.8,rep1_conc4_agg_static@rho0.8_b03conc,1,agg_static,0.8,next_use,13,3,CoverageDelta,0.2,0.0,1
b03conc,conc4,agg_static@rho0.8,rep1_conc4_agg_static@rho0.8_b03conc,1,agg_static,0.8,next_use,13,4,CoverageDelta,0.3,0.0,1
b03conc,conc4,agg_static@rho0.8,rep1_conc4_agg_static@rho0.8_b03conc,1,agg_static,0.8,next_use,13,5,CoverageDelta,0.4,0.18025751072961374,1
b03conc,conc4,agg_static@rho0.8,rep1_conc4_agg_static@rho0.8_b03conc,1,agg_static,0.8,next_use,13,6,CoverageDelta,0.5,0.18025751072961374,1
b03conc,conc4,agg_static@rho0.8,rep1_conc4_agg_static@rho0.8_b03conc,1,agg_static,0.8,next_use,13,8,CoverageDelta,0.6,0.370269215762778,1
b03conc,conc4,agg_static@rho0.8,rep1_conc4_agg_static@rho0.8_b03conc,1,agg_static,0.8,next_use,13,10,CoverageDelta,0.8,0.7600468201326571,1
b03conc,conc4,agg_static@rho0.8,rep1_conc4_agg_static@rho0.8_b03conc,1,agg_static,0.8,next_use,13,13,CoverageDelta,1.0,1.0,1
b03conc,conc4,agg_static@rho0.8,rep1_conc4_agg_static@rho0.8_b03conc,1,agg_static,0.8,next_use,13,1,CoverageAdvantage,0.1,0.0,1
b03conc,conc4,agg_static@rho0.8,rep1_conc4_agg_static@rho0.8_b03conc,1,agg_static,0.8,next_use,13,3,CoverageAdvantage,0.2,0.0,1
b03conc,conc4,agg_static@rho0.8,rep1_conc4_agg_static@rho0.8_b03conc,1,agg_static,0.8,next_use,13,4,CoverageAdvantage,0.3,0.0,1
b03conc,conc4,agg_static@rho0.8,rep1_conc4_agg_static@rho0.8_b03conc,1,agg_static,0.8,next_use,13,5,CoverageAdvantage,0.4,0.18025751072961374,1
b03conc,conc4,agg_static@rho0.8,rep1_conc4_agg_static@rho0.8_b03conc,1,agg_static,0.8,next_use,13,6,CoverageAdvantage,0.5,0.18025751072961374,1
b03conc,conc4,agg_static@rho0.8,rep1_conc4_agg_static@rho0.8_b03conc,1,agg_static,0.8,next_use,13,8,CoverageAdvantage,0.6,0.370269215762778,1
b03conc,conc4,agg_static@rho0.8,rep1_conc4_agg_static@rho0.8_b03conc,1,agg_static,0.8,next_use,13,10,CoverageAdvantage,0.8,0.7600468201326571,1
b03conc,conc4,agg_static@rho0.8,rep1_conc4_agg_static@rho0.8_b03conc,1,agg_static,0.8,next_use,13,13,CoverageAdvantage,1.0,1.0,1
b03conc,conc4,agg_static@rho0.8,rep1_conc4_agg_static@rho0.8_b03conc,1,agg_static,0.8,next_use,13,1,SimpleCoverageLoad,0.1,0.0,1
b03conc,conc4,agg_static@rho0.8,rep1_conc4_agg_static@rho0.8_b03conc,1,agg_static,0.8,next_use,13,3,SimpleCoverageLoad,0.2,0.0,1
b03conc,conc4,agg_static@rho0.8,rep1_conc4_agg_static@rho0.8_b03conc,1,agg_static,0.8,next_use,13,4,SimpleCoverageLoad,0.3,0.0,1
b03conc,conc4,agg_static@rho0.8,rep1_conc4_agg_static@rho0.8_b03conc,1,agg_static,0.8,next_use,13,5,SimpleCoverageLoad,0.4,0.18025751072961374,1
b03conc,conc4,agg_static@rho0.8,rep1_conc4_agg_static@rho0.8_b03conc,1,agg_static,0.8,next_use,13,6,SimpleCoverageLoad,0.5,0.18025751072961374,1
b03conc,conc4,agg_static@rho0.8,rep1_conc4_agg_static@rho0.8_b03conc,1,agg_static,0.8,next_use,13,8,SimpleCoverageLoad,0.6,0.370269215762778,1
b03conc,conc4,agg_static@rho0.8,rep1_conc4_agg_static@rho0.8_b03conc,1,agg_static,0.8,next_use,13,10,SimpleCoverageLoad,0.8,0.7600468201326571,1
b03conc,conc4,agg_static@rho0.8,rep1_conc4_agg_static@rho0.8_b03conc,1,agg_static,0.8,next_use,13,13,SimpleCoverageLoad,1.0,1.0,1
b03conc,conc4,agg_static@rho0.8,rep1_conc4_agg_static@rho0.8_b03conc,1,agg_static,0.8,next_use,13,1,DecisionAware,0.1,0.0,1
b03conc,conc4,agg_static@rho0.8,rep1_conc4_agg_static@rho0.8_b03conc,1,agg_static,0.8,next_use,13,3,DecisionAware,0.2,0.0,1
b03conc,conc4,agg_static@rho0.8,rep1_conc4_agg_static@rho0.8_b03conc,1,agg_static,0.8,next_use,13,4,DecisionAware,0.3,0.0,1
b03conc,conc4,agg_static@rho0.8,rep1_conc4_agg_static@rho0.8_b03conc,1,agg_static,0.8,next_use,13,5,DecisionAware,0.4,0.18025751072961374,1
b03conc,conc4,agg_static@rho0.8,rep1_conc4_agg_static@rho0.8_b03conc,1,agg_static,0.8,next_use,13,6,DecisionAware,0.5,0.18025751072961374,1
b03conc,conc4,agg_static@rho0.8,rep1_conc4_agg_static@rho0.8_b03conc,1,agg_static,0.8,next_use,13,8,DecisionAware,0.6,0.370269215762778,1
b03conc,conc4,agg_static@rho0.8,rep1_conc4_agg_static@rho0.8_b03conc,1,agg_static,0.8,next_use,13,10,DecisionAware,0.8,0.7600468201326571,1
b03conc,conc4,agg_static@rho0.8,rep1_conc4_agg_static@rho0.8_b03conc,1,agg_static,0.8,next_use,13,13,DecisionAware,1.0,1.0,1
b03conc,conc4,agg_static@rho0.8,rep1_conc4_agg_static@rho0.8_b03conc,1,agg_static,0.8,next_use,13,1,B02Utility,0.1,0.0,1
b03conc,conc4,agg_static@rho0.8,rep1_conc4_agg_static@rho0.8_b03conc,1,agg_static,0.8,next_use,13,3,B02Utility,0.2,0.0,1
b03conc,conc4,agg_static@rho0.8,rep1_conc4_agg_static@rho0.8_b03conc,1,agg_static,0.8,next_use,13,4,B02Utility,0.3,0.18025751072961374,1
b03conc,conc4,agg_static@rho0.8,rep1_conc4_agg_static@rho0.8_b03conc,1,agg_static,0.8,next_use,13,5,B02Utility,0.4,0.18025751072961374,1
b03conc,conc4,agg_static@rho0.8,rep1_conc4_agg_static@rho0.8_b03conc,1,agg_static,0.8,next_use,13,6,B02Utility,0.5,0.370269215762778,1
b03conc,conc4,agg_static@rho0.8,rep1_conc4_agg_static@rho0.8_b03conc,1,agg_static,0.8,next_use,13,8,B02Utility,0.6,0.4202106905969567,1
b03conc,conc4,agg_static@rho0.8,rep1_conc4_agg_static@rho0.8_b03conc,1,agg_static,0.8,next_use,13,10,B02Utility,0.8,0.4202106905969567,1
b03conc,conc4,agg_static@rho0.8,rep1_conc4_agg_static@rho0.8_b03conc,1,agg_static,0.8,next_use,13,13,B02Utility,1.0,1.0,1
b03conc,conc4,agg_static@rho0.8,rep1_conc4_agg_static@rho0.8_b03conc,1,agg_static,0.8,next_use,13,1,Oracle,0.1,0.1997658993367148,1
b03conc,conc4,agg_static@rho0.8,rep1_conc4_agg_static@rho0.8_b03conc,1,agg_static,0.8,next_use,13,3,Oracle,0.2,0.5797893094030433,1
b03conc,conc4,agg_static@rho0.8,rep1_conc4_agg_static@rho0.8_b03conc,1,agg_static,0.8,next_use,13,4,Oracle,0.3,0.7698010144362076,1
b03conc,conc4,agg_static@rho0.8,rep1_conc4_agg_static@rho0.8_b03conc,1,agg_static,0.8,next_use,13,5,Oracle,0.4,0.9500585251658213,1
b03conc,conc4,agg_static@rho0.8,rep1_conc4_agg_static@rho0.8_b03conc,1,agg_static,0.8,next_use,13,6,Oracle,0.5,1.0,1
b03conc,conc4,agg_static@rho0.8,rep1_conc4_agg_static@rho0.8_b03conc,1,agg_static,0.8,next_use,13,8,Oracle,0.6,1.0,1
b03conc,conc4,agg_static@rho0.8,rep1_conc4_agg_static@rho0.8_b03conc,1,agg_static,0.8,next_use,13,10,Oracle,0.8,1.0,1
b03conc,conc4,agg_static@rho0.8,rep1_conc4_agg_static@rho0.8_b03conc,1,agg_static,0.8,next_use,13,13,Oracle,1.0,1.0,1
b03conc,conc4,agg_static@rho0.8,rep1_conc4_agg_static@rho0.8_b03conc,1,agg_static,0.8,horizon_h4,13,1,Random,0.1,0.08545428072218986,20
b03conc,conc4,agg_static@rho0.8,rep1_conc4_agg_static@rho0.8_b03conc,1,agg_static,0.8,horizon_h4,13,3,Random,0.2,0.20636284216656955,20
b03conc,conc4,agg_static@rho0.8,rep1_conc4_agg_static@rho0.8_b03conc,1,agg_static,0.8,horizon_h4,13,4,Random,0.3,0.2712725684333139,20
b03conc,conc4,agg_static@rho0.8,rep1_conc4_agg_static@rho0.8_b03conc,1,agg_static,0.8,horizon_h4,13,5,Random,0.4,0.37127256843331385,20
b03conc,conc4,agg_static@rho0.8,rep1_conc4_agg_static@rho0.8_b03conc,1,agg_static,0.8,horizon_h4,13,6,Random,0.5,0.44327315084449614,20
b03conc,conc4,agg_static@rho0.8,rep1_conc4_agg_static@rho0.8_b03conc,1,agg_static,0.8,horizon_h4,13,8,Random,0.6,0.535818287711124,20
b03conc,conc4,agg_static@rho0.8,rep1_conc4_agg_static@rho0.8_b03conc,1,agg_static,0.8,horizon_h4,13,10,Random,0.8,0.6932731508444961,20
b03conc,conc4,agg_static@rho0.8,rep1_conc4_agg_static@rho0.8_b03conc,1,agg_static,0.8,horizon_h4,13,13,Random,1.0,1.0,20
b03conc,conc4,agg_static@rho0.8,rep1_conc4_agg_static@rho0.8_b03conc,1,agg_static,0.8,horizon_h4,13,1,Freshness,0.1,0.0,1
b03conc,conc4,agg_static@rho0.8,rep1_conc4_agg_static@rho0.8_b03conc,1,agg_static,0.8,horizon_h4,13,3,Freshness,0.2,0.0,1
b03conc,conc4,agg_static@rho0.8,rep1_conc4_agg_static@rho0.8_b03conc,1,agg_static,0.8,horizon_h4,13,4,Freshness,0.3,0.2836342457775189,1
b03conc,conc4,agg_static@rho0.8,rep1_conc4_agg_static@rho0.8_b03conc,1,agg_static,0.8,horizon_h4,13,5,Freshness,0.4,0.2836342457775189,1
b03conc,conc4,agg_static@rho0.8,rep1_conc4_agg_static@rho0.8_b03conc,1,agg_static,0.8,horizon_h4,13,6,Freshness,0.5,0.4254513686662783,1
b03conc,conc4,agg_static@rho0.8,rep1_conc4_agg_static@rho0.8_b03conc,1,agg_static,0.8,horizon_h4,13,8,Freshness,0.6,0.716365754222481,1
b03conc,conc4,agg_static@rho0.8,rep1_conc4_agg_static@rho0.8_b03conc,1,agg_static,0.8,horizon_h4,13,10,Freshness,0.8,0.8581828771112404,1
b03conc,conc4,agg_static@rho0.8,rep1_conc4_agg_static@rho0.8_b03conc,1,agg_static,0.8,horizon_h4,13,13,Freshness,1.0,1.0,1
b03conc,conc4,agg_static@rho0.8,rep1_conc4_agg_static@rho0.8_b03conc,1,agg_static,0.8,horizon_h4,13,1,CoverageDelta,0.1,0.0,1
b03conc,conc4,agg_static@rho0.8,rep1_conc4_agg_static@rho0.8_b03conc,1,agg_static,0.8,horizon_h4,13,3,CoverageDelta,0.2,0.0,1
b03conc,conc4,agg_static@rho0.8,rep1_conc4_agg_static@rho0.8_b03conc,1,agg_static,0.8,horizon_h4,13,4,CoverageDelta,0.3,0.0,1
b03conc,conc4,agg_static@rho0.8,rep1_conc4_agg_static@rho0.8_b03conc,1,agg_static,0.8,horizon_h4,13,5,CoverageDelta,0.4,0.2836342457775189,1
b03conc,conc4,agg_static@rho0.8,rep1_conc4_agg_static@rho0.8_b03conc,1,agg_static,0.8,horizon_h4,13,6,CoverageDelta,0.5,0.2836342457775189,1
b03conc,conc4,agg_static@rho0.8,rep1_conc4_agg_static@rho0.8_b03conc,1,agg_static,0.8,horizon_h4,13,8,CoverageDelta,0.6,0.4254513686662783,1
b03conc,conc4,agg_static@rho0.8,rep1_conc4_agg_static@rho0.8_b03conc,1,agg_static,0.8,horizon_h4,13,10,CoverageDelta,0.8,0.8581828771112404,1
b03conc,conc4,agg_static@rho0.8,rep1_conc4_agg_static@rho0.8_b03conc,1,agg_static,0.8,horizon_h4,13,13,CoverageDelta,1.0,1.0,1
b03conc,conc4,agg_static@rho0.8,rep1_conc4_agg_static@rho0.8_b03conc,1,agg_static,0.8,horizon_h4,13,1,CoverageAdvantage,0.1,0.0,1
b03conc,conc4,agg_static@rho0.8,rep1_conc4_agg_static@rho0.8_b03conc,1,agg_static,0.8,horizon_h4,13,3,CoverageAdvantage,0.2,0.0,1
b03conc,conc4,agg_static@rho0.8,rep1_conc4_agg_static@rho0.8_b03conc,1,agg_static,0.8,horizon_h4,13,4,CoverageAdvantage,0.3,0.0,1
b03conc,conc4,agg_static@rho0.8,rep1_conc4_agg_static@rho0.8_b03conc,1,agg_static,0.8,horizon_h4,13,5,CoverageAdvantage,0.4,0.2836342457775189,1
b03conc,conc4,agg_static@rho0.8,rep1_conc4_agg_static@rho0.8_b03conc,1,agg_static,0.8,horizon_h4,13,6,CoverageAdvantage,0.5,0.2836342457775189,1
b03conc,conc4,agg_static@rho0.8,rep1_conc4_agg_static@rho0.8_b03conc,1,agg_static,0.8,horizon_h4,13,8,CoverageAdvantage,0.6,0.4254513686662783,1
b03conc,conc4,agg_static@rho0.8,rep1_conc4_agg_static@rho0.8_b03conc,1,agg_static,0.8,horizon_h4,13,10,CoverageAdvantage,0.8,0.8581828771112404,1
b03conc,conc4,agg_static@rho0.8,rep1_conc4_agg_static@rho0.8_b03conc,1,agg_static,0.8,horizon_h4,13,13,CoverageAdvantage,1.0,1.0,1
b03conc,conc4,agg_static@rho0.8,rep1_conc4_agg_static@rho0.8_b03conc,1,agg_static,0.8,horizon_h4,13,1,SimpleCoverageLoad,0.1,0.0,1
b03conc,conc4,agg_static@rho0.8,rep1_conc4_agg_static@rho0.8_b03conc,1,agg_static,0.8,horizon_h4,13,3,SimpleCoverageLoad,0.2,0.0,1
b03conc,conc4,agg_static@rho0.8,rep1_conc4_agg_static@rho0.8_b03conc,1,agg_static,0.8,horizon_h4,13,4,SimpleCoverageLoad,0.3,0.0,1
b03conc,conc4,agg_static@rho0.8,rep1_conc4_agg_static@rho0.8_b03conc,1,agg_static,0.8,horizon_h4,13,5,SimpleCoverageLoad,0.4,0.2836342457775189,1
b03conc,conc4,agg_static@rho0.8,rep1_conc4_agg_static@rho0.8_b03conc,1,agg_static,0.8,horizon_h4,13,6,SimpleCoverageLoad,0.5,0.2836342457775189,1
b03conc,conc4,agg_static@rho0.8,rep1_conc4_agg_static@rho0.8_b03conc,1,agg_static,0.8,horizon_h4,13,8,SimpleCoverageLoad,0.6,0.4254513686662783,1
b03conc,conc4,agg_static@rho0.8,rep1_conc4_agg_static@rho0.8_b03conc,1,agg_static,0.8,horizon_h4,13,10,SimpleCoverageLoad,0.8,0.8581828771112404,1
b03conc,conc4,agg_static@rho0.8,rep1_conc4_agg_static@rho0.8_b03conc,1,agg_static,0.8,horizon_h4,13,13,SimpleCoverageLoad,1.0,1.0,1
b03conc,conc4,agg_static@rho0.8,rep1_conc4_agg_static@rho0.8_b03conc,1,agg_static,0.8,horizon_h4,13,1,DecisionAware,0.1,0.0,1
b03conc,conc4,agg_static@rho0.8,rep1_conc4_agg_static@rho0.8_b03conc,1,agg_static,0.8,horizon_h4,13,3,DecisionAware,0.2,0.0,1
b03conc,conc4,agg_static@rho0.8,rep1_conc4_agg_static@rho0.8_b03conc,1,agg_static,0.8,horizon_h4,13,4,DecisionAware,0.3,0.0,1
b03conc,conc4,agg_static@rho0.8,rep1_conc4_agg_static@rho0.8_b03conc,1,agg_static,0.8,horizon_h4,13,5,DecisionAware,0.4,0.2836342457775189,1
b03conc,conc4,agg_static@rho0.8,rep1_conc4_agg_static@rho0.8_b03conc,1,agg_static,0.8,horizon_h4,13,6,DecisionAware,0.5,0.2836342457775189,1
b03conc,conc4,agg_static@rho0.8,rep1_conc4_agg_static@rho0.8_b03conc,1,agg_static,0.8,horizon_h4,13,8,DecisionAware,0.6,0.4254513686662783,1
b03conc,conc4,agg_static@rho0.8,rep1_conc4_agg_static@rho0.8_b03conc,1,agg_static,0.8,horizon_h4,13,10,DecisionAware,0.8,0.8581828771112404,1
b03conc,conc4,agg_static@rho0.8,rep1_conc4_agg_static@rho0.8_b03conc,1,agg_static,0.8,horizon_h4,13,13,DecisionAware,1.0,1.0,1
b03conc,conc4,agg_static@rho0.8,rep1_conc4_agg_static@rho0.8_b03conc,1,agg_static,0.8,horizon_h4,13,1,B02Utility,0.1,0.0,1
b03conc,conc4,agg_static@rho0.8,rep1_conc4_agg_static@rho0.8_b03conc,1,agg_static,0.8,horizon_h4,13,3,B02Utility,0.2,0.0,1
b03conc,conc4,agg_static@rho0.8,rep1_conc4_agg_static@rho0.8_b03conc,1,agg_static,0.8,horizon_h4,13,4,B02Utility,0.3,0.2836342457775189,1
b03conc,conc4,agg_static@rho0.8,rep1_conc4_agg_static@rho0.8_b03conc,1,agg_static,0.8,horizon_h4,13,5,B02Utility,0.4,0.2836342457775189,1
b03conc,conc4,agg_static@rho0.8,rep1_conc4_agg_static@rho0.8_b03conc,1,agg_static,0.8,horizon_h4,13,6,B02Utility,0.5,0.4254513686662783,1
b03conc,conc4,agg_static@rho0.8,rep1_conc4_agg_static@rho0.8_b03conc,1,agg_static,0.8,horizon_h4,13,8,B02Utility,0.6,0.4254513686662783,1
b03conc,conc4,agg_static@rho0.8,rep1_conc4_agg_static@rho0.8_b03conc,1,agg_static,0.8,horizon_h4,13,10,B02Utility,0.8,0.4254513686662783,1
b03conc,conc4,agg_static@rho0.8,rep1_conc4_agg_static@rho0.8_b03conc,1,agg_static,0.8,horizon_h4,13,13,B02Utility,1.0,1.0,1
b03conc,conc4,agg_static@rho0.8,rep1_conc4_agg_static@rho0.8_b03conc,1,agg_static,0.8,horizon_h4,13,1,Oracle,0.1,0.29091438555620264,1
b03conc,conc4,agg_static@rho0.8,rep1_conc4_agg_static@rho0.8_b03conc,1,agg_static,0.8,horizon_h4,13,3,Oracle,0.2,0.716365754222481,1
b03conc,conc4,agg_static@rho0.8,rep1_conc4_agg_static@rho0.8_b03conc,1,agg_static,0.8,horizon_h4,13,4,Oracle,0.3,0.8581828771112404,1
b03conc,conc4,agg_static@rho0.8,rep1_conc4_agg_static@rho0.8_b03conc,1,agg_static,0.8,horizon_h4,13,5,Oracle,0.4,1.0,1
b03conc,conc4,agg_static@rho0.8,rep1_conc4_agg_static@rho0.8_b03conc,1,agg_static,0.8,horizon_h4,13,6,Oracle,0.5,1.0,1
b03conc,conc4,agg_static@rho0.8,rep1_conc4_agg_static@rho0.8_b03conc,1,agg_static,0.8,horizon_h4,13,8,Oracle,0.6,1.0,1
b03conc,conc4,agg_static@rho0.8,rep1_conc4_agg_static@rho0.8_b03conc,1,agg_static,0.8,horizon_h4,13,10,Oracle,0.8,1.0,1
b03conc,conc4,agg_static@rho0.8,rep1_conc4_agg_static@rho0.8_b03conc,1,agg_static,0.8,horizon_h4,13,13,Oracle,1.0,1.0,1
b03conc,conc4,agg_full@rho0.8,rep1_conc4_agg_full@rho0.8_b03conc,1,agg_full,0.8,next_use,5,0,Random,0.1,0.2011899095668729,20
b03conc,conc4,agg_full@rho0.8,rep1_conc4_agg_full@rho0.8_b03conc,1,agg_full,0.8,next_use,5,1,Random,0.2,0.2011899095668729,20
b03conc,conc4,agg_full@rho0.8,rep1_conc4_agg_full@rho0.8_b03conc,1,agg_full,0.8,next_use,5,2,Random,0.3,0.4115183246073298,20
b03conc,conc4,agg_full@rho0.8,rep1_conc4_agg_full@rho0.8_b03conc,1,agg_full,0.8,next_use,5,2,Random,0.4,0.4115183246073298,20
b03conc,conc4,agg_full@rho0.8,rep1_conc4_agg_full@rho0.8_b03conc,1,agg_full,0.8,next_use,5,2,Random,0.5,0.4115183246073298,20
b03conc,conc4,agg_full@rho0.8,rep1_conc4_agg_full@rho0.8_b03conc,1,agg_full,0.8,next_use,5,3,Random,0.6,0.636554021894336,20
b03conc,conc4,agg_full@rho0.8,rep1_conc4_agg_full@rho0.8_b03conc,1,agg_full,0.8,next_use,5,4,Random,0.8,0.8017848643503094,20
b03conc,conc4,agg_full@rho0.8,rep1_conc4_agg_full@rho0.8_b03conc,1,agg_full,0.8,next_use,5,5,Random,1.0,1.0,20
b03conc,conc4,agg_full@rho0.8,rep1_conc4_agg_full@rho0.8_b03conc,1,agg_full,0.8,next_use,5,0,Freshness,0.1,0.23179438362684435,1
b03conc,conc4,agg_full@rho0.8,rep1_conc4_agg_full@rho0.8_b03conc,1,agg_full,0.8,next_use,5,1,Freshness,0.2,0.23179438362684435,1
b03conc,conc4,agg_full@rho0.8,rep1_conc4_agg_full@rho0.8_b03conc,1,agg_full,0.8,next_use,5,2,Freshness,0.3,0.47548786292241785,1
b03conc,conc4,agg_full@rho0.8,rep1_conc4_agg_full@rho0.8_b03conc,1,agg_full,0.8,next_use,5,2,Freshness,0.4,0.47548786292241785,1
b03conc,conc4,agg_full@rho0.8,rep1_conc4_agg_full@rho0.8_b03conc,1,agg_full,0.8,next_use,5,2,Freshness,0.5,0.47548786292241785,1
b03conc,conc4,agg_full@rho0.8,rep1_conc4_agg_full@rho0.8_b03conc,1,agg_full,0.8,next_use,5,3,Freshness,0.6,0.7072822465492622,1
b03conc,conc4,agg_full@rho0.8,rep1_conc4_agg_full@rho0.8_b03conc,1,agg_full,0.8,next_use,5,4,Freshness,0.8,0.7682056163731557,1
b03conc,conc4,agg_full@rho0.8,rep1_conc4_agg_full@rho0.8_b03conc,1,agg_full,0.8,next_use,5,5,Freshness,1.0,1.0,1
b03conc,conc4,agg_full@rho0.8,rep1_conc4_agg_full@rho0.8_b03conc,1,agg_full,0.8,next_use,5,0,CoverageDelta,0.1,0.06092336982389338,1
b03conc,conc4,agg_full@rho0.8,rep1_conc4_agg_full@rho0.8_b03conc,1,agg_full,0.8,next_use,5,1,CoverageDelta,0.2,0.06092336982389338,1
b03conc,conc4,agg_full@rho0.8,rep1_conc4_agg_full@rho0.8_b03conc,1,agg_full,0.8,next_use,5,2,CoverageDelta,0.3,0.29271775345073775,1
b03conc,conc4,agg_full@rho0.8,rep1_conc4_agg_full@rho0.8_b03conc,1,agg_full,0.8,next_use,5,2,CoverageDelta,0.4,0.29271775345073775,1
b03conc,conc4,agg_full@rho0.8,rep1_conc4_agg_full@rho0.8_b03conc,1,agg_full,0.8,next_use,5,2,CoverageDelta,0.5,0.29271775345073775,1
b03conc,conc4,agg_full@rho0.8,rep1_conc4_agg_full@rho0.8_b03conc,1,agg_full,0.8,next_use,5,3,CoverageDelta,0.6,0.5364112327463112,1
b03conc,conc4,agg_full@rho0.8,rep1_conc4_agg_full@rho0.8_b03conc,1,agg_full,0.8,next_use,5,4,CoverageDelta,0.8,0.7682056163731557,1
b03conc,conc4,agg_full@rho0.8,rep1_conc4_agg_full@rho0.8_b03conc,1,agg_full,0.8,next_use,5,5,CoverageDelta,1.0,1.0,1
b03conc,conc4,agg_full@rho0.8,rep1_conc4_agg_full@rho0.8_b03conc,1,agg_full,0.8,next_use,5,0,CoverageAdvantage,0.1,0.06092336982389338,1
b03conc,conc4,agg_full@rho0.8,rep1_conc4_agg_full@rho0.8_b03conc,1,agg_full,0.8,next_use,5,1,CoverageAdvantage,0.2,0.06092336982389338,1
b03conc,conc4,agg_full@rho0.8,rep1_conc4_agg_full@rho0.8_b03conc,1,agg_full,0.8,next_use,5,2,CoverageAdvantage,0.3,0.29271775345073775,1
b03conc,conc4,agg_full@rho0.8,rep1_conc4_agg_full@rho0.8_b03conc,1,agg_full,0.8,next_use,5,2,CoverageAdvantage,0.4,0.29271775345073775,1
b03conc,conc4,agg_full@rho0.8,rep1_conc4_agg_full@rho0.8_b03conc,1,agg_full,0.8,next_use,5,2,CoverageAdvantage,0.5,0.29271775345073775,1
b03conc,conc4,agg_full@rho0.8,rep1_conc4_agg_full@rho0.8_b03conc,1,agg_full,0.8,next_use,5,3,CoverageAdvantage,0.6,0.5364112327463112,1
b03conc,conc4,agg_full@rho0.8,rep1_conc4_agg_full@rho0.8_b03conc,1,agg_full,0.8,next_use,5,4,CoverageAdvantage,0.8,0.7682056163731557,1
b03conc,conc4,agg_full@rho0.8,rep1_conc4_agg_full@rho0.8_b03conc,1,agg_full,0.8,next_use,5,5,CoverageAdvantage,1.0,1.0,1
b03conc,conc4,agg_full@rho0.8,rep1_conc4_agg_full@rho0.8_b03conc,1,agg_full,0.8,next_use,5,0,SimpleCoverageLoad,0.1,0.06092336982389338,1
b03conc,conc4,agg_full@rho0.8,rep1_conc4_agg_full@rho0.8_b03conc,1,agg_full,0.8,next_use,5,1,SimpleCoverageLoad,0.2,0.06092336982389338,1
b03conc,conc4,agg_full@rho0.8,rep1_conc4_agg_full@rho0.8_b03conc,1,agg_full,0.8,next_use,5,2,SimpleCoverageLoad,0.3,0.29271775345073775,1
b03conc,conc4,agg_full@rho0.8,rep1_conc4_agg_full@rho0.8_b03conc,1,agg_full,0.8,next_use,5,2,SimpleCoverageLoad,0.4,0.29271775345073775,1
b03conc,conc4,agg_full@rho0.8,rep1_conc4_agg_full@rho0.8_b03conc,1,agg_full,0.8,next_use,5,2,SimpleCoverageLoad,0.5,0.29271775345073775,1
b03conc,conc4,agg_full@rho0.8,rep1_conc4_agg_full@rho0.8_b03conc,1,agg_full,0.8,next_use,5,3,SimpleCoverageLoad,0.6,0.5364112327463112,1
b03conc,conc4,agg_full@rho0.8,rep1_conc4_agg_full@rho0.8_b03conc,1,agg_full,0.8,next_use,5,4,SimpleCoverageLoad,0.8,0.7682056163731557,1
b03conc,conc4,agg_full@rho0.8,rep1_conc4_agg_full@rho0.8_b03conc,1,agg_full,0.8,next_use,5,5,SimpleCoverageLoad,1.0,1.0,1
b03conc,conc4,agg_full@rho0.8,rep1_conc4_agg_full@rho0.8_b03conc,1,agg_full,0.8,next_use,5,0,DecisionAware,0.1,0.06092336982389338,1
b03conc,conc4,agg_full@rho0.8,rep1_conc4_agg_full@rho0.8_b03conc,1,agg_full,0.8,next_use,5,1,DecisionAware,0.2,0.06092336982389338,1
b03conc,conc4,agg_full@rho0.8,rep1_conc4_agg_full@rho0.8_b03conc,1,agg_full,0.8,next_use,5,2,DecisionAware,0.3,0.29271775345073775,1
b03conc,conc4,agg_full@rho0.8,rep1_conc4_agg_full@rho0.8_b03conc,1,agg_full,0.8,next_use,5,2,DecisionAware,0.4,0.29271775345073775,1
b03conc,conc4,agg_full@rho0.8,rep1_conc4_agg_full@rho0.8_b03conc,1,agg_full,0.8,next_use,5,2,DecisionAware,0.5,0.29271775345073775,1
b03conc,conc4,agg_full@rho0.8,rep1_conc4_agg_full@rho0.8_b03conc,1,agg_full,0.8,next_use,5,3,DecisionAware,0.6,0.5364112327463112,1
b03conc,conc4,agg_full@rho0.8,rep1_conc4_agg_full@rho0.8_b03conc,1,agg_full,0.8,next_use,5,4,DecisionAware,0.8,0.7682056163731557,1
b03conc,conc4,agg_full@rho0.8,rep1_conc4_agg_full@rho0.8_b03conc,1,agg_full,0.8,next_use,5,5,DecisionAware,1.0,1.0,1
b03conc,conc4,agg_full@rho0.8,rep1_conc4_agg_full@rho0.8_b03conc,1,agg_full,0.8,next_use,5,0,B02Utility,0.1,0.23179438362684435,1
b03conc,conc4,agg_full@rho0.8,rep1_conc4_agg_full@rho0.8_b03conc,1,agg_full,0.8,next_use,5,1,B02Utility,0.2,0.23179438362684435,1
b03conc,conc4,agg_full@rho0.8,rep1_conc4_agg_full@rho0.8_b03conc,1,agg_full,0.8,next_use,5,2,B02Utility,0.3,0.29271775345073775,1
b03conc,conc4,agg_full@rho0.8,rep1_conc4_agg_full@rho0.8_b03conc,1,agg_full,0.8,next_use,5,2,B02Utility,0.4,0.29271775345073775,1
b03conc,conc4,agg_full@rho0.8,rep1_conc4_agg_full@rho0.8_b03conc,1,agg_full,0.8,next_use,5,2,B02Utility,0.5,0.29271775345073775,1
b03conc,conc4,agg_full@rho0.8,rep1_conc4_agg_full@rho0.8_b03conc,1,agg_full,0.8,next_use,5,3,B02Utility,0.6,0.5364112327463112,1
b03conc,conc4,agg_full@rho0.8,rep1_conc4_agg_full@rho0.8_b03conc,1,agg_full,0.8,next_use,5,4,B02Utility,0.8,0.7682056163731557,1
b03conc,conc4,agg_full@rho0.8,rep1_conc4_agg_full@rho0.8_b03conc,1,agg_full,0.8,next_use,5,5,B02Utility,1.0,1.0,1
b03conc,conc4,agg_full@rho0.8,rep1_conc4_agg_full@rho0.8_b03conc,1,agg_full,0.8,next_use,5,0,Oracle,0.1,0.24369347929557353,1
b03conc,conc4,agg_full@rho0.8,rep1_conc4_agg_full@rho0.8_b03conc,1,agg_full,0.8,next_use,5,1,Oracle,0.2,0.24369347929557353,1
b03conc,conc4,agg_full@rho0.8,rep1_conc4_agg_full@rho0.8_b03conc,1,agg_full,0.8,next_use,5,2,Oracle,0.3,0.47548786292241785,1
b03conc,conc4,agg_full@rho0.8,rep1_conc4_agg_full@rho0.8_b03conc,1,agg_full,0.8,next_use,5,2,Oracle,0.4,0.47548786292241785,1
b03conc,conc4,agg_full@rho0.8,rep1_conc4_agg_full@rho0.8_b03conc,1,agg_full,0.8,next_use,5,2,Oracle,0.5,0.47548786292241785,1
b03conc,conc4,agg_full@rho0.8,rep1_conc4_agg_full@rho0.8_b03conc,1,agg_full,0.8,next_use,5,3,Oracle,0.6,0.7072822465492622,1
b03conc,conc4,agg_full@rho0.8,rep1_conc4_agg_full@rho0.8_b03conc,1,agg_full,0.8,next_use,5,4,Oracle,0.8,0.9390766301761065,1
b03conc,conc4,agg_full@rho0.8,rep1_conc4_agg_full@rho0.8_b03conc,1,agg_full,0.8,next_use,5,5,Oracle,1.0,1.0,1
b03conc,conc4,agg_full@rho0.8,rep1_conc4_agg_full@rho0.8_b03conc,1,agg_full,0.8,horizon_h4,5,0,Random,0.1,0.21318114874815902,20
b03conc,conc4,agg_full@rho0.8,rep1_conc4_agg_full@rho0.8_b03conc,1,agg_full,0.8,horizon_h4,5,1,Random,0.2,0.21318114874815902,20
b03conc,conc4,agg_full@rho0.8,rep1_conc4_agg_full@rho0.8_b03conc,1,agg_full,0.8,horizon_h4,5,2,Random,0.3,0.43138193421698573,20
b03conc,conc4,agg_full@rho0.8,rep1_conc4_agg_full@rho0.8_b03conc,1,agg_full,0.8,horizon_h4,5,2,Random,0.4,0.43138193421698573,20
b03conc,conc4,agg_full@rho0.8,rep1_conc4_agg_full@rho0.8_b03conc,1,agg_full,0.8,horizon_h4,5,2,Random,0.5,0.43138193421698573,20
b03conc,conc4,agg_full@rho0.8,rep1_conc4_agg_full@rho0.8_b03conc,1,agg_full,0.8,horizon_h4,5,3,Random,0.6,0.6439862542955326,20
b03conc,conc4,agg_full@rho0.8,rep1_conc4_agg_full@rho0.8_b03conc,1,agg_full,0.8,horizon_h4,5,4,Random,0.8,0.801840942562592,20
b03conc,conc4,agg_full@rho0.8,rep1_conc4_agg_full@rho0.8_b03conc,1,agg_full,0.8,horizon_h4,5,5,Random,1.0,1.0,20
b03conc,conc4,agg_full@rho0.8,rep1_conc4_agg_full@rho0.8_b03conc,1,agg_full,0.8,horizon_h4,5,0,Freshness,0.1,0.11953853706431025,1
b03conc,conc4,agg_full@rho0.8,rep1_conc4_agg_full@rho0.8_b03conc,1,agg_full,0.8,horizon_h4,5,1,Freshness,0.2,0.11953853706431025,1
b03conc,conc4,agg_full@rho0.8,rep1_conc4_agg_full@rho0.8_b03conc,1,agg_full,0.8,horizon_h4,5,2,Freshness,0.3,0.49042709867452133,1
b03conc,conc4,agg_full@rho0.8,rep1_conc4_agg_full@rho0.8_b03conc,1,agg_full,0.8,horizon_h4,5,2,Freshness,0.4,0.49042709867452133,1
b03conc,conc4,agg_full@rho0.8,rep1_conc4_agg_full@rho0.8_b03conc,1,agg_full,0.8,horizon_h4,5,2,Freshness,0.5,0.49042709867452133,1
b03conc,conc4,agg_full@rho0.8,rep1_conc4_agg_full@rho0.8_b03conc,1,agg_full,0.8,horizon_h4,5,3,Freshness,0.6,0.6099656357388317,1
b03conc,conc4,agg_full@rho0.8,rep1_conc4_agg_full@rho0.8_b03conc,1,agg_full,0.8,horizon_h4,5,4,Freshness,0.8,0.6413843888070692,1
b03conc,conc4,agg_full@rho0.8,rep1_conc4_agg_full@rho0.8_b03conc,1,agg_full,0.8,horizon_h4,5,5,Freshness,1.0,1.0,1
b03conc,conc4,agg_full@rho0.8,rep1_conc4_agg_full@rho0.8_b03conc,1,agg_full,0.8,horizon_h4,5,0,CoverageDelta,0.1,0.031418753068237604,1
b03conc,conc4,agg_full@rho0.8,rep1_conc4_agg_full@rho0.8_b03conc,1,agg_full,0.8,horizon_h4,5,1,CoverageDelta,0.2,0.031418753068237604,1
b03conc,conc4,agg_full@rho0.8,rep1_conc4_agg_full@rho0.8_b03conc,1,agg_full,0.8,horizon_h4,5,2,CoverageDelta,0.3,0.15095729013254786,1
b03conc,conc4,agg_full@rho0.8,rep1_conc4_agg_full@rho0.8_b03conc,1,agg_full,0.8,horizon_h4,5,2,CoverageDelta,0.4,0.15095729013254786,1
b03conc,conc4,agg_full@rho0.8,rep1_conc4_agg_full@rho0.8_b03conc,1,agg_full,0.8,horizon_h4,5,2,CoverageDelta,0.5,0.15095729013254786,1
b03conc,conc4,agg_full@rho0.8,rep1_conc4_agg_full@rho0.8_b03conc,1,agg_full,0.8,horizon_h4,5,3,CoverageDelta,0.6,0.5218458517427589,1
b03conc,conc4,agg_full@rho0.8,rep1_conc4_agg_full@rho0.8_b03conc,1,agg_full,0.8,horizon_h4,5,4,CoverageDelta,0.8,0.6413843888070692,1
b03conc,conc4,agg_full@rho0.8,rep1_conc4_agg_full@rho0.8_b03conc,1,agg_full,0.8,horizon_h4,5,5,CoverageDelta,1.0,1.0,1
b03conc,conc4,agg_full@rho0.8,rep1_conc4_agg_full@rho0.8_b03conc,1,agg_full,0.8,horizon_h4,5,0,CoverageAdvantage,0.1,0.031418753068237604,1
b03conc,conc4,agg_full@rho0.8,rep1_conc4_agg_full@rho0.8_b03conc,1,agg_full,0.8,horizon_h4,5,1,CoverageAdvantage,0.2,0.031418753068237604,1
b03conc,conc4,agg_full@rho0.8,rep1_conc4_agg_full@rho0.8_b03conc,1,agg_full,0.8,horizon_h4,5,2,CoverageAdvantage,0.3,0.15095729013254786,1
b03conc,conc4,agg_full@rho0.8,rep1_conc4_agg_full@rho0.8_b03conc,1,agg_full,0.8,horizon_h4,5,2,CoverageAdvantage,0.4,0.15095729013254786,1
b03conc,conc4,agg_full@rho0.8,rep1_conc4_agg_full@rho0.8_b03conc,1,agg_full,0.8,horizon_h4,5,2,CoverageAdvantage,0.5,0.15095729013254786,1
b03conc,conc4,agg_full@rho0.8,rep1_conc4_agg_full@rho0.8_b03conc,1,agg_full,0.8,horizon_h4,5,3,CoverageAdvantage,0.6,0.5218458517427589,1
b03conc,conc4,agg_full@rho0.8,rep1_conc4_agg_full@rho0.8_b03conc,1,agg_full,0.8,horizon_h4,5,4,CoverageAdvantage,0.8,0.6413843888070692,1
b03conc,conc4,agg_full@rho0.8,rep1_conc4_agg_full@rho0.8_b03conc,1,agg_full,0.8,horizon_h4,5,5,CoverageAdvantage,1.0,1.0,1
b03conc,conc4,agg_full@rho0.8,rep1_conc4_agg_full@rho0.8_b03conc,1,agg_full,0.8,horizon_h4,5,0,SimpleCoverageLoad,0.1,0.031418753068237604,1
b03conc,conc4,agg_full@rho0.8,rep1_conc4_agg_full@rho0.8_b03conc,1,agg_full,0.8,horizon_h4,5,1,SimpleCoverageLoad,0.2,0.031418753068237604,1
b03conc,conc4,agg_full@rho0.8,rep1_conc4_agg_full@rho0.8_b03conc,1,agg_full,0.8,horizon_h4,5,2,SimpleCoverageLoad,0.3,0.15095729013254786,1
b03conc,conc4,agg_full@rho0.8,rep1_conc4_agg_full@rho0.8_b03conc,1,agg_full,0.8,horizon_h4,5,2,SimpleCoverageLoad,0.4,0.15095729013254786,1
b03conc,conc4,agg_full@rho0.8,rep1_conc4_agg_full@rho0.8_b03conc,1,agg_full,0.8,horizon_h4,5,2,SimpleCoverageLoad,0.5,0.15095729013254786,1
b03conc,conc4,agg_full@rho0.8,rep1_conc4_agg_full@rho0.8_b03conc,1,agg_full,0.8,horizon_h4,5,3,SimpleCoverageLoad,0.6,0.5218458517427589,1
b03conc,conc4,agg_full@rho0.8,rep1_conc4_agg_full@rho0.8_b03conc,1,agg_full,0.8,horizon_h4,5,4,SimpleCoverageLoad,0.8,0.6413843888070692,1
b03conc,conc4,agg_full@rho0.8,rep1_conc4_agg_full@rho0.8_b03conc,1,agg_full,0.8,horizon_h4,5,5,SimpleCoverageLoad,1.0,1.0,1
b03conc,conc4,agg_full@rho0.8,rep1_conc4_agg_full@rho0.8_b03conc,1,agg_full,0.8,horizon_h4,5,0,DecisionAware,0.1,0.031418753068237604,1
b03conc,conc4,agg_full@rho0.8,rep1_conc4_agg_full@rho0.8_b03conc,1,agg_full,0.8,horizon_h4,5,1,DecisionAware,0.2,0.031418753068237604,1
b03conc,conc4,agg_full@rho0.8,rep1_conc4_agg_full@rho0.8_b03conc,1,agg_full,0.8,horizon_h4,5,2,DecisionAware,0.3,0.15095729013254786,1
b03conc,conc4,agg_full@rho0.8,rep1_conc4_agg_full@rho0.8_b03conc,1,agg_full,0.8,horizon_h4,5,2,DecisionAware,0.4,0.15095729013254786,1
b03conc,conc4,agg_full@rho0.8,rep1_conc4_agg_full@rho0.8_b03conc,1,agg_full,0.8,horizon_h4,5,2,DecisionAware,0.5,0.15095729013254786,1
b03conc,conc4,agg_full@rho0.8,rep1_conc4_agg_full@rho0.8_b03conc,1,agg_full,0.8,horizon_h4,5,3,DecisionAware,0.6,0.5218458517427589,1
b03conc,conc4,agg_full@rho0.8,rep1_conc4_agg_full@rho0.8_b03conc,1,agg_full,0.8,horizon_h4,5,4,DecisionAware,0.8,0.6413843888070692,1
b03conc,conc4,agg_full@rho0.8,rep1_conc4_agg_full@rho0.8_b03conc,1,agg_full,0.8,horizon_h4,5,5,DecisionAware,1.0,1.0,1
b03conc,conc4,agg_full@rho0.8,rep1_conc4_agg_full@rho0.8_b03conc,1,agg_full,0.8,horizon_h4,5,0,B02Utility,0.1,0.11953853706431025,1
b03conc,conc4,agg_full@rho0.8,rep1_conc4_agg_full@rho0.8_b03conc,1,agg_full,0.8,horizon_h4,5,1,B02Utility,0.2,0.11953853706431025,1
b03conc,conc4,agg_full@rho0.8,rep1_conc4_agg_full@rho0.8_b03conc,1,agg_full,0.8,horizon_h4,5,2,B02Utility,0.3,0.15095729013254786,1
b03conc,conc4,agg_full@rho0.8,rep1_conc4_agg_full@rho0.8_b03conc,1,agg_full,0.8,horizon_h4,5,2,B02Utility,0.4,0.15095729013254786,1
b03conc,conc4,agg_full@rho0.8,rep1_conc4_agg_full@rho0.8_b03conc,1,agg_full,0.8,horizon_h4,5,2,B02Utility,0.5,0.15095729013254786,1
b03conc,conc4,agg_full@rho0.8,rep1_conc4_agg_full@rho0.8_b03conc,1,agg_full,0.8,horizon_h4,5,3,B02Utility,0.6,0.5218458517427589,1
b03conc,conc4,agg_full@rho0.8,rep1_conc4_agg_full@rho0.8_b03conc,1,agg_full,0.8,horizon_h4,5,4,B02Utility,0.8,0.6413843888070692,1
b03conc,conc4,agg_full@rho0.8,rep1_conc4_agg_full@rho0.8_b03conc,1,agg_full,0.8,horizon_h4,5,5,B02Utility,1.0,1.0,1
b03conc,conc4,agg_full@rho0.8,rep1_conc4_agg_full@rho0.8_b03conc,1,agg_full,0.8,horizon_h4,5,0,Oracle,0.1,0.37088856161021105,1
b03conc,conc4,agg_full@rho0.8,rep1_conc4_agg_full@rho0.8_b03conc,1,agg_full,0.8,horizon_h4,5,1,Oracle,0.2,0.37088856161021105,1
b03conc,conc4,agg_full@rho0.8,rep1_conc4_agg_full@rho0.8_b03conc,1,agg_full,0.8,horizon_h4,5,2,Oracle,0.3,0.7295041728031418,1
b03conc,conc4,agg_full@rho0.8,rep1_conc4_agg_full@rho0.8_b03conc,1,agg_full,0.8,horizon_h4,5,2,Oracle,0.4,0.7295041728031418,1
b03conc,conc4,agg_full@rho0.8,rep1_conc4_agg_full@rho0.8_b03conc,1,agg_full,0.8,horizon_h4,5,2,Oracle,0.5,0.7295041728031418,1
b03conc,conc4,agg_full@rho0.8,rep1_conc4_agg_full@rho0.8_b03conc,1,agg_full,0.8,horizon_h4,5,3,Oracle,0.6,0.849042709867452,1
b03conc,conc4,agg_full@rho0.8,rep1_conc4_agg_full@rho0.8_b03conc,1,agg_full,0.8,horizon_h4,5,4,Oracle,0.8,0.9685812469317624,1
b03conc,conc4,agg_full@rho0.8,rep1_conc4_agg_full@rho0.8_b03conc,1,agg_full,0.8,horizon_h4,5,5,Oracle,1.0,1.0,1
b03conc,conc8,agg_full@rho0.8,rep0_conc8_agg_full@rho0.8_b03conc,0,agg_full,0.8,next_use,23,2,Random,0.1,0.09578861788617886,20
b03conc,conc8,agg_full@rho0.8,rep0_conc8_agg_full@rho0.8_b03conc,0,agg_full,0.8,next_use,23,5,Random,0.2,0.21827642276422765,20
b03conc,conc8,agg_full@rho0.8,rep0_conc8_agg_full@rho0.8_b03conc,0,agg_full,0.8,next_use,23,7,Random,0.3,0.27452032520325204,20
b03conc,conc8,agg_full@rho0.8,rep0_conc8_agg_full@rho0.8_b03conc,0,agg_full,0.8,next_use,23,9,Random,0.4,0.3603577235772358,20
b03conc,conc8,agg_full@rho0.8,rep0_conc8_agg_full@rho0.8_b03conc,0,agg_full,0.8,next_use,23,12,Random,0.5,0.4494959349593496,20
b03conc,conc8,agg_full@rho0.8,rep0_conc8_agg_full@rho0.8_b03conc,0,agg_full,0.8,next_use,23,14,Random,0.6,0.5415772357723577,20
b03conc,conc8,agg_full@rho0.8,rep0_conc8_agg_full@rho0.8_b03conc,0,agg_full,0.8,next_use,23,18,Random,0.8,0.73,20
b03conc,conc8,agg_full@rho0.8,rep0_conc8_agg_full@rho0.8_b03conc,0,agg_full,0.8,next_use,23,23,Random,1.0,1.0,20
b03conc,conc8,agg_full@rho0.8,rep0_conc8_agg_full@rho0.8_b03conc,0,agg_full,0.8,next_use,23,2,Freshness,0.1,0.0,1
b03conc,conc8,agg_full@rho0.8,rep0_conc8_agg_full@rho0.8_b03conc,0,agg_full,0.8,next_use,23,5,Freshness,0.2,0.1583739837398374,1
b03conc,conc8,agg_full@rho0.8,rep0_conc8_agg_full@rho0.8_b03conc,0,agg_full,0.8,next_use,23,7,Freshness,0.3,0.3167479674796748,1
b03conc,conc8,agg_full@rho0.8,rep0_conc8_agg_full@rho0.8_b03conc,0,agg_full,0.8,next_use,23,9,Freshness,0.4,0.4669918699186992,1
b03conc,conc8,agg_full@rho0.8,rep0_conc8_agg_full@rho0.8_b03conc,0,agg_full,0.8,next_use,23,12,Freshness,0.5,0.791869918699187,1
b03conc,conc8,agg_full@rho0.8,rep0_conc8_agg_full@rho0.8_b03conc,0,agg_full,0.8,next_use,23,14,Freshness,0.6,0.791869918699187,1
b03conc,conc8,agg_full@rho0.8,rep0_conc8_agg_full@rho0.8_b03conc,0,agg_full,0.8,next_use,23,18,Freshness,0.8,0.8751219512195122,1
b03conc,conc8,agg_full@rho0.8,rep0_conc8_agg_full@rho0.8_b03conc,0,agg_full,0.8,next_use,23,23,Freshness,1.0,1.0,1
b03conc,conc8,agg_full@rho0.8,rep0_conc8_agg_full@rho0.8_b03conc,0,agg_full,0.8,next_use,23,2,CoverageDelta,0.1,0.0416260162601626,1
b03conc,conc8,agg_full@rho0.8,rep0_conc8_agg_full@rho0.8_b03conc,0,agg_full,0.8,next_use,23,5,CoverageDelta,0.2,0.0832520325203252,1
b03conc,conc8,agg_full@rho0.8,rep0_conc8_agg_full@rho0.8_b03conc,0,agg_full,0.8,next_use,23,7,CoverageDelta,0.3,0.0832520325203252,1
b03conc,conc8,agg_full@rho0.8,rep0_conc8_agg_full@rho0.8_b03conc,0,agg_full,0.8,next_use,23,9,CoverageDelta,0.4,0.24162601626016258,1
b03conc,conc8,agg_full@rho0.8,rep0_conc8_agg_full@rho0.8_b03conc,0,agg_full,0.8,next_use,23,12,CoverageDelta,0.5,0.5502439024390244,1
b03conc,conc8,agg_full@rho0.8,rep0_conc8_agg_full@rho0.8_b03conc,0,agg_full,0.8,next_use,23,14,CoverageDelta,0.6,0.7086178861788618,1
b03conc,conc8,agg_full@rho0.8,rep0_conc8_agg_full@rho0.8_b03conc,0,agg_full,0.8,next_use,23,18,CoverageDelta,0.8,0.8751219512195122,1
b03conc,conc8,agg_full@rho0.8,rep0_conc8_agg_full@rho0.8_b03conc,0,agg_full,0.8,next_use,23,23,CoverageDelta,1.0,1.0,1
b03conc,conc8,agg_full@rho0.8,rep0_conc8_agg_full@rho0.8_b03conc,0,agg_full,0.8,next_use,23,2,CoverageAdvantage,0.1,0.0416260162601626,1
b03conc,conc8,agg_full@rho0.8,rep0_conc8_agg_full@rho0.8_b03conc,0,agg_full,0.8,next_use,23,5,CoverageAdvantage,0.2,0.0832520325203252,1
b03conc,conc8,agg_full@rho0.8,rep0_conc8_agg_full@rho0.8_b03conc,0,agg_full,0.8,next_use,23,7,CoverageAdvantage,0.3,0.0832520325203252,1
b03conc,conc8,agg_full@rho0.8,rep0_conc8_agg_full@rho0.8_b03conc,0,agg_full,0.8,next_use,23,9,CoverageAdvantage,0.4,0.24162601626016258,1
b03conc,conc8,agg_full@rho0.8,rep0_conc8_agg_full@rho0.8_b03conc,0,agg_full,0.8,next_use,23,12,CoverageAdvantage,0.5,0.5502439024390244,1
b03conc,conc8,agg_full@rho0.8,rep0_conc8_agg_full@rho0.8_b03conc,0,agg_full,0.8,next_use,23,14,CoverageAdvantage,0.6,0.7086178861788618,1
b03conc,conc8,agg_full@rho0.8,rep0_conc8_agg_full@rho0.8_b03conc,0,agg_full,0.8,next_use,23,18,CoverageAdvantage,0.8,0.8751219512195122,1
b03conc,conc8,agg_full@rho0.8,rep0_conc8_agg_full@rho0.8_b03conc,0,agg_full,0.8,next_use,23,23,CoverageAdvantage,1.0,1.0,1
b03conc,conc8,agg_full@rho0.8,rep0_conc8_agg_full@rho0.8_b03conc,0,agg_full,0.8,next_use,23,2,SimpleCoverageLoad,0.1,0.0416260162601626,1
b03conc,conc8,agg_full@rho0.8,rep0_conc8_agg_full@rho0.8_b03conc,0,agg_full,0.8,next_use,23,5,SimpleCoverageLoad,0.2,0.0832520325203252,1
b03conc,conc8,agg_full@rho0.8,rep0_conc8_agg_full@rho0.8_b03conc,0,agg_full,0.8,next_use,23,7,SimpleCoverageLoad,0.3,0.0832520325203252,1
b03conc,conc8,agg_full@rho0.8,rep0_conc8_agg_full@rho0.8_b03conc,0,agg_full,0.8,next_use,23,9,SimpleCoverageLoad,0.4,0.24162601626016258,1
b03conc,conc8,agg_full@rho0.8,rep0_conc8_agg_full@rho0.8_b03conc,0,agg_full,0.8,next_use,23,12,SimpleCoverageLoad,0.5,0.5502439024390244,1
b03conc,conc8,agg_full@rho0.8,rep0_conc8_agg_full@rho0.8_b03conc,0,agg_full,0.8,next_use,23,14,SimpleCoverageLoad,0.6,0.7086178861788618,1
b03conc,conc8,agg_full@rho0.8,rep0_conc8_agg_full@rho0.8_b03conc,0,agg_full,0.8,next_use,23,18,SimpleCoverageLoad,0.8,0.8751219512195122,1
b03conc,conc8,agg_full@rho0.8,rep0_conc8_agg_full@rho0.8_b03conc,0,agg_full,0.8,next_use,23,23,SimpleCoverageLoad,1.0,1.0,1
b03conc,conc8,agg_full@rho0.8,rep0_conc8_agg_full@rho0.8_b03conc,0,agg_full,0.8,next_use,23,2,DecisionAware,0.1,0.0416260162601626,1
b03conc,conc8,agg_full@rho0.8,rep0_conc8_agg_full@rho0.8_b03conc,0,agg_full,0.8,next_use,23,5,DecisionAware,0.2,0.0832520325203252,1
b03conc,conc8,agg_full@rho0.8,rep0_conc8_agg_full@rho0.8_b03conc,0,agg_full,0.8,next_use,23,7,DecisionAware,0.3,0.0832520325203252,1
b03conc,conc8,agg_full@rho0.8,rep0_conc8_agg_full@rho0.8_b03conc,0,agg_full,0.8,next_use,23,9,DecisionAware,0.4,0.24162601626016258,1
b03conc,conc8,agg_full@rho0.8,rep0_conc8_agg_full@rho0.8_b03conc,0,agg_full,0.8,next_use,23,12,DecisionAware,0.5,0.5502439024390244,1
b03conc,conc8,agg_full@rho0.8,rep0_conc8_agg_full@rho0.8_b03conc,0,agg_full,0.8,next_use,23,14,DecisionAware,0.6,0.7086178861788618,1
b03conc,conc8,agg_full@rho0.8,rep0_conc8_agg_full@rho0.8_b03conc,0,agg_full,0.8,next_use,23,18,DecisionAware,0.8,0.8751219512195122,1
b03conc,conc8,agg_full@rho0.8,rep0_conc8_agg_full@rho0.8_b03conc,0,agg_full,0.8,next_use,23,23,DecisionAware,1.0,1.0,1
b03conc,conc8,agg_full@rho0.8,rep0_conc8_agg_full@rho0.8_b03conc,0,agg_full,0.8,next_use,23,2,B02Utility,0.1,0.0416260162601626,1
b03conc,conc8,agg_full@rho0.8,rep0_conc8_agg_full@rho0.8_b03conc,0,agg_full,0.8,next_use,23,5,B02Utility,0.2,0.0416260162601626,1
b03conc,conc8,agg_full@rho0.8,rep0_conc8_agg_full@rho0.8_b03conc,0,agg_full,0.8,next_use,23,7,B02Utility,0.3,0.0416260162601626,1
b03conc,conc8,agg_full@rho0.8,rep0_conc8_agg_full@rho0.8_b03conc,0,agg_full,0.8,next_use,23,9,B02Utility,0.4,0.2,1
b03conc,conc8,agg_full@rho0.8,rep0_conc8_agg_full@rho0.8_b03conc,0,agg_full,0.8,next_use,23,12,B02Utility,0.5,0.5502439024390244,1
b03conc,conc8,agg_full@rho0.8,rep0_conc8_agg_full@rho0.8_b03conc,0,agg_full,0.8,next_use,23,14,B02Utility,0.6,0.5918699186991869,1
b03conc,conc8,agg_full@rho0.8,rep0_conc8_agg_full@rho0.8_b03conc,0,agg_full,0.8,next_use,23,18,B02Utility,0.8,0.6334959349593496,1
b03conc,conc8,agg_full@rho0.8,rep0_conc8_agg_full@rho0.8_b03conc,0,agg_full,0.8,next_use,23,23,B02Utility,1.0,1.0,1
b03conc,conc8,agg_full@rho0.8,rep0_conc8_agg_full@rho0.8_b03conc,0,agg_full,0.8,next_use,23,2,Oracle,0.1,0.3248780487804878,1
b03conc,conc8,agg_full@rho0.8,rep0_conc8_agg_full@rho0.8_b03conc,0,agg_full,0.8,next_use,23,5,Oracle,0.2,0.791869918699187,1
b03conc,conc8,agg_full@rho0.8,rep0_conc8_agg_full@rho0.8_b03conc,0,agg_full,0.8,next_use,23,7,Oracle,0.3,0.8751219512195122,1
b03conc,conc8,agg_full@rho0.8,rep0_conc8_agg_full@rho0.8_b03conc,0,agg_full,0.8,next_use,23,9,Oracle,0.4,0.9583739837398374,1
b03conc,conc8,agg_full@rho0.8,rep0_conc8_agg_full@rho0.8_b03conc,0,agg_full,0.8,next_use,23,12,Oracle,0.5,1.0,1
b03conc,conc8,agg_full@rho0.8,rep0_conc8_agg_full@rho0.8_b03conc,0,agg_full,0.8,next_use,23,14,Oracle,0.6,1.0,1
b03conc,conc8,agg_full@rho0.8,rep0_conc8_agg_full@rho0.8_b03conc,0,agg_full,0.8,next_use,23,18,Oracle,0.8,1.0,1
b03conc,conc8,agg_full@rho0.8,rep0_conc8_agg_full@rho0.8_b03conc,0,agg_full,0.8,next_use,23,23,Oracle,1.0,1.0,1
b03conc,conc8,agg_full@rho0.8,rep0_conc8_agg_full@rho0.8_b03conc,0,agg_full,0.8,horizon_h4,23,2,Random,0.1,0.17111111111111113,20
b03conc,conc8,agg_full@rho0.8,rep0_conc8_agg_full@rho0.8_b03conc,0,agg_full,0.8,horizon_h4,23,5,Random,0.2,0.30165311653116533,20
b03conc,conc8,agg_full@rho0.8,rep0_conc8_agg_full@rho0.8_b03conc,0,agg_full,0.8,horizon_h4,23,7,Random,0.3,0.35512195121951223,20
b03conc,conc8,agg_full@rho0.8,rep0_conc8_agg_full@rho0.8_b03conc,0,agg_full,0.8,horizon_h4,23,9,Random,0.4,0.41624661246612465,20
b03conc,conc8,agg_full@rho0.8,rep0_conc8_agg_full@rho0.8_b03conc,0,agg_full,0.8,horizon_h4,23,12,Random,0.5,0.508929539295393,20
b03conc,conc8,agg_full@rho0.8,rep0_conc8_agg_full@rho0.8_b03conc,0,agg_full,0.8,horizon_h4,23,14,Random,0.6,0.6005962059620596,20
b03conc,conc8,agg_full@rho0.8,rep0_conc8_agg_full@rho0.8_b03conc,0,agg_full,0.8,horizon_h4,23,18,Random,0.8,0.7451355013550136,20
b03conc,conc8,agg_full@rho0.8,rep0_conc8_agg_full@rho0.8_b03conc,0,agg_full,0.8,horizon_h4,23,23,Random,1.0,1.0,20
b03conc,conc8,agg_full@rho0.8,rep0_conc8_agg_full@rho0.8_b03conc,0,agg_full,0.8,horizon_h4,23,2,Freshness,0.1,0.0,1
b03conc,conc8,agg_full@rho0.8,rep0_conc8_agg_full@rho0.8_b03conc,0,agg_full,0.8,horizon_h4,23,5,Freshness,0.2,0.13197831978319785,1
b03conc,conc8,agg_full@rho0.8,rep0_conc8_agg_full@rho0.8_b03conc,0,agg_full,0.8,horizon_h4,23,7,Freshness,0.3,0.2639566395663957,1
b03conc,conc8,agg_full@rho0.8,rep0_conc8_agg_full@rho0.8_b03conc,0,agg_full,0.8,horizon_h4,23,9,Freshness,0.4,0.389159891598916,1
b03conc,conc8,agg_full@rho0.8,rep0_conc8_agg_full@rho0.8_b03conc,0,agg_full,0.8,horizon_h4,23,12,Freshness,0.5,0.9306233062330624,1
b03conc,conc8,agg_full@rho0.8,rep0_conc8_agg_full@rho0.8_b03conc,0,agg_full,0.8,horizon_h4,23,14,Freshness,0.6,0.9306233062330624,1
b03conc,conc8,agg_full@rho0.8,rep0_conc8_agg_full@rho0.8_b03conc,0,agg_full,0.8,horizon_h4,23,18,Freshness,0.8,1.0,1
b03conc,conc8,agg_full@rho0.8,rep0_conc8_agg_full@rho0.8_b03conc,0,agg_full,0.8,horizon_h4,23,23,Freshness,1.0,1.0,1
b03conc,conc8,agg_full@rho0.8,rep0_conc8_agg_full@rho0.8_b03conc,0,agg_full,0.8,horizon_h4,23,2,CoverageDelta,0.1,0.034688346883468835,1
b03conc,conc8,agg_full@rho0.8,rep0_conc8_agg_full@rho0.8_b03conc,0,agg_full,0.8,horizon_h4,23,5,CoverageDelta,0.2,0.06937669376693767,1
b03conc,conc8,agg_full@rho0.8,rep0_conc8_agg_full@rho0.8_b03conc,0,agg_full,0.8,horizon_h4,23,7,CoverageDelta,0.3,0.06937669376693767,1
b03conc,conc8,agg_full@rho0.8,rep0_conc8_agg_full@rho0.8_b03conc,0,agg_full,0.8,horizon_h4,23,9,CoverageDelta,0.4,0.2013550135501355,1
b03conc,conc8,agg_full@rho0.8,rep0_conc8_agg_full@rho0.8_b03conc,0,agg_full,0.8,horizon_h4,23,12,CoverageDelta,0.5,0.45853658536585373,1
b03conc,conc8,agg_full@rho0.8,rep0_conc8_agg_full@rho0.8_b03conc,0,agg_full,0.8,horizon_h4,23,14,CoverageDelta,0.6,0.5905149051490515,1
b03conc,conc8,agg_full@rho0.8,rep0_conc8_agg_full@rho0.8_b03conc,0,agg_full,0.8,horizon_h4,23,18,CoverageDelta,0.8,1.0,1
b03conc,conc8,agg_full@rho0.8,rep0_conc8_agg_full@rho0.8_b03conc,0,agg_full,0.8,horizon_h4,23,23,CoverageDelta,1.0,1.0,1
b03conc,conc8,agg_full@rho0.8,rep0_conc8_agg_full@rho0.8_b03conc,0,agg_full,0.8,horizon_h4,23,2,CoverageAdvantage,0.1,0.034688346883468835,1
b03conc,conc8,agg_full@rho0.8,rep0_conc8_agg_full@rho0.8_b03conc,0,agg_full,0.8,horizon_h4,23,5,CoverageAdvantage,0.2,0.06937669376693767,1
b03conc,conc8,agg_full@rho0.8,rep0_conc8_agg_full@rho0.8_b03conc,0,agg_full,0.8,horizon_h4,23,7,CoverageAdvantage,0.3,0.06937669376693767,1
b03conc,conc8,agg_full@rho0.8,rep0_conc8_agg_full@rho0.8_b03conc,0,agg_full,0.8,horizon_h4,23,9,CoverageAdvantage,0.4,0.2013550135501355,1
b03conc,conc8,agg_full@rho0.8,rep0_conc8_agg_full@rho0.8_b03conc,0,agg_full,0.8,horizon_h4,23,12,CoverageAdvantage,0.5,0.45853658536585373,1
b03conc,conc8,agg_full@rho0.8,rep0_conc8_agg_full@rho0.8_b03conc,0,agg_full,0.8,horizon_h4,23,14,CoverageAdvantage,0.6,0.5905149051490515,1
b03conc,conc8,agg_full@rho0.8,rep0_conc8_agg_full@rho0.8_b03conc,0,agg_full,0.8,horizon_h4,23,18,CoverageAdvantage,0.8,1.0,1
b03conc,conc8,agg_full@rho0.8,rep0_conc8_agg_full@rho0.8_b03conc,0,agg_full,0.8,horizon_h4,23,23,CoverageAdvantage,1.0,1.0,1
b03conc,conc8,agg_full@rho0.8,rep0_conc8_agg_full@rho0.8_b03conc,0,agg_full,0.8,horizon_h4,23,2,SimpleCoverageLoad,0.1,0.034688346883468835,1
b03conc,conc8,agg_full@rho0.8,rep0_conc8_agg_full@rho0.8_b03conc,0,agg_full,0.8,horizon_h4,23,5,SimpleCoverageLoad,0.2,0.06937669376693767,1
b03conc,conc8,agg_full@rho0.8,rep0_conc8_agg_full@rho0.8_b03conc,0,agg_full,0.8,horizon_h4,23,7,SimpleCoverageLoad,0.3,0.06937669376693767,1
b03conc,conc8,agg_full@rho0.8,rep0_conc8_agg_full@rho0.8_b03conc,0,agg_full,0.8,horizon_h4,23,9,SimpleCoverageLoad,0.4,0.2013550135501355,1
b03conc,conc8,agg_full@rho0.8,rep0_conc8_agg_full@rho0.8_b03conc,0,agg_full,0.8,horizon_h4,23,12,SimpleCoverageLoad,0.5,0.45853658536585373,1
b03conc,conc8,agg_full@rho0.8,rep0_conc8_agg_full@rho0.8_b03conc,0,agg_full,0.8,horizon_h4,23,14,SimpleCoverageLoad,0.6,0.5905149051490515,1
b03conc,conc8,agg_full@rho0.8,rep0_conc8_agg_full@rho0.8_b03conc,0,agg_full,0.8,horizon_h4,23,18,SimpleCoverageLoad,0.8,1.0,1
b03conc,conc8,agg_full@rho0.8,rep0_conc8_agg_full@rho0.8_b03conc,0,agg_full,0.8,horizon_h4,23,23,SimpleCoverageLoad,1.0,1.0,1
b03conc,conc8,agg_full@rho0.8,rep0_conc8_agg_full@rho0.8_b03conc,0,agg_full,0.8,horizon_h4,23,2,DecisionAware,0.1,0.034688346883468835,1
b03conc,conc8,agg_full@rho0.8,rep0_conc8_agg_full@rho0.8_b03conc,0,agg_full,0.8,horizon_h4,23,5,DecisionAware,0.2,0.06937669376693767,1
b03conc,conc8,agg_full@rho0.8,rep0_conc8_agg_full@rho0.8_b03conc,0,agg_full,0.8,horizon_h4,23,7,DecisionAware,0.3,0.06937669376693767,1
b03conc,conc8,agg_full@rho0.8,rep0_conc8_agg_full@rho0.8_b03conc,0,agg_full,0.8,horizon_h4,23,9,DecisionAware,0.4,0.2013550135501355,1
b03conc,conc8,agg_full@rho0.8,rep0_conc8_agg_full@rho0.8_b03conc,0,agg_full,0.8,horizon_h4,23,12,DecisionAware,0.5,0.45853658536585373,1
b03conc,conc8,agg_full@rho0.8,rep0_conc8_agg_full@rho0.8_b03conc,0,agg_full,0.8,horizon_h4,23,14,DecisionAware,0.6,0.5905149051490515,1
b03conc,conc8,agg_full@rho0.8,rep0_conc8_agg_full@rho0.8_b03conc,0,agg_full,0.8,horizon_h4,23,18,DecisionAware,0.8,1.0,1
b03conc,conc8,agg_full@rho0.8,rep0_conc8_agg_full@rho0.8_b03conc,0,agg_full,0.8,horizon_h4,23,23,DecisionAware,1.0,1.0,1
b03conc,conc8,agg_full@rho0.8,rep0_conc8_agg_full@rho0.8_b03conc,0,agg_full,0.8,horizon_h4,23,2,B02Utility,0.1,0.0,1
b03conc,conc8,agg_full@rho0.8,rep0_conc8_agg_full@rho0.8_b03conc,0,agg_full,0.8,horizon_h4,23,5,B02Utility,0.2,0.0,1
b03conc,conc8,agg_full@rho0.8,rep0_conc8_agg_full@rho0.8_b03conc,0,agg_full,0.8,horizon_h4,23,7,B02Utility,0.3,0.0,1
b03conc,conc8,agg_full@rho0.8,rep0_conc8_agg_full@rho0.8_b03conc,0,agg_full,0.8,horizon_h4,23,9,B02Utility,0.4,0.13197831978319785,1
b03conc,conc8,agg_full@rho0.8,rep0_conc8_agg_full@rho0.8_b03conc,0,agg_full,0.8,horizon_h4,23,12,B02Utility,0.5,0.389159891598916,1
b03conc,conc8,agg_full@rho0.8,rep0_conc8_agg_full@rho0.8_b03conc,0,agg_full,0.8,horizon_h4,23,14,B02Utility,0.6,0.42384823848238484,1
b03conc,conc8,agg_full@rho0.8,rep0_conc8_agg_full@rho0.8_b03conc,0,agg_full,0.8,horizon_h4,23,18,B02Utility,0.8,0.45853658536585373,1
b03conc,conc8,agg_full@rho0.8,rep0_conc8_agg_full@rho0.8_b03conc,0,agg_full,0.8,horizon_h4,23,23,B02Utility,1.0,1.0,1
b03conc,conc8,agg_full@rho0.8,rep0_conc8_agg_full@rho0.8_b03conc,0,agg_full,0.8,horizon_h4,23,2,Oracle,0.1,0.5414634146341464,1
b03conc,conc8,agg_full@rho0.8,rep0_conc8_agg_full@rho0.8_b03conc,0,agg_full,0.8,horizon_h4,23,5,Oracle,0.2,0.9306233062330624,1
b03conc,conc8,agg_full@rho0.8,rep0_conc8_agg_full@rho0.8_b03conc,0,agg_full,0.8,horizon_h4,23,7,Oracle,0.3,1.0,1
b03conc,conc8,agg_full@rho0.8,rep0_conc8_agg_full@rho0.8_b03conc,0,agg_full,0.8,horizon_h4,23,9,Oracle,0.4,1.0,1
b03conc,conc8,agg_full@rho0.8,rep0_conc8_agg_full@rho0.8_b03conc,0,agg_full,0.8,horizon_h4,23,12,Oracle,0.5,1.0,1
b03conc,conc8,agg_full@rho0.8,rep0_conc8_agg_full@rho0.8_b03conc,0,agg_full,0.8,horizon_h4,23,14,Oracle,0.6,1.0,1
b03conc,conc8,agg_full@rho0.8,rep0_conc8_agg_full@rho0.8_b03conc,0,agg_full,0.8,horizon_h4,23,18,Oracle,0.8,1.0,1
b03conc,conc8,agg_full@rho0.8,rep0_conc8_agg_full@rho0.8_b03conc,0,agg_full,0.8,horizon_h4,23,23,Oracle,1.0,1.0,1
b03conc,conc8,agg_static@rho0.8,rep0_conc8_agg_static@rho0.8_b03conc,0,agg_static,0.8,next_use,15,2,Random,0.1,0.10882352941176471,20
b03conc,conc8,agg_static@rho0.8,rep0_conc8_agg_static@rho0.8_b03conc,0,agg_static,0.8,next_use,15,3,Random,0.2,0.17001378676470588,20
b03conc,conc8,agg_static@rho0.8,rep0_conc8_agg_static@rho0.8_b03conc,0,agg_static,0.8,next_use,15,4,Random,0.3,0.24411764705882352,20
b03conc,conc8,agg_static@rho0.8,rep0_conc8_agg_static@rho0.8_b03conc,0,agg_static,0.8,next_use,15,6,Random,0.4,0.37467830882352937,20
b03conc,conc8,agg_static@rho0.8,rep0_conc8_agg_static@rho0.8_b03conc,0,agg_static,0.8,next_use,15,8,Random,0.5,0.5270450367647058,20
b03conc,conc8,agg_static@rho0.8,rep0_conc8_agg_static@rho0.8_b03conc,0,agg_static,0.8,next_use,15,9,Random,0.6,0.5994255514705882,20
b03conc,conc8,agg_static@rho0.8,rep0_conc8_agg_static@rho0.8_b03conc,0,agg_static,0.8,next_use,15,12,Random,0.8,0.7947610294117646,20
b03conc,conc8,agg_static@rho0.8,rep0_conc8_agg_static@rho0.8_b03conc,0,agg_static,0.8,next_use,15,15,Random,1.0,1.0,20
b03conc,conc8,agg_static@rho0.8,rep0_conc8_agg_static@rho0.8_b03conc,0,agg_static,0.8,next_use,15,2,Freshness,0.1,0.0,1
b03conc,conc8,agg_static@rho0.8,rep0_conc8_agg_static@rho0.8_b03conc,0,agg_static,0.8,next_use,15,3,Freshness,0.2,0.0,1
b03conc,conc8,agg_static@rho0.8,rep0_conc8_agg_static@rho0.8_b03conc,0,agg_static,0.8,next_use,15,4,Freshness,0.3,0.0,1
b03conc,conc8,agg_static@rho0.8,rep0_conc8_agg_static@rho0.8_b03conc,0,agg_static,0.8,next_use,15,6,Freshness,0.4,0.23529411764705882,1
b03conc,conc8,agg_static@rho0.8,rep0_conc8_agg_static@rho0.8_b03conc,0,agg_static,0.8,next_use,15,8,Freshness,0.5,0.3056066176470588,1
b03conc,conc8,agg_static@rho0.8,rep0_conc8_agg_static@rho0.8_b03conc,0,agg_static,0.8,next_use,15,9,Freshness,0.6,0.5409007352941176,1
b03conc,conc8,agg_static@rho0.8,rep0_conc8_agg_static@rho0.8_b03conc,0,agg_static,0.8,next_use,15,12,Freshness,0.8,1.0,1
b03conc,conc8,agg_static@rho0.8,rep0_conc8_agg_static@rho0.8_b03conc,0,agg_static,0.8,next_use,15,15,Freshness,1.0,1.0,1
b03conc,conc8,agg_static@rho0.8,rep0_conc8_agg_static@rho0.8_b03conc,0,agg_static,0.8,next_use,15,2,CoverageDelta,0.1,0.0818014705882353,1
b03conc,conc8,agg_static@rho0.8,rep0_conc8_agg_static@rho0.8_b03conc,0,agg_static,0.8,next_use,15,3,CoverageDelta,0.2,0.0818014705882353,1
b03conc,conc8,agg_static@rho0.8,rep0_conc8_agg_static@rho0.8_b03conc,0,agg_static,0.8,next_use,15,4,CoverageDelta,0.3,0.0818014705882353,1
b03conc,conc8,agg_static@rho0.8,rep0_conc8_agg_static@rho0.8_b03conc,0,agg_static,0.8,next_use,15,6,CoverageDelta,0.4,0.0818014705882353,1
b03conc,conc8,agg_static@rho0.8,rep0_conc8_agg_static@rho0.8_b03conc,0,agg_static,0.8,next_use,15,8,CoverageDelta,0.5,0.3056066176470588,1
b03conc,conc8,agg_static@rho0.8,rep0_conc8_agg_static@rho0.8_b03conc,0,agg_static,0.8,next_use,15,9,CoverageDelta,0.6,0.3056066176470588,1
b03conc,conc8,agg_static@rho0.8,rep0_conc8_agg_static@rho0.8_b03conc,0,agg_static,0.8,next_use,15,12,CoverageDelta,0.8,0.7761948529411764,1
b03conc,conc8,agg_static@rho0.8,rep0_conc8_agg_static@rho0.8_b03conc,0,agg_static,0.8,next_use,15,15,CoverageDelta,1.0,1.0,1
b03conc,conc8,agg_static@rho0.8,rep0_conc8_agg_static@rho0.8_b03conc,0,agg_static,0.8,next_use,15,2,CoverageAdvantage,0.1,0.011488970588235293,1
b03conc,conc8,agg_static@rho0.8,rep0_conc8_agg_static@rho0.8_b03conc,0,agg_static,0.8,next_use,15,3,CoverageAdvantage,0.2,0.011488970588235293,1
b03conc,conc8,agg_static@rho0.8,rep0_conc8_agg_static@rho0.8_b03conc,0,agg_static,0.8,next_use,15,4,CoverageAdvantage,0.3,0.011488970588235293,1
b03conc,conc8,agg_static@rho0.8,rep0_conc8_agg_static@rho0.8_b03conc,0,agg_static,0.8,next_use,15,6,CoverageAdvantage,0.4,0.011488970588235293,1
b03conc,conc8,agg_static@rho0.8,rep0_conc8_agg_static@rho0.8_b03conc,0,agg_static,0.8,next_use,15,8,CoverageAdvantage,0.5,0.23529411764705882,1
b03conc,conc8,agg_static@rho0.8,rep0_conc8_agg_static@rho0.8_b03conc,0,agg_static,0.8,next_use,15,9,CoverageAdvantage,0.6,0.23529411764705882,1
b03conc,conc8,agg_static@rho0.8,rep0_conc8_agg_static@rho0.8_b03conc,0,agg_static,0.8,next_use,15,12,CoverageAdvantage,0.8,0.47058823529411764,1
b03conc,conc8,agg_static@rho0.8,rep0_conc8_agg_static@rho0.8_b03conc,0,agg_static,0.8,next_use,15,15,CoverageAdvantage,1.0,1.0,1
b03conc,conc8,agg_static@rho0.8,rep0_conc8_agg_static@rho0.8_b03conc,0,agg_static,0.8,next_use,15,2,SimpleCoverageLoad,0.1,0.011488970588235293,1
b03conc,conc8,agg_static@rho0.8,rep0_conc8_agg_static@rho0.8_b03conc,0,agg_static,0.8,next_use,15,3,SimpleCoverageLoad,0.2,0.011488970588235293,1
b03conc,conc8,agg_static@rho0.8,rep0_conc8_agg_static@rho0.8_b03conc,0,agg_static,0.8,next_use,15,4,SimpleCoverageLoad,0.3,0.011488970588235293,1
b03conc,conc8,agg_static@rho0.8,rep0_conc8_agg_static@rho0.8_b03conc,0,agg_static,0.8,next_use,15,6,SimpleCoverageLoad,0.4,0.011488970588235293,1
b03conc,conc8,agg_static@rho0.8,rep0_conc8_agg_static@rho0.8_b03conc,0,agg_static,0.8,next_use,15,8,SimpleCoverageLoad,0.5,0.23529411764705882,1
b03conc,conc8,agg_static@rho0.8,rep0_conc8_agg_static@rho0.8_b03conc,0,agg_static,0.8,next_use,15,9,SimpleCoverageLoad,0.6,0.23529411764705882,1
b03conc,conc8,agg_static@rho0.8,rep0_conc8_agg_static@rho0.8_b03conc,0,agg_static,0.8,next_use,15,12,SimpleCoverageLoad,0.8,0.47058823529411764,1
b03conc,conc8,agg_static@rho0.8,rep0_conc8_agg_static@rho0.8_b03conc,0,agg_static,0.8,next_use,15,15,SimpleCoverageLoad,1.0,1.0,1
b03conc,conc8,agg_static@rho0.8,rep0_conc8_agg_static@rho0.8_b03conc,0,agg_static,0.8,next_use,15,2,DecisionAware,0.1,0.011488970588235293,1
b03conc,conc8,agg_static@rho0.8,rep0_conc8_agg_static@rho0.8_b03conc,0,agg_static,0.8,next_use,15,3,DecisionAware,0.2,0.011488970588235293,1
b03conc,conc8,agg_static@rho0.8,rep0_conc8_agg_static@rho0.8_b03conc,0,agg_static,0.8,next_use,15,4,DecisionAware,0.3,0.011488970588235293,1
b03conc,conc8,agg_static@rho0.8,rep0_conc8_agg_static@rho0.8_b03conc,0,agg_static,0.8,next_use,15,6,DecisionAware,0.4,0.011488970588235293,1
b03conc,conc8,agg_static@rho0.8,rep0_conc8_agg_static@rho0.8_b03conc,0,agg_static,0.8,next_use,15,8,DecisionAware,0.5,0.011488970588235293,1
b03conc,conc8,agg_static@rho0.8,rep0_conc8_agg_static@rho0.8_b03conc,0,agg_static,0.8,next_use,15,9,DecisionAware,0.6,0.23529411764705882,1
b03conc,conc8,agg_static@rho0.8,rep0_conc8_agg_static@rho0.8_b03conc,0,agg_static,0.8,next_use,15,12,DecisionAware,0.8,0.47058823529411764,1
b03conc,conc8,agg_static@rho0.8,rep0_conc8_agg_static@rho0.8_b03conc,0,agg_static,0.8,next_use,15,15,DecisionAware,1.0,1.0,1
b03conc,conc8,agg_static@rho0.8,rep0_conc8_agg_static@rho0.8_b03conc,0,agg_static,0.8,next_use,15,2,B02Utility,0.1,0.0,1
b03conc,conc8,agg_static@rho0.8,rep0_conc8_agg_static@rho0.8_b03conc,0,agg_static,0.8,next_use,15,3,B02Utility,0.2,0.0,1
b03conc,conc8,agg_static@rho0.8,rep0_conc8_agg_static@rho0.8_b03conc,0,agg_static,0.8,next_use,15,4,B02Utility,0.3,0.0,1
b03conc,conc8,agg_static@rho0.8,rep0_conc8_agg_static@rho0.8_b03conc,0,agg_static,0.8,next_use,15,6,B02Utility,0.4,0.2238051470588235,1
b03conc,conc8,agg_static@rho0.8,rep0_conc8_agg_static@rho0.8_b03conc,0,agg_static,0.8,next_use,15,8,B02Utility,0.5,0.3056066176470588,1
b03conc,conc8,agg_static@rho0.8,rep0_conc8_agg_static@rho0.8_b03conc,0,agg_static,0.8,next_use,15,9,B02Utility,0.6,0.3056066176470588,1
b03conc,conc8,agg_static@rho0.8,rep0_conc8_agg_static@rho0.8_b03conc,0,agg_static,0.8,next_use,15,12,B02Utility,0.8,0.5409007352941176,1
b03conc,conc8,agg_static@rho0.8,rep0_conc8_agg_static@rho0.8_b03conc,0,agg_static,0.8,next_use,15,15,B02Utility,1.0,1.0,1
b03conc,conc8,agg_static@rho0.8,rep0_conc8_agg_static@rho0.8_b03conc,0,agg_static,0.8,next_use,15,2,Oracle,0.1,0.47058823529411764,1
b03conc,conc8,agg_static@rho0.8,rep0_conc8_agg_static@rho0.8_b03conc,0,agg_static,0.8,next_use,15,3,Oracle,0.2,0.6943933823529411,1
b03conc,conc8,agg_static@rho0.8,rep0_conc8_agg_static@rho0.8_b03conc,0,agg_static,0.8,next_use,15,4,Oracle,0.3,0.9181985294117646,1
b03conc,conc8,agg_static@rho0.8,rep0_conc8_agg_static@rho0.8_b03conc,0,agg_static,0.8,next_use,15,6,Oracle,0.4,1.0,1
b03conc,conc8,agg_static@rho0.8,rep0_conc8_agg_static@rho0.8_b03conc,0,agg_static,0.8,next_use,15,8,Oracle,0.5,1.0,1
b03conc,conc8,agg_static@rho0.8,rep0_conc8_agg_static@rho0.8_b03conc,0,agg_static,0.8,next_use,15,9,Oracle,0.6,1.0,1
b03conc,conc8,agg_static@rho0.8,rep0_conc8_agg_static@rho0.8_b03conc,0,agg_static,0.8,next_use,15,12,Oracle,0.8,1.0,1
b03conc,conc8,agg_static@rho0.8,rep0_conc8_agg_static@rho0.8_b03conc,0,agg_static,0.8,next_use,15,15,Oracle,1.0,1.0,1
b03conc,conc8,agg_static@rho0.8,rep0_conc8_agg_static@rho0.8_b03conc,0,agg_static,0.8,horizon_h4,15,2,Random,0.1,0.11111111111111112,20
b03conc,conc8,agg_static@rho0.8,rep0_conc8_agg_static@rho0.8_b03conc,0,agg_static,0.8,horizon_h4,15,3,Random,0.2,0.1716796875,20
b03conc,conc8,agg_static@rho0.8,rep0_conc8_agg_static@rho0.8_b03conc,0,agg_static,0.8,horizon_h4,15,4,Random,0.3,0.24722222222222223,20
b03conc,conc8,agg_static@rho0.8,rep0_conc8_agg_static@rho0.8_b03conc,0,agg_static,0.8,horizon_h4,15,6,Random,0.4,0.37886284722222224,20
b03conc,conc8,agg_static@rho0.8,rep0_conc8_agg_static@rho0.8_b03conc,0,agg_static,0.8,horizon_h4,15,8,Random,0.5,0.5283203125,20
b03conc,conc8,agg_static@rho0.8,rep0_conc8_agg_static@rho0.8_b03conc,0,agg_static,0.8,horizon_h4,15,9,Random,0.6,0.5966796875,20
b03conc,conc8,agg_static@rho0.8,rep0_conc8_agg_static@rho0.8_b03conc,0,agg_static,0.8,horizon_h4,15,12,Random,0.8,0.7894965277777778,20
b03conc,conc8,agg_static@rho0.8,rep0_conc8_agg_static@rho0.8_b03conc,0,agg_static,0.8,horizon_h4,15,15,Random,1.0,1.0,20
b03conc,conc8,agg_static@rho0.8,rep0_conc8_agg_static@rho0.8_b03conc,0,agg_static,0.8,horizon_h4,15,2,Freshness,0.1,0.0,1
b03conc,conc8,agg_static@rho0.8,rep0_conc8_agg_static@rho0.8_b03conc,0,agg_static,0.8,horizon_h4,15,3,Freshness,0.2,0.0,1
b03conc,conc8,agg_static@rho0.8,rep0_conc8_agg_static@rho0.8_b03conc,0,agg_static,0.8,horizon_h4,15,4,Freshness,0.3,0.0,1
b03conc,conc8,agg_static@rho0.8,rep0_conc8_agg_static@rho0.8_b03conc,0,agg_static,0.8,horizon_h4,15,6,Freshness,0.4,0.2777777777777778,1
b03conc,conc8,agg_static@rho0.8,rep0_conc8_agg_static@rho0.8_b03conc,0,agg_static,0.8,horizon_h4,15,8,Freshness,0.5,0.3441840277777778,1
b03conc,conc8,agg_static@rho0.8,rep0_conc8_agg_static@rho0.8_b03conc,0,agg_static,0.8,horizon_h4,15,9,Freshness,0.6,0.56640625,1
b03conc,conc8,agg_static@rho0.8,rep0_conc8_agg_static@rho0.8_b03conc,0,agg_static,0.8,horizon_h4,15,12,Freshness,0.8,1.0,1
b03conc,conc8,agg_static@rho0.8,rep0_conc8_agg_static@rho0.8_b03conc,0,agg_static,0.8,horizon_h4,15,15,Freshness,1.0,1.0,1
b03conc,conc8,agg_static@rho0.8,rep0_conc8_agg_static@rho0.8_b03conc,0,agg_static,0.8,horizon_h4,15,2,CoverageDelta,0.1,0.1328125,1
b03conc,conc8,agg_static@rho0.8,rep0_conc8_agg_static@rho0.8_b03conc,0,agg_static,0.8,horizon_h4,15,3,CoverageDelta,0.2,0.1328125,1
b03conc,conc8,agg_static@rho0.8,rep0_conc8_agg_static@rho0.8_b03conc,0,agg_static,0.8,horizon_h4,15,4,CoverageDelta,0.3,0.1328125,1
b03conc,conc8,agg_static@rho0.8,rep0_conc8_agg_static@rho0.8_b03conc,0,agg_static,0.8,horizon_h4,15,6,CoverageDelta,0.4,0.1328125,1
b03conc,conc8,agg_static@rho0.8,rep0_conc8_agg_static@rho0.8_b03conc,0,agg_static,0.8,horizon_h4,15,8,CoverageDelta,0.5,0.3441840277777778,1
b03conc,conc8,agg_static@rho0.8,rep0_conc8_agg_static@rho0.8_b03conc,0,agg_static,0.8,horizon_h4,15,9,CoverageDelta,0.6,0.3441840277777778,1
b03conc,conc8,agg_static@rho0.8,rep0_conc8_agg_static@rho0.8_b03conc,0,agg_static,0.8,horizon_h4,15,12,CoverageDelta,0.8,0.7886284722222223,1
b03conc,conc8,agg_static@rho0.8,rep0_conc8_agg_static@rho0.8_b03conc,0,agg_static,0.8,horizon_h4,15,15,CoverageDelta,1.0,1.0,1
b03conc,conc8,agg_static@rho0.8,rep0_conc8_agg_static@rho0.8_b03conc,0,agg_static,0.8,horizon_h4,15,2,CoverageAdvantage,0.1,0.06640625,1
b03conc,conc8,agg_static@rho0.8,rep0_conc8_agg_static@rho0.8_b03conc,0,agg_static,0.8,horizon_h4,15,3,CoverageAdvantage,0.2,0.06640625,1
b03conc,conc8,agg_static@rho0.8,rep0_conc8_agg_static@rho0.8_b03conc,0,agg_static,0.8,horizon_h4,15,4,CoverageAdvantage,0.3,0.06640625,1
b03conc,conc8,agg_static@rho0.8,rep0_conc8_agg_static@rho0.8_b03conc,0,agg_static,0.8,horizon_h4,15,6,CoverageAdvantage,0.4,0.06640625,1
b03conc,conc8,agg_static@rho0.8,rep0_conc8_agg_static@rho0.8_b03conc,0,agg_static,0.8,horizon_h4,15,8,CoverageAdvantage,0.5,0.2777777777777778,1
b03conc,conc8,agg_static@rho0.8,rep0_conc8_agg_static@rho0.8_b03conc,0,agg_static,0.8,horizon_h4,15,9,CoverageAdvantage,0.6,0.2777777777777778,1
b03conc,conc8,agg_static@rho0.8,rep0_conc8_agg_static@rho0.8_b03conc,0,agg_static,0.8,horizon_h4,15,12,CoverageAdvantage,0.8,0.5,1
b03conc,conc8,agg_static@rho0.8,rep0_conc8_agg_static@rho0.8_b03conc,0,agg_static,0.8,horizon_h4,15,15,CoverageAdvantage,1.0,1.0,1
b03conc,conc8,agg_static@rho0.8,rep0_conc8_agg_static@rho0.8_b03conc,0,agg_static,0.8,horizon_h4,15,2,SimpleCoverageLoad,0.1,0.06640625,1
b03conc,conc8,agg_static@rho0.8,rep0_conc8_agg_static@rho0.8_b03conc,0,agg_static,0.8,horizon_h4,15,3,SimpleCoverageLoad,0.2,0.06640625,1
b03conc,conc8,agg_static@rho0.8,rep0_conc8_agg_static@rho0.8_b03conc,0,agg_static,0.8,horizon_h4,15,4,SimpleCoverageLoad,0.3,0.06640625,1
b03conc,conc8,agg_static@rho0.8,rep0_conc8_agg_static@rho0.8_b03conc,0,agg_static,0.8,horizon_h4,15,6,SimpleCoverageLoad,0.4,0.06640625,1
b03conc,conc8,agg_static@rho0.8,rep0_conc8_agg_static@rho0.8_b03conc,0,agg_static,0.8,horizon_h4,15,8,SimpleCoverageLoad,0.5,0.2777777777777778,1
b03conc,conc8,agg_static@rho0.8,rep0_conc8_agg_static@rho0.8_b03conc,0,agg_static,0.8,horizon_h4,15,9,SimpleCoverageLoad,0.6,0.2777777777777778,1
b03conc,conc8,agg_static@rho0.8,rep0_conc8_agg_static@rho0.8_b03conc,0,agg_static,0.8,horizon_h4,15,12,SimpleCoverageLoad,0.8,0.5,1
b03conc,conc8,agg_static@rho0.8,rep0_conc8_agg_static@rho0.8_b03conc,0,agg_static,0.8,horizon_h4,15,15,SimpleCoverageLoad,1.0,1.0,1
b03conc,conc8,agg_static@rho0.8,rep0_conc8_agg_static@rho0.8_b03conc,0,agg_static,0.8,horizon_h4,15,2,DecisionAware,0.1,0.06640625,1
b03conc,conc8,agg_static@rho0.8,rep0_conc8_agg_static@rho0.8_b03conc,0,agg_static,0.8,horizon_h4,15,3,DecisionAware,0.2,0.06640625,1
b03conc,conc8,agg_static@rho0.8,rep0_conc8_agg_static@rho0.8_b03conc,0,agg_static,0.8,horizon_h4,15,4,DecisionAware,0.3,0.06640625,1
b03conc,conc8,agg_static@rho0.8,rep0_conc8_agg_static@rho0.8_b03conc,0,agg_static,0.8,horizon_h4,15,6,DecisionAware,0.4,0.06640625,1
b03conc,conc8,agg_static@rho0.8,rep0_conc8_agg_static@rho0.8_b03conc,0,agg_static,0.8,horizon_h4,15,8,DecisionAware,0.5,0.06640625,1
b03conc,conc8,agg_static@rho0.8,rep0_conc8_agg_static@rho0.8_b03conc,0,agg_static,0.8,horizon_h4,15,9,DecisionAware,0.6,0.2777777777777778,1
b03conc,conc8,agg_static@rho0.8,rep0_conc8_agg_static@rho0.8_b03conc,0,agg_static,0.8,horizon_h4,15,12,DecisionAware,0.8,0.5,1
b03conc,conc8,agg_static@rho0.8,rep0_conc8_agg_static@rho0.8_b03conc,0,agg_static,0.8,horizon_h4,15,15,DecisionAware,1.0,1.0,1
b03conc,conc8,agg_static@rho0.8,rep0_conc8_agg_static@rho0.8_b03conc,0,agg_static,0.8,horizon_h4,15,2,B02Utility,0.1,0.0,1
b03conc,conc8,agg_static@rho0.8,rep0_conc8_agg_static@rho0.8_b03conc,0,agg_static,0.8,horizon_h4,15,3,B02Utility,0.2,0.0,1
b03conc,conc8,agg_static@rho0.8,rep0_conc8_agg_static@rho0.8_b03conc,0,agg_static,0.8,horizon_h4,15,4,B02Utility,0.3,0.0,1
b03conc,conc8,agg_static@rho0.8,rep0_conc8_agg_static@rho0.8_b03conc,0,agg_static,0.8,horizon_h4,15,6,B02Utility,0.4,0.2113715277777778,1
b03conc,conc8,agg_static@rho0.8,rep0_conc8_agg_static@rho0.8_b03conc,0,agg_static,0.8,horizon_h4,15,8,B02Utility,0.5,0.3441840277777778,1
b03conc,conc8,agg_static@rho0.8,rep0_conc8_agg_static@rho0.8_b03conc,0,agg_static,0.8,horizon_h4,15,9,B02Utility,0.6,0.3441840277777778,1
b03conc,conc8,agg_static@rho0.8,rep0_conc8_agg_static@rho0.8_b03conc,0,agg_static,0.8,horizon_h4,15,12,B02Utility,0.8,0.56640625,1
b03conc,conc8,agg_static@rho0.8,rep0_conc8_agg_static@rho0.8_b03conc,0,agg_static,0.8,horizon_h4,15,15,B02Utility,1.0,1.0,1
b03conc,conc8,agg_static@rho0.8,rep0_conc8_agg_static@rho0.8_b03conc,0,agg_static,0.8,horizon_h4,15,2,Oracle,0.1,0.4444444444444445,1
b03conc,conc8,agg_static@rho0.8,rep0_conc8_agg_static@rho0.8_b03conc,0,agg_static,0.8,horizon_h4,15,3,Oracle,0.2,0.6558159722222222,1
b03conc,conc8,agg_static@rho0.8,rep0_conc8_agg_static@rho0.8_b03conc,0,agg_static,0.8,horizon_h4,15,4,Oracle,0.3,0.8671875,1
b03conc,conc8,agg_static@rho0.8,rep0_conc8_agg_static@rho0.8_b03conc,0,agg_static,0.8,horizon_h4,15,6,Oracle,0.4,1.0,1
b03conc,conc8,agg_static@rho0.8,rep0_conc8_agg_static@rho0.8_b03conc,0,agg_static,0.8,horizon_h4,15,8,Oracle,0.5,1.0,1
b03conc,conc8,agg_static@rho0.8,rep0_conc8_agg_static@rho0.8_b03conc,0,agg_static,0.8,horizon_h4,15,9,Oracle,0.6,1.0,1
b03conc,conc8,agg_static@rho0.8,rep0_conc8_agg_static@rho0.8_b03conc,0,agg_static,0.8,horizon_h4,15,12,Oracle,0.8,1.0,1
b03conc,conc8,agg_static@rho0.8,rep0_conc8_agg_static@rho0.8_b03conc,0,agg_static,0.8,horizon_h4,15,15,Oracle,1.0,1.0,1
b03conc,conc8,agg_full@rho0.8,rep1_conc8_agg_full@rho0.8_b03conc,1,agg_full,0.8,next_use,14,1,Random,0.1,0.052296607625337735,20
b03conc,conc8,agg_full@rho0.8,rep1_conc8_agg_full@rho0.8_b03conc,1,agg_full,0.8,next_use,14,3,Random,0.2,0.20229660762533772,20
b03conc,conc8,agg_full@rho0.8,rep1_conc8_agg_full@rho0.8_b03conc,1,agg_full,0.8,next_use,14,4,Random,0.3,0.27535274692284595,20
b03conc,conc8,agg_full@rho0.8,rep1_conc8_agg_full@rho0.8_b03conc,1,agg_full,0.8,next_use,14,6,Random,0.4,0.38191233863704593,20
b03conc,conc8,agg_full@rho0.8,rep1_conc8_agg_full@rho0.8_b03conc,1,agg_full,0.8,next_use,14,7,Random,0.5,0.4611528069648754,20
b03conc,conc8,agg_full@rho0.8,rep1_conc8_agg_full@rho0.8_b03conc,1,agg_full,0.8,next_use,14,8,Random,0.6,0.5469078354848393,20
b03conc,conc8,agg_full@rho0.8,rep1_conc8_agg_full@rho0.8_b03conc,1,agg_full,0.8,next_use,14,11,Random,0.8,0.7753977784449114,20
b03conc,conc8,agg_full@rho0.8,rep1_conc8_agg_full@rho0.8_b03conc,1,agg_full,0.8,next_use,14,14,Random,1.0,1.0,20
b03conc,conc8,agg_full@rho0.8,rep1_conc8_agg_full@rho0.8_b03conc,1,agg_full,0.8,next_use,14,1,Freshness,0.1,0.0,1
b03conc,conc8,agg_full@rho0.8,rep1_conc8_agg_full@rho0.8_b03conc,1,agg_full,0.8,next_use,14,3,Freshness,0.2,0.03842689882918043,1
b03conc,conc8,agg_full@rho0.8,rep1_conc8_agg_full@rho0.8_b03conc,1,agg_full,0.8,next_use,14,4,Freshness,0.3,0.03842689882918043,1
b03conc,conc8,agg_full@rho0.8,rep1_conc8_agg_full@rho0.8_b03conc,1,agg_full,0.8,next_use,14,6,Freshness,0.4,0.21555088561993394,1
b03conc,conc8,agg_full@rho0.8,rep1_conc8_agg_full@rho0.8_b03conc,1,agg_full,0.8,next_use,14,7,Freshness,0.5,0.21555088561993394,1
b03conc,conc8,agg_full@rho0.8,rep1_conc8_agg_full@rho0.8_b03conc,1,agg_full,0.8,next_use,14,8,Freshness,0.6,0.36925848093665564,1
b03conc,conc8,agg_full@rho0.8,rep1_conc8_agg_full@rho0.8_b03conc,1,agg_full,0.8,next_use,14,11,Freshness,0.8,0.7075953167217052,1
b03conc,conc8,agg_full@rho0.8,rep1_conc8_agg_full@rho0.8_b03conc,1,agg_full,0.8,next_use,14,14,Freshness,1.0,1.0,1
b03conc,conc8,agg_full@rho0.8,rep1_conc8_agg_full@rho0.8_b03conc,1,agg_full,0.8,next_use,14,1,CoverageDelta,0.1,0.03842689882918043,1
b03conc,conc8,agg_full@rho0.8,rep1_conc8_agg_full@rho0.8_b03conc,1,agg_full,0.8,next_use,14,3,CoverageDelta,0.2,0.06934854398078655,1
b03conc,conc8,agg_full@rho0.8,rep1_conc8_agg_full@rho0.8_b03conc,1,agg_full,0.8,next_use,14,4,CoverageDelta,0.3,0.10777544280996697,1
b03conc,conc8,agg_full@rho0.8,rep1_conc8_agg_full@rho0.8_b03conc,1,agg_full,0.8,next_use,14,6,CoverageDelta,0.4,0.10777544280996697,1
b03conc,conc8,agg_full@rho0.8,rep1_conc8_agg_full@rho0.8_b03conc,1,agg_full,0.8,next_use,14,7,CoverageDelta,0.5,0.10777544280996697,1
b03conc,conc8,agg_full@rho0.8,rep1_conc8_agg_full@rho0.8_b03conc,1,agg_full,0.8,next_use,14,8,CoverageDelta,0.6,0.2539777844491144,1
b03conc,conc8,agg_full@rho0.8,rep1_conc8_agg_full@rho0.8_b03conc,1,agg_full,0.8,next_use,14,11,CoverageDelta,0.8,0.5538877214049834,1
b03conc,conc8,agg_full@rho0.8,rep1_conc8_agg_full@rho0.8_b03conc,1,agg_full,0.8,next_use,14,14,CoverageDelta,1.0,1.0,1
b03conc,conc8,agg_full@rho0.8,rep1_conc8_agg_full@rho0.8_b03conc,1,agg_full,0.8,next_use,14,1,CoverageAdvantage,0.1,0.03842689882918043,1
b03conc,conc8,agg_full@rho0.8,rep1_conc8_agg_full@rho0.8_b03conc,1,agg_full,0.8,next_use,14,3,CoverageAdvantage,0.2,0.06934854398078655,1
b03conc,conc8,agg_full@rho0.8,rep1_conc8_agg_full@rho0.8_b03conc,1,agg_full,0.8,next_use,14,4,CoverageAdvantage,0.3,0.10777544280996697,1
b03conc,conc8,agg_full@rho0.8,rep1_conc8_agg_full@rho0.8_b03conc,1,agg_full,0.8,next_use,14,6,CoverageAdvantage,0.4,0.10777544280996697,1
b03conc,conc8,agg_full@rho0.8,rep1_conc8_agg_full@rho0.8_b03conc,1,agg_full,0.8,next_use,14,7,CoverageAdvantage,0.5,0.2539777844491144,1
b03conc,conc8,agg_full@rho0.8,rep1_conc8_agg_full@rho0.8_b03conc,1,agg_full,0.8,next_use,14,8,CoverageAdvantage,0.6,0.2539777844491144,1
b03conc,conc8,agg_full@rho0.8,rep1_conc8_agg_full@rho0.8_b03conc,1,agg_full,0.8,next_use,14,11,CoverageAdvantage,0.8,0.7075953167217052,1
b03conc,conc8,agg_full@rho0.8,rep1_conc8_agg_full@rho0.8_b03conc,1,agg_full,0.8,next_use,14,14,CoverageAdvantage,1.0,1.0,1
b03conc,conc8,agg_full@rho0.8,rep1_conc8_agg_full@rho0.8_b03conc,1,agg_full,0.8,next_use,14,1,SimpleCoverageLoad,0.1,0.03842689882918043,1
b03conc,conc8,agg_full@rho0.8,rep1_conc8_agg_full@rho0.8_b03conc,1,agg_full,0.8,next_use,14,3,SimpleCoverageLoad,0.2,0.06934854398078655,1
b03conc,conc8,agg_full@rho0.8,rep1_conc8_agg_full@rho0.8_b03conc,1,agg_full,0.8,next_use,14,4,SimpleCoverageLoad,0.3,0.10777544280996697,1
b03conc,conc8,agg_full@rho0.8,rep1_conc8_agg_full@rho0.8_b03conc,1,agg_full,0.8,next_use,14,6,SimpleCoverageLoad,0.4,0.10777544280996697,1
b03conc,conc8,agg_full@rho0.8,rep1_conc8_agg_full@rho0.8_b03conc,1,agg_full,0.8,next_use,14,7,SimpleCoverageLoad,0.5,0.2539777844491144,1
b03conc,conc8,agg_full@rho0.8,rep1_conc8_agg_full@rho0.8_b03conc,1,agg_full,0.8,next_use,14,8,SimpleCoverageLoad,0.6,0.2539777844491144,1
b03conc,conc8,agg_full@rho0.8,rep1_conc8_agg_full@rho0.8_b03conc,1,agg_full,0.8,next_use,14,11,SimpleCoverageLoad,0.8,0.7075953167217052,1
b03conc,conc8,agg_full@rho0.8,rep1_conc8_agg_full@rho0.8_b03conc,1,agg_full,0.8,next_use,14,14,SimpleCoverageLoad,1.0,1.0,1
b03conc,conc8,agg_full@rho0.8,rep1_conc8_agg_full@rho0.8_b03conc,1,agg_full,0.8,next_use,14,1,DecisionAware,0.1,0.03842689882918043,1
b03conc,conc8,agg_full@rho0.8,rep1_conc8_agg_full@rho0.8_b03conc,1,agg_full,0.8,next_use,14,3,DecisionAware,0.2,0.06934854398078655,1
b03conc,conc8,agg_full@rho0.8,rep1_conc8_agg_full@rho0.8_b03conc,1,agg_full,0.8,next_use,14,4,DecisionAware,0.3,0.10777544280996697,1
b03conc,conc8,agg_full@rho0.8,rep1_conc8_agg_full@rho0.8_b03conc,1,agg_full,0.8,next_use,14,6,DecisionAware,0.4,0.10777544280996697,1
b03conc,conc8,agg_full@rho0.8,rep1_conc8_agg_full@rho0.8_b03conc,1,agg_full,0.8,next_use,14,7,DecisionAware,0.5,0.2539777844491144,1
b03conc,conc8,agg_full@rho0.8,rep1_conc8_agg_full@rho0.8_b03conc,1,agg_full,0.8,next_use,14,8,DecisionAware,0.6,0.2539777844491144,1
b03conc,conc8,agg_full@rho0.8,rep1_conc8_agg_full@rho0.8_b03conc,1,agg_full,0.8,next_use,14,11,DecisionAware,0.8,0.7075953167217052,1
b03conc,conc8,agg_full@rho0.8,rep1_conc8_agg_full@rho0.8_b03conc,1,agg_full,0.8,next_use,14,14,DecisionAware,1.0,1.0,1
b03conc,conc8,agg_full@rho0.8,rep1_conc8_agg_full@rho0.8_b03conc,1,agg_full,0.8,next_use,14,1,B02Utility,0.1,0.03842689882918043,1
b03conc,conc8,agg_full@rho0.8,rep1_conc8_agg_full@rho0.8_b03conc,1,agg_full,0.8,next_use,14,3,B02Utility,0.2,0.03842689882918043,1
b03conc,conc8,agg_full@rho0.8,rep1_conc8_agg_full@rho0.8_b03conc,1,agg_full,0.8,next_use,14,4,B02Utility,0.3,0.03842689882918043,1
b03conc,conc8,agg_full@rho0.8,rep1_conc8_agg_full@rho0.8_b03conc,1,agg_full,0.8,next_use,14,6,B02Utility,0.4,0.07685379765836085,1
b03conc,conc8,agg_full@rho0.8,rep1_conc8_agg_full@rho0.8_b03conc,1,agg_full,0.8,next_use,14,7,B02Utility,0.5,0.07685379765836085,1
b03conc,conc8,agg_full@rho0.8,rep1_conc8_agg_full@rho0.8_b03conc,1,agg_full,0.8,next_use,14,8,B02Utility,0.6,0.23056139297508255,1
b03conc,conc8,agg_full@rho0.8,rep1_conc8_agg_full@rho0.8_b03conc,1,agg_full,0.8,next_use,14,11,B02Utility,0.8,0.676673671570099,1
b03conc,conc8,agg_full@rho0.8,rep1_conc8_agg_full@rho0.8_b03conc,1,agg_full,0.8,next_use,14,14,B02Utility,1.0,1.0,1
b03conc,conc8,agg_full@rho0.8,rep1_conc8_agg_full@rho0.8_b03conc,1,agg_full,0.8,next_use,14,1,Oracle,0.1,0.1537075953167217,1
b03conc,conc8,agg_full@rho0.8,rep1_conc8_agg_full@rho0.8_b03conc,1,agg_full,0.8,next_use,14,3,Oracle,0.2,0.4536175322725908,1
b03conc,conc8,agg_full@rho0.8,rep1_conc8_agg_full@rho0.8_b03conc,1,agg_full,0.8,next_use,14,4,Oracle,0.3,0.5998198739117382,1
b03conc,conc8,agg_full@rho0.8,rep1_conc8_agg_full@rho0.8_b03conc,1,agg_full,0.8,next_use,14,6,Oracle,0.4,0.8922245571900329,1
b03conc,conc8,agg_full@rho0.8,rep1_conc8_agg_full@rho0.8_b03conc,1,agg_full,0.8,next_use,14,7,Oracle,0.5,0.9306514560192134,1
b03conc,conc8,agg_full@rho0.8,rep1_conc8_agg_full@rho0.8_b03conc,1,agg_full,0.8,next_use,14,8,Oracle,0.6,0.9690783548483939,1
b03conc,conc8,agg_full@rho0.8,rep1_conc8_agg_full@rho0.8_b03conc,1,agg_full,0.8,next_use,14,11,Oracle,0.8,1.0,1
b03conc,conc8,agg_full@rho0.8,rep1_conc8_agg_full@rho0.8_b03conc,1,agg_full,0.8,next_use,14,14,Oracle,1.0,1.0,1
b03conc,conc8,agg_full@rho0.8,rep1_conc8_agg_full@rho0.8_b03conc,1,agg_full,0.8,horizon_h4,14,1,Random,0.1,0.066657758774274,20
b03conc,conc8,agg_full@rho0.8,rep1_conc8_agg_full@rho0.8_b03conc,1,agg_full,0.8,horizon_h4,14,3,Random,0.2,0.21187422055941563,20
b03conc,conc8,agg_full@rho0.8,rep1_conc8_agg_full@rho0.8_b03conc,1,agg_full,0.8,horizon_h4,14,4,Random,0.3,0.2951897381079636,20
b03conc,conc8,agg_full@rho0.8,rep1_conc8_agg_full@rho0.8_b03conc,1,agg_full,0.8,horizon_h4,14,6,Random,0.4,0.39638339568858005,20
b03conc,conc8,agg_full@rho0.8,rep1_conc8_agg_full@rho0.8_b03conc,1,agg_full,0.8,horizon_h4,14,7,Random,0.5,0.4712720470336718,20
b03conc,conc8,agg_full@rho0.8,rep1_conc8_agg_full@rho0.8_b03conc,1,agg_full,0.8,horizon_h4,14,8,Random,0.6,0.5669071797612685,20
b03conc,conc8,agg_full@rho0.8,rep1_conc8_agg_full@rho0.8_b03conc,1,agg_full,0.8,horizon_h4,14,11,Random,0.8,0.7822287546766434,20
b03conc,conc8,agg_full@rho0.8,rep1_conc8_agg_full@rho0.8_b03conc,1,agg_full,0.8,horizon_h4,14,14,Random,1.0,1.0,20
b03conc,conc8,agg_full@rho0.8,rep1_conc8_agg_full@rho0.8_b03conc,1,agg_full,0.8,horizon_h4,14,1,Freshness,0.1,0.0,1
b03conc,conc8,agg_full@rho0.8,rep1_conc8_agg_full@rho0.8_b03conc,1,agg_full,0.8,horizon_h4,14,3,Freshness,0.2,0.06395866737929805,1
b03conc,conc8,agg_full@rho0.8,rep1_conc8_agg_full@rho0.8_b03conc,1,agg_full,0.8,horizon_h4,14,4,Freshness,0.3,0.06395866737929805,1
b03conc,conc8,agg_full@rho0.8,rep1_conc8_agg_full@rho0.8_b03conc,1,agg_full,0.8,horizon_h4,14,6,Freshness,0.4,0.18296810974523425,1
b03conc,conc8,agg_full@rho0.8,rep1_conc8_agg_full@rho0.8_b03conc,1,agg_full,0.8,horizon_h4,14,7,Freshness,0.5,0.18296810974523425,1
b03conc,conc8,agg_full@rho0.8,rep1_conc8_agg_full@rho0.8_b03conc,1,agg_full,0.8,horizon_h4,14,8,Freshness,0.6,0.360947799750579,1
b03conc,conc8,agg_full@rho0.8,rep1_conc8_agg_full@rho0.8_b03conc,1,agg_full,0.8,horizon_h4,14,11,Freshness,0.8,0.7397113842864779,1
b03conc,conc8,agg_full@rho0.8,rep1_conc8_agg_full@rho0.8_b03conc,1,agg_full,0.8,horizon_h4,14,14,Freshness,1.0,1.0,1
b03conc,conc8,agg_full@rho0.8,rep1_conc8_agg_full@rho0.8_b03conc,1,agg_full,0.8,horizon_h4,14,1,CoverageDelta,0.1,0.06395866737929805,1
b03conc,conc8,agg_full@rho0.8,rep1_conc8_agg_full@rho0.8_b03conc,1,agg_full,0.8,horizon_h4,14,3,CoverageDelta,0.2,0.09620523784072689,1
b03conc,conc8,agg_full@rho0.8,rep1_conc8_agg_full@rho0.8_b03conc,1,agg_full,0.8,horizon_h4,14,4,CoverageDelta,0.3,0.1190094423659362,1
b03conc,conc8,agg_full@rho0.8,rep1_conc8_agg_full@rho0.8_b03conc,1,agg_full,0.8,horizon_h4,14,6,CoverageDelta,0.4,0.1190094423659362,1
b03conc,conc8,agg_full@rho0.8,rep1_conc8_agg_full@rho0.8_b03conc,1,agg_full,0.8,horizon_h4,14,7,CoverageDelta,0.5,0.1190094423659362,1
b03conc,conc8,agg_full@rho0.8,rep1_conc8_agg_full@rho0.8_b03conc,1,agg_full,0.8,horizon_h4,14,8,CoverageDelta,0.6,0.20577231427044362,1
b03conc,conc8,agg_full@rho0.8,rep1_conc8_agg_full@rho0.8_b03conc,1,agg_full,0.8,horizon_h4,14,11,CoverageDelta,0.8,0.47051487618029575,1
b03conc,conc8,agg_full@rho0.8,rep1_conc8_agg_full@rho0.8_b03conc,1,agg_full,0.8,horizon_h4,14,14,CoverageDelta,1.0,1.0,1
b03conc,conc8,agg_full@rho0.8,rep1_conc8_agg_full@rho0.8_b03conc,1,agg_full,0.8,horizon_h4,14,1,CoverageAdvantage,0.1,0.06395866737929805,1
b03conc,conc8,agg_full@rho0.8,rep1_conc8_agg_full@rho0.8_b03conc,1,agg_full,0.8,horizon_h4,14,3,CoverageAdvantage,0.2,0.09620523784072689,1
b03conc,conc8,agg_full@rho0.8,rep1_conc8_agg_full@rho0.8_b03conc,1,agg_full,0.8,horizon_h4,14,4,CoverageAdvantage,0.3,0.1190094423659362,1
b03conc,conc8,agg_full@rho0.8,rep1_conc8_agg_full@rho0.8_b03conc,1,agg_full,0.8,horizon_h4,14,6,CoverageAdvantage,0.4,0.1190094423659362,1
b03conc,conc8,agg_full@rho0.8,rep1_conc8_agg_full@rho0.8_b03conc,1,agg_full,0.8,horizon_h4,14,7,CoverageAdvantage,0.5,0.20577231427044362,1
b03conc,conc8,agg_full@rho0.8,rep1_conc8_agg_full@rho0.8_b03conc,1,agg_full,0.8,horizon_h4,14,8,CoverageAdvantage,0.6,0.20577231427044362,1
b03conc,conc8,agg_full@rho0.8,rep1_conc8_agg_full@rho0.8_b03conc,1,agg_full,0.8,horizon_h4,14,11,CoverageAdvantage,0.8,0.7397113842864779,1
b03conc,conc8,agg_full@rho0.8,rep1_conc8_agg_full@rho0.8_b03conc,1,agg_full,0.8,horizon_h4,14,14,CoverageAdvantage,1.0,1.0,1
b03conc,conc8,agg_full@rho0.8,rep1_conc8_agg_full@rho0.8_b03conc,1,agg_full,0.8,horizon_h4,14,1,SimpleCoverageLoad,0.1,0.06395866737929805,1
b03conc,conc8,agg_full@rho0.8,rep1_conc8_agg_full@rho0.8_b03conc,1,agg_full,0.8,horizon_h4,14,3,SimpleCoverageLoad,0.2,0.09620523784072689,1
b03conc,conc8,agg_full@rho0.8,rep1_conc8_agg_full@rho0.8_b03conc,1,agg_full,0.8,horizon_h4,14,4,SimpleCoverageLoad,0.3,0.1190094423659362,1
b03conc,conc8,agg_full@rho0.8,rep1_conc8_agg_full@rho0.8_b03conc,1,agg_full,0.8,horizon_h4,14,6,SimpleCoverageLoad,0.4,0.1190094423659362,1
b03conc,conc8,agg_full@rho0.8,rep1_conc8_agg_full@rho0.8_b03conc,1,agg_full,0.8,horizon_h4,14,7,SimpleCoverageLoad,0.5,0.20577231427044362,1
b03conc,conc8,agg_full@rho0.8,rep1_conc8_agg_full@rho0.8_b03conc,1,agg_full,0.8,horizon_h4,14,8,SimpleCoverageLoad,0.6,0.20577231427044362,1
b03conc,conc8,agg_full@rho0.8,rep1_conc8_agg_full@rho0.8_b03conc,1,agg_full,0.8,horizon_h4,14,11,SimpleCoverageLoad,0.8,0.7397113842864779,1
b03conc,conc8,agg_full@rho0.8,rep1_conc8_agg_full@rho0.8_b03conc,1,agg_full,0.8,horizon_h4,14,14,SimpleCoverageLoad,1.0,1.0,1
b03conc,conc8,agg_full@rho0.8,rep1_conc8_agg_full@rho0.8_b03conc,1,agg_full,0.8,horizon_h4,14,1,DecisionAware,0.1,0.06395866737929805,1
b03conc,conc8,agg_full@rho0.8,rep1_conc8_agg_full@rho0.8_b03conc,1,agg_full,0.8,horizon_h4,14,3,DecisionAware,0.2,0.09620523784072689,1
b03conc,conc8,agg_full@rho0.8,rep1_conc8_agg_full@rho0.8_b03conc,1,agg_full,0.8,horizon_h4,14,4,DecisionAware,0.3,0.1190094423659362,1
b03conc,conc8,agg_full@rho0.8,rep1_conc8_agg_full@rho0.8_b03conc,1,agg_full,0.8,horizon_h4,14,6,DecisionAware,0.4,0.1190094423659362,1
b03conc,conc8,agg_full@rho0.8,rep1_conc8_agg_full@rho0.8_b03conc,1,agg_full,0.8,horizon_h4,14,7,DecisionAware,0.5,0.20577231427044362,1
b03conc,conc8,agg_full@rho0.8,rep1_conc8_agg_full@rho0.8_b03conc,1,agg_full,0.8,horizon_h4,14,8,DecisionAware,0.6,0.20577231427044362,1
b03conc,conc8,agg_full@rho0.8,rep1_conc8_agg_full@rho0.8_b03conc,1,agg_full,0.8,horizon_h4,14,11,DecisionAware,0.8,0.7397113842864779,1
b03conc,conc8,agg_full@rho0.8,rep1_conc8_agg_full@rho0.8_b03conc,1,agg_full,0.8,horizon_h4,14,14,DecisionAware,1.0,1.0,1
b03conc,conc8,agg_full@rho0.8,rep1_conc8_agg_full@rho0.8_b03conc,1,agg_full,0.8,horizon_h4,14,1,B02Utility,0.1,0.06395866737929805,1
b03conc,conc8,agg_full@rho0.8,rep1_conc8_agg_full@rho0.8_b03conc,1,agg_full,0.8,horizon_h4,14,3,B02Utility,0.2,0.06395866737929805,1
b03conc,conc8,agg_full@rho0.8,rep1_conc8_agg_full@rho0.8_b03conc,1,agg_full,0.8,horizon_h4,14,4,B02Utility,0.3,0.06395866737929805,1
b03conc,conc8,agg_full@rho0.8,rep1_conc8_agg_full@rho0.8_b03conc,1,agg_full,0.8,horizon_h4,14,6,B02Utility,0.4,0.08676287190450739,1
b03conc,conc8,agg_full@rho0.8,rep1_conc8_agg_full@rho0.8_b03conc,1,agg_full,0.8,horizon_h4,14,7,B02Utility,0.5,0.08676287190450739,1
b03conc,conc8,agg_full@rho0.8,rep1_conc8_agg_full@rho0.8_b03conc,1,agg_full,0.8,horizon_h4,14,8,B02Utility,0.6,0.2647425619098521,1
b03conc,conc8,agg_full@rho0.8,rep1_conc8_agg_full@rho0.8_b03conc,1,agg_full,0.8,horizon_h4,14,11,B02Utility,0.8,0.707464813825049,1
b03conc,conc8,agg_full@rho0.8,rep1_conc8_agg_full@rho0.8_b03conc,1,agg_full,0.8,horizon_h4,14,14,B02Utility,1.0,1.0,1
b03conc,conc8,agg_full@rho0.8,rep1_conc8_agg_full@rho0.8_b03conc,1,agg_full,0.8,horizon_h4,14,1,Oracle,0.1,0.26919650810618206,1
b03conc,conc8,agg_full@rho0.8,rep1_conc8_agg_full@rho0.8_b03conc,1,agg_full,0.8,horizon_h4,14,3,Oracle,0.2,0.6207019419205416,1
b03conc,conc8,agg_full@rho0.8,rep1_conc8_agg_full@rho0.8_b03conc,1,agg_full,0.8,horizon_h4,14,4,Oracle,0.3,0.707464813825049,1
b03conc,conc8,agg_full@rho0.8,rep1_conc8_agg_full@rho0.8_b03conc,1,agg_full,0.8,horizon_h4,14,6,Oracle,0.4,0.8809905576340638,1
b03conc,conc8,agg_full@rho0.8,rep1_conc8_agg_full@rho0.8_b03conc,1,agg_full,0.8,horizon_h4,14,7,Oracle,0.5,0.9449492250133618,1
b03conc,conc8,agg_full@rho0.8,rep1_conc8_agg_full@rho0.8_b03conc,1,agg_full,0.8,horizon_h4,14,8,Oracle,0.6,0.9771957954747906,1
b03conc,conc8,agg_full@rho0.8,rep1_conc8_agg_full@rho0.8_b03conc,1,agg_full,0.8,horizon_h4,14,11,Oracle,0.8,1.0,1
b03conc,conc8,agg_full@rho0.8,rep1_conc8_agg_full@rho0.8_b03conc,1,agg_full,0.8,horizon_h4,14,14,Oracle,1.0,1.0,1
b03conc,conc8,agg_static@rho0.8,rep1_conc8_agg_static@rho0.8_b03conc,1,agg_static,0.8,next_use,13,1,Random,0.1,0.07268087661362954,20
b03conc,conc8,agg_static@rho0.8,rep1_conc8_agg_static@rho0.8_b03conc,1,agg_static,0.8,next_use,13,3,Random,0.2,0.2442359651756229,20
b03conc,conc8,agg_static@rho0.8,rep1_conc8_agg_static@rho0.8_b03conc,1,agg_static,0.8,next_use,13,4,Random,0.3,0.3169618733113179,20
b03conc,conc8,agg_static@rho0.8,rep1_conc8_agg_static@rho0.8_b03conc,1,agg_static,0.8,next_use,13,5,Random,0.4,0.40196637646352446,20
b03conc,conc8,agg_static@rho0.8,rep1_conc8_agg_static@rho0.8_b03conc,1,agg_static,0.8,next_use,13,6,Random,0.5,0.5096517562293605,20
b03conc,conc8,agg_static@rho0.8,rep1_conc8_agg_static@rho0.8_b03conc,1,agg_static,0.8,next_use,13,8,Random,0.6,0.605854097868508,20
b03conc,conc8,agg_static@rho0.8,rep1_conc8_agg_static@rho0.8_b03conc,1,agg_static,0.8,next_use,13,10,Random,0.8,0.7404383068147703,20
b03conc,conc8,agg_static@rho0.8,rep1_conc8_agg_static@rho0.8_b03conc,1,agg_static,0.8,next_use,13,13,Random,1.0,1.0,20
b03conc,conc8,agg_static@rho0.8,rep1_conc8_agg_static@rho0.8_b03conc,1,agg_static,0.8,next_use,13,1,Freshness,0.1,0.0,1
b03conc,conc8,agg_static@rho0.8,rep1_conc8_agg_static@rho0.8_b03conc,1,agg_static,0.8,next_use,13,3,Freshness,0.2,0.1462023416391474,1
b03conc,conc8,agg_static@rho0.8,rep1_conc8_agg_static@rho0.8_b03conc,1,agg_static,0.8,next_use,13,4,Freshness,0.3,0.18462924046832782,1
b03conc,conc8,agg_static@rho0.8,rep1_conc8_agg_static@rho0.8_b03conc,1,agg_static,0.8,next_use,13,5,Freshness,0.4,0.3308315821074752,1
b03conc,conc8,agg_static@rho0.8,rep1_conc8_agg_static@rho0.8_b03conc,1,agg_static,0.8,next_use,13,6,Freshness,0.5,0.35424797358150706,1
b03conc,conc8,agg_static@rho0.8,rep1_conc8_agg_static@rho0.8_b03conc,1,agg_static,0.8,next_use,13,8,Freshness,0.6,0.6616631642149504,1
b03conc,conc8,agg_static@rho0.8,rep1_conc8_agg_static@rho0.8_b03conc,1,agg_static,0.8,next_use,13,10,Freshness,0.8,0.8153707595316722,1
b03conc,conc8,agg_static@rho0.8,rep1_conc8_agg_static@rho0.8_b03conc,1,agg_static,0.8,next_use,13,13,Freshness,1.0,1.0,1
b03conc,conc8,agg_static@rho0.8,rep1_conc8_agg_static@rho0.8_b03conc,1,agg_static,0.8,next_use,13,1,CoverageDelta,0.1,0.03842689882918043,1
b03conc,conc8,agg_static@rho0.8,rep1_conc8_agg_static@rho0.8_b03conc,1,agg_static,0.8,next_use,13,3,CoverageDelta,0.2,0.10027018913239266,1
b03conc,conc8,agg_static@rho0.8,rep1_conc8_agg_static@rho0.8_b03conc,1,agg_static,0.8,next_use,13,4,CoverageDelta,0.3,0.10027018913239266,1
b03conc,conc8,agg_static@rho0.8,rep1_conc8_agg_static@rho0.8_b03conc,1,agg_static,0.8,next_use,13,5,CoverageDelta,0.4,0.24647253077154008,1
b03conc,conc8,agg_static@rho0.8,rep1_conc8_agg_static@rho0.8_b03conc,1,agg_static,0.8,next_use,13,6,CoverageDelta,0.5,0.24647253077154008,1
b03conc,conc8,agg_static@rho0.8,rep1_conc8_agg_static@rho0.8_b03conc,1,agg_static,0.8,next_use,13,8,CoverageDelta,0.6,0.5463824677274092,1
b03conc,conc8,agg_static@rho0.8,rep1_conc8_agg_static@rho0.8_b03conc,1,agg_static,0.8,next_use,13,10,CoverageDelta,0.8,0.7000900630441309,1
b03conc,conc8,agg_static@rho0.8,rep1_conc8_agg_static@rho0.8_b03conc,1,agg_static,0.8,next_use,13,13,CoverageDelta,1.0,1.0,1
b03conc,conc8,agg_static@rho0.8,rep1_conc8_agg_static@rho0.8_b03conc,1,agg_static,0.8,next_use,13,1,CoverageAdvantage,0.1,0.03842689882918043,1
b03conc,conc8,agg_static@rho0.8,rep1_conc8_agg_static@rho0.8_b03conc,1,agg_static,0.8,next_use,13,3,CoverageAdvantage,0.2,0.10027018913239266,1
b03conc,conc8,agg_static@rho0.8,rep1_conc8_agg_static@rho0.8_b03conc,1,agg_static,0.8,next_use,13,4,CoverageAdvantage,0.3,0.10027018913239266,1
b03conc,conc8,agg_static@rho0.8,rep1_conc8_agg_static@rho0.8_b03conc,1,agg_static,0.8,next_use,13,5,CoverageAdvantage,0.4,0.24647253077154008,1
b03conc,conc8,agg_static@rho0.8,rep1_conc8_agg_static@rho0.8_b03conc,1,agg_static,0.8,next_use,13,6,CoverageAdvantage,0.5,0.24647253077154008,1
b03conc,conc8,agg_static@rho0.8,rep1_conc8_agg_static@rho0.8_b03conc,1,agg_static,0.8,next_use,13,8,CoverageAdvantage,0.6,0.5463824677274092,1
b03conc,conc8,agg_static@rho0.8,rep1_conc8_agg_static@rho0.8_b03conc,1,agg_static,0.8,next_use,13,10,CoverageAdvantage,0.8,0.7000900630441309,1
b03conc,conc8,agg_static@rho0.8,rep1_conc8_agg_static@rho0.8_b03conc,1,agg_static,0.8,next_use,13,13,CoverageAdvantage,1.0,1.0,1
b03conc,conc8,agg_static@rho0.8,rep1_conc8_agg_static@rho0.8_b03conc,1,agg_static,0.8,next_use,13,1,SimpleCoverageLoad,0.1,0.03842689882918043,1
b03conc,conc8,agg_static@rho0.8,rep1_conc8_agg_static@rho0.8_b03conc,1,agg_static,0.8,next_use,13,3,SimpleCoverageLoad,0.2,0.10027018913239266,1
b03conc,conc8,agg_static@rho0.8,rep1_conc8_agg_static@rho0.8_b03conc,1,agg_static,0.8,next_use,13,4,SimpleCoverageLoad,0.3,0.10027018913239266,1
b03conc,conc8,agg_static@rho0.8,rep1_conc8_agg_static@rho0.8_b03conc,1,agg_static,0.8,next_use,13,5,SimpleCoverageLoad,0.4,0.24647253077154008,1
b03conc,conc8,agg_static@rho0.8,rep1_conc8_agg_static@rho0.8_b03conc,1,agg_static,0.8,next_use,13,6,SimpleCoverageLoad,0.5,0.24647253077154008,1
b03conc,conc8,agg_static@rho0.8,rep1_conc8_agg_static@rho0.8_b03conc,1,agg_static,0.8,next_use,13,8,SimpleCoverageLoad,0.6,0.5463824677274092,1
b03conc,conc8,agg_static@rho0.8,rep1_conc8_agg_static@rho0.8_b03conc,1,agg_static,0.8,next_use,13,10,SimpleCoverageLoad,0.8,0.7000900630441309,1
b03conc,conc8,agg_static@rho0.8,rep1_conc8_agg_static@rho0.8_b03conc,1,agg_static,0.8,next_use,13,13,SimpleCoverageLoad,1.0,1.0,1
b03conc,conc8,agg_static@rho0.8,rep1_conc8_agg_static@rho0.8_b03conc,1,agg_static,0.8,next_use,13,1,DecisionAware,0.1,0.03842689882918043,1
b03conc,conc8,agg_static@rho0.8,rep1_conc8_agg_static@rho0.8_b03conc,1,agg_static,0.8,next_use,13,3,DecisionAware,0.2,0.10027018913239266,1
b03conc,conc8,agg_static@rho0.8,rep1_conc8_agg_static@rho0.8_b03conc,1,agg_static,0.8,next_use,13,4,DecisionAware,0.3,0.10027018913239266,1
b03conc,conc8,agg_static@rho0.8,rep1_conc8_agg_static@rho0.8_b03conc,1,agg_static,0.8,next_use,13,5,DecisionAware,0.4,0.24647253077154008,1
b03conc,conc8,agg_static@rho0.8,rep1_conc8_agg_static@rho0.8_b03conc,1,agg_static,0.8,next_use,13,6,DecisionAware,0.5,0.24647253077154008,1
b03conc,conc8,agg_static@rho0.8,rep1_conc8_agg_static@rho0.8_b03conc,1,agg_static,0.8,next_use,13,8,DecisionAware,0.6,0.5463824677274092,1
b03conc,conc8,agg_static@rho0.8,rep1_conc8_agg_static@rho0.8_b03conc,1,agg_static,0.8,next_use,13,10,DecisionAware,0.8,0.7000900630441309,1
b03conc,conc8,agg_static@rho0.8,rep1_conc8_agg_static@rho0.8_b03conc,1,agg_static,0.8,next_use,13,13,DecisionAware,1.0,1.0,1
b03conc,conc8,agg_static@rho0.8,rep1_conc8_agg_static@rho0.8_b03conc,1,agg_static,0.8,next_use,13,1,B02Utility,0.1,0.03842689882918043,1
b03conc,conc8,agg_static@rho0.8,rep1_conc8_agg_static@rho0.8_b03conc,1,agg_static,0.8,next_use,13,3,B02Utility,0.2,0.18462924046832782,1
b03conc,conc8,agg_static@rho0.8,rep1_conc8_agg_static@rho0.8_b03conc,1,agg_static,0.8,next_use,13,4,B02Utility,0.3,0.18462924046832782,1
b03conc,conc8,agg_static@rho0.8,rep1_conc8_agg_static@rho0.8_b03conc,1,agg_static,0.8,next_use,13,5,B02Utility,0.4,0.3308315821074752,1
b03conc,conc8,agg_static@rho0.8,rep1_conc8_agg_static@rho0.8_b03conc,1,agg_static,0.8,next_use,13,6,B02Utility,0.5,0.35424797358150706,1
b03conc,conc8,agg_static@rho0.8,rep1_conc8_agg_static@rho0.8_b03conc,1,agg_static,0.8,next_use,13,8,B02Utility,0.6,0.5463824677274092,1
b03conc,conc8,agg_static@rho0.8,rep1_conc8_agg_static@rho0.8_b03conc,1,agg_static,0.8,next_use,13,10,B02Utility,0.8,0.7000900630441309,1
b03conc,conc8,agg_static@rho0.8,rep1_conc8_agg_static@rho0.8_b03conc,1,agg_static,0.8,next_use,13,13,B02Utility,1.0,1.0,1
b03conc,conc8,agg_static@rho0.8,rep1_conc8_agg_static@rho0.8_b03conc,1,agg_static,0.8,next_use,13,1,Oracle,0.1,0.1537075953167217,1
b03conc,conc8,agg_static@rho0.8,rep1_conc8_agg_static@rho0.8_b03conc,1,agg_static,0.8,next_use,13,3,Oracle,0.2,0.4611227859501651,1
b03conc,conc8,agg_static@rho0.8,rep1_conc8_agg_static@rho0.8_b03conc,1,agg_static,0.8,next_use,13,4,Oracle,0.3,0.6073251275893125,1
b03conc,conc8,agg_static@rho0.8,rep1_conc8_agg_static@rho0.8_b03conc,1,agg_static,0.8,next_use,13,5,Oracle,0.4,0.7535274692284599,1
b03conc,conc8,agg_static@rho0.8,rep1_conc8_agg_static@rho0.8_b03conc,1,agg_static,0.8,next_use,13,6,Oracle,0.5,0.8997298108676073,1
b03conc,conc8,agg_static@rho0.8,rep1_conc8_agg_static@rho0.8_b03conc,1,agg_static,0.8,next_use,13,8,Oracle,0.6,0.9765836085259681,1
b03conc,conc8,agg_static@rho0.8,rep1_conc8_agg_static@rho0.8_b03conc,1,agg_static,0.8,next_use,13,10,Oracle,0.8,1.0,1
b03conc,conc8,agg_static@rho0.8,rep1_conc8_agg_static@rho0.8_b03conc,1,agg_static,0.8,next_use,13,13,Oracle,1.0,1.0,1
b03conc,conc8,agg_static@rho0.8,rep1_conc8_agg_static@rho0.8_b03conc,1,agg_static,0.8,horizon_h4,13,1,Random,0.1,0.08234618916437098,20
b03conc,conc8,agg_static@rho0.8,rep1_conc8_agg_static@rho0.8_b03conc,1,agg_static,0.8,horizon_h4,13,3,Random,0.2,0.23530762167125802,20
b03conc,conc8,agg_static@rho0.8,rep1_conc8_agg_static@rho0.8_b03conc,1,agg_static,0.8,horizon_h4,13,4,Random,0.3,0.3104147535965718,20
b03conc,conc8,agg_static@rho0.8,rep1_conc8_agg_static@rho0.8_b03conc,1,agg_static,0.8,horizon_h4,13,5,Random,0.4,0.40453780226507496,20
b03conc,conc8,agg_static@rho0.8,rep1_conc8_agg_static@rho0.8_b03conc,1,agg_static,0.8,horizon_h4,13,6,Random,0.5,0.5164830119375574,20
b03conc,conc8,agg_static@rho0.8,rep1_conc8_agg_static@rho0.8_b03conc,1,agg_static,0.8,horizon_h4,13,8,Random,0.6,0.5974900520355065,20
b03conc,conc8,agg_static@rho0.8,rep1_conc8_agg_static@rho0.8_b03conc,1,agg_static,0.8,horizon_h4,13,10,Random,0.8,0.7396311600857055,20
b03conc,conc8,agg_static@rho0.8,rep1_conc8_agg_static@rho0.8_b03conc,1,agg_static,0.8,horizon_h4,13,13,Random,1.0,1.0,20
b03conc,conc8,agg_static@rho0.8,rep1_conc8_agg_static@rho0.8_b03conc,1,agg_static,0.8,horizon_h4,13,1,Freshness,0.1,0.0,1
b03conc,conc8,agg_static@rho0.8,rep1_conc8_agg_static@rho0.8_b03conc,1,agg_static,0.8,horizon_h4,13,3,Freshness,0.2,0.1490664217936945,1
b03conc,conc8,agg_static@rho0.8,rep1_conc8_agg_static@rho0.8_b03conc,1,agg_static,0.8,horizon_h4,13,4,Freshness,0.3,0.20400979491888582,1
b03conc,conc8,agg_static@rho0.8,rep1_conc8_agg_static@rho0.8_b03conc,1,agg_static,0.8,horizon_h4,13,5,Freshness,0.4,0.27854300581573305,1
b03conc,conc8,agg_static@rho0.8,rep1_conc8_agg_static@rho0.8_b03conc,1,agg_static,0.8,horizon_h4,13,6,Freshness,0.5,0.29048056320783594,1
b03conc,conc8,agg_static@rho0.8,rep1_conc8_agg_static@rho0.8_b03conc,1,agg_static,0.8,horizon_h4,13,8,Freshness,0.6,0.5255586164677074,1
b03conc,conc8,agg_static@rho0.8,rep1_conc8_agg_static@rho0.8_b03conc,1,agg_static,0.8,horizon_h4,13,10,Freshness,0.8,0.7568105295378023,1
b03conc,conc8,agg_static@rho0.8,rep1_conc8_agg_static@rho0.8_b03conc,1,agg_static,0.8,horizon_h4,13,13,Freshness,1.0,1.0,1
b03conc,conc8,agg_static@rho0.8,rep1_conc8_agg_static@rho0.8_b03conc,1,agg_static,0.8,horizon_h4,13,1,CoverageDelta,0.1,0.0549433731251913,1
b03conc,conc8,agg_static@rho0.8,rep1_conc8_agg_static@rho0.8_b03conc,1,agg_static,0.8,horizon_h4,13,3,CoverageDelta,0.2,0.0864707682889501,1
b03conc,conc8,agg_static@rho0.8,rep1_conc8_agg_static@rho0.8_b03conc,1,agg_static,0.8,horizon_h4,13,4,CoverageDelta,0.3,0.0864707682889501,1
b03conc,conc8,agg_static@rho0.8,rep1_conc8_agg_static@rho0.8_b03conc,1,agg_static,0.8,horizon_h4,13,5,CoverageDelta,0.4,0.23553719008264462,1
b03conc,conc8,agg_static@rho0.8,rep1_conc8_agg_static@rho0.8_b03conc,1,agg_static,0.8,horizon_h4,13,6,CoverageDelta,0.5,0.23553719008264462,1
b03conc,conc8,agg_static@rho0.8,rep1_conc8_agg_static@rho0.8_b03conc,1,agg_static,0.8,horizon_h4,13,8,CoverageDelta,0.6,0.46678910315273947,1
b03conc,conc8,agg_static@rho0.8,rep1_conc8_agg_static@rho0.8_b03conc,1,agg_static,0.8,horizon_h4,13,10,CoverageDelta,0.8,0.5451484542393633,1
b03conc,conc8,agg_static@rho0.8,rep1_conc8_agg_static@rho0.8_b03conc,1,agg_static,0.8,horizon_h4,13,13,CoverageDelta,1.0,1.0,1
b03conc,conc8,agg_static@rho0.8,rep1_conc8_agg_static@rho0.8_b03conc,1,agg_static,0.8,horizon_h4,13,1,CoverageAdvantage,0.1,0.0549433731251913,1
b03conc,conc8,agg_static@rho0.8,rep1_conc8_agg_static@rho0.8_b03conc,1,agg_static,0.8,horizon_h4,13,3,CoverageAdvantage,0.2,0.0864707682889501,1
b03conc,conc8,agg_static@rho0.8,rep1_conc8_agg_static@rho0.8_b03conc,1,agg_static,0.8,horizon_h4,13,4,CoverageAdvantage,0.3,0.0864707682889501,1
b03conc,conc8,agg_static@rho0.8,rep1_conc8_agg_static@rho0.8_b03conc,1,agg_static,0.8,horizon_h4,13,5,CoverageAdvantage,0.4,0.23553719008264462,1
b03conc,conc8,agg_static@rho0.8,rep1_conc8_agg_static@rho0.8_b03conc,1,agg_static,0.8,horizon_h4,13,6,CoverageAdvantage,0.5,0.23553719008264462,1
b03conc,conc8,agg_static@rho0.8,rep1_conc8_agg_static@rho0.8_b03conc,1,agg_static,0.8,horizon_h4,13,8,CoverageAdvantage,0.6,0.46678910315273947,1
b03conc,conc8,agg_static@rho0.8,rep1_conc8_agg_static@rho0.8_b03conc,1,agg_static,0.8,horizon_h4,13,10,CoverageAdvantage,0.8,0.5451484542393633,1
b03conc,conc8,agg_static@rho0.8,rep1_conc8_agg_static@rho0.8_b03conc,1,agg_static,0.8,horizon_h4,13,13,CoverageAdvantage,1.0,1.0,1
b03conc,conc8,agg_static@rho0.8,rep1_conc8_agg_static@rho0.8_b03conc,1,agg_static,0.8,horizon_h4,13,1,SimpleCoverageLoad,0.1,0.0549433731251913,1
b03conc,conc8,agg_static@rho0.8,rep1_conc8_agg_static@rho0.8_b03conc,1,agg_static,0.8,horizon_h4,13,3,SimpleCoverageLoad,0.2,0.0864707682889501,1
b03conc,conc8,agg_static@rho0.8,rep1_conc8_agg_static@rho0.8_b03conc,1,agg_static,0.8,horizon_h4,13,4,SimpleCoverageLoad,0.3,0.0864707682889501,1
b03conc,conc8,agg_static@rho0.8,rep1_conc8_agg_static@rho0.8_b03conc,1,agg_static,0.8,horizon_h4,13,5,SimpleCoverageLoad,0.4,0.23553719008264462,1
b03conc,conc8,agg_static@rho0.8,rep1_conc8_agg_static@rho0.8_b03conc,1,agg_static,0.8,horizon_h4,13,6,SimpleCoverageLoad,0.5,0.23553719008264462,1
b03conc,conc8,agg_static@rho0.8,rep1_conc8_agg_static@rho0.8_b03conc,1,agg_static,0.8,horizon_h4,13,8,SimpleCoverageLoad,0.6,0.46678910315273947,1
b03conc,conc8,agg_static@rho0.8,rep1_conc8_agg_static@rho0.8_b03conc,1,agg_static,0.8,horizon_h4,13,10,SimpleCoverageLoad,0.8,0.5451484542393633,1
b03conc,conc8,agg_static@rho0.8,rep1_conc8_agg_static@rho0.8_b03conc,1,agg_static,0.8,horizon_h4,13,13,SimpleCoverageLoad,1.0,1.0,1
b03conc,conc8,agg_static@rho0.8,rep1_conc8_agg_static@rho0.8_b03conc,1,agg_static,0.8,horizon_h4,13,1,DecisionAware,0.1,0.0549433731251913,1
b03conc,conc8,agg_static@rho0.8,rep1_conc8_agg_static@rho0.8_b03conc,1,agg_static,0.8,horizon_h4,13,3,DecisionAware,0.2,0.0864707682889501,1
b03conc,conc8,agg_static@rho0.8,rep1_conc8_agg_static@rho0.8_b03conc,1,agg_static,0.8,horizon_h4,13,4,DecisionAware,0.3,0.0864707682889501,1
b03conc,conc8,agg_static@rho0.8,rep1_conc8_agg_static@rho0.8_b03conc,1,agg_static,0.8,horizon_h4,13,5,DecisionAware,0.4,0.23553719008264462,1
b03conc,conc8,agg_static@rho0.8,rep1_conc8_agg_static@rho0.8_b03conc,1,agg_static,0.8,horizon_h4,13,6,DecisionAware,0.5,0.23553719008264462,1
b03conc,conc8,agg_static@rho0.8,rep1_conc8_agg_static@rho0.8_b03conc,1,agg_static,0.8,horizon_h4,13,8,DecisionAware,0.6,0.46678910315273947,1
b03conc,conc8,agg_static@rho0.8,rep1_conc8_agg_static@rho0.8_b03conc,1,agg_static,0.8,horizon_h4,13,10,DecisionAware,0.8,0.5451484542393633,1
b03conc,conc8,agg_static@rho0.8,rep1_conc8_agg_static@rho0.8_b03conc,1,agg_static,0.8,horizon_h4,13,13,DecisionAware,1.0,1.0,1
b03conc,conc8,agg_static@rho0.8,rep1_conc8_agg_static@rho0.8_b03conc,1,agg_static,0.8,horizon_h4,13,1,B02Utility,0.1,0.0549433731251913,1
b03conc,conc8,agg_static@rho0.8,rep1_conc8_agg_static@rho0.8_b03conc,1,agg_static,0.8,horizon_h4,13,3,B02Utility,0.2,0.20400979491888582,1
b03conc,conc8,agg_static@rho0.8,rep1_conc8_agg_static@rho0.8_b03conc,1,agg_static,0.8,horizon_h4,13,4,B02Utility,0.3,0.20400979491888582,1
b03conc,conc8,agg_static@rho0.8,rep1_conc8_agg_static@rho0.8_b03conc,1,agg_static,0.8,horizon_h4,13,5,B02Utility,0.4,0.27854300581573305,1
b03conc,conc8,agg_static@rho0.8,rep1_conc8_agg_static@rho0.8_b03conc,1,agg_static,0.8,horizon_h4,13,6,B02Utility,0.5,0.29048056320783594,1
b03conc,conc8,agg_static@rho0.8,rep1_conc8_agg_static@rho0.8_b03conc,1,agg_static,0.8,horizon_h4,13,8,B02Utility,0.6,0.46678910315273947,1
b03conc,conc8,agg_static@rho0.8,rep1_conc8_agg_static@rho0.8_b03conc,1,agg_static,0.8,horizon_h4,13,10,B02Utility,0.8,0.5451484542393633,1
b03conc,conc8,agg_static@rho0.8,rep1_conc8_agg_static@rho0.8_b03conc,1,agg_static,0.8,horizon_h4,13,13,B02Utility,1.0,1.0,1
b03conc,conc8,agg_static@rho0.8,rep1_conc8_agg_static@rho0.8_b03conc,1,agg_static,0.8,horizon_h4,13,1,Oracle,0.1,0.23125191307009488,1
b03conc,conc8,agg_static@rho0.8,rep1_conc8_agg_static@rho0.8_b03conc,1,agg_static,0.8,horizon_h4,13,3,Oracle,0.2,0.6115702479338843,1
b03conc,conc8,agg_static@rho0.8,rep1_conc8_agg_static@rho0.8_b03conc,1,agg_static,0.8,horizon_h4,13,4,Oracle,0.3,0.7606366697275788,1
b03conc,conc8,agg_static@rho0.8,rep1_conc8_agg_static@rho0.8_b03conc,1,agg_static,0.8,horizon_h4,13,5,Oracle,0.4,0.8389960208142025,1
b03conc,conc8,agg_static@rho0.8,rep1_conc8_agg_static@rho0.8_b03conc,1,agg_static,0.8,horizon_h4,13,6,Oracle,0.5,0.9135292317110498,1
b03conc,conc8,agg_static@rho0.8,rep1_conc8_agg_static@rho0.8_b03conc,1,agg_static,0.8,horizon_h4,13,8,Oracle,0.6,0.9880624426078971,1
b03conc,conc8,agg_static@rho0.8,rep1_conc8_agg_static@rho0.8_b03conc,1,agg_static,0.8,horizon_h4,13,10,Oracle,0.8,1.0,1
b03conc,conc8,agg_static@rho0.8,rep1_conc8_agg_static@rho0.8_b03conc,1,agg_static,0.8,horizon_h4,13,13,Oracle,1.0,1.0,1
